prefill_chunk,kv_prefill,n_decode,kv_decode,time_us
0,0,1,16,12.181
0,0,1,32,12.267
0,0,1,64,12.246
0,0,1,128,13.6963
0,0,1,256,14.5923
0,0,1,512,14.6777
0,0,1,1024,16.8217
0,0,1,2048,16.9703
0,0,1,4096,18.6667
0,0,1,8192,22.667
0,0,1,16384,28.778
0,0,2,16,12.3303
0,0,2,32,12.182
0,0,2,64,12.331
0,0,2,128,13.5363
0,0,2,256,14.4743
0,0,2,512,15.68
0,0,2,1024,16.96
0,0,2,2048,17.8453
0,0,2,4096,21.0987
0,0,2,8192,27.6377
0,0,2,16384,39.467
0,0,4,16,12.4053
0,0,4,32,12.533
0,0,4,64,12.544
0,0,4,128,13.8133
0,0,4,256,14.9553
0,0,4,512,16.128
0,0,4,1024,17.7383
0,0,4,2048,21.3543
0,0,4,4096,27.69
0,0,4,8192,39.168
0,0,4,16384,61.355
0,0,8,16,13.0773
0,0,8,32,13.109
0,0,8,64,13.259
0,0,8,128,14.3473
0,0,8,256,15.1783
0,0,8,512,18.2507
0,0,8,1024,21.8243
0,0,8,2048,27.936
0,0,8,4096,39.573
0,0,8,8192,61.76
0,0,8,16384,106.304
0,0,16,16,13.1207
0,0,16,32,13.269
0,0,16,64,13.419
0,0,16,128,14.848
0,0,16,256,17.046
0,0,16,512,23.7227
0,0,16,1024,30.155
0,0,16,2048,41.8983
0,0,16,4096,63.0083
0,0,16,8192,106.304
0,0,16,16384,194.73
0,0,32,16,13.4513
0,0,32,32,13.899
0,0,32,64,14.197
0,0,32,128,16.9603
0,0,32,256,20.501
0,0,32,512,31.1463
0,0,32,1024,42.9337
0,0,32,2048,66.1117
0,0,32,4096,109.941
0,0,32,8192,197.066
0,0,32,16384,372.202
0,0,64,16,17.376
0,0,64,32,17.8877
0,0,64,64,18.571
0,0,64,128,22.6557
0,0,64,256,28.704
0,0,64,512,43.295
0,0,64,1024,65.803
0,0,64,2048,108.107
0,0,64,4096,192.288
0,0,64,8192,364.33
0,0,64,16384,711.859
0,0,128,16,24.0853
0,0,128,32,24.363
0,0,128,64,25.7923
0,0,128,128,33.141
0,0,128,256,45.6533
0,0,128,512,71.1467
0,0,128,1024,113.845
0,0,128,2048,197.13
0,0,128,4096,367.22
0,0,128,8192,706.676
0,0,128,16384,1399.9
0,0,256,16,37.7817
0,0,256,32,38.5487
0,0,256,64,40.906
0,0,256,128,56.1177
0,0,256,256,75.2427
0,0,256,512,123.786
0,0,256,1024,211.146
0,0,256,2048,377.194
0,0,256,4096,712.468
0,0,256,8192,1394.98
0,0,256,16384,2766.14
16,0,0,0,14.1653
16,0,1,16,14.261
16,0,1,32,14.378
16,0,1,64,14.688
16,0,1,128,15.627
16,0,1,256,17.1197
16,0,1,512,17.793
16,0,1,1024,18.3783
16,0,1,2048,18.8913
16,0,1,4096,19.99
16,0,1,8192,23.446
16,0,1,16384,29.8343
16,0,2,16,14.3683
16,0,2,32,14.357
16,0,2,64,14.3257
16,0,2,128,15.6703
16,0,2,256,17.0133
16,0,2,512,18.112
16,0,2,1024,18.6553
16,0,2,2048,19.7437
16,0,2,4096,23.0713
16,0,2,8192,29.13
16,0,2,16384,42.2503
16,0,4,16,14.539
16,0,4,32,14.6987
16,0,4,64,14.4103
16,0,4,128,15.947
16,0,4,256,17.3867
16,0,4,512,18.4003
16,0,4,1024,19.467
16,0,4,2048,22.8583
16,0,4,4096,29.1203
16,0,4,8192,41.8567
16,0,4,16384,62.8477
16,0,8,16,14.304
16,0,8,32,14.4203
16,0,8,64,14.5813
16,0,8,128,16.309
16,0,8,256,17.1733
16,0,8,512,19.552
16,0,8,1024,23.712
16,0,8,2048,29.2053
16,0,8,4096,41.365
16,0,8,8192,64
16,0,8,16384,109.792
16,0,16,16,14.528
16,0,16,32,14.8697
16,0,16,64,15.0723
16,0,16,128,16.245
16,0,16,256,17.9833
16,0,16,512,24.4267
16,0,16,1024,30.7737
16,0,16,2048,43.082
16,0,16,4096,65.3233
16,0,16,8192,109.631
16,0,16,16384,197.194
16,0,32,16,15.1253
16,0,32,32,15.0293
16,0,32,64,15.6273
16,0,32,128,17.365
16,0,32,256,21.5353
16,0,32,512,32.5117
16,0,32,1024,45.7917
16,0,32,2048,68.0317
16,0,32,4096,111.637
16,0,32,8192,198.208
16,0,32,16384,372.671
16,0,64,16,19.8077
16,0,64,32,20.1383
16,0,64,64,21.0987
16,0,64,128,24.138
16,0,64,256,29.0347
16,0,64,512,46.7203
16,0,64,1024,67.573
16,0,64,2048,111.019
16,0,64,4096,195.797
16,0,64,8192,368.65
16,0,64,16384,713.62
16,0,128,16,29.3433
16,0,128,32,29.7817
16,0,128,64,30.8257
16,0,128,128,36.5657
16,0,128,256,46.4213
16,0,128,512,75.7117
16,0,128,1024,117.428
16,0,128,2048,201.823
16,0,128,4096,372.436
16,0,128,8192,708.788
16,0,128,16384,1396.17
16,16,0,0,14.5703
16,16,1,16,14.432
16,16,1,32,14.528
16,16,1,64,14.2717
16,16,1,128,15.5733
16,16,1,256,17.1627
16,16,1,512,17.429
16,16,1,1024,18.4313
16,16,1,2048,18.72
16,16,1,4096,19.9147
16,16,1,8192,23.3383
16,16,1,16384,29.5573
16,16,2,16,14.5173
16,16,2,32,14.3993
16,16,2,64,14.6237
16,16,2,128,15.798
16,16,2,256,17.0447
16,16,2,512,17.7067
16,16,2,1024,18.433
16,16,2,2048,19.8613
16,16,2,4096,22.5603
16,16,2,8192,28.5967
16,16,2,16384,42.4743
16,16,4,16,14.4533
16,16,4,32,14.4433
16,16,4,64,14.3887
16,16,4,128,15.957
16,16,4,256,17.3547
16,16,4,512,18.837
16,16,4,1024,19.4667
16,16,4,2048,22.784
16,16,4,4096,29.547
16,16,4,8192,40.842
16,16,4,16384,63.37
16,16,8,16,14.3363
16,16,8,32,14.1647
16,16,8,64,14.3363
16,16,8,128,15.8937
16,16,8,256,17.0983
16,16,8,512,19.3393
16,16,8,1024,23.637
16,16,8,2048,28.917
16,16,8,4096,41.7277
16,16,8,8192,63.1997
16,16,8,16384,109.237
16,16,16,16,14.9333
16,16,16,32,14.8483
16,16,16,64,14.635
16,16,16,128,16.5757
16,16,16,256,17.898
16,16,16,512,24.3947
16,16,16,1024,31.1577
16,16,16,2048,43.393
16,16,16,4096,65.0887
16,16,16,8192,109.771
16,16,16,16384,196.81
16,16,32,16,15.221
16,16,32,32,15.542
16,16,32,64,15.669
16,16,32,128,17.2907
16,16,32,256,20.9383
16,16,32,512,33.0873
16,16,32,1024,45.6527
16,16,32,2048,68.5437
16,16,32,4096,111.84
16,16,32,8192,198.325
16,16,32,16384,372.426
16,16,64,16,19.979
16,16,64,32,20.0213
16,16,64,64,20.768
16,16,64,128,23.7543
16,16,64,256,28.4477
16,16,64,512,45.0557
16,16,64,1024,67.5943
16,16,64,2048,110.367
16,16,64,4096,197.131
16,16,64,8192,369.024
16,16,64,16384,711.615
16,16,128,16,29.483
16,16,128,32,29.7273
16,16,128,64,31.125
16,16,128,128,36.3633
16,16,128,256,46.9653
16,16,128,512,75.083
16,16,128,1024,117.258
16,16,128,2048,202.645
16,16,128,4096,371.689
16,16,128,8192,712.435
16,16,128,16384,1394.28
16,32,0,0,14.3673
16,32,1,16,14.613
16,32,1,32,14.4533
16,32,1,64,14.4107
16,32,1,128,15.4667
16,32,1,256,17.0663
16,32,1,512,18.101
16,32,1,1024,18.6557
16,32,1,2048,18.8153
16,32,1,4096,19.7233
16,32,1,8192,23.264
16,32,1,16384,29.909
16,32,2,16,14.4643
16,32,2,32,14.5073
16,32,2,64,14.4643
16,32,2,128,15.5837
16,32,2,256,17.0667
16,32,2,512,17.867
16,32,2,1024,18.56
16,32,2,2048,19.8187
16,32,2,4096,22.5807
16,32,2,8192,28.981
16,32,2,16384,41.7923
16,32,4,16,14.4
16,32,4,32,14.485
16,32,4,64,14.3253
16,32,4,128,15.968
16,32,4,256,17.365
16,32,4,512,18.4003
16,32,4,1024,19.8613
16,32,4,2048,22.784
16,32,4,4096,28.9823
16,32,4,8192,41.0033
16,32,4,16384,63.125
16,32,8,16,14.24
16,32,8,32,14.3257
16,32,8,64,14.2503
16,32,8,128,16.2667
16,32,8,256,17.0347
16,32,8,512,19.285
16,32,8,1024,23.189
16,32,8,2048,29.29
16,32,8,4096,41.5787
16,32,8,8192,63.6587
16,32,8,16384,108.693
16,32,16,16,14.944
16,32,16,32,14.922
16,32,16,64,15.061
16,32,16,128,16.6607
16,32,16,256,17.9627
16,32,16,512,24.4377
16,32,16,1024,31.147
16,32,16,2048,43.3277
16,32,16,4096,66.2613
16,32,16,8192,109.013
16,32,16,16384,196.65
16,32,32,16,15.1253
16,32,32,32,15.445
16,32,32,64,15.584
16,32,32,128,17.1737
16,32,32,256,21.793
16,32,32,512,33.472
16,32,32,1024,45.9837
16,32,32,2048,68.1813
16,32,32,4096,111.531
16,32,32,8192,198.026
16,32,32,16384,372.629
16,32,64,16,19.957
16,32,64,32,20.128
16,32,64,64,20.9703
16,32,64,128,24.1493
16,32,64,256,28.405
16,32,64,512,45.962
16,32,64,1024,68.3307
16,32,64,2048,110.837
16,32,64,4096,195.477
16,32,64,8192,367.359
16,32,64,16384,711.998
16,32,128,16,29.429
16,32,128,32,29.749
16,32,128,64,30.8373
16,32,128,128,36.2777
16,32,128,256,46.891
16,32,128,512,75.5093
16,32,128,1024,117.482
16,32,128,2048,202.496
16,32,128,4096,370.954
16,32,128,8192,711.017
16,32,128,16384,1395.56
16,64,0,0,14.3893
16,64,1,16,14.5597
16,64,1,32,14.3687
16,64,1,64,14.379
16,64,1,128,15.6053
16,64,1,256,17.024
16,64,1,512,17.9943
16,64,1,1024,18.3257
16,64,1,2048,18.699
16,64,1,4096,19.9247
16,64,1,8192,22.9653
16,64,1,16384,30.0687
16,64,2,16,14.421
16,64,2,32,14.368
16,64,2,64,14.368
16,64,2,128,15.712
16,64,2,256,17.0347
16,64,2,512,17.856
16,64,2,1024,18.571
16,64,2,2048,19.8077
16,64,2,4096,22.7837
16,64,2,8192,29.0663
16,64,2,16384,41.749
16,64,4,16,14.3363
16,64,4,32,14.517
16,64,4,64,14.346
16,64,4,128,16.031
16,64,4,256,17.301
16,64,4,512,18.6773
16,64,4,1024,19.6797
16,64,4,2048,22.9757
16,64,4,4096,28.97
16,64,4,8192,40.5443
16,64,4,16384,62.9653
16,64,8,16,14.4643
16,64,8,32,14.2083
16,64,8,64,14.4963
16,64,8,128,15.7337
16,64,8,256,17.1843
16,64,8,512,19.477
16,64,8,1024,23.2957
16,64,8,2048,29.706
16,64,8,4096,41.5147
16,64,8,8192,64.2773
16,64,8,16384,108.16
16,64,16,16,14.9227
16,64,16,32,14.549
16,64,16,64,15.0613
16,64,16,128,16.256
16,64,16,256,17.707
16,64,16,512,24.3307
16,64,16,1024,31.072
16,64,16,2048,43.7007
16,64,16,4096,65.0023
16,64,16,8192,109.194
16,64,16,16384,195.263
16,64,32,16,15.264
16,64,32,32,15.1253
16,64,32,64,15.712
16,64,32,128,17.546
16,64,32,256,21.1627
16,64,32,512,32.8317
16,64,32,1024,45.4293
16,64,32,2048,67.232
16,64,32,4096,111.989
16,64,32,8192,199.328
16,64,32,16384,373.77
16,64,64,16,20.0853
16,64,64,32,19.9893
16,64,64,64,20.7783
16,64,64,128,24.096
16,64,64,256,28.608
16,64,64,512,45.6957
16,64,64,1024,67.616
16,64,64,2048,109.6
16,64,64,4096,196.032
16,64,64,8192,366.975
16,64,64,16384,708.34
16,64,128,16,29.333
16,64,128,32,30.0053
16,64,128,64,30.5597
16,64,128,128,36.2983
16,64,128,256,46.304
16,64,128,512,75.04
16,64,128,1024,118.229
16,64,128,2048,202.282
16,64,128,4096,372
16,64,128,8192,710.665
16,64,128,16384,1392.81
16,128,0,0,16.0217
16,128,1,16,15.8507
16,128,1,32,15.84
16,128,1,64,15.8827
16,128,1,128,15.9463
16,128,1,256,17.0447
16,128,1,512,19.659
16,128,1,1024,18.4743
16,128,1,2048,18.997
16,128,1,4096,20.266
16,128,1,8192,23.286
16,128,1,16384,29.771
16,128,2,16,15.797
16,128,2,32,15.915
16,128,2,64,15.968
16,128,2,128,16.1603
16,128,2,256,17.1417
16,128,2,512,19.8187
16,128,2,1024,18.805
16,128,2,2048,20.0963
16,128,2,4096,22.7097
16,128,2,8192,29.2693
16,128,2,16384,41.2263
16,128,4,16,15.9993
16,128,4,32,16.086
16,128,4,64,15.9997
16,128,4,128,15.99
16,128,4,256,17.141
16,128,4,512,20.6077
16,128,4,1024,19.7977
16,128,4,2048,22.8907
16,128,4,4096,29.163
16,128,4,8192,40.918
16,128,4,16384,63.2527
16,128,8,16,15.584
16,128,8,32,15.6593
16,128,8,64,15.6797
16,128,8,128,16.1067
16,128,8,256,17.2587
16,128,8,512,19.2647
16,128,8,1024,23.3917
16,128,8,2048,29.877
16,128,8,4096,41.8883
16,128,8,8192,64.16
16,128,8,16384,108.107
16,128,16,16,16.1497
16,128,16,32,16.4693
16,128,16,64,16.1393
16,128,16,128,16.5337
16,128,16,256,18.155
16,128,16,512,24.9703
16,128,16,1024,31.104
16,128,16,2048,44.2247
16,128,16,4096,65.984
16,128,16,8192,109.632
16,128,16,16384,197.013
16,128,32,16,16.6397
16,128,32,32,16.5967
16,128,32,64,16.9707
16,128,32,128,17.3227
16,128,32,256,20.8107
16,128,32,512,32.7037
16,128,32,1024,44.8317
16,128,32,2048,66.8153
16,128,32,4096,110.795
16,128,32,8192,198.089
16,128,32,16384,373.77
16,128,64,16,19.8187
16,128,64,32,20.1273
16,128,64,64,20.7893
16,128,64,128,24.3413
16,128,64,256,28.3947
16,128,64,512,46.784
16,128,64,1024,68.0107
16,128,64,2048,109.92
16,128,64,4096,196.159
16,128,64,8192,365.364
16,128,64,16384,711.359
16,128,128,16,29.4407
16,128,128,32,30.0687
16,128,128,64,30.762
16,128,128,128,36.7457
16,128,128,256,46.6347
16,128,128,512,75.082
16,128,128,1024,119.062
16,128,128,2048,201.899
16,128,128,4096,372.991
16,128,128,8192,712.041
16,128,128,16384,1396.86
16,256,0,0,17.2803
16,256,1,16,17.4297
16,256,1,32,17.206
16,256,1,64,17.376
16,256,1,128,17.4293
16,256,1,256,17.312
16,256,1,512,19.9353
16,256,1,1024,18.4003
16,256,1,2048,19.4557
16,256,1,4096,21.6853
16,256,1,8192,23.296
16,256,1,16384,30.0047
16,256,2,16,17.2807
16,256,2,32,17.323
16,256,2,64,17.2693
16,256,2,128,17.2803
16,256,2,256,17.3763
16,256,2,512,20.3197
16,256,2,1024,18.6233
16,256,2,2048,21.1203
16,256,2,4096,22.7843
16,256,2,8192,29.1197
16,256,2,16384,42.5277
16,256,4,16,17.536
16,256,4,32,17.3333
16,256,4,64,17.5573
16,256,4,128,17.3547
16,256,4,256,17.333
16,256,4,512,20.757
16,256,4,1024,21.4713
16,256,4,2048,23.3493
16,256,4,4096,29.0553
16,256,4,8192,41.4183
16,256,4,16384,63.7333
16,256,8,16,16.9493
16,256,8,32,17.1093
16,256,8,64,17.045
16,256,8,128,16.9707
16,256,8,256,17.1083
16,256,8,512,21.5467
16,256,8,1024,23.0617
16,256,8,2048,29.504
16,256,8,4096,41.9097
16,256,8,8192,63.978
16,256,8,16384,109.727
16,256,16,16,17.6637
16,256,16,32,17.4933
16,256,16,64,17.6217
16,256,16,128,17.5573
16,256,16,256,18.207
16,256,16,512,24.7157
16,256,16,1024,31.6903
16,256,16,2048,43.3387
16,256,16,4096,64.9597
16,256,16,8192,108.917
16,256,16,16384,197.269
16,256,32,16,18.1333
16,256,32,32,18.176
16,256,32,64,18.112
16,256,32,128,19.4667
16,256,32,256,21.5567
16,256,32,512,32.6933
16,256,32,1024,45.5567
16,256,32,2048,68.0207
16,256,32,4096,111.574
16,256,32,8192,198.975
16,256,32,16384,372.053
16,256,64,16,19.9897
16,256,64,32,20.2983
16,256,64,64,20.9173
16,256,64,128,24.6397
16,256,64,256,28.832
16,256,64,512,46.6773
16,256,64,1024,67.978
16,256,64,2048,110.261
16,256,64,4096,194.591
16,256,64,8192,366.698
16,256,64,16384,714.025
16,256,128,16,29.3233
16,256,128,32,29.9197
16,256,128,64,30.8797
16,256,128,128,36.4473
16,256,128,256,47.1573
16,256,128,512,76.501
16,256,128,1024,118.581
16,256,128,2048,203.456
16,256,128,4096,371.359
16,256,128,8192,709.908
16,256,128,16384,1394.94
16,512,0,0,19.9463
16,512,1,16,20.4587
16,512,1,32,20.0967
16,512,1,64,20.2877
16,512,1,128,20.2763
16,512,1,256,20.4793
16,512,1,512,20.32
16,512,1,1024,18.9227
16,512,1,2048,18.9337
16,512,1,4096,22.144
16,512,1,8192,25.4507
16,512,1,16384,30.0583
16,512,2,16,20.5437
16,512,2,32,20.6393
16,512,2,64,20.7787
16,512,2,128,20.693
16,512,2,256,20.235
16,512,2,512,20.4473
16,512,2,1024,19.2633
16,512,2,2048,22.2717
16,512,2,4096,25.035
16,512,2,8192,29.3227
16,512,2,16384,42.5703
16,512,4,16,21.013
16,512,4,32,21.312
16,512,4,64,21.2907
16,512,4,128,20.5653
16,512,4,256,21.2273
16,512,4,512,21.7603
16,512,4,1024,21.8877
16,512,4,2048,24.9067
16,512,4,4096,29.739
16,512,4,8192,40.928
16,512,4,16384,62.6247
16,512,8,16,20.5337
16,512,8,32,20.416
16,512,8,64,20.6933
16,512,8,128,20.7573
16,512,8,256,22.5063
16,512,8,512,21.216
16,512,8,1024,24.372
16,512,8,2048,29.8773
16,512,8,4096,41.2697
16,512,8,8192,63.52
16,512,8,16384,108.992
16,512,16,16,20.4267
16,512,16,32,20.2987
16,512,16,64,20.4373
16,512,16,128,20.5653
16,512,16,256,26.8057
16,512,16,512,32.545
16,512,16,1024,31.4347
16,512,16,2048,43.637
16,512,16,4096,66.197
16,512,16,8192,109.6
16,512,16,16384,196.746
16,512,32,16,25.525
16,512,32,32,25.7173
16,512,32,64,25.7813
16,512,32,128,28.6293
16,512,32,256,34.3783
16,512,32,512,33.3223
16,512,32,1024,45.429
16,512,32,2048,68.1593
16,512,32,4096,112.213
16,512,32,8192,199.658
16,512,32,16384,373.418
16,512,64,16,27.5837
16,512,64,32,27.4993
16,512,64,64,28.0527
16,512,64,128,27.3283
16,512,64,256,33.5467
16,512,64,512,45.9947
16,512,64,1024,67.7117
16,512,64,2048,109.664
16,512,64,4096,197.141
16,512,64,8192,368.8
16,512,64,16384,713.662
16,512,128,16,34.997
16,512,128,32,34.709
16,512,128,64,35.4663
16,512,128,128,42.7207
16,512,128,256,54.0157
16,512,128,512,76.4263
16,512,128,1024,118.325
16,512,128,2048,202.998
16,512,128,4096,371.391
16,512,128,8192,711.316
16,512,128,16384,1395.9
16,1024,0,0,20.9167
16,1024,1,16,21.0993
16,1024,1,32,21.003
16,1024,1,64,20.9607
16,1024,1,128,21.1737
16,1024,1,256,20.7787
16,1024,1,512,20.6923
16,1024,1,1024,20.7783
16,1024,1,2048,19.7977
16,1024,1,4096,22.326
16,1024,1,8192,25.4503
16,1024,1,16384,31.296
16,1024,2,16,21.3543
16,1024,2,32,20.288
16,1024,2,64,21.3657
16,1024,2,128,21.1093
16,1024,2,256,21.4613
16,1024,2,512,21.5687
16,1024,2,1024,20.6823
16,1024,2,2048,22.0907
16,1024,2,4096,27.0927
16,1024,2,8192,30.7313
16,1024,2,16384,43.169
16,1024,4,16,21.5363
16,1024,4,32,21.44
16,1024,4,64,21.1843
16,1024,4,128,21.7817
16,1024,4,256,21.706
16,1024,4,512,22.0587
16,1024,4,1024,22.315
16,1024,4,2048,25.3547
16,1024,4,4096,30.3577
16,1024,4,8192,41.323
16,1024,4,16384,63.1363
16,1024,8,16,21.4183
16,1024,8,32,21.216
16,1024,8,64,21.0667
16,1024,8,128,21.4077
16,1024,8,256,21.749
16,1024,8,512,22.3573
16,1024,8,1024,26.3357
16,1024,8,2048,37.526
16,1024,8,4096,41.9193
16,1024,8,8192,63.6373
16,1024,8,16384,110.015
16,1024,16,16,20.9593
16,1024,16,32,21.3223
16,1024,16,64,21.3337
16,1024,16,128,21.2373
16,1024,16,256,27.648
16,1024,16,512,32.96
16,1024,16,1024,39.8717
16,1024,16,2048,43.9243
16,1024,16,4096,66.3143
16,1024,16,8192,109.909
16,1024,16,16384,196.96
16,1024,32,16,24.9707
16,1024,32,32,25.1627
16,1024,32,64,25.9733
16,1024,32,128,29.12
16,1024,32,256,35.0083
16,1024,32,512,45.0657
16,1024,32,1024,45.7813
16,1024,32,2048,68.853
16,1024,32,4096,111.925
16,1024,32,8192,198.955
16,1024,32,16384,374.315
16,1024,64,16,28.3413
16,1024,64,32,28.6823
16,1024,64,64,29.526
16,1024,64,128,34.56
16,1024,64,256,38.2403
16,1024,64,512,47.2107
16,1024,64,1024,68.49
16,1024,64,2048,112.426
16,1024,64,4096,195.883
16,1024,64,8192,369.482
16,1024,64,16384,717.438
16,1024,128,16,36.2017
16,1024,128,32,36.576
16,1024,128,64,36.651
16,1024,128,128,43.4663
16,1024,128,256,54.5917
16,1024,128,512,76.9493
16,1024,128,1024,119.178
16,1024,128,2048,202.783
16,1024,128,4096,371.957
16,1024,128,8192,713.449
16,1024,128,16384,1390.63
16,2048,0,0,21.5467
16,2048,1,16,21.2493
16,2048,1,32,21.6317
16,2048,1,64,21.3223
16,2048,1,128,21.909
16,2048,1,256,21.6637
16,2048,1,512,21.8663
16,2048,1,1024,22.2193
16,2048,1,2048,21.8237
16,2048,1,4096,23.338
16,2048,1,8192,25.1417
16,2048,1,16384,31.6053
16,2048,2,16,22.4647
16,2048,2,32,22.2403
16,2048,2,64,22.6023
16,2048,2,128,21.7603
16,2048,2,256,22.1117
16,2048,2,512,22.7307
16,2048,2,1024,22.5703
16,2048,2,2048,22.3573
16,2048,2,4096,26.1013
16,2048,2,8192,31.0077
16,2048,2,16384,43.104
16,2048,4,16,22.6127
16,2048,4,32,22.4103
16,2048,4,64,22.3997
16,2048,4,128,22.4103
16,2048,4,256,22.8157
16,2048,4,512,22.5593
16,2048,4,1024,23.5843
16,2048,4,2048,25.2373
16,2048,4,4096,31.9363
16,2048,4,8192,41.9943
16,2048,4,16384,64.672
16,2048,8,16,21.6003
16,2048,8,32,22.272
16,2048,8,64,22.08
16,2048,8,128,22.6987
16,2048,8,256,21.9087
16,2048,8,512,23.36
16,2048,8,1024,26.048
16,2048,8,2048,31.7223
16,2048,8,4096,55.189
16,2048,8,8192,64.352
16,2048,8,16384,109.387
16,2048,16,16,22.2293
16,2048,16,32,21.9943
16,2048,16,64,22.1223
16,2048,16,128,22.9333
16,2048,16,256,24.437
16,2048,16,512,32.4263
16,2048,16,1024,41.194
16,2048,16,2048,58.2293
16,2048,16,4096,66.8803
16,2048,16,8192,109.761
16,2048,16,16384,198.506
16,2048,32,16,26.3033
16,2048,32,32,26.208
16,2048,32,64,26.6453
16,2048,32,128,29.952
16,2048,32,256,33.237
16,2048,32,512,43.477
16,2048,32,1024,61.9087
16,2048,32,2048,67.8617
16,2048,32,4096,112.607
16,2048,32,8192,199.616
16,2048,32,16384,372.714
16,2048,64,16,28.8427
16,2048,64,32,29.152
16,2048,64,64,30.3893
16,2048,64,128,35.04
16,2048,64,256,41.6743
16,2048,64,512,54.123
16,2048,64,1024,68.9927
16,2048,64,2048,111.744
16,2048,64,4096,195.924
16,2048,64,8192,368.128
16,2048,64,16384,719.209
16,2048,128,16,38.4743
16,2048,128,32,38.229
16,2048,128,64,38.7307
16,2048,128,128,48.2023
16,2048,128,256,58.1977
16,2048,128,512,77.674
16,2048,128,1024,119.925
16,2048,128,2048,205.269
16,2048,128,4096,374.41
16,2048,128,8192,715.391
16,2048,128,16384,1394.21
16,4096,0,0,24.1603
16,4096,1,16,23.0507
16,4096,1,32,24.0003
16,4096,1,64,23.7337
16,4096,1,128,24.2347
16,4096,1,256,24.075
16,4096,1,512,24.064
16,4096,1,1024,23.883
16,4096,1,2048,24.0747
16,4096,1,4096,25.056
16,4096,1,8192,28.671
16,4096,1,16384,32.7147
16,4096,2,16,23.6897
16,4096,2,32,23.6693
16,4096,2,64,23.6267
16,4096,2,128,23.9783
16,4096,2,256,23.744
16,4096,2,512,23.637
16,4096,2,1024,24.448
16,4096,2,2048,25.9093
16,4096,2,4096,28.308
16,4096,2,8192,32.416
16,4096,2,16384,44.6823
16,4096,4,16,24.4587
16,4096,4,32,24.4373
16,4096,4,64,24.48
16,4096,4,128,24.181
16,4096,4,256,23.637
16,4096,4,512,24.128
16,4096,4,1024,25.6633
16,4096,4,2048,28.8213
16,4096,4,4096,32.288
16,4096,4,8192,43.7547
16,4096,4,16384,66.187
16,4096,8,16,23.4033
16,4096,8,32,23.4773
16,4096,8,64,23.7447
16,4096,8,128,24.5013
16,4096,8,256,24.5757
16,4096,8,512,26.4847
16,4096,8,1024,30.816
16,4096,8,2048,34.0157
16,4096,8,4096,55.0077
16,4096,8,8192,88.545
16,4096,8,16384,110.303
16,4096,16,16,23.7223
16,4096,16,32,23.968
16,4096,16,64,23.979
16,4096,16,128,26.0373
16,4096,16,256,26.3147
16,4096,16,512,32.2983
16,4096,16,1024,42.357
16,4096,16,2048,58.9017
16,4096,16,4096,92.9917
16,4096,16,8192,111.659
16,4096,16,16384,198.986
16,4096,32,16,25.7497
16,4096,32,32,26.293
16,4096,32,64,27.221
16,4096,32,128,30.132
16,4096,32,256,35.509
16,4096,32,512,45.8993
16,4096,32,1024,63.1993
16,4096,32,2048,97.1943
16,4096,32,4096,114.112
16,4096,32,8192,201.183
16,4096,32,16384,373.652
16,4096,64,16,29.7703
16,4096,64,32,30.677
16,4096,64,64,31.0933
16,4096,64,128,36.7043
16,4096,64,256,42.528
16,4096,64,512,57.5783
16,4096,64,1024,81.856
16,4096,64,2048,113.045
16,4096,64,4096,200.203
16,4096,64,8192,370.752
16,4096,64,16384,714.014
16,4096,128,16,38.688
16,4096,128,32,38.8267
16,4096,128,64,40.117
16,4096,128,128,48.5007
16,4096,128,256,60.3417
16,4096,128,512,86.4423
16,4096,128,1024,122.048
16,4096,128,2048,204.16
16,4096,128,4096,375.168
16,4096,128,8192,713.908
16,4096,128,16384,1397.48
16,8192,0,0,26.954
16,8192,1,16,26.1867
16,8192,1,32,26.604
16,8192,1,64,26.7947
16,8192,1,128,26.9007
16,8192,1,256,27.1563
16,8192,1,512,27.254
16,8192,1,1024,28.1277
16,8192,1,2048,28.266
16,8192,1,4096,28.555
16,8192,1,8192,30.6337
16,8192,1,16384,36.341
16,8192,2,16,27.2753
16,8192,2,32,27.5733
16,8192,2,64,27.4677
16,8192,2,128,27.7017
16,8192,2,256,27.3603
16,8192,2,512,28.48
16,8192,2,1024,28.9923
16,8192,2,2048,29.376
16,8192,2,4096,31.0397
16,8192,2,8192,35.2743
16,8192,2,16384,47.2857
16,8192,4,16,28.0527
16,8192,4,32,27.904
16,8192,4,64,28.0523
16,8192,4,128,28.2347
16,8192,4,256,28.0743
16,8192,4,512,29.546
16,8192,4,1024,29.525
16,8192,4,2048,33.1523
16,8192,4,4096,36.1703
16,8192,4,8192,46.4323
16,8192,4,16384,68.8317
16,8192,8,16,28.5973
16,8192,8,32,28.8853
16,8192,8,64,29.0663
16,8192,8,128,29.131
16,8192,8,256,30.187
16,8192,8,512,29.824
16,8192,8,1024,33.5897
16,8192,8,2048,46.176
16,8192,8,4096,48.1707
16,8192,8,8192,88.7777
16,8192,8,16384,156.8
16,8192,16,16,28.586
16,8192,16,32,29.4497
16,8192,16,64,29.568
16,8192,16,128,28.971
16,8192,16,256,30.721
16,8192,16,512,34.134
16,8192,16,1024,43.296
16,8192,16,2048,59.8827
16,8192,16,4096,93.1197
16,8192,16,8192,161.973
16,8192,16,16384,199.105
16,8192,32,16,29.984
16,8192,32,32,30.774
16,8192,32,64,31.2213
16,8192,32,128,32.9913
16,8192,32,256,36.192
16,8192,32,512,44.853
16,8192,32,1024,62.805
16,8192,32,2048,96.9703
16,8192,32,4096,164.544
16,8192,32,8192,202.368
16,8192,32,16384,379.049
16,8192,64,16,33.5147
16,8192,64,32,33.76
16,8192,64,64,34.389
16,8192,64,128,36.6087
16,8192,64,256,43.8077
16,8192,64,512,57.6107
16,8192,64,1024,85.6
16,8192,64,2048,137.931
16,8192,64,4096,202.357
16,8192,64,8192,371.626
16,8192,64,16384,713.875
16,8192,128,16,40.1387
16,8192,128,32,40.7893
16,8192,128,64,41.76
16,8192,128,128,49.7697
16,8192,128,256,61.322
16,8192,128,512,86.5497
16,8192,128,1024,136.725
16,8192,128,2048,208.02
16,8192,128,4096,377.845
16,8192,128,8192,716.073
16,8192,128,16384,1397.41
16,16384,0,0,33.2053
16,16384,1,16,33.8457
16,16384,1,32,33.8457
16,16384,1,64,33.5457
16,16384,1,128,33.419
16,16384,1,256,34.3253
16,16384,1,512,34.1123
16,16384,1,1024,33.9087
16,16384,1,2048,35.3377
16,16384,1,4096,35.6373
16,16384,1,8192,38.037
16,16384,1,16384,43.8507
16,16384,2,16,34.7087
16,16384,2,32,33.9097
16,16384,2,64,34.8163
16,16384,2,128,34.827
16,16384,2,256,34.304
16,16384,2,512,34.8267
16,16384,2,1024,35.8933
16,16384,2,2048,36.5643
16,16384,2,4096,39.1567
16,16384,2,8192,44.5547
16,16384,2,16384,54.144
16,16384,4,16,35.413
16,16384,4,32,35.424
16,16384,4,64,35.4453
16,16384,4,128,35.659
16,16384,4,256,35.3597
16,16384,4,512,35.7437
16,16384,4,1024,36.768
16,16384,4,2048,39.2747
16,16384,4,4096,44.8427
16,16384,4,8192,53.59
16,16384,4,16384,76.7363
16,16384,8,16,35.3073
16,16384,8,32,35.3067
16,16384,8,64,35.5417
16,16384,8,128,35.0397
16,16384,8,256,37.4823
16,16384,8,512,37.7493
16,16384,8,1024,44.48
16,16384,8,2048,44.618
16,16384,8,4096,68.2773
16,16384,8,8192,76.1703
16,16384,8,16384,157.728
16,16384,16,16,37.3863
16,16384,16,32,38.0157
16,16384,16,64,38.7847
16,16384,16,128,36.5643
16,16384,16,256,39.4987
16,16384,16,512,46.72
16,16384,16,1024,47.4563
16,16384,16,2048,62.784
16,16384,16,4096,94.9757
16,16384,16,8192,161.237
16,16384,16,16384,296.404
16,16384,32,16,36.9813
16,16384,32,32,38.3043
16,16384,32,64,37.654
16,16384,32,128,43.082
16,16384,32,256,43.2533
16,16384,32,512,48.9277
16,16384,32,1024,64.651
16,16384,32,2048,98.314
16,16384,32,4096,164.736
16,16384,32,8192,299.605
16,16384,32,16384,378.559
16,16384,64,16,38.997
16,16384,64,32,39.424
16,16384,64,64,40.608
16,16384,64,128,45.5253
16,16384,64,256,49.7703
16,16384,64,512,60.5007
16,16384,64,1024,88.8853
16,16384,64,2048,140.736
16,16384,64,4096,246.965
16,16384,64,8192,376.553
16,16384,64,16384,722.75
16,16384,128,16,46.2507
16,16384,128,32,46.6023
16,16384,128,64,48.373
16,16384,128,128,56.3523
16,16384,128,256,64.7677
16,16384,128,512,89.5467
16,16384,128,1024,137.941
16,16384,128,2048,234.441
16,16384,128,4096,382.378
16,16384,128,8192,722.079
16,16384,128,16384,1402.73
32,0,0,0,14.6023
32,0,1,16,14.4003
32,0,1,32,14.752
32,0,1,64,14.4743
32,0,1,128,15.616
32,0,1,256,17.237
32,0,1,512,17.9523
32,0,1,1024,18.9443
32,0,1,2048,18.8157
32,0,1,4096,21.0453
32,0,1,8192,24.8107
32,0,1,16384,32.459
32,0,2,16,14.549
32,0,2,32,14.645
32,0,2,64,14.4423
32,0,2,128,15.7113
32,0,2,256,16.991
32,0,2,512,17.963
32,0,2,1024,18.443
32,0,2,2048,19.7967
32,0,2,4096,22.9973
32,0,2,8192,29.1087
32,0,2,16384,42.912
32,0,4,16,14.6453
32,0,4,32,14.5597
32,0,4,64,14.496
32,0,4,128,16.384
32,0,4,256,17.3967
32,0,4,512,18.5067
32,0,4,1024,19.2957
32,0,4,2048,22.9753
32,0,4,4096,29.291
32,0,4,8192,45.5787
32,0,4,16384,64.949
32,0,8,16,14.3893
32,0,8,32,14.4427
32,0,8,64,14.4103
32,0,8,128,15.9253
32,0,8,256,16.981
32,0,8,512,19.7543
32,0,8,1024,23.6907
32,0,8,2048,34.4
32,0,8,4096,47.136
32,0,8,8192,66.954
32,0,8,16384,108.598
32,0,16,16,14.6987
32,0,16,32,14.8373
32,0,16,64,14.8797
32,0,16,128,16.2993
32,0,16,256,17.8143
32,0,16,512,29.237
32,0,16,1024,36.0207
32,0,16,2048,46.3043
32,0,16,4096,69.131
32,0,16,8192,110.048
32,0,16,16384,196.917
32,0,32,16,19.3387
32,0,32,32,19.84
32,0,32,64,20.032
32,0,32,128,22.2077
32,0,32,256,25.7813
32,0,32,512,36.4697
32,0,32,1024,49.002
32,0,32,2048,69.8017
32,0,32,4096,111.776
32,0,32,8192,198.869
32,0,32,16384,373.92
32,0,64,16,19.8937
32,0,64,32,20.139
32,0,64,64,21.002
32,0,64,128,24.0747
32,0,64,256,28.6403
32,0,64,512,46.2617
32,0,64,1024,68.021
32,0,64,2048,111.584
32,0,64,4096,197.098
32,0,64,8192,369.973
32,0,64,16384,713.044
32,0,128,16,29.9623
32,0,128,32,30.0697
32,0,128,64,30.9337
32,0,128,128,36.4157
32,0,128,256,46.709
32,0,128,512,75.0717
32,0,128,1024,118.239
32,0,128,2048,202.1
32,0,128,4096,371.018
32,0,128,8192,708.895
32,0,128,16384,1394.4
32,16,0,0,14.5387
32,16,1,16,14.5917
32,16,1,32,14.3677
32,16,1,64,14.485
32,16,1,128,15.83
32,16,1,256,16.9493
32,16,1,512,17.962
32,16,1,1024,18.7197
32,16,1,2048,19.04
32,16,1,4096,21.3757
32,16,1,8192,25.0033
32,16,1,16384,32.0103
32,16,2,16,14.4533
32,16,2,32,14.3463
32,16,2,64,14.2717
32,16,2,128,15.7863
32,16,2,256,17.0237
32,16,2,512,17.6537
32,16,2,1024,18.369
32,16,2,2048,19.434
32,16,2,4096,23.0287
32,16,2,8192,29.4287
32,16,2,16384,42.176
32,16,4,16,14.4533
32,16,4,32,14.5497
32,16,4,64,14.6023
32,16,4,128,16.255
32,16,4,256,17.4717
32,16,4,512,18.8893
32,16,4,1024,19.552
32,16,4,2048,23.093
32,16,4,4096,29.0247
32,16,4,8192,44.1277
32,16,4,16384,65.163
32,16,8,16,14.4217
32,16,8,32,14.4537
32,16,8,64,14.816
32,16,8,128,16.16
32,16,8,256,16.9277
32,16,8,512,19.7967
32,16,8,1024,23.5523
32,16,8,2048,34.1653
32,16,8,4096,46.4327
32,16,8,8192,66.987
32,16,8,16384,109.215
32,16,16,16,14.6457
32,16,16,32,14.485
32,16,16,64,14.8473
32,16,16,128,16.534
32,16,16,256,18.143
32,16,16,512,29.323
32,16,16,1024,36.3087
32,16,16,2048,47.1463
32,16,16,4096,68.213
32,16,16,8192,110.069
32,16,16,16384,197.738
32,16,32,16,19.669
32,16,32,32,19.5523
32,16,32,64,19.6903
32,16,32,128,22.4853
32,16,32,256,25.92
32,16,32,512,36.3733
32,16,32,1024,47.936
32,16,32,2048,69.579
32,16,32,4096,110.986
32,16,32,8192,199.018
32,16,32,16384,373.418
32,16,64,16,20.064
32,16,64,32,20.3947
32,16,64,64,20.778
32,16,64,128,23.8933
32,16,64,256,28.48
32,16,64,512,46.1007
32,16,64,1024,67.9467
32,16,64,2048,111.018
32,16,64,4096,196.981
32,16,64,8192,370.772
32,16,64,16384,710.261
32,16,128,16,29.546
32,16,128,32,30.1547
32,16,128,64,30.7087
32,16,128,128,36.662
32,16,128,256,46.55
32,16,128,512,74.71
32,16,128,1024,117.653
32,16,128,2048,201.866
32,16,128,4096,371.008
32,16,128,8192,709.705
32,16,128,16384,1393.31
32,32,0,0,14.3573
32,32,1,16,14.517
32,32,1,32,14.421
32,32,1,64,14.6133
32,32,1,128,15.5843
32,32,1,256,17.0133
32,32,1,512,18.0167
32,32,1,1024,18.496
32,32,1,2048,19.0397
32,32,1,4096,21.4717
32,32,1,8192,24.8637
32,32,1,16384,31.8933
32,32,2,16,14.5387
32,32,2,32,14.3573
32,32,2,64,14.3043
32,32,2,128,15.6803
32,32,2,256,17.056
32,32,2,512,17.9627
32,32,2,1024,18.378
32,32,2,2048,19.6477
32,32,2,4096,22.8907
32,32,2,8192,29.7697
32,32,2,16384,42.7403
32,32,4,16,14.5603
32,32,4,32,14.6453
32,32,4,64,14.507
32,32,4,128,16.3523
32,32,4,256,17.558
32,32,4,512,18.5713
32,32,4,1024,19.2537
32,32,4,2048,22.656
32,32,4,4096,29.2907
32,32,4,8192,43.6583
32,32,4,16384,65.8667
32,32,8,16,14.3253
32,32,8,32,14.517
32,32,8,64,14.4317
32,32,8,128,16
32,32,8,256,17.472
32,32,8,512,19.7333
32,32,8,1024,23.744
32,32,8,2048,34.1863
32,32,8,4096,46.4
32,32,8,8192,66.219
32,32,8,16384,110.891
32,32,16,16,14.762
32,32,16,32,14.7207
32,32,16,64,14.88
32,32,16,128,16.1923
32,32,16,256,17.877
32,32,16,512,29.3553
32,32,16,1024,35.3387
32,32,16,2048,46.8693
32,32,16,4096,67.467
32,32,16,8192,108.821
32,32,16,16384,196.415
32,32,32,16,19.3923
32,32,32,32,19.4027
32,32,32,64,20.1917
32,32,32,128,22.315
32,32,32,256,26.5283
32,32,32,512,36.192
32,32,32,1024,48.779
32,32,32,2048,70.6453
32,32,32,4096,112.971
32,32,32,8192,198.773
32,32,32,16384,373.151
32,32,64,16,19.9257
32,32,64,32,20.085
32,32,64,64,21.0667
32,32,64,128,24.3197
32,32,64,256,28.565
32,32,64,512,47.1997
32,32,64,1024,68.5327
32,32,64,2048,111.157
32,32,64,4096,196.64
32,32,64,8192,370.218
32,32,64,16384,709.961
32,32,128,16,29.7703
32,32,128,32,30.1867
32,32,128,64,30.9543
32,32,128,128,36.3093
32,32,128,256,46.9653
32,32,128,512,75.9363
32,32,128,1024,118.879
32,32,128,2048,201.728
32,32,128,4096,371.455
32,32,128,8192,710.569
32,32,128,16384,1392.8
32,64,0,0,14.6133
32,64,1,16,14.529
32,64,1,32,14.432
32,64,1,64,14.464
32,64,1,128,15.6697
32,64,1,256,17.099
32,64,1,512,18.016
32,64,1,1024,18.4527
32,64,1,2048,19.3067
32,64,1,4096,21.248
32,64,1,8192,25.2693
32,64,1,16384,31.765
32,64,2,16,14.4107
32,64,2,32,14.4427
32,64,2,64,14.5807
32,64,2,128,15.7013
32,64,2,256,17.1847
32,64,2,512,18.0267
32,64,2,1024,18.6453
32,64,2,2048,19.7013
32,64,2,4096,22.911
32,64,2,8192,28.8743
32,64,2,16384,42.7847
32,64,4,16,14.3677
32,64,4,32,14.5813
32,64,4,64,14.4537
32,64,4,128,16.2983
32,64,4,256,17.515
32,64,4,512,18.582
32,64,4,1024,19.4773
32,64,4,2048,22.475
32,64,4,4096,29.3017
32,64,4,8192,44.511
32,64,4,16384,64.8757
32,64,8,16,14.549
32,64,8,32,14.2717
32,64,8,64,14.432
32,64,8,128,15.8617
32,64,8,256,17.205
32,64,8,512,19.413
32,64,8,1024,23.5093
32,64,8,2048,34.4423
32,64,8,4096,47.125
32,64,8,8192,65.7277
32,64,8,16384,109.515
32,64,16,16,14.6557
32,64,16,32,14.6983
32,64,16,64,14.794
32,64,16,128,16.5763
32,64,16,256,17.472
32,64,16,512,28.8533
32,64,16,1024,35.7013
32,64,16,2048,47.6373
32,64,16,4096,67.7867
32,64,16,8192,108.864
32,64,16,16384,197.686
32,64,32,16,19.595
32,64,32,32,19.7013
32,64,32,64,19.8083
32,64,32,128,22.038
32,64,32,256,25.9207
32,64,32,512,35.456
32,64,32,1024,48.448
32,64,32,2048,70.8693
32,64,32,4096,111.488
32,64,32,8192,199.584
32,64,32,16384,374.367
32,64,64,16,20.053
32,64,64,32,20.075
32,64,64,64,20.9173
32,64,64,128,24.2137
32,64,64,256,28.3413
32,64,64,512,45.536
32,64,64,1024,68.5433
32,64,64,2048,111.242
32,64,64,4096,197.664
32,64,64,8192,370.634
32,64,64,16384,713.321
32,64,128,16,29.61
32,64,128,32,29.9727
32,64,128,64,31.0723
32,64,128,128,36.6723
32,64,128,256,46.176
32,64,128,512,74.282
32,64,128,1024,118.155
32,64,128,2048,201.013
32,64,128,4096,371.861
32,64,128,8192,711.476
32,64,128,16384,1393.4
32,128,0,0,16.075
32,128,1,16,15.8617
32,128,1,32,15.9577
32,128,1,64,16.0103
32,128,1,128,16.043
32,128,1,256,16.9917
32,128,1,512,20.6723
32,128,1,1024,18.7627
32,128,1,2048,19.4457
32,128,1,4096,20.9277
32,128,1,8192,24.9597
32,128,1,16384,32.1807
32,128,2,16,15.8713
32,128,2,32,16.17
32,128,2,64,15.904
32,128,2,128,15.9893
32,128,2,256,17.013
32,128,2,512,20.832
32,128,2,1024,19.5307
32,128,2,2048,20.0427
32,128,2,4096,22.6243
32,128,2,8192,29.034
32,128,2,16384,42.538
32,128,4,16,16.0857
32,128,4,32,15.9253
32,128,4,64,16.1693
32,128,4,128,16.363
32,128,4,256,17.4937
32,128,4,512,21.163
32,128,4,1024,19.5623
32,128,4,2048,22.496
32,128,4,4096,29.1097
32,128,4,8192,48.32
32,128,4,16384,67.4763
32,128,8,16,15.9037
32,128,8,32,15.85
32,128,8,64,15.9897
32,128,8,128,15.9257
32,128,8,256,17.2477
32,128,8,512,19.958
32,128,8,1024,23.2
32,128,8,2048,36.9713
32,128,8,4096,50.3787
32,128,8,8192,70.901
32,128,8,16384,111.499
32,128,16,16,16.1697
32,128,16,32,16.16
32,128,16,64,16.0323
32,128,16,128,16.2777
32,128,16,256,17.7063
32,128,16,512,30.0157
32,128,16,1024,38.304
32,128,16,2048,50.1333
32,128,16,4096,70.0797
32,128,16,8192,110.677
32,128,16,16384,197.301
32,128,32,16,19.2853
32,128,32,32,19.509
32,128,32,64,19.7333
32,128,32,128,24.437
32,128,32,256,27.595
32,128,32,512,38.8917
32,128,32,1024,51.3167
32,128,32,2048,72.085
32,128,32,4096,113.973
32,128,32,8192,198.783
32,128,32,16384,371.934
32,128,64,16,21.6957
32,128,64,32,21.9093
32,128,64,64,21.696
32,128,64,128,24.4587
32,128,64,256,28.479
32,128,64,512,45.4617
32,128,64,1024,67.1577
32,128,64,2048,109.898
32,128,64,4096,197.428
32,128,64,8192,375.328
32,128,64,16384,714.174
32,128,128,16,30.0263
32,128,128,32,30.144
32,128,128,64,31.1037
32,128,128,128,37.5363
32,128,128,256,46.634
32,128,128,512,75.712
32,128,128,1024,117.461
32,128,128,2048,200.97
32,128,128,4096,369.876
32,128,128,8192,709.087
32,128,128,16384,1395.35
32,256,0,0,17.429
32,256,1,16,17.2583
32,256,1,32,17.4723
32,256,1,64,17.3543
32,256,1,128,17.6327
32,256,1,256,17.429
32,256,1,512,20.2673
32,256,1,1024,18.9113
32,256,1,2048,19.4777
32,256,1,4096,21.3217
32,256,1,8192,24.9287
32,256,1,16384,32.117
32,256,2,16,17.387
32,256,2,32,17.3123
32,256,2,64,17.3867
32,256,2,128,17.3763
32,256,2,256,17.5033
32,256,2,512,20.854
32,256,2,1024,19.1253
32,256,2,2048,22.0687
32,256,2,4096,23.1037
32,256,2,8192,29.7277
32,256,2,16384,42.3883
32,256,4,16,17.354
32,256,4,32,17.4723
32,256,4,64,17.4933
32,256,4,128,17.5143
32,256,4,256,17.557
32,256,4,512,21.9947
32,256,4,1024,20.992
32,256,4,2048,23.2853
32,256,4,4096,29.0027
32,256,4,8192,47.4343
32,256,4,16384,68.8537
32,256,8,16,17.4407
32,256,8,32,17.3547
32,256,8,64,17.397
32,256,8,128,16.9917
32,256,8,256,17.152
32,256,8,512,22.1443
32,256,8,1024,23.4773
32,256,8,2048,36.4263
32,256,8,4096,49.2377
32,256,8,8192,71.9467
32,256,8,16384,111.871
32,256,16,16,17.398
32,256,16,32,17.419
32,256,16,64,17.6107
32,256,16,128,17.3973
32,256,16,256,17.8457
32,256,16,512,29.962
32,256,16,1024,38.677
32,256,16,2048,52.0853
32,256,16,4096,72.0423
32,256,16,8192,113.13
32,256,16,16384,197.599
32,256,32,16,19.3923
32,256,32,32,19.606
32,256,32,64,19.9467
32,256,32,128,23.786
32,256,32,256,28.3837
32,256,32,512,40.971
32,256,32,1024,53.0663
32,256,32,2048,75.9033
32,256,32,4096,114.357
32,256,32,8192,198.698
32,256,32,16384,372.865
32,256,64,16,23.0927
32,256,64,32,23.253
32,256,64,64,23.3813
32,256,64,128,25.5253
32,256,64,256,28.9813
32,256,64,512,46.709
32,256,64,1024,68.224
32,256,64,2048,110.869
32,256,64,4096,197.76
32,256,64,8192,373.033
32,256,64,16384,712.457
32,256,128,16,29.9197
32,256,128,32,29.8553
32,256,128,64,30.9547
32,256,128,128,36.7997
32,256,128,256,47.0083
32,256,128,512,75.8717
32,256,128,1024,118.41
32,256,128,2048,202.261
32,256,128,4096,370.303
32,256,128,8192,710.495
32,256,128,16384,1394.82
32,512,0,0,21.365
32,512,1,16,21.5787
32,512,1,32,21.2697
32,512,1,64,21.4397
32,512,1,128,20.4043
32,512,1,256,21.2797
32,512,1,512,21.141
32,512,1,1024,19.734
32,512,1,2048,20.043
32,512,1,4096,21.2913
32,512,1,8192,24.8207
32,512,1,16384,31.8187
32,512,2,16,21.1203
32,512,2,32,21.3547
32,512,2,64,21.1947
32,512,2,128,21.3973
32,512,2,256,21.611
32,512,2,512,21.9413
32,512,2,1024,20.235
32,512,2,2048,21.835
32,512,2,4096,24.544
32,512,2,8192,29.557
32,512,2,16384,43.391
32,512,4,16,20.8323
32,512,4,32,21.2273
32,512,4,64,20.9813
32,512,4,128,20.9383
32,512,4,256,21.3657
32,512,4,512,23.1037
32,512,4,1024,22.3573
32,512,4,2048,25.6647
32,512,4,4096,29.4403
32,512,4,8192,47.5517
32,512,4,16384,72.2557
32,512,8,16,21.75
32,512,8,32,21.8133
32,512,8,64,21.6747
32,512,8,128,22.9333
32,512,8,256,22.176
32,512,8,512,22.4643
32,512,8,1024,26.2293
32,512,8,2048,36.523
32,512,8,4096,53.2267
32,512,8,8192,74.5493
32,512,8,16384,117.333
32,512,16,16,22.9867
32,512,16,32,23.114
32,512,16,64,23.093
32,512,16,128,21.4927
32,512,16,256,27.168
32,512,16,512,31.9573
32,512,16,1024,39.445
32,512,16,2048,53.6847
32,512,16,4096,75.872
32,512,16,8192,116.522
32,512,16,16384,197.931
32,512,32,16,24.9387
32,512,32,32,25.0883
32,512,32,64,25.4933
32,512,32,128,28.1703
32,512,32,256,33.4187
32,512,32,512,42.5927
32,512,32,1024,57.12
32,512,32,2048,77.0773
32,512,32,4096,118.997
32,512,32,8192,202.282
32,512,32,16384,372.469
32,512,64,16,28.2247
32,512,64,32,28.384
32,512,64,64,28.5973
32,512,64,128,32.1177
32,512,64,256,36.6393
32,512,64,512,47.8293
32,512,64,1024,67.3167
32,512,64,2048,111.211
32,512,64,4096,197.588
32,512,64,8192,370.666
32,512,64,16384,715.86
32,512,128,16,35.6697
32,512,128,32,36.042
32,512,128,64,37.0983
32,512,128,128,43.1577
32,512,128,256,53.941
32,512,128,512,77.6527
32,512,128,1024,118.186
32,512,128,2048,202.645
32,512,128,4096,371.22
32,512,128,8192,710.036
32,512,128,16384,1395.47
32,1024,0,0,21.7813
32,1024,1,16,22.101
32,1024,1,32,22.1227
32,1024,1,64,22.08
32,1024,1,128,21.8133
32,1024,1,256,21.8233
32,1024,1,512,20.6297
32,1024,1,1024,21.5253
32,1024,1,2048,22.6347
32,1024,1,4096,21.8133
32,1024,1,8192,25.0027
32,1024,1,16384,32.5127
32,1024,2,16,21.7063
32,1024,2,32,21.942
32,1024,2,64,21.9737
32,1024,2,128,21.61
32,1024,2,256,21.792
32,1024,2,512,21.8553
32,1024,2,1024,22.6343
32,1024,2,2048,21.898
32,1024,2,4096,26.549
32,1024,2,8192,30.634
32,1024,2,16384,42.1013
32,1024,4,16,21.8343
32,1024,4,32,21.653
32,1024,4,64,21.718
32,1024,4,128,22.2923
32,1024,4,256,21.494
32,1024,4,512,21.568
32,1024,4,1024,23.0937
32,1024,4,2048,26.1337
32,1024,4,4096,30.997
32,1024,4,8192,41.3987
32,1024,4,16384,77.9297
32,1024,8,16,22.3783
32,1024,8,32,22.3567
32,1024,8,64,22.5497
32,1024,8,128,23.2
32,1024,8,256,22.1007
32,1024,8,512,26.5483
32,1024,8,1024,26.314
32,1024,8,2048,31.2423
32,1024,8,4096,53.4827
32,1024,8,8192,80.4477
32,1024,8,16384,123.531
32,1024,16,16,22.6243
32,1024,16,32,22.0477
32,1024,16,64,22.773
32,1024,16,128,23.68
32,1024,16,256,25.1947
32,1024,16,512,32.7567
32,1024,16,1024,39.615
32,1024,16,2048,58.1967
32,1024,16,4096,83.5203
32,1024,16,8192,124.565
32,1024,16,16384,203.818
32,1024,32,16,24.9173
32,1024,32,32,25.174
32,1024,32,64,26.6987
32,1024,32,128,29.216
32,1024,32,256,33.8557
32,1024,32,512,43.2
32,1024,32,1024,60.5223
32,1024,32,2048,85.024
32,1024,32,4096,123.52
32,1024,32,8192,206.389
32,1024,32,16384,373.109
32,1024,64,16,28.8957
32,1024,64,32,28.811
32,1024,64,64,29.6103
32,1024,64,128,34.294
32,1024,64,256,41.472
32,1024,64,512,52.8007
32,1024,64,1024,69.6317
32,1024,64,2048,111.061
32,1024,64,4096,198.218
32,1024,64,8192,371.999
32,1024,64,16384,718.9
32,1024,128,16,38.763
32,1024,128,32,38.6563
32,1024,128,64,39.403
32,1024,128,128,48.5757
32,1024,128,256,57.12
32,1024,128,512,77.5143
32,1024,128,1024,120.17
32,1024,128,2048,202.4
32,1024,128,4096,371.274
32,1024,128,8192,710.889
32,1024,128,16384,1395.65
32,2048,0,0,23.8927
32,2048,1,16,23.6907
32,2048,1,32,22.837
32,2048,1,64,23.274
32,2048,1,128,23.6907
32,2048,1,256,23.6907
32,2048,1,512,23.6583
32,2048,1,1024,23.4457
32,2048,1,2048,23.179
32,2048,1,4096,25.4073
32,2048,1,8192,25.557
32,2048,1,16384,33.4937
32,2048,2,16,23.5303
32,2048,2,32,23.392
32,2048,2,64,23.947
32,2048,2,128,22.6983
32,2048,2,256,23.104
32,2048,2,512,23.5523
32,2048,2,1024,24.1067
32,2048,2,2048,24.32
32,2048,2,4096,25.9197
32,2048,2,8192,31.0933
32,2048,2,16384,43.0933
32,2048,4,16,23.4343
32,2048,4,32,22.8573
32,2048,4,64,23.5623
32,2048,4,128,23.9257
32,2048,4,256,23.4773
32,2048,4,512,24.2127
32,2048,4,1024,24.9807
32,2048,4,2048,27.1573
32,2048,4,4096,31.7017
32,2048,4,8192,43.1043
32,2048,4,16384,64.7353
32,2048,8,16,23.8187
32,2048,8,32,23.7013
32,2048,8,64,23.52
32,2048,8,128,25.1623
32,2048,8,256,26.8907
32,2048,8,512,25.4187
32,2048,8,1024,30.8797
32,2048,8,2048,32.2673
32,2048,8,4096,53.7707
32,2048,8,8192,87.0823
32,2048,8,16384,134.592
32,2048,16,16,25.4933
32,2048,16,32,25.6323
32,2048,16,64,25.8133
32,2048,16,128,24.8433
32,2048,16,256,26.037
32,2048,16,512,31.2637
32,2048,16,1024,40.4157
32,2048,16,2048,57.6
32,2048,16,4096,91.1467
32,2048,16,8192,135.637
32,2048,16,16384,214.4
32,2048,32,16,24.9383
32,2048,32,32,25.1943
32,2048,32,64,25.9297
32,2048,32,128,28.4583
32,2048,32,256,34.005
32,2048,32,512,42.9653
32,2048,32,1024,60.5223
32,2048,32,2048,94.538
32,2048,32,4096,137.067
32,2048,32,8192,218.773
32,2048,32,16384,381.887
32,2048,64,16,29.9413
32,2048,64,32,30.1653
32,2048,64,64,30.592
32,2048,64,128,35.1993
32,2048,64,256,41.3973
32,2048,64,512,56.1493
32,2048,64,1024,79.1253
32,2048,64,2048,112.053
32,2048,64,4096,198.346
32,2048,64,8192,371.092
32,2048,64,16384,721.93
32,2048,128,16,39.0503
32,2048,128,32,39.1893
32,2048,128,64,40.341
32,2048,128,128,48.864
32,2048,128,256,59.7543
32,2048,128,512,85.536
32,2048,128,1024,120.395
32,2048,128,2048,204.906
32,2048,128,4096,371.296
32,2048,128,8192,712.628
32,2048,128,16384,1397.32
32,4096,0,0,26.6027
32,4096,1,16,26.261
32,4096,1,32,26.5073
32,4096,1,64,26.5807
32,4096,1,128,26.613
32,4096,1,256,27.3383
32,4096,1,512,27.3607
32,4096,1,1024,27.456
32,4096,1,2048,27.6163
32,4096,1,4096,25.792
32,4096,1,8192,28.8527
32,4096,1,16384,35.3597
32,4096,2,16,26.2087
32,4096,2,32,25.152
32,4096,2,64,26.5077
32,4096,2,128,26.1337
32,4096,2,256,27.1993
32,4096,2,512,26.549
32,4096,2,1024,28.576
32,4096,2,2048,26.3253
32,4096,2,4096,28.416
32,4096,2,8192,33.1833
32,4096,2,16384,46.2827
32,4096,4,16,26.1447
32,4096,4,32,26.1767
32,4096,4,64,26.2723
32,4096,4,128,26.2727
32,4096,4,256,28.8103
32,4096,4,512,27.541
32,4096,4,1024,28.1277
32,4096,4,2048,29.1847
32,4096,4,4096,33.44
32,4096,4,8192,44.608
32,4096,4,16384,66.4637
32,4096,8,16,26.7307
32,4096,8,32,26.368
32,4096,8,64,26.453
32,4096,8,128,26.8053
32,4096,8,256,27.488
32,4096,8,512,29.3223
32,4096,8,1024,29.4827
32,4096,8,2048,43.2313
32,4096,8,4096,45.28
32,4096,8,8192,86.4427
32,4096,8,16384,153.663
32,4096,16,16,25.621
32,4096,16,32,26.1767
32,4096,16,64,26.3677
32,4096,16,128,27.8507
32,4096,16,256,30.72
32,4096,16,512,30.5707
32,4096,16,1024,40.2347
32,4096,16,2048,57.2697
32,4096,16,4096,90.752
32,4096,16,8192,157.716
32,4096,16,16384,242.614
32,4096,32,16,27.7543
32,4096,32,32,28.395
32,4096,32,64,28.6187
32,4096,32,128,30.0697
32,4096,32,256,33.8557
32,4096,32,512,44.1387
32,4096,32,1024,61.536
32,4096,32,2048,93.7813
32,4096,32,4096,159.734
32,4096,32,8192,244.735
32,4096,32,16384,410.218
32,4096,64,16,31.6157
32,4096,64,32,32.0747
32,4096,64,64,32.128
32,4096,64,128,35.5307
32,4096,64,256,41.8143
32,4096,64,512,55.4343
32,4096,64,1024,81.792
32,4096,64,2048,133.216
32,4096,64,4096,200.544
32,4096,64,8192,372.053
32,4096,64,16384,722.697
32,4096,128,16,40.117
32,4096,128,32,40.362
32,4096,128,64,40.9177
32,4096,128,128,49.344
32,4096,128,256,59.4447
32,4096,128,512,83.7337
32,4096,128,1024,134.196
32,4096,128,2048,204.928
32,4096,128,4096,374.677
32,4096,128,8192,717.353
32,4096,128,16384,1399.43
32,8192,0,0,32.0217
32,8192,1,16,31.5423
32,8192,1,32,31.7863
32,8192,1,64,31.573
32,8192,1,128,31.808
32,8192,1,256,31.9363
32,8192,1,512,31.968
32,8192,1,1024,31.9997
32,8192,1,2048,31.6157
32,8192,1,4096,31.7333
32,8192,1,8192,33.3117
32,8192,1,16384,37.9623
32,8192,2,16,32.0633
32,8192,2,32,31.637
32,8192,2,64,31.766
32,8192,2,128,31.616
32,8192,2,256,31.936
32,8192,2,512,31.861
32,8192,2,1024,31.584
32,8192,2,2048,30.7303
32,8192,2,4096,32.8
32,8192,2,8192,38.3147
32,8192,2,16384,47.6163
32,8192,4,16,31.3603
32,8192,4,32,31.5627
32,8192,4,64,31.8403
32,8192,4,128,31.7553
32,8192,4,256,31.9783
32,8192,4,512,32.3303
32,8192,4,1024,31.1573
32,8192,4,2048,33.7287
32,8192,4,4096,37.3543
32,8192,4,8192,47.3597
32,8192,4,16384,70.7307
32,8192,8,16,32.5763
32,8192,8,32,32.992
32,8192,8,64,32.7043
32,8192,8,128,30.1013
32,8192,8,256,31.3067
32,8192,8,512,32.427
32,8192,8,1024,37.9083
32,8192,8,2048,39.925
32,8192,8,4096,64.373
32,8192,8,8192,69.781
32,8192,8,16384,151.861
32,8192,16,16,31.6907
32,8192,16,32,31.456
32,8192,16,64,32.117
32,8192,16,128,32.96
32,8192,16,256,34.005
32,8192,16,512,40.1063
32,8192,16,1024,43.3277
32,8192,16,2048,56.9167
32,8192,16,4096,89.738
32,8192,16,8192,153.995
32,8192,16,16384,288.64
32,8192,32,16,31.904
32,8192,32,32,32.448
32,8192,32,64,32.9383
32,8192,32,128,36.928
32,8192,32,256,36.459
32,8192,32,512,44.4477
32,8192,32,1024,60.2033
32,8192,32,2048,92.6937
32,8192,32,4096,158.826
32,8192,32,8192,290.635
32,8192,32,16384,456.597
32,8192,64,16,36.128
32,8192,64,32,35.9147
32,8192,64,64,36.4903
32,8192,64,128,41.5677
32,8192,64,256,46.7403
32,8192,64,512,56.9823
32,8192,64,1024,82.2827
32,8192,64,2048,135.478
32,8192,64,4096,239.391
32,8192,64,8192,372.351
32,8192,64,16384,721.716
32,8192,128,16,44.7683
32,8192,128,32,45.2587
32,8192,128,64,45.76
32,8192,128,128,55.0933
32,8192,128,256,59.9783
32,8192,128,512,84.0533
32,8192,128,1024,133.578
32,8192,128,2048,228.309
32,8192,128,4096,374.868
32,8192,128,8192,719.807
32,8192,128,16384,1405.61
32,16384,0,0,38.325
32,16384,1,16,39.371
32,16384,1,32,38.8807
32,16384,1,64,38.8803
32,16384,1,128,38.9337
32,16384,1,256,39.1143
32,16384,1,512,39.0607
32,16384,1,1024,39.84
32,16384,1,2048,38.624
32,16384,1,4096,40.4587
32,16384,1,8192,41.3763
32,16384,1,16384,45.4503
32,16384,2,16,39.4673
32,16384,2,32,39.339
32,16384,2,64,39.0187
32,16384,2,128,39.285
32,16384,2,256,39.3487
32,16384,2,512,39.541
32,16384,2,1024,39.5627
32,16384,2,2048,39.5737
32,16384,2,4096,41.8237
32,16384,2,8192,45.5573
32,16384,2,16384,53.098
32,16384,4,16,39.3923
32,16384,4,32,39.296
32,16384,4,64,39.679
32,16384,4,128,39.7647
32,16384,4,256,39.808
32,16384,4,512,38.71
32,16384,4,1024,40.2237
32,16384,4,2048,42.08
32,16384,4,4096,46.037
32,16384,4,8192,53.5033
32,16384,4,16384,74.3143
32,16384,8,16,39.787
32,16384,8,32,40
32,16384,8,64,40.437
32,16384,8,128,39.4233
32,16384,8,256,40.0757
32,16384,8,512,40.9923
32,16384,8,1024,43.2743
32,16384,8,2048,53.0127
32,16384,8,4096,55.6483
32,16384,8,8192,104.907
32,16384,8,16384,120.384
32,16384,16,16,39.926
32,16384,16,32,40.2343
32,16384,16,64,40.512
32,16384,16,128,40.299
32,16384,16,256,43.1043
32,16384,16,512,44.5657
32,16384,16,1024,56.437
32,16384,16,2048,57.706
32,16384,16,4096,88.469
32,16384,16,8192,153.077
32,16384,16,16384,284.618
32,16384,32,16,42.7947
32,16384,32,32,43.424
32,16384,32,64,43.968
32,16384,32,128,44.8217
32,16384,32,256,44.2773
32,16384,32,512,57.1097
32,16384,32,1024,61.76
32,16384,32,2048,91.989
32,16384,32,4096,156.011
32,16384,32,8192,286.197
32,16384,32,16384,553.642
32,16384,64,16,43.8723
32,16384,64,32,44.1707
32,16384,64,64,45.1517
32,16384,64,128,49.835
32,16384,64,256,54.667
32,16384,64,512,67.0503
32,16384,64,1024,84.288
32,16384,64,2048,133.333
32,16384,64,4096,236.703
32,16384,64,8192,448.212
32,16384,64,16384,726.014
32,16384,128,16,52.2123
32,16384,128,32,52.522
32,16384,128,64,53.1303
32,16384,128,128,61.835
32,16384,128,256,70.2827
32,16384,128,512,97.2683
32,16384,128,1024,135.285
32,16384,128,2048,224.544
32,16384,128,4096,415.572
32,16384,128,8192,723.594
32,16384,128,16384,1415.4
64,0,0,0,14.6447
64,0,1,16,14.72
64,0,1,32,14.827
64,0,1,64,14.9453
64,0,1,128,16.011
64,0,1,256,17.526
64,0,1,512,18.5717
64,0,1,1024,18.5273
64,0,1,2048,20.5763
64,0,1,4096,23.7333
64,0,1,8192,30.0053
64,0,1,16384,42.5173
64,0,2,16,15.1043
64,0,2,32,14.997
64,0,2,64,14.9237
64,0,2,128,16.0637
64,0,2,256,17.472
64,0,2,512,18.6667
64,0,2,1024,18.368
64,0,2,2048,20.5123
64,0,2,4096,24.4907
64,0,2,8192,31.3177
64,0,2,16384,45.1843
64,0,4,16,15.0833
64,0,4,32,14.933
64,0,4,64,15.0723
64,0,4,128,16.245
64,0,4,256,17.536
64,0,4,512,18.8683
64,0,4,1024,19.5093
64,0,4,2048,22.9333
64,0,4,4096,30.0263
64,0,4,8192,45.5793
64,0,4,16384,65.2367
64,0,8,16,14.7843
64,0,8,32,14.539
64,0,8,64,14.7093
64,0,8,128,16.1067
64,0,8,256,17.3223
64,0,8,512,19.8073
64,0,8,1024,23.7647
64,0,8,2048,34.176
64,0,8,4096,46.539
64,0,8,8192,67.3813
64,0,8,16384,111.69
64,0,16,16,14.837
64,0,16,32,14.9873
64,0,16,64,14.987
64,0,16,128,16.6833
64,0,16,256,17.9303
64,0,16,512,29.995
64,0,16,1024,36.3733
64,0,16,2048,48.7673
64,0,16,4096,71.125
64,0,16,8192,111.573
64,0,16,16384,197.365
64,0,32,16,19.5953
64,0,32,32,19.9573
64,0,32,64,20.118
64,0,32,128,21.9947
64,0,32,256,25.7603
64,0,32,512,36.0747
64,0,32,1024,48.4367
64,0,32,2048,72.3517
64,0,32,4096,114.133
64,0,32,8192,199.68
64,0,32,16384,374.25
64,0,64,16,23.979
64,0,64,32,24.1917
64,0,64,64,24.6397
64,0,64,128,27.904
64,0,64,256,33.771
64,0,64,512,48.523
64,0,64,1024,72.4053
64,0,64,2048,111.819
64,0,64,4096,198.581
64,0,64,8192,370.41
64,0,64,16384,715.476
64,0,128,16,30.1017
64,0,128,32,30.4747
64,0,128,64,30.9653
64,0,128,128,37.4933
64,0,128,256,47.605
64,0,128,512,75.072
64,0,128,1024,118.666
64,0,128,2048,203.167
64,0,128,4096,371.712
64,0,128,8192,711.667
64,0,128,16384,1394.81
64,16,0,0,14.5817
64,16,1,16,14.6347
64,16,1,32,14.8267
64,16,1,64,14.8903
64,16,1,128,15.7653
64,16,1,256,17.451
64,16,1,512,18.5917
64,16,1,1024,18.4737
64,16,1,2048,20.4163
64,16,1,4096,23.4773
64,16,1,8192,30.059
64,16,1,16384,42.8267
64,16,2,16,15.029
64,16,2,32,15.1573
64,16,2,64,14.9867
64,16,2,128,16.139
64,16,2,256,17.5357
64,16,2,512,18.581
64,16,2,1024,18.6977
64,16,2,2048,20.3517
64,16,2,4096,24.4583
64,16,2,8192,31.4563
64,16,2,16384,45.5677
64,16,4,16,15.1677
64,16,4,32,15.136
64,16,4,64,14.922
64,16,4,128,16.2243
64,16,4,256,17.8987
64,16,4,512,19.552
64,16,4,1024,19.6807
64,16,4,2048,23.0087
64,16,4,4096,30.069
64,16,4,8192,45.9837
64,16,4,16384,65.867
64,16,8,16,14.6873
64,16,8,32,14.7087
64,16,8,64,14.6553
64,16,8,128,16.043
64,16,8,256,17.387
64,16,8,512,20
64,16,8,1024,23.616
64,16,8,2048,34.8907
64,16,8,4096,46.08
64,16,8,8192,66.6453
64,16,8,16384,110.271
64,16,16,16,14.9867
64,16,16,32,14.8593
64,16,16,64,15.0827
64,16,16,128,16.5973
64,16,16,256,17.8447
64,16,16,512,28.7787
64,16,16,1024,36.2773
64,16,16,2048,48.661
64,16,16,4096,69.7583
64,16,16,8192,111.061
64,16,16,16384,198.207
64,16,32,16,19.5947
64,16,32,32,20.085
64,16,32,64,19.9353
64,16,32,128,22.2087
64,16,32,256,25.9407
64,16,32,512,35.967
64,16,32,1024,48.6933
64,16,32,2048,69.8983
64,16,32,4096,115.008
64,16,32,8192,198.506
64,16,32,16384,371.039
64,16,64,16,23.9363
64,16,64,32,24.2023
64,16,64,64,24.32
64,16,64,128,27.861
64,16,64,256,34.0373
64,16,64,512,48.0853
64,16,64,1024,71.4673
64,16,64,2048,113.472
64,16,64,4096,198.4
64,16,64,8192,370.613
64,16,64,16384,714.079
64,16,128,16,29.8877
64,16,128,32,30.6017
64,16,128,64,31.168
64,16,128,128,36.6293
64,16,128,256,48.4803
64,16,128,512,74.911
64,16,128,1024,118.357
64,16,128,2048,203.178
64,16,128,4096,372.373
64,16,128,8192,711.348
64,16,128,16384,1394.55
64,32,0,0,14.5593
64,32,1,16,14.8803
64,32,1,32,14.72
64,32,1,64,14.88
64,32,1,128,16.1077
64,32,1,256,17.3973
64,32,1,512,18.5603
64,32,1,1024,18.635
64,32,1,2048,20.5327
64,32,1,4096,23.584
64,32,1,8192,30.2293
64,32,1,16384,42.539
64,32,2,16,14.9547
64,32,2,32,14.9437
64,32,2,64,15.072
64,32,2,128,16.32
64,32,2,256,17.611
64,32,2,512,18.486
64,32,2,1024,18.6347
64,32,2,2048,20.7683
64,32,2,4096,24.4803
64,32,2,8192,32.064
64,32,2,16384,46.1867
64,32,4,16,15.1463
64,32,4,32,14.986
64,32,4,64,14.9013
64,32,4,128,16.384
64,32,4,256,17.515
64,32,4,512,19.5307
64,32,4,1024,19.8073
64,32,4,2048,22.837
64,32,4,4096,29.664
64,32,4,8192,45.4713
64,32,4,16384,65.0767
64,32,8,16,14.5387
64,32,8,32,14.7407
64,32,8,64,14.7307
64,32,8,128,16.0213
64,32,8,256,17.0453
64,32,8,512,19.8187
64,32,8,1024,23.7013
64,32,8,2048,33.7383
64,32,8,4096,46.8157
64,32,8,8192,66.7943
64,32,8,16384,110.805
64,32,16,16,14.8267
64,32,16,32,15.0613
64,32,16,64,15.0297
64,32,16,128,16.5017
64,32,16,256,17.8883
64,32,16,512,28.8
64,32,16,1024,36.8957
64,32,16,2048,47.7217
64,32,16,4096,68.9493
64,32,16,8192,111.125
64,32,16,16384,198.784
64,32,32,16,19.6053
64,32,32,32,20.2243
64,32,32,64,20.1063
64,32,32,128,22.4533
64,32,32,256,25.9837
64,32,32,512,36.085
64,32,32,1024,49.0347
64,32,32,2048,69.429
64,32,32,4096,112.415
64,32,32,8192,197.503
64,32,32,16384,372.351
64,32,64,16,23.9893
64,32,64,32,24.363
64,32,64,64,24.3947
64,32,64,128,27.883
64,32,64,256,34.1013
64,32,64,512,47.6587
64,32,64,1024,70.9647
64,32,64,2048,113.29
64,32,64,4096,197.803
64,32,64,8192,372.479
64,32,64,16384,715.304
64,32,128,16,29.8877
64,32,128,32,30.3363
64,32,128,64,31.178
64,32,128,128,36.4373
64,32,128,256,48.0213
64,32,128,512,75.5737
64,32,128,1024,118.197
64,32,128,2048,202.773
64,32,128,4096,372.362
64,32,128,8192,710.622
64,32,128,16384,1394.96
64,64,0,0,14.6777
64,64,1,16,14.806
64,64,1,32,14.805
64,64,1,64,14.9767
64,64,1,128,16.085
64,64,1,256,17.3543
64,64,1,512,18.773
64,64,1,1024,18.5703
64,64,1,2048,20.437
64,64,1,4096,23.8613
64,64,1,8192,29.8773
64,64,1,16384,42.5067
64,64,2,16,14.8583
64,64,2,32,15.3597
64,64,2,64,14.9227
64,64,2,128,16.181
64,64,2,256,17.5043
64,64,2,512,18.613
64,64,2,1024,18.8803
64,64,2,2048,20.555
64,64,2,4096,24.2557
64,64,2,8192,31.5413
64,64,2,16384,46.186
64,64,4,16,15.0937
64,64,4,32,15.0503
64,64,4,64,15.1993
64,64,4,128,16.2873
64,64,4,256,17.6747
64,64,4,512,18.7947
64,64,4,1024,19.84
64,64,4,2048,22.8587
64,64,4,4096,29.931
64,64,4,8192,44.5763
64,64,4,16384,65.0027
64,64,8,16,14.496
64,64,8,32,14.7627
64,64,8,64,14.9117
64,64,8,128,16.1173
64,64,8,256,17.2477
64,64,8,512,20.0427
64,64,8,1024,23.296
64,64,8,2048,33.994
64,64,8,4096,46.934
64,64,8,8192,67.1783
64,64,8,16384,111.061
64,64,16,16,15.0183
64,64,16,32,14.9873
64,64,16,64,15.0287
64,64,16,128,16.501
64,64,16,256,18.0697
64,64,16,512,28.1913
64,64,16,1024,36.1703
64,64,16,2048,48.6727
64,64,16,4096,69.738
64,64,16,8192,112.032
64,64,16,16384,198.069
64,64,32,16,19.6903
64,64,32,32,19.765
64,64,32,64,20.5757
64,64,32,128,21.8457
64,64,32,256,25.5897
64,64,32,512,36.1923
64,64,32,1024,49.301
64,64,32,2048,70.133
64,64,32,4096,116.032
64,64,32,8192,198.827
64,64,32,16384,373.716
64,64,64,16,23.989
64,64,64,32,24.256
64,64,64,64,24.3413
64,64,64,128,27.7013
64,64,64,256,33.813
64,64,64,512,49.344
64,64,64,1024,70.9443
64,64,64,2048,111.136
64,64,64,4096,198.251
64,64,64,8192,370.879
64,64,64,16384,712.297
64,64,128,16,30.0487
64,64,128,32,30.2193
64,64,128,64,30.9653
64,64,128,128,36.8533
64,64,128,256,47.0077
64,64,128,512,74.0373
64,64,128,1024,117.61
64,64,128,2048,203.071
64,64,128,4096,374.538
64,64,128,8192,710.761
64,64,128,16384,1397.26
64,128,0,0,16.2447
64,128,1,16,16.3837
64,128,1,32,16.32
64,128,1,64,16.2453
64,128,1,128,16.341
64,128,1,256,17.4073
64,128,1,512,20.96
64,128,1,1024,19.9367
64,128,1,2048,21.653
64,128,1,4096,23.6597
64,128,1,8192,29.9517
64,128,1,16384,42.848
64,128,2,16,16.5657
64,128,2,32,16.5333
64,128,2,64,16.4163
64,128,2,128,16.6617
64,128,2,256,17.7593
64,128,2,512,22.197
64,128,2,1024,20.5123
64,128,2,2048,20.4907
64,128,2,4096,24.6073
64,128,2,8192,31.5303
64,128,2,16384,45.803
64,128,4,16,16.586
64,128,4,32,16.5547
64,128,4,64,16.6187
64,128,4,128,16.64
64,128,4,256,17.6957
64,128,4,512,23.2
64,128,4,1024,19.9567
64,128,4,2048,23.1357
64,128,4,4096,29.4187
64,128,4,8192,47.137
64,128,4,16384,68.0313
64,128,8,16,16.1393
64,128,8,32,16.3303
64,128,8,64,16.3093
64,128,8,128,16.5877
64,128,8,256,17.1627
64,128,8,512,20.2773
64,128,8,1024,23.446
64,128,8,2048,36.2553
64,128,8,4096,49.3337
64,128,8,8192,70.1123
64,128,8,16384,114.282
64,128,16,16,16.5443
64,128,16,32,16.4793
64,128,16,64,16.3403
64,128,16,128,16.4477
64,128,16,256,17.9733
64,128,16,512,30.709
64,128,16,1024,37.3863
64,128,16,2048,49.834
64,128,16,4096,71.6687
64,128,16,8192,115.136
64,128,16,16384,198.229
64,128,32,16,19.7333
64,128,32,32,19.5523
64,128,32,64,19.8713
64,128,32,128,23.9997
64,128,32,256,27.5093
64,128,32,512,37.6633
64,128,32,1024,51.7017
64,128,32,2048,73.5567
64,128,32,4096,116.981
64,128,32,8192,200.501
64,128,32,16384,373.151
64,128,64,16,24.032
64,128,64,32,24.128
64,128,64,64,24.5227
64,128,64,128,28.8753
64,128,64,256,34.699
64,128,64,512,52.672
64,128,64,1024,73.4077
64,128,64,2048,115.243
64,128,64,4096,200.49
64,128,64,8192,371.488
64,128,64,16384,716.254
64,128,128,16,31.509
64,128,128,32,31.8507
64,128,128,64,31.3703
64,128,128,128,36.9167
64,128,128,256,48.064
64,128,128,512,75.552
64,128,128,1024,117.343
64,128,128,2048,203.242
64,128,128,4096,373.269
64,128,128,8192,712.511
64,128,128,16384,1394.54
64,256,0,0,17.483
64,256,1,16,17.728
64,256,1,32,17.6003
64,256,1,64,17.6843
64,256,1,128,17.6757
64,256,1,256,17.6857
64,256,1,512,22.443
64,256,1,1024,20.4797
64,256,1,2048,21.7383
64,256,1,4096,24.864
64,256,1,8192,29.5677
64,256,1,16384,42.667
64,256,2,16,17.834
64,256,2,32,17.9417
64,256,2,64,17.9843
64,256,2,128,18.091
64,256,2,256,18.005
64,256,2,512,23.1247
64,256,2,1024,21.3433
64,256,2,2048,22.0583
64,256,2,4096,24.6293
64,256,2,8192,31.8187
64,256,2,16384,45.685
64,256,4,16,17.7597
64,256,4,32,17.899
64,256,4,64,18.048
64,256,4,128,17.9833
64,256,4,256,17.931
64,256,4,512,22.7523
64,256,4,1024,23.499
64,256,4,2048,23.1573
64,256,4,4096,29.6003
64,256,4,8192,41.8563
64,256,4,16384,70.2717
64,256,8,16,17.4293
64,256,8,32,17.611
64,256,8,64,17.6
64,256,8,128,17.5577
64,256,8,256,17.653
64,256,8,512,23.1887
64,256,8,1024,23.648
64,256,8,2048,35.8613
64,256,8,4096,49.3227
64,256,8,8192,72.3407
64,256,8,16384,114.229
64,256,16,16,17.61
64,256,16,32,17.5783
64,256,16,64,17.814
64,256,16,128,17.6857
64,256,16,256,18.24
64,256,16,512,30.656
64,256,16,1024,38.795
64,256,16,2048,49.8777
64,256,16,4096,72.8853
64,256,16,8192,117.482
64,256,16,16384,200.81
64,256,32,16,19.3917
64,256,32,32,19.9677
64,256,32,64,20.1167
64,256,32,128,23.4133
64,256,32,256,28.9817
64,256,32,512,39.9783
64,256,32,1024,53.2373
64,256,32,2048,74.5807
64,256,32,4096,118.005
64,256,32,8192,199.103
64,256,32,16384,375.306
64,256,64,16,24.2667
64,256,64,32,24.2347
64,256,64,64,24.4157
64,256,64,128,28.96
64,256,64,256,35.5307
64,256,64,512,54.6657
64,256,64,1024,73.9093
64,256,64,2048,116.651
64,256,64,4096,200.01
64,256,64,8192,374.196
64,256,64,16384,716.265
64,256,128,16,32.6613
64,256,128,32,32.8537
64,256,128,64,33.1623
64,256,128,128,38.2947
64,256,128,256,48.501
64,256,128,512,77.8663
64,256,128,1024,119.808
64,256,128,2048,203.051
64,256,128,4096,374.496
64,256,128,8192,713.695
64,256,128,16384,1397.66
64,512,0,0,24.1277
64,512,1,16,23.8297
64,512,1,32,23.5523
64,512,1,64,23.5087
64,512,1,128,22.944
64,512,1,256,23.264
64,512,1,512,24.0103
64,512,1,1024,22.3043
64,512,1,2048,21.7597
64,512,1,4096,24.7897
64,512,1,8192,31.093
64,512,1,16384,42.5387
64,512,2,16,23.2857
64,512,2,32,23.5307
64,512,2,64,22.3683
64,512,2,128,23.818
64,512,2,256,23.9677
64,512,2,512,23.5523
64,512,2,1024,23.0823
64,512,2,2048,23.062
64,512,2,4096,25.152
64,512,2,8192,32.2133
64,512,2,16384,45.802
64,512,4,16,23.4667
64,512,4,32,22.9977
64,512,4,64,23.3817
64,512,4,128,24.0327
64,512,4,256,23.445
64,512,4,512,23.9043
64,512,4,1024,24.0217
64,512,4,2048,25.6103
64,512,4,4096,30.7303
64,512,4,8192,41.6747
64,512,4,16384,71.893
64,512,8,16,23.8823
64,512,8,32,21.5047
64,512,8,64,23.7337
64,512,8,128,23.2213
64,512,8,256,22.635
64,512,8,512,27.9253
64,512,8,1024,27.3493
64,512,8,2048,30.581
64,512,8,4096,52.6927
64,512,8,8192,74.4853
64,512,8,16384,120.566
64,512,16,16,22.464
64,512,16,32,23.36
64,512,16,64,23.328
64,512,16,128,24.7677
64,512,16,256,25.0557
64,512,16,512,32.9497
64,512,16,1024,39.0827
64,512,16,2048,53.3327
64,512,16,4096,75.562
64,512,16,8192,117.547
64,512,16,16384,201.163
64,512,32,16,26.1757
64,512,32,32,26.9227
64,512,32,64,26.6237
64,512,32,128,29.7817
64,512,32,256,33.4077
64,512,32,512,41.8457
64,512,32,1024,54.304
64,512,32,2048,77.088
64,512,32,4096,117.76
64,512,32,8192,202.549
64,512,32,16384,375.455
64,512,64,16,29.6533
64,512,64,32,29.802
64,512,64,64,30.464
64,512,64,128,33.6113
64,512,64,256,40.9177
64,512,64,512,56.213
64,512,64,1024,79.4243
64,512,64,2048,121.674
64,512,64,4096,203.733
64,512,64,8192,373.46
64,512,64,16384,720.905
64,512,128,16,39.3817
64,512,128,32,39.2427
64,512,128,64,39.5833
64,512,128,128,46.7413
64,512,128,256,58.2073
64,512,128,512,79.221
64,512,128,1024,118.549
64,512,128,2048,203.498
64,512,128,4096,373.705
64,512,128,8192,716.852
64,512,128,16384,1394.6
64,1024,0,0,25.0243
64,1024,1,16,24.6077
64,1024,1,32,23.2747
64,1024,1,64,24.2763
64,1024,1,128,24.4383
64,1024,1,256,23.7227
64,1024,1,512,23.9143
64,1024,1,1024,24.2457
64,1024,1,2048,23.0617
64,1024,1,4096,25.024
64,1024,1,8192,31.3173
64,1024,1,16384,43.9577
64,1024,2,16,23.766
64,1024,2,32,23.7973
64,1024,2,64,23.509
64,1024,2,128,24.3093
64,1024,2,256,23.594
64,1024,2,512,23.6903
64,1024,2,1024,24.0533
64,1024,2,2048,25.365
64,1024,2,4096,25.7057
64,1024,2,8192,32.8643
64,1024,2,16384,45.835
64,1024,4,16,24.3413
64,1024,4,32,24.4053
64,1024,4,64,24.533
64,1024,4,128,24.725
64,1024,4,256,24.0957
64,1024,4,512,24.288
64,1024,4,1024,26.7093
64,1024,4,2048,26.122
64,1024,4,4096,32.0103
64,1024,4,8192,42.5067
64,1024,4,16384,66.8163
64,1024,8,16,23.6587
64,1024,8,32,23.7863
64,1024,8,64,23.9577
64,1024,8,128,24.021
64,1024,8,256,27.072
64,1024,8,512,25.2803
64,1024,8,1024,33.2373
64,1024,8,2048,32.3843
64,1024,8,4096,53.088
64,1024,8,8192,79.6583
64,1024,8,16384,124.47
64,1024,16,16,26.0803
64,1024,16,32,26.165
64,1024,16,64,26.2503
64,1024,16,128,25.2477
64,1024,16,256,27.0937
64,1024,16,512,33.291
64,1024,16,1024,40.3413
64,1024,16,2048,56.6717
64,1024,16,4096,81.3543
64,1024,16,8192,121.974
64,1024,16,16384,207.082
64,1024,32,16,25.6213
64,1024,32,32,25.4833
64,1024,32,64,25.9303
64,1024,32,128,29.7067
64,1024,32,256,33.696
64,1024,32,512,43.4347
64,1024,32,1024,59.072
64,1024,32,2048,82.474
64,1024,32,4096,125.024
64,1024,32,8192,206.655
64,1024,32,16384,377.877
64,1024,64,16,30.1013
64,1024,64,32,30.4857
64,1024,64,64,30.6667
64,1024,64,128,35.2847
64,1024,64,256,41.9733
64,1024,64,512,55.4883
64,1024,64,1024,82.7943
64,1024,64,2048,126.783
64,1024,64,4096,209.078
64,1024,64,8192,376.127
64,1024,64,16384,719.689
64,1024,128,16,41.1097
64,1024,128,32,40.853
64,1024,128,64,41.4827
64,1024,128,128,49.0027
64,1024,128,256,60.4477
64,1024,128,512,84.1817
64,1024,128,1024,120.96
64,1024,128,2048,202.677
64,1024,128,4096,375.102
64,1024,128,8192,716.266
64,1024,128,16384,1400.75
64,2048,0,0,25.9193
64,2048,1,16,26.005
64,2048,1,32,26.3363
64,2048,1,64,26.1867
64,2048,1,128,26.2513
64,2048,1,256,26.411
64,2048,1,512,25.974
64,2048,1,1024,26.2077
64,2048,1,2048,25.7913
64,2048,1,4096,26.2503
64,2048,1,8192,31.4033
64,2048,1,16384,44.5867
64,2048,2,16,25.9093
64,2048,2,32,26.0047
64,2048,2,64,25.973
64,2048,2,128,26.112
64,2048,2,256,26.5283
64,2048,2,512,26.2293
64,2048,2,1024,26.762
64,2048,2,2048,26.8057
64,2048,2,4096,29.2477
64,2048,2,8192,34.112
64,2048,2,16384,47.0403
64,2048,4,16,26.3253
64,2048,4,32,26.197
64,2048,4,64,26.421
64,2048,4,128,26.1227
64,2048,4,256,26.656
64,2048,4,512,25.28
64,2048,4,1024,26.7947
64,2048,4,2048,28.853
64,2048,4,4096,32.8107
64,2048,4,8192,45.3013
64,2048,4,16384,65.589
64,2048,8,16,26.0697
64,2048,8,32,26.3143
64,2048,8,64,26.3037
64,2048,8,128,26.059
64,2048,8,256,26.1123
64,2048,8,512,29.216
64,2048,8,1024,28.6927
64,2048,8,2048,42.3353
64,2048,8,4096,45.2583
64,2048,8,8192,85.493
64,2048,8,16384,134.474
64,2048,16,16,25.5787
64,2048,16,32,25.7917
64,2048,16,64,25.6
64,2048,16,128,28.1813
64,2048,16,256,30.4423
64,2048,16,512,29.728
64,2048,16,1024,41.035
64,2048,16,2048,56.4907
64,2048,16,4096,88.2883
64,2048,16,8192,134.24
64,2048,16,16384,218.751
64,2048,32,16,30.2293
64,2048,32,32,30.9757
64,2048,32,64,31.7443
64,2048,32,128,30.7407
64,2048,32,256,33.12
64,2048,32,512,42.3037
64,2048,32,1024,57.7817
64,2048,32,2048,91.008
64,2048,32,4096,134.251
64,2048,32,8192,220
64,2048,32,16384,381.834
64,2048,64,16,32.6187
64,2048,64,32,32.2773
64,2048,64,64,33.003
64,2048,64,128,35.7653
64,2048,64,256,41.7813
64,2048,64,512,55.0397
64,2048,64,1024,80.7357
64,2048,64,2048,136.426
64,2048,64,4096,220.65
64,2048,64,8192,385.107
64,2048,64,16384,719.22
64,2048,128,16,41.2053
64,2048,128,32,41.4083
64,2048,128,64,42.2827
64,2048,128,128,50.1763
64,2048,128,256,60.501
64,2048,128,512,83.9037
64,2048,128,1024,130.571
64,2048,128,2048,204.693
64,2048,128,4096,373.439
64,2048,128,8192,717.481
64,2048,128,16384,1404.69
64,4096,0,0,29.9843
64,4096,1,16,30.6557
64,4096,1,32,30.421
64,4096,1,64,30.3897
64,4096,1,128,30.4323
64,4096,1,256,30.24
64,4096,1,512,30.496
64,4096,1,1024,30.304
64,4096,1,2048,30.8487
64,4096,1,4096,30.752
64,4096,1,8192,32.352
64,4096,1,16384,44.8317
64,4096,2,16,30.7523
64,4096,2,32,31.0713
64,4096,2,64,30.997
64,4096,2,128,31.093
64,4096,2,256,31.1573
64,4096,2,512,31.051
64,4096,2,1024,30.9013
64,4096,2,2048,30.4
64,4096,2,4096,31.5627
64,4096,2,8192,37.088
64,4096,2,16384,48.7893
64,4096,4,16,31.3277
64,4096,4,32,31.1583
64,4096,4,64,31.328
64,4096,4,128,31.4023
64,4096,4,256,31.1357
64,4096,4,512,30.6553
64,4096,4,1024,30.9757
64,4096,4,2048,32.4267
64,4096,4,4096,37.5787
64,4096,4,8192,46.9533
64,4096,4,16384,70.9547
64,4096,8,16,30.6767
64,4096,8,32,30.71
64,4096,8,64,31.115
64,4096,8,128,28.459
64,4096,8,256,30.8587
64,4096,8,512,31.285
64,4096,8,1024,36.8423
64,4096,8,2048,36.779
64,4096,8,4096,62.7517
64,4096,8,8192,68.1173
64,4096,8,16384,148.362
64,4096,16,16,30.368
64,4096,16,32,30.4427
64,4096,16,64,31.0403
64,4096,16,128,32
64,4096,16,256,32.853
64,4096,16,512,39.9147
64,4096,16,1024,38.2403
64,4096,16,2048,55.392
64,4096,16,4096,86.2393
64,4096,16,8192,151.509
64,4096,16,16384,239.626
64,4096,32,16,33.909
64,4096,32,32,33.9847
64,4096,32,64,34.3357
64,4096,32,128,35.5623
64,4096,32,256,40.3307
64,4096,32,512,42.837
64,4096,32,1024,58.7837
64,4096,32,2048,91.1253
64,4096,32,4096,153.344
64,4096,32,8192,236.128
64,4096,32,16384,410.687
64,4096,64,16,36.235
64,4096,64,32,36.4587
64,4096,64,64,36.5967
64,4096,64,128,41.195
64,4096,64,256,46.688
64,4096,64,512,54.8053
64,4096,64,1024,79.7977
64,4096,64,2048,132.682
64,4096,64,4096,241.503
64,4096,64,8192,407.797
64,4096,64,16384,738.857
64,4096,128,16,45.7387
64,4096,128,32,45.675
64,4096,128,64,46.07
64,4096,128,128,53.216
64,4096,128,256,60.618
64,4096,128,512,82.9447
64,4096,128,1024,132.053
64,4096,128,2048,225.44
64,4096,128,4096,376.97
64,4096,128,8192,718.761
64,4096,128,16384,1410.77
64,8192,0,0,36.949
64,8192,1,16,37.483
64,8192,1,32,37.6003
64,8192,1,64,37.5893
64,8192,1,128,37.354
64,8192,1,256,37.9203
64,8192,1,512,37.8767
64,8192,1,1024,37.7493
64,8192,1,2048,38.176
64,8192,1,4096,37.8983
64,8192,1,8192,38.666
64,8192,1,16384,45.6103
64,8192,2,16,37.984
64,8192,2,32,37.5573
64,8192,2,64,37.867
64,8192,2,128,38.1437
64,8192,2,256,38.0793
64,8192,2,512,36.0743
64,8192,2,1024,38.5493
64,8192,2,2048,38.7947
64,8192,2,4096,39.3813
64,8192,2,8192,43.0293
64,8192,2,16384,49.8343
64,8192,4,16,38.2613
64,8192,4,32,38.1653
64,8192,4,64,38.005
64,8192,4,128,38.3357
64,8192,4,256,38.8587
64,8192,4,512,38.635
64,8192,4,1024,38.9757
64,8192,4,2048,39.9357
64,8192,4,4096,44.1813
64,8192,4,8192,51.231
64,8192,4,16384,76.522
64,8192,8,16,37.6103
64,8192,8,32,37.6743
64,8192,8,64,37.525
64,8192,8,128,38.4433
64,8192,8,256,38.4213
64,8192,8,512,38.9867
64,8192,8,1024,39.9677
64,8192,8,2048,49.9943
64,8192,8,4096,50.6027
64,8192,8,8192,99.7227
64,8192,8,16384,116.854
64,8192,16,16,39.1043
64,8192,16,32,39.0187
64,8192,16,64,39.0507
64,8192,16,128,38.335
64,8192,16,256,39.381
64,8192,16,512,39.8403
64,8192,16,1024,53.5893
64,8192,16,2048,54.218
64,8192,16,4096,84.9703
64,8192,16,8192,145.813
64,8192,16,16384,276.351
64,8192,32,16,41.226
64,8192,32,32,41.589
64,8192,32,64,42.0583
64,8192,32,128,43.4123
64,8192,32,256,46.891
64,8192,32,512,53.9733
64,8192,32,1024,58.379
64,8192,32,2048,88.1497
64,8192,32,4096,149.994
64,8192,32,8192,282.367
64,8192,32,16384,443.68
64,8192,64,16,43.0083
64,8192,64,32,42.677
64,8192,64,64,43.659
64,8192,64,128,48.2027
64,8192,64,256,50.08
64,8192,64,512,62.0587
64,8192,64,1024,81.856
64,8192,64,2048,128.118
64,8192,64,4096,231.541
64,8192,64,8192,454.399
64,8192,64,16384,791.636
64,8192,128,16,52.0527
64,8192,128,32,52.8317
64,8192,128,64,54.272
64,8192,128,128,61.0343
64,8192,128,256,68.0217
64,8192,128,512,90.4427
64,8192,128,1024,131.328
64,8192,128,2048,221.887
64,8192,128,4096,413.151
64,8192,128,8192,719.262
64,8192,128,16384,1406.01
64,16384,0,0,49.3113
64,16384,1,16,49.813
64,16384,1,32,49.856
64,16384,1,64,50.1863
64,16384,1,128,50.016
64,16384,1,256,50.0687
64,16384,1,512,49.824
64,16384,1,1024,50.1223
64,16384,1,2048,50.1643
64,16384,1,4096,52.4483
64,16384,1,8192,52.3627
64,16384,1,16384,56.586
64,16384,2,16,50.1123
64,16384,2,32,50.6767
64,16384,2,64,50.2293
64,16384,2,128,50.7193
64,16384,2,256,50.357
64,16384,2,512,50.6347
64,16384,2,1024,50.3993
64,16384,2,2048,53.2583
64,16384,2,4096,52.7257
64,16384,2,8192,56.4787
64,16384,2,16384,64.203
64,16384,4,16,50.8167
64,16384,4,32,50.3677
64,16384,4,64,50.869
64,16384,4,128,50.656
64,16384,4,256,50.6347
64,16384,4,512,49.227
64,16384,4,1024,53.0563
64,16384,4,2048,53.109
64,16384,4,4096,57.8243
64,16384,4,8192,65.387
64,16384,4,16384,79.5623
64,16384,8,16,50.3893
64,16384,8,32,50.208
64,16384,8,64,50.1863
64,16384,8,128,50.3347
64,16384,8,256,48.779
64,16384,8,512,52.8093
64,16384,8,1024,51.4553
64,16384,8,2048,56.832
64,16384,8,4096,76.7143
64,16384,8,8192,80.1597
64,16384,8,16384,175.242
64,16384,16,16,52.309
64,16384,16,32,51.8933
64,16384,16,64,52.4907
64,16384,16,128,53.7697
64,16384,16,256,53.8983
64,16384,16,512,56.1383
64,16384,16,1024,59.1683
64,16384,16,2048,79.4133
64,16384,16,4096,81.813
64,16384,16,8192,142.762
64,16384,16,16384,263.914
64,16384,32,16,53.0547
64,16384,32,32,53.045
64,16384,32,64,53.216
64,16384,32,128,57.2797
64,16384,32,256,59.2533
64,16384,32,512,65.0983
64,16384,32,1024,73.6107
64,16384,32,2048,87.0507
64,16384,32,4096,146.954
64,16384,32,8192,266.495
64,16384,32,16384,519.871
64,16384,64,16,56.3093
64,16384,64,32,56.512
64,16384,64,64,57.1623
64,16384,64,128,61.9413
64,16384,64,256,64.704
64,16384,64,512,74.7197
64,16384,64,1024,94.687
64,16384,64,2048,137.727
64,16384,64,4096,224.96
64,16384,64,8192,426.848
64,16384,64,16384,884.307
64,16384,128,16,67.157
64,16384,128,32,66.869
64,16384,128,64,67.0827
64,16384,128,128,75.1573
64,16384,128,256,82.2613
64,16384,128,512,104.746
64,16384,128,1024,145.855
64,16384,128,2048,219.349
64,16384,128,4096,396.479
64,16384,128,8192,773.097
64,16384,128,16384,1414.45
128,0,0,0,14.9227
128,0,1,16,15.1683
128,0,1,32,15.264
128,0,1,64,15.115
128,0,1,128,15.9683
128,0,1,256,17.4287
128,0,1,512,18.923
128,0,1,1024,20.768
128,0,1,2048,23.755
128,0,1,4096,29.8453
128,0,1,8192,42.016
128,0,1,16384,67.1783
128,0,2,16,15.1573
128,0,2,32,15.008
128,0,2,64,15.2643
128,0,2,128,16.352
128,0,2,256,17.8567
128,0,2,512,19.2107
128,0,2,1024,20.9173
128,0,2,2048,24.1387
128,0,2,4096,30.3147
128,0,2,8192,43.115
128,0,2,16384,69.2263
128,0,4,16,14.9653
128,0,4,32,14.795
128,0,4,64,15.0503
128,0,4,128,16.075
128,0,4,256,17.429
128,0,4,512,20.9387
128,0,4,1024,21.7493
128,0,4,2048,25.792
128,0,4,4096,32.992
128,0,4,8192,47.435
128,0,4,16384,75.7857
128,0,8,16,15.254
128,0,8,32,15.1253
128,0,8,64,15.242
128,0,8,128,16.3417
128,0,8,256,17.643
128,0,8,512,21.141
128,0,8,1024,24.779
128,0,8,2048,34.1657
128,0,8,4096,46.368
128,0,8,8192,67.6157
128,0,8,16384,112.384
128,0,16,16,15.104
128,0,16,32,15.2323
128,0,16,64,15.221
128,0,16,128,16.8207
128,0,16,256,18.059
128,0,16,512,28.192
128,0,16,1024,34.4847
128,0,16,2048,47.0613
128,0,16,4096,68.085
128,0,16,8192,111.648
128,0,16,16384,197.183
128,0,32,16,19.9033
128,0,32,32,20.224
128,0,32,64,20.8953
128,0,32,128,22.197
128,0,32,256,25.5683
128,0,32,512,35.5827
128,0,32,1024,48.256
128,0,32,2048,71.2107
128,0,32,4096,112.896
128,0,32,8192,201.077
128,0,32,16384,376.49
128,0,64,16,24.4267
128,0,64,32,24.5863
128,0,64,64,25.3123
128,0,64,128,28.64
128,0,64,256,33.2587
128,0,64,512,49.3763
128,0,64,1024,71.1467
128,0,64,2048,113.771
128,0,64,4096,199.562
128,0,64,8192,370.283
128,0,64,16384,716.052
128,0,128,16,33.7063
128,0,128,32,33.9943
128,0,128,64,34.453
128,0,128,128,41.2257
128,0,128,256,50.2937
128,0,128,512,74.7303
128,0,128,1024,119.371
128,0,128,2048,203.638
128,0,128,4096,372.895
128,0,128,8192,713.31
128,0,128,16384,1398.66
128,16,0,0,16.502
128,16,1,16,16.1067
128,16,1,32,16.1813
128,16,1,64,16.1707
128,16,1,128,16.3417
128,16,1,256,17.408
128,16,1,512,20.8637
128,16,1,1024,22.0897
128,16,1,2048,23.6897
128,16,1,4096,29.738
128,16,1,8192,42.314
128,16,1,16384,67.3813
128,16,2,16,16.2347
128,16,2,32,16.235
128,16,2,64,16.2237
128,16,2,128,16.0747
128,16,2,256,17.579
128,16,2,512,21.333
128,16,2,1024,21.1843
128,16,2,2048,24.299
128,16,2,4096,30.2187
128,16,2,8192,42.752
128,16,2,16384,68.821
128,16,4,16,15.8297
128,16,4,32,15.9453
128,16,4,64,15.7337
128,16,4,128,16.256
128,16,4,256,17.3007
128,16,4,512,21.056
128,16,4,1024,21.9953
128,16,4,2048,25.6107
128,16,4,4096,33.1413
128,16,4,8192,46.7303
128,16,4,16384,76.9167
128,16,8,16,16.736
128,16,8,32,16.331
128,16,8,64,16.3733
128,16,8,128,16.5117
128,16,8,256,17.771
128,16,8,512,21.8243
128,16,8,1024,25.461
128,16,8,2048,30.912
128,16,8,4096,46.7093
128,16,8,8192,69.1947
128,16,8,16384,112.554
128,16,16,16,16.672
128,16,16,32,16.6933
128,16,16,64,16.6293
128,16,16,128,17.0347
128,16,16,256,18.1763
128,16,16,512,28.6503
128,16,16,1024,35.115
128,16,16,2048,47.1777
128,16,16,4096,69.5903
128,16,16,8192,110.517
128,16,16,16384,196.608
128,16,32,16,20.096
128,16,32,32,20.5017
128,16,32,64,20.7037
128,16,32,128,22.581
128,16,32,256,25.4827
128,16,32,512,35.178
128,16,32,1024,49.599
128,16,32,2048,71.9253
128,16,32,4096,112.512
128,16,32,8192,198.24
128,16,32,16384,378.74
128,16,64,16,24.5643
128,16,64,32,24.4587
128,16,64,64,25.077
128,16,64,128,28.821
128,16,64,256,33.227
128,16,64,512,49.578
128,16,64,1024,71.4137
128,16,64,2048,113.931
128,16,64,4096,198.122
128,16,64,8192,371.669
128,16,64,16384,714.665
128,16,128,16,33.6853
128,16,128,32,34.1443
128,16,128,64,33.6737
128,16,128,128,40.8423
128,16,128,256,50.229
128,16,128,512,75.05
128,16,128,1024,119.233
128,16,128,2048,202.815
128,16,128,4096,372.533
128,16,128,8192,712.895
128,16,128,16384,1398.74
128,32,0,0,16.4477
128,32,1,16,16.1703
128,32,1,32,16.106
128,32,1,64,16.117
128,32,1,128,16.1707
128,32,1,256,17.4607
128,32,1,512,21.3977
128,32,1,1024,22.0477
128,32,1,2048,23.5517
128,32,1,4096,29.7173
128,32,1,8192,42.1433
128,32,1,16384,67.19
128,32,2,16,16.1173
128,32,2,32,16.267
128,32,2,64,16.416
128,32,2,128,16.331
128,32,2,256,17.7497
128,32,2,512,21.5257
128,32,2,1024,21.2477
128,32,2,2048,24.2557
128,32,2,4096,30.3147
128,32,2,8192,43.1997
128,32,2,16384,68.971
128,32,4,16,15.8187
128,32,4,32,15.8827
128,32,4,64,15.8407
128,32,4,128,16.1607
128,32,4,256,17.483
128,32,4,512,20.9917
128,32,4,1024,22.016
128,32,4,2048,26.1973
128,32,4,4096,32.96
128,32,4,8192,47.0713
128,32,4,16384,75.616
128,32,8,16,16.469
128,32,8,32,16.064
128,32,8,64,16.5553
128,32,8,128,16.4487
128,32,8,256,17.9307
128,32,8,512,21.2267
128,32,8,1024,24.683
128,32,8,2048,31.04
128,32,8,4096,46.2073
128,32,8,8192,68.3517
128,32,8,16384,111.616
128,32,16,16,16.533
128,32,16,32,16.4807
128,32,16,64,16.6297
128,32,16,128,16.7997
128,32,16,256,17.9307
128,32,16,512,29.0453
128,32,16,1024,35.125
128,32,16,2048,46.944
128,32,16,4096,68.0747
128,32,16,8192,110.304
128,32,16,16384,198.08
128,32,32,16,20.3627
128,32,32,32,20.4793
128,32,32,64,20.8753
128,32,32,128,23.0287
128,32,32,256,25.162
128,32,32,512,35.861
128,32,32,1024,48.65
128,32,32,2048,70.9223
128,32,32,4096,113.685
128,32,32,8192,201.62
128,32,32,16384,372.981
128,32,64,16,24.523
128,32,64,32,24.501
128,32,64,64,24.8743
128,32,64,128,28.5973
128,32,64,256,33.8877
128,32,64,512,50.8793
128,32,64,1024,73.547
128,32,64,2048,112.394
128,32,64,4096,197.92
128,32,64,8192,371.37
128,32,64,16384,718.259
128,32,128,16,33.686
128,32,128,32,34.1227
128,32,128,64,34.102
128,32,128,128,41.1413
128,32,128,256,51.1253
128,32,128,512,80.437
128,32,128,1024,121.386
128,32,128,2048,204.905
128,32,128,4096,372.82
128,32,128,8192,710.975
128,32,128,16384,1400.65
128,64,0,0,16.7893
128,64,1,16,16.7687
128,64,1,32,16.5863
128,64,1,64,16.8107
128,64,1,128,16.7783
128,64,1,256,17.5253
128,64,1,512,21.3763
128,64,1,1024,22.048
128,64,1,2048,23.8507
128,64,1,4096,29.8447
128,64,1,8192,42.2713
128,64,1,16384,67.3063
128,64,2,16,16.843
128,64,2,32,16.7467
128,64,2,64,16.746
128,64,2,128,16.704
128,64,2,256,17.6853
128,64,2,512,21.5143
128,64,2,1024,21.131
128,64,2,2048,24.1817
128,64,2,4096,30.1117
128,64,2,8192,42.7623
128,64,2,16384,68.4583
128,64,4,16,16.3403
128,64,4,32,16.2773
128,64,4,64,16.267
128,64,4,128,16.341
128,64,4,256,17.365
128,64,4,512,21.184
128,64,4,1024,22.0267
128,64,4,2048,25.589
128,64,4,4096,32.6933
128,64,4,8192,47.1677
128,64,4,16384,76.2773
128,64,8,16,16.5547
128,64,8,32,16.7043
128,64,8,64,16.843
128,64,8,128,16.7993
128,64,8,256,17.9523
128,64,8,512,21.6637
128,64,8,1024,24.6823
128,64,8,2048,30.9017
128,64,8,4096,46.7623
128,64,8,8192,68.0207
128,64,8,16384,112.512
128,64,16,16,16.853
128,64,16,32,16.907
128,64,16,64,16.768
128,64,16,128,16.8747
128,64,16,256,17.9413
128,64,16,512,29.1193
128,64,16,1024,35.0407
128,64,16,2048,47.3287
128,64,16,4096,68.0637
128,64,16,8192,111.275
128,64,16,16384,198.217
128,64,32,16,20.3413
128,64,32,32,20.2773
128,64,32,64,20.6823
128,64,32,128,23.4447
128,64,32,256,25.5563
128,64,32,512,35.0087
128,64,32,1024,49.8133
128,64,32,2048,71.7973
128,64,32,4096,115.104
128,64,32,8192,199.69
128,64,32,16384,373.877
128,64,64,16,24.501
128,64,64,32,24.5767
128,64,64,64,24.992
128,64,64,128,28.9177
128,64,64,256,33.814
128,64,64,512,51.637
128,64,64,1024,71.3173
128,64,64,2048,112.65
128,64,64,4096,200.159
128,64,64,8192,371.625
128,64,64,16384,716.563
128,64,128,16,33.9733
128,64,128,32,33.8563
128,64,128,64,34.0163
128,64,128,128,40.6617
128,64,128,256,50.2513
128,64,128,512,78.9017
128,64,128,1024,119.605
128,64,128,2048,203.904
128,64,128,4096,372.074
128,64,128,8192,714.228
128,64,128,16384,1397.43
128,128,0,0,16.7573
128,128,1,16,17.0663
128,128,1,32,17.12
128,128,1,64,16.928
128,128,1,128,16.8743
128,128,1,256,17.3973
128,128,1,512,21.7067
128,128,1,1024,22.4853
128,128,1,2048,23.6687
128,128,1,4096,29.8137
128,128,1,8192,42.3463
128,128,1,16384,67.4983
128,128,2,16,16.9603
128,128,2,32,17.057
128,128,2,64,17.088
128,128,2,128,16.8957
128,128,2,256,17.7177
128,128,2,512,21.6003
128,128,2,1024,21.1843
128,128,2,2048,23.9143
128,128,2,4096,30.0907
128,128,2,8192,43.4137
128,128,2,16384,69.4187
128,128,4,16,16.7137
128,128,4,32,16.5017
128,128,4,64,16.683
128,128,4,128,16.747
128,128,4,256,17.5147
128,128,4,512,21.6423
128,128,4,1024,22.379
128,128,4,2048,25.5257
128,128,4,4096,32.277
128,128,4,8192,47.2643
128,128,4,16384,76.618
128,128,8,16,16.907
128,128,8,32,17.0243
128,128,8,64,17.034
128,128,8,128,16.629
128,128,8,256,17.7913
128,128,8,512,21.8883
128,128,8,1024,25.3333
128,128,8,2048,31.8177
128,128,8,4096,48.576
128,128,8,8192,70.08
128,128,8,16384,112.021
128,128,16,16,17.0877
128,128,16,32,17.0023
128,128,16,64,17.0983
128,128,16,128,16.8533
128,128,16,256,18.3887
128,128,16,512,30.3463
128,128,16,1024,36.139
128,128,16,2048,48.2137
128,128,16,4096,70.5377
128,128,16,8192,112.992
128,128,16,16384,200.544
128,128,32,16,20.0747
128,128,32,32,20.0857
128,128,32,64,20.3737
128,128,32,128,23.8617
128,128,32,256,27.4347
128,128,32,512,37.2907
128,128,32,1024,49.8023
128,128,32,2048,72.9273
128,128,32,4096,115.562
128,128,32,8192,200.213
128,128,32,16384,378.164
128,128,64,16,24.3837
128,128,64,32,24.821
128,128,64,64,25.0877
128,128,64,128,29.483
128,128,64,256,35.2003
128,128,64,512,52.8757
128,128,64,1024,72.4697
128,128,64,2048,115.168
128,128,64,4096,200.096
128,128,64,8192,373.001
128,128,64,16384,719.614
128,128,128,16,33.771
128,128,128,32,34.1233
128,128,128,64,33.92
128,128,128,128,41.771
128,128,128,256,52.128
128,128,128,512,81.5463
128,128,128,1024,122.687
128,128,128,2048,206.208
128,128,128,4096,375.882
128,128,128,8192,713.384
128,128,128,16384,1399.2
128,256,0,0,17.867
128,256,1,16,18.186
128,256,1,32,18.0367
128,256,1,64,18.059
128,256,1,128,18.155
128,256,1,256,18.1337
128,256,1,512,23.168
128,256,1,1024,22.7737
128,256,1,2048,25.8137
128,256,1,4096,31.6803
128,256,1,8192,42.1227
128,256,1,16384,67.3703
128,256,2,16,18.144
128,256,2,32,18.176
128,256,2,64,18.176
128,256,2,128,18.08
128,256,2,256,18.219
128,256,2,512,23.7973
128,256,2,1024,23.2003
128,256,2,2048,26.2183
128,256,2,4096,30.443
128,256,2,8192,43.424
128,256,2,16384,69.4287
128,256,4,16,17.92
128,256,4,32,17.8873
128,256,4,64,17.8357
128,256,4,128,17.813
128,256,4,256,17.76
128,256,4,512,24.118
128,256,4,1024,23.861
128,256,4,2048,25.9947
128,256,4,4096,33.3553
128,256,4,8192,47.3277
128,256,4,16384,76.2023
128,256,8,16,18.187
128,256,8,32,18.091
128,256,8,64,17.8657
128,256,8,128,18.198
128,256,8,256,18.123
128,256,8,512,22.4
128,256,8,1024,25.493
128,256,8,2048,31.466
128,256,8,4096,47.861
128,256,8,8192,71.2313
128,256,8,16384,113.195
128,256,16,16,18.175
128,256,16,32,18.326
128,256,16,64,18.4857
128,256,16,128,18.0477
128,256,16,256,18.7307
128,256,16,512,31.552
128,256,16,1024,37.3547
128,256,16,2048,48.6607
128,256,16,4096,70.8907
128,256,16,8192,113.024
128,256,16,16384,199.883
128,256,32,16,20.1493
128,256,32,32,20.1913
128,256,32,64,20.5867
128,256,32,128,23.6163
128,256,32,256,28.416
128,256,32,512,38.3037
128,256,32,1024,50.687
128,256,32,2048,73.078
128,256,32,4096,116.64
128,256,32,8192,201.173
128,256,32,16384,375.541
128,256,64,16,24.533
128,256,64,32,24.5123
128,256,64,64,25.1093
128,256,64,128,29.237
128,256,64,256,35.3597
128,256,64,512,54.72
128,256,64,1024,73.525
128,256,64,2048,116.587
128,256,64,4096,202.975
128,256,64,8192,370.111
128,256,64,16384,719.445
128,256,128,16,33.5463
128,256,128,32,33.792
128,256,128,64,34.1977
128,256,128,128,41.877
128,256,128,256,52.2877
128,256,128,512,83.894
128,256,128,1024,124.459
128,256,128,2048,206.058
128,256,128,4096,378.026
128,256,128,8192,713.929
128,256,128,16384,1402.78
128,512,0,0,24.4057
128,512,1,16,24.7997
128,512,1,32,24.4903
128,512,1,64,24.8103
128,512,1,128,25.0673
128,512,1,256,24.885
128,512,1,512,24.8
128,512,1,1024,23.6697
128,512,1,2048,25.877
128,512,1,4096,31.8183
128,512,1,8192,44.2563
128,512,1,16384,67.253
128,512,2,16,24.9277
128,512,2,32,25.1517
128,512,2,64,24.9707
128,512,2,128,25.0773
128,512,2,256,25.0883
128,512,2,512,24.8323
128,512,2,1024,23.818
128,512,2,2048,26.154
128,512,2,4096,32.6713
128,512,2,8192,43.0187
128,512,2,16384,68.9177
128,512,4,16,25.0553
128,512,4,32,24.288
128,512,4,64,25.0133
128,512,4,128,25.067
128,512,4,256,25.0133
128,512,4,512,28.5537
128,512,4,1024,25.173
128,512,4,2048,27.701
128,512,4,4096,33.333
128,512,4,8192,47.808
128,512,4,16384,76.5227
128,512,8,16,26.1447
128,512,8,32,25.9633
128,512,8,64,26.1647
128,512,8,128,25.0027
128,512,8,256,25.9303
128,512,8,512,25.0777
128,512,8,1024,33.386
128,512,8,2048,31.6693
128,512,8,4096,42.891
128,512,8,8192,71.7223
128,512,8,16384,117.664
128,512,16,16,27.6157
128,512,16,32,27.957
128,512,16,64,27.8723
128,512,16,128,25.6643
128,512,16,256,26.1647
128,512,16,512,33.909
128,512,16,1024,38.3033
128,512,16,2048,51.6163
128,512,16,4096,73.0347
128,512,16,8192,114.964
128,512,16,16384,200.651
128,512,32,16,26.3893
128,512,32,32,26.6133
128,512,32,64,27.3173
128,512,32,128,31.1357
128,512,32,256,31.8293
128,512,32,512,40.458
128,512,32,1024,52.8853
128,512,32,2048,75.359
128,512,32,4096,116.372
128,512,32,8192,204.608
128,512,32,16384,380.661
128,512,64,16,31.136
128,512,64,32,31.157
128,512,64,64,31.5413
128,512,64,128,34.5923
128,512,64,256,40.5227
128,512,64,512,56.427
128,512,64,1024,78.101
128,512,64,2048,121.067
128,512,64,4096,201.94
128,512,64,8192,372.255
128,512,64,16384,720.842
128,512,128,16,39.606
128,512,128,32,39.9783
128,512,128,64,40.597
128,512,128,128,48.768
128,512,128,256,59.1147
128,512,128,512,85.9093
128,512,128,1024,129.376
128,512,128,2048,209.344
128,512,128,4096,379.743
128,512,128,8192,719.273
128,512,128,16384,1402.03
128,1024,0,0,27.627
128,1024,1,16,27.6157
128,1024,1,32,27.414
128,1024,1,64,27.3177
128,1024,1,128,27.307
128,1024,1,256,27.733
128,1024,1,512,26.986
128,1024,1,1024,27.328
128,1024,1,2048,25.984
128,1024,1,4096,32.1277
128,1024,1,8192,44.256
128,1024,1,16384,69.738
128,1024,2,16,27.424
128,1024,2,32,27.307
128,1024,2,64,27.4777
128,1024,2,128,27.2633
128,1024,2,256,28.3203
128,1024,2,512,27.5093
128,1024,2,1024,27.7433
128,1024,2,2048,26.891
128,1024,2,4096,32.384
128,1024,2,8192,45.738
128,1024,2,16384,69.3543
128,1024,4,16,27.6057
128,1024,4,32,27.6153
128,1024,4,64,27.338
128,1024,4,128,27.5837
128,1024,4,256,28.042
128,1024,4,512,27.6697
128,1024,4,1024,33.6437
128,1024,4,2048,28.1063
128,1024,4,4096,35.5737
128,1024,4,8192,47.136
128,1024,4,16384,77.2263
128,1024,8,16,28.597
128,1024,8,32,28.4483
128,1024,8,64,28.7577
128,1024,8,128,28.5653
128,1024,8,256,28.576
128,1024,8,512,32.885
128,1024,8,1024,29.387
128,1024,8,2048,41.76
128,1024,8,4096,43.7757
128,1024,8,8192,77.322
128,1024,8,16384,120.202
128,1024,16,16,26.4217
128,1024,16,32,26.2083
128,1024,16,64,26.784
128,1024,16,128,29.514
128,1024,16,256,34.4747
128,1024,16,512,29.2593
128,1024,16,1024,40.8633
128,1024,16,2048,54.5483
128,1024,16,4096,77.045
128,1024,16,8192,118.303
128,1024,16,16384,202.228
128,1024,32,16,31.4343
128,1024,32,32,31.5413
128,1024,32,64,31.9787
128,1024,32,128,30.1437
128,1024,32,256,33.728
128,1024,32,512,42.5917
128,1024,32,1024,57.8673
128,1024,32,2048,78.3893
128,1024,32,4096,124.342
128,1024,32,8192,206.197
128,1024,32,16384,378.154
128,1024,64,16,33.216
128,1024,64,32,32.992
128,1024,64,64,33.7807
128,1024,64,128,36.2983
128,1024,64,256,40.7457
128,1024,64,512,55.136
128,1024,64,1024,81.7913
128,1024,64,2048,122.826
128,1024,64,4096,208.735
128,1024,64,8192,380.416
128,1024,64,16384,725.705
128,1024,128,16,43.307
128,1024,128,32,43.4347
128,1024,128,64,43.8717
128,1024,128,128,49.3227
128,1024,128,256,60.3733
128,1024,128,512,82.293
128,1024,128,1024,133.952
128,1024,128,2048,214.549
128,1024,128,4096,384.138
128,1024,128,8192,717.481
128,1024,128,16384,1403.78
128,2048,0,0,30.187
128,2048,1,16,30.7517
128,2048,1,32,30.6987
128,2048,1,64,30.6877
128,2048,1,128,30.998
128,2048,1,256,30.6657
128,2048,1,512,30.944
128,2048,1,1024,34.325
128,2048,1,2048,30.88
128,2048,1,4096,31.9897
128,2048,1,8192,44.9167
128,2048,1,16384,69.6213
128,2048,2,16,31.2003
128,2048,2,32,31.1253
128,2048,2,64,31.1367
128,2048,2,128,30.0487
128,2048,2,256,31.1893
128,2048,2,512,34.24
128,2048,2,1024,31.158
128,2048,2,2048,30.8903
128,2048,2,4096,33.451
128,2048,2,8192,45.7387
128,2048,2,16384,72.3513
128,2048,4,16,29.3443
128,2048,4,32,29.376
128,2048,4,64,29.0983
128,2048,4,128,30.5057
128,2048,4,256,32.0643
128,2048,4,512,31.3067
128,2048,4,1024,31.1573
128,2048,4,2048,41.0237
128,2048,4,4096,36.309
128,2048,4,8192,49.8773
128,2048,4,16384,79.616
128,2048,8,16,29.2797
128,2048,8,32,29.963
128,2048,8,64,29.718
128,2048,8,128,32.0327
128,2048,8,256,32.3947
128,2048,8,512,32.3307
128,2048,8,1024,39.2533
128,2048,8,2048,38.2293
128,2048,8,4096,58.5277
128,2048,8,8192,67.1673
128,2048,8,16384,128.885
128,2048,16,16,31.8083
128,2048,16,32,31.9783
128,2048,16,64,31.989
128,2048,16,128,30.3893
128,2048,16,256,32.6717
128,2048,16,512,40.757
128,2048,16,1024,36.8633
128,2048,16,2048,55.68
128,2048,16,4096,83.9357
128,2048,16,8192,126.56
128,2048,16,16384,212.607
128,2048,32,16,33.877
128,2048,32,32,33.9833
128,2048,32,64,34.5177
128,2048,32,128,36.896
128,2048,32,256,38.7937
128,2048,32,512,42.8053
128,2048,32,1024,57.6427
128,2048,32,2048,87.5947
128,2048,32,4096,131.808
128,2048,32,8192,218.346
128,2048,32,16384,379.391
128,2048,64,16,38.6127
128,2048,64,32,38.3363
128,2048,64,64,38.6877
128,2048,64,128,40.9697
128,2048,64,256,45.0873
128,2048,64,512,57.312
128,2048,64,1024,78.816
128,2048,64,2048,133.066
128,2048,64,4096,218.005
128,2048,64,8192,389.12
128,2048,64,16384,725.652
128,2048,128,16,47.0933
128,2048,128,32,47.1787
128,2048,128,64,47.6157
128,2048,128,128,55.7867
128,2048,128,256,59.8933
128,2048,128,512,84.32
128,2048,128,1024,127.242
128,2048,128,2048,227.797
128,2048,128,4096,391.871
128,2048,128,8192,725.95
128,2048,128,16384,1409.84
128,4096,0,0,36.3083
128,4096,1,16,36.704
128,4096,1,32,37.0667
128,4096,1,64,36.9177
128,4096,1,128,37.077
128,4096,1,256,36.7993
128,4096,1,512,36.9813
128,4096,1,1024,36.8957
128,4096,1,2048,46.5927
128,4096,1,4096,46.89
128,4096,1,8192,44.9913
128,4096,1,16384,70.251
128,4096,2,16,37.3757
128,4096,2,32,37.0777
128,4096,2,64,37.4927
128,4096,2,128,37.249
128,4096,2,256,37.3333
128,4096,2,512,37.6853
128,4096,2,1024,46.8057
128,4096,2,2048,47.211
128,4096,2,4096,40.2343
128,4096,2,8192,46.5807
128,4096,2,16384,72.6187
128,4096,4,16,35.722
128,4096,4,32,35.4347
128,4096,4,64,35.5947
128,4096,4,128,36.1383
128,4096,4,256,37.9947
128,4096,4,512,41.0457
128,4096,4,1024,47.6693
128,4096,4,2048,40.1387
128,4096,4,4096,59.605
128,4096,4,8192,50.6667
128,4096,4,16384,82.3573
128,4096,8,16,35.829
128,4096,8,32,35.52
128,4096,8,64,35.755
128,4096,8,128,36.917
128,4096,8,256,38.5497
128,4096,8,512,40.5017
128,4096,8,1024,41.088
128,4096,8,2048,51.8077
128,4096,8,4096,52.5017
128,4096,8,8192,90.7953
128,4096,8,16384,114.048
128,4096,16,16,40.5117
128,4096,16,32,40.576
128,4096,16,64,40.5123
128,4096,16,128,41.9193
128,4096,16,256,41.28
128,4096,16,512,39.5623
128,4096,16,1024,52.4157
128,4096,16,2048,52.1063
128,4096,16,4096,82.837
128,4096,16,8192,143.178
128,4096,16,16384,226.655
128,4096,32,16,41.226
128,4096,32,32,40.853
128,4096,32,64,41.4087
128,4096,32,128,43.3707
128,4096,32,256,47.4027
128,4096,32,512,51.5733
128,4096,32,1024,57.567
128,4096,32,2048,85.12
128,4096,32,4096,146.677
128,4096,32,8192,232.244
128,4096,32,16384,403.401
128,4096,64,16,43.733
128,4096,64,32,44.0843
128,4096,64,64,44.8213
128,4096,64,128,50.08
128,4096,64,256,55.6697
128,4096,64,512,62.997
128,4096,64,1024,81.803
128,4096,64,2048,125.397
128,4096,64,4096,235.124
128,4096,64,8192,402.378
128,4096,64,16384,744.254
128,4096,128,16,54.933
128,4096,128,32,55.0403
128,4096,128,64,56.0103
128,4096,128,128,62.5273
128,4096,128,256,68.5757
128,4096,128,512,92.6073
128,4096,128,1024,128.628
128,4096,128,2048,220.191
128,4096,128,4096,415.721
128,4096,128,8192,749.203
128,4096,128,16384,1416.9
128,8192,0,0,48.8953
128,8192,1,16,49.2053
128,8192,1,32,49.1737
128,8192,1,64,49.2373
128,8192,1,128,49.1943
128,8192,1,256,49.034
128,8192,1,512,49.269
128,8192,1,1024,49.1833
128,8192,1,2048,49.387
128,8192,1,4096,71.797
128,8192,1,8192,72.5767
128,8192,1,16384,70.388
128,8192,2,16,49.622
128,8192,2,32,49.3643
128,8192,2,64,49.4717
128,8192,2,128,49.6317
128,8192,2,256,49.3757
128,8192,2,512,49.5577
128,8192,2,1024,50.3353
128,8192,2,2048,71.9143
128,8192,2,4096,72.5757
128,8192,2,8192,56.6503
128,8192,2,16384,72.6933
128,8192,4,16,50.016
128,8192,4,32,49.5573
128,8192,4,64,49.9513
128,8192,4,128,49.664
128,8192,4,256,47.808
128,8192,4,512,52.8
128,8192,4,1024,59.701
128,8192,4,2048,72.8737
128,8192,4,4096,57.2263
128,8192,4,8192,92.64
128,8192,4,16384,80.6933
128,8192,8,16,48.3197
128,8192,8,32,48.0213
128,8192,8,64,47.8617
128,8192,8,128,49.3443
128,8192,8,256,50.5063
128,8192,8,512,54.3577
128,8192,8,1024,60.661
128,8192,8,2048,58.048
128,8192,8,4096,77.3227
128,8192,8,8192,77.909
128,8192,8,16384,154.986
128,8192,16,16,51.925
128,8192,16,32,51.9257
128,8192,16,64,52.011
128,8192,16,128,54.4853
128,8192,16,256,56.8213
128,8192,16,512,59.915
128,8192,16,1024,57.61
128,8192,16,2048,79.4137
128,8192,16,4096,80.415
128,8192,16,8192,138.688
128,8192,16,16384,258.463
128,8192,32,16,53.3427
128,8192,32,32,53.5573
128,8192,32,64,53.8347
128,8192,32,128,55.627
128,8192,32,256,57.184
128,8192,32,512,63.3917
128,8192,32,1024,75.3173
128,8192,32,2048,85.8557
128,8192,32,4096,140.608
128,8192,32,8192,261.621
128,8192,32,16384,435.625
128,8192,64,16,58.101
128,8192,64,32,58.5923
128,8192,64,64,58.9863
128,8192,64,128,62.635
128,8192,64,256,64.2877
128,8192,64,512,78.7837
128,8192,64,1024,94.1857
128,8192,64,2048,130.571
128,8192,64,4096,218.762
128,8192,64,8192,439.049
128,8192,64,16384,767.667
128,8192,128,16,66.6453
128,8192,128,32,66.9653
128,8192,128,64,67.8183
128,8192,128,128,75.9777
128,8192,128,256,84.501
128,8192,128,512,105.013
128,8192,128,1024,146.538
128,8192,128,2048,214.09
128,8192,128,4096,395.273
128,8192,128,8192,785.437
128,8192,128,16384,1461.36
128,16384,0,0,73.739
128,16384,1,16,74.6037
128,16384,1,32,74.4103
128,16384,1,64,74.3253
128,16384,1,128,74.3997
128,16384,1,256,74.5167
128,16384,1,512,74.2507
128,16384,1,1024,74.4633
128,16384,1,2048,75.0183
128,16384,1,4096,74.612
128,16384,1,8192,121.973
128,16384,1,16384,122.623
128,16384,2,16,74.592
128,16384,2,32,74.5597
128,16384,2,64,74.7947
128,16384,2,128,74.6773
128,16384,2,256,74.4637
128,16384,2,512,75.1467
128,16384,2,1024,74.816
128,16384,2,2048,75.7227
128,16384,2,4096,122.368
128,16384,2,8192,122.976
128,16384,2,16384,90.4
128,16384,4,16,75.2423
128,16384,4,32,74.6987
128,16384,4,64,74.965
128,16384,4,128,74.9333
128,16384,4,256,74.976
128,16384,4,512,75.2743
128,16384,4,1024,84.736
128,16384,4,2048,97.6533
128,16384,4,4096,123.444
128,16384,4,8192,90.847
128,16384,4,16384,160.331
128,16384,8,16,74.9757
128,16384,8,32,75.275
128,16384,8,64,74.955
128,16384,8,128,75.4987
128,16384,8,256,75.701
128,16384,8,512,79.275
128,16384,8,1024,86.133
128,16384,8,2048,98.9227
128,16384,8,4096,91.5097
128,16384,8,8192,128.916
128,16384,8,16384,132.16
128,16384,16,16,73.547
128,16384,16,32,73.4083
128,16384,16,64,73.7067
128,16384,16,128,74.9223
128,16384,16,256,80.437
128,16384,16,512,85.0767
128,16384,16,1024,91.5743
128,16384,16,2048,91.2637
128,16384,16,4096,130.399
128,16384,16,8192,134.772
128,16384,16,16384,251.017
128,16384,32,16,78.656
128,16384,32,32,78.9973
128,16384,32,64,78.9213
128,16384,32,128,80.597
128,16384,32,256,82.261
128,16384,32,512,86.8903
128,16384,32,1024,91.53
128,16384,32,2048,123.733
128,16384,32,4096,139.413
128,16384,32,8192,243.253
128,16384,32,16384,494.835
128,16384,64,16,83.6363
128,16384,64,32,83.8603
128,16384,64,64,83.8727
128,16384,64,128,87.018
128,16384,64,256,90.8587
128,16384,64,512,101.803
128,16384,64,1024,116.661
128,16384,64,2048,148.373
128,16384,64,4096,226.41
128,16384,64,8192,410.249
128,16384,64,16384,842.279
128,16384,128,16,94.016
128,16384,128,32,94.5597
128,16384,128,64,94.644
128,16384,128,128,98.7197
128,16384,128,256,108.586
128,16384,128,512,127.722
128,16384,128,1024,155.584
128,16384,128,2048,240.587
128,16384,128,4096,390.911
128,16384,128,8192,757.565
128,16384,128,16384,1542.55
256,0,0,0,17.184
256,0,1,16,17.034
256,0,1,32,17.0347
256,0,1,64,17.1947
256,0,1,128,17.12
256,0,1,256,17.8237
256,0,1,512,21.2583
256,0,1,1024,24.331
256,0,1,2048,30.3677
256,0,1,4096,43.189
256,0,1,8192,67.9463
256,0,1,16384,117.727
256,0,2,16,17.227
256,0,2,32,17.2057
256,0,2,64,17.376
256,0,2,128,17.1627
256,0,2,256,17.7387
256,0,2,512,22.2403
256,0,2,1024,25.1837
256,0,2,2048,31.147
256,0,2,4096,43.9993
256,0,2,8192,68.64
256,0,2,16384,119.03
256,0,4,16,17.0773
256,0,4,32,17.323
256,0,4,64,17.0247
256,0,4,128,17.3547
256,0,4,256,17.8237
256,0,4,512,22.2183
256,0,4,1024,25.2377
256,0,4,2048,31.7973
256,0,4,4096,44.7893
256,0,4,8192,70.2723
256,0,4,16384,120.192
256,0,8,16,17.2053
256,0,8,32,17.323
256,0,8,64,17.5577
256,0,8,128,17.1733
256,0,8,256,17.951
256,0,8,512,22.411
256,0,8,1024,26.7517
256,0,8,2048,34.282
256,0,8,4096,50.624
256,0,8,8192,76.106
256,0,8,16384,126.677
256,0,16,16,17.461
256,0,16,32,17.7063
256,0,16,64,17.301
256,0,16,128,17.4827
256,0,16,256,18.2613
256,0,16,512,30.7097
256,0,16,1024,35.2743
256,0,16,2048,47.957
256,0,16,4096,70.4747
256,0,16,8192,114.165
256,0,16,16384,203.797
256,0,32,16,20.523
256,0,32,32,21.024
256,0,32,64,21.0247
256,0,32,128,23.9153
256,0,32,256,25.376
256,0,32,512,36.074
256,0,32,1024,48.277
256,0,32,2048,71.6053
256,0,32,4096,115.2
256,0,32,8192,202.666
256,0,32,16384,377.108
256,0,64,16,25.6103
256,0,64,32,25.6317
256,0,64,64,26.251
256,0,64,128,29.824
256,0,64,256,34.4433
256,0,64,512,50.827
256,0,64,1024,73.259
256,0,64,2048,116.203
256,0,64,4096,201.493
256,0,64,8192,372.127
256,0,64,16384,717.619
256,0,128,16,34.5283
256,0,128,32,34.922
256,0,128,64,35.6897
256,0,128,128,42.8373
256,0,128,256,51.2007
256,0,128,512,79.2967
256,0,128,1024,122.837
256,0,128,2048,206.164
256,0,128,4096,377.013
256,0,128,8192,717.288
256,0,128,16384,1400.15
256,16,0,0,18.1343
256,16,1,16,18.421
256,16,1,32,17.9413
256,16,1,64,18.1337
256,16,1,128,18.0587
256,16,1,256,18.1123
256,16,1,512,25.824
256,16,1,1024,29.067
256,16,1,2048,30.3783
256,16,1,4096,42.89
256,16,1,8192,67.968
256,16,1,16384,118.091
256,16,2,16,17.5777
256,16,2,32,18.1333
256,16,2,64,17.9517
256,16,2,128,17.8557
256,16,2,256,18.197
256,16,2,512,26.7737
256,16,2,1024,25.0557
256,16,2,2048,31.5413
256,16,2,4096,43.4347
256,16,2,8192,68.9277
256,16,2,16384,119.082
256,16,4,16,18.2613
256,16,4,32,18.23
256,16,4,64,18.2187
256,16,4,128,18.3357
256,16,4,256,18.048
256,16,4,512,22.144
256,16,4,1024,25.2163
256,16,4,2048,31.3817
256,16,4,4096,44.5547
256,16,4,8192,70.026
256,16,4,16384,119.755
256,16,8,16,18.3037
256,16,8,32,17.9523
256,16,8,64,18.1113
256,16,8,128,18.1227
256,16,8,256,18.1123
256,16,8,512,23.0297
256,16,8,1024,26.6237
256,16,8,2048,34.912
256,16,8,4096,49.419
256,16,8,8192,75.21
256,16,8,16384,126.943
256,16,16,16,18.1867
256,16,16,32,18.1867
256,16,16,64,18.229
256,16,16,128,18.2937
256,16,16,256,18.3147
256,16,16,512,26.496
256,16,16,1024,35.6803
256,16,16,2048,47.9783
256,16,16,4096,71.6907
256,16,16,8192,114.443
256,16,16,16384,202.517
256,16,32,16,20.758
256,16,32,32,20.757
256,16,32,64,21.0777
256,16,32,128,23.936
256,16,32,256,25.7707
256,16,32,512,35.2213
256,16,32,1024,48.8
256,16,32,2048,71.2747
256,16,32,4096,115.221
256,16,32,8192,203.189
256,16,32,16384,377.225
256,16,64,16,25.3127
256,16,64,32,25.8133
256,16,64,64,25.8127
256,16,64,128,30.0583
256,16,64,256,34.6557
256,16,64,512,52.0433
256,16,64,1024,73.141
256,16,64,2048,116.587
256,16,64,4096,201.344
256,16,64,8192,374.623
256,16,64,16384,715.849
256,16,128,16,34.8267
256,16,128,32,34.88
256,16,128,64,35.541
256,16,128,128,42.9323
256,16,128,256,51.7867
256,16,128,512,79.1677
256,16,128,1024,121.963
256,16,128,2048,205.472
256,16,128,4096,375.711
256,16,128,8192,717.065
256,16,128,16384,1404.45
256,32,0,0,17.9747
256,32,1,16,18.208
256,32,1,32,18.0267
256,32,1,64,18.144
256,32,1,128,17.8877
256,32,1,256,18.1123
256,32,1,512,26.006
256,32,1,1024,29.067
256,32,1,2048,30.475
256,32,1,4096,42.9117
256,32,1,8192,67.7863
256,32,1,16384,118.272
256,32,2,16,17.8767
256,32,2,32,18.0153
256,32,2,64,18.2613
256,32,2,128,18.1763
256,32,2,256,17.9833
256,32,2,512,26.7203
256,32,2,1024,25.173
256,32,2,2048,31.4773
256,32,2,4096,43.8397
256,32,2,8192,68.6077
256,32,2,16384,118.559
256,32,4,16,18.2827
256,32,4,32,18.3673
256,32,4,64,18.2077
256,32,4,128,17.9313
256,32,4,256,18.016
256,32,4,512,22.4
256,32,4,1024,25.2693
256,32,4,2048,31.338
256,32,4,4096,44.4907
256,32,4,8192,69.7707
256,32,4,16384,119.871
256,32,8,16,18.0797
256,32,8,32,18.5493
256,32,8,64,18.2403
256,32,8,128,18.272
256,32,8,256,18.2293
256,32,8,512,22.912
256,32,8,1024,26.945
256,32,8,2048,34.5487
256,32,8,4096,48.49
256,32,8,8192,75.9577
256,32,8,16384,126.57
256,32,16,16,18.4537
256,32,16,32,18.3893
256,32,16,64,18.3467
256,32,16,128,18.4957
256,32,16,256,18.4643
256,32,16,512,26.399
256,32,16,1024,35.4447
256,32,16,2048,47.861
256,32,16,4096,70.933
256,32,16,8192,114.71
256,32,16,16384,202.271
256,32,32,16,20.576
256,32,32,32,20.832
256,32,32,64,21.2913
256,32,32,128,24.4057
256,32,32,256,26.5173
256,32,32,512,35.5727
256,32,32,1024,49.1093
256,32,32,2048,71.328
256,32,32,4096,115.071
256,32,32,8192,202.645
256,32,32,16384,376.841
256,32,64,16,25.6217
256,32,64,32,25.4937
256,32,64,64,26.2613
256,32,64,128,30.4317
256,32,64,256,34.6667
256,32,64,512,51.1897
256,32,64,1024,73.0773
256,32,64,2048,117.344
256,32,64,4096,202.133
256,32,64,8192,375.722
256,32,64,16384,718.729
256,32,128,16,34.709
256,32,128,32,35.3707
256,32,128,64,35.7013
256,32,128,128,43.0617
256,32,128,256,52.0533
256,32,128,512,78.666
256,32,128,1024,121.195
256,32,128,2048,205.972
256,32,128,4096,374.837
256,32,128,8192,714.612
256,32,128,16384,1402.01
256,64,0,0,18.314
256,64,1,16,18.4843
256,64,1,32,18.4643
256,64,1,64,18.24
256,64,1,128,18.4427
256,64,1,256,18.2933
256,64,1,512,26.3363
256,64,1,1024,29.2267
256,64,1,2048,30.336
256,64,1,4096,43.114
256,64,1,8192,67.862
256,64,1,16384,117.984
256,64,2,16,18.3363
256,64,2,32,18.2823
256,64,2,64,18.421
256,64,2,128,18.336
256,64,2,256,18.262
256,64,2,512,26.634
256,64,2,1024,24.7893
256,64,2,2048,31.1997
256,64,2,4096,43.8927
256,64,2,8192,68.7787
256,64,2,16384,118.933
256,64,4,16,18.1433
256,64,4,32,18.357
256,64,4,64,18.3033
256,64,4,128,18.2293
256,64,4,256,18.336
256,64,4,512,22.7627
256,64,4,1024,25.3217
256,64,4,2048,31.8927
256,64,4,4096,44.6827
256,64,4,8192,70.165
256,64,4,16384,119.787
256,64,8,16,18.3677
256,64,8,32,18.4743
256,64,8,64,18.3683
256,64,8,128,18.5817
256,64,8,256,18.2823
256,64,8,512,23.0503
256,64,8,1024,26.6453
256,64,8,2048,34.592
256,64,8,4096,48.928
256,64,8,8192,73.771
256,64,8,16384,132.224
256,64,16,16,18.4103
256,64,16,32,18.4113
256,64,16,64,18.795
256,64,16,128,18.4533
256,64,16,256,18.667
256,64,16,512,26.6133
256,64,16,1024,37.088
256,64,16,2048,48.5123
256,64,16,4096,71.115
256,64,16,8192,113.984
256,64,16,16384,201.781
256,64,32,16,20.533
256,64,32,32,20.9817
256,64,32,64,21.4293
256,64,32,128,24.032
256,64,32,256,26.9223
256,64,32,512,36.0427
256,64,32,1024,50.3037
256,64,32,2048,70.5923
256,64,32,4096,115.424
256,64,32,8192,200.799
256,64,32,16384,376.874
256,64,64,16,25.2907
256,64,64,32,25.706
256,64,64,64,26.6133
256,64,64,128,30.443
256,64,64,256,34.9117
256,64,64,512,52.4483
256,64,64,1024,73.3757
256,64,64,2048,117.023
256,64,64,4096,202.805
256,64,64,8192,373.354
256,64,64,16384,719.38
256,64,128,16,35.029
256,64,128,32,34.9117
256,64,128,64,35.9147
256,64,128,128,43.1997
256,64,128,256,53.013
256,64,128,512,80.4797
256,64,128,1024,121.535
256,64,128,2048,206.9
256,64,128,4096,377.769
256,64,128,8192,717.749
256,64,128,16384,1401.71
256,128,0,0,18.1653
256,128,1,16,18.6667
256,128,1,32,18.421
256,128,1,64,18.24
256,128,1,128,18.3037
256,128,1,256,18.2397
256,128,1,512,32.8213
256,128,1,1024,36.5547
256,128,1,2048,30.5803
256,128,1,4096,43.3167
256,128,1,8192,67.861
256,128,1,16384,117.855
256,128,2,16,18.304
256,128,2,32,18.4427
256,128,2,64,18.4957
256,128,2,128,18.453
256,128,2,256,18.4217
256,128,2,512,33.0777
256,128,2,1024,24.799
256,128,2,2048,31.082
256,128,2,4096,43.466
256,128,2,8192,69.0237
256,128,2,16384,119.487
256,128,4,16,18.197
256,128,4,32,18.3353
256,128,4,64,18.581
256,128,4,128,18.4317
256,128,4,256,18.6023
256,128,4,512,22.9863
256,128,4,1024,25.2267
256,128,4,2048,31.6167
256,128,4,4096,44.5647
256,128,4,8192,69.8767
256,128,4,16384,119.68
256,128,8,16,18.2397
256,128,8,32,18.6663
256,128,8,64,18.581
256,128,8,128,18.421
256,128,8,256,18.3357
256,128,8,512,23.3063
256,128,8,1024,26.4223
256,128,8,2048,35.0073
256,128,8,4096,49.451
256,128,8,8192,75.605
256,128,8,16384,127.445
256,128,16,16,18.603
256,128,16,32,18.827
256,128,16,64,18.6243
256,128,16,128,18.4747
256,128,16,256,18.507
256,128,16,512,26.657
256,128,16,1024,36.5223
256,128,16,2048,49.0557
256,128,16,4096,71.2213
256,128,16,8192,115.754
256,128,16,16384,201.973
256,128,32,16,20.4163
256,128,32,32,20.5973
256,128,32,64,20.885
256,128,32,128,23.7867
256,128,32,256,26.6987
256,128,32,512,37.2263
256,128,32,1024,49.717
256,128,32,2048,71.797
256,128,32,4096,116.149
256,128,32,8192,203.039
256,128,32,16384,376.681
256,128,64,16,25.4717
256,128,64,32,25.9627
256,128,64,64,25.8453
256,128,64,128,30.2403
256,128,64,256,35.4883
256,128,64,512,54.5387
256,128,64,1024,73.419
256,128,64,2048,116.725
256,128,64,4096,201.76
256,128,64,8192,373.461
256,128,64,16384,721.055
256,128,128,16,34.794
256,128,128,32,34.955
256,128,128,64,35.7763
256,128,128,128,43.2953
256,128,128,256,53.0237
256,128,128,512,83.6257
256,128,128,1024,121.366
256,128,128,2048,205.834
256,128,128,4096,377.172
256,128,128,8192,717.183
256,128,128,16384,1402.8
256,256,0,0,19.6057
256,256,1,16,19.946
256,256,1,32,19.9137
256,256,1,64,19.9253
256,256,1,128,19.4873
256,256,1,256,19.8087
256,256,1,512,32.171
256,256,1,1024,35.499
256,256,1,2048,41.5143
256,256,1,4096,43.051
256,256,1,8192,67.7967
256,256,1,16384,117.919
256,256,2,16,19.648
256,256,2,32,19.755
256,256,2,64,19.648
256,256,2,128,19.851
256,256,2,256,19.5947
256,256,2,512,32.693
256,256,2,1024,35.669
256,256,2,2048,31.189
256,256,2,4096,43.8507
256,256,2,8192,68.863
256,256,2,16384,118.976
256,256,4,16,19.5193
256,256,4,32,20.1383
256,256,4,64,19.6693
256,256,4,128,19.7227
256,256,4,256,19.8827
256,256,4,512,32.6183
256,256,4,1024,25.152
256,256,4,2048,31.3493
256,256,4,4096,44.5973
256,256,4,8192,70.261
256,256,4,16384,119.487
256,256,8,16,19.8937
256,256,8,32,19.8497
256,256,8,64,19.968
256,256,8,128,20.0643
256,256,8,256,19.819
256,256,8,512,24.874
256,256,8,1024,26.5287
256,256,8,2048,34.9333
256,256,8,4096,49.44
256,256,8,8192,74.4003
256,256,8,16384,129.899
256,256,16,16,20.032
256,256,16,32,20.181
256,256,16,64,20.064
256,256,16,128,19.9577
256,256,16,256,19.978
256,256,16,512,27.3383
256,256,16,1024,37.5893
256,256,16,2048,48.7043
256,256,16,4096,71.659
256,256,16,8192,115.733
256,256,16,16384,201.142
256,256,32,16,20.64
256,256,32,32,20.5977
256,256,32,64,21.0987
256,256,32,128,23.6587
256,256,32,256,26.869
256,256,32,512,38.165
256,256,32,1024,49.674
256,256,32,2048,71.733
256,256,32,4096,115.542
256,256,32,8192,203.904
256,256,32,16384,378.154
256,256,64,16,25.877
256,256,64,32,26.0587
256,256,64,64,26.2613
256,256,64,128,30.741
256,256,64,256,35.6153
256,256,64,512,56.1813
256,256,64,1024,74.25
256,256,64,2048,117.259
256,256,64,4096,203.168
256,256,64,8192,373.771
256,256,64,16384,721.545
256,256,128,16,34.976
256,256,128,32,35.1363
256,256,128,64,36.0323
256,256,128,128,43.3067
256,256,128,256,52.9067
256,256,128,512,85.888
256,256,128,1024,121.173
256,256,128,2048,206.293
256,256,128,4096,376.159
256,256,128,8192,716.18
256,256,128,16384,1401.15
256,512,0,0,29.5573
256,512,1,16,30.1973
256,512,1,32,30.4003
256,512,1,64,29.8763
256,512,1,128,29.962
256,512,1,256,29.59
256,512,1,512,33.653
256,512,1,1024,37.045
256,512,1,2048,42.976
256,512,1,4096,55.701
256,512,1,8192,68.1923
256,512,1,16384,117.855
256,512,2,16,28.6187
256,512,2,32,28.4907
256,512,2,64,28.0423
256,512,2,128,32.4907
256,512,2,256,33.8347
256,512,2,512,34.0693
256,512,2,1024,37.6737
256,512,2,2048,43.6477
256,512,2,4096,43.7973
256,512,2,8192,69.078
256,512,2,16384,118.976
256,512,4,16,31.0723
256,512,4,32,31.189
256,512,4,64,31.7653
256,512,4,128,33.2053
256,512,4,256,34.762
256,512,4,512,34.6133
256,512,4,1024,37.4613
256,512,4,2048,31.7547
256,512,4,4096,44.758
256,512,4,8192,69.7277
256,512,4,16384,119.488
256,512,8,16,31.4663
256,512,8,32,31.6373
256,512,8,64,31.84
256,512,8,128,32.831
256,512,8,256,34.2507
256,512,8,512,37.9513
256,512,8,1024,27.9793
256,512,8,2048,34.8157
256,512,8,4096,50.2823
256,512,8,8192,75.4983
256,512,8,16384,129.248
256,512,16,16,33.4513
256,512,16,32,33.3653
256,512,16,64,33.429
256,512,16,128,35.0293
256,512,16,256,36.6187
256,512,16,512,27.0723
256,512,16,1024,38.9973
256,512,16,2048,49.824
256,512,16,4096,72.938
256,512,16,8192,116.352
256,512,16,16384,203.69
256,512,32,16,33.632
256,512,32,32,33.5247
256,512,32,64,34.1227
256,512,32,128,28.1497
256,512,32,256,31.3703
256,512,32,512,40.4487
256,512,32,1024,50.1113
256,512,32,2048,73.2483
256,512,32,4096,117.685
256,512,32,8192,204.949
256,512,32,16384,378.516
256,512,64,16,33.7923
256,512,64,32,34.0157
256,512,64,64,34.1753
256,512,64,128,35.605
256,512,64,256,42.005
256,512,64,512,57.8457
256,512,64,1024,74.7727
256,512,64,2048,118.763
256,512,64,4096,203.232
256,512,64,8192,378.548
256,512,64,16384,723.316
256,512,128,16,44.5437
256,512,128,32,44.5443
256,512,128,64,44.4157
256,512,128,128,51.168
256,512,128,256,61.7067
256,512,128,512,87.1363
256,512,128,1024,127.882
256,512,128,2048,208.372
256,512,128,4096,377.034
256,512,128,8192,719.518
256,512,128,16384,1406.2
256,1024,0,0,32.9383
256,1024,1,16,33.2267
256,1024,1,32,32.6713
256,1024,1,64,33.3223
256,1024,1,128,33.3017
256,1024,1,256,33.2267
256,1024,1,512,32.6507
256,1024,1,1024,39.7973
256,1024,1,2048,45.952
256,1024,1,4096,58.4747
256,1024,1,8192,83.423
256,1024,1,16384,118.058
256,1024,2,16,33.6317
256,1024,2,32,33.2807
256,1024,2,64,33.0133
256,1024,2,128,31.584
256,1024,2,256,34.6037
256,1024,2,512,40.5653
256,1024,2,1024,40.608
256,1024,2,2048,46.731
256,1024,2,4096,58.9857
256,1024,2,8192,69.184
256,1024,2,16384,119.157
256,1024,4,16,33.9947
256,1024,4,32,34.101
256,1024,4,64,34.176
256,1024,4,128,35.7863
256,1024,4,256,36.928
256,1024,4,512,40.7893
256,1024,4,1024,40.3837
256,1024,4,2048,47.0407
256,1024,4,4096,45.1197
256,1024,4,8192,69.7597
256,1024,4,16384,119.744
256,1024,8,16,34.326
256,1024,8,32,34.155
256,1024,8,64,34.571
256,1024,8,128,35.8397
256,1024,8,256,37.2483
256,1024,8,512,40.8637
256,1024,8,1024,42.7623
256,1024,8,2048,34.8483
256,1024,8,4096,49.439
256,1024,8,8192,74.933
256,1024,8,16384,128.33
256,1024,16,16,36.5437
256,1024,16,32,36.33
256,1024,16,64,36.1283
256,1024,16,128,38.058
256,1024,16,256,39.488
256,1024,16,512,42.9967
256,1024,16,1024,35.296
256,1024,16,2048,53.6963
256,1024,16,4096,75.5413
256,1024,16,8192,119.434
256,1024,16,16384,205.045
256,1024,32,16,36.9497
256,1024,32,32,36.9597
256,1024,32,64,37.3437
256,1024,32,128,38.6033
256,1024,32,256,40.651
256,1024,32,512,40.619
256,1024,32,1024,54.646
256,1024,32,2048,75.2647
256,1024,32,4096,118.143
256,1024,32,8192,205.845
256,1024,32,16384,380.223
256,1024,64,16,42.6993
256,1024,64,32,42.6883
256,1024,64,64,43.1783
256,1024,64,128,41.717
256,1024,64,256,45.43
256,1024,64,512,56.5123
256,1024,64,1024,81.5253
256,1024,64,2048,120.916
256,1024,64,4096,206.624
256,1024,64,8192,377.375
256,1024,64,16384,726.911
256,1024,128,16,46.3673
256,1024,128,32,46.7943
256,1024,128,64,47.2107
256,1024,128,128,56.0857
256,1024,128,256,65.227
256,1024,128,512,83.6363
256,1024,128,1024,133.93
256,1024,128,2048,211.434
256,1024,128,4096,381.823
256,1024,128,8192,722.741
256,1024,128,16384,1412.23
256,2048,0,0,39.52
256,2048,1,16,40.2347
256,2048,1,32,39.9897
256,2048,1,64,40.0633
256,2048,1,128,39.6053
256,2048,1,256,39.9257
256,2048,1,512,40.1817
256,2048,1,1024,39.4773
256,2048,1,2048,52.1167
256,2048,1,4096,64.682
256,2048,1,8192,89.7167
256,2048,1,16384,140.427
256,2048,2,16,40.4477
256,2048,2,32,40.3403
256,2048,2,64,39.904
256,2048,2,128,40.3303
256,2048,2,256,40.363
256,2048,2,512,40.4477
256,2048,2,1024,53.3433
256,2048,2,2048,52.9707
256,2048,2,4096,65.6537
256,2048,2,8192,91.434
256,2048,2,16384,119.103
256,2048,4,16,38.0903
256,2048,4,32,37.8877
256,2048,4,64,37.888
256,2048,4,128,41.963
256,2048,4,256,43.434
256,2048,4,512,46.7307
256,2048,4,1024,53.7063
256,2048,4,2048,53.525
256,2048,4,4096,67.6163
256,2048,4,8192,69.9627
256,2048,4,16384,120.299
256,2048,8,16,40.651
256,2048,8,32,40.8103
256,2048,8,64,40.576
256,2048,8,128,42.4637
256,2048,8,256,43.8397
256,2048,8,512,46.7733
256,2048,8,1024,53.3647
256,2048,8,2048,58.0267
256,2048,8,4096,49.568
256,2048,8,8192,76.629
256,2048,8,16384,128.277
256,2048,16,16,42.624
256,2048,16,32,42.485
256,2048,16,64,42.7203
256,2048,16,128,44.5333
256,2048,16,256,46.421
256,2048,16,512,49.6
256,2048,16,1024,58.8907
256,2048,16,2048,49.0563
256,2048,16,4096,80.7363
256,2048,16,8192,123.157
256,2048,16,16384,211.275
256,2048,32,16,43.1893
256,2048,32,32,43.5517
256,2048,32,64,43.6373
256,2048,32,128,45.0023
256,2048,32,256,47.0297
256,2048,32,512,56.2983
256,2048,32,1024,55.125
256,2048,32,2048,81.9417
256,2048,32,4096,125.333
256,2048,32,8192,210.421
256,2048,32,16384,383.316
256,2048,64,16,49.098
256,2048,64,32,49.238
256,2048,64,64,49.7273
256,2048,64,128,52.9167
256,2048,64,256,59.1893
256,2048,64,512,61.4083
256,2048,64,1024,81.1627
256,2048,64,2048,129.258
256,2048,64,4096,212.906
256,2048,64,8192,383.359
256,2048,64,16384,728.286
256,2048,128,16,59.4233
256,2048,128,32,59.5417
256,2048,128,64,60.5227
256,2048,128,128,63.3703
256,2048,128,256,69.046
256,2048,128,512,91.7757
256,2048,128,1024,127.893
256,2048,128,2048,224.128
256,2048,128,4096,385.876
256,2048,128,8192,726.846
256,2048,128,16384,1416.9
256,4096,0,0,51.4457
256,4096,1,16,52.181
256,4096,1,32,52.16
256,4096,1,64,51.9357
256,4096,1,128,52.1273
256,4096,1,256,52.1713
256,4096,1,512,52.202
256,4096,1,1024,52.159
256,4096,1,2048,51.978
256,4096,1,4096,77.6207
256,4096,1,8192,102.827
256,4096,1,16384,152.692
256,4096,2,16,52.3723
256,4096,2,32,52.363
256,4096,2,64,52.533
256,4096,2,128,52.5653
256,4096,2,256,52.7787
256,4096,2,512,52.587
256,4096,2,1024,53.3443
256,4096,2,2048,78.047
256,4096,2,4096,78.7307
256,4096,2,8192,104.416
256,4096,2,16384,154.24
256,4096,4,16,52.6827
256,4096,4,32,52.5007
256,4096,4,64,52.3417
256,4096,4,128,52.5977
256,4096,4,256,50.368
256,4096,4,512,58.6767
256,4096,4,1024,65.61
256,4096,4,2048,78.9977
256,4096,4,4096,79.0507
256,4096,4,8192,104.512
256,4096,4,16384,121.322
256,4096,8,16,52.6393
256,4096,8,32,52.33
256,4096,8,64,52.7893
256,4096,8,128,54.6457
256,4096,8,256,55.9787
256,4096,8,512,59.253
256,4096,8,1024,66.027
256,4096,8,2048,79.179
256,4096,8,4096,84.9707
256,4096,8,8192,76.522
256,4096,8,16384,130.335
256,4096,16,16,54.944
256,4096,16,32,54.7097
256,4096,16,64,54.944
256,4096,16,128,56.9813
256,4096,16,256,58.3253
256,4096,16,512,61.8873
256,4096,16,1024,70.2397
256,4096,16,2048,85.12
256,4096,16,4096,75.2213
256,4096,16,8192,133.173
256,4096,16,16384,217.727
256,4096,32,16,55.476
256,4096,32,32,55.6153
256,4096,32,64,55.8827
256,4096,32,128,57.3547
256,4096,32,256,59.6267
256,4096,32,512,67.615
256,4096,32,1024,80.906
256,4096,32,2048,81.429
256,4096,32,4096,135.211
256,4096,32,8192,220.692
256,4096,32,16384,391.7
256,4096,64,16,61.3863
256,4096,64,32,62.037
256,4096,64,64,61.9837
256,4096,64,128,66.1113
256,4096,64,256,71.4977
256,4096,64,512,84.5003
256,4096,64,1024,93.0983
256,4096,64,2048,129.269
256,4096,64,4096,223.924
256,4096,64,8192,392.671
256,4096,64,16384,740.232
256,4096,128,16,72.053
256,4096,128,32,72.3627
256,4096,128,64,73.8453
256,4096,128,128,81.6953
256,4096,128,256,92.1283
256,4096,128,512,103.797
256,4096,128,1024,145.781
256,4096,128,2048,217.354
256,4096,128,4096,403.796
256,4096,128,8192,739.753
256,4096,128,16384,1423.58
256,8192,0,0,76.299
256,8192,1,16,76.2557
256,8192,1,32,76.6827
256,8192,1,64,76.597
256,8192,1,128,76.683
256,8192,1,256,76.2553
256,8192,1,512,76.725
256,8192,1,1024,76.693
256,8192,1,2048,76.885
256,8192,1,4096,76.4583
256,8192,1,8192,127.893
256,8192,1,16384,177.952
256,8192,2,16,76.8
256,8192,2,32,77.3343
256,8192,2,64,77.1093
256,8192,2,128,77.205
256,8192,2,256,77.1303
256,8192,2,512,76.8743
256,8192,2,1024,77.173
256,8192,2,2048,78.7723
256,8192,2,4096,128.768
256,8192,2,8192,128.469
256,8192,2,16384,179.957
256,8192,4,16,77.2907
256,8192,4,32,77.205
256,8192,4,64,77.3227
256,8192,4,128,77.13
256,8192,4,256,77.504
256,8192,4,512,77.4407
256,8192,4,1024,87.6053
256,8192,4,2048,103.743
256,8192,4,4096,130.368
256,8192,4,8192,130.293
256,8192,4,16384,180.576
256,8192,8,16,76.811
256,8192,8,32,77.045
256,8192,8,64,76.8963
256,8192,8,128,77.2693
256,8192,8,256,80.608
256,8192,8,512,84.0847
256,8192,8,1024,91.0403
256,8192,8,2048,104.127
256,8192,8,4096,130.774
256,8192,8,8192,134.815
256,8192,8,16384,132.298
256,8192,16,16,78.176
256,8192,16,32,78.7953
256,8192,16,64,78.463
256,8192,16,128,80.3093
256,8192,16,256,82.1123
256,8192,16,512,86.5703
256,8192,16,1024,94.2077
256,8192,16,2048,108.395
256,8192,16,4096,135.925
256,8192,16,8192,130.005
256,8192,16,16384,237.834
256,8192,32,16,80.661
256,8192,32,32,80.9063
256,8192,32,64,81.2477
256,8192,32,128,83.2103
256,8192,32,256,84.4043
256,8192,32,512,90.666
256,8192,32,1024,103.979
256,8192,32,2048,125.365
256,8192,32,4096,135.657
256,8192,32,8192,237.482
256,8192,32,16384,408.905
256,8192,64,16,86.463
256,8192,64,32,86.9547
256,8192,64,64,87.1033
256,8192,64,128,90.6553
256,8192,64,256,95.541
256,8192,64,512,109.077
256,8192,64,1024,129.45
256,8192,64,2048,145.544
256,8192,64,4096,223.892
256,8192,64,8192,420.532
256,8192,64,16384,756.873
256,8192,128,16,97.7387
256,8192,128,32,97.9093
256,8192,128,64,98.7517
256,8192,128,128,105.429
256,8192,128,256,115.391
256,8192,128,512,138.154
256,8192,128,1024,154.218
256,8192,128,2048,240.159
256,8192,128,4096,396.768
256,8192,128,8192,767.262
256,8192,128,16384,1452.96
256,16384,0,0,125.984
256,16384,1,16,126.677
256,16384,1,32,126.24
256,16384,1,64,126.783
256,16384,1,128,126.442
256,16384,1,256,126.431
256,16384,1,512,126.826
256,16384,1,1024,126.815
256,16384,1,2048,127.178
256,16384,1,4096,127.285
256,16384,1,8192,127.232
256,16384,1,16384,228.65
256,16384,2,16,127.189
256,16384,2,32,127.584
256,16384,2,64,127.413
256,16384,2,128,126.922
256,16384,2,256,127.659
256,16384,2,512,127.424
256,16384,2,1024,127.264
256,16384,2,2048,127.178
256,16384,2,4096,128.906
256,16384,2,8192,229.323
256,16384,2,16384,230.005
256,16384,4,16,127.488
256,16384,4,32,127.519
256,16384,4,64,127.486
256,16384,4,128,127.499
256,16384,4,256,127.381
256,16384,4,512,127.873
256,16384,4,1024,127.531
256,16384,4,2048,139.422
256,16384,4,4096,179.264
256,16384,4,8192,230.005
256,16384,4,16384,230.784
256,16384,8,16,127.467
256,16384,8,32,127.487
256,16384,8,64,126.933
256,16384,8,128,127.008
256,16384,8,256,126.869
256,16384,8,512,126.847
256,16384,8,1024,141.215
256,16384,8,2048,153.888
256,16384,8,4096,180.522
256,16384,8,8192,230.431
256,16384,8,16384,235.946
256,16384,16,16,126.794
256,16384,16,32,127.584
256,16384,16,64,127.412
256,16384,16,128,127.103
256,16384,16,256,133.088
256,16384,16,512,136.042
256,16384,16,1024,143.2
256,16384,16,2048,158.698
256,16384,16,4096,184.778
256,16384,16,8192,235.2
256,16384,16,16384,240.255
256,16384,32,16,130.943
256,16384,32,32,131.264
256,16384,32,64,130.784
256,16384,32,128,133.194
256,16384,32,256,135.189
256,16384,32,512,138.356
256,16384,32,1024,152.202
256,16384,32,2048,173.396
256,16384,32,4096,216.906
256,16384,32,8192,247.445
256,16384,32,16384,442.079
256,16384,64,16,135.818
256,16384,64,32,135.786
256,16384,64,64,135.594
256,16384,64,128,140.618
256,16384,64,256,144.203
256,16384,64,512,155.733
256,16384,64,1024,178.207
256,16384,64,2048,219.679
256,16384,64,4096,254.794
256,16384,64,8192,417.268
256,16384,64,16384,795.827
256,16384,128,16,145.759
256,16384,128,32,146.079
256,16384,128,64,146.08
256,16384,128,128,155.305
256,16384,128,256,163.86
256,16384,128,512,184.608
256,16384,128,1024,228.01
256,16384,128,2048,266.112
256,16384,128,4096,424.607
256,16384,128,8192,756.553
256,16384,128,16384,1494.31
512,0,0,0,22.0057
512,0,1,16,22.1437
512,0,1,32,22.347
512,0,1,64,22.0377
512,0,1,128,21.963
512,0,1,256,22.0907
512,0,1,512,22.6783
512,0,1,1024,29.1623
512,0,1,2048,41.025
512,0,1,4096,65.088
512,0,1,8192,113.227
512,0,1,16384,209.513
512,0,2,16,22.4427
512,0,2,32,22.3253
512,0,2,64,22.1233
512,0,2,128,23.6477
512,0,2,256,25.334
512,0,2,512,28.0213
512,0,2,1024,34.3253
512,0,2,2048,46.1327
512,0,2,4096,70.2187
512,0,2,8192,118.293
512,0,2,16384,214.709
512,0,4,16,22.4003
512,0,4,32,22.571
512,0,4,64,22.5073
512,0,4,128,24.0317
512,0,4,256,25.397
512,0,4,512,28.0317
512,0,4,1024,33.791
512,0,4,2048,45.9943
512,0,4,4096,70.4743
512,0,4,8192,118.527
512,0,4,16384,214.922
512,0,8,16,22.539
512,0,8,32,22.869
512,0,8,64,22.688
512,0,8,128,23.9253
512,0,8,256,25.781
512,0,8,512,28.5117
512,0,8,1024,34.4963
512,0,8,2048,46.7733
512,0,8,4096,71.1037
512,0,8,8192,119.179
512,0,8,16384,215.861
512,0,16,16,24.2347
512,0,16,32,24.267
512,0,16,64,24.4913
512,0,16,128,25.749
512,0,16,256,27.083
512,0,16,512,30.816
512,0,16,1024,38.6663
512,0,16,2048,53.0343
512,0,16,4096,77.194
512,0,16,8192,130.528
512,0,16,16384,224.469
512,0,32,16,27.072
512,0,32,32,27.3703
512,0,32,64,27.232
512,0,32,128,28.704
512,0,32,256,30.645
512,0,32,512,37.472
512,0,32,1024,50.9763
512,0,32,2048,73.7703
512,0,32,4096,117.216
512,0,32,8192,203.7
512,0,32,16384,379.125
512,0,64,16,32.1273
512,0,64,32,32.3093
512,0,64,64,32.2237
512,0,64,128,35.3493
512,0,64,256,41.4497
512,0,64,512,53.5783
512,0,64,1024,75.3703
512,0,64,2048,117.835
512,0,64,4096,203.253
512,0,64,8192,376.66
512,0,64,16384,722.687
512,0,128,16,41.0777
512,0,128,32,41.258
512,0,128,64,41.8347
512,0,128,128,47.776
512,0,128,256,59.371
512,0,128,512,78.9437
512,0,128,1024,122.901
512,0,128,2048,208.063
512,0,128,4096,378.633
512,0,128,8192,719.593
512,0,128,16384,1407.28
512,16,0,0,23.509
512,16,1,16,23.3273
512,16,1,32,23.5513
512,16,1,64,23.328
512,16,1,128,23.4667
512,16,1,256,23.4673
512,16,1,512,23.4767
512,16,1,1024,28.9493
512,16,1,2048,40.9493
512,16,1,4096,65.131
512,16,1,8192,113.323
512,16,1,16384,209.365
512,16,2,16,23.2747
512,16,2,32,23.1783
512,16,2,64,23.3397
512,16,2,128,23.541
512,16,2,256,25.0447
512,16,2,512,28.1287
512,16,2,1024,34.283
512,16,2,2048,45.76
512,16,2,4096,70.3037
512,16,2,8192,118.132
512,16,2,16384,214.976
512,16,4,16,23.339
512,16,4,32,23.733
512,16,4,64,23.328
512,16,4,128,24.2773
512,16,4,256,25.3973
512,16,4,512,27.904
512,16,4,1024,33.9727
512,16,4,2048,46.2927
512,16,4,4096,70.4313
512,16,4,8192,118.368
512,16,4,16384,215.071
512,16,8,16,23.3277
512,16,8,32,23.2843
512,16,8,64,23.3497
512,16,8,128,24.4907
512,16,8,256,25.727
512,16,8,512,28.3737
512,16,8,1024,34.5813
512,16,8,2048,46.9437
512,16,8,4096,71.3383
512,16,8,8192,119.306
512,16,8,16384,216.598
512,16,16,16,24.4373
512,16,16,32,24.224
512,16,16,64,24.5013
512,16,16,128,26.2717
512,16,16,256,27.1783
512,16,16,512,30.848
512,16,16,1024,38.7417
512,16,16,2048,53.888
512,16,16,4096,77.6433
512,16,16,8192,126.838
512,16,16,16384,224.959
512,16,32,16,27.3703
512,16,32,32,27.2107
512,16,32,64,27.338
512,16,32,128,28.8433
512,16,32,256,31.0073
512,16,32,512,37.4083
512,16,32,1024,51.285
512,16,32,2048,73.6747
512,16,32,4096,117.12
512,16,32,8192,205.793
512,16,32,16384,380.628
512,16,64,16,32.1393
512,16,64,32,32.373
512,16,64,64,32.2773
512,16,64,128,35.829
512,16,64,256,41.6323
512,16,64,512,53.4827
512,16,64,1024,75.0717
512,16,64,2048,118.507
512,16,64,4096,205.568
512,16,64,8192,379.231
512,16,64,16384,720.127
512,16,128,16,40.715
512,16,128,32,41.0347
512,16,128,64,41.718
512,16,128,128,47.712
512,16,128,256,58.795
512,16,128,512,78.7623
512,16,128,1024,122.772
512,16,128,2048,207.839
512,16,128,4096,377.407
512,16,128,8192,718.591
512,16,128,16384,1407.73
512,32,0,0,23.52
512,32,1,16,23.3497
512,32,1,32,23.3283
512,32,1,64,23.445
512,32,1,128,23.456
512,32,1,256,23.296
512,32,1,512,23.3057
512,32,1,1024,29.1947
512,32,1,2048,41.0027
512,32,1,4096,65.4507
512,32,1,8192,113.163
512,32,1,16384,209.695
512,32,2,16,23.4663
512,32,2,32,23.4237
512,32,2,64,23.3063
512,32,2,128,23.7443
512,32,2,256,25.2483
512,32,2,512,28.32
512,32,2,1024,33.877
512,32,2,2048,45.9943
512,32,2,4096,70.08
512,32,2,8192,118.272
512,32,2,16384,214.559
512,32,4,16,23.381
512,32,4,32,23.3807
512,32,4,64,23.456
512,32,4,128,23.7327
512,32,4,256,25.1733
512,32,4,512,28.3413
512,32,4,1024,34.3783
512,32,4,2048,46.2927
512,32,4,4096,70.23
512,32,4,8192,118.411
512,32,4,16384,215.243
512,32,8,16,23.3603
512,32,8,32,23.6697
512,32,8,64,23.7117
512,32,8,128,25.3123
512,32,8,256,26.9757
512,32,8,512,29.8247
512,32,8,1024,35.8827
512,32,8,2048,48.0107
512,32,8,4096,73.152
512,32,8,8192,120.948
512,32,8,16384,217.482
512,32,16,16,24.1493
512,32,16,32,24.1063
512,32,16,64,24.5973
512,32,16,128,25.878
512,32,16,256,28.373
512,32,16,512,31.189
512,32,16,1024,38.837
512,32,16,2048,53.0027
512,32,16,4096,77.5143
512,32,16,8192,127.936
512,32,16,16384,228.374
512,32,32,16,27.3277
512,32,32,32,27.339
512,32,32,64,27.6163
512,32,32,128,28.8957
512,32,32,256,30.7203
512,32,32,512,37.7173
512,32,32,1024,51.584
512,32,32,2048,73.813
512,32,32,4096,117.259
512,32,32,8192,204.608
512,32,32,16384,379.626
512,32,64,16,32.3093
512,32,64,32,32.1813
512,32,64,64,32.7883
512,32,64,128,35.2963
512,32,64,256,39.7973
512,32,64,512,52.7577
512,32,64,1024,75.563
512,32,64,2048,118.965
512,32,64,4096,204.459
512,32,64,8192,373.93
512,32,64,16384,722.527
512,32,128,16,41.3653
512,32,128,32,41.5887
512,32,128,64,41.6317
512,32,128,128,47.7643
512,32,128,256,58.5387
512,32,128,512,79.7863
512,32,128,1024,122.485
512,32,128,2048,208.235
512,32,128,4096,377.524
512,32,128,8192,718.741
512,32,128,16384,1405.67
512,64,0,0,23.5837
512,64,1,16,23.3497
512,64,1,32,23.36
512,64,1,64,23.3177
512,64,1,128,23.477
512,64,1,256,23.4767
512,64,1,512,23.521
512,64,1,1024,28.9817
512,64,1,2048,40.661
512,64,1,4096,65.0993
512,64,1,8192,113.13
512,64,1,16384,209.557
512,64,2,16,23.5627
512,64,2,32,23.647
512,64,2,64,23.2103
512,64,2,128,23.542
512,64,2,256,25.0987
512,64,2,512,27.9893
512,64,2,1024,34.218
512,64,2,2048,46.1657
512,64,2,4096,70.0587
512,64,2,8192,118.442
512,64,2,16384,214.805
512,64,4,16,23.637
512,64,4,32,23.3703
512,64,4,64,23.5847
512,64,4,128,24.01
512,64,4,256,25.365
512,64,4,512,28.106
512,64,4,1024,34.3043
512,64,4,2048,46.1657
512,64,4,4096,70.229
512,64,4,8192,118.57
512,64,4,16384,214.72
512,64,8,16,24.0317
512,64,8,32,24.299
512,64,8,64,24.0957
512,64,8,128,25.643
512,64,8,256,27.2427
512,64,8,512,29.8557
512,64,8,1024,36.064
512,64,8,2048,48.2663
512,64,8,4096,72.906
512,64,8,8192,121.12
512,64,8,16384,218.059
512,64,16,16,25.5993
512,64,16,32,25.2477
512,64,16,64,25.675
512,64,16,128,27.232
512,64,16,256,28.5337
512,64,16,512,31.509
512,64,16,1024,39.1357
512,64,16,2048,53.2267
512,64,16,4096,78.613
512,64,16,8192,127.893
512,64,16,16384,225.023
512,64,32,16,27.1673
512,64,32,32,27.403
512,64,32,64,27.477
512,64,32,128,30.1653
512,64,32,256,32.2037
512,64,32,512,37.8347
512,64,32,1024,51.7437
512,64,32,2048,74.5173
512,64,32,4096,117.237
512,64,32,8192,205.173
512,64,32,16384,377.887
512,64,64,16,32.2353
512,64,64,32,32.2877
512,64,64,64,32.501
512,64,64,128,36.181
512,64,64,256,41.6967
512,64,64,512,53.023
512,64,64,1024,76.555
512,64,64,2048,118.517
512,64,64,4096,204.928
512,64,64,8192,378.165
512,64,64,16384,722.398
512,64,128,16,41.6003
512,64,128,32,41.728
512,64,128,64,42.0053
512,64,128,128,48.1487
512,64,128,256,59.787
512,64,128,512,79.1153
512,64,128,1024,123.285
512,64,128,2048,208.31
512,64,128,4096,378.921
512,64,128,8192,719.604
512,64,128,16384,1401.48
512,128,0,0,23.6803
512,128,1,16,23.5097
512,128,1,32,23.5943
512,128,1,64,23.339
512,128,1,128,23.7123
512,128,1,256,23.6053
512,128,1,512,23.3287
512,128,1,1024,29.1627
512,128,1,2048,41.013
512,128,1,4096,65.216
512,128,1,8192,113.089
512,128,1,16384,209.568
512,128,2,16,23.5407
512,128,2,32,23.744
512,128,2,64,23.6047
512,128,2,128,25.4297
512,128,2,256,27.072
512,128,2,512,29.8873
512,128,2,1024,35.861
512,128,2,2048,47.7123
512,128,2,4096,72.064
512,128,2,8192,120.245
512,128,2,16384,216.384
512,128,4,16,24.1497
512,128,4,32,24.2453
512,128,4,64,24.351
512,128,4,128,25.7173
512,128,4,256,27.2427
512,128,4,512,30.0373
512,128,4,1024,36.3093
512,128,4,2048,48.1713
512,128,4,4096,72.149
512,128,4,8192,120.276
512,128,4,16384,216.758
512,128,8,16,24.3303
512,128,8,32,24.6507
512,128,8,64,24.554
512,128,8,128,25.9843
512,128,8,256,27.5517
512,128,8,512,30.4643
512,128,8,1024,36.5227
512,128,8,2048,48.5857
512,128,8,4096,73.1093
512,128,8,8192,121.333
512,128,8,16384,218.815
512,128,16,16,25.3757
512,128,16,32,25.493
512,128,16,64,25.642
512,128,16,128,27.1997
512,128,16,256,28.5643
512,128,16,512,32.2243
512,128,16,1024,39.6477
512,128,16,2048,54.1973
512,128,16,4096,81.1623
512,128,16,8192,128.074
512,128,16,16384,225.215
512,128,32,16,28.8427
512,128,32,32,28.7567
512,128,32,64,28.8857
512,128,32,128,30.1233
512,128,32,256,32.3837
512,128,32,512,39.104
512,128,32,1024,52.544
512,128,32,2048,74.7093
512,128,32,4096,117.674
512,128,32,8192,207.103
512,128,32,16384,379.978
512,128,64,16,33.6967
512,128,64,32,33.3123
512,128,64,64,33.6213
512,128,64,128,37.1837
512,128,64,256,42.5067
512,128,64,512,53.3113
512,128,64,1024,76.3737
512,128,64,2048,119.508
512,128,64,4096,205.76
512,128,64,8192,377.684
512,128,64,16384,723.038
512,128,128,16,42.4957
512,128,128,32,42.8477
512,128,128,64,43.1037
512,128,128,128,49.3333
512,128,128,256,60.0643
512,128,128,512,80.3203
512,128,128,1024,123.989
512,128,128,2048,208.896
512,128,128,4096,380.319
512,128,128,8192,721.769
512,128,128,16384,1411.72
512,256,0,0,25.2267
512,256,1,16,24.9383
512,256,1,32,25.258
512,256,1,64,25.0767
512,256,1,128,24.9063
512,256,1,256,24.9597
512,256,1,512,25.2903
512,256,1,1024,29.1307
512,256,1,2048,40.949
512,256,1,4096,65.301
512,256,1,8192,113.429
512,256,1,16384,209.6
512,256,2,16,25.1413
512,256,2,32,25.2373
512,256,2,64,24.9597
512,256,2,128,25.248
512,256,2,256,28.075
512,256,2,512,31.232
512,256,2,1024,36.9487
512,256,2,2048,49.0557
512,256,2,4096,73.2373
512,256,2,8192,121.45
512,256,2,16384,217.909
512,256,4,16,25.2267
512,256,4,32,25.4083
512,256,4,64,25.28
512,256,4,128,26.613
512,256,4,256,28.1597
512,256,4,512,31.3273
512,256,4,1024,37.056
512,256,4,2048,49.258
512,256,4,4096,73.652
512,256,4,8192,121.631
512,256,4,16384,218.143
512,256,8,16,25.7917
512,256,8,32,25.611
512,256,8,64,25.8133
512,256,8,128,27.1143
512,256,8,256,28.6927
512,256,8,512,31.541
512,256,8,1024,37.3867
512,256,8,2048,49.9413
512,256,8,4096,74.4427
512,256,8,8192,122.773
512,256,8,16384,219.071
512,256,16,16,26.762
512,256,16,32,27.0077
512,256,16,64,27.0293
512,256,16,128,28.565
512,256,16,256,29.9297
512,256,16,512,33.4503
512,256,16,1024,41.0667
512,256,16,2048,55.9137
512,256,16,4096,80.5233
512,256,16,8192,130.059
512,256,16,16384,235.316
512,256,32,16,30.2503
512,256,32,32,30.1977
512,256,32,64,30.432
512,256,32,128,31.4457
512,256,32,256,33.6533
512,256,32,512,40.842
512,256,32,1024,53.5463
512,256,32,2048,76.1387
512,256,32,4096,119.21
512,256,32,8192,209.301
512,256,32,16384,378.996
512,256,64,16,35.0293
512,256,64,32,35.0293
512,256,64,64,35.1253
512,256,64,128,38.4853
512,256,64,256,42.9117
512,256,64,512,56.1283
512,256,64,1024,78.3247
512,256,64,2048,121.162
512,256,64,4096,207.178
512,256,64,8192,381.268
512,256,64,16384,721.513
512,256,128,16,43.808
512,256,128,32,43.6903
512,256,128,64,44.32
512,256,128,128,50.731
512,256,128,256,61.76
512,256,128,512,82.2613
512,256,128,1024,125.93
512,256,128,2048,210.89
512,256,128,4096,381.354
512,256,128,8192,722.59
512,256,128,16384,1412.25
512,512,0,0,28.3197
512,512,1,16,28.1913
512,512,1,32,28.1923
512,512,1,64,28.074
512,512,1,128,28.3093
512,512,1,256,28.1387
512,512,1,512,28.2137
512,512,1,1024,29.1733
512,512,1,2048,41.3337
512,512,1,4096,65.4183
512,512,1,8192,113.312
512,512,1,16384,209.642
512,512,2,16,28.149
512,512,2,32,28.1493
512,512,2,64,28.128
512,512,2,128,27.936
512,512,2,256,28.2667
512,512,2,512,34.2613
512,512,2,1024,39.925
512,512,2,2048,52.2133
512,512,2,4096,76.2447
512,512,2,8192,124.352
512,512,2,16384,220.864
512,512,4,16,28.192
512,512,4,32,28.277
512,512,4,64,28.4693
512,512,4,128,29.877
512,512,4,256,31.51
512,512,4,512,34.037
512,512,4,1024,40.3097
512,512,4,2048,52.576
512,512,4,4096,76.533
512,512,4,8192,124.618
512,512,4,16384,221.206
512,512,8,16,28.5333
512,512,8,32,28.512
512,512,8,64,28.5763
512,512,8,128,29.9833
512,512,8,256,31.3387
512,512,8,512,34.5493
512,512,8,1024,40.2133
512,512,8,2048,52.6297
512,512,8,4096,77.0453
512,512,8,8192,125.312
512,512,8,16384,221.951
512,512,16,16,30.0903
512,512,16,32,30.0797
512,512,16,64,30.123
512,512,16,128,31.5523
512,512,16,256,33.216
512,512,16,512,36.704
512,512,16,1024,44.7687
512,512,16,2048,58.4853
512,512,16,4096,84.4583
512,512,16,8192,136.34
512,512,16,16384,230.825
512,512,32,16,33.6843
512,512,32,32,33.4613
512,512,32,64,33.4083
512,512,32,128,34.986
512,512,32,256,36.853
512,512,32,512,44.128
512,512,32,1024,56.8857
512,512,32,2048,79.435
512,512,32,4096,122.133
512,512,32,8192,209.835
512,512,32,16384,387.082
512,512,64,16,38.0373
512,512,64,32,38.187
512,512,64,64,38.1327
512,512,64,128,41.3543
512,512,64,256,46.6347
512,512,64,512,58.8257
512,512,64,1024,81.419
512,512,64,2048,123.711
512,512,64,4096,208.671
512,512,64,8192,380.512
512,512,64,16384,726.558
512,512,128,16,46.6557
512,512,128,32,46.912
512,512,128,64,47.0717
512,512,128,128,53.5893
512,512,128,256,64.64
512,512,128,512,85.1413
512,512,128,1024,128.245
512,512,128,2048,213.279
512,512,128,4096,384.821
512,512,128,8192,725.449
512,512,128,16384,1411.02
512,1024,0,0,34.539
512,1024,1,16,34.1863
512,1024,1,32,34.2923
512,1024,1,64,34.1977
512,1024,1,128,34.3037
512,1024,1,256,34.293
512,1024,1,512,34.176
512,1024,1,1024,34.2503
512,1024,1,2048,41.141
512,1024,1,4096,65.6323
512,1024,1,8192,113.568
512,1024,1,16384,209.802
512,1024,2,16,34.133
512,1024,2,32,34.0903
512,1024,2,64,34.2933
512,1024,2,128,34.1337
512,1024,2,256,34.2503
512,1024,2,512,34.4317
512,1024,2,1024,46.55
512,1024,2,2048,58.389
512,1024,2,4096,82.283
512,1024,2,8192,130.699
512,1024,2,16384,227.061
512,1024,4,16,34.421
512,1024,4,32,34.3677
512,1024,4,64,34.3893
512,1024,4,128,35.6153
512,1024,4,256,37.3543
512,1024,4,512,40.3197
512,1024,4,1024,46.4857
512,1024,4,2048,58.613
512,1024,4,4096,82.485
512,1024,4,8192,130.816
512,1024,4,16384,226.945
512,1024,8,16,34.6987
512,1024,8,32,34.411
512,1024,8,64,34.7943
512,1024,8,128,36.2023
512,1024,8,256,37.7177
512,1024,8,512,40.5333
512,1024,8,1024,46.6777
512,1024,8,2048,58.9443
512,1024,8,4096,83.4883
512,1024,8,8192,131.914
512,1024,8,16384,228.905
512,1024,16,16,36.0003
512,1024,16,32,35.9143
512,1024,16,64,36.2773
512,1024,16,128,37.824
512,1024,16,256,39.4457
512,1024,16,512,42.3993
512,1024,16,1024,50.261
512,1024,16,2048,65.045
512,1024,16,4096,90.2723
512,1024,16,8192,150.783
512,1024,16,16384,236.97
512,1024,32,16,39.6053
512,1024,32,32,39.5413
512,1024,32,64,39.6367
512,1024,32,128,41.0453
512,1024,32,256,43.2427
512,1024,32,512,49.7383
512,1024,32,1024,63.093
512,1024,32,2048,85.4927
512,1024,32,4096,128.362
512,1024,32,8192,215.274
512,1024,32,16384,386.922
512,1024,64,16,44.2987
512,1024,64,32,44.2337
512,1024,64,64,44.5223
512,1024,64,128,47.2423
512,1024,64,256,52.875
512,1024,64,512,64.6083
512,1024,64,1024,86.997
512,1024,64,2048,129.706
512,1024,64,4096,215.241
512,1024,64,8192,386.356
512,1024,64,16384,736.105
512,1024,128,16,52.4043
512,1024,128,32,52.4903
512,1024,128,64,53.0027
512,1024,128,128,59.2627
512,1024,128,256,70.0693
512,1024,128,512,89.9093
512,1024,128,1024,134.634
512,1024,128,2048,218.837
512,1024,128,4096,390.495
512,1024,128,8192,733.673
512,1024,128,16384,1418.91
512,2048,0,0,46.592
512,2048,1,16,46.3783
512,2048,1,32,46.2933
512,2048,1,64,46.24
512,2048,1,128,46.0907
512,2048,1,256,46.2077
512,2048,1,512,46.1333
512,2048,1,1024,46.325
512,2048,1,2048,46.3247
512,2048,1,4096,65.7707
512,2048,1,8192,114.112
512,2048,1,16384,210.698
512,2048,2,16,46.2823
512,2048,2,32,46.41
512,2048,2,64,46.3573
512,2048,2,128,46.432
512,2048,2,256,46.208
512,2048,2,512,46.3893
512,2048,2,1024,46.2087
512,2048,2,2048,70.6773
512,2048,2,4096,94.7837
512,2048,2,8192,143.157
512,2048,2,16384,239.221
512,2048,4,16,46.24
512,2048,4,32,46.24
512,2048,4,64,46.2617
512,2048,4,128,46.5067
512,2048,4,256,46.1973
512,2048,4,512,52.3733
512,2048,4,1024,58.2617
512,2048,4,2048,70.816
512,2048,4,4096,94.8807
512,2048,4,8192,143.628
512,2048,4,16384,239.946
512,2048,8,16,46.4853
512,2048,8,32,46.507
512,2048,8,64,46.4323
512,2048,8,128,48.0643
512,2048,8,256,49.5467
512,2048,8,512,52.6397
512,2048,8,1024,58.485
512,2048,8,2048,70.9547
512,2048,8,4096,96.128
512,2048,8,8192,144.363
512,2048,8,16384,241.216
512,2048,16,16,47.3383
512,2048,16,32,47.3497
512,2048,16,64,47.4763
512,2048,16,128,49.4073
512,2048,16,256,51.0927
512,2048,16,512,54.1437
512,2048,16,1024,62.154
512,2048,16,2048,75.6167
512,2048,16,4096,101.173
512,2048,16,8192,151.754
512,2048,16,16384,248.106
512,2048,32,16,49.7603
512,2048,32,32,49.6753
512,2048,32,64,50.122
512,2048,32,128,52.5547
512,2048,32,256,55.4773
512,2048,32,512,60.8317
512,2048,32,1024,75.5947
512,2048,32,2048,96.8743
512,2048,32,4096,139.904
512,2048,32,8192,224.832
512,2048,32,16384,399.658
512,2048,64,16,54.7307
512,2048,64,32,54.997
512,2048,64,64,54.9223
512,2048,64,128,58.603
512,2048,64,256,64.8317
512,2048,64,512,75.1573
512,2048,64,1024,98.581
512,2048,64,2048,141.846
512,2048,64,4096,226.325
512,2048,64,8192,400.234
512,2048,64,16384,745.886
512,2048,128,16,63.9357
512,2048,128,32,63.8613
512,2048,128,64,64.7153
512,2048,128,128,70.2837
512,2048,128,256,81.578
512,2048,128,512,102.443
512,2048,128,1024,145.312
512,2048,128,2048,229.791
512,2048,128,4096,400.619
512,2048,128,8192,741.898
512,2048,128,16384,1434.99
512,4096,0,0,70.187
512,4096,1,16,69.7387
512,4096,1,32,69.7707
512,4096,1,64,69.9727
512,4096,1,128,69.632
512,4096,1,256,69.7387
512,4096,1,512,69.814
512,4096,1,1024,69.6533
512,4096,1,2048,69.9197
512,4096,1,4096,69.9733
512,4096,1,8192,114.763
512,4096,1,16384,211.136
512,4096,2,16,69.9623
512,4096,2,32,69.8567
512,4096,2,64,69.9733
512,4096,2,128,69.8663
512,4096,2,256,70.2833
512,4096,2,512,69.7177
512,4096,2,1024,69.952
512,4096,2,2048,70.0373
512,4096,2,4096,119.562
512,4096,2,8192,167.53
512,4096,2,16384,263.904
512,4096,4,16,70.027
512,4096,4,32,70.112
512,4096,4,64,70.0807
512,4096,4,128,69.8023
512,4096,4,256,70.08
512,4096,4,512,69.845
512,4096,4,1024,78.6873
512,4096,4,2048,94.7517
512,4096,4,4096,119.584
512,4096,4,8192,167.893
512,4096,4,16384,264.286
512,4096,8,16,70.0897
512,4096,8,32,69.6743
512,4096,8,64,69.813
512,4096,8,128,69.9837
512,4096,8,256,73.269
512,4096,8,512,76.0963
512,4096,8,1024,82.294
512,4096,8,2048,95.2317
512,4096,8,4096,120.469
512,4096,8,8192,168.917
512,4096,8,16384,265.674
512,4096,16,16,70.3253
512,4096,16,32,70.4747
512,4096,16,64,70.677
512,4096,16,128,72.4583
512,4096,16,256,73.6747
512,4096,16,512,77.3333
512,4096,16,1024,84.309
512,4096,16,2048,98.4423
512,4096,16,4096,124.021
512,4096,16,8192,174.367
512,4096,16,16384,272.182
512,4096,32,16,73.312
512,4096,32,32,73.216
512,4096,32,64,73.4077
512,4096,32,128,75.2423
512,4096,32,256,77.0557
512,4096,32,512,84.4263
512,4096,32,1024,97.493
512,4096,32,2048,118.241
512,4096,32,4096,160.458
512,4096,32,8192,247.893
512,4096,32,16384,421.844
512,4096,64,16,77.44
512,4096,64,32,77.6643
512,4096,64,64,78.3893
512,4096,64,128,80.895
512,4096,64,256,86.8587
512,4096,64,512,98.3677
512,4096,64,1024,121.247
512,4096,64,2048,162.826
512,4096,64,4096,250.261
512,4096,64,8192,420.916
512,4096,64,16384,766.857
512,4096,128,16,85.461
512,4096,128,32,86.0363
512,4096,128,64,86.816
512,4096,128,128,94.1333
512,4096,128,256,105.141
512,4096,128,512,125.301
512,4096,128,1024,167.915
512,4096,128,2048,251.648
512,4096,128,4096,421.599
512,4096,128,8192,764.159
512,4096,128,16384,1451.73
512,8192,0,0,118.677
512,8192,1,16,118.187
512,8192,1,32,118.783
512,8192,1,64,118.198
512,8192,1,128,118.698
512,8192,1,256,118.858
512,8192,1,512,118.581
512,8192,1,1024,118.666
512,8192,1,2048,118.517
512,8192,1,4096,118.678
512,8192,1,8192,118.635
512,8192,1,16384,211.712
512,8192,2,16,118.059
512,8192,2,32,118.592
512,8192,2,64,118.272
512,8192,2,128,118.101
512,8192,2,256,118.646
512,8192,2,512,118.805
512,8192,2,1024,118.762
512,8192,2,2048,118.901
512,8192,2,4096,119.424
512,8192,2,8192,216.468
512,8192,2,16384,312.105
512,8192,4,16,118.731
512,8192,4,32,118.527
512,8192,4,64,118.485
512,8192,4,128,118.527
512,8192,4,256,118.805
512,8192,4,512,118.986
512,8192,4,1024,118.698
512,8192,4,2048,127.786
512,8192,4,4096,168.01
512,8192,4,8192,216.992
512,8192,4,16384,312.918
512,8192,8,16,119.189
512,8192,8,32,118.859
512,8192,8,64,118.336
512,8192,8,128,118.848
512,8192,8,256,118.474
512,8192,8,512,118.881
512,8192,8,1024,131.295
512,8192,8,2048,143.989
512,8192,8,4096,168.576
512,8192,8,8192,217.215
512,8192,8,16384,313.609
512,8192,16,16,118.773
512,8192,16,32,118.976
512,8192,16,64,118.848
512,8192,16,128,118.731
512,8192,16,256,122.591
512,8192,16,512,125.589
512,8192,16,1024,132.17
512,8192,16,2048,145.333
512,8192,16,4096,170.367
512,8192,16,8192,219.797
512,8192,16,16384,319.05
512,8192,32,16,119.85
512,8192,32,32,120.341
512,8192,32,64,120.554
512,8192,32,128,122.666
512,8192,32,256,125.056
512,8192,32,512,130.869
512,8192,32,1024,142.068
512,8192,32,2048,161.984
512,8192,32,4096,205.611
512,8192,32,8192,293.568
512,8192,32,16384,468.82
512,8192,64,16,124.874
512,8192,64,32,125.237
512,8192,64,64,125.419
512,8192,64,128,129.237
512,8192,64,256,133.291
512,8192,64,512,144.821
512,8192,64,1024,164.896
512,8192,64,2048,206.048
512,8192,64,4096,292
512,8192,64,8192,464.831
512,8192,64,16384,809.204
512,8192,128,16,133.92
512,8192,128,32,133.76
512,8192,128,64,135.019
512,8192,128,128,141.471
512,8192,128,256,150.688
512,8192,128,512,170.837
512,8192,128,1024,212.651
512,8192,128,2048,296.458
512,8192,128,4096,464.458
512,8192,128,8192,804.052
512,8192,128,16384,1496.01
512,16384,0,0,214.069
512,16384,1,16,214.218
512,16384,1,32,213.588
512,16384,1,64,214.411
512,16384,1,128,213.291
512,16384,1,256,213.62
512,16384,1,512,213.717
512,16384,1,1024,213.888
512,16384,1,2048,214.954
512,16384,1,4096,214.592
512,16384,1,8192,214.196
512,16384,1,16384,214.23
512,16384,2,16,213.951
512,16384,2,32,213.525
512,16384,2,64,214.218
512,16384,2,128,213.676
512,16384,2,256,213.856
512,16384,2,512,213.739
512,16384,2,1024,213.856
512,16384,2,2048,214.251
512,16384,2,4096,214.645
512,16384,2,8192,215.924
512,16384,2,16384,406.377
512,16384,4,16,214.186
512,16384,4,32,213.695
512,16384,4,64,213.951
512,16384,4,128,213.94
512,16384,4,256,213.696
512,16384,4,512,213.536
512,16384,4,1024,214.144
512,16384,4,2048,214.645
512,16384,4,4096,225.354
512,16384,4,8192,311.53
512,16384,4,16384,407.711
512,16384,8,16,213.45
512,16384,8,32,213.78
512,16384,8,64,214.016
512,16384,8,128,213.823
512,16384,8,256,213.482
512,16384,8,512,213.887
512,16384,8,1024,213.962
512,16384,8,2048,238.443
512,16384,8,4096,263.136
512,16384,8,8192,312.597
512,16384,8,16384,408.49
512,16384,16,16,214.015
512,16384,16,32,214.709
512,16384,16,64,213.76
512,16384,16,128,214.016
512,16384,16,256,214.997
512,16384,16,512,214.197
512,16384,16,1024,227.861
512,16384,16,2048,239.968
512,16384,16,4096,264.469
512,16384,16,8192,313.919
512,16384,16,16384,412.351
512,16384,32,16,214.144
512,16384,32,32,214.143
512,16384,32,64,213.867
512,16384,32,128,214.09
512,16384,32,256,218.901
512,16384,32,512,223.135
512,16384,32,1024,231.381
512,16384,32,2048,252.075
512,16384,32,4096,294.165
512,16384,32,8192,379.701
512,16384,32,16384,561.013
512,16384,64,16,217.652
512,16384,64,32,216.96
512,16384,64,64,217.461
512,16384,64,128,221.195
512,16384,64,256,227.189
512,16384,64,512,237.215
512,16384,64,1024,255.52
512,16384,64,2048,297.717
512,16384,64,4096,382.26
512,16384,64,8192,552.03
512,16384,64,16384,900.467
512,16384,128,16,227.103
512,16384,128,32,226.432
512,16384,128,64,226.847
512,16384,128,128,232.533
512,16384,128,256,243.542
512,16384,128,512,264.981
512,16384,128,1024,304.17
512,16384,128,2048,386.388
512,16384,128,4096,555.199
512,16384,128,8192,894.9
512,16384,128,16384,1579.26
1024,0,0,0,35.797
1024,0,1,16,35.862
1024,0,1,32,35.4657
1024,0,1,64,35.4983
1024,0,1,128,36.4483
1024,0,1,256,37.8773
1024,0,1,512,40.469
1024,0,1,1024,46.6883
1024,0,1,2048,58.9437
1024,0,1,4096,82.859
1024,0,1,8192,131.286
1024,0,1,16384,227.455
1024,0,2,16,35.584
1024,0,2,32,35.8937
1024,0,2,64,35.5737
1024,0,2,128,36.438
1024,0,2,256,37.9943
1024,0,2,512,40.811
1024,0,2,1024,47.0393
1024,0,2,2048,59.349
1024,0,2,4096,83.1573
1024,0,2,8192,131.466
1024,0,2,16384,227.605
1024,0,4,16,38.7203
1024,0,4,32,38.9333
1024,0,4,64,38.8153
1024,0,4,128,40.3307
1024,0,4,256,41.4297
1024,0,4,512,44.3847
1024,0,4,1024,50.5067
1024,0,4,2048,62.8587
1024,0,4,4096,86.8587
1024,0,4,8192,134.986
1024,0,4,16384,231.701
1024,0,8,16,39.4453
1024,0,8,32,38.9763
1024,0,8,64,39.8077
1024,0,8,128,40.4053
1024,0,8,256,42.6777
1024,0,8,512,44.7787
1024,0,8,1024,51.264
1024,0,8,2048,63.3813
1024,0,8,4096,88.2237
1024,0,8,8192,135.914
1024,0,8,16384,233.204
1024,0,16,16,40.2563
1024,0,16,32,40.5763
1024,0,16,64,40.832
1024,0,16,128,41.9307
1024,0,16,256,43.3283
1024,0,16,512,47.8507
1024,0,16,1024,56.394
1024,0,16,2048,70.986
1024,0,16,4096,96.0953
1024,0,16,8192,144.938
1024,0,16,16384,242.933
1024,0,32,16,41.515
1024,0,32,32,41.707
1024,0,32,64,42.283
1024,0,32,128,45.0453
1024,0,32,256,46.602
1024,0,32,512,54.6023
1024,0,32,1024,68.427
1024,0,32,2048,92.4043
1024,0,32,4096,135.806
1024,0,32,8192,223.861
1024,0,32,16384,401.919
1024,0,64,16,46.3463
1024,0,64,32,46.6983
1024,0,64,64,47.243
1024,0,64,128,50.6137
1024,0,64,256,56.4683
1024,0,64,512,71.5313
1024,0,64,1024,93.7493
1024,0,64,2048,136.971
1024,0,64,4096,222.975
1024,0,64,8192,394.346
1024,0,64,16384,741.065
1024,0,128,16,55.4237
1024,0,128,32,55.819
1024,0,128,64,57.023
1024,0,128,128,63.829
1024,0,128,256,75.7117
1024,0,128,512,97.7173
1024,0,128,1024,141.781
1024,0,128,2048,227.051
1024,0,128,4096,396.735
1024,0,128,8192,736.607
1024,0,128,16384,1428.19
1024,16,0,0,36.2133
1024,16,1,16,35.8293
1024,16,1,32,35.861
1024,16,1,64,35.8087
1024,16,1,128,37.035
1024,16,1,256,38.1123
1024,16,1,512,40.747
1024,16,1,1024,46.943
1024,16,1,2048,58.741
1024,16,1,4096,83.2743
1024,16,1,8192,131.381
1024,16,1,16384,227.999
1024,16,2,16,36.203
1024,16,2,32,36.5117
1024,16,2,64,36.3633
1024,16,2,128,37.664
1024,16,2,256,39.1573
1024,16,2,512,42.2613
1024,16,2,1024,48.2663
1024,16,2,2048,60.0963
1024,16,2,4096,84.5007
1024,16,2,8192,132.544
1024,16,2,16384,228.906
1024,16,4,16,40.0853
1024,16,4,32,40.3307
1024,16,4,64,40.4473
1024,16,4,128,41.59
1024,16,4,256,43.3063
1024,16,4,512,46.079
1024,16,4,1024,52.0423
1024,16,4,2048,64.085
1024,16,4,4096,88.1813
1024,16,4,8192,136.245
1024,16,4,16384,232.735
1024,16,8,16,40.5653
1024,16,8,32,40.736
1024,16,8,64,41.1407
1024,16,8,128,41.7813
1024,16,8,256,43.0933
1024,16,8,512,46.3257
1024,16,8,1024,52.4587
1024,16,8,2048,65.226
1024,16,8,4096,89.4287
1024,16,8,8192,137.909
1024,16,8,16384,233.93
1024,16,16,16,40.8863
1024,16,16,32,41.141
1024,16,16,64,41.279
1024,16,16,128,42.1863
1024,16,16,256,43.6373
1024,16,16,512,48.1603
1024,16,16,1024,56.1283
1024,16,16,2048,71.5193
1024,16,16,4096,95.8823
1024,16,16,8192,145.387
1024,16,16,16384,242.634
1024,16,32,16,41.9307
1024,16,32,32,42.08
1024,16,32,64,42.7417
1024,16,32,128,44.5007
1024,16,32,256,47.627
1024,16,32,512,55.2533
1024,16,32,1024,69.5783
1024,16,32,2048,92.7147
1024,16,32,4096,136.608
1024,16,32,8192,222.72
1024,16,32,16384,399.722
1024,16,64,16,46.538
1024,16,64,32,46.8377
1024,16,64,64,47.5837
1024,16,64,128,52.2343
1024,16,64,256,57.173
1024,16,64,512,72.5127
1024,16,64,1024,95.093
1024,16,64,2048,137.738
1024,16,64,4096,222.165
1024,16,64,8192,395.22
1024,16,64,16384,738.207
1024,16,128,16,55.9257
1024,16,128,32,56.4377
1024,16,128,64,57.8773
1024,16,128,128,65.536
1024,16,128,256,76.2987
1024,16,128,512,99.1677
1024,16,128,1024,143.178
1024,16,128,2048,227.478
1024,16,128,4096,395.188
1024,16,128,8192,740.073
1024,16,128,16384,1425.38
1024,32,0,0,37.3227
1024,32,1,16,36.8633
1024,32,1,32,37.0783
1024,32,1,64,36.9383
1024,32,1,128,37.5893
1024,32,1,256,39.221
1024,32,1,512,41.9737
1024,32,1,1024,48.0423
1024,32,1,2048,60.075
1024,32,1,4096,84.352
1024,32,1,8192,132.8
1024,32,1,16384,228.501
1024,32,2,16,36.8957
1024,32,2,32,36.928
1024,32,2,64,37.1627
1024,32,2,128,37.7173
1024,32,2,256,39.2
1024,32,2,512,42.0373
1024,32,2,1024,48.1283
1024,32,2,2048,60.4053
1024,32,2,4096,84.469
1024,32,2,8192,132.544
1024,32,2,16384,228.788
1024,32,4,16,40.1817
1024,32,4,32,40.405
1024,32,4,64,40.5657
1024,32,4,128,41.76
1024,32,4,256,43.157
1024,32,4,512,45.9093
1024,32,4,1024,51.9253
1024,32,4,2048,64.0637
1024,32,4,4096,88.1273
1024,32,4,8192,136.288
1024,32,4,16384,232.543
1024,32,8,16,40.2237
1024,32,8,32,40.5657
1024,32,8,64,40.885
1024,32,8,128,41.9523
1024,32,8,256,43.126
1024,32,8,512,46.1237
1024,32,8,1024,52.5003
1024,32,8,2048,65.0667
1024,32,8,4096,89.3333
1024,32,8,8192,137.258
1024,32,8,16384,234.517
1024,32,16,16,40.6823
1024,32,16,32,41.3433
1024,32,16,64,41.5357
1024,32,16,128,42.3143
1024,32,16,256,43.477
1024,32,16,512,47.8607
1024,32,16,1024,56.245
1024,32,16,2048,71.1887
1024,32,16,4096,96.1387
1024,32,16,8192,144.308
1024,32,16,16384,242.965
1024,32,32,16,42.4533
1024,32,32,32,42.4423
1024,32,32,64,43.221
1024,32,32,128,46.2613
1024,32,32,256,47.9467
1024,32,32,512,55.851
1024,32,32,1024,70.6343
1024,32,32,2048,93.515
1024,32,32,4096,136.938
1024,32,32,8192,222.688
1024,32,32,16384,397.621
1024,32,64,16,46.7837
1024,32,64,32,47.0613
1024,32,64,64,47.7123
1024,32,64,128,52.5963
1024,32,64,256,58.624
1024,32,64,512,72.4047
1024,32,64,1024,94.783
1024,32,64,2048,137.856
1024,32,64,4096,223.317
1024,32,64,8192,395.392
1024,32,64,16384,740.361
1024,32,128,16,56.0633
1024,32,128,32,56.5653
1024,32,128,64,57.248
1024,32,128,128,64.9497
1024,32,128,256,76.501
1024,32,128,512,99.3383
1024,32,128,1024,142.869
1024,32,128,2048,227.242
1024,32,128,4096,397.855
1024,32,128,8192,738.803
1024,32,128,16384,1426.34
1024,64,0,0,37.333
1024,64,1,16,37.142
1024,64,1,32,37.0343
1024,64,1,64,37.323
1024,64,1,128,37.8773
1024,64,1,256,39.1253
1024,64,1,512,42.4523
1024,64,1,1024,48.3633
1024,64,1,2048,60.363
1024,64,1,4096,84.511
1024,64,1,8192,132.597
1024,64,1,16384,228.682
1024,64,2,16,37.2157
1024,64,2,32,37.2583
1024,64,2,64,37.291
1024,64,2,128,37.931
1024,64,2,256,39.3713
1024,64,2,512,42.6453
1024,64,2,1024,48.277
1024,64,2,2048,60.384
1024,64,2,4096,84.6193
1024,64,2,8192,132.757
1024,64,2,16384,229.375
1024,64,4,16,39.9787
1024,64,4,32,40.2667
1024,64,4,64,40.2663
1024,64,4,128,41.6753
1024,64,4,256,43.008
1024,64,4,512,45.792
1024,64,4,1024,52.0523
1024,64,4,2048,64.1493
1024,64,4,4096,88.4583
1024,64,4,8192,136.586
1024,64,4,16384,232.469
1024,64,8,16,41.1417
1024,64,8,32,41.2803
1024,64,8,64,41.472
1024,64,8,128,42.1653
1024,64,8,256,44.139
1024,64,8,512,47.3057
1024,64,8,1024,52.896
1024,64,8,2048,65.066
1024,64,8,4096,89.6207
1024,64,8,8192,138.015
1024,64,8,16384,234.111
1024,64,16,16,42.1543
1024,64,16,32,41.877
1024,64,16,64,42.1657
1024,64,16,128,43.2743
1024,64,16,256,44.4907
1024,64,16,512,49.0983
1024,64,16,1024,57.8243
1024,64,16,2048,72.576
1024,64,16,4096,97.2163
1024,64,16,8192,146.24
1024,64,16,16384,244.416
1024,64,32,16,43.008
1024,64,32,32,43.1143
1024,64,32,64,43.6057
1024,64,32,128,45.0663
1024,64,32,256,49.109
1024,64,32,512,55.872
1024,64,32,1024,70.72
1024,64,32,2048,94.0693
1024,64,32,4096,136.853
1024,64,32,8192,225.12
1024,64,32,16384,401.524
1024,64,64,16,47.5943
1024,64,64,32,47.8077
1024,64,64,64,48.672
1024,64,64,128,52.458
1024,64,64,256,57.856
1024,64,64,512,72.1923
1024,64,64,1024,95.4243
1024,64,64,2048,138.218
1024,64,64,4096,225.024
1024,64,64,8192,397.205
1024,64,64,16384,738.59
1024,64,128,16,56.7677
1024,64,128,32,57.2163
1024,64,128,64,58.1017
1024,64,128,128,65.4507
1024,64,128,256,76.907
1024,64,128,512,98.9013
1024,64,128,1024,143.69
1024,64,128,2048,227.466
1024,64,128,4096,396.767
1024,64,128,8192,737.417
1024,64,128,16384,1425.24
1024,128,0,0,38.8267
1024,128,1,16,38.6667
1024,128,1,32,38.6667
1024,128,1,64,38.7417
1024,128,1,128,38.932
1024,128,1,256,39.584
1024,128,1,512,42.5067
1024,128,1,1024,48.48
1024,128,1,2048,60.7997
1024,128,1,4096,84.8107
1024,128,1,8192,132.746
1024,128,1,16384,229.141
1024,128,2,16,38.8163
1024,128,2,32,38.517
1024,128,2,64,38.72
1024,128,2,128,38.7947
1024,128,2,256,39.4663
1024,128,2,512,42.2293
1024,128,2,1024,48.7353
1024,128,2,2048,60.7043
1024,128,2,4096,84.6073
1024,128,2,8192,133.12
1024,128,2,16384,229.386
1024,128,4,16,41.5463
1024,128,4,32,41.7497
1024,128,4,64,41.632
1024,128,4,128,43.3277
1024,128,4,256,44.5757
1024,128,4,512,47.5837
1024,128,4,1024,53.5253
1024,128,4,2048,65.867
1024,128,4,4096,89.6107
1024,128,4,8192,137.994
1024,128,4,16384,234.496
1024,128,8,16,41.8133
1024,128,8,32,42.4643
1024,128,8,64,41.8987
1024,128,8,128,44.8
1024,128,8,256,46.3463
1024,128,8,512,48.7893
1024,128,8,1024,54.9767
1024,128,8,2048,67.7763
1024,128,8,4096,92.7037
1024,128,8,8192,140.299
1024,128,8,16384,237.013
1024,128,16,16,43.423
1024,128,16,32,43.616
1024,128,16,64,43.8297
1024,128,16,128,44.6397
1024,128,16,256,46.3887
1024,128,16,512,50.57
1024,128,16,1024,58.9977
1024,128,16,2048,74.3133
1024,128,16,4096,99.136
1024,128,16,8192,148.469
1024,128,16,16384,245.792
1024,128,32,16,44.598
1024,128,32,32,44.6827
1024,128,32,64,45.3543
1024,128,32,128,46.9757
1024,128,32,256,49.8663
1024,128,32,512,57.397
1024,128,32,1024,71.8613
1024,128,32,2048,95.1147
1024,128,32,4096,138.89
1024,128,32,8192,224.831
1024,128,32,16384,398.965
1024,128,64,16,49.3543
1024,128,64,32,49.5367
1024,128,64,64,50.2613
1024,128,64,128,54.2293
1024,128,64,256,60.9913
1024,128,64,512,73.376
1024,128,64,1024,96.3087
1024,128,64,2048,139.733
1024,128,64,4096,224.277
1024,128,64,8192,397.567
1024,128,64,16384,744.724
1024,128,128,16,58.4317
1024,128,128,32,58.7837
1024,128,128,64,59.5947
1024,128,128,128,67.189
1024,128,128,256,78.485
1024,128,128,512,100.565
1024,128,128,1024,144.683
1024,128,128,2048,229.695
1024,128,128,4096,399.925
1024,128,128,8192,740.723
1024,128,128,16384,1430.3
1024,256,0,0,41.8347
1024,256,1,16,41.706
1024,256,1,32,41.9197
1024,256,1,64,41.7387
1024,256,1,128,41.6217
1024,256,1,256,41.686
1024,256,1,512,44.021
1024,256,1,1024,50.1007
1024,256,1,2048,62.1753
1024,256,1,4096,85.9627
1024,256,1,8192,134.506
1024,256,1,16384,230.933
1024,256,2,16,41.6217
1024,256,2,32,41.738
1024,256,2,64,41.7277
1024,256,2,128,41.5253
1024,256,2,256,41.472
1024,256,2,512,44.0743
1024,256,2,1024,49.8997
1024,256,2,2048,62.0483
1024,256,2,4096,86.453
1024,256,2,8192,134.378
1024,256,2,16384,231.21
1024,256,4,16,43.466
1024,256,4,32,43.168
1024,256,4,64,42.9337
1024,256,4,128,45.9727
1024,256,4,256,47.6693
1024,256,4,512,50.6453
1024,256,4,1024,56.4903
1024,256,4,2048,69.0343
1024,256,4,4096,92.7043
1024,256,4,8192,140.661
1024,256,4,16384,237.609
1024,256,8,16,46.336
1024,256,8,32,46.453
1024,256,8,64,46.3787
1024,256,8,128,48.054
1024,256,8,256,49.43
1024,256,8,512,52.0103
1024,256,8,1024,58.4533
1024,256,8,2048,70.8267
1024,256,8,4096,94.9967
1024,256,8,8192,143.051
1024,256,8,16384,241.429
1024,256,16,16,46.602
1024,256,16,32,46.8053
1024,256,16,64,46.912
1024,256,16,128,48.5333
1024,256,16,256,49.9837
1024,256,16,512,54.2507
1024,256,16,1024,61.376
1024,256,16,2048,76.3837
1024,256,16,4096,102.228
1024,256,16,8192,150.528
1024,256,16,16384,248.639
1024,256,32,16,47.573
1024,256,32,32,47.8077
1024,256,32,64,48.1813
1024,256,32,128,49.92
1024,256,32,256,52.928
1024,256,32,512,60.5753
1024,256,32,1024,74.6247
1024,256,32,2048,97.76
1024,256,32,4096,141.11
1024,256,32,8192,228.79
1024,256,32,16384,402.676
1024,256,64,16,51.872
1024,256,64,32,52.352
1024,256,64,64,53.195
1024,256,64,128,56.853
1024,256,64,256,62.7417
1024,256,64,512,76.2453
1024,256,64,1024,99.637
1024,256,64,2048,142.613
1024,256,64,4096,227.541
1024,256,64,8192,399.424
1024,256,64,16384,746.569
1024,256,128,16,60.79
1024,256,128,32,61.4183
1024,256,128,64,63.1037
1024,256,128,128,70.155
1024,256,128,256,81.2693
1024,256,128,512,103.883
1024,256,128,1024,147.594
1024,256,128,2048,232.458
1024,256,128,4096,402.356
1024,256,128,8192,745.161
1024,256,128,16384,1433.64
1024,512,0,0,47.733
1024,512,1,16,47.85
1024,512,1,32,47.6487
1024,512,1,64,47.9997
1024,512,1,128,47.744
1024,512,1,256,47.5837
1024,512,1,512,47.7017
1024,512,1,1024,52.981
1024,512,1,2048,65.0453
1024,512,1,4096,89.3543
1024,512,1,8192,137.813
1024,512,1,16384,235.092
1024,512,2,16,47.5627
1024,512,2,32,47.7223
1024,512,2,64,47.424
1024,512,2,128,47.765
1024,512,2,256,47.9777
1024,512,2,512,47.851
1024,512,2,1024,53.4503
1024,512,2,2048,65.206
1024,512,2,4096,89.6433
1024,512,2,8192,138.037
1024,512,2,16384,234.197
1024,512,4,16,47.52
1024,512,4,32,47.413
1024,512,4,64,47.6263
1024,512,4,128,49.0347
1024,512,4,256,51.9043
1024,512,4,512,56.576
1024,512,4,1024,62.091
1024,512,4,2048,74.24
1024,512,4,4096,98.9757
1024,512,4,8192,146.784
1024,512,4,16384,243.764
1024,512,8,16,50.6347
1024,512,8,32,50.603
1024,512,8,64,50.72
1024,512,8,128,52.0533
1024,512,8,256,53.493
1024,512,8,512,56.6713
1024,512,8,1024,62.7727
1024,512,8,2048,75.4987
1024,512,8,4096,100.427
1024,512,8,8192,148.374
1024,512,8,16384,245.696
1024,512,16,16,52.32
1024,512,16,32,52.3413
1024,512,16,64,52.6827
1024,512,16,128,53.9947
1024,512,16,256,55.4237
1024,512,16,512,60.117
1024,512,16,1024,67.8077
1024,512,16,2048,82.218
1024,512,16,4096,107.904
1024,512,16,8192,157.12
1024,512,16,16384,254.208
1024,512,32,16,53.664
1024,512,32,32,53.685
1024,512,32,64,54.3143
1024,512,32,128,56.3417
1024,512,32,256,58.485
1024,512,32,512,66.8577
1024,512,32,1024,79.851
1024,512,32,2048,103.061
1024,512,32,4096,145.995
1024,512,32,8192,234.346
1024,512,32,16384,407.114
1024,512,64,16,58.1643
1024,512,64,32,58.5073
1024,512,64,64,59.0403
1024,512,64,128,62.7407
1024,512,64,256,67.7863
1024,512,64,512,82.5707
1024,512,64,1024,105.29
1024,512,64,2048,147.595
1024,512,64,4096,234.133
1024,512,64,8192,405.076
1024,512,64,16384,754.26
1024,512,128,16,67.4777
1024,512,128,32,67.8717
1024,512,128,64,68.971
1024,512,128,128,76.149
1024,512,128,256,87.7547
1024,512,128,512,110.858
1024,512,128,1024,152.234
1024,512,128,2048,237.471
1024,512,128,4096,408.415
1024,512,128,8192,752.736
1024,512,128,16384,1435.28
1024,1024,0,0,59.701
1024,1024,1,16,59.4447
1024,1024,1,32,59.648
1024,1024,1,64,59.5843
1024,1024,1,128,59.2647
1024,1024,1,256,59.8397
1024,1024,1,512,59.6373
1024,1024,1,1024,59.5083
1024,1024,1,2048,71.1467
1024,1024,1,4096,95.9567
1024,1024,1,8192,144.223
1024,1024,1,16384,240.213
1024,1024,2,16,59.6903
1024,1024,2,32,59.7343
1024,1024,2,64,59.9573
1024,1024,2,128,59.8723
1024,1024,2,256,59.3173
1024,1024,2,512,59.7227
1024,1024,2,1024,59.339
1024,1024,2,2048,70.9753
1024,1024,2,4096,96.234
1024,1024,2,8192,144.149
1024,1024,2,16384,240.842
1024,1024,4,16,59.5517
1024,1024,4,32,59.723
1024,1024,4,64,59.8937
1024,1024,4,128,59.6057
1024,1024,4,256,59.531
1024,1024,4,512,63.3493
1024,1024,4,1024,74.5067
1024,1024,4,2048,86.752
1024,1024,4,4096,111.467
1024,1024,4,8192,159.52
1024,1024,4,16384,255.808
1024,1024,8,16,60.715
1024,1024,8,32,60.661
1024,1024,8,64,60.9273
1024,1024,8,128,63.8937
1024,1024,8,256,65.4297
1024,1024,8,512,68.7043
1024,1024,8,1024,74.869
1024,1024,8,2048,87.499
1024,1024,8,4096,112.97
1024,1024,8,8192,161.259
1024,1024,8,16384,258.773
1024,1024,16,16,64.1923
1024,1024,16,32,63.9037
1024,1024,16,64,64.149
1024,1024,16,128,66.0807
1024,1024,16,256,68.3203
1024,1024,16,512,71.5837
1024,1024,16,1024,79.296
1024,1024,16,2048,93.5567
1024,1024,16,4096,120.383
1024,1024,16,8192,168.737
1024,1024,16,16384,266.987
1024,1024,32,16,65.4187
1024,1024,32,32,65.504
1024,1024,32,64,65.8133
1024,1024,32,128,68.2767
1024,1024,32,256,70.5483
1024,1024,32,512,78.005
1024,1024,32,1024,91.4983
1024,1024,32,2048,113.952
1024,1024,32,4096,157.088
1024,1024,32,8192,244.746
1024,1024,32,16384,419.967
1024,1024,64,16,69.909
1024,1024,64,32,70.389
1024,1024,64,64,70.741
1024,1024,64,128,74.496
1024,1024,64,256,80.5867
1024,1024,64,512,93.7273
1024,1024,64,1024,116.118
1024,1024,64,2048,158.517
1024,1024,64,4096,243.958
1024,1024,64,8192,418.559
1024,1024,64,16384,767.72
1024,1024,128,16,79.5093
1024,1024,128,32,79.6267
1024,1024,128,64,80.853
1024,1024,128,128,88.619
1024,1024,128,256,99.6267
1024,1024,128,512,121.749
1024,1024,128,1024,165.141
1024,1024,128,2048,247.061
1024,1024,128,4096,419.114
1024,1024,128,8192,763.155
1024,1024,128,16384,1450.49
1024,2048,0,0,84.3733
1024,2048,1,16,84.107
1024,2048,1,32,84.139
1024,2048,1,64,84.3307
1024,2048,1,128,84.6393
1024,2048,1,256,84.0107
1024,2048,1,512,83.9993
1024,2048,1,1024,84.021
1024,2048,1,2048,83.8403
1024,2048,1,4096,109.044
1024,2048,1,8192,157.504
1024,2048,1,16384,254.079
1024,2048,2,16,83.9143
1024,2048,2,32,84.17
1024,2048,2,64,83.9467
1024,2048,2,128,84.1177
1024,2048,2,256,83.9577
1024,2048,2,512,83.9147
1024,2048,2,1024,83.9147
1024,2048,2,2048,83.7657
1024,2048,2,4096,109.109
1024,2048,2,8192,157.621
1024,2048,2,16384,253.856
1024,2048,4,16,84.1707
1024,2048,4,32,84.4163
1024,2048,4,64,84.0743
1024,2048,4,128,84.266
1024,2048,4,256,83.979
1024,2048,4,512,83.8623
1024,2048,4,1024,88.1913
1024,2048,4,2048,111.53
1024,2048,4,4096,136.053
1024,2048,4,8192,183.872
1024,2048,4,16384,280.863
1024,2048,8,16,84.5327
1024,2048,8,32,84.128
1024,2048,8,64,84.1493
1024,2048,8,128,84.1597
1024,2048,8,256,85.2697
1024,2048,8,512,92.8007
1024,2048,8,1024,99.1143
1024,2048,8,2048,111.979
1024,2048,8,4096,137.205
1024,2048,8,8192,185.717
1024,2048,8,16384,282.304
1024,2048,16,16,86.837
1024,2048,16,32,86.6233
1024,2048,16,64,87.3057
1024,2048,16,128,88.5333
1024,2048,16,256,90.9017
1024,2048,16,512,94.613
1024,2048,16,1024,102.613
1024,2048,16,2048,117.29
1024,2048,16,4096,142.794
1024,2048,16,8192,192.66
1024,2048,16,16384,289.674
1024,2048,32,16,89.4503
1024,2048,32,32,89.642
1024,2048,32,64,90.1657
1024,2048,32,128,91.5203
1024,2048,32,256,94.0487
1024,2048,32,512,100.618
1024,2048,32,1024,114.41
1024,2048,32,2048,136.939
1024,2048,32,4096,179.808
1024,2048,32,8192,268.384
1024,2048,32,16384,440.927
1024,2048,64,16,93.9947
1024,2048,64,32,94.5173
1024,2048,64,64,94.965
1024,2048,64,128,98.954
1024,2048,64,256,104.736
1024,2048,64,512,116.585
1024,2048,64,1024,138.901
1024,2048,64,2048,181.493
1024,2048,64,4096,266.624
1024,2048,64,8192,439.882
1024,2048,64,16384,787.327
1024,2048,128,16,103.723
1024,2048,128,32,104.245
1024,2048,128,64,104.501
1024,2048,128,128,112.555
1024,2048,128,256,122.559
1024,2048,128,512,145.312
1024,2048,128,1024,187.242
1024,2048,128,2048,271.456
1024,2048,128,4096,441.429
1024,2048,128,8192,784.329
1024,2048,128,16384,1474.81
1024,4096,0,0,138.432
1024,4096,1,16,138.602
1024,4096,1,32,138.622
1024,4096,1,64,139.136
1024,4096,1,128,138.72
1024,4096,1,256,138.539
1024,4096,1,512,138.847
1024,4096,1,1024,139.274
1024,4096,1,2048,138.954
1024,4096,1,4096,138.837
1024,4096,1,8192,182.601
1024,4096,1,16384,279.476
1024,4096,2,16,138.71
1024,4096,2,32,138.571
1024,4096,2,64,138.495
1024,4096,2,128,138.485
1024,4096,2,256,138.613
1024,4096,2,512,138.966
1024,4096,2,1024,139.253
1024,4096,2,2048,139.072
1024,4096,2,4096,138.613
1024,4096,2,8192,183.093
1024,4096,2,16384,280.052
1024,4096,4,16,138.56
1024,4096,4,32,139.072
1024,4096,4,64,138.624
1024,4096,4,128,138.581
1024,4096,4,256,138.709
1024,4096,4,512,139.05
1024,4096,4,1024,138.709
1024,4096,4,2048,138.912
1024,4096,4,4096,180.299
1024,4096,4,8192,228.245
1024,4096,4,16384,324.874
1024,4096,8,16,138.805
1024,4096,8,32,138.805
1024,4096,8,64,138.592
1024,4096,8,128,139.168
1024,4096,8,256,138.943
1024,4096,8,512,138.964
1024,4096,8,1024,144.533
1024,4096,8,2048,156.907
1024,4096,8,4096,182.272
1024,4096,8,8192,230.452
1024,4096,8,16384,326.827
1024,4096,16,16,138.762
1024,4096,16,32,138.817
1024,4096,16,64,138.72
1024,4096,16,128,138.453
1024,4096,16,256,138.955
1024,4096,16,512,139.008
1024,4096,16,1024,148.096
1024,4096,16,2048,161.087
1024,4096,16,4096,187.648
1024,4096,16,8192,237.333
1024,4096,16,16384,337.877
1024,4096,32,16,140.362
1024,4096,32,32,139.466
1024,4096,32,64,139.264
1024,4096,32,128,139.562
1024,4096,32,256,143.221
1024,4096,32,512,149.408
1024,4096,32,1024,159.947
1024,4096,32,2048,182.516
1024,4096,32,4096,223.392
1024,4096,32,8192,312.832
1024,4096,32,16384,488.021
1024,4096,64,16,141.472
1024,4096,64,32,141.429
1024,4096,64,64,141.663
1024,4096,64,128,145.77
1024,4096,64,256,152.416
1024,4096,64,512,162.39
1024,4096,64,1024,184.105
1024,4096,64,2048,225.556
1024,4096,64,4096,310.613
1024,4096,64,8192,480.991
1024,4096,64,16384,826.463
1024,4096,128,16,150.901
1024,4096,128,32,151.072
1024,4096,128,64,151.52
1024,4096,128,128,157.973
1024,4096,128,256,168.587
1024,4096,128,512,188.704
1024,4096,128,1024,228.821
1024,4096,128,2048,312.031
1024,4096,128,4096,481.951
1024,4096,128,8192,825.641
1024,4096,128,16384,1511.55
1024,8192,0,0,233.151
1024,8192,1,16,233.12
1024,8192,1,32,233.163
1024,8192,1,64,232.896
1024,8192,1,128,233.258
1024,8192,1,256,233.013
1024,8192,1,512,233.002
1024,8192,1,1024,233.162
1024,8192,1,2048,233.662
1024,8192,1,4096,232.991
1024,8192,1,8192,232.917
1024,8192,1,16384,327.466
1024,8192,2,16,233.151
1024,8192,2,32,232.586
1024,8192,2,64,233.355
1024,8192,2,128,233.919
1024,8192,2,256,233.546
1024,8192,2,512,233.44
1024,8192,2,1024,233.887
1024,8192,2,2048,234.197
1024,8192,2,4096,233.6
1024,8192,2,8192,234.036
1024,8192,2,16384,328.437
1024,8192,4,16,234.037
1024,8192,4,32,233.493
1024,8192,4,64,232.683
1024,8192,4,128,232.885
1024,8192,4,256,233.301
1024,8192,4,512,234.1
1024,8192,4,1024,233.237
1024,8192,4,2048,233.268
1024,8192,4,4096,235.669
1024,8192,4,8192,321.952
1024,8192,4,16384,418.761
1024,8192,8,16,233.44
1024,8192,8,32,233.749
1024,8192,8,64,233.855
1024,8192,8,128,232.788
1024,8192,8,256,232.917
1024,8192,8,512,232.714
1024,8192,8,1024,233.407
1024,8192,8,2048,243.679
1024,8192,8,4096,274.815
1024,8192,8,8192,324.106
1024,8192,8,16384,421.289
1024,8192,16,16,233.045
1024,8192,16,32,233.194
1024,8192,16,64,233.002
1024,8192,16,128,233.174
1024,8192,16,256,234.059
1024,8192,16,512,232.575
1024,8192,16,1024,238.976
1024,8192,16,2048,252.416
1024,8192,16,4096,278.869
1024,8192,16,8192,329.343
1024,8192,16,16384,428.575
1024,8192,32,16,233.343
1024,8192,32,32,234.047
1024,8192,32,64,234.443
1024,8192,32,128,233.856
1024,8192,32,256,234.101
1024,8192,32,512,237.685
1024,8192,32,1024,247.476
1024,8192,32,2048,270.09
1024,8192,32,4096,311.05
1024,8192,32,8192,399.167
1024,8192,32,16384,578.782
1024,8192,64,16,234.303
1024,8192,64,32,234.208
1024,8192,64,64,234.122
1024,8192,64,128,237.877
1024,8192,64,256,241.545
1024,8192,64,512,251.157
1024,8192,64,1024,271.039
1024,8192,64,2048,312.362
1024,8192,64,4096,396.725
1024,8192,64,8192,568.393
1024,8192,64,16384,919.091
1024,8192,128,16,242.431
1024,8192,128,32,241.653
1024,8192,128,64,243.071
1024,8192,128,128,249.12
1024,8192,128,256,259.242
1024,8192,128,512,277.984
1024,8192,128,1024,317.717
1024,8192,128,2048,400.351
1024,8192,128,4096,568.244
1024,8192,128,8192,912.137
1024,8192,128,16384,1599.93
1024,16384,0,0,420.661
1024,16384,1,16,420.916
1024,16384,1,32,420.031
1024,16384,1,64,420.308
1024,16384,1,128,419.881
1024,16384,1,256,419.754
1024,16384,1,512,419.935
1024,16384,1,1024,420.362
1024,16384,1,2048,420.095
1024,16384,1,4096,420.554
1024,16384,1,8192,420.319
1024,16384,1,16384,421.108
1024,16384,2,16,420.554
1024,16384,2,32,420.853
1024,16384,2,64,420.01
1024,16384,2,128,419.871
1024,16384,2,256,420.159
1024,16384,2,512,420.041
1024,16384,2,1024,421.343
1024,16384,2,2048,420.18
1024,16384,2,4096,420.084
1024,16384,2,8192,419.871
1024,16384,2,16384,421.663
1024,16384,4,16,421.237
1024,16384,4,32,419.913
1024,16384,4,64,419.711
1024,16384,4,128,420.01
1024,16384,4,256,422.282
1024,16384,4,512,420.309
1024,16384,4,1024,421.536
1024,16384,4,2048,420.607
1024,16384,4,4096,421.034
1024,16384,4,8192,426.207
1024,16384,4,16384,603.316
1024,16384,8,16,420.373
1024,16384,8,32,420.468
1024,16384,8,64,419.765
1024,16384,8,128,420.192
1024,16384,8,256,419.936
1024,16384,8,512,420.639
1024,16384,8,1024,420.18
1024,16384,8,2048,420.863
1024,16384,8,4096,434.271
1024,16384,8,8192,509.258
1024,16384,8,16384,607.039
1024,16384,16,16,420.138
1024,16384,16,32,421.887
1024,16384,16,64,420.362
1024,16384,16,128,420.191
1024,16384,16,256,420.191
1024,16384,16,512,420.149
1024,16384,16,1024,420.297
1024,16384,16,2048,435.945
1024,16384,16,4096,462.815
1024,16384,16,8192,513.417
1024,16384,16,16384,613.3
1024,16384,32,16,421.076
1024,16384,32,32,421.225
1024,16384,32,64,421.845
1024,16384,32,128,421.599
1024,16384,32,256,421.429
1024,16384,32,512,421.428
1024,16384,32,1024,428.159
1024,16384,32,2048,447.338
1024,16384,32,4096,488.777
1024,16384,32,8192,574.762
1024,16384,32,16384,751.198
1024,16384,64,16,421.258
1024,16384,64,32,420.074
1024,16384,64,64,420.202
1024,16384,64,128,422.367
1024,16384,64,256,423.435
1024,16384,64,512,430.09
1024,16384,64,1024,451.839
1024,16384,64,2048,491.412
1024,16384,64,4096,572.521
1024,16384,64,8192,746.185
1024,16384,64,16384,1090.17
1024,16384,128,16,425.034
1024,16384,128,32,423.893
1024,16384,128,64,423.977
1024,16384,128,128,429.812
1024,16384,128,256,439.252
1024,16384,128,512,456.746
1024,16384,128,1024,501.416
1024,16384,128,2048,580.138
1024,16384,128,4096,744.766
1024,16384,128,8192,1085.39
1024,16384,128,16384,1773.03
2048,0,0,0,86.4
2048,0,1,16,86.709
2048,0,1,32,86.592
2048,0,1,64,86.2403
2048,0,1,128,85.962
2048,0,1,256,87.1897
2048,0,1,512,90.2923
2048,0,1,1024,96.32
2048,0,1,2048,108.897
2048,0,1,4096,133.461
2048,0,1,8192,181.397
2048,0,1,16384,278.058
2048,0,2,16,86.4
2048,0,2,32,86.432
2048,0,2,64,86.4107
2048,0,2,128,86.3363
2048,0,2,256,87.0393
2048,0,2,512,90.6243
2048,0,2,1024,96.6403
2048,0,2,2048,109.482
2048,0,2,4096,133.514
2048,0,2,8192,181.931
2048,0,2,16384,278.367
2048,0,4,16,86.677
2048,0,4,32,86.442
2048,0,4,64,86.4853
2048,0,4,128,86.6027
2048,0,4,256,87.712
2048,0,4,512,90.549
2048,0,4,1024,97.1307
2048,0,4,2048,109.472
2048,0,4,4096,134.218
2048,0,4,8192,182.421
2048,0,4,16384,278.847
2048,0,8,16,90.0377
2048,0,8,32,90.4103
2048,0,8,64,90.453
2048,0,8,128,91.1787
2048,0,8,256,92.8637
2048,0,8,512,95.626
2048,0,8,1024,101.909
2048,0,8,2048,114.624
2048,0,8,4096,139.584
2048,0,8,8192,187.669
2048,0,8,16384,284.521
2048,0,16,16,90.4857
2048,0,16,32,90.2393
2048,0,16,64,90.7943
2048,0,16,128,92.064
2048,0,16,256,93.515
2048,0,16,512,97.3763
2048,0,16,1024,104.757
2048,0,16,2048,119.722
2048,0,16,4096,146.089
2048,0,16,8192,193.984
2048,0,16,16384,292.65
2048,0,32,16,91.3607
2048,0,32,32,91.3273
2048,0,32,64,91.9043
2048,0,32,128,94.635
2048,0,32,256,97.8773
2048,0,32,512,104.395
2048,0,32,1024,118.571
2048,0,32,2048,141.781
2048,0,32,4096,185.664
2048,0,32,8192,270.719
2048,0,32,16384,446.303
2048,0,64,16,95.3597
2048,0,64,32,95.968
2048,0,64,64,96.7037
2048,0,64,128,101.547
2048,0,64,256,107.328
2048,0,64,512,120.298
2048,0,64,1024,143.648
2048,0,64,2048,186.058
2048,0,64,4096,270.591
2048,0,64,8192,442.996
2048,0,64,16384,790.356
2048,0,128,16,105.077
2048,0,128,32,105.3
2048,0,128,64,106.997
2048,0,128,128,114.389
2048,0,128,256,126.357
2048,0,128,512,147.861
2048,0,128,1024,190.506
2048,0,128,2048,275.37
2048,0,128,4096,446.239
2048,0,128,8192,785.567
2048,0,128,16384,1476.07
2048,16,0,0,86.197
2048,16,1,16,86.4
2048,16,1,32,86.293
2048,16,1,64,86.4207
2048,16,1,128,86.3787
2048,16,1,256,87.3067
2048,16,1,512,90.4633
2048,16,1,1024,96.512
2048,16,1,2048,109.013
2048,16,1,4096,134.133
2048,16,1,8192,182.026
2048,16,1,16384,278.634
2048,16,2,16,86.346
2048,16,2,32,86.2933
2048,16,2,64,86.4317
2048,16,2,128,86.6133
2048,16,2,256,87.659
2048,16,2,512,90.5597
2048,16,2,1024,96.555
2048,16,2,2048,109.461
2048,16,2,4096,133.493
2048,16,2,8192,182.465
2048,16,2,16384,278.048
2048,16,4,16,88.96
2048,16,4,32,89.034
2048,16,4,64,89.6317
2048,16,4,128,90.5917
2048,16,4,256,91.9147
2048,16,4,512,95.242
2048,16,4,1024,101.493
2048,16,4,2048,114.037
2048,16,4,4096,138.549
2048,16,4,8192,186.495
2048,16,4,16384,282.848
2048,16,8,16,89.5243
2048,16,8,32,89.5253
2048,16,8,64,89.813
2048,16,8,128,91.0183
2048,16,8,256,92.309
2048,16,8,512,95.5093
2048,16,8,1024,102.187
2048,16,8,2048,114.859
2048,16,8,4096,139.402
2048,16,8,8192,187.519
2048,16,8,16384,285.749
2048,16,16,16,90.176
2048,16,16,32,90.197
2048,16,16,64,90.6023
2048,16,16,128,91.626
2048,16,16,256,93.471
2048,16,16,512,97.5677
2048,16,16,1024,105.483
2048,16,16,2048,120.95
2048,16,16,4096,145.792
2048,16,16,8192,194.336
2048,16,16,16384,293.055
2048,16,32,16,91.8393
2048,16,32,32,92.0963
2048,16,32,64,92.5547
2048,16,32,128,94.965
2048,16,32,256,97.5993
2048,16,32,512,105.631
2048,16,32,1024,118.39
2048,16,32,2048,143.306
2048,16,32,4096,185.343
2048,16,32,8192,272.042
2048,16,32,16384,450.89
2048,16,64,16,96.128
2048,16,64,32,96.0213
2048,16,64,64,97.099
2048,16,64,128,102.187
2048,16,64,256,107.125
2048,16,64,512,120.566
2048,16,64,1024,144.223
2048,16,64,2048,186.89
2048,16,64,4096,271.606
2048,16,64,8192,445.812
2048,16,64,16384,791.754
2048,16,128,16,105.077
2048,16,128,32,105.482
2048,16,128,64,107.232
2048,16,128,128,114.88
2048,16,128,256,127.403
2048,16,128,512,148.533
2048,16,128,1024,191.435
2048,16,128,2048,276.821
2048,16,128,4096,446.731
2048,16,128,8192,788.35
2048,16,128,16384,1474.02
2048,32,0,0,87.2527
2048,32,1,16,87.0607
2048,32,1,32,87.0823
2048,32,1,64,87.083
2048,32,1,128,87.136
2048,32,1,256,88.544
2048,32,1,512,91.7547
2048,32,1,1024,97.7913
2048,32,1,2048,110.336
2048,32,1,4096,135.008
2048,32,1,8192,183.018
2048,32,1,16384,279.252
2048,32,2,16,86.8697
2048,32,2,32,86.912
2048,32,2,64,87.0393
2048,32,2,128,87.5197
2048,32,2,256,89.0667
2048,32,2,512,91.6373
2048,32,2,1024,98.517
2048,32,2,2048,110.485
2048,32,2,4096,135.104
2048,32,2,8192,183.125
2048,32,2,16384,279.85
2048,32,4,16,89.8877
2048,32,4,32,89.9843
2048,32,4,64,90.325
2048,32,4,128,91.4767
2048,32,4,256,93.1303
2048,32,4,512,95.8607
2048,32,4,1024,101.717
2048,32,4,2048,114.965
2048,32,4,4096,139.136
2048,32,4,8192,187.615
2048,32,4,16384,284.095
2048,32,8,16,90.9013
2048,32,8,32,91.1997
2048,32,8,64,91.0717
2048,32,8,128,92.1817
2048,32,8,256,93.8133
2048,32,8,512,96.7787
2048,32,8,1024,103.146
2048,32,8,2048,115.563
2048,32,8,4096,140.959
2048,32,8,8192,188.874
2048,32,8,16384,286.175
2048,32,16,16,91.317
2048,32,16,32,91.8723
2048,32,16,64,91.989
2048,32,16,128,93.7177
2048,32,16,256,94.9547
2048,32,16,512,99.8723
2048,32,16,1024,107.008
2048,32,16,2048,121.771
2048,32,16,4096,147.893
2048,32,16,8192,196.48
2048,32,16,16384,293.675
2048,32,32,16,92.5007
2048,32,32,32,93.1403
2048,32,32,64,93.002
2048,32,32,128,95.989
2048,32,32,256,98.432
2048,32,32,512,105.898
2048,32,32,1024,120.469
2048,32,32,2048,143.487
2048,32,32,4096,186.518
2048,32,32,8192,275.018
2048,32,32,16384,448.373
2048,32,64,16,97.0127
2048,32,64,32,97.5673
2048,32,64,64,97.973
2048,32,64,128,102.539
2048,32,64,256,107.765
2048,32,64,512,122.347
2048,32,64,1024,145.205
2048,32,64,2048,188.597
2048,32,64,4096,273.312
2048,32,64,8192,444.852
2048,32,64,16384,791.433
2048,32,128,16,106.08
2048,32,128,32,106.837
2048,32,128,64,107.947
2048,32,128,128,116.533
2048,32,128,256,128.064
2048,32,128,512,148.682
2048,32,128,1024,192.971
2048,32,128,2048,279.019
2048,32,128,4096,447.252
2048,32,128,8192,786.803
2048,32,128,16384,1475.61
2048,64,0,0,88.8207
2048,64,1,16,89.13
2048,64,1,32,89.045
2048,64,1,64,89.1413
2048,64,1,128,89.5033
2048,64,1,256,89.5683
2048,64,1,512,91.4133
2048,64,1,1024,98.2617
2048,64,1,2048,110.795
2048,64,1,4096,134.752
2048,64,1,8192,183.157
2048,64,1,16384,279.316
2048,64,2,16,89.4397
2048,64,2,32,88.9273
2048,64,2,64,88.8523
2048,64,2,128,89.0133
2048,64,2,256,89.3743
2048,64,2,512,92.0743
2048,64,2,1024,97.5147
2048,64,2,2048,110.677
2048,64,2,4096,134.741
2048,64,2,8192,183.605
2048,64,2,16384,279.722
2048,64,4,16,91.3177
2048,64,4,32,90.901
2048,64,4,64,90.8057
2048,64,4,128,92.299
2048,64,4,256,93.9837
2048,64,4,512,97.119
2048,64,4,1024,103.243
2048,64,4,2048,115.871
2048,64,4,4096,140.32
2048,64,4,8192,188.746
2048,64,4,16384,285.002
2048,64,8,16,91.9353
2048,64,8,32,92.0633
2048,64,8,64,92.277
2048,64,8,128,93.3227
2048,64,8,256,94.8903
2048,64,8,512,98.4533
2048,64,8,1024,104.362
2048,64,8,2048,117.311
2048,64,8,4096,142.656
2048,64,8,8192,190.592
2048,64,8,16384,286.913
2048,64,16,16,92.512
2048,64,16,32,92.6293
2048,64,16,64,92.554
2048,64,16,128,93.973
2048,64,16,256,95.9997
2048,64,16,512,99.5947
2048,64,16,1024,107.617
2048,64,16,2048,122.165
2048,64,16,4096,148.214
2048,64,16,8192,197.172
2048,64,16,16384,293.973
2048,64,32,16,93.4817
2048,64,32,32,94.2087
2048,64,32,64,94.7093
2048,64,32,128,97.5147
2048,64,32,256,99.5733
2048,64,32,512,107.061
2048,64,32,1024,121.77
2048,64,32,2048,144.479
2048,64,32,4096,187.286
2048,64,32,8192,273.236
2048,64,32,16384,451.253
2048,64,64,16,98.037
2048,64,64,32,98.368
2048,64,64,64,99.765
2048,64,64,128,104.533
2048,64,64,256,109.258
2048,64,64,512,123.178
2048,64,64,1024,146.186
2048,64,64,2048,188.554
2048,64,64,4096,275.168
2048,64,64,8192,447.285
2048,64,64,16384,794.473
2048,64,128,16,107.872
2048,64,128,32,107.776
2048,64,128,64,108.703
2048,64,128,128,116.939
2048,64,128,256,128.704
2048,64,128,512,150.975
2048,64,128,1024,193.802
2048,64,128,2048,278.218
2048,64,128,4096,447.338
2048,64,128,8192,788.915
2048,64,128,16384,1478.13
2048,128,0,0,92.16
2048,128,1,16,92.672
2048,128,1,32,92.438
2048,128,1,64,92.4683
2048,128,1,128,92.224
2048,128,1,256,92.149
2048,128,1,512,95.168
2048,128,1,1024,101.067
2048,128,1,2048,113.717
2048,128,1,4096,138.389
2048,128,1,8192,186.719
2048,128,1,16384,282.602
2048,128,2,16,92.0423
2048,128,2,32,92.0853
2048,128,2,64,92.3413
2048,128,2,128,92.693
2048,128,2,256,92.181
2048,128,2,512,95.1147
2048,128,2,1024,101.173
2048,128,2,2048,114.346
2048,128,2,4096,138.048
2048,128,2,8192,186.623
2048,128,2,16384,282.827
2048,128,4,16,94.219
2048,128,4,32,94.1117
2048,128,4,64,93.9417
2048,128,4,128,95.456
2048,128,4,256,97.0127
2048,128,4,512,99.957
2048,128,4,1024,106.09
2048,128,4,2048,118.379
2048,128,4,4096,142.912
2048,128,4,8192,191.946
2048,128,4,16384,288.073
2048,128,8,16,94.592
2048,128,8,32,94.5173
2048,128,8,64,94.6557
2048,128,8,128,96.2443
2048,128,8,256,97.9197
2048,128,8,512,100.694
2048,128,8,1024,107.53
2048,128,8,2048,120
2048,128,8,4096,145.152
2048,128,8,8192,192.661
2048,128,8,16384,290.303
2048,128,16,16,95.2313
2048,128,16,32,95.1353
2048,128,16,64,95.008
2048,128,16,128,96.9387
2048,128,16,256,98.4217
2048,128,16,512,102.325
2048,128,16,1024,110.817
2048,128,16,2048,125.77
2048,128,16,4096,151.797
2048,128,16,8192,199.285
2048,128,16,16384,297.855
2048,128,32,16,97.0457
2048,128,32,32,96.917
2048,128,32,64,98.0477
2048,128,32,128,100.203
2048,128,32,256,102.709
2048,128,32,512,110.133
2048,128,32,1024,124.682
2048,128,32,2048,146.977
2048,128,32,4096,191.147
2048,128,32,8192,278.656
2048,128,32,16384,458.249
2048,128,64,16,101.333
2048,128,64,32,101.344
2048,128,64,64,102.752
2048,128,64,128,107.637
2048,128,64,256,113.195
2048,128,64,512,124.96
2048,128,64,1024,149.632
2048,128,64,2048,191.605
2048,128,64,4096,276.895
2048,128,64,8192,450.015
2048,128,64,16384,795.636
2048,128,128,16,110.283
2048,128,128,32,111.008
2048,128,128,64,112.234
2048,128,128,128,120.224
2048,128,128,256,133.098
2048,128,128,512,152.469
2048,128,128,1024,196.554
2048,128,128,2048,280.394
2048,128,128,4096,451.701
2048,128,128,8192,792.617
2048,128,128,16384,1480.84
2048,256,0,0,98.7303
2048,256,1,16,98.7303
2048,256,1,32,98.7087
2048,256,1,64,98.7417
2048,256,1,128,98.603
2048,256,1,256,98.4963
2048,256,1,512,99.4347
2048,256,1,1024,105.675
2048,256,1,2048,118.528
2048,256,1,4096,143.178
2048,256,1,8192,191.413
2048,256,1,16384,287.104
2048,256,2,16,99.0613
2048,256,2,32,98.688
2048,256,2,64,98.7197
2048,256,2,128,98.4957
2048,256,2,256,98.6667
2048,256,2,512,100.213
2048,256,2,1024,105.77
2048,256,2,2048,118.581
2048,256,2,4096,143.477
2048,256,2,8192,191.434
2048,256,2,16384,287.776
2048,256,4,16,100.415
2048,256,4,32,100.266
2048,256,4,64,99.7437
2048,256,4,128,102.154
2048,256,4,256,103.712
2048,256,4,512,106.241
2048,256,4,1024,112.927
2048,256,4,2048,125.066
2048,256,4,4096,150.079
2048,256,4,8192,197.739
2048,256,4,16384,294.036
2048,256,8,16,102.037
2048,256,8,32,101.578
2048,256,8,64,101.824
2048,256,8,128,102.934
2048,256,8,256,104.991
2048,256,8,512,107.711
2048,256,8,1024,114.122
2048,256,8,2048,126.859
2048,256,8,4096,151.414
2048,256,8,8192,199.861
2048,256,8,16384,296.981
2048,256,16,16,102.495
2048,256,16,32,102.335
2048,256,16,64,102.122
2048,256,16,128,103.691
2048,256,16,256,105.462
2048,256,16,512,109.301
2048,256,16,1024,116.491
2048,256,16,2048,132.085
2048,256,16,4096,157.258
2048,256,16,8192,205.834
2048,256,16,16384,303.712
2048,256,32,16,103.307
2048,256,32,32,103.68
2048,256,32,64,103.957
2048,256,32,128,107.018
2048,256,32,256,110.303
2048,256,32,512,116.543
2048,256,32,1024,130.389
2048,256,32,2048,154.133
2048,256,32,4096,196.831
2048,256,32,8192,284.202
2048,256,32,16384,455.807
2048,256,64,16,107.766
2048,256,64,32,107.882
2048,256,64,64,108.469
2048,256,64,128,113.568
2048,256,64,256,119.265
2048,256,64,512,131.467
2048,256,64,1024,154.804
2048,256,64,2048,197.685
2048,256,64,4096,284.576
2048,256,64,8192,454.303
2048,256,64,16384,797.908
2048,256,128,16,116.863
2048,256,128,32,117.269
2048,256,128,64,118.25
2048,256,128,128,126.347
2048,256,128,256,137.578
2048,256,128,512,157.866
2048,256,128,1024,202.123
2048,256,128,2048,286.463
2048,256,128,4096,458.175
2048,256,128,8192,797.982
2048,256,128,16384,1486.87
2048,512,0,0,111.264
2048,512,1,16,111.083
2048,512,1,32,111.114
2048,512,1,64,111.082
2048,512,1,128,111.083
2048,512,1,256,111.157
2048,512,1,512,111.349
2048,512,1,1024,115.082
2048,512,1,2048,128.566
2048,512,1,4096,151.529
2048,512,1,8192,199.508
2048,512,1,16384,296.533
2048,512,2,16,111.296
2048,512,2,32,111.168
2048,512,2,64,111.221
2048,512,2,128,111.189
2048,512,2,256,111.285
2048,512,2,512,111.05
2048,512,2,1024,115.146
2048,512,2,2048,127.755
2048,512,2,4096,151.626
2048,512,2,8192,200.618
2048,512,2,16384,296.244
2048,512,4,16,111.04
2048,512,4,32,110.933
2048,512,4,64,111.466
2048,512,4,128,111.082
2048,512,4,256,113.706
2048,512,4,512,118.88
2048,512,4,1024,124.576
2048,512,4,2048,137.247
2048,512,4,4096,161.589
2048,512,4,8192,209.749
2048,512,4,16384,306.025
2048,512,8,16,112.981
2048,512,8,32,112.746
2048,512,8,64,112.736
2048,512,8,128,114.411
2048,512,8,256,115.861
2048,512,8,512,119.232
2048,512,8,1024,125.279
2048,512,8,2048,138.613
2048,512,8,4096,163.061
2048,512,8,8192,211.072
2048,512,8,16384,307.744
2048,512,16,16,113.813
2048,512,16,32,114.549
2048,512,16,64,114.037
2048,512,16,128,116.074
2048,512,16,256,117.129
2048,512,16,512,121.312
2048,512,16,1024,129.568
2048,512,16,2048,144.639
2048,512,16,4096,168.821
2048,512,16,8192,217.631
2048,512,16,16384,315.478
2048,512,32,16,115.402
2048,512,32,32,115.69
2048,512,32,64,115.819
2048,512,32,128,118.378
2048,512,32,256,120.96
2048,512,32,512,128.735
2048,512,32,1024,142.677
2048,512,32,2048,166.261
2048,512,32,4096,208.725
2048,512,32,8192,295.572
2048,512,32,16384,471.017
2048,512,64,16,119.839
2048,512,64,32,120.064
2048,512,64,64,121.301
2048,512,64,128,125.813
2048,512,64,256,130.804
2048,512,64,512,144.416
2048,512,64,1024,166.965
2048,512,64,2048,210.336
2048,512,64,4096,295.199
2048,512,64,8192,466.228
2048,512,64,16384,814.484
2048,512,128,16,129.535
2048,512,128,32,129.418
2048,512,128,64,130.655
2048,512,128,128,138.709
2048,512,128,256,150.262
2048,512,128,512,171.68
2048,512,128,1024,214.336
2048,512,128,2048,298.421
2048,512,128,4096,469.726
2048,512,128,8192,809.31
2048,512,128,16384,1501.67
2048,1024,0,0,136.021
2048,1024,1,16,135.851
2048,1024,1,32,135.765
2048,1024,1,64,136.118
2048,1024,1,128,135.36
2048,1024,1,256,135.36
2048,1024,1,512,135.978
2048,1024,1,1024,135.967
2048,1024,1,2048,146.71
2048,1024,1,4096,170.367
2048,1024,1,8192,218.58
2048,1024,1,16384,314.773
2048,1024,2,16,135.583
2048,1024,2,32,135.595
2048,1024,2,64,135.733
2048,1024,2,128,135.893
2048,1024,2,256,135.904
2048,1024,2,512,135.851
2048,1024,2,1024,136.15
2048,1024,2,2048,146.74
2048,1024,2,4096,170.741
2048,1024,2,8192,219.338
2048,1024,2,16384,315.486
2048,1024,4,16,135.712
2048,1024,4,32,135.744
2048,1024,4,64,135.616
2048,1024,4,128,135.488
2048,1024,4,256,135.808
2048,1024,4,512,138.538
2048,1024,4,1024,147.83
2048,1024,4,2048,159.819
2048,1024,4,4096,184.372
2048,1024,4,8192,232.202
2048,1024,4,16384,328.533
2048,1024,8,16,135.349
2048,1024,8,32,135.903
2048,1024,8,64,135.776
2048,1024,8,128,137.258
2048,1024,8,256,140.799
2048,1024,8,512,144.17
2048,1024,8,1024,150.282
2048,1024,8,2048,162.74
2048,1024,8,4096,187.221
2048,1024,8,8192,235.306
2048,1024,8,16384,332.287
2048,1024,16,16,139.637
2048,1024,16,32,138.101
2048,1024,16,64,139.061
2048,1024,16,128,139.999
2048,1024,16,256,141.782
2048,1024,16,512,145.056
2048,1024,16,1024,153.877
2048,1024,16,2048,167.861
2048,1024,16,4096,194.431
2048,1024,16,8192,242.645
2048,1024,16,16384,339.435
2048,1024,32,16,140.043
2048,1024,32,32,140.779
2048,1024,32,64,140.981
2048,1024,32,128,142.9
2048,1024,32,256,145.439
2048,1024,32,512,151.798
2048,1024,32,1024,166.474
2048,1024,32,2048,189.866
2048,1024,32,4096,231.669
2048,1024,32,8192,320.874
2048,1024,32,16384,495.605
2048,1024,64,16,145.301
2048,1024,64,32,145.525
2048,1024,64,64,146.175
2048,1024,64,128,150.24
2048,1024,64,256,155.21
2048,1024,64,512,167.723
2048,1024,64,1024,191.221
2048,1024,64,2048,233.161
2048,1024,64,4096,319.264
2048,1024,64,8192,491.455
2048,1024,64,16384,834.814
2048,1024,128,16,153.663
2048,1024,128,32,153.878
2048,1024,128,64,155.53
2048,1024,128,128,162.933
2048,1024,128,256,173.684
2048,1024,128,512,194.965
2048,1024,128,1024,239.168
2048,1024,128,2048,323.37
2048,1024,128,4096,494.43
2048,1024,128,8192,834.43
2048,1024,128,16384,1520.36
2048,2048,0,0,185.205
2048,2048,1,16,184.81
2048,2048,1,32,185.301
2048,2048,1,64,185.418
2048,2048,1,128,185.323
2048,2048,1,256,185.002
2048,2048,1,512,184.916
2048,2048,1,1024,185.376
2048,2048,1,2048,185.237
2048,2048,1,4096,207.563
2048,2048,1,8192,255.924
2048,2048,1,16384,352.362
2048,2048,2,16,185.248
2048,2048,2,32,185.13
2048,2048,2,64,185.578
2048,2048,2,128,185.247
2048,2048,2,256,184.778
2048,2048,2,512,185.055
2048,2048,2,1024,184.821
2048,2048,2,2048,184.746
2048,2048,2,4096,207.648
2048,2048,2,8192,256.575
2048,2048,2,16384,353.065
2048,2048,4,16,184.501
2048,2048,4,32,185.621
2048,2048,4,64,185.408
2048,2048,4,128,184.725
2048,2048,4,256,185.131
2048,2048,4,512,185.365
2048,2048,4,1024,185.802
2048,2048,4,2048,197.631
2048,2048,4,4096,221.77
2048,2048,4,8192,270.154
2048,2048,4,16384,366.548
2048,2048,8,16,185.109
2048,2048,8,32,185.462
2048,2048,8,64,185.387
2048,2048,8,128,185.535
2048,2048,8,256,185.312
2048,2048,8,512,187.573
2048,2048,8,1024,199.136
2048,2048,8,2048,211.616
2048,2048,8,4096,235.637
2048,2048,8,8192,283.882
2048,2048,8,16384,380.512
2048,2048,16,16,185.568
2048,2048,16,32,185.782
2048,2048,16,64,185.173
2048,2048,16,128,187.135
2048,2048,16,256,191.391
2048,2048,16,512,194.474
2048,2048,16,1024,201.077
2048,2048,16,2048,214.943
2048,2048,16,4096,241.567
2048,2048,16,8192,290.346
2048,2048,16,16384,388.074
2048,2048,32,16,188.234
2048,2048,32,32,188.469
2048,2048,32,64,188.554
2048,2048,32,128,191.519
2048,2048,32,256,193.365
2048,2048,32,512,199.456
2048,2048,32,1024,212.148
2048,2048,32,2048,234.484
2048,2048,32,4096,277.599
2048,2048,32,8192,364.191
2048,2048,32,16384,539.029
2048,2048,64,16,193.034
2048,2048,64,32,193.397
2048,2048,64,64,194.293
2048,2048,64,128,198.495
2048,2048,64,256,203.871
2048,2048,64,512,214.485
2048,2048,64,1024,236.597
2048,2048,64,2048,279.53
2048,2048,64,4096,364.864
2048,2048,64,8192,539.402
2048,2048,64,16384,884.734
2048,2048,128,16,202.709
2048,2048,128,32,202.57
2048,2048,128,64,203.115
2048,2048,128,128,211.508
2048,2048,128,256,221.408
2048,2048,128,512,243.551
2048,2048,128,1024,283.466
2048,2048,128,2048,369.332
2048,2048,128,4096,537.78
2048,2048,128,8192,884.819
2048,2048,128,16384,1569.94
2048,4096,0,0,280.223
2048,4096,1,16,279.978
2048,4096,1,32,279.711
2048,4096,1,64,280.009
2048,4096,1,128,279.924
2048,4096,1,256,280.181
2048,4096,1,512,279.979
2048,4096,1,1024,280.117
2048,4096,1,2048,280.372
2048,4096,1,4096,281.162
2048,4096,1,8192,325.78
2048,4096,1,16384,421.748
2048,4096,2,16,279.967
2048,4096,2,32,279.562
2048,4096,2,64,280.32
2048,4096,2,128,279.935
2048,4096,2,256,280.575
2048,4096,2,512,279.701
2048,4096,2,1024,279.753
2048,4096,2,2048,280.245
2048,4096,2,4096,283.487
2048,4096,2,8192,330.837
2048,4096,2,16384,428.33
2048,4096,4,16,280.714
2048,4096,4,32,280.447
2048,4096,4,64,280.693
2048,4096,4,128,280.159
2048,4096,4,256,279.946
2048,4096,4,512,279.669
2048,4096,4,1024,279.733
2048,4096,4,2048,281.151
2048,4096,4,4096,305.098
2048,4096,4,8192,352.159
2048,4096,4,16384,449.226
2048,4096,8,16,279.85
2048,4096,8,32,280.735
2048,4096,8,64,279.53
2048,4096,8,128,279.743
2048,4096,8,256,279.903
2048,4096,8,512,280.01
2048,4096,8,1024,280.372
2048,4096,8,2048,304.021
2048,4096,8,4096,329.376
2048,4096,8,8192,377.417
2048,4096,8,16384,473.887
2048,4096,16,16,280.096
2048,4096,16,32,280.522
2048,4096,16,64,279.893
2048,4096,16,128,280.373
2048,4096,16,256,279.647
2048,4096,16,512,283.124
2048,4096,16,1024,292.81
2048,4096,16,2048,307.466
2048,4096,16,4096,331.68
2048,4096,16,8192,381.951
2048,4096,16,16384,479.21
2048,4096,32,16,279.658
2048,4096,32,32,279.625
2048,4096,32,64,281.611
2048,4096,32,128,284.256
2048,4096,32,256,285.835
2048,4096,32,512,291.188
2048,4096,32,1024,301.631
2048,4096,32,2048,321.855
2048,4096,32,4096,364.777
2048,4096,32,8192,452.959
2048,4096,32,16384,627.711
2048,4096,64,16,284.277
2048,4096,64,32,284.724
2048,4096,64,64,285.589
2048,4096,64,128,289.6
2048,4096,64,256,295.05
2048,4096,64,512,305.471
2048,4096,64,1024,325.791
2048,4096,64,2048,367.178
2048,4096,64,4096,452.458
2048,4096,64,8192,624.468
2048,4096,64,16384,972.147
2048,4096,128,16,293.225
2048,4096,128,32,293.109
2048,4096,128,64,294.815
2048,4096,128,128,302.004
2048,4096,128,256,311.946
2048,4096,128,512,332.704
2048,4096,128,1024,373.599
2048,4096,128,2048,456.81
2048,4096,128,4096,624.83
2048,4096,128,8192,971.219
2048,4096,128,16384,1665.17
2048,8192,0,0,466.507
2048,8192,1,16,468.735
2048,8192,1,32,467.583
2048,8192,1,64,468.03
2048,8192,1,128,468.841
2048,8192,1,256,469.141
2048,8192,1,512,467.178
2048,8192,1,1024,466.623
2048,8192,1,2048,467.316
2048,8192,1,4096,467.22
2048,8192,1,8192,466.666
2048,8192,1,16384,561.225
2048,8192,2,16,466.985
2048,8192,2,32,466.89
2048,8192,2,64,466.944
2048,8192,2,128,467.434
2048,8192,2,256,467.103
2048,8192,2,512,467.892
2048,8192,2,1024,467.327
2048,8192,2,2048,466.751
2048,8192,2,4096,467.22
2048,8192,2,8192,471.156
2048,8192,2,16384,569.077
2048,8192,4,16,467.231
2048,8192,4,32,466.687
2048,8192,4,64,467.86
2048,8192,4,128,467.519
2048,8192,4,256,466.591
2048,8192,4,512,466.89
2048,8192,4,1024,467.156
2048,8192,4,2048,467.935
2048,8192,4,4096,468.149
2048,8192,4,8192,494.718
2048,8192,4,16384,588.341
2048,8192,8,16,467.529
2048,8192,8,32,466.612
2048,8192,8,64,467.391
2048,8192,8,128,466.698
2048,8192,8,256,468.042
2048,8192,8,512,468.372
2048,8192,8,1024,467.06
2048,8192,8,2048,467.157
2048,8192,8,4096,497.557
2048,8192,8,8192,563.338
2048,8192,8,16384,659.177
2048,8192,16,16,467.274
2048,8192,16,32,468.714
2048,8192,16,64,467.647
2048,8192,16,128,467.412
2048,8192,16,256,467.999
2048,8192,16,512,467.838
2048,8192,16,1024,466.697
2048,8192,16,2048,490.047
2048,8192,16,4096,516.202
2048,8192,16,8192,565.865
2048,8192,16,16384,665.161
2048,8192,32,16,468.436
2048,8192,32,32,466.751
2048,8192,32,64,468.469
2048,8192,32,128,467.466
2048,8192,32,256,466.803
2048,8192,32,512,466.836
2048,8192,32,1024,480.405
2048,8192,32,2048,497.631
2048,8192,32,4096,537.877
2048,8192,32,8192,624.863
2048,8192,32,16384,800.744
2048,8192,64,16,467.53
2048,8192,64,32,468.084
2048,8192,64,64,467.765
2048,8192,64,128,469.631
2048,8192,64,256,474.687
2048,8192,64,512,480.063
2048,8192,64,1024,506.111
2048,8192,64,2048,544.415
2048,8192,64,4096,625.77
2048,8192,64,8192,795.913
2048,8192,64,16384,1142.79
2048,8192,128,16,475.754
2048,8192,128,32,474.581
2048,8192,128,64,475.786
2048,8192,128,128,481.813
2048,8192,128,256,490.399
2048,8192,128,512,507.231
2048,8192,128,1024,553.364
2048,8192,128,2048,632.937
2048,8192,128,4096,799.177
2048,8192,128,8192,1138.77
2048,8192,128,16384,1831.1
2048,16384,0,0,841.491
2048,16384,1,16,841.918
2048,16384,1,32,844.19
2048,16384,1,64,841.182
2048,16384,1,128,842.335
2048,16384,1,256,843.039
2048,16384,1,512,841.331
2048,16384,1,1024,842.493
2048,16384,1,2048,841.001
2048,16384,1,4096,842.516
2048,16384,1,8192,842.675
2048,16384,1,16384,841.557
2048,16384,2,16,844.062
2048,16384,2,32,842.548
2048,16384,2,64,841.898
2048,16384,2,128,843.518
2048,16384,2,256,842.174
2048,16384,2,512,841.94
2048,16384,2,1024,842.953
2048,16384,2,2048,842.868
2048,16384,2,4096,841.641
2048,16384,2,8192,841.737
2048,16384,2,16384,852.617
2048,16384,4,16,843.156
2048,16384,4,32,843.422
2048,16384,4,64,841.117
2048,16384,4,128,841.833
2048,16384,4,256,842.91
2048,16384,4,512,842.078
2048,16384,4,1024,843.529
2048,16384,4,2048,842.472
2048,16384,4,4096,841.78
2048,16384,4,8192,842.195
2048,16384,4,16384,872.084
2048,16384,8,16,842.772
2048,16384,8,32,841.961
2048,16384,8,64,842.217
2048,16384,8,128,843.646
2048,16384,8,256,841.182
2048,16384,8,512,842.739
2048,16384,8,1024,841.736
2048,16384,8,2048,844.136
2048,16384,8,4096,842.846
2048,16384,8,8192,876.179
2048,16384,8,16384,1031.52
2048,16384,16,16,842.697
2048,16384,16,32,843.923
2048,16384,16,64,841
2048,16384,16,128,843.273
2048,16384,16,256,844.329
2048,16384,16,512,842.708
2048,16384,16,1024,843.017
2048,16384,16,2048,841.769
2048,16384,16,4096,880.787
2048,16384,16,8192,938.558
2048,16384,16,16384,1036.67
2048,16384,32,16,841.139
2048,16384,32,32,842.644
2048,16384,32,64,845.181
2048,16384,32,128,842.644
2048,16384,32,256,843.444
2048,16384,32,512,842.249
2048,16384,32,1024,841.141
2048,16384,32,2048,866.675
2048,16384,32,4096,896.223
2048,16384,32,8192,978.003
2048,16384,32,16384,1156.69
2048,16384,64,16,837.534
2048,16384,64,32,839.252
2048,16384,64,64,836.606
2048,16384,64,128,837.779
2048,16384,64,256,834.953
2048,16384,64,512,837.566
2048,16384,64,1024,851.946
2048,16384,64,2048,904.713
2048,16384,64,4096,978.025
2048,16384,64,8192,1145.05
2048,16384,64,16384,1492.11
2048,16384,128,16,839.923
2048,16384,128,32,843.305
2048,16384,128,64,843.711
2048,16384,128,128,843.912
2048,16384,128,256,853.598
2048,16384,128,512,867.443
2048,16384,128,1024,905.907
2048,16384,128,2048,1001.18
2048,16384,128,4096,1152.29
2048,16384,128,8192,1487.86
2048,16384,128,16384,2178.34
