prefill_chunk,kv_prefill,n_decode,kv_decode,time_us
0,0,1,16,12.0113
0,0,1,32,11.872
0,0,1,64,12.1067
0,0,1,128,13.3333
0,0,1,256,14.283
0,0,1,512,14.261
0,0,1,1024,15.691
0,0,1,2048,16.3733
0,0,1,4096,16.7253
0,0,1,8192,18.464
0,0,1,16384,21.8873
0,0,2,16,11.9577
0,0,2,32,12.1493
0,0,2,64,11.9903
0,0,2,128,13.4183
0,0,2,256,14.3147
0,0,2,512,15.349
0,0,2,1024,15.605
0,0,2,2048,16.2347
0,0,2,4096,16.7887
0,0,2,8192,19.5203
0,0,2,16384,22.912
0,0,4,16,12.1177
0,0,4,32,12.021
0,0,4,64,12.042
0,0,4,128,13.2913
0,0,4,256,14.368
0,0,4,512,14.8373
0,0,4,1024,15.8403
0,0,4,2048,16.7467
0,0,4,4096,18.2617
0,0,4,8192,21.4387
0,0,4,16384,28.1927
0,0,8,16,12.2987
0,0,8,32,12.2453
0,0,8,64,12.2553
0,0,8,128,13.6957
0,0,8,256,14.4853
0,0,8,512,15.4773
0,0,8,1024,16.1487
0,0,8,2048,17.5143
0,0,8,4096,20.4693
0,0,8,8192,27.478
0,0,8,16384,39.1683
0,0,16,16,12.362
0,0,16,32,12.1173
0,0,16,64,12.4587
0,0,16,128,13.589
0,0,16,256,14.464
0,0,16,512,15.872
0,0,16,1024,17.5567
0,0,16,2048,20.4263
0,0,16,4096,26.9767
0,0,16,8192,40.2563
0,0,16,16384,62.3683
0,0,32,16,12.9697
0,0,32,32,12.7363
0,0,32,64,12.853
0,0,32,128,14.0693
0,0,32,256,15.03
0,0,32,512,17.4187
0,0,32,1024,20.8753
0,0,32,2048,28.4163
0,0,32,4096,41.1303
0,0,32,8192,62.123
0,0,32,16384,106.602
0,0,64,16,12.875
0,0,64,32,12.8743
0,0,64,64,12.831
0,0,64,128,14.036
0,0,64,256,15.9893
0,0,64,512,22.389
0,0,64,1024,30.3037
0,0,64,2048,44.2027
0,0,64,4096,67.0933
0,0,64,8192,109.653
0,0,64,16384,198.24
0,0,128,16,13.3227
0,0,128,32,13.4613
0,0,128,64,14.303
0,0,128,128,16.907
0,0,128,256,21.119
0,0,128,512,33.0773
0,0,128,1024,47.295
0,0,128,2048,68.9387
0,0,128,4096,115.989
0,0,128,8192,200.479
0,0,128,16384,377.066
0,0,256,16,18.3143
0,0,256,32,18.9017
0,0,256,64,19.5093
0,0,256,128,24.15
0,0,256,256,31.285
0,0,256,512,48.8743
0,0,256,1024,71.4873
0,0,256,2048,114.005
0,0,256,4096,202.037
0,0,256,8192,371.85
0,0,256,16384,719.614
16,0,0,0,14.24
16,0,1,16,13.866
16,0,1,32,14.059
16,0,1,64,14.0053
16,0,1,128,15.3593
16,0,1,256,16.7893
16,0,1,512,17.5147
16,0,1,1024,18.3033
16,0,1,2048,18.133
16,0,1,4096,19.4247
16,0,1,8192,20.4913
16,0,1,16384,23.4123
16,0,2,16,14.3047
16,0,2,32,14.144
16,0,2,64,13.9197
16,0,2,128,15.221
16,0,2,256,16.6727
16,0,2,512,16.2447
16,0,2,1024,17.4293
16,0,2,2048,17.994
16,0,2,4096,19.1567
16,0,2,8192,20.821
16,0,2,16384,24.1917
16,0,4,16,14.1447
16,0,4,32,13.9947
16,0,4,64,14.08
16,0,4,128,15.1897
16,0,4,256,16.9067
16,0,4,512,17.2483
16,0,4,1024,17.7497
16,0,4,2048,18.2613
16,0,4,4096,19.627
16,0,4,8192,22.2297
16,0,4,16384,29.2057
16,0,8,16,13.7167
16,0,8,32,13.622
16,0,8,64,13.697
16,0,8,128,14.9013
16,0,8,256,16.2773
16,0,8,512,17.3543
16,0,8,1024,17.92
16,0,8,2048,19.296
16,0,8,4096,21.856
16,0,8,8192,28.96
16,0,8,16384,41.046
16,0,16,16,13.8877
16,0,16,32,13.824
16,0,16,64,13.7487
16,0,16,128,15.2103
16,0,16,256,16.758
16,0,16,512,17.8773
16,0,16,1024,18.636
16,0,16,2048,21.5997
16,0,16,4096,28.9817
16,0,16,8192,41.7287
16,0,16,16384,63.232
16,0,32,16,14.2607
16,0,32,32,14.1973
16,0,32,64,14.0373
16,0,32,128,15.957
16,0,32,256,16.9603
16,0,32,512,19.3063
16,0,32,1024,21.792
16,0,32,2048,28.7477
16,0,32,4096,41.7173
16,0,32,8192,63.392
16,0,32,16384,108.107
16,0,64,16,14.496
16,0,64,32,14.528
16,0,64,64,14.816
16,0,64,128,16.1817
16,0,64,256,17.344
16,0,64,512,22.826
16,0,64,1024,30.6553
16,0,64,2048,43.9893
16,0,64,4096,67.6267
16,0,64,8192,110.507
16,0,64,16384,198.176
16,0,128,16,15.1147
16,0,128,32,15.0933
16,0,128,64,15.6693
16,0,128,128,17.7177
16,0,128,256,21.0343
16,0,128,512,32.8533
16,0,128,1024,48.0533
16,0,128,2048,71.4877
16,0,128,4096,118.293
16,0,128,8192,202.72
16,0,128,16384,376.917
16,16,0,0,14.2933
16,16,1,16,14.112
16,16,1,32,13.952
16,16,1,64,14.1333
16,16,1,128,15.3177
16,16,1,256,17.0027
16,16,1,512,18.091
16,16,1,1024,17.8347
16,16,1,2048,18.037
16,16,1,4096,18.2933
16,16,1,8192,20.534
16,16,1,16384,23.0933
16,16,2,16,14.1547
16,16,2,32,14.0693
16,16,2,64,14.1977
16,16,2,128,15.3067
16,16,2,256,16.7993
16,16,2,512,17.098
16,16,2,1024,17.7177
16,16,2,2048,17.492
16,16,2,4096,19.1033
16,16,2,8192,20.6407
16,16,2,16384,24.0647
16,16,4,16,14.133
16,16,4,32,14.0163
16,16,4,64,13.9193
16,16,4,128,15.126
16,16,4,256,16.9173
16,16,4,512,17.5147
16,16,4,1024,17.729
16,16,4,2048,18.379
16,16,4,4096,19.627
16,16,4,8192,23.093
16,16,4,16384,29.1417
16,16,8,16,13.461
16,16,8,32,13.631
16,16,8,64,13.685
16,16,8,128,14.933
16,16,8,256,16.405
16,16,8,512,17.4503
16,16,8,1024,18.2937
16,16,8,2048,19.2853
16,16,8,4096,21.7487
16,16,8,8192,29.4613
16,16,8,16384,42.155
16,16,16,16,13.985
16,16,16,32,14.016
16,16,16,64,13.8347
16,16,16,128,15.307
16,16,16,256,16.7467
16,16,16,512,17.4933
16,16,16,1024,18.6987
16,16,16,2048,21.7813
16,16,16,4096,28.1283
16,16,16,8192,41.2487
16,16,16,16384,62.6447
16,16,32,16,14.059
16,16,32,32,14.2933
16,16,32,64,14.304
16,16,32,128,15.9253
16,16,32,256,17.3547
16,16,32,512,19.2213
16,16,32,1024,21.579
16,16,32,2048,29.045
16,16,32,4096,41.7283
16,16,32,8192,63.605
16,16,32,16384,108.65
16,16,64,16,14.5387
16,16,64,32,14.5597
16,16,64,64,14.5703
16,16,64,128,15.9567
16,16,64,256,17.3113
16,16,64,512,22.7737
16,16,64,1024,30.987
16,16,64,2048,43.8403
16,16,64,4096,67.3167
16,16,64,8192,111.497
16,16,64,16384,198.293
16,16,128,16,14.9967
16,16,128,32,15.4247
16,16,128,64,15.5307
16,16,128,128,17.5887
16,16,128,256,21.4077
16,16,128,512,32.3527
16,16,128,1024,48.6723
16,16,128,2048,71.3493
16,16,128,4096,118.015
16,16,128,8192,202.262
16,16,128,16384,376.948
16,32,0,0,14.2293
16,32,1,16,13.9517
16,32,1,32,14.3033
16,32,1,64,13.942
16,32,1,128,15.2427
16,32,1,256,16.8533
16,32,1,512,17.45
16,32,1,1024,18.1333
16,32,1,2048,17.9417
16,32,1,4096,18.773
16,32,1,8192,20.576
16,32,1,16384,23.68
16,32,2,16,14.165
16,32,2,32,14.0053
16,32,2,64,14.0053
16,32,2,128,15.4563
16,32,2,256,16.8637
16,32,2,512,17.472
16,32,2,1024,17.792
16,32,2,2048,18.0913
16,32,2,4096,18.955
16,32,2,8192,20.8003
16,32,2,16384,24
16,32,4,16,14.134
16,32,4,32,14.2187
16,32,4,64,13.9407
16,32,4,128,15.5193
16,32,4,256,16.8533
16,32,4,512,17.5677
16,32,4,1024,17.6313
16,32,4,2048,18.2503
16,32,4,4096,20.032
16,32,4,8192,22.325
16,32,4,16384,29.2903
16,32,8,16,13.536
16,32,8,32,13.515
16,32,8,64,13.6207
16,32,8,128,14.7847
16,32,8,256,16.5013
16,32,8,512,17.3333
16,32,8,1024,18.1753
16,32,8,2048,19.1567
16,32,8,4096,21.7813
16,32,8,8192,28.8973
16,32,8,16384,41.2587
16,32,16,16,13.9097
16,32,16,32,13.8777
16,32,16,64,13.8027
16,32,16,128,15.317
16,32,16,256,16.6717
16,32,16,512,17.6533
16,32,16,1024,18.6137
16,32,16,2048,21.5047
16,32,16,4096,28.117
16,32,16,8192,41.739
16,32,16,16384,62.7727
16,32,32,16,14.1977
16,32,32,32,14.3673
16,32,32,64,14.3783
16,32,32,128,15.957
16,32,32,256,16.971
16,32,32,512,19.0717
16,32,32,1024,20.9383
16,32,32,2048,28.8423
16,32,32,4096,42.0793
16,32,32,8192,63.583
16,32,32,16384,107.915
16,32,64,16,14.667
16,32,64,32,14.6243
16,32,64,64,14.5173
16,32,64,128,16.1173
16,32,64,256,17.4723
16,32,64,512,22.8797
16,32,64,1024,30.453
16,32,64,2048,43.669
16,32,64,4096,66.688
16,32,64,8192,111.254
16,32,64,16384,198.176
16,32,128,16,15.1473
16,32,128,32,15.274
16,32,128,64,15.4667
16,32,128,128,18.0283
16,32,128,256,21.504
16,32,128,512,32.5653
16,32,128,1024,47.4557
16,32,128,2048,71.029
16,32,128,4096,118.539
16,32,128,8192,203.082
16,32,128,16384,375.658
16,64,0,0,14.325
16,64,1,16,14.027
16,64,1,32,14.0057
16,64,1,64,14.0583
16,64,1,128,15.4667
16,64,1,256,17.013
16,64,1,512,17.472
16,64,1,1024,18.0803
16,64,1,2048,18.2507
16,64,1,4096,18.5283
16,64,1,8192,20.5327
16,64,1,16384,23.381
16,64,2,16,14.2723
16,64,2,32,14.1337
16,64,2,64,14.1543
16,64,2,128,15.3707
16,64,2,256,16.7997
16,64,2,512,17.301
16,64,2,1024,17.3437
16,64,2,2048,17.8567
16,64,2,4096,18.9537
16,64,2,8192,20.7043
16,64,2,16384,23.7123
16,64,4,16,14.0797
16,64,4,32,13.9523
16,64,4,64,13.8773
16,64,4,128,15.4137
16,64,4,256,16.7257
16,64,4,512,16.8427
16,64,4,1024,17.9417
16,64,4,2048,18.432
16,64,4,4096,19.552
16,64,4,8192,22.1757
16,64,4,16384,29.824
16,64,8,16,13.7167
16,64,8,32,13.558
16,64,8,64,13.5463
16,64,8,128,14.997
16,64,8,256,16.4807
16,64,8,512,17.4933
16,64,8,1024,17.792
16,64,8,2048,19.1153
16,64,8,4096,21.5573
16,64,8,8192,29.0663
16,64,8,16384,41.2693
16,64,16,16,13.7493
16,64,16,32,13.9833
16,64,16,64,13.9307
16,64,16,128,15.1253
16,64,16,256,16.448
16,64,16,512,17.814
16,64,16,1024,18.9437
16,64,16,2048,21.0137
16,64,16,4096,28.6297
16,64,16,8192,41.6317
16,64,16,16384,62.826
16,64,32,16,14.2827
16,64,32,32,14.3677
16,64,32,64,14.4957
16,64,32,128,15.904
16,64,32,256,16.9173
16,64,32,512,19.669
16,64,32,1024,21.173
16,64,32,2048,28.7037
16,64,32,4096,42.4857
16,64,32,8192,63.317
16,64,32,16384,107.861
16,64,64,16,14.55
16,64,64,32,14.7513
16,64,64,64,14.656
16,64,64,128,16.171
16,64,64,256,17.4617
16,64,64,512,23.114
16,64,64,1024,30.4103
16,64,64,2048,44.4263
16,64,64,4096,67.4663
16,64,64,8192,110.88
16,64,64,16384,197.899
16,64,128,16,15.2213
16,64,128,32,15.2
16,64,128,64,15.51
16,64,128,128,17.877
16,64,128,256,21.856
16,64,128,512,32.8533
16,64,128,1024,47.9033
16,64,128,2048,70.9977
16,64,128,4096,117.568
16,64,128,8192,203.306
16,64,128,16384,376.148
16,128,0,0,15.8723
16,128,1,16,15.702
16,128,1,32,15.68
16,128,1,64,15.6913
16,128,1,128,15.787
16,128,1,256,16.8217
16,128,1,512,19.0603
16,128,1,1024,17.899
16,128,1,2048,18.1547
16,128,1,4096,18.9443
16,128,1,8192,20.576
16,128,1,16384,24.1167
16,128,2,16,15.5837
16,128,2,32,15.8617
16,128,2,64,15.6053
16,128,2,128,15.883
16,128,2,256,16.8103
16,128,2,512,18.4213
16,128,2,1024,17.6743
16,128,2,2048,18.3783
16,128,2,4096,19.168
16,128,2,8192,21.131
16,128,2,16384,24.021
16,128,4,16,15.5193
16,128,4,32,15.7547
16,128,4,64,15.6797
16,128,4,128,15.5093
16,128,4,256,16.8323
16,128,4,512,19.7553
16,128,4,1024,18.0263
16,128,4,2048,19.104
16,128,4,4096,20.0737
16,128,4,8192,22.08
16,128,4,16384,29.29
16,128,8,16,15.1997
16,128,8,32,15.0823
16,128,8,64,15.1563
16,128,8,128,15.0513
16,128,8,256,16.341
16,128,8,512,19.2203
16,128,8,1024,18.165
16,128,8,2048,19.5417
16,128,8,4096,21.9837
16,128,8,8192,29.216
16,128,8,16384,41.3543
16,128,16,16,15.3063
16,128,16,32,15.2003
16,128,16,64,15.467
16,128,16,128,15.3073
16,128,16,256,16.64
16,128,16,512,18.1337
16,128,16,1024,18.8153
16,128,16,2048,21.717
16,128,16,4096,28.725
16,128,16,8192,41.557
16,128,16,16384,63.0507
16,128,32,16,15.3067
16,128,32,32,15.6897
16,128,32,64,15.67
16,128,32,128,15.7863
16,128,32,256,17.2157
16,128,32,512,19.2743
16,128,32,1024,21.846
16,128,32,2048,29.92
16,128,32,4096,41.6423
16,128,32,8192,63.232
16,128,32,16384,107.733
16,128,64,16,16.0747
16,128,64,32,15.7863
16,128,64,64,15.8403
16,128,64,128,16.1487
16,128,64,256,17.4613
16,128,64,512,23.84
16,128,64,1024,30.6773
16,128,64,2048,43.797
16,128,64,4096,67.872
16,128,64,8192,111.84
16,128,64,16384,198.847
16,128,128,16,16.587
16,128,128,32,16.448
16,128,128,64,16.9283
16,128,128,128,18.0377
16,128,128,256,22.0693
16,128,128,512,33.4073
16,128,128,1024,47.9673
16,128,128,2048,70.4317
16,128,128,4096,118.421
16,128,128,8192,201.888
16,128,128,16384,375.988
16,256,0,0,17.099
16,256,1,16,17.013
16,256,1,32,17.0137
16,256,1,64,16.939
16,256,1,128,16.9177
16,256,1,256,16.864
16,256,1,512,19.6057
16,256,1,1024,18.6557
16,256,1,2048,18.262
16,256,1,4096,19.0183
16,256,1,8192,20.8533
16,256,1,16384,24.8103
16,256,2,16,16.9487
16,256,2,32,17.2373
16,256,2,64,17.1947
16,256,2,128,16.96
16,256,2,256,17.024
16,256,2,512,19.4027
16,256,2,1024,17.8347
16,256,2,2048,18.1867
16,256,2,4096,19.328
16,256,2,8192,21.9823
16,256,2,16384,24.5337
16,256,4,16,17.0347
16,256,4,32,17.0663
16,256,4,64,16.9813
16,256,4,128,17.066
16,256,4,256,17.0567
16,256,4,512,19.7753
16,256,4,1024,18.5287
16,256,4,2048,18.8373
16,256,4,4096,21.8133
16,256,4,8192,22.6987
16,256,4,16384,29.6427
16,256,8,16,16.533
16,256,8,32,16.6507
16,256,8,64,16.5113
16,256,8,128,16.448
16,256,8,256,16.6823
16,256,8,512,19.285
16,256,8,1024,18.5173
16,256,8,2048,19.9573
16,256,8,4096,22.08
16,256,8,8192,29.1737
16,256,8,16384,40.491
16,256,16,16,16.811
16,256,16,32,16.9063
16,256,16,64,16.8107
16,256,16,128,16.758
16,256,16,256,16.8323
16,256,16,512,18.5923
16,256,16,1024,19.4027
16,256,16,2048,21.344
16,256,16,4096,28.427
16,256,16,8192,42.1857
16,256,16,16384,63.936
16,256,32,16,16.95
16,256,32,32,16.9493
16,256,32,64,17.0133
16,256,32,128,16.971
16,256,32,256,17.0557
16,256,32,512,20.5557
16,256,32,1024,21.8987
16,256,32,2048,29.1953
16,256,32,4096,42.592
16,256,32,8192,63.8083
16,256,32,16384,108.481
16,256,64,16,17.3867
16,256,64,32,17.1947
16,256,64,64,17.3013
16,256,64,128,17.2063
16,256,64,256,17.5143
16,256,64,512,23.0717
16,256,64,1024,31.52
16,256,64,2048,44.32
16,256,64,4096,67.4023
16,256,64,8192,110.625
16,256,64,16384,198.773
16,256,128,16,18.0693
16,256,128,32,18.197
16,256,128,64,18.1333
16,256,128,128,18.7303
16,256,128,256,21.312
16,256,128,512,33.632
16,256,128,1024,48.01
16,256,128,2048,72.224
16,256,128,4096,119.53
16,256,128,8192,204.992
16,256,128,16384,379.156
16,512,0,0,20.4483
16,512,1,16,19.5423
16,512,1,32,19.893
16,512,1,64,20.0527
16,512,1,128,19.584
16,512,1,256,20.2567
16,512,1,512,18.5917
16,512,1,1024,18.0483
16,512,1,2048,18.2723
16,512,1,4096,19.253
16,512,1,8192,20.831
16,512,1,16384,24.608
16,512,2,16,20.096
16,512,2,32,19.7973
16,512,2,64,19.562
16,512,2,128,19.4243
16,512,2,256,19.3063
16,512,2,512,19.3277
16,512,2,1024,18.1437
16,512,2,2048,18.005
16,512,2,4096,19.2107
16,512,2,8192,22.304
16,512,2,16384,25.035
16,512,4,16,19.456
16,512,4,32,20.5547
16,512,4,64,19.734
16,512,4,128,19.435
16,512,4,256,19.477
16,512,4,512,19.328
16,512,4,1024,18.7303
16,512,4,2048,18.795
16,512,4,4096,21.269
16,512,4,8192,23.744
16,512,4,16384,29.792
16,512,8,16,19.52
16,512,8,32,19.914
16,512,8,64,20.353
16,512,8,128,19.2643
16,512,8,256,19.3483
16,512,8,512,19.04
16,512,8,1024,18.933
16,512,8,2048,19.7863
16,512,8,4096,22.7307
16,512,8,8192,29.599
16,512,8,16384,41.4293
16,512,16,16,18.4533
16,512,16,32,18.816
16,512,16,64,18.6667
16,512,16,128,18.2397
16,512,16,256,18.3893
16,512,16,512,18.6027
16,512,16,1024,19.3597
16,512,16,2048,22.1547
16,512,16,4096,28.64
16,512,16,8192,41.93
16,512,16,16384,63.0507
16,512,32,16,20.1387
16,512,32,32,19.765
16,512,32,64,20.3627
16,512,32,128,20.3517
16,512,32,256,20.3417
16,512,32,512,20.7037
16,512,32,1024,22.7093
16,512,32,2048,28.5967
16,512,32,4096,42.1977
16,512,32,8192,64.117
16,512,32,16384,107.7
16,512,64,16,20.0317
16,512,64,32,20.4373
16,512,64,64,20.491
16,512,64,128,20.4693
16,512,64,256,21.12
16,512,64,512,23.4993
16,512,64,1024,30.4533
16,512,64,2048,44.6613
16,512,64,4096,67.0283
16,512,64,8192,110.709
16,512,64,16384,200.234
16,512,128,16,21.6217
16,512,128,32,22.1223
16,512,128,64,23.679
16,512,128,128,25.035
16,512,128,256,26.1543
16,512,128,512,33.1203
16,512,128,1024,48.277
16,512,128,2048,71.5093
16,512,128,4096,119.562
16,512,128,8192,203.232
16,512,128,16384,377.93
16,1024,0,0,20.747
16,1024,1,16,20.331
16,1024,1,32,20.2457
16,1024,1,64,20.3423
16,1024,1,128,20.715
16,1024,1,256,20.3513
16,1024,1,512,19.4237
16,1024,1,1024,19.9043
16,1024,1,2048,18.2823
16,1024,1,4096,19.5737
16,1024,1,8192,21.056
16,1024,1,16384,24.619
16,1024,2,16,20.4153
16,1024,2,32,19.8183
16,1024,2,64,20.4693
16,1024,2,128,20.5337
16,1024,2,256,20.362
16,1024,2,512,20.064
16,1024,2,1024,19.84
16,1024,2,2048,18.1863
16,1024,2,4096,19.3493
16,1024,2,8192,22.646
16,1024,2,16384,25.675
16,1024,4,16,20.213
16,1024,4,32,20.6397
16,1024,4,64,20.64
16,1024,4,128,20.7997
16,1024,4,256,20.534
16,1024,4,512,20.5763
16,1024,4,1024,20.545
16,1024,4,2048,19.4563
16,1024,4,4096,22.336
16,1024,4,8192,24.6293
16,1024,4,16384,29.6107
16,1024,8,16,20.0003
16,1024,8,32,20.7997
16,1024,8,64,20.298
16,1024,8,128,20.65
16,1024,8,256,19.669
16,1024,8,512,20.5123
16,1024,8,1024,20.0113
16,1024,8,2048,20.7463
16,1024,8,4096,23.4877
16,1024,8,8192,29.29
16,1024,8,16384,41.0667
16,1024,16,16,19.637
16,1024,16,32,19.893
16,1024,16,64,19.8297
16,1024,16,128,20.181
16,1024,16,256,20.0637
16,1024,16,512,20.3523
16,1024,16,1024,19.5517
16,1024,16,2048,21.792
16,1024,16,4096,28.5013
16,1024,16,8192,41.6103
16,1024,16,16384,64.0637
16,1024,32,16,21.1203
16,1024,32,32,21.355
16,1024,32,64,21.3547
16,1024,32,128,20.3197
16,1024,32,256,20.8103
16,1024,32,512,19.883
16,1024,32,1024,24.0523
16,1024,32,2048,29.621
16,1024,32,4096,41.9093
16,1024,32,8192,63.553
16,1024,32,16384,107.979
16,1024,64,16,21.92
16,1024,64,32,21.525
16,1024,64,64,21.781
16,1024,64,128,21.504
16,1024,64,256,24.8533
16,1024,64,512,24.48
16,1024,64,1024,30.9553
16,1024,64,2048,44.34
16,1024,64,4096,66.9227
16,1024,64,8192,110.911
16,1024,64,16384,199.893
16,1024,128,16,23.5733
16,1024,128,32,23.8083
16,1024,128,64,24.2343
16,1024,128,128,24.5437
16,1024,128,256,27.734
16,1024,128,512,34.0903
16,1024,128,1024,47.9573
16,1024,128,2048,70.6023
16,1024,128,4096,119.019
16,1024,128,8192,205.077
16,1024,128,16384,377.119
16,2048,0,0,21.6217
16,2048,1,16,21.2697
16,2048,1,32,20.3197
16,2048,1,64,21.2693
16,2048,1,128,20.9603
16,2048,1,256,20.7353
16,2048,1,512,21.2583
16,2048,1,1024,20.7577
16,2048,1,2048,20.971
16,2048,1,4096,19.3717
16,2048,1,8192,21.2697
16,2048,1,16384,24.523
16,2048,2,16,20.9283
16,2048,2,32,20.3197
16,2048,2,64,21.3233
16,2048,2,128,21.227
16,2048,2,256,21.483
16,2048,2,512,21.3123
16,2048,2,1024,20.0103
16,2048,2,2048,21.472
16,2048,2,4096,19.4027
16,2048,2,8192,23.7017
16,2048,2,16384,26.228
16,2048,4,16,22.464
16,2048,4,32,22.4963
16,2048,4,64,22.3147
16,2048,4,128,22.4107
16,2048,4,256,21.3433
16,2048,4,512,21.632
16,2048,4,1024,21.6533
16,2048,4,2048,22.2187
16,2048,4,4096,22.6457
16,2048,4,8192,23.6697
16,2048,4,16384,29.7597
16,2048,8,16,21.3223
16,2048,8,32,21.6217
16,2048,8,64,21.482
16,2048,8,128,21.5893
16,2048,8,256,21.4403
16,2048,8,512,21.5463
16,2048,8,1024,20.9387
16,2048,8,2048,21.4393
16,2048,8,4096,24.1067
16,2048,8,8192,29.9943
16,2048,8,16384,43.1683
16,2048,16,16,20.2023
16,2048,16,32,20.6393
16,2048,16,64,19.744
16,2048,16,128,20.3303
16,2048,16,256,20.2987
16,2048,16,512,20.2987
16,2048,16,1024,19.8723
16,2048,16,2048,22.7843
16,2048,16,4096,29.088
16,2048,16,8192,42.3677
16,2048,16,16384,63.4563
16,2048,32,16,21.8347
16,2048,32,32,21.7817
16,2048,32,64,21.9307
16,2048,32,128,21.9197
16,2048,32,256,21.8983
16,2048,32,512,21.3543
16,2048,32,1024,23.296
16,2048,32,2048,29.984
16,2048,32,4096,41.8237
16,2048,32,8192,64.863
16,2048,32,16384,109.056
16,2048,64,16,22.347
16,2048,64,32,22.3133
16,2048,64,64,22.6663
16,2048,64,128,22.2077
16,2048,64,256,26.5707
16,2048,64,512,30.8587
16,2048,64,1024,32.864
16,2048,64,2048,45.504
16,2048,64,4096,67.189
16,2048,64,8192,110.72
16,2048,64,16384,198.538
16,2048,128,16,24.7357
16,2048,128,32,25.4183
16,2048,128,64,25.942
16,2048,128,128,28.9173
16,2048,128,256,33.5997
16,2048,128,512,36.448
16,2048,128,1024,48.9063
16,2048,128,2048,71.5523
16,2048,128,4096,118.879
16,2048,128,8192,204.255
16,2048,128,16384,377.226
16,4096,0,0,22.112
16,4096,1,16,21.6743
16,4096,1,32,21.7713
16,4096,1,64,21.568
16,4096,1,128,21.5043
16,4096,1,256,21.5037
16,4096,1,512,21.44
16,4096,1,1024,21.6853
16,4096,1,2048,21.557
16,4096,1,4096,20.6827
16,4096,1,8192,21.3543
16,4096,1,16384,25.462
16,4096,2,16,21.813
16,4096,2,32,22.4103
16,4096,2,64,22.0697
16,4096,2,128,22.0903
16,4096,2,256,21.5253
16,4096,2,512,22.112
16,4096,2,1024,22.155
16,4096,2,2048,22.336
16,4096,2,4096,21.4933
16,4096,2,8192,23.445
16,4096,2,16384,25.867
16,4096,4,16,22.7627
16,4096,4,32,22.5277
16,4096,4,64,22.4537
16,4096,4,128,22.6667
16,4096,4,256,22.3787
16,4096,4,512,21.9413
16,4096,4,1024,22.3467
16,4096,4,2048,21.7493
16,4096,4,4096,22.6347
16,4096,4,8192,26.0483
16,4096,4,16384,30.848
16,4096,8,16,22.1217
16,4096,8,32,22.0477
16,4096,8,64,21.6317
16,4096,8,128,21.749
16,4096,8,256,22.1223
16,4096,8,512,21.664
16,4096,8,1024,22.549
16,4096,8,2048,22.5173
16,4096,8,4096,24.4263
16,4096,8,8192,30.2827
16,4096,8,16384,41.8667
16,4096,16,16,21.2797
16,4096,16,32,21.237
16,4096,16,64,21.3017
16,4096,16,128,21.8663
16,4096,16,256,21.7063
16,4096,16,512,21.2263
16,4096,16,1024,21.717
16,4096,16,2048,23.797
16,4096,16,4096,29.5043
16,4096,16,8192,41.8557
16,4096,16,16384,63.477
16,4096,32,16,22.443
16,4096,32,32,22.378
16,4096,32,64,22.346
16,4096,32,128,22.475
16,4096,32,256,22.09
16,4096,32,512,22.998
16,4096,32,1024,24.4907
16,4096,32,2048,37.8247
16,4096,32,4096,42.4637
16,4096,32,8192,64.0743
16,4096,32,16384,108.587
16,4096,64,16,23.1683
16,4096,64,32,22.1123
16,4096,64,64,23.157
16,4096,64,128,22.3147
16,4096,64,256,26.539
16,4096,64,512,31.157
16,4096,64,1024,41.035
16,4096,64,2048,45.1523
16,4096,64,4096,68.747
16,4096,64,8192,112.586
16,4096,64,16384,200.277
16,4096,128,16,25.579
16,4096,128,32,26.2503
16,4096,128,64,26.742
16,4096,128,128,29.28
16,4096,128,256,33.9623
16,4096,128,512,44.5763
16,4096,128,1024,49.6637
16,4096,128,2048,71.4993
16,4096,128,4096,120.107
16,4096,128,8192,204.319
16,4096,128,16384,382.453
16,8192,0,0,24.714
16,8192,1,16,23.435
16,8192,1,32,23.594
16,8192,1,64,23.1153
16,8192,1,128,23.2753
16,8192,1,256,23.3707
16,8192,1,512,23.3387
16,8192,1,1024,23.445
16,8192,1,2048,23.1893
16,8192,1,4096,22.8693
16,8192,1,8192,23.5417
16,8192,1,16384,26.3683
16,8192,2,16,23.6793
16,8192,2,32,23.8293
16,8192,2,64,23.4777
16,8192,2,128,23.6583
16,8192,2,256,23.1677
16,8192,2,512,23.978
16,8192,2,1024,23.6373
16,8192,2,2048,23.616
16,8192,2,4096,23.7117
16,8192,2,8192,24.0963
16,8192,2,16384,27.8717
16,8192,4,16,23.9473
16,8192,4,32,24.0113
16,8192,4,64,23.68
16,8192,4,128,23.9257
16,8192,4,256,24.0327
16,8192,4,512,24.0527
16,8192,4,1024,23.8927
16,8192,4,2048,23.5197
16,8192,4,4096,24.6083
16,8192,4,8192,26.1017
16,8192,4,16384,31.925
16,8192,8,16,23.7013
16,8192,8,32,23.4557
16,8192,8,64,23.797
16,8192,8,128,23.8397
16,8192,8,256,23.2963
16,8192,8,512,23.6903
16,8192,8,1024,23.5203
16,8192,8,2048,23.9033
16,8192,8,4096,25.7487
16,8192,8,8192,32.448
16,8192,8,16384,44.438
16,8192,16,16,23.093
16,8192,16,32,23.275
16,8192,16,64,23.5093
16,8192,16,128,23.285
16,8192,16,256,23.5737
16,8192,16,512,23.083
16,8192,16,1024,23.3173
16,8192,16,2048,25.5997
16,8192,16,4096,32.3413
16,8192,16,8192,43.1463
16,8192,16,16384,64.6933
16,8192,32,16,23.6267
16,8192,32,32,24.3733
16,8192,32,64,24.2877
16,8192,32,128,24.5867
16,8192,32,256,23.5307
16,8192,32,512,24.3523
16,8192,32,1024,26.3677
16,8192,32,2048,32.5543
16,8192,32,4096,55.3173
16,8192,32,8192,65.3653
16,8192,32,16384,109.408
16,8192,64,16,24.2983
16,8192,64,32,24.1493
16,8192,64,64,24.6403
16,8192,64,128,24.0747
16,8192,64,256,25.4613
16,8192,64,512,30.3363
16,8192,64,1024,41.643
16,8192,64,2048,58.7943
16,8192,64,4096,69.4507
16,8192,64,8192,112.522
16,8192,64,16384,200.32
16,8192,128,16,26.5387
16,8192,128,32,27.0507
16,8192,128,64,27.3383
16,8192,128,128,30.6347
16,8192,128,256,35.1037
16,8192,128,512,44.896
16,8192,128,1024,65.397
16,8192,128,2048,73.184
16,8192,128,4096,121.653
16,8192,128,8192,205.258
16,8192,128,16384,379.882
16,16384,0,0,26.816
16,16384,1,16,26.7413
16,16384,1,32,26.4963
16,16384,1,64,26.4217
16,16384,1,128,26.2293
16,16384,1,256,26.4747
16,16384,1,512,26.496
16,16384,1,1024,26.752
16,16384,1,2048,26.581
16,16384,1,4096,25.7383
16,16384,1,8192,27.061
16,16384,1,16384,25.9093
16,16384,2,16,25.4613
16,16384,2,32,26.5497
16,16384,2,64,26.4533
16,16384,2,128,26.4427
16,16384,2,256,26.4
16,16384,2,512,26.784
16,16384,2,1024,26.08
16,16384,2,2048,25.909
16,16384,2,4096,26.4217
16,16384,2,8192,26.3787
16,16384,2,16384,28.917
16,16384,4,16,26.8593
16,16384,4,32,26.176
16,16384,4,64,27.0617
16,16384,4,128,26.6457
16,16384,4,256,26.4537
16,16384,4,512,26.9973
16,16384,4,1024,26.9653
16,16384,4,2048,26.9767
16,16384,4,4096,27.03
16,16384,4,8192,28.6823
16,16384,4,16384,33.2267
16,16384,8,16,25.8237
16,16384,8,32,26.5277
16,16384,8,64,26.5063
16,16384,8,128,26.005
16,16384,8,256,26.399
16,16384,8,512,26.08
16,16384,8,1024,26.6667
16,16384,8,2048,26.41
16,16384,8,4096,28.2037
16,16384,8,8192,34.1547
16,16384,8,16384,43.9153
16,16384,16,16,25.7173
16,16384,16,32,25.9413
16,16384,16,64,26.4637
16,16384,16,128,26.6027
16,16384,16,256,25.8027
16,16384,16,512,26.7203
16,16384,16,1024,26.4107
16,16384,16,2048,28.3943
16,16384,16,4096,33.685
16,16384,16,8192,44.661
16,16384,16,16384,67.3387
16,16384,32,16,27.2203
16,16384,32,32,26.8907
16,16384,32,64,27.36
16,16384,32,128,27.1687
16,16384,32,256,27.3067
16,16384,32,512,27.3813
16,16384,32,1024,30.8157
16,16384,32,2048,34.6987
16,16384,32,4096,56.3407
16,16384,32,8192,89.1723
16,16384,32,16384,110.752
16,16384,64,16,27.3923
16,16384,64,32,26.56
16,16384,64,64,27.8293
16,16384,64,128,27.3707
16,16384,64,256,27.9463
16,16384,64,512,32.7683
16,16384,64,1024,42.8263
16,16384,64,2048,60.1707
16,16384,64,4096,95.306
16,16384,64,8192,114.453
16,16384,64,16384,201.109
16,16384,128,16,27.8297
16,16384,128,32,28.0737
16,16384,128,64,28.5013
16,16384,128,128,31.9783
16,16384,128,256,37.141
16,16384,128,512,45.845
16,16384,128,1024,65.3753
16,16384,128,2048,101.61
16,16384,128,4096,122.069
16,16384,128,8192,205.247
16,16384,128,16384,381.951
32,0,0,0,14.5707
32,0,1,16,14.2937
32,0,1,32,14.0583
32,0,1,64,14.3463
32,0,1,128,15.392
32,0,1,256,16.7677
32,0,1,512,17.7807
32,0,1,1024,18.187
32,0,1,2048,18.1757
32,0,1,4096,19.2743
32,0,1,8192,21.0027
32,0,1,16384,22.9977
32,0,2,16,14.144
32,0,2,32,14.0587
32,0,2,64,14.0903
32,0,2,128,15.3393
32,0,2,256,16.6083
32,0,2,512,17.9627
32,0,2,1024,18.0157
32,0,2,2048,18.3897
32,0,2,4096,19.1683
32,0,2,8192,20.8747
32,0,2,16384,23.9673
32,0,4,16,14.1337
32,0,4,32,14.2397
32,0,4,64,14.165
32,0,4,128,15.499
32,0,4,256,16.81
32,0,4,512,17.8347
32,0,4,1024,18.1863
32,0,4,2048,18.4003
32,0,4,4096,19.5307
32,0,4,8192,22.6347
32,0,4,16384,29.535
32,0,8,16,13.781
32,0,8,32,13.6213
32,0,8,64,13.5573
32,0,8,128,14.997
32,0,8,256,16.2773
32,0,8,512,17.1093
32,0,8,1024,18.1123
32,0,8,2048,18.9327
32,0,8,4096,21.9947
32,0,8,8192,28.8743
32,0,8,16384,41.045
32,0,16,16,14.101
32,0,16,32,13.8767
32,0,16,64,14.0473
32,0,16,128,15.701
32,0,16,256,16.6823
32,0,16,512,18.1117
32,0,16,1024,19.0293
32,0,16,2048,21.2907
32,0,16,4096,28.523
32,0,16,8192,41.035
32,0,16,16384,62.6243
32,0,32,16,14.304
32,0,32,32,14.2187
32,0,32,64,14.4747
32,0,32,128,15.8823
32,0,32,256,17.152
32,0,32,512,18.9547
32,0,32,1024,21.8023
32,0,32,2048,28.7467
32,0,32,4096,41.8023
32,0,32,8192,64.437
32,0,32,16384,107.882
32,0,64,16,14.667
32,0,64,32,14.7627
32,0,64,64,14.635
32,0,64,128,16.0853
32,0,64,256,17.5353
32,0,64,512,22.464
32,0,64,1024,30.8377
32,0,64,2048,44.2553
32,0,64,4096,67.3067
32,0,64,8192,110.741
32,0,64,16384,197.216
32,0,128,16,15.0187
32,0,128,32,15.3493
32,0,128,64,15.3497
32,0,128,128,17.6533
32,0,128,256,21.173
32,0,128,512,33.5577
32,0,128,1024,47.83
32,0,128,2048,70.869
32,0,128,4096,118.4
32,0,128,8192,202.709
32,0,128,16384,374.794
32,16,0,0,14.4213
32,16,1,16,14.2293
32,16,1,32,14.507
32,16,1,64,14.2933
32,16,1,128,15.445
32,16,1,256,16.7367
32,16,1,512,17.7497
32,16,1,1024,18.0797
32,16,1,2048,18.5707
32,16,1,4096,19.3703
32,16,1,8192,20.939
32,16,1,16384,22.9333
32,16,2,16,14.294
32,16,2,32,14.176
32,16,2,64,14.0593
32,16,2,128,15.3067
32,16,2,256,16.864
32,16,2,512,17.557
32,16,2,1024,18.0907
32,16,2,2048,18.4107
32,16,2,4096,19.2957
32,16,2,8192,21.27
32,16,2,16384,23.9357
32,16,4,16,14.496
32,16,4,32,14.2617
32,16,4,64,14.0587
32,16,4,128,15.2853
32,16,4,256,16.8
32,16,4,512,17.6317
32,16,4,1024,17.9943
32,16,4,2048,18.5387
32,16,4,4096,19.4987
32,16,4,8192,22.2933
32,16,4,16384,29.6213
32,16,8,16,13.5783
32,16,8,32,13.7287
32,16,8,64,13.7813
32,16,8,128,14.9123
32,16,8,256,16.213
32,16,8,512,17.3977
32,16,8,1024,18.2407
32,16,8,2048,18.7417
32,16,8,4096,21.578
32,16,8,8192,28.736
32,16,8,16384,41.3337
32,16,16,16,14.1537
32,16,16,32,14.219
32,16,16,64,14.2397
32,16,16,128,15.7437
32,16,16,256,16.8743
32,16,16,512,18.283
32,16,16,1024,18.9657
32,16,16,2048,21.7177
32,16,16,4096,28.821
32,16,16,8192,41.7923
32,16,16,16384,63.0937
32,16,32,16,14.314
32,16,32,32,14.2397
32,16,32,64,14.3783
32,16,32,128,15.9043
32,16,32,256,17.0883
32,16,32,512,19.3923
32,16,32,1024,21.4187
32,16,32,2048,29.4083
32,16,32,4096,41.6213
32,16,32,8192,64.5977
32,16,32,16384,107.627
32,16,64,16,14.7303
32,16,64,32,14.6557
32,16,64,64,14.7627
32,16,64,128,16.2347
32,16,64,256,17.515
32,16,64,512,22.9647
32,16,64,1024,30.5603
32,16,64,2048,44.6403
32,16,64,4096,66.7627
32,16,64,8192,110.538
32,16,64,16384,198.901
32,16,128,16,15.061
32,16,128,32,15.0187
32,16,128,64,15.4657
32,16,128,128,18.1117
32,16,128,256,21.28
32,16,128,512,32.3943
32,16,128,1024,47.8727
32,16,128,2048,70.987
32,16,128,4096,118.261
32,16,128,8192,202.015
32,16,128,16384,373.952
32,32,0,0,14.5923
32,32,1,16,14.176
32,32,1,32,14.0907
32,32,1,64,14.4107
32,32,1,128,15.6263
32,32,1,256,16.8533
32,32,1,512,17.9627
32,32,1,1024,17.5357
32,32,1,2048,18.3783
32,32,1,4096,19.179
32,32,1,8192,20.8
32,32,1,16384,23.4773
32,32,2,16,14.08
32,32,2,32,14.134
32,32,2,64,14.187
32,32,2,128,15.456
32,32,2,256,16.8107
32,32,2,512,18.304
32,32,2,1024,17.8133
32,32,2,2048,18.528
32,32,2,4096,19.2003
32,32,2,8192,21.184
32,32,2,16384,23.9897
32,32,4,16,14.08
32,32,4,32,14.1337
32,32,4,64,14.2403
32,32,4,128,15.318
32,32,4,256,16.8107
32,32,4,512,18.0057
32,32,4,1024,18.0057
32,32,4,2048,18.5167
32,32,4,4096,19.5737
32,32,4,8192,22.378
32,32,4,16384,29.7387
32,32,8,16,13.579
32,32,8,32,13.59
32,32,8,64,13.7917
32,32,8,128,14.869
32,32,8,256,16.3733
32,32,8,512,17.4397
32,32,8,1024,18.24
32,32,8,2048,18.4853
32,32,8,4096,21.8137
32,32,8,8192,29.1307
32,32,8,16384,40.8633
32,32,16,16,14.0803
32,32,16,32,13.856
32,32,16,64,14.1333
32,32,16,128,15.4567
32,32,16,256,16.7147
32,32,16,512,18.3043
32,32,16,1024,18.8907
32,32,16,2048,21.2263
32,32,16,4096,28.576
32,32,16,8192,41.9087
32,32,16,16384,62.1973
32,32,32,16,14.1223
32,32,32,32,14.304
32,32,32,64,14.303
32,32,32,128,15.882
32,32,32,256,16.9927
32,32,32,512,19.4877
32,32,32,1024,21.4083
32,32,32,2048,28.8853
32,32,32,4096,42.2183
32,32,32,8192,64.1497
32,32,32,16384,107.147
32,32,64,16,14.581
32,32,64,32,14.5177
32,32,64,64,14.56
32,32,64,128,16.2127
32,32,64,256,17.3757
32,32,64,512,23.1143
32,32,64,1024,30.5173
32,32,64,2048,43.9893
32,32,64,4096,67.1037
32,32,64,8192,110.411
32,32,64,16384,198.336
32,32,128,16,15.0827
32,32,128,32,15.4777
32,32,128,64,15.552
32,32,128,128,17.9093
32,32,128,256,22.0157
32,32,128,512,33.173
32,32,128,1024,46.7723
32,32,128,2048,70.635
32,32,128,4096,117.781
32,32,128,8192,200.309
32,32,128,16384,375.977
32,64,0,0,14.271
32,64,1,16,14.133
32,64,1,32,14.3997
32,64,1,64,14.336
32,64,1,128,15.4877
32,64,1,256,17.12
32,64,1,512,17.8983
32,64,1,1024,17.8773
32,64,1,2048,18.4633
32,64,1,4096,18.9333
32,64,1,8192,20.8213
32,64,1,16384,23.0183
32,64,2,16,14.368
32,64,2,32,14.1017
32,64,2,64,14.1017
32,64,2,128,15.3597
32,64,2,256,16.8957
32,64,2,512,17.8883
32,64,2,1024,18.144
32,64,2,2048,18.133
32,64,2,4096,19.264
32,64,2,8192,20.907
32,64,2,16384,24.4693
32,64,4,16,14.0053
32,64,4,32,14.134
32,64,4,64,14.304
32,64,4,128,15.4987
32,64,4,256,16.992
32,64,4,512,18.037
32,64,4,1024,18.1227
32,64,4,2048,18.773
32,64,4,4096,19.7013
32,64,4,8192,22.453
32,64,4,16384,30.037
32,64,8,16,13.771
32,64,8,32,13.4933
32,64,8,64,13.7067
32,64,8,128,15.0507
32,64,8,256,16.4697
32,64,8,512,16.9277
32,64,8,1024,18.0587
32,64,8,2048,19.1043
32,64,8,4096,21.6957
32,64,8,8192,28.875
32,64,8,16384,41.045
32,64,16,16,14.1227
32,64,16,32,14.0153
32,64,16,64,13.8667
32,64,16,128,15.3167
32,64,16,256,16.7143
32,64,16,512,18.56
32,64,16,1024,19.2423
32,64,16,2048,21.2793
32,64,16,4096,28.544
32,64,16,8192,41.1303
32,64,16,16384,63.157
32,64,32,16,14.3047
32,64,32,32,14.2293
32,64,32,64,14.4223
32,64,32,128,15.9147
32,64,32,256,16.8967
32,64,32,512,18.986
32,64,32,1024,21.1837
32,64,32,2048,29.0987
32,64,32,4096,41.7383
32,64,32,8192,63.872
32,64,32,16384,107.263
32,64,64,16,14.5917
32,64,64,32,14.613
32,64,64,64,14.72
32,64,64,128,16.319
32,64,64,256,17.5473
32,64,64,512,22.9977
32,64,64,1024,30.453
32,64,64,2048,43.7017
32,64,64,4096,66.592
32,64,64,8192,110.592
32,64,64,16384,197.183
32,64,128,16,15.0933
32,64,128,32,15.1897
32,64,128,64,15.52
32,64,128,128,18.1753
32,64,128,256,21.6853
32,64,128,512,33.1837
32,64,128,1024,47.0937
32,64,128,2048,70.688
32,64,128,4096,118.037
32,64,128,8192,201.407
32,64,128,16384,375.594
32,128,0,0,15.872
32,128,1,16,15.8723
32,128,1,32,15.9997
32,128,1,64,16
32,128,1,128,15.8187
32,128,1,256,16.7793
32,128,1,512,19.6053
32,128,1,1024,18.464
32,128,1,2048,19.1363
32,128,1,4096,18.7417
32,128,1,8192,21.376
32,128,1,16384,23.04
32,128,2,16,15.9037
32,128,2,32,15.573
32,128,2,64,15.8077
32,128,2,128,15.6907
32,128,2,256,16.8
32,128,2,512,20.1383
32,128,2,1024,18.581
32,128,2,2048,18.6127
32,128,2,4096,19.3497
32,128,2,8192,21.5887
32,128,2,16384,23.7547
32,128,4,16,15.584
32,128,4,32,15.787
32,128,4,64,15.7437
32,128,4,128,15.5947
32,128,4,256,17.0237
32,128,4,512,20.0743
32,128,4,1024,18.4947
32,128,4,2048,19.168
32,128,4,4096,19.829
32,128,4,8192,22.1117
32,128,4,16384,29.1943
32,128,8,16,15.093
32,128,8,32,15.3497
32,128,8,64,15.3497
32,128,8,128,14.9663
32,128,8,256,16.2983
32,128,8,512,20.4907
32,128,8,1024,18.6237
32,128,8,2048,19.36
32,128,8,4096,21.728
32,128,8,8192,29.088
32,128,8,16384,40.555
32,128,16,16,15.5627
32,128,16,32,15.52
32,128,16,64,15.563
32,128,16,128,15.595
32,128,16,256,16.9823
32,128,16,512,19.4347
32,128,16,1024,19.626
32,128,16,2048,21.7493
32,128,16,4096,28.9277
32,128,16,8192,41.8137
32,128,16,16384,63.147
32,128,32,16,15.4563
32,128,32,32,15.4023
32,128,32,64,15.5093
32,128,32,128,16.0747
32,128,32,256,17.0557
32,128,32,512,19.1043
32,128,32,1024,22.0907
32,128,32,2048,29.1413
32,128,32,4096,41.61
32,128,32,8192,63.7647
32,128,32,16384,108.3
32,128,64,16,15.936
32,128,64,32,15.9037
32,128,64,64,15.9787
32,128,64,128,15.9253
32,128,64,256,17.4613
32,128,64,512,23.1577
32,128,64,1024,30.9117
32,128,64,2048,44.426
32,128,64,4096,67.157
32,128,64,8192,110.965
32,128,64,16384,197.919
32,128,128,16,16.491
32,128,128,32,16.5123
32,128,128,64,16.7577
32,128,128,128,18.1013
32,128,128,256,22.069
32,128,128,512,33.4827
32,128,128,1024,47.5307
32,128,128,2048,71.232
32,128,128,4096,118.304
32,128,128,8192,202.773
32,128,128,16384,376.202
32,256,0,0,17.3757
32,256,1,16,17.355
32,256,1,32,17.418
32,256,1,64,17.4403
32,256,1,128,17.3227
32,256,1,256,17.2693
32,256,1,512,19.5733
32,256,1,1024,18.5603
32,256,1,2048,19.3707
32,256,1,4096,20.0847
32,256,1,8192,21.2697
32,256,1,16384,23.189
32,256,2,16,17.494
32,256,2,32,17.2803
32,256,2,64,17.2047
32,256,2,128,17.173
32,256,2,256,16.992
32,256,2,512,19.818
32,256,2,1024,18.784
32,256,2,2048,18.847
32,256,2,4096,20.0313
32,256,2,8192,22.688
32,256,2,16384,24.373
32,256,4,16,17.0773
32,256,4,32,17.238
32,256,4,64,17.3333
32,256,4,128,17.099
32,256,4,256,17.195
32,256,4,512,19.3603
32,256,4,1024,18.581
32,256,4,2048,18.7627
32,256,4,4096,21.5147
32,256,4,8192,23.3487
32,256,4,16384,30.133
32,256,8,16,16.6617
32,256,8,32,16.6933
32,256,8,64,16.789
32,256,8,128,16.4483
32,256,8,256,16.7253
32,256,8,512,19.403
32,256,8,1024,18.6343
32,256,8,2048,20.9063
32,256,8,4096,22.805
32,256,8,8192,28.7147
32,256,8,16384,41.0233
32,256,16,16,16.9593
32,256,16,32,16.896
32,256,16,64,16.9393
32,256,16,128,16.8957
32,256,16,256,16.97
32,256,16,512,19.7663
32,256,16,1024,20.9813
32,256,16,2048,21.5147
32,256,16,4096,28.5867
32,256,16,8192,41.6953
32,256,16,16384,63.5623
32,256,32,16,17.0237
32,256,32,32,17.1203
32,256,32,64,16.9493
32,256,32,128,16.821
32,256,32,256,17.131
32,256,32,512,19.7657
32,256,32,1024,21.9307
32,256,32,2048,29.3437
32,256,32,4096,42.1547
32,256,32,8192,63.3283
32,256,32,16384,107.712
32,256,64,16,17.2157
32,256,64,32,17.3013
32,256,64,64,17.29
32,256,64,128,17.3223
32,256,64,256,17.4503
32,256,64,512,23.136
32,256,64,1024,30.9123
32,256,64,2048,44.6077
32,256,64,4096,67.4133
32,256,64,8192,110.369
32,256,64,16384,199.114
32,256,128,16,18.112
32,256,128,32,18.0053
32,256,128,64,18.2727
32,256,128,128,19.0823
32,256,128,256,21.6753
32,256,128,512,33.5357
32,256,128,1024,47.0073
32,256,128,2048,70.784
32,256,128,4096,119.509
32,256,128,8192,201.867
32,256,128,16384,376.853
32,512,0,0,19.7117
32,512,1,16,20.3413
32,512,1,32,19.8613
32,512,1,64,20.7897
32,512,1,128,19.7653
32,512,1,256,19.6797
32,512,1,512,19.5307
32,512,1,1024,18.7517
32,512,1,2048,19.2967
32,512,1,4096,20.1597
32,512,1,8192,21.44
32,512,1,16384,23.3603
32,512,2,16,20.6723
32,512,2,32,19.4563
32,512,2,64,20.3843
32,512,2,128,20.225
32,512,2,256,19.9893
32,512,2,512,20.3303
32,512,2,1024,19.051
32,512,2,2048,18.7097
32,512,2,4096,19.8827
32,512,2,8192,23.4457
32,512,2,16384,25.0777
32,512,4,16,20.3507
32,512,4,32,20.7997
32,512,4,64,20.5757
32,512,4,128,20.5757
32,512,4,256,19.9563
32,512,4,512,19.3917
32,512,4,1024,19.1787
32,512,4,2048,18.656
32,512,4,4096,21.7923
32,512,4,8192,23.5517
32,512,4,16384,29.9737
32,512,8,16,20.0647
32,512,8,32,20.2033
32,512,8,64,20.0207
32,512,8,128,20.2773
32,512,8,256,19.5627
32,512,8,512,19.6907
32,512,8,1024,19.0083
32,512,8,2048,21.643
32,512,8,4096,23.4247
32,512,8,8192,29.5683
32,512,8,16384,41.3657
32,512,16,16,20.1177
32,512,16,32,20.5533
32,512,16,64,20.405
32,512,16,128,20.416
32,512,16,256,19.5947
32,512,16,512,19.1467
32,512,16,1024,19.9993
32,512,16,2048,23.8297
32,512,16,4096,28.843
32,512,16,8192,41.813
32,512,16,16384,63.9253
32,512,32,16,19.0713
32,512,32,32,18.8483
32,512,32,64,19.147
32,512,32,128,18.8903
32,512,32,256,19.9893
32,512,32,512,20.1707
32,512,32,1024,22.8903
32,512,32,2048,29.4613
32,512,32,4096,41.5897
32,512,32,8192,63.9253
32,512,32,16384,108.405
32,512,64,16,19.925
32,512,64,32,20.693
32,512,64,64,20.0317
32,512,64,128,20.65
32,512,64,256,25.7593
32,512,64,512,23.5947
32,512,64,1024,31.04
32,512,64,2048,44.352
32,512,64,4096,67.3917
32,512,64,8192,110.549
32,512,64,16384,198.506
32,512,128,16,24.3943
32,512,128,32,24.0417
32,512,128,64,25.3657
32,512,128,128,25.3437
32,512,128,256,27.094
32,512,128,512,33.195
32,512,128,1024,47.9893
32,512,128,2048,70.7303
32,512,128,4096,118.773
32,512,128,8192,201.962
32,512,128,16384,375.679
32,1024,0,0,21.3967
32,1024,1,16,21.12
32,1024,1,32,21.365
32,1024,1,64,20.8857
32,1024,1,128,21.2373
32,1024,1,256,21.5147
32,1024,1,512,21.152
32,1024,1,1024,21.2483
32,1024,1,2048,18.955
32,1024,1,4096,19.413
32,1024,1,8192,21.2267
32,1024,1,16384,23.115
32,1024,2,16,21.5783
32,1024,2,32,21.0987
32,1024,2,64,21.483
32,1024,2,128,21.4287
32,1024,2,256,20.9487
32,1024,2,512,20.8107
32,1024,2,1024,21.0353
32,1024,2,2048,19.712
32,1024,2,4096,19.3913
32,1024,2,8192,23.5733
32,1024,2,16384,26.1127
32,1024,4,16,21.2053
32,1024,4,32,21.067
32,1024,4,64,20.3627
32,1024,4,128,20.5123
32,1024,4,256,20.992
32,1024,4,512,21.067
32,1024,4,1024,20.7257
32,1024,4,2048,19.5093
32,1024,4,4096,21.557
32,1024,4,8192,24.9597
32,1024,4,16384,30.0793
32,1024,8,16,21.2483
32,1024,8,32,21.2377
32,1024,8,64,21.558
32,1024,8,128,21.3437
32,1024,8,256,20.917
32,1024,8,512,20.854
32,1024,8,1024,20.7883
32,1024,8,2048,21.9103
32,1024,8,4096,24.7997
32,1024,8,8192,29.365
32,1024,8,16384,41.1413
32,1024,16,16,21.7287
32,1024,16,32,21.269
32,1024,16,64,21.1407
32,1024,16,128,21.707
32,1024,16,256,20.8103
32,1024,16,512,21.728
32,1024,16,1024,21.451
32,1024,16,2048,23.2427
32,1024,16,4096,28.7257
32,1024,16,8192,41.5683
32,1024,16,16384,64.0853
32,1024,32,16,19.957
32,1024,32,32,19.808
32,1024,32,64,19.9573
32,1024,32,128,19.8607
32,1024,32,256,20.757
32,1024,32,512,20.629
32,1024,32,1024,23.5417
32,1024,32,2048,29.7497
32,1024,32,4096,42.133
32,1024,32,8192,64.9277
32,1024,32,16384,108.181
32,1024,64,16,20.6293
32,1024,64,32,20.448
32,1024,64,64,21.535
32,1024,64,128,20.9927
32,1024,64,256,25.5577
32,1024,64,512,30.0043
32,1024,64,1024,30.8907
32,1024,64,2048,44.864
32,1024,64,4096,67.392
32,1024,64,8192,111.083
32,1024,64,16384,199.114
32,1024,128,16,24.9493
32,1024,128,32,25.0137
32,1024,128,64,25.0347
32,1024,128,128,27.6483
32,1024,128,256,33.4833
32,1024,128,512,33.9197
32,1024,128,1024,47.477
32,1024,128,2048,70.0907
32,1024,128,4096,119.691
32,1024,128,8192,202.485
32,1024,128,16384,375.957
32,2048,0,0,21.8673
32,2048,1,16,21.5253
32,2048,1,32,21.685
32,2048,1,64,21.365
32,2048,1,128,21.5893
32,2048,1,256,21.44
32,2048,1,512,20.9383
32,2048,1,1024,21.152
32,2048,1,2048,21.8873
32,2048,1,4096,19.8293
32,2048,1,8192,21.0987
32,2048,1,16384,22.741
32,2048,2,16,21.5473
32,2048,2,32,21.9947
32,2048,2,64,20.085
32,2048,2,128,21.4613
32,2048,2,256,21.8347
32,2048,2,512,21.888
32,2048,2,1024,20.331
32,2048,2,2048,21.3227
32,2048,2,4096,20.2987
32,2048,2,8192,24.288
32,2048,2,16384,26.2393
32,2048,4,16,21.5577
32,2048,4,32,22.1333
32,2048,4,64,21.5577
32,2048,4,128,21.9097
32,2048,4,256,21.0453
32,2048,4,512,20.8
32,2048,4,1024,21.546
32,2048,4,2048,21.7707
32,2048,4,4096,22.379
32,2048,4,8192,24.7363
32,2048,4,16384,29.845
32,2048,8,16,21.803
32,2048,8,32,22.763
32,2048,8,64,22.25
32,2048,8,128,22.1867
32,2048,8,256,21.9947
32,2048,8,512,22.059
32,2048,8,1024,22.336
32,2048,8,2048,21.9097
32,2048,8,4096,24.0213
32,2048,8,8192,29.0877
32,2048,8,16384,41.4407
32,2048,16,16,21.7387
32,2048,16,32,21.867
32,2048,16,64,21.9843
32,2048,16,128,21.792
32,2048,16,256,21.8027
32,2048,16,512,22.2403
32,2048,16,1024,21.7067
32,2048,16,2048,24.64
32,2048,16,4096,29.8133
32,2048,16,8192,41.856
32,2048,16,16384,62.8373
32,2048,32,16,20.384
32,2048,32,32,20.3943
32,2048,32,64,20.459
32,2048,32,128,20.7037
32,2048,32,256,20.608
32,2048,32,512,20.8853
32,2048,32,1024,23.434
32,2048,32,2048,36.3623
32,2048,32,4096,41.6743
32,2048,32,8192,64.4163
32,2048,32,16384,108.566
32,2048,64,16,21.2793
32,2048,64,32,21.9087
32,2048,64,64,21.7177
32,2048,64,128,21.4403
32,2048,64,256,26.794
32,2048,64,512,30.058
32,2048,64,1024,40.2567
32,2048,64,2048,45.493
32,2048,64,4096,67.1357
32,2048,64,8192,111.082
32,2048,64,16384,198.25
32,2048,128,16,25.141
32,2048,128,32,25.4827
32,2048,128,64,26.24
32,2048,128,128,28.608
32,2048,128,256,33.6317
32,2048,128,512,43.3063
32,2048,128,1024,47.423
32,2048,128,2048,71.3177
32,2048,128,4096,118.068
32,2048,128,8192,203.594
32,2048,128,16384,377.226
32,4096,0,0,23.019
32,4096,1,16,22.6343
32,4096,1,32,21.92
32,4096,1,64,22.6243
32,4096,1,128,22.293
32,4096,1,256,22.528
32,4096,1,512,21.8987
32,4096,1,1024,22.667
32,4096,1,2048,22.624
32,4096,1,4096,22.656
32,4096,1,8192,24.118
32,4096,1,16384,23.2
32,4096,2,16,22.7197
32,4096,2,32,22.9333
32,4096,2,64,21.9947
32,4096,2,128,22.6347
32,4096,2,256,22.4423
32,4096,2,512,22.7843
32,4096,2,1024,22.304
32,4096,2,2048,21.9627
32,4096,2,4096,22.42
32,4096,2,8192,23.8507
32,4096,2,16384,27.1677
32,4096,4,16,22.464
32,4096,4,32,22.5593
32,4096,4,64,21.952
32,4096,4,128,22.7097
32,4096,4,256,22.4323
32,4096,4,512,21.3657
32,4096,4,1024,22.4957
32,4096,4,2048,22.2293
32,4096,4,4096,23.0617
32,4096,4,8192,25.632
32,4096,4,16384,31.0827
32,4096,8,16,23.2747
32,4096,8,32,22.9223
32,4096,8,64,23.3493
32,4096,8,128,23.1363
32,4096,8,256,22.9327
32,4096,8,512,23.2323
32,4096,8,1024,22.197
32,4096,8,2048,23.072
32,4096,8,4096,25.632
32,4096,8,8192,30.4113
32,4096,8,16384,42.3147
32,4096,16,16,22.944
32,4096,16,32,22.816
32,4096,16,64,23.008
32,4096,16,128,22.4643
32,4096,16,256,23.0087
32,4096,16,512,22.4747
32,4096,16,1024,23.5943
32,4096,16,2048,24.5227
32,4096,16,4096,30.0807
32,4096,16,8192,42.7723
32,4096,16,16384,63.0293
32,4096,32,16,22.0803
32,4096,32,32,22.2293
32,4096,32,64,22.336
32,4096,32,128,22.24
32,4096,32,256,21.4077
32,4096,32,512,22.0157
32,4096,32,1024,25.1627
32,4096,32,2048,31.4987
32,4096,32,4096,54.677
32,4096,32,8192,65.067
32,4096,32,16384,108.107
32,4096,64,16,22.3677
32,4096,64,32,22.4747
32,4096,64,64,22.7413
32,4096,64,128,22.283
32,4096,64,256,23.765
32,4096,64,512,30.091
32,4096,64,1024,40.085
32,4096,64,2048,58.603
32,4096,64,4096,67.926
32,4096,64,8192,111.552
32,4096,64,16384,199.168
32,4096,128,16,25.568
32,4096,128,32,26.293
32,4096,128,64,25.771
32,4096,128,128,28.5437
32,4096,128,256,33.3227
32,4096,128,512,44.0103
32,4096,128,1024,64.1917
32,4096,128,2048,71.6903
32,4096,128,4096,119.04
32,4096,128,8192,203.69
32,4096,128,16384,376.266
32,8192,0,0,22.8913
32,8192,1,16,24.3843
32,8192,1,32,24.4483
32,8192,1,64,24.491
32,8192,1,128,24.48
32,8192,1,256,24.5013
32,8192,1,512,24.384
32,8192,1,1024,24.171
32,8192,1,2048,24.3623
32,8192,1,4096,24.3623
32,8192,1,8192,24.4477
32,8192,1,16384,26.1867
32,8192,2,16,24.203
32,8192,2,32,24.4473
32,8192,2,64,23.9147
32,8192,2,128,24.277
32,8192,2,256,24.0423
32,8192,2,512,23.328
32,8192,2,1024,24.0847
32,8192,2,2048,23.9677
32,8192,2,4096,24.48
32,8192,2,8192,24.5653
32,8192,2,16384,26.368
32,8192,4,16,24.3203
32,8192,4,32,24.341
32,8192,4,64,24.523
32,8192,4,128,24.1283
32,8192,4,256,24.202
32,8192,4,512,24.043
32,8192,4,1024,24.277
32,8192,4,2048,24.7463
32,8192,4,4096,24.7253
32,8192,4,8192,25.493
32,8192,4,16384,32.7783
32,8192,8,16,24.5337
32,8192,8,32,24.3633
32,8192,8,64,24.4693
32,8192,8,128,24.331
32,8192,8,256,23.477
32,8192,8,512,22.7937
32,8192,8,1024,24.2347
32,8192,8,2048,25.1413
32,8192,8,4096,26.6993
32,8192,8,8192,31.0613
32,8192,8,16384,44.0633
32,8192,16,16,24.2663
32,8192,16,32,23.9053
32,8192,16,64,24.278
32,8192,16,128,24.715
32,8192,16,256,24.448
32,8192,16,512,24.6833
32,8192,16,1024,25.3757
32,8192,16,2048,26.6777
32,8192,16,4096,31.4773
32,8192,16,8192,43.178
32,8192,16,16384,65.1097
32,8192,32,16,23.7653
32,8192,32,32,23.776
32,8192,32,64,23.808
32,8192,32,128,24.2563
32,8192,32,256,23.6693
32,8192,32,512,23.968
32,8192,32,1024,27.221
32,8192,32,2048,32.9493
32,8192,32,4096,55.5413
32,8192,32,8192,88.063
32,8192,32,16384,108.971
32,8192,64,16,23.8187
32,8192,64,32,24.2453
32,8192,64,64,24.1597
32,8192,64,128,24.3627
32,8192,64,256,25.3547
32,8192,64,512,30.9973
32,8192,64,1024,41.5037
32,8192,64,2048,59.2527
32,8192,64,4096,93.408
32,8192,64,8192,112.395
32,8192,64,16384,199.435
32,8192,128,16,24.9813
32,8192,128,32,25.589
32,8192,128,64,26.165
32,8192,128,128,29.547
32,8192,128,256,34.3253
32,8192,128,512,43.947
32,8192,128,1024,63.786
32,8192,128,2048,98.3353
32,8192,128,4096,121.088
32,8192,128,8192,203.061
32,8192,128,16384,377.748
32,16384,0,0,28.1923
32,16384,1,16,27.253
32,16384,1,32,27.105
32,16384,1,64,27.0827
32,16384,1,128,27.3703
32,16384,1,256,27.3173
32,16384,1,512,27.0933
32,16384,1,1024,27.339
32,16384,1,2048,27.0827
32,16384,1,4096,27.509
32,16384,1,8192,28.9283
32,16384,1,16384,27.84
32,16384,2,16,26.9443
32,16384,2,32,27.3493
32,16384,2,64,27.285
32,16384,2,128,27.0083
32,16384,2,256,27.295
32,16384,2,512,26.944
32,16384,2,1024,27.3497
32,16384,2,2048,27.509
32,16384,2,4096,28.9393
32,16384,2,8192,26.869
32,16384,2,16384,28.3093
32,16384,4,16,27.339
32,16384,4,32,27.6267
32,16384,4,64,27.0517
32,16384,4,128,27.3707
32,16384,4,256,27.648
32,16384,4,512,27.4663
32,16384,4,1024,27.978
32,16384,4,2048,28.6723
32,16384,4,4096,27.199
32,16384,4,8192,28.5017
32,16384,4,16384,33.7487
32,16384,8,16,27.051
32,16384,8,32,26.8267
32,16384,8,64,26.912
32,16384,8,128,26.7947
32,16384,8,256,27.0827
32,16384,8,512,28.107
32,16384,8,1024,28.331
32,16384,8,2048,27.712
32,16384,8,4096,29.8137
32,16384,8,8192,34.6453
32,16384,8,16384,44.949
32,16384,16,16,27.1253
32,16384,16,32,26.9867
32,16384,16,64,27.2857
32,16384,16,128,27.126
32,16384,16,256,28.8107
32,16384,16,512,28.437
32,16384,16,1024,27.4447
32,16384,16,2048,28.9067
32,16384,16,4096,33.728
32,16384,16,8192,45.589
32,16384,16,16384,67.382
32,16384,32,16,27.0723
32,16384,32,32,27.2853
32,16384,32,64,27.093
32,16384,32,128,27.211
32,16384,32,256,31.413
32,16384,32,512,27.456
32,16384,32,1024,29.0343
32,16384,32,2048,44.192
32,16384,32,4096,46.8377
32,16384,32,8192,88.1283
32,16384,32,16384,153.877
32,16384,64,16,26.1757
32,16384,64,32,26.25
32,16384,64,64,26.5173
32,16384,64,128,27.328
32,16384,64,256,27.69
32,16384,64,512,31.1577
32,16384,64,1024,41.525
32,16384,64,2048,57.642
32,16384,64,4096,94.069
32,16384,64,8192,159.616
32,16384,64,16384,201.791
32,16384,128,16,28.1387
32,16384,128,32,28.8647
32,16384,128,64,29.419
32,16384,128,128,30.315
32,16384,128,256,35.9357
32,16384,128,512,44.64
32,16384,128,1024,63.765
32,16384,128,2048,98.9013
32,16384,128,4096,166.485
32,16384,128,8192,206.954
32,16384,128,16384,378.89
64,0,0,0,14.24
64,0,1,16,14.0903
64,0,1,32,14.1657
64,0,1,64,14.2077
64,0,1,128,15.3707
64,0,1,256,16.746
64,0,1,512,17.4933
64,0,1,1024,17.504
64,0,1,2048,18.379
64,0,1,4096,18.7627
64,0,1,8192,21.312
64,0,1,16384,24.6403
64,0,2,16,14.1977
64,0,2,32,14.112
64,0,2,64,14.24
64,0,2,128,15.2113
64,0,2,256,16.629
64,0,2,512,17.5677
64,0,2,1024,17.7277
64,0,2,2048,18.3037
64,0,2,4096,19.1677
64,0,2,8192,21.451
64,0,2,16384,24.9917
64,0,4,16,14.2503
64,0,4,32,14.4217
64,0,4,64,14.0903
64,0,4,128,15.488
64,0,4,256,16.949
64,0,4,512,17.6637
64,0,4,1024,18.1543
64,0,4,2048,18.6027
64,0,4,4096,20.0213
64,0,4,8192,22.6457
64,0,4,16384,29.3543
64,0,8,16,13.9307
64,0,8,32,13.8983
64,0,8,64,13.8243
64,0,8,128,15.221
64,0,8,256,16.6827
64,0,8,512,17.664
64,0,8,1024,18.2603
64,0,8,2048,19.3823
64,0,8,4096,21.5687
64,0,8,8192,28.7783
64,0,8,16384,42.741
64,0,16,16,14.0583
64,0,16,32,14.2503
64,0,16,64,13.8457
64,0,16,128,15.4247
64,0,16,256,16.6927
64,0,16,512,17.9303
64,0,16,1024,19.0403
64,0,16,2048,21.9953
64,0,16,4096,29.2167
64,0,16,8192,42.3037
64,0,16,16384,63.4023
64,0,32,16,14.24
64,0,32,32,14.4753
64,0,32,64,14.5173
64,0,32,128,16.1277
64,0,32,256,17.0987
64,0,32,512,19.4667
64,0,32,1024,21.3433
64,0,32,2048,29.056
64,0,32,4096,42.017
64,0,32,8192,64.7143
64,0,32,16384,109.258
64,0,64,16,14.5817
64,0,64,32,14.6133
64,0,64,64,14.9227
64,0,64,128,16.3413
64,0,64,256,17.418
64,0,64,512,22.9653
64,0,64,1024,30.5383
64,0,64,2048,44.2877
64,0,64,4096,67.2533
64,0,64,8192,112.203
64,0,64,16384,201.398
64,0,128,16,15.211
64,0,128,32,15.2527
64,0,128,64,15.509
64,0,128,128,17.6107
64,0,128,256,21.333
64,0,128,512,33.1407
64,0,128,1024,47.3597
64,0,128,2048,70.8477
64,0,128,4096,119.082
64,0,128,8192,202.88
64,0,128,16384,377.877
64,16,0,0,14.2503
64,16,1,16,14.3677
64,16,1,32,14.176
64,16,1,64,14.2507
64,16,1,128,15.6053
64,16,1,256,16.8643
64,16,1,512,17.6313
64,16,1,1024,17.7497
64,16,1,2048,18.0477
64,16,1,4096,18.944
64,16,1,8192,21.0343
64,16,1,16384,24.832
64,16,2,16,14.261
64,16,2,32,14.155
64,16,2,64,14.1867
64,16,2,128,15.2633
64,16,2,256,16.8107
64,16,2,512,17.429
64,16,2,1024,17.8233
64,16,2,2048,18.507
64,16,2,4096,19.392
64,16,2,8192,21.3017
64,16,2,16384,24.8857
64,16,4,16,14.111
64,16,4,32,14.325
64,16,4,64,14.422
64,16,4,128,15.4877
64,16,4,256,16.9173
64,16,4,512,17.6
64,16,4,1024,18.048
64,16,4,2048,18.7293
64,16,4,4096,19.9147
64,16,4,8192,22.507
64,16,4,16384,29.515
64,16,8,16,13.8027
64,16,8,32,13.9627
64,16,8,64,13.9517
64,16,8,128,15.178
64,16,8,256,16.5543
64,16,8,512,17.536
64,16,8,1024,18.4107
64,16,8,2048,19.5847
64,16,8,4096,21.8563
64,16,8,8192,28.9283
64,16,8,16384,41.824
64,16,16,16,13.9947
64,16,16,32,14.1763
64,16,16,64,13.8563
64,16,16,128,15.4453
64,16,16,256,16.8107
64,16,16,512,18.005
64,16,16,1024,19.3707
64,16,16,2048,21.8667
64,16,16,4096,29.3443
64,16,16,8192,41.9303
64,16,16,16384,63.3283
64,16,32,16,14.475
64,16,32,32,14.4423
64,16,32,64,14.2503
64,16,32,128,16.16
64,16,32,256,17.2267
64,16,32,512,19.5943
64,16,32,1024,21.3343
64,16,32,2048,29.5573
64,16,32,4096,42.1007
64,16,32,8192,64.3093
64,16,32,16384,108.778
64,16,64,16,14.731
64,16,64,32,14.6777
64,16,64,64,14.88
64,16,64,128,16.1707
64,16,64,256,17.525
64,16,64,512,23.041
64,16,64,1024,30.8267
64,16,64,2048,45.0133
64,16,64,4096,67.531
64,16,64,8192,112.405
64,16,64,16384,200.288
64,16,128,16,15.0833
64,16,128,32,15.1683
64,16,128,64,15.3387
64,16,128,128,17.5897
64,16,128,256,21.3007
64,16,128,512,33.205
64,16,128,1024,46.5497
64,16,128,2048,70.8373
64,16,128,4096,117.814
64,16,128,8192,202.805
64,16,128,16384,379.423
64,32,0,0,14.1873
64,32,1,16,14.0587
64,32,1,32,14.24
64,32,1,64,14.1763
64,32,1,128,15.2323
64,32,1,256,16.5327
64,32,1,512,16.7897
64,32,1,1024,17.9523
64,32,1,2048,18.08
64,32,1,4096,18.9437
64,32,1,8192,21.163
64,32,1,16384,24.6397
64,32,2,16,14.133
64,32,2,32,14.1863
64,32,2,64,14.261
64,32,2,128,15.339
64,32,2,256,16.8423
64,32,2,512,17.195
64,32,2,1024,17.8777
64,32,2,2048,18.1867
64,32,2,4096,19.2317
64,32,2,8192,21.6423
64,32,2,16384,24.9703
64,32,4,16,14.2293
64,32,4,32,14.3787
64,32,4,64,14.176
64,32,4,128,15.4347
64,32,4,256,16.832
64,32,4,512,17.76
64,32,4,1024,18.144
64,32,4,2048,18.8163
64,32,4,4096,20.203
64,32,4,8192,22.667
64,32,4,16384,30.027
64,32,8,16,13.984
64,32,8,32,13.9413
64,32,8,64,13.8763
64,32,8,128,14.944
64,32,8,256,16.5433
64,32,8,512,17.7373
64,32,8,1024,18.1017
64,32,8,2048,19.5947
64,32,8,4096,21.5677
64,32,8,8192,28.9597
64,32,8,16384,41.0987
64,32,16,16,14.1223
64,32,16,32,13.8557
64,32,16,64,13.941
64,32,16,128,15.4677
64,32,16,256,16.8533
64,32,16,512,17.9837
64,32,16,1024,18.7413
64,32,16,2048,21.664
64,32,16,4096,29.5253
64,32,16,8192,41.6853
64,32,16,16384,63.243
64,32,32,16,14.3043
64,32,32,32,14.261
64,32,32,64,14.3683
64,32,32,128,16.0747
64,32,32,256,17.2157
64,32,32,512,19.4777
64,32,32,1024,21.9517
64,32,32,2048,29.439
64,32,32,4096,41.994
64,32,32,8192,64.234
64,32,32,16384,109.556
64,32,64,16,14.592
64,32,64,32,14.6123
64,32,64,64,14.7627
64,32,64,128,16.4477
64,32,64,256,17.5897
64,32,64,512,22.869
64,32,64,1024,30.5383
64,32,64,2048,44.2243
64,32,64,4096,67.946
64,32,64,8192,110.762
64,32,64,16384,201.162
64,32,128,16,15.2967
64,32,128,32,15.2107
64,32,128,64,15.5737
64,32,128,128,18.005
64,32,128,256,21.2367
64,32,128,512,32.96
64,32,128,1024,47.9037
64,32,128,2048,70.7093
64,32,128,4096,117.579
64,32,128,8192,202.73
64,32,128,16384,377.375
64,64,0,0,14.2827
64,64,1,16,14.2933
64,64,1,32,14.176
64,64,1,64,14.2827
64,64,1,128,15.2533
64,64,1,256,16.672
64,64,1,512,16.704
64,64,1,1024,17.5253
64,64,1,2048,18.581
64,64,1,4096,19.0503
64,64,1,8192,21.238
64,64,1,16384,24.5867
64,64,2,16,14.2507
64,64,2,32,14.0493
64,64,2,64,14.1127
64,64,2,128,15.4457
64,64,2,256,16.789
64,64,2,512,18.3573
64,64,2,1024,18.058
64,64,2,2048,18.3253
64,64,2,4096,19.2747
64,64,2,8192,21.5243
64,64,2,16384,25.131
64,64,4,16,14.5063
64,64,4,32,14.0903
64,64,4,64,14.0913
64,64,4,128,15.317
64,64,4,256,17.0347
64,64,4,512,17.4617
64,64,4,1024,17.9517
64,64,4,2048,19.072
64,64,4,4096,20.2447
64,64,4,8192,22.7947
64,64,4,16384,29.2487
64,64,8,16,13.8773
64,64,8,32,13.941
64,64,8,64,13.9087
64,64,8,128,15.232
64,64,8,256,16.5017
64,64,8,512,17.6743
64,64,8,1024,18.1977
64,64,8,2048,19.5197
64,64,8,4096,21.5887
64,64,8,8192,28.4163
64,64,8,16384,41.7603
64,64,16,16,14.0693
64,64,16,32,13.9413
64,64,16,64,13.9093
64,64,16,128,15.7657
64,64,16,256,16.97
64,64,16,512,17.91
64,64,16,1024,19.2537
64,64,16,2048,22.2293
64,64,16,4096,29.514
64,64,16,8192,41.8873
64,64,16,16384,63.2107
64,64,32,16,14.3997
64,64,32,32,14.5393
64,64,32,64,14.485
64,64,32,128,16.0747
64,64,32,256,17.2263
64,64,32,512,19.4457
64,64,32,1024,22.1123
64,64,32,2048,29.3017
64,64,32,4096,41.3867
64,64,32,8192,64.6293
64,64,32,16384,108.32
64,64,64,16,14.8797
64,64,64,32,14.731
64,64,64,64,14.72
64,64,64,128,16.224
64,64,64,256,17.3973
64,64,64,512,23.1783
64,64,64,1024,30.7943
64,64,64,2048,44.458
64,64,64,4096,67.84
64,64,64,8192,111.861
64,64,64,16384,202.111
64,64,128,16,15.1363
64,64,128,32,15.3913
64,64,128,64,15.6583
64,64,128,128,17.6427
64,64,128,256,21.887
64,64,128,512,32.331
64,64,128,1024,46.7833
64,64,128,2048,70.0907
64,64,128,4096,118.271
64,64,128,8192,202.677
64,64,128,16384,380.085
64,128,0,0,16.064
64,128,1,16,15.7017
64,128,1,32,15.6693
64,128,1,64,15.638
64,128,1,128,15.5833
64,128,1,256,16.6507
64,128,1,512,19.0083
64,128,1,1024,18.1647
64,128,1,2048,18.8157
64,128,1,4096,19.808
64,128,1,8192,21.2047
64,128,1,16384,24.896
64,128,2,16,15.6797
64,128,2,32,15.6053
64,128,2,64,15.573
64,128,2,128,15.6907
64,128,2,256,16.8103
64,128,2,512,19.3493
64,128,2,1024,18.1333
64,128,2,2048,18.88
64,128,2,4096,20.1173
64,128,2,8192,21.4607
64,128,2,16384,25.013
64,128,4,16,15.7867
64,128,4,32,15.808
64,128,4,64,15.84
64,128,4,128,15.7447
64,128,4,256,16.9597
64,128,4,512,19.3603
64,128,4,1024,18.6247
64,128,4,2048,18.7837
64,128,4,4096,20.192
64,128,4,8192,23.0403
64,128,4,16384,30.1543
64,128,8,16,15.4983
64,128,8,32,15.5193
64,128,8,64,15.5843
64,128,8,128,15.6903
64,128,8,256,16.629
64,128,8,512,18.2717
64,128,8,1024,18.442
64,128,8,2048,19.4347
64,128,8,4096,21.8027
64,128,8,8192,29.3113
64,128,8,16384,41.717
64,128,16,16,15.3803
64,128,16,32,15.392
64,128,16,64,15.7437
64,128,16,128,15.4983
64,128,16,256,16.8427
64,128,16,512,19.8507
64,128,16,1024,19.2643
64,128,16,2048,22.08
64,128,16,4096,28.7467
64,128,16,8192,41.632
64,128,16,16384,63.6697
64,128,32,16,15.7447
64,128,32,32,15.6693
64,128,32,64,15.7763
64,128,32,128,15.989
64,128,32,256,17.0993
64,128,32,512,19.3167
64,128,32,1024,21.76
64,128,32,2048,30.2393
64,128,32,4096,42.6767
64,128,32,8192,64.2343
64,128,32,16384,108.949
64,128,64,16,15.979
64,128,64,32,16.0213
64,128,64,64,16.2023
64,128,64,128,16.2763
64,128,64,256,17.493
64,128,64,512,23.1147
64,128,64,1024,30.784
64,128,64,2048,44.0853
64,128,64,4096,67.3173
64,128,64,8192,111.818
64,128,64,16384,200.533
64,128,128,16,16.7143
64,128,128,32,16.8213
64,128,128,64,16.9287
64,128,128,128,18.3677
64,128,128,256,21.7707
64,128,128,512,32.736
64,128,128,1024,46.9117
64,128,128,2048,71.5733
64,128,128,4096,118.484
64,128,128,8192,203.039
64,128,128,16384,379.882
64,256,0,0,17.1627
64,256,1,16,16.982
64,256,1,32,17.1733
64,256,1,64,17.3443
64,256,1,128,16.9597
64,256,1,256,17.0027
64,256,1,512,19.3817
64,256,1,1024,18.5387
64,256,1,2048,18.3787
64,256,1,4096,19.6373
64,256,1,8192,21.0237
64,256,1,16384,25.1737
64,256,2,16,17.2697
64,256,2,32,17.0987
64,256,2,64,17.1303
64,256,2,128,17.045
64,256,2,256,17.0883
64,256,2,512,19.2323
64,256,2,1024,18.485
64,256,2,2048,19.1683
64,256,2,4096,19.605
64,256,2,8192,21.2787
64,256,2,16384,25.184
64,256,4,16,17.163
64,256,4,32,17.1523
64,256,4,64,17.2483
64,256,4,128,17.2263
64,256,4,256,17.1743
64,256,4,512,20.1493
64,256,4,1024,18.2933
64,256,4,2048,19.029
64,256,4,4096,21.888
64,256,4,8192,22.816
64,256,4,16384,29.6213
64,256,8,16,16.7787
64,256,8,32,16.8853
64,256,8,64,16.9273
64,256,8,128,16.7363
64,256,8,256,16.7357
64,256,8,512,19.4783
64,256,8,1024,18.6663
64,256,8,2048,20.853
64,256,8,4096,21.9627
64,256,8,8192,28.565
64,256,8,16384,41.984
64,256,16,16,16.821
64,256,16,32,16.7787
64,256,16,64,16.7677
64,256,16,128,16.9487
64,256,16,256,17.1307
64,256,16,512,20.9063
64,256,16,1024,20.256
64,256,16,2048,22.1547
64,256,16,4096,28.8213
64,256,16,8192,42.6667
64,256,16,16384,63.883
64,256,32,16,17.3433
64,256,32,32,17.1943
64,256,32,64,17.2913
64,256,32,128,17.1623
64,256,32,256,17.312
64,256,32,512,20.864
64,256,32,1024,21.8137
64,256,32,2048,29.227
64,256,32,4096,42.1013
64,256,32,8192,63.9893
64,256,32,16384,109.558
64,256,64,16,17.3757
64,256,64,32,17.418
64,256,64,64,17.6113
64,256,64,128,17.3337
64,256,64,256,17.536
64,256,64,512,23.061
64,256,64,1024,31.4877
64,256,64,2048,44.618
64,256,64,4096,68.075
64,256,64,8192,112.212
64,256,64,16384,201.728
64,256,128,16,18.197
64,256,128,32,18.3257
64,256,128,64,18.3043
64,256,128,128,19.168
64,256,128,256,21.141
64,256,128,512,33.0253
64,256,128,1024,47.1247
64,256,128,2048,70.8583
64,256,128,4096,119.861
64,256,128,8192,204.053
64,256,128,16384,378.463
64,512,0,0,20.32
64,512,1,16,19.2633
64,512,1,32,19.435
64,512,1,64,19.68
64,512,1,128,19.446
64,512,1,256,19.3707
64,512,1,512,18.923
64,512,1,1024,18.5487
64,512,1,2048,18.5603
64,512,1,4096,19.552
64,512,1,8192,21.7487
64,512,1,16384,24.523
64,512,2,16,19.52
64,512,2,32,19.755
64,512,2,64,19.1463
64,512,2,128,19.84
64,512,2,256,19.829
64,512,2,512,20.0317
64,512,2,1024,18.955
64,512,2,2048,18.645
64,512,2,4096,19.829
64,512,2,8192,21.589
64,512,2,16384,25.504
64,512,4,16,20.502
64,512,4,32,19.9577
64,512,4,64,20.949
64,512,4,128,19.8823
64,512,4,256,20.4907
64,512,4,512,20.128
64,512,4,1024,19.1997
64,512,4,2048,19.392
64,512,4,4096,21.792
64,512,4,8192,23.6797
64,512,4,16384,29.8677
64,512,8,16,19.8937
64,512,8,32,19.68
64,512,8,64,19.8073
64,512,8,128,19.9463
64,512,8,256,19.5733
64,512,8,512,19.3813
64,512,8,1024,18.923
64,512,8,2048,20.96
64,512,8,4096,23.3917
64,512,8,8192,28.9487
64,512,8,16384,41.7707
64,512,16,16,20.1593
64,512,16,32,20.7903
64,512,16,64,20.8957
64,512,16,128,21.2163
64,512,16,256,20.7997
64,512,16,512,21.8137
64,512,16,1024,21.3337
64,512,16,2048,23.2317
64,512,16,4096,28.9913
64,512,16,8192,42.0903
64,512,16,16384,63.7013
64,512,32,16,20.1493
64,512,32,32,20.48
64,512,32,64,20.4903
64,512,32,128,20.3837
64,512,32,256,22.7633
64,512,32,512,22.3133
64,512,32,1024,23.5627
64,512,32,2048,29.845
64,512,32,4096,42.421
64,512,32,8192,64.7997
64,512,32,16384,108.715
64,512,64,16,19.4137
64,512,64,32,19.542
64,512,64,64,19.8187
64,512,64,128,21.045
64,512,64,256,26.0267
64,512,64,512,30.4953
64,512,64,1024,30.6777
64,512,64,2048,44.544
64,512,64,4096,68.0643
64,512,64,8192,112.277
64,512,64,16384,200.619
64,512,128,16,25.141
64,512,128,32,24.5653
64,512,128,64,25.4713
64,512,128,128,27.6687
64,512,128,256,33.3443
64,512,128,512,33.3543
64,512,128,1024,47.7123
64,512,128,2048,70.6453
64,512,128,4096,119.531
64,512,128,8192,201.802
64,512,128,16384,378.74
64,1024,0,0,18.8697
64,1024,1,16,20.9177
64,1024,1,32,20.917
64,1024,1,64,20.9073
64,1024,1,128,20.993
64,1024,1,256,21.1307
64,1024,1,512,21.0983
64,1024,1,1024,21.0457
64,1024,1,2048,19.072
64,1024,1,4096,19.7017
64,1024,1,8192,21.2697
64,1024,1,16384,24.8847
64,1024,2,16,21.4507
64,1024,2,32,21.2047
64,1024,2,64,20.4593
64,1024,2,128,21.035
64,1024,2,256,21.1297
64,1024,2,512,20.5547
64,1024,2,1024,20.757
64,1024,2,2048,19.158
64,1024,2,4096,20.1817
64,1024,2,8192,21.4933
64,1024,2,16384,24.9707
64,1024,4,16,20.5013
64,1024,4,32,21.4293
64,1024,4,64,21.6537
64,1024,4,128,21.4187
64,1024,4,256,21.5573
64,1024,4,512,21.1523
64,1024,4,1024,21.205
64,1024,4,2048,19.5947
64,1024,4,4096,22.7947
64,1024,4,8192,25.6533
64,1024,4,16384,29.9733
64,1024,8,16,21.1303
64,1024,8,32,20.117
64,1024,8,64,21.0027
64,1024,8,128,21.0773
64,1024,8,256,20.7893
64,1024,8,512,20.821
64,1024,8,1024,21.1197
64,1024,8,2048,21.6213
64,1024,8,4096,24.7357
64,1024,8,8192,28.6827
64,1024,8,16384,41.4187
64,1024,16,16,21.9733
64,1024,16,32,20.0963
64,1024,16,64,21.664
64,1024,16,128,22.08
64,1024,16,256,22.0263
64,1024,16,512,21.675
64,1024,16,1024,22.4533
64,1024,16,2048,24.917
64,1024,16,4096,29.3973
64,1024,16,8192,41.8457
64,1024,16,16384,64.0643
64,1024,32,16,21.0343
64,1024,32,32,21.6643
64,1024,32,64,20.7467
64,1024,32,128,21.5577
64,1024,32,256,20.3097
64,1024,32,512,21.4723
64,1024,32,1024,25.1423
64,1024,32,2048,37.163
64,1024,32,4096,42.2617
64,1024,32,8192,64.288
64,1024,32,16384,109.92
64,1024,64,16,20.8107
64,1024,64,32,20.896
64,1024,64,64,20.9177
64,1024,64,128,21.5143
64,1024,64,256,26.6027
64,1024,64,512,29.5573
64,1024,64,1024,40.0747
64,1024,64,2048,44.4483
64,1024,64,4096,67.6693
64,1024,64,8192,111.947
64,1024,64,16384,203.36
64,1024,128,16,24.5757
64,1024,128,32,25.301
64,1024,128,64,25.8773
64,1024,128,128,27.6583
64,1024,128,256,34.2937
64,1024,128,512,42.795
64,1024,128,1024,47.7967
64,1024,128,2048,71.2853
64,1024,128,4096,119.562
64,1024,128,8192,203.317
64,1024,128,16384,379.786
64,2048,0,0,22.3257
64,2048,1,16,21.2583
64,2048,1,32,21.94
64,2048,1,64,21.8987
64,2048,1,128,22.2077
64,2048,1,256,21.375
64,2048,1,512,21.9843
64,2048,1,1024,22.1017
64,2048,1,2048,21.61
64,2048,1,4096,21.1733
64,2048,1,8192,21.6647
64,2048,1,16384,25.1093
64,2048,2,16,21.5893
64,2048,2,32,21.5677
64,2048,2,64,22.0163
64,2048,2,128,21.835
64,2048,2,256,21.568
64,2048,2,512,21.813
64,2048,2,1024,21.8667
64,2048,2,2048,21.728
64,2048,2,4096,22.049
64,2048,2,8192,21.7817
64,2048,2,16384,25.355
64,2048,4,16,22.4963
64,2048,4,32,22.4313
64,2048,4,64,22.304
64,2048,4,128,22.2937
64,2048,4,256,22.4213
64,2048,4,512,22.3683
64,2048,4,1024,22.3363
64,2048,4,2048,22.2517
64,2048,4,4096,23.6697
64,2048,4,8192,25.7917
64,2048,4,16384,30.251
64,2048,8,16,21.6103
64,2048,8,32,21.4507
64,2048,8,64,21.6643
64,2048,8,128,21.6313
64,2048,8,256,21.749
64,2048,8,512,21.8237
64,2048,8,1024,21.1203
64,2048,8,2048,21.952
64,2048,8,4096,24.4903
64,2048,8,8192,29.4083
64,2048,8,16384,42.5387
64,2048,16,16,22.538
64,2048,16,32,21.2373
64,2048,16,64,22.5277
64,2048,16,128,22.2617
64,2048,16,256,22.8903
64,2048,16,512,21.3973
64,2048,16,1024,23.114
64,2048,16,2048,24.1177
64,2048,16,4096,30.4957
64,2048,16,8192,42.4313
64,2048,16,16384,63.595
64,2048,32,16,22.112
64,2048,32,32,21.8663
64,2048,32,64,22.1123
64,2048,32,128,22.016
64,2048,32,256,21.4717
64,2048,32,512,23.1147
64,2048,32,1024,24.7463
64,2048,32,2048,31.4347
64,2048,32,4096,54.378
64,2048,32,8192,63.786
64,2048,32,16384,109.515
64,2048,64,16,21.547
64,2048,64,32,21.5257
64,2048,64,64,21.5147
64,2048,64,128,21.5573
64,2048,64,256,23.019
64,2048,64,512,29.323
64,2048,64,1024,39.584
64,2048,64,2048,58.5487
64,2048,64,4096,67.6267
64,2048,64,8192,112.043
64,2048,64,16384,201.13
64,2048,128,16,24.7903
64,2048,128,32,24.7463
64,2048,128,64,24.8963
64,2048,128,128,29.1313
64,2048,128,256,32.6827
64,2048,128,512,43.4557
64,2048,128,1024,63.392
64,2048,128,2048,71.9777
64,2048,128,4096,119.349
64,2048,128,8192,204.021
64,2048,128,16384,377.632
64,4096,0,0,23.5513
64,4096,1,16,21.9843
64,4096,1,32,23.1677
64,4096,1,64,23.424
64,4096,1,128,23.3703
64,4096,1,256,23.0083
64,4096,1,512,23.734
64,4096,1,1024,23.4987
64,4096,1,2048,23.072
64,4096,1,4096,23.3597
64,4096,1,8192,22.1763
64,4096,1,16384,25.1097
64,4096,2,16,23.3697
64,4096,2,32,23.6157
64,4096,2,64,22.5817
64,4096,2,128,23.8503
64,4096,2,256,22.7303
64,4096,2,512,23.573
64,4096,2,1024,23.7007
64,4096,2,2048,24.1173
64,4096,2,4096,23.659
64,4096,2,8192,25.056
64,4096,2,16384,25.813
64,4096,4,16,23.7973
64,4096,4,32,23.6047
64,4096,4,64,23.488
64,4096,4,128,24.075
64,4096,4,256,24.0537
64,4096,4,512,23.018
64,4096,4,1024,23.2327
64,4096,4,2048,24.1067
64,4096,4,4096,24.4797
64,4096,4,8192,26.3037
64,4096,4,16384,31.1677
64,4096,8,16,22.326
64,4096,8,32,22.8693
64,4096,8,64,22.6137
64,4096,8,128,22.8593
64,4096,8,256,23.0503
64,4096,8,512,22.901
64,4096,8,1024,23.9033
64,4096,8,2048,23.787
64,4096,8,4096,24.8213
64,4096,8,8192,30.0477
64,4096,8,16384,43.712
64,4096,16,16,23.3707
64,4096,16,32,23.584
64,4096,16,64,23.4667
64,4096,16,128,24.3737
64,4096,16,256,23.648
64,4096,16,512,23.808
64,4096,16,1024,25.1093
64,4096,16,2048,26.027
64,4096,16,4096,31.1573
64,4096,16,8192,42.9017
64,4096,16,16384,63.989
64,4096,32,16,22.421
64,4096,32,32,22.9533
64,4096,32,64,22.9867
64,4096,32,128,23.7653
64,4096,32,256,23.2107
64,4096,32,512,23.8077
64,4096,32,1024,26.0797
64,4096,32,2048,31.7543
64,4096,32,4096,53.4823
64,4096,32,8192,87.797
64,4096,32,16384,108.938
64,4096,64,16,22.592
64,4096,64,32,22.5073
64,4096,64,64,23.0507
64,4096,64,128,22.879
64,4096,64,256,25.098
64,4096,64,512,28.9707
64,4096,64,1024,38.965
64,4096,64,2048,57.9197
64,4096,64,4096,91.177
64,4096,64,8192,112.224
64,4096,64,16384,202.656
64,4096,128,16,24.938
64,4096,128,32,24.4903
64,4096,128,64,24.779
64,4096,128,128,28.4047
64,4096,128,256,34.624
64,4096,128,512,43.36
64,4096,128,1024,63.6053
64,4096,128,2048,96.917
64,4096,128,4096,118.934
64,4096,128,8192,203.68
64,4096,128,16384,379.434
64,8192,0,0,26.486
64,8192,1,16,26.5703
64,8192,1,32,26.6027
64,8192,1,64,26.3677
64,8192,1,128,26.6453
64,8192,1,256,26.6343
64,8192,1,512,26.1653
64,8192,1,1024,26.7513
64,8192,1,2048,26.528
64,8192,1,4096,26.9433
64,8192,1,8192,28.2347
64,8192,1,16384,25.376
64,8192,2,16,26.7627
64,8192,2,32,26.314
64,8192,2,64,26.4853
64,8192,2,128,26.6347
64,8192,2,256,25.6423
64,8192,2,512,25.4083
64,8192,2,1024,26.0477
64,8192,2,2048,26.8483
64,8192,2,4096,28.4157
64,8192,2,8192,26.4643
64,8192,2,16384,28.3623
64,8192,4,16,26.8157
64,8192,4,32,26.751
64,8192,4,64,26.656
64,8192,4,128,27.168
64,8192,4,256,25.9517
64,8192,4,512,26.5917
64,8192,4,1024,27.8407
64,8192,4,2048,28.096
64,8192,4,4096,26.998
64,8192,4,8192,29.1837
64,8192,4,16384,32.256
64,8192,8,16,26.2607
64,8192,8,32,26.037
64,8192,8,64,26.2297
64,8192,8,128,26.048
64,8192,8,256,26.6347
64,8192,8,512,26.624
64,8192,8,1024,29.312
64,8192,8,2048,26.624
64,8192,8,4096,27.147
64,8192,8,8192,31.456
64,8192,8,16384,42.9433
64,8192,16,16,26.5703
64,8192,16,32,25.248
64,8192,16,64,26.496
64,8192,16,128,26.5803
64,8192,16,256,27.9257
64,8192,16,512,27.615
64,8192,16,1024,26.6563
64,8192,16,2048,27.1357
64,8192,16,4096,32.1067
64,8192,16,8192,44.9283
64,8192,16,16384,66.112
64,8192,32,16,26.1227
64,8192,32,32,26.2187
64,8192,32,64,25.952
64,8192,32,128,25.6853
64,8192,32,256,30.272
64,8192,32,512,25.973
64,8192,32,1024,27.594
64,8192,32,2048,40.884
64,8192,32,4096,44.8317
64,8192,32,8192,86.0583
64,8192,32,16384,152.362
64,8192,64,16,24.5867
64,8192,64,32,24.8317
64,8192,64,64,24.885
64,8192,64,128,26.2073
64,8192,64,256,26.0587
64,8192,64,512,28.704
64,8192,64,1024,40.1283
64,8192,64,2048,58.1013
64,8192,64,4096,90.7093
64,8192,64,8192,158.249
64,8192,64,16384,201.226
64,8192,128,16,26.8367
64,8192,128,32,26.6873
64,8192,128,64,28.193
64,8192,128,128,29.632
64,8192,128,256,34.1653
64,8192,128,512,42.8043
64,8192,128,1024,62.6127
64,8192,128,2048,96.1167
64,8192,128,4096,162.816
64,8192,128,8192,205.717
64,8192,128,16384,379.775
64,16384,0,0,31.4453
64,16384,1,16,31.4557
64,16384,1,32,31.3177
64,16384,1,64,31.1793
64,16384,1,128,31.286
64,16384,1,256,31.2423
64,16384,1,512,32.181
64,16384,1,1024,32.0003
64,16384,1,2048,31.467
64,16384,1,4096,32.256
64,16384,1,8192,34.9333
64,16384,1,16384,32.0313
64,16384,2,16,32.2027
64,16384,2,32,31.6587
64,16384,2,64,32.3633
64,16384,2,128,31.9677
64,16384,2,256,31.9357
64,16384,2,512,32.4377
64,16384,2,1024,32.0213
64,16384,2,2048,32.5227
64,16384,2,4096,33.5143
64,16384,2,8192,31.9787
64,16384,2,16384,32.001
64,16384,4,16,32.32
64,16384,4,32,32.5973
64,16384,4,64,32.544
64,16384,4,128,32.405
64,16384,4,256,32.4793
64,16384,4,512,31.957
64,16384,4,1024,32.331
64,16384,4,2048,33.3013
64,16384,4,4096,32.843
64,16384,4,8192,33.3007
64,16384,4,16384,34.3577
64,16384,8,16,31.872
64,16384,8,32,31.5623
64,16384,8,64,32.0107
64,16384,8,128,32.0637
64,16384,8,256,32.096
64,16384,8,512,33.6953
64,16384,8,1024,30.805
64,16384,8,2048,31.6477
64,16384,8,4096,32.054
64,16384,8,8192,35.2747
64,16384,8,16384,44.277
64,16384,16,16,31.7973
64,16384,16,32,32.3197
64,16384,16,64,32
64,16384,16,128,32.1707
64,16384,16,256,31.7553
64,16384,16,512,35.2
64,16384,16,1024,31.2963
64,16384,16,2048,32.6503
64,16384,16,4096,36.5437
64,16384,16,8192,45.1093
64,16384,16,16384,67.7333
64,16384,32,16,32.128
64,16384,32,32,31.808
64,16384,32,64,31.9573
64,16384,32,128,28.597
64,16384,32,256,30.7413
64,16384,32,512,30.6987
64,16384,32,1024,36.4373
64,16384,32,2048,36.896
64,16384,32,4096,63.563
64,16384,32,8192,69.8983
64,16384,32,16384,150.25
64,16384,64,16,30.432
64,16384,64,32,30.2297
64,16384,64,64,30.8587
64,16384,64,128,31.381
64,16384,64,256,31.2747
64,16384,64,512,38.229
64,16384,64,1024,39.0717
64,16384,64,2048,56.6183
64,16384,64,4096,90.1977
64,16384,64,8192,154.57
64,16384,64,16384,286.997
64,16384,128,16,30.6777
64,16384,128,32,30.8267
64,16384,128,64,30.9647
64,16384,128,128,35.6583
64,16384,128,256,36.5017
64,16384,128,512,43.7663
64,16384,128,1024,60.789
64,16384,128,2048,93.8133
64,16384,128,4096,163.018
64,16384,128,8192,291.925
64,16384,128,16384,380.511
128,0,0,0,14.5177
128,0,1,16,13.9413
128,0,1,32,13.9197
128,0,1,64,13.952
128,0,1,128,15.1257
128,0,1,256,16.8213
128,0,1,512,17.621
128,0,1,1024,17.8557
128,0,1,2048,18.763
128,0,1,4096,20.5967
128,0,1,8192,23.9893
128,0,1,16384,30.1657
128,0,2,16,13.9093
128,0,2,32,14.0263
128,0,2,64,13.9623
128,0,2,128,15.0613
128,0,2,256,16.501
128,0,2,512,18.0163
128,0,2,1024,18.4743
128,0,2,2048,18.7727
128,0,2,4096,20.725
128,0,2,8192,24.395
128,0,2,16384,30.4427
128,0,4,16,14.1763
128,0,4,32,14.1013
128,0,4,64,14.23
128,0,4,128,15.051
128,0,4,256,16.6613
128,0,4,512,17.8883
128,0,4,1024,18.699
128,0,4,2048,19.2223
128,0,4,4096,20.9177
128,0,4,8192,24.704
128,0,4,16384,31.648
128,0,8,16,14.229
128,0,8,32,14.187
128,0,8,64,14.2937
128,0,8,128,15.4667
128,0,8,256,17.11
128,0,8,512,17.8133
128,0,8,1024,18.902
128,0,8,2048,19.872
128,0,8,4096,21.9517
128,0,8,8192,29.4187
128,0,8,16384,42.4743
128,0,16,16,14.7087
128,0,16,32,14.4743
128,0,16,64,14.6133
128,0,16,128,16.513
128,0,16,256,17.301
128,0,16,512,18.08
128,0,16,1024,19.85
128,0,16,2048,22.0587
128,0,16,4096,29.4287
128,0,16,8192,47.168
128,0,16,16384,67.9673
128,0,32,16,14.592
128,0,32,32,14.8053
128,0,32,64,14.773
128,0,32,128,16.1397
128,0,32,256,17.4933
128,0,32,512,19.4983
128,0,32,1024,22.5273
128,0,32,2048,33.7177
128,0,32,4096,46.7733
128,0,32,8192,67.979
128,0,32,16384,111.018
128,0,64,16,14.645
128,0,64,32,14.848
128,0,64,64,14.9223
128,0,64,128,16.385
128,0,64,256,17.9623
128,0,64,512,28.2343
128,0,64,1024,37.408
128,0,64,2048,48.9067
128,0,64,4096,70.5597
128,0,64,8192,116.49
128,0,64,16384,199.744
128,0,128,16,19.7227
128,0,128,32,19.7863
128,0,128,64,20.032
128,0,128,128,22.3997
128,0,128,256,27.1143
128,0,128,512,40.5433
128,0,128,1024,53.7383
128,0,128,2048,75.947
128,0,128,4096,118.464
128,0,128,8192,202.154
128,0,128,16384,377.995
128,16,0,0,16.011
128,16,1,16,15.4877
128,16,1,32,15.4657
128,16,1,64,15.499
128,16,1,128,15.4667
128,16,1,256,16.6297
128,16,1,512,19.68
128,16,1,1024,18.56
128,16,1,2048,18.7197
128,16,1,4096,20.1277
128,16,1,8192,23.818
128,16,1,16384,30.4103
128,16,2,16,15.4243
128,16,2,32,15.445
128,16,2,64,15.5947
128,16,2,128,15.5197
128,16,2,256,16.5647
128,16,2,512,19.3817
128,16,2,1024,18.7513
128,16,2,2048,19.0507
128,16,2,4096,20.747
128,16,2,8192,24.16
128,16,2,16384,30.56
128,16,4,16,15.5733
128,16,4,32,15.5417
128,16,4,64,15.4667
128,16,4,128,15.5087
128,16,4,256,16.5333
128,16,4,512,20.2557
128,16,4,1024,18.6773
128,16,4,2048,19.147
128,16,4,4096,21.078
128,16,4,8192,24.299
128,16,4,16384,31.9783
128,16,8,16,15.616
128,16,8,32,15.6377
128,16,8,64,15.6053
128,16,8,128,15.6687
128,16,8,256,16.96
128,16,8,512,19.862
128,16,8,1024,19.3387
128,16,8,2048,19.957
128,16,8,4096,21.994
128,16,8,8192,29.664
128,16,8,16384,42.2293
128,16,16,16,15.787
128,16,16,32,15.9893
128,16,16,64,15.6267
128,16,16,128,16.3307
128,16,16,256,17.4827
128,16,16,512,20.6297
128,16,16,1024,19.6907
128,16,16,2048,22.1973
128,16,16,4096,29.4933
128,16,16,8192,45.9947
128,16,16,16384,67.0287
128,16,32,16,15.8087
128,16,32,32,15.9897
128,16,32,64,16.0323
128,16,32,128,16.33
128,16,32,256,17.5037
128,16,32,512,19.434
128,16,32,1024,22.219
128,16,32,2048,32.9277
128,16,32,4096,47.072
128,16,32,8192,67.2537
128,16,32,16384,110.848
128,16,64,16,15.99
128,16,64,32,16.148
128,16,64,64,16.064
128,16,64,128,16.3413
128,16,64,256,17.5253
128,16,64,512,28.1707
128,16,64,1024,36.159
128,16,64,2048,48.3627
128,16,64,4096,72.3417
128,16,64,8192,115.499
128,16,64,16384,199.882
128,16,128,16,19.4667
128,16,128,32,19.4877
128,16,128,64,20.2033
128,16,128,128,22.603
128,16,128,256,26.6877
128,16,128,512,40.587
128,16,128,1024,54.144
128,16,128,2048,76.9493
128,16,128,4096,118.752
128,16,128,8192,202.176
128,16,128,16384,379.796
128,32,0,0,15.8293
128,32,1,16,15.424
128,32,1,32,15.5307
128,32,1,64,15.4773
128,32,1,128,15.5303
128,32,1,256,16.5977
128,32,1,512,19.5627
128,32,1,1024,18.7413
128,32,1,2048,18.4527
128,32,1,4096,20.2987
128,32,1,8192,23.7227
128,32,1,16384,30.4
128,32,2,16,15.5097
128,32,2,32,15.4133
128,32,2,64,15.4987
128,32,2,128,15.5517
128,32,2,256,16.5227
128,32,2,512,19.6803
128,32,2,1024,18.7833
128,32,2,2048,18.9333
128,32,2,4096,21.034
128,32,2,8192,23.9683
128,32,2,16384,30.6447
128,32,4,16,15.659
128,32,4,32,15.627
128,32,4,64,15.6693
128,32,4,128,15.509
128,32,4,256,16.64
128,32,4,512,20.363
128,32,4,1024,19.1253
128,32,4,2048,19.541
128,32,4,4096,20.864
128,32,4,8192,24.3197
128,32,4,16384,31.52
128,32,8,16,15.5943
128,32,8,32,15.6263
128,32,8,64,15.563
128,32,8,128,15.6153
128,32,8,256,16.9387
128,32,8,512,19.4987
128,32,8,1024,19.3707
128,32,8,2048,20.1167
128,32,8,4096,22.08
128,32,8,8192,29.5253
128,32,8,16384,42.112
128,32,16,16,16.0743
128,32,16,32,15.7553
128,32,16,64,16.011
128,32,16,128,16.299
128,32,16,256,17.578
128,32,16,512,19.9037
128,32,16,1024,19.8187
128,32,16,2048,22.741
128,32,16,4096,29.504
128,32,16,8192,46.1333
128,32,16,16384,66.922
128,32,32,16,15.957
128,32,32,32,16.0427
128,32,32,64,15.8513
128,32,32,128,16.5447
128,32,32,256,17.259
128,32,32,512,19.445
128,32,32,1024,22.2503
128,32,32,2048,33.376
128,32,32,4096,46.4
128,32,32,8192,67.6163
128,32,32,16384,110.324
128,32,64,16,16.096
128,32,64,32,16.16
128,32,64,64,16.2767
128,32,64,128,16.277
128,32,64,256,17.6537
128,32,64,512,28.4797
128,32,64,1024,36.6183
128,32,64,2048,49.0247
128,32,64,4096,71.3277
128,32,64,8192,115.595
128,32,64,16384,200.683
128,32,128,16,19.5733
128,32,128,32,19.3607
128,32,128,64,20.3413
128,32,128,128,22.539
128,32,128,256,27.3177
128,32,128,512,39.3383
128,32,128,1024,52.9397
128,32,128,2048,76.3303
128,32,128,4096,118.922
128,32,128,8192,202.591
128,32,128,16384,377.589
128,64,0,0,16.118
128,64,1,16,15.5633
128,64,1,32,15.488
128,64,1,64,15.499
128,64,1,128,15.4663
128,64,1,256,16.5337
128,64,1,512,19.5937
128,64,1,1024,18.6877
128,64,1,2048,18.9863
128,64,1,4096,20.3197
128,64,1,8192,23.67
128,64,1,16384,30.486
128,64,2,16,15.701
128,64,2,32,15.4773
128,64,2,64,15.5627
128,64,2,128,15.4133
128,64,2,256,16.4693
128,64,2,512,19.7447
128,64,2,1024,18.9547
128,64,2,2048,18.997
128,64,2,4096,20.993
128,64,2,8192,24.4797
128,64,2,16384,30.56
128,64,4,16,15.5413
128,64,4,32,15.606
128,64,4,64,15.723
128,64,4,128,15.594
128,64,4,256,16.7793
128,64,4,512,19.8077
128,64,4,1024,19.158
128,64,4,2048,19.2107
128,64,4,4096,21.0453
128,64,4,8192,24.693
128,64,4,16384,32.3203
128,64,8,16,15.68
128,64,8,32,15.6593
128,64,8,64,15.7013
128,64,8,128,15.6793
128,64,8,256,17.056
128,64,8,512,20.459
128,64,8,1024,19.3067
128,64,8,2048,19.8613
128,64,8,4096,22.3787
128,64,8,8192,29.5797
128,64,8,16384,42.677
128,64,16,16,15.9147
128,64,16,32,15.8723
128,64,16,64,15.925
128,64,16,128,16.1593
128,64,16,256,17.3863
128,64,16,512,20.5333
128,64,16,1024,19.8827
128,64,16,2048,22.2507
128,64,16,4096,29.237
128,64,16,8192,47.7433
128,64,16,16384,67.4663
128,64,32,16,15.8507
128,64,32,32,15.9257
128,64,32,64,15.9363
128,64,32,128,16.4793
128,64,32,256,17.3763
128,64,32,512,20
128,64,32,1024,22.3573
128,64,32,2048,33.3763
128,64,32,4096,47.5417
128,64,32,8192,67.9153
128,64,32,16384,109.824
128,64,64,16,16.0647
128,64,64,32,16.1493
128,64,64,64,16.224
128,64,64,128,16.5973
128,64,64,256,17.8337
128,64,64,512,28.4263
128,64,64,1024,36.9607
128,64,64,2048,49.1197
128,64,64,4096,72.8313
128,64,64,8192,115.861
128,64,64,16384,199.285
128,64,128,16,19.6587
128,64,128,32,19.4983
128,64,128,64,20.043
128,64,128,128,22.9873
128,64,128,256,27.1573
128,64,128,512,39.4453
128,64,128,1024,53.8027
128,64,128,2048,77.6317
128,64,128,4096,120.661
128,64,128,8192,203.498
128,64,128,16384,378.09
128,128,0,0,16.0217
128,128,1,16,15.606
128,128,1,32,15.5523
128,128,1,64,15.5197
128,128,1,128,15.595
128,128,1,256,16.7997
128,128,1,512,19.6053
128,128,1,1024,18.6667
128,128,1,2048,19.296
128,128,1,4096,20.405
128,128,1,8192,23.7973
128,128,1,16384,30.3137
128,128,2,16,15.4347
128,128,2,32,15.595
128,128,2,64,15.531
128,128,2,128,15.51
128,128,2,256,16.597
128,128,2,512,20.0537
128,128,2,1024,19.0407
128,128,2,2048,19.5627
128,128,2,4096,20.8633
128,128,2,8192,24.224
128,128,2,16384,30.485
128,128,4,16,15.605
128,128,4,32,15.5733
128,128,4,64,15.6487
128,128,4,128,15.531
128,128,4,256,16.6727
128,128,4,512,19.904
128,128,4,1024,19.3387
128,128,4,2048,19.744
128,128,4,4096,21.173
128,128,4,8192,24.81
128,128,4,16384,31.766
128,128,8,16,15.7007
128,128,8,32,15.7867
128,128,8,64,15.7757
128,128,8,128,15.68
128,128,8,256,16.7357
128,128,8,512,20.426
128,128,8,1024,19.265
128,128,8,2048,20.2983
128,128,8,4096,22.592
128,128,8,8192,29.2803
128,128,8,16384,41.281
128,128,16,16,16.0533
128,128,16,32,15.8507
128,128,16,64,15.935
128,128,16,128,16.1487
128,128,16,256,17.2893
128,128,16,512,21.3333
128,128,16,1024,19.701
128,128,16,2048,22.4007
128,128,16,4096,29.4087
128,128,16,8192,49.7177
128,128,16,16384,69.333
128,128,32,16,15.9683
128,128,32,32,15.9143
128,128,32,64,15.9457
128,128,32,128,16.2027
128,128,32,256,17.3117
128,128,32,512,19.8073
128,128,32,1024,21.9947
128,128,32,2048,36.1287
128,128,32,4096,49.4507
128,128,32,8192,69.6423
128,128,32,16384,112.32
128,128,64,16,16.0217
128,128,64,32,16.203
128,128,64,64,16.191
128,128,64,128,16.16
128,128,64,256,17.782
128,128,64,512,30.208
128,128,64,1024,37.8027
128,128,64,2048,51.8393
128,128,64,4096,73.2797
128,128,64,8192,118.24
128,128,64,16384,199.808
128,128,128,16,19.3697
128,128,128,32,19.53
128,128,128,64,20.214
128,128,128,128,23.936
128,128,128,256,28.3103
128,128,128,512,41.6743
128,128,128,1024,56.6397
128,128,128,2048,79.0823
128,128,128,4096,123.36
128,128,128,8192,205.28
128,128,128,16384,380.223
128,256,0,0,17.525
128,256,1,16,16.981
128,256,1,32,16.9277
128,256,1,64,16.9597
128,256,1,128,16.992
128,256,1,256,16.9287
128,256,1,512,19.7543
128,256,1,1024,19.018
128,256,1,2048,19.402
128,256,1,4096,20.6933
128,256,1,8192,24.1603
128,256,1,16384,29.973
128,256,2,16,17.0347
128,256,2,32,17.0563
128,256,2,64,16.9603
128,256,2,128,17.0347
128,256,2,256,17.003
128,256,2,512,19.5417
128,256,2,1024,19.637
128,256,2,2048,19.2743
128,256,2,4096,21.1087
128,256,2,8192,24.4157
128,256,2,16384,30.3997
128,256,4,16,17.173
128,256,4,32,17.0343
128,256,4,64,16.992
128,256,4,128,17.1303
128,256,4,256,17.0233
128,256,4,512,20.1813
128,256,4,1024,19.7117
128,256,4,2048,20
128,256,4,4096,21.2053
128,256,4,8192,24.8
128,256,4,16384,32.2447
128,256,8,16,17.1843
128,256,8,32,17.1413
128,256,8,64,16.9493
128,256,8,128,17.0773
128,256,8,256,17.088
128,256,8,512,20.426
128,256,8,1024,19.6377
128,256,8,2048,22.3893
128,256,8,4096,22.464
128,256,8,8192,29.7817
128,256,8,16384,42.944
128,256,16,16,17.397
128,256,16,32,17.1523
128,256,16,64,17.408
128,256,16,128,17.355
128,256,16,256,17.3867
128,256,16,512,22.0687
128,256,16,1024,20.853
128,256,16,2048,22.8153
128,256,16,4096,29.0027
128,256,16,8192,48.9387
128,256,16,16384,72.117
128,256,32,16,17.3643
128,256,32,32,17.568
128,256,32,64,17.291
128,256,32,128,17.397
128,256,32,256,17.408
128,256,32,512,21.675
128,256,32,1024,23.2217
128,256,32,2048,36
128,256,32,4096,48.9913
128,256,32,8192,72.288
128,256,32,16384,114.112
128,256,64,16,17.3547
128,256,64,32,17.866
128,256,64,64,17.728
128,256,64,128,17.611
128,256,64,256,17.749
128,256,64,512,30.0377
128,256,64,1024,39.605
128,256,64,2048,53.6317
128,256,64,4096,75.5737
128,256,64,8192,117.376
128,256,64,16384,200.948
128,256,128,16,19.6053
128,256,128,32,19.882
128,256,128,64,20.405
128,256,128,128,23.659
128,256,128,256,28.8423
128,256,128,512,42.741
128,256,128,1024,58.944
128,256,128,2048,82.5063
128,256,128,4096,124.149
128,256,128,8192,204.918
128,256,128,16384,379.179
128,512,0,0,20.5973
128,512,1,16,20.4163
128,512,1,32,19.6477
128,512,1,64,20.854
128,512,1,128,20.6507
128,512,1,256,20.7783
128,512,1,512,20.6503
128,512,1,1024,19.5837
128,512,1,2048,19.605
128,512,1,4096,20.7687
128,512,1,8192,24.2563
128,512,1,16384,30.6353
128,512,2,16,20.4587
128,512,2,32,20.0323
128,512,2,64,20.2663
128,512,2,128,19.4987
128,512,2,256,20.47
128,512,2,512,20.437
128,512,2,1024,19.7433
128,512,2,2048,19.776
128,512,2,4096,20.8843
128,512,2,8192,24.3633
128,512,2,16384,30.613
128,512,4,16,20.8533
128,512,4,32,20.8313
128,512,4,64,20.96
128,512,4,128,20.3947
128,512,4,256,20.6077
128,512,4,512,20.662
128,512,4,1024,19.659
128,512,4,2048,20.1807
128,512,4,4096,21.3227
128,512,4,8192,24.9387
128,512,4,16384,32.0107
128,512,8,16,20.7783
128,512,8,32,21.4293
128,512,8,64,21.376
128,512,8,128,20.9707
128,512,8,256,20.6617
128,512,8,512,22.2187
128,512,8,1024,19.9143
128,512,8,2048,23.1367
128,512,8,4096,24.021
128,512,8,8192,29.323
128,512,8,16384,41.7707
128,512,16,16,19.6473
128,512,16,32,20.9493
128,512,16,64,20.7043
128,512,16,128,20.4907
128,512,16,256,21.6957
128,512,16,512,23.328
128,512,16,1024,22.0373
128,512,16,2048,23.4023
128,512,16,4096,29.7493
128,512,16,8192,49.0883
128,512,16,16384,75.1673
128,512,32,16,21.1097
128,512,32,32,21.3973
128,512,32,64,20.2453
128,512,32,128,21.7387
128,512,32,256,20.9817
128,512,32,512,21.8133
128,512,32,1024,23.0183
128,512,32,2048,36.4367
128,512,32,4096,55.0817
128,512,32,8192,75.103
128,512,32,16384,116.362
128,512,64,16,21.8773
128,512,64,32,20.981
128,512,64,64,22.314
128,512,64,128,21.8983
128,512,64,256,26.6877
128,512,64,512,30.133
128,512,64,1024,40.1593
128,512,64,2048,56.7143
128,512,64,4096,77.9197
128,512,64,8192,119.808
128,512,64,16384,201.62
128,512,128,16,24.8427
128,512,128,32,25.0133
128,512,128,64,24.7783
128,512,128,128,29.1303
128,512,128,256,33.1307
128,512,128,512,43.339
128,512,128,1024,61.184
128,512,128,2048,85.1307
128,512,128,4096,128.575
128,512,128,8192,210.293
128,512,128,16384,377.258
128,1024,0,0,22.2617
128,1024,1,16,22.2717
128,1024,1,32,21.6537
128,1024,1,64,22.4213
128,1024,1,128,22.4637
128,1024,1,256,21.76
128,1024,1,512,22.24
128,1024,1,1024,21.7693
128,1024,1,2048,20.544
128,1024,1,4096,21.365
128,1024,1,8192,24.149
128,1024,1,16384,30.677
128,1024,2,16,22.0697
128,1024,2,32,22.0907
128,1024,2,64,21.9413
128,1024,2,128,21.9093
128,1024,2,256,22.2827
128,1024,2,512,22.2823
128,1024,2,1024,21.1623
128,1024,2,2048,21.3013
128,1024,2,4096,21.1623
128,1024,2,8192,24.715
128,1024,2,16384,30.9657
128,1024,4,16,22.059
128,1024,4,32,21.91
128,1024,4,64,22.0367
128,1024,4,128,21.9627
128,1024,4,256,21.643
128,1024,4,512,22.0473
128,1024,4,1024,21.8337
128,1024,4,2048,22.7203
128,1024,4,4096,22.2077
128,1024,4,8192,25.0883
128,1024,4,16384,32.544
128,1024,8,16,22.6777
128,1024,8,32,22.5383
128,1024,8,64,22.8483
128,1024,8,128,22.6987
128,1024,8,256,22.5597
128,1024,8,512,22.6987
128,1024,8,1024,22.955
128,1024,8,2048,24.6613
128,1024,8,4096,26.1763
128,1024,8,8192,30.1333
128,1024,8,16384,42.0263
128,1024,16,16,22.5063
128,1024,16,32,22.5713
128,1024,16,64,22.2937
128,1024,16,128,22.5703
128,1024,16,256,22.3887
128,1024,16,512,21.8887
128,1024,16,1024,23.989
128,1024,16,2048,23.8503
128,1024,16,4096,29.7707
128,1024,16,8192,42.4527
128,1024,16,16384,80.3843
128,1024,32,16,22.016
128,1024,32,32,22.528
128,1024,32,64,21.7287
128,1024,32,128,23.1037
128,1024,32,256,22.336
128,1024,32,512,27.072
128,1024,32,1024,26.25
128,1024,32,2048,30.9757
128,1024,32,4096,54.4527
128,1024,32,8192,80.1923
128,1024,32,16384,123.925
128,1024,64,16,22.027
128,1024,64,32,21.92
128,1024,64,64,21.9517
128,1024,64,128,23.381
128,1024,64,256,23.8507
128,1024,64,512,29.8987
128,1024,64,1024,40.2877
128,1024,64,2048,59.435
128,1024,64,4096,83.7013
128,1024,64,8192,127.978
128,1024,64,16384,210.976
128,1024,128,16,24.3843
128,1024,128,32,25.0663
128,1024,128,64,24.6193
128,1024,128,128,28.1383
128,1024,128,256,32.4903
128,1024,128,512,43.0827
128,1024,128,1024,63.0933
128,1024,128,2048,90.4957
128,1024,128,4096,134.507
128,1024,128,8192,217.406
128,1024,128,16384,384.404
128,2048,0,0,23.7757
128,2048,1,16,23.7543
128,2048,1,32,23.8397
128,2048,1,64,23.0077
128,2048,1,128,24.171
128,2048,1,256,23.574
128,2048,1,512,23.7447
128,2048,1,1024,23.872
128,2048,1,2048,23.6053
128,2048,1,4096,22.5603
128,2048,1,8192,24.342
128,2048,1,16384,30.6347
128,2048,2,16,23.306
128,2048,2,32,24.011
128,2048,2,64,23.083
128,2048,2,128,23.6267
128,2048,2,256,23.584
128,2048,2,512,24.0643
128,2048,2,1024,23.5727
128,2048,2,2048,23.8497
128,2048,2,4096,22.7947
128,2048,2,8192,24.7577
128,2048,2,16384,30.7093
128,2048,4,16,23.04
128,2048,4,32,23.6257
128,2048,4,64,22.891
128,2048,4,128,23.6373
128,2048,4,256,23.1787
128,2048,4,512,23.5407
128,2048,4,1024,23.4993
128,2048,4,2048,23.52
128,2048,4,4096,25.622
128,2048,4,8192,25.4297
128,2048,4,16384,32.32
128,2048,8,16,24.0853
128,2048,8,32,24.3513
128,2048,8,64,23.9247
128,2048,8,128,24.5763
128,2048,8,256,24.32
128,2048,8,512,24.5123
128,2048,8,1024,25.3657
128,2048,8,2048,25.8453
128,2048,8,4096,26.9543
128,2048,8,8192,32.053
128,2048,8,16384,43.2527
128,2048,16,16,23.957
128,2048,16,32,23.7443
128,2048,16,64,23.6907
128,2048,16,128,24.1063
128,2048,16,256,23.807
128,2048,16,512,24.9703
128,2048,16,1024,25.0873
128,2048,16,2048,25.3967
128,2048,16,4096,30.4527
128,2048,16,8192,42.976
128,2048,16,16384,64.6823
128,2048,32,16,23.9153
128,2048,32,32,23.8823
128,2048,32,64,24.2453
128,2048,32,128,25.6317
128,2048,32,256,27.328
128,2048,32,512,24.1277
128,2048,32,1024,29.6
128,2048,32,2048,31.1463
128,2048,32,4096,55.3063
128,2048,32,8192,87.0717
128,2048,32,16384,134.71
128,2048,64,16,24.959
128,2048,64,32,24.5867
128,2048,64,64,25.344
128,2048,64,128,23.6487
128,2048,64,256,25.856
128,2048,64,512,29.312
128,2048,64,1024,39.1147
128,2048,64,2048,57.9943
128,2048,64,4096,91.1997
128,2048,64,8192,138.272
128,2048,64,16384,221.567
128,2048,128,16,24.586
128,2048,128,32,24.714
128,2048,128,64,24.5867
128,2048,128,128,28.1813
128,2048,128,256,32.63
128,2048,128,512,42.198
128,2048,128,1024,63.018
128,2048,128,2048,96.6403
128,2048,128,4096,143.925
128,2048,128,8192,227.914
128,2048,128,16384,393.642
128,4096,0,0,27.4237
128,4096,1,16,26.7627
128,4096,1,32,26.7947
128,4096,1,64,26.5913
128,4096,1,128,26.763
128,4096,1,256,26.7943
128,4096,1,512,26.7523
128,4096,1,1024,27.2743
128,4096,1,2048,27.1147
128,4096,1,4096,27.8727
128,4096,1,8192,24.7787
128,4096,1,16384,30.646
128,4096,2,16,26.6663
128,4096,2,32,26.6027
128,4096,2,64,25.4933
128,4096,2,128,26.432
128,4096,2,256,27.104
128,4096,2,512,27.0933
128,4096,2,1024,27.7557
128,4096,2,2048,26.2083
128,4096,2,4096,28.32
128,4096,2,8192,26.645
128,4096,2,16384,31.3173
128,4096,4,16,26.539
128,4096,4,32,26.5173
128,4096,4,64,26.4537
128,4096,4,128,25.6113
128,4096,4,256,27.0827
128,4096,4,512,26.9863
128,4096,4,1024,27.9047
128,4096,4,2048,27.69
128,4096,4,4096,27.435
128,4096,4,8192,29.376
128,4096,4,16384,33.0777
128,4096,8,16,26.496
128,4096,8,32,26.6773
128,4096,8,64,26.4
128,4096,8,128,26.6343
128,4096,8,256,27.4987
128,4096,8,512,27.4233
128,4096,8,1024,28.7573
128,4096,8,2048,27.7657
128,4096,8,4096,29.632
128,4096,8,8192,31.648
128,4096,8,16384,43.6907
128,4096,16,16,26.4113
128,4096,16,32,25.5467
128,4096,16,64,26.432
128,4096,16,128,26.3147
128,4096,16,256,28.075
128,4096,16,512,27.7127
128,4096,16,1024,26.3897
128,4096,16,2048,27.1573
128,4096,16,4096,31.8827
128,4096,16,8192,43.5627
128,4096,16,16384,66.0047
128,4096,32,16,26.3563
128,4096,32,32,26.486
128,4096,32,64,26.4537
128,4096,32,128,26.1227
128,4096,32,256,28.1913
128,4096,32,512,28.597
128,4096,32,1024,28.789
128,4096,32,2048,41.7817
128,4096,32,4096,45.013
128,4096,32,8192,85.6533
128,4096,32,16384,152.053
128,4096,64,16,25.4937
128,4096,64,32,24.9393
128,4096,64,64,25.526
128,4096,64,128,27.2963
128,4096,64,256,29.2797
128,4096,64,512,28.469
128,4096,64,1024,39.3603
128,4096,64,2048,57.4613
128,4096,64,4096,90.7313
128,4096,64,8192,156.533
128,4096,64,16384,243.616
128,4096,128,16,26.5067
128,4096,128,32,26.7517
128,4096,128,64,26.8583
128,4096,128,128,28.683
128,4096,128,256,33.461
128,4096,128,512,41.7287
128,4096,128,1024,60.5013
128,4096,128,2048,95.36
128,4096,128,4096,162.442
128,4096,128,8192,249.557
128,4096,128,16384,419.583
128,8192,0,0,32.4913
128,8192,1,16,32.0003
128,8192,1,32,32.534
128,8192,1,64,32.2347
128,8192,1,128,32.3303
128,8192,1,256,32.5973
128,8192,1,512,32.3623
128,8192,1,1024,32.2027
128,8192,1,2048,32.1713
128,8192,1,4096,32.2133
128,8192,1,8192,32.1707
128,8192,1,16384,31.0393
128,8192,2,16,32.4693
128,8192,2,32,32.2997
128,8192,2,64,31.7757
128,8192,2,128,32.2873
128,8192,2,256,31.9353
128,8192,2,512,32.235
128,8192,2,1024,32.235
128,8192,2,2048,32.3523
128,8192,2,4096,32.2023
128,8192,2,8192,32.1923
128,8192,2,16384,31.616
128,8192,4,16,32.1707
128,8192,4,32,32.2877
128,8192,4,64,32.1063
128,8192,4,128,32.4263
128,8192,4,256,32.4477
128,8192,4,512,32.2777
128,8192,4,1024,32.5333
128,8192,4,2048,32.246
128,8192,4,4096,32.544
128,8192,4,8192,33.216
128,8192,4,16384,36.4797
128,8192,8,16,32.5337
128,8192,8,32,32.2773
128,8192,8,64,32.746
128,8192,8,128,32.4807
128,8192,8,256,32.6393
128,8192,8,512,32.8633
128,8192,8,1024,32.3623
128,8192,8,2048,32.9493
128,8192,8,4096,33.5573
128,8192,8,8192,35.072
128,8192,8,16384,44.9603
128,8192,16,16,31.9363
128,8192,16,32,32.1487
128,8192,16,64,32.1283
128,8192,16,128,32.1817
128,8192,16,256,32.405
128,8192,16,512,32.171
128,8192,16,1024,31.0823
128,8192,16,2048,32.2877
128,8192,16,4096,35.2103
128,8192,16,8192,44.9493
128,8192,16,16384,66.581
128,8192,32,16,32.0963
128,8192,32,32,31.9787
128,8192,32,64,32.2563
128,8192,32,128,30.581
128,8192,32,256,30.752
128,8192,32,512,31.0617
128,8192,32,1024,34.7953
128,8192,32,2048,36.0957
128,8192,32,4096,61.845
128,8192,32,8192,68.875
128,8192,32,16384,149.834
128,8192,64,16,29.5783
128,8192,64,32,29.7387
128,8192,64,64,29.8987
128,8192,64,128,31.147
128,8192,64,256,30.4423
128,8192,64,512,37.5467
128,8192,64,1024,39.893
128,8192,64,2048,55.776
128,8192,64,4096,89.0027
128,8192,64,8192,153.163
128,8192,64,16384,285.717
128,8192,128,16,30.3357
128,8192,128,32,30.2827
128,8192,128,64,30.4317
128,8192,128,128,34.6237
128,8192,128,256,34.6027
128,8192,128,512,43.168
128,8192,128,1024,60.212
128,8192,128,2048,92.299
128,8192,128,4096,159.574
128,8192,128,8192,288.842
128,8192,128,16384,462.826
128,16384,0,0,39.0933
128,16384,1,16,39.4883
128,16384,1,32,39.3703
128,16384,1,64,39.136
128,16384,1,128,39.4243
128,16384,1,256,39.4663
128,16384,1,512,39.328
128,16384,1,1024,39.3917
128,16384,1,2048,39.413
128,16384,1,4096,39.286
128,16384,1,8192,39.6263
128,16384,1,16384,39.392
128,16384,2,16,39.413
128,16384,2,32,39.2103
128,16384,2,64,39.5523
128,16384,2,128,39.7013
128,16384,2,256,39.2317
128,16384,2,512,39.584
128,16384,2,1024,39.6477
128,16384,2,2048,39.2753
128,16384,2,4096,39.317
128,16384,2,8192,39.3277
128,16384,2,16384,39.6377
128,16384,4,16,39.403
128,16384,4,32,39.1677
128,16384,4,64,39.52
128,16384,4,128,39.2427
128,16384,4,256,39.4877
128,16384,4,512,39.776
128,16384,4,1024,39.4137
128,16384,4,2048,38.7833
128,16384,4,4096,39.5627
128,16384,4,8192,40.5443
128,16384,4,16384,40.7463
128,16384,8,16,39.488
128,16384,8,32,39.562
128,16384,8,64,39.6267
128,16384,8,128,39.509
128,16384,8,256,39.5517
128,16384,8,512,39.7977
128,16384,8,1024,39.6907
128,16384,8,2048,39.7227
128,16384,8,4096,40.5543
128,16384,8,8192,40.939
128,16384,8,16384,48.4483
128,16384,16,16,39.669
128,16384,16,32,39.392
128,16384,16,64,39.8297
128,16384,16,128,39.583
128,16384,16,256,39.669
128,16384,16,512,39.0713
128,16384,16,1024,39.3597
128,16384,16,2048,39.637
128,16384,16,4096,42.9223
128,16384,16,8192,49.2697
128,16384,16,16384,69.4713
128,16384,32,16,39.978
128,16384,32,32,39.733
128,16384,32,64,39.947
128,16384,32,128,39.5513
128,16384,32,256,39.7653
128,16384,32,512,36.8743
128,16384,32,1024,39.1143
128,16384,32,2048,49.974
128,16384,32,4096,50.496
128,16384,32,8192,99.7867
128,16384,32,16384,115.435
128,16384,64,16,39.775
128,16384,64,32,39.648
128,16384,64,64,39.8507
128,16384,64,128,38.9973
128,16384,64,256,38.9653
128,16384,64,512,41.4287
128,16384,64,1024,52.5447
128,16384,64,2048,51.9673
128,16384,64,4096,85.7063
128,16384,64,8192,149.013
128,16384,64,16384,281.749
128,16384,128,16,40.9603
128,16384,128,32,41.3867
128,16384,128,64,41.5783
128,16384,128,128,40.949
128,16384,128,256,40.352
128,16384,128,512,53.5573
128,16384,128,1024,59.3177
128,16384,128,2048,90.965
128,16384,128,4096,154.166
128,16384,128,8192,286.164
128,16384,128,16384,547.434
256,0,0,0,15.7543
256,0,1,16,16.0007
256,0,1,32,16.0643
256,0,1,64,16.075
256,0,1,128,16.1383
256,0,1,256,16.992
256,0,1,512,20.5327
256,0,1,1024,19.413
256,0,1,2048,20.4913
256,0,1,4096,23.4133
256,0,1,8192,30.165
256,0,1,16384,42.0157
256,0,2,16,15.8503
256,0,2,32,16.2027
256,0,2,64,16.16
256,0,2,128,16.193
256,0,2,256,17.216
256,0,2,512,21.1947
256,0,2,1024,20.4907
256,0,2,2048,21.1097
256,0,2,4096,24.458
256,0,2,8192,30.2183
256,0,2,16384,42.3147
256,0,4,16,16.0203
256,0,4,32,16.3193
256,0,4,64,15.989
256,0,4,128,16.0213
256,0,4,256,17.2587
256,0,4,512,21.3327
256,0,4,1024,19.905
256,0,4,2048,21.5893
256,0,4,4096,23.712
256,0,4,8192,30.1867
256,0,4,16384,42.9977
256,0,8,16,16.4377
256,0,8,32,16.309
256,0,8,64,16.2447
256,0,8,128,16.374
256,0,8,256,17.088
256,0,8,512,20.8533
256,0,8,1024,20.287
256,0,8,2048,20.9597
256,0,8,4096,24.224
256,0,8,8192,32.3203
256,0,8,16384,47.158
256,0,16,16,16
256,0,16,32,15.7867
256,0,16,64,16.106
256,0,16,128,16.1923
256,0,16,256,17.3757
256,0,16,512,22.805
256,0,16,1024,19.7013
256,0,16,2048,22.4537
256,0,16,4096,29.6317
256,0,16,8192,47.5303
256,0,16,16384,70.2613
256,0,32,16,16.0423
256,0,32,32,16.0213
256,0,32,64,15.8077
256,0,32,128,16.5127
256,0,32,256,17.439
256,0,32,512,19.8507
256,0,32,1024,22.4633
256,0,32,2048,33.6633
256,0,32,4096,47.616
256,0,32,8192,70.5177
256,0,32,16384,115.519
256,0,64,16,16.48
256,0,64,32,16.5657
256,0,64,64,16.4157
256,0,64,128,16.7683
256,0,64,256,18.0483
256,0,64,512,28.928
256,0,64,1024,36.8427
256,0,64,2048,50.6343
256,0,64,4096,74.112
256,0,64,8192,116.203
256,0,64,16384,201.834
256,0,128,16,19.9147
256,0,128,32,19.808
256,0,128,64,20.4907
256,0,128,128,23.9687
256,0,128,256,26.997
256,0,128,512,38.56
256,0,128,1024,52.3527
256,0,128,2048,75.8713
256,0,128,4096,118.73
256,0,128,8192,205.95
256,0,128,16384,380.714
256,16,0,0,17.1197
256,16,1,16,17.4723
256,16,1,32,17.418
256,16,1,64,17.3657
256,16,1,128,17.4507
256,16,1,256,17.1193
256,16,1,512,20.7253
256,16,1,1024,19.8613
256,16,1,2048,20.565
256,16,1,4096,23.7867
256,16,1,8192,29.9413
256,16,1,16384,42.3687
256,16,2,16,17.2373
256,16,2,32,17.4183
256,16,2,64,17.6633
256,16,2,128,17.3653
256,16,2,256,17.365
256,16,2,512,21.0987
256,16,2,1024,20.1177
256,16,2,2048,21.3657
256,16,2,4096,24.2033
256,16,2,8192,31.094
256,16,2,16384,42.411
256,16,4,16,17.3653
256,16,4,32,17.4827
256,16,4,64,17.5567
256,16,4,128,17.515
256,16,4,256,17.5897
256,16,4,512,20.4157
256,16,4,1024,20.2877
256,16,4,2048,21.3753
256,16,4,4096,24.533
256,16,4,8192,29.92
256,16,4,16384,43.424
256,16,8,16,17.5997
256,16,8,32,17.621
256,16,8,64,17.856
256,16,8,128,17.5893
256,16,8,256,17.601
256,16,8,512,20.7897
256,16,8,1024,20.4163
256,16,8,2048,21.8233
256,16,8,4096,24.3953
256,16,8,8192,32.576
256,16,8,16384,47.5197
256,16,16,16,17.4507
256,16,16,32,17.2157
256,16,16,64,17.27
256,16,16,128,17.4727
256,16,16,256,17.408
256,16,16,512,20.3417
256,16,16,1024,22.3357
256,16,16,2048,22.3037
256,16,16,4096,29.3117
256,16,16,8192,42.6347
256,16,16,16384,69.5143
256,16,32,16,17.5363
256,16,32,32,17.4183
256,16,32,64,17.3653
256,16,32,128,17.2593
256,16,32,256,17.5153
256,16,32,512,22.3683
256,16,32,1024,21.9843
256,16,32,2048,33.984
256,16,32,4096,48.363
256,16,32,8192,70.187
256,16,32,16384,114.646
256,16,64,16,17.8017
256,16,64,32,17.9947
256,16,64,64,18.2617
256,16,64,128,17.706
256,16,64,256,17.9943
256,16,64,512,28.6397
256,16,64,1024,36.5657
256,16,64,2048,50.0807
256,16,64,4096,72.2987
256,16,64,8192,115.616
256,16,64,16384,200.948
256,16,128,16,19.8833
256,16,128,32,19.798
256,16,128,64,20.2123
256,16,128,128,24.032
256,16,128,256,26.678
256,16,128,512,38.923
256,16,128,1024,52.021
256,16,128,2048,74.9017
256,16,128,4096,118.187
256,16,128,8192,204.629
256,16,128,16384,383.583
256,32,0,0,17.077
256,32,1,16,17.76
256,32,1,32,17.4723
256,32,1,64,17.3657
256,32,1,128,17.2907
256,32,1,256,17.4403
256,32,1,512,21.1203
256,32,1,1024,20.0213
256,32,1,2048,20.715
256,32,1,4096,24.0423
256,32,1,8192,29.909
256,32,1,16384,42.4313
256,32,2,16,17.504
256,32,2,32,17.4717
256,32,2,64,17.2797
256,32,2,128,17.6853
256,32,2,256,17.1937
256,32,2,512,21.4077
256,32,2,1024,20.5227
256,32,2,2048,21.205
256,32,2,4096,24.5227
256,32,2,8192,30.6993
256,32,2,16384,42.6453
256,32,4,16,17.6217
256,32,4,32,17.408
256,32,4,64,17.6107
256,32,4,128,17.3123
256,32,4,256,17.4077
256,32,4,512,21.525
256,32,4,1024,20.5757
256,32,4,2048,21.771
256,32,4,4096,24.544
256,32,4,8192,30.2293
256,32,4,16384,43.0067
256,32,8,16,17.5157
256,32,8,32,17.6643
256,32,8,64,17.4823
256,32,8,128,17.578
256,32,8,256,17.6327
256,32,8,512,21.8443
256,32,8,1024,20.843
256,32,8,2048,21.803
256,32,8,4096,24.4473
256,32,8,8192,33.0987
256,32,8,16384,47.2107
256,32,16,16,17.3547
256,32,16,32,17.3973
256,32,16,64,17.2807
256,32,16,128,17.4297
256,32,16,256,17.4187
256,32,16,512,20.821
256,32,16,1024,21.5457
256,32,16,2048,22.6877
256,32,16,4096,29.5577
256,32,16,8192,42.7103
256,32,16,16384,71.4987
256,32,32,16,17.366
256,32,32,32,17.429
256,32,32,64,17.3237
256,32,32,128,17.4717
256,32,32,256,17.44
256,32,32,512,22.613
256,32,32,1024,21.931
256,32,32,2048,34.038
256,32,32,4096,47.8283
256,32,32,8192,71.2853
256,32,32,16384,114.613
256,32,64,16,17.7817
256,32,64,32,18.0057
256,32,64,64,17.6753
256,32,64,128,17.6537
256,32,64,256,17.8123
256,32,64,512,28.608
256,32,64,1024,36.9173
256,32,64,2048,49.6107
256,32,64,4096,72.321
256,32,64,8192,115.413
256,32,64,16384,200.352
256,32,128,16,19.5843
256,32,128,32,19.755
256,32,128,64,20.2337
256,32,128,128,24.085
256,32,128,256,27.125
256,32,128,512,38.6557
256,32,128,1024,52.7787
256,32,128,2048,75.2747
256,32,128,4096,117.802
256,32,128,8192,206.069
256,32,128,16384,379.851
256,64,0,0,17.0767
256,64,1,16,17.1203
256,64,1,32,17.451
256,64,1,64,17.152
256,64,1,128,17.6853
256,64,1,256,17.707
256,64,1,512,21.3977
256,64,1,1024,20.0957
256,64,1,2048,20.5543
256,64,1,4096,23.5093
256,64,1,8192,29.6963
256,64,1,16384,42.2827
256,64,2,16,17.258
256,64,2,32,17.5573
256,64,2,64,17.6427
256,64,2,128,17.6637
256,64,2,256,17.6533
256,64,2,512,21.536
256,64,2,1024,20.7247
256,64,2,2048,21.4513
256,64,2,4096,24.6933
256,64,2,8192,30.773
256,64,2,16384,42.4093
256,64,4,16,17.44
256,64,4,32,17.6747
256,64,4,64,17.664
256,64,4,128,17.4827
256,64,4,256,17.4293
256,64,4,512,22.037
256,64,4,1024,20.9923
256,64,4,2048,21.557
256,64,4,4096,24.4477
256,64,4,8192,30.2927
256,64,4,16384,42.8063
256,64,8,16,17.6423
256,64,8,32,17.621
256,64,8,64,17.5893
256,64,8,128,17.6423
256,64,8,256,17.5673
256,64,8,512,21.8977
256,64,8,1024,21.013
256,64,8,2048,21.5573
256,64,8,4096,24.074
256,64,8,8192,32.437
256,64,8,16384,47.5413
256,64,16,16,17.4093
256,64,16,32,17.408
256,64,16,64,17.461
256,64,16,128,17.3547
256,64,16,256,17.5787
256,64,16,512,21.322
256,64,16,1024,22.9863
256,64,16,2048,22.8803
256,64,16,4096,29.2903
256,64,16,8192,43.5097
256,64,16,16384,69.8983
256,64,32,16,17.4187
256,64,32,32,17.536
256,64,32,64,17.493
256,64,32,128,17.461
256,64,32,256,17.504
256,64,32,512,23.2533
256,64,32,1024,22.2187
256,64,32,2048,34.7413
256,64,32,4096,47.904
256,64,32,8192,70.3887
256,64,32,16384,116.085
256,64,64,16,17.8887
256,64,64,32,17.7603
256,64,64,64,18.0377
256,64,64,128,17.8667
256,64,64,256,17.7913
256,64,64,512,28.651
256,64,64,1024,37.344
256,64,64,2048,51.3277
256,64,64,4096,72.3737
256,64,64,8192,117.472
256,64,64,16384,198.964
256,64,128,16,19.5193
256,64,128,32,19.7653
256,64,128,64,20.3417
256,64,128,128,24.2233
256,64,128,256,26.784
256,64,128,512,38.4213
256,64,128,1024,52.5967
256,64,128,2048,77.1513
256,64,128,4096,120.49
256,64,128,8192,206.154
256,64,128,16384,378.997
256,128,0,0,17.184
256,128,1,16,17.4397
256,128,1,32,17.5043
256,128,1,64,17.5043
256,128,1,128,17.3333
256,128,1,256,17.3547
256,128,1,512,21.2163
256,128,1,1024,19.8083
256,128,1,2048,20.715
256,128,1,4096,23.9993
256,128,1,8192,30.0373
256,128,1,16384,42.902
256,128,2,16,17.7177
256,128,2,32,17.5893
256,128,2,64,17.6537
256,128,2,128,17.5573
256,128,2,256,17.6213
256,128,2,512,21.611
256,128,2,1024,20.661
256,128,2,2048,21.3767
256,128,2,4096,24.267
256,128,2,8192,30.8373
256,128,2,16384,42.6127
256,128,4,16,17.4837
256,128,4,32,17.3973
256,128,4,64,17.6857
256,128,4,128,17.5573
256,128,4,256,17.5147
256,128,4,512,22.261
256,128,4,1024,20.7577
256,128,4,2048,21.525
256,128,4,4096,24.715
256,128,4,8192,30.485
256,128,4,16384,43.4777
256,128,8,16,17.6213
256,128,8,32,17.6317
256,128,8,64,17.7173
256,128,8,128,17.728
256,128,8,256,17.7163
256,128,8,512,22.1547
256,128,8,1024,21.5787
256,128,8,2048,22.2617
256,128,8,4096,24.4697
256,128,8,8192,32.9173
256,128,8,16384,46.976
256,128,16,16,17.1303
256,128,16,32,17.44
256,128,16,64,17.4293
256,128,16,128,17.3437
256,128,16,256,17.6743
256,128,16,512,21.536
256,128,16,1024,22.581
256,128,16,2048,22.8153
256,128,16,4096,29.2477
256,128,16,8192,41.984
256,128,16,16384,71.082
256,128,32,16,17.2477
256,128,32,32,17.5783
256,128,32,64,17.2907
256,128,32,128,17.408
256,128,32,256,17.322
256,128,32,512,23.115
256,128,32,1024,22.6563
256,128,32,2048,36.2993
256,128,32,4096,50.4003
256,128,32,8192,72.5443
256,128,32,16384,118.314
256,128,64,16,17.7173
256,128,64,32,18.177
256,128,64,64,17.845
256,128,64,128,17.632
256,128,64,256,17.9837
256,128,64,512,30.517
256,128,64,1024,38.3037
256,128,64,2048,51.936
256,128,64,4096,74.486
256,128,64,8192,120.64
256,128,64,16384,202.347
256,128,128,16,19.5093
256,128,128,32,19.6803
256,128,128,64,20.2773
256,128,128,128,24.245
256,128,128,256,28.3727
256,128,128,512,39.5413
256,128,128,1024,56.0427
256,128,128,2048,76.885
256,128,128,4096,120.683
256,128,128,8192,207.733
256,128,128,16384,383.327
256,256,0,0,18.528
256,256,1,16,18.8153
256,256,1,32,18.9333
256,256,1,64,18.731
256,256,1,128,19.0613
256,256,1,256,19.0403
256,256,1,512,20.746
256,256,1,1024,20.608
256,256,1,2048,20.8857
256,256,1,4096,23.947
256,256,1,8192,29.8453
256,256,1,16384,42.7737
256,256,2,16,19.1563
256,256,2,32,19.04
256,256,2,64,18.656
256,256,2,128,18.944
256,256,2,256,18.7303
256,256,2,512,21.7707
256,256,2,1024,20.9383
256,256,2,2048,21.621
256,256,2,4096,24.7147
256,256,2,8192,30.987
256,256,2,16384,43.6057
256,256,4,16,18.9867
256,256,4,32,18.6767
256,256,4,64,18.955
256,256,4,128,18.9753
256,256,4,256,18.7517
256,256,4,512,21.4823
256,256,4,1024,21.3437
256,256,4,2048,21.717
256,256,4,4096,24.8963
256,256,4,8192,31.051
256,256,4,16384,43.4133
256,256,8,16,18.8797
256,256,8,32,19.0297
256,256,8,64,19.0937
256,256,8,128,18.997
256,256,8,256,19.2527
256,256,8,512,22.6133
256,256,8,1024,22.442
256,256,8,2048,22.048
256,256,8,4096,25.4507
256,256,8,8192,32.6293
256,256,8,16384,46.6673
256,256,16,16,18.9973
256,256,16,32,18.8907
256,256,16,64,18.827
256,256,16,128,18.8907
256,256,16,256,18.8377
256,256,16,512,23.1573
256,256,16,1024,23.637
256,256,16,2048,23.8503
256,256,16,4096,29.77
256,256,16,8192,42.6877
256,256,16,16384,73.11
256,256,32,16,18.752
256,256,32,32,18.8907
256,256,32,64,19.0183
256,256,32,128,18.8273
256,256,32,256,18.8693
256,256,32,512,23.423
256,256,32,1024,23.7447
256,256,32,2048,30.8693
256,256,32,4096,50.517
256,256,32,8192,74.5377
256,256,32,16384,117.707
256,256,64,16,19.2003
256,256,64,32,19.2637
256,256,64,64,19.563
256,256,64,128,19.2107
256,256,64,256,19.285
256,256,64,512,30.2503
256,256,64,1024,38.6667
256,256,64,2048,52.735
256,256,64,4096,75.403
256,256,64,8192,119.957
256,256,64,16384,203.039
256,256,128,16,19.701
256,256,128,32,19.7017
256,256,128,64,19.7543
256,256,128,128,23.9033
256,256,128,256,28.939
256,256,128,512,41.056
256,256,128,1024,57.5033
256,256,128,2048,79.37
256,256,128,4096,119.861
256,256,128,8192,209.621
256,256,128,16384,377.471
256,512,0,0,21.899
256,512,1,16,22.7413
256,512,1,32,24.032
256,512,1,64,24.1063
256,512,1,128,24.7043
256,512,1,256,24.4263
256,512,1,512,24.075
256,512,1,1024,22.9753
256,512,1,2048,21.909
256,512,1,4096,23.9253
256,512,1,8192,30.1763
256,512,1,16384,42.9113
256,512,2,16,25.3227
256,512,2,32,24.4903
256,512,2,64,24.6293
256,512,2,128,24.874
256,512,2,256,24.8
256,512,2,512,24.8747
256,512,2,1024,23.4773
256,512,2,2048,22.549
256,512,2,4096,24.8743
256,512,2,8192,30.923
256,512,2,16384,43.275
256,512,4,16,25.0987
256,512,4,32,24.736
256,512,4,64,25.3233
256,512,4,128,23.3277
256,512,4,256,24.7353
256,512,4,512,24.3947
256,512,4,1024,23.2747
256,512,4,2048,22.39
256,512,4,4096,24.9917
256,512,4,8192,31.125
256,512,4,16384,43.221
256,512,8,16,25.1307
256,512,8,32,25.1307
256,512,8,64,23.1467
256,512,8,128,23.659
256,512,8,256,24.15
256,512,8,512,22.197
256,512,8,1024,22.784
256,512,8,2048,23.0823
256,512,8,4096,25.5897
256,512,8,8192,32.3413
256,512,8,16384,46.944
256,512,16,16,24.4263
256,512,16,32,24.6833
256,512,16,64,25.067
256,512,16,128,23.3277
256,512,16,256,23.136
256,512,16,512,23.3283
256,512,16,1024,23.6163
256,512,16,2048,24.8317
256,512,16,4096,29.622
256,512,16,8192,42.6453
256,512,16,16384,76.298
256,512,32,16,22.6987
256,512,32,32,22.7303
256,512,32,64,22.571
256,512,32,128,22.2723
256,512,32,256,23.6693
256,512,32,512,24.0003
256,512,32,1024,25.7283
256,512,32,2048,30.624
256,512,32,4096,55.21
256,512,32,8192,76.511
256,512,32,16384,120.948
256,512,64,16,23.274
256,512,64,32,23.734
256,512,64,64,23.574
256,512,64,128,24.459
256,512,64,256,25.4403
256,512,64,512,31.6797
256,512,64,1024,38.6347
256,512,64,2048,55.6697
256,512,64,4096,77.1623
256,512,64,8192,120.715
256,512,64,16384,203.914
256,512,128,16,25.9633
256,512,128,32,25.9517
256,512,128,64,26.2083
256,512,128,128,28.7893
256,512,128,256,33.9627
256,512,128,512,42.6343
256,512,128,1024,57.8773
256,512,128,2048,83.616
256,512,128,4096,123.221
256,512,128,8192,209.13
256,512,128,16384,378.164
256,1024,0,0,22.507
256,1024,1,16,23.947
256,1024,1,32,24.48
256,1024,1,64,24.6293
256,1024,1,128,24.4477
256,1024,1,256,24.384
256,1024,1,512,24.0967
256,1024,1,1024,24.2027
256,1024,1,2048,23.2433
256,1024,1,4096,24.4687
256,1024,1,8192,30.5173
256,1024,1,16384,42.4317
256,1024,2,16,24.6513
256,1024,2,32,23.6267
256,1024,2,64,24.5227
256,1024,2,128,24.448
256,1024,2,256,24.01
256,1024,2,512,24.3623
256,1024,2,1024,24.225
256,1024,2,2048,23.4983
256,1024,2,4096,24.9487
256,1024,2,8192,30.8907
256,1024,2,16384,43.6477
256,1024,4,16,24.853
256,1024,4,32,24.8533
256,1024,4,64,23.9353
256,1024,4,128,24.864
256,1024,4,256,24.3517
256,1024,4,512,24.6933
256,1024,4,1024,24.448
256,1024,4,2048,22.9547
256,1024,4,4096,24.9707
256,1024,4,8192,31.3167
256,1024,4,16384,44.213
256,1024,8,16,24.576
256,1024,8,32,24.693
256,1024,8,64,23.7863
256,1024,8,128,23.5087
256,1024,8,256,24.3627
256,1024,8,512,23.9357
256,1024,8,1024,24.1603
256,1024,8,2048,25.2483
256,1024,8,4096,25.9517
256,1024,8,8192,32.544
256,1024,8,16384,46.8377
256,1024,16,16,24.075
256,1024,16,32,23.6057
256,1024,16,64,23.243
256,1024,16,128,24.5653
256,1024,16,256,24.3733
256,1024,16,512,24.299
256,1024,16,1024,25.4827
256,1024,16,2048,25.6853
256,1024,16,4096,30.4747
256,1024,16,8192,42.0053
256,1024,16,16384,65.9523
256,1024,32,16,24.2133
256,1024,32,32,23.8717
256,1024,32,64,23.8827
256,1024,32,128,24.6823
256,1024,32,256,24.8107
256,1024,32,512,24.8637
256,1024,32,1024,31.3707
256,1024,32,2048,31.7657
256,1024,32,4096,44.48
256,1024,32,8192,82.1547
256,1024,32,16384,125.45
256,1024,64,16,25.8983
256,1024,64,32,26.4313
256,1024,64,64,25.3443
256,1024,64,128,24.9383
256,1024,64,256,25.6007
256,1024,64,512,31.477
256,1024,64,1024,39.6907
256,1024,64,2048,57.5577
256,1024,64,4096,83.5517
256,1024,64,8192,126.731
256,1024,64,16384,210.57
256,1024,128,16,26.2513
256,1024,128,32,26.272
256,1024,128,64,26.827
256,1024,128,128,29.3017
256,1024,128,256,33.2157
256,1024,128,512,43.4137
256,1024,128,1024,60.4903
256,1024,128,2048,85.3967
256,1024,128,4096,132.618
256,1024,128,8192,216.042
256,1024,128,16384,385.61
256,2048,0,0,26.688
256,2048,1,16,27.5833
256,2048,1,32,27.4237
256,2048,1,64,27.6483
256,2048,1,128,27.7333
256,2048,1,256,27.8297
256,2048,1,512,27.5733
256,2048,1,1024,27.9147
256,2048,1,2048,27.36
256,2048,1,4096,24.7573
256,2048,1,8192,30.837
256,2048,1,16384,42.9757
256,2048,2,16,27.904
256,2048,2,32,28.2563
256,2048,2,64,27.7657
256,2048,2,128,28.0743
256,2048,2,256,27.7337
256,2048,2,512,27.787
256,2048,2,1024,27.6587
256,2048,2,2048,27.68
256,2048,2,4096,25.055
256,2048,2,8192,31.8187
256,2048,2,16384,43.477
256,2048,4,16,27.9787
256,2048,4,32,27.5517
256,2048,4,64,27.9037
256,2048,4,128,27.4247
256,2048,4,256,28.1387
256,2048,4,512,27.7227
256,2048,4,1024,27.851
256,2048,4,2048,27.3923
256,2048,4,4096,26.8263
256,2048,4,8192,31.5307
256,2048,4,16384,44.3943
256,2048,8,16,28.1277
256,2048,8,32,26.4
256,2048,8,64,28.0523
256,2048,8,128,27.8717
256,2048,8,256,28.15
256,2048,8,512,28.0417
256,2048,8,1024,26.4857
256,2048,8,2048,27.0723
256,2048,8,4096,28.2453
256,2048,8,8192,33.4717
256,2048,8,16384,47.168
256,2048,16,16,27.1357
256,2048,16,32,27.424
256,2048,16,64,27.4457
256,2048,16,128,27.424
256,2048,16,256,27.8933
256,2048,16,512,27.0077
256,2048,16,1024,26.816
256,2048,16,2048,28.16
256,2048,16,4096,31.85
256,2048,16,8192,43.83
256,2048,16,16384,65.6853
256,2048,32,16,27.4987
256,2048,32,32,27.2967
256,2048,32,64,27.1787
256,2048,32,128,27.3273
256,2048,32,256,26.1757
256,2048,32,512,29.9833
256,2048,32,1024,28.8317
256,2048,32,2048,41.4073
256,2048,32,4096,45.5253
256,2048,32,8192,86.4107
256,2048,32,16384,135.765
256,2048,64,16,26.1867
256,2048,64,32,26.304
256,2048,64,64,26.3467
256,2048,64,128,28.5653
256,2048,64,256,30.4317
256,2048,64,512,31.4237
256,2048,64,1024,39.7647
256,2048,64,2048,57.61
256,2048,64,4096,89.28
256,2048,64,8192,135.327
256,2048,64,16384,222.464
256,2048,128,16,31.381
256,2048,128,32,31.1677
256,2048,128,64,31.3067
256,2048,128,128,29.685
256,2048,128,256,32.9707
256,2048,128,512,42.997
256,2048,128,1024,59.5093
256,2048,128,2048,93.6747
256,2048,128,4096,141.216
256,2048,128,8192,225.696
256,2048,128,16384,394.602
256,4096,0,0,29.813
256,4096,1,16,31.2957
256,4096,1,32,30.901
256,4096,1,64,31.126
256,4096,1,128,31.232
256,4096,1,256,30.891
256,4096,1,512,31.339
256,4096,1,1024,31.1897
256,4096,1,2048,30.8697
256,4096,1,4096,31.0923
256,4096,1,8192,31.1997
256,4096,1,16384,43.5413
256,4096,2,16,31.8723
256,4096,2,32,31.5517
256,4096,2,64,31.552
256,4096,2,128,31.5413
256,4096,2,256,31.6477
256,4096,2,512,31.414
256,4096,2,1024,31.3807
256,4096,2,2048,31.2207
256,4096,2,4096,30.773
256,4096,2,8192,31.435
256,4096,2,16384,44
256,4096,4,16,31.3487
256,4096,4,32,31.392
256,4096,4,64,31.328
256,4096,4,128,31.3383
256,4096,4,256,31.7547
256,4096,4,512,31.7437
256,4096,4,1024,31.275
256,4096,4,2048,30.5703
256,4096,4,4096,31.2637
256,4096,4,8192,31.8397
256,4096,4,16384,44.6187
256,4096,8,16,31.7547
256,4096,8,32,31.6483
256,4096,8,64,31.6047
256,4096,8,128,31.3597
256,4096,8,256,31.4663
256,4096,8,512,32.0313
256,4096,8,1024,30.7303
256,4096,8,2048,30.5383
256,4096,8,4096,31.7337
256,4096,8,8192,35.36
256,4096,8,16384,48.256
256,4096,16,16,31.5303
256,4096,16,32,31.424
256,4096,16,64,31.2963
256,4096,16,128,31.8937
256,4096,16,256,31.339
256,4096,16,512,31.4553
256,4096,16,1024,31.0293
256,4096,16,2048,32.0637
256,4096,16,4096,36.032
256,4096,16,8192,45.0353
256,4096,16,16384,67.6163
256,4096,32,16,31.4987
256,4096,32,32,31.6907
256,4096,32,64,31.5837
256,4096,32,128,31.0833
256,4096,32,256,30.73
256,4096,32,512,30.965
256,4096,32,1024,35.9143
256,4096,32,2048,36.16
256,4096,32,4096,61.3547
256,4096,32,8192,69.4293
256,4096,32,16384,149.216
256,4096,64,16,31.1357
256,4096,64,32,30.9333
256,4096,64,64,31.2743
256,4096,64,128,30.8373
256,4096,64,256,32.0427
256,4096,64,512,38.1117
256,4096,64,1024,37.7603
256,4096,64,2048,55.9997
256,4096,64,4096,86.8793
256,4096,64,8192,151.189
256,4096,64,16384,241.515
256,4096,128,16,34.6127
256,4096,128,32,34.9113
256,4096,128,64,35.243
256,4096,128,128,35.296
256,4096,128,256,40.3833
256,4096,128,512,42.464
256,4096,128,1024,58.7937
256,4096,128,2048,91.6043
256,4096,128,4096,157.386
256,4096,128,8192,245.056
256,4096,128,16384,412.713
256,8192,0,0,38.059
256,8192,1,16,37.9093
256,8192,1,32,38.1013
256,8192,1,64,37.7173
256,8192,1,128,37.9947
256,8192,1,256,37.898
256,8192,1,512,37.9623
256,8192,1,1024,38.2293
256,8192,1,2048,37.973
256,8192,1,4096,38.4963
256,8192,1,8192,38.5817
256,8192,1,16384,43.711
256,8192,2,16,38.4527
256,8192,2,32,38.7307
256,8192,2,64,38.2937
256,8192,2,128,38.6343
256,8192,2,256,38.262
256,8192,2,512,38.1647
256,8192,2,1024,38.1753
256,8192,2,2048,38.976
256,8192,2,4096,39.253
256,8192,2,8192,39.03
256,8192,2,16384,44.277
256,8192,4,16,38.2397
256,8192,4,32,38.2933
256,8192,4,64,38.1337
256,8192,4,128,38.2827
256,8192,4,256,38.5063
256,8192,4,512,38.155
256,8192,4,1024,38.901
256,8192,4,2048,39.232
256,8192,4,4096,39.2857
256,8192,4,8192,39.9677
256,8192,4,16384,45.1307
256,8192,8,16,38.3783
256,8192,8,32,38.528
256,8192,8,64,38.325
256,8192,8,128,38.2287
256,8192,8,256,38.422
256,8192,8,512,39.5197
256,8192,8,1024,39.6583
256,8192,8,2048,39.2643
256,8192,8,4096,40.171
256,8192,8,8192,42.208
256,8192,8,16384,49.6003
256,8192,16,16,38.6663
256,8192,16,32,38.4107
256,8192,16,64,38.2827
256,8192,16,128,39.1897
256,8192,16,256,39.0937
256,8192,16,512,39.136
256,8192,16,1024,39.3173
256,8192,16,2048,40.3837
256,8192,16,4096,43.1467
256,8192,16,8192,49.119
256,8192,16,16384,68.7893
256,8192,32,16,39.178
256,8192,32,32,39.4023
256,8192,32,64,39.3813
256,8192,32,128,39.6367
256,8192,32,256,39.3703
256,8192,32,512,39.9893
256,8192,32,1024,40.1273
256,8192,32,2048,49.7387
256,8192,32,4096,49.9517
256,8192,32,8192,98.6663
256,8192,32,16384,114.868
256,8192,64,16,39.4243
256,8192,64,32,39.4127
256,8192,64,64,39.616
256,8192,64,128,38.111
256,8192,64,256,40.0537
256,8192,64,512,38.453
256,8192,64,1024,52.8637
256,8192,64,2048,52.0963
256,8192,64,4096,85.0247
256,8192,64,8192,146.699
256,8192,64,16384,273.044
256,8192,128,16,41.92
256,8192,128,32,41.9737
256,8192,128,64,42.251
256,8192,128,128,42.1113
256,8192,128,256,46.7627
256,8192,128,512,52.416
256,8192,128,1024,58.1013
256,8192,128,2048,88.7783
256,8192,128,4096,150.39
256,8192,128,8192,277.578
256,8192,128,16384,451.444
256,16384,0,0,49.9413
256,16384,1,16,50.1323
256,16384,1,32,50.3247
256,16384,1,64,50.4747
256,16384,1,128,50.3997
256,16384,1,256,50.5703
256,16384,1,512,50.2617
256,16384,1,1024,50.037
256,16384,1,2048,50.3787
256,16384,1,4096,50.1217
256,16384,1,8192,50.6133
256,16384,1,16384,52.64
256,16384,2,16,50.6133
256,16384,2,32,50.571
256,16384,2,64,50.4967
256,16384,2,128,50.9013
256,16384,2,256,50.3787
256,16384,2,512,50.72
256,16384,2,1024,50.3247
256,16384,2,2048,50.7737
256,16384,2,4096,51.2537
256,16384,2,8192,53.0883
256,16384,2,16384,53.621
256,16384,4,16,50.6563
256,16384,4,32,51.1037
256,16384,4,64,50.496
256,16384,4,128,50.8903
256,16384,4,256,50.6023
256,16384,4,512,50.4957
256,16384,4,1024,50.6563
256,16384,4,2048,50.7833
256,16384,4,4096,52.8747
256,16384,4,8192,52.8317
256,16384,4,16384,55.883
256,16384,8,16,50.464
256,16384,8,32,50.5813
256,16384,8,64,50.8473
256,16384,8,128,50.8163
256,16384,8,256,50.88
256,16384,8,512,50.72
256,16384,8,1024,49.621
256,16384,8,2048,53.0463
256,16384,8,4096,53.2373
256,16384,8,8192,55.7013
256,16384,8,16384,61.771
256,16384,16,16,50.826
256,16384,16,32,51.2107
256,16384,16,64,50.5387
256,16384,16,128,51.1143
256,16384,16,256,50.6883
256,16384,16,512,49.3753
256,16384,16,1024,53.1093
256,16384,16,2048,53.4827
256,16384,16,4096,56.7787
256,16384,16,8192,63.616
256,16384,16,16384,76.0743
256,16384,32,16,51.008
256,16384,32,32,50.7523
256,16384,32,64,50.9013
256,16384,32,128,50.859
256,16384,32,256,53.0983
256,16384,32,512,53.259
256,16384,32,1024,52.0113
256,16384,32,2048,56.5547
256,16384,32,4096,75.999
256,16384,32,8192,77.6863
256,16384,32,16384,170.976
256,16384,64,16,51.9143
256,16384,64,32,51.9467
256,16384,64,64,52.203
256,16384,64,128,53.3443
256,16384,64,256,53.279
256,16384,64,512,54.2927
256,16384,64,1024,58.079
256,16384,64,2048,79.2637
256,16384,64,4096,80.533
256,16384,64,8192,142.496
256,16384,64,16384,263.072
256,16384,128,16,52.928
256,16384,128,32,52.555
256,16384,128,64,52.7467
256,16384,128,128,56.1813
256,16384,128,256,59.3397
256,16384,128,512,64.245
256,16384,128,1024,72.938
256,16384,128,2048,87.6163
256,16384,128,4096,145.909
256,16384,128,8192,267.839
256,16384,128,16384,524.618
512,0,0,0,19.36
512,0,1,16,19.2643
512,0,1,32,18.8697
512,0,1,64,19.093
512,0,1,128,18.9117
512,0,1,256,19.0087
512,0,1,512,22.1543
512,0,1,1024,22.165
512,0,1,2048,24.907
512,0,1,4096,30.976
512,0,1,8192,43.1787
512,0,1,16384,68.6393
512,0,2,16,19.403
512,0,2,32,19.178
512,0,2,64,18.9337
512,0,2,128,18.944
512,0,2,256,19.0187
512,0,2,512,22.677
512,0,2,1024,23.0507
512,0,2,2048,25.2477
512,0,2,4096,31.915
512,0,2,8192,43.9583
512,0,2,16384,66.6877
512,0,4,16,19.03
512,0,4,32,18.9657
512,0,4,64,19.0083
512,0,4,128,18.88
512,0,4,256,19.0827
512,0,4,512,22.5923
512,0,4,1024,22.827
512,0,4,2048,26.0697
512,0,4,4096,31.904
512,0,4,8192,42.1113
512,0,4,16384,67.3163
512,0,8,16,18.923
512,0,8,32,18.9973
512,0,8,64,19.146
512,0,8,128,19.1143
512,0,8,256,18.9337
512,0,8,512,23.5417
512,0,8,1024,24.0107
512,0,8,2048,26.207
512,0,8,4096,30.336
512,0,8,8192,43.765
512,0,8,16384,69.0027
512,0,16,16,19.4137
512,0,16,32,19.1263
512,0,16,64,19.37
512,0,16,128,18.9977
512,0,16,256,18.955
512,0,16,512,23.3067
512,0,16,1024,23.2107
512,0,16,2048,25.8243
512,0,16,4096,33.2363
512,0,16,8192,48.171
512,0,16,16384,75.402
512,0,32,16,19.3923
512,0,32,32,19.285
512,0,32,64,19.2103
512,0,32,128,18.9757
512,0,32,256,19.167
512,0,32,512,23.0933
512,0,32,1024,24.0963
512,0,32,2048,30.9973
512,0,32,4096,49.8123
512,0,32,8192,72.213
512,0,32,16384,116.501
512,0,64,16,19.499
512,0,64,32,19.5093
512,0,64,64,19.531
512,0,64,128,19.7757
512,0,64,256,19.3493
512,0,64,512,29.6
512,0,64,1024,38.0583
512,0,64,2048,52.576
512,0,64,4096,75.1153
512,0,64,8192,120.907
512,0,64,16384,203.306
512,0,128,16,19.8193
512,0,128,32,20.0207
512,0,128,64,20.3733
512,0,128,128,23.722
512,0,128,256,28.9383
512,0,128,512,40.7253
512,0,128,1024,54.559
512,0,128,2048,77.6633
512,0,128,4096,121.728
512,0,128,8192,208.8
512,0,128,16384,382.57
512,16,0,0,23.158
512,16,1,16,23.146
512,16,1,32,23.7333
512,16,1,64,22.688
512,16,1,128,23.2
512,16,1,256,23.5737
512,16,1,512,23.445
512,16,1,1024,22.304
512,16,1,2048,24.981
512,16,1,4096,31.5203
512,16,1,8192,43.5407
512,16,1,16384,68.1497
512,16,2,16,23.712
512,16,2,32,23.3063
512,16,2,64,24.0217
512,16,2,128,23.6373
512,16,2,256,23.6367
512,16,2,512,23.6267
512,16,2,1024,22.603
512,16,2,2048,25.2377
512,16,2,4096,31.797
512,16,2,8192,44.1283
512,16,2,16384,69.024
512,16,4,16,23.467
512,16,4,32,23.2533
512,16,4,64,23.7223
512,16,4,128,23.4027
512,16,4,256,23.4653
512,16,4,512,22.9657
512,16,4,1024,22.922
512,16,4,2048,25.771
512,16,4,4096,31.776
512,16,4,8192,44.65
512,16,4,16384,67.626
512,16,8,16,23.8507
512,16,8,32,23.1567
512,16,8,64,23.5197
512,16,8,128,23.467
512,16,8,256,23.4023
512,16,8,512,23.2957
512,16,8,1024,23.4243
512,16,8,2048,26.1857
512,16,8,4096,33.1413
512,16,8,8192,43.5943
512,16,8,16384,69.3227
512,16,16,16,22.7847
512,16,16,32,23.9787
512,16,16,64,23.6477
512,16,16,128,23.957
512,16,16,256,23.5097
512,16,16,512,23.2953
512,16,16,1024,23.8293
512,16,16,2048,27.5833
512,16,16,4096,32.9387
512,16,16,8192,48.309
512,16,16,16384,76.192
512,16,32,16,23.744
512,16,32,32,23.701
512,16,32,64,23.4347
512,16,32,128,23.9033
512,16,32,256,24.0963
512,16,32,512,24.2777
512,16,32,1024,30.8583
512,16,32,2048,31.243
512,16,32,4096,45.611
512,16,32,8192,71.413
512,16,32,16384,116.469
512,16,64,16,23.9897
512,16,64,32,23.552
512,16,64,64,23.5527
512,16,64,128,24.064
512,16,64,256,24.725
512,16,64,512,32.203
512,16,64,1024,37.6317
512,16,64,2048,50.2607
512,16,64,4096,74.229
512,16,64,8192,119.829
512,16,64,16384,204.01
512,16,128,16,27.5837
512,16,128,32,27.6377
512,16,128,64,28.2027
512,16,128,128,30.5177
512,16,128,256,32.4797
512,16,128,512,40.1923
512,16,128,1024,54.4
512,16,128,2048,76.683
512,16,128,4096,121.44
512,16,128,8192,207.424
512,16,128,16384,380.511
512,32,0,0,22.848
512,32,1,16,23.4873
512,32,1,32,23.5517
512,32,1,64,24.021
512,32,1,128,24.0107
512,32,1,256,23.125
512,32,1,512,23.5203
512,32,1,1024,22.3677
512,32,1,2048,25.2157
512,32,1,4096,30.997
512,32,1,8192,43.8613
512,32,1,16384,68.1813
512,32,2,16,23.3497
512,32,2,32,24.2247
512,32,2,64,23.7763
512,32,2,128,24.384
512,32,2,256,23.9037
512,32,2,512,23.659
512,32,2,1024,22.891
512,32,2,2048,25.494
512,32,2,4096,32.0537
512,32,2,8192,43.9467
512,32,2,16384,69.3223
512,32,4,16,23.467
512,32,4,32,23.6903
512,32,4,64,23.6373
512,32,4,128,23.199
512,32,4,256,23.563
512,32,4,512,23.542
512,32,4,1024,22.9227
512,32,4,2048,26.5383
512,32,4,4096,32.149
512,32,4,8192,44.2237
512,32,4,16384,67.115
512,32,8,16,23.6913
512,32,8,32,23.7973
512,32,8,64,23.797
512,32,8,128,23.4557
512,32,8,256,23.7447
512,32,8,512,23.4453
512,32,8,1024,23.275
512,32,8,2048,26.325
512,32,8,4096,33.0453
512,32,8,8192,43.606
512,32,8,16384,69.5043
512,32,16,16,23.1577
512,32,16,32,22.9763
512,32,16,64,23.4873
512,32,16,128,23.5307
512,32,16,256,23.6473
512,32,16,512,23.2427
512,32,16,1024,24.7573
512,32,16,2048,27.6057
512,32,16,4096,32.9273
512,32,16,8192,48.3307
512,32,16,16384,75.3067
512,32,32,16,23.489
512,32,32,32,23.466
512,32,32,64,22.9863
512,32,32,128,23.7547
512,32,32,256,24.3947
512,32,32,512,24.149
512,32,32,1024,31.019
512,32,32,2048,31.8187
512,32,32,4096,46.293
512,32,32,8192,72.086
512,32,32,16384,118.133
512,32,64,16,23.4027
512,32,64,32,23.4027
512,32,64,64,23.7337
512,32,64,128,24.0323
512,32,64,256,24.7147
512,32,64,512,32.5017
512,32,64,1024,37.6967
512,32,64,2048,51.243
512,32,64,4096,73.0663
512,32,64,8192,118.41
512,32,64,16384,204.811
512,32,128,16,27.68
512,32,128,32,28.032
512,32,128,64,27.7653
512,32,128,128,30.4207
512,32,128,256,32.331
512,32,128,512,39.9467
512,32,128,1024,54.24
512,32,128,2048,77.803
512,32,128,4096,123.04
512,32,128,8192,208.427
512,32,128,16384,382.378
512,64,0,0,23.0397
512,64,1,16,23.4773
512,64,1,32,23.36
512,64,1,64,23.2647
512,64,1,128,23.488
512,64,1,256,22.6453
512,64,1,512,23.4347
512,64,1,1024,22.7417
512,64,1,2048,24.896
512,64,1,4096,31.0933
512,64,1,8192,44.1067
512,64,1,16384,68.5123
512,64,2,16,23.605
512,64,2,32,24.0427
512,64,2,64,24.0103
512,64,2,128,24.1393
512,64,2,256,24.2873
512,64,2,512,23.2213
512,64,2,1024,23.297
512,64,2,2048,25.3867
512,64,2,4096,31.797
512,64,2,8192,44.0533
512,64,2,16384,68.9277
512,64,4,16,23.488
512,64,4,32,23.755
512,64,4,64,23.8393
512,64,4,128,23.2753
512,64,4,256,23.1473
512,64,4,512,23.413
512,64,4,1024,23.2217
512,64,4,2048,25.9737
512,64,4,4096,31.9363
512,64,4,8192,44.6723
512,64,4,16384,67.2747
512,64,8,16,23.691
512,64,8,32,23.9043
512,64,8,64,23.9147
512,64,8,128,23.7337
512,64,8,256,24.224
512,64,8,512,23.4877
512,64,8,1024,23.7437
512,64,8,2048,26.4107
512,64,8,4096,33.152
512,64,8,8192,43.8403
512,64,8,16384,69.12
512,64,16,16,24.032
512,64,16,32,23.947
512,64,16,64,23.616
512,64,16,128,23.0073
512,64,16,256,23.712
512,64,16,512,23.5203
512,64,16,1024,24.4163
512,64,16,2048,27.5623
512,64,16,4096,33.1193
512,64,16,8192,48.4267
512,64,16,16384,75.616
512,64,32,16,23.8293
512,64,32,32,23.2533
512,64,32,64,23.7117
512,64,32,128,23.9673
512,64,32,256,24.4697
512,64,32,512,24.149
512,64,32,1024,30.9557
512,64,32,2048,30.9227
512,64,32,4096,45.504
512,64,32,8192,73.8133
512,64,32,16384,117.547
512,64,64,16,26.4323
512,64,64,32,26.5697
512,64,64,64,26.549
512,64,64,128,24.481
512,64,64,256,24.4373
512,64,64,512,32.1387
512,64,64,1024,37.6747
512,64,64,2048,50.987
512,64,64,4096,74.634
512,64,64,8192,118.848
512,64,64,16384,206.581
512,64,128,16,27.9463
512,64,128,32,28.2027
512,64,128,64,28.5227
512,64,128,128,30.816
512,64,128,256,32.9597
512,64,128,512,40.3413
512,64,128,1024,53.621
512,64,128,2048,79.52
512,64,128,4096,123.114
512,64,128,8192,209.643
512,64,128,16384,380.49
512,128,0,0,23.4977
512,128,1,16,23.6583
512,128,1,32,23.5837
512,128,1,64,23.5737
512,128,1,128,23.8827
512,128,1,256,23.0513
512,128,1,512,23.4553
512,128,1,1024,23.0293
512,128,1,2048,25.3753
512,128,1,4096,31.5097
512,128,1,8192,43.7767
512,128,1,16384,68.4587
512,128,2,16,25.0557
512,128,2,32,23.9997
512,128,2,64,25.5783
512,128,2,128,25.2263
512,128,2,256,25.3447
512,128,2,512,25.2803
512,128,2,1024,23.637
512,128,2,2048,25.6533
512,128,2,4096,32.1173
512,128,2,8192,44.224
512,128,2,16384,69.3017
512,128,4,16,24.4693
512,128,4,32,24.747
512,128,4,64,24.5547
512,128,4,128,24.3193
512,128,4,256,24.736
512,128,4,512,24.3943
512,128,4,1024,23.1893
512,128,4,2048,26.474
512,128,4,4096,32.4583
512,128,4,8192,44.65
512,128,4,16384,67.5733
512,128,8,16,25.333
512,128,8,32,25.2903
512,128,8,64,24.6297
512,128,8,128,25.301
512,128,8,256,25.013
512,128,8,512,24.1603
512,128,8,1024,24.1603
512,128,8,2048,26.2083
512,128,8,4096,33.0017
512,128,8,8192,43.4453
512,128,8,16384,69.2583
512,128,16,16,24.7677
512,128,16,32,24.843
512,128,16,64,24.1703
512,128,16,128,23.563
512,128,16,256,23.2853
512,128,16,512,23.52
512,128,16,1024,24.6613
512,128,16,2048,27.1683
512,128,16,4096,33.2053
512,128,16,8192,48.3627
512,128,16,16384,75.5943
512,128,32,16,24.587
512,128,32,32,24.2777
512,128,32,64,24.928
512,128,32,128,24.6827
512,128,32,256,24.8737
512,128,32,512,24.9173
512,128,32,1024,31.4877
512,128,32,2048,30.9547
512,128,32,4096,45.5037
512,128,32,8192,72.7363
512,128,32,16384,119.552
512,128,64,16,27.4237
512,128,64,32,27.2213
512,128,64,64,27.36
512,128,64,128,24.6507
512,128,64,256,25.0457
512,128,64,512,32.2023
512,128,64,1024,37.6853
512,128,64,2048,51.765
512,128,64,4096,75.189
512,128,64,8192,119.627
512,128,64,16384,206.666
512,128,128,16,27.8507
512,128,128,32,27.9893
512,128,128,64,29.0443
512,128,128,128,30.4003
512,128,128,256,32.7887
512,128,128,512,40.3203
512,128,128,1024,55.168
512,128,128,2048,78.3993
512,128,128,4096,121.504
512,128,128,8192,207.007
512,128,128,16384,385.247
512,256,0,0,24.3413
512,256,1,16,24.416
512,256,1,32,24.395
512,256,1,64,24.6607
512,256,1,128,25.0777
512,256,1,256,24.5337
512,256,1,512,24.5007
512,256,1,1024,23.0607
512,256,1,2048,25.1833
512,256,1,4096,31.4133
512,256,1,8192,43.4027
512,256,1,16384,68.3843
512,256,2,16,25.4937
512,256,2,32,25.1197
512,256,2,64,25.6427
512,256,2,128,25.461
512,256,2,256,25.6527
512,256,2,512,25.4713
512,256,2,1024,24.2027
512,256,2,2048,25.802
512,256,2,4096,31.7867
512,256,2,8192,44.1813
512,256,2,16384,69.2053
512,256,4,16,24.8533
512,256,4,32,24.011
512,256,4,64,24.9917
512,256,4,128,24.8
512,256,4,256,25.2373
512,256,4,512,25.2053
512,256,4,1024,24.1713
512,256,4,2048,26.0903
512,256,4,4096,32.1603
512,256,4,8192,44.694
512,256,4,16384,67.4877
512,256,8,16,25.0877
512,256,8,32,25.1733
512,256,8,64,25.3017
512,256,8,128,24.7897
512,256,8,256,25.2903
512,256,8,512,25.2267
512,256,8,1024,25.355
512,256,8,2048,26.2927
512,256,8,4096,33.0027
512,256,8,8192,43.3057
512,256,8,16384,69.13
512,256,16,16,25.3547
512,256,16,32,25.7377
512,256,16,64,25.76
512,256,16,128,25.397
512,256,16,256,25.547
512,256,16,512,24.9387
512,256,16,1024,25.12
512,256,16,2048,27.6377
512,256,16,4096,33.2793
512,256,16,8192,47.7013
512,256,16,16384,74.3573
512,256,32,16,25.4187
512,256,32,32,25.7817
512,256,32,64,25.3017
512,256,32,128,24.6823
512,256,32,256,25.0883
512,256,32,512,24.672
512,256,32,1024,32.064
512,256,32,2048,31.4447
512,256,32,4096,45.408
512,256,32,8192,73.6
512,256,32,16384,119.126
512,256,64,16,24.5757
512,256,64,32,24.6717
512,256,64,64,24.704
512,256,64,128,24.672
512,256,64,256,24.8853
512,256,64,512,29.13
512,256,64,1024,37.5893
512,256,64,2048,52.5867
512,256,64,4096,75.1783
512,256,64,8192,121.216
512,256,64,16384,206.282
512,256,128,16,28.331
512,256,128,32,28.0213
512,256,128,64,28.4377
512,256,128,128,30.389
512,256,128,256,33.9623
512,256,128,512,41.931
512,256,128,1024,55.221
512,256,128,2048,78.88
512,256,128,4096,122.262
512,256,128,8192,207.392
512,256,128,16384,382.378
512,512,0,0,25.162
512,512,1,16,25.046
512,512,1,32,25.1627
512,512,1,64,25.0563
512,512,1,128,25.163
512,512,1,256,24.9713
512,512,1,512,24.9713
512,512,1,1024,24.9603
512,512,1,2048,25.6213
512,512,1,4096,31.4233
512,512,1,8192,44.288
512,512,1,16384,68.2557
512,512,2,16,26.123
512,512,2,32,25.8453
512,512,2,64,26.2727
512,512,2,128,25.9413
512,512,2,256,26.3037
512,512,2,512,25.5893
512,512,2,1024,26.2933
512,512,2,2048,25.856
512,512,2,4096,31.9033
512,512,2,8192,44.3833
512,512,2,16384,69.077
512,512,4,16,25.9203
512,512,4,32,26.0377
512,512,4,64,25.6113
512,512,4,128,25.611
512,512,4,256,25.6313
512,512,4,512,25.579
512,512,4,1024,25.7597
512,512,4,2048,26.261
512,512,4,4096,32.2137
512,512,4,8192,44.6393
512,512,4,16384,70.101
512,512,8,16,26.207
512,512,8,32,26.2183
512,512,8,64,25.536
512,512,8,128,26.3257
512,512,8,256,26.3247
512,512,8,512,26.4223
512,512,8,1024,26.3683
512,512,8,2048,26.326
512,512,8,4096,32.8
512,512,8,8192,45.802
512,512,8,16384,69.098
512,512,16,16,25.5997
512,512,16,32,25.984
512,512,16,64,25.7813
512,512,16,128,25.813
512,512,16,256,25.6423
512,512,16,512,25.952
512,512,16,1024,26.0053
512,512,16,2048,27.3383
512,512,16,4096,35.915
512,512,16,8192,48.8
512,512,16,16384,75.232
512,512,32,16,26.144
512,512,32,32,25.8887
512,512,32,64,25.9417
512,512,32,128,25.4403
512,512,32,256,25.877
512,512,32,512,26.2083
512,512,32,1024,27.489
512,512,32,2048,40.6827
512,512,32,4096,45.3227
512,512,32,8192,75.3283
512,512,32,16384,119.381
512,512,64,16,26.805
512,512,64,32,27.4027
512,512,64,64,27.5413
512,512,64,128,26.1753
512,512,64,256,26.1657
512,512,64,512,28.6933
512,512,64,1024,39.605
512,512,64,2048,53.547
512,512,64,4096,76.3627
512,512,64,8192,120.96
512,512,64,16384,212.469
512,512,128,16,27.3817
512,512,128,32,27.402
512,512,128,64,27.8607
512,512,128,128,32.4267
512,512,128,256,33.9307
512,512,128,512,42.1227
512,512,128,1024,56.9603
512,512,128,2048,80.5437
512,512,128,4096,127.563
512,512,128,8192,208.234
512,512,128,16384,387.413
512,1024,0,0,27.4983
512,1024,1,16,27.669
512,1024,1,32,27.4987
512,1024,1,64,27.3273
512,1024,1,128,27.4347
512,1024,1,256,27.243
512,1024,1,512,27.4347
512,1024,1,1024,27.4457
512,1024,1,2048,25.813
512,1024,1,4096,31.9363
512,1024,1,8192,44.3093
512,1024,1,16384,69.099
512,1024,2,16,28.3413
512,1024,2,32,28.469
512,1024,2,64,28.3423
512,1024,2,128,28.5653
512,1024,2,256,28.2347
512,1024,2,512,28.4167
512,1024,2,1024,28.1397
512,1024,2,2048,26.581
512,1024,2,4096,32.1373
512,1024,2,8192,44.725
512,1024,2,16384,69.088
512,1024,4,16,27.6903
512,1024,4,32,28.0317
512,1024,4,64,27.6587
512,1024,4,128,28.2023
512,1024,4,256,27.84
512,1024,4,512,27.808
512,1024,4,1024,27.69
512,1024,4,2048,26.516
512,1024,4,4096,32.5867
512,1024,4,8192,44.3197
512,1024,4,16384,70.1873
512,1024,8,16,28.2773
512,1024,8,32,28.277
512,1024,8,64,28.107
512,1024,8,128,28.1813
512,1024,8,256,28.288
512,1024,8,512,27.9997
512,1024,8,1024,28.3837
512,1024,8,2048,27.0507
512,1024,8,4096,32.7783
512,1024,8,8192,45.7913
512,1024,8,16384,69.183
512,1024,16,16,28.0963
512,1024,16,32,27.8293
512,1024,16,64,28.245
512,1024,16,128,28.256
512,1024,16,256,28.0423
512,1024,16,512,28.533
512,1024,16,1024,26.709
512,1024,16,2048,29.4613
512,1024,16,4096,36.267
512,1024,16,8192,48.171
512,1024,16,16384,75.296
512,1024,32,16,28.2773
512,1024,32,32,28.0537
512,1024,32,64,28.6503
512,1024,32,128,28.3733
512,1024,32,256,28.5013
512,1024,32,512,27.0717
512,1024,32,1024,30.1983
512,1024,32,2048,42.7307
512,1024,32,4096,45.1097
512,1024,32,8192,78.3673
512,1024,32,16384,124.468
512,1024,64,16,26.6667
512,1024,64,32,27.1253
512,1024,64,64,26.9973
512,1024,64,128,30.293
512,1024,64,256,32.981
512,1024,64,512,30.0273
512,1024,64,1024,41.643
512,1024,64,2048,57.301
512,1024,64,4096,80.8427
512,1024,64,8192,122.358
512,1024,64,16384,213.503
512,1024,128,16,32.7363
512,1024,128,32,32.726
512,1024,128,64,33.728
512,1024,128,128,30.421
512,1024,128,256,34.9327
512,1024,128,512,43.606
512,1024,128,1024,59.787
512,1024,128,2048,83.413
512,1024,128,4096,130.283
512,1024,128,8192,212.779
512,1024,128,16384,392.671
512,2048,0,0,30.4
512,2048,1,16,31.0187
512,2048,1,32,30.965
512,2048,1,64,31.3813
512,2048,1,128,31.179
512,2048,1,256,30.9437
512,2048,1,512,31.221
512,2048,1,1024,30.5493
512,2048,1,2048,29.5997
512,2048,1,4096,32.0967
512,2048,1,8192,44.6293
512,2048,1,16384,69.2473
512,2048,2,16,31.4457
512,2048,2,32,31.6167
512,2048,2,64,31.3817
512,2048,2,128,31.403
512,2048,2,256,31.7977
512,2048,2,512,31.3497
512,2048,2,1024,31.4027
512,2048,2,2048,35.5197
512,2048,2,4096,40.8857
512,2048,2,8192,44.651
512,2048,2,16384,69.589
512,2048,4,16,31.285
512,2048,4,32,31.552
512,2048,4,64,31.4133
512,2048,4,128,31.434
512,2048,4,256,31.4563
512,2048,4,512,31.616
512,2048,4,1024,34.112
512,2048,4,2048,36.7787
512,2048,4,4096,32.8747
512,2048,4,8192,45.439
512,2048,4,16384,70.5387
512,2048,8,16,31.157
512,2048,8,32,31.7337
512,2048,8,64,31.6263
512,2048,8,128,29.9947
512,2048,8,256,31.0613
512,2048,8,512,34.5067
512,2048,8,1024,35.8933
512,2048,8,2048,32.843
512,2048,8,4096,32.9817
512,2048,8,8192,45.9627
512,2048,8,16384,71.9577
512,2048,16,16,29.1417
512,2048,16,32,29.1407
512,2048,16,64,29.1517
512,2048,16,128,30.4747
512,2048,16,256,32.5123
512,2048,16,512,35.531
512,2048,16,1024,32.2243
512,2048,16,2048,40.3733
512,2048,16,4096,37.0987
512,2048,16,8192,51.105
512,2048,16,16384,75.787
512,2048,32,16,31.4457
512,2048,32,32,31.4127
512,2048,32,64,30.9867
512,2048,32,128,33.27
512,2048,32,256,32.373
512,2048,32,512,32.565
512,2048,32,1024,37.8037
512,2048,32,2048,36.7353
512,2048,32,4096,58.7413
512,2048,32,8192,69.3653
512,2048,32,16384,129.226
512,2048,64,16,34.091
512,2048,64,32,34.0587
512,2048,64,64,34.593
512,2048,64,128,32.4167
512,2048,64,256,31.8933
512,2048,64,512,39.584
512,2048,64,1024,37.845
512,2048,64,2048,56.0317
512,2048,64,4096,88.458
512,2048,64,8192,132.65
512,2048,64,16384,216.384
512,2048,128,16,36.8117
512,2048,128,32,36.4803
512,2048,128,64,36.799
512,2048,128,128,37.5993
512,2048,128,256,39.5193
512,2048,128,512,43.8937
512,2048,128,1024,58.944
512,2048,128,2048,90.9123
512,2048,128,4096,136.235
512,2048,128,8192,221.782
512,2048,128,16384,399.529
512,4096,0,0,37.3763
512,4096,1,16,37.1413
512,4096,1,32,37.2897
512,4096,1,64,37.3863
512,4096,1,128,37.3337
512,4096,1,256,37.5037
512,4096,1,512,37.3867
512,4096,1,1024,37.3753
512,4096,1,2048,37.579
512,4096,1,4096,37.3327
512,4096,1,8192,44.597
512,4096,1,16384,69.3117
512,4096,2,16,37.568
512,4096,2,32,37.707
512,4096,2,64,38.037
512,4096,2,128,38.3147
512,4096,2,256,37.5463
512,4096,2,512,37.7807
512,4096,2,1024,37.7167
512,4096,2,2048,38.027
512,4096,2,4096,50.0263
512,4096,2,8192,59.3597
512,4096,2,16384,69.5787
512,4096,4,16,37.5787
512,4096,4,32,37.696
512,4096,4,64,37.7273
512,4096,4,128,37.3327
512,4096,4,256,37.5897
512,4096,4,512,37.7927
512,4096,4,1024,36.5977
512,4096,4,2048,46.9657
512,4096,4,4096,50.7517
512,4096,4,8192,45.4287
512,4096,4,16384,71.061
512,4096,8,16,37.728
512,4096,8,32,37.6757
512,4096,8,64,38.101
512,4096,8,128,37.846
512,4096,8,256,38.0687
512,4096,8,512,37.824
512,4096,8,1024,46.9747
512,4096,8,2048,48.171
512,4096,8,4096,40.8847
512,4096,8,8192,46.8263
512,4096,8,16384,72.1917
512,4096,16,16,35.7327
512,4096,16,32,35.8403
512,4096,16,64,36.1067
512,4096,16,128,35.765
512,4096,16,256,37.8027
512,4096,16,512,41.248
512,4096,16,1024,47.8827
512,4096,16,2048,40.896
512,4096,16,4096,58.709
512,4096,16,8192,50.6453
512,4096,16,16384,79.647
512,4096,32,16,36.6827
512,4096,32,32,36.5543
512,4096,32,64,36.2667
512,4096,32,128,38.3363
512,4096,32,256,40.0427
512,4096,32,512,44.1277
512,4096,32,1024,40.949
512,4096,32,2048,51.5087
512,4096,32,4096,51.7437
512,4096,32,8192,91.435
512,4096,32,16384,115.03
512,4096,64,16,40.7463
512,4096,64,32,40.2663
512,4096,64,64,40.5547
512,4096,64,128,42.037
512,4096,64,256,40.757
512,4096,64,512,39.7117
512,4096,64,1024,52.7783
512,4096,64,2048,52.416
512,4096,64,4096,85.6957
512,4096,64,8192,144.255
512,4096,64,16384,233.215
512,4096,128,16,41.675
512,4096,128,32,41.7827
512,4096,128,64,42.3143
512,4096,128,128,43.9253
512,4096,128,256,48.3403
512,4096,128,512,53.3333
512,4096,128,1024,59.659
512,4096,128,2048,87.1037
512,4096,128,4096,150.378
512,4096,128,8192,236.223
512,4096,128,16384,412.148
512,8192,0,0,49.3447
512,8192,1,16,49.845
512,8192,1,32,49.9733
512,8192,1,64,49.8133
512,8192,1,128,50.165
512,8192,1,256,50.091
512,8192,1,512,49.867
512,8192,1,1024,49.92
512,8192,1,2048,49.9413
512,8192,1,4096,50.0483
512,8192,1,8192,50.1437
512,8192,1,16384,69.7707
512,8192,2,16,50.0903
512,8192,2,32,49.931
512,8192,2,64,50.0583
512,8192,2,128,50.1763
512,8192,2,256,49.941
512,8192,2,512,49.974
512,8192,2,1024,50.1867
512,8192,2,2048,50.261
512,8192,2,4096,50.2823
512,8192,2,8192,71.392
512,8192,2,16384,97.184
512,8192,4,16,49.8773
512,8192,4,32,49.9407
512,8192,4,64,49.6747
512,8192,4,128,50.1433
512,8192,4,256,50.2617
512,8192,4,512,50.08
512,8192,4,1024,50.283
512,8192,4,2048,50.2937
512,8192,4,4096,72.48
512,8192,4,8192,73.3007
512,8192,4,16384,70.9327
512,8192,8,16,50.0267
512,8192,8,32,49.8027
512,8192,8,64,50.1547
512,8192,8,128,49.8987
512,8192,8,256,50.0477
512,8192,8,512,49.9937
512,8192,8,1024,50.2187
512,8192,8,2048,71.904
512,8192,8,4096,72.874
512,8192,8,8192,57.7387
512,8192,8,16384,72.3203
512,8192,16,16,49.9737
512,8192,16,32,50.0057
512,8192,16,64,49.803
512,8192,16,128,50.0903
512,8192,16,256,48.2883
512,8192,16,512,52.3627
512,8192,16,1024,59.3063
512,8192,16,2048,73.4933
512,8192,16,4096,57.6857
512,8192,16,8192,92.1277
512,8192,16,16384,78.186
512,8192,32,16,48.2237
512,8192,32,32,48.1167
512,8192,32,64,48.2993
512,8192,32,128,49.28
512,8192,32,256,51.7967
512,8192,32,512,55.499
512,8192,32,1024,62.6877
512,8192,32,2048,57.6317
512,8192,32,4096,77.3867
512,8192,32,8192,77.6747
512,8192,32,16384,155.093
512,8192,64,16,52.8747
512,8192,64,32,52.939
512,8192,64,64,52.8537
512,8192,64,128,54.4957
512,8192,64,256,56.331
512,8192,64,512,59.4027
512,8192,64,1024,58.1547
512,8192,64,2048,80.096
512,8192,64,4096,81.1097
512,8192,64,8192,138.133
512,8192,64,16384,260.48
512,8192,128,16,53.8763
512,8192,128,32,54.2297
512,8192,128,64,54.72
512,8192,128,128,55.68
512,8192,128,256,58.4203
512,8192,128,512,64.7993
512,8192,128,1024,75.7967
512,8192,128,2048,86.9227
512,8192,128,4096,140.651
512,8192,128,8192,264.116
512,8192,128,16384,435.69
512,16384,0,0,74.0263
512,16384,1,16,74.4843
512,16384,1,32,74.2717
512,16384,1,64,74.6763
512,16384,1,128,74.2617
512,16384,1,256,74.4427
512,16384,1,512,74.559
512,16384,1,1024,74.6443
512,16384,1,2048,74.8157
512,16384,1,4096,74.6453
512,16384,1,8192,74.3463
512,16384,1,16384,74.8483
512,16384,2,16,74.6763
512,16384,2,32,74.635
512,16384,2,64,74.4967
512,16384,2,128,74.9227
512,16384,2,256,74.6353
512,16384,2,512,74.6557
512,16384,2,1024,74.762
512,16384,2,2048,74.687
512,16384,2,4096,74.997
512,16384,2,8192,75.2317
512,16384,2,16384,121.962
512,16384,4,16,74.4637
512,16384,4,32,74.8907
512,16384,4,64,74.6343
512,16384,4,128,74.6127
512,16384,4,256,74.527
512,16384,4,512,74.528
512,16384,4,1024,75.0717
512,16384,4,2048,75.2007
512,16384,4,4096,74.3577
512,16384,4,8192,122.368
512,16384,4,16384,123.947
512,16384,8,16,74.5597
512,16384,8,32,74.4643
512,16384,8,64,74.3993
512,16384,8,128,74.5603
512,16384,8,256,74.6027
512,16384,8,512,74.6137
512,16384,8,1024,74.6877
512,16384,8,2048,75.242
512,16384,8,4096,122.464
512,16384,8,8192,124.427
512,16384,8,16384,90.3897
512,16384,16,16,74.7417
512,16384,16,32,74.731
512,16384,16,64,74.709
512,16384,16,128,74.4427
512,16384,16,256,74.9543
512,16384,16,512,74.442
512,16384,16,1024,84.0847
512,16384,16,2048,97.6963
512,16384,16,4096,124.853
512,16384,16,8192,91.4663
512,16384,16,16384,159.488
512,16384,32,16,74.6347
512,16384,32,32,74.559
512,16384,32,64,74.816
512,16384,32,128,75.371
512,16384,32,256,74.4853
512,16384,32,512,79.371
512,16384,32,1024,86.8587
512,16384,32,2048,101.131
512,16384,32,4096,91.2743
512,16384,32,8192,129.301
512,16384,32,16384,134.442
512,16384,64,16,73.9303
512,16384,64,32,73.9413
512,16384,64,64,73.9413
512,16384,64,128,78.5273
512,16384,64,256,80.768
512,16384,64,512,84.3847
512,16384,64,1024,92.139
512,16384,64,2048,91.3487
512,16384,64,4096,131.018
512,16384,64,8192,134.474
512,16384,64,16384,242.368
512,16384,128,16,78.9543
512,16384,128,32,78.8473
512,16384,128,64,79.2213
512,16384,128,128,81.8453
512,16384,128,256,83.284
512,16384,128,512,90.5167
512,16384,128,1024,92.704
512,16384,128,2048,124.949
512,16384,128,4096,141.92
512,16384,128,8192,250.773
512,16384,128,16384,494.964
1024,0,0,0,28.927
1024,0,1,16,29.3757
1024,0,1,32,29.558
1024,0,1,64,29.6853
1024,0,1,128,29.2907
1024,0,1,256,29.2047
1024,0,1,512,28.501
1024,0,1,1024,28.5867
1024,0,1,2048,34.1227
1024,0,1,4096,46.7947
1024,0,1,8192,71.488
1024,0,1,16384,121.567
1024,0,2,16,29.4717
1024,0,2,32,29.0447
1024,0,2,64,29.6743
1024,0,2,128,28.9923
1024,0,2,256,29.4507
1024,0,2,512,28.6083
1024,0,2,1024,28.2663
1024,0,2,2048,34.4427
1024,0,2,4096,47.1357
1024,0,2,8192,72.2133
1024,0,2,16384,122.122
1024,0,4,16,30.7953
1024,0,4,32,30.859
1024,0,4,64,30.8477
1024,0,4,128,30.8903
1024,0,4,256,30.7303
1024,0,4,512,29.2907
1024,0,4,1024,29.664
1024,0,4,2048,36.1387
1024,0,4,4096,48.671
1024,0,4,8192,73.515
1024,0,4,16384,118.368
1024,0,8,16,29.3873
1024,0,8,32,30.048
1024,0,8,64,30.0373
1024,0,8,128,29.8343
1024,0,8,256,29.8133
1024,0,8,512,30.347
1024,0,8,1024,35.477
1024,0,8,2048,41.7287
1024,0,8,4096,54.2827
1024,0,8,8192,69.4717
1024,0,8,16384,120.171
1024,0,16,16,29.643
1024,0,16,32,29.6103
1024,0,16,64,29.418
1024,0,16,128,30.72
1024,0,16,256,32.864
1024,0,16,512,35.488
1024,0,16,1024,35.904
1024,0,16,2048,42.1017
1024,0,16,4096,45.8453
1024,0,16,8192,71.2213
1024,0,16,16384,120.939
1024,0,32,16,29.8987
1024,0,32,32,30.016
1024,0,32,64,30.0583
1024,0,32,128,31.69
1024,0,32,256,33.109
1024,0,32,512,36.2987
1024,0,32,1024,38.496
1024,0,32,2048,35.8617
1024,0,32,4096,50.9867
1024,0,32,8192,78.6023
1024,0,32,16384,130.326
1024,0,64,16,31.1787
1024,0,64,32,31.435
1024,0,64,64,30.9547
1024,0,64,128,32.9277
1024,0,64,256,34.272
1024,0,64,512,38.7193
1024,0,64,1024,36.6723
1024,0,64,2048,56.3733
1024,0,64,4096,79.84
1024,0,64,8192,123.616
1024,0,64,16384,210.036
1024,0,128,16,35.2103
1024,0,128,32,35.563
1024,0,128,64,35.253
1024,0,128,128,37.7487
1024,0,128,256,33.195
1024,0,128,512,41.9733
1024,0,128,1024,56.8747
1024,0,128,2048,81.6637
1024,0,128,4096,123.093
1024,0,128,8192,213.536
1024,0,128,16384,384.938
1024,16,0,0,30.091
1024,16,1,16,30.0373
1024,16,1,32,29.8563
1024,16,1,64,29.9847
1024,16,1,128,29.92
1024,16,1,256,30.091
1024,16,1,512,30.39
1024,16,1,1024,30.1657
1024,16,1,2048,34.294
1024,16,1,4096,46.8163
1024,16,1,8192,71.946
1024,16,1,16384,121.408
1024,16,2,16,29.824
1024,16,2,32,29.728
1024,16,2,64,30.1973
1024,16,2,128,30.0157
1024,16,2,256,29.8453
1024,16,2,512,30.666
1024,16,2,1024,30.336
1024,16,2,2048,34.7627
1024,16,2,4096,46.8697
1024,16,2,8192,72.2033
1024,16,2,16384,122.816
1024,16,4,16,30.059
1024,16,4,32,30.272
1024,16,4,64,30.4003
1024,16,4,128,30.954
1024,16,4,256,30.0687
1024,16,4,512,30.8587
1024,16,4,1024,29.8343
1024,16,4,2048,36.341
1024,16,4,4096,48.032
1024,16,4,8192,73.4183
1024,16,4,16384,118.901
1024,16,8,16,30.688
1024,16,8,32,30.2823
1024,16,8,64,30.4423
1024,16,8,128,30.8587
1024,16,8,256,30.8697
1024,16,8,512,30.6557
1024,16,8,1024,35.445
1024,16,8,2048,41.781
1024,16,8,4096,53.951
1024,16,8,8192,69.8027
1024,16,8,16384,121.247
1024,16,16,16,30.0147
1024,16,16,32,29.952
1024,16,16,64,29.8983
1024,16,16,128,30.912
1024,16,16,256,32.7883
1024,16,16,512,35.8403
1024,16,16,1024,35.8393
1024,16,16,2048,42.5923
1024,16,16,4096,45.4613
1024,16,16,8192,71.9033
1024,16,16,16384,121.568
1024,16,32,16,30.1013
1024,16,32,32,30.0373
1024,16,32,64,30.0477
1024,16,32,128,31.7653
1024,16,32,256,33.1843
1024,16,32,512,35.8617
1024,16,32,1024,38.6453
1024,16,32,2048,35.872
1024,16,32,4096,51.605
1024,16,32,8192,78.197
1024,16,32,16384,130.517
1024,16,64,16,31.36
1024,16,64,32,31.6053
1024,16,64,64,31.0933
1024,16,64,128,33.376
1024,16,64,256,34.6023
1024,16,64,512,38.699
1024,16,64,1024,37.1513
1024,16,64,2048,55.3487
1024,16,64,4096,76.9383
1024,16,64,8192,123.616
1024,16,64,16384,209.557
1024,16,128,16,35.392
1024,16,128,32,35.712
1024,16,128,64,35.7867
1024,16,128,128,37.5047
1024,16,128,256,40.043
1024,16,128,512,41.013
1024,16,128,1024,56.8957
1024,16,128,2048,80.0323
1024,16,128,4096,123.754
1024,16,128,8192,212.959
1024,16,128,16384,386.57
1024,32,0,0,29.547
1024,32,1,16,29.898
1024,32,1,32,30.0587
1024,32,1,64,29.77
1024,32,1,128,30.0803
1024,32,1,256,29.962
1024,32,1,512,30.3897
1024,32,1,1024,30.0363
1024,32,1,2048,34.325
1024,32,1,4096,46.7843
1024,32,1,8192,71.669
1024,32,1,16384,121.248
1024,32,2,16,29.61
1024,32,2,32,29.845
1024,32,2,64,30.6347
1024,32,2,128,29.8773
1024,32,2,256,30.0157
1024,32,2,512,29.845
1024,32,2,1024,30.6243
1024,32,2,2048,34.5597
1024,32,2,4096,47.093
1024,32,2,8192,71.8297
1024,32,2,16384,122.528
1024,32,4,16,30.5493
1024,32,4,32,30.7307
1024,32,4,64,30.3893
1024,32,4,128,30.5173
1024,32,4,256,30.3577
1024,32,4,512,29.9517
1024,32,4,1024,29.952
1024,32,4,2048,36.1277
1024,32,4,4096,48.5017
1024,32,4,8192,73.5463
1024,32,4,16384,118.88
1024,32,8,16,30.5703
1024,32,8,32,30.4323
1024,32,8,64,30.869
1024,32,8,128,30.325
1024,32,8,256,30.699
1024,32,8,512,29.771
1024,32,8,1024,35.616
1024,32,8,2048,41.5147
1024,32,8,4096,54.6127
1024,32,8,8192,69.963
1024,32,8,16384,119.723
1024,32,16,16,29.7597
1024,32,16,32,29.9953
1024,32,16,64,29.8453
1024,32,16,128,31.04
1024,32,16,256,32.533
1024,32,16,512,35.2957
1024,32,16,1024,35.83
1024,32,16,2048,42.0263
1024,32,16,4096,45.2693
1024,32,16,8192,71.3703
1024,32,16,16384,121.311
1024,32,32,16,29.8243
1024,32,32,32,30.0377
1024,32,32,64,29.9517
1024,32,32,128,31.4873
1024,32,32,256,32.896
1024,32,32,512,36.1707
1024,32,32,1024,38.144
1024,32,32,2048,35.4453
1024,32,32,4096,51.552
1024,32,32,8192,79.9137
1024,32,32,16384,132.352
1024,32,64,16,31.4883
1024,32,64,32,31.6593
1024,32,64,64,31.6053
1024,32,64,128,33.002
1024,32,64,256,34.4637
1024,32,64,512,38.3787
1024,32,64,1024,36.842
1024,32,64,2048,55.2847
1024,32,64,4096,79.531
1024,32,64,8192,123.882
1024,32,64,16384,211.456
1024,32,128,16,35.3593
1024,32,128,32,35.339
1024,32,128,64,35.658
1024,32,128,128,37.2267
1024,32,128,256,40.0953
1024,32,128,512,41.8347
1024,32,128,1024,57.1413
1024,32,128,2048,79.9893
1024,32,128,4096,123.029
1024,32,128,8192,213.12
1024,32,128,16384,385.632
1024,64,0,0,29.344
1024,64,1,16,29.813
1024,64,1,32,29.8877
1024,64,1,64,30.1227
1024,64,1,128,29.846
1024,64,1,256,30.2933
1024,64,1,512,30.048
1024,64,1,1024,29.9943
1024,64,1,2048,34.389
1024,64,1,4096,46.5173
1024,64,1,8192,71.8937
1024,64,1,16384,121.492
1024,64,2,16,29.8023
1024,64,2,32,29.9307
1024,64,2,64,29.9087
1024,64,2,128,29.7703
1024,64,2,256,29.791
1024,64,2,512,29.9413
1024,64,2,1024,30.2293
1024,64,2,2048,35.0183
1024,64,2,4096,47.3597
1024,64,2,8192,71.926
1024,64,2,16384,122.187
1024,64,4,16,30.7733
1024,64,4,32,30.2293
1024,64,4,64,30.7203
1024,64,4,128,30.4427
1024,64,4,256,30.5597
1024,64,4,512,30.507
1024,64,4,1024,30.517
1024,64,4,2048,36.928
1024,64,4,4096,49.1413
1024,64,4,8192,74.4323
1024,64,4,16384,119.296
1024,64,8,16,30.6453
1024,64,8,32,30.5277
1024,64,8,64,30.6987
1024,64,8,128,30.4953
1024,64,8,256,30.506
1024,64,8,512,30.838
1024,64,8,1024,35.456
1024,64,8,2048,41.93
1024,64,8,4096,54.4853
1024,64,8,8192,69.717
1024,64,8,16384,120.096
1024,64,16,16,29.8343
1024,64,16,32,29.909
1024,64,16,64,29.7283
1024,64,16,128,31.2317
1024,64,16,256,32.8533
1024,64,16,512,35.9787
1024,64,16,1024,35.4563
1024,64,16,2048,41.7387
1024,64,16,4096,46.2073
1024,64,16,8192,71.787
1024,64,16,16384,121.376
1024,64,32,16,29.7383
1024,64,32,32,30.507
1024,64,32,64,30.0587
1024,64,32,128,31.1677
1024,64,32,256,32.512
1024,64,32,512,35.2547
1024,64,32,1024,38.6667
1024,64,32,2048,36.1703
1024,64,32,4096,51.755
1024,64,32,8192,78.4743
1024,64,32,16384,132.064
1024,64,64,16,31.755
1024,64,64,32,31.392
1024,64,64,64,31.498
1024,64,64,128,33.0343
1024,64,64,256,34.5813
1024,64,64,512,38.816
1024,64,64,1024,36.7143
1024,64,64,2048,56.149
1024,64,64,4096,79.0293
1024,64,64,8192,123.114
1024,64,64,16384,209.695
1024,64,128,16,35.3913
1024,64,128,32,35.5833
1024,64,128,64,35.3703
1024,64,128,128,37.92
1024,64,128,256,40.3627
1024,64,128,512,42.389
1024,64,128,1024,57.1417
1024,64,128,2048,79.9463
1024,64,128,4096,123.775
1024,64,128,8192,212.138
1024,64,128,16384,385.93
1024,128,0,0,29.291
1024,128,1,16,30.4103
1024,128,1,32,30.463
1024,128,1,64,30.4217
1024,128,1,128,30.4427
1024,128,1,256,30.4
1024,128,1,512,30.0473
1024,128,1,1024,30.3997
1024,128,1,2048,34.198
1024,128,1,4096,46.88
1024,128,1,8192,71.8717
1024,128,1,16384,122.294
1024,128,2,16,30.5173
1024,128,2,32,30.176
1024,128,2,64,30.0053
1024,128,2,128,30.368
1024,128,2,256,30.368
1024,128,2,512,30.2937
1024,128,2,1024,30.3897
1024,128,2,2048,35.0293
1024,128,2,4096,47.5413
1024,128,2,8192,72.4157
1024,128,2,16384,122.613
1024,128,4,16,30.9437
1024,128,4,32,30.7943
1024,128,4,64,30.816
1024,128,4,128,31.168
1024,128,4,256,30.9223
1024,128,4,512,30.6563
1024,128,4,1024,35.3913
1024,128,4,2048,41.8767
1024,128,4,4096,54.304
1024,128,4,8192,79.6053
1024,128,4,16384,119.339
1024,128,8,16,29.931
1024,128,8,32,29.8457
1024,128,8,64,29.9417
1024,128,8,128,31.616
1024,128,8,256,32.533
1024,128,8,512,35.8293
1024,128,8,1024,35.6057
1024,128,8,2048,42.069
1024,128,8,4096,55.2317
1024,128,8,8192,69.664
1024,128,8,16384,120.329
1024,128,16,16,29.771
1024,128,16,32,29.8453
1024,128,16,64,30.229
1024,128,16,128,31.6267
1024,128,16,256,32.949
1024,128,16,512,36.0747
1024,128,16,1024,37.237
1024,128,16,2048,44.1173
1024,128,16,4096,45.4613
1024,128,16,8192,71.9577
1024,128,16,16384,121.098
1024,128,32,16,30.1967
1024,128,32,32,29.952
1024,128,32,64,30.133
1024,128,32,128,32.6717
1024,128,32,256,34.592
1024,128,32,512,37.3227
1024,128,32,1024,39.477
1024,128,32,2048,35.9247
1024,128,32,4096,51.1893
1024,128,32,8192,78.6237
1024,128,32,16384,130.421
1024,128,64,16,31.6373
1024,128,64,32,31.9037
1024,128,64,64,31.7973
1024,128,64,128,33.056
1024,128,64,256,35.8717
1024,128,64,512,39.5943
1024,128,64,1024,36.5973
1024,128,64,2048,56.587
1024,128,64,4096,79.839
1024,128,64,8192,123.829
1024,128,64,16384,210.133
1024,128,128,16,35.776
1024,128,128,32,35.328
1024,128,128,64,35.531
1024,128,128,128,37.9297
1024,128,128,256,42.0167
1024,128,128,512,42.0263
1024,128,128,1024,58.101
1024,128,128,2048,81.205
1024,128,128,4096,124.971
1024,128,128,8192,211.402
1024,128,128,16384,388.149
1024,256,0,0,30.1437
1024,256,1,16,30.443
1024,256,1,32,30.9117
1024,256,1,64,30.8907
1024,256,1,128,30.763
1024,256,1,256,31.2963
1024,256,1,512,30.7947
1024,256,1,1024,30.667
1024,256,1,2048,34.507
1024,256,1,4096,47.0077
1024,256,1,8192,71.6693
1024,256,1,16384,121.93
1024,256,2,16,31.0827
1024,256,2,32,31.2107
1024,256,2,64,31.1357
1024,256,2,128,30.8477
1024,256,2,256,31.0937
1024,256,2,512,30.8053
1024,256,2,1024,31.1473
1024,256,2,2048,35.125
1024,256,2,4096,47.5193
1024,256,2,8192,72.2133
1024,256,2,16384,122.762
1024,256,4,16,31.8287
1024,256,4,32,31.9257
1024,256,4,64,32.075
1024,256,4,128,32.1497
1024,256,4,256,32.16
1024,256,4,512,32.2873
1024,256,4,1024,35.797
1024,256,4,2048,42.123
1024,256,4,4096,54.474
1024,256,4,8192,79.9997
1024,256,4,16384,120.459
1024,256,8,16,30.955
1024,256,8,32,30.7303
1024,256,8,64,30.5923
1024,256,8,128,31.4243
1024,256,8,256,32.7573
1024,256,8,512,35.8723
1024,256,8,1024,37.1093
1024,256,8,2048,43.466
1024,256,8,4096,56.427
1024,256,8,8192,69.76
1024,256,8,16384,120.363
1024,256,16,16,30.273
1024,256,16,32,30.7303
1024,256,16,64,30.763
1024,256,16,128,32.6077
1024,256,16,256,34.1533
1024,256,16,512,37.2587
1024,256,16,1024,37.3547
1024,256,16,2048,43.979
1024,256,16,4096,45.8873
1024,256,16,8192,70.9117
1024,256,16,16384,121.312
1024,256,32,16,31.232
1024,256,32,32,31.4453
1024,256,32,64,31.9253
1024,256,32,128,32.9483
1024,256,32,256,34.368
1024,256,32,512,37.3327
1024,256,32,1024,39.3817
1024,256,32,2048,36.287
1024,256,32,4096,51.0503
1024,256,32,8192,78.5713
1024,256,32,16384,130.879
1024,256,64,16,32.5437
1024,256,64,32,32.8753
1024,256,64,64,33.2373
1024,256,64,128,34.5603
1024,256,64,256,36.0963
1024,256,64,512,40.1277
1024,256,64,1024,36.683
1024,256,64,2048,56.0113
1024,256,64,4096,79.6157
1024,256,64,8192,124.224
1024,256,64,16384,209.525
1024,256,128,16,37.2903
1024,256,128,32,37.0993
1024,256,128,64,37.2053
1024,256,128,128,38.987
1024,256,128,256,41.1307
1024,256,128,512,42.4743
1024,256,128,1024,58.0583
1024,256,128,2048,81.4823
1024,256,128,4096,125.557
1024,256,128,8192,213.279
1024,256,128,16384,386.122
1024,512,0,0,31.754
1024,512,1,16,32.661
1024,512,1,32,32.7043
1024,512,1,64,32.352
1024,512,1,128,32.8107
1024,512,1,256,32.4477
1024,512,1,512,32.4693
1024,512,1,1024,32.4047
1024,512,1,2048,34.7837
1024,512,1,4096,47.4983
1024,512,1,8192,71.957
1024,512,1,16384,122.133
1024,512,2,16,32.778
1024,512,2,32,32.5127
1024,512,2,64,32.9063
1024,512,2,128,32.7037
1024,512,2,256,33.0243
1024,512,2,512,32.5973
1024,512,2,1024,32.768
1024,512,2,2048,35.381
1024,512,2,4096,47.541
1024,512,2,8192,72.7887
1024,512,2,16384,122.336
1024,512,4,16,33.311
1024,512,4,32,33.76
1024,512,4,64,33.3543
1024,512,4,128,33.4187
1024,512,4,256,33.312
1024,512,4,512,33.9207
1024,512,4,1024,37.6103
1024,512,4,2048,43.4983
1024,512,4,4096,56.1703
1024,512,4,8192,81.8883
1024,512,4,16384,131.946
1024,512,8,16,32.971
1024,512,8,32,33.184
1024,512,8,64,33.3647
1024,512,8,128,32.9173
1024,512,8,256,34.3997
1024,512,8,512,37.5037
1024,512,8,1024,38.506
1024,512,8,2048,44.6193
1024,512,8,4096,57.2797
1024,512,8,8192,83.8823
1024,512,8,16384,119.936
1024,512,16,16,32.4593
1024,512,16,32,32.3093
1024,512,16,64,32.469
1024,512,16,128,33.334
1024,512,16,256,35.5313
1024,512,16,512,38.549
1024,512,16,1024,38.741
1024,512,16,2048,45.4623
1024,512,16,4096,59.5623
1024,512,16,8192,71.0077
1024,512,16,16384,121.546
1024,512,32,16,33.1733
1024,512,32,32,33.0777
1024,512,32,64,32.7997
1024,512,32,128,34.4203
1024,512,32,256,35.83
1024,512,32,512,39.2533
1024,512,32,1024,45.632
1024,512,32,2048,50.4217
1024,512,32,4096,51.776
1024,512,32,8192,80.6613
1024,512,32,16384,131.211
1024,512,64,16,34.294
1024,512,64,32,34.336
1024,512,64,64,34.559
1024,512,64,128,35.7017
1024,512,64,256,37.3443
1024,512,64,512,41.408
1024,512,64,1024,36.992
1024,512,64,2048,55.9143
1024,512,64,4096,80.1067
1024,512,64,8192,125.333
1024,512,64,16384,210.207
1024,512,128,16,38.389
1024,512,128,32,38.3787
1024,512,128,64,38.7303
1024,512,128,128,41.045
1024,512,128,256,42.411
1024,512,128,512,42.9653
1024,512,128,1024,57.333
1024,512,128,2048,80.181
1024,512,128,4096,126.357
1024,512,128,8192,211.68
1024,512,128,16384,388.928
1024,1024,0,0,35.2957
1024,1024,1,16,35.8397
1024,1024,1,32,35.5733
1024,1024,1,64,35.7653
1024,1024,1,128,35.659
1024,1024,1,256,35.755
1024,1024,1,512,35.6693
1024,1024,1,1024,35.1463
1024,1024,1,2048,34.8043
1024,1024,1,4096,47.1473
1024,1024,1,8192,71.968
1024,1024,1,16384,121.866
1024,1024,2,16,36.1707
1024,1024,2,32,36.1063
1024,1024,2,64,35.5737
1024,1024,2,128,36.0537
1024,1024,2,256,35.904
1024,1024,2,512,35.9147
1024,1024,2,1024,35.3497
1024,1024,2,2048,35.3063
1024,1024,2,4096,47.5947
1024,1024,2,8192,73.5037
1024,1024,2,16384,122.453
1024,1024,4,16,36.4687
1024,1024,4,32,36.501
1024,1024,4,64,37.0663
1024,1024,4,128,36.8537
1024,1024,4,256,36.4483
1024,1024,4,512,36.4903
1024,1024,4,1024,35.231
1024,1024,4,2048,46.7097
1024,1024,4,4096,59.1897
1024,1024,4,8192,84.3303
1024,1024,4,16384,135.509
1024,1024,8,16,36.064
1024,1024,8,32,36.4157
1024,1024,8,64,36.4583
1024,1024,8,128,36.2023
1024,1024,8,256,36.1707
1024,1024,8,512,40.3093
1024,1024,8,1024,46.7517
1024,1024,8,2048,47.829
1024,1024,8,4096,60.1177
1024,1024,8,8192,86.538
1024,1024,8,16384,120.427
1024,1024,16,16,36.128
1024,1024,16,32,36.032
1024,1024,16,64,36.224
1024,1024,16,128,35.5623
1024,1024,16,256,37.1523
1024,1024,16,512,41.2473
1024,1024,16,1024,47.9467
1024,1024,16,2048,48.2347
1024,1024,16,4096,62.3677
1024,1024,16,8192,71.1677
1024,1024,16,16384,121.067
1024,1024,32,16,35.595
1024,1024,32,32,35.6057
1024,1024,32,64,36.1923
1024,1024,32,128,37.2687
1024,1024,32,256,38.698
1024,1024,32,512,41.6213
1024,1024,32,1024,48.5543
1024,1024,32,2048,53.8453
1024,1024,32,4096,51.2217
1024,1024,32,8192,79.1677
1024,1024,32,16384,132.351
1024,1024,64,16,37.5043
1024,1024,64,32,37.6323
1024,1024,64,64,38.0693
1024,1024,64,128,39.0293
1024,1024,64,256,40.3413
1024,1024,64,512,44.864
1024,1024,64,1024,54.144
1024,1024,64,2048,52.4163
1024,1024,64,4096,81.28
1024,1024,64,8192,125.311
1024,1024,64,16384,212.074
1024,1024,128,16,41.6433
1024,1024,128,32,41.0563
1024,1024,128,64,41.6533
1024,1024,128,128,44.2563
1024,1024,128,256,46.741
1024,1024,128,512,54.933
1024,1024,128,1024,57.8673
1024,1024,128,2048,81.8453
1024,1024,128,4096,127.648
1024,1024,128,8192,211.327
1024,1024,128,16384,387.37
1024,2048,0,0,41.6967
1024,2048,1,16,41.941
1024,2048,1,32,42.4003
1024,2048,1,64,42.0267
1024,2048,1,128,41.9307
1024,2048,1,256,41.9517
1024,2048,1,512,42.421
1024,2048,1,1024,42.336
1024,2048,1,2048,41.9943
1024,2048,1,4096,47.157
1024,2048,1,8192,72.0427
1024,2048,1,16384,121.984
1024,2048,2,16,42.3357
1024,2048,2,32,42.357
1024,2048,2,64,42.07
1024,2048,2,128,42.5063
1024,2048,2,256,42.283
1024,2048,2,512,42.2403
1024,2048,2,1024,42.111
1024,2048,2,2048,42.2933
1024,2048,2,4096,47.5943
1024,2048,2,8192,72.64
1024,2048,2,16384,122.688
1024,2048,4,16,43.0713
1024,2048,4,32,42.8903
1024,2048,4,64,43.146
1024,2048,4,128,42.6553
1024,2048,4,256,42.7837
1024,2048,4,512,42.6453
1024,2048,4,1024,42.751
1024,2048,4,2048,52.7463
1024,2048,4,4096,65.493
1024,2048,4,8192,90.496
1024,2048,4,16384,141.631
1024,2048,8,16,42.4853
1024,2048,8,32,42.667
1024,2048,8,64,42.8267
1024,2048,8,128,42.453
1024,2048,8,256,42.7197
1024,2048,8,512,42.8587
1024,2048,8,1024,53.3757
1024,2048,8,2048,53.845
1024,2048,8,4096,67.0403
1024,2048,8,8192,92.9167
1024,2048,8,16384,143.126
1024,2048,16,16,42.5813
1024,2048,16,32,42.475
1024,2048,16,64,42.6337
1024,2048,16,128,42.3997
1024,2048,16,256,43.3607
1024,2048,16,512,46.869
1024,2048,16,1024,53.5473
1024,2048,16,2048,54.5273
1024,2048,16,4096,69.1943
1024,2048,16,8192,94.496
1024,2048,16,16384,121.365
1024,2048,32,16,42.0273
1024,2048,32,32,42.2187
1024,2048,32,64,42.0263
1024,2048,32,128,43.6807
1024,2048,32,256,45.2387
1024,2048,32,512,48.192
1024,2048,32,1024,54.4427
1024,2048,32,2048,69.728
1024,2048,32,4096,76.1063
1024,2048,32,8192,80.0423
1024,2048,32,16384,134.592
1024,2048,64,16,43.339
1024,2048,64,32,43.7543
1024,2048,64,64,43.9363
1024,2048,64,128,45.3233
1024,2048,64,256,47.1357
1024,2048,64,512,51.1253
1024,2048,64,1024,60.277
1024,2048,64,2048,75.541
1024,2048,64,4096,83.1893
1024,2048,64,8192,129.077
1024,2048,64,16384,216.533
1024,2048,128,16,47.36
1024,2048,128,32,47.3173
1024,2048,128,64,47.584
1024,2048,128,128,49.952
1024,2048,128,256,52.4053
1024,2048,128,512,60.4267
1024,2048,128,1024,74.6987
1024,2048,128,2048,86.8473
1024,2048,128,4096,131.435
1024,2048,128,8192,216.596
1024,2048,128,16384,393.621
1024,4096,0,0,53.8133
1024,4096,1,16,54.6777
1024,4096,1,32,54.5497
1024,4096,1,64,54.4963
1024,4096,1,128,54.5387
1024,4096,1,256,54.4853
1024,4096,1,512,54.463
1024,4096,1,1024,54.7947
1024,4096,1,2048,54.6983
1024,4096,1,4096,54.624
1024,4096,1,8192,72.405
1024,4096,1,16384,121.92
1024,4096,2,16,54.6457
1024,4096,2,32,54.7197
1024,4096,2,64,54.975
1024,4096,2,128,54.827
1024,4096,2,256,54.8797
1024,4096,2,512,55.1783
1024,4096,2,1024,54.8257
1024,4096,2,2048,54.6777
1024,4096,2,4096,54.8263
1024,4096,2,8192,73.195
1024,4096,2,16384,122.879
1024,4096,4,16,55.3277
1024,4096,4,32,55.2853
1024,4096,4,64,55.3393
1024,4096,4,128,55.317
1024,4096,4,256,55.467
1024,4096,4,512,55.3813
1024,4096,4,1024,55.328
1024,4096,4,2048,55.51
1024,4096,4,4096,78.3147
1024,4096,4,8192,103.36
1024,4096,4,16384,154.048
1024,4096,8,16,55.3813
1024,4096,8,32,54.8907
1024,4096,8,64,54.9227
1024,4096,8,128,55.232
1024,4096,8,256,55.136
1024,4096,8,512,55.3497
1024,4096,8,1024,55.2527
1024,4096,8,2048,78.2613
1024,4096,8,4096,78.4003
1024,4096,8,8192,105.344
1024,4096,8,16384,155.531
1024,4096,16,16,55.1673
1024,4096,16,32,55.3707
1024,4096,16,64,54.8907
1024,4096,16,128,55.0397
1024,4096,16,256,55.0187
1024,4096,16,512,58.8593
1024,4096,16,1024,65.2687
1024,4096,16,2048,79.0077
1024,4096,16,4096,81.0983
1024,4096,16,8192,107.168
1024,4096,16,16384,157.087
1024,4096,32,16,55.1573
1024,4096,32,32,55.3603
1024,4096,32,64,54.9757
1024,4096,32,128,55.733
1024,4096,32,256,57.1627
1024,4096,32,512,60.629
1024,4096,32,1024,66.8693
1024,4096,32,2048,81.7593
1024,4096,32,4096,88.309
1024,4096,32,8192,115.328
1024,4096,32,16384,133.12
1024,4096,64,16,55.1567
1024,4096,64,32,55.3383
1024,4096,64,64,55.1683
1024,4096,64,128,57.7707
1024,4096,64,256,59.189
1024,4096,64,512,63.5193
1024,4096,64,1024,71.8827
1024,4096,64,2048,87.979
1024,4096,64,4096,115.146
1024,4096,64,8192,137.738
1024,4096,64,16384,222.868
1024,4096,128,16,59.53
1024,4096,128,32,59.5307
1024,4096,128,64,59.5633
1024,4096,128,128,61.973
1024,4096,128,256,64.7573
1024,4096,128,512,72.032
1024,4096,128,1024,86.4957
1024,4096,128,2048,86.144
1024,4096,128,4096,139.935
1024,4096,128,8192,223.412
1024,4096,128,16384,400.682
1024,8192,0,0,78.784
1024,8192,1,16,79.6157
1024,8192,1,32,79.7653
1024,8192,1,64,79.2423
1024,8192,1,128,79.392
1024,8192,1,256,79.4773
1024,8192,1,512,79.4883
1024,8192,1,1024,79.7867
1024,8192,1,2048,79.5733
1024,8192,1,4096,79.84
1024,8192,1,8192,79.637
1024,8192,1,16384,122.527
1024,8192,2,16,79.456
1024,8192,2,32,79.434
1024,8192,2,64,79.7007
1024,8192,2,128,80.171
1024,8192,2,256,79.7227
1024,8192,2,512,79.8617
1024,8192,2,1024,79.4457
1024,8192,2,2048,79.6373
1024,8192,2,4096,79.53
1024,8192,2,8192,79.8183
1024,8192,2,16384,123.839
1024,8192,4,16,79.9357
1024,8192,4,32,79.8507
1024,8192,4,64,80.2133
1024,8192,4,128,80.0427
1024,8192,4,256,79.9897
1024,8192,4,512,80.3737
1024,8192,4,1024,80.2123
1024,8192,4,2048,80.0857
1024,8192,4,4096,80.17
1024,8192,4,8192,128.223
1024,8192,4,16384,179.38
1024,8192,8,16,79.8617
1024,8192,8,32,79.7977
1024,8192,8,64,79.7117
1024,8192,8,128,79.947
1024,8192,8,256,80.288
1024,8192,8,512,80.075
1024,8192,8,1024,79.9353
1024,8192,8,2048,79.808
1024,8192,8,4096,128.608
1024,8192,8,8192,130.069
1024,8192,8,16384,181.035
1024,8192,16,16,79.7657
1024,8192,16,32,79.8817
1024,8192,16,64,79.85
1024,8192,16,128,79.6797
1024,8192,16,256,79.7437
1024,8192,16,512,79.509
1024,8192,16,1024,87.68
1024,8192,16,2048,103.2
1024,8192,16,4096,130.464
1024,8192,16,8192,131.776
1024,8192,16,16384,182.911
1024,8192,32,16,79.765
1024,8192,32,32,79.8397
1024,8192,32,64,80.0107
1024,8192,32,128,80.01
1024,8192,32,256,80.544
1024,8192,32,512,84.8317
1024,8192,32,1024,92.0857
1024,8192,32,2048,106.752
1024,8192,32,4096,132.651
1024,8192,32,8192,138.4
1024,8192,32,16384,135.531
1024,8192,64,16,79.8937
1024,8192,64,32,79.5627
1024,8192,64,64,79.668
1024,8192,64,128,81.269
1024,8192,64,256,83.0073
1024,8192,64,512,86.9763
1024,8192,64,1024,96.3837
1024,8192,64,2048,111.509
1024,8192,64,4096,139.093
1024,8192,64,8192,134.613
1024,8192,64,16384,241.897
1024,8192,128,16,84.1603
1024,8192,128,32,83.7337
1024,8192,128,64,84.2027
1024,8192,128,128,85.9943
1024,8192,128,256,88.7787
1024,8192,128,512,96.4587
1024,8192,128,1024,109.61
1024,8192,128,2048,131.883
1024,8192,128,4096,140.48
1024,8192,128,8192,243.359
1024,8192,128,16384,418.026
1024,16384,0,0,129.397
1024,16384,1,16,130.208
1024,16384,1,32,130.315
1024,16384,1,64,130.388
1024,16384,1,128,130.166
1024,16384,1,256,130.165
1024,16384,1,512,129.685
1024,16384,1,1024,130.816
1024,16384,1,2048,130.101
1024,16384,1,4096,130.059
1024,16384,1,8192,130.474
1024,16384,1,16384,130.133
1024,16384,2,16,130.41
1024,16384,2,32,130.217
1024,16384,2,64,130.186
1024,16384,2,128,130.783
1024,16384,2,256,130.731
1024,16384,2,512,130.538
1024,16384,2,1024,130.603
1024,16384,2,2048,130.367
1024,16384,2,4096,130.485
1024,16384,2,8192,130.687
1024,16384,2,16384,131.775
1024,16384,4,16,130.784
1024,16384,4,32,130.709
1024,16384,4,64,130.826
1024,16384,4,128,130.816
1024,16384,4,256,130.911
1024,16384,4,512,130.73
1024,16384,4,1024,130.869
1024,16384,4,2048,130.806
1024,16384,4,4096,130.922
1024,16384,4,8192,131.445
1024,16384,4,16384,228.959
1024,16384,8,16,130.869
1024,16384,8,32,130.773
1024,16384,8,64,130.869
1024,16384,8,128,130.677
1024,16384,8,256,131.082
1024,16384,8,512,130.337
1024,16384,8,1024,130.73
1024,16384,8,2048,130.752
1024,16384,8,4096,131.829
1024,16384,8,8192,229.269
1024,16384,8,16384,230.187
1024,16384,16,16,130.634
1024,16384,16,32,130.794
1024,16384,16,64,130.058
1024,16384,16,128,130.293
1024,16384,16,256,130.357
1024,16384,16,512,131.104
1024,16384,16,1024,130.453
1024,16384,16,2048,138.699
1024,16384,16,4096,179.85
1024,16384,16,8192,230.826
1024,16384,16,16384,231.595
1024,16384,32,16,130.965
1024,16384,32,32,131.103
1024,16384,32,64,131.199
1024,16384,32,128,130.944
1024,16384,32,256,130.784
1024,16384,32,512,131.157
1024,16384,32,1024,141.354
1024,16384,32,2048,155.957
1024,16384,32,4096,182.133
1024,16384,32,8192,232.341
1024,16384,32,16384,238.474
1024,16384,64,16,131.199
1024,16384,64,32,131.402
1024,16384,64,64,131.659
1024,16384,64,128,131.54
1024,16384,64,256,131.637
1024,16384,64,512,136.874
1024,16384,64,1024,143.861
1024,16384,64,2048,160.149
1024,16384,64,4096,187.039
1024,16384,64,8192,240.074
1024,16384,64,16384,238.378
1024,16384,128,16,131.776
1024,16384,128,32,131.776
1024,16384,128,64,132.384
1024,16384,128,128,136.288
1024,16384,128,256,138.293
1024,16384,128,512,143.627
1024,16384,128,1024,156.651
1024,16384,128,2048,178.058
1024,16384,128,4096,224.693
1024,16384,128,8192,244.982
1024,16384,128,16384,448.575
2048,0,0,0,39.733
2048,0,1,16,39.4557
2048,0,1,32,39.5517
2048,0,1,64,39.5197
2048,0,1,128,39.6263
2048,0,1,256,39.4883
2048,0,1,512,39.3703
2048,0,1,1024,39.5843
2048,0,1,2048,40.7573
2048,0,1,4096,64.9597
2048,0,1,8192,113.206
2048,0,1,16384,208.682
2048,0,2,16,39.6043
2048,0,2,32,39.8073
2048,0,2,64,39.498
2048,0,2,128,39.4987
2048,0,2,256,39.648
2048,0,2,512,39.6377
2048,0,2,1024,39.648
2048,0,2,2048,40.9383
2048,0,2,4096,64.576
2048,0,2,8192,113.12
2048,0,2,16384,209.44
2048,0,4,16,39.733
2048,0,4,32,39.9247
2048,0,4,64,39.9573
2048,0,4,128,39.776
2048,0,4,256,39.8187
2048,0,4,512,39.776
2048,0,4,1024,39.7227
2048,0,4,2048,41.5993
2048,0,4,4096,65.248
2048,0,4,8192,113.429
2048,0,4,16384,209.674
2048,0,8,16,39.6477
2048,0,8,32,39.787
2048,0,8,64,39.7227
2048,0,8,128,39.6367
2048,0,8,256,39.7117
2048,0,8,512,39.914
2048,0,8,1024,39.7017
2048,0,8,2048,46.517
2048,0,8,4096,70.271
2048,0,8,8192,118.399
2048,0,8,16384,214.549
2048,0,16,16,39.7653
2048,0,16,32,39.733
2048,0,16,64,39.9143
2048,0,16,128,39.8607
2048,0,16,256,39.872
2048,0,16,512,39.8613
2048,0,16,1024,39.8613
2048,0,16,2048,48.203
2048,0,16,4096,72.255
2048,0,16,8192,120.053
2048,0,16,16384,216.394
2048,0,32,16,40.107
2048,0,32,32,40.2237
2048,0,32,64,40.128
2048,0,32,128,40.0753
2048,0,32,256,39.978
2048,0,32,512,39.9467
2048,0,32,1024,40.1813
2048,0,32,2048,51.8083
2048,0,32,4096,75.7653
2048,0,32,8192,124.543
2048,0,32,16384,220.128
2048,0,64,16,40.3733
2048,0,64,32,40.3733
2048,0,64,64,40.2563
2048,0,64,128,40.299
2048,0,64,256,40.3523
2048,0,64,512,40.256
2048,0,64,1024,46.8267
2048,0,64,2048,62.5487
2048,0,64,4096,88.1597
2048,0,64,8192,140.971
2048,0,64,16384,236.607
2048,0,128,16,40.7147
2048,0,128,32,40.5227
2048,0,128,64,40.4267
2048,0,128,128,40.6187
2048,0,128,256,40.6723
2048,0,128,512,47.3703
2048,0,128,1024,59.8827
2048,0,128,2048,84.928
2048,0,128,4096,128.554
2048,0,128,8192,219.637
2048,0,128,16384,391.391
2048,16,0,0,40.992
2048,16,1,16,40.8643
2048,16,1,32,40.9817
2048,16,1,64,40.7997
2048,16,1,128,40.885
2048,16,1,256,40.79
2048,16,1,512,41.0137
2048,16,1,1024,41.0027
2048,16,1,2048,41.0883
2048,16,1,4096,65.5147
2048,16,1,8192,112.992
2048,16,1,16384,209.206
2048,16,2,16,41.014
2048,16,2,32,40.885
2048,16,2,64,41.057
2048,16,2,128,41.0457
2048,16,2,256,40.9063
2048,16,2,512,40.8323
2048,16,2,1024,41.0453
2048,16,2,2048,41.2377
2048,16,2,4096,65.034
2048,16,2,8192,113.003
2048,16,2,16384,208.982
2048,16,4,16,41.1307
2048,16,4,32,41.184
2048,16,4,64,41.3227
2048,16,4,128,40.992
2048,16,4,256,41.2057
2048,16,4,512,41.163
2048,16,4,1024,41.088
2048,16,4,2048,41.4503
2048,16,4,4096,64.9607
2048,16,4,8192,113.332
2048,16,4,16384,209.568
2048,16,8,16,41.098
2048,16,8,32,41.3227
2048,16,8,64,41.472
2048,16,8,128,41.3013
2048,16,8,256,41.2587
2048,16,8,512,41.215
2048,16,8,1024,41.2273
2048,16,8,2048,46.5593
2048,16,8,4096,70.325
2048,16,8,8192,118.399
2048,16,8,16384,214.73
2048,16,16,16,41.2057
2048,16,16,32,41.056
2048,16,16,64,41.12
2048,16,16,128,41.1307
2048,16,16,256,41.205
2048,16,16,512,41.258
2048,16,16,1024,41.2477
2048,16,16,2048,47.968
2048,16,16,4096,71.904
2048,16,16,8192,120.469
2048,16,16,16384,216.576
2048,16,32,16,41.6213
2048,16,32,32,41.6003
2048,16,32,64,41.6103
2048,16,32,128,41.4833
2048,16,32,256,41.6423
2048,16,32,512,41.6427
2048,16,32,1024,41.5787
2048,16,32,2048,51.915
2048,16,32,4096,75.7863
2048,16,32,8192,124.191
2048,16,32,16384,220.469
2048,16,64,16,41.4943
2048,16,64,32,41.888
2048,16,64,64,41.461
2048,16,64,128,41.7917
2048,16,64,256,41.6317
2048,16,64,512,41.589
2048,16,64,1024,46.7623
2048,16,64,2048,61.9523
2048,16,64,4096,87.8193
2048,16,64,8192,140.842
2048,16,64,16384,242.485
2048,16,128,16,41.6317
2048,16,128,32,42.0693
2048,16,128,64,42.0153
2048,16,128,128,41.877
2048,16,128,256,41.9737
2048,16,128,512,48.288
2048,16,128,1024,60.5653
2048,16,128,2048,85.8547
2048,16,128,4096,126.623
2048,16,128,8192,219.082
2048,16,128,16384,388.212
2048,32,0,0,41.2267
2048,32,1,16,40.874
2048,32,1,32,40.8747
2048,32,1,64,40.9067
2048,32,1,128,40.9923
2048,32,1,256,41.2157
2048,32,1,512,41.034
2048,32,1,1024,40.9173
2048,32,1,2048,41.0667
2048,32,1,4096,64.7573
2048,32,1,8192,112.949
2048,32,1,16384,208.885
2048,32,2,16,41.1093
2048,32,2,32,40.9277
2048,32,2,64,41.014
2048,32,2,128,41.002
2048,32,2,256,40.715
2048,32,2,512,41.195
2048,32,2,1024,40.9597
2048,32,2,2048,40.8957
2048,32,2,4096,64.9383
2048,32,2,8192,112.896
2048,32,2,16384,209.194
2048,32,4,16,41.1843
2048,32,4,32,41.2593
2048,32,4,64,41.0877
2048,32,4,128,41.1623
2048,32,4,256,41.0667
2048,32,4,512,41.2367
2048,32,4,1024,41.109
2048,32,4,2048,41.2263
2048,32,4,4096,65.3117
2048,32,4,8192,113.429
2048,32,4,16384,209.696
2048,32,8,16,41.2153
2048,32,8,32,41.2163
2048,32,8,64,41.1413
2048,32,8,128,41.2687
2048,32,8,256,41.0983
2048,32,8,512,41.2377
2048,32,8,1024,41.2153
2048,32,8,2048,46.272
2048,32,8,4096,70.2607
2048,32,8,8192,118.4
2048,32,8,16384,214.581
2048,32,16,16,41.227
2048,32,16,32,41.1093
2048,32,16,64,41.1307
2048,32,16,128,41.13
2048,32,16,256,41.1417
2048,32,16,512,41.2273
2048,32,16,1024,41.195
2048,32,16,2048,48.053
2048,32,16,4096,72.235
2048,32,16,8192,120.181
2048,32,16,16384,216.341
2048,32,32,16,41.5783
2048,32,32,32,41.1407
2048,32,32,64,41.3653
2048,32,32,128,41.4077
2048,32,32,256,41.4617
2048,32,32,512,41.5787
2048,32,32,1024,41.589
2048,32,32,2048,51.6903
2048,32,32,4096,76.1707
2048,32,32,8192,124.298
2048,32,32,16384,220.587
2048,32,64,16,41.5687
2048,32,64,32,41.557
2048,32,64,64,41.941
2048,32,64,128,41.707
2048,32,64,256,41.9837
2048,32,64,512,41.493
2048,32,64,1024,47.957
2048,32,64,2048,62.56
2048,32,64,4096,88.2983
2048,32,64,8192,144.65
2048,32,64,16384,242.72
2048,32,128,16,41.9623
2048,32,128,32,41.7283
2048,32,128,64,42.1547
2048,32,128,128,41.888
2048,32,128,256,42.0587
2048,32,128,512,47.072
2048,32,128,1024,60.5853
2048,32,128,2048,85.8877
2048,32,128,4096,128.299
2048,32,128,8192,220.245
2048,32,128,16384,390.197
2048,64,0,0,41.0773
2048,64,1,16,40.8747
2048,64,1,32,41.1303
2048,64,1,64,41.0883
2048,64,1,128,41.077
2048,64,1,256,41.2047
2048,64,1,512,41.1523
2048,64,1,1024,41.259
2048,64,1,2048,41.0983
2048,64,1,4096,65.1303
2048,64,1,8192,112.959
2048,64,1,16384,208.917
2048,64,2,16,41.0243
2048,64,2,32,40.9283
2048,64,2,64,41.194
2048,64,2,128,41.258
2048,64,2,256,40.992
2048,64,2,512,40.9063
2048,64,2,1024,41.057
2048,64,2,2048,41.12
2048,64,2,4096,64.992
2048,64,2,8192,113.173
2048,64,2,16384,208.96
2048,64,4,16,41.2053
2048,64,4,32,41.2267
2048,64,4,64,41.3763
2048,64,4,128,41.184
2048,64,4,256,41.2793
2048,64,4,512,41.0663
2048,64,4,1024,41.066
2048,64,4,2048,41.4717
2048,64,4,4096,65.4613
2048,64,4,8192,113.323
2048,64,4,16384,209.664
2048,64,8,16,41.2057
2048,64,8,32,41.2257
2048,64,8,64,41.1627
2048,64,8,128,41.2477
2048,64,8,256,41.3543
2048,64,8,512,41.3013
2048,64,8,1024,41.28
2048,64,8,2048,46.2717
2048,64,8,4096,70.4213
2048,64,8,8192,118.539
2048,64,8,16384,214.816
2048,64,16,16,41.3547
2048,64,16,32,41.3233
2048,64,16,64,41.418
2048,64,16,128,41.099
2048,64,16,256,41.408
2048,64,16,512,41.2907
2048,64,16,1024,41.493
2048,64,16,2048,48.3307
2048,64,16,4096,71.9457
2048,64,16,8192,120.192
2048,64,16,16384,216.64
2048,64,32,16,41.354
2048,64,32,32,41.4823
2048,64,32,64,41.472
2048,64,32,128,41.9413
2048,64,32,256,41.514
2048,64,32,512,41.525
2048,64,32,1024,41.5677
2048,64,32,2048,51.456
2048,64,32,4096,76.1387
2048,64,32,8192,124.597
2048,64,32,16384,220.896
2048,64,64,16,41.8883
2048,64,64,32,41.9413
2048,64,64,64,41.5573
2048,64,64,128,41.8347
2048,64,64,256,41.6853
2048,64,64,512,41.867
2048,64,64,1024,47.253
2048,64,64,2048,62.4107
2048,64,64,4096,88.1597
2048,64,64,8192,138.581
2048,64,64,16384,236.991
2048,64,128,16,41.92
2048,64,128,32,41.867
2048,64,128,64,41.898
2048,64,128,128,42.1337
2048,64,128,256,42.5603
2048,64,128,512,47.1683
2048,64,128,1024,60.8217
2048,64,128,2048,85.653
2048,64,128,4096,128.694
2048,64,128,8192,221.503
2048,64,128,16384,391.103
2048,128,0,0,41.1413
2048,128,1,16,41.0987
2048,128,1,32,41.2483
2048,128,1,64,41.152
2048,128,1,128,41.024
2048,128,1,256,41.237
2048,128,1,512,41.301
2048,128,1,1024,41.3017
2048,128,1,2048,41.0987
2048,128,1,4096,64.8427
2048,128,1,8192,113.43
2048,128,1,16384,209.151
2048,128,2,16,41.2473
2048,128,2,32,41.1517
2048,128,2,64,41.1837
2048,128,2,128,41.2693
2048,128,2,256,40.981
2048,128,2,512,41.1307
2048,128,2,1024,41.11
2048,128,2,2048,41.1303
2048,128,2,4096,65.131
2048,128,2,8192,113.098
2048,128,2,16384,209.321
2048,128,4,16,41.397
2048,128,4,32,41.4073
2048,128,4,64,41.4083
2048,128,4,128,41.4077
2048,128,4,256,41.4393
2048,128,4,512,41.3973
2048,128,4,1024,41.3763
2048,128,4,2048,41.429
2048,128,4,4096,65.3547
2048,128,4,8192,113.354
2048,128,4,16384,209.759
2048,128,8,16,41.28
2048,128,8,32,41.557
2048,128,8,64,41.323
2048,128,8,128,41.44
2048,128,8,256,41.28
2048,128,8,512,41.3333
2048,128,8,1024,41.2583
2048,128,8,2048,47.936
2048,128,8,4096,71.9577
2048,128,8,8192,120.235
2048,128,8,16384,216.383
2048,128,16,16,41.2377
2048,128,16,32,41.44
2048,128,16,64,41.355
2048,128,16,128,41.077
2048,128,16,256,41.1727
2048,128,16,512,41.2797
2048,128,16,1024,41.6423
2048,128,16,2048,49.3657
2048,128,16,4096,73.0133
2048,128,16,8192,121.557
2048,128,16,16384,217.77
2048,128,32,16,41.5357
2048,128,32,32,41.5787
2048,128,32,64,41.6853
2048,128,32,128,41.5783
2048,128,32,256,41.8453
2048,128,32,512,41.5783
2048,128,32,1024,41.5143
2048,128,32,2048,53.6213
2048,128,32,4096,77.546
2048,128,32,8192,125.248
2048,128,32,16384,222.112
2048,128,64,16,41.898
2048,128,64,32,42.134
2048,128,64,64,42.1007
2048,128,64,128,41.8667
2048,128,64,256,41.8457
2048,128,64,512,41.6317
2048,128,64,1024,48.5113
2048,128,64,2048,63.7977
2048,128,64,4096,88.9493
2048,128,64,8192,145.429
2048,128,64,16384,237.898
2048,128,128,16,41.9413
2048,128,128,32,42.08
2048,128,128,64,42.0697
2048,128,128,128,42.2823
2048,128,128,256,42.2293
2048,128,128,512,47.744
2048,128,128,1024,62.0483
2048,128,128,2048,86.9547
2048,128,128,4096,128.427
2048,128,128,8192,221.931
2048,128,128,16384,392.703
2048,256,0,0,42.6347
2048,256,1,16,42.581
2048,256,1,32,42.464
2048,256,1,64,42.5817
2048,256,1,128,42.6557
2048,256,1,256,42.7947
2048,256,1,512,42.7837
2048,256,1,1024,42.7837
2048,256,1,2048,42.7947
2048,256,1,4096,65.0553
2048,256,1,8192,113.217
2048,256,1,16384,209.194
2048,256,2,16,42.752
2048,256,2,32,42.7307
2048,256,2,64,42.763
2048,256,2,128,42.667
2048,256,2,256,42.8047
2048,256,2,512,42.6137
2048,256,2,1024,42.5593
2048,256,2,2048,42.8157
2048,256,2,4096,65.3223
2048,256,2,8192,113.162
2048,256,2,16384,209.055
2048,256,4,16,43.0507
2048,256,4,32,42.688
2048,256,4,64,43.0393
2048,256,4,128,42.8053
2048,256,4,256,43.0407
2048,256,4,512,42.7527
2048,256,4,1024,42.784
2048,256,4,2048,42.7947
2048,256,4,4096,65.429
2048,256,4,8192,113.685
2048,256,4,16384,209.674
2048,256,8,16,42.9647
2048,256,8,32,42.8473
2048,256,8,64,42.8057
2048,256,8,128,43.0623
2048,256,8,256,42.9117
2048,256,8,512,42.879
2048,256,8,1024,42.88
2048,256,8,2048,49.1417
2048,256,8,4096,73.3437
2048,256,8,8192,121.408
2048,256,8,16384,217.717
2048,256,16,16,42.7203
2048,256,16,32,42.6133
2048,256,16,64,42.7733
2048,256,16,128,42.8373
2048,256,16,256,42.88
2048,256,16,512,42.7733
2048,256,16,1024,42.955
2048,256,16,2048,50.891
2048,256,16,4096,74.7733
2048,256,16,8192,122.708
2048,256,16,16384,219.423
2048,256,32,16,43.0717
2048,256,32,32,42.9437
2048,256,32,64,43.232
2048,256,32,128,43.0833
2048,256,32,256,43.093
2048,256,32,512,43.1787
2048,256,32,1024,43.0827
2048,256,32,2048,54.4953
2048,256,32,4096,79.0077
2048,256,32,8192,127.584
2048,256,32,16384,223.317
2048,256,64,16,43.1467
2048,256,64,32,43.6267
2048,256,64,64,43.477
2048,256,64,128,43.3383
2048,256,64,256,43.338
2048,256,64,512,43.3173
2048,256,64,1024,49.5567
2048,256,64,2048,64.7573
2048,256,64,4096,91.5943
2048,256,64,8192,146.111
2048,256,64,16384,245.195
2048,256,128,16,43.466
2048,256,128,32,43.3283
2048,256,128,64,43.4663
2048,256,128,128,43.3597
2048,256,128,256,43.7227
2048,256,128,512,49.248
2048,256,128,1024,63.1143
2048,256,128,2048,88.7997
2048,256,128,4096,129.76
2048,256,128,8192,223.434
2048,256,128,16384,389.577
2048,512,0,0,45.717
2048,512,1,16,45.696
2048,512,1,32,45.6527
2048,512,1,64,45.7597
2048,512,1,128,45.653
2048,512,1,256,45.7173
2048,512,1,512,45.695
2048,512,1,1024,45.7277
2048,512,1,2048,45.7067
2048,512,1,4096,65.1417
2048,512,1,8192,113.045
2048,512,1,16384,209.418
2048,512,2,16,45.643
2048,512,2,32,45.8237
2048,512,2,64,45.6853
2048,512,2,128,45.5677
2048,512,2,256,45.7917
2048,512,2,512,45.653
2048,512,2,1024,45.6427
2048,512,2,2048,45.6113
2048,512,2,4096,65.1727
2048,512,2,8192,113.12
2048,512,2,16384,209.503
2048,512,4,16,46.101
2048,512,4,32,45.9623
2048,512,4,64,45.6537
2048,512,4,128,45.92
2048,512,4,256,45.8453
2048,512,4,512,45.9843
2048,512,4,1024,46.037
2048,512,4,2048,45.8873
2048,512,4,4096,65.429
2048,512,4,8192,113.781
2048,512,4,16384,209.695
2048,512,8,16,45.75
2048,512,8,32,45.8557
2048,512,8,64,46.1123
2048,512,8,128,45.7387
2048,512,8,256,45.9307
2048,512,8,512,46.0157
2048,512,8,1024,45.9627
2048,512,8,2048,52.2027
2048,512,8,4096,76.256
2048,512,8,8192,124.533
2048,512,8,16384,220.32
2048,512,16,16,45.707
2048,512,16,32,45.9947
2048,512,16,64,45.8777
2048,512,16,128,45.8663
2048,512,16,256,46.038
2048,512,16,512,45.909
2048,512,16,1024,46.07
2048,512,16,2048,53.5783
2048,512,16,4096,77.7287
2048,512,16,8192,126.559
2048,512,16,16384,222.144
2048,512,32,16,46.0593
2048,512,32,32,46.2293
2048,512,32,64,46.283
2048,512,32,128,46.464
2048,512,32,256,46.2393
2048,512,32,512,46.1333
2048,512,32,1024,46.1017
2048,512,32,2048,57.579
2048,512,32,4096,82.165
2048,512,32,8192,130.954
2048,512,32,16384,227.115
2048,512,64,16,46.3793
2048,512,64,32,46.6243
2048,512,64,64,46.453
2048,512,64,128,46.432
2048,512,64,256,46.5593
2048,512,64,512,46.3787
2048,512,64,1024,52.309
2048,512,64,2048,68.3087
2048,512,64,4096,93.8987
2048,512,64,8192,144.34
2048,512,64,16384,250.314
2048,512,128,16,46.667
2048,512,128,32,46.6453
2048,512,128,64,46.603
2048,512,128,128,46.6777
2048,512,128,256,46.6663
2048,512,128,512,53.2793
2048,512,128,1024,65.5677
2048,512,128,2048,91.0717
2048,512,128,4096,133.727
2048,512,128,8192,223.36
2048,512,128,16384,396.191
2048,1024,0,0,52.0427
2048,1024,1,16,51.7333
2048,1024,1,32,51.7333
2048,1024,1,64,51.808
2048,1024,1,128,51.8823
2048,1024,1,256,51.7333
2048,1024,1,512,51.9147
2048,1024,1,1024,51.5627
2048,1024,1,2048,51.7547
2048,1024,1,4096,65.493
2048,1024,1,8192,113.226
2048,1024,1,16384,209.823
2048,1024,2,16,51.712
2048,1024,2,32,51.659
2048,1024,2,64,51.6053
2048,1024,2,128,51.819
2048,1024,2,256,51.797
2048,1024,2,512,51.6587
2048,1024,2,1024,51.6803
2048,1024,2,2048,51.6053
2048,1024,2,4096,65.0773
2048,1024,2,8192,113.494
2048,1024,2,16384,209.642
2048,1024,4,16,52.01
2048,1024,4,32,51.8073
2048,1024,4,64,52.0533
2048,1024,4,128,52.128
2048,1024,4,256,51.8397
2048,1024,4,512,51.8283
2048,1024,4,1024,51.8177
2048,1024,4,2048,52.0323
2048,1024,4,4096,65.4713
2048,1024,4,8192,113.76
2048,1024,4,16384,210.058
2048,1024,8,16,51.84
2048,1024,8,32,51.872
2048,1024,8,64,51.8727
2048,1024,8,128,51.862
2048,1024,8,256,51.7337
2048,1024,8,512,51.6697
2048,1024,8,1024,52.0427
2048,1024,8,2048,58.3777
2048,1024,8,4096,82.4967
2048,1024,8,8192,130.549
2048,1024,8,16384,226.794
2048,1024,16,16,51.9997
2048,1024,16,32,51.8933
2048,1024,16,64,52.0213
2048,1024,16,128,52.032
2048,1024,16,256,51.9787
2048,1024,16,512,52.0107
2048,1024,16,1024,52.0103
2048,1024,16,2048,59.6367
2048,1024,16,4096,83.669
2048,1024,16,8192,132.65
2048,1024,16,16384,228.436
2048,1024,32,16,52.0957
2048,1024,32,32,52.4687
2048,1024,32,64,51.9997
2048,1024,32,128,52.117
2048,1024,32,256,52.4483
2048,1024,32,512,52.011
2048,1024,32,1024,52.2023
2048,1024,32,2048,63.37
2048,1024,32,4096,88.7783
2048,1024,32,8192,137.141
2048,1024,32,16384,233.12
2048,1024,64,16,52.3947
2048,1024,64,32,52.437
2048,1024,64,64,52.3093
2048,1024,64,128,52.405
2048,1024,64,256,52.3953
2048,1024,64,512,52.1277
2048,1024,64,1024,57.995
2048,1024,64,2048,74.721
2048,1024,64,4096,99.5523
2048,1024,64,8192,152.213
2048,1024,64,16384,246.282
2048,1024,128,16,52.4263
2048,1024,128,32,52.6287
2048,1024,128,64,52.4057
2048,1024,128,128,52.48
2048,1024,128,256,52.6293
2048,1024,128,512,58.379
2048,1024,128,1024,72.4477
2048,1024,128,2048,96.7257
2048,1024,128,4096,139.073
2048,1024,128,8192,229.024
2048,1024,128,16384,402.794
2048,2048,0,0,63.6593
2048,2048,1,16,63.541
2048,2048,1,32,63.5093
2048,2048,1,64,63.7443
2048,2048,1,128,63.5517
2048,2048,1,256,63.637
2048,2048,1,512,63.755
2048,2048,1,1024,63.6377
2048,2048,1,2048,63.5833
2048,2048,1,4096,65.1307
2048,2048,1,8192,113.973
2048,2048,1,16384,209.514
2048,2048,2,16,63.6903
2048,2048,2,32,63.541
2048,2048,2,64,63.7227
2048,2048,2,128,63.4353
2048,2048,2,256,63.8403
2048,2048,2,512,63.8183
2048,2048,2,1024,63.861
2048,2048,2,2048,63.8187
2048,2048,2,4096,65.429
2048,2048,2,8192,114.197
2048,2048,2,16384,210.197
2048,2048,4,16,63.925
2048,2048,4,32,63.8827
2048,2048,4,64,63.936
2048,2048,4,128,63.8717
2048,2048,4,256,63.9467
2048,2048,4,512,64.1917
2048,2048,4,1024,63.9677
2048,2048,4,2048,63.819
2048,2048,4,4096,65.5683
2048,2048,4,8192,114.314
2048,2048,4,16384,210.879
2048,2048,8,16,63.8077
2048,2048,8,32,64.032
2048,2048,8,64,63.9147
2048,2048,8,128,63.9037
2048,2048,8,256,63.9153
2048,2048,8,512,64.032
2048,2048,8,1024,63.7547
2048,2048,8,2048,70.5497
2048,2048,8,4096,95.488
2048,2048,8,8192,143.402
2048,2048,8,16384,239.638
2048,2048,16,16,63.979
2048,2048,16,32,63.882
2048,2048,16,64,64.1167
2048,2048,16,128,63.9897
2048,2048,16,256,63.979
2048,2048,16,512,64.225
2048,2048,16,1024,63.8293
2048,2048,16,2048,70.7727
2048,2048,16,4096,96.4263
2048,2048,16,8192,145.012
2048,2048,16,16384,241.247
2048,2048,32,16,64.0427
2048,2048,32,32,64.054
2048,2048,32,64,64.3307
2048,2048,32,128,64.117
2048,2048,32,256,64.0847
2048,2048,32,512,64.2873
2048,2048,32,1024,64.245
2048,2048,32,2048,74.0797
2048,2048,32,4096,101.098
2048,2048,32,8192,149.067
2048,2048,32,16384,245.343
2048,2048,64,16,64.0857
2048,2048,64,32,64.4373
2048,2048,64,64,64.405
2048,2048,64,128,64.5857
2048,2048,64,256,64.4907
2048,2048,64,512,64.2127
2048,2048,64,1024,69.45
2048,2048,64,2048,85.2587
2048,2048,64,4096,112.65
2048,2048,64,8192,163.37
2048,2048,64,16384,273.802
2048,2048,128,16,64.6293
2048,2048,128,32,64.555
2048,2048,128,64,64.5553
2048,2048,128,128,64.4163
2048,2048,128,256,64.3943
2048,2048,128,512,69.3233
2048,2048,128,1024,83.9147
2048,2048,128,2048,108.511
2048,2048,128,4096,150.612
2048,2048,128,8192,239.381
2048,2048,128,16384,414.58
2048,4096,0,0,88.2663
2048,4096,1,16,88.0103
2048,4096,1,32,88.0103
2048,4096,1,64,88.7143
2048,4096,1,128,88.4157
2048,4096,1,256,88.426
2048,4096,1,512,88.0853
2048,4096,1,1024,88.3197
2048,4096,1,2048,88.128
2048,4096,1,4096,88.3413
2048,4096,1,8192,114.613
2048,4096,1,16384,210.761
2048,4096,2,16,88.0737
2048,4096,2,32,88.2347
2048,4096,2,64,88.3947
2048,4096,2,128,88.309
2048,4096,2,256,88.3303
2048,4096,2,512,88.8313
2048,4096,2,1024,88.2123
2048,4096,2,2048,88.3303
2048,4096,2,4096,88.4377
2048,4096,2,8192,115.231
2048,4096,2,16384,211.124
2048,4096,4,16,88.373
2048,4096,4,32,88.139
2048,4096,4,64,88.534
2048,4096,4,128,88.608
2048,4096,4,256,88.3513
2048,4096,4,512,88.3837
2048,4096,4,1024,88.4483
2048,4096,4,2048,88.6177
2048,4096,4,4096,88.522
2048,4096,4,8192,115.658
2048,4096,4,16384,211.69
2048,4096,8,16,88.245
2048,4096,8,32,88.191
2048,4096,8,64,88.1807
2048,4096,8,128,88.5327
2048,4096,8,256,88.4053
2048,4096,8,512,88.447
2048,4096,8,1024,88.5547
2048,4096,8,2048,88.6083
2048,4096,8,4096,121.044
2048,4096,8,8192,168.927
2048,4096,8,16384,265.013
2048,4096,16,16,88.3623
2048,4096,16,32,88.352
2048,4096,16,64,88.608
2048,4096,16,128,88.2667
2048,4096,16,256,88.853
2048,4096,16,512,88.4697
2048,4096,16,1024,88.523
2048,4096,16,2048,95.4773
2048,4096,16,4096,121.27
2048,4096,16,8192,170.453
2048,4096,16,16384,266.325
2048,4096,32,16,88.6073
2048,4096,32,32,88.7683
2048,4096,32,64,88.533
2048,4096,32,128,88.5333
2048,4096,32,256,88.9923
2048,4096,32,512,88.788
2048,4096,32,1024,89.0347
2048,4096,32,2048,98.7413
2048,4096,32,4096,124.085
2048,4096,32,8192,173.258
2048,4096,32,16384,269.685
2048,4096,64,16,89.0553
2048,4096,64,32,88.7357
2048,4096,64,64,89.2903
2048,4096,64,128,89.0237
2048,4096,64,256,89.109
2048,4096,64,512,89.3767
2048,4096,64,1024,92.3407
2048,4096,64,2048,108.831
2048,4096,64,4096,135.306
2048,4096,64,8192,185.644
2048,4096,64,16384,295.424
2048,4096,128,16,89.0877
2048,4096,128,32,89.2263
2048,4096,128,64,89.2907
2048,4096,128,128,89.0123
2048,4096,128,256,89.3223
2048,4096,128,512,93.035
2048,4096,128,1024,107.157
2048,4096,128,2048,130.4
2048,4096,128,4096,173.888
2048,4096,128,8192,263.563
2048,4096,128,16384,434.207
2048,8192,0,0,137.696
2048,8192,1,16,137.674
2048,8192,1,32,137.706
2048,8192,1,64,138.485
2048,8192,1,128,138.239
2048,8192,1,256,137.568
2048,8192,1,512,137.824
2048,8192,1,1024,137.877
2048,8192,1,2048,137.974
2048,8192,1,4096,137.642
2048,8192,1,8192,137.867
2048,8192,1,16384,212.436
2048,8192,2,16,138.166
2048,8192,2,32,138.048
2048,8192,2,64,137.909
2048,8192,2,128,137.802
2048,8192,2,256,138.325
2048,8192,2,512,137.739
2048,8192,2,1024,138.154
2048,8192,2,2048,138.155
2048,8192,2,4096,138.112
2048,8192,2,8192,138.549
2048,8192,2,16384,212.533
2048,8192,4,16,138.197
2048,8192,4,32,137.845
2048,8192,4,64,137.686
2048,8192,4,128,137.835
2048,8192,4,256,137.834
2048,8192,4,512,137.908
2048,8192,4,1024,138.069
2048,8192,4,2048,138.293
2048,8192,4,4096,138.325
2048,8192,4,8192,138.837
2048,8192,4,16384,213.6
2048,8192,8,16,138.154
2048,8192,8,32,138.197
2048,8192,8,64,138.027
2048,8192,8,128,138.272
2048,8192,8,256,137.995
2048,8192,8,512,138.41
2048,8192,8,1024,138.431
2048,8192,8,2048,138.133
2048,8192,8,4096,138.634
2048,8192,8,8192,217.973
2048,8192,8,16384,314.304
2048,8192,16,16,138.101
2048,8192,16,32,137.994
2048,8192,16,64,137.621
2048,8192,16,128,137.92
2048,8192,16,256,137.909
2048,8192,16,512,138.389
2048,8192,16,1024,138.538
2048,8192,16,2048,138.74
2048,8192,16,4096,169.984
2048,8192,16,8192,218.325
2048,8192,16,16384,314.868
2048,8192,32,16,138.335
2048,8192,32,32,138.272
2048,8192,32,64,138.218
2048,8192,32,128,138.763
2048,8192,32,256,138.837
2048,8192,32,512,138.837
2048,8192,32,1024,138.825
2048,8192,32,2048,146.453
2048,8192,32,4096,172.586
2048,8192,32,8192,220.288
2048,8192,32,16384,318.848
2048,8192,64,16,138.848
2048,8192,64,32,139.029
2048,8192,64,64,138.827
2048,8192,64,128,138.539
2048,8192,64,256,138.304
2048,8192,64,512,138.624
2048,8192,64,1024,140.17
2048,8192,64,2048,154.741
2048,8192,64,4096,180.543
2048,8192,64,8192,230.826
2048,8192,64,16384,327.391
2048,8192,128,16,138.987
2048,8192,128,32,138.965
2048,8192,128,64,138.646
2048,8192,128,128,138.794
2048,8192,128,256,139.243
2048,8192,128,512,140.832
2048,8192,128,1024,153.141
2048,8192,128,2048,174.027
2048,8192,128,4096,216.767
2048,8192,128,8192,312.671
2048,8192,128,16384,481.631
2048,16384,0,0,233.119
2048,16384,1,16,233.737
2048,16384,1,32,232.618
2048,16384,1,64,233.034
2048,16384,1,128,232.735
2048,16384,1,256,233.301
2048,16384,1,512,232.33
2048,16384,1,1024,233.087
2048,16384,1,2048,232.532
2048,16384,1,4096,232.672
2048,16384,1,8192,232.918
2048,16384,1,16384,232.608
2048,16384,2,16,232.853
2048,16384,2,32,232.756
2048,16384,2,64,232.564
2048,16384,2,128,232.66
2048,16384,2,256,232.959
2048,16384,2,512,233.226
2048,16384,2,1024,232.757
2048,16384,2,2048,232.864
2048,16384,2,4096,232.287
2048,16384,2,8192,233.194
2048,16384,2,16384,233.311
2048,16384,4,16,233.492
2048,16384,4,32,232.394
2048,16384,4,64,234.112
2048,16384,4,128,233.45
2048,16384,4,256,232.98
2048,16384,4,512,233.077
2048,16384,4,1024,232.768
2048,16384,4,2048,232.693
2048,16384,4,4096,233.514
2048,16384,4,8192,233.195
2048,16384,4,16384,233.643
2048,16384,8,16,233.258
2048,16384,8,32,232.724
2048,16384,8,64,233.269
2048,16384,8,128,233.43
2048,16384,8,256,234.474
2048,16384,8,512,232.693
2048,16384,8,1024,232.809
2048,16384,8,2048,233.621
2048,16384,8,4096,234.773
2048,16384,8,8192,233.685
2048,16384,8,16384,409.812
2048,16384,16,16,232.949
2048,16384,16,32,233.055
2048,16384,16,64,232.789
2048,16384,16,128,233.962
2048,16384,16,256,233.215
2048,16384,16,512,232.607
2048,16384,16,1024,233.173
2048,16384,16,2048,233.162
2048,16384,16,4096,233.834
2048,16384,16,8192,312.992
2048,16384,16,16384,410.175
2048,16384,32,16,232.948
2048,16384,32,32,233.397
2048,16384,32,64,233.61
2048,16384,32,128,232.853
2048,16384,32,256,233.097
2048,16384,32,512,233.482
2048,16384,32,1024,234.581
2048,16384,32,2048,241.439
2048,16384,32,4096,265.29
2048,16384,32,8192,314.336
2048,16384,32,16384,411.103
2048,16384,64,16,233.215
2048,16384,64,32,233.547
2048,16384,64,64,234.015
2048,16384,64,128,233.706
2048,16384,64,256,234.058
2048,16384,64,512,234.09
2048,16384,64,1024,234.122
2048,16384,64,2048,245.952
2048,16384,64,4096,273.46
2048,16384,64,8192,322.218
2048,16384,64,16384,420.404
2048,16384,128,16,234.73
2048,16384,128,32,234.719
2048,16384,128,64,234.196
2048,16384,128,128,234.069
2048,16384,128,256,234.432
2048,16384,128,512,234.347
2048,16384,128,1024,243.424
2048,16384,128,2048,264.959
2048,16384,128,4096,309.055
2048,16384,128,8192,399.957
2048,16384,128,16384,574.377
