prefill_chunk,kv_prefill,n_decode,kv_decode,time_us
0,0,1,16,12.5543
0,0,1,32,12.7467
0,0,1,64,12.7787
0,0,1,128,14.389
0,0,1,256,15.3497
0,0,1,512,16.0533
0,0,1,1024,17.2693
0,0,1,2048,18.0053
0,0,1,4096,18.784
0,0,1,8192,20.7683
0,0,1,16384,23.3817
0,0,2,16,12.832
0,0,2,32,12.896
0,0,2,64,12.8427
0,0,2,128,14.3043
0,0,2,256,15.424
0,0,2,512,16.64
0,0,2,1024,17.4403
0,0,2,2048,18.3783
0,0,2,4096,19.488
0,0,2,8192,22.0587
0,0,2,16384,27.7017
0,0,4,16,13.1733
0,0,4,32,12.928
0,0,4,64,13.0773
0,0,4,128,14.4853
0,0,4,256,15.392
0,0,4,512,17.088
0,0,4,1024,17.7707
0,0,4,2048,18.7627
0,0,4,4096,21.7173
0,0,4,8192,26.88
0,0,4,16384,37.6107
0,0,8,16,13.088
0,0,8,32,13.1733
0,0,8,64,12.939
0,0,8,128,14.3893
0,0,8,256,15.563
0,0,8,512,17.1093
0,0,8,1024,18.6133
0,0,8,2048,20.907
0,0,8,4096,26.6243
0,0,8,8192,37.3013
0,0,8,16384,56.939
0,0,16,16,13.867
0,0,16,32,13.6533
0,0,16,64,13.696
0,0,16,128,15.2537
0,0,16,256,16.3733
0,0,16,512,19.2747
0,0,16,1024,21.4293
0,0,16,2048,27.4237
0,0,16,4096,38.08
0,0,16,8192,57.2907
0,0,16,16384,94.3473
0,0,32,16,13.8347
0,0,32,32,14.0053
0,0,32,64,13.9737
0,0,32,128,15.392
0,0,32,256,16.5873
0,0,32,512,21.8453
0,0,32,1024,28.5653
0,0,32,2048,39.9257
0,0,32,4096,59.776
0,0,32,8192,96.214
0,0,32,16384,167.564
0,0,64,16,14.496
0,0,64,32,14.7093
0,0,64,64,14.7843
0,0,64,128,17.1307
0,0,64,256,20.384
0,0,64,512,30.432
0,0,64,1024,42.923
0,0,64,2048,62.955
0,0,64,4096,98.454
0,0,64,8192,170.55
0,0,64,16384,315.831
0,0,128,16,19.094
0,0,128,32,19.3283
0,0,128,64,20.363
0,0,128,128,24.6187
0,0,128,256,29.7173
0,0,128,512,45.376
0,0,128,1024,65.92
0,0,128,2048,101.366
0,0,128,4096,172.364
0,0,128,8192,314.263
0,0,128,16384,603.213
0,0,256,16,26.987
0,0,256,32,27.0617
0,0,256,64,28.1067
0,0,256,128,35.7653
0,0,256,256,44.7577
0,0,256,512,71.2
0,0,256,1024,108.576
0,0,256,2048,178.732
0,0,256,4096,317.228
0,0,256,8192,598.072
0,0,256,16384,1166.52
16,0,0,0,15.008
16,0,1,16,15.019
16,0,1,32,15.0827
16,0,1,64,15.179
16,0,1,128,16.416
16,0,1,256,17.9947
16,0,1,512,19.6057
16,0,1,1024,19.563
16,0,1,2048,19.989
16,0,1,4096,20.9707
16,0,1,8192,23.3067
16,0,1,16384,26.1653
16,0,2,16,14.9767
16,0,2,32,15.0507
16,0,2,64,15.072
16,0,2,128,16.2987
16,0,2,256,18.2293
16,0,2,512,19.168
16,0,2,1024,19.904
16,0,2,2048,20.6403
16,0,2,4096,22.0377
16,0,2,8192,24.6933
16,0,2,16384,29.6217
16,0,4,16,15.104
16,0,4,32,14.976
16,0,4,64,15.019
16,0,4,128,16.448
16,0,4,256,18.1227
16,0,4,512,19.5627
16,0,4,1024,20.032
16,0,4,2048,21.408
16,0,4,4096,23.232
16,0,4,8192,28.2027
16,0,4,16384,39.8407
16,0,8,16,14.944
16,0,8,32,15.2
16,0,8,64,15.03
16,0,8,128,16.5547
16,0,8,256,18.1867
16,0,8,512,19.904
16,0,8,1024,20.4483
16,0,8,2048,23.008
16,0,8,4096,28.064
16,0,8,8192,38.229
16,0,8,16384,59.1683
16,0,16,16,15.4453
16,0,16,32,15.4987
16,0,16,64,15.3067
16,0,16,128,17.5573
16,0,16,256,18.4853
16,0,16,512,21.2907
16,0,16,1024,23.0613
16,0,16,2048,28.523
16,0,16,4096,39.6163
16,0,16,8192,59.5203
16,0,16,16384,97.195
16,0,32,16,15.563
16,0,32,32,15.712
16,0,32,64,15.5947
16,0,32,128,17.4613
16,0,32,256,18.9547
16,0,32,512,23.275
16,0,32,1024,29.664
16,0,32,2048,41.3123
16,0,32,4096,61.664
16,0,32,8192,100.331
16,0,32,16384,170.177
16,0,64,16,16.2563
16,0,64,32,16.4373
16,0,64,64,16.672
16,0,64,128,18.2827
16,0,64,256,21.3123
16,0,64,512,31.2423
16,0,64,1024,44.1067
16,0,64,2048,65.5043
16,0,64,4096,101.313
16,0,64,8192,173.216
16,0,64,16384,317.516
16,0,128,16,21.92
16,0,128,32,22.1333
16,0,128,64,23.0617
16,0,128,128,26.6027
16,0,128,256,31.52
16,0,128,512,46.4853
16,0,128,1024,68.63
16,0,128,2048,107.233
16,0,128,4096,176.939
16,0,128,8192,318.316
16,0,128,16384,601.891
16,16,0,0,15.0193
16,16,1,16,15.0293
16,16,1,32,15.0187
16,16,1,64,14.8587
16,16,1,128,16.4693
16,16,1,256,18.0373
16,16,1,512,19.723
16,16,1,1024,19.6167
16,16,1,2048,20.1167
16,16,1,4096,21.0133
16,16,1,8192,23.3173
16,16,1,16384,26.0373
16,16,2,16,15.0507
16,16,2,32,15.0937
16,16,2,64,15.008
16,16,2,128,16.4907
16,16,2,256,18.048
16,16,2,512,18.304
16,16,2,1024,20.0533
16,16,2,2048,20.6613
16,16,2,4096,21.8773
16,16,2,8192,24.6613
16,16,2,16384,29.2163
16,16,4,16,14.9547
16,16,4,32,14.9337
16,16,4,64,14.9547
16,16,4,128,16.416
16,16,4,256,17.8883
16,16,4,512,19.36
16,16,4,1024,19.851
16,16,4,2048,21.376
16,16,4,4096,23.2427
16,16,4,8192,28.3093
16,16,4,16384,39.1467
16,16,8,16,15.04
16,16,8,32,15.1787
16,16,8,64,14.8907
16,16,8,128,16.6293
16,16,8,256,18.0797
16,16,8,512,19.8833
16,16,8,1024,20.9497
16,16,8,2048,22.5817
16,16,8,4096,28.544
16,16,8,8192,39.3067
16,16,8,16384,59.4237
16,16,16,16,15.264
16,16,16,32,15.3813
16,16,16,64,15.52
16,16,16,128,17.2797
16,16,16,256,18.7417
16,16,16,512,21.195
16,16,16,1024,22.9653
16,16,16,2048,28.8213
16,16,16,4096,40.331
16,16,16,8192,59.3713
16,16,16,16384,96.7687
16,16,32,16,15.5307
16,16,32,32,15.4987
16,16,32,64,15.7867
16,16,32,128,17.5577
16,16,32,256,18.8053
16,16,32,512,23.2213
16,16,32,1024,29.952
16,16,32,2048,41.3443
16,16,32,4096,61.9313
16,16,32,8192,99.1047
16,16,32,16384,172.075
16,16,64,16,16.235
16,16,64,32,16.5337
16,16,64,64,16.7257
16,16,64,128,18.5603
16,16,64,256,21.024
16,16,64,512,31.1787
16,16,64,1024,43.7547
16,16,64,2048,65.088
16,16,64,4096,102.102
16,16,64,8192,173.793
16,16,64,16384,319.052
16,16,128,16,22.0267
16,16,128,32,22.2187
16,16,128,64,23.0187
16,16,128,128,26.3257
16,16,128,256,31.3603
16,16,128,512,47.179
16,16,128,1024,69.0457
16,16,128,2048,105.75
16,16,128,4096,175.702
16,16,128,8192,317.751
16,16,128,16384,603.235
16,32,0,0,15.0187
16,32,1,16,15.0293
16,32,1,32,14.9973
16,32,1,64,15.104
16,32,1,128,16.5547
16,32,1,256,18.0267
16,32,1,512,19.5733
16,32,1,1024,19.7547
16,32,1,2048,20
16,32,1,4096,20.8427
16,32,1,8192,23.4027
16,32,1,16384,25.9093
16,32,2,16,15.0293
16,32,2,32,15.2427
16,32,2,64,15.0827
16,32,2,128,16.5333
16,32,2,256,17.952
16,32,2,512,18.9443
16,32,2,1024,20.0853
16,32,2,2048,20.6933
16,32,2,4096,21.9733
16,32,2,8192,24.6507
16,32,2,16384,29.5257
16,32,4,16,14.8907
16,32,4,32,15.0293
16,32,4,64,14.912
16,32,4,128,16.512
16,32,4,256,18.0693
16,32,4,512,19.392
16,32,4,1024,20.0643
16,32,4,2048,21.1947
16,32,4,4096,23.275
16,32,4,8192,28.6513
16,32,4,16384,38.5283
16,32,8,16,14.944
16,32,8,32,14.912
16,32,8,64,15.104
16,32,8,128,16.6723
16,32,8,256,18.2723
16,32,8,512,19.6907
16,32,8,1024,20.9493
16,32,8,2048,22.656
16,32,8,4096,27.8507
16,32,8,8192,38.6137
16,32,8,16384,59.52
16,32,16,16,15.3707
16,32,16,32,15.435
16,32,16,64,15.467
16,32,16,128,17.4827
16,32,16,256,18.5707
16,32,16,512,21.035
16,32,16,1024,22.8803
16,32,16,2048,28.555
16,32,16,4096,40.7897
16,32,16,8192,60.5223
16,32,16,16384,97.1203
16,32,32,16,15.4773
16,32,32,32,15.4133
16,32,32,64,15.7763
16,32,32,128,17.3547
16,32,32,256,18.6773
16,32,32,512,22.976
16,32,32,1024,30.1453
16,32,32,2048,42.304
16,32,32,4096,61.9203
16,32,32,8192,98.07
16,32,32,16384,171.243
16,32,64,16,16.4377
16,32,64,32,16.3947
16,32,64,64,16.608
16,32,64,128,18.3467
16,32,64,256,21.1307
16,32,64,512,32.1497
16,32,64,1024,43.3707
16,32,64,2048,65.5687
16,32,64,4096,100.47
16,32,64,8192,173.11
16,32,64,16384,316.887
16,32,128,16,21.91
16,32,128,32,22.0267
16,32,128,64,23.1893
16,32,128,128,26.5713
16,32,128,256,31.68
16,32,128,512,46.731
16,32,128,1024,68.5447
16,32,128,2048,106.294
16,32,128,4096,175.916
16,32,128,8192,319.094
16,32,128,16384,602.862
16,64,0,0,15.0613
16,64,1,16,14.912
16,64,1,32,15.2103
16,64,1,64,14.9337
16,64,1,128,16.3303
16,64,1,256,17.92
16,64,1,512,19.8187
16,64,1,1024,19.872
16,64,1,2048,20.0103
16,64,1,4096,20.7473
16,64,1,8192,23.3173
16,64,1,16384,26.1973
16,64,2,16,14.9227
16,64,2,32,14.9227
16,64,2,64,14.9547
16,64,2,128,16.4267
16,64,2,256,18.0373
16,64,2,512,18.9227
16,64,2,1024,19.787
16,64,2,2048,20.4053
16,64,2,4096,21.8667
16,64,2,8192,24.5657
16,64,2,16384,29.2267
16,64,4,16,14.9973
16,64,4,32,15.1147
16,64,4,64,14.9117
16,64,4,128,16.4907
16,64,4,256,17.9737
16,64,4,512,19.264
16,64,4,1024,19.968
16,64,4,2048,21.3017
16,64,4,4096,23.0293
16,64,4,8192,28.427
16,64,4,16384,38.571
16,64,8,16,14.816
16,64,8,32,14.9013
16,64,8,64,14.944
16,64,8,128,16.6183
16,64,8,256,18.2087
16,64,8,512,19.648
16,64,8,1024,20.928
16,64,8,2048,22.5813
16,64,8,4096,28.416
16,64,8,8192,38.7207
16,64,8,16384,59.1577
16,64,16,16,15.616
16,64,16,32,15.3813
16,64,16,64,15.4773
16,64,16,128,17.4613
16,64,16,256,18.7197
16,64,16,512,21.3333
16,64,16,1024,23.083
16,64,16,2048,28.7797
16,64,16,4096,39.3927
16,64,16,8192,60.118
16,64,16,16384,97.099
16,64,32,16,15.627
16,64,32,32,15.5307
16,64,32,64,15.968
16,64,32,128,17.568
16,64,32,256,18.6667
16,64,32,512,23.104
16,64,32,1024,30.56
16,64,32,2048,42.016
16,64,32,4096,61.5257
16,64,32,8192,98.9447
16,64,32,16384,170.091
16,64,64,16,16.2883
16,64,64,32,16.5763
16,64,64,64,16.8003
16,64,64,128,18.1017
16,64,64,256,21.1737
16,64,64,512,31.7867
16,64,64,1024,44.3947
16,64,64,2048,64.8113
16,64,64,4096,101.216
16,64,64,8192,172.3
16,64,64,16384,316.503
16,64,128,16,22.0587
16,64,128,32,22.272
16,64,128,64,23.0827
16,64,128,128,26.774
16,64,128,256,31.563
16,64,128,512,47.553
16,64,128,1024,68.907
16,64,128,2048,105.665
16,64,128,4096,176.321
16,64,128,8192,318.295
16,64,128,16384,604.824
16,128,0,0,16.896
16,128,1,16,16.7253
16,128,1,32,16.747
16,128,1,64,16.736
16,128,1,128,16.5653
16,128,1,256,17.9627
16,128,1,512,21.3653
16,128,1,1024,19.7977
16,128,1,2048,20.3843
16,128,1,4096,21.344
16,128,1,8192,23.2857
16,128,1,16384,25.9733
16,128,2,16,16.7893
16,128,2,32,16.768
16,128,2,64,16.7783
16,128,2,128,16.608
16,128,2,256,17.8987
16,128,2,512,21.6853
16,128,2,1024,19.7333
16,128,2,2048,20.4267
16,128,2,4096,22.0483
16,128,2,8192,24.544
16,128,2,16384,29.5787
16,128,4,16,16.576
16,128,4,32,16.715
16,128,4,64,16.7147
16,128,4,128,16.608
16,128,4,256,18.1547
16,128,4,512,22.0377
16,128,4,1024,20.288
16,128,4,2048,21.248
16,128,4,4096,23.243
16,128,4,8192,28.5867
16,128,4,16384,38.5067
16,128,8,16,16.736
16,128,8,32,16.6933
16,128,8,64,16.928
16,128,8,128,16.7467
16,128,8,256,18.2293
16,128,8,512,22.0803
16,128,8,1024,20.896
16,128,8,2048,22.7413
16,128,8,4096,28.2567
16,128,8,8192,38.7947
16,128,8,16384,59.1047
16,128,16,16,16.8533
16,128,16,32,16.8533
16,128,16,64,16.704
16,128,16,128,17.536
16,128,16,256,18.7093
16,128,16,512,21.323
16,128,16,1024,22.784
16,128,16,2048,29.2587
16,128,16,4096,39.5737
16,128,16,8192,59.9687
16,128,16,16384,97.718
16,128,32,16,16.96
16,128,32,32,17.035
16,128,32,64,17.2587
16,128,32,128,17.2483
16,128,32,256,18.7527
16,128,32,512,23.104
16,128,32,1024,29.3867
16,128,32,2048,41.9417
16,128,32,4096,62.123
16,128,32,8192,99.8947
16,128,32,16384,170.913
16,128,64,16,17.8023
16,128,64,32,17.696
16,128,64,64,17.9307
16,128,64,128,18.1547
16,128,64,256,21.035
16,128,64,512,31.99
16,128,64,1024,44.1173
16,128,64,2048,65.5787
16,128,64,4096,101.686
16,128,64,8192,174.475
16,128,64,16384,318.914
16,128,128,16,22.1227
16,128,128,32,22.0907
16,128,128,64,23.1787
16,128,128,128,27.1577
16,128,128,256,31.6803
16,128,128,512,47.6267
16,128,128,1024,69.3543
16,128,128,2048,106.305
16,128,128,4096,178.304
16,128,128,8192,318.636
16,128,128,16384,604.429
16,256,0,0,18.4533
16,256,1,16,18.2723
16,256,1,32,18.2827
16,256,1,64,18.464
16,256,1,128,18.1123
16,256,1,256,18.2507
16,256,1,512,20.8427
16,256,1,1024,20.1493
16,256,1,2048,20.4057
16,256,1,4096,21.4933
16,256,1,8192,23.488
16,256,1,16384,26.464
16,256,2,16,18.304
16,256,2,32,18.5173
16,256,2,64,18.2827
16,256,2,128,18.2937
16,256,2,256,18.3467
16,256,2,512,21.792
16,256,2,1024,19.915
16,256,2,2048,20.9493
16,256,2,4096,23.574
16,256,2,8192,24.6617
16,256,2,16384,29.387
16,256,4,16,18.1657
16,256,4,32,18.1333
16,256,4,64,18.496
16,256,4,128,18.1337
16,256,4,256,18.176
16,256,4,512,21.9413
16,256,4,1024,20.6293
16,256,4,2048,23.872
16,256,4,4096,23.488
16,256,4,8192,28.8963
16,256,4,16384,38.4423
16,256,8,16,18.3787
16,256,8,32,18.2297
16,256,8,64,18.272
16,256,8,128,18.2617
16,256,8,256,18.24
16,256,8,512,22.2937
16,256,8,1024,22.4003
16,256,8,2048,23.392
16,256,8,4096,28.2353
16,256,8,8192,38.9017
16,256,8,16384,59.329
16,256,16,16,18.5067
16,256,16,32,18.4107
16,256,16,64,18.464
16,256,16,128,18.7307
16,256,16,256,18.6347
16,256,16,512,22.4427
16,256,16,1024,23.1467
16,256,16,2048,29.0987
16,256,16,4096,39.4347
16,256,16,8192,60.064
16,256,16,16384,97.376
16,256,32,16,18.6877
16,256,32,32,18.5067
16,256,32,64,18.624
16,256,32,128,18.656
16,256,32,256,19.019
16,256,32,512,23.4563
16,256,32,1024,30.4747
16,256,32,2048,41.739
16,256,32,4096,62.1013
16,256,32,8192,98.5177
16,256,32,16384,170.241
16,256,64,16,19.2533
16,256,64,32,19.5303
16,256,64,64,19.9683
16,256,64,128,19.3813
16,256,64,256,20.864
16,256,64,512,31.392
16,256,64,1024,45.014
16,256,64,2048,66.2827
16,256,64,4096,102.197
16,256,64,8192,172.929
16,256,64,16384,316.353
16,256,128,16,21.664
16,256,128,32,22.379
16,256,128,64,23.3387
16,256,128,128,27.5307
16,256,128,256,31.6267
16,256,128,512,47.3823
16,256,128,1024,69.2057
16,256,128,2048,106.934
16,256,128,4096,177.11
16,256,128,8192,317.495
16,256,128,16384,604.995
16,512,0,0,22.1227
16,512,1,16,21.6217
16,512,1,32,21.675
16,512,1,64,21.856
16,512,1,128,21.824
16,512,1,256,21.4507
16,512,1,512,21.312
16,512,1,1024,20.0853
16,512,1,2048,19.9577
16,512,1,4096,22.176
16,512,1,8192,23.6697
16,512,1,16384,27.0507
16,512,2,16,21.5893
16,512,2,32,22.4213
16,512,2,64,22.272
16,512,2,128,22.069
16,512,2,256,22.0697
16,512,2,512,21.8887
16,512,2,1024,20.384
16,512,2,2048,20.5973
16,512,2,4096,23.691
16,512,2,8192,25.6643
16,512,2,16384,29.5253
16,512,4,16,22.688
16,512,4,32,23.1047
16,512,4,64,23.1147
16,512,4,128,22.496
16,512,4,256,22.4967
16,512,4,512,22.4213
16,512,4,1024,21.0773
16,512,4,2048,23.7333
16,512,4,4096,25.728
16,512,4,8192,28.9073
16,512,4,16384,38.688
16,512,8,16,22.1223
16,512,8,32,22.4427
16,512,8,64,22.3357
16,512,8,128,22.0807
16,512,8,256,22.4217
16,512,8,512,22.1873
16,512,8,1024,22.1547
16,512,8,2048,24.5013
16,512,8,4096,28.48
16,512,8,8192,39.552
16,512,8,16384,60.2567
16,512,16,16,21.1413
16,512,16,32,21.024
16,512,16,64,21.067
16,512,16,128,21.3017
16,512,16,256,22.6133
16,512,16,512,22.1013
16,512,16,1024,24.9493
16,512,16,2048,28.9173
16,512,16,4096,39.264
16,512,16,8192,60.726
16,512,16,16384,98.102
16,512,32,16,22.4747
16,512,32,32,22.5707
16,512,32,64,22.4
16,512,32,128,22.1653
16,512,32,256,28.3523
16,512,32,512,25.0137
16,512,32,1024,30.5283
16,512,32,2048,41.547
16,512,32,4096,62.0057
16,512,32,8192,99.9367
16,512,32,16384,170.742
16,512,64,16,25.5683
16,512,64,32,26.2623
16,512,64,64,26.5707
16,512,64,128,25.8247
16,512,64,256,27.6907
16,512,64,512,31.4247
16,512,64,1024,44.3203
16,512,64,2048,65.291
16,512,64,4096,102.742
16,512,64,8192,172.961
16,512,64,16384,317.709
16,512,128,16,26.656
16,512,128,32,27.3173
16,512,128,64,27.84
16,512,128,128,31.2213
16,512,128,256,36.459
16,512,128,512,47.819
16,512,128,1024,70.1973
16,512,128,2048,107.691
16,512,128,4096,177.473
16,512,128,8192,319.073
16,512,128,16384,604.707
16,1024,0,0,22.368
16,1024,1,16,22.0267
16,1024,1,32,22.8373
16,1024,1,64,22.657
16,1024,1,128,22.3787
16,1024,1,256,22.3467
16,1024,1,512,22.315
16,1024,1,1024,22.3467
16,1024,1,2048,20.6193
16,1024,1,4096,21.4087
16,1024,1,8192,24.768
16,1024,1,16384,28.128
16,1024,2,16,22.987
16,1024,2,32,23.0077
16,1024,2,64,23.1687
16,1024,2,128,23.1993
16,1024,2,256,23.1467
16,1024,2,512,23.1783
16,1024,2,1024,22.6883
16,1024,2,2048,20.8747
16,1024,2,4096,24.032
16,1024,2,8192,26.656
16,1024,2,16384,31.7017
16,1024,4,16,23.2
16,1024,4,32,23.36
16,1024,4,64,23.2
16,1024,4,128,23.3923
16,1024,4,256,23.361
16,1024,4,512,23.2853
16,1024,4,1024,22.9973
16,1024,4,2048,23.8827
16,1024,4,4096,26.4853
16,1024,4,8192,30.6883
16,1024,4,16384,39.136
16,1024,8,16,23.1677
16,1024,8,32,23.1257
16,1024,8,64,23.1893
16,1024,8,128,23.232
16,1024,8,256,23.286
16,1024,8,512,23.4453
16,1024,8,1024,23.275
16,1024,8,2048,25.1733
16,1024,8,4096,29.9413
16,1024,8,8192,39.6267
16,1024,8,16384,58.411
16,1024,16,16,22.336
16,1024,16,32,22.24
16,1024,16,64,22.176
16,1024,16,128,22.1973
16,1024,16,256,22.7847
16,1024,16,512,23.1473
16,1024,16,1024,25.9833
16,1024,16,2048,29.6533
16,1024,16,4096,39.9573
16,1024,16,8192,61.2903
16,1024,16,16384,97.6857
16,1024,32,16,23.648
16,1024,32,32,23.4667
16,1024,32,64,23.84
16,1024,32,128,23.627
16,1024,32,256,29.1733
16,1024,32,512,31.0503
16,1024,32,1024,30.7627
16,1024,32,2048,42.2187
16,1024,32,4096,62.5067
16,1024,32,8192,99.2537
16,1024,32,16384,171.35
16,1024,64,16,26.7953
16,1024,64,32,28.726
16,1024,64,64,27.435
16,1024,64,128,29.9203
16,1024,64,256,35.7443
16,1024,64,512,33.9627
16,1024,64,1024,44.619
16,1024,64,2048,64.32
16,1024,64,4096,102.273
16,1024,64,8192,174.092
16,1024,64,16384,317.772
16,1024,128,16,31.371
16,1024,128,32,31.712
16,1024,128,64,32.352
16,1024,128,128,31.712
16,1024,128,256,37.2807
16,1024,128,512,46.901
16,1024,128,1024,69.3547
16,1024,128,2048,106.443
16,1024,128,4096,177.633
16,1024,128,8192,318.615
16,1024,128,16384,604.141
16,2048,0,0,23.627
16,2048,1,16,23.2957
16,2048,1,32,23.083
16,2048,1,64,23.1253
16,2048,1,128,23.307
16,2048,1,256,23.1893
16,2048,1,512,23.3173
16,2048,1,1024,23.424
16,2048,1,2048,23.072
16,2048,1,4096,21.6427
16,2048,1,8192,26.1443
16,2048,1,16384,28.523
16,2048,2,16,23.968
16,2048,2,32,24.1813
16,2048,2,64,24.2773
16,2048,2,128,24.5343
16,2048,2,256,24.2133
16,2048,2,512,24.0957
16,2048,2,1024,23.9897
16,2048,2,2048,24.0213
16,2048,2,4096,25.1847
16,2048,2,8192,27.1573
16,2048,2,16384,32.2987
16,2048,4,16,24.2247
16,2048,4,32,24.5547
16,2048,4,64,24.6613
16,2048,4,128,24.9287
16,2048,4,256,24.2667
16,2048,4,512,24.4697
16,2048,4,1024,24.79
16,2048,4,2048,23.6377
16,2048,4,4096,26.6667
16,2048,4,8192,31.008
16,2048,4,16384,40.7257
16,2048,8,16,23.9043
16,2048,8,32,24.6187
16,2048,8,64,23.744
16,2048,8,128,23.7657
16,2048,8,256,24.0747
16,2048,8,512,24.4587
16,2048,8,1024,24.512
16,2048,8,2048,25.4933
16,2048,8,4096,30.806
16,2048,8,8192,39.6483
16,2048,8,16384,60.6083
16,2048,16,16,22.9653
16,2048,16,32,23.008
16,2048,16,64,23.0827
16,2048,16,128,23.4777
16,2048,16,256,22.6987
16,2048,16,512,24.064
16,2048,16,1024,25.9627
16,2048,16,2048,37.3123
16,2048,16,4096,41.0883
16,2048,16,8192,60.171
16,2048,16,16384,98.4433
16,2048,32,16,24.2773
16,2048,32,32,24.3097
16,2048,32,64,24.416
16,2048,32,128,24.704
16,2048,32,256,29.6643
16,2048,32,512,32.48
16,2048,32,1024,40.299
16,2048,32,2048,43.2963
16,2048,32,4096,62.5927
16,2048,32,8192,100.267
16,2048,32,16384,171.264
16,2048,64,16,27.915
16,2048,64,32,27.4667
16,2048,64,64,27.8827
16,2048,64,128,30.72
16,2048,64,256,34.4963
16,2048,64,512,44.256
16,2048,64,1024,45.8137
16,2048,64,2048,66.219
16,2048,64,4096,101.632
16,2048,64,8192,173.932
16,2048,64,16384,317.346
16,2048,128,16,32.0107
16,2048,128,32,31.8937
16,2048,128,64,32.7147
16,2048,128,128,38.7097
16,2048,128,256,43.2963
16,2048,128,512,48.309
16,2048,128,1024,69.4087
16,2048,128,2048,107.04
16,2048,128,4096,178.785
16,2048,128,8192,321.111
16,2048,128,16384,604.867
16,4096,0,0,24.737
16,4096,1,16,23.9897
16,4096,1,32,24.1067
16,4096,1,64,24.1493
16,4096,1,128,24.096
16,4096,1,256,24.096
16,4096,1,512,24.246
16,4096,1,1024,24.0747
16,4096,1,2048,24.3417
16,4096,1,4096,24.352
16,4096,1,8192,25.5787
16,4096,1,16384,29.611
16,4096,2,16,24.8857
16,4096,2,32,24.832
16,4096,2,64,24.928
16,4096,2,128,24.672
16,4096,2,256,24.64
16,4096,2,512,24.992
16,4096,2,1024,24.8423
16,4096,2,2048,24.9493
16,4096,2,4096,25.483
16,4096,2,8192,28.672
16,4096,2,16384,32.736
16,4096,4,16,24.8747
16,4096,4,32,24.8853
16,4096,4,64,25.12
16,4096,4,128,25.0993
16,4096,4,256,24.8857
16,4096,4,512,25.0243
16,4096,4,1024,25.6327
16,4096,4,2048,24.9607
16,4096,4,4096,27.6377
16,4096,4,8192,31.9577
16,4096,4,16384,39.4887
16,4096,8,16,25.0457
16,4096,8,32,25.1307
16,4096,8,64,24.8323
16,4096,8,128,24.992
16,4096,8,256,25.3867
16,4096,8,512,24.9493
16,4096,8,1024,24.9817
16,4096,8,2048,26.5177
16,4096,8,4096,31.2003
16,4096,8,8192,39.9573
16,4096,8,16384,60.3957
16,4096,16,16,24.064
16,4096,16,32,24.2667
16,4096,16,64,24.2563
16,4096,16,128,24.63
16,4096,16,256,23.723
16,4096,16,512,24.6933
16,4096,16,1024,28.6293
16,4096,16,2048,32.192
16,4096,16,4096,55.0297
16,4096,16,8192,61.1527
16,4096,16,16384,98.3473
16,4096,32,16,25.0027
16,4096,32,32,25.078
16,4096,32,64,25.1307
16,4096,32,128,25.5147
16,4096,32,256,27.105
16,4096,32,512,32.4053
16,4096,32,1024,41.8347
16,4096,32,2048,59.541
16,4096,32,4096,64.2997
16,4096,32,8192,100.182
16,4096,32,16384,171.969
16,4096,64,16,28.9493
16,4096,64,32,28.3093
16,4096,64,64,29.5897
16,4096,64,128,30.9227
16,4096,64,256,34.6457
16,4096,64,512,44.2777
16,4096,64,1024,65.6543
16,4096,64,2048,67.5737
16,4096,64,4096,102.657
16,4096,64,8192,174.433
16,4096,64,16384,318.007
16,4096,128,16,32.5333
16,4096,128,32,32.907
16,4096,128,64,33.5467
16,4096,128,128,38.1333
16,4096,128,256,46.2613
16,4096,128,512,62.4537
16,4096,128,1024,70.5927
16,4096,128,2048,106.582
16,4096,128,4096,178.134
16,4096,128,8192,320.567
16,4096,128,16384,607.182
16,8192,0,0,26.3893
16,8192,1,16,26.6137
16,8192,1,32,26.8273
16,8192,1,64,26.7843
16,8192,1,128,26.6453
16,8192,1,256,26.6027
16,8192,1,512,26.6453
16,8192,1,1024,26.1657
16,8192,1,2048,26.6667
16,8192,1,4096,26.6133
16,8192,1,8192,26.763
16,8192,1,16384,29.5147
16,8192,2,16,27.285
16,8192,2,32,27.3813
16,8192,2,64,27.275
16,8192,2,128,27.3707
16,8192,2,256,27.104
16,8192,2,512,27.4347
16,8192,2,1024,27.1157
16,8192,2,2048,26.7947
16,8192,2,4096,27.723
16,8192,2,8192,29.312
16,8192,2,16384,33.899
16,8192,4,16,27.2533
16,8192,4,32,27.0617
16,8192,4,64,27.6267
16,8192,4,128,27.712
16,8192,4,256,27.445
16,8192,4,512,26.7943
16,8192,4,1024,27.5413
16,8192,4,2048,27.2107
16,8192,4,4096,29.5047
16,8192,4,8192,34.3573
16,8192,4,16384,43.1577
16,8192,8,16,26.848
16,8192,8,32,26.7307
16,8192,8,64,26.8587
16,8192,8,128,27.4027
16,8192,8,256,26.8913
16,8192,8,512,26.976
16,8192,8,1024,27.808
16,8192,8,2048,28.566
16,8192,8,4096,33.333
16,8192,8,8192,42.3047
16,8192,8,16384,62.5813
16,8192,16,16,26.1653
16,8192,16,32,26.656
16,8192,16,64,26.603
16,8192,16,128,26.112
16,8192,16,256,26.6667
16,8192,16,512,26.56
16,8192,16,1024,28.6613
16,8192,16,2048,34.5497
16,8192,16,4096,56.7787
16,8192,16,8192,90.6457
16,8192,16,16384,101.675
16,8192,32,16,27.3387
16,8192,32,32,27.5097
16,8192,32,64,27.3917
16,8192,32,128,27.6803
16,8192,32,256,28.9063
16,8192,32,512,33.3123
16,8192,32,1024,42.688
16,8192,32,2048,59.7973
16,8192,32,4096,94.4857
16,8192,32,8192,101.814
16,8192,32,16384,172.62
16,8192,64,16,28.3307
16,8192,64,32,28.736
16,8192,64,64,28.6513
16,8192,64,128,32.1493
16,8192,64,256,36.3413
16,8192,64,512,45.6537
16,8192,64,1024,65.8987
16,8192,64,2048,99.2747
16,8192,64,4096,104.438
16,8192,64,8192,175.265
16,8192,64,16384,319.586
16,8192,128,16,34.6347
16,8192,128,32,35.3497
16,8192,128,64,35.467
16,8192,128,128,41.1733
16,8192,128,256,46.464
16,8192,128,512,62.7307
16,8192,128,1024,87.0403
16,8192,128,2048,108.054
16,8192,128,4096,178.412
16,8192,128,8192,321.036
16,8192,128,16384,606.744
16,16384,0,0,30.4853
16,16384,1,16,29.888
16,16384,1,32,29.888
16,16384,1,64,29.7603
16,16384,1,128,30.1977
16,16384,1,256,30.2723
16,16384,1,512,29.9523
16,16384,1,1024,29.6753
16,16384,1,2048,29.8347
16,16384,1,4096,31.4027
16,16384,1,8192,29.7493
16,16384,1,16384,31.4563
16,16384,2,16,30.464
16,16384,2,32,30.5493
16,16384,2,64,30.1547
16,16384,2,128,30.304
16,16384,2,256,30.8907
16,16384,2,512,29.9203
16,16384,2,1024,30.5283
16,16384,2,2048,31.4453
16,16384,2,4096,30.3897
16,16384,2,8192,32.8103
16,16384,2,16384,36.1817
16,16384,4,16,30.1123
16,16384,4,32,29.8133
16,16384,4,64,30.08
16,16384,4,128,29.5683
16,16384,4,256,30.549
16,16384,4,512,30.3467
16,16384,4,1024,32.0323
16,16384,4,2048,30.8267
16,16384,4,4096,32.2563
16,16384,4,8192,37.3867
16,16384,4,16384,46.2617
16,16384,8,16,29.5363
16,16384,8,32,29.6217
16,16384,8,64,29.568
16,16384,8,128,29.4513
16,16384,8,256,31.2113
16,16384,8,512,31.2
16,16384,8,1024,30.219
16,16384,8,2048,32.4907
16,16384,8,4096,36.1707
16,16384,8,8192,44.832
16,16384,8,16384,64.9927
16,16384,16,16,29.8987
16,16384,16,32,30.0057
16,16384,16,64,30.2083
16,16384,16,128,29.707
16,16384,16,256,31.179
16,16384,16,512,30.347
16,16384,16,1024,32.7363
16,16384,16,2048,48.1493
16,16384,16,4096,46.539
16,16384,16,8192,92.8113
16,16384,16,16384,152.022
16,16384,32,16,30.774
16,16384,32,32,31.1147
16,16384,32,64,30.4223
16,16384,32,128,30.6563
16,16384,32,256,31.67
16,16384,32,512,34.2723
16,16384,32,1024,45.2053
16,16384,32,2048,61.6317
16,16384,32,4096,96.374
16,16384,32,8192,157.451
16,16384,32,16384,174.614
16,16384,64,16,32.0427
16,16384,64,32,32.7787
16,16384,64,64,32.747
16,16384,64,128,33.7173
16,16384,64,256,38.4427
16,16384,64,512,46.624
16,16384,64,1024,67.1573
16,16384,64,2048,100.651
16,16384,64,4096,161.814
16,16384,64,8192,177.974
16,16384,64,16384,320.865
16,16384,128,16,38.2403
16,16384,128,32,38.784
16,16384,128,64,39.6373
16,16384,128,128,41.601
16,16384,128,256,48.747
16,16384,128,512,62.7307
16,16384,128,1024,91.2643
16,16384,128,2048,137.11
16,16384,128,4096,181.227
16,16384,128,8192,322.573
16,16384,128,16384,608.525
32,0,0,0,15.0613
32,0,1,16,15.3177
32,0,1,32,15.1257
32,0,1,64,15.328
32,0,1,128,16.3413
32,0,1,256,17.8347
32,0,1,512,19.6803
32,0,1,1024,19.8827
32,0,1,2048,20.8213
32,0,1,4096,21.3657
32,0,1,8192,24.043
32,0,1,16384,27.7333
32,0,2,16,15.019
32,0,2,32,14.9763
32,0,2,64,15.1257
32,0,2,128,16.4267
32,0,2,256,18.016
32,0,2,512,19.4027
32,0,2,1024,19.9897
32,0,2,2048,20.512
32,0,2,4096,22.326
32,0,2,8192,24.7367
32,0,2,16384,29.9097
32,0,4,16,15.0827
32,0,4,32,15.3173
32,0,4,64,15.1897
32,0,4,128,16.3947
32,0,4,256,18.1227
32,0,4,512,19.2643
32,0,4,1024,20.31
32,0,4,2048,21.984
32,0,4,4096,23.9577
32,0,4,8192,28.6293
32,0,4,16384,39.0407
32,0,8,16,15.2213
32,0,8,32,15.2423
32,0,8,64,15.1573
32,0,8,128,16.9387
32,0,8,256,18.336
32,0,8,512,20.0213
32,0,8,1024,21.5357
32,0,8,2048,23.179
32,0,8,4096,28.8853
32,0,8,8192,39.3603
32,0,8,16384,59.051
32,0,16,16,15.264
32,0,16,32,15.3707
32,0,16,64,15.264
32,0,16,128,17.3227
32,0,16,256,18.752
32,0,16,512,21.3547
32,0,16,1024,23.2107
32,0,16,2048,28.843
32,0,16,4096,40.0853
32,0,16,8192,60.2883
32,0,16,16384,97.345
32,0,32,16,15.6377
32,0,32,32,15.776
32,0,32,64,15.723
32,0,32,128,17.472
32,0,32,256,18.987
32,0,32,512,23.0617
32,0,32,1024,30.5817
32,0,32,2048,42.251
32,0,32,4096,61.9733
32,0,32,8192,99.723
32,0,32,16384,171.5
32,0,64,16,16.2987
32,0,64,32,16.448
32,0,64,64,16.6293
32,0,64,128,18.0373
32,0,64,256,21.344
32,0,64,512,31.4457
32,0,64,1024,44.011
32,0,64,2048,65.3023
32,0,64,4096,102.454
32,0,64,8192,174.593
32,0,64,16384,319.489
32,0,128,16,22.1333
32,0,128,32,22.3253
32,0,128,64,23.2533
32,0,128,128,26.4323
32,0,128,256,31.3923
32,0,128,512,46.7733
32,0,128,1024,68.6507
32,0,128,2048,105.271
32,0,128,4096,177.185
32,0,128,8192,319.169
32,0,128,16384,604.612
32,16,0,0,15.3707
32,16,1,16,15.0827
32,16,1,32,15.0187
32,16,1,64,15.0293
32,16,1,128,16.2883
32,16,1,256,17.9523
32,16,1,512,19.9253
32,16,1,1024,20.5227
32,16,1,2048,20.7467
32,16,1,4096,21.3653
32,16,1,8192,24.128
32,16,1,16384,27.872
32,16,2,16,15.2107
32,16,2,32,15.0933
32,16,2,64,14.912
32,16,2,128,16.5013
32,16,2,256,17.9307
32,16,2,512,19.3597
32,16,2,1024,19.7977
32,16,2,2048,20.5227
32,16,2,4096,22.3893
32,16,2,8192,24.939
32,16,2,16384,29.75
32,16,4,16,15.1573
32,16,4,32,15.392
32,16,4,64,15.1573
32,16,4,128,16.544
32,16,4,256,18.24
32,16,4,512,19.3813
32,16,4,1024,20.501
32,16,4,2048,22.1973
32,16,4,4096,23.4453
32,16,4,8192,28.9603
32,16,4,16384,38.667
32,16,8,16,15.04
32,16,8,32,15.1573
32,16,8,64,15.1787
32,16,8,128,16.832
32,16,8,256,18.3893
32,16,8,512,20.224
32,16,8,1024,21.4827
32,16,8,2048,23.7653
32,16,8,4096,28.9813
32,16,8,8192,40
32,16,8,16384,59.1263
32,16,16,16,15.6163
32,16,16,32,15.5203
32,16,16,64,15.3813
32,16,16,128,17.6103
32,16,16,256,18.8373
32,16,16,512,21.6853
32,16,16,1024,23.2747
32,16,16,2048,28.7573
32,16,16,4096,40.971
32,16,16,8192,60.1173
32,16,16,16384,97.5687
32,16,32,16,15.6693
32,16,32,32,15.5837
32,16,32,64,15.68
32,16,32,128,17.3763
32,16,32,256,18.7843
32,16,32,512,23.4133
32,16,32,1024,30.4643
32,16,32,2048,42.1653
32,16,32,4096,62.3147
32,16,32,8192,100.299
32,16,32,16384,172.172
32,16,64,16,16.1707
32,16,64,32,16.352
32,16,64,64,16.64
32,16,64,128,18.2293
32,16,64,256,21.184
32,16,64,512,31.766
32,16,64,1024,43.8293
32,16,64,2048,65.387
32,16,64,4096,102.262
32,16,64,8192,174.038
32,16,64,16384,318.529
32,16,128,16,21.9737
32,16,128,32,21.9093
32,16,128,64,23.147
32,16,128,128,26.5707
32,16,128,256,31.52
32,16,128,512,46.5603
32,16,128,1024,68.459
32,16,128,2048,105.44
32,16,128,4096,176.897
32,16,128,8192,318.988
32,16,128,16384,604.462
32,32,0,0,15.2533
32,32,1,16,15.1253
32,32,1,32,14.891
32,32,1,64,14.9653
32,32,1,128,16.2027
32,32,1,256,17.9627
32,32,1,512,19.968
32,32,1,1024,20.2453
32,32,1,2048,20.5443
32,32,1,4096,21.3657
32,32,1,8192,24.1813
32,32,1,16384,28.0003
32,32,2,16,15.1573
32,32,2,32,15.168
32,32,2,64,15.0613
32,32,2,128,16.3417
32,32,2,256,18.0587
32,32,2,512,19.2213
32,32,2,1024,19.8613
32,32,2,2048,20.555
32,32,2,4096,22.4
32,32,2,8192,24.5227
32,32,2,16384,29.846
32,32,4,16,15.4777
32,32,4,32,15.2533
32,32,4,64,15.2427
32,32,4,128,16.5013
32,32,4,256,18.08
32,32,4,512,19.3813
32,32,4,1024,20.299
32,32,4,2048,21.92
32,32,4,4096,23.6053
32,32,4,8192,29.1737
32,32,4,16384,38.7947
32,32,8,16,15.1787
32,32,8,32,15.147
32,32,8,64,15.1147
32,32,8,128,16.8853
32,32,8,256,18.2507
32,32,8,512,20.054
32,32,8,1024,21.2803
32,32,8,2048,23.531
32,32,8,4096,28.4907
32,32,8,8192,39.3493
32,32,8,16384,59.3717
32,32,16,16,15.3707
32,32,16,32,15.339
32,32,16,64,15.381
32,32,16,128,17.312
32,32,16,256,18.517
32,32,16,512,21.4507
32,32,16,1024,23.0613
32,32,16,2048,29.0987
32,32,16,4096,40.0217
32,32,16,8192,60.758
32,32,16,16384,98.4747
32,32,32,16,15.6907
32,32,32,32,15.5413
32,32,32,64,15.84
32,32,32,128,17.3547
32,32,32,256,19.1467
32,32,32,512,23.008
32,32,32,1024,30.6243
32,32,32,2048,41.824
32,32,32,4096,63.5737
32,32,32,8192,99.0937
32,32,32,16384,171.659
32,32,64,16,16.448
32,32,64,32,16.3417
32,32,64,64,16.5443
32,32,64,128,18.0693
32,32,64,256,20.6933
32,32,64,512,32.2777
32,32,64,1024,44.064
32,32,64,2048,65.334
32,32,64,4096,102.721
32,32,64,8192,173.345
32,32,64,16384,319.308
32,32,128,16,22.1443
32,32,128,32,22.2397
32,32,128,64,23.1147
32,32,128,128,26.859
32,32,128,256,31.3387
32,32,128,512,46.9127
32,32,128,1024,69.0563
32,32,128,2048,106.849
32,32,128,4096,177.025
32,32,128,8192,318.551
32,32,128,16384,605.262
32,64,0,0,15.0933
32,64,1,16,15.2747
32,64,1,32,14.9653
32,64,1,64,15.115
32,64,1,128,16.384
32,64,1,256,18.0587
32,64,1,512,20.022
32,64,1,1024,19.968
32,64,1,2048,20.4267
32,64,1,4096,21.44
32,64,1,8192,24.011
32,64,1,16384,28.1817
32,64,2,16,14.944
32,64,2,32,15.008
32,64,2,64,15.3497
32,64,2,128,16.2027
32,64,2,256,17.9307
32,64,2,512,19.3493
32,64,2,1024,19.8193
32,64,2,2048,20.32
32,64,2,4096,22.5493
32,64,2,8192,24.5227
32,64,2,16384,29.8133
32,64,4,16,15.2747
32,64,4,32,15.232
32,64,4,64,15.1573
32,64,4,128,16.5013
32,64,4,256,18.2933
32,64,4,512,19.4137
32,64,4,1024,20.3627
32,64,4,2048,21.9307
32,64,4,4096,23.68
32,64,4,8192,29.003
32,64,4,16384,39.4137
32,64,8,16,15.2533
32,64,8,32,14.9973
32,64,8,64,15.1893
32,64,8,128,17.1093
32,64,8,256,18.2933
32,64,8,512,19.9253
32,64,8,1024,21.376
32,64,8,2048,23.3387
32,64,8,4096,28.7573
32,64,8,8192,39.872
32,64,8,16384,58.8697
32,64,16,16,15.2853
32,64,16,32,15.467
32,64,16,64,15.3713
32,64,16,128,17.5253
32,64,16,256,18.7733
32,64,16,512,21.5253
32,64,16,1024,23.008
32,64,16,2048,29.014
32,64,16,4096,40.4483
32,64,16,8192,60.085
32,64,16,16384,98.486
32,64,32,16,15.5523
32,64,32,32,15.6267
32,64,32,64,15.894
32,64,32,128,17.5573
32,64,32,256,18.8693
32,64,32,512,22.9547
32,64,32,1024,30.3897
32,64,32,2048,41.633
32,64,32,4096,62.1337
32,64,32,8192,100.043
32,64,32,16384,171.041
32,64,64,16,16.1707
32,64,64,32,16.4693
32,64,64,64,16.789
32,64,64,128,18.07
32,64,64,256,20.9923
32,64,64,512,32.1177
32,64,64,1024,44.6397
32,64,64,2048,65.91
32,64,64,4096,102.806
32,64,64,8192,173.942
32,64,64,16384,317.847
32,64,128,16,22.24
32,64,128,32,22.2613
32,64,128,64,23.0617
32,64,128,128,26.5383
32,64,128,256,31.659
32,64,128,512,47.3073
32,64,128,1024,68.4807
32,64,128,2048,107.361
32,64,128,4096,176.065
32,64,128,8192,318.284
32,64,128,16384,603.192
32,128,0,0,16.8747
32,128,1,16,16.64
32,128,1,32,16.843
32,128,1,64,16.8747
32,128,1,128,16.768
32,128,1,256,17.8667
32,128,1,512,21.9093
32,128,1,1024,20.224
32,128,1,2048,20.843
32,128,1,4096,22.1977
32,128,1,8192,24.1177
32,128,1,16384,27.9787
32,128,2,16,16.8747
32,128,2,32,16.7893
32,128,2,64,16.971
32,128,2,128,16.8747
32,128,2,256,17.963
32,128,2,512,21.7817
32,128,2,1024,20.1707
32,128,2,2048,20.907
32,128,2,4096,22.347
32,128,2,8192,24.5763
32,128,2,16384,29.9093
32,128,4,16,16.7893
32,128,4,32,17.0137
32,128,4,64,17.12
32,128,4,128,16.939
32,128,4,256,18.2403
32,128,4,512,21.7067
32,128,4,1024,20.5333
32,128,4,2048,21.7283
32,128,4,4096,23.8937
32,128,4,8192,28.2567
32,128,4,16384,38.731
32,128,8,16,16.768
32,128,8,32,16.864
32,128,8,64,16.9387
32,128,8,128,16.8963
32,128,8,256,18.304
32,128,8,512,22.3153
32,128,8,1024,21.2907
32,128,8,2048,23.0297
32,128,8,4096,28.7787
32,128,8,8192,39.2213
32,128,8,16384,60.224
32,128,16,16,16.8533
32,128,16,32,16.9173
32,128,16,64,17.0137
32,128,16,128,17.2693
32,128,16,256,18.688
32,128,16,512,21.5363
32,128,16,1024,23.008
32,128,16,2048,29.056
32,128,16,4096,40.5333
32,128,16,8192,61.0667
32,128,16,16384,98.7843
32,128,32,16,17.056
32,128,32,32,16.9387
32,128,32,64,17.3227
32,128,32,128,17.2163
32,128,32,256,18.8057
32,128,32,512,23.3067
32,128,32,1024,29.8353
32,128,32,2048,41.6543
32,128,32,4096,62.7313
32,128,32,8192,99.4137
32,128,32,16384,171.969
32,128,64,16,17.9413
32,128,64,32,18.1013
32,128,64,64,18.1227
32,128,64,128,18.2937
32,128,64,256,21.3333
32,128,64,512,31.776
32,128,64,1024,45.0137
32,128,64,2048,65.5257
32,128,64,4096,102.603
32,128,64,8192,174.849
32,128,64,16384,318.06
32,128,128,16,22.1977
32,128,128,32,22.379
32,128,128,64,22.976
32,128,128,128,26.7843
32,128,128,256,31.4133
32,128,128,512,47.8827
32,128,128,1024,68.662
32,128,128,2048,106.955
32,128,128,4096,177.206
32,128,128,8192,319.714
32,128,128,16384,604.269
32,256,0,0,18.5393
32,256,1,16,18.3893
32,256,1,32,18.304
32,256,1,64,18.2187
32,256,1,128,18.1973
32,256,1,256,18.3147
32,256,1,512,22.1123
32,256,1,1024,20.352
32,256,1,2048,20.8213
32,256,1,4096,22.3153
32,256,1,8192,24.2987
32,256,1,16384,27.7333
32,256,2,16,18.2293
32,256,2,32,18.3897
32,256,2,64,18.5813
32,256,2,128,18.3253
32,256,2,256,18.3787
32,256,2,512,21.6853
32,256,2,1024,20.1497
32,256,2,2048,21.0347
32,256,2,4096,23.766
32,256,2,8192,24.448
32,256,2,16384,30.0373
32,256,4,16,18.3787
32,256,4,32,18.443
32,256,4,64,18.4853
32,256,4,128,18.3467
32,256,4,256,18.304
32,256,4,512,22.0693
32,256,4,1024,20.619
32,256,4,2048,22.6987
32,256,4,4096,23.8293
32,256,4,8192,28.8
32,256,4,16384,39.296
32,256,8,16,18.496
32,256,8,32,18.411
32,256,8,64,18.336
32,256,8,128,18.4003
32,256,8,256,18.5817
32,256,8,512,23.606
32,256,8,1024,23.253
32,256,8,2048,23.6057
32,256,8,4096,28.8003
32,256,8,8192,39.8827
32,256,8,16384,60.256
32,256,16,16,18.528
32,256,16,32,18.5063
32,256,16,64,18.6027
32,256,16,128,18.6883
32,256,16,256,18.976
32,256,16,512,24.2133
32,256,16,1024,23.531
32,256,16,2048,29.4827
32,256,16,4096,39.3067
32,256,16,8192,60.5013
32,256,16,16384,98.7847
32,256,32,16,18.5917
32,256,32,32,18.8803
32,256,32,64,18.8693
32,256,32,128,19.0187
32,256,32,256,19.04
32,256,32,512,23.872
32,256,32,1024,30.0377
32,256,32,2048,41.9627
32,256,32,4096,63.872
32,256,32,8192,100.097
32,256,32,16384,171.99
32,256,64,16,19.52
32,256,64,32,19.584
32,256,64,64,19.776
32,256,64,128,19.4453
32,256,64,256,21.1733
32,256,64,512,32.1707
32,256,64,1024,44.8747
32,256,64,2048,66.3897
32,256,64,4096,101.825
32,256,64,8192,173.953
32,256,64,16384,317.26
32,256,128,16,22.1017
32,256,128,32,22.304
32,256,128,64,23.1043
32,256,128,128,26.9973
32,256,128,256,31.457
32,256,128,512,47.8717
32,256,128,1024,69.1093
32,256,128,2048,107.115
32,256,128,4096,176.993
32,256,128,8192,319.127
32,256,128,16384,605.186
32,512,0,0,21.888
32,512,1,16,22.08
32,512,1,32,22.1123
32,512,1,64,21.9413
32,512,1,128,22.1013
32,512,1,256,22.0587
32,512,1,512,22.112
32,512,1,1024,20.544
32,512,1,2048,20.6933
32,512,1,4096,22.1653
32,512,1,8192,24.192
32,512,1,16384,28.3517
32,512,2,16,22.08
32,512,2,32,22.3147
32,512,2,64,22.1767
32,512,2,128,22.2837
32,512,2,256,22.0373
32,512,2,512,22.0377
32,512,2,1024,20.544
32,512,2,2048,21.0243
32,512,2,4096,24.3737
32,512,2,8192,27.051
32,512,2,16384,29.8563
32,512,4,16,22.3467
32,512,4,32,22.1547
32,512,4,64,22.1767
32,512,4,128,22.2507
32,512,4,256,22.208
32,512,4,512,22.1547
32,512,4,1024,20.939
32,512,4,2048,23.6693
32,512,4,4096,25.6963
32,512,4,8192,29.0777
32,512,4,16384,38.9653
32,512,8,16,22.731
32,512,8,32,22.752
32,512,8,64,22.8587
32,512,8,128,22.9013
32,512,8,256,23.0933
32,512,8,512,24.3413
32,512,8,1024,23.4027
32,512,8,2048,26.24
32,512,8,4096,28.6083
32,512,8,8192,39.52
32,512,8,16384,59.1153
32,512,16,16,22.3683
32,512,16,32,22.5603
32,512,16,64,22.5387
32,512,16,128,22.88
32,512,16,256,24.9387
32,512,16,512,24.1707
32,512,16,1024,26.816
32,512,16,2048,29.4613
32,512,16,4096,40.9817
32,512,16,8192,61.11
32,512,16,16384,99.0827
32,512,32,16,21.5697
32,512,32,32,21.5467
32,512,32,64,21.9523
32,512,32,128,22.368
32,512,32,256,28.5333
32,512,32,512,31.328
32,512,32,1024,30.795
32,512,32,2048,42.443
32,512,32,4096,62.2833
32,512,32,8192,99.5203
32,512,32,16384,171.115
32,512,64,16,27.6693
32,512,64,32,27.6377
32,512,64,64,27.1573
32,512,64,128,29.472
32,512,64,256,35.1893
32,512,64,512,31.371
32,512,64,1024,45.0457
32,512,64,2048,65.1527
32,512,64,4096,102.144
32,512,64,8192,173.985
32,512,64,16384,317.889
32,512,128,16,31.328
32,512,128,32,31.3813
32,512,128,64,31.819
32,512,128,128,30.923
32,512,128,256,35.9147
32,512,128,512,47.5417
32,512,128,1024,69.611
32,512,128,2048,105.376
32,512,128,4096,177.099
32,512,128,8192,318.295
32,512,128,16384,604.856
32,1024,0,0,23.4457
32,1024,1,16,23.5947
32,1024,1,32,23.4773
32,1024,1,64,22.6347
32,1024,1,128,23.36
32,1024,1,256,23.424
32,1024,1,512,23.424
32,1024,1,1024,23.4027
32,1024,1,2048,21.1627
32,1024,1,4096,22.3787
32,1024,1,8192,24.0217
32,1024,1,16384,28.0003
32,1024,2,16,23.648
32,1024,2,32,23.2427
32,1024,2,64,23.5627
32,1024,2,128,23.6587
32,1024,2,256,23.5627
32,1024,2,512,23.4027
32,1024,2,1024,23.318
32,1024,2,2048,21.8777
32,1024,2,4096,24.8643
32,1024,2,8192,27.6053
32,1024,2,16384,31.4033
32,1024,4,16,23.286
32,1024,4,32,23.563
32,1024,4,64,23.2427
32,1024,4,128,23.3177
32,1024,4,256,23.5733
32,1024,4,512,23.456
32,1024,4,1024,23.2643
32,1024,4,2048,23.5197
32,1024,4,4096,27.8293
32,1024,4,8192,31.403
32,1024,4,16384,39.5847
32,1024,8,16,23.9787
32,1024,8,32,24
32,1024,8,64,24.0107
32,1024,8,128,24.032
32,1024,8,256,24.0753
32,1024,8,512,24.6297
32,1024,8,1024,25.3443
32,1024,8,2048,27.04
32,1024,8,4096,30.0483
32,1024,8,8192,39.904
32,1024,8,16384,59.2003
32,1024,16,16,23.9257
32,1024,16,32,23.8403
32,1024,16,64,24.1173
32,1024,16,128,24.32
32,1024,16,256,23.2213
32,1024,16,512,24.3733
32,1024,16,1024,27.488
32,1024,16,2048,37.5147
32,1024,16,4096,39.5203
32,1024,16,8192,60.7467
32,1024,16,16384,98.7207
32,1024,32,16,22.7307
32,1024,32,32,22.5813
32,1024,32,64,22.7733
32,1024,32,128,22.9343
32,1024,32,256,28.4163
32,1024,32,512,31.2003
32,1024,32,1024,40.203
32,1024,32,2048,41.8457
32,1024,32,4096,62.7203
32,1024,32,8192,100.235
32,1024,32,16384,172.172
32,1024,64,16,27.4667
32,1024,64,32,28.4587
32,1024,64,64,28.4693
32,1024,64,128,29.515
32,1024,64,256,34.8373
32,1024,64,512,44.0967
32,1024,64,1024,44.619
32,1024,64,2048,66.1127
32,1024,64,4096,102.081
32,1024,64,8192,174.561
32,1024,64,16384,319.308
32,1024,128,16,31.6693
32,1024,128,32,31.595
32,1024,128,64,32.384
32,1024,128,128,38.2827
32,1024,128,256,41.344
32,1024,128,512,47.9153
32,1024,128,1024,68.8853
32,1024,128,2048,106.081
32,1024,128,4096,176.822
32,1024,128,8192,319.212
32,1024,128,16384,604.92
32,2048,0,0,24.32
32,2048,1,16,24.448
32,2048,1,32,24.3953
32,2048,1,64,24.3733
32,2048,1,128,24.3413
32,2048,1,256,24.384
32,2048,1,512,24.448
32,2048,1,1024,24.3733
32,2048,1,2048,24.2777
32,2048,1,4096,25.4083
32,2048,1,8192,24.5013
32,2048,1,16384,28.779
32,2048,2,16,24.1603
32,2048,2,32,24.3627
32,2048,2,64,24.32
32,2048,2,128,24.4047
32,2048,2,256,24.352
32,2048,2,512,24.224
32,2048,2,1024,24.6933
32,2048,2,2048,24.3307
32,2048,2,4096,26.731
32,2048,2,8192,28.5333
32,2048,2,16384,31.3603
32,2048,4,16,24.288
32,2048,4,32,24.3093
32,2048,4,64,24.32
32,2048,4,128,24.4053
32,2048,4,256,24.2027
32,2048,4,512,24.7257
32,2048,4,1024,23.52
32,2048,4,2048,24.7787
32,2048,4,4096,29.12
32,2048,4,8192,31.0507
32,2048,4,16384,40.0327
32,2048,8,16,25.237
32,2048,8,32,24.896
32,2048,8,64,24.7893
32,2048,8,128,24.9493
32,2048,8,256,25.387
32,2048,8,512,24.6507
32,2048,8,1024,26.5923
32,2048,8,2048,28.0107
32,2048,8,4096,30.4433
32,2048,8,8192,40.2137
32,2048,8,16384,59.8717
32,2048,16,16,24.8107
32,2048,16,32,25.0987
32,2048,16,64,24.8423
32,2048,16,128,25.0453
32,2048,16,256,24.3843
32,2048,16,512,25.9833
32,2048,16,1024,29.259
32,2048,16,2048,31.7553
32,2048,16,4096,54.3473
32,2048,16,8192,61.248
32,2048,16,16384,98.7413
32,2048,32,16,23.179
32,2048,32,32,23.2427
32,2048,32,64,23.4027
32,2048,32,128,23.563
32,2048,32,256,25.0133
32,2048,32,512,31.136
32,2048,32,1024,41.1103
32,2048,32,2048,59.5737
32,2048,32,4096,62.0057
32,2048,32,8192,101.387
32,2048,32,16384,171.67
32,2048,64,16,28.47
32,2048,64,32,27.1043
32,2048,64,64,28.6077
32,2048,64,128,31.0183
32,2048,64,256,34.1123
32,2048,64,512,43.8833
32,2048,64,1024,64.6087
32,2048,64,2048,65.6217
32,2048,64,4096,102.165
32,2048,64,8192,175.937
32,2048,64,16384,318.669
32,2048,128,16,32.0003
32,2048,128,32,32.2453
32,2048,128,64,32.704
32,2048,128,128,38.0373
32,2048,128,256,44.9707
32,2048,128,512,56.758
32,2048,128,1024,69.5473
32,2048,128,2048,106.731
32,2048,128,4096,177.846
32,2048,128,8192,319.532
32,2048,128,16384,607.661
32,4096,0,0,25.3867
32,4096,1,16,25.899
32,4096,1,32,25.7707
32,4096,1,64,25.9633
32,4096,1,128,26.6453
32,4096,1,256,26.4747
32,4096,1,512,26.3253
32,4096,1,1024,26.2617
32,4096,1,2048,26.6027
32,4096,1,4096,26.4217
32,4096,1,8192,27.744
32,4096,1,16384,28.832
32,4096,2,16,25.8667
32,4096,2,32,25.5467
32,4096,2,64,25.6643
32,4096,2,128,26.1867
32,4096,2,256,26.315
32,4096,2,512,25.9417
32,4096,2,1024,26.0693
32,4096,2,2048,26.4537
32,4096,2,4096,26.9013
32,4096,2,8192,29.067
32,4096,2,16384,34.0053
32,4096,4,16,25.216
32,4096,4,32,25.451
32,4096,4,64,25.184
32,4096,4,128,26.1657
32,4096,4,256,25.2487
32,4096,4,512,26.1653
32,4096,4,1024,26.2833
32,4096,4,2048,26.6773
32,4096,4,4096,28.16
32,4096,4,8192,32.9703
32,4096,4,16384,39.7023
32,4096,8,16,26.0697
32,4096,8,32,26.0587
32,4096,8,64,25.9523
32,4096,8,128,26.9543
32,4096,8,256,26.4213
32,4096,8,512,27.211
32,4096,8,1024,27.9147
32,4096,8,2048,29.3223
32,4096,8,4096,32.7467
32,4096,8,8192,40.9603
32,4096,8,16384,61.718
32,4096,16,16,25.899
32,4096,16,32,25.8563
32,4096,16,64,25.9523
32,4096,16,128,26.9013
32,4096,16,256,26.6883
32,4096,16,512,26.304
32,4096,16,1024,28.587
32,4096,16,2048,32.8107
32,4096,16,4096,55.819
32,4096,16,8192,89.2273
32,4096,16,16384,98.8273
32,4096,32,16,24.363
32,4096,32,32,24.768
32,4096,32,64,24.8637
32,4096,32,128,25.0667
32,4096,32,256,27.136
32,4096,32,512,31.787
32,4096,32,1024,40.6723
32,4096,32,2048,58.7093
32,4096,32,4096,93.9313
32,4096,32,8192,100.577
32,4096,32,16384,172.514
32,4096,64,16,26.741
32,4096,64,32,26.9443
32,4096,64,64,27.1787
32,4096,64,128,30.2937
32,4096,64,256,36.011
32,4096,64,512,43.787
32,4096,64,1024,64.5223
32,4096,64,2048,99.6383
32,4096,64,4096,102.166
32,4096,64,8192,176.118
32,4096,64,16384,321.314
32,4096,128,16,34.2507
32,4096,128,32,34.603
32,4096,128,64,34.7523
32,4096,128,128,40.2457
32,4096,128,256,46.3257
32,4096,128,512,62.1867
32,4096,128,1024,84.704
32,4096,128,2048,107.98
32,4096,128,4096,178.241
32,4096,128,8192,320.023
32,4096,128,16384,607.374
32,8192,0,0,29.2057
32,8192,1,16,28.8323
32,8192,1,32,28.8853
32,8192,1,64,28.928
32,8192,1,128,28.96
32,8192,1,256,28.8003
32,8192,1,512,28.6827
32,8192,1,1024,29.0457
32,8192,1,2048,29.632
32,8192,1,4096,31.1043
32,8192,1,8192,29.6533
32,8192,1,16384,32.9817
32,8192,2,16,28.8317
32,8192,2,32,28.736
32,8192,2,64,28.8533
32,8192,2,128,29.056
32,8192,2,256,28.9283
32,8192,2,512,28.8853
32,8192,2,1024,29.3867
32,8192,2,2048,30.3573
32,8192,2,4096,29.4507
32,8192,2,8192,31.969
32,8192,2,16384,34.475
32,8192,4,16,28.416
32,8192,4,32,28.224
32,8192,4,64,28.3637
32,8192,4,128,28.4373
32,8192,4,256,28.8533
32,8192,4,512,28.8853
32,8192,4,1024,31.9893
32,8192,4,2048,29.2373
32,8192,4,4096,31.0083
32,8192,4,8192,34.4957
32,8192,4,16384,42.6243
32,8192,8,16,28.672
32,8192,8,32,28.7573
32,8192,8,64,28.7467
32,8192,8,128,28.981
32,8192,8,256,30.645
32,8192,8,512,30.443
32,8192,8,1024,29.4933
32,8192,8,2048,31.7763
32,8192,8,4096,35.6053
32,8192,8,8192,42.816
32,8192,8,16384,61.728
32,8192,16,16,28.6723
32,8192,16,32,28.555
32,8192,16,64,28.64
32,8192,16,128,28.6293
32,8192,16,256,33.131
32,8192,16,512,29.632
32,8192,16,1024,30.7947
32,8192,16,2048,42.923
32,8192,16,4096,43.1997
32,8192,16,8192,90.155
32,8192,16,16384,152.011
32,8192,32,16,27.7653
32,8192,32,32,27.7977
32,8192,32,64,27.4027
32,8192,32,128,27.627
32,8192,32,256,27.9787
32,8192,32,512,30.795
32,8192,32,1024,41.1203
32,8192,32,2048,59.2963
32,8192,32,4096,94.134
32,8192,32,8192,155.766
32,8192,32,16384,172.268
32,8192,64,16,29.355
32,8192,64,32,29.3547
32,8192,64,64,30.1227
32,8192,64,128,31.094
32,8192,64,256,34.923
32,8192,64,512,43.563
32,8192,64,1024,63.926
32,8192,64,2048,98.774
32,8192,64,4096,161.249
32,8192,64,8192,176.641
32,8192,64,16384,321.335
32,8192,128,16,36.192
32,8192,128,32,36.5653
32,8192,128,64,36.992
32,8192,128,128,39.4883
32,8192,128,256,45.739
32,8192,128,512,61.4507
32,8192,128,1024,88.6947
32,8192,128,2048,133.654
32,8192,128,4096,179.095
32,8192,128,8192,323.021
32,8192,128,16384,607.63
32,16384,0,0,35.2107
32,16384,1,16,35.2323
32,16384,1,32,35.1043
32,16384,1,64,35.072
32,16384,1,128,35.1893
32,16384,1,256,35.2853
32,16384,1,512,35.2643
32,16384,1,1024,35.083
32,16384,1,2048,35.2537
32,16384,1,4096,36.7897
32,16384,1,8192,35.798
32,16384,1,16384,36.8217
32,16384,2,16,35.3493
32,16384,2,32,35.5627
32,16384,2,64,35.4777
32,16384,2,128,35.2753
32,16384,2,256,35.4347
32,16384,2,512,35.595
32,16384,2,1024,35.68
32,16384,2,2048,37.184
32,16384,2,4096,35.7653
32,16384,2,8192,37.1307
32,16384,2,16384,39.7653
32,16384,4,16,35.4457
32,16384,4,32,35.361
32,16384,4,64,35.3497
32,16384,4,128,35.3707
32,16384,4,256,35.7547
32,16384,4,512,37.1413
32,16384,4,1024,36.3417
32,16384,4,2048,34.3253
32,16384,4,4096,36.9067
32,16384,4,8192,39.3383
32,16384,4,16384,46.4747
32,16384,8,16,34.9977
32,16384,8,32,35.179
32,16384,8,64,35.1473
32,16384,8,128,35.2643
32,16384,8,256,34.9973
32,16384,8,512,38.731
32,16384,8,1024,34.283
32,16384,8,2048,35.7867
32,16384,8,4096,40.299
32,16384,8,8192,47.467
32,16384,8,16384,67.7127
32,16384,16,16,34.9333
32,16384,16,32,34.9543
32,16384,16,64,35.3713
32,16384,16,128,31.7227
32,16384,16,256,33.899
32,16384,16,512,34.0483
32,16384,16,1024,40.6833
32,16384,16,2048,39.2433
32,16384,16,4096,68.7253
32,16384,16,8192,70.0383
32,16384,16,16384,152.992
32,16384,32,16,34.304
32,16384,32,32,33.5147
32,16384,32,64,34.336
32,16384,32,128,34.475
32,16384,32,256,35.7973
32,16384,32,512,42.3257
32,16384,32,1024,41.2053
32,16384,32,2048,60.459
32,16384,32,4096,94.6137
32,16384,32,8192,154.571
32,16384,32,16384,279.585
32,16384,64,16,33.8773
32,16384,64,32,34.6453
32,16384,64,64,34.0693
32,16384,64,128,40.256
32,16384,64,256,37.835
32,16384,64,512,44.4587
32,16384,64,1024,63.7547
32,16384,64,2048,98.358
32,16384,64,4096,159.575
32,16384,64,8192,284.514
32,16384,64,16384,322.071
32,16384,128,16,41.472
32,16384,128,32,41.3017
32,16384,128,64,41.5787
32,16384,128,128,46.8267
32,16384,128,256,47.9263
32,16384,128,512,61.4513
32,16384,128,1024,90.123
32,16384,128,2048,135.788
32,16384,128,4096,230.626
32,16384,128,8192,324.3
32,16384,128,16384,607.906
64,0,0,0,15.04
64,0,1,16,15.3493
64,0,1,32,15.0187
64,0,1,64,15.179
64,0,1,128,16.8747
64,0,1,256,18.1543
64,0,1,512,19.968
64,0,1,1024,20.3737
64,0,1,2048,20.8427
64,0,1,4096,22.8163
64,0,1,8192,26.6773
64,0,1,16384,33.8457
64,0,2,16,15.1893
64,0,2,32,15.3813
64,0,2,64,15.2643
64,0,2,128,16.5017
64,0,2,256,18.3467
64,0,2,512,19.4247
64,0,2,1024,20.3737
64,0,2,2048,20.8533
64,0,2,4096,23.029
64,0,2,8192,27.1147
64,0,2,16384,34.6663
64,0,4,16,15.168
64,0,4,32,15.2853
64,0,4,64,15.3493
64,0,4,128,16.512
64,0,4,256,18.304
64,0,4,512,19.616
64,0,4,1024,20.8747
64,0,4,2048,22.3893
64,0,4,4096,23.872
64,0,4,8192,29.0667
64,0,4,16384,39.0187
64,0,8,16,15.4667
64,0,8,32,15.4773
64,0,8,64,15.5203
64,0,8,128,17.5253
64,0,8,256,18.6243
64,0,8,512,20.3093
64,0,8,1024,21.8987
64,0,8,2048,23.616
64,0,8,4096,29.0347
64,0,8,8192,44.533
64,0,8,16384,65.195
64,0,16,16,15.6377
64,0,16,32,15.6373
64,0,16,64,15.765
64,0,16,128,17.931
64,0,16,256,18.816
64,0,16,512,21.8133
64,0,16,1024,23.3493
64,0,16,2048,34.3043
64,0,16,4096,44.8963
64,0,16,8192,65.0033
64,0,16,16384,102.368
64,0,32,16,15.8613
64,0,32,32,15.766
64,0,32,64,15.9683
64,0,32,128,17.6213
64,0,32,256,18.8267
64,0,32,512,29.483
64,0,32,1024,35.1893
64,0,32,2048,46.4213
64,0,32,4096,66.966
64,0,32,8192,104.501
64,0,32,16384,172.716
64,0,64,16,21.1313
64,0,64,32,21.3977
64,0,64,64,21.7177
64,0,64,128,23.8943
64,0,64,256,26.5603
64,0,64,512,36.544
64,0,64,1024,48.6507
64,0,64,2048,70.5817
64,0,64,4096,105.675
64,0,64,8192,176.833
64,0,64,16384,318.604
64,0,128,16,22.1653
64,0,128,32,22.1013
64,0,128,64,23.2963
64,0,128,128,26.5817
64,0,128,256,31.424
64,0,128,512,46.742
64,0,128,1024,69.355
64,0,128,2048,106.753
64,0,128,4096,176.918
64,0,128,8192,319.362
64,0,128,16384,605.859
64,16,0,0,15.3707
64,16,1,16,15.168
64,16,1,32,15.456
64,16,1,64,15.1257
64,16,1,128,16.7147
64,16,1,256,18.3893
64,16,1,512,20.214
64,16,1,1024,20.384
64,16,1,2048,20.9067
64,16,1,4096,22.816
64,16,1,8192,26.8267
64,16,1,16384,33.8037
64,16,2,16,15.307
64,16,2,32,15.168
64,16,2,64,15.2853
64,16,2,128,16.608
64,16,2,256,18.006
64,16,2,512,19.5733
64,16,2,1024,20.5333
64,16,2,2048,20.9173
64,16,2,4096,23.0193
64,16,2,8192,27.1573
64,16,2,16384,34.4003
64,16,4,16,15.275
64,16,4,32,15.4023
64,16,4,64,15.1893
64,16,4,128,16.9173
64,16,4,256,18.3893
64,16,4,512,19.7973
64,16,4,1024,20.7253
64,16,4,2048,22.443
64,16,4,4096,23.659
64,16,4,8192,29.2903
64,16,4,16384,39.0723
64,16,8,16,15.584
64,16,8,32,15.467
64,16,8,64,15.5523
64,16,8,128,17.2373
64,16,8,256,18.6237
64,16,8,512,20.3947
64,16,8,1024,21.8987
64,16,8,2048,23.2747
64,16,8,4096,29.0773
64,16,8,8192,44.3947
64,16,8,16384,63.9577
64,16,16,16,15.6913
64,16,16,32,15.7337
64,16,16,64,15.7977
64,16,16,128,17.7387
64,16,16,256,19.1253
64,16,16,512,21.7817
64,16,16,1024,23.3603
64,16,16,2048,34.2933
64,16,16,4096,44.48
64,16,16,8192,64.843
64,16,16,16384,103.019
64,16,32,16,15.574
64,16,32,32,15.6053
64,16,32,64,15.8827
64,16,32,128,17.4297
64,16,32,256,19.232
64,16,32,512,29.4087
64,16,32,1024,36.032
64,16,32,2048,46.347
64,16,32,4096,67.552
64,16,32,8192,103.424
64,16,32,16384,172.47
64,16,64,16,21.0987
64,16,64,32,21.4397
64,16,64,64,21.632
64,16,64,128,23.9257
64,16,64,256,26.6987
64,16,64,512,37.0137
64,16,64,1024,48.651
64,16,64,2048,72.2243
64,16,64,4096,107.425
64,16,64,8192,176.459
64,16,64,16384,319.564
64,16,128,16,22.1867
64,16,128,32,22.1547
64,16,128,64,23.147
64,16,128,128,26.688
64,16,128,256,31.6163
64,16,128,512,47.371
64,16,128,1024,70.7843
64,16,128,2048,107.083
64,16,128,4096,177.249
64,16,128,8192,319.404
64,16,128,16384,604.622
64,32,0,0,15.2427
64,32,1,16,15.1467
64,32,1,32,15.136
64,32,1,64,15.2
64,32,1,128,16.8
64,32,1,256,18.2937
64,32,1,512,19.68
64,32,1,1024,20.299
64,32,1,2048,20.7893
64,32,1,4096,22.923
64,32,1,8192,26.5923
64,32,1,16384,33.814
64,32,2,16,15.2857
64,32,2,32,15.0933
64,32,2,64,15.328
64,32,2,128,16.4267
64,32,2,256,17.9843
64,32,2,512,19.36
64,32,2,1024,20.3087
64,32,2,2048,21.0453
64,32,2,4096,23.083
64,32,2,8192,27.3493
64,32,2,16384,34.7093
64,32,4,16,15.296
64,32,4,32,15.264
64,32,4,64,15.2643
64,32,4,128,16.5867
64,32,4,256,18.3787
64,32,4,512,19.68
64,32,4,1024,20.6723
64,32,4,2048,22.5813
64,32,4,4096,23.8617
64,32,4,8192,29.184
64,32,4,16384,38.912
64,32,8,16,15.3493
64,32,8,32,15.4883
64,32,8,64,15.6057
64,32,8,128,17.44
64,32,8,256,18.7847
64,32,8,512,20.5767
64,32,8,1024,22.1867
64,32,8,2048,23.254
64,32,8,4096,29.472
64,32,8,8192,44.3523
64,32,8,16384,64.7363
64,32,16,16,15.6163
64,32,16,32,15.7333
64,32,16,64,15.7657
64,32,16,128,17.6857
64,32,16,256,18.7307
64,32,16,512,21.7493
64,32,16,1024,23.8293
64,32,16,2048,34.0697
64,32,16,4096,44.6297
64,32,16,8192,65.3447
64,32,16,16384,103.222
64,32,32,16,15.6373
64,32,32,32,15.8187
64,32,32,64,15.808
64,32,32,128,17.707
64,32,32,256,19.04
64,32,32,512,29.7707
64,32,32,1024,36.2027
64,32,32,2048,46.5393
64,32,32,4096,67.8303
64,32,32,8192,104.588
64,32,32,16384,171.905
64,32,64,16,21.2587
64,32,64,32,21.216
64,32,64,64,21.5467
64,32,64,128,24.0003
64,32,64,256,27.0513
64,32,64,512,37.0457
64,32,64,1024,49.5787
64,32,64,2048,71.5527
64,32,64,4096,106.646
64,32,64,8192,176.278
64,32,64,16384,317.793
64,32,128,16,22.0693
64,32,128,32,22.24
64,32,128,64,23.2747
64,32,128,128,26.859
64,32,128,256,31.1893
64,32,128,512,46.944
64,32,128,1024,69.2273
64,32,128,2048,105.952
64,32,128,4096,178.006
64,32,128,8192,319.254
64,32,128,16384,602.03
64,64,0,0,15.2643
64,64,1,16,15.307
64,64,1,32,15.1147
64,64,1,64,15.0833
64,64,1,128,16.8107
64,64,1,256,18.3893
64,64,1,512,20.1493
64,64,1,1024,20.384
64,64,1,2048,20.9493
64,64,1,4096,22.8587
64,64,1,8192,26.8803
64,64,1,16384,33.76
64,64,2,16,15.1363
64,64,2,32,15.1573
64,64,2,64,15.1897
64,64,2,128,16.384
64,64,2,256,18.2187
64,64,2,512,19.296
64,64,2,1024,20.5653
64,64,2,2048,20.672
64,64,2,4096,22.976
64,64,2,8192,27.36
64,64,2,16384,34.3577
64,64,4,16,15.0827
64,64,4,32,15.1893
64,64,4,64,15.2747
64,64,4,128,16.6827
64,64,4,256,18.3363
64,64,4,512,19.808
64,64,4,1024,21.0567
64,64,4,2048,22.24
64,64,4,4096,23.936
64,64,4,8192,29.3653
64,64,4,16384,38.8267
64,64,8,16,15.4137
64,64,8,32,15.5627
64,64,8,64,15.5523
64,64,8,128,17.4187
64,64,8,256,18.624
64,64,8,512,20.5973
64,64,8,1024,21.824
64,64,8,2048,23.4453
64,64,8,4096,28.8323
64,64,8,8192,44.2347
64,64,8,16384,64.8533
64,64,16,16,15.6693
64,64,16,32,15.456
64,64,16,64,15.7443
64,64,16,128,17.707
64,64,16,256,18.923
64,64,16,512,21.707
64,64,16,1024,23.35
64,64,16,2048,34.464
64,64,16,4096,44.523
64,64,16,8192,64.9173
64,64,16,16384,102.39
64,64,32,16,15.7337
64,64,32,32,15.52
64,64,32,64,15.84
64,64,32,128,17.5787
64,64,32,256,19.008
64,64,32,512,29.3767
64,64,32,1024,35.6267
64,64,32,2048,46.3793
64,64,32,4096,67.4143
64,64,32,8192,103.67
64,64,32,16384,173.643
64,64,64,16,21.3547
64,64,64,32,21.3227
64,64,64,64,21.7173
64,64,64,128,23.7333
64,64,64,256,26.7417
64,64,64,512,37.2803
64,64,64,1024,49.28
64,64,64,2048,70.1553
64,64,64,4096,107.488
64,64,64,8192,176.481
64,64,64,16384,319.298
64,64,128,16,22.0587
64,64,128,32,22.1547
64,64,128,64,23.0293
64,64,128,128,26.784
64,64,128,256,31.2537
64,64,128,512,47.883
64,64,128,1024,68.6833
64,64,128,2048,106.699
64,64,128,4096,176.481
64,64,128,8192,319.319
64,64,128,16384,605.411
64,128,0,0,16.896
64,128,1,16,16.9393
64,128,1,32,16.9707
64,128,1,64,16.7147
64,128,1,128,16.928
64,128,1,256,18.3467
64,128,1,512,22.1333
64,128,1,1024,20.2667
64,128,1,2048,21.003
64,128,1,4096,22.976
64,128,1,8192,26.6133
64,128,1,16384,33.856
64,128,2,16,16.811
64,128,2,32,16.992
64,128,2,64,16.7787
64,128,2,128,17.1413
64,128,2,256,18.3473
64,128,2,512,22.5177
64,128,2,1024,20.9387
64,128,2,2048,21.643
64,128,2,4096,23.0613
64,128,2,8192,26.9653
64,128,2,16384,34.4857
64,128,4,16,17.0137
64,128,4,32,17.1093
64,128,4,64,17.0133
64,128,4,128,16.8853
64,128,4,256,18.293
64,128,4,512,23.0933
64,128,4,1024,21.6427
64,128,4,2048,22.4107
64,128,4,4096,24.1067
64,128,4,8192,29.0453
64,128,4,16384,39.435
64,128,8,16,16.9493
64,128,8,32,17.0027
64,128,8,64,17.184
64,128,8,128,17.3123
64,128,8,256,18.6347
64,128,8,512,23.6053
64,128,8,1024,21.8037
64,128,8,2048,23.211
64,128,8,4096,29.12
64,128,8,8192,46.336
64,128,8,16384,68.0213
64,128,16,16,17.1307
64,128,16,32,17.0453
64,128,16,64,17.344
64,128,16,128,17.632
64,128,16,256,18.944
64,128,16,512,21.632
64,128,16,1024,23.2747
64,128,16,2048,36.3093
64,128,16,4096,47.3173
64,128,16,8192,68.1823
64,128,16,16384,106.113
64,128,32,16,17.3013
64,128,32,32,17.0563
64,128,32,64,17.3867
64,128,32,128,17.5147
64,128,32,256,18.8373
64,128,32,512,30.5923
64,128,32,1024,38.283
64,128,32,2048,48.5653
64,128,32,4096,70.838
64,128,32,8192,106.336
64,128,32,16384,176.982
64,128,64,16,21.1947
64,128,64,32,21.152
64,128,64,64,21.5793
64,128,64,128,24.982
64,128,64,256,29.1523
64,128,64,512,39.5947
64,128,64,1024,50.7207
64,128,64,2048,72.032
64,128,64,4096,109.259
64,128,64,8192,181.164
64,128,64,16384,321.314
64,128,128,16,23.9683
64,128,128,32,24.0853
64,128,128,64,24.5867
64,128,128,128,26.7413
64,128,128,256,30.8903
64,128,128,512,48.5013
64,128,128,1024,70.144
64,128,128,2048,106.966
64,128,128,4096,178.721
64,128,128,8192,319.81
64,128,128,16384,605.027
64,256,0,0,18.5813
64,256,1,16,18.5707
64,256,1,32,18.4853
64,256,1,64,18.5067
64,256,1,128,18.6453
64,256,1,256,18.2827
64,256,1,512,22.3253
64,256,1,1024,20.96
64,256,1,2048,20.704
64,256,1,4096,23.243
64,256,1,8192,26.784
64,256,1,16384,33.856
64,256,2,16,18.6133
64,256,2,32,18.485
64,256,2,64,18.496
64,256,2,128,18.4
64,256,2,256,18.379
64,256,2,512,22.208
64,256,2,1024,20.9707
64,256,2,2048,21.472
64,256,2,4096,23.488
64,256,2,8192,27.0297
64,256,2,16384,34.3897
64,256,4,16,18.4643
64,256,4,32,18.3573
64,256,4,64,18.7307
64,256,4,128,18.5173
64,256,4,256,18.6993
64,256,4,512,23.008
64,256,4,1024,21.483
64,256,4,2048,25.216
64,256,4,4096,24.416
64,256,4,8192,29.3337
64,256,4,16384,39.307
64,256,8,16,18.5283
64,256,8,32,18.5703
64,256,8,64,18.6133
64,256,8,128,18.56
64,256,8,256,18.592
64,256,8,512,24.395
64,256,8,1024,23.659
64,256,8,2048,23.8293
64,256,8,4096,29.248
64,256,8,8192,46.9547
64,256,8,16384,70.4967
64,256,16,16,18.6987
64,256,16,32,18.5387
64,256,16,64,18.6987
64,256,16,128,18.731
64,256,16,256,19.029
64,256,16,512,24.992
64,256,16,1024,26.2723
64,256,16,2048,36.182
64,256,16,4096,48.5547
64,256,16,8192,70.1867
64,256,16,16384,107.137
64,256,32,16,18.688
64,256,32,32,19.136
64,256,32,64,19.0507
64,256,32,128,19.1147
64,256,32,256,19.1043
64,256,32,512,31.5097
64,256,32,1024,39.4993
64,256,32,2048,50.9763
64,256,32,4096,71.6377
64,256,32,8192,108.309
64,256,32,16384,177.995
64,256,64,16,21.2693
64,256,64,32,21.2053
64,256,64,64,21.5467
64,256,64,128,25.1093
64,256,64,256,30.2293
64,256,64,512,40.6507
64,256,64,1024,53.8453
64,256,64,2048,74.9867
64,256,64,4096,110.326
64,256,64,8192,180.46
64,256,64,16384,323.063
64,256,128,16,26.0267
64,256,128,32,26.2513
64,256,128,64,26.2297
64,256,128,128,27.8297
64,256,128,256,32.0747
64,256,128,512,47.552
64,256,128,1024,70.0373
64,256,128,2048,107.467
64,256,128,4096,176.374
64,256,128,8192,319.82
64,256,128,16384,605.4
64,512,0,0,22.6243
64,512,1,16,22.731
64,512,1,32,22.3467
64,512,1,64,22.6777
64,512,1,128,22.528
64,512,1,256,22.581
64,512,1,512,22.432
64,512,1,1024,21.3653
64,512,1,2048,21.1093
64,512,1,4096,23.0507
64,512,1,8192,26.848
64,512,1,16384,33.9203
64,512,2,16,22.8373
64,512,2,32,23.1793
64,512,2,64,22.8053
64,512,2,128,23.051
64,512,2,256,23.1367
64,512,2,512,22.9657
64,512,2,1024,21.4933
64,512,2,2048,22.4107
64,512,2,4096,23.531
64,512,2,8192,27.702
64,512,2,16384,34.6453
64,512,4,16,23.7017
64,512,4,32,23.755
64,512,4,64,23.3067
64,512,4,128,23.328
64,512,4,256,23.4133
64,512,4,512,24.0967
64,512,4,1024,22.5707
64,512,4,2048,26.208
64,512,4,4096,28.3627
64,512,4,8192,29.4187
64,512,4,16384,39.1893
64,512,8,16,22.2187
64,512,8,32,22.8587
64,512,8,64,22.8587
64,512,8,128,23.371
64,512,8,256,23.5523
64,512,8,512,25.6213
64,512,8,1024,24.8
64,512,8,2048,26.848
64,512,8,4096,28.928
64,512,8,8192,46.7627
64,512,8,16384,75.5417
64,512,16,16,24.416
64,512,16,32,24.768
64,512,16,64,24.4373
64,512,16,128,25.7493
64,512,16,256,23.584
64,512,16,512,25.7707
64,512,16,1024,28.1387
64,512,16,2048,36.8323
64,512,16,4096,54.7313
64,512,16,8192,76.5653
64,512,16,16384,111.296
64,512,32,16,25.0247
64,512,32,32,24.832
64,512,32,64,23.9363
64,512,32,128,24.5227
64,512,32,256,28.9713
64,512,32,512,32.1397
64,512,32,1024,40.011
64,512,32,2048,55.787
64,512,32,4096,75.787
64,512,32,8192,112.246
64,512,32,16384,181.398
64,512,64,16,27.3287
64,512,64,32,27.5947
64,512,64,64,28.192
64,512,64,128,30.0053
64,512,64,256,34.0587
64,512,64,512,43.1147
64,512,64,1024,60.1713
64,512,64,2048,79.595
64,512,64,4096,113.174
64,512,64,8192,183.948
64,512,64,16384,325.068
64,512,128,16,31.9153
64,512,128,32,31.5737
64,512,128,64,32.139
64,512,128,128,36.4163
64,512,128,256,40.3413
64,512,128,512,47.318
64,512,128,1024,70.1973
64,512,128,2048,106.827
64,512,128,4096,177.846
64,512,128,8192,321.036
64,512,128,16384,604.931
64,1024,0,0,23.8187
64,1024,1,16,23.872
64,1024,1,32,23.723
64,1024,1,64,23.9573
64,1024,1,128,23.584
64,1024,1,256,23.456
64,1024,1,512,23.85
64,1024,1,1024,22.944
64,1024,1,2048,23.6587
64,1024,1,4096,23.3603
64,1024,1,8192,27.1257
64,1024,1,16384,33.771
64,1024,2,16,24.1173
64,1024,2,32,24.256
64,1024,2,64,24.1067
64,1024,2,128,24.0963
64,1024,2,256,24.0853
64,1024,2,512,24.256
64,1024,2,1024,24.171
64,1024,2,2048,24.95
64,1024,2,4096,24.608
64,1024,2,8192,27.6373
64,1024,2,16384,34.6557
64,1024,4,16,24.9177
64,1024,4,32,24.3413
64,1024,4,64,24.7153
64,1024,4,128,24.8
64,1024,4,256,24.8
64,1024,4,512,25.0987
64,1024,4,1024,24.8107
64,1024,4,2048,27.0503
64,1024,4,4096,29.2693
64,1024,4,8192,30.6773
64,1024,4,16384,39.5943
64,1024,8,16,23.7013
64,1024,8,32,24.0747
64,1024,8,64,23.7333
64,1024,8,128,24.2027
64,1024,8,256,24.6723
64,1024,8,512,24.0427
64,1024,8,1024,25.9947
64,1024,8,2048,27.2853
64,1024,8,4096,30.5177
64,1024,8,8192,39.68
64,1024,8,16384,81.9523
64,1024,16,16,24.8107
64,1024,16,32,24.832
64,1024,16,64,25.0883
64,1024,16,128,25.643
64,1024,16,256,24.896
64,1024,16,512,29.3973
64,1024,16,1024,28.7357
64,1024,16,2048,31.2107
64,1024,16,4096,55.3923
64,1024,16,8192,82.9333
64,1024,16,16384,118.283
64,1024,32,16,24.096
64,1024,32,32,24.2883
64,1024,32,64,24.267
64,1024,32,128,26.112
64,1024,32,256,26.6987
64,1024,32,512,32.032
64,1024,32,1024,41.4083
64,1024,32,2048,58.7953
64,1024,32,4096,84.822
64,1024,32,8192,118.518
64,1024,32,16384,187.521
64,1024,64,16,27.4027
64,1024,64,32,27.9147
64,1024,64,64,28.139
64,1024,64,128,29.6537
64,1024,64,256,34.3367
64,1024,64,512,43.361
64,1024,64,1024,64.459
64,1024,64,2048,87.4247
64,1024,64,4096,120.833
64,1024,64,8192,190.839
64,1024,64,16384,335.02
64,1024,128,16,32.2453
64,1024,128,32,32.48
64,1024,128,64,32.6827
64,1024,128,128,37.8133
64,1024,128,256,44.1603
64,1024,128,512,56.128
64,1024,128,1024,69.0347
64,1024,128,2048,106.785
64,1024,128,4096,177.974
64,1024,128,8192,320.023
64,1024,128,16384,607.48
64,2048,0,0,25.995
64,2048,1,16,26.1333
64,2048,1,32,26.0693
64,2048,1,64,26.016
64,2048,1,128,25.8773
64,2048,1,256,25.2587
64,2048,1,512,25.792
64,2048,1,1024,26.198
64,2048,1,2048,26.1123
64,2048,1,4096,25.0453
64,2048,1,8192,27.6373
64,2048,1,16384,33.9627
64,2048,2,16,25.9947
64,2048,2,32,26.016
64,2048,2,64,25.952
64,2048,2,128,26.432
64,2048,2,256,25.835
64,2048,2,512,26.368
64,2048,2,1024,26.5173
64,2048,2,2048,26.902
64,2048,2,4096,28.054
64,2048,2,8192,28.608
64,2048,2,16384,35.1683
64,2048,4,16,26.4963
64,2048,4,32,26.4757
64,2048,4,64,26.3467
64,2048,4,128,26.8803
64,2048,4,256,26.3043
64,2048,4,512,26.859
64,2048,4,1024,28.3733
64,2048,4,2048,28.459
64,2048,4,4096,30.0907
64,2048,4,8192,33.6757
64,2048,4,16384,41.3867
64,2048,8,16,25.995
64,2048,8,32,25.888
64,2048,8,64,25.792
64,2048,8,128,26.7417
64,2048,8,256,25.8777
64,2048,8,512,27.6053
64,2048,8,1024,27.5093
64,2048,8,2048,28.3523
64,2048,8,4096,32.021
64,2048,8,8192,40.5653
64,2048,8,16384,61.0563
64,2048,16,16,26.8163
64,2048,16,32,27.0613
64,2048,16,64,26.891
64,2048,16,128,28.5547
64,2048,16,256,29.781
64,2048,16,512,27.9363
64,2048,16,1024,31.798
64,2048,16,2048,32.0963
64,2048,16,4096,55.0293
64,2048,16,8192,89.867
64,2048,16,16384,131.937
64,2048,32,16,28.139
64,2048,32,32,27.0933
64,2048,32,64,27.2853
64,2048,32,128,26.336
64,2048,32,256,28.608
64,2048,32,512,32.6187
64,2048,32,1024,40.704
64,2048,32,2048,60.2567
64,2048,32,4096,93.6427
64,2048,32,8192,131.371
64,2048,32,16384,201.388
64,2048,64,16,27.2853
64,2048,64,32,27.3067
64,2048,64,64,27.2747
64,2048,64,128,30.3573
64,2048,64,256,34.6347
64,2048,64,512,43.8293
64,2048,64,1024,64.7467
64,2048,64,2048,97.6003
64,2048,64,4096,135.116
64,2048,64,8192,204.428
64,2048,64,16384,348.93
64,2048,128,16,34.4107
64,2048,128,32,34.336
64,2048,128,64,34.5603
64,2048,128,128,39.3813
64,2048,128,256,45.5573
64,2048,128,512,60.4587
64,2048,128,1024,82.4323
64,2048,128,2048,107.393
64,2048,128,4096,178.476
64,2048,128,8192,321.004
64,2048,128,16384,608.729
64,4096,0,0,28.843
64,4096,1,16,28.6937
64,4096,1,32,28.7257
64,4096,1,64,28.4167
64,4096,1,128,28.5767
64,4096,1,256,29.226
64,4096,1,512,29.088
64,4096,1,1024,29.7177
64,4096,1,2048,29.8773
64,4096,1,4096,30.8373
64,4096,1,8192,28.6617
64,4096,1,16384,34.646
64,4096,2,16,28.9173
64,4096,2,32,28.6617
64,4096,2,64,28.7253
64,4096,2,128,28.704
64,4096,2,256,29.5257
64,4096,2,512,29.1207
64,4096,2,1024,30.112
64,4096,2,2048,30.4533
64,4096,2,4096,30.0587
64,4096,2,8192,32.5763
64,4096,2,16384,35.638
64,4096,4,16,28.693
64,4096,4,32,28.737
64,4096,4,64,28.6933
64,4096,4,128,28.576
64,4096,4,256,29.9627
64,4096,4,512,29.803
64,4096,4,1024,31.648
64,4096,4,2048,30.635
64,4096,4,4096,32.629
64,4096,4,8192,34.2613
64,4096,4,16384,42.795
64,4096,8,16,28.6187
64,4096,8,32,28.544
64,4096,8,64,28.9283
64,4096,8,128,28.5337
64,4096,8,256,30.688
64,4096,8,512,30.3467
64,4096,8,1024,28.715
64,4096,8,2048,31.1143
64,4096,8,4096,33.28
64,4096,8,8192,42.1767
64,4096,8,16384,62.561
64,4096,16,16,28.6507
64,4096,16,32,28.8853
64,4096,16,64,28.8427
64,4096,16,128,29.12
64,4096,16,256,31.2003
64,4096,16,512,31.9467
64,4096,16,1024,31.6797
64,4096,16,2048,44.2567
64,4096,16,4096,42.8593
64,4096,16,8192,90.251
64,4096,16,16384,151.308
64,4096,32,16,27.648
64,4096,32,32,27.339
64,4096,32,64,27.3493
64,4096,32,128,30.1973
64,4096,32,256,31.744
64,4096,32,512,32.1493
64,4096,32,1024,40.566
64,4096,32,2048,58.976
64,4096,32,4096,94.6453
64,4096,32,8192,154.763
64,4096,32,16384,229.281
64,4096,64,16,29.0243
64,4096,64,32,29.0667
64,4096,64,64,29.0243
64,4096,64,128,30.8053
64,4096,64,256,34.8267
64,4096,64,512,43.5843
64,4096,64,1024,63.4353
64,4096,64,2048,98.8917
64,4096,64,4096,159.595
64,4096,64,8192,234.657
64,4096,64,16384,376.087
64,4096,128,16,36.2673
64,4096,128,32,36.438
64,4096,128,64,36.5763
64,4096,128,128,39.1577
64,4096,128,256,45.0137
64,4096,128,512,59.9793
64,4096,128,1024,86.998
64,4096,128,2048,134.369
64,4096,128,4096,179.446
64,4096,128,8192,321.9
64,4096,128,16384,607.171
64,8192,0,0,34.9977
64,8192,1,16,35.147
64,8192,1,32,35.1893
64,8192,1,64,35.104
64,8192,1,128,35.0827
64,8192,1,256,35.0723
64,8192,1,512,35.2857
64,8192,1,1024,34.9973
64,8192,1,2048,35.0513
64,8192,1,4096,34.731
64,8192,1,8192,35.2637
64,8192,1,16384,34.9867
64,8192,2,16,35.19
64,8192,2,32,34.966
64,8192,2,64,35.296
64,8192,2,128,35.147
64,8192,2,256,35.2857
64,8192,2,512,35.296
64,8192,2,1024,35.3067
64,8192,2,2048,34.9657
64,8192,2,4096,35.5203
64,8192,2,8192,36.672
64,8192,2,16384,39.5953
64,8192,4,16,35.2853
64,8192,4,32,35.382
64,8192,4,64,35.2533
64,8192,4,128,35.3067
64,8192,4,256,35.2007
64,8192,4,512,35.7863
64,8192,4,1024,35.3503
64,8192,4,2048,35.9787
64,8192,4,4096,37.5363
64,8192,4,8192,39.9897
64,8192,4,16384,47.6803
64,8192,8,16,34.8697
64,8192,8,32,34.8377
64,8192,8,64,34.549
64,8192,8,128,34.56
64,8192,8,256,34.6237
64,8192,8,512,35.6053
64,8192,8,1024,33.9317
64,8192,8,2048,35.232
64,8192,8,4096,38.6347
64,8192,8,8192,47.4673
64,8192,8,16384,67.3173
64,8192,16,16,34.9017
64,8192,16,32,35.1043
64,8192,16,64,35.0297
64,8192,16,128,32.7687
64,8192,16,256,34.0693
64,8192,16,512,34.2083
64,8192,16,1024,38.7417
64,8192,16,2048,39.6907
64,8192,16,4096,67.4993
64,8192,16,8192,67.862
64,8192,16,16384,150.966
64,8192,32,16,32.8213
64,8192,32,32,32.7253
64,8192,32,64,33.3123
64,8192,32,128,34.518
64,8192,32,256,34.123
64,8192,32,512,40.8963
64,8192,32,1024,40.363
64,8192,32,2048,59.8937
64,8192,32,4096,92.566
64,8192,32,8192,154.187
64,8192,32,16384,277.911
64,8192,64,16,33.5787
64,8192,64,32,33.8027
64,8192,64,64,34.0273
64,8192,64,128,38.219
64,8192,64,256,37.152
64,8192,64,512,43.7657
64,8192,64,1024,63.0613
64,8192,64,2048,98.0803
64,8192,64,4096,158.828
64,8192,64,8192,281.527
64,8192,64,16384,428.461
64,8192,128,16,40.4803
64,8192,128,32,40.9393
64,8192,128,64,41.152
64,8192,128,128,45.7387
64,8192,128,256,51.2857
64,8192,128,512,60.3523
64,8192,128,1024,88.8213
64,8192,128,2048,134.977
64,8192,128,4096,229.846
64,8192,128,8192,322.946
64,8192,128,16384,607.949
64,16384,0,0,43.0297
64,16384,1,16,43.222
64,16384,1,32,43.0723
64,16384,1,64,43.2213
64,16384,1,128,43.2113
64,16384,1,256,42.912
64,16384,1,512,43.2007
64,16384,1,1024,43.2113
64,16384,1,2048,43.318
64,16384,1,4096,42.8907
64,16384,1,8192,43.36
64,16384,1,16384,44.5333
64,16384,2,16,44.0537
64,16384,2,32,43.7013
64,16384,2,64,44.0323
64,16384,2,128,43.84
64,16384,2,256,43.6163
64,16384,2,512,43.904
64,16384,2,1024,43.8507
64,16384,2,2048,42.902
64,16384,2,4096,43.328
64,16384,2,8192,44.854
64,16384,2,16384,48.1927
64,16384,4,16,44.203
64,16384,4,32,44.331
64,16384,4,64,44.0963
64,16384,4,128,44.2037
64,16384,4,256,43.904
64,16384,4,512,44.341
64,16384,4,1024,43.8293
64,16384,4,2048,43.8933
64,16384,4,4096,45.1843
64,16384,4,8192,49.3657
64,16384,4,16384,56.694
64,16384,8,16,44.0533
64,16384,8,32,43.936
64,16384,8,64,43.894
64,16384,8,128,43.8297
64,16384,8,256,43.6267
64,16384,8,512,43.0513
64,16384,8,1024,43.3173
64,16384,8,2048,43.2857
64,16384,8,4096,46.496
64,16384,8,8192,54.9867
64,16384,8,16384,76.139
64,16384,16,16,44.1497
64,16384,16,32,44.075
64,16384,16,64,44.064
64,16384,16,128,43.7553
64,16384,16,256,43.712
64,16384,16,512,41.184
64,16384,16,1024,43.4987
64,16384,16,2048,56.0107
64,16384,16,4096,55.6697
64,16384,16,8192,109.398
64,16384,16,16384,111.99
64,16384,32,16,43.115
64,16384,32,32,43.1153
64,16384,32,64,42.848
64,16384,32,128,42.4857
64,16384,32,256,43.2537
64,16384,32,512,45.3443
64,16384,32,1024,59.1367
64,16384,32,2048,56.235
64,16384,32,4096,94.1017
64,16384,32,8192,154.881
64,16384,32,16384,275.244
64,16384,64,16,45.344
64,16384,64,32,45.5573
64,16384,64,64,46.0587
64,16384,64,128,46.624
64,16384,64,256,45.6207
64,16384,64,512,58.795
64,16384,64,1024,63.9153
64,16384,64,2048,97.3337
64,16384,64,4096,157.718
64,16384,64,8192,279.063
64,16384,64,16384,530.168
64,16384,128,16,48.8857
64,16384,128,32,49.1097
64,16384,128,64,49.483
64,16384,128,128,53.8027
64,16384,128,256,59.7017
64,16384,128,512,75.0083
64,16384,128,1024,87.0403
64,16384,128,2048,133.825
64,16384,128,4096,228.449
64,16384,128,8192,422.935
64,16384,128,16384,609.795
128,0,0,0,15.552
128,0,1,16,15.499
128,0,1,32,15.552
128,0,1,64,15.52
128,0,1,128,16.8107
128,0,1,256,18.5177
128,0,1,512,20.256
128,0,1,1024,20.1063
128,0,1,2048,22.0907
128,0,1,4096,25.4933
128,0,1,8192,32.6083
128,0,1,16384,46.635
128,0,2,16,15.6267
128,0,2,32,15.5627
128,0,2,64,15.7227
128,0,2,128,16.8213
128,0,2,256,18.5707
128,0,2,512,20.448
128,0,2,1024,20.896
128,0,2,2048,22.6773
128,0,2,4096,26.304
128,0,2,8192,33.5147
128,0,2,16384,47.9897
128,0,4,16,16.1597
128,0,4,32,15.9577
128,0,4,64,16.1387
128,0,4,128,17.4403
128,0,4,256,18.923
128,0,4,512,20.6827
128,0,4,1024,21.1623
128,0,4,2048,23.563
128,0,4,4096,26.9867
128,0,4,8192,34.528
128,0,4,16384,49.9627
128,0,8,16,16.1493
128,0,8,32,16.0537
128,0,8,64,16.1493
128,0,8,128,17.5573
128,0,8,256,18.784
128,0,8,512,21.8773
128,0,8,1024,22.0487
128,0,8,2048,25.5147
128,0,8,4096,29.654
128,0,8,8192,45.3343
128,0,8,16384,66.0157
128,0,16,16,16.2773
128,0,16,32,16.0533
128,0,16,64,16.299
128,0,16,128,17.8133
128,0,16,256,18.8593
128,0,16,512,22.0373
128,0,16,1024,25.12
128,0,16,2048,34.9013
128,0,16,4096,45.515
128,0,16,8192,66.0057
128,0,16,16384,103.521
128,0,32,16,16.1493
128,0,32,32,16.2343
128,0,32,64,16.3627
128,0,32,128,17.9947
128,0,32,256,19.2857
128,0,32,512,29.728
128,0,32,1024,36.1177
128,0,32,2048,46.944
128,0,32,4096,69.0357
128,0,32,8192,105.291
128,0,32,16384,173.953
128,0,64,16,21.5257
128,0,64,32,21.899
128,0,64,64,22.3473
128,0,64,128,23.8507
128,0,64,256,27.4243
128,0,64,512,36.288
128,0,64,1024,48.5873
128,0,64,2048,70.3257
128,0,64,4096,107.371
128,0,64,8192,176.257
128,0,64,16384,321.388
128,0,128,16,26.848
128,0,128,32,26.8267
128,0,128,64,27.4883
128,0,128,128,31.3493
128,0,128,256,37.056
128,0,128,512,54.7093
128,0,128,1024,73.8147
128,0,128,2048,110.262
128,0,128,4096,179.66
128,0,128,8192,319.543
128,0,128,16384,606.125
128,16,0,0,17.2377
128,16,1,16,17.024
128,16,1,32,17.0453
128,16,1,64,16.9707
128,16,1,128,17.1307
128,16,1,256,18.3147
128,16,1,512,22.7947
128,16,1,1024,20.992
128,16,1,2048,22.4537
128,16,1,4096,26.0377
128,16,1,8192,32.448
128,16,1,16384,46.699
128,16,2,16,16.992
128,16,2,32,16.896
128,16,2,64,17.0347
128,16,2,128,17.0243
128,16,2,256,18.4427
128,16,2,512,22.1013
128,16,2,1024,21.4293
128,16,2,2048,23.456
128,16,2,4096,26.358
128,16,2,8192,33.6
128,16,2,16384,47.7333
128,16,4,16,16.9387
128,16,4,32,17.1307
128,16,4,64,17.152
128,16,4,128,17.4187
128,16,4,256,18.9547
128,16,4,512,22.4853
128,16,4,1024,22.3253
128,16,4,2048,23.1683
128,16,4,4096,27.3387
128,16,4,8192,34.528
128,16,4,16384,50.4533
128,16,8,16,17.0133
128,16,8,32,17.2907
128,16,8,64,17.1733
128,16,8,128,17.3653
128,16,8,256,18.9977
128,16,8,512,24.3733
128,16,8,1024,21.6217
128,16,8,2048,25.4187
128,16,8,4096,29.2693
128,16,8,8192,44.4693
128,16,8,16384,66.3793
128,16,16,16,17.2167
128,16,16,32,16.9707
128,16,16,64,17.1413
128,16,16,128,17.8883
128,16,16,256,18.7947
128,16,16,512,21.8347
128,16,16,1024,24.875
128,16,16,2048,34.4637
128,16,16,4096,45.0137
128,16,16,8192,66.4533
128,16,16,16384,103.339
128,16,32,16,17.5153
128,16,32,32,17.3653
128,16,32,64,17.5573
128,16,32,128,17.8773
128,16,32,256,19.4667
128,16,32,512,29.547
128,16,32,1024,35.872
128,16,32,2048,47.5737
128,16,32,4096,68.3527
128,16,32,8192,104.79
128,16,32,16384,174.241
128,16,64,16,21.6213
128,16,64,32,21.6747
128,16,64,64,22.0693
128,16,64,128,23.9893
128,16,64,256,26.7627
128,16,64,512,36.5547
128,16,64,1024,48.7577
128,16,64,2048,71.115
128,16,64,4096,107.094
128,16,64,8192,175.959
128,16,64,16384,319.703
128,16,128,16,26.5073
128,16,128,32,26.6667
128,16,128,64,27.3387
128,16,128,128,30.8803
128,16,128,256,37.5047
128,16,128,512,53.387
128,16,128,1024,74.0167
128,16,128,2048,110.347
128,16,128,4096,179.169
128,16,128,8192,319.255
128,16,128,16384,602.979
128,32,0,0,17.1417
128,32,1,16,16.9497
128,32,1,32,17.088
128,32,1,64,16.992
128,32,1,128,16.9813
128,32,1,256,18.3467
128,32,1,512,23.1893
128,32,1,1024,21.3337
128,32,1,2048,22.6033
128,32,1,4096,26.1443
128,32,1,8192,32.4697
128,32,1,16384,46.4853
128,32,2,16,16.9817
128,32,2,32,17.024
128,32,2,64,17.152
128,32,2,128,17.0773
128,32,2,256,18.4107
128,32,2,512,22.432
128,32,2,1024,22.0587
128,32,2,2048,23.595
128,32,2,4096,26.1333
128,32,2,8192,33.4623
128,32,2,16384,47.5847
128,32,4,16,17.2273
128,32,4,32,16.9603
128,32,4,64,17.0027
128,32,4,128,17.2157
128,32,4,256,19.029
128,32,4,512,22.6347
128,32,4,1024,22.5707
128,32,4,2048,23.3493
128,32,4,4096,27.0293
128,32,4,8192,34.442
128,32,4,16384,49.8777
128,32,8,16,17.2053
128,32,8,32,17.0347
128,32,8,64,17.1413
128,32,8,128,17.376
128,32,8,256,18.8697
128,32,8,512,24.8
128,32,8,1024,21.9093
128,32,8,2048,25.8027
128,32,8,4096,29.334
128,32,8,8192,44.9173
128,32,8,16384,66.976
128,32,16,16,17.0773
128,32,16,32,17.3227
128,32,16,64,17.2803
128,32,16,128,17.8663
128,32,16,256,19.04
128,32,16,512,21.856
128,32,16,1024,24.8003
128,32,16,2048,34.6873
128,32,16,4096,45.6
128,32,16,8192,66.7733
128,32,16,16384,103.531
128,32,32,16,17.44
128,32,32,32,17.312
128,32,32,64,17.6533
128,32,32,128,17.8137
128,32,32,256,19.3817
128,32,32,512,29.504
128,32,32,1024,36.7577
128,32,32,2048,47.2853
128,32,32,4096,68.4057
128,32,32,8192,104.375
128,32,32,16384,174.924
128,32,64,16,21.248
128,32,64,32,21.7713
128,32,64,64,21.9417
128,32,64,128,23.52
128,32,64,256,27.3177
128,32,64,512,36.427
128,32,64,1024,51.3817
128,32,64,2048,71.595
128,32,64,4096,107.936
128,32,64,8192,177.644
128,32,64,16384,320.578
128,32,128,16,26.6877
128,32,128,32,26.6987
128,32,128,64,27.3707
128,32,128,128,31.744
128,32,128,256,36.8857
128,32,128,512,53.4507
128,32,128,1024,74.0803
128,32,128,2048,110.646
128,32,128,4096,179.702
128,32,128,8192,317.986
128,32,128,16384,606.083
128,64,0,0,17.3547
128,64,1,16,17.152
128,64,1,32,16.9813
128,64,1,64,17.1413
128,64,1,128,17.0023
128,64,1,256,18.411
128,64,1,512,23.3283
128,64,1,1024,21.3867
128,64,1,2048,22.7307
128,64,1,4096,26.2297
128,64,1,8192,32.533
128,64,1,16384,46.5073
128,64,2,16,17.0453
128,64,2,32,17.0773
128,64,2,64,17.088
128,64,2,128,17.056
128,64,2,256,18.624
128,64,2,512,22.774
128,64,2,1024,22.123
128,64,2,2048,23.776
128,64,2,4096,26.187
128,64,2,8192,33.4087
128,64,2,16384,47.36
128,64,4,16,17.2693
128,64,4,32,17.0987
128,64,4,64,17.1627
128,64,4,128,17.483
128,64,4,256,18.9653
128,64,4,512,22.8693
128,64,4,1024,23.2003
128,64,4,2048,23.2217
128,64,4,4096,27.2107
128,64,4,8192,34.3253
128,64,4,16384,50.08
128,64,8,16,17.2053
128,64,8,32,17.216
128,64,8,64,17.2373
128,64,8,128,17.28
128,64,8,256,18.88
128,64,8,512,25.2907
128,64,8,1024,21.952
128,64,8,2048,25.163
128,64,8,4096,29.2377
128,64,8,8192,45.9307
128,64,8,16384,65.9627
128,64,16,16,17.3973
128,64,16,32,17.3223
128,64,16,64,17.1627
128,64,16,128,17.792
128,64,16,256,19.0507
128,64,16,512,21.9733
128,64,16,1024,24.523
128,64,16,2048,35.7333
128,64,16,4096,46.208
128,64,16,8192,68.32
128,64,16,16384,103.585
128,64,32,16,17.4613
128,64,32,32,17.4507
128,64,32,64,17.4293
128,64,32,128,17.888
128,64,32,256,19.2853
128,64,32,512,30.4107
128,64,32,1024,35.9787
128,64,32,2048,48.395
128,64,32,4096,68.7787
128,64,32,8192,104.395
128,64,32,16384,174.422
128,64,64,16,21.952
128,64,64,32,21.8137
128,64,64,64,21.8667
128,64,64,128,24.736
128,64,64,256,27.0617
128,64,64,512,36.4587
128,64,64,1024,48.896
128,64,64,2048,72.0533
128,64,64,4096,107.157
128,64,64,8192,177.9
128,64,64,16384,320.428
128,64,128,16,26.7203
128,64,128,32,26.8693
128,64,128,64,26.9977
128,64,128,128,30.8697
128,64,128,256,36.5657
128,64,128,512,54.4747
128,64,128,1024,74.8057
128,64,128,2048,110.88
128,64,128,4096,179.34
128,64,128,8192,319.212
128,64,128,16384,605.283
128,128,0,0,17.2587
128,128,1,16,17.323
128,128,1,32,17.1733
128,128,1,64,17.2373
128,128,1,128,17.1523
128,128,1,256,18.5493
128,128,1,512,23.7867
128,128,1,1024,21.5573
128,128,1,2048,22.9333
128,128,1,4096,26.6353
128,128,1,8192,32.6297
128,128,1,16384,46.358
128,128,2,16,17.376
128,128,2,32,17.568
128,128,2,64,17.4613
128,128,2,128,17.5147
128,128,2,256,18.5067
128,128,2,512,23.2
128,128,2,1024,22.4857
128,128,2,2048,23.744
128,128,2,4096,26.2083
128,128,2,8192,33.5683
128,128,2,16384,47.8507
128,128,4,16,17.824
128,128,4,32,17.6853
128,128,4,64,17.8563
128,128,4,128,17.824
128,128,4,256,18.9653
128,128,4,512,24.1923
128,128,4,1024,22.849
128,128,4,2048,22.9763
128,128,4,4096,27.0607
128,128,4,8192,34.347
128,128,4,16384,49.8347
128,128,8,16,17.973
128,128,8,32,17.8877
128,128,8,64,17.8987
128,128,8,128,18.144
128,128,8,256,19.1253
128,128,8,512,26.4003
128,128,8,1024,23.4667
128,128,8,2048,25.792
128,128,8,4096,29.515
128,128,8,8192,46.283
128,128,8,16384,69.174
128,128,16,16,17.8133
128,128,16,32,18.0373
128,128,16,64,17.9627
128,128,16,128,18.134
128,128,16,256,19.1253
128,128,16,512,22.3893
128,128,16,1024,24.7787
128,128,16,2048,36.7787
128,128,16,4096,47.1047
128,128,16,8192,70.6773
128,128,16,16384,105.739
128,128,32,16,18.1333
128,128,32,32,18.0587
128,128,32,64,18.0587
128,128,32,128,17.9307
128,128,32,256,19.4773
128,128,32,512,31.2427
128,128,32,1024,37.675
128,128,32,2048,49.6323
128,128,32,4096,70.8377
128,128,32,8192,107.659
128,128,32,16384,176.065
128,128,64,16,21.2053
128,128,64,32,21.3867
128,128,64,64,21.9413
128,128,64,128,25.1523
128,128,64,256,29.12
128,128,64,512,38.1977
128,128,64,1024,52.4593
128,128,64,2048,72.9383
128,128,64,4096,108.992
128,128,64,8192,178.646
128,128,64,16384,322.113
128,128,128,16,26.8907
128,128,128,32,26.805
128,128,128,64,27.3817
128,128,128,128,32.2773
128,128,128,256,38.155
128,128,128,512,57.238
128,128,128,1024,76.4483
128,128,128,2048,112.812
128,128,128,4096,181.228
128,128,128,8192,319.148
128,128,128,16384,605.539
128,256,0,0,18.7203
128,256,1,16,18.6563
128,256,1,32,18.688
128,256,1,64,18.816
128,256,1,128,18.8693
128,256,1,256,19.0403
128,256,1,512,24.352
128,256,1,1024,22.357
128,256,1,2048,23.3707
128,256,1,4096,26.5603
128,256,1,8192,33.4187
128,256,1,16384,46.4747
128,256,2,16,18.955
128,256,2,32,18.9227
128,256,2,64,18.9867
128,256,2,128,19.072
128,256,2,256,18.976
128,256,2,512,24.0747
128,256,2,1024,23.243
128,256,2,2048,24.149
128,256,2,4096,27.1893
128,256,2,8192,33.5467
128,256,2,16384,47.787
128,256,4,16,19.0937
128,256,4,32,19.104
128,256,4,64,19.2323
128,256,4,128,19.147
128,256,4,256,19.4453
128,256,4,512,24.9493
128,256,4,1024,24.2133
128,256,4,2048,24.6823
128,256,4,4096,26.827
128,256,4,8192,34.3257
128,256,4,16384,49.9197
128,256,8,16,19.243
128,256,8,32,19.2427
128,256,8,64,19.147
128,256,8,128,19.4347
128,256,8,256,19.552
128,256,8,512,25.728
128,256,8,1024,27.1467
128,256,8,2048,25.355
128,256,8,4096,29.3657
128,256,8,8192,40.9497
128,256,8,16384,71.424
128,256,16,16,19.243
128,256,16,32,19.232
128,256,16,64,19.2213
128,256,16,128,19.4027
128,256,16,256,19.488
128,256,16,512,25.6107
128,256,16,1024,25.035
128,256,16,2048,36.9177
128,256,16,4096,49.6637
128,256,16,8192,72.022
128,256,16,16384,107.937
128,256,32,16,19.4347
128,256,32,32,19.5417
128,256,32,64,19.6697
128,256,32,128,19.7013
128,256,32,256,19.616
128,256,32,512,31.1797
128,256,32,1024,38.9547
128,256,32,2048,50.0697
128,256,32,4096,71.9257
128,256,32,8192,109.174
128,256,32,16384,176.172
128,256,64,16,21.4507
128,256,64,32,21.5683
128,256,64,64,21.7493
128,256,64,128,25.3547
128,256,64,256,29.3977
128,256,64,512,39.6587
128,256,64,1024,52.1923
128,256,64,2048,74.7097
128,256,64,4096,108.449
128,256,64,8192,182.017
128,256,64,16384,324.696
128,256,128,16,26.4313
128,256,128,32,26.6457
128,256,128,64,27.5413
128,256,128,128,32.1173
128,256,128,256,38.7733
128,256,128,512,56.8113
128,256,128,1024,77.5257
128,256,128,2048,113.078
128,256,128,4096,181.899
128,256,128,8192,323.949
128,256,128,16384,605.614
128,512,0,0,25.5253
128,512,1,16,25.4187
128,512,1,32,25.5787
128,512,1,64,25.6327
128,512,1,128,25.632
128,512,1,256,25.632
128,512,1,512,25.952
128,512,1,1024,24.3203
128,512,1,2048,23.7227
128,512,1,4096,26.656
128,512,1,8192,33.8137
128,512,1,16384,47.4347
128,512,2,16,25.3973
128,512,2,32,25.1203
128,512,2,64,25.1947
128,512,2,128,25.728
128,512,2,256,26.123
128,512,2,512,26.72
128,512,2,1024,25.0883
128,512,2,2048,25.0133
128,512,2,4096,27.7977
128,512,2,8192,34.4643
128,512,2,16384,47.915
128,512,4,16,25.43
128,512,4,32,25.5047
128,512,4,64,25.3123
128,512,4,128,26.411
128,512,4,256,26.219
128,512,4,512,26.6453
128,512,4,1024,26.1013
128,512,4,2048,26.2937
128,512,4,4096,28.5653
128,512,4,8192,34.2187
128,512,4,16384,49.6857
128,512,8,16,26.528
128,512,8,32,26.5283
128,512,8,64,26.5707
128,512,8,128,26.88
128,512,8,256,26.816
128,512,8,512,27.1787
128,512,8,1024,27.7553
128,512,8,2048,28.7253
128,512,8,4096,30.1127
128,512,8,8192,41.056
128,512,8,16384,73.8033
128,512,16,16,25.7387
128,512,16,32,26.2293
128,512,16,64,26.272
128,512,16,128,26.358
128,512,16,256,25.824
128,512,16,512,30.1657
128,512,16,1024,28.3843
128,512,16,2048,30.9333
128,512,16,4096,52.981
128,512,16,8192,75.8827
128,512,16,16384,110.753
128,512,32,16,25.7283
128,512,32,32,26.2613
128,512,32,64,26.1973
128,512,32,128,26.752
128,512,32,256,28.064
128,512,32,512,33.6427
128,512,32,1024,40.384
128,512,32,2048,55.35
128,512,32,4096,75.7333
128,512,32,8192,110.966
128,512,32,16384,180.257
128,512,64,16,28.608
128,512,64,32,28.896
128,512,64,64,29.1203
128,512,64,128,30.496
128,512,64,256,34.8053
128,512,64,512,42.5393
128,512,64,1024,56.5017
128,512,64,2048,78.603
128,512,64,4096,113.227
128,512,64,8192,183.393
128,512,64,16384,325.559
128,512,128,16,33.152
128,512,128,32,32.9917
128,512,128,64,33.7283
128,512,128,128,37.8667
128,512,128,256,43.9147
128,512,128,512,59.9577
128,512,128,1024,82.4217
128,512,128,2048,117.76
128,512,128,4096,186.849
128,512,128,8192,327.009
128,512,128,16384,608.558
128,1024,0,0,26.613
128,1024,1,16,26.635
128,1024,1,32,26.816
128,1024,1,64,26.6667
128,1024,1,128,26.656
128,1024,1,256,26.7097
128,1024,1,512,26.9013
128,1024,1,1024,26.8483
128,1024,1,2048,25.7393
128,1024,1,4096,27.6267
128,1024,1,8192,33.877
128,1024,1,16384,47.8293
128,1024,2,16,26.6347
128,1024,2,32,26.6133
128,1024,2,64,26.6027
128,1024,2,128,26.4107
128,1024,2,256,26.55
128,1024,2,512,26.816
128,1024,2,1024,26.8267
128,1024,2,2048,26.6457
128,1024,2,4096,27.9253
128,1024,2,8192,35.051
128,1024,2,16384,48.63
128,1024,4,16,26.6147
128,1024,4,32,26.667
128,1024,4,64,26.624
128,1024,4,128,26.6027
128,1024,4,256,26.5077
128,1024,4,512,26.8693
128,1024,4,1024,26.9443
128,1024,4,2048,27.5947
128,1024,4,4096,28.9707
128,1024,4,8192,36.0857
128,1024,4,16384,50.0483
128,1024,8,16,27.776
128,1024,8,32,27.904
128,1024,8,64,28.16
128,1024,8,128,28.2133
128,1024,8,256,28.3093
128,1024,8,512,28.4267
128,1024,8,1024,30.112
128,1024,8,2048,28.427
128,1024,8,4096,31.9893
128,1024,8,8192,41.1413
128,1024,8,16384,62.6243
128,1024,16,16,26.8373
128,1024,16,32,25.8563
128,1024,16,64,26.784
128,1024,16,128,27.307
128,1024,16,256,30.549
128,1024,16,512,27.712
128,1024,16,1024,35.0833
128,1024,16,2048,32.096
128,1024,16,4096,55.712
128,1024,16,8192,81.3767
128,1024,16,16384,116.715
128,1024,32,16,28.8643
128,1024,32,32,28.9173
128,1024,32,64,28.544
128,1024,32,128,27.296
128,1024,32,256,28.886
128,1024,32,512,34.5813
128,1024,32,1024,41.611
128,1024,32,2048,58.2723
128,1024,32,4096,83.0187
128,1024,32,8192,116.929
128,1024,32,16384,185.953
128,1024,64,16,28.224
128,1024,64,32,28.3203
128,1024,64,64,28.2243
128,1024,64,128,31.1573
128,1024,64,256,34.6673
128,1024,64,512,43.904
128,1024,64,1024,63.254
128,1024,64,2048,84.651
128,1024,64,4096,118.731
128,1024,64,8192,189.74
128,1024,64,16384,333.815
128,1024,128,16,33.664
128,1024,128,32,34.2617
128,1024,128,64,34.464
128,1024,128,128,38.741
128,1024,128,256,44.3313
128,1024,128,512,59.5847
128,1024,128,1024,87.6587
128,1024,128,2048,122.731
128,1024,128,4096,193.046
128,1024,128,8192,333.677
128,1024,128,16384,617.72
128,2048,0,0,28.9173
128,2048,1,16,28.6723
128,2048,1,32,28.704
128,2048,1,64,28.6823
128,2048,1,128,28.8857
128,2048,1,256,29.0557
128,2048,1,512,29.227
128,2048,1,1024,29.2057
128,2048,1,2048,29.056
128,2048,1,4096,27.7763
128,2048,1,8192,35.062
128,2048,1,16384,48.555
128,2048,2,16,29.3013
128,2048,2,32,29.366
128,2048,2,64,29.408
128,2048,2,128,29.6427
128,2048,2,256,29.6
128,2048,2,512,28.9603
128,2048,2,1024,29.5253
128,2048,2,2048,28.9387
128,2048,2,4096,30.059
128,2048,2,8192,35.2747
128,2048,2,16384,49.259
128,2048,4,16,29.1947
128,2048,4,32,29.0133
128,2048,4,64,29.035
128,2048,4,128,28.928
128,2048,4,256,29.696
128,2048,4,512,29.3233
128,2048,4,1024,29.7387
128,2048,4,2048,30.2403
128,2048,4,4096,31.4453
128,2048,4,8192,36.4803
128,2048,4,16384,51.8507
128,2048,8,16,29.8677
128,2048,8,32,30.112
128,2048,8,64,29.739
128,2048,8,128,29.9627
128,2048,8,256,30.5497
128,2048,8,512,29.8453
128,2048,8,1024,31.2213
128,2048,8,2048,32.8853
128,2048,8,4096,33.5467
128,2048,8,8192,42.7313
128,2048,8,16384,61.536
128,2048,16,16,28.9603
128,2048,16,32,29.0027
128,2048,16,64,28.9497
128,2048,16,128,29.152
128,2048,16,256,29.5047
128,2048,16,512,32.1183
128,2048,16,1024,31.744
128,2048,16,2048,45.2693
128,2048,16,4096,43.3493
128,2048,16,8192,89.7177
128,2048,16,16384,128.651
128,2048,32,16,27.9253
128,2048,32,32,28.064
128,2048,32,64,28.032
128,2048,32,128,31.0083
128,2048,32,256,32.9383
128,2048,32,512,32.1927
128,2048,32,1024,41.8567
128,2048,32,2048,60.3523
128,2048,32,4096,93.2377
128,2048,32,8192,128.683
128,2048,32,16384,198.443
128,2048,64,16,33.8667
128,2048,64,32,33.9843
128,2048,64,64,33.9947
128,2048,64,128,32.4373
128,2048,64,256,35.3387
128,2048,64,512,44.1177
128,2048,64,1024,63.2003
128,2048,64,2048,97.248
128,2048,64,4096,131.883
128,2048,64,8192,201.441
128,2048,64,16384,345.57
128,2048,128,16,36.8853
128,2048,128,32,36.7793
128,2048,128,64,36.7893
128,2048,128,128,40
128,2048,128,256,45.131
128,2048,128,512,60.4913
128,2048,128,1024,87.1683
128,2048,128,2048,135.713
128,2048,128,4096,206.466
128,2048,128,8192,346.306
128,2048,128,16384,628.131
128,4096,0,0,33.6213
128,4096,1,16,34.304
128,4096,1,32,34.1867
128,4096,1,64,34.1013
128,4096,1,128,34.2187
128,4096,1,256,34.2297
128,4096,1,512,34.08
128,4096,1,1024,34.166
128,4096,1,2048,34.4007
128,4096,1,4096,34.1867
128,4096,1,8192,35.2527
128,4096,1,16384,49.0237
128,4096,2,16,34.3897
128,4096,2,32,34.4113
128,4096,2,64,34.613
128,4096,2,128,34.7947
128,4096,2,256,34.3693
128,4096,2,512,34.1873
128,4096,2,1024,34.24
128,4096,2,2048,34.5603
128,4096,2,4096,34.3787
128,4096,2,8192,35.595
128,4096,2,16384,49.75
128,4096,4,16,34.6987
128,4096,4,32,34.8267
128,4096,4,64,34.7633
128,4096,4,128,34.496
128,4096,4,256,34.656
128,4096,4,512,34.5813
128,4096,4,1024,34.454
128,4096,4,2048,34.4
128,4096,4,4096,35.627
128,4096,4,8192,39.2967
128,4096,4,16384,52.331
128,4096,8,16,35.0933
128,4096,8,32,35.2213
128,4096,8,64,35.1577
128,4096,8,128,35.1253
128,4096,8,256,34.955
128,4096,8,512,34.9657
128,4096,8,1024,35.232
128,4096,8,2048,36.4487
128,4096,8,4096,39.904
128,4096,8,8192,46.208
128,4096,8,16384,67.1157
128,4096,16,16,34.571
128,4096,16,32,34.4427
128,4096,16,64,34.5387
128,4096,16,128,32.32
128,4096,16,256,34.2937
128,4096,16,512,34.0057
128,4096,16,1024,40.267
128,4096,16,2048,38.8803
128,4096,16,4096,68.534
128,4096,16,8192,67.702
128,4096,16,16384,150.507
128,4096,32,16,33.355
128,4096,32,32,33.3767
128,4096,32,64,33.2487
128,4096,32,128,34.4533
128,4096,32,256,36.1603
128,4096,32,512,42.1653
128,4096,32,1024,40.0437
128,4096,32,2048,59.307
128,4096,32,4096,94.2083
128,4096,32,8192,154.475
128,4096,32,16384,226.572
128,4096,64,16,37.6427
128,4096,64,32,37.7067
128,4096,64,64,38.048
128,4096,64,128,38.443
128,4096,64,256,43.0403
128,4096,64,512,45.376
128,4096,64,1024,62.923
128,4096,64,2048,96.694
128,4096,64,4096,156.715
128,4096,64,8192,227.916
128,4096,64,16384,373.239
128,4096,128,16,41.088
128,4096,128,32,41.408
128,4096,128,64,41.1627
128,4096,128,128,45.7603
128,4096,128,256,52.267
128,4096,128,512,60.2243
128,4096,128,1024,86.6133
128,4096,128,2048,133.334
128,4096,128,4096,232.556
128,4096,128,8192,374.839
128,4096,128,16384,655.939
128,8192,0,0,41.6
128,8192,1,16,41.8453
128,8192,1,32,42.08
128,8192,1,64,41.9307
128,8192,1,128,42.0593
128,8192,1,256,41.8563
128,8192,1,512,41.856
128,8192,1,1024,41.984
128,8192,1,2048,42.3893
128,8192,1,4096,43.2103
128,8192,1,8192,43.627
128,8192,1,16384,49.9417
128,8192,2,16,42.859
128,8192,2,32,42.6243
128,8192,2,64,42.688
128,8192,2,128,42.635
128,8192,2,256,42.816
128,8192,2,512,42.774
128,8192,2,1024,42.8483
128,8192,2,2048,43.5093
128,8192,2,4096,43.5097
128,8192,2,8192,43.627
128,8192,2,16384,50.8803
128,8192,4,16,42.571
128,8192,4,32,42.3473
128,8192,4,64,42.549
128,8192,4,128,42.5913
128,8192,4,256,42.635
128,8192,4,512,40.8537
128,8192,4,1024,43.6687
128,8192,4,2048,43.7227
128,8192,4,4096,44.256
128,8192,4,8192,48.3307
128,8192,4,16384,55.5947
128,8192,8,16,43.0613
128,8192,8,32,43.2963
128,8192,8,64,43.147
128,8192,8,128,42.912
128,8192,8,256,44.2983
128,8192,8,512,44.3843
128,8192,8,1024,44.1497
128,8192,8,2048,44.2987
128,8192,8,4096,48.331
128,8192,8,8192,55.7657
128,8192,8,16384,74.859
128,8192,16,16,42.517
128,8192,16,32,42.2297
128,8192,16,64,42.283
128,8192,16,128,43.1897
128,8192,16,256,43.4347
128,8192,16,512,42.5597
128,8192,16,1024,43.5417
128,8192,16,2048,56.1497
128,8192,16,4096,55.3073
128,8192,16,8192,109.846
128,8192,16,16384,113.43
128,8192,32,16,43.7543
128,8192,32,32,43.446
128,8192,32,64,43.4563
128,8192,32,128,42.56
128,8192,32,256,43.744
128,8192,32,512,43.8723
128,8192,32,1024,57.963
128,8192,32,2048,56.3737
128,8192,32,4096,94.0267
128,8192,32,8192,155.297
128,8192,32,16384,274.636
128,8192,64,16,45.963
128,8192,64,32,45.6747
128,8192,64,64,45.8567
128,8192,64,128,47.2967
128,8192,64,256,50.7627
128,8192,64,512,58.9127
128,8192,64,1024,63.499
128,8192,64,2048,97.558
128,8192,64,4096,156.982
128,8192,64,8192,277.889
128,8192,64,16384,420.823
128,8192,128,16,49.4187
128,8192,128,32,48.8747
128,8192,128,64,49.6747
128,8192,128,128,54.9123
128,8192,128,256,57.781
128,8192,128,512,70.4
128,8192,128,1024,90.2513
128,8192,128,2048,132.502
128,8192,128,4096,226.87
128,8192,128,8192,425.581
128,8192,128,16384,708.494
128,16384,0,0,55.798
128,16384,1,16,56.3733
128,16384,1,32,56.331
128,16384,1,64,56.256
128,16384,1,128,56.2247
128,16384,1,256,56.6297
128,16384,1,512,56.534
128,16384,1,1024,56.459
128,16384,1,2048,56.117
128,16384,1,4096,56.363
128,16384,1,8192,59.883
128,16384,1,16384,60.1717
128,16384,2,16,56.512
128,16384,2,32,56.5873
128,16384,2,64,57.1093
128,16384,2,128,56.8853
128,16384,2,256,56.598
128,16384,2,512,56.843
128,16384,2,1024,56.8213
128,16384,2,2048,57.014
128,16384,2,4096,59.9253
128,16384,2,8192,60.865
128,16384,2,16384,65.803
128,16384,4,16,56.8003
128,16384,4,32,56.459
128,16384,4,64,56.7573
128,16384,4,128,56.406
128,16384,4,256,56.693
128,16384,4,512,56.6503
128,16384,4,1024,56.48
128,16384,4,2048,60.4803
128,16384,4,4096,60.5123
128,16384,4,8192,66.048
128,16384,4,16384,75.35
128,16384,8,16,57.2377
128,16384,8,32,57.3973
128,16384,8,64,57.3127
128,16384,8,128,57.8133
128,16384,8,256,57.313
128,16384,8,512,55.7333
128,16384,8,1024,61.4507
128,16384,8,2048,61.3657
128,16384,8,4096,67.755
128,16384,8,8192,76.7897
128,16384,8,16384,90.8597
128,16384,16,16,56.8003
128,16384,16,32,56.8537
128,16384,16,64,57.0563
128,16384,16,128,56.907
128,16384,16,256,55.5947
128,16384,16,512,60.5767
128,16384,16,1024,59.4777
128,16384,16,2048,66.5063
128,16384,16,4096,89.729
128,16384,16,8192,91.5953
128,16384,16,16384,188.758
128,16384,32,16,57.9197
128,16384,32,32,57.984
128,16384,32,64,58.0163
128,16384,32,128,61.163
128,16384,32,256,60.193
128,16384,32,512,62.2093
128,16384,32,1024,66.1237
128,16384,32,2048,91.68
128,16384,32,4096,90.8697
128,16384,32,8192,153.11
128,16384,32,16384,270.06
128,16384,64,16,60.7467
128,16384,64,32,60.5543
128,16384,64,64,60.5867
128,16384,64,128,64.9813
128,16384,64,256,67.1897
128,16384,64,512,72.4707
128,16384,64,1024,84.16
128,16384,64,2048,97.0987
128,16384,64,4096,155.382
128,16384,64,8192,272.097
128,16384,64,16384,518.382
128,16384,128,16,65.8883
128,16384,128,32,65.504
128,16384,128,64,66.4853
128,16384,128,128,73.1307
128,16384,128,256,75.648
128,16384,128,512,88.6297
128,16384,128,1024,105.739
128,16384,128,2048,146.732
128,16384,128,4096,221.825
128,16384,128,8192,411.447
128,16384,128,16384,808.452
256,0,0,0,18.4747
256,0,1,16,18.5707
256,0,1,32,18.4743
256,0,1,64,18.432
256,0,1,128,18.5813
256,0,1,256,18.9547
256,0,1,512,23.6483
256,0,1,1024,24.5017
256,0,1,2048,27.616
256,0,1,4096,32.64
256,0,1,8192,46.4107
256,0,1,16384,74.4213
256,0,2,16,18.4213
256,0,2,32,18.56
256,0,2,64,18.4213
256,0,2,128,18.56
256,0,2,256,18.9867
256,0,2,512,24.395
256,0,2,1024,25.728
256,0,2,2048,26.816
256,0,2,4096,33.6533
256,0,2,8192,47.6377
256,0,2,16384,75.5843
256,0,4,16,18.5173
256,0,4,32,18.4213
256,0,4,64,18.432
256,0,4,128,18.3153
256,0,4,256,18.976
256,0,4,512,24.7363
256,0,4,1024,23.2
256,0,4,2048,26.891
256,0,4,4096,33.856
256,0,4,8192,48.3737
256,0,4,16384,78.5497
256,0,8,16,18.56
256,0,8,32,18.1557
256,0,8,64,18.507
256,0,8,128,18.624
256,0,8,256,19.52
256,0,8,512,23.392
256,0,8,1024,24.3093
256,0,8,2048,28.5227
256,0,8,4096,35.616
256,0,8,8192,51.5737
256,0,8,16384,83.8087
256,0,16,16,18.0267
256,0,16,32,18.1233
256,0,16,64,18.4213
256,0,16,128,18.123
256,0,16,256,19.467
256,0,16,512,23.872
256,0,16,1024,25.0987
256,0,16,2048,31.7013
256,0,16,4096,46.9973
256,0,16,8192,68.555
256,0,16,16384,104.427
256,0,32,16,18.3467
256,0,32,32,18.4213
256,0,32,64,18.6453
256,0,32,128,18.4747
256,0,32,256,19.8403
256,0,32,512,31.3923
256,0,32,1024,36.2673
256,0,32,2048,48.907
256,0,32,4096,68.8967
256,0,32,8192,105.836
256,0,32,16384,176.033
256,0,64,16,21.5573
256,0,64,32,21.8777
256,0,64,64,21.8777
256,0,64,128,25.4723
256,0,64,256,27.4987
256,0,64,512,36.9707
256,0,64,1024,49.8887
256,0,64,2048,71.6383
256,0,64,4096,107.638
256,0,64,8192,177.398
256,0,64,16384,322.978
256,0,128,16,26.6987
256,0,128,32,27.168
256,0,128,64,27.936
256,0,128,128,32.4163
256,0,128,256,36.854
256,0,128,512,54.5387
256,0,128,1024,75.2327
256,0,128,2048,112.79
256,0,128,4096,183.148
256,0,128,8192,319.735
256,0,128,16384,606.435
256,16,0,0,19.5417
256,16,1,16,19.467
256,16,1,32,19.627
256,16,1,64,19.6587
256,16,1,128,19.4563
256,16,1,256,19.808
256,16,1,512,23.4883
256,16,1,1024,24.544
256,16,1,2048,27.8507
256,16,1,4096,34.6777
256,16,1,8192,49.0247
256,16,1,16384,74.9123
256,16,2,16,19.6907
256,16,2,32,19.6587
256,16,2,64,19.6053
256,16,2,128,19.6483
256,16,2,256,19.8403
256,16,2,512,24.459
256,16,2,1024,25.7607
256,16,2,2048,29.0773
256,16,2,4096,36.1173
256,16,2,8192,47.9363
256,16,2,16384,76.523
256,16,4,16,19.787
256,16,4,32,19.8503
256,16,4,64,19.6163
256,16,4,128,19.776
256,16,4,256,19.6593
256,16,4,512,25.0463
256,16,4,1024,25.7283
256,16,4,2048,29.355
256,16,4,4096,33.7923
256,16,4,8192,48.3947
256,16,4,16384,78.422
256,16,8,16,19.4347
256,16,8,32,19.5843
256,16,8,64,19.6373
256,16,8,128,19.7547
256,16,8,256,19.7017
256,16,8,512,25.4933
256,16,8,1024,26.5067
256,16,8,2048,28.1923
256,16,8,4096,35.147
256,16,8,8192,51.1787
256,16,8,16384,83.8187
256,16,16,16,19.051
256,16,16,32,19.2213
256,16,16,64,18.8163
256,16,16,128,19.019
256,16,16,256,19.0827
256,16,16,512,24.5337
256,16,16,1024,25.1733
256,16,16,2048,31.7443
256,16,16,4096,46.592
256,16,16,8192,69.259
256,16,16,16384,104.715
256,16,32,16,19.6587
256,16,32,32,19.7233
256,16,32,64,19.7333
256,16,32,128,19.541
256,16,32,256,19.808
256,16,32,512,31.2857
256,16,32,1024,36.651
256,16,32,2048,47.9363
256,16,32,4096,69.3977
256,16,32,8192,105.782
256,16,32,16384,174.945
256,16,64,16,21.5573
256,16,64,32,22.251
256,16,64,64,22.304
256,16,64,128,25.099
256,16,64,256,27.7013
256,16,64,512,36.9067
256,16,64,1024,48.8543
256,16,64,2048,72.0213
256,16,64,4096,107.862
256,16,64,8192,177.974
256,16,64,16384,322.967
256,16,128,16,26.9867
256,16,128,32,27.03
256,16,128,64,27.8083
256,16,128,128,32.16
256,16,128,256,37.1737
256,16,128,512,54.4213
256,16,128,1024,76.5017
256,16,128,2048,111.884
256,16,128,4096,182.134
256,16,128,8192,321.143
256,16,128,16384,606.104
256,32,0,0,19.7973
256,32,1,16,19.744
256,32,1,32,19.7867
256,32,1,64,19.6907
256,32,1,128,19.829
256,32,1,256,19.7013
256,32,1,512,23.851
256,32,1,1024,24.448
256,32,1,2048,28.0427
256,32,1,4096,35.008
256,32,1,8192,48.864
256,32,1,16384,74.9113
256,32,2,16,19.9787
256,32,2,32,19.637
256,32,2,64,19.776
256,32,2,128,19.798
256,32,2,256,19.8087
256,32,2,512,24.8
256,32,2,1024,25.718
256,32,2,2048,29.2693
256,32,2,4096,36.2133
256,32,2,8192,47.7443
256,32,2,16384,76.683
256,32,4,16,19.6907
256,32,4,32,19.6693
256,32,4,64,19.8293
256,32,4,128,19.744
256,32,4,256,19.99
256,32,4,512,25.856
256,32,4,1024,25.728
256,32,4,2048,29.1203
256,32,4,4096,33.6107
256,32,4,8192,48.2137
256,32,4,16384,77.856
256,32,8,16,19.68
256,32,8,32,19.6693
256,32,8,64,19.7017
256,32,8,128,19.8507
256,32,8,256,19.9253
256,32,8,512,25.9733
256,32,8,1024,26.3043
256,32,8,2048,28.0427
256,32,8,4096,35.2533
256,32,8,8192,51.6483
256,32,8,16384,84.2887
256,32,16,16,19.552
256,32,16,32,18.8693
256,32,16,64,19.36
256,32,16,128,19.2213
256,32,16,256,19.6373
256,32,16,512,24.256
256,32,16,1024,25.632
256,32,16,2048,32
256,32,16,4096,46.592
256,32,16,8192,68.427
256,32,16,16384,104.693
256,32,32,16,19.5307
256,32,32,32,19.6693
256,32,32,64,19.7227
256,32,32,128,19.68
256,32,32,256,19.712
256,32,32,512,31.1253
256,32,32,1024,36.5017
256,32,32,2048,48.918
256,32,32,4096,69.2057
256,32,32,8192,105.355
256,32,32,16384,175.916
256,32,64,16,21.9303
256,32,64,32,22.176
256,32,64,64,22.3253
256,32,64,128,25.6533
256,32,64,256,27.894
256,32,64,512,37.3867
256,32,64,1024,50.2717
256,32,64,2048,72.4163
256,32,64,4096,107.915
256,32,64,8192,177.953
256,32,64,16384,321.677
256,32,128,16,26.9547
256,32,128,32,27.1897
256,32,128,64,27.7657
256,32,128,128,32.2883
256,32,128,256,37.59
256,32,128,512,55.3707
256,32,128,1024,75.3707
256,32,128,2048,112.993
256,32,128,4096,180.865
256,32,128,8192,321.431
256,32,128,16384,606.51
256,64,0,0,19.6483
256,64,1,16,19.5737
256,64,1,32,19.7013
256,64,1,64,19.712
256,64,1,128,19.723
256,64,1,256,19.6907
256,64,1,512,24.2453
256,64,1,1024,24.6513
256,64,1,2048,27.9363
256,64,1,4096,34.9123
256,64,1,8192,48.8537
256,64,1,16384,74.741
256,64,2,16,19.7867
256,64,2,32,19.808
256,64,2,64,19.776
256,64,2,128,19.8827
256,64,2,256,19.6907
256,64,2,512,24.8213
256,64,2,1024,25.803
256,64,2,2048,29.1947
256,64,2,4096,36.491
256,64,2,8192,47.6267
256,64,2,16384,76.3737
256,64,4,16,19.8403
256,64,4,32,19.4773
256,64,4,64,19.8613
256,64,4,128,19.68
256,64,4,256,19.627
256,64,4,512,25.6853
256,64,4,1024,25.9847
256,64,4,2048,29.5577
256,64,4,4096,33.9307
256,64,4,8192,48.7147
256,64,4,16384,79.4563
256,64,8,16,19.9147
256,64,8,32,20.011
256,64,8,64,19.7227
256,64,8,128,19.6907
256,64,8,256,19.8187
256,64,8,512,26.048
256,64,8,1024,26.6453
256,64,8,2048,28.1173
256,64,8,4096,35.0293
256,64,8,8192,52.0003
256,64,8,16384,84.662
256,64,16,16,19.392
256,64,16,32,19.147
256,64,16,64,19.3067
256,64,16,128,19.1467
256,64,16,256,19.253
256,64,16,512,24.725
256,64,16,1024,25.1843
256,64,16,2048,31.2963
256,64,16,4096,47.3603
256,64,16,8192,68.7683
256,64,16,16384,104.235
256,64,32,16,19.648
256,64,32,32,19.6053
256,64,32,64,19.7653
256,64,32,128,19.744
256,64,32,256,19.8613
256,64,32,512,31.136
256,64,32,1024,36.9387
256,64,32,2048,48.2137
256,64,32,4096,70.7093
256,64,32,8192,106.081
256,64,32,16384,175.521
256,64,64,16,22.08
256,64,64,32,21.8667
256,64,64,64,22.4963
256,64,64,128,25.7813
256,64,64,256,29.1523
256,64,64,512,37.4723
256,64,64,1024,51.104
256,64,64,2048,72.342
256,64,64,4096,108.704
256,64,64,8192,178.444
256,64,64,16384,323.085
256,64,128,16,26.9337
256,64,128,32,26.9977
256,64,128,64,27.776
256,64,128,128,32.3313
256,64,128,256,37.6217
256,64,128,512,56.5547
256,64,128,1024,76.2137
256,64,128,2048,113.11
256,64,128,4096,181.74
256,64,128,8192,322.412
256,64,128,16384,608.302
256,128,0,0,19.7867
256,128,1,16,20.0533
256,128,1,32,19.808
256,128,1,64,19.7227
256,128,1,128,19.8297
256,128,1,256,19.787
256,128,1,512,24.7467
256,128,1,1024,25.0457
256,128,1,2048,27.9367
256,128,1,4096,34.9547
256,128,1,8192,48.9177
256,128,1,16384,74.55
256,128,2,16,19.9043
256,128,2,32,19.883
256,128,2,64,19.6907
256,128,2,128,19.9893
256,128,2,256,19.648
256,128,2,512,25.2593
256,128,2,1024,25.856
256,128,2,2048,29.334
256,128,2,4096,36.256
256,128,2,8192,47.9897
256,128,2,16384,76.3523
256,128,4,16,19.7333
256,128,4,32,19.9683
256,128,4,64,19.9467
256,128,4,128,19.8403
256,128,4,256,19.883
256,128,4,512,25.792
256,128,4,1024,26.08
256,128,4,2048,29.4297
256,128,4,4096,33.8883
256,128,4,8192,48.5443
256,128,4,16384,78.5503
256,128,8,16,19.7017
256,128,8,32,19.7547
256,128,8,64,19.9573
256,128,8,128,20
256,128,8,256,20.0003
256,128,8,512,25.92
256,128,8,1024,26.6233
256,128,8,2048,28.0213
256,128,8,4096,35.1577
256,128,8,8192,52.022
256,128,8,16384,84.63
256,128,16,16,19.755
256,128,16,32,19.8507
256,128,16,64,19.9467
256,128,16,128,19.648
256,128,16,256,20.0747
256,128,16,512,24.992
256,128,16,1024,25.3123
256,128,16,2048,31.6373
256,128,16,4096,47.8723
256,128,16,8192,70.9123
256,128,16,16384,107.425
256,128,32,16,20.0323
256,128,32,32,20.2557
256,128,32,64,20.2453
256,128,32,128,20.171
256,128,32,256,20.2133
256,128,32,512,31.5313
256,128,32,1024,37.8133
256,128,32,2048,49.4297
256,128,32,4096,71.5947
256,128,32,8192,107.051
256,128,32,16384,177.164
256,128,64,16,21.856
256,128,64,32,21.8563
256,128,64,64,22.4
256,128,64,128,25.611
256,128,64,256,29.5573
256,128,64,512,39.4133
256,128,64,1024,51.243
256,128,64,2048,72.9603
256,128,64,4096,109.344
256,128,64,8192,180.173
256,128,64,16384,325.666
256,128,128,16,26.9867
256,128,128,32,27.0827
256,128,128,64,27.7867
256,128,128,128,32.662
256,128,128,256,38.283
256,128,128,512,58.1877
256,128,128,1024,77.0133
256,128,128,2048,113.718
256,128,128,4096,183.723
256,128,128,8192,321.644
256,128,128,16384,606.403
256,256,0,0,21.5577
256,256,1,16,21.5253
256,256,1,32,21.5893
256,256,1,64,21.5467
256,256,1,128,21.472
256,256,1,256,21.7173
256,256,1,512,27.6267
256,256,1,1024,25.8673
256,256,1,2048,28.1493
256,256,1,4096,35.0507
256,256,1,8192,49.0883
256,256,1,16384,74.8377
256,256,2,16,21.5147
256,256,2,32,21.3547
256,256,2,64,21.4293
256,256,2,128,21.4613
256,256,2,256,21.504
256,256,2,512,28.1493
256,256,2,1024,26.464
256,256,2,2048,29.5577
256,256,2,4096,36.4697
256,256,2,8192,48.1813
256,256,2,16384,76.246
256,256,4,16,21.376
256,256,4,32,21.6427
256,256,4,64,21.376
256,256,4,128,21.408
256,256,4,256,21.3227
256,256,4,512,28.0963
256,256,4,1024,26.9123
256,256,4,2048,29.344
256,256,4,4096,33.6213
256,256,4,8192,48.1497
256,256,4,16384,78.4853
256,256,8,16,21.3867
256,256,8,32,21.3013
256,256,8,64,21.4827
256,256,8,128,21.5253
256,256,8,256,21.4933
256,256,8,512,27.7447
256,256,8,1024,26.571
256,256,8,2048,27.947
256,256,8,4096,35.7123
256,256,8,8192,51.6913
256,256,8,16384,84.2887
256,256,16,16,21.1837
256,256,16,32,21.3653
256,256,16,64,21.408
256,256,16,128,21.28
256,256,16,256,21.3013
256,256,16,512,26.3363
256,256,16,1024,26.1653
256,256,16,2048,31.7333
256,256,16,4096,48.491
256,256,16,8192,72.1397
256,256,16,16384,107.275
256,256,32,16,21.536
256,256,32,32,21.579
256,256,32,64,21.5683
256,256,32,128,21.4833
256,256,32,256,21.675
256,256,32,512,31.477
256,256,32,1024,39.0933
256,256,32,2048,50.6243
256,256,32,4096,73.5467
256,256,32,8192,108.299
256,256,32,16384,179.265
256,256,64,16,21.8453
256,256,64,32,22.2827
256,256,64,64,22.4317
256,256,64,128,25.152
256,256,64,256,29.5147
256,256,64,512,40.3203
256,256,64,1024,52.011
256,256,64,2048,74.1973
256,256,64,4096,110.166
256,256,64,8192,180.801
256,256,64,16384,324.503
256,256,128,16,27.5627
256,256,128,32,28.0747
256,256,128,64,28.0107
256,256,128,128,32.587
256,256,128,256,38.6453
256,256,128,512,58.9977
256,256,128,1024,79.0727
256,256,128,2048,114.859
256,256,128,4096,183.873
256,256,128,8192,324.524
256,256,128,16384,607.213
256,512,0,0,27.8293
256,512,1,16,28.3307
256,512,1,32,28.544
256,512,1,64,28.3733
256,512,1,128,28.2773
256,512,1,256,28
256,512,1,512,28.1923
256,512,1,1024,26.624
256,512,1,2048,28.7787
256,512,1,4096,35.0507
256,512,1,8192,48.768
256,512,1,16384,76.5127
256,512,2,16,28.832
256,512,2,32,28.7043
256,512,2,64,28.8117
256,512,2,128,28.832
256,512,2,256,28.4693
256,512,2,512,28.7893
256,512,2,1024,27.0187
256,512,2,2048,29.3653
256,512,2,4096,36.2027
256,512,2,8192,50.2727
256,512,2,16384,76.3957
256,512,4,16,29.3223
256,512,4,32,29.5157
256,512,4,64,29.024
256,512,4,128,29.152
256,512,4,256,29.1947
256,512,4,512,29.28
256,512,4,1024,29.6967
256,512,4,2048,29.7067
256,512,4,4096,36.459
256,512,4,8192,48.1497
256,512,4,16384,79.168
256,512,8,16,28.6507
256,512,8,32,28.9177
256,512,8,64,28.7467
256,512,8,128,28.7893
256,512,8,256,28.4053
256,512,8,512,29.163
256,512,8,1024,29.3657
256,512,8,2048,29.7603
256,512,8,4096,35.0933
256,512,8,8192,51.2007
256,512,8,16384,84.032
256,512,16,16,28.7047
256,512,16,32,28.9173
256,512,16,64,28.5867
256,512,16,128,29.312
256,512,16,256,29.344
256,512,16,512,28.8853
256,512,16,1024,36.5973
256,512,16,2048,32.0747
256,512,16,4096,43.0617
256,512,16,8192,74.5283
256,512,16,16384,109.825
256,512,32,16,29.3333
256,512,32,32,29.2373
256,512,32,64,29.6217
256,512,32,128,28.843
256,512,32,256,29.696
256,512,32,512,30.5177
256,512,32,1024,39.883
256,512,32,2048,54.913
256,512,32,4096,76.4483
256,512,32,8192,110.518
256,512,32,16384,181.313
256,512,64,16,28.8533
256,512,64,32,29.3867
256,512,64,64,29.3223
256,512,64,128,34.0907
256,512,64,256,37.0027
256,512,64,512,42.6993
256,512,64,1024,57.4087
256,512,64,2048,78.891
256,512,64,4096,113.227
256,512,64,8192,182.966
256,512,64,16384,328.951
256,512,128,16,35.5733
256,512,128,32,35.9363
256,512,128,64,35.9147
256,512,128,128,38.5073
256,512,128,256,45.7067
256,512,128,512,61.8887
256,512,128,1024,84.449
256,512,128,2048,118.347
256,512,128,4096,187.158
256,512,128,8192,328.332
256,512,128,16384,613.112
256,1024,0,0,29.7713
256,1024,1,16,30.2827
256,1024,1,32,30.3153
256,1024,1,64,30.3253
256,1024,1,128,30.6453
256,1024,1,256,30.6133
256,1024,1,512,30.3147
256,1024,1,1024,29.0453
256,1024,1,2048,29.984
256,1024,1,4096,35.6053
256,1024,1,8192,49.7707
256,1024,1,16384,76.992
256,1024,2,16,31.072
256,1024,2,32,31.0937
256,1024,2,64,30.976
256,1024,2,128,30.7417
256,1024,2,256,30.987
256,1024,2,512,29.7493
256,1024,2,1024,29.419
256,1024,2,2048,29.867
256,1024,2,4096,36.928
256,1024,2,8192,50.464
256,1024,2,16384,78.9227
256,1024,4,16,31.04
256,1024,4,32,30.9867
256,1024,4,64,30.7093
256,1024,4,128,30.9867
256,1024,4,256,29.6427
256,1024,4,512,29.3333
256,1024,4,1024,31.2857
256,1024,4,2048,30.0163
256,1024,4,4096,36.3733
256,1024,4,8192,51.3707
256,1024,4,16384,79.7543
256,1024,8,16,31.019
256,1024,8,32,30.976
256,1024,8,64,30.997
256,1024,8,128,30.902
256,1024,8,256,31.008
256,1024,8,512,30.9867
256,1024,8,1024,35.2647
256,1024,8,2048,33.0137
256,1024,8,4096,37.8133
256,1024,8,8192,50.966
256,1024,8,16384,84.299
256,1024,16,16,30.763
256,1024,16,32,30.7837
256,1024,16,64,30.7527
256,1024,16,128,30.4957
256,1024,16,256,30.6987
256,1024,16,512,35.4033
256,1024,16,1024,33.194
256,1024,16,2048,45.739
256,1024,16,4096,43.2107
256,1024,16,8192,80.2773
256,1024,16,16384,116.086
256,1024,32,16,29.5893
256,1024,32,32,29.643
256,1024,32,64,29.803
256,1024,32,128,33.792
256,1024,32,256,33.184
256,1024,32,512,32.7473
256,1024,32,1024,44.4803
256,1024,32,2048,58.443
256,1024,32,4096,82.539
256,1024,32,8192,116.086
256,1024,32,16384,186.55
256,1024,64,16,34.3363
256,1024,64,32,34.1657
256,1024,64,64,34.539
256,1024,64,128,32.4267
256,1024,64,256,36
256,1024,64,512,45.1093
256,1024,64,1024,62.112
256,1024,64,2048,84.8647
256,1024,64,4096,118.699
256,1024,64,8192,188.908
256,1024,64,16384,332.78
256,1024,128,16,38.923
256,1024,128,32,39.0717
256,1024,128,64,39.595
256,1024,128,128,41.0343
256,1024,128,256,45.014
256,1024,128,512,60.352
256,1024,128,1024,88.5013
256,1024,128,2048,123.435
256,1024,128,4096,193.1
256,1024,128,8192,334.391
256,1024,128,16384,617.891
256,2048,0,0,33.483
256,2048,1,16,33.92
256,2048,1,32,34.016
256,2048,1,64,33.9623
256,2048,1,128,34.048
256,2048,1,256,33.963
256,2048,1,512,33.899
256,2048,1,1024,34.006
256,2048,1,2048,34.9763
256,2048,1,4096,35.7547
256,2048,1,8192,50.0263
256,2048,1,16384,77.9527
256,2048,2,16,34.784
256,2048,2,32,34.123
256,2048,2,64,34.891
256,2048,2,128,34.709
256,2048,2,256,34.635
256,2048,2,512,34.3787
256,2048,2,1024,35.3177
256,2048,2,2048,35.5737
256,2048,2,4096,37.0987
256,2048,2,8192,51.5097
256,2048,2,16384,79.7013
256,2048,4,16,34.4
256,2048,4,32,34.5707
256,2048,4,64,34.5387
256,2048,4,128,33.611
256,2048,4,256,35.456
256,2048,4,512,36.0643
256,2048,4,1024,35.616
256,2048,4,2048,35.7233
256,2048,4,4096,37.1953
256,2048,4,8192,51.7013
256,2048,4,16384,82.2833
256,2048,8,16,32.8423
256,2048,8,32,32.9707
256,2048,8,64,32.6617
256,2048,8,128,35.926
256,2048,8,256,35.8197
256,2048,8,512,35.68
256,2048,8,1024,35.2747
256,2048,8,2048,46.0373
256,2048,8,4096,40.2453
256,2048,8,8192,54.4213
256,2048,8,16384,85.9843
256,2048,16,16,35.776
256,2048,16,32,35.4667
256,2048,16,64,35.702
256,2048,16,128,35.8613
256,2048,16,256,35.3813
256,2048,16,512,35.744
256,2048,16,1024,42.656
256,2048,16,2048,40.3633
256,2048,16,4096,66.6453
256,2048,16,8192,67.1583
256,2048,16,16384,129.259
256,2048,32,16,35.7547
256,2048,32,32,35.6593
256,2048,32,64,35.7333
256,2048,32,128,34.347
256,2048,32,256,36.0533
256,2048,32,512,44.2037
256,2048,32,1024,39.9147
256,2048,32,2048,60.9603
256,2048,32,4096,92.5447
256,2048,32,8192,128.224
256,2048,32,16384,197.91
256,2048,64,16,39.051
256,2048,64,32,39.424
256,2048,64,64,39.9037
256,2048,64,128,41.4727
256,2048,64,256,43.2857
256,2048,64,512,45.7287
256,2048,64,1024,64.043
256,2048,64,2048,96.3847
256,2048,64,4096,131.596
256,2048,64,8192,200.875
256,2048,64,16384,343.884
256,2048,128,16,44.043
256,2048,128,32,44.416
256,2048,128,64,44.3733
256,2048,128,128,47.7867
256,2048,128,256,50.4323
256,2048,128,512,63.926
256,2048,128,1024,87.702
256,2048,128,2048,134.837
256,2048,128,4096,205.931
256,2048,128,8192,345.517
256,2048,128,16384,628.366
256,4096,0,0,41.003
256,4096,1,16,41.3873
256,4096,1,32,41.536
256,4096,1,64,41.131
256,4096,1,128,41.3227
256,4096,1,256,41.3227
256,4096,1,512,41.259
256,4096,1,1024,41.2913
256,4096,1,2048,41.2807
256,4096,1,4096,53.2163
256,4096,1,8192,67.9357
256,4096,1,16384,79.6907
256,4096,2,16,42.1657
256,4096,2,32,42.0587
256,4096,2,64,41.9737
256,4096,2,128,41.8987
256,4096,2,256,41.739
256,4096,2,512,41.9203
256,4096,2,1024,42.048
256,4096,2,2048,53.1103
256,4096,2,4096,57.6213
256,4096,2,8192,51.7223
256,4096,2,16384,82.0167
256,4096,4,16,41.5787
256,4096,4,32,41.5893
256,4096,4,64,41.5577
256,4096,4,128,41.9627
256,4096,4,256,41.5787
256,4096,4,512,42.368
256,4096,4,1024,53.2373
256,4096,4,2048,53.824
256,4096,4,4096,46.1333
256,4096,4,8192,52.9173
256,4096,4,16384,83.3707
256,4096,8,16,39.4777
256,4096,8,32,39.382
256,4096,8,64,39.8933
256,4096,8,128,40.2347
256,4096,8,256,43.0297
256,4096,8,512,46.3683
256,4096,8,1024,54.0483
256,4096,8,2048,45.772
256,4096,8,4096,67.3393
256,4096,8,8192,56.64
256,4096,8,16384,88.662
256,4096,16,16,40.042
256,4096,16,32,39.936
256,4096,16,64,40.406
256,4096,16,128,41.888
256,4096,16,256,44.2027
256,4096,16,512,47.9787
256,4096,16,1024,45.142
256,4096,16,2048,58.5707
256,4096,16,4096,56.16
256,4096,16,8192,103.766
256,4096,16,16384,113.397
256,4096,32,16,44.9493
256,4096,32,32,44.96
256,4096,32,64,45.2807
256,4096,32,128,46.9657
256,4096,32,256,48.768
256,4096,32,512,45.024
256,4096,32,1024,59.2107
256,4096,32,2048,56.6823
256,4096,32,4096,95.051
256,4096,32,8192,152.694
256,4096,32,16384,224.823
256,4096,64,16,45.504
256,4096,64,32,45.995
256,4096,64,64,46.2727
256,4096,64,128,48.6403
256,4096,64,256,52.4167
256,4096,64,512,57.7923
256,4096,64,1024,63.6697
256,4096,64,2048,97.057
256,4096,64,4096,155.702
256,4096,64,8192,226.476
256,4096,64,16384,372.055
256,4096,128,16,52.5127
256,4096,128,32,52.469
256,4096,128,64,52.736
256,4096,128,128,56.662
256,4096,128,256,63.595
256,4096,128,512,73.2587
256,4096,128,1024,90.4217
256,4096,128,2048,134.208
256,4096,128,4096,232.429
256,4096,128,8192,375.81
256,4096,128,16384,658.723
256,8192,0,0,55.6913
256,8192,1,16,55.8403
256,8192,1,32,55.7873
256,8192,1,64,56.0533
256,8192,1,128,55.734
256,8192,1,256,55.7973
256,8192,1,512,55.798
256,8192,1,1024,55.9683
256,8192,1,2048,56.0107
256,8192,1,4096,55.6913
256,8192,1,8192,83.5737
256,8192,1,16384,111.211
256,8192,2,16,56.395
256,8192,2,32,56.4057
256,8192,2,64,56.4693
256,8192,2,128,56.672
256,8192,2,256,56.523
256,8192,2,512,56.5867
256,8192,2,1024,56.3627
256,8192,2,2048,56.789
256,8192,2,4096,83.3813
256,8192,2,8192,84.3947
256,8192,2,16384,83.158
256,8192,4,16,56.2137
256,8192,4,32,56.085
256,8192,4,64,56.5553
256,8192,4,128,56.6513
256,8192,4,256,56.139
256,8192,4,512,56.341
256,8192,4,1024,57.696
256,8192,4,2048,83.4773
256,8192,4,4096,84.5657
256,8192,4,8192,67.6487
256,8192,4,16384,85.8987
256,8192,8,16,56.619
256,8192,8,32,56.2887
256,8192,8,64,56.3733
256,8192,8,128,56.2027
256,8192,8,256,54.507
256,8192,8,512,61.291
256,8192,8,1024,69.3873
256,8192,8,2048,84.971
256,8192,8,4096,67.851
256,8192,8,8192,107.744
256,8192,8,16384,92.5447
256,8192,16,16,55.2853
256,8192,16,32,54.7527
256,8192,16,64,54.9447
256,8192,16,128,56.3733
256,8192,16,256,58.5067
256,8192,16,512,62.8913
256,8192,16,1024,71.574
256,8192,16,2048,68.0107
256,8192,16,4096,91.4133
256,8192,16,8192,91.4783
256,8192,16,16384,171.851
256,8192,32,16,58.5603
256,8192,32,32,59.2537
256,8192,32,64,59.0827
256,8192,32,128,61.8883
256,8192,32,256,64.4587
256,8192,32,512,68.4377
256,8192,32,1024,67.84
256,8192,32,2048,93.1953
256,8192,32,4096,91.8833
256,8192,32,8192,153.868
256,8192,32,16384,267.841
256,8192,64,16,61.5253
256,8192,64,32,61.4827
256,8192,64,64,62.059
256,8192,64,128,63.8613
256,8192,64,256,66.0697
256,8192,64,512,73.408
256,8192,64,1024,87.8617
256,8192,64,2048,97.835
256,8192,64,4096,155.596
256,8192,64,8192,270.529
256,8192,64,16384,416.301
256,8192,128,16,68.7687
256,8192,128,32,68.629
256,8192,128,64,69.1733
256,8192,128,128,74.571
256,8192,128,256,78.0807
256,8192,128,512,90.0913
256,8192,128,1024,109.355
256,8192,128,2048,138.316
256,8192,128,4096,221.398
256,8192,128,8192,421.41
256,8192,128,16384,706.158
256,16384,0,0,86.9557
256,16384,1,16,87.1257
256,16384,1,32,87.382
256,16384,1,64,86.9763
256,16384,1,128,87.5637
256,16384,1,256,87.0507
256,16384,1,512,87.2963
256,16384,1,1024,86.8913
256,16384,1,2048,87.2113
256,16384,1,4096,87.8617
256,16384,1,8192,88.2357
256,16384,1,16384,141.163
256,16384,2,16,87.5843
256,16384,2,32,87.5527
256,16384,2,64,87.307
256,16384,2,128,87.819
256,16384,2,256,87.691
256,16384,2,512,88.107
256,16384,2,1024,88.0967
256,16384,2,2048,88.438
256,16384,2,4096,88.8857
256,16384,2,8192,141.568
256,16384,2,16384,142.945
256,16384,4,16,88.0003
256,16384,4,32,88.3307
256,16384,4,64,88.075
256,16384,4,128,88.1173
256,16384,4,256,87.9043
256,16384,4,512,88.907
256,16384,4,1024,88.9183
256,16384,4,2048,89.323
256,16384,4,4096,141.408
256,16384,4,8192,142.593
256,16384,4,16384,108.843
256,16384,8,16,87.936
256,16384,8,32,87.5953
256,16384,8,64,87.9257
256,16384,8,128,88.0113
256,16384,8,256,88.1283
256,16384,8,512,87.7233
256,16384,8,1024,99.6057
256,16384,8,2048,114.624
256,16384,8,4096,142.668
256,16384,8,8192,109.547
256,16384,8,16384,184.811
256,16384,16,16,87.9367
256,16384,16,32,87.9687
256,16384,16,64,88.672
256,16384,16,128,88.5873
256,16384,16,256,88.9923
256,16384,16,512,93.846
256,16384,16,1024,101.836
256,16384,16,2048,116.908
256,16384,16,4096,109.472
256,16384,16,8192,150.177
256,16384,16,16384,149.377
256,16384,32,16,87.3173
256,16384,32,32,86.7317
256,16384,32,64,87.435
256,16384,32,128,90.571
256,16384,32,256,93.11
256,16384,32,512,99.0193
256,16384,32,1024,106.827
256,16384,32,2048,109.312
256,16384,32,4096,150.358
256,16384,32,8192,149.782
256,16384,32,16384,266.21
256,16384,64,16,93.43
256,16384,64,32,92.502
256,16384,64,64,93.1413
256,16384,64,128,95.0517
256,16384,64,256,97.6117
256,16384,64,512,101.824
256,16384,64,1024,109.419
256,16384,64,2048,140.854
256,16384,64,4096,156.214
256,16384,64,8192,268.097
256,16384,64,16384,501.379
256,16384,128,16,99.734
256,16384,128,32,100.31
256,16384,128,64,99.713
256,16384,128,128,104.246
256,16384,128,256,109.484
256,16384,128,512,119.637
256,16384,128,1024,133.942
256,16384,128,2048,165.377
256,16384,128,4096,230.348
256,16384,128,8192,398.37
256,16384,128,16384,794.457
512,0,0,0,21.6
512,0,1,16,21.6217
512,0,1,32,21.5573
512,0,1,64,21.419
512,0,1,128,21.504
512,0,1,256,21.6427
512,0,1,512,29.152
512,0,1,1024,31.2853
512,0,1,2048,38.2933
512,0,1,4096,52.128
512,0,1,8192,75.009
512,0,1,16384,130.305
512,0,2,16,21.44
512,0,2,32,21.4827
512,0,2,64,21.536
512,0,2,128,21.696
512,0,2,256,21.4617
512,0,2,512,29.7387
512,0,2,1024,33.2807
512,0,2,2048,40.5337
512,0,2,4096,48.1283
512,0,2,8192,76.4483
512,0,2,16384,131.723
512,0,4,16,21.707
512,0,4,32,21.6427
512,0,4,64,21.6
512,0,4,128,21.771
512,0,4,256,21.2587
512,0,4,512,29.6963
512,0,4,1024,33.131
512,0,4,2048,34.837
512,0,4,4096,48.6823
512,0,4,8192,77.1523
512,0,4,16384,132.897
512,0,8,16,21.5467
512,0,8,32,21.6317
512,0,8,64,21.8453
512,0,8,128,21.664
512,0,8,256,21.6533
512,0,8,512,36.3413
512,0,8,1024,28.3307
512,0,8,2048,35.584
512,0,8,4096,50.2407
512,0,8,8192,80.0003
512,0,8,16384,137.313
512,0,16,16,21.792
512,0,16,32,21.6747
512,0,16,64,21.824
512,0,16,128,21.7813
512,0,16,256,21.6533
512,0,16,512,27.286
512,0,16,1024,28.854
512,0,16,2048,36.555
512,0,16,4096,52.427
512,0,16,8192,85.174
512,0,16,16384,141.697
512,0,32,16,21.835
512,0,32,32,21.7387
512,0,32,64,22.2187
512,0,32,128,22.112
512,0,32,256,22.1227
512,0,32,512,29.2163
512,0,32,1024,41.7503
512,0,32,2048,52.8323
512,0,32,4096,75.9683
512,0,32,8192,110.816
512,0,32,16384,181.42
512,0,64,16,22.3577
512,0,64,32,22.7623
512,0,64,64,22.976
512,0,64,128,26.4963
512,0,64,256,29.6643
512,0,64,512,39.936
512,0,64,1024,53.3657
512,0,64,2048,75.7867
512,0,64,4096,110.944
512,0,64,8192,180.61
512,0,64,16384,323.97
512,0,128,16,28.619
512,0,128,32,28.3737
512,0,128,64,28.8003
512,0,128,128,33.408
512,0,128,256,39.03
512,0,128,512,57.9093
512,0,128,1024,80.331
512,0,128,2048,115.958
512,0,128,4096,184.822
512,0,128,8192,325.506
512,0,128,16384,609.464
512,16,0,0,29.7493
512,16,1,16,29.899
512,16,1,32,29.8557
512,16,1,64,30.2723
512,16,1,128,29.8243
512,16,1,256,30.358
512,16,1,512,29.867
512,16,1,1024,31.2967
512,16,1,2048,38.336
512,16,1,4096,52.5013
512,16,1,8192,80.331
512,16,1,16384,130.859
512,16,2,16,30.9867
512,16,2,32,31.0293
512,16,2,64,30.6453
512,16,2,128,30.816
512,16,2,256,31.211
512,16,2,512,30.2723
512,16,2,1024,33.024
512,16,2,2048,40.043
512,16,2,4096,54.144
512,16,2,8192,76.2987
512,16,2,16384,131.627
512,16,4,16,30.3467
512,16,4,32,30.2293
512,16,4,64,30.7627
512,16,4,128,30.219
512,16,4,256,30.421
512,16,4,512,30.4427
512,16,4,1024,33.2593
512,16,4,2048,40.6613
512,16,4,4096,49.1523
512,16,4,8192,76.9923
512,16,4,16384,133.996
512,16,8,16,30.8483
512,16,8,32,30.8157
512,16,8,64,30.4643
512,16,8,128,30.624
512,16,8,256,30.4217
512,16,8,512,36.48
512,16,8,1024,40.1607
512,16,8,2048,35.3173
512,16,8,4096,49.8243
512,16,8,8192,80.0437
512,16,8,16384,135.948
512,16,16,16,33.3977
512,16,16,32,33.344
512,16,16,64,33.376
512,16,16,128,35.2427
512,16,16,256,36.8007
512,16,16,512,36.9713
512,16,16,1024,28.9497
512,16,16,2048,36.8967
512,16,16,4096,52.299
512,16,16,8192,85.3447
512,16,16,16384,142.721
512,16,32,16,33.7283
512,16,32,32,33.611
512,16,32,64,33.6327
512,16,32,128,35.488
512,16,32,256,27.659
512,16,32,512,28.7357
512,16,32,1024,41.003
512,16,32,2048,52.448
512,16,32,4096,76.8003
512,16,32,8192,110.774
512,16,32,16384,179.702
512,16,64,16,35.5097
512,16,64,32,35.3923
512,16,64,64,35.627
512,16,64,128,31.2
512,16,64,256,34.4
512,16,64,512,39.616
512,16,64,1024,54.0913
512,16,64,2048,76.7367
512,16,64,4096,111.499
512,16,64,8192,181.334
512,16,64,16384,324.578
512,16,128,16,34.325
512,16,128,32,34.646
512,16,128,64,34.6777
512,16,128,128,39.4247
512,16,128,256,45.5047
512,16,128,512,58.3163
512,16,128,1024,79.4347
512,16,128,2048,114.944
512,16,128,4096,185.004
512,16,128,8192,325.494
512,16,128,16384,611.043
512,32,0,0,29.4293
512,32,1,16,29.9947
512,32,1,32,30.1863
512,32,1,64,30.1543
512,32,1,128,29.9093
512,32,1,256,30.1547
512,32,1,512,29.856
512,32,1,1024,31.5093
512,32,1,2048,38.614
512,32,1,4096,51.926
512,32,1,8192,79.7337
512,32,1,16384,130.336
512,32,2,16,31.0507
512,32,2,32,31.2
512,32,2,64,30.7737
512,32,2,128,31.2427
512,32,2,256,30.785
512,32,2,512,30.0267
512,32,2,1024,33.1623
512,32,2,2048,40.299
512,32,2,4096,54.1227
512,32,2,8192,76.2037
512,32,2,16384,131.5
512,32,4,16,30.784
512,32,4,32,30.4327
512,32,4,64,30.731
512,32,4,128,30.4643
512,32,4,256,29.9307
512,32,4,512,30.24
512,32,4,1024,33.7813
512,32,4,2048,40.7793
512,32,4,4096,48.928
512,32,4,8192,77.4613
512,32,4,16384,133.399
512,32,8,16,31.03
512,32,8,32,31.0613
512,32,8,64,30.752
512,32,8,128,30.5597
512,32,8,256,30.5923
512,32,8,512,36.3733
512,32,8,1024,39.9677
512,32,8,2048,35.147
512,32,8,4096,49.7707
512,32,8,8192,80.1067
512,32,8,16384,136.609
512,32,16,16,33.4403
512,32,16,32,33.557
512,32,16,64,33.2803
512,32,16,128,35.0723
512,32,16,256,36.3623
512,32,16,512,37.024
512,32,16,1024,29.195
512,32,16,2048,36.6613
512,32,16,4096,52.4587
512,32,16,8192,85.4083
512,32,16,16384,141.686
512,32,32,16,33.7813
512,32,32,32,33.6103
512,32,32,64,33.5367
512,32,32,128,35.6167
512,32,32,256,27.744
512,32,32,512,29.024
512,32,32,1024,40.864
512,32,32,2048,53.3333
512,32,32,4096,75.7867
512,32,32,8192,110.742
512,32,32,16384,179.041
512,32,64,16,35.755
512,32,64,32,35.4987
512,32,64,64,35.424
512,32,64,128,31.1577
512,32,64,256,34.3253
512,32,64,512,40.4803
512,32,64,1024,53.2803
512,32,64,2048,75.7973
512,32,64,4096,111.318
512,32,64,8192,180.663
512,32,64,16384,324.652
512,32,128,16,34.5493
512,32,128,32,34.56
512,32,128,64,34.784
512,32,128,128,39.4783
512,32,128,256,46.1347
512,32,128,512,58.88
512,32,128,1024,79.019
512,32,128,2048,115.606
512,32,128,4096,184.235
512,32,128,8192,325.324
512,32,128,16384,610.179
512,64,0,0,29.846
512,64,1,16,30.1227
512,64,1,32,30.1223
512,64,1,64,30.155
512,64,1,128,30.1553
512,64,1,256,30.1123
512,64,1,512,29.931
512,64,1,1024,31.488
512,64,1,2048,38.368
512,64,1,4096,52.2673
512,64,1,8192,80.043
512,64,1,16384,131.041
512,64,2,16,31.584
512,64,2,32,31.392
512,64,2,64,31.4347
512,64,2,128,31.3283
512,64,2,256,31.392
512,64,2,512,30.667
512,64,2,1024,33.28
512,64,2,2048,40.416
512,64,2,4096,54.1653
512,64,2,8192,75.7973
512,64,2,16384,131.755
512,64,4,16,30.8373
512,64,4,32,30.7203
512,64,4,64,30.752
512,64,4,128,30.7733
512,64,4,256,30.0267
512,64,4,512,35.936
512,64,4,1024,39.403
512,64,4,2048,46.891
512,64,4,4096,48.5547
512,64,4,8192,77.3867
512,64,4,16384,132.971
512,64,8,16,33.344
512,64,8,32,33.3227
512,64,8,64,33.1093
512,64,8,128,34.827
512,64,8,256,36.4163
512,64,8,512,36.587
512,64,8,1024,40.1607
512,64,8,2048,35.0723
512,64,8,4096,49.5577
512,64,8,8192,79.8617
512,64,8,16384,136.577
512,64,16,16,33.622
512,64,16,32,33.408
512,64,16,64,33.5683
512,64,16,128,35.0293
512,64,16,256,36.8753
512,64,16,512,36.9493
512,64,16,1024,29.0563
512,64,16,2048,36.3627
512,64,16,4096,52.2137
512,64,16,8192,85.28
512,64,16,16384,141.952
512,64,32,16,34.016
512,64,32,32,33.4513
512,64,32,64,33.632
512,64,32,128,35.3813
512,64,32,256,27.8617
512,64,32,512,29.2163
512,64,32,1024,41.3767
512,64,32,2048,53.2697
512,64,32,4096,76.9813
512,64,32,8192,112.822
512,64,32,16384,180.779
512,64,64,16,35.755
512,64,64,32,35.6267
512,64,64,64,35.7337
512,64,64,128,31.1683
512,64,64,256,34.379
512,64,64,512,42.0587
512,64,64,1024,54.0057
512,64,64,2048,76.0537
512,64,64,4096,111.734
512,64,64,8192,180.961
512,64,64,16384,324.535
512,64,128,16,34.709
512,64,128,32,34.827
512,64,128,64,34.8163
512,64,128,128,39.6163
512,64,128,256,45.8353
512,64,128,512,59.563
512,64,128,1024,80.054
512,64,128,2048,116.245
512,64,128,4096,185.441
512,64,128,8192,326.039
512,64,128,16384,610.755
512,128,0,0,30.4213
512,128,1,16,30.784
512,128,1,32,31.008
512,128,1,64,30.9973
512,128,1,128,31.0723
512,128,1,256,30.6987
512,128,1,512,30.8263
512,128,1,1024,31.627
512,128,1,2048,38.411
512,128,1,4096,52.4377
512,128,1,8192,80.3637
512,128,1,16384,130.528
512,128,2,16,31.787
512,128,2,32,32.2133
512,128,2,64,31.8937
512,128,2,128,32.0643
512,128,2,256,32.0103
512,128,2,512,36.5333
512,128,2,1024,40.2453
512,128,2,2048,46.8797
512,128,2,4096,61.0243
512,128,2,8192,76.5657
512,128,2,16384,131.659
512,128,4,16,33.0767
512,128,4,32,33.2697
512,128,4,64,32.8107
512,128,4,128,34.5817
512,128,4,256,36.2773
512,128,4,512,36.128
512,128,4,1024,39.6053
512,128,4,2048,46.7203
512,128,4,4096,49.1093
512,128,4,8192,77.2803
512,128,4,16384,133.814
512,128,8,16,33.259
512,128,8,32,33.2907
512,128,8,64,33.5893
512,128,8,128,35.1893
512,128,8,256,36.7363
512,128,8,512,36.6403
512,128,8,1024,40.2347
512,128,8,2048,35.019
512,128,8,4096,49.8563
512,128,8,8192,79.766
512,128,8,16384,136.417
512,128,16,16,33.4723
512,128,16,32,33.5363
512,128,16,64,33.2267
512,128,16,128,35.158
512,128,16,256,36.6507
512,128,16,512,38.8057
512,128,16,1024,29.1523
512,128,16,2048,36.672
512,128,16,4096,53.3337
512,128,16,8192,85.3123
512,128,16,16384,142.432
512,128,32,16,35.7653
512,128,32,32,35.5093
512,128,32,64,35.6693
512,128,32,128,37.3227
512,128,32,256,28.427
512,128,32,512,29.3867
512,128,32,1024,40.64
512,128,32,2048,53.2907
512,128,32,4096,76.7903
512,128,32,8192,112.096
512,128,32,16384,181.355
512,128,64,16,36.6403
512,128,64,32,36.8643
512,128,64,64,36.5973
512,128,64,128,31.2003
512,128,64,256,34.5927
512,128,64,512,42.7523
512,128,64,1024,52.8323
512,128,64,2048,77.9097
512,128,64,4096,112.161
512,128,64,8192,181.868
512,128,64,16384,326.305
512,128,128,16,36.384
512,128,128,32,36.2453
512,128,128,64,36.6937
512,128,128,128,40
512,128,128,256,45.7177
512,128,128,512,62.4323
512,128,128,1024,80.8963
512,128,128,2048,117.227
512,128,128,4096,186.252
512,128,128,8192,325.218
512,128,128,16384,612.131
512,256,0,0,30.528
512,256,1,16,31.0617
512,256,1,32,31.2117
512,256,1,64,31.0397
512,256,1,128,31.264
512,256,1,256,30.9547
512,256,1,512,31.36
512,256,1,1024,31.9253
512,256,1,2048,38.7837
512,256,1,4096,52.939
512,256,1,8192,80.5443
512,256,1,16384,130.87
512,256,2,16,33.0137
512,256,2,32,31.808
512,256,2,64,32.9173
512,256,2,128,32.9813
512,256,2,256,32.8533
512,256,2,512,36.8957
512,256,2,1024,39.99
512,256,2,2048,46.859
512,256,2,4096,61.0777
512,256,2,8192,76.0963
512,256,2,16384,131.99
512,256,4,16,33.3327
512,256,4,32,33.344
512,256,4,64,32.9073
512,256,4,128,34.7943
512,256,4,256,36.608
512,256,4,512,36.32
512,256,4,1024,40.0107
512,256,4,2048,46.8057
512,256,4,4096,48.854
512,256,4,8192,77.0987
512,256,4,16384,133.825
512,256,8,16,33.387
512,256,8,32,33.6427
512,256,8,64,33.568
512,256,8,128,35.2963
512,256,8,256,36.8003
512,256,8,512,38.432
512,256,8,1024,42.3893
512,256,8,2048,35.3177
512,256,8,4096,49.984
512,256,8,8192,80.4167
512,256,8,16384,136.534
512,256,16,16,35.4027
512,256,16,32,35.1687
512,256,16,64,35.1577
512,256,16,128,36.9493
512,256,16,256,38.6667
512,256,16,512,42.1333
512,256,16,1024,30.763
512,256,16,2048,36.278
512,256,16,4096,52.5973
512,256,16,8192,86.198
512,256,16,16384,142.411
512,256,32,16,35.627
512,256,32,32,36.0323
512,256,32,64,35.6903
512,256,32,128,37.408
512,256,32,256,39.0617
512,256,32,512,30.0053
512,256,32,1024,41.2057
512,256,32,2048,55.5203
512,256,32,4096,78.624
512,256,32,8192,113.984
512,256,32,16384,183.499
512,256,64,16,37.3013
512,256,64,32,37.4827
512,256,64,64,37.3017
512,256,64,128,31.0827
512,256,64,256,34.9973
512,256,64,512,42.8383
512,256,64,1024,55.446
512,256,64,2048,77.7817
512,256,64,4096,112.672
512,256,64,8192,182.507
512,256,64,16384,326.807
512,256,128,16,38.048
512,256,128,32,38.1233
512,256,128,64,38.656
512,256,128,128,39.8937
512,256,128,256,46.475
512,256,128,512,61.995
512,256,128,1024,82.9337
512,256,128,2048,119.168
512,256,128,4096,187.339
512,256,128,8192,326.743
512,256,128,16384,614.328
512,512,0,0,32.1387
512,512,1,16,33.0453
512,512,1,32,32.9927
512,512,1,64,32.8747
512,512,1,128,32.928
512,512,1,256,32.8853
512,512,1,512,32.448
512,512,1,1024,32.1493
512,512,1,2048,39.4027
512,512,1,4096,53.2483
512,512,1,8192,81.5367
512,512,1,16384,136.908
512,512,2,16,34.816
512,512,2,32,34.7737
512,512,2,64,34.24
512,512,2,128,34.582
512,512,2,256,34.539
512,512,2,512,33.0457
512,512,2,1024,41.8667
512,512,2,2048,49.1203
512,512,2,4096,62.998
512,512,2,8192,91.3603
512,512,2,16384,131.894
512,512,4,16,33.141
512,512,4,32,33.1527
512,512,4,64,33.5573
512,512,4,128,36.4267
512,512,4,256,38.4643
512,512,4,512,41.781
512,512,4,1024,41.7387
512,512,4,2048,48.9923
512,512,4,4096,63.4887
512,512,4,8192,78.1127
512,512,4,16384,133.612
512,512,8,16,35.264
512,512,8,32,35.3067
512,512,8,64,35.104
512,512,8,128,36.8853
512,512,8,256,38.592
512,512,8,512,42.2937
512,512,8,1024,43.4027
512,512,8,2048,50.9657
512,512,8,4096,50.4857
512,512,8,8192,80.7153
512,512,8,16384,137.654
512,512,16,16,36.832
512,512,16,32,36.9283
512,512,16,64,36.576
512,512,16,128,38.6563
512,512,16,256,39.989
512,512,16,512,43.5947
512,512,16,1024,43.99
512,512,16,2048,36.7257
512,512,16,4096,52.8217
512,512,16,8192,86.8693
512,512,16,16384,142.678
512,512,32,16,37.1627
512,512,32,32,37.195
512,512,32,64,36.907
512,512,32,128,38.923
512,512,32,256,40.5867
512,512,32,512,44.224
512,512,32,1024,37.419
512,512,32,2048,57.9307
512,512,32,4096,81.0457
512,512,32,8192,115.147
512,512,32,16384,184.087
512,512,64,16,39.0933
512,512,64,32,39.1253
512,512,64,64,38.8693
512,512,64,128,40.5973
512,512,64,256,34.7627
512,512,64,512,43.5197
512,512,64,1024,57.9523
512,512,64,2048,81.824
512,512,64,4096,115.969
512,512,64,8192,186.177
512,512,64,16384,328.674
512,512,128,16,45.4293
512,512,128,32,45.5893
512,512,128,64,45.9947
512,512,128,128,43.8187
512,512,128,256,46.3043
512,512,128,512,62.8267
512,512,128,1024,85.4407
512,512,128,2048,120.928
512,512,128,4096,187.958
512,512,128,8192,329.9
512,512,128,16384,614.787
512,1024,0,0,35.9467
512,1024,1,16,36.6083
512,1024,1,32,36.3953
512,1024,1,64,36.491
512,1024,1,128,36.5547
512,1024,1,256,36.6403
512,1024,1,512,36.768
512,1024,1,1024,36.6397
512,1024,1,2048,39.3283
512,1024,1,4096,53.4613
512,1024,1,8192,81.377
512,1024,1,16384,137.238
512,1024,2,16,38.3463
512,1024,2,32,38.6457
512,1024,2,64,38.624
512,1024,2,128,38.5287
512,1024,2,256,38.5067
512,1024,2,512,38.4427
512,1024,2,1024,45.59
512,1024,2,2048,52.7573
512,1024,2,4096,66.5077
512,1024,2,8192,94.6563
512,1024,2,16384,150.721
512,1024,4,16,37.76
512,1024,4,32,37.398
512,1024,4,64,37.355
512,1024,4,128,37.2267
512,1024,4,256,38.464
512,1024,4,512,45.4937
512,1024,4,1024,45.6107
512,1024,4,2048,52.7363
512,1024,4,4096,67.3493
512,1024,4,8192,95.8513
512,1024,4,16384,134.507
512,1024,8,16,38.3463
512,1024,8,32,38.1123
512,1024,8,64,38.592
512,1024,8,128,40.395
512,1024,8,256,42.4107
512,1024,8,512,45.856
512,1024,8,1024,47.2533
512,1024,8,2048,54.88
512,1024,8,4096,70.955
512,1024,8,8192,81.4617
512,1024,8,16384,137.995
512,1024,16,16,39.6693
512,1024,16,32,39.8083
512,1024,16,64,39.968
512,1024,16,128,41.6747
512,1024,16,256,43.6703
512,1024,16,512,47.4243
512,1024,16,1024,55.0933
512,1024,16,2048,56.6937
512,1024,16,4096,52.32
512,1024,16,8192,87.1363
512,1024,16,16384,143.414
512,1024,32,16,40.6933
512,1024,32,32,40.8323
512,1024,32,64,40.576
512,1024,32,128,42.4427
512,1024,32,256,44.2987
512,1024,32,512,47.9363
512,1024,32,1024,41.355
512,1024,32,2048,61.387
512,1024,32,4096,87.136
512,1024,32,8192,120.342
512,1024,32,16384,189.025
512,1024,64,16,42.6883
512,1024,64,32,42.71
512,1024,64,64,43.2743
512,1024,64,128,45.0343
512,1024,64,256,46.549
512,1024,64,512,43.8083
512,1024,64,1024,61.5257
512,1024,64,2048,86.8163
512,1024,64,4096,121.366
512,1024,64,8192,190.711
512,1024,64,16384,331.5
512,1024,128,16,49.782
512,1024,128,32,49.5257
512,1024,128,64,49.6747
512,1024,128,128,52.9817
512,1024,128,256,54.614
512,1024,128,512,60.864
512,1024,128,1024,89.3123
512,1024,128,2048,125.59
512,1024,128,4096,193.313
512,1024,128,8192,336.098
512,1024,128,16384,620.248
512,2048,0,0,43.5203
512,2048,1,16,43.787
512,2048,1,32,44.1707
512,2048,1,64,44.0427
512,2048,1,128,43.904
512,2048,1,256,44.1287
512,2048,1,512,44.1497
512,2048,1,1024,44.1387
512,2048,1,2048,44.064
512,2048,1,4096,54.1653
512,2048,1,8192,83.7337
512,2048,1,16384,139.105
512,2048,2,16,46.08
512,2048,2,32,46.1117
512,2048,2,64,45.4083
512,2048,2,128,45.6967
512,2048,2,256,45.835
512,2048,2,512,45.717
512,2048,2,1024,45.792
512,2048,2,2048,61.0567
512,2048,2,4096,75.9897
512,2048,2,8192,103.84
512,2048,2,16384,158.838
512,2048,4,16,45.259
512,2048,4,32,44.9493
512,2048,4,64,45.088
512,2048,4,128,45.3333
512,2048,4,256,45.056
512,2048,4,512,45.9207
512,2048,4,1024,61.1203
512,2048,4,2048,60.7787
512,2048,4,4096,75.713
512,2048,4,8192,104.577
512,2048,4,16384,135.937
512,2048,8,16,45.3337
512,2048,8,32,44.672
512,2048,8,64,45.057
512,2048,8,128,47.819
512,2048,8,256,49.056
512,2048,8,512,53.3973
512,2048,8,1024,61.9207
512,2048,8,2048,63.0507
512,2048,8,4096,79.403
512,2048,8,8192,83.67
512,2048,8,16384,139.094
512,2048,16,16,45.803
512,2048,16,32,46.1767
512,2048,16,64,45.9413
512,2048,16,128,49.1947
512,2048,16,256,51.1573
512,2048,16,512,55.6167
512,2048,16,1024,63.03
512,2048,16,2048,65.5363
512,2048,16,4096,59.0293
512,2048,16,8192,88.6403
512,2048,16,16384,145.889
512,2048,32,16,48.235
512,2048,32,32,48.3093
512,2048,32,64,48.5653
512,2048,32,128,49.9847
512,2048,32,256,52.192
512,2048,32,512,56.4163
512,2048,32,1024,65.7287
512,2048,32,2048,58.5707
512,2048,32,4096,95.531
512,2048,32,8192,132.737
512,2048,32,16384,201.121
512,2048,64,16,50.3787
512,2048,64,32,50.5603
512,2048,64,64,50.3363
512,2048,64,128,52.128
512,2048,64,256,54.8693
512,2048,64,512,61.195
512,2048,64,1024,62.048
512,2048,64,2048,95.627
512,2048,64,4096,132.854
512,2048,64,8192,199.681
512,2048,64,16384,343.607
512,2048,128,16,57.5363
512,2048,128,32,58.0907
512,2048,128,64,58.0273
512,2048,128,128,62.0373
512,2048,128,256,69.184
512,2048,128,512,74.3997
512,2048,128,1024,87.8613
512,2048,128,2048,134.305
512,2048,128,4096,206.732
512,2048,128,8192,346.295
512,2048,128,16384,630.883
512,4096,0,0,59.03
512,4096,1,16,59.605
512,4096,1,32,59.467
512,4096,1,64,59.712
512,4096,1,128,59.5203
512,4096,1,256,59.563
512,4096,1,512,59.8617
512,4096,1,1024,60.0107
512,4096,1,2048,60.267
512,4096,1,4096,60.032
512,4096,1,8192,85.1627
512,4096,1,16384,140.843
512,4096,2,16,61.3227
512,4096,2,32,60.6723
512,4096,2,64,60.48
512,4096,2,128,60.9603
512,4096,2,256,61.6637
512,4096,2,512,61.195
512,4096,2,1024,61.2803
512,4096,2,2048,62.3043
512,4096,2,4096,90.9333
512,4096,2,8192,118.774
512,4096,2,16384,174.358
512,4096,4,16,60.2883
512,4096,4,32,60.534
512,4096,4,64,60.9393
512,4096,4,128,60.971
512,4096,4,256,61.142
512,4096,4,512,61.1203
512,4096,4,1024,61.3657
512,4096,4,2048,91.286
512,4096,4,4096,91.7123
512,4096,4,8192,120.417
512,4096,4,16384,175.468
512,4096,8,16,60.64
512,4096,8,32,60.331
512,4096,8,64,61.0137
512,4096,8,128,61.0133
512,4096,8,256,61.0137
512,4096,8,512,68.992
512,4096,8,1024,77.0033
512,4096,8,2048,91.307
512,4096,8,4096,94.56
512,4096,8,8192,122.593
512,4096,8,16384,140.78
512,4096,16,16,61.2803
512,4096,16,32,61.2057
512,4096,16,64,61.6223
512,4096,16,128,63.7443
512,4096,16,256,66.0487
512,4096,16,512,71.3713
512,4096,16,1024,79.1257
512,4096,16,2048,93.739
512,4096,16,4096,96.6083
512,4096,16,8192,95.392
512,4096,16,16384,147.606
512,4096,32,16,64.2247
512,4096,32,32,64.1817
512,4096,32,64,64.0963
512,4096,32,128,66.7633
512,4096,32,256,69.2487
512,4096,32,512,72.8963
512,4096,32,1024,81.4507
512,4096,32,2048,98.347
512,4096,32,4096,95.6167
512,4096,32,8192,155.894
512,4096,32,16384,228.279
512,4096,64,16,66.8487
512,4096,64,32,66.5813
512,4096,64,64,66.4963
512,4096,64,128,69.1213
512,4096,64,256,71.4247
512,4096,64,512,76.6297
512,4096,64,1024,88.459
512,4096,64,2048,97.3547
512,4096,64,4096,155.307
512,4096,64,8192,227.777
512,4096,64,16384,370.093
512,4096,128,16,73.952
512,4096,128,32,74.2403
512,4096,128,64,73.868
512,4096,128,128,78.433
512,4096,128,256,83.926
512,4096,128,512,94.3797
512,4096,128,1024,107.5
512,4096,128,2048,138.379
512,4096,128,4096,232.289
512,4096,128,8192,374.989
512,4096,128,16384,660.025
512,8192,0,0,91.6063
512,8192,1,16,91.1043
512,8192,1,32,92.2883
512,8192,1,64,91.584
512,8192,1,128,92.1713
512,8192,1,256,91.4993
512,8192,1,512,92.224
512,8192,1,1024,92.2353
512,8192,1,2048,92.5767
512,8192,1,4096,92.1283
512,8192,1,8192,92.6407
512,8192,1,16384,142.828
512,8192,2,16,92.608
512,8192,2,32,93.5043
512,8192,2,64,92.8223
512,8192,2,128,92.5343
512,8192,2,256,93.1733
512,8192,2,512,93.0883
512,8192,2,1024,92.8433
512,8192,2,2048,93.4937
512,8192,2,4096,93.6213
512,8192,2,8192,148.812
512,8192,2,16384,204.683
512,8192,4,16,92.5337
512,8192,4,32,92.2773
512,8192,4,64,92.7263
512,8192,4,128,92.011
512,8192,4,256,92.481
512,8192,4,512,92.768
512,8192,4,1024,92.8213
512,8192,4,2048,94.1237
512,8192,4,4096,148.641
512,8192,4,8192,149.206
512,8192,4,16384,205.036
512,8192,8,16,92.992
512,8192,8,32,93.2057
512,8192,8,64,92.662
512,8192,8,128,92.8113
512,8192,8,256,93.163
512,8192,8,512,92.8323
512,8192,8,1024,104.043
512,8192,8,2048,121.409
512,8192,8,4096,150.689
512,8192,8,8192,151.809
512,8192,8,16384,206.774
512,8192,16,16,92.5767
512,8192,16,32,92.0963
512,8192,16,64,92.6617
512,8192,16,128,93.3657
512,8192,16,256,96.0747
512,8192,16,512,100.843
512,8192,16,1024,108.076
512,8192,16,2048,123.606
512,8192,16,4096,151.702
512,8192,16,8192,153.217
512,8192,16,16384,152.513
512,8192,32,16,94.113
512,8192,32,32,94.048
512,8192,32,64,93.888
512,8192,32,128,97.2377
512,8192,32,256,98.731
512,8192,32,512,103.499
512,8192,32,1024,111.5
512,8192,32,2048,126.059
512,8192,32,4096,155.062
512,8192,32,8192,152.928
512,8192,32,16384,267.041
512,8192,64,16,96.4483
512,8192,64,32,96.342
512,8192,64,64,96.8433
512,8192,64,128,99.3603
512,8192,64,256,101.6
512,8192,64,512,107.67
512,8192,64,1024,118.156
512,8192,64,2048,136.545
512,8192,64,4096,154.582
512,8192,64,8192,268.29
512,8192,64,16384,413.538
512,8192,128,16,103.189
512,8192,128,32,102.731
512,8192,128,64,103.51
512,8192,128,128,107.787
512,8192,128,256,113.665
512,8192,128,512,124.033
512,8192,128,1024,142.518
512,8192,128,2048,165.568
512,8192,128,4096,229.036
512,8192,128,8192,418.371
512,8192,128,16384,702.926
512,16384,0,0,147.947
512,16384,1,16,147.905
512,16384,1,32,149.057
512,16384,1,64,148.182
512,16384,1,128,148.438
512,16384,1,256,148.204
512,16384,1,512,148.577
512,16384,1,1024,148.171
512,16384,1,2048,148.619
512,16384,1,4096,148.418
512,16384,1,8192,148.876
512,16384,1,16384,149.227
512,16384,2,16,149.132
512,16384,2,32,149.184
512,16384,2,64,149.302
512,16384,2,128,149.398
512,16384,2,256,149.004
512,16384,2,512,149.057
512,16384,2,1024,149.259
512,16384,2,2048,149.345
512,16384,2,4096,149.409
512,16384,2,8192,150.293
512,16384,2,16384,260.791
512,16384,4,16,148.886
512,16384,4,32,148.929
512,16384,4,64,148.972
512,16384,4,128,148.31
512,16384,4,256,149.42
512,16384,4,512,150.316
512,16384,4,1024,150.326
512,16384,4,2048,150.486
512,16384,4,4096,151.542
512,16384,4,8192,262.369
512,16384,4,16384,261.805
512,16384,8,16,149.153
512,16384,8,32,149.323
512,16384,8,64,149.003
512,16384,8,128,149.419
512,16384,8,256,149.131
512,16384,8,512,149.324
512,16384,8,1024,150.038
512,16384,8,2048,160.374
512,16384,8,4096,205.442
512,16384,8,8192,262.007
512,16384,8,16384,263.191
512,16384,16,16,149.164
512,16384,16,32,149.057
512,16384,16,64,150.017
512,16384,16,128,149.142
512,16384,16,256,149.281
512,16384,16,512,149.974
512,16384,16,1024,163.105
512,16384,16,2048,180.513
512,16384,16,4096,208.502
512,16384,16,8192,263.522
512,16384,16,16384,266.263
512,16384,32,16,151.264
512,16384,32,32,150.305
512,16384,32,64,149.718
512,16384,32,128,149.814
512,16384,32,256,155.169
512,16384,32,512,158.998
512,16384,32,1024,167.265
512,16384,32,2048,181.953
512,16384,32,4096,210.22
512,16384,32,8192,265.526
512,16384,32,16384,265.239
512,16384,64,16,151.19
512,16384,64,32,152.619
512,16384,64,64,152.63
512,16384,64,128,155.244
512,16384,64,256,157.121
512,16384,64,512,160.748
512,16384,64,1024,172.683
512,16384,64,2048,190.028
512,16384,64,4096,227.905
512,16384,64,8192,267.361
512,16384,64,16384,495.255
512,16384,128,16,158.678
512,16384,128,32,157.921
512,16384,128,64,158.87
512,16384,128,128,163.958
512,16384,128,256,168.353
512,16384,128,512,177.708
512,16384,128,1024,197.313
512,16384,128,2048,231.692
512,16384,128,4096,279.628
512,16384,128,8192,412.77
512,16384,128,16384,789.807
1024,0,0,0,30.4963
1024,0,1,16,30.6783
1024,0,1,32,30.4643
1024,0,1,64,30.4423
1024,0,1,128,30.6557
1024,0,1,256,30.4107
1024,0,1,512,30.5067
1024,0,1,1024,31.5843
1024,0,1,2048,45.088
1024,0,1,4096,72.257
1024,0,1,8192,125.771
1024,0,1,16384,232.801
1024,0,2,16,30.5497
1024,0,2,32,30.6773
1024,0,2,64,30.6243
1024,0,2,128,30.806
1024,0,2,256,30.816
1024,0,2,512,30.7307
1024,0,2,1024,31.776
1024,0,2,2048,45.6103
1024,0,2,4096,72.9287
1024,0,2,8192,126.166
1024,0,2,16384,233.452
1024,0,4,16,30.6457
1024,0,4,32,30.6883
1024,0,4,64,30.5497
1024,0,4,128,30.6773
1024,0,4,256,30.8053
1024,0,4,512,30.9123
1024,0,4,1024,37.4293
1024,0,4,2048,51.1147
1024,0,4,4096,78.5817
1024,0,4,8192,132.022
1024,0,4,16384,239.19
1024,0,8,16,30.784
1024,0,8,32,30.6987
1024,0,8,64,30.731
1024,0,8,128,30.6347
1024,0,8,256,30.667
1024,0,8,512,31.168
1024,0,8,1024,37.7597
1024,0,8,2048,51.6907
1024,0,8,4096,79.4563
1024,0,8,8192,133.441
1024,0,8,16384,241.068
1024,0,16,16,30.6987
1024,0,16,32,30.923
1024,0,16,64,30.859
1024,0,16,128,30.72
1024,0,16,256,30.9227
1024,0,16,512,33.1417
1024,0,16,1024,40.064
1024,0,16,2048,54.187
1024,0,16,4096,83.467
1024,0,16,8192,137.899
1024,0,16,16384,245.281
1024,0,32,16,31.1363
1024,0,32,32,31.1897
1024,0,32,64,31.179
1024,0,32,128,31.2537
1024,0,32,256,32.8853
1024,0,32,512,36.6613
1024,0,32,1024,44.352
1024,0,32,2048,60.2457
1024,0,32,4096,91.8087
1024,0,32,8192,145.228
1024,0,32,16384,253.772
1024,0,64,16,33.1413
1024,0,64,32,32.9173
1024,0,64,64,33.0347
1024,0,64,128,35.3387
1024,0,64,256,39.648
1024,0,64,512,44.0853
1024,0,64,1024,55.8403
1024,0,64,2048,79.2113
1024,0,64,4096,112.46
1024,0,64,8192,183.19
1024,0,64,16384,328.429
1024,0,128,16,38.027
1024,0,128,32,37.728
1024,0,128,64,37.963
1024,0,128,128,42.315
1024,0,128,256,48.8107
1024,0,128,512,60.4483
1024,0,128,1024,81.4833
1024,0,128,2048,116.961
1024,0,128,4096,186.209
1024,0,128,8192,327.682
1024,0,128,16384,611.789
1024,16,0,0,32.2667
1024,16,1,16,32.0747
1024,16,1,32,31.8293
1024,16,1,64,32.0853
1024,16,1,128,32.011
1024,16,1,256,32.0537
1024,16,1,512,31.958
1024,16,1,1024,31.9467
1024,16,1,2048,45.0133
1024,16,1,4096,72.6087
1024,16,1,8192,125.569
1024,16,1,16384,233.719
1024,16,2,16,32.1177
1024,16,2,32,32.0747
1024,16,2,64,32.2457
1024,16,2,128,32.1387
1024,16,2,256,32.448
1024,16,2,512,32.16
1024,16,2,1024,32.0853
1024,16,2,2048,45.5897
1024,16,2,4096,72.8753
1024,16,2,8192,126.551
1024,16,2,16384,233.366
1024,16,4,16,32.1177
1024,16,4,32,32.256
1024,16,4,64,32.1493
1024,16,4,128,32
1024,16,4,256,32.2453
1024,16,4,512,32.3947
1024,16,4,1024,37.632
1024,16,4,2048,51.2323
1024,16,4,4096,78.5287
1024,16,4,8192,132.556
1024,16,4,16384,239.03
1024,16,8,16,32.1173
1024,16,8,32,32.0747
1024,16,8,64,32.491
1024,16,8,128,32.2247
1024,16,8,256,32.1603
1024,16,8,512,32.3417
1024,16,8,1024,37.7707
1024,16,8,2048,51.9897
1024,16,8,4096,79.905
1024,16,8,8192,133.057
1024,16,8,16384,240.364
1024,16,16,16,32.0537
1024,16,16,32,32.3307
1024,16,16,64,32.32
1024,16,16,128,32.384
1024,16,16,256,32.438
1024,16,16,512,33.3017
1024,16,16,1024,40.139
1024,16,16,2048,54.4003
1024,16,16,4096,83.9153
1024,16,16,8192,138.913
1024,16,16,16384,245.356
1024,16,32,16,32.5763
1024,16,32,32,32.8533
1024,16,32,64,32.523
1024,16,32,128,32.9173
1024,16,32,256,33.1627
1024,16,32,512,36.864
1024,16,32,1024,44.1493
1024,16,32,2048,60.299
1024,16,32,4096,92.0643
1024,16,32,8192,145.857
1024,16,32,16384,254.647
1024,16,64,16,32.9387
1024,16,64,32,33.1207
1024,16,64,64,33.216
1024,16,64,128,35.7767
1024,16,64,256,39.8083
1024,16,64,512,44.672
1024,16,64,1024,56.5653
1024,16,64,2048,78.1767
1024,16,64,4096,113.302
1024,16,64,8192,181.43
1024,16,64,16384,325.9
1024,16,128,16,38.8157
1024,16,128,32,38.8057
1024,16,128,64,38.795
1024,16,128,128,42.155
1024,16,128,256,49.0987
1024,16,128,512,60.4693
1024,16,128,1024,81.2917
1024,16,128,2048,117.334
1024,16,128,4096,185.239
1024,16,128,8192,325.996
1024,16,128,16384,614.04
1024,32,0,0,32.4063
1024,32,1,16,32.224
1024,32,1,32,32.267
1024,32,1,64,32.1177
1024,32,1,128,31.9787
1024,32,1,256,32.0107
1024,32,1,512,32.1813
1024,32,1,1024,32.0853
1024,32,1,2048,45.1527
1024,32,1,4096,72.384
1024,32,1,8192,126.028
1024,32,1,16384,233.356
1024,32,2,16,32.2673
1024,32,2,32,32.1923
1024,32,2,64,32.342
1024,32,2,128,32.192
1024,32,2,256,32.3417
1024,32,2,512,31.9893
1024,32,2,1024,32.1707
1024,32,2,2048,45.59
1024,32,2,4096,72.9283
1024,32,2,8192,126.71
1024,32,2,16384,233.654
1024,32,4,16,32.4053
1024,32,4,32,32.3093
1024,32,4,64,32.267
1024,32,4,128,32.182
1024,32,4,256,32.1283
1024,32,4,512,32.2877
1024,32,4,1024,37.5787
1024,32,4,2048,51.3707
1024,32,4,4096,79.083
1024,32,4,8192,132.288
1024,32,4,16384,239.511
1024,32,8,16,32.0963
1024,32,8,32,32.2457
1024,32,8,64,32.384
1024,32,8,128,32.203
1024,32,8,256,32.427
1024,32,8,512,32.1817
1024,32,8,1024,37.8773
1024,32,8,2048,51.851
1024,32,8,4096,79.7973
1024,32,8,8192,133.686
1024,32,8,16384,240.396
1024,32,16,16,32.3947
1024,32,16,32,32.3417
1024,32,16,64,32.299
1024,32,16,128,32.395
1024,32,16,256,32.277
1024,32,16,512,33.4933
1024,32,16,1024,39.9893
1024,32,16,2048,54.8063
1024,32,16,4096,84.0113
1024,32,16,8192,138.763
1024,32,16,16384,245.772
1024,32,32,16,32.48
1024,32,32,32,32.6823
1024,32,32,64,32.8107
1024,32,32,128,32.565
1024,32,32,256,33.0457
1024,32,32,512,36.3307
1024,32,32,1024,44.5443
1024,32,32,2048,60.2133
1024,32,32,4096,92.6087
1024,32,32,8192,146.241
1024,32,32,16384,253.239
1024,32,64,16,33.1523
1024,32,64,32,33.056
1024,32,64,64,33.3767
1024,32,64,128,36.203
1024,32,64,256,39.552
1024,32,64,512,44.672
1024,32,64,1024,56.16
1024,32,64,2048,78.8593
1024,32,64,4096,112.213
1024,32,64,8192,184.278
1024,32,64,16384,326.327
1024,32,128,16,38.6457
1024,32,128,32,38.8053
1024,32,128,64,38.8697
1024,32,128,128,43.1253
1024,32,128,256,49.1627
1024,32,128,512,60.5547
1024,32,128,1024,80.9817
1024,32,128,2048,118.465
1024,32,128,4096,185.697
1024,32,128,8192,327.095
1024,32,128,16384,613.144
1024,64,0,0,32.2027
1024,64,1,16,32.2457
1024,64,1,32,32.1493
1024,64,1,64,32.0637
1024,64,1,128,32.3413
1024,64,1,256,32.0963
1024,64,1,512,32.128
1024,64,1,1024,32.278
1024,64,1,2048,45.0773
1024,64,1,4096,72.5547
1024,64,1,8192,125.867
1024,64,1,16384,232.577
1024,64,2,16,32.267
1024,64,2,32,32.256
1024,64,2,64,32.2563
1024,64,2,128,32.491
1024,64,2,256,32.278
1024,64,2,512,32.384
1024,64,2,1024,32.4267
1024,64,2,2048,45.2587
1024,64,2,4096,72.6407
1024,64,2,8192,126.454
1024,64,2,16384,233.921
1024,64,4,16,32.203
1024,64,4,32,32.6827
1024,64,4,64,32.4057
1024,64,4,128,32.2773
1024,64,4,256,32.2133
1024,64,4,512,32.1493
1024,64,4,1024,37.3763
1024,64,4,2048,51.6377
1024,64,4,4096,78.9447
1024,64,4,8192,132.267
1024,64,4,16384,239.799
1024,64,8,16,32.576
1024,64,8,32,32.5227
1024,64,8,64,32.3097
1024,64,8,128,32.427
1024,64,8,256,32.2773
1024,64,8,512,33.0563
1024,64,8,1024,39.424
1024,64,8,2048,53.4617
1024,64,8,4096,81.6647
1024,64,8,8192,135.915
1024,64,8,16384,242.678
1024,64,16,16,32.427
1024,64,16,32,32.6407
1024,64,16,64,32.3947
1024,64,16,128,32.5017
1024,64,16,256,32.3737
1024,64,16,512,34.6033
1024,64,16,1024,41.3013
1024,64,16,2048,55.584
1024,64,16,4096,85.7393
1024,64,16,8192,139.371
1024,64,16,16384,247.233
1024,64,32,16,32.5547
1024,64,32,32,33.0567
1024,64,32,64,32.8
1024,64,32,128,32.4907
1024,64,32,256,33.7067
1024,64,32,512,38.592
1024,64,32,1024,45.1843
1024,64,32,2048,61.707
1024,64,32,4096,92.6723
1024,64,32,8192,147.884
1024,64,32,16384,254.572
1024,64,64,16,33.2373
1024,64,64,32,33.664
1024,64,64,64,33.8343
1024,64,64,128,36.2243
1024,64,64,256,39.5413
1024,64,64,512,45.0883
1024,64,64,1024,56.8853
1024,64,64,2048,79.7123
1024,64,64,4096,113.473
1024,64,64,8192,182.913
1024,64,64,16384,326.967
1024,64,128,16,38.6667
1024,64,128,32,39.083
1024,64,128,64,39.083
1024,64,128,128,42.8373
1024,64,128,256,49.5257
1024,64,128,512,61.4507
1024,64,128,1024,82.219
1024,64,128,2048,117.473
1024,64,128,4096,186.689
1024,64,128,8192,328.439
1024,64,128,16384,613.005
1024,128,0,0,32.5017
1024,128,1,16,32.2883
1024,128,1,32,32.4907
1024,128,1,64,32.2777
1024,128,1,128,32.3523
1024,128,1,256,32.2243
1024,128,1,512,32.384
1024,128,1,1024,32.5223
1024,128,1,2048,45.1203
1024,128,1,4096,72.79
1024,128,1,8192,126.23
1024,128,1,16384,232.919
1024,128,2,16,32.8537
1024,128,2,32,32.523
1024,128,2,64,32.7153
1024,128,2,128,32.5127
1024,128,2,256,32.4907
1024,128,2,512,32.4803
1024,128,2,1024,32.352
1024,128,2,2048,45.878
1024,128,2,4096,73.8993
1024,128,2,8192,127.265
1024,128,2,16384,233.985
1024,128,4,16,32.3737
1024,128,4,32,32.3417
1024,128,4,64,32.416
1024,128,4,128,32.4267
1024,128,4,256,32.5333
1024,128,4,512,32.6087
1024,128,4,1024,39.4777
1024,128,4,2048,53.611
1024,128,4,4096,81.6007
1024,128,4,8192,134.646
1024,128,4,16384,242.433
1024,128,8,16,32.6187
1024,128,8,32,32.48
1024,128,8,64,32.395
1024,128,8,128,32.5123
1024,128,8,256,32.7147
1024,128,8,512,33.0667
1024,128,8,1024,40.064
1024,128,8,2048,54.593
1024,128,8,4096,82.2617
1024,128,8,8192,136.129
1024,128,8,16384,243.831
1024,128,16,16,32.7253
1024,128,16,32,32.5333
1024,128,16,64,32.8427
1024,128,16,128,32.6507
1024,128,16,256,32.7893
1024,128,16,512,34.5497
1024,128,16,1024,41.6533
1024,128,16,2048,56.4593
1024,128,16,4096,85.462
1024,128,16,8192,140.257
1024,128,16,16384,246.593
1024,128,32,16,32.8857
1024,128,32,32,32.7897
1024,128,32,64,32.5973
1024,128,32,128,33.579
1024,128,32,256,34.8697
1024,128,32,512,38.0053
1024,128,32,1024,46.0813
1024,128,32,2048,62.4217
1024,128,32,4096,94.038
1024,128,32,8192,147.5
1024,128,32,16384,255.863
1024,128,64,16,34.912
1024,128,64,32,35.1577
1024,128,64,64,34.7947
1024,128,64,128,37.0563
1024,128,64,256,40.4053
1024,128,64,512,46.539
1024,128,64,1024,57.6853
1024,128,64,2048,80.1283
1024,128,64,4096,114.411
1024,128,64,8192,184.235
1024,128,64,16384,328.471
1024,128,128,16,39.7767
1024,128,128,32,39.488
1024,128,128,64,39.862
1024,128,128,128,43.9363
1024,128,128,256,50.9547
1024,128,128,512,62.742
1024,128,128,1024,82.6137
1024,128,128,2048,118.742
1024,128,128,4096,186.838
1024,128,128,8192,327.191
1024,128,128,16384,611.971
1024,256,0,0,34.2293
1024,256,1,16,34.4323
1024,256,1,32,34.3573
1024,256,1,64,34.2937
1024,256,1,128,33.9633
1024,256,1,256,34.176
1024,256,1,512,34.304
1024,256,1,1024,34.016
1024,256,1,2048,45.1843
1024,256,1,4096,73.3443
1024,256,1,8192,126.55
1024,256,1,16384,233.675
1024,256,2,16,34.443
1024,256,2,32,34.8907
1024,256,2,64,34.454
1024,256,2,128,34.539
1024,256,2,256,34.443
1024,256,2,512,34.3363
1024,256,2,1024,34.4643
1024,256,2,2048,45.5893
1024,256,2,4096,73.579
1024,256,2,8192,127.265
1024,256,2,16384,235.201
1024,256,4,16,34.496
1024,256,4,32,34.208
1024,256,4,64,34.112
1024,256,4,128,34.2513
1024,256,4,256,34.2937
1024,256,4,512,34.3573
1024,256,4,1024,41.291
1024,256,4,2048,55.5307
1024,256,4,4096,83.4243
1024,256,4,8192,137.195
1024,256,4,16384,244.737
1024,256,8,16,34.6023
1024,256,8,32,34.3683
1024,256,8,64,34.2613
1024,256,8,128,34.3043
1024,256,8,256,34.4427
1024,256,8,512,34.9443
1024,256,8,1024,41.376
1024,256,8,2048,55.6907
1024,256,8,4096,84.097
1024,256,8,8192,137.729
1024,256,8,16384,245.911
1024,256,16,16,34.144
1024,256,16,32,34.5493
1024,256,16,64,34.475
1024,256,16,128,34.624
1024,256,16,256,34.3787
1024,256,16,512,36.342
1024,256,16,1024,42.635
1024,256,16,2048,57.92
1024,256,16,4096,87.8187
1024,256,16,8192,140.502
1024,256,16,16384,248.065
1024,256,32,16,34.603
1024,256,32,32,34.6773
1024,256,32,64,34.507
1024,256,32,128,35.0613
1024,256,32,256,36.7687
1024,256,32,512,40.3197
1024,256,32,1024,48.0963
1024,256,32,2048,64.6083
1024,256,32,4096,95.552
1024,256,32,8192,148.811
1024,256,32,16384,258.305
1024,256,64,16,35.5307
1024,256,64,32,35.627
1024,256,64,64,35.8617
1024,256,64,128,39.0827
1024,256,64,256,42.9123
1024,256,64,512,47.8507
1024,256,64,1024,59.872
1024,256,64,2048,82.571
1024,256,64,4096,115.243
1024,256,64,8192,184.544
1024,256,64,16384,329.901
1024,256,128,16,40.6613
1024,256,128,32,41.2273
1024,256,128,64,41.525
1024,256,128,128,45.9093
1024,256,128,256,51.264
1024,256,128,512,65.5473
1024,256,128,1024,84.769
1024,256,128,2048,119.883
1024,256,128,4096,188.545
1024,256,128,8192,330.626
1024,256,128,16384,616.238
1024,512,0,0,37.9527
1024,512,1,16,37.7707
1024,512,1,32,37.6213
1024,512,1,64,37.7493
1024,512,1,128,37.6753
1024,512,1,256,37.6853
1024,512,1,512,38.0693
1024,512,1,1024,37.8457
1024,512,1,2048,45.6537
1024,512,1,4096,74.123
1024,512,1,8192,128.139
1024,512,1,16384,234.988
1024,512,2,16,37.9953
1024,512,2,32,37.7917
1024,512,2,64,37.8457
1024,512,2,128,38.0373
1024,512,2,256,37.76
1024,512,2,512,37.8563
1024,512,2,1024,37.8777
1024,512,2,2048,46.144
1024,512,2,4096,74.9663
1024,512,2,8192,128.822
1024,512,2,16384,235.948
1024,512,4,16,38.198
1024,512,4,32,37.8347
1024,512,4,64,37.9847
1024,512,4,128,37.9523
1024,512,4,256,37.8453
1024,512,4,512,38.1333
1024,512,4,1024,44.352
1024,512,4,2048,59.19
1024,512,4,4096,86.9657
1024,512,4,8192,141.228
1024,512,4,16384,248.055
1024,512,8,16,37.803
1024,512,8,32,38.091
1024,512,8,64,38.0587
1024,512,8,128,37.9413
1024,512,8,256,38.1017
1024,512,8,512,38.0167
1024,512,8,1024,44.8533
1024,512,8,2048,59.6697
1024,512,8,4096,87.9893
1024,512,8,8192,141.462
1024,512,8,16384,248.769
1024,512,16,16,38.1547
1024,512,16,32,38.1123
1024,512,16,64,38.0263
1024,512,16,128,38.1443
1024,512,16,256,37.9947
1024,512,16,512,39.9043
1024,512,16,1024,46.4857
1024,512,16,2048,61.632
1024,512,16,4096,91.1147
1024,512,16,8192,144.694
1024,512,16,16384,251.478
1024,512,32,16,38.0057
1024,512,32,32,38.0057
1024,512,32,64,37.9523
1024,512,32,128,38.6133
1024,512,32,256,40.4057
1024,512,32,512,43.563
1024,512,32,1024,51.4357
1024,512,32,2048,69.0133
1024,512,32,4096,99.4243
1024,512,32,8192,152.481
1024,512,32,16384,260.321
1024,512,64,16,39.2217
1024,512,64,32,39.1253
1024,512,64,64,39.5307
1024,512,64,128,42.144
1024,512,64,256,45.739
1024,512,64,512,51.712
1024,512,64,1024,63.1893
1024,512,64,2048,85.419
1024,512,64,4096,118.688
1024,512,64,8192,187.585
1024,512,64,16384,332.311
1024,512,128,16,44.555
1024,512,128,32,44.8003
1024,512,128,64,45.2693
1024,512,128,128,49.1737
1024,512,128,256,55.3707
1024,512,128,512,68.459
1024,512,128,1024,87.7973
1024,512,128,2048,123.596
1024,512,128,4096,191.468
1024,512,128,8192,331.778
1024,512,128,16384,619.331
1024,1024,0,0,44.928
1024,1024,1,16,44.683
1024,1024,1,32,44.7687
1024,1024,1,64,44.896
1024,1024,1,128,44.9173
1024,1024,1,256,44.9707
1024,1024,1,512,44.7893
1024,1024,1,1024,44.7257
1024,1024,1,2048,45.9947
1024,1024,1,4096,75.2427
1024,1024,1,8192,129.185
1024,1024,1,16384,236.278
1024,1024,2,16,44.886
1024,1024,2,32,44.961
1024,1024,2,64,45.056
1024,1024,2,128,44.9923
1024,1024,2,256,45.12
1024,1024,2,512,45.0457
1024,1024,2,1024,44.9707
1024,1024,2,2048,46.6353
1024,1024,2,4096,76.6193
1024,1024,2,8192,129.676
1024,1024,2,16384,237.174
1024,1024,4,16,44.9173
1024,1024,4,32,44.843
1024,1024,4,64,44.9707
1024,1024,4,128,45.0883
1024,1024,4,256,45.1417
1024,1024,4,512,44.8217
1024,1024,4,1024,52.032
1024,1024,4,2048,67.349
1024,1024,4,4096,95.1473
1024,1024,4,8192,148.609
1024,1024,4,16384,256.151
1024,1024,8,16,44.949
1024,1024,8,32,45.003
1024,1024,8,64,44.896
1024,1024,8,128,44.9387
1024,1024,8,256,44.811
1024,1024,8,512,44.9707
1024,1024,8,1024,52.4907
1024,1024,8,2048,67.723
1024,1024,8,4096,96.267
1024,1024,8,8192,149.707
1024,1024,8,16384,257.633
1024,1024,16,16,45.2267
1024,1024,16,32,45.2167
1024,1024,16,64,45.003
1024,1024,16,128,45.3973
1024,1024,16,256,45.067
1024,1024,16,512,46.7417
1024,1024,16,1024,53.7393
1024,1024,16,2048,70.2187
1024,1024,16,4096,99.595
1024,1024,16,8192,152.588
1024,1024,16,16384,261.154
1024,1024,32,16,45.2803
1024,1024,32,32,45.6853
1024,1024,32,64,45.3653
1024,1024,32,128,45.397
1024,1024,32,256,47.232
1024,1024,32,512,50.3577
1024,1024,32,1024,58.955
1024,1024,32,2048,77.9737
1024,1024,32,4096,106.347
1024,1024,32,8192,160.492
1024,1024,32,16384,267.255
1024,1024,64,16,46.08
1024,1024,64,32,46.08
1024,1024,64,64,46.059
1024,1024,64,128,49.2273
1024,1024,64,256,52.747
1024,1024,64,512,60.075
1024,1024,64,1024,70.8063
1024,1024,64,2048,91.3177
1024,1024,64,4096,123.969
1024,1024,64,8192,194.561
1024,1024,64,16384,336.396
1024,1024,128,16,51.8197
1024,1024,128,32,51.733
1024,1024,128,64,52.256
1024,1024,128,128,57.217
1024,1024,128,256,63.5417
1024,1024,128,512,74.9763
1024,1024,128,1024,95.264
1024,1024,128,2048,128.619
1024,1024,128,4096,197.281
1024,1024,128,8192,339.628
1024,1024,128,16384,625.646
1024,2048,0,0,60.48
1024,2048,1,16,60.6083
1024,2048,1,32,60.8117
1024,2048,1,64,61.483
1024,2048,1,128,61.1097
1024,2048,1,256,61.185
1024,2048,1,512,60.8433
1024,2048,1,1024,60.704
1024,2048,1,2048,61.4407
1024,2048,1,4096,77.43
1024,2048,1,8192,132.118
1024,2048,1,16384,239.201
1024,2048,2,16,60.8753
1024,2048,2,32,61.0027
1024,2048,2,64,61.2907
1024,2048,2,128,60.8003
1024,2048,2,256,61.024
1024,2048,2,512,60.9927
1024,2048,2,1024,60.9713
1024,2048,2,2048,61.1843
1024,2048,2,4096,78.3473
1024,2048,2,8192,133.196
1024,2048,2,16384,240.364
1024,2048,4,16,61.1843
1024,2048,4,32,60.8213
1024,2048,4,64,60.8433
1024,2048,4,128,61.0347
1024,2048,4,256,61.2593
1024,2048,4,512,61.1633
1024,2048,4,1024,60.7363
1024,2048,4,2048,84.6083
1024,2048,4,4096,110.731
1024,2048,4,8192,164.545
1024,2048,4,16384,272.172
1024,2048,8,16,61.2053
1024,2048,8,32,60.9817
1024,2048,8,64,60.918
1024,2048,8,128,60.9173
1024,2048,8,256,60.854
1024,2048,8,512,61.3973
1024,2048,8,1024,68.8007
1024,2048,8,2048,84.864
1024,2048,8,4096,112.129
1024,2048,8,8192,166.028
1024,2048,8,16384,272.897
1024,2048,16,16,61.1413
1024,2048,16,32,61.1423
1024,2048,16,64,61.323
1024,2048,16,128,61.2693
1024,2048,16,256,61.0993
1024,2048,16,512,62.8377
1024,2048,16,1024,70.9447
1024,2048,16,2048,86.635
1024,2048,16,4096,114.369
1024,2048,16,8192,167.734
1024,2048,16,16384,275.308
1024,2048,32,16,61.5147
1024,2048,32,32,61.441
1024,2048,32,64,61.4507
1024,2048,32,128,61.6537
1024,2048,32,256,61.6213
1024,2048,32,512,65.8993
1024,2048,32,1024,75.9047
1024,2048,32,2048,92.0543
1024,2048,32,4096,120.46
1024,2048,32,8192,173.11
1024,2048,32,16384,282.69
1024,2048,64,16,61.739
1024,2048,64,32,61.792
1024,2048,64,64,61.9307
1024,2048,64,128,65.9953
1024,2048,64,256,68.886
1024,2048,64,512,74.4747
1024,2048,64,1024,88.5557
1024,2048,64,2048,105.281
1024,2048,64,4096,138.966
1024,2048,64,8192,210.017
1024,2048,64,16384,354.338
1024,2048,128,16,68.5653
1024,2048,128,32,68.64
1024,2048,128,64,69.057
1024,2048,128,128,73.6643
1024,2048,128,256,80.4597
1024,2048,128,512,90.3263
1024,2048,128,1024,107.851
1024,2048,128,2048,143.254
1024,2048,128,4096,212.833
1024,2048,128,8192,355.117
1024,2048,128,16384,640.718
1024,4096,0,0,92.8747
1024,4096,1,16,93.227
1024,4096,1,32,92.7577
1024,4096,1,64,93.1103
1024,4096,1,128,93.195
1024,4096,1,256,93.0133
1024,4096,1,512,93.2593
1024,4096,1,1024,93.344
1024,4096,1,2048,92.9713
1024,4096,1,4096,93.5477
1024,4096,1,8192,134.891
1024,4096,1,16384,242.572
1024,4096,2,16,93.6853
1024,4096,2,32,93.2907
1024,4096,2,64,93.5473
1024,4096,2,128,93.3237
1024,4096,2,256,93.4297
1024,4096,2,512,93.686
1024,4096,2,1024,93.44
1024,4096,2,2048,93.7493
1024,4096,2,4096,93.9843
1024,4096,2,8192,135.467
1024,4096,2,16384,244.034
1024,4096,4,16,93.0773
1024,4096,4,32,93.323
1024,4096,4,64,93.2377
1024,4096,4,128,93.27
1024,4096,4,256,93.6107
1024,4096,4,512,93.76
1024,4096,4,1024,93.7923
1024,4096,4,2048,93.9947
1024,4096,4,4096,141.206
1024,4096,4,8192,194.401
1024,4096,4,16384,301.676
1024,4096,8,16,93.27
1024,4096,8,32,93.067
1024,4096,8,64,94.614
1024,4096,8,128,93.7393
1024,4096,8,256,93.2053
1024,4096,8,512,93.7073
1024,4096,8,1024,96.9177
1024,4096,8,2048,114.464
1024,4096,8,4096,141.718
1024,4096,8,8192,196.087
1024,4096,8,16384,302.136
1024,4096,16,16,93.4727
1024,4096,16,32,93.1527
1024,4096,16,64,93.7177
1024,4096,16,128,93.4727
1024,4096,16,256,93.43
1024,4096,16,512,93.8567
1024,4096,16,1024,101.644
1024,4096,16,2048,116.363
1024,4096,16,4096,142.934
1024,4096,16,8192,195.99
1024,4096,16,16384,304.332
1024,4096,32,16,93.718
1024,4096,32,32,94.1873
1024,4096,32,64,93.5153
1024,4096,32,128,93.697
1024,4096,32,256,94.9973
1024,4096,32,512,98.3683
1024,4096,32,1024,105.174
1024,4096,32,2048,120.641
1024,4096,32,4096,147.691
1024,4096,32,8192,201.504
1024,4096,32,16384,309.207
1024,4096,64,16,94.3047
1024,4096,64,32,94.134
1024,4096,64,64,94.4647
1024,4096,64,128,96.534
1024,4096,64,256,100.939
1024,4096,64,512,105.547
1024,4096,64,1024,116.085
1024,4096,64,2048,135.51
1024,4096,64,4096,169.91
1024,4096,64,8192,242.508
1024,4096,64,16384,386.978
1024,4096,128,16,99.0623
1024,4096,128,32,99.1577
1024,4096,128,64,99.371
1024,4096,128,128,103.115
1024,4096,128,256,109.654
1024,4096,128,512,118.113
1024,4096,128,1024,135.99
1024,4096,128,2048,173.868
1024,4096,128,4096,244.513
1024,4096,128,8192,387.052
1024,4096,128,16384,670.137
1024,8192,0,0,148.182
1024,8192,1,16,147.852
1024,8192,1,32,148.118
1024,8192,1,64,146.54
1024,8192,1,128,146.977
1024,8192,1,256,146.411
1024,8192,1,512,147.489
1024,8192,1,1024,146.966
1024,8192,1,2048,146.7
1024,8192,1,4096,147.35
1024,8192,1,8192,147.308
1024,8192,1,16384,244.044
1024,8192,2,16,146.71
1024,8192,2,32,147.137
1024,8192,2,64,147.275
1024,8192,2,128,147.02
1024,8192,2,256,146.955
1024,8192,2,512,147.425
1024,8192,2,1024,146.817
1024,8192,2,2048,147.286
1024,8192,2,4096,147.905
1024,8192,2,8192,149.035
1024,8192,2,16384,243.959
1024,8192,4,16,147.211
1024,8192,4,32,146.763
1024,8192,4,64,146.55
1024,8192,4,128,147.104
1024,8192,4,256,147.435
1024,8192,4,512,147.18
1024,8192,4,1024,147.446
1024,8192,4,2048,148.044
1024,8192,4,4096,149.014
1024,8192,4,8192,249.42
1024,8192,4,16384,356.247
1024,8192,8,16,146.518
1024,8192,8,32,147.116
1024,8192,8,64,146.806
1024,8192,8,128,147.99
1024,8192,8,256,146.753
1024,8192,8,512,147.244
1024,8192,8,1024,147.936
1024,8192,8,2048,152.075
1024,8192,8,4096,194.497
1024,8192,8,8192,248.534
1024,8192,8,16384,356.641
1024,8192,16,16,146.742
1024,8192,16,32,147.531
1024,8192,16,64,147.425
1024,8192,16,128,147.286
1024,8192,16,256,147.862
1024,8192,16,512,148.001
1024,8192,16,1024,153.974
1024,8192,16,2048,168.47
1024,8192,16,4096,195.894
1024,8192,16,8192,250.273
1024,8192,16,16384,357.239
1024,8192,32,16,147.297
1024,8192,32,32,147.606
1024,8192,32,64,147.83
1024,8192,32,128,148.086
1024,8192,32,256,147.659
1024,8192,32,512,148.875
1024,8192,32,1024,157.399
1024,8192,32,2048,172.299
1024,8192,32,4096,200.812
1024,8192,32,8192,254.668
1024,8192,32,16384,362.647
1024,8192,64,16,147.756
1024,8192,64,32,147.094
1024,8192,64,64,147.852
1024,8192,64,128,147.628
1024,8192,64,256,150.486
1024,8192,64,512,156.566
1024,8192,64,1024,166.582
1024,8192,64,2048,186.22
1024,8192,64,4096,221.644
1024,8192,64,8192,295.383
1024,8192,64,16384,435.895
1024,8192,128,16,150.412
1024,8192,128,32,151.308
1024,8192,128,64,151.734
1024,8192,128,128,154.688
1024,8192,128,256,160.748
1024,8192,128,512,168.641
1024,8192,128,1024,187.372
1024,8192,128,2048,224.204
1024,8192,128,4096,294.05
1024,8192,128,8192,435.468
1024,8192,128,16384,720.665
1024,16384,0,0,251.457
1024,16384,1,16,250.572
1024,16384,1,32,250.573
1024,16384,1,64,251.703
1024,16384,1,128,251.243
1024,16384,1,256,250.892
1024,16384,1,512,250.86
1024,16384,1,1024,251.276
1024,16384,1,2048,251.489
1024,16384,1,4096,250.86
1024,16384,1,8192,251.33
1024,16384,1,16384,251.447
1024,16384,2,16,251.18
1024,16384,2,32,250.934
1024,16384,2,64,251.319
1024,16384,2,128,251.18
1024,16384,2,256,250.689
1024,16384,2,512,251.372
1024,16384,2,1024,251.617
1024,16384,2,2048,249.75
1024,16384,2,4096,251.67
1024,16384,2,8192,250.977
1024,16384,2,16384,251.105
1024,16384,4,16,251.084
1024,16384,4,32,250.839
1024,16384,4,64,251.959
1024,16384,4,128,250.988
1024,16384,4,256,250.764
1024,16384,4,512,250.999
1024,16384,4,1024,251.361
1024,16384,4,2048,251.201
1024,16384,4,4096,252.151
1024,16384,4,8192,252.556
1024,16384,4,16384,461.923
1024,16384,8,16,250.668
1024,16384,8,32,250.807
1024,16384,8,64,250.689
1024,16384,8,128,251.777
1024,16384,8,256,251.298
1024,16384,8,512,251.351
1024,16384,8,1024,252.001
1024,16384,8,2048,251.959
1024,16384,8,4096,256.684
1024,16384,8,8192,352.599
1024,16384,8,16384,461.527
1024,16384,16,16,250.796
1024,16384,16,32,250.988
1024,16384,16,64,251.106
1024,16384,16,128,250.647
1024,16384,16,256,251.702
1024,16384,16,512,251.98
1024,16384,16,1024,251.692
1024,16384,16,2048,272.641
1024,16384,16,4096,299.873
1024,16384,16,8192,354.156
1024,16384,16,16384,463.682
1024,16384,32,16,251.116
1024,16384,32,32,251.329
1024,16384,32,64,252.033
1024,16384,32,128,252.012
1024,16384,32,256,252.204
1024,16384,32,512,253.772
1024,16384,32,1024,260.481
1024,16384,32,2048,274.231
1024,16384,32,4096,304.417
1024,16384,32,8192,357.09
1024,16384,32,16384,466.402
1024,16384,64,16,252.375
1024,16384,64,32,252.705
1024,16384,64,64,253.068
1024,16384,64,128,252.546
1024,16384,64,256,252.524
1024,16384,64,512,255.66
1024,16384,64,1024,265.836
1024,16384,64,2048,284.909
1024,16384,64,4096,320.066
1024,16384,64,8192,390.466
1024,16384,64,16384,535.928
1024,16384,128,16,252.3
1024,16384,128,32,252.13
1024,16384,128,64,251.959
1024,16384,128,128,256.418
1024,16384,128,256,261.1
1024,16384,128,512,268.429
1024,16384,128,1024,287.49
1024,16384,128,2048,323.202
1024,16384,128,4096,392.184
1024,16384,128,8192,532.963
1024,16384,128,16384,819.492
2048,0,0,0,55.2213
2048,0,1,16,54.72
2048,0,1,32,54.7843
2048,0,1,64,54.561
2048,0,1,128,55.1573
2048,0,1,256,57.1523
2048,0,1,512,60.8957
2048,0,1,1024,67.947
2048,0,1,2048,83.435
2048,0,1,4096,110.304
2048,0,1,8192,164.214
2048,0,1,16384,270.871
2048,0,2,16,54.5383
2048,0,2,32,54.7207
2048,0,2,64,54.4427
2048,0,2,128,55.9147
2048,0,2,256,57.494
2048,0,2,512,61.11
2048,0,2,1024,68.2883
2048,0,2,2048,83.7227
2048,0,2,4096,110.827
2048,0,2,8192,164.768
2048,0,2,16384,271.66
2048,0,4,16,54.9443
2048,0,4,32,54.7317
2048,0,4,64,54.571
2048,0,4,128,55.6807
2048,0,4,256,57.1627
2048,0,4,512,61.184
2048,0,4,1024,68.8107
2048,0,4,2048,83.2433
2048,0,4,4096,111.061
2048,0,4,8192,164.982
2048,0,4,16384,271.542
2048,0,8,16,58.2507
2048,0,8,32,58.4537
2048,0,8,64,58.9347
2048,0,8,128,60.3307
2048,0,8,256,61.76
2048,0,8,512,65.2483
2048,0,8,1024,73.8883
2048,0,8,2048,88.3423
2048,0,8,4096,114.998
2048,0,8,8192,169.228
2048,0,8,16384,276.066
2048,0,16,16,59.19
2048,0,16,32,59.4243
2048,0,16,64,58.9763
2048,0,16,128,61.2377
2048,0,16,256,62.88
2048,0,16,512,66.315
2048,0,16,1024,74.6997
2048,0,16,2048,89.536
2048,0,16,4096,117.505
2048,0,16,8192,170.593
2048,0,16,16384,277.431
2048,0,32,16,60.3413
2048,0,32,32,60.2883
2048,0,32,64,60.384
2048,0,32,128,62.4537
2048,0,32,256,64.6403
2048,0,32,512,68.8863
2048,0,32,1024,77.4187
2048,0,32,2048,92.811
2048,0,32,4096,120.834
2048,0,32,8192,173.91
2048,0,32,16384,281.804
2048,0,64,16,61.0883
2048,0,64,32,61.0353
2048,0,64,64,61.6323
2048,0,64,128,64.139
2048,0,64,256,66.5603
2048,0,64,512,72.555
2048,0,64,1024,83.9367
2048,0,64,2048,103.606
2048,0,64,4096,140.363
2048,0,64,8192,211.724
2048,0,64,16384,354.914
2048,0,128,16,67.8193
2048,0,128,32,67.232
2048,0,128,64,68.1493
2048,0,128,128,73.8887
2048,0,128,256,79.3813
2048,0,128,512,88.3423
2048,0,128,1024,107.787
2048,0,128,2048,144.535
2048,0,128,4096,215.051
2048,0,128,8192,357.805
2048,0,128,16384,641.678
2048,16,0,0,55.381
2048,16,1,16,54.624
2048,16,1,32,54.9443
2048,16,1,64,54.6453
2048,16,1,128,55.7653
2048,16,1,256,57.099
2048,16,1,512,61.611
2048,16,1,1024,68.779
2048,16,1,2048,83.467
2048,16,1,4096,110.635
2048,16,1,8192,163.638
2048,16,1,16384,271.617
2048,16,2,16,54.4317
2048,16,2,32,54.827
2048,16,2,64,54.603
2048,16,2,128,55.5097
2048,16,2,256,57.387
2048,16,2,512,61.4187
2048,16,2,1024,68.672
2048,16,2,2048,83.723
2048,16,2,4096,110.55
2048,16,2,8192,164.683
2048,16,2,16384,272.556
2048,16,4,16,55.6907
2048,16,4,32,55.264
2048,16,4,64,55.3703
2048,16,4,128,57.2583
2048,16,4,256,59.1787
2048,16,4,512,62.9013
2048,16,4,1024,70.5707
2048,16,4,2048,85.0453
2048,16,4,4096,112.257
2048,16,4,8192,166.134
2048,16,4,16384,273.089
2048,16,8,16,58.827
2048,16,8,32,58.827
2048,16,8,64,58.6347
2048,16,8,128,60.651
2048,16,8,256,62.454
2048,16,8,512,66.8267
2048,16,8,1024,73.867
2048,16,8,2048,88.7793
2048,16,8,4096,115.413
2048,16,8,8192,169.281
2048,16,8,16384,276.162
2048,16,16,16,60.4373
2048,16,16,32,60.0427
2048,16,16,64,60.7143
2048,16,16,128,61.6003
2048,16,16,256,64.3203
2048,16,16,512,68.1927
2048,16,16,1024,75.051
2048,16,16,2048,90.454
2048,16,16,4096,117.953
2048,16,16,8192,171.393
2048,16,16,16384,279.254
2048,16,32,16,60.6723
2048,16,32,32,60.5333
2048,16,32,64,61.1207
2048,16,32,128,62.9763
2048,16,32,256,64.768
2048,16,32,512,69.0453
2048,16,32,1024,76.9817
2048,16,32,2048,93.1733
2048,16,32,4096,120.513
2048,16,32,8192,174.272
2048,16,32,16384,281.943
2048,16,64,16,61.504
2048,16,64,32,61.8883
2048,16,64,64,62.326
2048,16,64,128,64.288
2048,16,64,256,66.5073
2048,16,64,512,71.7657
2048,16,64,1024,84.2673
2048,16,64,2048,104.576
2048,16,64,4096,140.214
2048,16,64,8192,212.641
2048,16,64,16384,357.816
2048,16,128,16,68.3733
2048,16,128,32,68.161
2048,16,128,64,68.8
2048,16,128,128,73.217
2048,16,128,256,79.4667
2048,16,128,512,89.0243
2048,16,128,1024,108.534
2048,16,128,2048,144.587
2048,16,128,4096,215.34
2048,16,128,8192,357.463
2048,16,128,16384,643.939
2048,32,0,0,54.657
2048,32,1,16,54.8483
2048,32,1,32,54.624
2048,32,1,64,55.008
2048,32,1,128,55.6163
2048,32,1,256,57.7497
2048,32,1,512,60.928
2048,32,1,1024,68.8113
2048,32,1,2048,83.4773
2048,32,1,4096,110.86
2048,32,1,8192,164
2048,32,1,16384,271.105
2048,32,2,16,54.763
2048,32,2,32,54.955
2048,32,2,64,55.115
2048,32,2,128,56.1713
2048,32,2,256,57.6103
2048,32,2,512,60.8323
2048,32,2,1024,68.5547
2048,32,2,2048,83.7123
2048,32,2,4096,110.816
2048,32,2,8192,164.502
2048,32,2,16384,271.692
2048,32,4,16,55.7657
2048,32,4,32,55.5413
2048,32,4,64,55.371
2048,32,4,128,58.0373
2048,32,4,256,59.0613
2048,32,4,512,62.9123
2048,32,4,1024,70.7097
2048,32,4,2048,86.0597
2048,32,4,4096,112.609
2048,32,4,8192,166.689
2048,32,4,16384,273.57
2048,32,8,16,60.459
2048,32,8,32,60.1817
2048,32,8,64,60.758
2048,32,8,128,62.1977
2048,32,8,256,63.7553
2048,32,8,512,67.691
2048,32,8,1024,75.4563
2048,32,8,2048,89.2163
2048,32,8,4096,117.27
2048,32,8,8192,170.017
2048,32,8,16384,276.865
2048,32,16,16,60.8643
2048,32,16,32,60.768
2048,32,16,64,60.833
2048,32,16,128,62.4323
2048,32,16,256,63.9787
2048,32,16,512,68.0323
2048,32,16,1024,76.4053
2048,32,16,2048,90.9657
2048,32,16,4096,118.187
2048,32,16,8192,171.979
2048,32,16,16384,278.924
2048,32,32,16,61.1413
2048,32,32,32,61.4193
2048,32,32,64,61.5687
2048,32,32,128,63.072
2048,32,32,256,65.1413
2048,32,32,512,69.249
2048,32,32,1024,78.3683
2048,32,32,2048,92.9387
2048,32,32,4096,120.214
2048,32,32,8192,174.379
2048,32,32,16384,281.559
2048,32,64,16,61.5793
2048,32,64,32,62.7203
2048,32,64,64,62.87
2048,32,64,128,65.5357
2048,32,64,256,66.8803
2048,32,64,512,72.4373
2048,32,64,1024,84.8753
2048,32,64,2048,104.629
2048,32,64,4096,140.95
2048,32,64,8192,213.803
2048,32,64,16384,356.866
2048,32,128,16,68.6727
2048,32,128,32,68.939
2048,32,128,64,69.3333
2048,32,128,128,74.646
2048,32,128,256,78.8163
2048,32,128,512,89.9527
2048,32,128,1024,108.971
2048,32,128,2048,144.011
2048,32,128,4096,216.15
2048,32,128,8192,358.903
2048,32,128,16384,643.598
2048,64,0,0,56.9927
2048,64,1,16,56.811
2048,64,1,32,57.131
2048,64,1,64,56.95
2048,64,1,128,57.4513
2048,64,1,256,59.4353
2048,64,1,512,62.6677
2048,64,1,1024,70.4967
2048,64,1,2048,85.046
2048,64,1,4096,112.416
2048,64,1,8192,165.249
2048,64,1,16384,273.345
2048,64,2,16,56.7897
2048,64,2,32,56.7043
2048,64,2,64,56.4277
2048,64,2,128,57.728
2048,64,2,256,59.403
2048,64,2,512,63.2423
2048,64,2,1024,70.848
2048,64,2,2048,85.643
2048,64,2,4096,112.715
2048,64,2,8192,165.697
2048,64,2,16384,273.228
2048,64,4,16,56.896
2048,64,4,32,56.417
2048,64,4,64,56.6193
2048,64,4,128,57.7387
2048,64,4,256,59.9793
2048,64,4,512,63.168
2048,64,4,1024,70.667
2048,64,4,2048,85.8777
2048,64,4,4096,112.608
2048,64,4,8192,165.974
2048,64,4,16384,273.516
2048,64,8,16,60.7473
2048,64,8,32,60.3417
2048,64,8,64,60.4053
2048,64,8,128,62.475
2048,64,8,256,63.606
2048,64,8,512,68.043
2048,64,8,1024,75.7343
2048,64,8,2048,90.0913
2048,64,8,4096,117.088
2048,64,8,8192,170.529
2048,64,8,16384,277.271
2048,64,16,16,61.504
2048,64,16,32,61.654
2048,64,16,64,61.0883
2048,64,16,128,62.859
2048,64,16,256,65.355
2048,64,16,512,68.7687
2048,64,16,1024,76.5657
2048,64,16,2048,90.891
2048,64,16,4096,118.432
2048,64,16,8192,171.425
2048,64,16,16384,278.572
2048,64,32,16,62.4967
2048,64,32,32,63.3073
2048,64,32,64,62.6563
2048,64,32,128,64.875
2048,64,32,256,66.4
2048,64,32,512,70.763
2048,64,32,1024,79.552
2048,64,32,2048,94.3893
2048,64,32,4096,122.614
2048,64,32,8192,176.161
2048,64,32,16384,282.551
2048,64,64,16,63.0827
2048,64,64,32,63.7333
2048,64,64,64,63.585
2048,64,64,128,66.3043
2048,64,64,256,68.886
2048,64,64,512,74.2083
2048,64,64,1024,85.7823
2048,64,64,2048,105.505
2048,64,64,4096,141.472
2048,64,64,8192,213.26
2048,64,64,16384,357.421
2048,64,128,16,70.0587
2048,64,128,32,70.016
2048,64,128,64,70.4533
2048,64,128,128,75.5843
2048,64,128,256,80.7367
2048,64,128,512,90.5077
2048,64,128,1024,110.059
2048,64,128,2048,145.526
2048,64,128,4096,217.046
2048,64,128,8192,358.509
2048,64,128,16384,645.23
2048,128,0,0,58.987
2048,128,1,16,58.6027
2048,128,1,32,58.901
2048,128,1,64,59.0933
2048,128,1,128,58.7097
2048,128,1,256,60.0537
2048,128,1,512,63.5307
2048,128,1,1024,71.0617
2048,128,1,2048,85.6537
2048,128,1,4096,112.63
2048,128,1,8192,166.412
2048,128,1,16384,273.954
2048,128,2,16,59.531
2048,128,2,32,58.5493
2048,128,2,64,58.944
2048,128,2,128,58.8273
2048,128,2,256,59.6593
2048,128,2,512,63.968
2048,128,2,1024,70.8907
2048,128,2,2048,85.7603
2048,128,2,4096,112.172
2048,128,2,8192,166.518
2048,128,2,16384,274.423
2048,128,4,16,58.869
2048,128,4,32,58.8267
2048,128,4,64,58.5173
2048,128,4,128,58.5817
2048,128,4,256,60.0747
2048,128,4,512,63.552
2048,128,4,1024,71.4777
2048,128,4,2048,86.4007
2048,128,4,4096,113.504
2048,128,4,8192,166.763
2048,128,4,16384,274.455
2048,128,8,16,62.8587
2048,128,8,32,62.3573
2048,128,8,64,62.5393
2048,128,8,128,64.885
2048,128,8,256,66.1753
2048,128,8,512,70.1863
2048,128,8,1024,78.0593
2048,128,8,2048,92.7577
2048,128,8,4096,119.99
2048,128,8,8192,172.545
2048,128,8,16384,279.692
2048,128,16,16,63.5527
2048,128,16,32,63.4563
2048,128,16,64,63.4773
2048,128,16,128,65.7393
2048,128,16,256,67.0933
2048,128,16,512,71.307
2048,128,16,1024,79.264
2048,128,16,2048,94.1977
2048,128,16,4096,120.95
2048,128,16,8192,174.966
2048,128,16,16384,282.54
2048,128,32,16,65.2907
2048,128,32,32,64.6293
2048,128,32,64,64.608
2048,128,32,128,67.4463
2048,128,32,256,68.331
2048,128,32,512,73.3337
2048,128,32,1024,81.8467
2048,128,32,2048,96.7367
2048,128,32,4096,123.404
2048,128,32,8192,177.142
2048,128,32,16384,284.727
2048,128,64,16,65.643
2048,128,64,32,65.707
2048,128,64,64,66.1657
2048,128,64,128,68.587
2048,128,64,256,72.384
2048,128,64,512,75.7443
2048,128,64,1024,87.9363
2048,128,64,2048,108.086
2048,128,64,4096,144.214
2048,128,64,8192,215.777
2048,128,64,16384,358.135
2048,128,128,16,72.1493
2048,128,128,32,71.8617
2048,128,128,64,72.395
2048,128,128,128,77.4507
2048,128,128,256,82.721
2048,128,128,512,92.641
2048,128,128,1024,112.363
2048,128,128,2048,148.182
2048,128,128,4096,218.508
2048,128,128,8192,359.629
2048,128,128,16384,647.246
2048,256,0,0,63.5097
2048,256,1,16,63.4667
2048,256,1,32,62.9763
2048,256,1,64,63.4567
2048,256,1,128,63.3177
2048,256,1,256,63.211
2048,256,1,512,66.2297
2048,256,1,1024,73.2587
2048,256,1,2048,88.2667
2048,256,1,4096,115.083
2048,256,1,8192,168.128
2048,256,1,16384,276.759
2048,256,2,16,63.2113
2048,256,2,32,63.232
2048,256,2,64,63.67
2048,256,2,128,63.0617
2048,256,2,256,63.36
2048,256,2,512,65.92
2048,256,2,1024,73.2797
2048,256,2,2048,88.2457
2048,256,2,4096,115.275
2048,256,2,8192,168.929
2048,256,2,16384,276.364
2048,256,4,16,62.9447
2048,256,4,32,63.403
2048,256,4,64,63.3283
2048,256,4,128,63.0827
2048,256,4,256,63.605
2048,256,4,512,66.1553
2048,256,4,1024,73.526
2048,256,4,2048,88.3097
2048,256,4,4096,115.904
2048,256,4,8192,168.79
2048,256,4,16384,277.004
2048,256,8,16,64.5337
2048,256,8,32,64.3527
2048,256,8,64,65.984
2048,256,8,128,69.0987
2048,256,8,256,70.9443
2048,256,8,512,74.2937
2048,256,8,1024,83.2963
2048,256,8,2048,97.1633
2048,256,8,4096,122.678
2048,256,8,8192,176.481
2048,256,8,16384,283.606
2048,256,16,16,68.7043
2048,256,16,32,67.8727
2048,256,16,64,68.15
2048,256,16,128,69.7927
2048,256,16,256,71.8293
2048,256,16,512,75.9897
2048,256,16,1024,83.4243
2048,256,16,2048,98.3577
2048,256,16,4096,124.854
2048,256,16,8192,178.081
2048,256,16,16384,285.239
2048,256,32,16,69.5147
2048,256,32,32,68.8853
2048,256,32,64,69.9313
2048,256,32,128,71.1367
2048,256,32,256,73.2807
2048,256,32,512,77.6533
2048,256,32,1024,85.3123
2048,256,32,2048,100.075
2048,256,32,4096,128.15
2048,256,32,8192,181.174
2048,256,32,16384,289.261
2048,256,64,16,69.8883
2048,256,64,32,69.8567
2048,256,64,64,69.9627
2048,256,64,128,72.8963
2048,256,64,256,75.179
2048,256,64,512,80.459
2048,256,64,1024,92.0857
2048,256,64,2048,111.585
2048,256,64,4096,148.235
2048,256,64,8192,219.873
2048,256,64,16384,364.098
2048,256,128,16,76.064
2048,256,128,32,76.149
2048,256,128,64,76.6833
2048,256,128,128,81.9207
2048,256,128,256,86.6567
2048,256,128,512,95.979
2048,256,128,1024,115.051
2048,256,128,2048,151.692
2048,256,128,4096,222.678
2048,256,128,8192,365.261
2048,256,128,16384,651.246
2048,512,0,0,72.395
2048,512,1,16,72.0107
2048,512,1,32,72.299
2048,512,1,64,72.2137
2048,512,1,128,72.4803
2048,512,1,256,71.9897
2048,512,1,512,72.2883
2048,512,1,1024,78.731
2048,512,1,2048,92.5127
2048,512,1,4096,118.902
2048,512,1,8192,172.748
2048,512,1,16384,280.513
2048,512,2,16,71.9577
2048,512,2,32,71.7233
2048,512,2,64,72.1703
2048,512,2,128,71.691
2048,512,2,256,72.022
2048,512,2,512,72.2887
2048,512,2,1024,78.6883
2048,512,2,2048,92.651
2048,512,2,4096,119.819
2048,512,2,8192,173.313
2048,512,2,16384,281.112
2048,512,4,16,72.0113
2048,512,4,32,72.2467
2048,512,4,64,72.1177
2048,512,4,128,72.139
2048,512,4,256,72.2137
2048,512,4,512,72.3207
2048,512,4,1024,78.9763
2048,512,4,2048,93.2913
2048,512,4,4096,119.873
2048,512,4,8192,173.878
2048,512,4,16384,281.238
2048,512,8,16,72.5763
2048,512,8,32,71.6807
2048,512,8,64,72.5767
2048,512,8,128,72.843
2048,512,8,256,76.971
2048,512,8,512,82.9763
2048,512,8,1024,89.3347
2048,512,8,2048,103.232
2048,512,8,4096,129.963
2048,512,8,8192,183.596
2048,512,8,16384,290.519
2048,512,16,16,75.3287
2048,512,16,32,75.3607
2048,512,16,64,75.5317
2048,512,16,128,77.8463
2048,512,16,256,79.4987
2048,512,16,512,82.912
2048,512,16,1024,90.443
2048,512,16,2048,104.107
2048,512,16,4096,131.073
2048,512,16,8192,184.396
2048,512,16,16384,291.383
2048,512,32,16,76.939
2048,512,32,32,76.4167
2048,512,32,64,76.6083
2048,512,32,128,78.9227
2048,512,32,256,80.395
2048,512,32,512,84.5547
2048,512,32,1024,91.926
2048,512,32,2048,108.203
2048,512,32,4096,134.689
2048,512,32,8192,187.777
2048,512,32,16384,295.202
2048,512,64,16,78.4533
2048,512,64,32,78.8593
2048,512,64,64,78.9013
2048,512,64,128,81.2487
2048,512,64,256,83.5203
2048,512,64,512,88.5977
2048,512,64,1024,100.075
2048,512,64,2048,119.435
2048,512,64,4096,157.43
2048,512,64,8192,231.244
2048,512,64,16384,374.359
2048,512,128,16,85.5893
2048,512,128,32,84.7363
2048,512,128,64,85.5363
2048,512,128,128,89.3337
2048,512,128,256,94.091
2048,512,128,512,105.398
2048,512,128,1024,123.84
2048,512,128,2048,159.361
2048,512,128,4096,230.913
2048,512,128,8192,373.73
2048,512,128,16384,660.121
2048,1024,0,0,89.494
2048,1024,1,16,89.494
2048,1024,1,32,89.1737
2048,1024,1,64,89.8563
2048,1024,1,128,89.3553
2048,1024,1,256,89.0463
2048,1024,1,512,89.2163
2048,1024,1,1024,89.5897
2048,1024,1,2048,102.294
2048,1024,1,4096,129.1
2048,1024,1,8192,182.603
2048,1024,1,16384,289.825
2048,1024,2,16,89.2597
2048,1024,2,32,88.8323
2048,1024,2,64,88.6507
2048,1024,2,128,89.131
2048,1024,2,256,88.8963
2048,1024,2,512,89.8133
2048,1024,2,1024,88.7363
2048,1024,2,2048,101.867
2048,1024,2,4096,128.662
2048,1024,2,8192,182.571
2048,1024,2,16384,291.223
2048,1024,4,16,89.0357
2048,1024,4,32,88.9713
2048,1024,4,64,89.355
2048,1024,4,128,89.174
2048,1024,4,256,88.8007
2048,1024,4,512,89.024
2048,1024,4,1024,89.216
2048,1024,4,2048,102.017
2048,1024,4,4096,128.769
2048,1024,4,8192,182.294
2048,1024,4,16384,290.134
2048,1024,8,16,88.9177
2048,1024,8,32,89.1313
2048,1024,8,64,88.9497
2048,1024,8,128,89.0347
2048,1024,8,256,89.206
2048,1024,8,512,93.259
2048,1024,8,1024,105.1
2048,1024,8,2048,118.188
2048,1024,8,4096,144.886
2048,1024,8,8192,198.551
2048,1024,8,16384,305.666
2048,1024,16,16,89.942
2048,1024,16,32,89.9527
2048,1024,16,64,90.283
2048,1024,16,128,92.918
2048,1024,16,256,95.734
2048,1024,16,512,98.763
2048,1024,16,1024,105.035
2048,1024,16,2048,118.72
2048,1024,16,4096,145.803
2048,1024,16,8192,198.54
2048,1024,16,16384,306.241
2048,1024,32,16,93.0457
2048,1024,32,32,92.8003
2048,1024,32,64,92.8227
2048,1024,32,128,94.571
2048,1024,32,256,96.0963
2048,1024,32,512,99.5733
2048,1024,32,1024,107.339
2048,1024,32,2048,122.273
2048,1024,32,4096,149.676
2048,1024,32,8192,203.606
2048,1024,32,16384,310.679
2048,1024,64,16,94.3363
2048,1024,64,32,94.7203
2048,1024,64,64,94.912
2048,1024,64,128,97.451
2048,1024,64,256,99.0727
2048,1024,64,512,103.979
2048,1024,64,1024,115.852
2048,1024,64,2048,136.939
2048,1024,64,4096,172.993
2048,1024,64,8192,244.417
2048,1024,64,16384,387.063
2048,1024,128,16,99.8083
2048,1024,128,32,99.5847
2048,1024,128,64,100.342
2048,1024,128,128,104.096
2048,1024,128,256,109.057
2048,1024,128,512,120.31
2048,1024,128,1024,139.969
2048,1024,128,2048,177.004
2048,1024,128,4096,248.759
2048,1024,128,8192,390.423
2048,1024,128,16384,676.078
2048,2048,0,0,118.006
2048,2048,1,16,117.91
2048,2048,1,32,117.835
2048,2048,1,64,117.782
2048,2048,1,128,118.337
2048,2048,1,256,118.379
2048,2048,1,512,118.006
2048,2048,1,1024,117.74
2048,2048,1,2048,117.835
2048,2048,1,4096,144.192
2048,2048,1,8192,197.43
2048,2048,1,16384,306.178
2048,2048,2,16,118.251
2048,2048,2,32,118.283
2048,2048,2,64,117.91
2048,2048,2,128,118.048
2048,2048,2,256,118.22
2048,2048,2,512,117.868
2048,2048,2,1024,118.155
2048,2048,2,2048,118.016
2048,2048,2,4096,144.491
2048,2048,2,8192,198.252
2048,2048,2,16384,306.562
2048,2048,4,16,119.189
2048,2048,4,32,118.411
2048,2048,4,64,118.348
2048,2048,4,128,118.059
2048,2048,4,256,118.027
2048,2048,4,512,118.017
2048,2048,4,1024,118.187
2048,2048,4,2048,118.272
2048,2048,4,4096,145.056
2048,2048,4,8192,198.871
2048,2048,4,16384,306.679
2048,2048,8,16,117.686
2048,2048,8,32,118.038
2048,2048,8,64,117.771
2048,2048,8,128,118.017
2048,2048,8,256,117.909
2048,2048,8,512,117.814
2048,2048,8,1024,122.71
2048,2048,8,2048,147.606
2048,2048,8,4096,173.622
2048,2048,8,8192,227.404
2048,2048,8,16384,334.465
2048,2048,16,16,117.483
2048,2048,16,32,118.497
2048,2048,16,64,117.995
2048,2048,16,128,117.974
2048,2048,16,256,119.862
2048,2048,16,512,126.891
2048,2048,16,1024,133.867
2048,2048,16,2048,147.958
2048,2048,16,4096,174.444
2048,2048,16,8192,228.151
2048,2048,16,16384,335.362
2048,2048,32,16,120.609
2048,2048,32,32,120.534
2048,2048,32,64,121.249
2048,2048,32,128,122.763
2048,2048,32,256,124.748
2048,2048,32,512,128.032
2048,2048,32,1024,135.819
2048,2048,32,2048,150.208
2048,2048,32,4096,178.326
2048,2048,32,8192,231.852
2048,2048,32,16384,339.35
2048,2048,64,16,122.902
2048,2048,64,32,122.859
2048,2048,64,64,123.478
2048,2048,64,128,125.804
2048,2048,64,256,127.372
2048,2048,64,512,132.896
2048,2048,64,1024,143.851
2048,2048,64,2048,164.694
2048,2048,64,4096,201.174
2048,2048,64,8192,272.033
2048,2048,64,16384,416.909
2048,2048,128,16,127.883
2048,2048,128,32,128.15
2048,2048,128,64,128.598
2048,2048,128,128,132.128
2048,2048,128,256,137.846
2048,2048,128,512,148.854
2048,2048,128,1024,168.502
2048,2048,128,2048,204.129
2048,2048,128,4096,274.764
2048,2048,128,8192,417.72
2048,2048,128,16384,704.271
2048,4096,0,0,172.63
2048,4096,1,16,172.598
2048,4096,1,32,172.748
2048,4096,1,64,172.566
2048,4096,1,128,172.3
2048,4096,1,256,172.15
2048,4096,1,512,173.036
2048,4096,1,1024,172.662
2048,4096,1,2048,172.886
2048,4096,1,4096,173.271
2048,4096,1,8192,226.668
2048,4096,1,16384,333.933
2048,4096,2,16,172.705
2048,4096,2,32,173.036
2048,4096,2,64,172.929
2048,4096,2,128,172.641
2048,4096,2,256,172.716
2048,4096,2,512,172.822
2048,4096,2,1024,172.46
2048,4096,2,2048,173.558
2048,4096,2,4096,173.441
2048,4096,2,8192,226.561
2048,4096,2,16384,336.119
2048,4096,4,16,172.693
2048,4096,4,32,172.876
2048,4096,4,64,172.076
2048,4096,4,128,173.324
2048,4096,4,256,173.11
2048,4096,4,512,172.758
2048,4096,4,1024,172.918
2048,4096,4,2048,173.366
2048,4096,4,4096,175.094
2048,4096,4,8192,227.756
2048,4096,4,16384,336.343
2048,4096,8,16,172.47
2048,4096,8,32,172.748
2048,4096,8,64,173.313
2048,4096,8,128,173.547
2048,4096,8,256,172.832
2048,4096,8,512,172.833
2048,4096,8,1024,173.889
2048,4096,8,2048,178.731
2048,4096,8,4096,227.959
2048,4096,8,8192,281.687
2048,4096,8,16384,388.343
2048,4096,16,16,171.841
2048,4096,16,32,172.769
2048,4096,16,64,172.822
2048,4096,16,128,172.929
2048,4096,16,256,172.94
2048,4096,16,512,173.665
2048,4096,16,1024,187.435
2048,4096,16,2048,202.071
2048,4096,16,4096,228.972
2048,4096,16,8192,282.54
2048,4096,16,16384,389.954
2048,4096,32,16,172.737
2048,4096,32,32,173.75
2048,4096,32,64,172.747
2048,4096,32,128,173.622
2048,4096,32,256,177.612
2048,4096,32,512,182.603
2048,4096,32,1024,189.761
2048,4096,32,2048,204.374
2048,4096,32,4096,233.089
2048,4096,32,8192,287.234
2048,4096,32,16384,393.528
2048,4096,64,16,176.214
2048,4096,64,32,176.459
2048,4096,64,64,177.131
2048,4096,64,128,178.465
2048,4096,64,256,182.401
2048,4096,64,512,186.881
2048,4096,64,1024,197.975
2048,4096,64,2048,216.779
2048,4096,64,4096,252.183
2048,4096,64,8192,322.508
2048,4096,64,16384,467.16
2048,4096,128,16,181.441
2048,4096,128,32,181.313
2048,4096,128,64,181.27
2048,4096,128,128,185.665
2048,4096,128,256,191.553
2048,4096,128,512,201.697
2048,4096,128,1024,220.737
2048,4096,128,2048,256.588
2048,4096,128,4096,326.733
2048,4096,128,8192,467.565
2048,4096,128,16384,752.174
2048,8192,0,0,282.465
2048,8192,1,16,282.551
2048,8192,1,32,282.636
2048,8192,1,64,281.836
2048,8192,1,128,282.775
2048,8192,1,256,282.455
2048,8192,1,512,282.657
2048,8192,1,1024,282.06
2048,8192,1,2048,282.337
2048,8192,1,4096,282.636
2048,8192,1,8192,284.854
2048,8192,1,16384,391.48
2048,8192,2,16,281.772
2048,8192,2,32,282.775
2048,8192,2,64,281.527
2048,8192,2,128,282.22
2048,8192,2,256,283.01
2048,8192,2,512,282.519
2048,8192,2,1024,281.698
2048,8192,2,2048,282.05
2048,8192,2,4096,282.285
2048,8192,2,8192,286.637
2048,8192,2,16384,392.482
2048,8192,4,16,282.082
2048,8192,4,32,282.732
2048,8192,4,64,282.369
2048,8192,4,128,282.423
2048,8192,4,256,282.69
2048,8192,4,512,282.412
2048,8192,4,1024,282.518
2048,8192,4,2048,282.7
2048,8192,4,4096,283.383
2048,8192,4,8192,288.119
2048,8192,4,16384,394.156
2048,8192,8,16,282.743
2048,8192,8,32,282.412
2048,8192,8,64,282.081
2048,8192,8,128,282.924
2048,8192,8,256,281.634
2048,8192,8,512,282.167
2048,8192,8,1024,282.348
2048,8192,8,2048,282.988
2048,8192,8,4096,291.266
2048,8192,8,8192,390.882
2048,8192,8,16384,498.52
2048,8192,16,16,282.38
2048,8192,16,32,281.505
2048,8192,16,64,282.592
2048,8192,16,128,282.06
2048,8192,16,256,281.826
2048,8192,16,512,282.561
2048,8192,16,1024,284.758
2048,8192,16,2048,302.433
2048,8192,16,4096,338.467
2048,8192,16,8192,392.471
2048,8192,16,16384,500.013
2048,8192,32,16,282.028
2048,8192,32,32,282.583
2048,8192,32,64,282.732
2048,8192,32,128,282.231
2048,8192,32,256,283.351
2048,8192,32,512,284.438
2048,8192,32,1024,298.092
2048,8192,32,2048,313.42
2048,8192,32,4096,343.17
2048,8192,32,8192,396.663
2048,8192,32,16384,504.792
2048,8192,64,16,282.625
2048,8192,64,32,282.903
2048,8192,64,64,283.02
2048,8192,64,128,283.713
2048,8192,64,256,287.671
2048,8192,64,512,294.007
2048,8192,64,1024,304.14
2048,8192,64,2048,320.962
2048,8192,64,4096,355.042
2048,8192,64,8192,426.658
2048,8192,64,16384,570.883
2048,8192,128,16,287.607
2048,8192,128,32,287.414
2048,8192,128,64,288.013
2048,8192,128,128,290.434
2048,8192,128,256,298.38
2048,8192,128,512,307.063
2048,8192,128,1024,327.266
2048,8192,128,2048,361.026
2048,8192,128,4096,428.162
2048,8192,128,8192,570.957
2048,8192,128,16384,856.804
2048,16384,0,0,494.904
2048,16384,1,16,495.341
2048,16384,1,32,495.341
2048,16384,1,64,495.533
2048,16384,1,128,495.405
2048,16384,1,256,495.597
2048,16384,1,512,495.885
2048,16384,1,1024,494.84
2048,16384,1,2048,496.344
2048,16384,1,4096,494.136
2048,16384,1,8192,495.149
2048,16384,1,16384,499.032
2048,16384,2,16,496.162
2048,16384,2,32,494.734
2048,16384,2,64,494.787
2048,16384,2,128,494.573
2048,16384,2,256,495.48
2048,16384,2,512,495.608
2048,16384,2,1024,495.523
2048,16384,2,2048,494.093
2048,16384,2,4096,494.861
2048,16384,2,8192,494.882
2048,16384,2,16384,501.197
2048,16384,4,16,495.021
2048,16384,4,32,495.128
2048,16384,4,64,494.392
2048,16384,4,128,494.723
2048,16384,4,256,494.424
2048,16384,4,512,494.051
2048,16384,4,1024,494.499
2048,16384,4,2048,494.616
2048,16384,4,4096,493.409
2048,16384,4,8192,495.608
2048,16384,4,16384,502.519
2048,16384,8,16,494.861
2048,16384,8,32,494.562
2048,16384,8,64,494.691
2048,16384,8,128,495.139
2048,16384,8,256,495.661
2048,16384,8,512,493.944
2048,16384,8,1024,494.455
2048,16384,8,2048,494.413
2048,16384,8,4096,495.128
2048,16384,8,8192,507.459
2048,16384,8,16384,705.401
2048,16384,16,16,495.171
2048,16384,16,32,496.643
2048,16384,16,64,495.448
2048,16384,16,128,494.744
2048,16384,16,256,495.672
2048,16384,16,512,494.553
2048,16384,16,1024,493.945
2048,16384,16,2048,494.808
2048,16384,16,4096,516.226
2048,16384,16,8192,600.974
2048,16384,16,16384,711.598
2048,16384,32,16,495.607
2048,16384,32,32,496.365
2048,16384,32,64,494.989
2048,16384,32,128,494.403
2048,16384,32,256,494.563
2048,16384,32,512,495.906
2048,16384,32,1024,495.852
2048,16384,32,2048,517.293
2048,16384,32,4096,550.062
2048,16384,32,8192,605.582
2048,16384,32,16384,714.52
2048,16384,64,16,495.117
2048,16384,64,32,497.187
2048,16384,64,64,495.661
2048,16384,64,128,497.016
2048,16384,64,256,495.32
2048,16384,64,512,497.549
2048,16384,64,1024,509.357
2048,16384,64,2048,529.026
2048,16384,64,4096,561.218
2048,16384,64,8192,628.856
2048,16384,64,16384,774.275
2048,16384,128,16,496.142
2048,16384,128,32,495.682
2048,16384,128,64,495.683
2048,16384,128,128,497.602
2048,16384,128,256,501.987
2048,16384,128,512,509.144
2048,16384,128,1024,531.874
2048,16384,128,2048,568.248
2048,16384,128,4096,635.534
2048,16384,128,8192,772.665
2048,16384,128,16384,1055.93
