prefill_chunk,kv_prefill,n_decode,kv_decode,time_us
0,0,1,16,5.0015
0,0,1,32,5.0026
0,0,1,64,5.0046
0,0,1,128,5.0087
0,0,1,256,5.0169
0,0,1,512,5.0333
0,0,1,768,5.0497
0,0,1,1024,5.0660
0,0,1,1152,5.0742
0,0,1,1728,5.1111
0,0,1,2048,5.1316
0,0,1,2592,5.1664
0,0,1,3888,5.2493
0,0,1,4096,5.2627
0,0,1,5832,5.3738
0,0,1,8192,5.5248
0,0,1,8748,5.5604
0,0,1,13122,5.8403
0,0,1,16384,6.0491
0,0,2,16,5.0031
0,0,2,32,5.0051
0,0,2,64,5.0092
0,0,2,128,5.0174
0,0,2,256,5.0338
0,0,2,512,5.0666
0,0,2,768,5.0993
0,0,2,1024,5.1321
0,0,2,1152,5.1485
0,0,2,1728,5.2222
0,0,2,2048,5.2632
0,0,2,2592,5.3328
0,0,2,3888,5.4987
0,0,2,4096,5.5253
0,0,2,5832,5.7475
0,0,2,8192,6.0496
0,0,2,8748,6.1208
0,0,2,13122,6.6806
0,0,2,16384,7.0982
0,0,4,16,5.0061
0,0,4,32,5.0102
0,0,4,64,5.0184
0,0,4,128,5.0348
0,0,4,256,5.0676
0,0,4,512,5.1331
0,0,4,768,5.1987
0,0,4,1024,5.2642
0,0,4,1152,5.2970
0,0,4,1728,5.4444
0,0,4,2048,5.5263
0,0,4,2592,5.6656
0,0,4,3888,5.9974
0,0,4,4096,6.0506
0,0,4,5832,6.4950
0,0,4,8192,7.0992
0,0,4,8748,7.2415
0,0,4,13122,8.3613
0,0,4,16384,9.1964
0,0,8,16,5.0123
0,0,8,32,5.0205
0,0,8,64,5.0369
0,0,8,128,5.0696
0,0,8,256,5.1352
0,0,8,512,5.2662
0,0,8,768,5.3973
0,0,8,1024,5.5284
0,0,8,1152,5.5939
0,0,8,1728,5.8888
0,0,8,2048,6.0527
0,0,8,2592,6.3312
0,0,8,3888,6.9948
0,0,8,4096,7.1012
0,0,8,5832,7.9901
0,0,8,8192,9.1984
0,0,8,8748,9.4831
0,0,8,13122,11.7226
0,0,8,16384,13.3927
0,0,16,16,5.0246
0,0,16,32,5.0410
0,0,16,64,5.0737
0,0,16,128,5.1393
0,0,16,256,5.2703
0,0,16,512,5.5325
0,0,16,768,5.7946
0,0,16,1024,6.0568
0,0,16,1152,6.1878
0,0,16,1728,6.7777
0,0,16,2048,7.1053
0,0,16,2592,7.6624
0,0,16,3888,8.9895
0,0,16,4096,9.2025
0,0,16,5832,10.9802
0,0,16,8192,13.3968
0,0,16,8748,13.9661
0,0,16,13122,18.4451
0,0,16,16384,21.7854
0,0,32,16,5.0492
0,0,32,32,5.0819
0,0,32,64,5.1475
0,0,32,128,5.2785
0,0,32,256,5.5407
0,0,32,512,6.0650
0,0,32,768,6.5892
0,0,32,1024,7.1135
0,0,32,1152,7.3757
0,0,32,1728,8.5553
0,0,32,2048,9.2107
0,0,32,2592,10.3248
0,0,32,3888,12.9790
0,0,32,4096,13.4050
0,0,32,5832,16.9603
0,0,32,8192,21.7936
0,0,32,8748,22.9323
0,0,32,13122,31.8902
0,0,32,16384,38.5708
0,0,64,16,5.0983
0,0,64,32,5.1638
0,0,64,64,5.2949
0,0,64,128,5.5571
0,0,64,256,6.0813
0,0,64,512,7.1299
0,0,64,768,8.1785
0,0,64,1024,9.2271
0,0,64,1152,9.7514
0,0,64,1728,12.1107
0,0,64,2048,13.4214
0,0,64,2592,15.6496
0,0,64,3888,20.9580
0,0,64,4096,21.8100
0,0,64,5832,28.9206
0,0,64,8192,38.5872
0,0,64,8748,40.8646
0,0,64,13122,58.7805
0,0,64,16384,72.1416
0,0,128,16,5.1966
0,0,128,32,5.3277
0,0,128,64,5.5898
0,0,128,128,6.1141
0,0,128,256,7.1627
0,0,128,512,9.2598
0,0,128,768,11.3570
0,0,128,1024,13.4541
0,0,128,1152,14.5027
0,0,128,1728,19.2213
0,0,128,2048,21.8428
0,0,128,2592,26.2992
0,0,128,3888,36.9160
0,0,128,4096,38.6200
0,0,128,5832,52.8413
0,0,128,8192,72.1744
0,0,128,8748,76.7292
0,0,128,13122,112.5610
0,0,128,16384,139.2833
0,0,256,16,5.3932
0,0,256,32,5.6554
0,0,256,64,6.1796
0,0,256,128,7.2282
0,0,256,256,9.3254
0,0,256,512,13.5197
0,0,256,768,17.7140
0,0,256,1024,21.9083
0,0,256,1152,24.0054
0,0,256,1728,33.4426
0,0,256,2048,38.6855
0,0,256,2592,47.5984
0,0,256,3888,68.8321
0,0,256,4096,72.2399
0,0,256,5832,100.6826
0,0,256,8192,139.3488
0,0,256,8748,148.4583
0,0,256,13122,220.1219
0,0,256,16384,273.5665
16,0,0,0,5.0092
16,0,1,16,5.0108
16,0,1,32,5.0118
16,0,1,64,5.0138
16,0,1,128,5.0179
16,0,1,256,5.0261
16,0,1,512,5.0425
16,0,1,768,5.0589
16,0,1,1024,5.0753
16,0,1,1152,5.0835
16,0,1,1728,5.1203
16,0,1,2048,5.1408
16,0,1,2592,5.1756
16,0,1,3888,5.2586
16,0,1,4096,5.2719
16,0,1,5832,5.3830
16,0,1,8192,5.5340
16,0,1,8748,5.5696
16,0,1,13122,5.8495
16,0,1,16384,6.0583
16,0,2,16,5.0123
16,0,2,32,5.0143
16,0,2,64,5.0184
16,0,2,128,5.0266
16,0,2,256,5.0430
16,0,2,512,5.0758
16,0,2,768,5.1085
16,0,2,1024,5.1413
16,0,2,1152,5.1577
16,0,2,1728,5.2314
16,0,2,2048,5.2724
16,0,2,2592,5.3420
16,0,2,3888,5.5079
16,0,2,4096,5.5345
16,0,2,5832,5.7567
16,0,2,8192,6.0588
16,0,2,8748,6.1300
16,0,2,13122,6.6899
16,0,2,16384,7.1074
16,0,4,16,5.0154
16,0,4,32,5.0195
16,0,4,64,5.0276
16,0,4,128,5.0440
16,0,4,256,5.0768
16,0,4,512,5.1423
16,0,4,768,5.2079
16,0,4,1024,5.2734
16,0,4,1152,5.3062
16,0,4,1728,5.4536
16,0,4,2048,5.5356
16,0,4,2592,5.6748
16,0,4,3888,6.0066
16,0,4,4096,6.0598
16,0,4,5832,6.5043
16,0,4,8192,7.1084
16,0,4,8748,7.2508
16,0,4,13122,8.3705
16,0,4,16384,9.2056
16,0,8,16,5.0215
16,0,8,32,5.0297
16,0,8,64,5.0461
16,0,8,128,5.0788
16,0,8,256,5.1444
16,0,8,512,5.2755
16,0,8,768,5.4065
16,0,8,1024,5.5376
16,0,8,1152,5.6031
16,0,8,1728,5.8980
16,0,8,2048,6.0619
16,0,8,2592,6.3404
16,0,8,3888,7.0040
16,0,8,4096,7.1105
16,0,8,5832,7.9993
16,0,8,8192,9.2076
16,0,8,8748,9.4923
16,0,8,13122,11.7318
16,0,8,16384,13.4019
16,0,16,16,5.0338
16,0,16,32,5.0502
16,0,16,64,5.0829
16,0,16,128,5.1485
16,0,16,256,5.2796
16,0,16,512,5.5417
16,0,16,768,5.8038
16,0,16,1024,6.0660
16,0,16,1152,6.1971
16,0,16,1728,6.7869
16,0,16,2048,7.1146
16,0,16,2592,7.6716
16,0,16,3888,8.9987
16,0,16,4096,9.2117
16,0,16,5832,10.9894
16,0,16,8192,13.4060
16,0,16,8748,13.9754
16,0,16,13122,18.4543
16,0,16,16384,21.7946
16,0,32,16,5.0584
16,0,32,32,5.0911
16,0,32,64,5.1567
16,0,32,128,5.2877
16,0,32,256,5.5499
16,0,32,512,6.0742
16,0,32,768,6.5985
16,0,32,1024,7.1228
16,0,32,1152,7.3849
16,0,32,1728,8.5645
16,0,32,2048,9.2199
16,0,32,2592,10.3340
16,0,32,3888,12.9882
16,0,32,4096,13.4142
16,0,32,5832,16.9695
16,0,32,8192,21.8028
16,0,32,8748,22.9415
16,0,32,13122,31.8995
16,0,32,16384,38.5800
16,0,64,16,5.1075
16,0,64,32,5.1731
16,0,64,64,5.3041
16,0,64,128,5.5663
16,0,64,256,6.0906
16,0,64,512,7.1391
16,0,64,768,8.1877
16,0,64,1024,9.2363
16,0,64,1152,9.7606
16,0,64,1728,12.1199
16,0,64,2048,13.4306
16,0,64,2592,15.6588
16,0,64,3888,20.9672
16,0,64,4096,21.8192
16,0,64,5832,28.9299
16,0,64,8192,38.5964
16,0,64,8748,40.8738
16,0,64,13122,58.7897
16,0,64,16384,72.1508
16,0,128,16,5.2058
16,0,128,32,5.3369
16,0,128,64,5.5990
16,0,128,128,6.1233
16,0,128,256,7.1719
16,0,128,512,9.2691
16,0,128,768,11.3662
16,0,128,1024,13.4634
16,0,128,1152,14.5119
16,0,128,1728,19.2305
16,0,128,2048,21.8520
16,0,128,2592,26.3084
16,0,128,3888,36.9252
16,0,128,4096,38.6292
16,0,128,5832,52.8505
16,0,128,8192,72.1836
16,0,128,8748,76.7384
16,0,128,13122,112.5702
16,0,128,16384,139.2925
16,16,0,0,5.0102
16,16,1,16,5.0118
16,16,1,32,5.0128
16,16,1,64,5.0148
16,16,1,128,5.0189
16,16,1,256,5.0271
16,16,1,512,5.0435
16,16,1,1024,5.0763
16,16,1,2048,5.1418
16,16,1,4096,5.2729
16,16,1,8192,5.5350
16,16,1,16384,6.0593
16,16,2,16,5.0133
16,16,2,32,5.0154
16,16,2,64,5.0195
16,16,2,128,5.0276
16,16,2,256,5.0440
16,16,2,512,5.0768
16,16,2,1024,5.1423
16,16,2,2048,5.2734
16,16,2,4096,5.5356
16,16,2,8192,6.0598
16,16,2,16384,7.1084
16,16,4,16,5.0164
16,16,4,32,5.0205
16,16,4,64,5.0287
16,16,4,128,5.0451
16,16,4,256,5.0778
16,16,4,512,5.1434
16,16,4,1024,5.2744
16,16,4,2048,5.5366
16,16,4,4096,6.0609
16,16,4,8192,7.1094
16,16,4,16384,9.2066
16,16,8,16,5.0225
16,16,8,32,5.0307
16,16,8,64,5.0471
16,16,8,128,5.0799
16,16,8,256,5.1454
16,16,8,512,5.2765
16,16,8,1024,5.5386
16,16,8,2048,6.0629
16,16,8,4096,7.1115
16,16,8,8192,9.2086
16,16,8,16384,13.4029
16,16,16,16,5.0348
16,16,16,32,5.0512
16,16,16,64,5.0840
16,16,16,128,5.1495
16,16,16,256,5.2806
16,16,16,512,5.5427
16,16,16,1024,6.0670
16,16,16,2048,7.1156
16,16,16,4096,9.2127
16,16,16,8192,13.4070
16,16,16,16384,21.7956
16,16,32,16,5.0594
16,16,32,32,5.0922
16,16,32,64,5.1577
16,16,32,128,5.2888
16,16,32,256,5.5509
16,16,32,512,6.0752
16,16,32,1024,7.1238
16,16,32,2048,9.2209
16,16,32,4096,13.4152
16,16,32,8192,21.8038
16,16,32,16384,38.5811
16,16,64,16,5.1085
16,16,64,32,5.1741
16,16,64,64,5.3052
16,16,64,128,5.5673
16,16,64,256,6.0916
16,16,64,512,7.1402
16,16,64,1024,9.2373
16,16,64,2048,13.4316
16,16,64,4096,21.8202
16,16,64,8192,38.5974
16,16,64,16384,72.1519
16,16,128,16,5.2068
16,16,128,32,5.3379
16,16,128,64,5.6001
16,16,128,128,6.1244
16,16,128,256,7.1729
16,16,128,512,9.2701
16,16,128,1024,13.4644
16,16,128,2048,21.8530
16,16,128,4096,38.6302
16,16,128,8192,72.1846
16,16,128,16384,139.2935
16,32,0,0,5.0113
16,32,1,16,5.0128
16,32,1,32,5.0138
16,32,1,64,5.0159
16,32,1,128,5.0200
16,32,1,256,5.0282
16,32,1,512,5.0445
16,32,1,1024,5.0773
16,32,1,2048,5.1428
16,32,1,4096,5.2739
16,32,1,8192,5.5361
16,32,1,16384,6.0604
16,32,2,16,5.0143
16,32,2,32,5.0164
16,32,2,64,5.0205
16,32,2,128,5.0287
16,32,2,256,5.0451
16,32,2,512,5.0778
16,32,2,1024,5.1434
16,32,2,2048,5.2744
16,32,2,4096,5.5366
16,32,2,8192,6.0609
16,32,2,16384,7.1094
16,32,4,16,5.0174
16,32,4,32,5.0215
16,32,4,64,5.0297
16,32,4,128,5.0461
16,32,4,256,5.0788
16,32,4,512,5.1444
16,32,4,1024,5.2755
16,32,4,2048,5.5376
16,32,4,4096,6.0619
16,32,4,8192,7.1105
16,32,4,16384,9.2076
16,32,8,16,5.0236
16,32,8,32,5.0317
16,32,8,64,5.0481
16,32,8,128,5.0809
16,32,8,256,5.1464
16,32,8,512,5.2775
16,32,8,1024,5.5396
16,32,8,2048,6.0639
16,32,8,4096,7.1125
16,32,8,8192,9.2097
16,32,8,16384,13.4040
16,32,16,16,5.0358
16,32,16,32,5.0522
16,32,16,64,5.0850
16,32,16,128,5.1505
16,32,16,256,5.2816
16,32,16,512,5.5437
16,32,16,1024,6.0680
16,32,16,2048,7.1166
16,32,16,4096,9.2138
16,32,16,8192,13.4081
16,32,16,16384,21.7967
16,32,32,16,5.0604
16,32,32,32,5.0932
16,32,32,64,5.1587
16,32,32,128,5.2898
16,32,32,256,5.5519
16,32,32,512,6.0762
16,32,32,1024,7.1248
16,32,32,2048,9.2220
16,32,32,4096,13.4163
16,32,32,8192,21.8049
16,32,32,16384,38.5821
16,32,64,16,5.1096
16,32,64,32,5.1751
16,32,64,64,5.3062
16,32,64,128,5.5683
16,32,64,256,6.0926
16,32,64,512,7.1412
16,32,64,1024,9.2383
16,32,64,2048,13.4326
16,32,64,4096,21.8212
16,32,64,8192,38.5985
16,32,64,16384,72.1529
16,32,128,16,5.2079
16,32,128,32,5.3389
16,32,128,64,5.6011
16,32,128,128,6.1254
16,32,128,256,7.1740
16,32,128,512,9.2711
16,32,128,1024,13.4654
16,32,128,2048,21.8540
16,32,128,4096,38.6312
16,32,128,8192,72.1857
16,32,128,16384,139.2945
16,64,0,0,5.0133
16,64,1,16,5.0148
16,64,1,32,5.0159
16,64,1,64,5.0179
16,64,1,128,5.0220
16,64,1,256,5.0302
16,64,1,512,5.0466
16,64,1,1024,5.0794
16,64,1,2048,5.1449
16,64,1,4096,5.2760
16,64,1,8192,5.5381
16,64,1,16384,6.0624
16,64,2,16,5.0164
16,64,2,32,5.0184
16,64,2,64,5.0225
16,64,2,128,5.0307
16,64,2,256,5.0471
16,64,2,512,5.0799
16,64,2,1024,5.1454
16,64,2,2048,5.2765
16,64,2,4096,5.5386
16,64,2,8192,6.0629
16,64,2,16384,7.1115
16,64,4,16,5.0195
16,64,4,32,5.0236
16,64,4,64,5.0317
16,64,4,128,5.0481
16,64,4,256,5.0809
16,64,4,512,5.1464
16,64,4,1024,5.2775
16,64,4,2048,5.5396
16,64,4,4096,6.0639
16,64,4,8192,7.1125
16,64,4,16384,9.2097
16,64,8,16,5.0256
16,64,8,32,5.0338
16,64,8,64,5.0502
16,64,8,128,5.0829
16,64,8,256,5.1485
16,64,8,512,5.2796
16,64,8,1024,5.5417
16,64,8,2048,6.0660
16,64,8,4096,7.1146
16,64,8,8192,9.2117
16,64,8,16384,13.4060
16,64,16,16,5.0379
16,64,16,32,5.0543
16,64,16,64,5.0870
16,64,16,128,5.1526
16,64,16,256,5.2836
16,64,16,512,5.5458
16,64,16,1024,6.0701
16,64,16,2048,7.1187
16,64,16,4096,9.2158
16,64,16,8192,13.4101
16,64,16,16384,21.7987
16,64,32,16,5.0625
16,64,32,32,5.0952
16,64,32,64,5.1608
16,64,32,128,5.2918
16,64,32,256,5.5540
16,64,32,512,6.0783
16,64,32,1024,7.1268
16,64,32,2048,9.2240
16,64,32,4096,13.4183
16,64,32,8192,21.8069
16,64,32,16384,38.5841
16,64,64,16,5.1116
16,64,64,32,5.1772
16,64,64,64,5.3082
16,64,64,128,5.5704
16,64,64,256,6.0947
16,64,64,512,7.1432
16,64,64,1024,9.2404
16,64,64,2048,13.4347
16,64,64,4096,21.8233
16,64,64,8192,38.6005
16,64,64,16384,72.1549
16,64,128,16,5.2099
16,64,128,32,5.3410
16,64,128,64,5.6031
16,64,128,128,6.1274
16,64,128,256,7.1760
16,64,128,512,9.2732
16,64,128,1024,13.4675
16,64,128,2048,21.8561
16,64,128,4096,38.6333
16,64,128,8192,72.1877
16,64,128,16384,139.2966
16,128,0,0,5.0174
16,128,1,16,5.0189
16,128,1,32,5.0200
16,128,1,64,5.0220
16,128,1,128,5.0261
16,128,1,256,5.0343
16,128,1,512,5.0507
16,128,1,1024,5.0835
16,128,1,2048,5.1490
16,128,1,4096,5.2801
16,128,1,8192,5.5422
16,128,1,16384,6.0665
16,128,2,16,5.0205
16,128,2,32,5.0225
16,128,2,64,5.0266
16,128,2,128,5.0348
16,128,2,256,5.0512
16,128,2,512,5.0840
16,128,2,1024,5.1495
16,128,2,2048,5.2806
16,128,2,4096,5.5427
16,128,2,8192,6.0670
16,128,2,16384,7.1156
16,128,4,16,5.0236
16,128,4,32,5.0276
16,128,4,64,5.0358
16,128,4,128,5.0522
16,128,4,256,5.0850
16,128,4,512,5.1505
16,128,4,1024,5.2816
16,128,4,2048,5.5437
16,128,4,4096,6.0680
16,128,4,8192,7.1166
16,128,4,16384,9.2138
16,128,8,16,5.0297
16,128,8,32,5.0379
16,128,8,64,5.0543
16,128,8,128,5.0870
16,128,8,256,5.1526
16,128,8,512,5.2836
16,128,8,1024,5.5458
16,128,8,2048,6.0701
16,128,8,4096,7.1187
16,128,8,8192,9.2158
16,128,8,16384,13.4101
16,128,16,16,5.0420
16,128,16,32,5.0584
16,128,16,64,5.0911
16,128,16,128,5.1567
16,128,16,256,5.2877
16,128,16,512,5.5499
16,128,16,1024,6.0742
16,128,16,2048,7.1228
16,128,16,4096,9.2199
16,128,16,8192,13.4142
16,128,16,16384,21.8028
16,128,32,16,5.0666
16,128,32,32,5.0993
16,128,32,64,5.1649
16,128,32,128,5.2959
16,128,32,256,5.5581
16,128,32,512,6.0824
16,128,32,1024,7.1309
16,128,32,2048,9.2281
16,128,32,4096,13.4224
16,128,32,8192,21.8110
16,128,32,16384,38.5882
16,128,64,16,5.1157
16,128,64,32,5.1812
16,128,64,64,5.3123
16,128,64,128,5.5745
16,128,64,256,6.0988
16,128,64,512,7.1473
16,128,64,1024,9.2445
16,128,64,2048,13.4388
16,128,64,4096,21.8274
16,128,64,8192,38.6046
16,128,64,16384,72.1590
16,128,128,16,5.2140
16,128,128,32,5.3451
16,128,128,64,5.6072
16,128,128,128,6.1315
16,128,128,256,7.1801
16,128,128,512,9.2772
16,128,128,1024,13.4716
16,128,128,2048,21.8602
16,128,128,4096,38.6374
16,128,128,8192,72.1918
16,128,128,16384,139.3007
16,256,0,0,5.0256
16,256,1,16,5.0271
16,256,1,32,5.0282
16,256,1,64,5.0302
16,256,1,128,5.0343
16,256,1,256,5.0425
16,256,1,512,5.0589
16,256,1,1024,5.0916
16,256,1,2048,5.1572
16,256,1,4096,5.2883
16,256,1,8192,5.5504
16,256,1,16384,6.0747
16,256,2,16,5.0287
16,256,2,32,5.0307
16,256,2,64,5.0348
16,256,2,128,5.0430
16,256,2,256,5.0594
16,256,2,512,5.0922
16,256,2,1024,5.1577
16,256,2,2048,5.2888
16,256,2,4096,5.5509
16,256,2,8192,6.0752
16,256,2,16384,7.1238
16,256,4,16,5.0317
16,256,4,32,5.0358
16,256,4,64,5.0440
16,256,4,128,5.0604
16,256,4,256,5.0932
16,256,4,512,5.1587
16,256,4,1024,5.2898
16,256,4,2048,5.5519
16,256,4,4096,6.0762
16,256,4,8192,7.1248
16,256,4,16384,9.2220
16,256,8,16,5.0379
16,256,8,32,5.0461
16,256,8,64,5.0625
16,256,8,128,5.0952
16,256,8,256,5.1608
16,256,8,512,5.2918
16,256,8,1024,5.5540
16,256,8,2048,6.0783
16,256,8,4096,7.1268
16,256,8,8192,9.2240
16,256,8,16384,13.4183
16,256,16,16,5.0502
16,256,16,32,5.0666
16,256,16,64,5.0993
16,256,16,128,5.1649
16,256,16,256,5.2959
16,256,16,512,5.5581
16,256,16,1024,6.0824
16,256,16,2048,7.1309
16,256,16,4096,9.2281
16,256,16,8192,13.4224
16,256,16,16384,21.8110
16,256,32,16,5.0748
16,256,32,32,5.1075
16,256,32,64,5.1731
16,256,32,128,5.3041
16,256,32,256,5.5663
16,256,32,512,6.0906
16,256,32,1024,7.1391
16,256,32,2048,9.2363
16,256,32,4096,13.4306
16,256,32,8192,21.8192
16,256,32,16384,38.5964
16,256,64,16,5.1239
16,256,64,32,5.1894
16,256,64,64,5.3205
16,256,64,128,5.5827
16,256,64,256,6.1069
16,256,64,512,7.1555
16,256,64,1024,9.2527
16,256,64,2048,13.4470
16,256,64,4096,21.8356
16,256,64,8192,38.6128
16,256,64,16384,72.1672
16,256,128,16,5.2222
16,256,128,32,5.3533
16,256,128,64,5.6154
16,256,128,128,6.1397
16,256,128,256,7.1883
16,256,128,512,9.2854
16,256,128,1024,13.4797
16,256,128,2048,21.8684
16,256,128,4096,38.6456
16,256,128,8192,72.2000
16,256,128,16384,139.3089
16,512,0,0,5.0420
16,512,1,16,5.0435
16,512,1,32,5.0445
16,512,1,64,5.0466
16,512,1,128,5.0507
16,512,1,256,5.0589
16,512,1,512,5.0753
16,512,1,768,5.0916
16,512,1,1024,5.1080
16,512,1,1152,5.1162
16,512,1,1728,5.1531
16,512,1,2048,5.1736
16,512,1,2592,5.2084
16,512,1,3888,5.2913
16,512,1,4096,5.3046
16,512,1,5832,5.4157
16,512,1,8192,5.5668
16,512,1,8748,5.6024
16,512,1,13122,5.8823
16,512,1,16384,6.0911
16,512,2,16,5.0451
16,512,2,32,5.0471
16,512,2,64,5.0512
16,512,2,128,5.0594
16,512,2,256,5.0758
16,512,2,512,5.1085
16,512,2,768,5.1413
16,512,2,1024,5.1741
16,512,2,1152,5.1905
16,512,2,1728,5.2642
16,512,2,2048,5.3052
16,512,2,2592,5.3748
16,512,2,3888,5.5407
16,512,2,4096,5.5673
16,512,2,5832,5.7895
16,512,2,8192,6.0916
16,512,2,8748,6.1628
16,512,2,13122,6.7226
16,512,2,16384,7.1402
16,512,4,16,5.0481
16,512,4,32,5.0522
16,512,4,64,5.0604
16,512,4,128,5.0768
16,512,4,256,5.1096
16,512,4,512,5.1751
16,512,4,768,5.2406
16,512,4,1024,5.3062
16,512,4,1152,5.3389
16,512,4,1728,5.4864
16,512,4,2048,5.5683
16,512,4,2592,5.7076
16,512,4,3888,6.0394
16,512,4,4096,6.0926
16,512,4,5832,6.5370
16,512,4,8192,7.1412
16,512,4,8748,7.2835
16,512,4,13122,8.4033
16,512,4,16384,9.2383
16,512,8,16,5.0543
16,512,8,32,5.0625
16,512,8,64,5.0788
16,512,8,128,5.1116
16,512,8,256,5.1772
16,512,8,512,5.3082
16,512,8,768,5.4393
16,512,8,1024,5.5704
16,512,8,1152,5.6359
16,512,8,1728,5.9308
16,512,8,2048,6.0947
16,512,8,2592,6.3732
16,512,8,3888,7.0367
16,512,8,4096,7.1432
16,512,8,5832,8.0321
16,512,8,8192,9.2404
16,512,8,8748,9.5251
16,512,8,13122,11.7645
16,512,8,16384,13.4347
16,512,16,16,5.0666
16,512,16,32,5.0829
16,512,16,64,5.1157
16,512,16,128,5.1812
16,512,16,256,5.3123
16,512,16,512,5.5745
16,512,16,768,5.8366
16,512,16,1024,6.0988
16,512,16,1152,6.2298
16,512,16,1728,6.8196
16,512,16,2048,7.1473
16,512,16,2592,7.7044
16,512,16,3888,9.0315
16,512,16,4096,9.2445
16,512,16,5832,11.0221
16,512,16,8192,13.4388
16,512,16,8748,14.0081
16,512,16,13122,18.4871
16,512,16,16384,21.8274
16,512,32,16,5.0911
16,512,32,32,5.1239
16,512,32,64,5.1894
16,512,32,128,5.3205
16,512,32,256,5.5827
16,512,32,512,6.1069
16,512,32,768,6.6312
16,512,32,1024,7.1555
16,512,32,1152,7.4177
16,512,32,1728,8.5973
16,512,32,2048,9.2527
16,512,32,2592,10.3668
16,512,32,3888,13.0210
16,512,32,4096,13.4470
16,512,32,5832,17.0023
16,512,32,8192,21.8356
16,512,32,8748,22.9743
16,512,32,13122,31.9322
16,512,32,16384,38.6128
16,512,64,16,5.1403
16,512,64,32,5.2058
16,512,64,64,5.3369
16,512,64,128,5.5990
16,512,64,256,6.1233
16,512,64,512,7.1719
16,512,64,768,8.2205
16,512,64,1024,9.2691
16,512,64,1152,9.7933
16,512,64,1728,12.1526
16,512,64,2048,13.4634
16,512,64,2592,15.6916
16,512,64,3888,21.0000
16,512,64,4096,21.8520
16,512,64,5832,28.9626
16,512,64,8192,38.6292
16,512,64,8748,40.9066
16,512,64,13122,58.8225
16,512,64,16384,72.1836
16,512,128,16,5.2386
16,512,128,32,5.3697
16,512,128,64,5.6318
16,512,128,128,6.1561
16,512,128,256,7.2047
16,512,128,512,9.3018
16,512,128,768,11.3990
16,512,128,1024,13.4961
16,512,128,1152,14.5447
16,512,128,1728,19.2633
16,512,128,2048,21.8847
16,512,128,2592,26.3412
16,512,128,3888,36.9580
16,512,128,4096,38.6620
16,512,128,5832,52.8833
16,512,128,8192,72.2164
16,512,128,8748,76.7711
16,512,128,13122,112.6029
16,512,128,16384,139.3252
16,768,0,0,5.0584
16,768,1,512,5.0916
16,768,1,768,5.1080
16,768,1,1152,5.1326
16,768,1,1728,5.1695
16,768,1,2592,5.2248
16,768,1,3888,5.3077
16,768,1,5832,5.4321
16,768,1,8748,5.6188
16,768,1,13122,5.8987
16,768,1,16384,6.1075
16,768,2,512,5.1249
16,768,2,768,5.1577
16,768,2,1152,5.2068
16,768,2,1728,5.2806
16,768,2,2592,5.3912
16,768,2,3888,5.5571
16,768,2,5832,5.8059
16,768,2,8748,6.1791
16,768,2,13122,6.7390
16,768,2,16384,7.1565
16,768,4,512,5.1915
16,768,4,768,5.2570
16,768,4,1152,5.3553
16,768,4,1728,5.5028
16,768,4,2592,5.7240
16,768,4,3888,6.0557
16,768,4,5832,6.5534
16,768,4,8748,7.2999
16,768,4,13122,8.4196
16,768,4,16384,9.2547
16,768,8,512,5.3246
16,768,8,768,5.4557
16,768,8,1152,5.6523
16,768,8,1728,5.9472
16,768,8,2592,6.3896
16,768,8,3888,7.0531
16,768,8,5832,8.0484
16,768,8,8748,9.5414
16,768,8,13122,11.7809
16,768,8,16384,13.4511
16,768,16,512,5.5908
16,768,16,768,5.8530
16,768,16,1152,6.2462
16,768,16,1728,6.8360
16,768,16,2592,7.7208
16,768,16,3888,9.0479
16,768,16,5832,11.0385
16,768,16,8748,14.0245
16,768,16,13122,18.5035
16,768,16,16384,21.8438
16,768,32,512,6.1233
16,768,32,768,6.6476
16,768,32,1152,7.4340
16,768,32,1728,8.6137
16,768,32,2592,10.3832
16,768,32,3888,13.0374
16,768,32,5832,17.0187
16,768,32,8748,22.9907
16,768,32,13122,31.9486
16,768,32,16384,38.6292
16,768,64,512,7.1883
16,768,64,768,8.2369
16,768,64,1152,9.8097
16,768,64,1728,12.1690
16,768,64,2592,15.7080
16,768,64,3888,21.0164
16,768,64,5832,28.9790
16,768,64,8748,40.9229
16,768,64,13122,58.8388
16,768,64,16384,72.2000
16,768,128,512,9.3182
16,768,128,768,11.4154
16,768,128,1152,14.5611
16,768,128,1728,19.2797
16,768,128,2592,26.3576
16,768,128,3888,36.9744
16,768,128,5832,52.8996
16,768,128,8748,76.7875
16,768,128,13122,112.6193
16,768,128,16384,139.3416
16,1024,0,0,5.0748
16,1024,1,16,5.0763
16,1024,1,32,5.0773
16,1024,1,64,5.0794
16,1024,1,128,5.0835
16,1024,1,256,5.0916
16,1024,1,512,5.1080
16,1024,1,1024,5.1408
16,1024,1,2048,5.2063
16,1024,1,4096,5.3374
16,1024,1,8192,5.5996
16,1024,1,16384,6.1238
16,1024,2,16,5.0778
16,1024,2,32,5.0799
16,1024,2,64,5.0840
16,1024,2,128,5.0922
16,1024,2,256,5.1085
16,1024,2,512,5.1413
16,1024,2,1024,5.2068
16,1024,2,2048,5.3379
16,1024,2,4096,5.6001
16,1024,2,8192,6.1244
16,1024,2,16384,7.1729
16,1024,4,16,5.0809
16,1024,4,32,5.0850
16,1024,4,64,5.0932
16,1024,4,128,5.1096
16,1024,4,256,5.1423
16,1024,4,512,5.2079
16,1024,4,1024,5.3389
16,1024,4,2048,5.6011
16,1024,4,4096,6.1254
16,1024,4,8192,7.1740
16,1024,4,16384,9.2711
16,1024,8,16,5.0870
16,1024,8,32,5.0952
16,1024,8,64,5.1116
16,1024,8,128,5.1444
16,1024,8,256,5.2099
16,1024,8,512,5.3410
16,1024,8,1024,5.6031
16,1024,8,2048,6.1274
16,1024,8,4096,7.1760
16,1024,8,8192,9.2732
16,1024,8,16384,13.4675
16,1024,16,16,5.0993
16,1024,16,32,5.1157
16,1024,16,64,5.1485
16,1024,16,128,5.2140
16,1024,16,256,5.3451
16,1024,16,512,5.6072
16,1024,16,1024,6.1315
16,1024,16,2048,7.1801
16,1024,16,4096,9.2772
16,1024,16,8192,13.4716
16,1024,16,16384,21.8602
16,1024,32,16,5.1239
16,1024,32,32,5.1567
16,1024,32,64,5.2222
16,1024,32,128,5.3533
16,1024,32,256,5.6154
16,1024,32,512,6.1397
16,1024,32,1024,7.1883
16,1024,32,2048,9.2854
16,1024,32,4096,13.4797
16,1024,32,8192,21.8684
16,1024,32,16384,38.6456
16,1024,64,16,5.1731
16,1024,64,32,5.2386
16,1024,64,64,5.3697
16,1024,64,128,5.6318
16,1024,64,256,6.1561
16,1024,64,512,7.2047
16,1024,64,1024,9.3018
16,1024,64,2048,13.4961
16,1024,64,4096,21.8847
16,1024,64,8192,38.6620
16,1024,64,16384,72.2164
16,1024,128,16,5.2714
16,1024,128,32,5.4024
16,1024,128,64,5.6646
16,1024,128,128,6.1889
16,1024,128,256,7.2374
16,1024,128,512,9.3346
16,1024,128,1024,13.5289
16,1024,128,2048,21.9175
16,1024,128,4096,38.6947
16,1024,128,8192,72.2492
16,1024,128,16384,139.3580
16,1152,0,0,5.0829
16,1152,1,512,5.1162
16,1152,1,768,5.1326
16,1152,1,1152,5.1572
16,1152,1,1728,5.1940
16,1152,1,2592,5.2493
16,1152,1,3888,5.3323
16,1152,1,5832,5.4567
16,1152,1,8748,5.6433
16,1152,1,13122,5.9233
16,1152,1,16384,6.1320
16,1152,2,512,5.1495
16,1152,2,768,5.1823
16,1152,2,1152,5.2314
16,1152,2,1728,5.3052
16,1152,2,2592,5.4157
16,1152,2,3888,5.5816
16,1152,2,5832,5.8305
16,1152,2,8748,6.2037
16,1152,2,13122,6.7636
16,1152,2,16384,7.1811
16,1152,4,512,5.2161
16,1152,4,768,5.2816
16,1152,4,1152,5.3799
16,1152,4,1728,5.5274
16,1152,4,2592,5.7485
16,1152,4,3888,6.0803
16,1152,4,5832,6.5780
16,1152,4,8748,7.3245
16,1152,4,13122,8.4442
16,1152,4,16384,9.2793
16,1152,8,512,5.3492
16,1152,8,768,5.4803
16,1152,8,1152,5.6769
16,1152,8,1728,5.9718
16,1152,8,2592,6.4141
16,1152,8,3888,7.0777
16,1152,8,5832,8.0730
16,1152,8,8748,9.5660
16,1152,8,13122,11.8055
16,1152,8,16384,13.4756
16,1152,16,512,5.6154
16,1152,16,768,5.8776
16,1152,16,1152,6.2708
16,1152,16,1728,6.8606
16,1152,16,2592,7.7453
16,1152,16,3888,9.0724
16,1152,16,5832,11.0631
16,1152,16,8748,14.0491
16,1152,16,13122,18.5281
16,1152,16,16384,21.8684
16,1152,32,512,6.1479
16,1152,32,768,6.6722
16,1152,32,1152,7.4586
16,1152,32,1728,8.6383
16,1152,32,2592,10.4077
16,1152,32,3888,13.0620
16,1152,32,5832,17.0433
16,1152,32,8748,23.0152
16,1152,32,13122,31.9732
16,1152,32,16384,38.6538
16,1152,64,512,7.2129
16,1152,64,768,8.2614
16,1152,64,1152,9.8343
16,1152,64,1728,12.1936
16,1152,64,2592,15.7325
16,1152,64,3888,21.0410
16,1152,64,5832,29.0036
16,1152,64,8748,40.9475
16,1152,64,13122,58.8634
16,1152,64,16384,72.2246
16,1152,128,512,9.3428
16,1152,128,768,11.4399
16,1152,128,1152,14.5857
16,1152,128,1728,19.3043
16,1152,128,2592,26.3821
16,1152,128,3888,36.9990
16,1152,128,5832,52.9242
16,1152,128,8748,76.8121
16,1152,128,13122,112.6439
16,1152,128,16384,139.3662
16,1728,0,0,5.1198
16,1728,1,512,5.1531
16,1728,1,768,5.1695
16,1728,1,1152,5.1940
16,1728,1,1728,5.2309
16,1728,1,2592,5.2862
16,1728,1,3888,5.3692
16,1728,1,5832,5.4936
16,1728,1,8748,5.6802
16,1728,1,13122,5.9601
16,1728,1,16384,6.1689
16,1728,2,512,5.1864
16,1728,2,768,5.2191
16,1728,2,1152,5.2683
16,1728,2,1728,5.3420
16,1728,2,2592,5.4526
16,1728,2,3888,5.6185
16,1728,2,5832,5.8673
16,1728,2,8748,6.2406
16,1728,2,13122,6.8004
16,1728,2,16384,7.2180
16,1728,4,512,5.2529
16,1728,4,768,5.3185
16,1728,4,1152,5.4168
16,1728,4,1728,5.5642
16,1728,4,2592,5.7854
16,1728,4,3888,6.1172
16,1728,4,5832,6.6148
16,1728,4,8748,7.3613
16,1728,4,13122,8.4811
16,1728,4,16384,9.3162
16,1728,8,512,5.3860
16,1728,8,768,5.5171
16,1728,8,1152,5.7137
16,1728,8,1728,6.0086
16,1728,8,2592,6.4510
16,1728,8,3888,7.1146
16,1728,8,5832,8.1099
16,1728,8,8748,9.6029
16,1728,8,13122,11.8424
16,1728,8,16384,13.5125
16,1728,16,512,5.6523
16,1728,16,768,5.9144
16,1728,16,1152,6.3076
16,1728,16,1728,6.8975
16,1728,16,2592,7.7822
16,1728,16,3888,9.1093
16,1728,16,5832,11.1000
16,1728,16,8748,14.0860
16,1728,16,13122,18.5649
16,1728,16,16384,21.9052
16,1728,32,512,6.1848
16,1728,32,768,6.7091
16,1728,32,1152,7.4955
16,1728,32,1728,8.6751
16,1728,32,2592,10.4446
16,1728,32,3888,13.0988
16,1728,32,5832,17.0801
16,1728,32,8748,23.0521
16,1728,32,13122,32.0100
16,1728,32,16384,38.6906
16,1728,64,512,7.2497
16,1728,64,768,8.2983
16,1728,64,1152,9.8712
16,1728,64,1728,12.2305
16,1728,64,2592,15.7694
16,1728,64,3888,21.0778
16,1728,64,5832,29.0404
16,1728,64,8748,40.9844
16,1728,64,13122,58.9003
16,1728,64,16384,72.2614
16,1728,128,512,9.3796
16,1728,128,768,11.4768
16,1728,128,1152,14.6225
16,1728,128,1728,19.3411
16,1728,128,2592,26.4190
16,1728,128,3888,37.0358
16,1728,128,5832,52.9611
16,1728,128,8748,76.8490
16,1728,128,13122,112.6808
16,1728,128,16384,139.4031
16,2048,0,0,5.1403
16,2048,1,16,5.1418
16,2048,1,32,5.1428
16,2048,1,64,5.1449
16,2048,1,128,5.1490
16,2048,1,256,5.1572
16,2048,1,512,5.1736
16,2048,1,1024,5.2063
16,2048,1,2048,5.2719
16,2048,1,4096,5.4029
16,2048,1,8192,5.6651
16,2048,1,16384,6.1894
16,2048,2,16,5.1434
16,2048,2,32,5.1454
16,2048,2,64,5.1495
16,2048,2,128,5.1577
16,2048,2,256,5.1741
16,2048,2,512,5.2068
16,2048,2,1024,5.2724
16,2048,2,2048,5.4035
16,2048,2,4096,5.6656
16,2048,2,8192,6.1899
16,2048,2,16384,7.2385
16,2048,4,16,5.1464
16,2048,4,32,5.1505
16,2048,4,64,5.1587
16,2048,4,128,5.1751
16,2048,4,256,5.2079
16,2048,4,512,5.2734
16,2048,4,1024,5.4045
16,2048,4,2048,5.6666
16,2048,4,4096,6.1909
16,2048,4,8192,7.2395
16,2048,4,16384,9.3366
16,2048,8,16,5.1526
16,2048,8,32,5.1608
16,2048,8,64,5.1772
16,2048,8,128,5.2099
16,2048,8,256,5.2755
16,2048,8,512,5.4065
16,2048,8,1024,5.6687
16,2048,8,2048,6.1930
16,2048,8,4096,7.2415
16,2048,8,8192,9.3387
16,2048,8,16384,13.5330
16,2048,16,16,5.1649
16,2048,16,32,5.1812
16,2048,16,64,5.2140
16,2048,16,128,5.2796
16,2048,16,256,5.4106
16,2048,16,512,5.6728
16,2048,16,1024,6.1971
16,2048,16,2048,7.2456
16,2048,16,4096,9.3428
16,2048,16,8192,13.5371
16,2048,16,16384,21.9257
16,2048,32,16,5.1894
16,2048,32,32,5.2222
16,2048,32,64,5.2877
16,2048,32,128,5.4188
16,2048,32,256,5.6810
16,2048,32,512,6.2052
16,2048,32,1024,7.2538
16,2048,32,2048,9.3510
16,2048,32,4096,13.5453
16,2048,32,8192,21.9339
16,2048,32,16384,38.7111
16,2048,64,16,5.2386
16,2048,64,32,5.3041
16,2048,64,64,5.4352
16,2048,64,128,5.6973
16,2048,64,256,6.2216
16,2048,64,512,7.2702
16,2048,64,1024,9.3674
16,2048,64,2048,13.5617
16,2048,64,4096,21.9503
16,2048,64,8192,38.7275
16,2048,64,16384,72.2819
16,2048,128,16,5.3369
16,2048,128,32,5.4680
16,2048,128,64,5.7301
16,2048,128,128,6.2544
16,2048,128,256,7.3030
16,2048,128,512,9.4001
16,2048,128,1024,13.5944
16,2048,128,2048,21.9830
16,2048,128,4096,38.7603
16,2048,128,8192,72.3147
16,2048,128,16384,139.4236
16,2592,0,0,5.1751
16,2592,1,512,5.2084
16,2592,1,768,5.2248
16,2592,1,1152,5.2493
16,2592,1,1728,5.2862
16,2592,1,2592,5.3415
16,2592,1,3888,5.4244
16,2592,1,5832,5.5489
16,2592,1,8748,5.7355
16,2592,1,13122,6.0154
16,2592,1,16384,6.2242
16,2592,2,512,5.2417
16,2592,2,768,5.2744
16,2592,2,1152,5.3236
16,2592,2,1728,5.3973
16,2592,2,2592,5.5079
16,2592,2,3888,5.6738
16,2592,2,5832,5.9226
16,2592,2,8748,6.2959
16,2592,2,13122,6.8557
16,2592,2,16384,7.2733
16,2592,4,512,5.3082
16,2592,4,768,5.3738
16,2592,4,1152,5.4721
16,2592,4,1728,5.6195
16,2592,4,2592,5.8407
16,2592,4,3888,6.1725
16,2592,4,5832,6.6701
16,2592,4,8748,7.4166
16,2592,4,13122,8.5364
16,2592,4,16384,9.3715
16,2592,8,512,5.4413
16,2592,8,768,5.5724
16,2592,8,1152,5.7690
16,2592,8,1728,6.0639
16,2592,8,2592,6.5063
16,2592,8,3888,7.1699
16,2592,8,5832,8.1652
16,2592,8,8748,9.6582
16,2592,8,13122,11.8977
16,2592,8,16384,13.5678
16,2592,16,512,5.7076
16,2592,16,768,5.9697
16,2592,16,1152,6.3629
16,2592,16,1728,6.9528
16,2592,16,2592,7.8375
16,2592,16,3888,9.1646
16,2592,16,5832,11.1553
16,2592,16,8748,14.1412
16,2592,16,13122,18.6202
16,2592,16,16384,21.9605
16,2592,32,512,6.2401
16,2592,32,768,6.7644
16,2592,32,1152,7.5508
16,2592,32,1728,8.7304
16,2592,32,2592,10.4999
16,2592,32,3888,13.1541
16,2592,32,5832,17.1354
16,2592,32,8748,23.1074
16,2592,32,13122,32.0653
16,2592,32,16384,38.7459
16,2592,64,512,7.3050
16,2592,64,768,8.3536
16,2592,64,1152,9.9265
16,2592,64,1728,12.2858
16,2592,64,2592,15.8247
16,2592,64,3888,21.1331
16,2592,64,5832,29.0957
16,2592,64,8748,41.0397
16,2592,64,13122,58.9556
16,2592,64,16384,72.3167
16,2592,128,512,9.4349
16,2592,128,768,11.5321
16,2592,128,1152,14.6778
16,2592,128,1728,19.3964
16,2592,128,2592,26.4743
16,2592,128,3888,37.0911
16,2592,128,5832,53.0164
16,2592,128,8748,76.9043
16,2592,128,13122,112.7361
16,2592,128,16384,139.4584
16,3888,0,0,5.2580
16,3888,1,512,5.2913
16,3888,1,768,5.3077
16,3888,1,1152,5.3323
16,3888,1,1728,5.3692
16,3888,1,2592,5.4244
16,3888,1,3888,5.5074
16,3888,1,5832,5.6318
16,3888,1,8748,5.8184
16,3888,1,13122,6.0984
16,3888,1,16384,6.3071
16,3888,2,512,5.3246
16,3888,2,768,5.3574
16,3888,2,1152,5.4065
16,3888,2,1728,5.4803
16,3888,2,2592,5.5908
16,3888,2,3888,5.7567
16,3888,2,5832,6.0056
16,3888,2,8748,6.3788
16,3888,2,13122,6.9387
16,3888,2,16384,7.3562
16,3888,4,512,5.3912
16,3888,4,768,5.4567
16,3888,4,1152,5.5550
16,3888,4,1728,5.7025
16,3888,4,2592,5.9236
16,3888,4,3888,6.2554
16,3888,4,5832,6.7531
16,3888,4,8748,7.4996
16,3888,4,13122,8.6193
16,3888,4,16384,9.4544
16,3888,8,512,5.5243
16,3888,8,768,5.6554
16,3888,8,1152,5.8520
16,3888,8,1728,6.1469
16,3888,8,2592,6.5892
16,3888,8,3888,7.2528
16,3888,8,5832,8.2481
16,3888,8,8748,9.7411
16,3888,8,13122,11.9806
16,3888,8,16384,13.6508
16,3888,16,512,5.7905
16,3888,16,768,6.0527
16,3888,16,1152,6.4459
16,3888,16,1728,7.0357
16,3888,16,2592,7.9204
16,3888,16,3888,9.2476
16,3888,16,5832,11.2382
16,3888,16,8748,14.2242
16,3888,16,13122,18.7032
16,3888,16,16384,22.0435
16,3888,32,512,6.3230
16,3888,32,768,6.8473
16,3888,32,1152,7.6337
16,3888,32,1728,8.8134
16,3888,32,2592,10.5828
16,3888,32,3888,13.2371
16,3888,32,5832,17.2184
16,3888,32,8748,23.1903
16,3888,32,13122,32.1483
16,3888,32,16384,38.8289
16,3888,64,512,7.3880
16,3888,64,768,8.4365
16,3888,64,1152,10.0094
16,3888,64,1728,12.3687
16,3888,64,2592,15.9076
16,3888,64,3888,21.2161
16,3888,64,5832,29.1787
16,3888,64,8748,41.1226
16,3888,64,13122,59.0385
16,3888,64,16384,72.3997
16,3888,128,512,9.5179
16,3888,128,768,11.6150
16,3888,128,1152,14.7608
16,3888,128,1728,19.4794
16,3888,128,2592,26.5572
16,3888,128,3888,37.1741
16,3888,128,5832,53.0993
16,3888,128,8748,76.9872
16,3888,128,13122,112.8190
16,3888,128,16384,139.5413
16,4096,0,0,5.2714
16,4096,1,16,5.2729
16,4096,1,32,5.2739
16,4096,1,64,5.2760
16,4096,1,128,5.2801
16,4096,1,256,5.2883
16,4096,1,512,5.3046
16,4096,1,1024,5.3374
16,4096,1,2048,5.4029
16,4096,1,4096,5.5340
16,4096,1,8192,5.7962
16,4096,1,16384,6.3204
16,4096,2,16,5.2744
16,4096,2,32,5.2765
16,4096,2,64,5.2806
16,4096,2,128,5.2888
16,4096,2,256,5.3052
16,4096,2,512,5.3379
16,4096,2,1024,5.4035
16,4096,2,2048,5.5345
16,4096,2,4096,5.7967
16,4096,2,8192,6.3210
16,4096,2,16384,7.3695
16,4096,4,16,5.2775
16,4096,4,32,5.2816
16,4096,4,64,5.2898
16,4096,4,128,5.3062
16,4096,4,256,5.3389
16,4096,4,512,5.4045
16,4096,4,1024,5.5356
16,4096,4,2048,5.7977
16,4096,4,4096,6.3220
16,4096,4,8192,7.3706
16,4096,4,16384,9.4677
16,4096,8,16,5.2836
16,4096,8,32,5.2918
16,4096,8,64,5.3082
16,4096,8,128,5.3410
16,4096,8,256,5.4065
16,4096,8,512,5.5376
16,4096,8,1024,5.7997
16,4096,8,2048,6.3240
16,4096,8,4096,7.3726
16,4096,8,8192,9.4698
16,4096,8,16384,13.6641
16,4096,16,16,5.2959
16,4096,16,32,5.3123
16,4096,16,64,5.3451
16,4096,16,128,5.4106
16,4096,16,256,5.5417
16,4096,16,512,5.8038
16,4096,16,1024,6.3281
16,4096,16,2048,7.3767
16,4096,16,4096,9.4739
16,4096,16,8192,13.6682
16,4096,16,16384,22.0568
16,4096,32,16,5.3205
16,4096,32,32,5.3533
16,4096,32,64,5.4188
16,4096,32,128,5.5499
16,4096,32,256,5.8120
16,4096,32,512,6.3363
16,4096,32,1024,7.3849
16,4096,32,2048,9.4820
16,4096,32,4096,13.6764
16,4096,32,8192,22.0650
16,4096,32,16384,38.8422
16,4096,64,16,5.3697
16,4096,64,32,5.4352
16,4096,64,64,5.5663
16,4096,64,128,5.8284
16,4096,64,256,6.3527
16,4096,64,512,7.4013
16,4096,64,1024,9.4984
16,4096,64,2048,13.6927
16,4096,64,4096,22.0813
16,4096,64,8192,38.8586
16,4096,64,16384,72.4130
16,4096,128,16,5.4680
16,4096,128,32,5.5990
16,4096,128,64,5.8612
16,4096,128,128,6.3855
16,4096,128,256,7.4340
16,4096,128,512,9.5312
16,4096,128,1024,13.7255
16,4096,128,2048,22.1141
16,4096,128,4096,38.8913
16,4096,128,8192,72.4458
16,4096,128,16384,139.5546
16,5832,0,0,5.3825
16,5832,1,512,5.4157
16,5832,1,768,5.4321
16,5832,1,1152,5.4567
16,5832,1,1728,5.4936
16,5832,1,2592,5.5489
16,5832,1,3888,5.6318
16,5832,1,5832,5.7562
16,5832,1,8748,5.9428
16,5832,1,13122,6.2228
16,5832,1,16384,6.4316
16,5832,2,512,5.4490
16,5832,2,768,5.4818
16,5832,2,1152,5.5309
16,5832,2,1728,5.6047
16,5832,2,2592,5.7153
16,5832,2,3888,5.8812
16,5832,2,5832,6.1300
16,5832,2,8748,6.5032
16,5832,2,13122,7.0631
16,5832,2,16384,7.4806
16,5832,4,512,5.5156
16,5832,4,768,5.5811
16,5832,4,1152,5.6794
16,5832,4,1728,5.8269
16,5832,4,2592,6.0481
16,5832,4,3888,6.3798
16,5832,4,5832,6.8775
16,5832,4,8748,7.6240
16,5832,4,13122,8.7437
16,5832,4,16384,9.5788
16,5832,8,512,5.6487
16,5832,8,768,5.7798
16,5832,8,1152,5.9764
16,5832,8,1728,6.2713
16,5832,8,2592,6.7137
16,5832,8,3888,7.3772
16,5832,8,5832,8.3725
16,5832,8,8748,9.8655
16,5832,8,13122,12.1050
16,5832,8,16384,13.7752
16,5832,16,512,5.9149
16,5832,16,768,6.1771
16,5832,16,1152,6.5703
16,5832,16,1728,7.1601
16,5832,16,2592,8.0449
16,5832,16,3888,9.3720
16,5832,16,5832,11.3626
16,5832,16,8748,14.3486
16,5832,16,13122,18.8276
16,5832,16,16384,22.1679
16,5832,32,512,6.4474
16,5832,32,768,6.9717
16,5832,32,1152,7.7581
16,5832,32,1728,8.9378
16,5832,32,2592,10.7073
16,5832,32,3888,13.3615
16,5832,32,5832,17.3428
16,5832,32,8748,23.3148
16,5832,32,13122,32.2727
16,5832,32,16384,38.9533
16,5832,64,512,7.5124
16,5832,64,768,8.5610
16,5832,64,1152,10.1338
16,5832,64,1728,12.4931
16,5832,64,2592,16.0321
16,5832,64,3888,21.3405
16,5832,64,5832,29.3031
16,5832,64,8748,41.2470
16,5832,64,13122,59.1629
16,5832,64,16384,72.5241
16,5832,128,512,9.6423
16,5832,128,768,11.7395
16,5832,128,1152,14.8852
16,5832,128,1728,19.6038
16,5832,128,2592,26.6817
16,5832,128,3888,37.2985
16,5832,128,5832,53.2237
16,5832,128,8748,77.1116
16,5832,128,13122,112.9434
16,5832,128,16384,139.6657
16,8192,0,0,5.5335
16,8192,1,16,5.5350
16,8192,1,32,5.5361
16,8192,1,64,5.5381
16,8192,1,128,5.5422
16,8192,1,256,5.5504
16,8192,1,512,5.5668
16,8192,1,1024,5.5996
16,8192,1,2048,5.6651
16,8192,1,4096,5.7962
16,8192,1,8192,6.0583
16,8192,1,16384,6.5826
16,8192,2,16,5.5366
16,8192,2,32,5.5386
16,8192,2,64,5.5427
16,8192,2,128,5.5509
16,8192,2,256,5.5673
16,8192,2,512,5.6001
16,8192,2,1024,5.6656
16,8192,2,2048,5.7967
16,8192,2,4096,6.0588
16,8192,2,8192,6.5831
16,8192,2,16384,7.6317
16,8192,4,16,5.5396
16,8192,4,32,5.5437
16,8192,4,64,5.5519
16,8192,4,128,5.5683
16,8192,4,256,5.6011
16,8192,4,512,5.6666
16,8192,4,1024,5.7977
16,8192,4,2048,6.0598
16,8192,4,4096,6.5841
16,8192,4,8192,7.6327
16,8192,4,16384,9.7299
16,8192,8,16,5.5458
16,8192,8,32,5.5540
16,8192,8,64,5.5704
16,8192,8,128,5.6031
16,8192,8,256,5.6687
16,8192,8,512,5.7997
16,8192,8,1024,6.0619
16,8192,8,2048,6.5862
16,8192,8,4096,7.6348
16,8192,8,8192,9.7319
16,8192,8,16384,13.9262
16,8192,16,16,5.5581
16,8192,16,32,5.5745
16,8192,16,64,5.6072
16,8192,16,128,5.6728
16,8192,16,256,5.8038
16,8192,16,512,6.0660
16,8192,16,1024,6.5903
16,8192,16,2048,7.6388
16,8192,16,4096,9.7360
16,8192,16,8192,13.9303
16,8192,16,16384,22.3189
16,8192,32,16,5.5827
16,8192,32,32,5.6154
16,8192,32,64,5.6810
16,8192,32,128,5.8120
16,8192,32,256,6.0742
16,8192,32,512,6.5985
16,8192,32,1024,7.6470
16,8192,32,2048,9.7442
16,8192,32,4096,13.9385
16,8192,32,8192,22.3271
16,8192,32,16384,39.1043
16,8192,64,16,5.6318
16,8192,64,32,5.6973
16,8192,64,64,5.8284
16,8192,64,128,6.0906
16,8192,64,256,6.6148
16,8192,64,512,7.6634
16,8192,64,1024,9.7606
16,8192,64,2048,13.9549
16,8192,64,4096,22.3435
16,8192,64,8192,39.1207
16,8192,64,16384,72.6751
16,8192,128,16,5.7301
16,8192,128,32,5.8612
16,8192,128,64,6.1233
16,8192,128,128,6.6476
16,8192,128,256,7.6962
16,8192,128,512,9.7933
16,8192,128,1024,13.9876
16,8192,128,2048,22.3763
16,8192,128,4096,39.1535
16,8192,128,8192,72.7079
16,8192,128,16384,139.8168
16,8748,0,0,5.5691
16,8748,1,512,5.6024
16,8748,1,768,5.6188
16,8748,1,1152,5.6433
16,8748,1,1728,5.6802
16,8748,1,2592,5.7355
16,8748,1,3888,5.8184
16,8748,1,5832,5.9428
16,8748,1,8748,6.1295
16,8748,1,13122,6.4094
16,8748,1,16384,6.6182
16,8748,2,512,5.6356
16,8748,2,768,5.6684
16,8748,2,1152,5.7176
16,8748,2,1728,5.7913
16,8748,2,2592,5.9019
16,8748,2,3888,6.0678
16,8748,2,5832,6.3166
16,8748,2,8748,6.6899
16,8748,2,13122,7.2497
16,8748,2,16384,7.6673
16,8748,4,512,5.7022
16,8748,4,768,5.7677
16,8748,4,1152,5.8660
16,8748,4,1728,6.0135
16,8748,4,2592,6.2347
16,8748,4,3888,6.5665
16,8748,4,5832,7.0641
16,8748,4,8748,7.8106
16,8748,4,13122,8.9304
16,8748,4,16384,9.7654
16,8748,8,512,5.8353
16,8748,8,768,5.9664
16,8748,8,1152,6.1630
16,8748,8,1728,6.4579
16,8748,8,2592,6.9003
16,8748,8,3888,7.5638
16,8748,8,5832,8.5592
16,8748,8,8748,10.0522
16,8748,8,13122,12.2916
16,8748,8,16384,13.9618
16,8748,16,512,6.1016
16,8748,16,768,6.3637
16,8748,16,1152,6.7569
16,8748,16,1728,7.3468
16,8748,16,2592,8.2315
16,8748,16,3888,9.5586
16,8748,16,5832,11.5492
16,8748,16,8748,14.5352
16,8748,16,13122,19.0142
16,8748,16,16384,22.3545
16,8748,32,512,6.6340
16,8748,32,768,7.1583
16,8748,32,1152,7.9448
16,8748,32,1728,9.1244
16,8748,32,2592,10.8939
16,8748,32,3888,13.5481
16,8748,32,5832,17.5294
16,8748,32,8748,23.5014
16,8748,32,13122,32.4593
16,8748,32,16384,39.1399
16,8748,64,512,7.6990
16,8748,64,768,8.7476
16,8748,64,1152,10.3204
16,8748,64,1728,12.6797
16,8748,64,2592,16.2187
16,8748,64,3888,21.5271
16,8748,64,5832,29.4897
16,8748,64,8748,41.4337
16,8748,64,13122,59.3496
16,8748,64,16384,72.7107
16,8748,128,512,9.8289
16,8748,128,768,11.9261
16,8748,128,1152,15.0718
16,8748,128,1728,19.7904
16,8748,128,2592,26.8683
16,8748,128,3888,37.4851
16,8748,128,5832,53.4104
16,8748,128,8748,77.2982
16,8748,128,13122,113.1300
16,8748,128,16384,139.8524
16,13122,0,0,5.8490
16,13122,1,512,5.8823
16,13122,1,768,5.8987
16,13122,1,1152,5.9233
16,13122,1,1728,5.9601
16,13122,1,2592,6.0154
16,13122,1,3888,6.0984
16,13122,1,5832,6.2228
16,13122,1,8748,6.4094
16,13122,1,13122,6.6893
16,13122,1,16384,6.8981
16,13122,2,512,5.9156
16,13122,2,768,5.9484
16,13122,2,1152,5.9975
16,13122,2,1728,6.0712
16,13122,2,2592,6.1818
16,13122,2,3888,6.3477
16,13122,2,5832,6.5965
16,13122,2,8748,6.9698
16,13122,2,13122,7.5297
16,13122,2,16384,7.9472
16,13122,4,512,5.9821
16,13122,4,768,6.0477
16,13122,4,1152,6.1460
16,13122,4,1728,6.2934
16,13122,4,2592,6.5146
16,13122,4,3888,6.8464
16,13122,4,5832,7.3441
16,13122,4,8748,8.0906
16,13122,4,13122,9.2103
16,13122,4,16384,10.0454
16,13122,8,512,6.1153
16,13122,8,768,6.2463
16,13122,8,1152,6.4429
16,13122,8,1728,6.7379
16,13122,8,2592,7.1802
16,13122,8,3888,7.8438
16,13122,8,5832,8.8391
16,13122,8,8748,10.3321
16,13122,8,13122,12.5716
16,13122,8,16384,14.2417
16,13122,16,512,6.3815
16,13122,16,768,6.6436
16,13122,16,1152,7.0369
16,13122,16,1728,7.6267
16,13122,16,2592,8.5114
16,13122,16,3888,9.8385
16,13122,16,5832,11.8292
16,13122,16,8748,14.8152
16,13122,16,13122,19.2941
16,13122,16,16384,22.6344
16,13122,32,512,6.9140
16,13122,32,768,7.4383
16,13122,32,1152,8.2247
16,13122,32,1728,9.4044
16,13122,32,2592,11.1738
16,13122,32,3888,13.8280
16,13122,32,5832,17.8093
16,13122,32,8748,23.7813
16,13122,32,13122,32.7393
16,13122,32,16384,39.4198
16,13122,64,512,7.9789
16,13122,64,768,9.0275
16,13122,64,1152,10.6004
16,13122,64,1728,12.9597
16,13122,64,2592,16.4986
16,13122,64,3888,21.8070
16,13122,64,5832,29.7697
16,13122,64,8748,41.7136
16,13122,64,13122,59.6295
16,13122,64,16384,72.9907
16,13122,128,512,10.1089
16,13122,128,768,12.2060
16,13122,128,1152,15.3517
16,13122,128,1728,20.0703
16,13122,128,2592,27.1482
16,13122,128,3888,37.7651
16,13122,128,5832,53.6903
16,13122,128,8748,77.5782
16,13122,128,13122,113.4100
16,13122,128,16384,140.1323
16,16384,0,0,6.0578
16,16384,1,16,6.0593
16,16384,1,32,6.0604
16,16384,1,64,6.0624
16,16384,1,128,6.0665
16,16384,1,256,6.0747
16,16384,1,512,6.0911
16,16384,1,768,6.1075
16,16384,1,1024,6.1238
16,16384,1,1152,6.1320
16,16384,1,1728,6.1689
16,16384,1,2048,6.1894
16,16384,1,2592,6.2242
16,16384,1,3888,6.3071
16,16384,1,4096,6.3204
16,16384,1,5832,6.4316
16,16384,1,8192,6.5826
16,16384,1,8748,6.6182
16,16384,1,13122,6.8981
16,16384,1,16384,7.1069
16,16384,2,16,6.0609
16,16384,2,32,6.0629
16,16384,2,64,6.0670
16,16384,2,128,6.0752
16,16384,2,256,6.0916
16,16384,2,512,6.1244
16,16384,2,768,6.1571
16,16384,2,1024,6.1899
16,16384,2,1152,6.2063
16,16384,2,1728,6.2800
16,16384,2,2048,6.3210
16,16384,2,2592,6.3906
16,16384,2,3888,6.5565
16,16384,2,4096,6.5831
16,16384,2,5832,6.8053
16,16384,2,8192,7.1074
16,16384,2,8748,7.1786
16,16384,2,13122,7.7384
16,16384,2,16384,8.1560
16,16384,4,16,6.0639
16,16384,4,32,6.0680
16,16384,4,64,6.0762
16,16384,4,128,6.0926
16,16384,4,256,6.1254
16,16384,4,512,6.1909
16,16384,4,768,6.2564
16,16384,4,1024,6.3220
16,16384,4,1152,6.3548
16,16384,4,1728,6.5022
16,16384,4,2048,6.5841
16,16384,4,2592,6.7234
16,16384,4,3888,7.0552
16,16384,4,4096,7.1084
16,16384,4,5832,7.5528
16,16384,4,8192,8.1570
16,16384,4,8748,8.2993
16,16384,4,13122,9.4191
16,16384,4,16384,10.2541
16,16384,8,16,6.0701
16,16384,8,32,6.0783
16,16384,8,64,6.0947
16,16384,8,128,6.1274
16,16384,8,256,6.1930
16,16384,8,512,6.3240
16,16384,8,768,6.4551
16,16384,8,1024,6.5862
16,16384,8,1152,6.6517
16,16384,8,1728,6.9466
16,16384,8,2048,7.1105
16,16384,8,2592,7.3890
16,16384,8,3888,8.0525
16,16384,8,4096,8.1590
16,16384,8,5832,9.0479
16,16384,8,8192,10.2562
16,16384,8,8748,10.5409
16,16384,8,13122,12.7804
16,16384,8,16384,14.4505
16,16384,16,16,6.0824
16,16384,16,32,6.0988
16,16384,16,64,6.1315
16,16384,16,128,6.1971
16,16384,16,256,6.3281
16,16384,16,512,6.5903
16,16384,16,768,6.8524
16,16384,16,1024,7.1146
16,16384,16,1152,7.2456
16,16384,16,1728,7.8355
16,16384,16,2048,8.1631
16,16384,16,2592,8.7202
16,16384,16,3888,10.0473
16,16384,16,4096,10.2603
16,16384,16,5832,12.0380
16,16384,16,8192,14.4546
16,16384,16,8748,15.0239
16,16384,16,13122,19.5029
16,16384,16,16384,22.8432
16,16384,32,16,6.1069
16,16384,32,32,6.1397
16,16384,32,64,6.2052
16,16384,32,128,6.3363
16,16384,32,256,6.5985
16,16384,32,512,7.1228
16,16384,32,768,7.6470
16,16384,32,1024,8.1713
16,16384,32,1152,8.4335
16,16384,32,1728,9.6131
16,16384,32,2048,10.2685
16,16384,32,2592,11.3826
16,16384,32,3888,14.0368
16,16384,32,4096,14.4628
16,16384,32,5832,18.0181
16,16384,32,8192,22.8514
16,16384,32,8748,23.9901
16,16384,32,13122,32.9480
16,16384,32,16384,39.6286
16,16384,64,16,6.1561
16,16384,64,32,6.2216
16,16384,64,64,6.3527
16,16384,64,128,6.6148
16,16384,64,256,7.1391
16,16384,64,512,8.1877
16,16384,64,768,9.2363
16,16384,64,1024,10.2849
16,16384,64,1152,10.8092
16,16384,64,1728,13.1684
16,16384,64,2048,14.4792
16,16384,64,2592,16.7074
16,16384,64,3888,22.0158
16,16384,64,4096,22.8678
16,16384,64,5832,29.9784
16,16384,64,8192,39.6450
16,16384,64,8748,41.9224
16,16384,64,13122,59.8383
16,16384,64,16384,73.1994
16,16384,128,16,6.2544
16,16384,128,32,6.3855
16,16384,128,64,6.6476
16,16384,128,128,7.1719
16,16384,128,256,8.2205
16,16384,128,512,10.3176
16,16384,128,768,12.4148
16,16384,128,1024,14.5119
16,16384,128,1152,15.5605
16,16384,128,1728,20.2791
16,16384,128,2048,22.9005
16,16384,128,2592,27.3570
16,16384,128,3888,37.9738
16,16384,128,4096,39.6778
16,16384,128,5832,53.8991
16,16384,128,8192,73.2322
16,16384,128,8748,77.7869
16,16384,128,13122,113.6188
16,16384,128,16384,140.3411
24,0,0,0,5.0138
24,0,1,512,5.0471
24,0,1,768,5.0635
24,0,1,1152,5.0881
24,0,1,1728,5.1249
24,0,1,2592,5.1802
24,0,1,3888,5.2632
24,0,1,5832,5.3876
24,0,1,8748,5.5742
24,0,1,13122,5.8541
24,0,1,16384,6.0629
24,0,2,512,5.0804
24,0,2,768,5.1132
24,0,2,1152,5.1623
24,0,2,1728,5.2360
24,0,2,2592,5.3466
24,0,2,3888,5.5125
24,0,2,5832,5.7613
24,0,2,8748,6.1346
24,0,2,13122,6.6945
24,0,2,16384,7.1120
24,0,4,512,5.1469
24,0,4,768,5.2125
24,0,4,1152,5.3108
24,0,4,1728,5.4582
24,0,4,2592,5.6794
24,0,4,3888,6.0112
24,0,4,5832,6.5089
24,0,4,8748,7.2554
24,0,4,13122,8.3751
24,0,4,16384,9.2102
24,0,8,512,5.2801
24,0,8,768,5.4111
24,0,8,1152,5.6077
24,0,8,1728,5.9027
24,0,8,2592,6.3450
24,0,8,3888,7.0086
24,0,8,5832,8.0039
24,0,8,8748,9.4969
24,0,8,13122,11.7364
24,0,8,16384,13.4065
24,0,16,512,5.5463
24,0,16,768,5.8084
24,0,16,1152,6.2017
24,0,16,1728,6.7915
24,0,16,2592,7.6762
24,0,16,3888,9.0033
24,0,16,5832,10.9940
24,0,16,8748,13.9800
24,0,16,13122,18.4589
24,0,16,16384,21.7992
24,0,32,512,6.0788
24,0,32,768,6.6031
24,0,32,1152,7.3895
24,0,32,1728,8.5692
24,0,32,2592,10.3386
24,0,32,3888,12.9928
24,0,32,5832,16.9741
24,0,32,8748,22.9461
24,0,32,13122,31.9041
24,0,32,16384,38.5846
24,0,64,512,7.1437
24,0,64,768,8.1923
24,0,64,1152,9.7652
24,0,64,1728,12.1245
24,0,64,2592,15.6634
24,0,64,3888,20.9718
24,0,64,5832,28.9345
24,0,64,8748,40.8784
24,0,64,13122,58.7943
24,0,64,16384,72.1555
24,0,128,512,9.2737
24,0,128,768,11.3708
24,0,128,1152,14.5165
24,0,128,1728,19.2351
24,0,128,2592,26.3130
24,0,128,3888,36.9299
24,0,128,5832,52.8551
24,0,128,8748,76.7430
24,0,128,13122,112.5748
24,0,128,16384,139.2971
24,512,0,0,5.0466
24,512,1,512,5.0799
24,512,1,768,5.0963
24,512,1,1152,5.1208
24,512,1,1728,5.1577
24,512,1,2592,5.2130
24,512,1,3888,5.2959
24,512,1,5832,5.4204
24,512,1,8748,5.6070
24,512,1,13122,5.8869
24,512,1,16384,6.0957
24,512,2,512,5.1132
24,512,2,768,5.1459
24,512,2,1152,5.1951
24,512,2,1728,5.2688
24,512,2,2592,5.3794
24,512,2,3888,5.5453
24,512,2,5832,5.7941
24,512,2,8748,6.1674
24,512,2,13122,6.7272
24,512,2,16384,7.1448
24,512,4,512,5.1797
24,512,4,768,5.2452
24,512,4,1152,5.3436
24,512,4,1728,5.4910
24,512,4,2592,5.7122
24,512,4,3888,6.0440
24,512,4,5832,6.5416
24,512,4,8748,7.2881
24,512,4,13122,8.4079
24,512,4,16384,9.2429
24,512,8,512,5.3128
24,512,8,768,5.4439
24,512,8,1152,5.6405
24,512,8,1728,5.9354
24,512,8,2592,6.3778
24,512,8,3888,7.0413
24,512,8,5832,8.0367
24,512,8,8748,9.5297
24,512,8,13122,11.7692
24,512,8,16384,13.4393
24,512,16,512,5.5791
24,512,16,768,5.8412
24,512,16,1152,6.2344
24,512,16,1728,6.8243
24,512,16,2592,7.7090
24,512,16,3888,9.0361
24,512,16,5832,11.0268
24,512,16,8748,14.0127
24,512,16,13122,18.4917
24,512,16,16384,21.8320
24,512,32,512,6.1116
24,512,32,768,6.6358
24,512,32,1152,7.4223
24,512,32,1728,8.6019
24,512,32,2592,10.3714
24,512,32,3888,13.0256
24,512,32,5832,17.0069
24,512,32,8748,22.9789
24,512,32,13122,31.9368
24,512,32,16384,38.6174
24,512,64,512,7.1765
24,512,64,768,8.2251
24,512,64,1152,9.7980
24,512,64,1728,12.1572
24,512,64,2592,15.6962
24,512,64,3888,21.0046
24,512,64,5832,28.9672
24,512,64,8748,40.9112
24,512,64,13122,58.8271
24,512,64,16384,72.1882
24,512,128,512,9.3064
24,512,128,768,11.4036
24,512,128,1152,14.5493
24,512,128,1728,19.2679
24,512,128,2592,26.3458
24,512,128,3888,36.9626
24,512,128,5832,52.8879
24,512,128,8748,76.7757
24,512,128,13122,112.6076
24,512,128,16384,139.3299
24,768,0,0,5.0630
24,768,1,512,5.0963
24,768,1,768,5.1126
24,768,1,1152,5.1372
24,768,1,1728,5.1741
24,768,1,2592,5.2294
24,768,1,3888,5.3123
24,768,1,5832,5.4367
24,768,1,8748,5.6234
24,768,1,13122,5.9033
24,768,1,16384,6.1121
24,768,2,512,5.1295
24,768,2,768,5.1623
24,768,2,1152,5.2115
24,768,2,1728,5.2852
24,768,2,2592,5.3958
24,768,2,3888,5.5617
24,768,2,5832,5.8105
24,768,2,8748,6.1837
24,768,2,13122,6.7436
24,768,2,16384,7.1612
24,768,4,512,5.1961
24,768,4,768,5.2616
24,768,4,1152,5.3599
24,768,4,1728,5.5074
24,768,4,2592,5.7286
24,768,4,3888,6.0604
24,768,4,5832,6.5580
24,768,4,8748,7.3045
24,768,4,13122,8.4243
24,768,4,16384,9.2593
24,768,8,512,5.3292
24,768,8,768,5.4603
24,768,8,1152,5.6569
24,768,8,1728,5.9518
24,768,8,2592,6.3942
24,768,8,3888,7.0577
24,768,8,5832,8.0531
24,768,8,8748,9.5460
24,768,8,13122,11.7855
24,768,8,16384,13.4557
24,768,16,512,5.5955
24,768,16,768,5.8576
24,768,16,1152,6.2508
24,768,16,1728,6.8406
24,768,16,2592,7.7254
24,768,16,3888,9.0525
24,768,16,5832,11.0431
24,768,16,8748,14.0291
24,768,16,13122,18.5081
24,768,16,16384,21.8484
24,768,32,512,6.1279
24,768,32,768,6.6522
24,768,32,1152,7.4387
24,768,32,1728,8.6183
24,768,32,2592,10.3878
24,768,32,3888,13.0420
24,768,32,5832,17.0233
24,768,32,8748,22.9953
24,768,32,13122,31.9532
24,768,32,16384,38.6338
24,768,64,512,7.1929
24,768,64,768,8.2415
24,768,64,1152,9.8143
24,768,64,1728,12.1736
24,768,64,2592,15.7126
24,768,64,3888,21.0210
24,768,64,5832,28.9836
24,768,64,8748,40.9276
24,768,64,13122,58.8435
24,768,64,16384,72.2046
24,768,128,512,9.3228
24,768,128,768,11.4200
24,768,128,1152,14.5657
24,768,128,1728,19.2843
24,768,128,2592,26.3622
24,768,128,3888,36.9790
24,768,128,5832,52.9043
24,768,128,8748,76.7921
24,768,128,13122,112.6239
24,768,128,16384,139.3462
24,1152,0,0,5.0876
24,1152,1,512,5.1208
24,1152,1,768,5.1372
24,1152,1,1152,5.1618
24,1152,1,1728,5.1987
24,1152,1,2592,5.2540
24,1152,1,3888,5.3369
24,1152,1,5832,5.4613
24,1152,1,8748,5.6479
24,1152,1,13122,5.9279
24,1152,1,16384,6.1366
24,1152,2,512,5.1541
24,1152,2,768,5.1869
24,1152,2,1152,5.2360
24,1152,2,1728,5.3098
24,1152,2,2592,5.4204
24,1152,2,3888,5.5862
24,1152,2,5832,5.8351
24,1152,2,8748,6.2083
24,1152,2,13122,6.7682
24,1152,2,16384,7.1857
24,1152,4,512,5.2207
24,1152,4,768,5.2862
24,1152,4,1152,5.3845
24,1152,4,1728,5.5320
24,1152,4,2592,5.7532
24,1152,4,3888,6.0849
24,1152,4,5832,6.5826
24,1152,4,8748,7.3291
24,1152,4,13122,8.4488
24,1152,4,16384,9.2839
24,1152,8,512,5.3538
24,1152,8,768,5.4849
24,1152,8,1152,5.6815
24,1152,8,1728,5.9764
24,1152,8,2592,6.4188
24,1152,8,3888,7.0823
24,1152,8,5832,8.0776
24,1152,8,8748,9.5706
24,1152,8,13122,11.8101
24,1152,8,16384,13.4803
24,1152,16,512,5.6200
24,1152,16,768,5.8822
24,1152,16,1152,6.2754
24,1152,16,1728,6.8652
24,1152,16,2592,7.7500
24,1152,16,3888,9.0771
24,1152,16,5832,11.0677
24,1152,16,8748,14.0537
24,1152,16,13122,18.5327
24,1152,16,16384,21.8730
24,1152,32,512,6.1525
24,1152,32,768,6.6768
24,1152,32,1152,7.4632
24,1152,32,1728,8.6429
24,1152,32,2592,10.4124
24,1152,32,3888,13.0666
24,1152,32,5832,17.0479
24,1152,32,8748,23.0198
24,1152,32,13122,31.9778
24,1152,32,16384,38.6584
24,1152,64,512,7.2175
24,1152,64,768,8.2660
24,1152,64,1152,9.8389
24,1152,64,1728,12.1982
24,1152,64,2592,15.7372
24,1152,64,3888,21.0456
24,1152,64,5832,29.0082
24,1152,64,8748,40.9521
24,1152,64,13122,58.8680
24,1152,64,16384,72.2292
24,1152,128,512,9.3474
24,1152,128,768,11.4445
24,1152,128,1152,14.5903
24,1152,128,1728,19.3089
24,1152,128,2592,26.3868
24,1152,128,3888,37.0036
24,1152,128,5832,52.9288
24,1152,128,8748,76.8167
24,1152,128,13122,112.6485
24,1152,128,16384,139.3708
24,1728,0,0,5.1244
24,1728,1,512,5.1577
24,1728,1,768,5.1741
24,1728,1,1152,5.1987
24,1728,1,1728,5.2355
24,1728,1,2592,5.2908
24,1728,1,3888,5.3738
24,1728,1,5832,5.4982
24,1728,1,8748,5.6848
24,1728,1,13122,5.9647
24,1728,1,16384,6.1735
24,1728,2,512,5.1910
24,1728,2,768,5.2237
24,1728,2,1152,5.2729
24,1728,2,1728,5.3466
24,1728,2,2592,5.4572
24,1728,2,3888,5.6231
24,1728,2,5832,5.8719
24,1728,2,8748,6.2452
24,1728,2,13122,6.8051
24,1728,2,16384,7.2226
24,1728,4,512,5.2575
24,1728,4,768,5.3231
24,1728,4,1152,5.4214
24,1728,4,1728,5.5688
24,1728,4,2592,5.7900
24,1728,4,3888,6.1218
24,1728,4,5832,6.6195
24,1728,4,8748,7.3660
24,1728,4,13122,8.4857
24,1728,4,16384,9.3208
24,1728,8,512,5.3907
24,1728,8,768,5.5217
24,1728,8,1152,5.7183
24,1728,8,1728,6.0132
24,1728,8,2592,6.4556
24,1728,8,3888,7.1192
24,1728,8,5832,8.1145
24,1728,8,8748,9.6075
24,1728,8,13122,11.8470
24,1728,8,16384,13.5171
24,1728,16,512,5.6569
24,1728,16,768,5.9190
24,1728,16,1152,6.3123
24,1728,16,1728,6.9021
24,1728,16,2592,7.7868
24,1728,16,3888,9.1139
24,1728,16,5832,11.1046
24,1728,16,8748,14.0906
24,1728,16,13122,18.5695
24,1728,16,16384,21.9098
24,1728,32,512,6.1894
24,1728,32,768,6.7137
24,1728,32,1152,7.5001
24,1728,32,1728,8.6797
24,1728,32,2592,10.4492
24,1728,32,3888,13.1034
24,1728,32,5832,17.0847
24,1728,32,8748,23.0567
24,1728,32,13122,32.0147
24,1728,32,16384,38.6952
24,1728,64,512,7.2543
24,1728,64,768,8.3029
24,1728,64,1152,9.8758
24,1728,64,1728,12.2351
24,1728,64,2592,15.7740
24,1728,64,3888,21.0824
24,1728,64,5832,29.0451
24,1728,64,8748,40.9890
24,1728,64,13122,58.9049
24,1728,64,16384,72.2660
24,1728,128,512,9.3843
24,1728,128,768,11.4814
24,1728,128,1152,14.6271
24,1728,128,1728,19.3457
24,1728,128,2592,26.4236
24,1728,128,3888,37.0404
24,1728,128,5832,52.9657
24,1728,128,8748,76.8536
24,1728,128,13122,112.6854
24,1728,128,16384,139.4077
24,2592,0,0,5.1797
24,2592,1,512,5.2130
24,2592,1,768,5.2294
24,2592,1,1152,5.2540
24,2592,1,1728,5.2908
24,2592,1,2592,5.3461
24,2592,1,3888,5.4291
24,2592,1,5832,5.5535
24,2592,1,8748,5.7401
24,2592,1,13122,6.0200
24,2592,1,16384,6.2288
24,2592,2,512,5.2463
24,2592,2,768,5.2790
24,2592,2,1152,5.3282
24,2592,2,1728,5.4019
24,2592,2,2592,5.5125
24,2592,2,3888,5.6784
24,2592,2,5832,5.9272
24,2592,2,8748,6.3005
24,2592,2,13122,6.8604
24,2592,2,16384,7.2779
24,2592,4,512,5.3128
24,2592,4,768,5.3784
24,2592,4,1152,5.4767
24,2592,4,1728,5.6241
24,2592,4,2592,5.8453
24,2592,4,3888,6.1771
24,2592,4,5832,6.6748
24,2592,4,8748,7.4212
24,2592,4,13122,8.5410
24,2592,4,16384,9.3761
24,2592,8,512,5.4460
24,2592,8,768,5.5770
24,2592,8,1152,5.7736
24,2592,8,1728,6.0685
24,2592,8,2592,6.5109
24,2592,8,3888,7.1745
24,2592,8,5832,8.1698
24,2592,8,8748,9.6628
24,2592,8,13122,11.9023
24,2592,8,16384,13.5724
24,2592,16,512,5.7122
24,2592,16,768,5.9743
24,2592,16,1152,6.3676
24,2592,16,1728,6.9574
24,2592,16,2592,7.8421
24,2592,16,3888,9.1692
24,2592,16,5832,11.1599
24,2592,16,8748,14.1459
24,2592,16,13122,18.6248
24,2592,16,16384,21.9651
24,2592,32,512,6.2447
24,2592,32,768,6.7690
24,2592,32,1152,7.5554
24,2592,32,1728,8.7350
24,2592,32,2592,10.5045
24,2592,32,3888,13.1587
24,2592,32,5832,17.1400
24,2592,32,8748,23.1120
24,2592,32,13122,32.0700
24,2592,32,16384,38.7505
24,2592,64,512,7.3096
24,2592,64,768,8.3582
24,2592,64,1152,9.9311
24,2592,64,1728,12.2904
24,2592,64,2592,15.8293
24,2592,64,3888,21.1377
24,2592,64,5832,29.1004
24,2592,64,8748,41.0443
24,2592,64,13122,58.9602
24,2592,64,16384,72.3213
24,2592,128,512,9.4396
24,2592,128,768,11.5367
24,2592,128,1152,14.6824
24,2592,128,1728,19.4010
24,2592,128,2592,26.4789
24,2592,128,3888,37.0957
24,2592,128,5832,53.0210
24,2592,128,8748,76.9089
24,2592,128,13122,112.7407
24,2592,128,16384,139.4630
24,3888,0,0,5.2627
24,3888,1,512,5.2959
24,3888,1,768,5.3123
24,3888,1,1152,5.3369
24,3888,1,1728,5.3738
24,3888,1,2592,5.4291
24,3888,1,3888,5.5120
24,3888,1,5832,5.6364
24,3888,1,8748,5.8230
24,3888,1,13122,6.1030
24,3888,1,16384,6.3117
24,3888,2,512,5.3292
24,3888,2,768,5.3620
24,3888,2,1152,5.4111
24,3888,2,1728,5.4849
24,3888,2,2592,5.5955
24,3888,2,3888,5.7613
24,3888,2,5832,6.0102
24,3888,2,8748,6.3834
24,3888,2,13122,6.9433
24,3888,2,16384,7.3608
24,3888,4,512,5.3958
24,3888,4,768,5.4613
24,3888,4,1152,5.5596
24,3888,4,1728,5.7071
24,3888,4,2592,5.9283
24,3888,4,3888,6.2600
24,3888,4,5832,6.7577
24,3888,4,8748,7.5042
24,3888,4,13122,8.6239
24,3888,4,16384,9.4590
24,3888,8,512,5.5289
24,3888,8,768,5.6600
24,3888,8,1152,5.8566
24,3888,8,1728,6.1515
24,3888,8,2592,6.5939
24,3888,8,3888,7.2574
24,3888,8,5832,8.2527
24,3888,8,8748,9.7457
24,3888,8,13122,11.9852
24,3888,8,16384,13.6554
24,3888,16,512,5.7951
24,3888,16,768,6.0573
24,3888,16,1152,6.4505
24,3888,16,1728,7.0403
24,3888,16,2592,7.9251
24,3888,16,3888,9.2522
24,3888,16,5832,11.2428
24,3888,16,8748,14.2288
24,3888,16,13122,18.7078
24,3888,16,16384,22.0481
24,3888,32,512,6.3276
24,3888,32,768,6.8519
24,3888,32,1152,7.6383
24,3888,32,1728,8.8180
24,3888,32,2592,10.5875
24,3888,32,3888,13.2417
24,3888,32,5832,17.2230
24,3888,32,8748,23.1949
24,3888,32,13122,32.1529
24,3888,32,16384,38.8335
24,3888,64,512,7.3926
24,3888,64,768,8.4412
24,3888,64,1152,10.0140
24,3888,64,1728,12.3733
24,3888,64,2592,15.9123
24,3888,64,3888,21.2207
24,3888,64,5832,29.1833
24,3888,64,8748,41.1272
24,3888,64,13122,59.0431
24,3888,64,16384,72.4043
24,3888,128,512,9.5225
24,3888,128,768,11.6196
24,3888,128,1152,14.7654
24,3888,128,1728,19.4840
24,3888,128,2592,26.5619
24,3888,128,3888,37.1787
24,3888,128,5832,53.1039
24,3888,128,8748,76.9918
24,3888,128,13122,112.8236
24,3888,128,16384,139.5459
24,5832,0,0,5.3871
24,5832,1,512,5.4204
24,5832,1,768,5.4367
24,5832,1,1152,5.4613
24,5832,1,1728,5.4982
24,5832,1,2592,5.5535
24,5832,1,3888,5.6364
24,5832,1,5832,5.7608
24,5832,1,8748,5.9475
24,5832,1,13122,6.2274
24,5832,1,16384,6.4362
24,5832,2,512,5.4536
24,5832,2,768,5.4864
24,5832,2,1152,5.5356
24,5832,2,1728,5.6093
24,5832,2,2592,5.7199
24,5832,2,3888,5.8858
24,5832,2,5832,6.1346
24,5832,2,8748,6.5078
24,5832,2,13122,7.0677
24,5832,2,16384,7.4852
24,5832,4,512,5.5202
24,5832,4,768,5.5857
24,5832,4,1152,5.6840
24,5832,4,1728,5.8315
24,5832,4,2592,6.0527
24,5832,4,3888,6.3844
24,5832,4,5832,6.8821
24,5832,4,8748,7.6286
24,5832,4,13122,8.7484
24,5832,4,16384,9.5834
24,5832,8,512,5.6533
24,5832,8,768,5.7844
24,5832,8,1152,5.9810
24,5832,8,1728,6.2759
24,5832,8,2592,6.7183
24,5832,8,3888,7.3818
24,5832,8,5832,8.3772
24,5832,8,8748,9.8701
24,5832,8,13122,12.1096
24,5832,8,16384,13.7798
24,5832,16,512,5.9196
24,5832,16,768,6.1817
24,5832,16,1152,6.5749
24,5832,16,1728,7.1647
24,5832,16,2592,8.0495
24,5832,16,3888,9.3766
24,5832,16,5832,11.3672
24,5832,16,8748,14.3532
24,5832,16,13122,18.8322
24,5832,16,16384,22.1725
24,5832,32,512,6.4520
24,5832,32,768,6.9763
24,5832,32,1152,7.7628
24,5832,32,1728,8.9424
24,5832,32,2592,10.7119
24,5832,32,3888,13.3661
24,5832,32,5832,17.3474
24,5832,32,8748,23.3194
24,5832,32,13122,32.2773
24,5832,32,16384,38.9579
24,5832,64,512,7.5170
24,5832,64,768,8.5656
24,5832,64,1152,10.1384
24,5832,64,1728,12.4977
24,5832,64,2592,16.0367
24,5832,64,3888,21.3451
24,5832,64,5832,29.3077
24,5832,64,8748,41.2516
24,5832,64,13122,59.1676
24,5832,64,16384,72.5287
24,5832,128,512,9.6469
24,5832,128,768,11.7441
24,5832,128,1152,14.8898
24,5832,128,1728,19.6084
24,5832,128,2592,26.6863
24,5832,128,3888,37.3031
24,5832,128,5832,53.2284
24,5832,128,8748,77.1162
24,5832,128,13122,112.9480
24,5832,128,16384,139.6703
24,8748,0,0,5.5737
24,8748,1,512,5.6070
24,8748,1,768,5.6234
24,8748,1,1152,5.6479
24,8748,1,1728,5.6848
24,8748,1,2592,5.7401
24,8748,1,3888,5.8230
24,8748,1,5832,5.9475
24,8748,1,8748,6.1341
24,8748,1,13122,6.4140
24,8748,1,16384,6.6228
24,8748,2,512,5.6403
24,8748,2,768,5.6730
24,8748,2,1152,5.7222
24,8748,2,1728,5.7959
24,8748,2,2592,5.9065
24,8748,2,3888,6.0724
24,8748,2,5832,6.3212
24,8748,2,8748,6.6945
24,8748,2,13122,7.2543
24,8748,2,16384,7.6719
24,8748,4,512,5.7068
24,8748,4,768,5.7724
24,8748,4,1152,5.8707
24,8748,4,1728,6.0181
24,8748,4,2592,6.2393
24,8748,4,3888,6.5711
24,8748,4,5832,7.0687
24,8748,4,8748,7.8152
24,8748,4,13122,8.9350
24,8748,4,16384,9.7700
24,8748,8,512,5.8399
24,8748,8,768,5.9710
24,8748,8,1152,6.1676
24,8748,8,1728,6.4625
24,8748,8,2592,6.9049
24,8748,8,3888,7.5684
24,8748,8,5832,8.5638
24,8748,8,8748,10.0568
24,8748,8,13122,12.2963
24,8748,8,16384,13.9664
24,8748,16,512,6.1062
24,8748,16,768,6.3683
24,8748,16,1152,6.7615
24,8748,16,1728,7.3514
24,8748,16,2592,8.2361
24,8748,16,3888,9.5632
24,8748,16,5832,11.5539
24,8748,16,8748,14.5398
24,8748,16,13122,19.0188
24,8748,16,16384,22.3591
24,8748,32,512,6.6387
24,8748,32,768,7.1629
24,8748,32,1152,7.9494
24,8748,32,1728,9.1290
24,8748,32,2592,10.8985
24,8748,32,3888,13.5527
24,8748,32,5832,17.5340
24,8748,32,8748,23.5060
24,8748,32,13122,32.4639
24,8748,32,16384,39.1445
24,8748,64,512,7.7036
24,8748,64,768,8.7522
24,8748,64,1152,10.3251
24,8748,64,1728,12.6844
24,8748,64,2592,16.2233
24,8748,64,3888,21.5317
24,8748,64,5832,29.4943
24,8748,64,8748,41.4383
24,8748,64,13122,59.3542
24,8748,64,16384,72.7153
24,8748,128,512,9.8335
24,8748,128,768,11.9307
24,8748,128,1152,15.0764
24,8748,128,1728,19.7950
24,8748,128,2592,26.8729
24,8748,128,3888,37.4897
24,8748,128,5832,53.4150
24,8748,128,8748,77.3028
24,8748,128,13122,113.1347
24,8748,128,16384,139.8570
24,13122,0,0,5.8536
24,13122,1,512,5.8869
24,13122,1,768,5.9033
24,13122,1,1152,5.9279
24,13122,1,1728,5.9647
24,13122,1,2592,6.0200
24,13122,1,3888,6.1030
24,13122,1,5832,6.2274
24,13122,1,8748,6.4140
24,13122,1,13122,6.6940
24,13122,1,16384,6.9027
24,13122,2,512,5.9202
24,13122,2,768,5.9530
24,13122,2,1152,6.0021
24,13122,2,1728,6.0758
24,13122,2,2592,6.1864
24,13122,2,3888,6.3523
24,13122,2,5832,6.6012
24,13122,2,8748,6.9744
24,13122,2,13122,7.5343
24,13122,2,16384,7.9518
24,13122,4,512,5.9868
24,13122,4,768,6.0523
24,13122,4,1152,6.1506
24,13122,4,1728,6.2980
24,13122,4,2592,6.5192
24,13122,4,3888,6.8510
24,13122,4,5832,7.3487
24,13122,4,8748,8.0952
24,13122,4,13122,9.2149
24,13122,4,16384,10.0500
24,13122,8,512,6.1199
24,13122,8,768,6.2509
24,13122,8,1152,6.4476
24,13122,8,1728,6.7425
24,13122,8,2592,7.1848
24,13122,8,3888,7.8484
24,13122,8,5832,8.8437
24,13122,8,8748,10.3367
24,13122,8,13122,12.5762
24,13122,8,16384,14.2463
24,13122,16,512,6.3861
24,13122,16,768,6.6483
24,13122,16,1152,7.0415
24,13122,16,1728,7.6313
24,13122,16,2592,8.5160
24,13122,16,3888,9.8431
24,13122,16,5832,11.8338
24,13122,16,8748,14.8198
24,13122,16,13122,19.2988
24,13122,16,16384,22.6390
24,13122,32,512,6.9186
24,13122,32,768,7.4429
24,13122,32,1152,8.2293
24,13122,32,1728,9.4090
24,13122,32,2592,11.1784
24,13122,32,3888,13.8326
24,13122,32,5832,17.8140
24,13122,32,8748,23.7859
24,13122,32,13122,32.7439
24,13122,32,16384,39.4244
24,13122,64,512,7.9836
24,13122,64,768,9.0321
24,13122,64,1152,10.6050
24,13122,64,1728,12.9643
24,13122,64,2592,16.5032
24,13122,64,3888,21.8116
24,13122,64,5832,29.7743
24,13122,64,8748,41.7182
24,13122,64,13122,59.6341
24,13122,64,16384,72.9953
24,13122,128,512,10.1135
24,13122,128,768,12.2106
24,13122,128,1152,15.3564
24,13122,128,1728,20.0749
24,13122,128,2592,27.1528
24,13122,128,3888,37.7697
24,13122,128,5832,53.6949
24,13122,128,8748,77.5828
24,13122,128,13122,113.4146
24,13122,128,16384,140.1369
24,16384,0,0,6.0624
24,16384,1,512,6.0957
24,16384,1,768,6.1121
24,16384,1,1152,6.1366
24,16384,1,1728,6.1735
24,16384,1,2592,6.2288
24,16384,1,3888,6.3117
24,16384,1,5832,6.4362
24,16384,1,8748,6.6228
24,16384,1,13122,6.9027
24,16384,1,16384,7.1115
24,16384,2,512,6.1290
24,16384,2,768,6.1617
24,16384,2,1152,6.2109
24,16384,2,1728,6.2846
24,16384,2,2592,6.3952
24,16384,2,3888,6.5611
24,16384,2,5832,6.8099
24,16384,2,8748,7.1832
24,16384,2,13122,7.7430
24,16384,2,16384,8.1606
24,16384,4,512,6.1955
24,16384,4,768,6.2611
24,16384,4,1152,6.3594
24,16384,4,1728,6.5068
24,16384,4,2592,6.7280
24,16384,4,3888,7.0598
24,16384,4,5832,7.5574
24,16384,4,8748,8.3039
24,16384,4,13122,9.4237
24,16384,4,16384,10.2588
24,16384,8,512,6.3286
24,16384,8,768,6.4597
24,16384,8,1152,6.6563
24,16384,8,1728,6.9512
24,16384,8,2592,7.3936
24,16384,8,3888,8.0572
24,16384,8,5832,9.0525
24,16384,8,8748,10.5455
24,16384,8,13122,12.7850
24,16384,8,16384,14.4551
24,16384,16,512,6.5949
24,16384,16,768,6.8570
24,16384,16,1152,7.2502
24,16384,16,1728,7.8401
24,16384,16,2592,8.7248
24,16384,16,3888,10.0519
24,16384,16,5832,12.0426
24,16384,16,8748,15.0285
24,16384,16,13122,19.5075
24,16384,16,16384,22.8478
24,16384,32,512,7.1274
24,16384,32,768,7.6516
24,16384,32,1152,8.4381
24,16384,32,1728,9.6177
24,16384,32,2592,11.3872
24,16384,32,3888,14.0414
24,16384,32,5832,18.0227
24,16384,32,8748,23.9947
24,16384,32,13122,32.9526
24,16384,32,16384,39.6332
24,16384,64,512,8.1923
24,16384,64,768,9.2409
24,16384,64,1152,10.8138
24,16384,64,1728,13.1731
24,16384,64,2592,16.7120
24,16384,64,3888,22.0204
24,16384,64,5832,29.9830
24,16384,64,8748,41.9270
24,16384,64,13122,59.8429
24,16384,64,16384,73.2040
24,16384,128,512,10.3222
24,16384,128,768,12.4194
24,16384,128,1152,15.5651
24,16384,128,1728,20.2837
24,16384,128,2592,27.3616
24,16384,128,3888,37.9784
24,16384,128,5832,53.9037
24,16384,128,8748,77.7916
24,16384,128,13122,113.6234
24,16384,128,16384,140.3457
32,0,0,0,5.0184
32,0,1,16,5.0200
32,0,1,32,5.0210
32,0,1,64,5.0230
32,0,1,128,5.0271
32,0,1,256,5.0353
32,0,1,512,5.0517
32,0,1,1024,5.0845
32,0,1,2048,5.1500
32,0,1,4096,5.2811
32,0,1,8192,5.5432
32,0,1,16384,6.0675
32,0,2,16,5.0215
32,0,2,32,5.0236
32,0,2,64,5.0276
32,0,2,128,5.0358
32,0,2,256,5.0522
32,0,2,512,5.0850
32,0,2,1024,5.1505
32,0,2,2048,5.2816
32,0,2,4096,5.5437
32,0,2,8192,6.0680
32,0,2,16384,7.1166
32,0,4,16,5.0246
32,0,4,32,5.0287
32,0,4,64,5.0369
32,0,4,128,5.0532
32,0,4,256,5.0860
32,0,4,512,5.1516
32,0,4,1024,5.2826
32,0,4,2048,5.5448
32,0,4,4096,6.0691
32,0,4,8192,7.1176
32,0,4,16384,9.2148
32,0,8,16,5.0307
32,0,8,32,5.0389
32,0,8,64,5.0553
32,0,8,128,5.0881
32,0,8,256,5.1536
32,0,8,512,5.2847
32,0,8,1024,5.5468
32,0,8,2048,6.0711
32,0,8,4096,7.1197
32,0,8,8192,9.2168
32,0,8,16384,13.4111
32,0,16,16,5.0430
32,0,16,32,5.0594
32,0,16,64,5.0922
32,0,16,128,5.1577
32,0,16,256,5.2888
32,0,16,512,5.5509
32,0,16,1024,6.0752
32,0,16,2048,7.1238
32,0,16,4096,9.2209
32,0,16,8192,13.4152
32,0,16,16384,21.8038
32,0,32,16,5.0676
32,0,32,32,5.1004
32,0,32,64,5.1659
32,0,32,128,5.2970
32,0,32,256,5.5591
32,0,32,512,6.0834
32,0,32,1024,7.1320
32,0,32,2048,9.2291
32,0,32,4096,13.4234
32,0,32,8192,21.8120
32,0,32,16384,38.5892
32,0,64,16,5.1167
32,0,64,32,5.1823
32,0,64,64,5.3133
32,0,64,128,5.5755
32,0,64,256,6.0998
32,0,64,512,7.1484
32,0,64,1024,9.2455
32,0,64,2048,13.4398
32,0,64,4096,21.8284
32,0,64,8192,38.6056
32,0,64,16384,72.1601
32,0,128,16,5.2150
32,0,128,32,5.3461
32,0,128,64,5.6083
32,0,128,128,6.1325
32,0,128,256,7.1811
32,0,128,512,9.2783
32,0,128,1024,13.4726
32,0,128,2048,21.8612
32,0,128,4096,38.6384
32,0,128,8192,72.1928
32,0,128,16384,139.3017
32,16,0,0,5.0195
32,16,1,16,5.0210
32,16,1,32,5.0220
32,16,1,64,5.0241
32,16,1,128,5.0282
32,16,1,256,5.0364
32,16,1,512,5.0527
32,16,1,1024,5.0855
32,16,1,2048,5.1510
32,16,1,4096,5.2821
32,16,1,8192,5.5443
32,16,1,16384,6.0685
32,16,2,16,5.0225
32,16,2,32,5.0246
32,16,2,64,5.0287
32,16,2,128,5.0369
32,16,2,256,5.0532
32,16,2,512,5.0860
32,16,2,1024,5.1516
32,16,2,2048,5.2826
32,16,2,4096,5.5448
32,16,2,8192,6.0691
32,16,2,16384,7.1176
32,16,4,16,5.0256
32,16,4,32,5.0297
32,16,4,64,5.0379
32,16,4,128,5.0543
32,16,4,256,5.0870
32,16,4,512,5.1526
32,16,4,1024,5.2836
32,16,4,2048,5.5458
32,16,4,4096,6.0701
32,16,4,8192,7.1187
32,16,4,16384,9.2158
32,16,8,16,5.0317
32,16,8,32,5.0399
32,16,8,64,5.0563
32,16,8,128,5.0891
32,16,8,256,5.1546
32,16,8,512,5.2857
32,16,8,1024,5.5478
32,16,8,2048,6.0721
32,16,8,4096,7.1207
32,16,8,8192,9.2179
32,16,8,16384,13.4122
32,16,16,16,5.0440
32,16,16,32,5.0604
32,16,16,64,5.0932
32,16,16,128,5.1587
32,16,16,256,5.2898
32,16,16,512,5.5519
32,16,16,1024,6.0762
32,16,16,2048,7.1248
32,16,16,4096,9.2220
32,16,16,8192,13.4163
32,16,16,16384,21.8049
32,16,32,16,5.0686
32,16,32,32,5.1014
32,16,32,64,5.1669
32,16,32,128,5.2980
32,16,32,256,5.5601
32,16,32,512,6.0844
32,16,32,1024,7.1330
32,16,32,2048,9.2301
32,16,32,4096,13.4244
32,16,32,8192,21.8131
32,16,32,16384,38.5903
32,16,64,16,5.1178
32,16,64,32,5.1833
32,16,64,64,5.3144
32,16,64,128,5.5765
32,16,64,256,6.1008
32,16,64,512,7.1494
32,16,64,1024,9.2465
32,16,64,2048,13.4408
32,16,64,4096,21.8294
32,16,64,8192,38.6067
32,16,64,16384,72.1611
32,16,128,16,5.2161
32,16,128,32,5.3471
32,16,128,64,5.6093
32,16,128,128,6.1336
32,16,128,256,7.1821
32,16,128,512,9.2793
32,16,128,1024,13.4736
32,16,128,2048,21.8622
32,16,128,4096,38.6394
32,16,128,8192,72.1939
32,16,128,16384,139.3027
32,32,0,0,5.0205
32,32,1,16,5.0220
32,32,1,32,5.0230
32,32,1,64,5.0251
32,32,1,128,5.0292
32,32,1,256,5.0374
32,32,1,512,5.0538
32,32,1,1024,5.0865
32,32,1,2048,5.1521
32,32,1,4096,5.2831
32,32,1,8192,5.5453
32,32,1,16384,6.0696
32,32,2,16,5.0236
32,32,2,32,5.0256
32,32,2,64,5.0297
32,32,2,128,5.0379
32,32,2,256,5.0543
32,32,2,512,5.0870
32,32,2,1024,5.1526
32,32,2,2048,5.2836
32,32,2,4096,5.5458
32,32,2,8192,6.0701
32,32,2,16384,7.1187
32,32,4,16,5.0266
32,32,4,32,5.0307
32,32,4,64,5.0389
32,32,4,128,5.0553
32,32,4,256,5.0881
32,32,4,512,5.1536
32,32,4,1024,5.2847
32,32,4,2048,5.5468
32,32,4,4096,6.0711
32,32,4,8192,7.1197
32,32,4,16384,9.2168
32,32,8,16,5.0328
32,32,8,32,5.0410
32,32,8,64,5.0573
32,32,8,128,5.0901
32,32,8,256,5.1556
32,32,8,512,5.2867
32,32,8,1024,5.5489
32,32,8,2048,6.0732
32,32,8,4096,7.1217
32,32,8,8192,9.2189
32,32,8,16384,13.4132
32,32,16,16,5.0451
32,32,16,32,5.0614
32,32,16,64,5.0942
32,32,16,128,5.1597
32,32,16,256,5.2908
32,32,16,512,5.5530
32,32,16,1024,6.0772
32,32,16,2048,7.1258
32,32,16,4096,9.2230
32,32,16,8192,13.4173
32,32,16,16384,21.8059
32,32,32,16,5.0696
32,32,32,32,5.1024
32,32,32,64,5.1679
32,32,32,128,5.2990
32,32,32,256,5.5612
32,32,32,512,6.0854
32,32,32,1024,7.1340
32,32,32,2048,9.2312
32,32,32,4096,13.4255
32,32,32,8192,21.8141
32,32,32,16384,38.5913
32,32,64,16,5.1188
32,32,64,32,5.1843
32,32,64,64,5.3154
32,32,64,128,5.5775
32,32,64,256,6.1018
32,32,64,512,7.1504
32,32,64,1024,9.2476
32,32,64,2048,13.4419
32,32,64,4096,21.8305
32,32,64,8192,38.6077
32,32,64,16384,72.1621
32,32,128,16,5.2171
32,32,128,32,5.3482
32,32,128,64,5.6103
32,32,128,128,6.1346
32,32,128,256,7.1832
32,32,128,512,9.2803
32,32,128,1024,13.4746
32,32,128,2048,21.8632
32,32,128,4096,38.6404
32,32,128,8192,72.1949
32,32,128,16384,139.3037
32,64,0,0,5.0225
32,64,1,16,5.0241
32,64,1,32,5.0251
32,64,1,64,5.0271
32,64,1,128,5.0312
32,64,1,256,5.0394
32,64,1,512,5.0558
32,64,1,1024,5.0886
32,64,1,2048,5.1541
32,64,1,4096,5.2852
32,64,1,8192,5.5473
32,64,1,16384,6.0716
32,64,2,16,5.0256
32,64,2,32,5.0276
32,64,2,64,5.0317
32,64,2,128,5.0399
32,64,2,256,5.0563
32,64,2,512,5.0891
32,64,2,1024,5.1546
32,64,2,2048,5.2857
32,64,2,4096,5.5478
32,64,2,8192,6.0721
32,64,2,16384,7.1207
32,64,4,16,5.0287
32,64,4,32,5.0328
32,64,4,64,5.0410
32,64,4,128,5.0573
32,64,4,256,5.0901
32,64,4,512,5.1556
32,64,4,1024,5.2867
32,64,4,2048,5.5489
32,64,4,4096,6.0732
32,64,4,8192,7.1217
32,64,4,16384,9.2189
32,64,8,16,5.0348
32,64,8,32,5.0430
32,64,8,64,5.0594
32,64,8,128,5.0922
32,64,8,256,5.1577
32,64,8,512,5.2888
32,64,8,1024,5.5509
32,64,8,2048,6.0752
32,64,8,4096,7.1238
32,64,8,8192,9.2209
32,64,8,16384,13.4152
32,64,16,16,5.0471
32,64,16,32,5.0635
32,64,16,64,5.0963
32,64,16,128,5.1618
32,64,16,256,5.2929
32,64,16,512,5.5550
32,64,16,1024,6.0793
32,64,16,2048,7.1279
32,64,16,4096,9.2250
32,64,16,8192,13.4193
32,64,16,16384,21.8079
32,64,32,16,5.0717
32,64,32,32,5.1044
32,64,32,64,5.1700
32,64,32,128,5.3011
32,64,32,256,5.5632
32,64,32,512,6.0875
32,64,32,1024,7.1361
32,64,32,2048,9.2332
32,64,32,4096,13.4275
32,64,32,8192,21.8161
32,64,32,16384,38.5933
32,64,64,16,5.1208
32,64,64,32,5.1864
32,64,64,64,5.3174
32,64,64,128,5.5796
32,64,64,256,6.1039
32,64,64,512,7.1524
32,64,64,1024,9.2496
32,64,64,2048,13.4439
32,64,64,4096,21.8325
32,64,64,8192,38.6097
32,64,64,16384,72.1642
32,64,128,16,5.2191
32,64,128,32,5.3502
32,64,128,64,5.6124
32,64,128,128,6.1366
32,64,128,256,7.1852
32,64,128,512,9.2824
32,64,128,1024,13.4767
32,64,128,2048,21.8653
32,64,128,4096,38.6425
32,64,128,8192,72.1969
32,64,128,16384,139.3058
32,128,0,0,5.0266
32,128,1,16,5.0282
32,128,1,32,5.0292
32,128,1,64,5.0312
32,128,1,128,5.0353
32,128,1,256,5.0435
32,128,1,512,5.0599
32,128,1,1024,5.0927
32,128,1,2048,5.1582
32,128,1,4096,5.2893
32,128,1,8192,5.5514
32,128,1,16384,6.0757
32,128,2,16,5.0297
32,128,2,32,5.0317
32,128,2,64,5.0358
32,128,2,128,5.0440
32,128,2,256,5.0604
32,128,2,512,5.0932
32,128,2,1024,5.1587
32,128,2,2048,5.2898
32,128,2,4096,5.5519
32,128,2,8192,6.0762
32,128,2,16384,7.1248
32,128,4,16,5.0328
32,128,4,32,5.0369
32,128,4,64,5.0451
32,128,4,128,5.0614
32,128,4,256,5.0942
32,128,4,512,5.1597
32,128,4,1024,5.2908
32,128,4,2048,5.5530
32,128,4,4096,6.0772
32,128,4,8192,7.1258
32,128,4,16384,9.2230
32,128,8,16,5.0389
32,128,8,32,5.0471
32,128,8,64,5.0635
32,128,8,128,5.0963
32,128,8,256,5.1618
32,128,8,512,5.2929
32,128,8,1024,5.5550
32,128,8,2048,6.0793
32,128,8,4096,7.1279
32,128,8,8192,9.2250
32,128,8,16384,13.4193
32,128,16,16,5.0512
32,128,16,32,5.0676
32,128,16,64,5.1004
32,128,16,128,5.1659
32,128,16,256,5.2970
32,128,16,512,5.5591
32,128,16,1024,6.0834
32,128,16,2048,7.1320
32,128,16,4096,9.2291
32,128,16,8192,13.4234
32,128,16,16384,21.8120
32,128,32,16,5.0758
32,128,32,32,5.1085
32,128,32,64,5.1741
32,128,32,128,5.3052
32,128,32,256,5.5673
32,128,32,512,6.0916
32,128,32,1024,7.1402
32,128,32,2048,9.2373
32,128,32,4096,13.4316
32,128,32,8192,21.8202
32,128,32,16384,38.5974
32,128,64,16,5.1249
32,128,64,32,5.1905
32,128,64,64,5.3215
32,128,64,128,5.5837
32,128,64,256,6.1080
32,128,64,512,7.1565
32,128,64,1024,9.2537
32,128,64,2048,13.4480
32,128,64,4096,21.8366
32,128,64,8192,38.6138
32,128,64,16384,72.1683
32,128,128,16,5.2232
32,128,128,32,5.3543
32,128,128,64,5.6164
32,128,128,128,6.1407
32,128,128,256,7.1893
32,128,128,512,9.2865
32,128,128,1024,13.4808
32,128,128,2048,21.8694
32,128,128,4096,38.6466
32,128,128,8192,72.2010
32,128,128,16384,139.3099
32,256,0,0,5.0348
32,256,1,16,5.0364
32,256,1,32,5.0374
32,256,1,64,5.0394
32,256,1,128,5.0435
32,256,1,256,5.0517
32,256,1,512,5.0681
32,256,1,1024,5.1009
32,256,1,2048,5.1664
32,256,1,4096,5.2975
32,256,1,8192,5.5596
32,256,1,16384,6.0839
32,256,2,16,5.0379
32,256,2,32,5.0399
32,256,2,64,5.0440
32,256,2,128,5.0522
32,256,2,256,5.0686
32,256,2,512,5.1014
32,256,2,1024,5.1669
32,256,2,2048,5.2980
32,256,2,4096,5.5601
32,256,2,8192,6.0844
32,256,2,16384,7.1330
32,256,4,16,5.0410
32,256,4,32,5.0451
32,256,4,64,5.0532
32,256,4,128,5.0696
32,256,4,256,5.1024
32,256,4,512,5.1679
32,256,4,1024,5.2990
32,256,4,2048,5.5612
32,256,4,4096,6.0854
32,256,4,8192,7.1340
32,256,4,16384,9.2312
32,256,8,16,5.0471
32,256,8,32,5.0553
32,256,8,64,5.0717
32,256,8,128,5.1044
32,256,8,256,5.1700
32,256,8,512,5.3011
32,256,8,1024,5.5632
32,256,8,2048,6.0875
32,256,8,4096,7.1361
32,256,8,8192,9.2332
32,256,8,16384,13.4275
32,256,16,16,5.0594
32,256,16,32,5.0758
32,256,16,64,5.1085
32,256,16,128,5.1741
32,256,16,256,5.3052
32,256,16,512,5.5673
32,256,16,1024,6.0916
32,256,16,2048,7.1402
32,256,16,4096,9.2373
32,256,16,8192,13.4316
32,256,16,16384,21.8202
32,256,32,16,5.0840
32,256,32,32,5.1167
32,256,32,64,5.1823
32,256,32,128,5.3133
32,256,32,256,5.5755
32,256,32,512,6.0998
32,256,32,1024,7.1484
32,256,32,2048,9.2455
32,256,32,4096,13.4398
32,256,32,8192,21.8284
32,256,32,16384,38.6056
32,256,64,16,5.1331
32,256,64,32,5.1987
32,256,64,64,5.3297
32,256,64,128,5.5919
32,256,64,256,6.1162
32,256,64,512,7.1647
32,256,64,1024,9.2619
32,256,64,2048,13.4562
32,256,64,4096,21.8448
32,256,64,8192,38.6220
32,256,64,16384,72.1764
32,256,128,16,5.2314
32,256,128,32,5.3625
32,256,128,64,5.6246
32,256,128,128,6.1489
32,256,128,256,7.1975
32,256,128,512,9.2947
32,256,128,1024,13.4890
32,256,128,2048,21.8776
32,256,128,4096,38.6548
32,256,128,8192,72.2092
32,256,128,16384,139.3181
32,512,0,0,5.0512
32,512,1,16,5.0527
32,512,1,32,5.0538
32,512,1,64,5.0558
32,512,1,128,5.0599
32,512,1,256,5.0681
32,512,1,512,5.0845
32,512,1,1024,5.1172
32,512,1,2048,5.1828
32,512,1,4096,5.3139
32,512,1,8192,5.5760
32,512,1,16384,6.1003
32,512,2,16,5.0543
32,512,2,32,5.0563
32,512,2,64,5.0604
32,512,2,128,5.0686
32,512,2,256,5.0850
32,512,2,512,5.1178
32,512,2,1024,5.1833
32,512,2,2048,5.3144
32,512,2,4096,5.5765
32,512,2,8192,6.1008
32,512,2,16384,7.1494
32,512,4,16,5.0573
32,512,4,32,5.0614
32,512,4,64,5.0696
32,512,4,128,5.0860
32,512,4,256,5.1188
32,512,4,512,5.1843
32,512,4,1024,5.3154
32,512,4,2048,5.5775
32,512,4,4096,6.1018
32,512,4,8192,7.1504
32,512,4,16384,9.2476
32,512,8,16,5.0635
32,512,8,32,5.0717
32,512,8,64,5.0881
32,512,8,128,5.1208
32,512,8,256,5.1864
32,512,8,512,5.3174
32,512,8,1024,5.5796
32,512,8,2048,6.1039
32,512,8,4096,7.1524
32,512,8,8192,9.2496
32,512,8,16384,13.4439
32,512,16,16,5.0758
32,512,16,32,5.0922
32,512,16,64,5.1249
32,512,16,128,5.1905
32,512,16,256,5.3215
32,512,16,512,5.5837
32,512,16,1024,6.1080
32,512,16,2048,7.1565
32,512,16,4096,9.2537
32,512,16,8192,13.4480
32,512,16,16384,21.8366
32,512,32,16,5.1004
32,512,32,32,5.1331
32,512,32,64,5.1987
32,512,32,128,5.3297
32,512,32,256,5.5919
32,512,32,512,6.1162
32,512,32,1024,7.1647
32,512,32,2048,9.2619
32,512,32,4096,13.4562
32,512,32,8192,21.8448
32,512,32,16384,38.6220
32,512,64,16,5.1495
32,512,64,32,5.2150
32,512,64,64,5.3461
32,512,64,128,5.6083
32,512,64,256,6.1325
32,512,64,512,7.1811
32,512,64,1024,9.2783
32,512,64,2048,13.4726
32,512,64,4096,21.8612
32,512,64,8192,38.6384
32,512,64,16384,72.1928
32,512,128,16,5.2478
32,512,128,32,5.3789
32,512,128,64,5.6410
32,512,128,128,6.1653
32,512,128,256,7.2139
32,512,128,512,9.3110
32,512,128,1024,13.5053
32,512,128,2048,21.8940
32,512,128,4096,38.6712
32,512,128,8192,72.2256
32,512,128,16384,139.3345
32,1024,0,0,5.0865
32,1024,1,16,5.0866
32,1024,1,32,5.0866
32,1024,1,64,5.0886
32,1024,1,128,5.0927
32,1024,1,256,5.1009
32,1024,1,512,5.1172
32,1024,1,1024,5.1500
32,1024,1,2048,5.2156
32,1024,1,4096,5.3466
32,1024,1,8192,5.6088
32,1024,1,16384,6.1331
32,1024,2,16,5.0870
32,1024,2,32,5.0891
32,1024,2,64,5.0932
32,1024,2,128,5.1014
32,1024,2,256,5.1178
32,1024,2,512,5.1505
32,1024,2,1024,5.2161
32,1024,2,2048,5.3471
32,1024,2,4096,5.6093
32,1024,2,8192,6.1336
32,1024,2,16384,7.1821
32,1024,4,16,5.0901
32,1024,4,32,5.0942
32,1024,4,64,5.1024
32,1024,4,128,5.1188
32,1024,4,256,5.1516
32,1024,4,512,5.2171
32,1024,4,1024,5.3482
32,1024,4,2048,5.6103
32,1024,4,4096,6.1346
32,1024,4,8192,7.1832
32,1024,4,16384,9.2803
32,1024,8,16,5.0963
32,1024,8,32,5.1044
32,1024,8,64,5.1208
32,1024,8,128,5.1536
32,1024,8,256,5.2191
32,1024,8,512,5.3502
32,1024,8,1024,5.6124
32,1024,8,2048,6.1366
32,1024,8,4096,7.1852
32,1024,8,8192,9.2824
32,1024,8,16384,13.4767
32,1024,16,16,5.1085
32,1024,16,32,5.1249
32,1024,16,64,5.1577
32,1024,16,128,5.2232
32,1024,16,256,5.3543
32,1024,16,512,5.6164
32,1024,16,1024,6.1407
32,1024,16,2048,7.1893
32,1024,16,4096,9.2865
32,1024,16,8192,13.4808
32,1024,16,16384,21.8694
32,1024,32,16,5.1331
32,1024,32,32,5.1659
32,1024,32,64,5.2314
32,1024,32,128,5.3625
32,1024,32,256,5.6246
32,1024,32,512,6.1489
32,1024,32,1024,7.1975
32,1024,32,2048,9.2947
32,1024,32,4096,13.4890
32,1024,32,8192,21.8776
32,1024,32,16384,38.6548
32,1024,64,16,5.1823
32,1024,64,32,5.2478
32,1024,64,64,5.3789
32,1024,64,128,5.6410
32,1024,64,256,6.1653
32,1024,64,512,7.2139
32,1024,64,1024,9.3110
32,1024,64,2048,13.5053
32,1024,64,4096,21.8940
32,1024,64,8192,38.6712
32,1024,64,16384,72.2256
32,1024,128,16,5.2806
32,1024,128,32,5.4116
32,1024,128,64,5.6738
32,1024,128,128,6.1981
32,1024,128,256,7.2467
32,1024,128,512,9.3438
32,1024,128,1024,13.5381
32,1024,128,2048,21.9267
32,1024,128,4096,38.7039
32,1024,128,8192,72.2584
32,1024,128,16384,139.3672
32,2048,0,0,5.1718
32,2048,1,16,5.1718
32,2048,1,32,5.1718
32,2048,1,64,5.1719
32,2048,1,128,5.1721
32,2048,1,256,5.1724
32,2048,1,512,5.1828
32,2048,1,1024,5.2156
32,2048,1,2048,5.2811
32,2048,1,4096,5.4122
32,2048,1,8192,5.6743
32,2048,1,16384,6.1986
32,2048,2,16,5.1718
32,2048,2,32,5.1719
32,2048,2,64,5.1721
32,2048,2,128,5.1724
32,2048,2,256,5.1833
32,2048,2,512,5.2161
32,2048,2,1024,5.2816
32,2048,2,2048,5.4127
32,2048,2,4096,5.6748
32,2048,2,8192,6.1991
32,2048,2,16384,7.2477
32,2048,4,16,5.1719
32,2048,4,32,5.1721
32,2048,4,64,5.1724
32,2048,4,128,5.1843
32,2048,4,256,5.2171
32,2048,4,512,5.2826
32,2048,4,1024,5.4137
32,2048,4,2048,5.6758
32,2048,4,4096,6.2001
32,2048,4,8192,7.2487
32,2048,4,16384,9.3459
32,2048,8,16,5.1721
32,2048,8,32,5.1724
32,2048,8,64,5.1864
32,2048,8,128,5.2191
32,2048,8,256,5.2847
32,2048,8,512,5.4157
32,2048,8,1024,5.6779
32,2048,8,2048,6.2022
32,2048,8,4096,7.2508
32,2048,8,8192,9.3479
32,2048,8,16384,13.5422
32,2048,16,16,5.1741
32,2048,16,32,5.1905
32,2048,16,64,5.2232
32,2048,16,128,5.2888
32,2048,16,256,5.4198
32,2048,16,512,5.6820
32,2048,16,1024,6.2063
32,2048,16,2048,7.2548
32,2048,16,4096,9.3520
32,2048,16,8192,13.5463
32,2048,16,16384,21.9349
32,2048,32,16,5.1987
32,2048,32,32,5.2314
32,2048,32,64,5.2970
32,2048,32,128,5.4280
32,2048,32,256,5.6902
32,2048,32,512,6.2145
32,2048,32,1024,7.2630
32,2048,32,2048,9.3602
32,2048,32,4096,13.5545
32,2048,32,8192,21.9431
32,2048,32,16384,38.7203
32,2048,64,16,5.2478
32,2048,64,32,5.3133
32,2048,64,64,5.4444
32,2048,64,128,5.7066
32,2048,64,256,6.2308
32,2048,64,512,7.2794
32,2048,64,1024,9.3766
32,2048,64,2048,13.5709
32,2048,64,4096,21.9595
32,2048,64,8192,38.7367
32,2048,64,16384,72.2911
32,2048,128,16,5.3461
32,2048,128,32,5.4772
32,2048,128,64,5.7393
32,2048,128,128,6.2636
32,2048,128,256,7.3122
32,2048,128,512,9.4093
32,2048,128,1024,13.6036
32,2048,128,2048,21.9923
32,2048,128,4096,38.7695
32,2048,128,8192,72.3239
32,2048,128,16384,139.4328
32,4096,0,0,5.3422
32,4096,1,16,5.3422
32,4096,1,32,5.3423
32,4096,1,64,5.3424
32,4096,1,128,5.3425
32,4096,1,256,5.3429
32,4096,1,512,5.3435
32,4096,1,1024,5.3466
32,4096,1,2048,5.4122
32,4096,1,4096,5.5432
32,4096,1,8192,5.8054
32,4096,1,16384,6.3297
32,4096,2,16,5.3423
32,4096,2,32,5.3424
32,4096,2,64,5.3425
32,4096,2,128,5.3429
32,4096,2,256,5.3435
32,4096,2,512,5.3471
32,4096,2,1024,5.4127
32,4096,2,2048,5.5437
32,4096,2,4096,5.8059
32,4096,2,8192,6.3302
32,4096,2,16384,7.3788
32,4096,4,16,5.3424
32,4096,4,32,5.3425
32,4096,4,64,5.3429
32,4096,4,128,5.3435
32,4096,4,256,5.3482
32,4096,4,512,5.4137
32,4096,4,1024,5.5448
32,4096,4,2048,5.8069
32,4096,4,4096,6.3312
32,4096,4,8192,7.3798
32,4096,4,16384,9.4769
32,4096,8,16,5.3425
32,4096,8,32,5.3429
32,4096,8,64,5.3435
32,4096,8,128,5.3502
32,4096,8,256,5.4157
32,4096,8,512,5.5468
32,4096,8,1024,5.8090
32,4096,8,2048,6.3332
32,4096,8,4096,7.3818
32,4096,8,8192,9.4790
32,4096,8,16384,13.6733
32,4096,16,16,5.3429
32,4096,16,32,5.3435
32,4096,16,64,5.3543
32,4096,16,128,5.4198
32,4096,16,256,5.5509
32,4096,16,512,5.8131
32,4096,16,1024,6.3373
32,4096,16,2048,7.3859
32,4096,16,4096,9.4831
32,4096,16,8192,13.6774
32,4096,16,16384,22.0660
32,4096,32,16,5.3435
32,4096,32,32,5.3625
32,4096,32,64,5.4280
32,4096,32,128,5.5591
32,4096,32,256,5.8212
32,4096,32,512,6.3455
32,4096,32,1024,7.3941
32,4096,32,2048,9.4913
32,4096,32,4096,13.6856
32,4096,32,8192,22.0742
32,4096,32,16384,38.8514
32,4096,64,16,5.3789
32,4096,64,32,5.4444
32,4096,64,64,5.5755
32,4096,64,128,5.8376
32,4096,64,256,6.3619
32,4096,64,512,7.4105
32,4096,64,1024,9.5076
32,4096,64,2048,13.7020
32,4096,64,4096,22.0906
32,4096,64,8192,38.8678
32,4096,64,16384,72.4222
32,4096,128,16,5.4772
32,4096,128,32,5.6083
32,4096,128,64,5.8704
32,4096,128,128,6.3947
32,4096,128,256,7.4433
32,4096,128,512,9.5404
32,4096,128,1024,13.7347
32,4096,128,2048,22.1233
32,4096,128,4096,38.9005
32,4096,128,8192,72.4550
32,4096,128,16384,139.5638
32,8192,0,0,5.6831
32,8192,1,16,5.6831
32,8192,1,32,5.6832
32,8192,1,64,5.6832
32,8192,1,128,5.6834
32,8192,1,256,5.6837
32,8192,1,512,5.6844
32,8192,1,1024,5.6857
32,8192,1,2048,5.6884
32,8192,1,4096,5.8054
32,8192,1,8192,6.0675
32,8192,1,16384,6.5918
32,8192,2,16,5.6832
32,8192,2,32,5.6832
32,8192,2,64,5.6834
32,8192,2,128,5.6837
32,8192,2,256,5.6844
32,8192,2,512,5.6857
32,8192,2,1024,5.6884
32,8192,2,2048,5.8059
32,8192,2,4096,6.0680
32,8192,2,8192,6.5923
32,8192,2,16384,7.6409
32,8192,4,16,5.6832
32,8192,4,32,5.6834
32,8192,4,64,5.6837
32,8192,4,128,5.6844
32,8192,4,256,5.6857
32,8192,4,512,5.6884
32,8192,4,1024,5.8069
32,8192,4,2048,6.0691
32,8192,4,4096,6.5933
32,8192,4,8192,7.6419
32,8192,4,16384,9.7391
32,8192,8,16,5.6834
32,8192,8,32,5.6837
32,8192,8,64,5.6844
32,8192,8,128,5.6857
32,8192,8,256,5.6884
32,8192,8,512,5.8090
32,8192,8,1024,6.0711
32,8192,8,2048,6.5954
32,8192,8,4096,7.6440
32,8192,8,8192,9.7411
32,8192,8,16384,13.9354
32,8192,16,16,5.6837
32,8192,16,32,5.6844
32,8192,16,64,5.6857
32,8192,16,128,5.6884
32,8192,16,256,5.8131
32,8192,16,512,6.0752
32,8192,16,1024,6.5995
32,8192,16,2048,7.6481
32,8192,16,4096,9.7452
32,8192,16,8192,13.9395
32,8192,16,16384,22.3281
32,8192,32,16,5.6844
32,8192,32,32,5.6857
32,8192,32,64,5.6902
32,8192,32,128,5.8212
32,8192,32,256,6.0834
32,8192,32,512,6.6077
32,8192,32,1024,7.6563
32,8192,32,2048,9.7534
32,8192,32,4096,13.9477
32,8192,32,8192,22.3363
32,8192,32,16384,39.1135
32,8192,64,16,5.6857
32,8192,64,32,5.7066
32,8192,64,64,5.8376
32,8192,64,128,6.0998
32,8192,64,256,6.6241
32,8192,64,512,7.6726
32,8192,64,1024,9.7698
32,8192,64,2048,13.9641
32,8192,64,4096,22.3527
32,8192,64,8192,39.1299
32,8192,64,16384,72.6844
32,8192,128,16,5.7393
32,8192,128,32,5.8704
32,8192,128,64,6.1325
32,8192,128,128,6.6568
32,8192,128,256,7.7054
32,8192,128,512,9.8026
32,8192,128,1024,13.9969
32,8192,128,2048,22.3855
32,8192,128,4096,39.1627
32,8192,128,8192,72.7171
32,8192,128,16384,139.8260
32,16384,0,0,6.3648
32,16384,1,16,6.3649
32,16384,1,32,6.3649
32,16384,1,64,6.3650
32,16384,1,128,6.3651
32,16384,1,256,6.3655
32,16384,1,512,6.3661
32,16384,1,1024,6.3675
32,16384,1,2048,6.3701
32,16384,1,4096,6.3755
32,16384,1,8192,6.5918
32,16384,1,16384,7.1161
32,16384,2,16,6.3649
32,16384,2,32,6.3650
32,16384,2,64,6.3651
32,16384,2,128,6.3655
32,16384,2,256,6.3661
32,16384,2,512,6.3675
32,16384,2,1024,6.3701
32,16384,2,2048,6.3755
32,16384,2,4096,6.5923
32,16384,2,8192,7.1166
32,16384,2,16384,8.1652
32,16384,4,16,6.3650
32,16384,4,32,6.3651
32,16384,4,64,6.3655
32,16384,4,128,6.3661
32,16384,4,256,6.3675
32,16384,4,512,6.3701
32,16384,4,1024,6.3755
32,16384,4,2048,6.5933
32,16384,4,4096,7.1176
32,16384,4,8192,8.1662
32,16384,4,16384,10.2634
32,16384,8,16,6.3651
32,16384,8,32,6.3655
32,16384,8,64,6.3661
32,16384,8,128,6.3675
32,16384,8,256,6.3701
32,16384,8,512,6.3755
32,16384,8,1024,6.5954
32,16384,8,2048,7.1197
32,16384,8,4096,8.1683
32,16384,8,8192,10.2654
32,16384,8,16384,14.4597
32,16384,16,16,6.3655
32,16384,16,32,6.3661
32,16384,16,64,6.3675
32,16384,16,128,6.3701
32,16384,16,256,6.3755
32,16384,16,512,6.5995
32,16384,16,1024,7.1238
32,16384,16,2048,8.1724
32,16384,16,4096,10.2695
32,16384,16,8192,14.4638
32,16384,16,16384,22.8524
32,16384,32,16,6.3661
32,16384,32,32,6.3675
32,16384,32,64,6.3701
32,16384,32,128,6.3755
32,16384,32,256,6.6077
32,16384,32,512,7.1320
32,16384,32,1024,8.1805
32,16384,32,2048,10.2777
32,16384,32,4096,14.4720
32,16384,32,8192,22.8606
32,16384,32,16384,39.6378
32,16384,64,16,6.3675
32,16384,64,32,6.3701
32,16384,64,64,6.3755
32,16384,64,128,6.6241
32,16384,64,256,7.1484
32,16384,64,512,8.1969
32,16384,64,1024,10.2941
32,16384,64,2048,14.4884
32,16384,64,4096,22.8770
32,16384,64,8192,39.6542
32,16384,64,16384,73.2086
32,16384,128,16,6.3701
32,16384,128,32,6.3947
32,16384,128,64,6.6568
32,16384,128,128,7.1811
32,16384,128,256,8.2297
32,16384,128,512,10.3268
32,16384,128,1024,14.5212
32,16384,128,2048,22.9098
32,16384,128,4096,39.6870
32,16384,128,8192,73.2414
32,16384,128,16384,140.3503
36,0,0,0,5.0207
36,0,1,512,5.0540
36,0,1,768,5.0704
36,0,1,1152,5.0950
36,0,1,1728,5.1318
36,0,1,2592,5.1871
36,0,1,3888,5.2701
36,0,1,5832,5.3945
36,0,1,8748,5.5811
36,0,1,13122,5.8611
36,0,1,16384,6.0698
36,0,2,512,5.0873
36,0,2,768,5.1201
36,0,2,1152,5.1692
36,0,2,1728,5.2429
36,0,2,2592,5.3535
36,0,2,3888,5.5194
36,0,2,5832,5.7683
36,0,2,8748,6.1415
36,0,2,13122,6.7014
36,0,2,16384,7.1189
36,0,4,512,5.1539
36,0,4,768,5.2194
36,0,4,1152,5.3177
36,0,4,1728,5.4652
36,0,4,2592,5.6863
36,0,4,3888,6.0181
36,0,4,5832,6.5158
36,0,4,8748,7.2623
36,0,4,13122,8.3820
36,0,4,16384,9.2171
36,0,8,512,5.2870
36,0,8,768,5.4180
36,0,8,1152,5.6147
36,0,8,1728,5.9096
36,0,8,2592,6.3519
36,0,8,3888,7.0155
36,0,8,5832,8.0108
36,0,8,8748,9.5038
36,0,8,13122,11.7433
36,0,8,16384,13.4134
36,0,16,512,5.5532
36,0,16,768,5.8154
36,0,16,1152,6.2086
36,0,16,1728,6.7984
36,0,16,2592,7.6831
36,0,16,3888,9.0102
36,0,16,5832,11.0009
36,0,16,8748,13.9869
36,0,16,13122,18.4659
36,0,16,16384,21.8061
36,0,32,512,6.0857
36,0,32,768,6.6100
36,0,32,1152,7.3964
36,0,32,1728,8.5761
36,0,32,2592,10.3455
36,0,32,3888,12.9997
36,0,32,5832,16.9811
36,0,32,8748,22.9530
36,0,32,13122,31.9110
36,0,32,16384,38.5916
36,0,64,512,7.1507
36,0,64,768,8.1992
36,0,64,1152,9.7721
36,0,64,1728,12.1314
36,0,64,2592,15.6703
36,0,64,3888,20.9788
36,0,64,5832,28.9414
36,0,64,8748,40.8853
36,0,64,13122,58.8012
36,0,64,16384,72.1624
36,0,128,512,9.2806
36,0,128,768,11.3777
36,0,128,1152,14.5235
36,0,128,1728,19.2420
36,0,128,2592,26.3199
36,0,128,3888,36.9368
36,0,128,5832,52.8620
36,0,128,8748,76.7499
36,0,128,13122,112.5817
36,0,128,16384,139.3040
36,512,0,0,5.0535
36,512,1,512,5.0868
36,512,1,768,5.1032
36,512,1,1152,5.1277
36,512,1,1728,5.1646
36,512,1,2592,5.2199
36,512,1,3888,5.3028
36,512,1,5832,5.4273
36,512,1,8748,5.6139
36,512,1,13122,5.8938
36,512,1,16384,6.1026
36,512,2,512,5.1201
36,512,2,768,5.1528
36,512,2,1152,5.2020
36,512,2,1728,5.2757
36,512,2,2592,5.3863
36,512,2,3888,5.5522
36,512,2,5832,5.8010
36,512,2,8748,6.1743
36,512,2,13122,6.7341
36,512,2,16384,7.1517
36,512,4,512,5.1866
36,512,4,768,5.2522
36,512,4,1152,5.3505
36,512,4,1728,5.4979
36,512,4,2592,5.7191
36,512,4,3888,6.0509
36,512,4,5832,6.5485
36,512,4,8748,7.2950
36,512,4,13122,8.4148
36,512,4,16384,9.2499
36,512,8,512,5.3197
36,512,8,768,5.4508
36,512,8,1152,5.6474
36,512,8,1728,5.9423
36,512,8,2592,6.3847
36,512,8,3888,7.0483
36,512,8,5832,8.0436
36,512,8,8748,9.5366
36,512,8,13122,11.7761
36,512,8,16384,13.4462
36,512,16,512,5.5860
36,512,16,768,5.8481
36,512,16,1152,6.2413
36,512,16,1728,6.8312
36,512,16,2592,7.7159
36,512,16,3888,9.0430
36,512,16,5832,11.0337
36,512,16,8748,14.0196
36,512,16,13122,18.4986
36,512,16,16384,21.8389
36,512,32,512,6.1185
36,512,32,768,6.6428
36,512,32,1152,7.4292
36,512,32,1728,8.6088
36,512,32,2592,10.3783
36,512,32,3888,13.0325
36,512,32,5832,17.0138
36,512,32,8748,22.9858
36,512,32,13122,31.9437
36,512,32,16384,38.6243
36,512,64,512,7.1834
36,512,64,768,8.2320
36,512,64,1152,9.8049
36,512,64,1728,12.1642
36,512,64,2592,15.7031
36,512,64,3888,21.0115
36,512,64,5832,28.9741
36,512,64,8748,40.9181
36,512,64,13122,58.8340
36,512,64,16384,72.1951
36,512,128,512,9.3133
36,512,128,768,11.4105
36,512,128,1152,14.5562
36,512,128,1728,19.2748
36,512,128,2592,26.3527
36,512,128,3888,36.9695
36,512,128,5832,52.8948
36,512,128,8748,76.7827
36,512,128,13122,112.6145
36,512,128,16384,139.3368
36,768,0,0,5.0736
36,768,1,512,5.1032
36,768,1,768,5.1196
36,768,1,1152,5.1441
36,768,1,1728,5.1810
36,768,1,2592,5.2363
36,768,1,3888,5.3192
36,768,1,5832,5.4436
36,768,1,8748,5.6303
36,768,1,13122,5.9102
36,768,1,16384,6.1190
36,768,2,512,5.1364
36,768,2,768,5.1692
36,768,2,1152,5.2184
36,768,2,1728,5.2921
36,768,2,2592,5.4027
36,768,2,3888,5.5686
36,768,2,5832,5.8174
36,768,2,8748,6.1907
36,768,2,13122,6.7505
36,768,2,16384,7.1681
36,768,4,512,5.2030
36,768,4,768,5.2685
36,768,4,1152,5.3668
36,768,4,1728,5.5143
36,768,4,2592,5.7355
36,768,4,3888,6.0673
36,768,4,5832,6.5649
36,768,4,8748,7.3114
36,768,4,13122,8.4312
36,768,4,16384,9.2662
36,768,8,512,5.3361
36,768,8,768,5.4672
36,768,8,1152,5.6638
36,768,8,1728,5.9587
36,768,8,2592,6.4011
36,768,8,3888,7.0646
36,768,8,5832,8.0600
36,768,8,8748,9.5530
36,768,8,13122,11.7924
36,768,8,16384,13.4626
36,768,16,512,5.6024
36,768,16,768,5.8645
36,768,16,1152,6.2577
36,768,16,1728,6.8476
36,768,16,2592,7.7323
36,768,16,3888,9.0594
36,768,16,5832,11.0500
36,768,16,8748,14.0360
36,768,16,13122,18.5150
36,768,16,16384,21.8553
36,768,32,512,6.1348
36,768,32,768,6.6591
36,768,32,1152,7.4456
36,768,32,1728,8.6252
36,768,32,2592,10.3947
36,768,32,3888,13.0489
36,768,32,5832,17.0302
36,768,32,8748,23.0022
36,768,32,13122,31.9601
36,768,32,16384,38.6407
36,768,64,512,7.1998
36,768,64,768,8.2484
36,768,64,1152,9.8212
36,768,64,1728,12.1805
36,768,64,2592,15.7195
36,768,64,3888,21.0279
36,768,64,5832,28.9905
36,768,64,8748,40.9345
36,768,64,13122,58.8504
36,768,64,16384,72.2115
36,768,128,512,9.3297
36,768,128,768,11.4269
36,768,128,1152,14.5726
36,768,128,1728,19.2912
36,768,128,2592,26.3691
36,768,128,3888,36.9859
36,768,128,5832,52.9112
36,768,128,8748,76.7990
36,768,128,13122,112.6308
36,768,128,16384,139.3532
36,1152,0,0,5.1095
36,1152,1,512,5.1277
36,1152,1,768,5.1441
36,1152,1,1152,5.1687
36,1152,1,1728,5.2056
36,1152,1,2592,5.2609
36,1152,1,3888,5.3438
36,1152,1,5832,5.4682
36,1152,1,8748,5.6548
36,1152,1,13122,5.9348
36,1152,1,16384,6.1436
36,1152,2,512,5.1610
36,1152,2,768,5.1938
36,1152,2,1152,5.2429
36,1152,2,1728,5.3167
36,1152,2,2592,5.4273
36,1152,2,3888,5.5932
36,1152,2,5832,5.8420
36,1152,2,8748,6.2152
36,1152,2,13122,6.7751
36,1152,2,16384,7.1926
36,1152,4,512,5.2276
36,1152,4,768,5.2931
36,1152,4,1152,5.3914
36,1152,4,1728,5.5389
36,1152,4,2592,5.7601
36,1152,4,3888,6.0918
36,1152,4,5832,6.5895
36,1152,4,8748,7.3360
36,1152,4,13122,8.4557
36,1152,4,16384,9.2908
36,1152,8,512,5.3607
36,1152,8,768,5.4918
36,1152,8,1152,5.6884
36,1152,8,1728,5.9833
36,1152,8,2592,6.4257
36,1152,8,3888,7.0892
36,1152,8,5832,8.0845
36,1152,8,8748,9.5775
36,1152,8,13122,11.8170
36,1152,8,16384,13.4872
36,1152,16,512,5.6269
36,1152,16,768,5.8891
36,1152,16,1152,6.2823
36,1152,16,1728,6.8721
36,1152,16,2592,7.7569
36,1152,16,3888,9.0840
36,1152,16,5832,11.0746
36,1152,16,8748,14.0606
36,1152,16,13122,18.5396
36,1152,16,16384,21.8799
36,1152,32,512,6.1594
36,1152,32,768,6.6837
36,1152,32,1152,7.4701
36,1152,32,1728,8.6498
36,1152,32,2592,10.4193
36,1152,32,3888,13.0735
36,1152,32,5832,17.0548
36,1152,32,8748,23.0268
36,1152,32,13122,31.9847
36,1152,32,16384,38.6653
36,1152,64,512,7.2244
36,1152,64,768,8.2730
36,1152,64,1152,9.8458
36,1152,64,1728,12.2051
36,1152,64,2592,15.7441
36,1152,64,3888,21.0525
36,1152,64,5832,29.0151
36,1152,64,8748,40.9590
36,1152,64,13122,58.8749
36,1152,64,16384,72.2361
36,1152,128,512,9.3543
36,1152,128,768,11.4515
36,1152,128,1152,14.5972
36,1152,128,1728,19.3158
36,1152,128,2592,26.3937
36,1152,128,3888,37.0105
36,1152,128,5832,52.9357
36,1152,128,8748,76.8236
36,1152,128,13122,112.6554
36,1152,128,16384,139.3777
36,1728,0,0,5.1635
36,1728,1,512,5.1648
36,1728,1,768,5.1810
36,1728,1,1152,5.2056
36,1728,1,1728,5.2424
36,1728,1,2592,5.2977
36,1728,1,3888,5.3807
36,1728,1,5832,5.5051
36,1728,1,8748,5.6917
36,1728,1,13122,5.9716
36,1728,1,16384,6.1804
36,1728,2,512,5.1979
36,1728,2,768,5.2307
36,1728,2,1152,5.2798
36,1728,2,1728,5.3535
36,1728,2,2592,5.4641
36,1728,2,3888,5.6300
36,1728,2,5832,5.8788
36,1728,2,8748,6.2521
36,1728,2,13122,6.8120
36,1728,2,16384,7.2295
36,1728,4,512,5.2644
36,1728,4,768,5.3300
36,1728,4,1152,5.4283
36,1728,4,1728,5.5757
36,1728,4,2592,5.7969
36,1728,4,3888,6.1287
36,1728,4,5832,6.6264
36,1728,4,8748,7.3729
36,1728,4,13122,8.4926
36,1728,4,16384,9.3277
36,1728,8,512,5.3976
36,1728,8,768,5.5286
36,1728,8,1152,5.7252
36,1728,8,1728,6.0202
36,1728,8,2592,6.4625
36,1728,8,3888,7.1261
36,1728,8,5832,8.1214
36,1728,8,8748,9.6144
36,1728,8,13122,11.8539
36,1728,8,16384,13.5240
36,1728,16,512,5.6638
36,1728,16,768,5.9260
36,1728,16,1152,6.3192
36,1728,16,1728,6.9090
36,1728,16,2592,7.7937
36,1728,16,3888,9.1208
36,1728,16,5832,11.1115
36,1728,16,8748,14.0975
36,1728,16,13122,18.5764
36,1728,16,16384,21.9167
36,1728,32,512,6.1963
36,1728,32,768,6.7206
36,1728,32,1152,7.5070
36,1728,32,1728,8.6867
36,1728,32,2592,10.4561
36,1728,32,3888,13.1103
36,1728,32,5832,17.0916
36,1728,32,8748,23.0636
36,1728,32,13122,32.0216
36,1728,32,16384,38.7021
36,1728,64,512,7.2612
36,1728,64,768,8.3098
36,1728,64,1152,9.8827
36,1728,64,1728,12.2420
36,1728,64,2592,15.7809
36,1728,64,3888,21.0893
36,1728,64,5832,29.0520
36,1728,64,8748,40.9959
36,1728,64,13122,58.9118
36,1728,64,16384,72.2730
36,1728,128,512,9.3912
36,1728,128,768,11.4883
36,1728,128,1152,14.6340
36,1728,128,1728,19.3526
36,1728,128,2592,26.4305
36,1728,128,3888,37.0474
36,1728,128,5832,52.9726
36,1728,128,8748,76.8605
36,1728,128,13122,112.6923
36,1728,128,16384,139.4146
36,2592,0,0,5.2444
36,2592,1,512,5.2457
36,2592,1,768,5.2464
36,2592,1,1152,5.2609
36,2592,1,1728,5.2977
36,2592,1,2592,5.3530
36,2592,1,3888,5.4360
36,2592,1,5832,5.5604
36,2592,1,8748,5.7470
36,2592,1,13122,6.0269
36,2592,1,16384,6.2357
36,2592,2,512,5.2532
36,2592,2,768,5.2860
36,2592,2,1152,5.3351
36,2592,2,1728,5.4088
36,2592,2,2592,5.5194
36,2592,2,3888,5.6853
36,2592,2,5832,5.9341
36,2592,2,8748,6.3074
36,2592,2,13122,6.8673
36,2592,2,16384,7.2848
36,2592,4,512,5.3197
36,2592,4,768,5.3853
36,2592,4,1152,5.4836
36,2592,4,1728,5.6310
36,2592,4,2592,5.8522
36,2592,4,3888,6.1840
36,2592,4,5832,6.6817
36,2592,4,8748,7.4282
36,2592,4,13122,8.5479
36,2592,4,16384,9.3830
36,2592,8,512,5.4529
36,2592,8,768,5.5839
36,2592,8,1152,5.7805
36,2592,8,1728,6.0755
36,2592,8,2592,6.5178
36,2592,8,3888,7.1814
36,2592,8,5832,8.1767
36,2592,8,8748,9.6697
36,2592,8,13122,11.9092
36,2592,8,16384,13.5793
36,2592,16,512,5.7191
36,2592,16,768,5.9812
36,2592,16,1152,6.3745
36,2592,16,1728,6.9643
36,2592,16,2592,7.8490
36,2592,16,3888,9.1761
36,2592,16,5832,11.1668
36,2592,16,8748,14.1528
36,2592,16,13122,18.6317
36,2592,16,16384,21.9720
36,2592,32,512,6.2516
36,2592,32,768,6.7759
36,2592,32,1152,7.5623
36,2592,32,1728,8.7420
36,2592,32,2592,10.5114
36,2592,32,3888,13.1656
36,2592,32,5832,17.1469
36,2592,32,8748,23.1189
36,2592,32,13122,32.0769
36,2592,32,16384,38.7574
36,2592,64,512,7.3165
36,2592,64,768,8.3651
36,2592,64,1152,9.9380
36,2592,64,1728,12.2973
36,2592,64,2592,15.8362
36,2592,64,3888,21.1446
36,2592,64,5832,29.1073
36,2592,64,8748,41.0512
36,2592,64,13122,58.9671
36,2592,64,16384,72.3283
36,2592,128,512,9.4465
36,2592,128,768,11.5436
36,2592,128,1152,14.6893
36,2592,128,1728,19.4079
36,2592,128,2592,26.4858
36,2592,128,3888,37.1027
36,2592,128,5832,53.0279
36,2592,128,8748,76.9158
36,2592,128,13122,112.7476
36,2592,128,16384,139.4699
36,3888,0,0,5.3657
36,3888,1,512,5.3670
36,3888,1,768,5.3677
36,3888,1,1152,5.3687
36,3888,1,1728,5.3807
36,3888,1,2592,5.4360
36,3888,1,3888,5.5189
36,3888,1,5832,5.6433
36,3888,1,8748,5.8300
36,3888,1,13122,6.1099
36,3888,1,16384,6.3187
36,3888,2,512,5.3684
36,3888,2,768,5.3697
36,3888,2,1152,5.4180
36,3888,2,1728,5.4918
36,3888,2,2592,5.6024
36,3888,2,3888,5.7683
36,3888,2,5832,6.0171
36,3888,2,8748,6.3903
36,3888,2,13122,6.9502
36,3888,2,16384,7.3677
36,3888,4,512,5.4027
36,3888,4,768,5.4682
36,3888,4,1152,5.5665
36,3888,4,1728,5.7140
36,3888,4,2592,5.9352
36,3888,4,3888,6.2669
36,3888,4,5832,6.7646
36,3888,4,8748,7.5111
36,3888,4,13122,8.6308
36,3888,4,16384,9.4659
36,3888,8,512,5.5358
36,3888,8,768,5.6669
36,3888,8,1152,5.8635
36,3888,8,1728,6.1584
36,3888,8,2592,6.6008
36,3888,8,3888,7.2643
36,3888,8,5832,8.2596
36,3888,8,8748,9.7526
36,3888,8,13122,11.9921
36,3888,8,16384,13.6623
36,3888,16,512,5.8020
36,3888,16,768,6.0642
36,3888,16,1152,6.4574
36,3888,16,1728,7.0472
36,3888,16,2592,7.9320
36,3888,16,3888,9.2591
36,3888,16,5832,11.2497
36,3888,16,8748,14.2357
36,3888,16,13122,18.7147
36,3888,16,16384,22.0550
36,3888,32,512,6.3345
36,3888,32,768,6.8588
36,3888,32,1152,7.6452
36,3888,32,1728,8.8249
36,3888,32,2592,10.5944
36,3888,32,3888,13.2486
36,3888,32,5832,17.2299
36,3888,32,8748,23.2019
36,3888,32,13122,32.1598
36,3888,32,16384,38.8404
36,3888,64,512,7.3995
36,3888,64,768,8.4481
36,3888,64,1152,10.0209
36,3888,64,1728,12.3802
36,3888,64,2592,15.9192
36,3888,64,3888,21.2276
36,3888,64,5832,29.1902
36,3888,64,8748,41.1341
36,3888,64,13122,59.0500
36,3888,64,16384,72.4112
36,3888,128,512,9.5294
36,3888,128,768,11.6266
36,3888,128,1152,14.7723
36,3888,128,1728,19.4909
36,3888,128,2592,26.5688
36,3888,128,3888,37.1856
36,3888,128,5832,53.1108
36,3888,128,8748,76.9987
36,3888,128,13122,112.8305
36,3888,128,16384,139.5528
36,5832,0,0,5.5477
36,5832,1,512,5.5490
36,5832,1,768,5.5497
36,5832,1,1152,5.5507
36,5832,1,1728,5.5522
36,5832,1,2592,5.5604
36,5832,1,3888,5.6433
36,5832,1,5832,5.7677
36,5832,1,8748,5.9544
36,5832,1,13122,6.2343
36,5832,1,16384,6.4431
36,5832,2,512,5.5504
36,5832,2,768,5.5517
36,5832,2,1152,5.5537
36,5832,2,1728,5.6162
36,5832,2,2592,5.7268
36,5832,2,3888,5.8927
36,5832,2,5832,6.1415
36,5832,2,8748,6.5148
36,5832,2,13122,7.0746
36,5832,2,16384,7.4922
36,5832,4,512,5.5530
36,5832,4,768,5.5926
36,5832,4,1152,5.6909
36,5832,4,1728,5.8384
36,5832,4,2592,6.0596
36,5832,4,3888,6.3914
36,5832,4,5832,6.8890
36,5832,4,8748,7.6355
36,5832,4,13122,8.7553
36,5832,4,16384,9.5903
36,5832,8,512,5.6602
36,5832,8,768,5.7913
36,5832,8,1152,5.9879
36,5832,8,1728,6.2828
36,5832,8,2592,6.7252
36,5832,8,3888,7.3887
36,5832,8,5832,8.3841
36,5832,8,8748,9.8771
36,5832,8,13122,12.1165
36,5832,8,16384,13.7867
36,5832,16,512,5.9265
36,5832,16,768,6.1886
36,5832,16,1152,6.5818
36,5832,16,1728,7.1716
36,5832,16,2592,8.0564
36,5832,16,3888,9.3835
36,5832,16,5832,11.3741
36,5832,16,8748,14.3601
36,5832,16,13122,18.8391
36,5832,16,16384,22.1794
36,5832,32,512,6.4589
36,5832,32,768,6.9832
36,5832,32,1152,7.7697
36,5832,32,1728,8.9493
36,5832,32,2592,10.7188
36,5832,32,3888,13.3730
36,5832,32,5832,17.3543
36,5832,32,8748,23.3263
36,5832,32,13122,32.2842
36,5832,32,16384,38.9648
36,5832,64,512,7.5239
36,5832,64,768,8.5725
36,5832,64,1152,10.1453
36,5832,64,1728,12.5046
36,5832,64,2592,16.0436
36,5832,64,3888,21.3520
36,5832,64,5832,29.3146
36,5832,64,8748,41.2586
36,5832,64,13122,59.1745
36,5832,64,16384,72.5356
36,5832,128,512,9.6538
36,5832,128,768,11.7510
36,5832,128,1152,14.8967
36,5832,128,1728,19.6153
36,5832,128,2592,26.6932
36,5832,128,3888,37.3100
36,5832,128,5832,53.2353
36,5832,128,8748,77.1231
36,5832,128,13122,112.9549
36,5832,128,16384,139.6772
36,8748,0,0,5.8207
36,8748,1,512,5.8220
36,8748,1,768,5.8227
36,8748,1,1152,5.8237
36,8748,1,1728,5.8252
36,8748,1,2592,5.8274
36,8748,1,3888,5.8308
36,8748,1,5832,5.9544
36,8748,1,8748,6.1410
36,8748,1,13122,6.4209
36,8748,1,16384,6.6297
36,8748,2,512,5.8234
36,8748,2,768,5.8247
36,8748,2,1152,5.8267
36,8748,2,1728,5.8297
36,8748,2,2592,5.9134
36,8748,2,3888,6.0793
36,8748,2,5832,6.3281
36,8748,2,8748,6.7014
36,8748,2,13122,7.2612
36,8748,2,16384,7.6788
36,8748,4,512,5.8260
36,8748,4,768,5.8287
36,8748,4,1152,5.8776
36,8748,4,1728,6.0250
36,8748,4,2592,6.2462
36,8748,4,3888,6.5780
36,8748,4,5832,7.0756
36,8748,4,8748,7.8221
36,8748,4,13122,8.9419
36,8748,4,16384,9.7770
36,8748,8,512,5.8468
36,8748,8,768,5.9779
36,8748,8,1152,6.1745
36,8748,8,1728,6.4694
36,8748,8,2592,6.9118
36,8748,8,3888,7.5754
36,8748,8,5832,8.5707
36,8748,8,8748,10.0637
36,8748,8,13122,12.3032
36,8748,8,16384,13.9733
36,8748,16,512,6.1131
36,8748,16,768,6.3752
36,8748,16,1152,6.7684
36,8748,16,1728,7.3583
36,8748,16,2592,8.2430
36,8748,16,3888,9.5701
36,8748,16,5832,11.5608
36,8748,16,8748,14.5468
36,8748,16,13122,19.0257
36,8748,16,16384,22.3660
36,8748,32,512,6.6456
36,8748,32,768,7.1699
36,8748,32,1152,7.9563
36,8748,32,1728,9.1359
36,8748,32,2592,10.9054
36,8748,32,3888,13.5596
36,8748,32,5832,17.5409
36,8748,32,8748,23.5129
36,8748,32,13122,32.4708
36,8748,32,16384,39.1514
36,8748,64,512,7.7105
36,8748,64,768,8.7591
36,8748,64,1152,10.3320
36,8748,64,1728,12.6913
36,8748,64,2592,16.2302
36,8748,64,3888,21.5386
36,8748,64,5832,29.5012
36,8748,64,8748,41.4452
36,8748,64,13122,59.3611
36,8748,64,16384,72.7222
36,8748,128,512,9.8404
36,8748,128,768,11.9376
36,8748,128,1152,15.0833
36,8748,128,1728,19.8019
36,8748,128,2592,26.8798
36,8748,128,3888,37.4966
36,8748,128,5832,53.4219
36,8748,128,8748,77.3098
36,8748,128,13122,113.1416
36,8748,128,16384,139.8639
36,13122,0,0,6.2302
36,13122,1,512,6.2315
36,13122,1,768,6.2322
36,13122,1,1152,6.2332
36,13122,1,1728,6.2347
36,13122,1,2592,6.2369
36,13122,1,3888,6.2403
36,13122,1,5832,6.2454
36,13122,1,8748,6.4209
36,13122,1,13122,6.7009
36,13122,1,16384,6.9096
36,13122,2,512,6.2329
36,13122,2,768,6.2342
36,13122,2,1152,6.2362
36,13122,2,1728,6.2392
36,13122,2,2592,6.2437
36,13122,2,3888,6.3592
36,13122,2,5832,6.6081
36,13122,2,8748,6.9813
36,13122,2,13122,7.5412
36,13122,2,16384,7.9587
36,13122,4,512,6.2355
36,13122,4,768,6.2382
36,13122,4,1152,6.2422
36,13122,4,1728,6.3050
36,13122,4,2592,6.5261
36,13122,4,3888,6.8579
36,13122,4,5832,7.3556
36,13122,4,8748,8.1021
36,13122,4,13122,9.2218
36,13122,4,16384,10.0569
36,13122,8,512,6.2409
36,13122,8,768,6.2579
36,13122,8,1152,6.4545
36,13122,8,1728,6.7494
36,13122,8,2592,7.1917
36,13122,8,3888,7.8553
36,13122,8,5832,8.8506
36,13122,8,8748,10.3436
36,13122,8,13122,12.5831
36,13122,8,16384,14.2532
36,13122,16,512,6.3930
36,13122,16,768,6.6552
36,13122,16,1152,7.0484
36,13122,16,1728,7.6382
36,13122,16,2592,8.5229
36,13122,16,3888,9.8500
36,13122,16,5832,11.8407
36,13122,16,8748,14.8267
36,13122,16,13122,19.3057
36,13122,16,16384,22.6460
36,13122,32,512,6.9255
36,13122,32,768,7.4498
36,13122,32,1152,8.2362
36,13122,32,1728,9.4159
36,13122,32,2592,11.1853
36,13122,32,3888,13.8396
36,13122,32,5832,17.8209
36,13122,32,8748,23.7928
36,13122,32,13122,32.7508
36,13122,32,16384,39.4314
36,13122,64,512,7.9905
36,13122,64,768,9.0390
36,13122,64,1152,10.6119
36,13122,64,1728,12.9712
36,13122,64,2592,16.5101
36,13122,64,3888,21.8186
36,13122,64,5832,29.7812
36,13122,64,8748,41.7251
36,13122,64,13122,59.6410
36,13122,64,16384,73.0022
36,13122,128,512,10.1204
36,13122,128,768,12.2175
36,13122,128,1152,15.3633
36,13122,128,1728,20.0819
36,13122,128,2592,27.1597
36,13122,128,3888,37.7766
36,13122,128,5832,53.7018
36,13122,128,8748,77.5897
36,13122,128,13122,113.4215
36,13122,128,16384,140.1438
36,16384,0,0,6.5356
36,16384,1,512,6.5369
36,16384,1,768,6.5376
36,16384,1,1152,6.5386
36,16384,1,1728,6.5401
36,16384,1,2592,6.5423
36,16384,1,3888,6.5457
36,16384,1,5832,6.5508
36,16384,1,8748,6.6297
36,16384,1,13122,6.9096
36,16384,1,16384,7.1184
36,16384,2,512,6.5383
36,16384,2,768,6.5396
36,16384,2,1152,6.5416
36,16384,2,1728,6.5446
36,16384,2,2592,6.5491
36,16384,2,3888,6.5680
36,16384,2,5832,6.8168
36,16384,2,8748,7.1901
36,16384,2,13122,7.7500
36,16384,2,16384,8.1675
36,16384,4,512,6.5409
36,16384,4,768,6.5436
36,16384,4,1152,6.5476
36,16384,4,1728,6.5536
36,16384,4,2592,6.7349
36,16384,4,3888,7.0667
36,16384,4,5832,7.5644
36,16384,4,8748,8.3108
36,16384,4,13122,9.4306
36,16384,4,16384,10.2657
36,16384,8,512,6.5463
36,16384,8,768,6.5516
36,16384,8,1152,6.6632
36,16384,8,1728,6.9581
36,16384,8,2592,7.4005
36,16384,8,3888,8.0641
36,16384,8,5832,9.0594
36,16384,8,8748,10.5524
36,16384,8,13122,12.7919
36,16384,8,16384,14.4620
36,16384,16,512,6.6018
36,16384,16,768,6.8639
36,16384,16,1152,7.2572
36,16384,16,1728,7.8470
36,16384,16,2592,8.7317
36,16384,16,3888,10.0588
36,16384,16,5832,12.0495
36,16384,16,8748,15.0355
36,16384,16,13122,19.5144
36,16384,16,16384,22.8547
36,16384,32,512,7.1343
36,16384,32,768,7.6586
36,16384,32,1152,8.4450
36,16384,32,1728,9.6246
36,16384,32,2592,11.3941
36,16384,32,3888,14.0483
36,16384,32,5832,18.0296
36,16384,32,8748,24.0016
36,16384,32,13122,32.9596
36,16384,32,16384,39.6401
36,16384,64,512,8.1992
36,16384,64,768,9.2478
36,16384,64,1152,10.8207
36,16384,64,1728,13.1800
36,16384,64,2592,16.7189
36,16384,64,3888,22.0273
36,16384,64,5832,29.9900
36,16384,64,8748,41.9339
36,16384,64,13122,59.8498
36,16384,64,16384,73.2109
36,16384,128,512,10.3292
36,16384,128,768,12.4263
36,16384,128,1152,15.5720
36,16384,128,1728,20.2906
36,16384,128,2592,27.3685
36,16384,128,3888,37.9853
36,16384,128,5832,53.9106
36,16384,128,8748,77.7985
36,16384,128,13122,113.6303
36,16384,128,16384,140.3526
54,0,0,0,5.0311
54,0,1,512,5.0644
54,0,1,768,5.0808
54,0,1,1152,5.1053
54,0,1,1728,5.1422
54,0,1,2592,5.1975
54,0,1,3888,5.2804
54,0,1,5832,5.4049
54,0,1,8748,5.5915
54,0,1,13122,5.8714
54,0,1,16384,6.0802
54,0,2,512,5.0977
54,0,2,768,5.1304
54,0,2,1152,5.1796
54,0,2,1728,5.2533
54,0,2,2592,5.3639
54,0,2,3888,5.5298
54,0,2,5832,5.7786
54,0,2,8748,6.1519
54,0,2,13122,6.7117
54,0,2,16384,7.1293
54,0,4,512,5.1642
54,0,4,768,5.2298
54,0,4,1152,5.3281
54,0,4,1728,5.4755
54,0,4,2592,5.6967
54,0,4,3888,6.0285
54,0,4,5832,6.5261
54,0,4,8748,7.2726
54,0,4,13122,8.3924
54,0,4,16384,9.2275
54,0,8,512,5.2973
54,0,8,768,5.4284
54,0,8,1152,5.6250
54,0,8,1728,5.9199
54,0,8,2592,6.3623
54,0,8,3888,7.0259
54,0,8,5832,8.0212
54,0,8,8748,9.5142
54,0,8,13122,11.7537
54,0,8,16384,13.4238
54,0,16,512,5.5636
54,0,16,768,5.8257
54,0,16,1152,6.2189
54,0,16,1728,6.8088
54,0,16,2592,7.6935
54,0,16,3888,9.0206
54,0,16,5832,11.0113
54,0,16,8748,13.9972
54,0,16,13122,18.4762
54,0,16,16384,21.8165
54,0,32,512,6.0961
54,0,32,768,6.6204
54,0,32,1152,7.4068
54,0,32,1728,8.5864
54,0,32,2592,10.3559
54,0,32,3888,13.0101
54,0,32,5832,16.9914
54,0,32,8748,22.9634
54,0,32,13122,31.9213
54,0,32,16384,38.6019
54,0,64,512,7.1610
54,0,64,768,8.2096
54,0,64,1152,9.7825
54,0,64,1728,12.1418
54,0,64,2592,15.6807
54,0,64,3888,20.9891
54,0,64,5832,28.9517
54,0,64,8748,40.8957
54,0,64,13122,58.8116
54,0,64,16384,72.1727
54,0,128,512,9.2909
54,0,128,768,11.3881
54,0,128,1152,14.5338
54,0,128,1728,19.2524
54,0,128,2592,26.3303
54,0,128,3888,36.9471
54,0,128,5832,52.8724
54,0,128,8748,76.7603
54,0,128,13122,112.5921
54,0,128,16384,139.3144
54,512,0,0,5.0757
54,512,1,512,5.0972
54,512,1,768,5.1135
54,512,1,1152,5.1381
54,512,1,1728,5.1750
54,512,1,2592,5.2303
54,512,1,3888,5.3132
54,512,1,5832,5.4376
54,512,1,8748,5.6243
54,512,1,13122,5.9042
54,512,1,16384,6.1130
54,512,2,512,5.1304
54,512,2,768,5.1632
54,512,2,1152,5.2124
54,512,2,1728,5.2861
54,512,2,2592,5.3967
54,512,2,3888,5.5626
54,512,2,5832,5.8114
54,512,2,8748,6.1846
54,512,2,13122,6.7445
54,512,2,16384,7.1620
54,512,4,512,5.1970
54,512,4,768,5.2625
54,512,4,1152,5.3608
54,512,4,1728,5.5083
54,512,4,2592,5.7295
54,512,4,3888,6.0612
54,512,4,5832,6.5589
54,512,4,8748,7.3054
54,512,4,13122,8.4252
54,512,4,16384,9.2602
54,512,8,512,5.3301
54,512,8,768,5.4612
54,512,8,1152,5.6578
54,512,8,1728,5.9527
54,512,8,2592,6.3951
54,512,8,3888,7.0586
54,512,8,5832,8.0540
54,512,8,8748,9.5469
54,512,8,13122,11.7864
54,512,8,16384,13.4566
54,512,16,512,5.5964
54,512,16,768,5.8585
54,512,16,1152,6.2517
54,512,16,1728,6.8415
54,512,16,2592,7.7263
54,512,16,3888,9.0534
54,512,16,5832,11.0440
54,512,16,8748,14.0300
54,512,16,13122,18.5090
54,512,16,16384,21.8493
54,512,32,512,6.1288
54,512,32,768,6.6531
54,512,32,1152,7.4396
54,512,32,1728,8.6192
54,512,32,2592,10.3887
54,512,32,3888,13.0429
54,512,32,5832,17.0242
54,512,32,8748,22.9962
54,512,32,13122,31.9541
54,512,32,16384,38.6347
54,512,64,512,7.1938
54,512,64,768,8.2424
54,512,64,1152,9.8152
54,512,64,1728,12.1745
54,512,64,2592,15.7135
54,512,64,3888,21.0219
54,512,64,5832,28.9845
54,512,64,8748,40.9284
54,512,64,13122,58.8444
54,512,64,16384,72.2055
54,512,128,512,9.3237
54,512,128,768,11.4209
54,512,128,1152,14.5666
54,512,128,1728,19.2852
54,512,128,2592,26.3631
54,512,128,3888,36.9799
54,512,128,5832,52.9052
54,512,128,8748,76.7930
54,512,128,13122,112.6248
54,512,128,16384,139.3471
54,768,0,0,5.1116
54,768,1,512,5.1135
54,768,1,768,5.1299
54,768,1,1152,5.1545
54,768,1,1728,5.1914
54,768,1,2592,5.2467
54,768,1,3888,5.3296
54,768,1,5832,5.4540
54,768,1,8748,5.6406
54,768,1,13122,5.9206
54,768,1,16384,6.1293
54,768,2,512,5.1468
54,768,2,768,5.1796
54,768,2,1152,5.2287
54,768,2,1728,5.3025
54,768,2,2592,5.4131
54,768,2,3888,5.5789
54,768,2,5832,5.8278
54,768,2,8748,6.2010
54,768,2,13122,6.7609
54,768,2,16384,7.1784
54,768,4,512,5.2134
54,768,4,768,5.2789
54,768,4,1152,5.3772
54,768,4,1728,5.5247
54,768,4,2592,5.7459
54,768,4,3888,6.0776
54,768,4,5832,6.5753
54,768,4,8748,7.3218
54,768,4,13122,8.4415
54,768,4,16384,9.2766
54,768,8,512,5.3465
54,768,8,768,5.4776
54,768,8,1152,5.6742
54,768,8,1728,5.9691
54,768,8,2592,6.4115
54,768,8,3888,7.0750
54,768,8,5832,8.0703
54,768,8,8748,9.5633
54,768,8,13122,11.8028
54,768,8,16384,13.4730
54,768,16,512,5.6127
54,768,16,768,5.8749
54,768,16,1152,6.2681
54,768,16,1728,6.8579
54,768,16,2592,7.7427
54,768,16,3888,9.0698
54,768,16,5832,11.0604
54,768,16,8748,14.0464
54,768,16,13122,18.5254
54,768,16,16384,21.8657
54,768,32,512,6.1452
54,768,32,768,6.6695
54,768,32,1152,7.4559
54,768,32,1728,8.6356
54,768,32,2592,10.4051
54,768,32,3888,13.0593
54,768,32,5832,17.0406
54,768,32,8748,23.0125
54,768,32,13122,31.9705
54,768,32,16384,38.6511
54,768,64,512,7.2102
54,768,64,768,8.2588
54,768,64,1152,9.8316
54,768,64,1728,12.1909
54,768,64,2592,15.7299
54,768,64,3888,21.0383
54,768,64,5832,29.0009
54,768,64,8748,40.9448
54,768,64,13122,58.8607
54,768,64,16384,72.2219
54,768,128,512,9.3401
54,768,128,768,11.4372
54,768,128,1152,14.5830
54,768,128,1728,19.3016
54,768,128,2592,26.3795
54,768,128,3888,36.9963
54,768,128,5832,52.9215
54,768,128,8748,76.8094
54,768,128,13122,112.6412
54,768,128,16384,139.3635
54,1152,0,0,5.1656
54,1152,1,512,5.1669
54,1152,1,768,5.1676
54,1152,1,1152,5.1791
54,1152,1,1728,5.2159
54,1152,1,2592,5.2712
54,1152,1,3888,5.3542
54,1152,1,5832,5.4786
54,1152,1,8748,5.6652
54,1152,1,13122,5.9452
54,1152,1,16384,6.1539
54,1152,2,512,5.1714
54,1152,2,768,5.2042
54,1152,2,1152,5.2533
54,1152,2,1728,5.3270
54,1152,2,2592,5.4376
54,1152,2,3888,5.6035
54,1152,2,5832,5.8524
54,1152,2,8748,6.2256
54,1152,2,13122,6.7855
54,1152,2,16384,7.2030
54,1152,4,512,5.2380
54,1152,4,768,5.3035
54,1152,4,1152,5.4018
54,1152,4,1728,5.5492
54,1152,4,2592,5.7704
54,1152,4,3888,6.1022
54,1152,4,5832,6.5999
54,1152,4,8748,7.3464
54,1152,4,13122,8.4661
54,1152,4,16384,9.3012
54,1152,8,512,5.3711
54,1152,8,768,5.5021
54,1152,8,1152,5.6988
54,1152,8,1728,5.9937
54,1152,8,2592,6.4360
54,1152,8,3888,7.0996
54,1152,8,5832,8.0949
54,1152,8,8748,9.5879
54,1152,8,13122,11.8274
54,1152,8,16384,13.4975
54,1152,16,512,5.6373
54,1152,16,768,5.8995
54,1152,16,1152,6.2927
54,1152,16,1728,6.8825
54,1152,16,2592,7.7672
54,1152,16,3888,9.0943
54,1152,16,5832,11.0850
54,1152,16,8748,14.0710
54,1152,16,13122,18.5500
54,1152,16,16384,21.8902
54,1152,32,512,6.1698
54,1152,32,768,6.6941
54,1152,32,1152,7.4805
54,1152,32,1728,8.6602
54,1152,32,2592,10.4296
54,1152,32,3888,13.0838
54,1152,32,5832,17.0652
54,1152,32,8748,23.0371
54,1152,32,13122,31.9951
54,1152,32,16384,38.6756
54,1152,64,512,7.2348
54,1152,64,768,8.2833
54,1152,64,1152,9.8562
54,1152,64,1728,12.2155
54,1152,64,2592,15.7544
54,1152,64,3888,21.0628
54,1152,64,5832,29.0255
54,1152,64,8748,40.9694
54,1152,64,13122,58.8853
54,1152,64,16384,72.2465
54,1152,128,512,9.3647
54,1152,128,768,11.4618
54,1152,128,1152,14.6076
54,1152,128,1728,19.3261
54,1152,128,2592,26.4040
54,1152,128,3888,37.0209
54,1152,128,5832,52.9461
54,1152,128,8748,76.8340
54,1152,128,13122,112.6658
54,1152,128,16384,139.3881
54,1728,0,0,5.2465
54,1728,1,512,5.2478
54,1728,1,768,5.2485
54,1728,1,1152,5.2495
54,1728,1,1728,5.2528
54,1728,1,2592,5.3081
54,1728,1,3888,5.3910
54,1728,1,5832,5.5155
54,1728,1,8748,5.7021
54,1728,1,13122,5.9820
54,1728,1,16384,6.1908
54,1728,2,512,5.2491
54,1728,2,768,5.2505
54,1728,2,1152,5.2902
54,1728,2,1728,5.3639
54,1728,2,2592,5.4745
54,1728,2,3888,5.6404
54,1728,2,5832,5.8892
54,1728,2,8748,6.2625
54,1728,2,13122,6.8223
54,1728,2,16384,7.2399
54,1728,4,512,5.2748
54,1728,4,768,5.3404
54,1728,4,1152,5.4387
54,1728,4,1728,5.5861
54,1728,4,2592,5.8073
54,1728,4,3888,6.1391
54,1728,4,5832,6.6367
54,1728,4,8748,7.3832
54,1728,4,13122,8.5030
54,1728,4,16384,9.3380
54,1728,8,512,5.4079
54,1728,8,768,5.5390
54,1728,8,1152,5.7356
54,1728,8,1728,6.0305
54,1728,8,2592,6.4729
54,1728,8,3888,7.1364
54,1728,8,5832,8.1318
54,1728,8,8748,9.6248
54,1728,8,13122,11.8643
54,1728,8,16384,13.5344
54,1728,16,512,5.6742
54,1728,16,768,5.9363
54,1728,16,1152,6.3295
54,1728,16,1728,6.9194
54,1728,16,2592,7.8041
54,1728,16,3888,9.1312
54,1728,16,5832,11.1219
54,1728,16,8748,14.1078
54,1728,16,13122,18.5868
54,1728,16,16384,21.9271
54,1728,32,512,6.2067
54,1728,32,768,6.7309
54,1728,32,1152,7.5174
54,1728,32,1728,8.6970
54,1728,32,2592,10.4665
54,1728,32,3888,13.1207
54,1728,32,5832,17.1020
54,1728,32,8748,23.0740
54,1728,32,13122,32.0319
54,1728,32,16384,38.7125
54,1728,64,512,7.2716
54,1728,64,768,8.3202
54,1728,64,1152,9.8931
54,1728,64,1728,12.2524
54,1728,64,2592,15.7913
54,1728,64,3888,21.0997
54,1728,64,5832,29.0623
54,1728,64,8748,41.0063
54,1728,64,13122,58.9222
54,1728,64,16384,72.2833
54,1728,128,512,9.4015
54,1728,128,768,11.4987
54,1728,128,1152,14.6444
54,1728,128,1728,19.3630
54,1728,128,2592,26.4409
54,1728,128,3888,37.0577
54,1728,128,5832,52.9830
54,1728,128,8748,76.8708
54,1728,128,13122,112.7027
54,1728,128,16384,139.4250
54,2592,0,0,5.3678
54,2592,1,512,5.3691
54,2592,1,768,5.3698
54,2592,1,1152,5.3708
54,2592,1,1728,5.3723
54,2592,1,2592,5.3745
54,2592,1,3888,5.4463
54,2592,1,5832,5.5708
54,2592,1,8748,5.7574
54,2592,1,13122,6.0373
54,2592,1,16384,6.2461
54,2592,2,512,5.3705
54,2592,2,768,5.3718
54,2592,2,1152,5.3738
54,2592,2,1728,5.4192
54,2592,2,2592,5.5298
54,2592,2,3888,5.6957
54,2592,2,5832,5.9445
54,2592,2,8748,6.3178
54,2592,2,13122,6.8776
54,2592,2,16384,7.2952
54,2592,4,512,5.3731
54,2592,4,768,5.3956
54,2592,4,1152,5.4940
54,2592,4,1728,5.6414
54,2592,4,2592,5.8626
54,2592,4,3888,6.1944
54,2592,4,5832,6.6920
54,2592,4,8748,7.4385
54,2592,4,13122,8.5583
54,2592,4,16384,9.3933
54,2592,8,512,5.4632
54,2592,8,768,5.5943
54,2592,8,1152,5.7909
54,2592,8,1728,6.0858
54,2592,8,2592,6.5282
54,2592,8,3888,7.1917
54,2592,8,5832,8.1871
54,2592,8,8748,9.6801
54,2592,8,13122,11.9196
54,2592,8,16384,13.5897
54,2592,16,512,5.7295
54,2592,16,768,5.9916
54,2592,16,1152,6.3848
54,2592,16,1728,6.9747
54,2592,16,2592,7.8594
54,2592,16,3888,9.1865
54,2592,16,5832,11.1772
54,2592,16,8748,14.1631
54,2592,16,13122,18.6421
54,2592,16,16384,21.9824
54,2592,32,512,6.2620
54,2592,32,768,6.7862
54,2592,32,1152,7.5727
54,2592,32,1728,8.7523
54,2592,32,2592,10.5218
54,2592,32,3888,13.1760
54,2592,32,5832,17.1573
54,2592,32,8748,23.1293
54,2592,32,13122,32.0872
54,2592,32,16384,38.7678
54,2592,64,512,7.3269
54,2592,64,768,8.3755
54,2592,64,1152,9.9484
54,2592,64,1728,12.3076
54,2592,64,2592,15.8466
54,2592,64,3888,21.1550
54,2592,64,5832,29.1176
54,2592,64,8748,41.0616
54,2592,64,13122,58.9775
54,2592,64,16384,72.3386
54,2592,128,512,9.4568
54,2592,128,768,11.5540
54,2592,128,1152,14.6997
54,2592,128,1728,19.4183
54,2592,128,2592,26.4962
54,2592,128,3888,37.1130
54,2592,128,5832,53.0383
54,2592,128,8748,76.9261
54,2592,128,13122,112.7580
54,2592,128,16384,139.4803
54,3888,0,0,5.5498
54,3888,1,512,5.5511
54,3888,1,768,5.5518
54,3888,1,1152,5.5528
54,3888,1,1728,5.5543
54,3888,1,2592,5.5565
54,3888,1,3888,5.5599
54,3888,1,5832,5.6537
54,3888,1,8748,5.8403
54,3888,1,13122,6.1203
54,3888,1,16384,6.3290
54,3888,2,512,5.5525
54,3888,2,768,5.5538
54,3888,2,1152,5.5558
54,3888,2,1728,5.5588
54,3888,2,2592,5.6127
54,3888,2,3888,5.7786
54,3888,2,5832,6.0275
54,3888,2,8748,6.4007
54,3888,2,13122,6.9606
54,3888,2,16384,7.3781
54,3888,4,512,5.5551
54,3888,4,768,5.5578
54,3888,4,1152,5.5769
54,3888,4,1728,5.7244
54,3888,4,2592,5.9455
54,3888,4,3888,6.2773
54,3888,4,5832,6.7750
54,3888,4,8748,7.5215
54,3888,4,13122,8.6412
54,3888,4,16384,9.4763
54,3888,8,512,5.5605
54,3888,8,768,5.6772
54,3888,8,1152,5.8739
54,3888,8,1728,6.1688
54,3888,8,2592,6.6111
54,3888,8,3888,7.2747
54,3888,8,5832,8.2700
54,3888,8,8748,9.7630
54,3888,8,13122,12.0025
54,3888,8,16384,13.6726
54,3888,16,512,5.8124
54,3888,16,768,6.0746
54,3888,16,1152,6.4678
54,3888,16,1728,7.0576
54,3888,16,2592,7.9423
54,3888,16,3888,9.2694
54,3888,16,5832,11.2601
54,3888,16,8748,14.2461
54,3888,16,13122,18.7251
54,3888,16,16384,22.0653
54,3888,32,512,6.3449
54,3888,32,768,6.8692
54,3888,32,1152,7.6556
54,3888,32,1728,8.8353
54,3888,32,2592,10.6047
54,3888,32,3888,13.2589
54,3888,32,5832,17.2403
54,3888,32,8748,23.2122
54,3888,32,13122,32.1702
54,3888,32,16384,38.8508
54,3888,64,512,7.4099
54,3888,64,768,8.4584
54,3888,64,1152,10.0313
54,3888,64,1728,12.3906
54,3888,64,2592,15.9295
54,3888,64,3888,21.2380
54,3888,64,5832,29.2006
54,3888,64,8748,41.1445
54,3888,64,13122,59.0604
54,3888,64,16384,72.4216
54,3888,128,512,9.5398
54,3888,128,768,11.6369
54,3888,128,1152,14.7827
54,3888,128,1728,19.5012
54,3888,128,2592,26.5791
54,3888,128,3888,37.1960
54,3888,128,5832,53.1212
54,3888,128,8748,77.0091
54,3888,128,13122,112.8409
54,3888,128,16384,139.5632
54,5832,0,0,5.8228
54,5832,1,512,5.8241
54,5832,1,768,5.8248
54,5832,1,1152,5.8258
54,5832,1,1728,5.8273
54,5832,1,2592,5.8295
54,5832,1,3888,5.8329
54,5832,1,5832,5.8380
54,5832,1,8748,5.9647
54,5832,1,13122,6.2447
54,5832,1,16384,6.4534
54,5832,2,512,5.8255
54,5832,2,768,5.8268
54,5832,2,1152,5.8288
54,5832,2,1728,5.8318
54,5832,2,2592,5.8363
54,5832,2,3888,5.9030
54,5832,2,5832,6.1519
54,5832,2,8748,6.5251
54,5832,2,13122,7.0850
54,5832,2,16384,7.5025
54,5832,4,512,5.8281
54,5832,4,768,5.8308
54,5832,4,1152,5.8348
54,5832,4,1728,5.8488
54,5832,4,2592,6.0700
54,5832,4,3888,6.4017
54,5832,4,5832,6.8994
54,5832,4,8748,7.6459
54,5832,4,13122,8.7656
54,5832,4,16384,9.6007
54,5832,8,512,5.8335
54,5832,8,768,5.8388
54,5832,8,1152,5.9983
54,5832,8,1728,6.2932
54,5832,8,2592,6.7356
54,5832,8,3888,7.3991
54,5832,8,5832,8.3944
54,5832,8,8748,9.8874
54,5832,8,13122,12.1269
54,5832,8,16384,13.7971
54,5832,16,512,5.9368
54,5832,16,768,6.1990
54,5832,16,1152,6.5922
54,5832,16,1728,7.1820
54,5832,16,2592,8.0668
54,5832,16,3888,9.3939
54,5832,16,5832,11.3845
54,5832,16,8748,14.3705
54,5832,16,13122,18.8495
54,5832,16,16384,22.1898
54,5832,32,512,6.4693
54,5832,32,768,6.9936
54,5832,32,1152,7.7800
54,5832,32,1728,8.9597
54,5832,32,2592,10.7292
54,5832,32,3888,13.3834
54,5832,32,5832,17.3647
54,5832,32,8748,23.3366
54,5832,32,13122,32.2946
54,5832,32,16384,38.9752
54,5832,64,512,7.5343
54,5832,64,768,8.5828
54,5832,64,1152,10.1557
54,5832,64,1728,12.5150
54,5832,64,2592,16.0540
54,5832,64,3888,21.3624
54,5832,64,5832,29.3250
54,5832,64,8748,41.2689
54,5832,64,13122,59.1848
54,5832,64,16384,72.5460
54,5832,128,512,9.6642
54,5832,128,768,11.7613
54,5832,128,1152,14.9071
54,5832,128,1728,19.6257
54,5832,128,2592,26.7036
54,5832,128,3888,37.3204
54,5832,128,5832,53.2456
54,5832,128,8748,77.1335
54,5832,128,13122,112.9653
54,5832,128,16384,139.6876
54,8748,0,0,6.2323
54,8748,1,512,6.2336
54,8748,1,768,6.2343
54,8748,1,1152,6.2353
54,8748,1,1728,6.2368
54,8748,1,2592,6.2391
54,8748,1,3888,6.2424
54,8748,1,5832,6.2475
54,8748,1,8748,6.2551
54,8748,1,13122,6.4313
54,8748,1,16384,6.6401
54,8748,2,512,6.2350
54,8748,2,768,6.2363
54,8748,2,1152,6.2383
54,8748,2,1728,6.2413
54,8748,2,2592,6.2458
54,8748,2,3888,6.2525
54,8748,2,5832,6.3385
54,8748,2,8748,6.7117
54,8748,2,13122,7.2716
54,8748,2,16384,7.6892
54,8748,4,512,6.2376
54,8748,4,768,6.2403
54,8748,4,1152,6.2443
54,8748,4,1728,6.2503
54,8748,4,2592,6.2593
54,8748,4,3888,6.5884
54,8748,4,5832,7.0860
54,8748,4,8748,7.8325
54,8748,4,13122,8.9523
54,8748,4,16384,9.7873
54,8748,8,512,6.2430
54,8748,8,768,6.2483
54,8748,8,1152,6.2563
54,8748,8,1728,6.4798
54,8748,8,2592,6.9222
54,8748,8,3888,7.5857
54,8748,8,5832,8.5811
54,8748,8,8748,10.0740
54,8748,8,13122,12.3135
54,8748,8,16384,13.9837
54,8748,16,512,6.2536
54,8748,16,768,6.3856
54,8748,16,1152,6.7788
54,8748,16,1728,7.3686
54,8748,16,2592,8.2534
54,8748,16,3888,9.5805
54,8748,16,5832,11.5711
54,8748,16,8748,14.5571
54,8748,16,13122,19.0361
54,8748,16,16384,22.3764
54,8748,32,512,6.6559
54,8748,32,768,7.1802
54,8748,32,1152,7.9667
54,8748,32,1728,9.1463
54,8748,32,2592,10.9158
54,8748,32,3888,13.5700
54,8748,32,5832,17.5513
54,8748,32,8748,23.5233
54,8748,32,13122,32.4812
54,8748,32,16384,39.1618
54,8748,64,512,7.7209
54,8748,64,768,8.7695
54,8748,64,1152,10.3423
54,8748,64,1728,12.7016
54,8748,64,2592,16.2406
54,8748,64,3888,21.5490
54,8748,64,5832,29.5116
54,8748,64,8748,41.4556
54,8748,64,13122,59.3715
54,8748,64,16384,72.7326
54,8748,128,512,9.8508
54,8748,128,768,11.9480
54,8748,128,1152,15.0937
54,8748,128,1728,19.8123
54,8748,128,2592,26.8902
54,8748,128,3888,37.5070
54,8748,128,5832,53.4323
54,8748,128,8748,77.3201
54,8748,128,13122,113.1519
54,8748,128,16384,139.8742
54,13122,0,0,6.8466
54,13122,1,512,6.8479
54,13122,1,768,6.8486
54,13122,1,1152,6.8496
54,13122,1,1728,6.8511
54,13122,1,2592,6.8533
54,13122,1,3888,6.8567
54,13122,1,5832,6.8617
54,13122,1,8748,6.8693
54,13122,1,13122,6.8807
54,13122,1,16384,6.9200
54,13122,2,512,6.8492
54,13122,2,768,6.8506
54,13122,2,1152,6.8526
54,13122,2,1728,6.8556
54,13122,2,2592,6.8601
54,13122,2,3888,6.8668
54,13122,2,5832,6.8769
54,13122,2,8748,6.9917
54,13122,2,13122,7.5516
54,13122,2,16384,7.9691
54,13122,4,512,6.8519
54,13122,4,768,6.8546
54,13122,4,1152,6.8586
54,13122,4,1728,6.8645
54,13122,4,2592,6.8735
54,13122,4,3888,6.8870
54,13122,4,5832,7.3660
54,13122,4,8748,8.1124
54,13122,4,13122,9.2322
54,13122,4,16384,10.0673
54,13122,8,512,6.8572
54,13122,8,768,6.8625
54,13122,8,1152,6.8705
54,13122,8,1728,6.8825
54,13122,8,2592,7.2021
54,13122,8,3888,7.8657
54,13122,8,5832,8.8610
54,13122,8,8748,10.3540
54,13122,8,13122,12.5935
54,13122,8,16384,14.2636
54,13122,16,512,6.8679
54,13122,16,768,6.8785
54,13122,16,1152,7.0588
54,13122,16,1728,7.6486
54,13122,16,2592,8.5333
54,13122,16,3888,9.8604
54,13122,16,5832,11.8511
54,13122,16,8748,14.8371
54,13122,16,13122,19.3160
54,13122,16,16384,22.6563
54,13122,32,512,6.9359
54,13122,32,768,7.4602
54,13122,32,1152,8.2466
54,13122,32,1728,9.4262
54,13122,32,2592,11.1957
54,13122,32,3888,13.8499
54,13122,32,5832,17.8312
54,13122,32,8748,23.8032
54,13122,32,13122,32.7612
54,13122,32,16384,39.4417
54,13122,64,512,8.0008
54,13122,64,768,9.0494
54,13122,64,1152,10.6223
54,13122,64,1728,12.9816
54,13122,64,2592,16.5205
54,13122,64,3888,21.8289
54,13122,64,5832,29.7916
54,13122,64,8748,41.7355
54,13122,64,13122,59.6514
54,13122,64,16384,73.0125
54,13122,128,512,10.1308
54,13122,128,768,12.2279
54,13122,128,1152,15.3736
54,13122,128,1728,20.0922
54,13122,128,2592,27.1701
54,13122,128,3888,37.7869
54,13122,128,5832,53.7122
54,13122,128,8748,77.6001
54,13122,128,13122,113.4319
54,13122,128,16384,140.1542
54,16384,0,0,7.3047
54,16384,1,512,7.3060
54,16384,1,768,7.3067
54,16384,1,1152,7.3077
54,16384,1,1728,7.3092
54,16384,1,2592,7.3114
54,16384,1,3888,7.3148
54,16384,1,5832,7.3198
54,16384,1,8748,7.3274
54,16384,1,13122,7.3388
54,16384,1,16384,7.3473
54,16384,2,512,7.3073
54,16384,2,768,7.3087
54,16384,2,1152,7.3107
54,16384,2,1728,7.3137
54,16384,2,2592,7.3181
54,16384,2,3888,7.3249
54,16384,2,5832,7.3350
54,16384,2,8748,7.3502
54,16384,2,13122,7.7603
54,16384,2,16384,8.1779
54,16384,4,512,7.3100
54,16384,4,768,7.3127
54,16384,4,1152,7.3167
54,16384,4,1728,7.3226
54,16384,4,2592,7.3316
54,16384,4,3888,7.3451
54,16384,4,5832,7.5747
54,16384,4,8748,8.3212
54,16384,4,13122,9.4410
54,16384,4,16384,10.2760
54,16384,8,512,7.3153
54,16384,8,768,7.3206
54,16384,8,1152,7.3286
54,16384,8,1728,7.3406
54,16384,8,2592,7.4109
54,16384,8,3888,8.0744
54,16384,8,5832,9.0698
54,16384,8,8748,10.5628
54,16384,8,13122,12.8022
54,16384,8,16384,14.4724
54,16384,16,512,7.3260
54,16384,16,768,7.3366
54,16384,16,1152,7.3526
54,16384,16,1728,7.8573
54,16384,16,2592,8.7421
54,16384,16,3888,10.0692
54,16384,16,5832,12.0598
54,16384,16,8748,15.0458
54,16384,16,13122,19.5248
54,16384,16,16384,22.8651
54,16384,32,512,7.3473
54,16384,32,768,7.6689
54,16384,32,1152,8.4554
54,16384,32,1728,9.6350
54,16384,32,2592,11.4045
54,16384,32,3888,14.0587
54,16384,32,5832,18.0400
54,16384,32,8748,24.0120
54,16384,32,13122,32.9699
54,16384,32,16384,39.6505
54,16384,64,512,8.2096
54,16384,64,768,9.2582
54,16384,64,1152,10.8310
54,16384,64,1728,13.1903
54,16384,64,2592,16.7293
54,16384,64,3888,22.0377
54,16384,64,5832,30.0003
54,16384,64,8748,41.9443
54,16384,64,13122,59.8602
54,16384,64,16384,73.2213
54,16384,128,512,10.3395
54,16384,128,768,12.4367
54,16384,128,1152,15.5824
54,16384,128,1728,20.3010
54,16384,128,2592,27.3789
54,16384,128,3888,37.9957
54,16384,128,5832,53.9210
54,16384,128,8748,77.8088
54,16384,128,13122,113.6406
54,16384,128,16384,140.3629
64,0,0,0,5.0369
64,0,1,16,5.0384
64,0,1,32,5.0394
64,0,1,64,5.0415
64,0,1,128,5.0456
64,0,1,256,5.0538
64,0,1,512,5.0701
64,0,1,1024,5.1029
64,0,1,2048,5.1684
64,0,1,4096,5.2995
64,0,1,8192,5.5617
64,0,1,16384,6.0860
64,0,2,16,5.0399
64,0,2,32,5.0420
64,0,2,64,5.0461
64,0,2,128,5.0543
64,0,2,256,5.0707
64,0,2,512,5.1034
64,0,2,1024,5.1690
64,0,2,2048,5.3000
64,0,2,4096,5.5622
64,0,2,8192,6.0865
64,0,2,16384,7.1350
64,0,4,16,5.0430
64,0,4,32,5.0471
64,0,4,64,5.0553
64,0,4,128,5.0717
64,0,4,256,5.1044
64,0,4,512,5.1700
64,0,4,1024,5.3011
64,0,4,2048,5.5632
64,0,4,4096,6.0875
64,0,4,8192,7.1361
64,0,4,16384,9.2332
64,0,8,16,5.0492
64,0,8,32,5.0573
64,0,8,64,5.0737
64,0,8,128,5.1065
64,0,8,256,5.1720
64,0,8,512,5.3031
64,0,8,1024,5.5652
64,0,8,2048,6.0895
64,0,8,4096,7.1381
64,0,8,8192,9.2353
64,0,8,16384,13.4296
64,0,16,16,5.0614
64,0,16,32,5.0778
64,0,16,64,5.1106
64,0,16,128,5.1761
64,0,16,256,5.3072
64,0,16,512,5.5693
64,0,16,1024,6.0936
64,0,16,2048,7.1422
64,0,16,4096,9.2394
64,0,16,8192,13.4337
64,0,16,16384,21.8223
64,0,32,16,5.0860
64,0,32,32,5.1188
64,0,32,64,5.1843
64,0,32,128,5.3154
64,0,32,256,5.5775
64,0,32,512,6.1018
64,0,32,1024,7.1504
64,0,32,2048,9.2476
64,0,32,4096,13.4419
64,0,32,8192,21.8305
64,0,32,16384,38.6077
64,0,64,16,5.1352
64,0,64,32,5.2007
64,0,64,64,5.3318
64,0,64,128,5.5939
64,0,64,256,6.1182
64,0,64,512,7.1668
64,0,64,1024,9.2639
64,0,64,2048,13.4582
64,0,64,4096,21.8468
64,0,64,8192,38.6241
64,0,64,16384,72.1785
64,0,128,16,5.2335
64,0,128,32,5.3645
64,0,128,64,5.6267
64,0,128,128,6.1510
64,0,128,256,7.1996
64,0,128,512,9.2967
64,0,128,1024,13.4910
64,0,128,2048,21.8796
64,0,128,4096,38.6568
64,0,128,8192,72.2113
64,0,128,16384,139.3201
64,16,0,0,5.0379
64,16,1,16,5.0394
64,16,1,32,5.0404
64,16,1,64,5.0425
64,16,1,128,5.0466
64,16,1,256,5.0548
64,16,1,512,5.0712
64,16,1,1024,5.1039
64,16,1,2048,5.1695
64,16,1,4096,5.3005
64,16,1,8192,5.5627
64,16,1,16384,6.0870
64,16,2,16,5.0410
64,16,2,32,5.0430
64,16,2,64,5.0471
64,16,2,128,5.0553
64,16,2,256,5.0717
64,16,2,512,5.1044
64,16,2,1024,5.1700
64,16,2,2048,5.3011
64,16,2,4096,5.5632
64,16,2,8192,6.0875
64,16,2,16384,7.1361
64,16,4,16,5.0440
64,16,4,32,5.0481
64,16,4,64,5.0563
64,16,4,128,5.0727
64,16,4,256,5.1055
64,16,4,512,5.1710
64,16,4,1024,5.3021
64,16,4,2048,5.5642
64,16,4,4096,6.0885
64,16,4,8192,7.1371
64,16,4,16384,9.2342
64,16,8,16,5.0502
64,16,8,32,5.0584
64,16,8,64,5.0748
64,16,8,128,5.1075
64,16,8,256,5.1731
64,16,8,512,5.3041
64,16,8,1024,5.5663
64,16,8,2048,6.0906
64,16,8,4096,7.1391
64,16,8,8192,9.2363
64,16,8,16384,13.4306
64,16,16,16,5.0625
64,16,16,32,5.0788
64,16,16,64,5.1116
64,16,16,128,5.1772
64,16,16,256,5.3082
64,16,16,512,5.5704
64,16,16,1024,6.0947
64,16,16,2048,7.1432
64,16,16,4096,9.2404
64,16,16,8192,13.4347
64,16,16,16384,21.8233
64,16,32,16,5.0870
64,16,32,32,5.1198
64,16,32,64,5.1853
64,16,32,128,5.3164
64,16,32,256,5.5786
64,16,32,512,6.1028
64,16,32,1024,7.1514
64,16,32,2048,9.2486
64,16,32,4096,13.4429
64,16,32,8192,21.8315
64,16,32,16384,38.6087
64,16,64,16,5.1362
64,16,64,32,5.2017
64,16,64,64,5.3328
64,16,64,128,5.5949
64,16,64,256,6.1192
64,16,64,512,7.1678
64,16,64,1024,9.2650
64,16,64,2048,13.4593
64,16,64,4096,21.8479
64,16,64,8192,38.6251
64,16,64,16384,72.1795
64,16,128,16,5.2345
64,16,128,32,5.3656
64,16,128,64,5.6277
64,16,128,128,6.1520
64,16,128,256,7.2006
64,16,128,512,9.2977
64,16,128,1024,13.4920
64,16,128,2048,21.8806
64,16,128,4096,38.6579
64,16,128,8192,72.2123
64,16,128,16384,139.3212
64,32,0,0,5.0389
64,32,1,16,5.0404
64,32,1,32,5.0415
64,32,1,64,5.0435
64,32,1,128,5.0476
64,32,1,256,5.0558
64,32,1,512,5.0722
64,32,1,1024,5.1050
64,32,1,2048,5.1705
64,32,1,4096,5.3016
64,32,1,8192,5.5637
64,32,1,16384,6.0880
64,32,2,16,5.0420
64,32,2,32,5.0440
64,32,2,64,5.0481
64,32,2,128,5.0563
64,32,2,256,5.0727
64,32,2,512,5.1055
64,32,2,1024,5.1710
64,32,2,2048,5.3021
64,32,2,4096,5.5642
64,32,2,8192,6.0885
64,32,2,16384,7.1371
64,32,4,16,5.0451
64,32,4,32,5.0492
64,32,4,64,5.0573
64,32,4,128,5.0737
64,32,4,256,5.1065
64,32,4,512,5.1720
64,32,4,1024,5.3031
64,32,4,2048,5.5652
64,32,4,4096,6.0895
64,32,4,8192,7.1381
64,32,4,16384,9.2353
64,32,8,16,5.0512
64,32,8,32,5.0594
64,32,8,64,5.0758
64,32,8,128,5.1085
64,32,8,256,5.1741
64,32,8,512,5.3052
64,32,8,1024,5.5673
64,32,8,2048,6.0916
64,32,8,4096,7.1402
64,32,8,8192,9.2373
64,32,8,16384,13.4316
64,32,16,16,5.0635
64,32,16,32,5.0799
64,32,16,64,5.1126
64,32,16,128,5.1782
64,32,16,256,5.3092
64,32,16,512,5.5714
64,32,16,1024,6.0957
64,32,16,2048,7.1443
64,32,16,4096,9.2414
64,32,16,8192,13.4357
64,32,16,16384,21.8243
64,32,32,16,5.0881
64,32,32,32,5.1208
64,32,32,64,5.1864
64,32,32,128,5.3174
64,32,32,256,5.5796
64,32,32,512,6.1039
64,32,32,1024,7.1524
64,32,32,2048,9.2496
64,32,32,4096,13.4439
64,32,32,8192,21.8325
64,32,32,16384,38.6097
64,32,64,16,5.1372
64,32,64,32,5.2028
64,32,64,64,5.3338
64,32,64,128,5.5960
64,32,64,256,6.1203
64,32,64,512,7.1688
64,32,64,1024,9.2660
64,32,64,2048,13.4603
64,32,64,4096,21.8489
64,32,64,8192,38.6261
64,32,64,16384,72.1805
64,32,128,16,5.2355
64,32,128,32,5.3666
64,32,128,64,5.6287
64,32,128,128,6.1530
64,32,128,256,7.2016
64,32,128,512,9.2988
64,32,128,1024,13.4931
64,32,128,2048,21.8817
64,32,128,4096,38.6589
64,32,128,8192,72.2133
64,32,128,16384,139.3222
64,64,0,0,5.0410
64,64,1,16,5.0425
64,64,1,32,5.0435
64,64,1,64,5.0456
64,64,1,128,5.0497
64,64,1,256,5.0579
64,64,1,512,5.0742
64,64,1,1024,5.1070
64,64,1,2048,5.1725
64,64,1,4096,5.3036
64,64,1,8192,5.5658
64,64,1,16384,6.0900
64,64,2,16,5.0440
64,64,2,32,5.0461
64,64,2,64,5.0502
64,64,2,128,5.0584
64,64,2,256,5.0748
64,64,2,512,5.1075
64,64,2,1024,5.1731
64,64,2,2048,5.3041
64,64,2,4096,5.5663
64,64,2,8192,6.0906
64,64,2,16384,7.1391
64,64,4,16,5.0471
64,64,4,32,5.0512
64,64,4,64,5.0594
64,64,4,128,5.0758
64,64,4,256,5.1085
64,64,4,512,5.1741
64,64,4,1024,5.3052
64,64,4,2048,5.5673
64,64,4,4096,6.0916
64,64,4,8192,7.1402
64,64,4,16384,9.2373
64,64,8,16,5.0532
64,64,8,32,5.0614
64,64,8,64,5.0778
64,64,8,128,5.1106
64,64,8,256,5.1761
64,64,8,512,5.3072
64,64,8,1024,5.5693
64,64,8,2048,6.0936
64,64,8,4096,7.1422
64,64,8,8192,9.2394
64,64,8,16384,13.4337
64,64,16,16,5.0655
64,64,16,32,5.0819
64,64,16,64,5.1147
64,64,16,128,5.1802
64,64,16,256,5.3113
64,64,16,512,5.5734
64,64,16,1024,6.0977
64,64,16,2048,7.1463
64,64,16,4096,9.2435
64,64,16,8192,13.4378
64,64,16,16384,21.8264
64,64,32,16,5.0901
64,64,32,32,5.1229
64,64,32,64,5.1884
64,64,32,128,5.3195
64,64,32,256,5.5816
64,64,32,512,6.1059
64,64,32,1024,7.1545
64,64,32,2048,9.2516
64,64,32,4096,13.4460
64,64,32,8192,21.8346
64,64,32,16384,38.6118
64,64,64,16,5.1393
64,64,64,32,5.2048
64,64,64,64,5.3359
64,64,64,128,5.5980
64,64,64,256,6.1223
64,64,64,512,7.1709
64,64,64,1024,9.2680
64,64,64,2048,13.4623
64,64,64,4096,21.8509
64,64,64,8192,38.6282
64,64,64,16384,72.1826
64,64,128,16,5.2376
64,64,128,32,5.3686
64,64,128,64,5.6308
64,64,128,128,6.1551
64,64,128,256,7.2036
64,64,128,512,9.3008
64,64,128,1024,13.4951
64,64,128,2048,21.8837
64,64,128,4096,38.6609
64,64,128,8192,72.2154
64,64,128,16384,139.3242
64,128,0,0,5.0451
64,128,1,16,5.0466
64,128,1,32,5.0476
64,128,1,64,5.0497
64,128,1,128,5.0538
64,128,1,256,5.0620
64,128,1,512,5.0783
64,128,1,1024,5.1111
64,128,1,2048,5.1766
64,128,1,4096,5.3077
64,128,1,8192,5.5699
64,128,1,16384,6.0941
64,128,2,16,5.0481
64,128,2,32,5.0502
64,128,2,64,5.0543
64,128,2,128,5.0625
64,128,2,256,5.0788
64,128,2,512,5.1116
64,128,2,1024,5.1772
64,128,2,2048,5.3082
64,128,2,4096,5.5704
64,128,2,8192,6.0947
64,128,2,16384,7.1432
64,128,4,16,5.0512
64,128,4,32,5.0553
64,128,4,64,5.0635
64,128,4,128,5.0799
64,128,4,256,5.1126
64,128,4,512,5.1782
64,128,4,1024,5.3092
64,128,4,2048,5.5714
64,128,4,4096,6.0957
64,128,4,8192,7.1443
64,128,4,16384,9.2414
64,128,8,16,5.0573
64,128,8,32,5.0655
64,128,8,64,5.0819
64,128,8,128,5.1147
64,128,8,256,5.1802
64,128,8,512,5.3113
64,128,8,1024,5.5734
64,128,8,2048,6.0977
64,128,8,4096,7.1463
64,128,8,8192,9.2435
64,128,8,16384,13.4378
64,128,16,16,5.0696
64,128,16,32,5.0860
64,128,16,64,5.1188
64,128,16,128,5.1843
64,128,16,256,5.3154
64,128,16,512,5.5775
64,128,16,1024,6.1018
64,128,16,2048,7.1504
64,128,16,4096,9.2476
64,128,16,8192,13.4419
64,128,16,16384,21.8305
64,128,32,16,5.0942
64,128,32,32,5.1270
64,128,32,64,5.1925
64,128,32,128,5.3236
64,128,32,256,5.5857
64,128,32,512,6.1100
64,128,32,1024,7.1586
64,128,32,2048,9.2557
64,128,32,4096,13.4500
64,128,32,8192,21.8387
64,128,32,16384,38.6159
64,128,64,16,5.1434
64,128,64,32,5.2089
64,128,64,64,5.3400
64,128,64,128,5.6021
64,128,64,256,6.1264
64,128,64,512,7.1750
64,128,64,1024,9.2721
64,128,64,2048,13.4664
64,128,64,4096,21.8550
64,128,64,8192,38.6323
64,128,64,16384,72.1867
64,128,128,16,5.2417
64,128,128,32,5.3727
64,128,128,64,5.6349
64,128,128,128,6.1592
64,128,128,256,7.2077
64,128,128,512,9.3049
64,128,128,1024,13.4992
64,128,128,2048,21.8878
64,128,128,4096,38.6650
64,128,128,8192,72.2195
64,128,128,16384,139.3283
64,256,0,0,5.0532
64,256,1,16,5.0548
64,256,1,32,5.0558
64,256,1,64,5.0579
64,256,1,128,5.0620
64,256,1,256,5.0701
64,256,1,512,5.0865
64,256,1,1024,5.1193
64,256,1,2048,5.1848
64,256,1,4096,5.3159
64,256,1,8192,5.5780
64,256,1,16384,6.1023
64,256,2,16,5.0563
64,256,2,32,5.0584
64,256,2,64,5.0625
64,256,2,128,5.0707
64,256,2,256,5.0870
64,256,2,512,5.1198
64,256,2,1024,5.1853
64,256,2,2048,5.3164
64,256,2,4096,5.5786
64,256,2,8192,6.1028
64,256,2,16384,7.1514
64,256,4,16,5.0594
64,256,4,32,5.0635
64,256,4,64,5.0717
64,256,4,128,5.0881
64,256,4,256,5.1208
64,256,4,512,5.1864
64,256,4,1024,5.3174
64,256,4,2048,5.5796
64,256,4,4096,6.1039
64,256,4,8192,7.1524
64,256,4,16384,9.2496
64,256,8,16,5.0655
64,256,8,32,5.0737
64,256,8,64,5.0901
64,256,8,128,5.1229
64,256,8,256,5.1884
64,256,8,512,5.3195
64,256,8,1024,5.5816
64,256,8,2048,6.1059
64,256,8,4096,7.1545
64,256,8,8192,9.2516
64,256,8,16384,13.4460
64,256,16,16,5.0778
64,256,16,32,5.0942
64,256,16,64,5.1270
64,256,16,128,5.1925
64,256,16,256,5.3236
64,256,16,512,5.5857
64,256,16,1024,6.1100
64,256,16,2048,7.1586
64,256,16,4096,9.2557
64,256,16,8192,13.4500
64,256,16,16384,21.8387
64,256,32,16,5.1024
64,256,32,32,5.1352
64,256,32,64,5.2007
64,256,32,128,5.3318
64,256,32,256,5.5939
64,256,32,512,6.1182
64,256,32,1024,7.1668
64,256,32,2048,9.2639
64,256,32,4096,13.4582
64,256,32,8192,21.8468
64,256,32,16384,38.6241
64,256,64,16,5.1516
64,256,64,32,5.2171
64,256,64,64,5.3482
64,256,64,128,5.6103
64,256,64,256,6.1346
64,256,64,512,7.1832
64,256,64,1024,9.2803
64,256,64,2048,13.4746
64,256,64,4096,21.8632
64,256,64,8192,38.6404
64,256,64,16384,72.1949
64,256,128,16,5.2499
64,256,128,32,5.3809
64,256,128,64,5.6431
64,256,128,128,6.1674
64,256,128,256,7.2159
64,256,128,512,9.3131
64,256,128,1024,13.5074
64,256,128,2048,21.8960
64,256,128,4096,38.6732
64,256,128,8192,72.2276
64,256,128,16384,139.3365
64,512,0,0,5.0905
64,512,1,16,5.0906
64,512,1,32,5.0906
64,512,1,64,5.0907
64,512,1,128,5.0909
64,512,1,256,5.0912
64,512,1,512,5.1029
64,512,1,1024,5.1357
64,512,1,2048,5.2012
64,512,1,4096,5.3323
64,512,1,8192,5.5944
64,512,1,16384,6.1187
64,512,2,16,5.0906
64,512,2,32,5.0907
64,512,2,64,5.0909
64,512,2,128,5.0912
64,512,2,256,5.1034
64,512,2,512,5.1362
64,512,2,1024,5.2017
64,512,2,2048,5.3328
64,512,2,4096,5.5949
64,512,2,8192,6.1192
64,512,2,16384,7.1678
64,512,4,16,5.0907
64,512,4,32,5.0909
64,512,4,64,5.0912
64,512,4,128,5.1044
64,512,4,256,5.1372
64,512,4,512,5.2028
64,512,4,1024,5.3338
64,512,4,2048,5.5960
64,512,4,4096,6.1203
64,512,4,8192,7.1688
64,512,4,16384,9.2660
64,512,8,16,5.0909
64,512,8,32,5.0912
64,512,8,64,5.1065
64,512,8,128,5.1393
64,512,8,256,5.2048
64,512,8,512,5.3359
64,512,8,1024,5.5980
64,512,8,2048,6.1223
64,512,8,4096,7.1709
64,512,8,8192,9.2680
64,512,8,16384,13.4623
64,512,16,16,5.0942
64,512,16,32,5.1106
64,512,16,64,5.1434
64,512,16,128,5.2089
64,512,16,256,5.3400
64,512,16,512,5.6021
64,512,16,1024,6.1264
64,512,16,2048,7.1750
64,512,16,4096,9.2721
64,512,16,8192,13.4664
64,512,16,16384,21.8550
64,512,32,16,5.1188
64,512,32,32,5.1516
64,512,32,64,5.2171
64,512,32,128,5.3482
64,512,32,256,5.6103
64,512,32,512,6.1346
64,512,32,1024,7.1832
64,512,32,2048,9.2803
64,512,32,4096,13.4746
64,512,32,8192,21.8632
64,512,32,16384,38.6404
64,512,64,16,5.1679
64,512,64,32,5.2335
64,512,64,64,5.3645
64,512,64,128,5.6267
64,512,64,256,6.1510
64,512,64,512,7.1996
64,512,64,1024,9.2967
64,512,64,2048,13.4910
64,512,64,4096,21.8796
64,512,64,8192,38.6568
64,512,64,16384,72.2113
64,512,128,16,5.2662
64,512,128,32,5.3973
64,512,128,64,5.6595
64,512,128,128,6.1837
64,512,128,256,7.2323
64,512,128,512,9.3295
64,512,128,1024,13.5238
64,512,128,2048,21.9124
64,512,128,4096,38.6896
64,512,128,8192,72.2440
64,512,128,16384,139.3529
64,1024,0,0,5.1758
64,1024,1,16,5.1758
64,1024,1,32,5.1758
64,1024,1,64,5.1759
64,1024,1,128,5.1761
64,1024,1,256,5.1764
64,1024,1,512,5.1771
64,1024,1,1024,5.1784
64,1024,1,2048,5.2340
64,1024,1,4096,5.3651
64,1024,1,8192,5.6272
64,1024,1,16384,6.1515
64,1024,2,16,5.1758
64,1024,2,32,5.1759
64,1024,2,64,5.1761
64,1024,2,128,5.1764
64,1024,2,256,5.1771
64,1024,2,512,5.1784
64,1024,2,1024,5.2345
64,1024,2,2048,5.3656
64,1024,2,4096,5.6277
64,1024,2,8192,6.1520
64,1024,2,16384,7.2006
64,1024,4,16,5.1759
64,1024,4,32,5.1761
64,1024,4,64,5.1764
64,1024,4,128,5.1771
64,1024,4,256,5.1784
64,1024,4,512,5.2355
64,1024,4,1024,5.3666
64,1024,4,2048,5.6287
64,1024,4,4096,6.1530
64,1024,4,8192,7.2016
64,1024,4,16384,9.2988
64,1024,8,16,5.1761
64,1024,8,32,5.1764
64,1024,8,64,5.1771
64,1024,8,128,5.1784
64,1024,8,256,5.2376
64,1024,8,512,5.3686
64,1024,8,1024,5.6308
64,1024,8,2048,6.1551
64,1024,8,4096,7.2036
64,1024,8,8192,9.3008
64,1024,8,16384,13.4951
64,1024,16,16,5.1764
64,1024,16,32,5.1771
64,1024,16,64,5.1784
64,1024,16,128,5.2417
64,1024,16,256,5.3727
64,1024,16,512,5.6349
64,1024,16,1024,6.1592
64,1024,16,2048,7.2077
64,1024,16,4096,9.3049
64,1024,16,8192,13.4992
64,1024,16,16384,21.8878
64,1024,32,16,5.1771
64,1024,32,32,5.1843
64,1024,32,64,5.2499
64,1024,32,128,5.3809
64,1024,32,256,5.6431
64,1024,32,512,6.1674
64,1024,32,1024,7.2159
64,1024,32,2048,9.3131
64,1024,32,4096,13.5074
64,1024,32,8192,21.8960
64,1024,32,16384,38.6732
64,1024,64,16,5.2007
64,1024,64,32,5.2662
64,1024,64,64,5.3973
64,1024,64,128,5.6595
64,1024,64,256,6.1837
64,1024,64,512,7.2323
64,1024,64,1024,9.3295
64,1024,64,2048,13.5238
64,1024,64,4096,21.9124
64,1024,64,8192,38.6896
64,1024,64,16384,72.2440
64,1024,128,16,5.2990
64,1024,128,32,5.4301
64,1024,128,64,5.6922
64,1024,128,128,6.2165
64,1024,128,256,7.2651
64,1024,128,512,9.3622
64,1024,128,1024,13.5565
64,1024,128,2048,21.9452
64,1024,128,4096,38.7224
64,1024,128,8192,72.2768
64,1024,128,16384,139.3857
64,2048,0,0,5.3462
64,2048,1,16,5.3462
64,2048,1,32,5.3463
64,2048,1,64,5.3464
64,2048,1,128,5.3465
64,2048,1,256,5.3469
64,2048,1,512,5.3475
64,2048,1,1024,5.3489
64,2048,1,2048,5.3515
64,2048,1,4096,5.4306
64,2048,1,8192,5.6927
64,2048,1,16384,6.2170
64,2048,2,16,5.3463
64,2048,2,32,5.3464
64,2048,2,64,5.3465
64,2048,2,128,5.3469
64,2048,2,256,5.3475
64,2048,2,512,5.3489
64,2048,2,1024,5.3515
64,2048,2,2048,5.4311
64,2048,2,4096,5.6932
64,2048,2,8192,6.2175
64,2048,2,16384,7.2661
64,2048,4,16,5.3464
64,2048,4,32,5.3465
64,2048,4,64,5.3469
64,2048,4,128,5.3475
64,2048,4,256,5.3489
64,2048,4,512,5.3515
64,2048,4,1024,5.4321
64,2048,4,2048,5.6943
64,2048,4,4096,6.2186
64,2048,4,8192,7.2671
64,2048,4,16384,9.3643
64,2048,8,16,5.3465
64,2048,8,32,5.3469
64,2048,8,64,5.3475
64,2048,8,128,5.3489
64,2048,8,256,5.3515
64,2048,8,512,5.4342
64,2048,8,1024,5.6963
64,2048,8,2048,6.2206
64,2048,8,4096,7.2692
64,2048,8,8192,9.3663
64,2048,8,16384,13.5606
64,2048,16,16,5.3469
64,2048,16,32,5.3475
64,2048,16,64,5.3489
64,2048,16,128,5.3515
64,2048,16,256,5.4383
64,2048,16,512,5.7004
64,2048,16,1024,6.2247
64,2048,16,2048,7.2733
64,2048,16,4096,9.3704
64,2048,16,8192,13.5647
64,2048,16,16384,21.9533
64,2048,32,16,5.3475
64,2048,32,32,5.3489
64,2048,32,64,5.3515
64,2048,32,128,5.4465
64,2048,32,256,5.7086
64,2048,32,512,6.2329
64,2048,32,1024,7.2815
64,2048,32,2048,9.3786
64,2048,32,4096,13.5729
64,2048,32,8192,21.9615
64,2048,32,16384,38.7388
64,2048,64,16,5.3489
64,2048,64,32,5.3515
64,2048,64,64,5.4628
64,2048,64,128,5.7250
64,2048,64,256,6.2493
64,2048,64,512,7.2979
64,2048,64,1024,9.3950
64,2048,64,2048,13.5893
64,2048,64,4096,21.9779
64,2048,64,8192,38.7551
64,2048,64,16384,72.3096
64,2048,128,16,5.3645
64,2048,128,32,5.4956
64,2048,128,64,5.7578
64,2048,128,128,6.2820
64,2048,128,256,7.3306
64,2048,128,512,9.4278
64,2048,128,1024,13.6221
64,2048,128,2048,22.0107
64,2048,128,4096,38.7879
64,2048,128,8192,72.3423
64,2048,128,16384,139.4512
64,4096,0,0,5.6871
64,4096,1,16,5.6871
64,4096,1,32,5.6872
64,4096,1,64,5.6872
64,4096,1,128,5.6874
64,4096,1,256,5.6877
64,4096,1,512,5.6884
64,4096,1,1024,5.6897
64,4096,1,2048,5.6924
64,4096,1,4096,5.6977
64,4096,1,8192,5.8238
64,4096,1,16384,6.3481
64,4096,2,16,5.6872
64,4096,2,32,5.6872
64,4096,2,64,5.6874
64,4096,2,128,5.6877
64,4096,2,256,5.6884
64,4096,2,512,5.6897
64,4096,2,1024,5.6924
64,4096,2,2048,5.6977
64,4096,2,4096,5.8243
64,4096,2,8192,6.3486
64,4096,2,16384,7.3972
64,4096,4,16,5.6872
64,4096,4,32,5.6874
64,4096,4,64,5.6877
64,4096,4,128,5.6884
64,4096,4,256,5.6897
64,4096,4,512,5.6924
64,4096,4,1024,5.6977
64,4096,4,2048,5.8253
64,4096,4,4096,6.3496
64,4096,4,8192,7.3982
64,4096,4,16384,9.4954
64,4096,8,16,5.6874
64,4096,8,32,5.6877
64,4096,8,64,5.6884
64,4096,8,128,5.6897
64,4096,8,256,5.6924
64,4096,8,512,5.6977
64,4096,8,1024,5.8274
64,4096,8,2048,6.3517
64,4096,8,4096,7.4003
64,4096,8,8192,9.4974
64,4096,8,16384,13.6917
64,4096,16,16,5.6877
64,4096,16,32,5.6884
64,4096,16,64,5.6897
64,4096,16,128,5.6924
64,4096,16,256,5.6977
64,4096,16,512,5.8315
64,4096,16,1024,6.3558
64,4096,16,2048,7.4044
64,4096,16,4096,9.5015
64,4096,16,8192,13.6958
64,4096,16,16384,22.0844
64,4096,32,16,5.6884
64,4096,32,32,5.6897
64,4096,32,64,5.6924
64,4096,32,128,5.6977
64,4096,32,256,5.8397
64,4096,32,512,6.3640
64,4096,32,1024,7.4125
64,4096,32,2048,9.5097
64,4096,32,4096,13.7040
64,4096,32,8192,22.0926
64,4096,32,16384,38.8698
64,4096,64,16,5.6897
64,4096,64,32,5.6924
64,4096,64,64,5.6977
64,4096,64,128,5.8561
64,4096,64,256,6.3804
64,4096,64,512,7.4289
64,4096,64,1024,9.5261
64,4096,64,2048,13.7204
64,4096,64,4096,22.1090
64,4096,64,8192,38.8862
64,4096,64,16384,72.4406
64,4096,128,16,5.6924
64,4096,128,32,5.6977
64,4096,128,64,5.8888
64,4096,128,128,6.4131
64,4096,128,256,7.4617
64,4096,128,512,9.5588
64,4096,128,1024,13.7532
64,4096,128,2048,22.1418
64,4096,128,4096,38.9190
64,4096,128,8192,72.4734
64,4096,128,16384,139.5823
64,8192,0,0,6.3688
64,8192,1,16,6.3688
64,8192,1,32,6.3689
64,8192,1,64,6.3690
64,8192,1,128,6.3691
64,8192,1,256,6.3695
64,8192,1,512,6.3701
64,8192,1,1024,6.3715
64,8192,1,2048,6.3741
64,8192,1,4096,6.3795
64,8192,1,8192,6.3901
64,8192,1,16384,6.6102
64,8192,2,16,6.3689
64,8192,2,32,6.3690
64,8192,2,64,6.3691
64,8192,2,128,6.3695
64,8192,2,256,6.3701
64,8192,2,512,6.3715
64,8192,2,1024,6.3741
64,8192,2,2048,6.3795
64,8192,2,4096,6.3901
64,8192,2,8192,6.6108
64,8192,2,16384,7.6593
64,8192,4,16,6.3690
64,8192,4,32,6.3691
64,8192,4,64,6.3695
64,8192,4,128,6.3701
64,8192,4,256,6.3715
64,8192,4,512,6.3741
64,8192,4,1024,6.3795
64,8192,4,2048,6.3901
64,8192,4,4096,6.6118
64,8192,4,8192,7.6604
64,8192,4,16384,9.7575
64,8192,8,16,6.3691
64,8192,8,32,6.3695
64,8192,8,64,6.3701
64,8192,8,128,6.3715
64,8192,8,256,6.3741
64,8192,8,512,6.3795
64,8192,8,1024,6.3901
64,8192,8,2048,6.6138
64,8192,8,4096,7.6624
64,8192,8,8192,9.7596
64,8192,8,16384,13.9539
64,8192,16,16,6.3695
64,8192,16,32,6.3701
64,8192,16,64,6.3715
64,8192,16,128,6.3741
64,8192,16,256,6.3795
64,8192,16,512,6.3901
64,8192,16,1024,6.6179
64,8192,16,2048,7.6665
64,8192,16,4096,9.7636
64,8192,16,8192,13.9580
64,8192,16,16384,22.3466
64,8192,32,16,6.3701
64,8192,32,32,6.3715
64,8192,32,64,6.3741
64,8192,32,128,6.3795
64,8192,32,256,6.3901
64,8192,32,512,6.6261
64,8192,32,1024,7.6747
64,8192,32,2048,9.7718
64,8192,32,4096,13.9661
64,8192,32,8192,22.3548
64,8192,32,16384,39.1320
64,8192,64,16,6.3715
64,8192,64,32,6.3741
64,8192,64,64,6.3795
64,8192,64,128,6.3901
64,8192,64,256,6.6425
64,8192,64,512,7.6911
64,8192,64,1024,9.7882
64,8192,64,2048,13.9825
64,8192,64,4096,22.3711
64,8192,64,8192,39.1484
64,8192,64,16384,72.7028
64,8192,128,16,6.3741
64,8192,128,32,6.3795
64,8192,128,64,6.3901
64,8192,128,128,6.6753
64,8192,128,256,7.7238
64,8192,128,512,9.8210
64,8192,128,1024,14.0153
64,8192,128,2048,22.4039
64,8192,128,4096,39.1811
64,8192,128,8192,72.7356
64,8192,128,16384,139.8444
64,16384,0,0,7.7323
64,16384,1,16,7.7323
64,16384,1,32,7.7324
64,16384,1,64,7.7325
64,16384,1,128,7.7326
64,16384,1,256,7.7330
64,16384,1,512,7.7336
64,16384,1,1024,7.7350
64,16384,1,2048,7.7376
64,16384,1,4096,7.7429
64,16384,1,8192,7.7536
64,16384,1,16384,7.7749
64,16384,2,16,7.7324
64,16384,2,32,7.7325
64,16384,2,64,7.7326
64,16384,2,128,7.7330
64,16384,2,256,7.7336
64,16384,2,512,7.7350
64,16384,2,1024,7.7376
64,16384,2,2048,7.7429
64,16384,2,4096,7.7536
64,16384,2,8192,7.7749
64,16384,2,16384,8.1836
64,16384,4,16,7.7325
64,16384,4,32,7.7326
64,16384,4,64,7.7330
64,16384,4,128,7.7336
64,16384,4,256,7.7350
64,16384,4,512,7.7376
64,16384,4,1024,7.7429
64,16384,4,2048,7.7536
64,16384,4,4096,7.7749
64,16384,4,8192,8.1846
64,16384,4,16384,10.2818
64,16384,8,16,7.7326
64,16384,8,32,7.7330
64,16384,8,64,7.7336
64,16384,8,128,7.7350
64,16384,8,256,7.7376
64,16384,8,512,7.7429
64,16384,8,1024,7.7536
64,16384,8,2048,7.7749
64,16384,8,4096,8.1867
64,16384,8,8192,10.2838
64,16384,8,16384,14.4781
64,16384,16,16,7.7330
64,16384,16,32,7.7336
64,16384,16,64,7.7350
64,16384,16,128,7.7376
64,16384,16,256,7.7429
64,16384,16,512,7.7536
64,16384,16,1024,7.7749
64,16384,16,2048,8.1908
64,16384,16,4096,10.2879
64,16384,16,8192,14.4822
64,16384,16,16384,22.8708
64,16384,32,16,7.7336
64,16384,32,32,7.7350
64,16384,32,64,7.7376
64,16384,32,128,7.7429
64,16384,32,256,7.7536
64,16384,32,512,7.7749
64,16384,32,1024,8.1990
64,16384,32,2048,10.2961
64,16384,32,4096,14.4904
64,16384,32,8192,22.8790
64,16384,32,16384,39.6563
64,16384,64,16,7.7350
64,16384,64,32,7.7376
64,16384,64,64,7.7429
64,16384,64,128,7.7536
64,16384,64,256,7.7749
64,16384,64,512,8.2154
64,16384,64,1024,10.3125
64,16384,64,2048,14.5068
64,16384,64,4096,22.8954
64,16384,64,8192,39.6726
64,16384,64,16384,73.2271
64,16384,128,16,7.7376
64,16384,128,32,7.7429
64,16384,128,64,7.7536
64,16384,128,128,7.7749
64,16384,128,256,8.2481
64,16384,128,512,10.3453
64,16384,128,1024,14.5396
64,16384,128,2048,22.9282
64,16384,128,4096,39.7054
64,16384,128,8192,73.2598
64,16384,128,16384,140.3687
81,0,0,0,5.0467
81,0,1,512,5.0799
81,0,1,768,5.0963
81,0,1,1152,5.1209
81,0,1,1728,5.1578
81,0,1,2592,5.2131
81,0,1,3888,5.2960
81,0,1,5832,5.4204
81,0,1,8748,5.6070
81,0,1,13122,5.8870
81,0,1,16384,6.0957
81,0,2,512,5.1132
81,0,2,768,5.1460
81,0,2,1152,5.1951
81,0,2,1728,5.2689
81,0,2,2592,5.3795
81,0,2,3888,5.5453
81,0,2,5832,5.7942
81,0,2,8748,6.1674
81,0,2,13122,6.7273
81,0,2,16384,7.1448
81,0,4,512,5.1798
81,0,4,768,5.2453
81,0,4,1152,5.3436
81,0,4,1728,5.4911
81,0,4,2592,5.7123
81,0,4,3888,6.0440
81,0,4,5832,6.5417
81,0,4,8748,7.2882
81,0,4,13122,8.4079
81,0,4,16384,9.2430
81,0,8,512,5.3129
81,0,8,768,5.4440
81,0,8,1152,5.6406
81,0,8,1728,5.9355
81,0,8,2592,6.3779
81,0,8,3888,7.0414
81,0,8,5832,8.0367
81,0,8,8748,9.5297
81,0,8,13122,11.7692
81,0,8,16384,13.4394
81,0,16,512,5.5791
81,0,16,768,5.8413
81,0,16,1152,6.2345
81,0,16,1728,6.8243
81,0,16,2592,7.7091
81,0,16,3888,9.0362
81,0,16,5832,11.0268
81,0,16,8748,14.0128
81,0,16,13122,18.4918
81,0,16,16384,21.8321
81,0,32,512,6.1116
81,0,32,768,6.6359
81,0,32,1152,7.4223
81,0,32,1728,8.6020
81,0,32,2592,10.3715
81,0,32,3888,13.0257
81,0,32,5832,17.0070
81,0,32,8748,22.9789
81,0,32,13122,31.9369
81,0,32,16384,38.6175
81,0,64,512,7.1766
81,0,64,768,8.2252
81,0,64,1152,9.7980
81,0,64,1728,12.1573
81,0,64,2592,15.6963
81,0,64,3888,21.0047
81,0,64,5832,28.9673
81,0,64,8748,40.9112
81,0,64,13122,58.8271
81,0,64,16384,72.1883
81,0,128,512,9.3065
81,0,128,768,11.4036
81,0,128,1152,14.5494
81,0,128,1728,19.2680
81,0,128,2592,26.3459
81,0,128,3888,36.9627
81,0,128,5832,52.8879
81,0,128,8748,76.7758
81,0,128,13122,112.6076
81,0,128,16384,139.3299
81,512,0,0,5.1164
81,512,1,512,5.1177
81,512,1,768,5.1291
81,512,1,1152,5.1537
81,512,1,1728,5.1905
81,512,1,2592,5.2458
81,512,1,3888,5.3288
81,512,1,5832,5.4532
81,512,1,8748,5.6398
81,512,1,13122,5.9197
81,512,1,16384,6.1285
81,512,2,512,5.1460
81,512,2,768,5.1788
81,512,2,1152,5.2279
81,512,2,1728,5.3016
81,512,2,2592,5.4122
81,512,2,3888,5.5781
81,512,2,5832,5.8269
81,512,2,8748,6.2002
81,512,2,13122,6.7601
81,512,2,16384,7.1776
81,512,4,512,5.2125
81,512,4,768,5.2781
81,512,4,1152,5.3764
81,512,4,1728,5.5238
81,512,4,2592,5.7450
81,512,4,3888,6.0768
81,512,4,5832,6.5745
81,512,4,8748,7.3210
81,512,4,13122,8.4407
81,512,4,16384,9.2758
81,512,8,512,5.3457
81,512,8,768,5.4767
81,512,8,1152,5.6733
81,512,8,1728,5.9683
81,512,8,2592,6.4106
81,512,8,3888,7.0742
81,512,8,5832,8.0695
81,512,8,8748,9.5625
81,512,8,13122,11.8020
81,512,8,16384,13.4721
81,512,16,512,5.6119
81,512,16,768,5.8740
81,512,16,1152,6.2673
81,512,16,1728,6.8571
81,512,16,2592,7.7418
81,512,16,3888,9.0689
81,512,16,5832,11.0596
81,512,16,8748,14.0456
81,512,16,13122,18.5245
81,512,16,16384,21.8648
81,512,32,512,6.1444
81,512,32,768,6.6687
81,512,32,1152,7.4551
81,512,32,1728,8.6348
81,512,32,2592,10.4042
81,512,32,3888,13.0584
81,512,32,5832,17.0397
81,512,32,8748,23.0117
81,512,32,13122,31.9697
81,512,32,16384,38.6502
81,512,64,512,7.2093
81,512,64,768,8.2579
81,512,64,1152,9.8308
81,512,64,1728,12.1901
81,512,64,2592,15.7290
81,512,64,3888,21.0374
81,512,64,5832,29.0001
81,512,64,8748,40.9440
81,512,64,13122,58.8599
81,512,64,16384,72.2211
81,512,128,512,9.3393
81,512,128,768,11.4364
81,512,128,1152,14.5821
81,512,128,1728,19.3007
81,512,128,2592,26.3786
81,512,128,3888,36.9955
81,512,128,5832,52.9207
81,512,128,8748,76.8086
81,512,128,13122,112.6404
81,512,128,16384,139.3627
81,768,0,0,5.1703
81,768,1,512,5.1716
81,768,1,768,5.1723
81,768,1,1152,5.1733
81,768,1,1728,5.2069
81,768,1,2592,5.2622
81,768,1,3888,5.3452
81,768,1,5832,5.4696
81,768,1,8748,5.6562
81,768,1,13122,5.9361
81,768,1,16384,6.1449
81,768,2,512,5.1730
81,768,2,768,5.1951
81,768,2,1152,5.2443
81,768,2,1728,5.3180
81,768,2,2592,5.4286
81,768,2,3888,5.5945
81,768,2,5832,5.8433
81,768,2,8748,6.2166
81,768,2,13122,6.7764
81,768,2,16384,7.1940
81,768,4,512,5.2289
81,768,4,768,5.2945
81,768,4,1152,5.3928
81,768,4,1728,5.5402
81,768,4,2592,5.7614
81,768,4,3888,6.0932
81,768,4,5832,6.5908
81,768,4,8748,7.3373
81,768,4,13122,8.4571
81,768,4,16384,9.2922
81,768,8,512,5.3620
81,768,8,768,5.4931
81,768,8,1152,5.6897
81,768,8,1728,5.9846
81,768,8,2592,6.4270
81,768,8,3888,7.0906
81,768,8,5832,8.0859
81,768,8,8748,9.5789
81,768,8,13122,11.8184
81,768,8,16384,13.4885
81,768,16,512,5.6283
81,768,16,768,5.8904
81,768,16,1152,6.2836
81,768,16,1728,6.8735
81,768,16,2592,7.7582
81,768,16,3888,9.0853
81,768,16,5832,11.0760
81,768,16,8748,14.0620
81,768,16,13122,18.5409
81,768,16,16384,21.8812
81,768,32,512,6.1608
81,768,32,768,6.6851
81,768,32,1152,7.4715
81,768,32,1728,8.6511
81,768,32,2592,10.4206
81,768,32,3888,13.0748
81,768,32,5832,17.0561
81,768,32,8748,23.0281
81,768,32,13122,31.9860
81,768,32,16384,38.6666
81,768,64,512,7.2257
81,768,64,768,8.2743
81,768,64,1152,9.8472
81,768,64,1728,12.2065
81,768,64,2592,15.7454
81,768,64,3888,21.0538
81,768,64,5832,29.0164
81,768,64,8748,40.9604
81,768,64,13122,58.8763
81,768,64,16384,72.2374
81,768,128,512,9.3556
81,768,128,768,11.4528
81,768,128,1152,14.5985
81,768,128,1728,19.3171
81,768,128,2592,26.3950
81,768,128,3888,37.0118
81,768,128,5832,52.9371
81,768,128,8748,76.8250
81,768,128,13122,112.6568
81,768,128,16384,139.3791
81,1152,0,0,5.2512
81,1152,1,512,5.2525
81,1152,1,768,5.2532
81,1152,1,1152,5.2542
81,1152,1,1728,5.2557
81,1152,1,2592,5.2868
81,1152,1,3888,5.3697
81,1152,1,5832,5.4941
81,1152,1,8748,5.6808
81,1152,1,13122,5.9607
81,1152,1,16384,6.1695
81,1152,2,512,5.2539
81,1152,2,768,5.2552
81,1152,2,1152,5.2689
81,1152,2,1728,5.3426
81,1152,2,2592,5.4532
81,1152,2,3888,5.6191
81,1152,2,5832,5.8679
81,1152,2,8748,6.2412
81,1152,2,13122,6.8010
81,1152,2,16384,7.2186
81,1152,4,512,5.2565
81,1152,4,768,5.3190
81,1152,4,1152,5.4173
81,1152,4,1728,5.5648
81,1152,4,2592,5.7860
81,1152,4,3888,6.1178
81,1152,4,5832,6.6154
81,1152,4,8748,7.3619
81,1152,4,13122,8.4817
81,1152,4,16384,9.3167
81,1152,8,512,5.3866
81,1152,8,768,5.5177
81,1152,8,1152,5.7143
81,1152,8,1728,6.0092
81,1152,8,2592,6.4516
81,1152,8,3888,7.1151
81,1152,8,5832,8.1105
81,1152,8,8748,9.6035
81,1152,8,13122,11.8429
81,1152,8,16384,13.5131
81,1152,16,512,5.6529
81,1152,16,768,5.9150
81,1152,16,1152,6.3082
81,1152,16,1728,6.8980
81,1152,16,2592,7.7828
81,1152,16,3888,9.1099
81,1152,16,5832,11.1005
81,1152,16,8748,14.0865
81,1152,16,13122,18.5655
81,1152,16,16384,21.9058
81,1152,32,512,6.1853
81,1152,32,768,6.7096
81,1152,32,1152,7.4961
81,1152,32,1728,8.6757
81,1152,32,2592,10.4452
81,1152,32,3888,13.0994
81,1152,32,5832,17.0807
81,1152,32,8748,23.0527
81,1152,32,13122,32.0106
81,1152,32,16384,38.6912
81,1152,64,512,7.2503
81,1152,64,768,8.2989
81,1152,64,1152,9.8717
81,1152,64,1728,12.2310
81,1152,64,2592,15.7700
81,1152,64,3888,21.0784
81,1152,64,5832,29.0410
81,1152,64,8748,40.9850
81,1152,64,13122,58.9009
81,1152,64,16384,72.2620
81,1152,128,512,9.3802
81,1152,128,768,11.4774
81,1152,128,1152,14.6231
81,1152,128,1728,19.3417
81,1152,128,2592,26.4196
81,1152,128,3888,37.0364
81,1152,128,5832,52.9617
81,1152,128,8748,76.8495
81,1152,128,13122,112.6813
81,1152,128,16384,139.4036
81,1728,0,0,5.3725
81,1728,1,512,5.3739
81,1728,1,768,5.3745
81,1728,1,1152,5.3755
81,1728,1,1728,5.3770
81,1728,1,2592,5.3793
81,1728,1,3888,5.4066
81,1728,1,5832,5.5310
81,1728,1,8748,5.7176
81,1728,1,13122,5.9976
81,1728,1,16384,6.2063
81,1728,2,512,5.3752
81,1728,2,768,5.3765
81,1728,2,1152,5.3785
81,1728,2,1728,5.3815
81,1728,2,2592,5.4900
81,1728,2,3888,5.6559
81,1728,2,5832,5.9048
81,1728,2,8748,6.2780
81,1728,2,13122,6.8379
81,1728,2,16384,7.2554
81,1728,4,512,5.3779
81,1728,4,768,5.3805
81,1728,4,1152,5.4542
81,1728,4,1728,5.6017
81,1728,4,2592,5.8228
81,1728,4,3888,6.1546
81,1728,4,5832,6.6523
81,1728,4,8748,7.3988
81,1728,4,13122,8.5185
81,1728,4,16384,9.3536
81,1728,8,512,5.4235
81,1728,8,768,5.5546
81,1728,8,1152,5.7512
81,1728,8,1728,6.0461
81,1728,8,2592,6.4884
81,1728,8,3888,7.1520
81,1728,8,5832,8.1473
81,1728,8,8748,9.6403
81,1728,8,13122,11.8798
81,1728,8,16384,13.5500
81,1728,16,512,5.6897
81,1728,16,768,5.9519
81,1728,16,1152,6.3451
81,1728,16,1728,6.9349
81,1728,16,2592,7.8196
81,1728,16,3888,9.1468
81,1728,16,5832,11.1374
81,1728,16,8748,14.1234
81,1728,16,13122,18.6024
81,1728,16,16384,21.9427
81,1728,32,512,6.2222
81,1728,32,768,6.7465
81,1728,32,1152,7.5329
81,1728,32,1728,8.7126
81,1728,32,2592,10.4820
81,1728,32,3888,13.1363
81,1728,32,5832,17.1176
81,1728,32,8748,23.0895
81,1728,32,13122,32.0475
81,1728,32,16384,38.7281
81,1728,64,512,7.2872
81,1728,64,768,8.3357
81,1728,64,1152,9.9086
81,1728,64,1728,12.2679
81,1728,64,2592,15.8068
81,1728,64,3888,21.1153
81,1728,64,5832,29.0779
81,1728,64,8748,41.0218
81,1728,64,13122,58.9377
81,1728,64,16384,72.2989
81,1728,128,512,9.4171
81,1728,128,768,11.5142
81,1728,128,1152,14.6600
81,1728,128,1728,19.3786
81,1728,128,2592,26.4564
81,1728,128,3888,37.0733
81,1728,128,5832,52.9985
81,1728,128,8748,76.8864
81,1728,128,13122,112.7182
81,1728,128,16384,139.4405
81,2592,0,0,5.5545
81,2592,1,512,5.5559
81,2592,1,768,5.5565
81,2592,1,1152,5.5575
81,2592,1,1728,5.5590
81,2592,1,2592,5.5613
81,2592,1,3888,5.5647
81,2592,1,5832,5.5863
81,2592,1,8748,5.7729
81,2592,1,13122,6.0529
81,2592,1,16384,6.2616
81,2592,2,512,5.5572
81,2592,2,768,5.5585
81,2592,2,1152,5.5605
81,2592,2,1728,5.5635
81,2592,2,2592,5.5680
81,2592,2,3888,5.7112
81,2592,2,5832,5.9601
81,2592,2,8748,6.3333
81,2592,2,13122,6.8932
81,2592,2,16384,7.3107
81,2592,4,512,5.5599
81,2592,4,768,5.5625
81,2592,4,1152,5.5665
81,2592,4,1728,5.6570
81,2592,4,2592,5.8781
81,2592,4,3888,6.2099
81,2592,4,5832,6.7076
81,2592,4,8748,7.4541
81,2592,4,13122,8.5738
81,2592,4,16384,9.4089
81,2592,8,512,5.5652
81,2592,8,768,5.6099
81,2592,8,1152,5.8065
81,2592,8,1728,6.1014
81,2592,8,2592,6.5437
81,2592,8,3888,7.2073
81,2592,8,5832,8.2026
81,2592,8,8748,9.6956
81,2592,8,13122,11.9351
81,2592,8,16384,13.6052
81,2592,16,512,5.7450
81,2592,16,768,6.0072
81,2592,16,1152,6.4004
81,2592,16,1728,6.9902
81,2592,16,2592,7.8749
81,2592,16,3888,9.2020
81,2592,16,5832,11.1927
81,2592,16,8748,14.1787
81,2592,16,13122,18.6577
81,2592,16,16384,21.9980
81,2592,32,512,6.2775
81,2592,32,768,6.8018
81,2592,32,1152,7.5882
81,2592,32,1728,8.7679
81,2592,32,2592,10.5373
81,2592,32,3888,13.1916
81,2592,32,5832,17.1729
81,2592,32,8748,23.1448
81,2592,32,13122,32.1028
81,2592,32,16384,38.7834
81,2592,64,512,7.3425
81,2592,64,768,8.3910
81,2592,64,1152,9.9639
81,2592,64,1728,12.3232
81,2592,64,2592,15.8621
81,2592,64,3888,21.1706
81,2592,64,5832,29.1332
81,2592,64,8748,41.0771
81,2592,64,13122,58.9930
81,2592,64,16384,72.3542
81,2592,128,512,9.4724
81,2592,128,768,11.5695
81,2592,128,1152,14.7153
81,2592,128,1728,19.4339
81,2592,128,2592,26.5117
81,2592,128,3888,37.1286
81,2592,128,5832,53.0538
81,2592,128,8748,76.9417
81,2592,128,13122,112.7735
81,2592,128,16384,139.4958
81,3888,0,0,5.8275
81,3888,1,512,5.8289
81,3888,1,768,5.8295
81,3888,1,1152,5.8305
81,3888,1,1728,5.8320
81,3888,1,2592,5.8343
81,3888,1,3888,5.8377
81,3888,1,5832,5.8427
81,3888,1,8748,5.8559
81,3888,1,13122,6.1358
81,3888,1,16384,6.3446
81,3888,2,512,5.8302
81,3888,2,768,5.8315
81,3888,2,1152,5.8335
81,3888,2,1728,5.8365
81,3888,2,2592,5.8410
81,3888,2,3888,5.8478
81,3888,2,5832,6.0430
81,3888,2,8748,6.4163
81,3888,2,13122,6.9761
81,3888,2,16384,7.3937
81,3888,4,512,5.8329
81,3888,4,768,5.8355
81,3888,4,1152,5.8395
81,3888,4,1728,5.8455
81,3888,4,2592,5.9611
81,3888,4,3888,6.2929
81,3888,4,5832,6.7905
81,3888,4,8748,7.5370
81,3888,4,13122,8.6568
81,3888,4,16384,9.4918
81,3888,8,512,5.8382
81,3888,8,768,5.8435
81,3888,8,1152,5.8894
81,3888,8,1728,6.1843
81,3888,8,2592,6.6267
81,3888,8,3888,7.2902
81,3888,8,5832,8.2856
81,3888,8,8748,9.7786
81,3888,8,13122,12.0180
81,3888,8,16384,13.6882
81,3888,16,512,5.8488
81,3888,16,768,6.0901
81,3888,16,1152,6.4833
81,3888,16,1728,7.0732
81,3888,16,2592,7.9579
81,3888,16,3888,9.2850
81,3888,16,5832,11.2756
81,3888,16,8748,14.2616
81,3888,16,13122,18.7406
81,3888,16,16384,22.0809
81,3888,32,512,6.3604
81,3888,32,768,6.8847
81,3888,32,1152,7.6712
81,3888,32,1728,8.8508
81,3888,32,2592,10.6203
81,3888,32,3888,13.2745
81,3888,32,5832,17.2558
81,3888,32,8748,23.2278
81,3888,32,13122,32.1857
81,3888,32,16384,38.8663
81,3888,64,512,7.4254
81,3888,64,768,8.4740
81,3888,64,1152,10.0468
81,3888,64,1728,12.4061
81,3888,64,2592,15.9451
81,3888,64,3888,21.2535
81,3888,64,5832,29.2161
81,3888,64,8748,41.1601
81,3888,64,13122,59.0760
81,3888,64,16384,72.4371
81,3888,128,512,9.5553
81,3888,128,768,11.6525
81,3888,128,1152,14.7982
81,3888,128,1728,19.5168
81,3888,128,2592,26.5947
81,3888,128,3888,37.2115
81,3888,128,5832,53.1368
81,3888,128,8748,77.0246
81,3888,128,13122,112.8564
81,3888,128,16384,139.5788
81,5832,0,0,6.2371
81,5832,1,512,6.2384
81,5832,1,768,6.2390
81,5832,1,1152,6.2400
81,5832,1,1728,6.2415
81,5832,1,2592,6.2438
81,5832,1,3888,6.2472
81,5832,1,5832,6.2522
81,5832,1,8748,6.2598
81,5832,1,13122,6.2712
81,5832,1,16384,6.4690
81,5832,2,512,6.2397
81,5832,2,768,6.2410
81,5832,2,1152,6.2430
81,5832,2,1728,6.2460
81,5832,2,2592,6.2505
81,5832,2,3888,6.2573
81,5832,2,5832,6.2674
81,5832,2,8748,6.5407
81,5832,2,13122,7.1005
81,5832,2,16384,7.5181
81,5832,4,512,6.2424
81,5832,4,768,6.2450
81,5832,4,1152,6.2490
81,5832,4,1728,6.2550
81,5832,4,2592,6.2640
81,5832,4,3888,6.4173
81,5832,4,5832,6.9149
81,5832,4,8748,7.6614
81,5832,4,13122,8.7812
81,5832,4,16384,9.6163
81,5832,8,512,6.2477
81,5832,8,768,6.2530
81,5832,8,1152,6.2610
81,5832,8,1728,6.3087
81,5832,8,2592,6.7511
81,5832,8,3888,7.4147
81,5832,8,5832,8.4100
81,5832,8,8748,9.9030
81,5832,8,13122,12.1425
81,5832,8,16384,13.8126
81,5832,16,512,6.2584
81,5832,16,768,6.2690
81,5832,16,1152,6.6077
81,5832,16,1728,7.1976
81,5832,16,2592,8.0823
81,5832,16,3888,9.4094
81,5832,16,5832,11.4001
81,5832,16,8748,14.3860
81,5832,16,13122,18.8650
81,5832,16,16384,22.2053
81,5832,32,512,6.4849
81,5832,32,768,7.0092
81,5832,32,1152,7.7956
81,5832,32,1728,8.9752
81,5832,32,2592,10.7447
81,5832,32,3888,13.3989
81,5832,32,5832,17.3802
81,5832,32,8748,23.3522
81,5832,32,13122,32.3101
81,5832,32,16384,38.9907
81,5832,64,512,7.5498
81,5832,64,768,8.5984
81,5832,64,1152,10.1713
81,5832,64,1728,12.5306
81,5832,64,2592,16.0695
81,5832,64,3888,21.3779
81,5832,64,5832,29.3405
81,5832,64,8748,41.2845
81,5832,64,13122,59.2004
81,5832,64,16384,72.5615
81,5832,128,512,9.6797
81,5832,128,768,11.7769
81,5832,128,1152,14.9226
81,5832,128,1728,19.6412
81,5832,128,2592,26.7191
81,5832,128,3888,37.3359
81,5832,128,5832,53.2612
81,5832,128,8748,77.1491
81,5832,128,13122,112.9809
81,5832,128,16384,139.7032
81,8748,0,0,6.8513
81,8748,1,512,6.8526
81,8748,1,768,6.8533
81,8748,1,1152,6.8543
81,8748,1,1728,6.8558
81,8748,1,2592,6.8581
81,8748,1,3888,6.8614
81,8748,1,5832,6.8665
81,8748,1,8748,6.8741
81,8748,1,13122,6.8854
81,8748,1,16384,6.8939
81,8748,2,512,6.8540
81,8748,2,768,6.8553
81,8748,2,1152,6.8573
81,8748,2,1728,6.8603
81,8748,2,2592,6.8648
81,8748,2,3888,6.8715
81,8748,2,5832,6.8816
81,8748,2,8748,6.8968
81,8748,2,13122,7.2872
81,8748,2,16384,7.7047
81,8748,4,512,6.8566
81,8748,4,768,6.8593
81,8748,4,1152,6.8633
81,8748,4,1728,6.8693
81,8748,4,2592,6.8783
81,8748,4,3888,6.8918
81,8748,4,5832,7.1016
81,8748,4,8748,7.8481
81,8748,4,13122,8.9678
81,8748,4,16384,9.8029
81,8748,8,512,6.8620
81,8748,8,768,6.8673
81,8748,8,1152,6.8753
81,8748,8,1728,6.8873
81,8748,8,2592,6.9377
81,8748,8,3888,7.6013
81,8748,8,5832,8.5966
81,8748,8,8748,10.0896
81,8748,8,13122,12.3291
81,8748,8,16384,13.9992
81,8748,16,512,6.8726
81,8748,16,768,6.8833
81,8748,16,1152,6.8992
81,8748,16,1728,7.3842
81,8748,16,2592,8.2689
81,8748,16,3888,9.5960
81,8748,16,5832,11.5867
81,8748,16,8748,14.5727
81,8748,16,13122,19.0516
81,8748,16,16384,22.3919
81,8748,32,512,6.8939
81,8748,32,768,7.1958
81,8748,32,1152,7.9822
81,8748,32,1728,9.1619
81,8748,32,2592,10.9313
81,8748,32,3888,13.5855
81,8748,32,5832,17.5668
81,8748,32,8748,23.5388
81,8748,32,13122,32.4968
81,8748,32,16384,39.1773
81,8748,64,512,7.7364
81,8748,64,768,8.7850
81,8748,64,1152,10.3579
81,8748,64,1728,12.7172
81,8748,64,2592,16.2561
81,8748,64,3888,21.5645
81,8748,64,5832,29.5272
81,8748,64,8748,41.4711
81,8748,64,13122,59.3870
81,8748,64,16384,72.7482
81,8748,128,512,9.8664
81,8748,128,768,11.9635
81,8748,128,1152,15.1092
81,8748,128,1728,19.8278
81,8748,128,2592,26.9057
81,8748,128,3888,37.5226
81,8748,128,5832,53.4478
81,8748,128,8748,77.3357
81,8748,128,13122,113.1675
81,8748,128,16384,139.8898
81,13122,0,0,7.7727
81,13122,1,512,7.7740
81,13122,1,768,7.7747
81,13122,1,1152,7.7757
81,13122,1,1728,7.7772
81,13122,1,2592,7.7794
81,13122,1,3888,7.7828
81,13122,1,5832,7.7879
81,13122,1,8748,7.7954
81,13122,1,13122,7.8068
81,13122,1,16384,7.8153
81,13122,2,512,7.7754
81,13122,2,768,7.7767
81,13122,2,1152,7.7787
81,13122,2,1728,7.7817
81,13122,2,2592,7.7862
81,13122,2,3888,7.7929
81,13122,2,5832,7.8030
81,13122,2,8748,7.8182
81,13122,2,13122,7.8410
81,13122,2,16384,7.9846
81,13122,4,512,7.7780
81,13122,4,768,7.7807
81,13122,4,1152,7.7847
81,13122,4,1728,7.7907
81,13122,4,2592,7.7997
81,13122,4,3888,7.8131
81,13122,4,5832,7.8334
81,13122,4,8748,8.1280
81,13122,4,13122,9.2477
81,13122,4,16384,10.0828
81,13122,8,512,7.7834
81,13122,8,768,7.7887
81,13122,8,1152,7.7967
81,13122,8,1728,7.8087
81,13122,8,2592,7.8266
81,13122,8,3888,7.8812
81,13122,8,5832,8.8765
81,13122,8,8748,10.3695
81,13122,8,13122,12.6090
81,13122,8,16384,14.2792
81,13122,16,512,7.7940
81,13122,16,768,7.8047
81,13122,16,1152,7.8206
81,13122,16,1728,7.8446
81,13122,16,2592,8.5489
81,13122,16,3888,9.8760
81,13122,16,5832,11.8666
81,13122,16,8748,14.8526
81,13122,16,13122,19.3316
81,13122,16,16384,22.6719
81,13122,32,512,7.8153
81,13122,32,768,7.8366
81,13122,32,1152,8.2621
81,13122,32,1728,9.4418
81,13122,32,2592,11.2113
81,13122,32,3888,13.8655
81,13122,32,5832,17.8468
81,13122,32,8748,23.8188
81,13122,32,13122,32.7767
81,13122,32,16384,39.4573
81,13122,64,512,8.0164
81,13122,64,768,9.0650
81,13122,64,1152,10.6378
81,13122,64,1728,12.9971
81,13122,64,2592,16.5361
81,13122,64,3888,21.8445
81,13122,64,5832,29.8071
81,13122,64,8748,41.7510
81,13122,64,13122,59.6669
81,13122,64,16384,73.0281
81,13122,128,512,10.1463
81,13122,128,768,12.2435
81,13122,128,1152,15.3892
81,13122,128,1728,20.1078
81,13122,128,2592,27.1857
81,13122,128,3888,37.8025
81,13122,128,5832,53.7277
81,13122,128,8748,77.6156
81,13122,128,13122,113.4474
81,13122,128,16384,140.1697
81,16384,0,0,8.4598
81,16384,1,512,8.4612
81,16384,1,768,8.4618
81,16384,1,1152,8.4628
81,16384,1,1728,8.4643
81,16384,1,2592,8.4666
81,16384,1,3888,8.4700
81,16384,1,5832,8.4750
81,16384,1,8748,8.4826
81,16384,1,13122,8.4940
81,16384,1,16384,8.5025
81,16384,2,512,8.4625
81,16384,2,768,8.4638
81,16384,2,1152,8.4658
81,16384,2,1728,8.4688
81,16384,2,2592,8.4733
81,16384,2,3888,8.4801
81,16384,2,5832,8.4902
81,16384,2,8748,8.5053
81,16384,2,13122,8.5281
81,16384,2,16384,8.5451
81,16384,4,512,8.4652
81,16384,4,768,8.4678
81,16384,4,1152,8.4718
81,16384,4,1728,8.4778
81,16384,4,2592,8.4868
81,16384,4,3888,8.5003
81,16384,4,5832,8.5205
81,16384,4,8748,8.5508
81,16384,4,13122,9.4565
81,16384,4,16384,10.2916
81,16384,8,512,8.4705
81,16384,8,768,8.4758
81,16384,8,1152,8.4838
81,16384,8,1728,8.4958
81,16384,8,2592,8.5138
81,16384,8,3888,8.5407
81,16384,8,5832,9.0853
81,16384,8,8748,10.5783
81,16384,8,13122,12.8178
81,16384,8,16384,14.4879
81,16384,16,512,8.4811
81,16384,16,768,8.4918
81,16384,16,1152,8.5078
81,16384,16,1728,8.5317
81,16384,16,2592,8.7576
81,16384,16,3888,10.0847
81,16384,16,5832,12.0754
81,16384,16,8748,15.0614
81,16384,16,13122,19.5404
81,16384,16,16384,22.8806
81,16384,32,512,8.5025
81,16384,32,768,8.5238
81,16384,32,1152,8.5557
81,16384,32,1728,9.6506
81,16384,32,2592,11.4200
81,16384,32,3888,14.0742
81,16384,32,5832,18.0556
81,16384,32,8748,24.0275
81,16384,32,13122,32.9855
81,16384,32,16384,39.6660
81,16384,64,512,8.5451
81,16384,64,768,9.2737
81,16384,64,1152,10.8466
81,16384,64,1728,13.2059
81,16384,64,2592,16.7448
81,16384,64,3888,22.0532
81,16384,64,5832,30.0159
81,16384,64,8748,41.9598
81,16384,64,13122,59.8757
81,16384,64,16384,73.2369
81,16384,128,512,10.3551
81,16384,128,768,12.4522
81,16384,128,1152,15.5980
81,16384,128,1728,20.3165
81,16384,128,2592,27.3944
81,16384,128,3888,38.0113
81,16384,128,5832,53.9365
81,16384,128,8748,77.8244
81,16384,128,13122,113.6562
81,16384,128,16384,140.3785
122,0,0,0,5.0703
122,0,1,512,5.1036
122,0,1,768,5.1199
122,0,1,1152,5.1445
122,0,1,1728,5.1814
122,0,1,2592,5.2367
122,0,1,3888,5.3196
122,0,1,5832,5.4440
122,0,1,8748,5.6307
122,0,1,13122,5.9106
122,0,1,16384,6.1194
122,0,2,512,5.1368
122,0,2,768,5.1696
122,0,2,1152,5.2188
122,0,2,1728,5.2925
122,0,2,2592,5.4031
122,0,2,3888,5.5690
122,0,2,5832,5.8178
122,0,2,8748,6.1910
122,0,2,13122,6.7509
122,0,2,16384,7.1684
122,0,4,512,5.2034
122,0,4,768,5.2689
122,0,4,1152,5.3672
122,0,4,1728,5.5147
122,0,4,2592,5.7359
122,0,4,3888,6.0676
122,0,4,5832,6.5653
122,0,4,8748,7.3118
122,0,4,13122,8.4316
122,0,4,16384,9.2666
122,0,8,512,5.3365
122,0,8,768,5.4676
122,0,8,1152,5.6642
122,0,8,1728,5.9591
122,0,8,2592,6.4015
122,0,8,3888,7.0650
122,0,8,5832,8.0604
122,0,8,8748,9.5533
122,0,8,13122,11.7928
122,0,8,16384,13.4630
122,0,16,512,5.6028
122,0,16,768,5.8649
122,0,16,1152,6.2581
122,0,16,1728,6.8479
122,0,16,2592,7.7327
122,0,16,3888,9.0598
122,0,16,5832,11.0504
122,0,16,8748,14.0364
122,0,16,13122,18.5154
122,0,16,16384,21.8557
122,0,32,512,6.1352
122,0,32,768,6.6595
122,0,32,1152,7.4460
122,0,32,1728,8.6256
122,0,32,2592,10.3951
122,0,32,3888,13.0493
122,0,32,5832,17.0306
122,0,32,8748,23.0026
122,0,32,13122,31.9605
122,0,32,16384,38.6411
122,0,64,512,7.2002
122,0,64,768,8.2488
122,0,64,1152,9.8216
122,0,64,1728,12.1809
122,0,64,2592,15.7199
122,0,64,3888,21.0283
122,0,64,5832,28.9909
122,0,64,8748,40.9348
122,0,64,13122,58.8508
122,0,64,16384,72.2119
122,0,128,512,9.3301
122,0,128,768,11.4273
122,0,128,1152,14.5730
122,0,128,1728,19.2916
122,0,128,2592,26.3695
122,0,128,3888,36.9863
122,0,128,5832,52.9116
122,0,128,8748,76.7994
122,0,128,13122,112.6312
122,0,128,16384,139.3535
122,512,0,0,5.1818
122,512,1,512,5.1831
122,512,1,768,5.1838
122,512,1,1152,5.1848
122,512,1,1728,5.2141
122,512,1,2592,5.2694
122,512,1,3888,5.3524
122,512,1,5832,5.4768
122,512,1,8748,5.6634
122,512,1,13122,5.9434
122,512,1,16384,6.1521
122,512,2,512,5.1845
122,512,2,768,5.2024
122,512,2,1152,5.2515
122,512,2,1728,5.3252
122,512,2,2592,5.4358
122,512,2,3888,5.6017
122,512,2,5832,5.8506
122,512,2,8748,6.2238
122,512,2,13122,6.7837
122,512,2,16384,7.2012
122,512,4,512,5.2362
122,512,4,768,5.3017
122,512,4,1152,5.4000
122,512,4,1728,5.5475
122,512,4,2592,5.7686
122,512,4,3888,6.1004
122,512,4,5832,6.5981
122,512,4,8748,7.3446
122,512,4,13122,8.4643
122,512,4,16384,9.2994
122,512,8,512,5.3693
122,512,8,768,5.5004
122,512,8,1152,5.6970
122,512,8,1728,5.9919
122,512,8,2592,6.4342
122,512,8,3888,7.0978
122,512,8,5832,8.0931
122,512,8,8748,9.5861
122,512,8,13122,11.8256
122,512,8,16384,13.4957
122,512,16,512,5.6355
122,512,16,768,5.8977
122,512,16,1152,6.2909
122,512,16,1728,6.8807
122,512,16,2592,7.7654
122,512,16,3888,9.0925
122,512,16,5832,11.0832
122,512,16,8748,14.0692
122,512,16,13122,18.5482
122,512,16,16384,21.8884
122,512,32,512,6.1680
122,512,32,768,6.6923
122,512,32,1152,7.4787
122,512,32,1728,8.6584
122,512,32,2592,10.4278
122,512,32,3888,13.0820
122,512,32,5832,17.0634
122,512,32,8748,23.0353
122,512,32,13122,31.9933
122,512,32,16384,38.6739
122,512,64,512,7.2330
122,512,64,768,8.2815
122,512,64,1152,9.8544
122,512,64,1728,12.2137
122,512,64,2592,15.7526
122,512,64,3888,21.0611
122,512,64,5832,29.0237
122,512,64,8748,40.9676
122,512,64,13122,58.8835
122,512,64,16384,72.2447
122,512,128,512,9.3629
122,512,128,768,11.4600
122,512,128,1152,14.6058
122,512,128,1728,19.3244
122,512,128,2592,26.4022
122,512,128,3888,37.0191
122,512,128,5832,52.9443
122,512,128,8748,76.8322
122,512,128,13122,112.6640
122,512,128,16384,139.3863
122,768,0,0,5.2630
122,768,1,512,5.2644
122,768,1,768,5.2650
122,768,1,1152,5.2660
122,768,1,1728,5.2675
122,768,1,2592,5.2858
122,768,1,3888,5.3688
122,768,1,5832,5.4932
122,768,1,8748,5.6798
122,768,1,13122,5.9597
122,768,1,16384,6.1685
122,768,2,512,5.2657
122,768,2,768,5.2670
122,768,2,1152,5.2690
122,768,2,1728,5.3416
122,768,2,2592,5.4522
122,768,2,3888,5.6181
122,768,2,5832,5.8669
122,768,2,8748,6.2402
122,768,2,13122,6.8001
122,768,2,16384,7.2176
122,768,4,512,5.2683
122,768,4,768,5.3181
122,768,4,1152,5.4164
122,768,4,1728,5.5638
122,768,4,2592,5.7850
122,768,4,3888,6.1168
122,768,4,5832,6.6145
122,768,4,8748,7.3610
122,768,4,13122,8.4807
122,768,4,16384,9.3158
122,768,8,512,5.3857
122,768,8,768,5.5167
122,768,8,1152,5.7133
122,768,8,1728,6.0083
122,768,8,2592,6.4506
122,768,8,3888,7.1142
122,768,8,5832,8.1095
122,768,8,8748,9.6025
122,768,8,13122,11.8420
122,768,8,16384,13.5121
122,768,16,512,5.6519
122,768,16,768,5.9140
122,768,16,1152,6.3073
122,768,16,1728,6.8971
122,768,16,2592,7.7818
122,768,16,3888,9.1089
122,768,16,5832,11.0996
122,768,16,8748,14.0856
122,768,16,13122,18.5645
122,768,16,16384,21.9048
122,768,32,512,6.1844
122,768,32,768,6.7087
122,768,32,1152,7.4951
122,768,32,1728,8.6748
122,768,32,2592,10.4442
122,768,32,3888,13.0984
122,768,32,5832,17.0797
122,768,32,8748,23.0517
122,768,32,13122,32.0097
122,768,32,16384,38.6902
122,768,64,512,7.2493
122,768,64,768,8.2979
122,768,64,1152,9.8708
122,768,64,1728,12.2301
122,768,64,2592,15.7690
122,768,64,3888,21.0774
122,768,64,5832,29.0401
122,768,64,8748,40.9840
122,768,64,13122,58.8999
122,768,64,16384,72.2611
122,768,128,512,9.3793
122,768,128,768,11.4764
122,768,128,1152,14.6221
122,768,128,1728,19.3407
122,768,128,2592,26.4186
122,768,128,3888,37.0355
122,768,128,5832,52.9607
122,768,128,8748,76.8486
122,768,128,13122,112.6804
122,768,128,16384,139.4027
122,1152,0,0,5.3849
122,1152,1,512,5.3862
122,1152,1,768,5.3869
122,1152,1,1152,5.3879
122,1152,1,1728,5.3894
122,1152,1,2592,5.3916
122,1152,1,3888,5.3950
122,1152,1,5832,5.5178
122,1152,1,8748,5.7044
122,1152,1,13122,5.9843
122,1152,1,16384,6.1931
122,1152,2,512,5.3875
122,1152,2,768,5.3889
122,1152,2,1152,5.3908
122,1152,2,1728,5.3938
122,1152,2,2592,5.4768
122,1152,2,3888,5.6427
122,1152,2,5832,5.8915
122,1152,2,8748,6.2648
122,1152,2,13122,6.8246
122,1152,2,16384,7.2422
122,1152,4,512,5.3902
122,1152,4,768,5.3928
122,1152,4,1152,5.4410
122,1152,4,1728,5.5884
122,1152,4,2592,5.8096
122,1152,4,3888,6.1414
122,1152,4,5832,6.6390
122,1152,4,8748,7.3855
122,1152,4,13122,8.5053
122,1152,4,16384,9.3404
122,1152,8,512,5.4102
122,1152,8,768,5.5413
122,1152,8,1152,5.7379
122,1152,8,1728,6.0328
122,1152,8,2592,6.4752
122,1152,8,3888,7.1388
122,1152,8,5832,8.1341
122,1152,8,8748,9.6271
122,1152,8,13122,11.8666
122,1152,8,16384,13.5367
122,1152,16,512,5.6765
122,1152,16,768,5.9386
122,1152,16,1152,6.3318
122,1152,16,1728,6.9217
122,1152,16,2592,7.8064
122,1152,16,3888,9.1335
122,1152,16,5832,11.1242
122,1152,16,8748,14.1101
122,1152,16,13122,18.5891
122,1152,16,16384,21.9294
122,1152,32,512,6.2090
122,1152,32,768,6.7332
122,1152,32,1152,7.5197
122,1152,32,1728,8.6993
122,1152,32,2592,10.4688
122,1152,32,3888,13.1230
122,1152,32,5832,17.1043
122,1152,32,8748,23.0763
122,1152,32,13122,32.0342
122,1152,32,16384,38.7148
122,1152,64,512,7.2739
122,1152,64,768,8.3225
122,1152,64,1152,9.8954
122,1152,64,1728,12.2547
122,1152,64,2592,15.7936
122,1152,64,3888,21.1020
122,1152,64,5832,29.0646
122,1152,64,8748,41.0086
122,1152,64,13122,58.9245
122,1152,64,16384,72.2856
122,1152,128,512,9.4038
122,1152,128,768,11.5010
122,1152,128,1152,14.6467
122,1152,128,1728,19.3653
122,1152,128,2592,26.4432
122,1152,128,3888,37.0600
122,1152,128,5832,52.9853
122,1152,128,8748,76.8732
122,1152,128,13122,112.7050
122,1152,128,16384,139.4273
122,1728,0,0,5.5676
122,1728,1,512,5.5689
122,1728,1,768,5.5696
122,1728,1,1152,5.5706
122,1728,1,1728,5.5721
122,1728,1,2592,5.5744
122,1728,1,3888,5.5777
122,1728,1,5832,5.5828
122,1728,1,8748,5.7412
122,1728,1,13122,6.0212
122,1728,1,16384,6.2300
122,1728,2,512,5.5703
122,1728,2,768,5.5716
122,1728,2,1152,5.5736
122,1728,2,1728,5.5766
122,1728,2,2592,5.5811
122,1728,2,3888,5.6796
122,1728,2,5832,5.9284
122,1728,2,8748,6.3016
122,1728,2,13122,6.8615
122,1728,2,16384,7.2790
122,1728,4,512,5.5729
122,1728,4,768,5.5756
122,1728,4,1152,5.5796
122,1728,4,1728,5.6253
122,1728,4,2592,5.8465
122,1728,4,3888,6.1782
122,1728,4,5832,6.6759
122,1728,4,8748,7.4224
122,1728,4,13122,8.5421
122,1728,4,16384,9.3772
122,1728,8,512,5.5783
122,1728,8,768,5.5836
122,1728,8,1152,5.7748
122,1728,8,1728,6.0697
122,1728,8,2592,6.5121
122,1728,8,3888,7.1756
122,1728,8,5832,8.1709
122,1728,8,8748,9.6639
122,1728,8,13122,11.9034
122,1728,8,16384,13.5736
122,1728,16,512,5.7133
122,1728,16,768,5.9755
122,1728,16,1152,6.3687
122,1728,16,1728,6.9585
122,1728,16,2592,7.8433
122,1728,16,3888,9.1704
122,1728,16,5832,11.1610
122,1728,16,8748,14.1470
122,1728,16,13122,18.6260
122,1728,16,16384,21.9663
122,1728,32,512,6.2458
122,1728,32,768,6.7701
122,1728,32,1152,7.5565
122,1728,32,1728,8.7362
122,1728,32,2592,10.5057
122,1728,32,3888,13.1599
122,1728,32,5832,17.1412
122,1728,32,8748,23.1132
122,1728,32,13122,32.0711
122,1728,32,16384,38.7517
122,1728,64,512,7.3108
122,1728,64,768,8.3594
122,1728,64,1152,9.9322
122,1728,64,1728,12.2915
122,1728,64,2592,15.8305
122,1728,64,3888,21.1389
122,1728,64,5832,29.1015
122,1728,64,8748,41.0454
122,1728,64,13122,58.9613
122,1728,64,16384,72.3225
122,1728,128,512,9.4407
122,1728,128,768,11.5379
122,1728,128,1152,14.6836
122,1728,128,1728,19.4022
122,1728,128,2592,26.4801
122,1728,128,3888,37.0969
122,1728,128,5832,53.0221
122,1728,128,8748,76.9100
122,1728,128,13122,112.7418
122,1728,128,16384,139.4641
122,2592,0,0,5.8417
122,2592,1,512,5.8431
122,2592,1,768,5.8437
122,2592,1,1152,5.8447
122,2592,1,1728,5.8462
122,2592,1,2592,5.8485
122,2592,1,3888,5.8518
122,2592,1,5832,5.8569
122,2592,1,8748,5.8645
122,2592,1,13122,6.0765
122,2592,1,16384,6.2852
122,2592,2,512,5.8444
122,2592,2,768,5.8457
122,2592,2,1152,5.8477
122,2592,2,1728,5.8507
122,2592,2,2592,5.8552
122,2592,2,3888,5.8620
122,2592,2,5832,5.9837
122,2592,2,8748,6.3569
122,2592,2,13122,6.9168
122,2592,2,16384,7.3343
122,2592,4,512,5.8471
122,2592,4,768,5.8497
122,2592,4,1152,5.8537
122,2592,4,1728,5.8597
122,2592,4,2592,5.9018
122,2592,4,3888,6.2335
122,2592,4,5832,6.7312
122,2592,4,8748,7.4777
122,2592,4,13122,8.5974
122,2592,4,16384,9.4325
122,2592,8,512,5.8524
122,2592,8,768,5.8577
122,2592,8,1152,5.8657
122,2592,8,1728,6.1250
122,2592,8,2592,6.5674
122,2592,8,3888,7.2309
122,2592,8,5832,8.2262
122,2592,8,8748,9.7192
122,2592,8,13122,11.9587
122,2592,8,16384,13.6289
122,2592,16,512,5.8630
122,2592,16,768,6.0308
122,2592,16,1152,6.4240
122,2592,16,1728,7.0138
122,2592,16,2592,7.8986
122,2592,16,3888,9.2257
122,2592,16,5832,11.2163
122,2592,16,8748,14.2023
122,2592,16,13122,18.6813
122,2592,16,16384,22.0216
122,2592,32,512,6.3011
122,2592,32,768,6.8254
122,2592,32,1152,7.6118
122,2592,32,1728,8.7915
122,2592,32,2592,10.5610
122,2592,32,3888,13.2152
122,2592,32,5832,17.1965
122,2592,32,8748,23.1684
122,2592,32,13122,32.1264
122,2592,32,16384,38.8070
122,2592,64,512,7.3661
122,2592,64,768,8.4147
122,2592,64,1152,9.9875
122,2592,64,1728,12.3468
122,2592,64,2592,15.8858
122,2592,64,3888,21.1942
122,2592,64,5832,29.1568
122,2592,64,8748,41.1007
122,2592,64,13122,59.0166
122,2592,64,16384,72.3778
122,2592,128,512,9.4960
122,2592,128,768,11.5932
122,2592,128,1152,14.7389
122,2592,128,1728,19.4575
122,2592,128,2592,26.5354
122,2592,128,3888,37.1522
122,2592,128,5832,53.0774
122,2592,128,8748,76.9653
122,2592,128,13122,112.7971
122,2592,128,16384,139.5194
122,3888,0,0,6.2529
122,3888,1,512,6.2543
122,3888,1,768,6.2549
122,3888,1,1152,6.2559
122,3888,1,1728,6.2574
122,3888,1,2592,6.2597
122,3888,1,3888,6.2630
122,3888,1,5832,6.2681
122,3888,1,8748,6.2757
122,3888,1,13122,6.2871
122,3888,1,16384,6.3682
122,3888,2,512,6.2556
122,3888,2,768,6.2569
122,3888,2,1152,6.2589
122,3888,2,1728,6.2619
122,3888,2,2592,6.2664
122,3888,2,3888,6.2732
122,3888,2,5832,6.2833
122,3888,2,8748,6.4399
122,3888,2,13122,6.9997
122,3888,2,16384,7.4173
122,3888,4,512,6.2583
122,3888,4,768,6.2609
122,3888,4,1152,6.2649
122,3888,4,1728,6.2709
122,3888,4,2592,6.2799
122,3888,4,3888,6.3165
122,3888,4,5832,6.8141
122,3888,4,8748,7.5606
122,3888,4,13122,8.6804
122,3888,4,16384,9.5155
122,3888,8,512,6.2636
122,3888,8,768,6.2689
122,3888,8,1152,6.2769
122,3888,8,1728,6.2889
122,3888,8,2592,6.6503
122,3888,8,3888,7.3139
122,3888,8,5832,8.3092
122,3888,8,8748,9.8022
122,3888,8,13122,12.0417
122,3888,8,16384,13.7118
122,3888,16,512,6.2742
122,3888,16,768,6.2849
122,3888,16,1152,6.5069
122,3888,16,1728,7.0968
122,3888,16,2592,7.9815
122,3888,16,3888,9.3086
122,3888,16,5832,11.2993
122,3888,16,8748,14.2852
122,3888,16,13122,18.7642
122,3888,16,16384,22.1045
122,3888,32,512,6.3841
122,3888,32,768,6.9084
122,3888,32,1152,7.6948
122,3888,32,1728,8.8744
122,3888,32,2592,10.6439
122,3888,32,3888,13.2981
122,3888,32,5832,17.2794
122,3888,32,8748,23.2514
122,3888,32,13122,32.2093
122,3888,32,16384,38.8899
122,3888,64,512,7.4490
122,3888,64,768,8.4976
122,3888,64,1152,10.0705
122,3888,64,1728,12.4298
122,3888,64,2592,15.9687
122,3888,64,3888,21.2771
122,3888,64,5832,29.2397
122,3888,64,8748,41.1837
122,3888,64,13122,59.0996
122,3888,64,16384,72.4607
122,3888,128,512,9.5789
122,3888,128,768,11.6761
122,3888,128,1152,14.8218
122,3888,128,1728,19.5404
122,3888,128,2592,26.6183
122,3888,128,3888,37.2351
122,3888,128,5832,53.1604
122,3888,128,8748,77.0483
122,3888,128,13122,112.8801
122,3888,128,16384,139.6024
122,5832,0,0,6.8697
122,5832,1,512,6.8710
122,5832,1,768,6.8717
122,5832,1,1152,6.8727
122,5832,1,1728,6.8742
122,5832,1,2592,6.8765
122,5832,1,3888,6.8798
122,5832,1,5832,6.8849
122,5832,1,8748,6.8925
122,5832,1,13122,6.9038
122,5832,1,16384,6.9123
122,5832,2,512,6.8724
122,5832,2,768,6.8737
122,5832,2,1152,6.8757
122,5832,2,1728,6.8787
122,5832,2,2592,6.8832
122,5832,2,3888,6.8899
122,5832,2,5832,6.9000
122,5832,2,8748,6.9152
122,5832,2,13122,7.1242
122,5832,2,16384,7.5417
122,5832,4,512,6.8750
122,5832,4,768,6.8777
122,5832,4,1152,6.8817
122,5832,4,1728,6.8877
122,5832,4,2592,6.8967
122,5832,4,3888,6.9102
122,5832,4,5832,6.9386
122,5832,4,8748,7.6851
122,5832,4,13122,8.8048
122,5832,4,16384,9.6399
122,5832,8,512,6.8804
122,5832,8,768,6.8857
122,5832,8,1152,6.8937
122,5832,8,1728,6.9057
122,5832,8,2592,6.9236
122,5832,8,3888,7.4383
122,5832,8,5832,8.4336
122,5832,8,8748,9.9266
122,5832,8,13122,12.1661
122,5832,8,16384,13.8362
122,5832,16,512,6.8910
122,5832,16,768,6.9017
122,5832,16,1152,6.9177
122,5832,16,1728,7.2212
122,5832,16,2592,8.1059
122,5832,16,3888,9.4330
122,5832,16,5832,11.4237
122,5832,16,8748,14.4097
122,5832,16,13122,18.8886
122,5832,16,16384,22.2289
122,5832,32,512,6.9123
122,5832,32,768,7.0328
122,5832,32,1152,7.8192
122,5832,32,1728,8.9988
122,5832,32,2592,10.7683
122,5832,32,3888,13.4225
122,5832,32,5832,17.4038
122,5832,32,8748,23.3758
122,5832,32,13122,32.3338
122,5832,32,16384,39.0143
122,5832,64,512,7.5734
122,5832,64,768,8.6220
122,5832,64,1152,10.1949
122,5832,64,1728,12.5542
122,5832,64,2592,16.0931
122,5832,64,3888,21.4015
122,5832,64,5832,29.3642
122,5832,64,8748,41.3081
122,5832,64,13122,59.2240
122,5832,64,16384,72.5852
122,5832,128,512,9.7034
122,5832,128,768,11.8005
122,5832,128,1152,14.9462
122,5832,128,1728,19.6648
122,5832,128,2592,26.7427
122,5832,128,3888,37.3596
122,5832,128,5832,53.2848
122,5832,128,8748,77.1727
122,5832,128,13122,113.0045
122,5832,128,16384,139.7268
122,8748,0,0,7.7949
122,8748,1,512,7.7962
122,8748,1,768,7.7969
122,8748,1,1152,7.7979
122,8748,1,1728,7.7994
122,8748,1,2592,7.8016
122,8748,1,3888,7.8050
122,8748,1,5832,7.8101
122,8748,1,8748,7.8176
122,8748,1,13122,7.8290
122,8748,1,16384,7.8375
122,8748,2,512,7.7976
122,8748,2,768,7.7989
122,8748,2,1152,7.8009
122,8748,2,1728,7.8039
122,8748,2,2592,7.8084
122,8748,2,3888,7.8151
122,8748,2,5832,7.8252
122,8748,2,8748,7.8404
122,8748,2,13122,7.8631
122,8748,2,16384,7.8801
122,8748,4,512,7.8002
122,8748,4,768,7.8029
122,8748,4,1152,7.8069
122,8748,4,1728,7.8129
122,8748,4,2592,7.8219
122,8748,4,3888,7.8353
122,8748,4,5832,7.8556
122,8748,4,8748,7.8859
122,8748,4,13122,8.9914
122,8748,4,16384,9.8265
122,8748,8,512,7.8055
122,8748,8,768,7.8109
122,8748,8,1152,7.8189
122,8748,8,1728,7.8308
122,8748,8,2592,7.8488
122,8748,8,3888,7.8758
122,8748,8,5832,8.6202
122,8748,8,8748,10.1132
122,8748,8,13122,12.3527
122,8748,8,16384,14.0228
122,8748,16,512,7.8162
122,8748,16,768,7.8269
122,8748,16,1152,7.8428
122,8748,16,1728,7.8668
122,8748,16,2592,8.2925
122,8748,16,3888,9.6196
122,8748,16,5832,11.6103
122,8748,16,8748,14.5963
122,8748,16,13122,19.0753
122,8748,16,16384,22.4156
122,8748,32,512,7.8375
122,8748,32,768,7.8588
122,8748,32,1152,8.0058
122,8748,32,1728,9.1855
122,8748,32,2592,10.9549
122,8748,32,3888,13.6092
122,8748,32,5832,17.5905
122,8748,32,8748,23.5624
122,8748,32,13122,32.5204
122,8748,32,16384,39.2010
122,8748,64,512,7.8801
122,8748,64,768,8.8086
122,8748,64,1152,10.3815
122,8748,64,1728,12.7408
122,8748,64,2592,16.2797
122,8748,64,3888,21.5882
122,8748,64,5832,29.5508
122,8748,64,8748,41.4947
122,8748,64,13122,59.4106
122,8748,64,16384,72.7718
122,8748,128,512,9.8900
122,8748,128,768,11.9871
122,8748,128,1152,15.1329
122,8748,128,1728,19.8515
122,8748,128,2592,26.9293
122,8748,128,3888,37.5462
122,8748,128,5832,53.4714
122,8748,128,8748,77.3593
122,8748,128,13122,113.1911
122,8748,128,16384,139.9134
122,13122,0,0,9.1827
122,13122,1,512,9.1840
122,13122,1,768,9.1847
122,13122,1,1152,9.1857
122,13122,1,1728,9.1872
122,13122,1,2592,9.1894
122,13122,1,3888,9.1928
122,13122,1,5832,9.1978
122,13122,1,8748,9.2054
122,13122,1,13122,9.2168
122,13122,1,16384,9.2253
122,13122,2,512,9.1853
122,13122,2,768,9.1867
122,13122,2,1152,9.1887
122,13122,2,1728,9.1917
122,13122,2,2592,9.1962
122,13122,2,3888,9.2029
122,13122,2,5832,9.2130
122,13122,2,8748,9.2282
122,13122,2,13122,9.2509
122,13122,2,16384,9.2679
122,13122,4,512,9.1880
122,13122,4,768,9.1907
122,13122,4,1152,9.1947
122,13122,4,1728,9.2006
122,13122,4,2592,9.2096
122,13122,4,3888,9.2231
122,13122,4,5832,9.2433
122,13122,4,8748,9.2737
122,13122,4,13122,9.3192
122,13122,4,16384,10.1064
122,13122,8,512,9.1933
122,13122,8,768,9.1986
122,13122,8,1152,9.2066
122,13122,8,1728,9.2186
122,13122,8,2592,9.2366
122,13122,8,3888,9.2636
122,13122,8,5832,9.3040
122,13122,8,8748,10.3932
122,13122,8,13122,12.6326
122,13122,8,16384,14.3028
122,13122,16,512,9.2040
122,13122,16,768,9.2146
122,13122,16,1152,9.2306
122,13122,16,1728,9.2546
122,13122,16,2592,9.2905
122,13122,16,3888,9.8996
122,13122,16,5832,11.8902
122,13122,16,8748,14.8762
122,13122,16,13122,19.3552
122,13122,16,16384,22.6955
122,13122,32,512,9.2253
122,13122,32,768,9.2466
122,13122,32,1152,9.2785
122,13122,32,1728,9.4654
122,13122,32,2592,11.2349
122,13122,32,3888,13.8891
122,13122,32,5832,17.8704
122,13122,32,8748,23.8424
122,13122,32,13122,32.8003
122,13122,32,16384,39.4809
122,13122,64,512,9.2679
122,13122,64,768,9.3105
122,13122,64,1152,10.6614
122,13122,64,1728,13.0207
122,13122,64,2592,16.5597
122,13122,64,3888,21.8681
122,13122,64,5832,29.8307
122,13122,64,8748,41.7747
122,13122,64,13122,59.6906
122,13122,64,16384,73.0517
122,13122,128,512,10.1699
122,13122,128,768,12.2671
122,13122,128,1152,15.4128
122,13122,128,1728,20.1314
122,13122,128,2592,27.2093
122,13122,128,3888,37.8261
122,13122,128,5832,53.7514
122,13122,128,8748,77.6392
122,13122,128,13122,113.4710
122,13122,128,16384,140.1933
122,16384,0,0,10.2176
122,16384,1,512,10.2190
122,16384,1,768,10.2196
122,16384,1,1152,10.2206
122,16384,1,1728,10.2221
122,16384,1,2592,10.2244
122,16384,1,3888,10.2277
122,16384,1,5832,10.2328
122,16384,1,8748,10.2404
122,16384,1,13122,10.2518
122,16384,1,16384,10.2602
122,16384,2,512,10.2203
122,16384,2,768,10.2216
122,16384,2,1152,10.2236
122,16384,2,1728,10.2266
122,16384,2,2592,10.2311
122,16384,2,3888,10.2379
122,16384,2,5832,10.2480
122,16384,2,8748,10.2631
122,16384,2,13122,10.2859
122,16384,2,16384,10.3028
122,16384,4,512,10.2230
122,16384,4,768,10.2256
122,16384,4,1152,10.2296
122,16384,4,1728,10.2356
122,16384,4,2592,10.2446
122,16384,4,3888,10.2581
122,16384,4,5832,10.2783
122,16384,4,8748,10.3086
122,16384,4,13122,10.3541
122,16384,4,16384,10.3881
122,16384,8,512,10.2283
122,16384,8,768,10.2336
122,16384,8,1152,10.2416
122,16384,8,1728,10.2536
122,16384,8,2592,10.2716
122,16384,8,3888,10.2985
122,16384,8,5832,10.3390
122,16384,8,8748,10.6019
122,16384,8,13122,12.8414
122,16384,8,16384,14.5116
122,16384,16,512,10.2389
122,16384,16,768,10.2496
122,16384,16,1152,10.2656
122,16384,16,1728,10.2895
122,16384,16,2592,10.3255
122,16384,16,3888,10.3794
122,16384,16,5832,12.0990
122,16384,16,8748,15.0850
122,16384,16,13122,19.5640
122,16384,16,16384,22.9043
122,16384,32,512,10.2602
122,16384,32,768,10.2815
122,16384,32,1152,10.3135
122,16384,32,1728,10.3614
122,16384,32,2592,11.4436
122,16384,32,3888,14.0979
122,16384,32,5832,18.0792
122,16384,32,8748,24.0511
122,16384,32,13122,33.0091
122,16384,32,16384,39.6897
122,16384,64,512,10.3028
122,16384,64,768,10.3455
122,16384,64,1152,10.8702
122,16384,64,1728,13.2295
122,16384,64,2592,16.7684
122,16384,64,3888,22.0769
122,16384,64,5832,30.0395
122,16384,64,8748,41.9834
122,16384,64,13122,59.8993
122,16384,64,16384,73.2605
122,16384,128,512,10.3881
122,16384,128,768,12.4758
122,16384,128,1152,15.6216
122,16384,128,1728,20.3402
122,16384,128,2592,27.4180
122,16384,128,3888,38.0349
122,16384,128,5832,53.9601
122,16384,128,8748,77.8480
122,16384,128,13122,113.6798
122,16384,128,16384,140.4021
128,0,0,0,5.0737
128,0,1,16,5.0753
128,0,1,32,5.0763
128,0,1,64,5.0783
128,0,1,128,5.0824
128,0,1,256,5.0906
128,0,1,512,5.1070
128,0,1,1024,5.1398
128,0,1,2048,5.2053
128,0,1,4096,5.3364
128,0,1,8192,5.5985
128,0,1,16384,6.1228
128,0,2,16,5.0768
128,0,2,32,5.0788
128,0,2,64,5.0829
128,0,2,128,5.0911
128,0,2,256,5.1075
128,0,2,512,5.1403
128,0,2,1024,5.2058
128,0,2,2048,5.3369
128,0,2,4096,5.5990
128,0,2,8192,6.1233
128,0,2,16384,7.1719
128,0,4,16,5.0799
128,0,4,32,5.0840
128,0,4,64,5.0922
128,0,4,128,5.1085
128,0,4,256,5.1413
128,0,4,512,5.2068
128,0,4,1024,5.3379
128,0,4,2048,5.6001
128,0,4,4096,6.1244
128,0,4,8192,7.1729
128,0,4,16384,9.2701
128,0,8,16,5.0860
128,0,8,32,5.0942
128,0,8,64,5.1106
128,0,8,128,5.1434
128,0,8,256,5.2089
128,0,8,512,5.3400
128,0,8,1024,5.6021
128,0,8,2048,6.1264
128,0,8,4096,7.1750
128,0,8,8192,9.2721
128,0,8,16384,13.4664
128,0,16,16,5.0983
128,0,16,32,5.1147
128,0,16,64,5.1475
128,0,16,128,5.2130
128,0,16,256,5.3441
128,0,16,512,5.6062
128,0,16,1024,6.1305
128,0,16,2048,7.1791
128,0,16,4096,9.2762
128,0,16,8192,13.4705
128,0,16,16384,21.8591
128,0,32,16,5.1229
128,0,32,32,5.1556
128,0,32,64,5.2212
128,0,32,128,5.3523
128,0,32,256,5.6144
128,0,32,512,6.1387
128,0,32,1024,7.1873
128,0,32,2048,9.2844
128,0,32,4096,13.4787
128,0,32,8192,21.8673
128,0,32,16384,38.6445
128,0,64,16,5.1720
128,0,64,32,5.2376
128,0,64,64,5.3686
128,0,64,128,5.6308
128,0,64,256,6.1551
128,0,64,512,7.2036
128,0,64,1024,9.3008
128,0,64,2048,13.4951
128,0,64,4096,21.8837
128,0,64,8192,38.6609
128,0,64,16384,72.2154
128,0,128,16,5.2703
128,0,128,32,5.4014
128,0,128,64,5.6636
128,0,128,128,6.1878
128,0,128,256,7.2364
128,0,128,512,9.3336
128,0,128,1024,13.5279
128,0,128,2048,21.9165
128,0,128,4096,38.6937
128,0,128,8192,72.2481
128,0,128,16384,139.3570
128,16,0,0,5.0748
128,16,1,16,5.0763
128,16,1,32,5.0773
128,16,1,64,5.0794
128,16,1,128,5.0835
128,16,1,256,5.0916
128,16,1,512,5.1080
128,16,1,1024,5.1408
128,16,1,2048,5.2063
128,16,1,4096,5.3374
128,16,1,8192,5.5996
128,16,1,16384,6.1238
128,16,2,16,5.0778
128,16,2,32,5.0799
128,16,2,64,5.0840
128,16,2,128,5.0922
128,16,2,256,5.1085
128,16,2,512,5.1413
128,16,2,1024,5.2068
128,16,2,2048,5.3379
128,16,2,4096,5.6001
128,16,2,8192,6.1244
128,16,2,16384,7.1729
128,16,4,16,5.0809
128,16,4,32,5.0850
128,16,4,64,5.0932
128,16,4,128,5.1096
128,16,4,256,5.1423
128,16,4,512,5.2079
128,16,4,1024,5.3389
128,16,4,2048,5.6011
128,16,4,4096,6.1254
128,16,4,8192,7.1740
128,16,4,16384,9.2711
128,16,8,16,5.0870
128,16,8,32,5.0952
128,16,8,64,5.1116
128,16,8,128,5.1444
128,16,8,256,5.2099
128,16,8,512,5.3410
128,16,8,1024,5.6031
128,16,8,2048,6.1274
128,16,8,4096,7.1760
128,16,8,8192,9.2732
128,16,8,16384,13.4675
128,16,16,16,5.0993
128,16,16,32,5.1157
128,16,16,64,5.1485
128,16,16,128,5.2140
128,16,16,256,5.3451
128,16,16,512,5.6072
128,16,16,1024,6.1315
128,16,16,2048,7.1801
128,16,16,4096,9.2772
128,16,16,8192,13.4716
128,16,16,16384,21.8602
128,16,32,16,5.1239
128,16,32,32,5.1567
128,16,32,64,5.2222
128,16,32,128,5.3533
128,16,32,256,5.6154
128,16,32,512,6.1397
128,16,32,1024,7.1883
128,16,32,2048,9.2854
128,16,32,4096,13.4797
128,16,32,8192,21.8684
128,16,32,16384,38.6456
128,16,64,16,5.1731
128,16,64,32,5.2386
128,16,64,64,5.3697
128,16,64,128,5.6318
128,16,64,256,6.1561
128,16,64,512,7.2047
128,16,64,1024,9.3018
128,16,64,2048,13.4961
128,16,64,4096,21.8847
128,16,64,8192,38.6620
128,16,64,16384,72.2164
128,16,128,16,5.2714
128,16,128,32,5.4024
128,16,128,64,5.6646
128,16,128,128,6.1889
128,16,128,256,7.2374
128,16,128,512,9.3346
128,16,128,1024,13.5289
128,16,128,2048,21.9175
128,16,128,4096,38.6947
128,16,128,8192,72.2492
128,16,128,16384,139.3580
128,32,0,0,5.0758
128,32,1,16,5.0773
128,32,1,32,5.0783
128,32,1,64,5.0804
128,32,1,128,5.0845
128,32,1,256,5.0927
128,32,1,512,5.1091
128,32,1,1024,5.1418
128,32,1,2048,5.2074
128,32,1,4096,5.3384
128,32,1,8192,5.6006
128,32,1,16384,6.1249
128,32,2,16,5.0788
128,32,2,32,5.0809
128,32,2,64,5.0850
128,32,2,128,5.0932
128,32,2,256,5.1096
128,32,2,512,5.1423
128,32,2,1024,5.2079
128,32,2,2048,5.3389
128,32,2,4096,5.6011
128,32,2,8192,6.1254
128,32,2,16384,7.1740
128,32,4,16,5.0819
128,32,4,32,5.0860
128,32,4,64,5.0942
128,32,4,128,5.1106
128,32,4,256,5.1434
128,32,4,512,5.2089
128,32,4,1024,5.3400
128,32,4,2048,5.6021
128,32,4,4096,6.1264
128,32,4,8192,7.1750
128,32,4,16384,9.2721
128,32,8,16,5.0881
128,32,8,32,5.0963
128,32,8,64,5.1126
128,32,8,128,5.1454
128,32,8,256,5.2109
128,32,8,512,5.3420
128,32,8,1024,5.6042
128,32,8,2048,6.1284
128,32,8,4096,7.1770
128,32,8,8192,9.2742
128,32,8,16384,13.4685
128,32,16,16,5.1004
128,32,16,32,5.1167
128,32,16,64,5.1495
128,32,16,128,5.2150
128,32,16,256,5.3461
128,32,16,512,5.6083
128,32,16,1024,6.1325
128,32,16,2048,7.1811
128,32,16,4096,9.2783
128,32,16,8192,13.4726
128,32,16,16384,21.8612
128,32,32,16,5.1249
128,32,32,32,5.1577
128,32,32,64,5.2232
128,32,32,128,5.3543
128,32,32,256,5.6164
128,32,32,512,6.1407
128,32,32,1024,7.1893
128,32,32,2048,9.2865
128,32,32,4096,13.4808
128,32,32,8192,21.8694
128,32,32,16384,38.6466
128,32,64,16,5.1741
128,32,64,32,5.2396
128,32,64,64,5.3707
128,32,64,128,5.6328
128,32,64,256,6.1571
128,32,64,512,7.2057
128,32,64,1024,9.3028
128,32,64,2048,13.4972
128,32,64,4096,21.8858
128,32,64,8192,38.6630
128,32,64,16384,72.2174
128,32,128,16,5.2724
128,32,128,32,5.4035
128,32,128,64,5.6656
128,32,128,128,6.1899
128,32,128,256,7.2385
128,32,128,512,9.3356
128,32,128,1024,13.5299
128,32,128,2048,21.9185
128,32,128,4096,38.6957
128,32,128,8192,72.2502
128,32,128,16384,139.3590
128,64,0,0,5.0778
128,64,1,16,5.0794
128,64,1,32,5.0804
128,64,1,64,5.0824
128,64,1,128,5.0865
128,64,1,256,5.0947
128,64,1,512,5.1111
128,64,1,1024,5.1439
128,64,1,2048,5.2094
128,64,1,4096,5.3405
128,64,1,8192,5.6026
128,64,1,16384,6.1269
128,64,2,16,5.0809
128,64,2,32,5.0829
128,64,2,64,5.0870
128,64,2,128,5.0952
128,64,2,256,5.1116
128,64,2,512,5.1444
128,64,2,1024,5.2099
128,64,2,2048,5.3410
128,64,2,4096,5.6031
128,64,2,8192,6.1274
128,64,2,16384,7.1760
128,64,4,16,5.0840
128,64,4,32,5.0881
128,64,4,64,5.0963
128,64,4,128,5.1126
128,64,4,256,5.1454
128,64,4,512,5.2109
128,64,4,1024,5.3420
128,64,4,2048,5.6042
128,64,4,4096,6.1284
128,64,4,8192,7.1770
128,64,4,16384,9.2742
128,64,8,16,5.0901
128,64,8,32,5.0983
128,64,8,64,5.1147
128,64,8,128,5.1475
128,64,8,256,5.2130
128,64,8,512,5.3441
128,64,8,1024,5.6062
128,64,8,2048,6.1305
128,64,8,4096,7.1791
128,64,8,8192,9.2762
128,64,8,16384,13.4705
128,64,16,16,5.1024
128,64,16,32,5.1188
128,64,16,64,5.1516
128,64,16,128,5.2171
128,64,16,256,5.3482
128,64,16,512,5.6103
128,64,16,1024,6.1346
128,64,16,2048,7.1832
128,64,16,4096,9.2803
128,64,16,8192,13.4746
128,64,16,16384,21.8632
128,64,32,16,5.1270
128,64,32,32,5.1597
128,64,32,64,5.2253
128,64,32,128,5.3564
128,64,32,256,5.6185
128,64,32,512,6.1428
128,64,32,1024,7.1914
128,64,32,2048,9.2885
128,64,32,4096,13.4828
128,64,32,8192,21.8714
128,64,32,16384,38.6486
128,64,64,16,5.1761
128,64,64,32,5.2417
128,64,64,64,5.3727
128,64,64,128,5.6349
128,64,64,256,6.1592
128,64,64,512,7.2077
128,64,64,1024,9.3049
128,64,64,2048,13.4992
128,64,64,4096,21.8878
128,64,64,8192,38.6650
128,64,64,16384,72.2195
128,64,128,16,5.2744
128,64,128,32,5.4055
128,64,128,64,5.6676
128,64,128,128,6.1919
128,64,128,256,7.2405
128,64,128,512,9.3377
128,64,128,1024,13.5320
128,64,128,2048,21.9206
128,64,128,4096,38.6978
128,64,128,8192,72.2522
128,64,128,16384,139.3611
128,128,0,0,5.0819
128,128,1,16,5.0835
128,128,1,32,5.0845
128,128,1,64,5.0865
128,128,1,128,5.0906
128,128,1,256,5.0988
128,128,1,512,5.1152
128,128,1,1024,5.1480
128,128,1,2048,5.2135
128,128,1,4096,5.3446
128,128,1,8192,5.6067
128,128,1,16384,6.1310
128,128,2,16,5.0850
128,128,2,32,5.0870
128,128,2,64,5.0911
128,128,2,128,5.0993
128,128,2,256,5.1157
128,128,2,512,5.1485
128,128,2,1024,5.2140
128,128,2,2048,5.3451
128,128,2,4096,5.6072
128,128,2,8192,6.1315
128,128,2,16384,7.1801
128,128,4,16,5.0881
128,128,4,32,5.0922
128,128,4,64,5.1004
128,128,4,128,5.1167
128,128,4,256,5.1495
128,128,4,512,5.2150
128,128,4,1024,5.3461
128,128,4,2048,5.6083
128,128,4,4096,6.1325
128,128,4,8192,7.1811
128,128,4,16384,9.2783
128,128,8,16,5.0942
128,128,8,32,5.1024
128,128,8,64,5.1188
128,128,8,128,5.1516
128,128,8,256,5.2171
128,128,8,512,5.3482
128,128,8,1024,5.6103
128,128,8,2048,6.1346
128,128,8,4096,7.1832
128,128,8,8192,9.2803
128,128,8,16384,13.4746
128,128,16,16,5.1065
128,128,16,32,5.1229
128,128,16,64,5.1556
128,128,16,128,5.2212
128,128,16,256,5.3523
128,128,16,512,5.6144
128,128,16,1024,6.1387
128,128,16,2048,7.1873
128,128,16,4096,9.2844
128,128,16,8192,13.4787
128,128,16,16384,21.8673
128,128,32,16,5.1311
128,128,32,32,5.1638
128,128,32,64,5.2294
128,128,32,128,5.3604
128,128,32,256,5.6226
128,128,32,512,6.1469
128,128,32,1024,7.1955
128,128,32,2048,9.2926
128,128,32,4096,13.4869
128,128,32,8192,21.8755
128,128,32,16384,38.6527
128,128,64,16,5.1802
128,128,64,32,5.2458
128,128,64,64,5.3768
128,128,64,128,5.6390
128,128,64,256,6.1633
128,128,64,512,7.2118
128,128,64,1024,9.3090
128,128,64,2048,13.5033
128,128,64,4096,21.8919
128,128,64,8192,38.6691
128,128,64,16384,72.2236
128,128,128,16,5.2785
128,128,128,32,5.4096
128,128,128,64,5.6717
128,128,128,128,6.1960
128,128,128,256,7.2446
128,128,128,512,9.3418
128,128,128,1024,13.5361
128,128,128,2048,21.9247
128,128,128,4096,38.7019
128,128,128,8192,72.2563
128,128,128,16384,139.3652
128,256,0,0,5.1065
128,256,1,16,5.1066
128,256,1,32,5.1066
128,256,1,64,5.1067
128,256,1,128,5.1069
128,256,1,256,5.1072
128,256,1,512,5.1234
128,256,1,1024,5.1562
128,256,1,2048,5.2217
128,256,1,4096,5.3528
128,256,1,8192,5.6149
128,256,1,16384,6.1392
128,256,2,16,5.1066
128,256,2,32,5.1067
128,256,2,64,5.1069
128,256,2,128,5.1075
128,256,2,256,5.1239
128,256,2,512,5.1567
128,256,2,1024,5.2222
128,256,2,2048,5.3533
128,256,2,4096,5.6154
128,256,2,8192,6.1397
128,256,2,16384,7.1883
128,256,4,16,5.1067
128,256,4,32,5.1069
128,256,4,64,5.1085
128,256,4,128,5.1249
128,256,4,256,5.1577
128,256,4,512,5.2232
128,256,4,1024,5.3543
128,256,4,2048,5.6164
128,256,4,4096,6.1407
128,256,4,8192,7.1893
128,256,4,16384,9.2865
128,256,8,16,5.1069
128,256,8,32,5.1106
128,256,8,64,5.1270
128,256,8,128,5.1597
128,256,8,256,5.2253
128,256,8,512,5.3564
128,256,8,1024,5.6185
128,256,8,2048,6.1428
128,256,8,4096,7.1914
128,256,8,8192,9.2885
128,256,8,16384,13.4828
128,256,16,16,5.1147
128,256,16,32,5.1311
128,256,16,64,5.1638
128,256,16,128,5.2294
128,256,16,256,5.3604
128,256,16,512,5.6226
128,256,16,1024,6.1469
128,256,16,2048,7.1955
128,256,16,4096,9.2926
128,256,16,8192,13.4869
128,256,16,16384,21.8755
128,256,32,16,5.1393
128,256,32,32,5.1720
128,256,32,64,5.2376
128,256,32,128,5.3686
128,256,32,256,5.6308
128,256,32,512,6.1551
128,256,32,1024,7.2036
128,256,32,2048,9.3008
128,256,32,4096,13.4951
128,256,32,8192,21.8837
128,256,32,16384,38.6609
128,256,64,16,5.1884
128,256,64,32,5.2540
128,256,64,64,5.3850
128,256,64,128,5.6472
128,256,64,256,6.1715
128,256,64,512,7.2200
128,256,64,1024,9.3172
128,256,64,2048,13.5115
128,256,64,4096,21.9001
128,256,64,8192,38.6773
128,256,64,16384,72.2317
128,256,128,16,5.2867
128,256,128,32,5.4178
128,256,128,64,5.6799
128,256,128,128,6.2042
128,256,128,256,7.2528
128,256,128,512,9.3500
128,256,128,1024,13.5443
128,256,128,2048,21.9329
128,256,128,4096,38.7101
128,256,128,8192,72.2645
128,256,128,16384,139.3734
128,512,0,0,5.1917
128,512,1,16,5.1918
128,512,1,32,5.1918
128,512,1,64,5.1919
128,512,1,128,5.1921
128,512,1,256,5.1924
128,512,1,512,5.1931
128,512,1,1024,5.1944
128,512,1,2048,5.2381
128,512,1,4096,5.3692
128,512,1,8192,5.6313
128,512,1,16384,6.1556
128,512,2,16,5.1918
128,512,2,32,5.1919
128,512,2,64,5.1921
128,512,2,128,5.1924
128,512,2,256,5.1931
128,512,2,512,5.1944
128,512,2,1024,5.2386
128,512,2,2048,5.3697
128,512,2,4096,5.6318
128,512,2,8192,6.1561
128,512,2,16384,7.2047
128,512,4,16,5.1919
128,512,4,32,5.1921
128,512,4,64,5.1924
128,512,4,128,5.1931
128,512,4,256,5.1944
128,512,4,512,5.2396
128,512,4,1024,5.3707
128,512,4,2048,5.6328
128,512,4,4096,6.1571
128,512,4,8192,7.2057
128,512,4,16384,9.3028
128,512,8,16,5.1921
128,512,8,32,5.1924
128,512,8,64,5.1931
128,512,8,128,5.1944
128,512,8,256,5.2417
128,512,8,512,5.3727
128,512,8,1024,5.6349
128,512,8,2048,6.1592
128,512,8,4096,7.2077
128,512,8,8192,9.3049
128,512,8,16384,13.4992
128,512,16,16,5.1924
128,512,16,32,5.1931
128,512,16,64,5.1944
128,512,16,128,5.2458
128,512,16,256,5.3768
128,512,16,512,5.6390
128,512,16,1024,6.1633
128,512,16,2048,7.2118
128,512,16,4096,9.3090
128,512,16,8192,13.5033
128,512,16,16384,21.8919
128,512,32,16,5.1931
128,512,32,32,5.1944
128,512,32,64,5.2540
128,512,32,128,5.3850
128,512,32,256,5.6472
128,512,32,512,6.1715
128,512,32,1024,7.2200
128,512,32,2048,9.3172
128,512,32,4096,13.5115
128,512,32,8192,21.9001
128,512,32,16384,38.6773
128,512,64,16,5.2048
128,512,64,32,5.2703
128,512,64,64,5.4014
128,512,64,128,5.6636
128,512,64,256,6.1878
128,512,64,512,7.2364
128,512,64,1024,9.3336
128,512,64,2048,13.5279
128,512,64,4096,21.9165
128,512,64,8192,38.6937
128,512,64,16384,72.2481
128,512,128,16,5.3031
128,512,128,32,5.4342
128,512,128,64,5.6963
128,512,128,128,6.2206
128,512,128,256,7.2692
128,512,128,512,9.3663
128,512,128,1024,13.5606
128,512,128,2048,21.9492
128,512,128,4096,38.7265
128,512,128,8192,72.2809
128,512,128,16384,139.3898
128,1024,0,0,5.3622
128,1024,1,16,5.3622
128,1024,1,32,5.3623
128,1024,1,64,5.3623
128,1024,1,128,5.3625
128,1024,1,256,5.3628
128,1024,1,512,5.3635
128,1024,1,1024,5.3648
128,1024,1,2048,5.3675
128,1024,1,4096,5.4019
128,1024,1,8192,5.6641
128,1024,1,16384,6.1884
128,1024,2,16,5.3623
128,1024,2,32,5.3623
128,1024,2,64,5.3625
128,1024,2,128,5.3628
128,1024,2,256,5.3635
128,1024,2,512,5.3648
128,1024,2,1024,5.3675
128,1024,2,2048,5.4024
128,1024,2,4096,5.6646
128,1024,2,8192,6.1889
128,1024,2,16384,7.2374
128,1024,4,16,5.3623
128,1024,4,32,5.3625
128,1024,4,64,5.3628
128,1024,4,128,5.3635
128,1024,4,256,5.3648
128,1024,4,512,5.3675
128,1024,4,1024,5.4035
128,1024,4,2048,5.6656
128,1024,4,4096,6.1899
128,1024,4,8192,7.2385
128,1024,4,16384,9.3356
128,1024,8,16,5.3625
128,1024,8,32,5.3628
128,1024,8,64,5.3635
128,1024,8,128,5.3648
128,1024,8,256,5.3675
128,1024,8,512,5.4055
128,1024,8,1024,5.6676
128,1024,8,2048,6.1919
128,1024,8,4096,7.2405
128,1024,8,8192,9.3377
128,1024,8,16384,13.5320
128,1024,16,16,5.3628
128,1024,16,32,5.3635
128,1024,16,64,5.3648
128,1024,16,128,5.3675
128,1024,16,256,5.4096
128,1024,16,512,5.6717
128,1024,16,1024,6.1960
128,1024,16,2048,7.2446
128,1024,16,4096,9.3418
128,1024,16,8192,13.5361
128,1024,16,16384,21.9247
128,1024,32,16,5.3635
128,1024,32,32,5.3648
128,1024,32,64,5.3675
128,1024,32,128,5.4178
128,1024,32,256,5.6799
128,1024,32,512,6.2042
128,1024,32,1024,7.2528
128,1024,32,2048,9.3500
128,1024,32,4096,13.5443
128,1024,32,8192,21.9329
128,1024,32,16384,38.7101
128,1024,64,16,5.3648
128,1024,64,32,5.3675
128,1024,64,64,5.4342
128,1024,64,128,5.6963
128,1024,64,256,6.2206
128,1024,64,512,7.2692
128,1024,64,1024,9.3663
128,1024,64,2048,13.5606
128,1024,64,4096,21.9492
128,1024,64,8192,38.7265
128,1024,64,16384,72.2809
128,1024,128,16,5.3675
128,1024,128,32,5.4669
128,1024,128,64,5.7291
128,1024,128,128,6.2534
128,1024,128,256,7.3020
128,1024,128,512,9.3991
128,1024,128,1024,13.5934
128,1024,128,2048,21.9820
128,1024,128,4096,38.7592
128,1024,128,8192,72.3137
128,1024,128,16384,139.4225
128,2048,0,0,5.7030
128,2048,1,16,5.7031
128,2048,1,32,5.7031
128,2048,1,64,5.7032
128,2048,1,128,5.7034
128,2048,1,256,5.7037
128,2048,1,512,5.7044
128,2048,1,1024,5.7057
128,2048,1,2048,5.7084
128,2048,1,4096,5.7137
128,2048,1,8192,5.7296
128,2048,1,16384,6.2539
128,2048,2,16,5.7031
128,2048,2,32,5.7032
128,2048,2,64,5.7034
128,2048,2,128,5.7037
128,2048,2,256,5.7044
128,2048,2,512,5.7057
128,2048,2,1024,5.7084
128,2048,2,2048,5.7137
128,2048,2,4096,5.7301
128,2048,2,8192,6.2544
128,2048,2,16384,7.3030
128,2048,4,16,5.7032
128,2048,4,32,5.7034
128,2048,4,64,5.7037
128,2048,4,128,5.7044
128,2048,4,256,5.7057
128,2048,4,512,5.7084
128,2048,4,1024,5.7137
128,2048,4,2048,5.7311
128,2048,4,4096,6.2554
128,2048,4,8192,7.3040
128,2048,4,16384,9.4012
128,2048,8,16,5.7034
128,2048,8,32,5.7037
128,2048,8,64,5.7044
128,2048,8,128,5.7057
128,2048,8,256,5.7084
128,2048,8,512,5.7137
128,2048,8,1024,5.7332
128,2048,8,2048,6.2575
128,2048,8,4096,7.3060
128,2048,8,8192,9.4032
128,2048,8,16384,13.5975
128,2048,16,16,5.7037
128,2048,16,32,5.7044
128,2048,16,64,5.7057
128,2048,16,128,5.7084
128,2048,16,256,5.7137
128,2048,16,512,5.7373
128,2048,16,1024,6.2616
128,2048,16,2048,7.3101
128,2048,16,4096,9.4073
128,2048,16,8192,13.6016
128,2048,16,16384,21.9902
128,2048,32,16,5.7044
128,2048,32,32,5.7057
128,2048,32,64,5.7084
128,2048,32,128,5.7137
128,2048,32,256,5.7455
128,2048,32,512,6.2698
128,2048,32,1024,7.3183
128,2048,32,2048,9.4155
128,2048,32,4096,13.6098
128,2048,32,8192,21.9984
128,2048,32,16384,38.7756
128,2048,64,16,5.7057
128,2048,64,32,5.7084
128,2048,64,64,5.7137
128,2048,64,128,5.7619
128,2048,64,256,6.2861
128,2048,64,512,7.3347
128,2048,64,1024,9.4319
128,2048,64,2048,13.6262
128,2048,64,4096,22.0148
128,2048,64,8192,38.7920
128,2048,64,16384,72.3464
128,2048,128,16,5.7084
128,2048,128,32,5.7137
128,2048,128,64,5.7946
128,2048,128,128,6.3189
128,2048,128,256,7.3675
128,2048,128,512,9.4646
128,2048,128,1024,13.6589
128,2048,128,2048,22.0476
128,2048,128,4096,38.8248
128,2048,128,8192,72.3792
128,2048,128,16384,139.4881
128,4096,0,0,6.3848
128,4096,1,16,6.3848
128,4096,1,32,6.3849
128,4096,1,64,6.3850
128,4096,1,128,6.3851
128,4096,1,256,6.3855
128,4096,1,512,6.3861
128,4096,1,1024,6.3874
128,4096,1,2048,6.3901
128,4096,1,4096,6.3954
128,4096,1,8192,6.4061
128,4096,1,16384,6.4274
128,4096,2,16,6.3849
128,4096,2,32,6.3850
128,4096,2,64,6.3851
128,4096,2,128,6.3855
128,4096,2,256,6.3861
128,4096,2,512,6.3874
128,4096,2,1024,6.3901
128,4096,2,2048,6.3954
128,4096,2,4096,6.4061
128,4096,2,8192,6.4274
128,4096,2,16384,7.4340
128,4096,4,16,6.3850
128,4096,4,32,6.3851
128,4096,4,64,6.3855
128,4096,4,128,6.3861
128,4096,4,256,6.3874
128,4096,4,512,6.3901
128,4096,4,1024,6.3954
128,4096,4,2048,6.4061
128,4096,4,4096,6.4274
128,4096,4,8192,7.4351
128,4096,4,16384,9.5322
128,4096,8,16,6.3851
128,4096,8,32,6.3855
128,4096,8,64,6.3861
128,4096,8,128,6.3874
128,4096,8,256,6.3901
128,4096,8,512,6.3954
128,4096,8,1024,6.4061
128,4096,8,2048,6.4274
128,4096,8,4096,7.4371
128,4096,8,8192,9.5343
128,4096,8,16384,13.7286
128,4096,16,16,6.3855
128,4096,16,32,6.3861
128,4096,16,64,6.3874
128,4096,16,128,6.3901
128,4096,16,256,6.3954
128,4096,16,512,6.4061
128,4096,16,1024,6.4274
128,4096,16,2048,7.4412
128,4096,16,4096,9.5384
128,4096,16,8192,13.7327
128,4096,16,16384,22.1213
128,4096,32,16,6.3861
128,4096,32,32,6.3874
128,4096,32,64,6.3901
128,4096,32,128,6.3954
128,4096,32,256,6.4061
128,4096,32,512,6.4274
128,4096,32,1024,7.4494
128,4096,32,2048,9.5466
128,4096,32,4096,13.7409
128,4096,32,8192,22.1295
128,4096,32,16384,38.9067
128,4096,64,16,6.3874
128,4096,64,32,6.3901
128,4096,64,64,6.3954
128,4096,64,128,6.4061
128,4096,64,256,6.4274
128,4096,64,512,7.4658
128,4096,64,1024,9.5629
128,4096,64,2048,13.7572
128,4096,64,4096,22.1459
128,4096,64,8192,38.9231
128,4096,64,16384,72.4775
128,4096,128,16,6.3901
128,4096,128,32,6.3954
128,4096,128,64,6.4061
128,4096,128,128,6.4500
128,4096,128,256,7.4986
128,4096,128,512,9.5957
128,4096,128,1024,13.7900
128,4096,128,2048,22.1786
128,4096,128,4096,38.9558
128,4096,128,8192,72.5103
128,4096,128,16384,139.6191
128,8192,0,0,7.7483
128,8192,1,16,7.7483
128,8192,1,32,7.7484
128,8192,1,64,7.7484
128,8192,1,128,7.7486
128,8192,1,256,7.7489
128,8192,1,512,7.7496
128,8192,1,1024,7.7509
128,8192,1,2048,7.7536
128,8192,1,4096,7.7589
128,8192,1,8192,7.7696
128,8192,1,16384,7.7909
128,8192,2,16,7.7484
128,8192,2,32,7.7484
128,8192,2,64,7.7486
128,8192,2,128,7.7489
128,8192,2,256,7.7496
128,8192,2,512,7.7509
128,8192,2,1024,7.7536
128,8192,2,2048,7.7589
128,8192,2,4096,7.7696
128,8192,2,8192,7.7909
128,8192,2,16384,7.8335
128,8192,4,16,7.7484
128,8192,4,32,7.7486
128,8192,4,64,7.7489
128,8192,4,128,7.7496
128,8192,4,256,7.7509
128,8192,4,512,7.7536
128,8192,4,1024,7.7589
128,8192,4,2048,7.7696
128,8192,4,4096,7.7909
128,8192,4,8192,7.8335
128,8192,4,16384,9.7944
128,8192,8,16,7.7486
128,8192,8,32,7.7489
128,8192,8,64,7.7496
128,8192,8,128,7.7509
128,8192,8,256,7.7536
128,8192,8,512,7.7589
128,8192,8,1024,7.7696
128,8192,8,2048,7.7909
128,8192,8,4096,7.8335
128,8192,8,8192,9.7964
128,8192,8,16384,13.9907
128,8192,16,16,7.7489
128,8192,16,32,7.7496
128,8192,16,64,7.7509
128,8192,16,128,7.7536
128,8192,16,256,7.7589
128,8192,16,512,7.7696
128,8192,16,1024,7.7909
128,8192,16,2048,7.8335
128,8192,16,4096,9.8005
128,8192,16,8192,13.9948
128,8192,16,16384,22.3834
128,8192,32,16,7.7496
128,8192,32,32,7.7509
128,8192,32,64,7.7536
128,8192,32,128,7.7589
128,8192,32,256,7.7696
128,8192,32,512,7.7909
128,8192,32,1024,7.8335
128,8192,32,2048,9.8087
128,8192,32,4096,14.0030
128,8192,32,8192,22.3916
128,8192,32,16384,39.1688
128,8192,64,16,7.7509
128,8192,64,32,7.7536
128,8192,64,64,7.7589
128,8192,64,128,7.7696
128,8192,64,256,7.7909
128,8192,64,512,7.8335
128,8192,64,1024,9.8251
128,8192,64,2048,14.0194
128,8192,64,4096,22.4080
128,8192,64,8192,39.1852
128,8192,64,16384,72.7396
128,8192,128,16,7.7536
128,8192,128,32,7.7589
128,8192,128,64,7.7696
128,8192,128,128,7.7909
128,8192,128,256,7.8335
128,8192,128,512,9.8579
128,8192,128,1024,14.0522
128,8192,128,2048,22.4408
128,8192,128,4096,39.2180
128,8192,128,8192,72.7724
128,8192,128,16384,139.8813
128,16384,0,0,10.4752
128,16384,1,16,10.4753
128,16384,1,32,10.4753
128,16384,1,64,10.4754
128,16384,1,128,10.4756
128,16384,1,256,10.4759
128,16384,1,512,10.4766
128,16384,1,1024,10.4779
128,16384,1,2048,10.4806
128,16384,1,4096,10.4859
128,16384,1,8192,10.4965
128,16384,1,16384,10.5178
128,16384,2,16,10.4753
128,16384,2,32,10.4754
128,16384,2,64,10.4756
128,16384,2,128,10.4759
128,16384,2,256,10.4766
128,16384,2,512,10.4779
128,16384,2,1024,10.4806
128,16384,2,2048,10.4859
128,16384,2,4096,10.4965
128,16384,2,8192,10.5178
128,16384,2,16384,10.5604
128,16384,4,16,10.4754
128,16384,4,32,10.4756
128,16384,4,64,10.4759
128,16384,4,128,10.4766
128,16384,4,256,10.4779
128,16384,4,512,10.4806
128,16384,4,1024,10.4859
128,16384,4,2048,10.4965
128,16384,4,4096,10.5178
128,16384,4,8192,10.5604
128,16384,4,16384,10.6457
128,16384,8,16,10.4756
128,16384,8,32,10.4759
128,16384,8,64,10.4766
128,16384,8,128,10.4779
128,16384,8,256,10.4806
128,16384,8,512,10.4859
128,16384,8,1024,10.4965
128,16384,8,2048,10.5178
128,16384,8,4096,10.5604
128,16384,8,8192,10.6457
128,16384,8,16384,14.5150
128,16384,16,16,10.4759
128,16384,16,32,10.4766
128,16384,16,64,10.4779
128,16384,16,128,10.4806
128,16384,16,256,10.4859
128,16384,16,512,10.4965
128,16384,16,1024,10.5178
128,16384,16,2048,10.5604
128,16384,16,4096,10.6457
128,16384,16,8192,14.5191
128,16384,16,16384,22.9077
128,16384,32,16,10.4766
128,16384,32,32,10.4779
128,16384,32,64,10.4806
128,16384,32,128,10.4859
128,16384,32,256,10.4965
128,16384,32,512,10.5178
128,16384,32,1024,10.5604
128,16384,32,2048,10.6457
128,16384,32,4096,14.5273
128,16384,32,8192,22.9159
128,16384,32,16384,39.6931
128,16384,64,16,10.4779
128,16384,64,32,10.4806
128,16384,64,64,10.4859
128,16384,64,128,10.4965
128,16384,64,256,10.5178
128,16384,64,512,10.5604
128,16384,64,1024,10.6457
128,16384,64,2048,14.5437
128,16384,64,4096,22.9323
128,16384,64,8192,39.7095
128,16384,64,16384,73.2639
128,16384,128,16,10.4806
128,16384,128,32,10.4859
128,16384,128,64,10.4965
128,16384,128,128,10.5178
128,16384,128,256,10.5604
128,16384,128,512,10.6457
128,16384,128,1024,14.5764
128,16384,128,2048,22.9651
128,16384,128,4096,39.7423
128,16384,128,8192,73.2967
128,16384,128,16384,140.4056
182,0,0,0,5.1048
182,0,1,512,5.1381
182,0,1,768,5.1545
182,0,1,1152,5.1791
182,0,1,1728,5.2159
182,0,1,2592,5.2712
182,0,1,3888,5.3542
182,0,1,5832,5.4786
182,0,1,8748,5.6652
182,0,1,13122,5.9452
182,0,1,16384,6.1539
182,0,2,512,5.1714
182,0,2,768,5.2042
182,0,2,1152,5.2533
182,0,2,1728,5.3270
182,0,2,2592,5.4376
182,0,2,3888,5.6035
182,0,2,5832,5.8524
182,0,2,8748,6.2256
182,0,2,13122,6.7855
182,0,2,16384,7.2030
182,0,4,512,5.2380
182,0,4,768,5.3035
182,0,4,1152,5.4018
182,0,4,1728,5.5492
182,0,4,2592,5.7704
182,0,4,3888,6.1022
182,0,4,5832,6.5999
182,0,4,8748,7.3464
182,0,4,13122,8.4661
182,0,4,16384,9.3012
182,0,8,512,5.3711
182,0,8,768,5.5021
182,0,8,1152,5.6988
182,0,8,1728,5.9937
182,0,8,2592,6.4360
182,0,8,3888,7.0996
182,0,8,5832,8.0949
182,0,8,8748,9.5879
182,0,8,13122,11.8274
182,0,8,16384,13.4975
182,0,16,512,5.6373
182,0,16,768,5.8995
182,0,16,1152,6.2927
182,0,16,1728,6.8825
182,0,16,2592,7.7672
182,0,16,3888,9.0943
182,0,16,5832,11.0850
182,0,16,8748,14.0710
182,0,16,13122,18.5500
182,0,16,16384,21.8902
182,0,32,512,6.1698
182,0,32,768,6.6941
182,0,32,1152,7.4805
182,0,32,1728,8.6602
182,0,32,2592,10.4296
182,0,32,3888,13.0838
182,0,32,5832,17.0652
182,0,32,8748,23.0371
182,0,32,13122,31.9951
182,0,32,16384,38.6756
182,0,64,512,7.2348
182,0,64,768,8.2833
182,0,64,1152,9.8562
182,0,64,1728,12.2155
182,0,64,2592,15.7544
182,0,64,3888,21.0628
182,0,64,5832,29.0255
182,0,64,8748,40.9694
182,0,64,13122,58.8853
182,0,64,16384,72.2465
182,0,128,512,9.3647
182,0,128,768,11.4618
182,0,128,1152,14.6076
182,0,128,1728,19.3261
182,0,128,2592,26.4040
182,0,128,3888,37.0209
182,0,128,5832,52.9461
182,0,128,8748,76.8340
182,0,128,13122,112.6658
182,0,128,16384,139.3881
182,512,0,0,5.2854
182,512,1,512,5.2867
182,512,1,768,5.2874
182,512,1,1152,5.2884
182,512,1,1728,5.2899
182,512,1,2592,5.3040
182,512,1,3888,5.3869
182,512,1,5832,5.5114
182,512,1,8748,5.6980
182,512,1,13122,5.9779
182,512,1,16384,6.1867
182,512,2,512,5.2881
182,512,2,768,5.2894
182,512,2,1152,5.2914
182,512,2,1728,5.3598
182,512,2,2592,5.4704
182,512,2,3888,5.6363
182,512,2,5832,5.8851
182,512,2,8748,6.2584
182,512,2,13122,6.8182
182,512,2,16384,7.2358
182,512,4,512,5.2907
182,512,4,768,5.3363
182,512,4,1152,5.4346
182,512,4,1728,5.5820
182,512,4,2592,5.8032
182,512,4,3888,6.1350
182,512,4,5832,6.6326
182,512,4,8748,7.3791
182,512,4,13122,8.4989
182,512,4,16384,9.3340
182,512,8,512,5.4038
182,512,8,768,5.5349
182,512,8,1152,5.7315
182,512,8,1728,6.0264
182,512,8,2592,6.4688
182,512,8,3888,7.1324
182,512,8,5832,8.1277
182,512,8,8748,9.6207
182,512,8,13122,11.8602
182,512,8,16384,13.5303
182,512,16,512,5.6701
182,512,16,768,5.9322
182,512,16,1152,6.3254
182,512,16,1728,6.9153
182,512,16,2592,7.8000
182,512,16,3888,9.1271
182,512,16,5832,11.1178
182,512,16,8748,14.1037
182,512,16,13122,18.5827
182,512,16,16384,21.9230
182,512,32,512,6.2026
182,512,32,768,6.7268
182,512,32,1152,7.5133
182,512,32,1728,8.6929
182,512,32,2592,10.4624
182,512,32,3888,13.1166
182,512,32,5832,17.0979
182,512,32,8748,23.0699
182,512,32,13122,32.0278
182,512,32,16384,38.7084
182,512,64,512,7.2675
182,512,64,768,8.3161
182,512,64,1152,9.8890
182,512,64,1728,12.2483
182,512,64,2592,15.7872
182,512,64,3888,21.0956
182,512,64,5832,29.0582
182,512,64,8748,41.0022
182,512,64,13122,58.9181
182,512,64,16384,72.2792
182,512,128,512,9.3974
182,512,128,768,11.4946
182,512,128,1152,14.6403
182,512,128,1728,19.3589
182,512,128,2592,26.4368
182,512,128,3888,37.0536
182,512,128,5832,52.9789
182,512,128,8748,76.8668
182,512,128,13122,112.6986
182,512,128,16384,139.4209
182,768,0,0,5.4066
182,768,1,512,5.4079
182,768,1,768,5.4086
182,768,1,1152,5.4096
182,768,1,1728,5.4111
182,768,1,2592,5.4133
182,768,1,3888,5.4167
182,768,1,5832,5.5277
182,768,1,8748,5.7144
182,768,1,13122,5.9943
182,768,1,16384,6.2031
182,768,2,512,5.4092
182,768,2,768,5.4106
182,768,2,1152,5.4126
182,768,2,1728,5.4156
182,768,2,2592,5.4868
182,768,2,3888,5.6527
182,768,2,5832,5.9015
182,768,2,8748,6.2748
182,768,2,13122,6.8346
182,768,2,16384,7.2522
182,768,4,512,5.4119
182,768,4,768,5.4146
182,768,4,1152,5.4509
182,768,4,1728,5.5984
182,768,4,2592,5.8196
182,768,4,3888,6.1514
182,768,4,5832,6.6490
182,768,4,8748,7.3955
182,768,4,13122,8.5153
182,768,4,16384,9.3503
182,768,8,512,5.4202
182,768,8,768,5.5513
182,768,8,1152,5.7479
182,768,8,1728,6.0428
182,768,8,2592,6.4852
182,768,8,3888,7.1487
182,768,8,5832,8.1441
182,768,8,8748,9.6371
182,768,8,13122,11.8765
182,768,8,16384,13.5467
182,768,16,512,5.6865
182,768,16,768,5.9486
182,768,16,1152,6.3418
182,768,16,1728,6.9316
182,768,16,2592,7.8164
182,768,16,3888,9.1435
182,768,16,5832,11.1341
182,768,16,8748,14.1201
182,768,16,13122,18.5991
182,768,16,16384,21.9394
182,768,32,512,6.2189
182,768,32,768,6.7432
182,768,32,1152,7.5297
182,768,32,1728,8.7093
182,768,32,2592,10.4788
182,768,32,3888,13.1330
182,768,32,5832,17.1143
182,768,32,8748,23.0863
182,768,32,13122,32.0442
182,768,32,16384,38.7248
182,768,64,512,7.2839
182,768,64,768,8.3325
182,768,64,1152,9.9053
182,768,64,1728,12.2646
182,768,64,2592,15.8036
182,768,64,3888,21.1120
182,768,64,5832,29.0746
182,768,64,8748,41.0186
182,768,64,13122,58.9345
182,768,64,16384,72.2956
182,768,128,512,9.4138
182,768,128,768,11.5110
182,768,128,1152,14.6567
182,768,128,1728,19.3753
182,768,128,2592,26.4532
182,768,128,3888,37.0700
182,768,128,5832,52.9953
182,768,128,8748,76.8831
182,768,128,13122,112.7149
182,768,128,16384,139.4372
182,1152,0,0,5.5883
182,1152,1,512,5.5897
182,1152,1,768,5.5903
182,1152,1,1152,5.5913
182,1152,1,1728,5.5928
182,1152,1,2592,5.5951
182,1152,1,3888,5.5984
182,1152,1,5832,5.6035
182,1152,1,8748,5.7389
182,1152,1,13122,6.0189
182,1152,1,16384,6.2276
182,1152,2,512,5.5910
182,1152,2,768,5.5923
182,1152,2,1152,5.5943
182,1152,2,1728,5.5973
182,1152,2,2592,5.6018
182,1152,2,3888,5.6772
182,1152,2,5832,5.9261
182,1152,2,8748,6.2993
182,1152,2,13122,6.8592
182,1152,2,16384,7.2767
182,1152,4,512,5.5937
182,1152,4,768,5.5963
182,1152,4,1152,5.6003
182,1152,4,1728,5.6230
182,1152,4,2592,5.8442
182,1152,4,3888,6.1759
182,1152,4,5832,6.6736
182,1152,4,8748,7.4201
182,1152,4,13122,8.5398
182,1152,4,16384,9.3749
182,1152,8,512,5.5990
182,1152,8,768,5.6043
182,1152,8,1152,5.7725
182,1152,8,1728,6.0674
182,1152,8,2592,6.5098
182,1152,8,3888,7.1733
182,1152,8,5832,8.1686
182,1152,8,8748,9.6616
182,1152,8,13122,11.9011
182,1152,8,16384,13.5713
182,1152,16,512,5.7110
182,1152,16,768,5.9732
182,1152,16,1152,6.3664
182,1152,16,1728,6.9562
182,1152,16,2592,7.8410
182,1152,16,3888,9.1681
182,1152,16,5832,11.1587
182,1152,16,8748,14.1447
182,1152,16,13122,18.6237
182,1152,16,16384,21.9640
182,1152,32,512,6.2435
182,1152,32,768,6.7678
182,1152,32,1152,7.5542
182,1152,32,1728,8.7339
182,1152,32,2592,10.5034
182,1152,32,3888,13.1576
182,1152,32,5832,17.1389
182,1152,32,8748,23.1108
182,1152,32,13122,32.0688
182,1152,32,16384,38.7494
182,1152,64,512,7.3085
182,1152,64,768,8.3571
182,1152,64,1152,9.9299
182,1152,64,1728,12.2892
182,1152,64,2592,15.8282
182,1152,64,3888,21.1366
182,1152,64,5832,29.0992
182,1152,64,8748,41.0431
182,1152,64,13122,58.9590
182,1152,64,16384,72.3202
182,1152,128,512,9.4384
182,1152,128,768,11.5356
182,1152,128,1152,14.6813
182,1152,128,1728,19.3999
182,1152,128,2592,26.4778
182,1152,128,3888,37.0946
182,1152,128,5832,53.0198
182,1152,128,8748,76.9077
182,1152,128,13122,112.7395
182,1152,128,16384,139.4618
182,1728,0,0,5.8610
182,1728,1,512,5.8623
182,1728,1,768,5.8630
182,1728,1,1152,5.8640
182,1728,1,1728,5.8655
182,1728,1,2592,5.8677
182,1728,1,3888,5.8711
182,1728,1,5832,5.8761
182,1728,1,8748,5.8837
182,1728,1,13122,6.0557
182,1728,1,16384,6.2645
182,1728,2,512,5.8636
182,1728,2,768,5.8650
182,1728,2,1152,5.8670
182,1728,2,1728,5.8699
182,1728,2,2592,5.8744
182,1728,2,3888,5.8812
182,1728,2,5832,5.9629
182,1728,2,8748,6.3362
182,1728,2,13122,6.8961
182,1728,2,16384,7.3136
182,1728,4,512,5.8663
182,1728,4,768,5.8690
182,1728,4,1152,5.8729
182,1728,4,1728,5.8789
182,1728,4,2592,5.8879
182,1728,4,3888,6.2128
182,1728,4,5832,6.7105
182,1728,4,8748,7.4570
182,1728,4,13122,8.5767
182,1728,4,16384,9.4118
182,1728,8,512,5.8716
182,1728,8,768,5.8769
182,1728,8,1152,5.8849
182,1728,8,1728,6.1043
182,1728,8,2592,6.5466
182,1728,8,3888,7.2102
182,1728,8,5832,8.2055
182,1728,8,8748,9.6985
182,1728,8,13122,11.9380
182,1728,8,16384,13.6081
182,1728,16,512,5.8823
182,1728,16,768,6.0100
182,1728,16,1152,6.4033
182,1728,16,1728,6.9931
182,1728,16,2592,7.8778
182,1728,16,3888,9.2049
182,1728,16,5832,11.1956
182,1728,16,8748,14.1816
182,1728,16,13122,18.6605
182,1728,16,16384,22.0008
182,1728,32,512,6.2804
182,1728,32,768,6.8047
182,1728,32,1152,7.5911
182,1728,32,1728,8.7708
182,1728,32,2592,10.5402
182,1728,32,3888,13.1944
182,1728,32,5832,17.1757
182,1728,32,8748,23.1477
182,1728,32,13122,32.1057
182,1728,32,16384,38.7862
182,1728,64,512,7.3453
182,1728,64,768,8.3939
182,1728,64,1152,9.9668
182,1728,64,1728,12.3261
182,1728,64,2592,15.8650
182,1728,64,3888,21.1734
182,1728,64,5832,29.1361
182,1728,64,8748,41.0800
182,1728,64,13122,58.9959
182,1728,64,16384,72.3571
182,1728,128,512,9.4753
182,1728,128,768,11.5724
182,1728,128,1152,14.7181
182,1728,128,1728,19.4367
182,1728,128,2592,26.5146
182,1728,128,3888,37.1315
182,1728,128,5832,53.0567
182,1728,128,8748,76.9446
182,1728,128,13122,112.7764
182,1728,128,16384,139.4987
182,2592,0,0,6.2699
182,2592,1,512,6.2712
182,2592,1,768,6.2719
182,2592,1,1152,6.2729
182,2592,1,1728,6.2744
182,2592,1,2592,6.2766
182,2592,1,3888,6.2800
182,2592,1,5832,6.2851
182,2592,1,8748,6.2927
182,2592,1,13122,6.3040
182,2592,1,16384,6.3198
182,2592,2,512,6.2726
182,2592,2,768,6.2739
182,2592,2,1152,6.2759
182,2592,2,1728,6.2789
182,2592,2,2592,6.2834
182,2592,2,3888,6.2901
182,2592,2,5832,6.3002
182,2592,2,8748,6.3915
182,2592,2,13122,6.9514
182,2592,2,16384,7.3689
182,2592,4,512,6.2752
182,2592,4,768,6.2779
182,2592,4,1152,6.2819
182,2592,4,1728,6.2879
182,2592,4,2592,6.2969
182,2592,4,3888,6.3104
182,2592,4,5832,6.7658
182,2592,4,8748,7.5123
182,2592,4,13122,8.6320
182,2592,4,16384,9.4671
182,2592,8,512,6.2806
182,2592,8,768,6.2859
182,2592,8,1152,6.2939
182,2592,8,1728,6.3059
182,2592,8,2592,6.6019
182,2592,8,3888,7.2655
182,2592,8,5832,8.2608
182,2592,8,8748,9.7538
182,2592,8,13122,11.9933
182,2592,8,16384,13.6634
182,2592,16,512,6.2912
182,2592,16,768,6.3019
182,2592,16,1152,6.4586
182,2592,16,1728,7.0484
182,2592,16,2592,7.9331
182,2592,16,3888,9.2602
182,2592,16,5832,11.2509
182,2592,16,8748,14.2369
182,2592,16,13122,18.7158
182,2592,16,16384,22.0561
182,2592,32,512,6.3357
182,2592,32,768,6.8600
182,2592,32,1152,7.6464
182,2592,32,1728,8.8260
182,2592,32,2592,10.5955
182,2592,32,3888,13.2497
182,2592,32,5832,17.2310
182,2592,32,8748,23.2030
182,2592,32,13122,32.1610
182,2592,32,16384,38.8415
182,2592,64,512,7.4006
182,2592,64,768,8.4492
182,2592,64,1152,10.0221
182,2592,64,1728,12.3814
182,2592,64,2592,15.9203
182,2592,64,3888,21.2287
182,2592,64,5832,29.1914
182,2592,64,8748,41.1353
182,2592,64,13122,59.0512
182,2592,64,16384,72.4124
182,2592,128,512,9.5306
182,2592,128,768,11.6277
182,2592,128,1152,14.7734
182,2592,128,1728,19.4920
182,2592,128,2592,26.5699
182,2592,128,3888,37.1868
182,2592,128,5832,53.1120
182,2592,128,8748,76.9999
182,2592,128,13122,112.8317
182,2592,128,16384,139.5540
182,3888,0,0,6.8833
182,3888,1,512,6.8847
182,3888,1,768,6.8853
182,3888,1,1152,6.8863
182,3888,1,1728,6.8878
182,3888,1,2592,6.8901
182,3888,1,3888,6.8934
182,3888,1,5832,6.8985
182,3888,1,8748,6.9061
182,3888,1,13122,6.9174
182,3888,1,16384,6.9259
182,3888,2,512,6.8860
182,3888,2,768,6.8873
182,3888,2,1152,6.8893
182,3888,2,1728,6.8923
182,3888,2,2592,6.8968
182,3888,2,3888,6.9035
182,3888,2,5832,6.9137
182,3888,2,8748,6.9288
182,3888,2,13122,7.0343
182,3888,2,16384,7.4518
182,3888,4,512,6.8886
182,3888,4,768,6.8913
182,3888,4,1152,6.8953
182,3888,4,1728,6.9013
182,3888,4,2592,6.9103
182,3888,4,3888,6.9238
182,3888,4,5832,6.9440
182,3888,4,8748,7.5952
182,3888,4,13122,8.7149
182,3888,4,16384,9.5500
182,3888,8,512,6.8940
182,3888,8,768,6.8993
182,3888,8,1152,6.9073
182,3888,8,1728,6.9193
182,3888,8,2592,6.9372
182,3888,8,3888,7.3484
182,3888,8,5832,8.3437
182,3888,8,8748,9.8367
182,3888,8,13122,12.0762
182,3888,8,16384,13.7464
182,3888,16,512,6.9046
182,3888,16,768,6.9153
182,3888,16,1152,6.9313
182,3888,16,1728,7.1313
182,3888,16,2592,8.0161
182,3888,16,3888,9.3432
182,3888,16,5832,11.3338
182,3888,16,8748,14.3198
182,3888,16,13122,18.7988
182,3888,16,16384,22.1391
182,3888,32,512,6.9259
182,3888,32,768,6.9472
182,3888,32,1152,7.7293
182,3888,32,1728,8.9090
182,3888,32,2592,10.6785
182,3888,32,3888,13.3327
182,3888,32,5832,17.3140
182,3888,32,8748,23.2860
182,3888,32,13122,32.2439
182,3888,32,16384,38.9245
182,3888,64,512,7.4836
182,3888,64,768,8.5322
182,3888,64,1152,10.1050
182,3888,64,1728,12.4643
182,3888,64,2592,16.0033
182,3888,64,3888,21.3117
182,3888,64,5832,29.2743
182,3888,64,8748,41.2182
182,3888,64,13122,59.1341
182,3888,64,16384,72.4953
182,3888,128,512,9.6135
182,3888,128,768,11.7107
182,3888,128,1152,14.8564
182,3888,128,1728,19.5750
182,3888,128,2592,26.6529
182,3888,128,3888,37.2697
182,3888,128,5832,53.1949
182,3888,128,8748,77.0828
182,3888,128,13122,112.9146
182,3888,128,16384,139.6369
182,5832,0,0,7.8034
182,5832,1,512,7.8048
182,5832,1,768,7.8054
182,5832,1,1152,7.8064
182,5832,1,1728,7.8079
182,5832,1,2592,7.8102
182,5832,1,3888,7.8136
182,5832,1,5832,7.8186
182,5832,1,8748,7.8262
182,5832,1,13122,7.8376
182,5832,1,16384,7.8461
182,5832,2,512,7.8061
182,5832,2,768,7.8074
182,5832,2,1152,7.8094
182,5832,2,1728,7.8124
182,5832,2,2592,7.8169
182,5832,2,3888,7.8237
182,5832,2,5832,7.8338
182,5832,2,8748,7.8489
182,5832,2,13122,7.8717
182,5832,2,16384,7.8887
182,5832,4,512,7.8088
182,5832,4,768,7.8114
182,5832,4,1152,7.8154
182,5832,4,1728,7.8214
182,5832,4,2592,7.8304
182,5832,4,3888,7.8439
182,5832,4,5832,7.8641
182,5832,4,8748,7.8944
182,5832,4,13122,8.8394
182,5832,4,16384,9.6744
182,5832,8,512,7.8141
182,5832,8,768,7.8194
182,5832,8,1152,7.8274
182,5832,8,1728,7.8394
182,5832,8,2592,7.8574
182,5832,8,3888,7.8843
182,5832,8,5832,8.4682
182,5832,8,8748,9.9612
182,5832,8,13122,12.2006
182,5832,8,16384,13.8708
182,5832,16,512,7.8248
182,5832,16,768,7.8354
182,5832,16,1152,7.8514
182,5832,16,1728,7.8754
182,5832,16,2592,8.1405
182,5832,16,3888,9.4676
182,5832,16,5832,11.4582
182,5832,16,8748,14.4442
182,5832,16,13122,18.9232
182,5832,16,16384,22.2635
182,5832,32,512,7.8461
182,5832,32,768,7.8674
182,5832,32,1152,7.8993
182,5832,32,1728,9.0334
182,5832,32,2592,10.8029
182,5832,32,3888,13.4571
182,5832,32,5832,17.4384
182,5832,32,8748,23.4104
182,5832,32,13122,32.3683
182,5832,32,16384,39.0489
182,5832,64,512,7.8887
182,5832,64,768,8.6566
182,5832,64,1152,10.2294
182,5832,64,1728,12.5887
182,5832,64,2592,16.1277
182,5832,64,3888,21.4361
182,5832,64,5832,29.3987
182,5832,64,8748,41.3427
182,5832,64,13122,59.2586
182,5832,64,16384,72.6197
182,5832,128,512,9.7379
182,5832,128,768,11.8351
182,5832,128,1152,14.9808
182,5832,128,1728,19.6994
182,5832,128,2592,26.7773
182,5832,128,3888,37.3941
182,5832,128,5832,53.3194
182,5832,128,8748,77.2072
182,5832,128,13122,113.0390
182,5832,128,16384,139.7613
182,8748,0,0,9.1836
182,8748,1,512,9.1850
182,8748,1,768,9.1856
182,8748,1,1152,9.1866
182,8748,1,1728,9.1881
182,8748,1,2592,9.1904
182,8748,1,3888,9.1937
182,8748,1,5832,9.1988
182,8748,1,8748,9.2064
182,8748,1,13122,9.2178
182,8748,1,16384,9.2262
182,8748,2,512,9.1863
182,8748,2,768,9.1876
182,8748,2,1152,9.1896
182,8748,2,1728,9.1926
182,8748,2,2592,9.1971
182,8748,2,3888,9.2039
182,8748,2,5832,9.2140
182,8748,2,8748,9.2291
182,8748,2,13122,9.2519
182,8748,2,16384,9.2689
182,8748,4,512,9.1890
182,8748,4,768,9.1916
182,8748,4,1152,9.1956
182,8748,4,1728,9.2016
182,8748,4,2592,9.2106
182,8748,4,3888,9.2241
182,8748,4,5832,9.2443
182,8748,4,8748,9.2746
182,8748,4,13122,9.3201
182,8748,4,16384,9.8611
182,8748,8,512,9.1943
182,8748,8,768,9.1996
182,8748,8,1152,9.2076
182,8748,8,1728,9.2196
182,8748,8,2592,9.2376
182,8748,8,3888,9.2645
182,8748,8,5832,9.3050
182,8748,8,8748,10.1478
182,8748,8,13122,12.3873
182,8748,8,16384,14.0574
182,8748,16,512,9.2049
182,8748,16,768,9.2156
182,8748,16,1152,9.2316
182,8748,16,1728,9.2555
182,8748,16,2592,9.2915
182,8748,16,3888,9.6542
182,8748,16,5832,11.6449
182,8748,16,8748,14.6308
182,8748,16,13122,19.1098
182,8748,16,16384,22.4501
182,8748,32,512,9.2262
182,8748,32,768,9.2475
182,8748,32,1152,9.2795
182,8748,32,1728,9.3274
182,8748,32,2592,10.9895
182,8748,32,3888,13.6437
182,8748,32,5832,17.6250
182,8748,32,8748,23.5970
182,8748,32,13122,32.5549
182,8748,32,16384,39.2355
182,8748,64,512,9.2689
182,8748,64,768,9.3115
182,8748,64,1152,10.4161
182,8748,64,1728,12.7754
182,8748,64,2592,16.3143
182,8748,64,3888,21.6227
182,8748,64,5832,29.5853
182,8748,64,8748,41.5293
182,8748,64,13122,59.4452
182,8748,64,16384,72.8063
182,8748,128,512,9.9245
182,8748,128,768,12.0217
182,8748,128,1152,15.1674
182,8748,128,1728,19.8860
182,8748,128,2592,26.9639
182,8748,128,3888,37.5807
182,8748,128,5832,53.5060
182,8748,128,8748,77.3939
182,8748,128,13122,113.2257
182,8748,128,16384,139.9480
182,13122,0,0,11.2539
182,13122,1,512,11.2552
182,13122,1,768,11.2559
182,13122,1,1152,11.2569
182,13122,1,1728,11.2584
182,13122,1,2592,11.2607
182,13122,1,3888,11.2640
182,13122,1,5832,11.2691
182,13122,1,8748,11.2767
182,13122,1,13122,11.2880
182,13122,1,16384,11.2965
182,13122,2,512,11.2566
182,13122,2,768,11.2579
182,13122,2,1152,11.2599
182,13122,2,1728,11.2629
182,13122,2,2592,11.2674
182,13122,2,3888,11.2741
182,13122,2,5832,11.2843
182,13122,2,8748,11.2994
182,13122,2,13122,11.3222
182,13122,2,16384,11.3391
182,13122,4,512,11.2592
182,13122,4,768,11.2619
182,13122,4,1152,11.2659
182,13122,4,1728,11.2719
182,13122,4,2592,11.2809
182,13122,4,3888,11.2944
182,13122,4,5832,11.3146
182,13122,4,8748,11.3449
182,13122,4,13122,11.3904
182,13122,4,16384,11.4244
182,13122,8,512,11.2646
182,13122,8,768,11.2699
182,13122,8,1152,11.2779
182,13122,8,1728,11.2899
182,13122,8,2592,11.3078
182,13122,8,3888,11.3348
182,13122,8,5832,11.3753
182,13122,8,8748,11.4359
182,13122,8,13122,12.6672
182,13122,8,16384,14.3373
182,13122,16,512,11.2752
182,13122,16,768,11.2859
182,13122,16,1152,11.3019
182,13122,16,1728,11.3258
182,13122,16,2592,11.3618
182,13122,16,3888,11.4157
182,13122,16,5832,11.9248
182,13122,16,8748,14.9108
182,13122,16,13122,19.3898
182,13122,16,16384,22.7300
182,13122,32,512,11.2965
182,13122,32,768,11.3178
182,13122,32,1152,11.3498
182,13122,32,1728,11.3977
182,13122,32,2592,11.4696
182,13122,32,3888,13.9236
182,13122,32,5832,17.9050
182,13122,32,8748,23.8769
182,13122,32,13122,32.8349
182,13122,32,16384,39.5155
182,13122,64,512,11.3391
182,13122,64,768,11.3817
182,13122,64,1152,11.4457
182,13122,64,1728,13.0553
182,13122,64,2592,16.5942
182,13122,64,3888,21.9027
182,13122,64,5832,29.8653
182,13122,64,8748,41.8092
182,13122,64,13122,59.7251
182,13122,64,16384,73.0863
182,13122,128,512,11.4244
182,13122,128,768,12.3016
182,13122,128,1152,15.4474
182,13122,128,1728,20.1660
182,13122,128,2592,27.2438
182,13122,128,3888,37.8607
182,13122,128,5832,53.7859
182,13122,128,8748,77.6738
182,13122,128,13122,113.5056
182,13122,128,16384,140.2279
182,16384,0,0,12.7979
182,16384,1,512,12.7992
182,16384,1,768,12.7999
182,16384,1,1152,12.8009
182,16384,1,1728,12.8024
182,16384,1,2592,12.8046
182,16384,1,3888,12.8080
182,16384,1,5832,12.8130
182,16384,1,8748,12.8206
182,16384,1,13122,12.8320
182,16384,1,16384,12.8405
182,16384,2,512,12.8005
182,16384,2,768,12.8019
182,16384,2,1152,12.8039
182,16384,2,1728,12.8069
182,16384,2,2592,12.8114
182,16384,2,3888,12.8181
182,16384,2,5832,12.8282
182,16384,2,8748,12.8434
182,16384,2,13122,12.8661
182,16384,2,16384,12.8831
182,16384,4,512,12.8032
182,16384,4,768,12.8059
182,16384,4,1152,12.8099
182,16384,4,1728,12.8158
182,16384,4,2592,12.8248
182,16384,4,3888,12.8383
182,16384,4,5832,12.8585
182,16384,4,8748,12.8889
182,16384,4,13122,12.9344
182,16384,4,16384,12.9683
182,16384,8,512,12.8085
182,16384,8,768,12.8139
182,16384,8,1152,12.8218
182,16384,8,1728,12.8338
182,16384,8,2592,12.8518
182,16384,8,3888,12.8788
182,16384,8,5832,12.9192
182,16384,8,8748,12.9799
182,16384,8,13122,13.0709
182,16384,8,16384,14.5461
182,16384,16,512,12.8192
182,16384,16,768,12.8298
182,16384,16,1152,12.8458
182,16384,16,1728,12.8698
182,16384,16,2592,12.9057
182,16384,16,3888,12.9597
182,16384,16,5832,13.0405
182,16384,16,8748,15.1196
182,16384,16,13122,19.5985
182,16384,16,16384,22.9388
182,16384,32,512,12.8405
182,16384,32,768,12.8618
182,16384,32,1152,12.8937
182,16384,32,1728,12.9417
182,16384,32,2592,13.0136
182,16384,32,3888,14.1324
182,16384,32,5832,18.1137
182,16384,32,8748,24.0857
182,16384,32,13122,33.0436
182,16384,32,16384,39.7242
182,16384,64,512,12.8831
182,16384,64,768,12.9257
182,16384,64,1152,12.9896
182,16384,64,1728,13.2641
182,16384,64,2592,16.8030
182,16384,64,3888,22.1114
182,16384,64,5832,30.0740
182,16384,64,8748,42.0180
182,16384,64,13122,59.9339
182,16384,64,16384,73.2950
182,16384,128,512,12.9683
182,16384,128,768,13.0535
182,16384,128,1152,15.6561
182,16384,128,1728,20.3747
182,16384,128,2592,27.4526
182,16384,128,3888,38.0694
182,16384,128,5832,53.9947
182,16384,128,8748,77.8826
182,16384,128,13122,113.7144
182,16384,128,16384,140.4367
256,0,0,0,5.1475
256,0,1,16,5.1490
256,0,1,32,5.1500
256,0,1,64,5.1521
256,0,1,128,5.1562
256,0,1,256,5.1644
256,0,1,512,5.1807
256,0,1,1024,5.2135
256,0,1,2048,5.2790
256,0,1,4096,5.4101
256,0,1,8192,5.6723
256,0,1,16384,6.1965
256,0,2,16,5.1505
256,0,2,32,5.1526
256,0,2,64,5.1567
256,0,2,128,5.1649
256,0,2,256,5.1812
256,0,2,512,5.2140
256,0,2,1024,5.2796
256,0,2,2048,5.4106
256,0,2,4096,5.6728
256,0,2,8192,6.1971
256,0,2,16384,7.2456
256,0,4,16,5.1536
256,0,4,32,5.1577
256,0,4,64,5.1659
256,0,4,128,5.1823
256,0,4,256,5.2150
256,0,4,512,5.2806
256,0,4,1024,5.4116
256,0,4,2048,5.6738
256,0,4,4096,6.1981
256,0,4,8192,7.2467
256,0,4,16384,9.3438
256,0,8,16,5.1597
256,0,8,32,5.1679
256,0,8,64,5.1843
256,0,8,128,5.2171
256,0,8,256,5.2826
256,0,8,512,5.4137
256,0,8,1024,5.6758
256,0,8,2048,6.2001
256,0,8,4096,7.2487
256,0,8,8192,9.3459
256,0,8,16384,13.5402
256,0,16,16,5.1720
256,0,16,32,5.1884
256,0,16,64,5.2212
256,0,16,128,5.2867
256,0,16,256,5.4178
256,0,16,512,5.6799
256,0,16,1024,6.2042
256,0,16,2048,7.2528
256,0,16,4096,9.3500
256,0,16,8192,13.5443
256,0,16,16384,21.9329
256,0,32,16,5.1966
256,0,32,32,5.2294
256,0,32,64,5.2949
256,0,32,128,5.4260
256,0,32,256,5.6881
256,0,32,512,6.2124
256,0,32,1024,7.2610
256,0,32,2048,9.3581
256,0,32,4096,13.5524
256,0,32,8192,21.9411
256,0,32,16384,38.7183
256,0,64,16,5.2458
256,0,64,32,5.3113
256,0,64,64,5.4424
256,0,64,128,5.7045
256,0,64,256,6.2288
256,0,64,512,7.2774
256,0,64,1024,9.3745
256,0,64,2048,13.5688
256,0,64,4096,21.9574
256,0,64,8192,38.7347
256,0,64,16384,72.2891
256,0,128,16,5.3441
256,0,128,32,5.4751
256,0,128,64,5.7373
256,0,128,128,6.2616
256,0,128,256,7.3101
256,0,128,512,9.4073
256,0,128,1024,13.6016
256,0,128,2048,21.9902
256,0,128,4096,38.7674
256,0,128,8192,72.3219
256,0,128,16384,139.4307
256,16,0,0,5.1485
256,16,1,16,5.1500
256,16,1,32,5.1510
256,16,1,64,5.1531
256,16,1,128,5.1572
256,16,1,256,5.1654
256,16,1,512,5.1818
256,16,1,1024,5.2145
256,16,1,2048,5.2801
256,16,1,4096,5.4111
256,16,1,8192,5.6733
256,16,1,16384,6.1976
256,16,2,16,5.1516
256,16,2,32,5.1536
256,16,2,64,5.1577
256,16,2,128,5.1659
256,16,2,256,5.1823
256,16,2,512,5.2150
256,16,2,1024,5.2806
256,16,2,2048,5.4116
256,16,2,4096,5.6738
256,16,2,8192,6.1981
256,16,2,16384,7.2467
256,16,4,16,5.1546
256,16,4,32,5.1587
256,16,4,64,5.1669
256,16,4,128,5.1833
256,16,4,256,5.2161
256,16,4,512,5.2816
256,16,4,1024,5.4127
256,16,4,2048,5.6748
256,16,4,4096,6.1991
256,16,4,8192,7.2477
256,16,4,16384,9.3448
256,16,8,16,5.1608
256,16,8,32,5.1690
256,16,8,64,5.1853
256,16,8,128,5.2181
256,16,8,256,5.2836
256,16,8,512,5.4147
256,16,8,1024,5.6769
256,16,8,2048,6.2012
256,16,8,4096,7.2497
256,16,8,8192,9.3469
256,16,8,16384,13.5412
256,16,16,16,5.1731
256,16,16,32,5.1894
256,16,16,64,5.2222
256,16,16,128,5.2877
256,16,16,256,5.4188
256,16,16,512,5.6810
256,16,16,1024,6.2052
256,16,16,2048,7.2538
256,16,16,4096,9.3510
256,16,16,8192,13.5453
256,16,16,16384,21.9339
256,16,32,16,5.1976
256,16,32,32,5.2304
256,16,32,64,5.2959
256,16,32,128,5.4270
256,16,32,256,5.6892
256,16,32,512,6.2134
256,16,32,1024,7.2620
256,16,32,2048,9.3592
256,16,32,4096,13.5535
256,16,32,8192,21.9421
256,16,32,16384,38.7193
256,16,64,16,5.2468
256,16,64,32,5.3123
256,16,64,64,5.4434
256,16,64,128,5.7055
256,16,64,256,6.2298
256,16,64,512,7.2784
256,16,64,1024,9.3756
256,16,64,2048,13.5699
256,16,64,4096,21.9585
256,16,64,8192,38.7357
256,16,64,16384,72.2901
256,16,128,16,5.3451
256,16,128,32,5.4762
256,16,128,64,5.7383
256,16,128,128,6.2626
256,16,128,256,7.3112
256,16,128,512,9.4083
256,16,128,1024,13.6026
256,16,128,2048,21.9912
256,16,128,4096,38.7684
256,16,128,8192,72.3229
256,16,128,16384,139.4317
256,32,0,0,5.1495
256,32,1,16,5.1510
256,32,1,32,5.1521
256,32,1,64,5.1541
256,32,1,128,5.1582
256,32,1,256,5.1664
256,32,1,512,5.1828
256,32,1,1024,5.2156
256,32,1,2048,5.2811
256,32,1,4096,5.4122
256,32,1,8192,5.6743
256,32,1,16384,6.1986
256,32,2,16,5.1526
256,32,2,32,5.1546
256,32,2,64,5.1587
256,32,2,128,5.1669
256,32,2,256,5.1833
256,32,2,512,5.2161
256,32,2,1024,5.2816
256,32,2,2048,5.4127
256,32,2,4096,5.6748
256,32,2,8192,6.1991
256,32,2,16384,7.2477
256,32,4,16,5.1556
256,32,4,32,5.1597
256,32,4,64,5.1679
256,32,4,128,5.1843
256,32,4,256,5.2171
256,32,4,512,5.2826
256,32,4,1024,5.4137
256,32,4,2048,5.6758
256,32,4,4096,6.2001
256,32,4,8192,7.2487
256,32,4,16384,9.3459
256,32,8,16,5.1618
256,32,8,32,5.1700
256,32,8,64,5.1864
256,32,8,128,5.2191
256,32,8,256,5.2847
256,32,8,512,5.4157
256,32,8,1024,5.6779
256,32,8,2048,6.2022
256,32,8,4096,7.2508
256,32,8,8192,9.3479
256,32,8,16384,13.5422
256,32,16,16,5.1741
256,32,16,32,5.1905
256,32,16,64,5.2232
256,32,16,128,5.2888
256,32,16,256,5.4198
256,32,16,512,5.6820
256,32,16,1024,6.2063
256,32,16,2048,7.2548
256,32,16,4096,9.3520
256,32,16,8192,13.5463
256,32,16,16384,21.9349
256,32,32,16,5.1987
256,32,32,32,5.2314
256,32,32,64,5.2970
256,32,32,128,5.4280
256,32,32,256,5.6902
256,32,32,512,6.2145
256,32,32,1024,7.2630
256,32,32,2048,9.3602
256,32,32,4096,13.5545
256,32,32,8192,21.9431
256,32,32,16384,38.7203
256,32,64,16,5.2478
256,32,64,32,5.3133
256,32,64,64,5.4444
256,32,64,128,5.7066
256,32,64,256,6.2308
256,32,64,512,7.2794
256,32,64,1024,9.3766
256,32,64,2048,13.5709
256,32,64,4096,21.9595
256,32,64,8192,38.7367
256,32,64,16384,72.2911
256,32,128,16,5.3461
256,32,128,32,5.4772
256,32,128,64,5.7393
256,32,128,128,6.2636
256,32,128,256,7.3122
256,32,128,512,9.4093
256,32,128,1024,13.6036
256,32,128,2048,21.9923
256,32,128,4096,38.7695
256,32,128,8192,72.3239
256,32,128,16384,139.4328
256,64,0,0,5.1516
256,64,1,16,5.1531
256,64,1,32,5.1541
256,64,1,64,5.1562
256,64,1,128,5.1603
256,64,1,256,5.1684
256,64,1,512,5.1848
256,64,1,1024,5.2176
256,64,1,2048,5.2831
256,64,1,4096,5.4142
256,64,1,8192,5.6764
256,64,1,16384,6.2006
256,64,2,16,5.1546
256,64,2,32,5.1567
256,64,2,64,5.1608
256,64,2,128,5.1690
256,64,2,256,5.1853
256,64,2,512,5.2181
256,64,2,1024,5.2836
256,64,2,2048,5.4147
256,64,2,4096,5.6769
256,64,2,8192,6.2012
256,64,2,16384,7.2497
256,64,4,16,5.1577
256,64,4,32,5.1618
256,64,4,64,5.1700
256,64,4,128,5.1864
256,64,4,256,5.2191
256,64,4,512,5.2847
256,64,4,1024,5.4157
256,64,4,2048,5.6779
256,64,4,4096,6.2022
256,64,4,8192,7.2508
256,64,4,16384,9.3479
256,64,8,16,5.1638
256,64,8,32,5.1720
256,64,8,64,5.1884
256,64,8,128,5.2212
256,64,8,256,5.2867
256,64,8,512,5.4178
256,64,8,1024,5.6799
256,64,8,2048,6.2042
256,64,8,4096,7.2528
256,64,8,8192,9.3500
256,64,8,16384,13.5443
256,64,16,16,5.1761
256,64,16,32,5.1925
256,64,16,64,5.2253
256,64,16,128,5.2908
256,64,16,256,5.4219
256,64,16,512,5.6840
256,64,16,1024,6.2083
256,64,16,2048,7.2569
256,64,16,4096,9.3540
256,64,16,8192,13.5484
256,64,16,16384,21.9370
256,64,32,16,5.2007
256,64,32,32,5.2335
256,64,32,64,5.2990
256,64,32,128,5.4301
256,64,32,256,5.6922
256,64,32,512,6.2165
256,64,32,1024,7.2651
256,64,32,2048,9.3622
256,64,32,4096,13.5565
256,64,32,8192,21.9452
256,64,32,16384,38.7224
256,64,64,16,5.2499
256,64,64,32,5.3154
256,64,64,64,5.4465
256,64,64,128,5.7086
256,64,64,256,6.2329
256,64,64,512,7.2815
256,64,64,1024,9.3786
256,64,64,2048,13.5729
256,64,64,4096,21.9615
256,64,64,8192,38.7388
256,64,64,16384,72.2932
256,64,128,16,5.3482
256,64,128,32,5.4792
256,64,128,64,5.7414
256,64,128,128,6.2657
256,64,128,256,7.3142
256,64,128,512,9.4114
256,64,128,1024,13.6057
256,64,128,2048,21.9943
256,64,128,4096,38.7715
256,64,128,8192,72.3260
256,64,128,16384,139.4348
256,128,0,0,5.1704
256,128,1,16,5.1705
256,128,1,32,5.1705
256,128,1,64,5.1706
256,128,1,128,5.1708
256,128,1,256,5.1725
256,128,1,512,5.1889
256,128,1,1024,5.2217
256,128,1,2048,5.2872
256,128,1,4096,5.4183
256,128,1,8192,5.6804
256,128,1,16384,6.2047
256,128,2,16,5.1705
256,128,2,32,5.1706
256,128,2,64,5.1708
256,128,2,128,5.1731
256,128,2,256,5.1894
256,128,2,512,5.2222
256,128,2,1024,5.2877
256,128,2,2048,5.4188
256,128,2,4096,5.6810
256,128,2,8192,6.2052
256,128,2,16384,7.2538
256,128,4,16,5.1706
256,128,4,32,5.1708
256,128,4,64,5.1741
256,128,4,128,5.1905
256,128,4,256,5.2232
256,128,4,512,5.2888
256,128,4,1024,5.4198
256,128,4,2048,5.6820
256,128,4,4096,6.2063
256,128,4,8192,7.2548
256,128,4,16384,9.3520
256,128,8,16,5.1708
256,128,8,32,5.1761
256,128,8,64,5.1925
256,128,8,128,5.2253
256,128,8,256,5.2908
256,128,8,512,5.4219
256,128,8,1024,5.6840
256,128,8,2048,6.2083
256,128,8,4096,7.2569
256,128,8,8192,9.3540
256,128,8,16384,13.5484
256,128,16,16,5.1802
256,128,16,32,5.1966
256,128,16,64,5.2294
256,128,16,128,5.2949
256,128,16,256,5.4260
256,128,16,512,5.6881
256,128,16,1024,6.2124
256,128,16,2048,7.2610
256,128,16,4096,9.3581
256,128,16,8192,13.5524
256,128,16,16384,21.9411
256,128,32,16,5.2048
256,128,32,32,5.2376
256,128,32,64,5.3031
256,128,32,128,5.4342
256,128,32,256,5.6963
256,128,32,512,6.2206
256,128,32,1024,7.2692
256,128,32,2048,9.3663
256,128,32,4096,13.5606
256,128,32,8192,21.9492
256,128,32,16384,38.7265
256,128,64,16,5.2540
256,128,64,32,5.3195
256,128,64,64,5.4506
256,128,64,128,5.7127
256,128,64,256,6.2370
256,128,64,512,7.2856
256,128,64,1024,9.3827
256,128,64,2048,13.5770
256,128,64,4096,21.9656
256,128,64,8192,38.7428
256,128,64,16384,72.2973
256,128,128,16,5.3523
256,128,128,32,5.4833
256,128,128,64,5.7455
256,128,128,128,6.2698
256,128,128,256,7.3183
256,128,128,512,9.4155
256,128,128,1024,13.6098
256,128,128,2048,21.9984
256,128,128,4096,38.7756
256,128,128,8192,72.3300
256,128,128,16384,139.4389
256,256,0,0,5.2557
256,256,1,16,5.2557
256,256,1,32,5.2557
256,256,1,64,5.2558
256,256,1,128,5.2560
256,256,1,256,5.2563
256,256,1,512,5.2570
256,256,1,1024,5.2583
256,256,1,2048,5.2954
256,256,1,4096,5.4265
256,256,1,8192,5.6886
256,256,1,16384,6.2129
256,256,2,16,5.2557
256,256,2,32,5.2558
256,256,2,64,5.2560
256,256,2,128,5.2563
256,256,2,256,5.2570
256,256,2,512,5.2583
256,256,2,1024,5.2959
256,256,2,2048,5.4270
256,256,2,4096,5.6892
256,256,2,8192,6.2134
256,256,2,16384,7.2620
256,256,4,16,5.2558
256,256,4,32,5.2560
256,256,4,64,5.2563
256,256,4,128,5.2570
256,256,4,256,5.2583
256,256,4,512,5.2970
256,256,4,1024,5.4280
256,256,4,2048,5.6902
256,256,4,4096,6.2145
256,256,4,8192,7.2630
256,256,4,16384,9.3602
256,256,8,16,5.2560
256,256,8,32,5.2563
256,256,8,64,5.2570
256,256,8,128,5.2583
256,256,8,256,5.2990
256,256,8,512,5.4301
256,256,8,1024,5.6922
256,256,8,2048,6.2165
256,256,8,4096,7.2651
256,256,8,8192,9.3622
256,256,8,16384,13.5565
256,256,16,16,5.2563
256,256,16,32,5.2570
256,256,16,64,5.2583
256,256,16,128,5.3031
256,256,16,256,5.4342
256,256,16,512,5.6963
256,256,16,1024,6.2206
256,256,16,2048,7.2692
256,256,16,4096,9.3663
256,256,16,8192,13.5606
256,256,16,16384,21.9492
256,256,32,16,5.2570
256,256,32,32,5.2583
256,256,32,64,5.3113
256,256,32,128,5.4424
256,256,32,256,5.7045
256,256,32,512,6.2288
256,256,32,1024,7.2774
256,256,32,2048,9.3745
256,256,32,4096,13.5688
256,256,32,8192,21.9574
256,256,32,16384,38.7347
256,256,64,16,5.2621
256,256,64,32,5.3277
256,256,64,64,5.4588
256,256,64,128,5.7209
256,256,64,256,6.2452
256,256,64,512,7.2938
256,256,64,1024,9.3909
256,256,64,2048,13.5852
256,256,64,4096,21.9738
256,256,64,8192,38.7510
256,256,64,16384,72.3055
256,256,128,16,5.3604
256,256,128,32,5.4915
256,256,128,64,5.7537
256,256,128,128,6.2780
256,256,128,256,7.3265
256,256,128,512,9.4237
256,256,128,1024,13.6180
256,256,128,2048,22.0066
256,256,128,4096,38.7838
256,256,128,8192,72.3382
256,256,128,16384,139.4471
256,512,0,0,5.4261
256,512,1,16,5.4261
256,512,1,32,5.4262
256,512,1,64,5.4263
256,512,1,128,5.4264
256,512,1,256,5.4268
256,512,1,512,5.4274
256,512,1,1024,5.4288
256,512,1,2048,5.4314
256,512,1,4096,5.4429
256,512,1,8192,5.7050
256,512,1,16384,6.2293
256,512,2,16,5.4262
256,512,2,32,5.4263
256,512,2,64,5.4264
256,512,2,128,5.4268
256,512,2,256,5.4274
256,512,2,512,5.4288
256,512,2,1024,5.4314
256,512,2,2048,5.4434
256,512,2,4096,5.7055
256,512,2,8192,6.2298
256,512,2,16384,7.2784
256,512,4,16,5.4263
256,512,4,32,5.4264
256,512,4,64,5.4268
256,512,4,128,5.4274
256,512,4,256,5.4288
256,512,4,512,5.4314
256,512,4,1024,5.4444
256,512,4,2048,5.7066
256,512,4,4096,6.2308
256,512,4,8192,7.2794
256,512,4,16384,9.3766
256,512,8,16,5.4264
256,512,8,32,5.4268
256,512,8,64,5.4274
256,512,8,128,5.4288
256,512,8,256,5.4314
256,512,8,512,5.4465
256,512,8,1024,5.7086
256,512,8,2048,6.2329
256,512,8,4096,7.2815
256,512,8,8192,9.3786
256,512,8,16384,13.5729
256,512,16,16,5.4268
256,512,16,32,5.4274
256,512,16,64,5.4288
256,512,16,128,5.4314
256,512,16,256,5.4506
256,512,16,512,5.7127
256,512,16,1024,6.2370
256,512,16,2048,7.2856
256,512,16,4096,9.3827
256,512,16,8192,13.5770
256,512,16,16384,21.9656
256,512,32,16,5.4274
256,512,32,32,5.4288
256,512,32,64,5.4314
256,512,32,128,5.4588
256,512,32,256,5.7209
256,512,32,512,6.2452
256,512,32,1024,7.2938
256,512,32,2048,9.3909
256,512,32,4096,13.5852
256,512,32,8192,21.9738
256,512,32,16384,38.7510
256,512,64,16,5.4288
256,512,64,32,5.4314
256,512,64,64,5.4751
256,512,64,128,5.7373
256,512,64,256,6.2616
256,512,64,512,7.3101
256,512,64,1024,9.4073
256,512,64,2048,13.6016
256,512,64,4096,21.9902
256,512,64,8192,38.7674
256,512,64,16384,72.3219
256,512,128,16,5.4314
256,512,128,32,5.5079
256,512,128,64,5.7700
256,512,128,128,6.2943
256,512,128,256,7.3429
256,512,128,512,9.4401
256,512,128,1024,13.6344
256,512,128,2048,22.0230
256,512,128,4096,38.8002
256,512,128,8192,72.3546
256,512,128,16384,139.4635
256,1024,0,0,5.7670
256,1024,1,16,5.7670
256,1024,1,32,5.7670
256,1024,1,64,5.7671
256,1024,1,128,5.7673
256,1024,1,256,5.7676
256,1024,1,512,5.7683
256,1024,1,1024,5.7696
256,1024,1,2048,5.7723
256,1024,1,4096,5.7776
256,1024,1,8192,5.7883
256,1024,1,16384,6.2621
256,1024,2,16,5.7670
256,1024,2,32,5.7671
256,1024,2,64,5.7673
256,1024,2,128,5.7676
256,1024,2,256,5.7683
256,1024,2,512,5.7696
256,1024,2,1024,5.7723
256,1024,2,2048,5.7776
256,1024,2,4096,5.7883
256,1024,2,8192,6.2626
256,1024,2,16384,7.3112
256,1024,4,16,5.7671
256,1024,4,32,5.7673
256,1024,4,64,5.7676
256,1024,4,128,5.7683
256,1024,4,256,5.7696
256,1024,4,512,5.7723
256,1024,4,1024,5.7776
256,1024,4,2048,5.7883
256,1024,4,4096,6.2636
256,1024,4,8192,7.3122
256,1024,4,16384,9.4093
256,1024,8,16,5.7673
256,1024,8,32,5.7676
256,1024,8,64,5.7683
256,1024,8,128,5.7696
256,1024,8,256,5.7723
256,1024,8,512,5.7776
256,1024,8,1024,5.7883
256,1024,8,2048,6.2657
256,1024,8,4096,7.3142
256,1024,8,8192,9.4114
256,1024,8,16384,13.6057
256,1024,16,16,5.7676
256,1024,16,32,5.7683
256,1024,16,64,5.7696
256,1024,16,128,5.7723
256,1024,16,256,5.7776
256,1024,16,512,5.7883
256,1024,16,1024,6.2698
256,1024,16,2048,7.3183
256,1024,16,4096,9.4155
256,1024,16,8192,13.6098
256,1024,16,16384,21.9984
256,1024,32,16,5.7683
256,1024,32,32,5.7696
256,1024,32,64,5.7723
256,1024,32,128,5.7776
256,1024,32,256,5.7883
256,1024,32,512,6.2780
256,1024,32,1024,7.3265
256,1024,32,2048,9.4237
256,1024,32,4096,13.6180
256,1024,32,8192,22.0066
256,1024,32,16384,38.7838
256,1024,64,16,5.7696
256,1024,64,32,5.7723
256,1024,64,64,5.7776
256,1024,64,128,5.7883
256,1024,64,256,6.2943
256,1024,64,512,7.3429
256,1024,64,1024,9.4401
256,1024,64,2048,13.6344
256,1024,64,4096,22.0230
256,1024,64,8192,38.8002
256,1024,64,16384,72.3546
256,1024,128,16,5.7723
256,1024,128,32,5.7776
256,1024,128,64,5.8028
256,1024,128,128,6.3271
256,1024,128,256,7.3757
256,1024,128,512,9.4728
256,1024,128,1024,13.6671
256,1024,128,2048,22.0557
256,1024,128,4096,38.8330
256,1024,128,8192,72.3874
256,1024,128,16384,139.4963
256,2048,0,0,6.4487
256,2048,1,16,6.4487
256,2048,1,32,6.4488
256,2048,1,64,6.4489
256,2048,1,128,6.4490
256,2048,1,256,6.4494
256,2048,1,512,6.4500
256,2048,1,1024,6.4514
256,2048,1,2048,6.4540
256,2048,1,4096,6.4594
256,2048,1,8192,6.4700
256,2048,1,16384,6.4913
256,2048,2,16,6.4488
256,2048,2,32,6.4489
256,2048,2,64,6.4490
256,2048,2,128,6.4494
256,2048,2,256,6.4500
256,2048,2,512,6.4514
256,2048,2,1024,6.4540
256,2048,2,2048,6.4594
256,2048,2,4096,6.4700
256,2048,2,8192,6.4913
256,2048,2,16384,7.3767
256,2048,4,16,6.4489
256,2048,4,32,6.4490
256,2048,4,64,6.4494
256,2048,4,128,6.4500
256,2048,4,256,6.4514
256,2048,4,512,6.4540
256,2048,4,1024,6.4594
256,2048,4,2048,6.4700
256,2048,4,4096,6.4913
256,2048,4,8192,7.3777
256,2048,4,16384,9.4749
256,2048,8,16,6.4490
256,2048,8,32,6.4494
256,2048,8,64,6.4500
256,2048,8,128,6.4514
256,2048,8,256,6.4540
256,2048,8,512,6.4594
256,2048,8,1024,6.4700
256,2048,8,2048,6.4913
256,2048,8,4096,7.3798
256,2048,8,8192,9.4769
256,2048,8,16384,13.6712
256,2048,16,16,6.4494
256,2048,16,32,6.4500
256,2048,16,64,6.4514
256,2048,16,128,6.4540
256,2048,16,256,6.4594
256,2048,16,512,6.4700
256,2048,16,1024,6.4913
256,2048,16,2048,7.3839
256,2048,16,4096,9.4810
256,2048,16,8192,13.6753
256,2048,16,16384,22.0639
256,2048,32,16,6.4500
256,2048,32,32,6.4514
256,2048,32,64,6.4540
256,2048,32,128,6.4594
256,2048,32,256,6.4700
256,2048,32,512,6.4913
256,2048,32,1024,7.3921
256,2048,32,2048,9.4892
256,2048,32,4096,13.6835
256,2048,32,8192,22.0721
256,2048,32,16384,38.8493
256,2048,64,16,6.4514
256,2048,64,32,6.4540
256,2048,64,64,6.4594
256,2048,64,128,6.4700
256,2048,64,256,6.4913
256,2048,64,512,7.4084
256,2048,64,1024,9.5056
256,2048,64,2048,13.6999
256,2048,64,4096,22.0885
256,2048,64,8192,38.8657
256,2048,64,16384,72.4202
256,2048,128,16,6.4540
256,2048,128,32,6.4594
256,2048,128,64,6.4700
256,2048,128,128,6.4913
256,2048,128,256,7.4412
256,2048,128,512,9.5384
256,2048,128,1024,13.7327
256,2048,128,2048,22.1213
256,2048,128,4096,38.8985
256,2048,128,8192,72.4529
256,2048,128,16384,139.5618
256,4096,0,0,7.8122
256,4096,1,16,7.8122
256,4096,1,32,7.8123
256,4096,1,64,7.8123
256,4096,1,128,7.8125
256,4096,1,256,7.8128
256,4096,1,512,7.8135
256,4096,1,1024,7.8148
256,4096,1,2048,7.8175
256,4096,1,4096,7.8228
256,4096,1,8192,7.8335
256,4096,1,16384,7.8548
256,4096,2,16,7.8123
256,4096,2,32,7.8123
256,4096,2,64,7.8125
256,4096,2,128,7.8128
256,4096,2,256,7.8135
256,4096,2,512,7.8148
256,4096,2,1024,7.8175
256,4096,2,2048,7.8228
256,4096,2,4096,7.8335
256,4096,2,8192,7.8548
256,4096,2,16384,7.8974
256,4096,4,16,7.8123
256,4096,4,32,7.8125
256,4096,4,64,7.8128
256,4096,4,128,7.8135
256,4096,4,256,7.8148
256,4096,4,512,7.8175
256,4096,4,1024,7.8228
256,4096,4,2048,7.8335
256,4096,4,4096,7.8548
256,4096,4,8192,7.8974
256,4096,4,16384,9.6060
256,4096,8,16,7.8125
256,4096,8,32,7.8128
256,4096,8,64,7.8135
256,4096,8,128,7.8148
256,4096,8,256,7.8175
256,4096,8,512,7.8228
256,4096,8,1024,7.8335
256,4096,8,2048,7.8548
256,4096,8,4096,7.8974
256,4096,8,8192,9.6080
256,4096,8,16384,13.8023
256,4096,16,16,7.8128
256,4096,16,32,7.8135
256,4096,16,64,7.8148
256,4096,16,128,7.8175
256,4096,16,256,7.8228
256,4096,16,512,7.8335
256,4096,16,1024,7.8548
256,4096,16,2048,7.8974
256,4096,16,4096,9.6121
256,4096,16,8192,13.8064
256,4096,16,16384,22.1950
256,4096,32,16,7.8135
256,4096,32,32,7.8148
256,4096,32,64,7.8175
256,4096,32,128,7.8228
256,4096,32,256,7.8335
256,4096,32,512,7.8548
256,4096,32,1024,7.8974
256,4096,32,2048,9.6203
256,4096,32,4096,13.8146
256,4096,32,8192,22.2032
256,4096,32,16384,38.9804
256,4096,64,16,7.8148
256,4096,64,32,7.8175
256,4096,64,64,7.8228
256,4096,64,128,7.8335
256,4096,64,256,7.8548
256,4096,64,512,7.8974
256,4096,64,1024,9.6367
256,4096,64,2048,13.8310
256,4096,64,4096,22.2196
256,4096,64,8192,38.9968
256,4096,64,16384,72.5512
256,4096,128,16,7.8175
256,4096,128,32,7.8228
256,4096,128,64,7.8335
256,4096,128,128,7.8548
256,4096,128,256,7.8974
256,4096,128,512,9.6694
256,4096,128,1024,13.8637
256,4096,128,2048,22.2524
256,4096,128,4096,39.0296
256,4096,128,8192,72.5840
256,4096,128,16384,139.6929
256,8192,0,0,10.5391
256,8192,1,16,10.5392
256,8192,1,32,10.5392
256,8192,1,64,10.5393
256,8192,1,128,10.5395
256,8192,1,256,10.5398
256,8192,1,512,10.5405
256,8192,1,1024,10.5418
256,8192,1,2048,10.5445
256,8192,1,4096,10.5498
256,8192,1,8192,10.5604
256,8192,1,16384,10.5818
256,8192,2,16,10.5392
256,8192,2,32,10.5393
256,8192,2,64,10.5395
256,8192,2,128,10.5398
256,8192,2,256,10.5405
256,8192,2,512,10.5418
256,8192,2,1024,10.5445
256,8192,2,2048,10.5498
256,8192,2,4096,10.5604
256,8192,2,8192,10.5818
256,8192,2,16384,10.6244
256,8192,4,16,10.5393
256,8192,4,32,10.5395
256,8192,4,64,10.5398
256,8192,4,128,10.5405
256,8192,4,256,10.5418
256,8192,4,512,10.5445
256,8192,4,1024,10.5498
256,8192,4,2048,10.5604
256,8192,4,4096,10.5818
256,8192,4,8192,10.6244
256,8192,4,16384,10.7096
256,8192,8,16,10.5395
256,8192,8,32,10.5398
256,8192,8,64,10.5405
256,8192,8,128,10.5418
256,8192,8,256,10.5445
256,8192,8,512,10.5498
256,8192,8,1024,10.5604
256,8192,8,2048,10.5818
256,8192,8,4096,10.6244
256,8192,8,8192,10.7096
256,8192,8,16384,14.0644
256,8192,16,16,10.5398
256,8192,16,32,10.5405
256,8192,16,64,10.5418
256,8192,16,128,10.5445
256,8192,16,256,10.5498
256,8192,16,512,10.5604
256,8192,16,1024,10.5818
256,8192,16,2048,10.6244
256,8192,16,4096,10.7096
256,8192,16,8192,14.0685
256,8192,16,16384,22.4572
256,8192,32,16,10.5405
256,8192,32,32,10.5418
256,8192,32,64,10.5445
256,8192,32,128,10.5498
256,8192,32,256,10.5604
256,8192,32,512,10.5818
256,8192,32,1024,10.6244
256,8192,32,2048,10.7096
256,8192,32,4096,14.0767
256,8192,32,8192,22.4653
256,8192,32,16384,39.2426
256,8192,64,16,10.5418
256,8192,64,32,10.5445
256,8192,64,64,10.5498
256,8192,64,128,10.5604
256,8192,64,256,10.5818
256,8192,64,512,10.6244
256,8192,64,1024,10.7096
256,8192,64,2048,14.0931
256,8192,64,4096,22.4817
256,8192,64,8192,39.2589
256,8192,64,16384,72.8134
256,8192,128,16,10.5445
256,8192,128,32,10.5498
256,8192,128,64,10.5604
256,8192,128,128,10.5818
256,8192,128,256,10.6244
256,8192,128,512,10.7096
256,8192,128,1024,14.1259
256,8192,128,2048,22.5145
256,8192,128,4096,39.2917
256,8192,128,8192,72.8461
256,8192,128,16384,139.9550
256,16384,0,0,15.9931
256,16384,1,16,15.9931
256,16384,1,32,15.9932
256,16384,1,64,15.9932
256,16384,1,128,15.9934
256,16384,1,256,15.9937
256,16384,1,512,15.9944
256,16384,1,1024,15.9957
256,16384,1,2048,15.9984
256,16384,1,4096,16.0037
256,16384,1,8192,16.0144
256,16384,1,16384,16.0357
256,16384,2,16,15.9932
256,16384,2,32,15.9932
256,16384,2,64,15.9934
256,16384,2,128,15.9937
256,16384,2,256,15.9944
256,16384,2,512,15.9957
256,16384,2,1024,15.9984
256,16384,2,2048,16.0037
256,16384,2,4096,16.0144
256,16384,2,8192,16.0357
256,16384,2,16384,16.0783
256,16384,4,16,15.9932
256,16384,4,32,15.9934
256,16384,4,64,15.9937
256,16384,4,128,15.9944
256,16384,4,256,15.9957
256,16384,4,512,15.9984
256,16384,4,1024,16.0037
256,16384,4,2048,16.0144
256,16384,4,4096,16.0357
256,16384,4,8192,16.0783
256,16384,4,16384,16.1635
256,16384,8,16,15.9934
256,16384,8,32,15.9937
256,16384,8,64,15.9944
256,16384,8,128,15.9957
256,16384,8,256,15.9984
256,16384,8,512,16.0037
256,16384,8,1024,16.0144
256,16384,8,2048,16.0357
256,16384,8,4096,16.0783
256,16384,8,8192,16.1635
256,16384,8,16384,16.3339
256,16384,16,16,15.9937
256,16384,16,32,15.9944
256,16384,16,64,15.9957
256,16384,16,128,15.9984
256,16384,16,256,16.0037
256,16384,16,512,16.0144
256,16384,16,1024,16.0357
256,16384,16,2048,16.0783
256,16384,16,4096,16.1635
256,16384,16,8192,16.3339
256,16384,16,16384,22.9814
256,16384,32,16,15.9944
256,16384,32,32,15.9957
256,16384,32,64,15.9984
256,16384,32,128,16.0037
256,16384,32,256,16.0144
256,16384,32,512,16.0357
256,16384,32,1024,16.0783
256,16384,32,2048,16.1635
256,16384,32,4096,16.3339
256,16384,32,8192,22.9896
256,16384,32,16384,39.7668
256,16384,64,16,15.9957
256,16384,64,32,15.9984
256,16384,64,64,16.0037
256,16384,64,128,16.0144
256,16384,64,256,16.0357
256,16384,64,512,16.0783
256,16384,64,1024,16.1635
256,16384,64,2048,16.3339
256,16384,64,4096,23.0060
256,16384,64,8192,39.7832
256,16384,64,16384,73.3377
256,16384,128,16,15.9984
256,16384,128,32,16.0037
256,16384,128,64,16.0144
256,16384,128,128,16.0357
256,16384,128,256,16.0783
256,16384,128,512,16.1635
256,16384,128,1024,16.3339
256,16384,128,2048,23.0388
256,16384,128,4096,39.8160
256,16384,128,8192,73.3704
256,16384,128,16384,140.4793
273,0,0,0,5.1572
273,0,1,512,5.1905
273,0,1,768,5.2069
273,0,1,1152,5.2315
273,0,1,1728,5.2684
273,0,1,2592,5.3236
273,0,1,3888,5.4066
273,0,1,5832,5.5310
273,0,1,8748,5.7176
273,0,1,13122,5.9976
273,0,1,16384,6.2063
273,0,2,512,5.2238
273,0,2,768,5.2566
273,0,2,1152,5.3057
273,0,2,1728,5.3795
273,0,2,2592,5.4900
273,0,2,3888,5.6559
273,0,2,5832,5.9048
273,0,2,8748,6.2780
273,0,2,13122,6.8379
273,0,2,16384,7.2554
273,0,4,512,5.2904
273,0,4,768,5.3559
273,0,4,1152,5.4542
273,0,4,1728,5.6017
273,0,4,2592,5.8228
273,0,4,3888,6.1546
273,0,4,5832,6.6523
273,0,4,8748,7.3988
273,0,4,13122,8.5185
273,0,4,16384,9.3536
273,0,8,512,5.4235
273,0,8,768,5.5546
273,0,8,1152,5.7512
273,0,8,1728,6.0461
273,0,8,2592,6.4884
273,0,8,3888,7.1520
273,0,8,5832,8.1473
273,0,8,8748,9.6403
273,0,8,13122,11.8798
273,0,8,16384,13.5500
273,0,16,512,5.6897
273,0,16,768,5.9519
273,0,16,1152,6.3451
273,0,16,1728,6.9349
273,0,16,2592,7.8196
273,0,16,3888,9.1468
273,0,16,5832,11.1374
273,0,16,8748,14.1234
273,0,16,13122,18.6024
273,0,16,16384,21.9427
273,0,32,512,6.2222
273,0,32,768,6.7465
273,0,32,1152,7.5329
273,0,32,1728,8.7126
273,0,32,2592,10.4820
273,0,32,3888,13.1363
273,0,32,5832,17.1176
273,0,32,8748,23.0895
273,0,32,13122,32.0475
273,0,32,16384,38.7281
273,0,64,512,7.2872
273,0,64,768,8.3357
273,0,64,1152,9.9086
273,0,64,1728,12.2679
273,0,64,2592,15.8068
273,0,64,3888,21.1153
273,0,64,5832,29.0779
273,0,64,8748,41.0218
273,0,64,13122,58.9377
273,0,64,16384,72.2989
273,0,128,512,9.4171
273,0,128,768,11.5142
273,0,128,1152,14.6600
273,0,128,1728,19.3786
273,0,128,2592,26.4564
273,0,128,3888,37.0733
273,0,128,5832,52.9985
273,0,128,8748,76.8864
273,0,128,13122,112.7182
273,0,128,16384,139.4405
273,512,0,0,5.4604
273,512,1,512,5.4617
273,512,1,768,5.4624
273,512,1,1152,5.4634
273,512,1,1728,5.4649
273,512,1,2592,5.4672
273,512,1,3888,5.4705
273,512,1,5832,5.5638
273,512,1,8748,5.7504
273,512,1,13122,6.0303
273,512,1,16384,6.2391
273,512,2,512,5.4631
273,512,2,768,5.4644
273,512,2,1152,5.4664
273,512,2,1728,5.4694
273,512,2,2592,5.5228
273,512,2,3888,5.6887
273,512,2,5832,5.9375
273,512,2,8748,6.3108
273,512,2,13122,6.8707
273,512,2,16384,7.2882
273,512,4,512,5.4657
273,512,4,768,5.4684
273,512,4,1152,5.4870
273,512,4,1728,5.6344
273,512,4,2592,5.8556
273,512,4,3888,6.1874
273,512,4,5832,6.6851
273,512,4,8748,7.4316
273,512,4,13122,8.5513
273,512,4,16384,9.3864
273,512,8,512,5.4711
273,512,8,768,5.5873
273,512,8,1152,5.7839
273,512,8,1728,6.0788
273,512,8,2592,6.5212
273,512,8,3888,7.1848
273,512,8,5832,8.1801
273,512,8,8748,9.6731
273,512,8,13122,11.9126
273,512,8,16384,13.5827
273,512,16,512,5.7225
273,512,16,768,5.9846
273,512,16,1152,6.3779
273,512,16,1728,6.9677
273,512,16,2592,7.8524
273,512,16,3888,9.1795
273,512,16,5832,11.1702
273,512,16,8748,14.1562
273,512,16,13122,18.6351
273,512,16,16384,21.9754
273,512,32,512,6.2550
273,512,32,768,6.7793
273,512,32,1152,7.5657
273,512,32,1728,8.7453
273,512,32,2592,10.5148
273,512,32,3888,13.1690
273,512,32,5832,17.1503
273,512,32,8748,23.1223
273,512,32,13122,32.0803
273,512,32,16384,38.7608
273,512,64,512,7.3199
273,512,64,768,8.3685
273,512,64,1152,9.9414
273,512,64,1728,12.3007
273,512,64,2592,15.8396
273,512,64,3888,21.1480
273,512,64,5832,29.1107
273,512,64,8748,41.0546
273,512,64,13122,58.9705
273,512,64,16384,72.3316
273,512,128,512,9.4499
273,512,128,768,11.5470
273,512,128,1152,14.6927
273,512,128,1728,19.4113
273,512,128,2592,26.4892
273,512,128,3888,37.1060
273,512,128,5832,53.0313
273,512,128,8748,76.9192
273,512,128,13122,112.7510
273,512,128,16384,139.4733
273,768,0,0,5.6422
273,768,1,512,5.6435
273,768,1,768,5.6442
273,768,1,1152,5.6452
273,768,1,1728,5.6467
273,768,1,2592,5.6489
273,768,1,3888,5.6523
273,768,1,5832,5.6573
273,768,1,8748,5.7668
273,768,1,13122,6.0467
273,768,1,16384,6.2555
273,768,2,512,5.6448
273,768,2,768,5.6462
273,768,2,1152,5.6482
273,768,2,1728,5.6512
273,768,2,2592,5.6557
273,768,2,3888,5.7051
273,768,2,5832,5.9539
273,768,2,8748,6.3272
273,768,2,13122,6.8870
273,768,2,16384,7.3046
273,768,4,512,5.6475
273,768,4,768,5.6502
273,768,4,1152,5.6542
273,768,4,1728,5.6601
273,768,4,2592,5.8720
273,768,4,3888,6.2038
273,768,4,5832,6.7014
273,768,4,8748,7.4479
273,768,4,13122,8.5677
273,768,4,16384,9.4028
273,768,8,512,5.6528
273,768,8,768,5.6581
273,768,8,1152,5.8003
273,768,8,1728,6.0952
273,768,8,2592,6.5376
273,768,8,3888,7.2012
273,768,8,5832,8.1965
273,768,8,8748,9.6895
273,768,8,13122,11.9290
273,768,8,16384,13.5991
273,768,16,512,5.7389
273,768,16,768,6.0010
273,768,16,1152,6.3942
273,768,16,1728,6.9841
273,768,16,2592,7.8688
273,768,16,3888,9.1959
273,768,16,5832,11.1866
273,768,16,8748,14.1725
273,768,16,13122,18.6515
273,768,16,16384,21.9918
273,768,32,512,6.2714
273,768,32,768,6.7956
273,768,32,1152,7.5821
273,768,32,1728,8.7617
273,768,32,2592,10.5312
273,768,32,3888,13.1854
273,768,32,5832,17.1667
273,768,32,8748,23.1387
273,768,32,13122,32.0966
273,768,32,16384,38.7772
273,768,64,512,7.3363
273,768,64,768,8.3849
273,768,64,1152,9.9578
273,768,64,1728,12.3171
273,768,64,2592,15.8560
273,768,64,3888,21.1644
273,768,64,5832,29.1270
273,768,64,8748,41.0710
273,768,64,13122,58.9869
273,768,64,16384,72.3480
273,768,128,512,9.4662
273,768,128,768,11.5634
273,768,128,1152,14.7091
273,768,128,1728,19.4277
273,768,128,2592,26.5056
273,768,128,3888,37.1224
273,768,128,5832,53.0477
273,768,128,8748,76.9356
273,768,128,13122,112.7674
273,768,128,16384,139.4897
273,1152,0,0,5.9148
273,1152,1,512,5.9161
273,1152,1,768,5.9168
273,1152,1,1152,5.9178
273,1152,1,1728,5.9193
273,1152,1,2592,5.9215
273,1152,1,3888,5.9249
273,1152,1,5832,5.9300
273,1152,1,8748,5.9376
273,1152,1,13122,6.0713
273,1152,1,16384,6.2801
273,1152,2,512,5.9175
273,1152,2,768,5.9188
273,1152,2,1152,5.9208
273,1152,2,1728,5.9238
273,1152,2,2592,5.9283
273,1152,2,3888,5.9350
273,1152,2,5832,5.9785
273,1152,2,8748,6.3517
273,1152,2,13122,6.9116
273,1152,2,16384,7.3292
273,1152,4,512,5.9201
273,1152,4,768,5.9228
273,1152,4,1152,5.9268
273,1152,4,1728,5.9328
273,1152,4,2592,5.9418
273,1152,4,3888,6.2284
273,1152,4,5832,6.7260
273,1152,4,8748,7.4725
273,1152,4,13122,8.5923
273,1152,4,16384,9.4273
273,1152,8,512,5.9255
273,1152,8,768,5.9308
273,1152,8,1152,5.9388
273,1152,8,1728,6.1198
273,1152,8,2592,6.5622
273,1152,8,3888,7.2257
273,1152,8,5832,8.2211
273,1152,8,8748,9.7140
273,1152,8,13122,11.9535
273,1152,8,16384,13.6237
273,1152,16,512,5.9361
273,1152,16,768,6.0256
273,1152,16,1152,6.4188
273,1152,16,1728,7.0086
273,1152,16,2592,7.8934
273,1152,16,3888,9.2205
273,1152,16,5832,11.2111
273,1152,16,8748,14.1971
273,1152,16,13122,18.6761
273,1152,16,16384,22.0164
273,1152,32,512,6.2959
273,1152,32,768,6.8202
273,1152,32,1152,7.6067
273,1152,32,1728,8.7863
273,1152,32,2592,10.5558
273,1152,32,3888,13.2100
273,1152,32,5832,17.1913
273,1152,32,8748,23.1633
273,1152,32,13122,32.1212
273,1152,32,16384,38.8018
273,1152,64,512,7.3609
273,1152,64,768,8.4095
273,1152,64,1152,9.9823
273,1152,64,1728,12.3416
273,1152,64,2592,15.8806
273,1152,64,3888,21.1890
273,1152,64,5832,29.1516
273,1152,64,8748,41.0956
273,1152,64,13122,59.0115
273,1152,64,16384,72.3726
273,1152,128,512,9.4908
273,1152,128,768,11.5880
273,1152,128,1152,14.7337
273,1152,128,1728,19.4523
273,1152,128,2592,26.5302
273,1152,128,3888,37.1470
273,1152,128,5832,53.0723
273,1152,128,8748,76.9601
273,1152,128,13122,112.7919
273,1152,128,16384,139.5142
273,1728,0,0,6.3237
273,1728,1,512,6.3251
273,1728,1,768,6.3257
273,1728,1,1152,6.3267
273,1728,1,1728,6.3282
273,1728,1,2592,6.3305
273,1728,1,3888,6.3339
273,1728,1,5832,6.3389
273,1728,1,8748,6.3465
273,1728,1,13122,6.3579
273,1728,1,16384,6.3664
273,1728,2,512,6.3264
273,1728,2,768,6.3277
273,1728,2,1152,6.3297
273,1728,2,1728,6.3327
273,1728,2,2592,6.3372
273,1728,2,3888,6.3440
273,1728,2,5832,6.3541
273,1728,2,8748,6.3886
273,1728,2,13122,6.9485
273,1728,2,16384,7.3660
273,1728,4,512,6.3291
273,1728,4,768,6.3317
273,1728,4,1152,6.3357
273,1728,4,1728,6.3417
273,1728,4,2592,6.3507
273,1728,4,3888,6.3642
273,1728,4,5832,6.7629
273,1728,4,8748,7.5094
273,1728,4,13122,8.6291
273,1728,4,16384,9.4642
273,1728,8,512,6.3344
273,1728,8,768,6.3397
273,1728,8,1152,6.3477
273,1728,8,1728,6.3597
273,1728,8,2592,6.5990
273,1728,8,3888,7.2626
273,1728,8,5832,8.2579
273,1728,8,8748,9.7509
273,1728,8,13122,11.9904
273,1728,8,16384,13.6605
273,1728,16,512,6.3450
273,1728,16,768,6.3557
273,1728,16,1152,6.4557
273,1728,16,1728,7.0455
273,1728,16,2592,7.9302
273,1728,16,3888,9.2573
273,1728,16,5832,11.2480
273,1728,16,8748,14.2340
273,1728,16,13122,18.7130
273,1728,16,16384,22.0532
273,1728,32,512,6.3664
273,1728,32,768,6.8571
273,1728,32,1152,7.6435
273,1728,32,1728,8.8232
273,1728,32,2592,10.5926
273,1728,32,3888,13.2468
273,1728,32,5832,17.2282
273,1728,32,8748,23.2001
273,1728,32,13122,32.1581
273,1728,32,16384,38.8387
273,1728,64,512,7.3978
273,1728,64,768,8.4463
273,1728,64,1152,10.0192
273,1728,64,1728,12.3785
273,1728,64,2592,15.9174
273,1728,64,3888,21.2259
273,1728,64,5832,29.1885
273,1728,64,8748,41.1324
273,1728,64,13122,59.0483
273,1728,64,16384,72.4095
273,1728,128,512,9.5277
273,1728,128,768,11.6248
273,1728,128,1152,14.7706
273,1728,128,1728,19.4892
273,1728,128,2592,26.5670
273,1728,128,3888,37.1839
273,1728,128,5832,53.1091
273,1728,128,8748,76.9970
273,1728,128,13122,112.8288
273,1728,128,16384,139.5511
273,2592,0,0,6.9372
273,2592,1,512,6.9385
273,2592,1,768,6.9392
273,2592,1,1152,6.9402
273,2592,1,1728,6.9417
273,2592,1,2592,6.9439
273,2592,1,3888,6.9473
273,2592,1,5832,6.9523
273,2592,1,8748,6.9599
273,2592,1,13122,6.9713
273,2592,1,16384,6.9798
273,2592,2,512,6.9398
273,2592,2,768,6.9412
273,2592,2,1152,6.9432
273,2592,2,1728,6.9462
273,2592,2,2592,6.9506
273,2592,2,3888,6.9574
273,2592,2,5832,6.9675
273,2592,2,8748,6.9827
273,2592,2,13122,7.0054
273,2592,2,16384,7.4213
273,2592,4,512,6.9425
273,2592,4,768,6.9452
273,2592,4,1152,6.9491
273,2592,4,1728,6.9551
273,2592,4,2592,6.9641
273,2592,4,3888,6.9776
273,2592,4,5832,6.9978
273,2592,4,8748,7.5647
273,2592,4,13122,8.6844
273,2592,4,16384,9.5195
273,2592,8,512,6.9478
273,2592,8,768,6.9531
273,2592,8,1152,6.9611
273,2592,8,1728,6.9731
273,2592,8,2592,6.9911
273,2592,8,3888,7.3179
273,2592,8,5832,8.3132
273,2592,8,8748,9.8062
273,2592,8,13122,12.0457
273,2592,8,16384,13.7158
273,2592,16,512,6.9585
273,2592,16,768,6.9691
273,2592,16,1152,6.9851
273,2592,16,1728,7.1008
273,2592,16,2592,7.9855
273,2592,16,3888,9.3126
273,2592,16,5832,11.3033
273,2592,16,8748,14.2893
273,2592,16,13122,18.7683
273,2592,16,16384,22.1085
273,2592,32,512,6.9798
273,2592,32,768,7.0011
273,2592,32,1152,7.6988
273,2592,32,1728,8.8785
273,2592,32,2592,10.6479
273,2592,32,3888,13.3021
273,2592,32,5832,17.2835
273,2592,32,8748,23.2554
273,2592,32,13122,32.2134
273,2592,32,16384,38.8940
273,2592,64,512,7.4531
273,2592,64,768,8.5016
273,2592,64,1152,10.0745
273,2592,64,1728,12.4338
273,2592,64,2592,15.9727
273,2592,64,3888,21.2812
273,2592,64,5832,29.2438
273,2592,64,8748,41.1877
273,2592,64,13122,59.1036
273,2592,64,16384,72.4648
273,2592,128,512,9.5830
273,2592,128,768,11.6801
273,2592,128,1152,14.8259
273,2592,128,1728,19.5444
273,2592,128,2592,26.6223
273,2592,128,3888,37.2392
273,2592,128,5832,53.1644
273,2592,128,8748,77.0523
273,2592,128,13122,112.8841
273,2592,128,16384,139.6064
273,3888,0,0,7.8573
273,3888,1,512,7.8586
273,3888,1,768,7.8593
273,3888,1,1152,7.8603
273,3888,1,1728,7.8618
273,3888,1,2592,7.8640
273,3888,1,3888,7.8674
273,3888,1,5832,7.8725
273,3888,1,8748,7.8800
273,3888,1,13122,7.8914
273,3888,1,16384,7.8999
273,3888,2,512,7.8600
273,3888,2,768,7.8613
273,3888,2,1152,7.8633
273,3888,2,1728,7.8663
273,3888,2,2592,7.8708
273,3888,2,3888,7.8775
273,3888,2,5832,7.8876
273,3888,2,8748,7.9028
273,3888,2,13122,7.9255
273,3888,2,16384,7.9425
273,3888,4,512,7.8626
273,3888,4,768,7.8653
273,3888,4,1152,7.8693
273,3888,4,1728,7.8753
273,3888,4,2592,7.8843
273,3888,4,3888,7.8977
273,3888,4,5832,7.9180
273,3888,4,8748,7.9483
273,3888,4,13122,8.7674
273,3888,4,16384,9.6024
273,3888,8,512,7.8679
273,3888,8,768,7.8733
273,3888,8,1152,7.8813
273,3888,8,1728,7.8932
273,3888,8,2592,7.9112
273,3888,8,3888,7.9382
273,3888,8,5832,8.3962
273,3888,8,8748,9.8892
273,3888,8,13122,12.1286
273,3888,8,16384,13.7988
273,3888,16,512,7.8786
273,3888,16,768,7.8892
273,3888,16,1152,7.9052
273,3888,16,1728,7.9292
273,3888,16,2592,8.0685
273,3888,16,3888,9.3956
273,3888,16,5832,11.3862
273,3888,16,8748,14.3722
273,3888,16,13122,18.8512
273,3888,16,16384,22.1915
273,3888,32,512,7.8999
273,3888,32,768,7.9212
273,3888,32,1152,7.9532
273,3888,32,1728,8.9614
273,3888,32,2592,10.7309
273,3888,32,3888,13.3851
273,3888,32,5832,17.3664
273,3888,32,8748,23.3384
273,3888,32,13122,32.2963
273,3888,32,16384,38.9769
273,3888,64,512,7.9425
273,3888,64,768,8.5846
273,3888,64,1152,10.1574
273,3888,64,1728,12.5167
273,3888,64,2592,16.0557
273,3888,64,3888,21.3641
273,3888,64,5832,29.3267
273,3888,64,8748,41.2707
273,3888,64,13122,59.1866
273,3888,64,16384,72.5477
273,3888,128,512,9.6659
273,3888,128,768,11.7631
273,3888,128,1152,14.9088
273,3888,128,1728,19.6274
273,3888,128,2592,26.7053
273,3888,128,3888,37.3221
273,3888,128,5832,53.2474
273,3888,128,8748,77.1352
273,3888,128,13122,112.9670
273,3888,128,16384,139.6893
273,5832,0,0,9.2375
273,5832,1,512,9.2388
273,5832,1,768,9.2395
273,5832,1,1152,9.2405
273,5832,1,1728,9.2420
273,5832,1,2592,9.2442
273,5832,1,3888,9.2476
273,5832,1,5832,9.2526
273,5832,1,8748,9.2602
273,5832,1,13122,9.2716
273,5832,1,16384,9.2801
273,5832,2,512,9.2401
273,5832,2,768,9.2415
273,5832,2,1152,9.2435
273,5832,2,1728,9.2465
273,5832,2,2592,9.2510
273,5832,2,3888,9.2577
273,5832,2,5832,9.2678
273,5832,2,8748,9.2830
273,5832,2,13122,9.3057
273,5832,2,16384,9.3227
273,5832,4,512,9.2428
273,5832,4,768,9.2455
273,5832,4,1152,9.2495
273,5832,4,1728,9.2555
273,5832,4,2592,9.2644
273,5832,4,3888,9.2779
273,5832,4,5832,9.2981
273,5832,4,8748,9.3285
273,5832,4,13122,9.3740
273,5832,4,16384,9.7268
273,5832,8,512,9.2481
273,5832,8,768,9.2535
273,5832,8,1152,9.2614
273,5832,8,1728,9.2734
273,5832,8,2592,9.2914
273,5832,8,3888,9.3184
273,5832,8,5832,9.3588
273,5832,8,8748,10.0136
273,5832,8,13122,12.2531
273,5832,8,16384,13.9232
273,5832,16,512,9.2588
273,5832,16,768,9.2694
273,5832,16,1152,9.2854
273,5832,16,1728,9.3094
273,5832,16,2592,9.3453
273,5832,16,3888,9.5200
273,5832,16,5832,11.5107
273,5832,16,8748,14.4966
273,5832,16,13122,18.9756
273,5832,16,16384,22.3159
273,5832,32,512,9.2801
273,5832,32,768,9.3014
273,5832,32,1152,9.3333
273,5832,32,1728,9.3813
273,5832,32,2592,10.8553
273,5832,32,3888,13.5095
273,5832,32,5832,17.4908
273,5832,32,8748,23.4628
273,5832,32,13122,32.4207
273,5832,32,16384,39.1013
273,5832,64,512,9.3227
273,5832,64,768,9.3653
273,5832,64,1152,10.2819
273,5832,64,1728,12.6412
273,5832,64,2592,16.1801
273,5832,64,3888,21.4885
273,5832,64,5832,29.4511
273,5832,64,8748,41.3951
273,5832,64,13122,59.3110
273,5832,64,16384,72.6721
273,5832,128,512,9.7903
273,5832,128,768,11.8875
273,5832,128,1152,15.0332
273,5832,128,1728,19.7518
273,5832,128,2592,26.8297
273,5832,128,3888,37.4465
273,5832,128,5832,53.3718
273,5832,128,8748,77.2596
273,5832,128,13122,113.0915
273,5832,128,16384,139.8138
273,8748,0,0,11.3078
273,8748,1,512,11.3091
273,8748,1,768,11.3098
273,8748,1,1152,11.3108
273,8748,1,1728,11.3123
273,8748,1,2592,11.3145
273,8748,1,3888,11.3179
273,8748,1,5832,11.3229
273,8748,1,8748,11.3305
273,8748,1,13122,11.3419
273,8748,1,16384,11.3504
273,8748,2,512,11.3104
273,8748,2,768,11.3118
273,8748,2,1152,11.3137
273,8748,2,1728,11.3167
273,8748,2,2592,11.3212
273,8748,2,3888,11.3280
273,8748,2,5832,11.3381
273,8748,2,8748,11.3533
273,8748,2,13122,11.3760
273,8748,2,16384,11.3930
273,8748,4,512,11.3131
273,8748,4,768,11.3157
273,8748,4,1152,11.3197
273,8748,4,1728,11.3257
273,8748,4,2592,11.3347
273,8748,4,3888,11.3482
273,8748,4,5832,11.3684
273,8748,4,8748,11.3988
273,8748,4,13122,11.4443
273,8748,4,16384,11.4782
273,8748,8,512,11.3184
273,8748,8,768,11.3237
273,8748,8,1152,11.3317
273,8748,8,1728,11.3437
273,8748,8,2592,11.3617
273,8748,8,3888,11.3886
273,8748,8,5832,11.4291
273,8748,8,8748,11.4898
273,8748,8,13122,12.4397
273,8748,8,16384,14.1098
273,8748,16,512,11.3291
273,8748,16,768,11.3397
273,8748,16,1152,11.3557
273,8748,16,1728,11.3797
273,8748,16,2592,11.4156
273,8748,16,3888,11.4695
273,8748,16,5832,11.6973
273,8748,16,8748,14.6833
273,8748,16,13122,19.1622
273,8748,16,16384,22.5025
273,8748,32,512,11.3504
273,8748,32,768,11.3717
273,8748,32,1152,11.4036
273,8748,32,1728,11.4516
273,8748,32,2592,11.5235
273,8748,32,3888,13.6961
273,8748,32,5832,17.6774
273,8748,32,8748,23.6494
273,8748,32,13122,32.6074
273,8748,32,16384,39.2879
273,8748,64,512,11.3930
273,8748,64,768,11.4356
273,8748,64,1152,11.4995
273,8748,64,1728,12.8278
273,8748,64,2592,16.3667
273,8748,64,3888,21.6751
273,8748,64,5832,29.6378
273,8748,64,8748,41.5817
273,8748,64,13122,59.4976
273,8748,64,16384,72.8588
273,8748,128,512,11.4782
273,8748,128,768,12.0741
273,8748,128,1152,15.2198
273,8748,128,1728,19.9384
273,8748,128,2592,27.0163
273,8748,128,3888,37.6332
273,8748,128,5832,53.5584
273,8748,128,8748,77.4463
273,8748,128,13122,113.2781
273,8748,128,16384,140.0004
273,13122,0,0,14.4132
273,13122,1,512,14.4145
273,13122,1,768,14.4152
273,13122,1,1152,14.4162
273,13122,1,1728,14.4177
273,13122,1,2592,14.4199
273,13122,1,3888,14.4233
273,13122,1,5832,14.4283
273,13122,1,8748,14.4359
273,13122,1,13122,14.4473
273,13122,1,16384,14.4558
273,13122,2,512,14.4158
273,13122,2,768,14.4172
273,13122,2,1152,14.4192
273,13122,2,1728,14.4222
273,13122,2,2592,14.4267
273,13122,2,3888,14.4334
273,13122,2,5832,14.4435
273,13122,2,8748,14.4587
273,13122,2,13122,14.4814
273,13122,2,16384,14.4984
273,13122,4,512,14.4185
273,13122,4,768,14.4212
273,13122,4,1152,14.4252
273,13122,4,1728,14.4312
273,13122,4,2592,14.4401
273,13122,4,3888,14.4536
273,13122,4,5832,14.4738
273,13122,4,8748,14.5042
273,13122,4,13122,14.5497
273,13122,4,16384,14.5836
273,13122,8,512,14.4238
273,13122,8,768,14.4292
273,13122,8,1152,14.4371
273,13122,8,1728,14.4491
273,13122,8,2592,14.4671
273,13122,8,3888,14.4941
273,13122,8,5832,14.5345
273,13122,8,8748,14.5952
273,13122,8,13122,14.6862
273,13122,8,16384,14.7541
273,13122,16,512,14.4345
273,13122,16,768,14.4451
273,13122,16,1152,14.4611
273,13122,16,1728,14.4851
273,13122,16,2592,14.5210
273,13122,16,3888,14.5750
273,13122,16,5832,14.6559
273,13122,16,8748,14.9632
273,13122,16,13122,19.4422
273,13122,16,16384,22.7825
273,13122,32,512,14.4558
273,13122,32,768,14.4771
273,13122,32,1152,14.5091
273,13122,32,1728,14.5570
273,13122,32,2592,14.6289
273,13122,32,3888,14.7367
273,13122,32,5832,17.9574
273,13122,32,8748,23.9293
273,13122,32,13122,32.8873
273,13122,32,16384,39.5679
273,13122,64,512,14.4984
273,13122,64,768,14.5410
273,13122,64,1152,14.6049
273,13122,64,1728,14.7008
273,13122,64,2592,16.6467
273,13122,64,3888,21.9551
273,13122,64,5832,29.9177
273,13122,64,8748,41.8616
273,13122,64,13122,59.7775
273,13122,64,16384,73.1387
273,13122,128,512,14.5836
273,13122,128,768,14.6688
273,13122,128,1152,15.4998
273,13122,128,1728,20.2184
273,13122,128,2592,27.2963
273,13122,128,3888,37.9131
273,13122,128,5832,53.8383
273,13122,128,8748,77.7262
273,13122,128,13122,113.5580
273,13122,128,16384,140.2803
273,16384,0,0,16.7291
273,16384,1,512,16.7304
273,16384,1,768,16.7311
273,16384,1,1152,16.7321
273,16384,1,1728,16.7336
273,16384,1,2592,16.7359
273,16384,1,3888,16.7392
273,16384,1,5832,16.7443
273,16384,1,8748,16.7519
273,16384,1,13122,16.7632
273,16384,1,16384,16.7717
273,16384,2,512,16.7318
273,16384,2,768,16.7331
273,16384,2,1152,16.7351
273,16384,2,1728,16.7381
273,16384,2,2592,16.7426
273,16384,2,3888,16.7493
273,16384,2,5832,16.7594
273,16384,2,8748,16.7746
273,16384,2,13122,16.7974
273,16384,2,16384,16.8143
273,16384,4,512,16.7344
273,16384,4,768,16.7371
273,16384,4,1152,16.7411
273,16384,4,1728,16.7471
273,16384,4,2592,16.7561
273,16384,4,3888,16.7696
273,16384,4,5832,16.7898
273,16384,4,8748,16.8201
273,16384,4,13122,16.8656
273,16384,4,16384,16.8995
273,16384,8,512,16.7398
273,16384,8,768,16.7451
273,16384,8,1152,16.7531
273,16384,8,1728,16.7651
273,16384,8,2592,16.7830
273,16384,8,3888,16.8100
273,16384,8,5832,16.8504
273,16384,8,8748,16.9111
273,16384,8,13122,17.0021
273,16384,8,16384,17.0700
273,16384,16,512,16.7504
273,16384,16,768,16.7611
273,16384,16,1152,16.7770
273,16384,16,1728,16.8010
273,16384,16,2592,16.8370
273,16384,16,3888,16.8909
273,16384,16,5832,16.9718
273,16384,16,8748,17.0931
273,16384,16,13122,19.6509
273,16384,16,16384,22.9912
273,16384,32,512,16.7717
273,16384,32,768,16.7930
273,16384,32,1152,16.8250
273,16384,32,1728,16.8729
273,16384,32,2592,16.9448
273,16384,32,3888,17.0527
273,16384,32,5832,18.1661
273,16384,32,8748,24.1381
273,16384,32,13122,33.0961
273,16384,32,16384,39.7766
273,16384,64,512,16.8143
273,16384,64,768,16.8569
273,16384,64,1152,16.9209
273,16384,64,1728,17.0167
273,16384,64,2592,17.1605
273,16384,64,3888,22.1638
273,16384,64,5832,30.1265
273,16384,64,8748,42.0704
273,16384,64,13122,59.9863
273,16384,64,16384,73.3475
273,16384,128,512,16.8995
273,16384,128,768,16.9848
273,16384,128,1152,17.1126
273,16384,128,1728,20.4271
273,16384,128,2592,27.5050
273,16384,128,3888,38.1219
273,16384,128,5832,54.0471
273,16384,128,8748,77.9350
273,16384,128,13122,113.7668
273,16384,128,16384,140.4891
410,0,0,0,5.2362
410,0,1,512,5.2694
410,0,1,768,5.2858
410,0,1,1152,5.3104
410,0,1,1728,5.3473
410,0,1,2592,5.4026
410,0,1,3888,5.4855
410,0,1,5832,5.6099
410,0,1,8748,5.7965
410,0,1,13122,6.0765
410,0,1,16384,6.2852
410,0,2,512,5.3027
410,0,2,768,5.3355
410,0,2,1152,5.3846
410,0,2,1728,5.4584
410,0,2,2592,5.5690
410,0,2,3888,5.7348
410,0,2,5832,5.9837
410,0,2,8748,6.3569
410,0,2,13122,6.9168
410,0,2,16384,7.3343
410,0,4,512,5.3693
410,0,4,768,5.4348
410,0,4,1152,5.5331
410,0,4,1728,5.6806
410,0,4,2592,5.9018
410,0,4,3888,6.2335
410,0,4,5832,6.7312
410,0,4,8748,7.4777
410,0,4,13122,8.5974
410,0,4,16384,9.4325
410,0,8,512,5.5024
410,0,8,768,5.6335
410,0,8,1152,5.8301
410,0,8,1728,6.1250
410,0,8,2592,6.5674
410,0,8,3888,7.2309
410,0,8,5832,8.2262
410,0,8,8748,9.7192
410,0,8,13122,11.9587
410,0,8,16384,13.6289
410,0,16,512,5.7686
410,0,16,768,6.0308
410,0,16,1152,6.4240
410,0,16,1728,7.0138
410,0,16,2592,7.8986
410,0,16,3888,9.2257
410,0,16,5832,11.2163
410,0,16,8748,14.2023
410,0,16,13122,18.6813
410,0,16,16384,22.0216
410,0,32,512,6.3011
410,0,32,768,6.8254
410,0,32,1152,7.6118
410,0,32,1728,8.7915
410,0,32,2592,10.5610
410,0,32,3888,13.2152
410,0,32,5832,17.1965
410,0,32,8748,23.1684
410,0,32,13122,32.1264
410,0,32,16384,38.8070
410,0,64,512,7.3661
410,0,64,768,8.4147
410,0,64,1152,9.9875
410,0,64,1728,12.3468
410,0,64,2592,15.8858
410,0,64,3888,21.1942
410,0,64,5832,29.1568
410,0,64,8748,41.1007
410,0,64,13122,59.0166
410,0,64,16384,72.3778
410,0,128,512,9.4960
410,0,128,768,11.5932
410,0,128,1152,14.7389
410,0,128,1728,19.4575
410,0,128,2592,26.5354
410,0,128,3888,37.1522
410,0,128,5832,53.0774
410,0,128,8748,76.9653
410,0,128,13122,112.7971
410,0,128,16384,139.5194
410,512,0,0,5.7645
410,512,1,512,5.7658
410,512,1,768,5.7665
410,512,1,1152,5.7675
410,512,1,1728,5.7690
410,512,1,2592,5.7712
410,512,1,3888,5.7746
410,512,1,5832,5.7797
410,512,1,8748,5.8293
410,512,1,13122,6.1092
410,512,1,16384,6.3180
410,512,2,512,5.7672
410,512,2,768,5.7685
410,512,2,1152,5.7705
410,512,2,1728,5.7735
410,512,2,2592,5.7780
410,512,2,3888,5.7847
410,512,2,5832,6.0164
410,512,2,8748,6.3897
410,512,2,13122,6.9496
410,512,2,16384,7.3671
410,512,4,512,5.7698
410,512,4,768,5.7725
410,512,4,1152,5.7765
410,512,4,1728,5.7825
410,512,4,2592,5.9345
410,512,4,3888,6.2663
410,512,4,5832,6.7640
410,512,4,8748,7.5105
410,512,4,13122,8.6302
410,512,4,16384,9.4653
410,512,8,512,5.7752
410,512,8,768,5.7805
410,512,8,1152,5.8628
410,512,8,1728,6.1578
410,512,8,2592,6.6001
410,512,8,3888,7.2637
410,512,8,5832,8.2590
410,512,8,8748,9.7520
410,512,8,13122,11.9915
410,512,8,16384,13.6616
410,512,16,512,5.8014
410,512,16,768,6.0636
410,512,16,1152,6.4568
410,512,16,1728,7.0466
410,512,16,2592,7.9313
410,512,16,3888,9.2584
410,512,16,5832,11.2491
410,512,16,8748,14.2351
410,512,16,13122,18.7140
410,512,16,16384,22.0543
410,512,32,512,6.3339
410,512,32,768,6.8582
410,512,32,1152,7.6446
410,512,32,1728,8.8243
410,512,32,2592,10.5937
410,512,32,3888,13.2479
410,512,32,5832,17.2292
410,512,32,8748,23.2012
410,512,32,13122,32.1592
410,512,32,16384,38.8397
410,512,64,512,7.3988
410,512,64,768,8.4474
410,512,64,1152,10.0203
410,512,64,1728,12.3796
410,512,64,2592,15.9185
410,512,64,3888,21.2269
410,512,64,5832,29.1896
410,512,64,8748,41.1335
410,512,64,13122,59.0494
410,512,64,16384,72.4106
410,512,128,512,9.5288
410,512,128,768,11.6259
410,512,128,1152,14.7716
410,512,128,1728,19.4902
410,512,128,2592,26.5681
410,512,128,3888,37.1850
410,512,128,5832,53.1102
410,512,128,8748,76.9981
410,512,128,13122,112.8299
410,512,128,16384,139.5522
410,768,0,0,6.0375
410,768,1,512,6.0388
410,768,1,768,6.0395
410,768,1,1152,6.0405
410,768,1,1728,6.0420
410,768,1,2592,6.0442
410,768,1,3888,6.0476
410,768,1,5832,6.0526
410,768,1,8748,6.0602
410,768,1,13122,6.1256
410,768,1,16384,6.3344
410,768,2,512,6.0401
410,768,2,768,6.0415
410,768,2,1152,6.0435
410,768,2,1728,6.0465
410,768,2,2592,6.0510
410,768,2,3888,6.0577
410,768,2,5832,6.0678
410,768,2,8748,6.4061
410,768,2,13122,6.9660
410,768,2,16384,7.3835
410,768,4,512,6.0428
410,768,4,768,6.0455
410,768,4,1152,6.0495
410,768,4,1728,6.0554
410,768,4,2592,6.0644
410,768,4,3888,6.2827
410,768,4,5832,6.7804
410,768,4,8748,7.5268
410,768,4,13122,8.6466
410,768,4,16384,9.4817
410,768,8,512,6.0481
410,768,8,768,6.0534
410,768,8,1152,6.0614
410,768,8,1728,6.1741
410,768,8,2592,6.6165
410,768,8,3888,7.2801
410,768,8,5832,8.2754
410,768,8,8748,9.7684
410,768,8,13122,12.0079
410,768,8,16384,13.6780
410,768,16,512,6.0588
410,768,16,768,6.0799
410,768,16,1152,6.4732
410,768,16,1728,7.0630
410,768,16,2592,7.9477
410,768,16,3888,9.2748
410,768,16,5832,11.2655
410,768,16,8748,14.2515
410,768,16,13122,18.7304
410,768,16,16384,22.0707
410,768,32,512,6.3503
410,768,32,768,6.8746
410,768,32,1152,7.6610
410,768,32,1728,8.8406
410,768,32,2592,10.6101
410,768,32,3888,13.2643
410,768,32,5832,17.2456
410,768,32,8748,23.2176
410,768,32,13122,32.1756
410,768,32,16384,38.8561
410,768,64,512,7.4152
410,768,64,768,8.4638
410,768,64,1152,10.0367
410,768,64,1728,12.3960
410,768,64,2592,15.9349
410,768,64,3888,21.2433
410,768,64,5832,29.2060
410,768,64,8748,41.1499
410,768,64,13122,59.0658
410,768,64,16384,72.4269
410,768,128,512,9.5452
410,768,128,768,11.6423
410,768,128,1152,14.7880
410,768,128,1728,19.5066
410,768,128,2592,26.5845
410,768,128,3888,37.2013
410,768,128,5832,53.1266
410,768,128,8748,77.0145
410,768,128,13122,112.8463
410,768,128,16384,139.5686
410,1152,0,0,6.4469
410,1152,1,512,6.4482
410,1152,1,768,6.4489
410,1152,1,1152,6.4499
410,1152,1,1728,6.4514
410,1152,1,2592,6.4537
410,1152,1,3888,6.4570
410,1152,1,5832,6.4621
410,1152,1,8748,6.4697
410,1152,1,13122,6.4810
410,1152,1,16384,6.4895
410,1152,2,512,6.4496
410,1152,2,768,6.4509
410,1152,2,1152,6.4529
410,1152,2,1728,6.4559
410,1152,2,2592,6.4604
410,1152,2,3888,6.4671
410,1152,2,5832,6.4772
410,1152,2,8748,6.4924
410,1152,2,13122,6.9905
410,1152,2,16384,7.4081
410,1152,4,512,6.4522
410,1152,4,768,6.4549
410,1152,4,1152,6.4589
410,1152,4,1728,6.4649
410,1152,4,2592,6.4739
410,1152,4,3888,6.4874
410,1152,4,5832,6.8049
410,1152,4,8748,7.5514
410,1152,4,13122,8.6712
410,1152,4,16384,9.5062
410,1152,8,512,6.4576
410,1152,8,768,6.4629
410,1152,8,1152,6.4709
410,1152,8,1728,6.4829
410,1152,8,2592,6.6411
410,1152,8,3888,7.3046
410,1152,8,5832,8.3000
410,1152,8,8748,9.7930
410,1152,8,13122,12.0324
410,1152,8,16384,13.7026
410,1152,16,512,6.4682
410,1152,16,768,6.4789
410,1152,16,1152,6.4977
410,1152,16,1728,7.0876
410,1152,16,2592,7.9723
410,1152,16,3888,9.2994
410,1152,16,5832,11.2900
410,1152,16,8748,14.2760
410,1152,16,13122,18.7550
410,1152,16,16384,22.0953
410,1152,32,512,6.4895
410,1152,32,768,6.8991
410,1152,32,1152,7.6856
410,1152,32,1728,8.8652
410,1152,32,2592,10.6347
410,1152,32,3888,13.2889
410,1152,32,5832,17.2702
410,1152,32,8748,23.2422
410,1152,32,13122,32.2001
410,1152,32,16384,38.8807
410,1152,64,512,7.4398
410,1152,64,768,8.4884
410,1152,64,1152,10.0612
410,1152,64,1728,12.4205
410,1152,64,2592,15.9595
410,1152,64,3888,21.2679
410,1152,64,5832,29.2305
410,1152,64,8748,41.1745
410,1152,64,13122,59.0904
410,1152,64,16384,72.4515
410,1152,128,512,9.5697
410,1152,128,768,11.6669
410,1152,128,1152,14.8126
410,1152,128,1728,19.5312
410,1152,128,2592,26.6091
410,1152,128,3888,37.2259
410,1152,128,5832,53.1512
410,1152,128,8748,77.0390
410,1152,128,13122,112.8708
410,1152,128,16384,139.5932
410,1728,0,0,7.0611
410,1728,1,512,7.0624
410,1728,1,768,7.0631
410,1728,1,1152,7.0641
410,1728,1,1728,7.0656
410,1728,1,2592,7.0678
410,1728,1,3888,7.0712
410,1728,1,5832,7.0762
410,1728,1,8748,7.0838
410,1728,1,13122,7.0952
410,1728,1,16384,7.1037
410,1728,2,512,7.0637
410,1728,2,768,7.0651
410,1728,2,1152,7.0671
410,1728,2,1728,7.0701
410,1728,2,2592,7.0746
410,1728,2,3888,7.0813
410,1728,2,5832,7.0914
410,1728,2,8748,7.1066
410,1728,2,13122,7.1293
410,1728,2,16384,7.4449
410,1728,4,512,7.0664
410,1728,4,768,7.0691
410,1728,4,1152,7.0731
410,1728,4,1728,7.0791
410,1728,4,2592,7.0880
410,1728,4,3888,7.1015
410,1728,4,5832,7.1217
410,1728,4,8748,7.5883
410,1728,4,13122,8.7080
410,1728,4,16384,9.5431
410,1728,8,512,7.0717
410,1728,8,768,7.0771
410,1728,8,1152,7.0850
410,1728,8,1728,7.0970
410,1728,8,2592,7.1150
410,1728,8,3888,7.3415
410,1728,8,5832,8.3368
410,1728,8,8748,9.8298
410,1728,8,13122,12.0693
410,1728,8,16384,13.7395
410,1728,16,512,7.0824
410,1728,16,768,7.0930
410,1728,16,1152,7.1090
410,1728,16,1728,7.1330
410,1728,16,2592,8.0092
410,1728,16,3888,9.3363
410,1728,16,5832,11.3269
410,1728,16,8748,14.3129
410,1728,16,13122,18.7919
410,1728,16,16384,22.1322
410,1728,32,512,7.1037
410,1728,32,768,7.1250
410,1728,32,1152,7.7224
410,1728,32,1728,8.9021
410,1728,32,2592,10.6716
410,1728,32,3888,13.3258
410,1728,32,5832,17.3071
410,1728,32,8748,23.2790
410,1728,32,13122,32.2370
410,1728,32,16384,38.9176
410,1728,64,512,7.4767
410,1728,64,768,8.5252
410,1728,64,1152,10.0981
410,1728,64,1728,12.4574
410,1728,64,2592,15.9964
410,1728,64,3888,21.3048
410,1728,64,5832,29.2674
410,1728,64,8748,41.2113
410,1728,64,13122,59.1272
410,1728,64,16384,72.4884
410,1728,128,512,9.6066
410,1728,128,768,11.7037
410,1728,128,1152,14.8495
410,1728,128,1728,19.5681
410,1728,128,2592,26.6460
410,1728,128,3888,37.2628
410,1728,128,5832,53.1880
410,1728,128,8748,77.0759
410,1728,128,13122,112.9077
410,1728,128,16384,139.6300
410,2592,0,0,7.9823
410,2592,1,512,7.9837
410,2592,1,768,7.9843
410,2592,1,1152,7.9853
410,2592,1,1728,7.9868
410,2592,1,2592,7.9891
410,2592,1,3888,7.9924
410,2592,1,5832,7.9975
410,2592,1,8748,8.0051
410,2592,1,13122,8.0165
410,2592,1,16384,8.0249
410,2592,2,512,7.9850
410,2592,2,768,7.9863
410,2592,2,1152,7.9883
410,2592,2,1728,7.9913
410,2592,2,2592,7.9958
410,2592,2,3888,8.0026
410,2592,2,5832,8.0127
410,2592,2,8748,8.0278
410,2592,2,13122,8.0506
410,2592,2,16384,8.0675
410,2592,4,512,7.9877
410,2592,4,768,7.9903
410,2592,4,1152,7.9943
410,2592,4,1728,8.0003
410,2592,4,2592,8.0093
410,2592,4,3888,8.0228
410,2592,4,5832,8.0430
410,2592,4,8748,8.0733
410,2592,4,13122,8.7633
410,2592,4,16384,9.5984
410,2592,8,512,7.9930
410,2592,8,768,7.9983
410,2592,8,1152,8.0063
410,2592,8,1728,8.0183
410,2592,8,2592,8.0363
410,2592,8,3888,8.0632
410,2592,8,5832,8.3921
410,2592,8,8748,9.8851
410,2592,8,13122,12.1246
410,2592,8,16384,13.7948
410,2592,16,512,8.0036
410,2592,16,768,8.0143
410,2592,16,1152,8.0303
410,2592,16,1728,8.0542
410,2592,16,2592,8.0902
410,2592,16,3888,9.3916
410,2592,16,5832,11.3822
410,2592,16,8748,14.3682
410,2592,16,13122,18.8472
410,2592,16,16384,22.1875
410,2592,32,512,8.0249
410,2592,32,768,8.0462
410,2592,32,1152,8.0782
410,2592,32,1728,8.9574
410,2592,32,2592,10.7268
410,2592,32,3888,13.3811
410,2592,32,5832,17.3624
410,2592,32,8748,23.3343
410,2592,32,13122,32.2923
410,2592,32,16384,38.9729
410,2592,64,512,8.0675
410,2592,64,768,8.5805
410,2592,64,1152,10.1534
410,2592,64,1728,12.5127
410,2592,64,2592,16.0516
410,2592,64,3888,21.3601
410,2592,64,5832,29.3227
410,2592,64,8748,41.2666
410,2592,64,13122,59.1825
410,2592,64,16384,72.5437
410,2592,128,512,9.6619
410,2592,128,768,11.7590
410,2592,128,1152,14.9048
410,2592,128,1728,19.6234
410,2592,128,2592,26.7012
410,2592,128,3888,37.3181
410,2592,128,5832,53.2433
410,2592,128,8748,77.1312
410,2592,128,13122,112.9630
410,2592,128,16384,139.6853
410,3888,0,0,9.3642
410,3888,1,512,9.3655
410,3888,1,768,9.3662
410,3888,1,1152,9.3672
410,3888,1,1728,9.3687
410,3888,1,2592,9.3709
410,3888,1,3888,9.3743
410,3888,1,5832,9.3794
410,3888,1,8748,9.3870
410,3888,1,13122,9.3983
410,3888,1,16384,9.4068
410,3888,2,512,9.3669
410,3888,2,768,9.3682
410,3888,2,1152,9.3702
410,3888,2,1728,9.3732
410,3888,2,2592,9.3777
410,3888,2,3888,9.3844
410,3888,2,5832,9.3945
410,3888,2,8748,9.4097
410,3888,2,13122,9.4325
410,3888,2,16384,9.4494
410,3888,4,512,9.3695
410,3888,4,768,9.3722
410,3888,4,1152,9.3762
410,3888,4,1728,9.3822
410,3888,4,2592,9.3912
410,3888,4,3888,9.4046
410,3888,4,5832,9.4249
410,3888,4,8748,9.4552
410,3888,4,13122,9.5007
410,3888,4,16384,9.6813
410,3888,8,512,9.3749
410,3888,8,768,9.3802
410,3888,8,1152,9.3882
410,3888,8,1728,9.4002
410,3888,8,2592,9.4181
410,3888,8,3888,9.4451
410,3888,8,5832,9.4855
410,3888,8,8748,9.9681
410,3888,8,13122,12.2076
410,3888,8,16384,13.8777
410,3888,16,512,9.3855
410,3888,16,768,9.3962
410,3888,16,1152,9.4121
410,3888,16,1728,9.4361
410,3888,16,2592,9.4721
410,3888,16,3888,9.5260
410,3888,16,5832,11.4652
410,3888,16,8748,14.4511
410,3888,16,13122,18.9301
410,3888,16,16384,22.2704
410,3888,32,512,9.4068
410,3888,32,768,9.4281
410,3888,32,1152,9.4601
410,3888,32,1728,9.5080
410,3888,32,2592,10.8098
410,3888,32,3888,13.4640
410,3888,32,5832,17.4453
410,3888,32,8748,23.4173
410,3888,32,13122,32.3752
410,3888,32,16384,39.0558
410,3888,64,512,9.4494
410,3888,64,768,9.4920
410,3888,64,1152,10.2364
410,3888,64,1728,12.5956
410,3888,64,2592,16.1346
410,3888,64,3888,21.4430
410,3888,64,5832,29.4056
410,3888,64,8748,41.3496
410,3888,64,13122,59.2655
410,3888,64,16384,72.6266
410,3888,128,512,9.7448
410,3888,128,768,11.8420
410,3888,128,1152,14.9877
410,3888,128,1728,19.7063
410,3888,128,2592,26.7842
410,3888,128,3888,37.4010
410,3888,128,5832,53.3263
410,3888,128,8748,77.2141
410,3888,128,13122,113.0460
410,3888,128,16384,139.7683
410,5832,0,0,11.4370
410,5832,1,512,11.4383
410,5832,1,768,11.4390
410,5832,1,1152,11.4400
410,5832,1,1728,11.4415
410,5832,1,2592,11.4438
410,5832,1,3888,11.4471
410,5832,1,5832,11.4522
410,5832,1,8748,11.4598
410,5832,1,13122,11.4711
410,5832,1,16384,11.4796
410,5832,2,512,11.4397
410,5832,2,768,11.4410
410,5832,2,1152,11.4430
410,5832,2,1728,11.4460
410,5832,2,2592,11.4505
410,5832,2,3888,11.4572
410,5832,2,5832,11.4673
410,5832,2,8748,11.4825
410,5832,2,13122,11.5053
410,5832,2,16384,11.5222
410,5832,4,512,11.4423
410,5832,4,768,11.4450
410,5832,4,1152,11.4490
410,5832,4,1728,11.4550
410,5832,4,2592,11.4640
410,5832,4,3888,11.4775
410,5832,4,5832,11.4977
410,5832,4,8748,11.5280
410,5832,4,13122,11.5735
410,5832,4,16384,11.6074
410,5832,8,512,11.4477
410,5832,8,768,11.4530
410,5832,8,1152,11.4610
410,5832,8,1728,11.4730
410,5832,8,2592,11.4909
410,5832,8,3888,11.5179
410,5832,8,5832,11.5583
410,5832,8,8748,11.6190
410,5832,8,13122,12.3320
410,5832,8,16384,14.0021
410,5832,16,512,11.4583
410,5832,16,768,11.4690
410,5832,16,1152,11.4849
410,5832,16,1728,11.5089
410,5832,16,2592,11.5449
410,5832,16,3888,11.5988
410,5832,16,5832,11.6797
410,5832,16,8748,14.5756
410,5832,16,13122,19.0545
410,5832,16,16384,22.3948
410,5832,32,512,11.4796
410,5832,32,768,11.5009
410,5832,32,1152,11.5329
410,5832,32,1728,11.5808
410,5832,32,2592,11.6527
410,5832,32,3888,13.5884
410,5832,32,5832,17.5697
410,5832,32,8748,23.5417
410,5832,32,13122,32.4996
410,5832,32,16384,39.1802
410,5832,64,512,11.5222
410,5832,64,768,11.5648
410,5832,64,1152,11.6288
410,5832,64,1728,12.7201
410,5832,64,2592,16.2590
410,5832,64,3888,21.5674
410,5832,64,5832,29.5300
410,5832,64,8748,41.4740
410,5832,64,13122,59.3899
410,5832,64,16384,72.7510
410,5832,128,512,11.6074
410,5832,128,768,11.9664
410,5832,128,1152,15.1121
410,5832,128,1728,19.8307
410,5832,128,2592,26.9086
410,5832,128,3888,37.5254
410,5832,128,5832,53.4507
410,5832,128,8748,77.3386
410,5832,128,13122,113.1704
410,5832,128,16384,139.8927
410,8748,0,0,14.5462
410,8748,1,512,14.5476
410,8748,1,768,14.5482
410,8748,1,1152,14.5492
410,8748,1,1728,14.5507
410,8748,1,2592,14.5530
410,8748,1,3888,14.5563
410,8748,1,5832,14.5614
410,8748,1,8748,14.5690
410,8748,1,13122,14.5804
410,8748,1,16384,14.5888
410,8748,2,512,14.5489
410,8748,2,768,14.5502
410,8748,2,1152,14.5522
410,8748,2,1728,14.5552
410,8748,2,2592,14.5597
410,8748,2,3888,14.5665
410,8748,2,5832,14.5766
410,8748,2,8748,14.5917
410,8748,2,13122,14.6145
410,8748,2,16384,14.6314
410,8748,4,512,14.5516
410,8748,4,768,14.5542
410,8748,4,1152,14.5582
410,8748,4,1728,14.5642
410,8748,4,2592,14.5732
410,8748,4,3888,14.5867
410,8748,4,5832,14.6069
410,8748,4,8748,14.6372
410,8748,4,13122,14.6827
410,8748,4,16384,14.7167
410,8748,8,512,14.5569
410,8748,8,768,14.5622
410,8748,8,1152,14.5702
410,8748,8,1728,14.5822
410,8748,8,2592,14.6002
410,8748,8,3888,14.6271
410,8748,8,5832,14.6676
410,8748,8,8748,14.7282
410,8748,8,13122,14.8192
410,8748,8,16384,14.8871
410,8748,16,512,14.5675
410,8748,16,768,14.5782
410,8748,16,1152,14.5942
410,8748,16,1728,14.6181
410,8748,16,2592,14.6541
410,8748,16,3888,14.7080
410,8748,16,5832,14.7889
410,8748,16,8748,14.9102
410,8748,16,13122,19.2412
410,8748,16,16384,22.5814
410,8748,32,512,14.5888
410,8748,32,768,14.6101
410,8748,32,1152,14.6421
410,8748,32,1728,14.6900
410,8748,32,2592,14.7619
410,8748,32,3888,14.8698
410,8748,32,5832,17.7564
410,8748,32,8748,23.7283
410,8748,32,13122,32.6863
410,8748,32,16384,39.3668
410,8748,64,512,14.6314
410,8748,64,768,14.6741
410,8748,64,1152,14.7380
410,8748,64,1728,14.8338
410,8748,64,2592,16.4456
410,8748,64,3888,21.7540
410,8748,64,5832,29.7167
410,8748,64,8748,41.6606
410,8748,64,13122,59.5765
410,8748,64,16384,72.9377
410,8748,128,512,14.7167
410,8748,128,768,14.8019
410,8748,128,1152,15.2988
410,8748,128,1728,20.0173
410,8748,128,2592,27.0952
410,8748,128,3888,37.7121
410,8748,128,5832,53.6373
410,8748,128,8748,77.5252
410,8748,128,13122,113.3570
410,8748,128,16384,140.0793
410,13122,0,0,19.2101
410,13122,1,512,19.2114
410,13122,1,768,19.2120
410,13122,1,1152,19.2130
410,13122,1,1728,19.2145
410,13122,1,2592,19.2168
410,13122,1,3888,19.2202
410,13122,1,5832,19.2252
410,13122,1,8748,19.2328
410,13122,1,13122,19.2442
410,13122,1,16384,19.2527
410,13122,2,512,19.2127
410,13122,2,768,19.2140
410,13122,2,1152,19.2160
410,13122,2,1728,19.2190
410,13122,2,2592,19.2235
410,13122,2,3888,19.2303
410,13122,2,5832,19.2404
410,13122,2,8748,19.2556
410,13122,2,13122,19.2783
410,13122,2,16384,19.2953
410,13122,4,512,19.2154
410,13122,4,768,19.2180
410,13122,4,1152,19.2220
410,13122,4,1728,19.2280
410,13122,4,2592,19.2370
410,13122,4,3888,19.2505
410,13122,4,5832,19.2707
410,13122,4,8748,19.3011
410,13122,4,13122,19.3466
410,13122,4,16384,19.3805
410,13122,8,512,19.2207
410,13122,8,768,19.2260
410,13122,8,1152,19.2340
410,13122,8,1728,19.2460
410,13122,8,2592,19.2640
410,13122,8,3888,19.2909
410,13122,8,5832,19.3314
410,13122,8,8748,19.3921
410,13122,8,13122,19.4831
410,13122,8,16384,19.5509
410,13122,16,512,19.2314
410,13122,16,768,19.2420
410,13122,16,1152,19.2580
410,13122,16,1728,19.2820
410,13122,16,2592,19.3179
410,13122,16,3888,19.3718
410,13122,16,5832,19.4527
410,13122,16,8748,19.5741
410,13122,16,13122,19.7561
410,13122,16,16384,22.8614
410,13122,32,512,19.2527
410,13122,32,768,19.2740
410,13122,32,1152,19.3059
410,13122,32,1728,19.3539
410,13122,32,2592,19.4258
410,13122,32,3888,19.5336
410,13122,32,5832,19.6954
410,13122,32,8748,24.0083
410,13122,32,13122,32.9662
410,13122,32,16384,39.6468
410,13122,64,512,19.2953
410,13122,64,768,19.3379
410,13122,64,1152,19.4018
410,13122,64,1728,19.4977
410,13122,64,2592,19.6415
410,13122,64,3888,22.0340
410,13122,64,5832,29.9966
410,13122,64,8748,41.9405
410,13122,64,13122,59.8564
410,13122,64,16384,73.2176
410,13122,128,512,19.3805
410,13122,128,768,19.4657
410,13122,128,1152,19.5935
410,13122,128,1728,20.2973
410,13122,128,2592,27.3752
410,13122,128,3888,37.9920
410,13122,128,5832,53.9172
410,13122,128,8748,77.8051
410,13122,128,13122,113.6369
410,13122,128,16384,140.3592
410,16384,0,0,22.6882
410,16384,1,512,22.6895
410,16384,1,768,22.6902
410,16384,1,1152,22.6912
410,16384,1,1728,22.6927
410,16384,1,2592,22.6949
410,16384,1,3888,22.6983
410,16384,1,5832,22.7034
410,16384,1,8748,22.7109
410,16384,1,13122,22.7223
410,16384,1,16384,22.7308
410,16384,2,512,22.6909
410,16384,2,768,22.6922
410,16384,2,1152,22.6942
410,16384,2,1728,22.6972
410,16384,2,2592,22.7017
410,16384,2,3888,22.7084
410,16384,2,5832,22.7185
410,16384,2,8748,22.7337
410,16384,2,13122,22.7564
410,16384,2,16384,22.7734
410,16384,4,512,22.6935
410,16384,4,768,22.6962
410,16384,4,1152,22.7002
410,16384,4,1728,22.7062
410,16384,4,2592,22.7152
410,16384,4,3888,22.7286
410,16384,4,5832,22.7489
410,16384,4,8748,22.7792
410,16384,4,13122,22.8247
410,16384,4,16384,22.8586
410,16384,8,512,22.6988
410,16384,8,768,22.7042
410,16384,8,1152,22.7122
410,16384,8,1728,22.7241
410,16384,8,2592,22.7421
410,16384,8,3888,22.7691
410,16384,8,5832,22.8095
410,16384,8,8748,22.8702
410,16384,8,13122,22.9612
410,16384,8,16384,23.0291
410,16384,16,512,22.7095
410,16384,16,768,22.7201
410,16384,16,1152,22.7361
410,16384,16,1728,22.7601
410,16384,16,2592,22.7960
410,16384,16,3888,22.8500
410,16384,16,5832,22.9309
410,16384,16,8748,23.0522
410,16384,16,13122,23.2342
410,16384,16,16384,23.3699
410,16384,32,512,22.7308
410,16384,32,768,22.7521
410,16384,32,1152,22.7841
410,16384,32,1728,22.8320
410,16384,32,2592,22.9039
410,16384,32,3888,23.0118
410,16384,32,5832,23.1735
410,16384,32,8748,24.2170
410,16384,32,13122,33.1750
410,16384,32,16384,39.8556
410,16384,64,512,22.7734
410,16384,64,768,22.8160
410,16384,64,1152,22.8799
410,16384,64,1728,22.9758
410,16384,64,2592,23.1196
410,16384,64,3888,23.3353
410,16384,64,5832,30.2054
410,16384,64,8748,42.1493
410,16384,64,13122,60.0652
410,16384,64,16384,73.4264
410,16384,128,512,22.8586
410,16384,128,768,22.9438
410,16384,128,1152,23.0717
410,16384,128,1728,23.2634
410,16384,128,2592,27.5839
410,16384,128,3888,38.2008
410,16384,128,5832,54.1260
410,16384,128,8748,78.0139
410,16384,128,13122,113.8457
410,16384,128,16384,140.5680
512,0,0,0,5.3409
512,0,1,16,5.3409
512,0,1,32,5.3410
512,0,1,64,5.3410
512,0,1,128,5.3412
512,0,1,256,5.3415
512,0,1,512,5.3422
512,0,1,1024,5.3610
512,0,1,2048,5.4265
512,0,1,4096,5.5576
512,0,1,8192,5.8197
512,0,1,16384,6.3440
512,0,2,16,5.3410
512,0,2,32,5.3410
512,0,2,64,5.3412
512,0,2,128,5.3415
512,0,2,256,5.3422
512,0,2,512,5.3615
512,0,2,1024,5.4270
512,0,2,2048,5.5581
512,0,2,4096,5.8202
512,0,2,8192,6.3445
512,0,2,16384,7.3931
512,0,4,16,5.3410
512,0,4,32,5.3412
512,0,4,64,5.3415
512,0,4,128,5.3422
512,0,4,256,5.3625
512,0,4,512,5.4280
512,0,4,1024,5.5591
512,0,4,2048,5.8212
512,0,4,4096,6.3455
512,0,4,8192,7.3941
512,0,4,16384,9.4913
512,0,8,16,5.3412
512,0,8,32,5.3415
512,0,8,64,5.3422
512,0,8,128,5.3645
512,0,8,256,5.4301
512,0,8,512,5.5612
512,0,8,1024,5.8233
512,0,8,2048,6.3476
512,0,8,4096,7.3962
512,0,8,8192,9.4933
512,0,8,16384,13.6876
512,0,16,16,5.3415
512,0,16,32,5.3422
512,0,16,64,5.3686
512,0,16,128,5.4342
512,0,16,256,5.5652
512,0,16,512,5.8274
512,0,16,1024,6.3517
512,0,16,2048,7.4003
512,0,16,4096,9.4974
512,0,16,8192,13.6917
512,0,16,16384,22.0803
512,0,32,16,5.3441
512,0,32,32,5.3768
512,0,32,64,5.4424
512,0,32,128,5.5734
512,0,32,256,5.8356
512,0,32,512,6.3599
512,0,32,1024,7.4084
512,0,32,2048,9.5056
512,0,32,4096,13.6999
512,0,32,8192,22.0885
512,0,32,16384,38.8657
512,0,64,16,5.3932
512,0,64,32,5.4588
512,0,64,64,5.5898
512,0,64,128,5.8520
512,0,64,256,6.3763
512,0,64,512,7.4248
512,0,64,1024,9.5220
512,0,64,2048,13.7163
512,0,64,4096,22.1049
512,0,64,8192,38.8821
512,0,64,16384,72.4365
512,0,128,16,5.4915
512,0,128,32,5.6226
512,0,128,64,5.8847
512,0,128,128,6.4090
512,0,128,256,7.4576
512,0,128,512,9.5548
512,0,128,1024,13.7491
512,0,128,2048,22.1377
512,0,128,4096,38.9149
512,0,128,8192,72.4693
512,0,128,16384,139.5782
512,16,0,0,5.3622
512,16,1,16,5.3622
512,16,1,32,5.3623
512,16,1,64,5.3623
512,16,1,128,5.3625
512,16,1,256,5.3628
512,16,1,512,5.3635
512,16,1,1024,5.3648
512,16,1,2048,5.4275
512,16,1,4096,5.5586
512,16,1,8192,5.8207
512,16,1,16384,6.3450
512,16,2,16,5.3623
512,16,2,32,5.3623
512,16,2,64,5.3625
512,16,2,128,5.3628
512,16,2,256,5.3635
512,16,2,512,5.3648
512,16,2,1024,5.4280
512,16,2,2048,5.5591
512,16,2,4096,5.8212
512,16,2,8192,6.3455
512,16,2,16384,7.3941
512,16,4,16,5.3623
512,16,4,32,5.3625
512,16,4,64,5.3628
512,16,4,128,5.3635
512,16,4,256,5.3648
512,16,4,512,5.4291
512,16,4,1024,5.5601
512,16,4,2048,5.8223
512,16,4,4096,6.3466
512,16,4,8192,7.3951
512,16,4,16384,9.4923
512,16,8,16,5.3625
512,16,8,32,5.3628
512,16,8,64,5.3635
512,16,8,128,5.3656
512,16,8,256,5.4311
512,16,8,512,5.5622
512,16,8,1024,5.8243
512,16,8,2048,6.3486
512,16,8,4096,7.3972
512,16,8,8192,9.4943
512,16,8,16384,13.6886
512,16,16,16,5.3628
512,16,16,32,5.3635
512,16,16,64,5.3697
512,16,16,128,5.4352
512,16,16,256,5.5663
512,16,16,512,5.8284
512,16,16,1024,6.3527
512,16,16,2048,7.4013
512,16,16,4096,9.4984
512,16,16,8192,13.6927
512,16,16,16384,22.0813
512,16,32,16,5.3635
512,16,32,32,5.3779
512,16,32,64,5.4434
512,16,32,128,5.5745
512,16,32,256,5.8366
512,16,32,512,6.3609
512,16,32,1024,7.4095
512,16,32,2048,9.5066
512,16,32,4096,13.7009
512,16,32,8192,22.0895
512,16,32,16384,38.8668
512,16,64,16,5.3942
512,16,64,32,5.4598
512,16,64,64,5.5908
512,16,64,128,5.8530
512,16,64,256,6.3773
512,16,64,512,7.4259
512,16,64,1024,9.5230
512,16,64,2048,13.7173
512,16,64,4096,22.1059
512,16,64,8192,38.8831
512,16,64,16384,72.4376
512,16,128,16,5.4925
512,16,128,32,5.6236
512,16,128,64,5.8858
512,16,128,128,6.4100
512,16,128,256,7.4586
512,16,128,512,9.5558
512,16,128,1024,13.7501
512,16,128,2048,22.1387
512,16,128,4096,38.9159
512,16,128,8192,72.4703
512,16,128,16384,139.5792
512,32,0,0,5.3835
512,32,1,16,5.3835
512,32,1,32,5.3836
512,32,1,64,5.3836
512,32,1,128,5.3838
512,32,1,256,5.3841
512,32,1,512,5.3848
512,32,1,1024,5.3861
512,32,1,2048,5.4285
512,32,1,4096,5.5596
512,32,1,8192,5.8218
512,32,1,16384,6.3460
512,32,2,16,5.3836
512,32,2,32,5.3836
512,32,2,64,5.3838
512,32,2,128,5.3841
512,32,2,256,5.3848
512,32,2,512,5.3861
512,32,2,1024,5.4291
512,32,2,2048,5.5601
512,32,2,4096,5.8223
512,32,2,8192,6.3466
512,32,2,16384,7.3951
512,32,4,16,5.3836
512,32,4,32,5.3838
512,32,4,64,5.3841
512,32,4,128,5.3848
512,32,4,256,5.3861
512,32,4,512,5.4301
512,32,4,1024,5.5612
512,32,4,2048,5.8233
512,32,4,4096,6.3476
512,32,4,8192,7.3962
512,32,4,16384,9.4933
512,32,8,16,5.3838
512,32,8,32,5.3841
512,32,8,64,5.3848
512,32,8,128,5.3861
512,32,8,256,5.4321
512,32,8,512,5.5632
512,32,8,1024,5.8253
512,32,8,2048,6.3496
512,32,8,4096,7.3982
512,32,8,8192,9.4954
512,32,8,16384,13.6897
512,32,16,16,5.3841
512,32,16,32,5.3848
512,32,16,64,5.3861
512,32,16,128,5.4362
512,32,16,256,5.5673
512,32,16,512,5.8294
512,32,16,1024,6.3537
512,32,16,2048,7.4023
512,32,16,4096,9.4995
512,32,16,8192,13.6938
512,32,16,16384,22.0824
512,32,32,16,5.3848
512,32,32,32,5.3861
512,32,32,64,5.4444
512,32,32,128,5.5755
512,32,32,256,5.8376
512,32,32,512,6.3619
512,32,32,1024,7.4105
512,32,32,2048,9.5076
512,32,32,4096,13.7020
512,32,32,8192,22.0906
512,32,32,16384,38.8678
512,32,64,16,5.3953
512,32,64,32,5.4608
512,32,64,64,5.5919
512,32,64,128,5.8540
512,32,64,256,6.3783
512,32,64,512,7.4269
512,32,64,1024,9.5240
512,32,64,2048,13.7183
512,32,64,4096,22.1069
512,32,64,8192,38.8842
512,32,64,16384,72.4386
512,32,128,16,5.4936
512,32,128,32,5.6246
512,32,128,64,5.8868
512,32,128,128,6.4111
512,32,128,256,7.4596
512,32,128,512,9.5568
512,32,128,1024,13.7511
512,32,128,2048,22.1397
512,32,128,4096,38.9169
512,32,128,8192,72.4714
512,32,128,16384,139.5802
512,64,0,0,5.4261
512,64,1,16,5.4261
512,64,1,32,5.4262
512,64,1,64,5.4263
512,64,1,128,5.4264
512,64,1,256,5.4268
512,64,1,512,5.4274
512,64,1,1024,5.4288
512,64,1,2048,5.4314
512,64,1,4096,5.5617
512,64,1,8192,5.8238
512,64,1,16384,6.3481
512,64,2,16,5.4262
512,64,2,32,5.4263
512,64,2,64,5.4264
512,64,2,128,5.4268
512,64,2,256,5.4274
512,64,2,512,5.4288
512,64,2,1024,5.4314
512,64,2,2048,5.5622
512,64,2,4096,5.8243
512,64,2,8192,6.3486
512,64,2,16384,7.3972
512,64,4,16,5.4263
512,64,4,32,5.4264
512,64,4,64,5.4268
512,64,4,128,5.4274
512,64,4,256,5.4288
512,64,4,512,5.4321
512,64,4,1024,5.5632
512,64,4,2048,5.8253
512,64,4,4096,6.3496
512,64,4,8192,7.3982
512,64,4,16384,9.4954
512,64,8,16,5.4264
512,64,8,32,5.4268
512,64,8,64,5.4274
512,64,8,128,5.4288
512,64,8,256,5.4342
512,64,8,512,5.5652
512,64,8,1024,5.8274
512,64,8,2048,6.3517
512,64,8,4096,7.4003
512,64,8,8192,9.4974
512,64,8,16384,13.6917
512,64,16,16,5.4268
512,64,16,32,5.4274
512,64,16,64,5.4288
512,64,16,128,5.4383
512,64,16,256,5.5693
512,64,16,512,5.8315
512,64,16,1024,6.3558
512,64,16,2048,7.4044
512,64,16,4096,9.5015
512,64,16,8192,13.6958
512,64,16,16384,22.0844
512,64,32,16,5.4274
512,64,32,32,5.4288
512,64,32,64,5.4465
512,64,32,128,5.5775
512,64,32,256,5.8397
512,64,32,512,6.3640
512,64,32,1024,7.4125
512,64,32,2048,9.5097
512,64,32,4096,13.7040
512,64,32,8192,22.0926
512,64,32,16384,38.8698
512,64,64,16,5.4288
512,64,64,32,5.4628
512,64,64,64,5.5939
512,64,64,128,5.8561
512,64,64,256,6.3804
512,64,64,512,7.4289
512,64,64,1024,9.5261
512,64,64,2048,13.7204
512,64,64,4096,22.1090
512,64,64,8192,38.8862
512,64,64,16384,72.4406
512,64,128,16,5.4956
512,64,128,32,5.6267
512,64,128,64,5.8888
512,64,128,128,6.4131
512,64,128,256,7.4617
512,64,128,512,9.5588
512,64,128,1024,13.7532
512,64,128,2048,22.1418
512,64,128,4096,38.9190
512,64,128,8192,72.4734
512,64,128,16384,139.5823
512,128,0,0,5.5113
512,128,1,16,5.5113
512,128,1,32,5.5114
512,128,1,64,5.5115
512,128,1,128,5.5116
512,128,1,256,5.5120
512,128,1,512,5.5126
512,128,1,1024,5.5140
512,128,1,2048,5.5166
512,128,1,4096,5.5658
512,128,1,8192,5.8279
512,128,1,16384,6.3522
512,128,2,16,5.5114
512,128,2,32,5.5115
512,128,2,64,5.5116
512,128,2,128,5.5120
512,128,2,256,5.5126
512,128,2,512,5.5140
512,128,2,1024,5.5166
512,128,2,2048,5.5663
512,128,2,4096,5.8284
512,128,2,8192,6.3527
512,128,2,16384,7.4013
512,128,4,16,5.5115
512,128,4,32,5.5116
512,128,4,64,5.5120
512,128,4,128,5.5126
512,128,4,256,5.5140
512,128,4,512,5.5166
512,128,4,1024,5.5673
512,128,4,2048,5.8294
512,128,4,4096,6.3537
512,128,4,8192,7.4023
512,128,4,16384,9.4995
512,128,8,16,5.5116
512,128,8,32,5.5120
512,128,8,64,5.5126
512,128,8,128,5.5140
512,128,8,256,5.5166
512,128,8,512,5.5693
512,128,8,1024,5.8315
512,128,8,2048,6.3558
512,128,8,4096,7.4044
512,128,8,8192,9.5015
512,128,8,16384,13.6958
512,128,16,16,5.5120
512,128,16,32,5.5126
512,128,16,64,5.5140
512,128,16,128,5.5166
512,128,16,256,5.5734
512,128,16,512,5.8356
512,128,16,1024,6.3599
512,128,16,2048,7.4084
512,128,16,4096,9.5056
512,128,16,8192,13.6999
512,128,16,16384,22.0885
512,128,32,16,5.5126
512,128,32,32,5.5140
512,128,32,64,5.5166
512,128,32,128,5.5816
512,128,32,256,5.8438
512,128,32,512,6.3681
512,128,32,1024,7.4166
512,128,32,2048,9.5138
512,128,32,4096,13.7081
512,128,32,8192,22.0967
512,128,32,16384,38.8739
512,128,64,16,5.5140
512,128,64,32,5.5166
512,128,64,64,5.5980
512,128,64,128,5.8602
512,128,64,256,6.3844
512,128,64,512,7.4330
512,128,64,1024,9.5302
512,128,64,2048,13.7245
512,128,64,4096,22.1131
512,128,64,8192,38.8903
512,128,64,16384,72.4447
512,128,128,16,5.5166
512,128,128,32,5.6308
512,128,128,64,5.8929
512,128,128,128,6.4172
512,128,128,256,7.4658
512,128,128,512,9.5629
512,128,128,1024,13.7572
512,128,128,2048,22.1459
512,128,128,4096,38.9231
512,128,128,8192,72.4775
512,128,128,16384,139.5864
512,256,0,0,5.6817
512,256,1,16,5.6818
512,256,1,32,5.6818
512,256,1,64,5.6819
512,256,1,128,5.6821
512,256,1,256,5.6824
512,256,1,512,5.6831
512,256,1,1024,5.6844
512,256,1,2048,5.6871
512,256,1,4096,5.6924
512,256,1,8192,5.8361
512,256,1,16384,6.3604
512,256,2,16,5.6818
512,256,2,32,5.6819
512,256,2,64,5.6821
512,256,2,128,5.6824
512,256,2,256,5.6831
512,256,2,512,5.6844
512,256,2,1024,5.6871
512,256,2,2048,5.6924
512,256,2,4096,5.8366
512,256,2,8192,6.3609
512,256,2,16384,7.4095
512,256,4,16,5.6819
512,256,4,32,5.6821
512,256,4,64,5.6824
512,256,4,128,5.6831
512,256,4,256,5.6844
512,256,4,512,5.6871
512,256,4,1024,5.6924
512,256,4,2048,5.8376
512,256,4,4096,6.3619
512,256,4,8192,7.4105
512,256,4,16384,9.5076
512,256,8,16,5.6821
512,256,8,32,5.6824
512,256,8,64,5.6831
512,256,8,128,5.6844
512,256,8,256,5.6871
512,256,8,512,5.6924
512,256,8,1024,5.8397
512,256,8,2048,6.3640
512,256,8,4096,7.4125
512,256,8,8192,9.5097
512,256,8,16384,13.7040
512,256,16,16,5.6824
512,256,16,32,5.6831
512,256,16,64,5.6844
512,256,16,128,5.6871
512,256,16,256,5.6924
512,256,16,512,5.8438
512,256,16,1024,6.3681
512,256,16,2048,7.4166
512,256,16,4096,9.5138
512,256,16,8192,13.7081
512,256,16,16384,22.0967
512,256,32,16,5.6831
512,256,32,32,5.6844
512,256,32,64,5.6871
512,256,32,128,5.6924
512,256,32,256,5.8520
512,256,32,512,6.3763
512,256,32,1024,7.4248
512,256,32,2048,9.5220
512,256,32,4096,13.7163
512,256,32,8192,22.1049
512,256,32,16384,38.8821
512,256,64,16,5.6844
512,256,64,32,5.6871
512,256,64,64,5.6924
512,256,64,128,5.8684
512,256,64,256,6.3926
512,256,64,512,7.4412
512,256,64,1024,9.5384
512,256,64,2048,13.7327
512,256,64,4096,22.1213
512,256,64,8192,38.8985
512,256,64,16384,72.4529
512,256,128,16,5.6871
512,256,128,32,5.6924
512,256,128,64,5.9011
512,256,128,128,6.4254
512,256,128,256,7.4740
512,256,128,512,9.5711
512,256,128,1024,13.7654
512,256,128,2048,22.1540
512,256,128,4096,38.9313
512,256,128,8192,72.4857
512,256,128,16384,139.5946
512,512,0,0,6.0226
512,512,1,16,6.0227
512,512,1,32,6.0227
512,512,1,64,6.0228
512,512,1,128,6.0229
512,512,1,256,6.0233
512,512,1,512,6.0239
512,512,1,1024,6.0253
512,512,1,2048,6.0279
512,512,1,4096,6.0333
512,512,1,8192,6.0439
512,512,1,16384,6.3768
512,512,2,16,6.0227
512,512,2,32,6.0228
512,512,2,64,6.0229
512,512,2,128,6.0233
512,512,2,256,6.0239
512,512,2,512,6.0253
512,512,2,1024,6.0279
512,512,2,2048,6.0333
512,512,2,4096,6.0439
512,512,2,8192,6.3773
512,512,2,16384,7.4259
512,512,4,16,6.0228
512,512,4,32,6.0229
512,512,4,64,6.0233
512,512,4,128,6.0239
512,512,4,256,6.0253
512,512,4,512,6.0279
512,512,4,1024,6.0333
512,512,4,2048,6.0439
512,512,4,4096,6.3783
512,512,4,8192,7.4269
512,512,4,16384,9.5240
512,512,8,16,6.0229
512,512,8,32,6.0233
512,512,8,64,6.0239
512,512,8,128,6.0253
512,512,8,256,6.0279
512,512,8,512,6.0333
512,512,8,1024,6.0439
512,512,8,2048,6.3804
512,512,8,4096,7.4289
512,512,8,8192,9.5261
512,512,8,16384,13.7204
512,512,16,16,6.0233
512,512,16,32,6.0239
512,512,16,64,6.0253
512,512,16,128,6.0279
512,512,16,256,6.0333
512,512,16,512,6.0439
512,512,16,1024,6.3844
512,512,16,2048,7.4330
512,512,16,4096,9.5302
512,512,16,8192,13.7245
512,512,16,16384,22.1131
512,512,32,16,6.0239
512,512,32,32,6.0253
512,512,32,64,6.0279
512,512,32,128,6.0333
512,512,32,256,6.0439
512,512,32,512,6.3926
512,512,32,1024,7.4412
512,512,32,2048,9.5384
512,512,32,4096,13.7327
512,512,32,8192,22.1213
512,512,32,16384,38.8985
512,512,64,16,6.0253
512,512,64,32,6.0279
512,512,64,64,6.0333
512,512,64,128,6.0439
512,512,64,256,6.4090
512,512,64,512,7.4576
512,512,64,1024,9.5548
512,512,64,2048,13.7491
512,512,64,4096,22.1377
512,512,64,8192,38.9149
512,512,64,16384,72.4693
512,512,128,16,6.0279
512,512,128,32,6.0333
512,512,128,64,6.0439
512,512,128,128,6.4418
512,512,128,256,7.4904
512,512,128,512,9.5875
512,512,128,1024,13.7818
512,512,128,2048,22.1704
512,512,128,4096,38.9476
512,512,128,8192,72.5021
512,512,128,16384,139.6109
512,1024,0,0,6.7044
512,1024,1,16,6.7044
512,1024,1,32,6.7044
512,1024,1,64,6.7045
512,1024,1,128,6.7047
512,1024,1,256,6.7050
512,1024,1,512,6.7057
512,1024,1,1024,6.7070
512,1024,1,2048,6.7097
512,1024,1,4096,6.7150
512,1024,1,8192,6.7257
512,1024,1,16384,6.7470
512,1024,2,16,6.7044
512,1024,2,32,6.7045
512,1024,2,64,6.7047
512,1024,2,128,6.7050
512,1024,2,256,6.7057
512,1024,2,512,6.7070
512,1024,2,1024,6.7097
512,1024,2,2048,6.7150
512,1024,2,4096,6.7257
512,1024,2,8192,6.7470
512,1024,2,16384,7.4586
512,1024,4,16,6.7045
512,1024,4,32,6.7047
512,1024,4,64,6.7050
512,1024,4,128,6.7057
512,1024,4,256,6.7070
512,1024,4,512,6.7097
512,1024,4,1024,6.7150
512,1024,4,2048,6.7257
512,1024,4,4096,6.7470
512,1024,4,8192,7.4596
512,1024,4,16384,9.5568
512,1024,8,16,6.7047
512,1024,8,32,6.7050
512,1024,8,64,6.7057
512,1024,8,128,6.7070
512,1024,8,256,6.7097
512,1024,8,512,6.7150
512,1024,8,1024,6.7257
512,1024,8,2048,6.7470
512,1024,8,4096,7.4617
512,1024,8,8192,9.5588
512,1024,8,16384,13.7532
512,1024,16,16,6.7050
512,1024,16,32,6.7057
512,1024,16,64,6.7070
512,1024,16,128,6.7097
512,1024,16,256,6.7150
512,1024,16,512,6.7257
512,1024,16,1024,6.7470
512,1024,16,2048,7.4658
512,1024,16,4096,9.5629
512,1024,16,8192,13.7572
512,1024,16,16384,22.1459
512,1024,32,16,6.7057
512,1024,32,32,6.7070
512,1024,32,64,6.7097
512,1024,32,128,6.7150
512,1024,32,256,6.7257
512,1024,32,512,6.7470
512,1024,32,1024,7.4740
512,1024,32,2048,9.5711
512,1024,32,4096,13.7654
512,1024,32,8192,22.1540
512,1024,32,16384,38.9313
512,1024,64,16,6.7070
512,1024,64,32,6.7097
512,1024,64,64,6.7150
512,1024,64,128,6.7257
512,1024,64,256,6.7470
512,1024,64,512,7.4904
512,1024,64,1024,9.5875
512,1024,64,2048,13.7818
512,1024,64,4096,22.1704
512,1024,64,8192,38.9476
512,1024,64,16384,72.5021
512,1024,128,16,6.7097
512,1024,128,32,6.7150
512,1024,128,64,6.7257
512,1024,128,128,6.7470
512,1024,128,256,7.5231
512,1024,128,512,9.6203
512,1024,128,1024,13.8146
512,1024,128,2048,22.2032
512,1024,128,4096,38.9804
512,1024,128,8192,72.5348
512,1024,128,16384,139.6437
512,2048,0,0,8.0678
512,2048,1,16,8.0679
512,2048,1,32,8.0679
512,2048,1,64,8.0680
512,2048,1,128,8.0682
512,2048,1,256,8.0685
512,2048,1,512,8.0692
512,2048,1,1024,8.0705
512,2048,1,2048,8.0732
512,2048,1,4096,8.0785
512,2048,1,8192,8.0891
512,2048,1,16384,8.1104
512,2048,2,16,8.0679
512,2048,2,32,8.0680
512,2048,2,64,8.0682
512,2048,2,128,8.0685
512,2048,2,256,8.0692
512,2048,2,512,8.0705
512,2048,2,1024,8.0732
512,2048,2,2048,8.0785
512,2048,2,4096,8.0891
512,2048,2,8192,8.1104
512,2048,2,16384,8.1531
512,2048,4,16,8.0680
512,2048,4,32,8.0682
512,2048,4,64,8.0685
512,2048,4,128,8.0692
512,2048,4,256,8.0705
512,2048,4,512,8.0732
512,2048,4,1024,8.0785
512,2048,4,2048,8.0891
512,2048,4,4096,8.1104
512,2048,4,8192,8.1531
512,2048,4,16384,9.6223
512,2048,8,16,8.0682
512,2048,8,32,8.0685
512,2048,8,64,8.0692
512,2048,8,128,8.0705
512,2048,8,256,8.0732
512,2048,8,512,8.0785
512,2048,8,1024,8.0891
512,2048,8,2048,8.1104
512,2048,8,4096,8.1531
512,2048,8,8192,9.6244
512,2048,8,16384,13.8187
512,2048,16,16,8.0685
512,2048,16,32,8.0692
512,2048,16,64,8.0705
512,2048,16,128,8.0732
512,2048,16,256,8.0785
512,2048,16,512,8.0891
512,2048,16,1024,8.1104
512,2048,16,2048,8.1531
512,2048,16,4096,9.6285
512,2048,16,8192,13.8228
512,2048,16,16384,22.2114
512,2048,32,16,8.0692
512,2048,32,32,8.0705
512,2048,32,64,8.0732
512,2048,32,128,8.0785
512,2048,32,256,8.0891
512,2048,32,512,8.1104
512,2048,32,1024,8.1531
512,2048,32,2048,9.6367
512,2048,32,4096,13.8310
512,2048,32,8192,22.2196
512,2048,32,16384,38.9968
512,2048,64,16,8.0705
512,2048,64,32,8.0732
512,2048,64,64,8.0785
512,2048,64,128,8.0891
512,2048,64,256,8.1104
512,2048,64,512,8.1531
512,2048,64,1024,9.6531
512,2048,64,2048,13.8474
512,2048,64,4096,22.2360
512,2048,64,8192,39.0132
512,2048,64,16384,72.5676
512,2048,128,16,8.0732
512,2048,128,32,8.0785
512,2048,128,64,8.0891
512,2048,128,128,8.1104
512,2048,128,256,8.1531
512,2048,128,512,9.6858
512,2048,128,1024,13.8801
512,2048,128,2048,22.2687
512,2048,128,4096,39.0460
512,2048,128,8192,72.6004
512,2048,128,16384,139.7092
512,4096,0,0,10.7948
512,4096,1,16,10.7948
512,4096,1,32,10.7949
512,4096,1,64,10.7950
512,4096,1,128,10.7951
512,4096,1,256,10.7955
512,4096,1,512,10.7961
512,4096,1,1024,10.7975
512,4096,1,2048,10.8001
512,4096,1,4096,10.8054
512,4096,1,8192,10.8161
512,4096,1,16384,10.8374
512,4096,2,16,10.7949
512,4096,2,32,10.7950
512,4096,2,64,10.7951
512,4096,2,128,10.7955
512,4096,2,256,10.7961
512,4096,2,512,10.7975
512,4096,2,1024,10.8001
512,4096,2,2048,10.8054
512,4096,2,4096,10.8161
512,4096,2,8192,10.8374
512,4096,2,16384,10.8800
512,4096,4,16,10.7950
512,4096,4,32,10.7951
512,4096,4,64,10.7955
512,4096,4,128,10.7961
512,4096,4,256,10.7975
512,4096,4,512,10.8001
512,4096,4,1024,10.8054
512,4096,4,2048,10.8161
512,4096,4,4096,10.8374
512,4096,4,8192,10.8800
512,4096,4,16384,10.9652
512,4096,8,16,10.7951
512,4096,8,32,10.7955
512,4096,8,64,10.7961
512,4096,8,128,10.7975
512,4096,8,256,10.8001
512,4096,8,512,10.8054
512,4096,8,1024,10.8161
512,4096,8,2048,10.8374
512,4096,8,4096,10.8800
512,4096,8,8192,10.9652
512,4096,8,16384,13.9498
512,4096,16,16,10.7955
512,4096,16,32,10.7961
512,4096,16,64,10.7975
512,4096,16,128,10.8001
512,4096,16,256,10.8054
512,4096,16,512,10.8161
512,4096,16,1024,10.8374
512,4096,16,2048,10.8800
512,4096,16,4096,10.9652
512,4096,16,8192,13.9539
512,4096,16,16384,22.3425
512,4096,32,16,10.7961
512,4096,32,32,10.7975
512,4096,32,64,10.8001
512,4096,32,128,10.8054
512,4096,32,256,10.8161
512,4096,32,512,10.8374
512,4096,32,1024,10.8800
512,4096,32,2048,10.9652
512,4096,32,4096,13.9620
512,4096,32,8192,22.3507
512,4096,32,16384,39.1279
512,4096,64,16,10.7975
512,4096,64,32,10.8001
512,4096,64,64,10.8054
512,4096,64,128,10.8161
512,4096,64,256,10.8374
512,4096,64,512,10.8800
512,4096,64,1024,10.9652
512,4096,64,2048,13.9784
512,4096,64,4096,22.3670
512,4096,64,8192,39.1443
512,4096,64,16384,72.6987
512,4096,128,16,10.8001
512,4096,128,32,10.8054
512,4096,128,64,10.8161
512,4096,128,128,10.8374
512,4096,128,256,10.8800
512,4096,128,512,10.9652
512,4096,128,1024,14.0112
512,4096,128,2048,22.3998
512,4096,128,4096,39.1770
512,4096,128,8192,72.7315
512,4096,128,16384,139.8403
512,8192,0,0,16.2487
512,8192,1,16,16.2488
512,8192,1,32,16.2488
512,8192,1,64,16.2489
512,8192,1,128,16.2491
512,8192,1,256,16.2494
512,8192,1,512,16.2501
512,8192,1,1024,16.2514
512,8192,1,2048,16.2540
512,8192,1,4096,16.2594
512,8192,1,8192,16.2700
512,8192,1,16384,16.2913
512,8192,2,16,16.2488
512,8192,2,32,16.2489
512,8192,2,64,16.2491
512,8192,2,128,16.2494
512,8192,2,256,16.2501
512,8192,2,512,16.2514
512,8192,2,1024,16.2540
512,8192,2,2048,16.2594
512,8192,2,4096,16.2700
512,8192,2,8192,16.2913
512,8192,2,16384,16.3339
512,8192,4,16,16.2489
512,8192,4,32,16.2491
512,8192,4,64,16.2494
512,8192,4,128,16.2501
512,8192,4,256,16.2514
512,8192,4,512,16.2540
512,8192,4,1024,16.2594
512,8192,4,2048,16.2700
512,8192,4,4096,16.2913
512,8192,4,8192,16.3339
512,8192,4,16384,16.4192
512,8192,8,16,16.2491
512,8192,8,32,16.2494
512,8192,8,64,16.2501
512,8192,8,128,16.2514
512,8192,8,256,16.2540
512,8192,8,512,16.2594
512,8192,8,1024,16.2700
512,8192,8,2048,16.2913
512,8192,8,4096,16.3339
512,8192,8,8192,16.4192
512,8192,8,16384,16.5896
512,8192,16,16,16.2494
512,8192,16,32,16.2501
512,8192,16,64,16.2514
512,8192,16,128,16.2540
512,8192,16,256,16.2594
512,8192,16,512,16.2700
512,8192,16,1024,16.2913
512,8192,16,2048,16.3339
512,8192,16,4096,16.4192
512,8192,16,8192,16.5896
512,8192,16,16384,22.6046
512,8192,32,16,16.2501
512,8192,32,32,16.2514
512,8192,32,64,16.2540
512,8192,32,128,16.2594
512,8192,32,256,16.2700
512,8192,32,512,16.2913
512,8192,32,1024,16.3339
512,8192,32,2048,16.4192
512,8192,32,4096,16.5896
512,8192,32,8192,22.6128
512,8192,32,16384,39.3900
512,8192,64,16,16.2514
512,8192,64,32,16.2540
512,8192,64,64,16.2594
512,8192,64,128,16.2700
512,8192,64,256,16.2913
512,8192,64,512,16.3339
512,8192,64,1024,16.4192
512,8192,64,2048,16.5896
512,8192,64,4096,22.6292
512,8192,64,8192,39.4064
512,8192,64,16384,72.9608
512,8192,128,16,16.2540
512,8192,128,32,16.2594
512,8192,128,64,16.2700
512,8192,128,128,16.2913
512,8192,128,256,16.3339
512,8192,128,512,16.4192
512,8192,128,1024,16.5896
512,8192,128,2048,22.6620
512,8192,128,4096,39.4392
512,8192,128,8192,72.9936
512,8192,128,16384,140.1025
512,16384,0,0,27.1566
512,16384,1,16,27.1566
512,16384,1,32,27.1567
512,16384,1,64,27.1567
512,16384,1,128,27.1569
512,16384,1,256,27.1572
512,16384,1,512,27.1579
512,16384,1,1024,27.1592
512,16384,1,2048,27.1619
512,16384,1,4096,27.1672
512,16384,1,8192,27.1779
512,16384,1,16384,27.1992
512,16384,2,16,27.1567
512,16384,2,32,27.1567
512,16384,2,64,27.1569
512,16384,2,128,27.1572
512,16384,2,256,27.1579
512,16384,2,512,27.1592
512,16384,2,1024,27.1619
512,16384,2,2048,27.1672
512,16384,2,4096,27.1779
512,16384,2,8192,27.1992
512,16384,2,16384,27.2418
512,16384,4,16,27.1567
512,16384,4,32,27.1569
512,16384,4,64,27.1572
512,16384,4,128,27.1579
512,16384,4,256,27.1592
512,16384,4,512,27.1619
512,16384,4,1024,27.1672
512,16384,4,2048,27.1779
512,16384,4,4096,27.1992
512,16384,4,8192,27.2418
512,16384,4,16384,27.3270
512,16384,8,16,27.1569
512,16384,8,32,27.1572
512,16384,8,64,27.1579
512,16384,8,128,27.1592
512,16384,8,256,27.1619
512,16384,8,512,27.1672
512,16384,8,1024,27.1779
512,16384,8,2048,27.1992
512,16384,8,4096,27.2418
512,16384,8,8192,27.3270
512,16384,8,16384,27.4974
512,16384,16,16,27.1572
512,16384,16,32,27.1579
512,16384,16,64,27.1592
512,16384,16,128,27.1619
512,16384,16,256,27.1672
512,16384,16,512,27.1779
512,16384,16,1024,27.1992
512,16384,16,2048,27.2418
512,16384,16,4096,27.3270
512,16384,16,8192,27.4974
512,16384,16,16384,27.8383
512,16384,32,16,27.1579
512,16384,32,32,27.1592
512,16384,32,64,27.1619
512,16384,32,128,27.1672
512,16384,32,256,27.1779
512,16384,32,512,27.1992
512,16384,32,1024,27.2418
512,16384,32,2048,27.3270
512,16384,32,4096,27.4974
512,16384,32,8192,27.8383
512,16384,32,16384,39.9143
512,16384,64,16,27.1592
512,16384,64,32,27.1619
512,16384,64,64,27.1672
512,16384,64,128,27.1779
512,16384,64,256,27.1992
512,16384,64,512,27.2418
512,16384,64,1024,27.3270
512,16384,64,2048,27.4974
512,16384,64,4096,27.8383
512,16384,64,8192,39.9307
512,16384,64,16384,73.4851
512,16384,128,16,27.1619
512,16384,128,32,27.1672
512,16384,128,64,27.1779
512,16384,128,128,27.1992
512,16384,128,256,27.2418
512,16384,128,512,27.3270
512,16384,128,1024,27.4974
512,16384,128,2048,27.8383
512,16384,128,4096,39.9635
512,16384,128,8192,73.5179
512,16384,128,16384,140.6268
615,0,0,0,5.4918
615,0,1,512,5.4931
615,0,1,768,5.4938
615,0,1,1152,5.4948
615,0,1,1728,5.4963
615,0,1,2592,5.5206
615,0,1,3888,5.6036
615,0,1,5832,5.7280
615,0,1,8748,5.9146
615,0,1,13122,6.1946
615,0,1,16384,6.4033
615,0,2,512,5.4945
615,0,2,768,5.4958
615,0,2,1152,5.5027
615,0,2,1728,5.5764
615,0,2,2592,5.6870
615,0,2,3888,5.8529
615,0,2,5832,6.1018
615,0,2,8748,6.4750
615,0,2,13122,7.0349
615,0,2,16384,7.4524
615,0,4,512,5.4971
615,0,4,768,5.5529
615,0,4,1152,5.6512
615,0,4,1728,5.7987
615,0,4,2592,6.0198
615,0,4,3888,6.3516
615,0,4,5832,6.8493
615,0,4,8748,7.5958
615,0,4,13122,8.7155
615,0,4,16384,9.5506
615,0,8,512,5.6205
615,0,8,768,5.7516
615,0,8,1152,5.9482
615,0,8,1728,6.2431
615,0,8,2592,6.6854
615,0,8,3888,7.3490
615,0,8,5832,8.3443
615,0,8,8748,9.8373
615,0,8,13122,12.0768
615,0,8,16384,13.7469
615,0,16,512,5.8867
615,0,16,768,6.1489
615,0,16,1152,6.5421
615,0,16,1728,7.1319
615,0,16,2592,8.0166
615,0,16,3888,9.3437
615,0,16,5832,11.3344
615,0,16,8748,14.3204
615,0,16,13122,18.7994
615,0,16,16384,22.1396
615,0,32,512,6.4192
615,0,32,768,6.9435
615,0,32,1152,7.7299
615,0,32,1728,8.9096
615,0,32,2592,10.6790
615,0,32,3888,13.3332
615,0,32,5832,17.3146
615,0,32,8748,23.2865
615,0,32,13122,32.2445
615,0,32,16384,38.9251
615,0,64,512,7.4842
615,0,64,768,8.5327
615,0,64,1152,10.1056
615,0,64,1728,12.4649
615,0,64,2592,16.0038
615,0,64,3888,21.3123
615,0,64,5832,29.2749
615,0,64,8748,41.2188
615,0,64,13122,59.1347
615,0,64,16384,72.4959
615,0,128,512,9.6141
615,0,128,768,11.7112
615,0,128,1152,14.8570
615,0,128,1728,19.5756
615,0,128,2592,26.6534
615,0,128,3888,37.2703
615,0,128,5832,53.1955
615,0,128,8748,77.0834
615,0,128,13122,112.9152
615,0,128,16384,139.6375
615,512,0,0,6.3107
615,512,1,512,6.3120
615,512,1,768,6.3127
615,512,1,1152,6.3137
615,512,1,1728,6.3152
615,512,1,2592,6.3174
615,512,1,3888,6.3208
615,512,1,5832,6.3259
615,512,1,8748,6.3335
615,512,1,13122,6.3448
615,512,1,16384,6.4361
615,512,2,512,6.3134
615,512,2,768,6.3147
615,512,2,1152,6.3167
615,512,2,1728,6.3197
615,512,2,2592,6.3242
615,512,2,3888,6.3309
615,512,2,5832,6.3410
615,512,2,8748,6.5078
615,512,2,13122,7.0676
615,512,2,16384,7.4852
615,512,4,512,6.3160
615,512,4,768,6.3187
615,512,4,1152,6.3227
615,512,4,1728,6.3287
615,512,4,2592,6.3377
615,512,4,3888,6.3844
615,512,4,5832,6.8820
615,512,4,8748,7.6285
615,512,4,13122,8.7483
615,512,4,16384,9.5834
615,512,8,512,6.3214
615,512,8,768,6.3267
615,512,8,1152,6.3347
615,512,8,1728,6.3467
615,512,8,2592,6.7182
615,512,8,3888,7.3818
615,512,8,5832,8.3771
615,512,8,8748,9.8701
615,512,8,13122,12.1096
615,512,8,16384,13.7797
615,512,16,512,6.3320
615,512,16,768,6.3427
615,512,16,1152,6.5748
615,512,16,1728,7.1647
615,512,16,2592,8.0494
615,512,16,3888,9.3765
615,512,16,5832,11.3672
615,512,16,8748,14.3532
615,512,16,13122,18.8321
615,512,16,16384,22.1724
615,512,32,512,6.4520
615,512,32,768,6.9763
615,512,32,1152,7.7627
615,512,32,1728,8.9423
615,512,32,2592,10.7118
615,512,32,3888,13.3660
615,512,32,5832,17.3473
615,512,32,8748,23.3193
615,512,32,13122,32.2772
615,512,32,16384,38.9578
615,512,64,512,7.5169
615,512,64,768,8.5655
615,512,64,1152,10.1384
615,512,64,1728,12.4977
615,512,64,2592,16.0366
615,512,64,3888,21.3450
615,512,64,5832,29.3076
615,512,64,8748,41.2516
615,512,64,13122,59.1675
615,512,64,16384,72.5286
615,512,128,512,9.6468
615,512,128,768,11.7440
615,512,128,1152,14.8897
615,512,128,1728,19.6083
615,512,128,2592,26.6862
615,512,128,3888,37.3030
615,512,128,5832,53.2283
615,512,128,8748,77.1162
615,512,128,13122,112.9480
615,512,128,16384,139.6703
615,768,0,0,6.7201
615,768,1,512,6.7215
615,768,1,768,6.7221
615,768,1,1152,6.7231
615,768,1,1728,6.7246
615,768,1,2592,6.7269
615,768,1,3888,6.7303
615,768,1,5832,6.7353
615,768,1,8748,6.7429
615,768,1,13122,6.7543
615,768,1,16384,6.7628
615,768,2,512,6.7228
615,768,2,768,6.7241
615,768,2,1152,6.7261
615,768,2,1728,6.7291
615,768,2,2592,6.7336
615,768,2,3888,6.7404
615,768,2,5832,6.7505
615,768,2,8748,6.7656
615,768,2,13122,7.0840
615,768,2,16384,7.5016
615,768,4,512,6.7255
615,768,4,768,6.7281
615,768,4,1152,6.7321
615,768,4,1728,6.7381
615,768,4,2592,6.7471
615,768,4,3888,6.7606
615,768,4,5832,6.8984
615,768,4,8748,7.6449
615,768,4,13122,8.7647
615,768,4,16384,9.5997
615,768,8,512,6.7308
615,768,8,768,6.7361
615,768,8,1152,6.7441
615,768,8,1728,6.7561
615,768,8,2592,6.7741
615,768,8,3888,7.3981
615,768,8,5832,8.3935
615,768,8,8748,9.8865
615,768,8,13122,12.1260
615,768,8,16384,13.7961
615,768,16,512,6.7414
615,768,16,768,6.7521
615,768,16,1152,6.7681
615,768,16,1728,7.1811
615,768,16,2592,8.0658
615,768,16,3888,9.3929
615,768,16,5832,11.3836
615,768,16,8748,14.3695
615,768,16,13122,18.8485
615,768,16,16384,22.1888
615,768,32,512,6.7628
615,768,32,768,6.9926
615,768,32,1152,7.7791
615,768,32,1728,8.9587
615,768,32,2592,10.7282
615,768,32,3888,13.3824
615,768,32,5832,17.3637
615,768,32,8748,23.3357
615,768,32,13122,32.2936
615,768,32,16384,38.9742
615,768,64,512,7.5333
615,768,64,768,8.5819
615,768,64,1152,10.1548
615,768,64,1728,12.5140
615,768,64,2592,16.0530
615,768,64,3888,21.3614
615,768,64,5832,29.3240
615,768,64,8748,41.2680
615,768,64,13122,59.1839
615,768,64,16384,72.5450
615,768,128,512,9.6632
615,768,128,768,11.7604
615,768,128,1152,14.9061
615,768,128,1728,19.6247
615,768,128,2592,26.7026
615,768,128,3888,37.3194
615,768,128,5832,53.2447
615,768,128,8748,77.1325
615,768,128,13122,112.9644
615,768,128,16384,139.6867
615,1152,0,0,7.3343
615,1152,1,512,7.3356
615,1152,1,768,7.3363
615,1152,1,1152,7.3373
615,1152,1,1728,7.3388
615,1152,1,2592,7.3411
615,1152,1,3888,7.3444
615,1152,1,5832,7.3495
615,1152,1,8748,7.3571
615,1152,1,13122,7.3684
615,1152,1,16384,7.3769
615,1152,2,512,7.3370
615,1152,2,768,7.3383
615,1152,2,1152,7.3403
615,1152,2,1728,7.3433
615,1152,2,2592,7.3478
615,1152,2,3888,7.3545
615,1152,2,5832,7.3646
615,1152,2,8748,7.3798
615,1152,2,13122,7.4026
615,1152,2,16384,7.5261
615,1152,4,512,7.3396
615,1152,4,768,7.3423
615,1152,4,1152,7.3463
615,1152,4,1728,7.3523
615,1152,4,2592,7.3613
615,1152,4,3888,7.3748
615,1152,4,5832,7.3950
615,1152,4,8748,7.6695
615,1152,4,13122,8.7892
615,1152,4,16384,9.6243
615,1152,8,512,7.3450
615,1152,8,768,7.3503
615,1152,8,1152,7.3583
615,1152,8,1728,7.3703
615,1152,8,2592,7.3882
615,1152,8,3888,7.4227
615,1152,8,5832,8.4180
615,1152,8,8748,9.9110
615,1152,8,13122,12.1505
615,1152,8,16384,13.8207
615,1152,16,512,7.3556
615,1152,16,768,7.3663
615,1152,16,1152,7.3822
615,1152,16,1728,7.4062
615,1152,16,2592,8.0904
615,1152,16,3888,9.4175
615,1152,16,5832,11.4081
615,1152,16,8748,14.3941
615,1152,16,13122,18.8731
615,1152,16,16384,22.2134
615,1152,32,512,7.3769
615,1152,32,768,7.3982
615,1152,32,1152,7.8036
615,1152,32,1728,8.9833
615,1152,32,2592,10.7528
615,1152,32,3888,13.4070
615,1152,32,5832,17.3883
615,1152,32,8748,23.3603
615,1152,32,13122,32.3182
615,1152,32,16384,38.9988
615,1152,64,512,7.5579
615,1152,64,768,8.6065
615,1152,64,1152,10.1793
615,1152,64,1728,12.5386
615,1152,64,2592,16.0776
615,1152,64,3888,21.3860
615,1152,64,5832,29.3486
615,1152,64,8748,41.2925
615,1152,64,13122,59.2084
615,1152,64,16384,72.5696
615,1152,128,512,9.6878
615,1152,128,768,11.7850
615,1152,128,1152,14.9307
615,1152,128,1728,19.6493
615,1152,128,2592,26.7272
615,1152,128,3888,37.3440
615,1152,128,5832,53.2692
615,1152,128,8748,77.1571
615,1152,128,13122,112.9889
615,1152,128,16384,139.7112
615,1728,0,0,8.2556
615,1728,1,512,8.2569
615,1728,1,768,8.2576
615,1728,1,1152,8.2586
615,1728,1,1728,8.2601
615,1728,1,2592,8.2623
615,1728,1,3888,8.2657
615,1728,1,5832,8.2707
615,1728,1,8748,8.2783
615,1728,1,13122,8.2897
615,1728,1,16384,8.2982
615,1728,2,512,8.2582
615,1728,2,768,8.2596
615,1728,2,1152,8.2616
615,1728,2,1728,8.2645
615,1728,2,2592,8.2690
615,1728,2,3888,8.2758
615,1728,2,5832,8.2859
615,1728,2,8748,8.3011
615,1728,2,13122,8.3238
615,1728,2,16384,8.3408
615,1728,4,512,8.2609
615,1728,4,768,8.2635
615,1728,4,1152,8.2675
615,1728,4,1728,8.2735
615,1728,4,2592,8.2825
615,1728,4,3888,8.2960
615,1728,4,5832,8.3162
615,1728,4,8748,8.3466
615,1728,4,13122,8.8261
615,1728,4,16384,9.6612
615,1728,8,512,8.2662
615,1728,8,768,8.2715
615,1728,8,1152,8.2795
615,1728,8,1728,8.2915
615,1728,8,2592,8.3095
615,1728,8,3888,8.3364
615,1728,8,5832,8.4549
615,1728,8,8748,9.9479
615,1728,8,13122,12.1874
615,1728,8,16384,13.8575
615,1728,16,512,8.2769
615,1728,16,768,8.2875
615,1728,16,1152,8.3035
615,1728,16,1728,8.3275
615,1728,16,2592,8.3634
615,1728,16,3888,9.4543
615,1728,16,5832,11.4450
615,1728,16,8748,14.4310
615,1728,16,13122,18.9100
615,1728,16,16384,22.2502
615,1728,32,512,8.2982
615,1728,32,768,8.3195
615,1728,32,1152,8.3514
615,1728,32,1728,9.0202
615,1728,32,2592,10.7896
615,1728,32,3888,13.4438
615,1728,32,5832,17.4252
615,1728,32,8748,23.3971
615,1728,32,13122,32.3551
615,1728,32,16384,39.0356
615,1728,64,512,8.3408
615,1728,64,768,8.6433
615,1728,64,1152,10.2162
615,1728,64,1728,12.5755
615,1728,64,2592,16.1144
615,1728,64,3888,21.4228
615,1728,64,5832,29.3855
615,1728,64,8748,41.3294
615,1728,64,13122,59.2453
615,1728,64,16384,72.6065
615,1728,128,512,9.7247
615,1728,128,768,11.8218
615,1728,128,1152,14.9676
615,1728,128,1728,19.6861
615,1728,128,2592,26.7640
615,1728,128,3888,37.3809
615,1728,128,5832,53.3061
615,1728,128,8748,77.1940
615,1728,128,13122,113.0258
615,1728,128,16384,139.7481
615,2592,0,0,9.6374
615,2592,1,512,9.6388
615,2592,1,768,9.6394
615,2592,1,1152,9.6404
615,2592,1,1728,9.6419
615,2592,1,2592,9.6442
615,2592,1,3888,9.6475
615,2592,1,5832,9.6526
615,2592,1,8748,9.6602
615,2592,1,13122,9.6716
615,2592,1,16384,9.6800
615,2592,2,512,9.6401
615,2592,2,768,9.6414
615,2592,2,1152,9.6434
615,2592,2,1728,9.6464
615,2592,2,2592,9.6509
615,2592,2,3888,9.6577
615,2592,2,5832,9.6678
615,2592,2,8748,9.6829
615,2592,2,13122,9.7057
615,2592,2,16384,9.7227
615,2592,4,512,9.6428
615,2592,4,768,9.6454
615,2592,4,1152,9.6494
615,2592,4,1728,9.6554
615,2592,4,2592,9.6644
615,2592,4,3888,9.6779
615,2592,4,5832,9.6981
615,2592,4,8748,9.7284
615,2592,4,13122,9.7739
615,2592,4,16384,9.8079
615,2592,8,512,9.6481
615,2592,8,768,9.6534
615,2592,8,1152,9.6614
615,2592,8,1728,9.6734
615,2592,8,2592,9.6914
615,2592,8,3888,9.7183
615,2592,8,5832,9.7588
615,2592,8,8748,10.0032
615,2592,8,13122,12.2427
615,2592,8,16384,13.9128
615,2592,16,512,9.6587
615,2592,16,768,9.6694
615,2592,16,1152,9.6854
615,2592,16,1728,9.7093
615,2592,16,2592,9.7453
615,2592,16,3888,9.7992
615,2592,16,5832,11.5003
615,2592,16,8748,14.4863
615,2592,16,13122,18.9652
615,2592,16,16384,22.3055
615,2592,32,512,9.6800
615,2592,32,768,9.7013
615,2592,32,1152,9.7333
615,2592,32,1728,9.7812
615,2592,32,2592,10.8449
615,2592,32,3888,13.4991
615,2592,32,5832,17.4804
615,2592,32,8748,23.4524
615,2592,32,13122,32.4104
615,2592,32,16384,39.0909
615,2592,64,512,9.7227
615,2592,64,768,9.7653
615,2592,64,1152,10.2715
615,2592,64,1728,12.6308
615,2592,64,2592,16.1697
615,2592,64,3888,21.4781
615,2592,64,5832,29.4408
615,2592,64,8748,41.3847
615,2592,64,13122,59.3006
615,2592,64,16384,72.6618
615,2592,128,512,9.8079
615,2592,128,768,11.8771
615,2592,128,1152,15.0228
615,2592,128,1728,19.7414
615,2592,128,2592,26.8193
615,2592,128,3888,37.4362
615,2592,128,5832,53.3614
615,2592,128,8748,77.2493
615,2592,128,13122,113.0811
615,2592,128,16384,139.8034
615,3888,0,0,11.7102
615,3888,1,512,11.7116
615,3888,1,768,11.7122
615,3888,1,1152,11.7132
615,3888,1,1728,11.7147
615,3888,1,2592,11.7170
615,3888,1,3888,11.7204
615,3888,1,5832,11.7254
615,3888,1,8748,11.7330
615,3888,1,13122,11.7444
615,3888,1,16384,11.7529
615,3888,2,512,11.7129
615,3888,2,768,11.7142
615,3888,2,1152,11.7162
615,3888,2,1728,11.7192
615,3888,2,2592,11.7237
615,3888,2,3888,11.7305
615,3888,2,5832,11.7406
615,3888,2,8748,11.7557
615,3888,2,13122,11.7785
615,3888,2,16384,11.7955
615,3888,4,512,11.7156
615,3888,4,768,11.7182
615,3888,4,1152,11.7222
615,3888,4,1728,11.7282
615,3888,4,2592,11.7372
615,3888,4,3888,11.7507
615,3888,4,5832,11.7709
615,3888,4,8748,11.8012
615,3888,4,13122,11.8467
615,3888,4,16384,11.8807
615,3888,8,512,11.7209
615,3888,8,768,11.7262
615,3888,8,1152,11.7342
615,3888,8,1728,11.7462
615,3888,8,2592,11.7642
615,3888,8,3888,11.7911
615,3888,8,5832,11.8316
615,3888,8,8748,11.8922
615,3888,8,13122,12.3256
615,3888,8,16384,13.9958
615,3888,16,512,11.7315
615,3888,16,768,11.7422
615,3888,16,1152,11.7582
615,3888,16,1728,11.7821
615,3888,16,2592,11.8181
615,3888,16,3888,11.8720
615,3888,16,5832,11.9529
615,3888,16,8748,14.5692
615,3888,16,13122,19.0482
615,3888,16,16384,22.3885
615,3888,32,512,11.7529
615,3888,32,768,11.7742
615,3888,32,1152,11.8061
615,3888,32,1728,11.8540
615,3888,32,2592,11.9259
615,3888,32,3888,13.5821
615,3888,32,5832,17.5634
615,3888,32,8748,23.5354
615,3888,32,13122,32.4933
615,3888,32,16384,39.1739
615,3888,64,512,11.7955
615,3888,64,768,11.8381
615,3888,64,1152,11.9020
615,3888,64,1728,12.7137
615,3888,64,2592,16.2527
615,3888,64,3888,21.5611
615,3888,64,5832,29.5237
615,3888,64,8748,41.4676
615,3888,64,13122,59.3836
615,3888,64,16384,72.7447
615,3888,128,512,11.8807
615,3888,128,768,11.9659
615,3888,128,1152,15.1058
615,3888,128,1728,19.8244
615,3888,128,2592,26.9023
615,3888,128,3888,37.5191
615,3888,128,5832,53.4444
615,3888,128,8748,77.3322
615,3888,128,13122,113.1640
615,3888,128,16384,139.8863
615,5832,0,0,14.8195
615,5832,1,512,14.8208
615,5832,1,768,14.8215
615,5832,1,1152,14.8225
615,5832,1,1728,14.8240
615,5832,1,2592,14.8262
615,5832,1,3888,14.8296
615,5832,1,5832,14.8346
615,5832,1,8748,14.8422
615,5832,1,13122,14.8536
615,5832,1,16384,14.8621
615,5832,2,512,14.8221
615,5832,2,768,14.8235
615,5832,2,1152,14.8254
615,5832,2,1728,14.8284
615,5832,2,2592,14.8329
615,5832,2,3888,14.8397
615,5832,2,5832,14.8498
615,5832,2,8748,14.8650
615,5832,2,13122,14.8877
615,5832,2,16384,14.9047
615,5832,4,512,14.8248
615,5832,4,768,14.8274
615,5832,4,1152,14.8314
615,5832,4,1728,14.8374
615,5832,4,2592,14.8464
615,5832,4,3888,14.8599
615,5832,4,5832,14.8801
615,5832,4,8748,14.9105
615,5832,4,13122,14.9560
615,5832,4,16384,14.9899
615,5832,8,512,14.8301
615,5832,8,768,14.8354
615,5832,8,1152,14.8434
615,5832,8,1728,14.8554
615,5832,8,2592,14.8734
615,5832,8,3888,14.9003
615,5832,8,5832,14.9408
615,5832,8,8748,15.0015
615,5832,8,13122,15.0925
615,5832,8,16384,15.1603
615,5832,16,512,14.8408
615,5832,16,768,14.8514
615,5832,16,1152,14.8674
615,5832,16,1728,14.8914
615,5832,16,2592,14.9273
615,5832,16,3888,14.9812
615,5832,16,5832,15.0621
615,5832,16,8748,15.1835
615,5832,16,13122,19.1726
615,5832,16,16384,22.5129
615,5832,32,512,14.8621
615,5832,32,768,14.8834
615,5832,32,1152,14.9153
615,5832,32,1728,14.9633
615,5832,32,2592,15.0352
615,5832,32,3888,15.1430
615,5832,32,5832,17.6878
615,5832,32,8748,23.6598
615,5832,32,13122,32.6177
615,5832,32,16384,39.2983
615,5832,64,512,14.9047
615,5832,64,768,14.9473
615,5832,64,1152,15.0112
615,5832,64,1728,15.1071
615,5832,64,2592,16.3771
615,5832,64,3888,21.6855
615,5832,64,5832,29.6481
615,5832,64,8748,41.5921
615,5832,64,13122,59.5080
615,5832,64,16384,72.8691
615,5832,128,512,14.9899
615,5832,128,768,15.0751
615,5832,128,1152,15.2302
615,5832,128,1728,19.9488
615,5832,128,2592,27.0267
615,5832,128,3888,37.6435
615,5832,128,5832,53.5688
615,5832,128,8748,77.4566
615,5832,128,13122,113.2884
615,5832,128,16384,140.0108
615,8748,0,0,19.4833
615,8748,1,512,19.4846
615,8748,1,768,19.4853
615,8748,1,1152,19.4863
615,8748,1,1728,19.4878
615,8748,1,2592,19.4900
615,8748,1,3888,19.4934
615,8748,1,5832,19.4984
615,8748,1,8748,19.5060
615,8748,1,13122,19.5174
615,8748,1,16384,19.5259
615,8748,2,512,19.4859
615,8748,2,768,19.4873
615,8748,2,1152,19.4893
615,8748,2,1728,19.4923
615,8748,2,2592,19.4968
615,8748,2,3888,19.5035
615,8748,2,5832,19.5136
615,8748,2,8748,19.5288
615,8748,2,13122,19.5515
615,8748,2,16384,19.5685
615,8748,4,512,19.4886
615,8748,4,768,19.4913
615,8748,4,1152,19.4953
615,8748,4,1728,19.5013
615,8748,4,2592,19.5102
615,8748,4,3888,19.5237
615,8748,4,5832,19.5439
615,8748,4,8748,19.5743
615,8748,4,13122,19.6198
615,8748,4,16384,19.6537
615,8748,8,512,19.4939
615,8748,8,768,19.4993
615,8748,8,1152,19.5072
615,8748,8,1728,19.5192
615,8748,8,2592,19.5372
615,8748,8,3888,19.5642
615,8748,8,5832,19.6046
615,8748,8,8748,19.6653
615,8748,8,13122,19.7563
615,8748,8,16384,19.8242
615,8748,16,512,19.5046
615,8748,16,768,19.5152
615,8748,16,1152,19.5312
615,8748,16,1728,19.5552
615,8748,16,2592,19.5911
615,8748,16,3888,19.6451
615,8748,16,5832,19.7260
615,8748,16,8748,19.8473
615,8748,16,13122,20.0293
615,8748,16,16384,22.6995
615,8748,32,512,19.5259
615,8748,32,768,19.5472
615,8748,32,1152,19.5792
615,8748,32,1728,19.6271
615,8748,32,2592,19.6990
615,8748,32,3888,19.8068
615,8748,32,5832,19.9686
615,8748,32,8748,23.8464
615,8748,32,13122,32.8044
615,8748,32,16384,39.4849
615,8748,64,512,19.5685
615,8748,64,768,19.6111
615,8748,64,1152,19.6750
615,8748,64,1728,19.7709
615,8748,64,2592,19.9147
615,8748,64,3888,21.8721
615,8748,64,5832,29.8348
615,8748,64,8748,41.7787
615,8748,64,13122,59.6946
615,8748,64,16384,73.0557
615,8748,128,512,19.6537
615,8748,128,768,19.7389
615,8748,128,1152,19.8668
615,8748,128,1728,20.1354
615,8748,128,2592,27.2133
615,8748,128,3888,37.8301
615,8748,128,5832,53.7554
615,8748,128,8748,77.6433
615,8748,128,13122,113.4751
615,8748,128,16384,140.1974
615,13122,0,0,26.4790
615,13122,1,512,26.4803
615,13122,1,768,26.4810
615,13122,1,1152,26.4820
615,13122,1,1728,26.4835
615,13122,1,2592,26.4858
615,13122,1,3888,26.4891
615,13122,1,5832,26.4942
615,13122,1,8748,26.5018
615,13122,1,13122,26.5131
615,13122,1,16384,26.5216
615,13122,2,512,26.4817
615,13122,2,768,26.4830
615,13122,2,1152,26.4850
615,13122,2,1728,26.4880
615,13122,2,2592,26.4925
615,13122,2,3888,26.4992
615,13122,2,5832,26.5093
615,13122,2,8748,26.5245
615,13122,2,13122,26.5473
615,13122,2,16384,26.5642
615,13122,4,512,26.4843
615,13122,4,768,26.4870
615,13122,4,1152,26.4910
615,13122,4,1728,26.4970
615,13122,4,2592,26.5060
615,13122,4,3888,26.5195
615,13122,4,5832,26.5397
615,13122,4,8748,26.5700
615,13122,4,13122,26.6155
615,13122,4,16384,26.6494
615,13122,8,512,26.4897
615,13122,8,768,26.4950
615,13122,8,1152,26.5030
615,13122,8,1728,26.5150
615,13122,8,2592,26.5329
615,13122,8,3888,26.5599
615,13122,8,5832,26.6003
615,13122,8,8748,26.6610
615,13122,8,13122,26.7520
615,13122,8,16384,26.8199
615,13122,16,512,26.5003
615,13122,16,768,26.5110
615,13122,16,1152,26.5269
615,13122,16,1728,26.5509
615,13122,16,2592,26.5869
615,13122,16,3888,26.6408
615,13122,16,5832,26.7217
615,13122,16,8748,26.8430
615,13122,16,13122,27.0250
615,13122,16,16384,27.1608
615,13122,32,512,26.5216
615,13122,32,768,26.5429
615,13122,32,1152,26.5749
615,13122,32,1728,26.6228
615,13122,32,2592,26.6947
615,13122,32,3888,26.8026
615,13122,32,5832,26.9644
615,13122,32,8748,27.2070
615,13122,32,13122,33.0843
615,13122,32,16384,39.7649
615,13122,64,512,26.5642
615,13122,64,768,26.6068
615,13122,64,1152,26.6708
615,13122,64,1728,26.7666
615,13122,64,2592,26.9104
615,13122,64,3888,27.1261
615,13122,64,5832,30.1147
615,13122,64,8748,42.0586
615,13122,64,13122,59.9745
615,13122,64,16384,73.3357
615,13122,128,512,26.6494
615,13122,128,768,26.7347
615,13122,128,1152,26.8625
615,13122,128,1728,27.0542
615,13122,128,2592,27.4932
615,13122,128,3888,38.1101
615,13122,128,5832,54.0353
615,13122,128,8748,77.9232
615,13122,128,13122,113.7550
615,13122,128,16384,140.4773
615,16384,0,0,31.6962
615,16384,1,512,31.6976
615,16384,1,768,31.6982
615,16384,1,1152,31.6992
615,16384,1,1728,31.7007
615,16384,1,2592,31.7030
615,16384,1,3888,31.7063
615,16384,1,5832,31.7114
615,16384,1,8748,31.7190
615,16384,1,13122,31.7304
615,16384,1,16384,31.7388
615,16384,2,512,31.6989
615,16384,2,768,31.7002
615,16384,2,1152,31.7022
615,16384,2,1728,31.7052
615,16384,2,2592,31.7097
615,16384,2,3888,31.7164
615,16384,2,5832,31.7266
615,16384,2,8748,31.7417
615,16384,2,13122,31.7645
615,16384,2,16384,31.7814
615,16384,4,512,31.7016
615,16384,4,768,31.7042
615,16384,4,1152,31.7082
615,16384,4,1728,31.7142
615,16384,4,2592,31.7232
615,16384,4,3888,31.7367
615,16384,4,5832,31.7569
615,16384,4,8748,31.7872
615,16384,4,13122,31.8327
615,16384,4,16384,31.8667
615,16384,8,512,31.7069
615,16384,8,768,31.7122
615,16384,8,1152,31.7202
615,16384,8,1728,31.7322
615,16384,8,2592,31.7502
615,16384,8,3888,31.7771
615,16384,8,5832,31.8176
615,16384,8,8748,31.8782
615,16384,8,13122,31.9692
615,16384,8,16384,32.0371
615,16384,16,512,31.7175
615,16384,16,768,31.7282
615,16384,16,1152,31.7442
615,16384,16,1728,31.7681
615,16384,16,2592,31.8041
615,16384,16,3888,31.8580
615,16384,16,5832,31.9389
615,16384,16,8748,32.0602
615,16384,16,13122,32.2422
615,16384,16,16384,32.3780
615,16384,32,512,31.7388
615,16384,32,768,31.7601
615,16384,32,1152,31.7921
615,16384,32,1728,31.8400
615,16384,32,2592,31.9119
615,16384,32,3888,32.0198
615,16384,32,5832,32.1816
615,16384,32,8748,32.4242
615,16384,32,13122,33.2931
615,16384,32,16384,39.9736
615,16384,64,512,31.7814
615,16384,64,768,31.8241
615,16384,64,1152,31.8880
615,16384,64,1728,31.9838
615,16384,64,2592,32.1276
615,16384,64,3888,32.3433
615,16384,64,5832,32.6669
615,16384,64,8748,42.2674
615,16384,64,13122,60.1833
615,16384,64,16384,73.5444
615,16384,128,512,31.8667
615,16384,128,768,31.9519
615,16384,128,1152,32.0797
615,16384,128,1728,32.2714
615,16384,128,2592,32.5591
615,16384,128,3888,38.3188
615,16384,128,5832,54.2441
615,16384,128,8748,78.1320
615,16384,128,13122,113.9638
615,16384,128,16384,140.6861
923,0,0,0,6.1078
923,0,1,512,6.1091
923,0,1,768,6.1098
923,0,1,1152,6.1108
923,0,1,1728,6.1123
923,0,1,2592,6.1145
923,0,1,3888,6.1179
923,0,1,5832,6.1229
923,0,1,8748,6.1305
923,0,1,13122,6.3720
923,0,1,16384,6.5807
923,0,2,512,6.1104
923,0,2,768,6.1118
923,0,2,1152,6.1138
923,0,2,1728,6.1168
923,0,2,2592,6.1213
923,0,2,3888,6.1280
923,0,2,5832,6.2792
923,0,2,8748,6.6524
923,0,2,13122,7.2123
923,0,2,16384,7.6298
923,0,4,512,6.1131
923,0,4,768,6.1158
923,0,4,1152,6.1198
923,0,4,1728,6.1258
923,0,4,2592,6.1972
923,0,4,3888,6.5290
923,0,4,5832,7.0267
923,0,4,8748,7.7732
923,0,4,13122,8.8929
923,0,4,16384,9.7280
923,0,8,512,6.1184
923,0,8,768,6.1238
923,0,8,1152,6.1317
923,0,8,1728,6.4205
923,0,8,2592,6.8628
923,0,8,3888,7.5264
923,0,8,5832,8.5217
923,0,8,8748,10.0147
923,0,8,13122,12.2542
923,0,8,16384,13.9244
923,0,16,512,6.1291
923,0,16,768,6.3263
923,0,16,1152,6.7195
923,0,16,1728,7.3093
923,0,16,2592,8.1940
923,0,16,3888,9.5212
923,0,16,5832,11.5118
923,0,16,8748,14.4978
923,0,16,13122,18.9768
923,0,16,16384,22.3171
923,0,32,512,6.5966
923,0,32,768,7.1209
923,0,32,1152,7.9073
923,0,32,1728,9.0870
923,0,32,2592,10.8564
923,0,32,3888,13.5107
923,0,32,5832,17.4920
923,0,32,8748,23.4639
923,0,32,13122,32.4219
923,0,32,16384,39.1025
923,0,64,512,7.6616
923,0,64,768,8.7101
923,0,64,1152,10.2830
923,0,64,1728,12.6423
923,0,64,2592,16.1812
923,0,64,3888,21.4897
923,0,64,5832,29.4523
923,0,64,8748,41.3962
923,0,64,13122,59.3121
923,0,64,16384,72.6733
923,0,128,512,9.7915
923,0,128,768,11.8886
923,0,128,1152,15.0344
923,0,128,1728,19.7530
923,0,128,2592,26.8308
923,0,128,3888,37.4477
923,0,128,5832,53.3729
923,0,128,8748,77.2608
923,0,128,13122,113.0926
923,0,128,16384,139.8149
923,512,0,0,7.3368
923,512,1,512,7.3381
923,512,1,768,7.3388
923,512,1,1152,7.3398
923,512,1,1728,7.3413
923,512,1,2592,7.3435
923,512,1,3888,7.3469
923,512,1,5832,7.3519
923,512,1,8748,7.3595
923,512,1,13122,7.3709
923,512,1,16384,7.3794
923,512,2,512,7.3394
923,512,2,768,7.3408
923,512,2,1152,7.3428
923,512,2,1728,7.3458
923,512,2,2592,7.3503
923,512,2,3888,7.3570
923,512,2,5832,7.3671
923,512,2,8748,7.3823
923,512,2,13122,7.4050
923,512,2,16384,7.6626
923,512,4,512,7.3421
923,512,4,768,7.3448
923,512,4,1152,7.3488
923,512,4,1728,7.3548
923,512,4,2592,7.3637
923,512,4,3888,7.3772
923,512,4,5832,7.3974
923,512,4,8748,7.8060
923,512,4,13122,8.9257
923,512,4,16384,9.7608
923,512,8,512,7.3474
923,512,8,768,7.3528
923,512,8,1152,7.3607
923,512,8,1728,7.3727
923,512,8,2592,7.3907
923,512,8,3888,7.5592
923,512,8,5832,8.5545
923,512,8,8748,10.0475
923,512,8,13122,12.2870
923,512,8,16384,13.9571
923,512,16,512,7.3581
923,512,16,768,7.3687
923,512,16,1152,7.3847
923,512,16,1728,7.4087
923,512,16,2592,8.2268
923,512,16,3888,9.5539
923,512,16,5832,11.5446
923,512,16,8748,14.5306
923,512,16,13122,19.0095
923,512,16,16384,22.3498
923,512,32,512,7.3794
923,512,32,768,7.4007
923,512,32,1152,7.9401
923,512,32,1728,9.1197
923,512,32,2592,10.8892
923,512,32,3888,13.5434
923,512,32,5832,17.5247
923,512,32,8748,23.4967
923,512,32,13122,32.4547
923,512,32,16384,39.1352
923,512,64,512,7.6943
923,512,64,768,8.7429
923,512,64,1152,10.3158
923,512,64,1728,12.6751
923,512,64,2592,16.2140
923,512,64,3888,21.5224
923,512,64,5832,29.4851
923,512,64,8748,41.4290
923,512,64,13122,59.3449
923,512,64,16384,72.7060
923,512,128,512,9.8243
923,512,128,768,11.9214
923,512,128,1152,15.0671
923,512,128,1728,19.7857
923,512,128,2592,26.8636
923,512,128,3888,37.4804
923,512,128,5832,53.4057
923,512,128,8748,77.2936
923,512,128,13122,113.1254
923,512,128,16384,139.8477
923,768,0,0,7.9513
923,768,1,512,7.9526
923,768,1,768,7.9533
923,768,1,1152,7.9543
923,768,1,1728,7.9558
923,768,1,2592,7.9580
923,768,1,3888,7.9614
923,768,1,5832,7.9664
923,768,1,8748,7.9740
923,768,1,13122,7.9854
923,768,1,16384,7.9939
923,768,2,512,7.9539
923,768,2,768,7.9553
923,768,2,1152,7.9573
923,768,2,1728,7.9603
923,768,2,2592,7.9648
923,768,2,3888,7.9715
923,768,2,5832,7.9816
923,768,2,8748,7.9968
923,768,2,13122,8.0195
923,768,2,16384,8.0365
923,768,4,512,7.9566
923,768,4,768,7.9593
923,768,4,1152,7.9633
923,768,4,1728,7.9693
923,768,4,2592,7.9782
923,768,4,3888,7.9917
923,768,4,5832,8.0119
923,768,4,8748,8.0423
923,768,4,13122,8.9421
923,768,4,16384,9.7772
923,768,8,512,7.9619
923,768,8,768,7.9673
923,768,8,1152,7.9752
923,768,8,1728,7.9872
923,768,8,2592,8.0052
923,768,8,3888,8.0322
923,768,8,5832,8.5709
923,768,8,8748,10.0639
923,768,8,13122,12.3034
923,768,8,16384,13.9735
923,768,16,512,7.9726
923,768,16,768,7.9832
923,768,16,1152,7.9992
923,768,16,1728,8.0232
923,768,16,2592,8.2432
923,768,16,3888,9.5703
923,768,16,5832,11.5610
923,768,16,8748,14.5469
923,768,16,13122,19.0259
923,768,16,16384,22.3662
923,768,32,512,7.9939
923,768,32,768,8.0152
923,768,32,1152,8.0471
923,768,32,1728,9.1361
923,768,32,2592,10.9056
923,768,32,3888,13.5598
923,768,32,5832,17.5411
923,768,32,8748,23.5131
923,768,32,13122,32.4710
923,768,32,16384,39.1516
923,768,64,512,8.0365
923,768,64,768,8.7593
923,768,64,1152,10.3322
923,768,64,1728,12.6915
923,768,64,2592,16.2304
923,768,64,3888,21.5388
923,768,64,5832,29.5014
923,768,64,8748,41.4454
923,768,64,13122,59.3613
923,768,64,16384,72.7224
923,768,128,512,9.8406
923,768,128,768,11.9378
923,768,128,1152,15.0835
923,768,128,1728,19.8021
923,768,128,2592,26.8800
923,768,128,3888,37.4968
923,768,128,5832,53.4221
923,768,128,8748,77.3100
923,768,128,13122,113.1418
923,768,128,16384,139.8641
923,1152,0,0,8.8730
923,1152,1,512,8.8744
923,1152,1,768,8.8750
923,1152,1,1152,8.8760
923,1152,1,1728,8.8775
923,1152,1,2592,8.8798
923,1152,1,3888,8.8831
923,1152,1,5832,8.8882
923,1152,1,8748,8.8958
923,1152,1,13122,8.9071
923,1152,1,16384,8.9156
923,1152,2,512,8.8757
923,1152,2,768,8.8770
923,1152,2,1152,8.8790
923,1152,2,1728,8.8820
923,1152,2,2592,8.8865
923,1152,2,3888,8.8932
923,1152,2,5832,8.9034
923,1152,2,8748,8.9185
923,1152,2,13122,8.9413
923,1152,2,16384,8.9582
923,1152,4,512,8.8783
923,1152,4,768,8.8810
923,1152,4,1152,8.8850
923,1152,4,1728,8.8910
923,1152,4,2592,8.9000
923,1152,4,3888,8.9135
923,1152,4,5832,8.9337
923,1152,4,8748,8.9640
923,1152,4,13122,9.0095
923,1152,4,16384,9.8017
923,1152,8,512,8.8837
923,1152,8,768,8.8890
923,1152,8,1152,8.8970
923,1152,8,1728,8.9090
923,1152,8,2592,8.9269
923,1152,8,3888,8.9539
923,1152,8,5832,8.9944
923,1152,8,8748,10.0884
923,1152,8,13122,12.3279
923,1152,8,16384,13.9981
923,1152,16,512,8.8943
923,1152,16,768,8.9050
923,1152,16,1152,8.9210
923,1152,16,1728,8.9449
923,1152,16,2592,8.9809
923,1152,16,3888,9.5949
923,1152,16,5832,11.5855
923,1152,16,8748,14.5715
923,1152,16,13122,19.0505
923,1152,16,16384,22.3908
923,1152,32,512,8.9156
923,1152,32,768,8.9369
923,1152,32,1152,8.9689
923,1152,32,1728,9.1607
923,1152,32,2592,10.9302
923,1152,32,3888,13.5844
923,1152,32,5832,17.5657
923,1152,32,8748,23.5377
923,1152,32,13122,32.4956
923,1152,32,16384,39.1762
923,1152,64,512,8.9582
923,1152,64,768,9.0008
923,1152,64,1152,10.3567
923,1152,64,1728,12.7160
923,1152,64,2592,16.2550
923,1152,64,3888,21.5634
923,1152,64,5832,29.5260
923,1152,64,8748,41.4700
923,1152,64,13122,59.3859
923,1152,64,16384,72.7470
923,1152,128,512,9.8652
923,1152,128,768,11.9624
923,1152,128,1152,15.1081
923,1152,128,1728,19.8267
923,1152,128,2592,26.9046
923,1152,128,3888,37.5214
923,1152,128,5832,53.4467
923,1152,128,8748,77.3345
923,1152,128,13122,113.1663
923,1152,128,16384,139.8886
923,1728,0,0,10.2556
923,1728,1,512,10.2570
923,1728,1,768,10.2576
923,1728,1,1152,10.2586
923,1728,1,1728,10.2601
923,1728,1,2592,10.2624
923,1728,1,3888,10.2658
923,1728,1,5832,10.2708
923,1728,1,8748,10.2784
923,1728,1,13122,10.2898
923,1728,1,16384,10.2983
923,1728,2,512,10.2583
923,1728,2,768,10.2596
923,1728,2,1152,10.2616
923,1728,2,1728,10.2646
923,1728,2,2592,10.2691
923,1728,2,3888,10.2759
923,1728,2,5832,10.2860
923,1728,2,8748,10.3011
923,1728,2,13122,10.3239
923,1728,2,16384,10.3409
923,1728,4,512,10.2610
923,1728,4,768,10.2636
923,1728,4,1152,10.2676
923,1728,4,1728,10.2736
923,1728,4,2592,10.2826
923,1728,4,3888,10.2961
923,1728,4,5832,10.3163
923,1728,4,8748,10.3466
923,1728,4,13122,10.3921
923,1728,4,16384,10.4261
923,1728,8,512,10.2663
923,1728,8,768,10.2716
923,1728,8,1152,10.2796
923,1728,8,1728,10.2916
923,1728,8,2592,10.3096
923,1728,8,3888,10.3365
923,1728,8,5832,10.3770
923,1728,8,8748,10.4376
923,1728,8,13122,12.3648
923,1728,8,16384,14.0349
923,1728,16,512,10.2769
923,1728,16,768,10.2876
923,1728,16,1152,10.3036
923,1728,16,1728,10.3275
923,1728,16,2592,10.3635
923,1728,16,3888,10.4174
923,1728,16,5832,11.6224
923,1728,16,8748,14.6084
923,1728,16,13122,19.0874
923,1728,16,16384,22.4276
923,1728,32,512,10.2983
923,1728,32,768,10.3196
923,1728,32,1152,10.3515
923,1728,32,1728,10.3994
923,1728,32,2592,10.9670
923,1728,32,3888,13.6212
923,1728,32,5832,17.6026
923,1728,32,8748,23.5745
923,1728,32,13122,32.5325
923,1728,32,16384,39.2131
923,1728,64,512,10.3409
923,1728,64,768,10.3835
923,1728,64,1152,10.4474
923,1728,64,1728,12.7529
923,1728,64,2592,16.2918
923,1728,64,3888,21.6003
923,1728,64,5832,29.5629
923,1728,64,8748,41.5068
923,1728,64,13122,59.4227
923,1728,64,16384,72.7839
923,1728,128,512,10.4261
923,1728,128,768,11.9992
923,1728,128,1152,15.1450
923,1728,128,1728,19.8636
923,1728,128,2592,26.9414
923,1728,128,3888,37.5583
923,1728,128,5832,53.4835
923,1728,128,8748,77.3714
923,1728,128,13122,113.2032
923,1728,128,16384,139.9255
923,2592,0,0,12.3296
923,2592,1,512,12.3309
923,2592,1,768,12.3316
923,2592,1,1152,12.3326
923,2592,1,1728,12.3341
923,2592,1,2592,12.3363
923,2592,1,3888,12.3397
923,2592,1,5832,12.3447
923,2592,1,8748,12.3523
923,2592,1,13122,12.3637
923,2592,1,16384,12.3722
923,2592,2,512,12.3322
923,2592,2,768,12.3336
923,2592,2,1152,12.3356
923,2592,2,1728,12.3386
923,2592,2,2592,12.3431
923,2592,2,3888,12.3498
923,2592,2,5832,12.3599
923,2592,2,8748,12.3751
923,2592,2,13122,12.3978
923,2592,2,16384,12.4148
923,2592,4,512,12.3349
923,2592,4,768,12.3376
923,2592,4,1152,12.3416
923,2592,4,1728,12.3476
923,2592,4,2592,12.3565
923,2592,4,3888,12.3700
923,2592,4,5832,12.3902
923,2592,4,8748,12.4206
923,2592,4,13122,12.4661
923,2592,4,16384,12.5000
923,2592,8,512,12.3402
923,2592,8,768,12.3456
923,2592,8,1152,12.3535
923,2592,8,1728,12.3655
923,2592,8,2592,12.3835
923,2592,8,3888,12.4105
923,2592,8,5832,12.4509
923,2592,8,8748,12.5116
923,2592,8,13122,12.6026
923,2592,8,16384,14.0902
923,2592,16,512,12.3509
923,2592,16,768,12.3615
923,2592,16,1152,12.3775
923,2592,16,1728,12.4015
923,2592,16,2592,12.4374
923,2592,16,3888,12.4914
923,2592,16,5832,12.5722
923,2592,16,8748,14.6637
923,2592,16,13122,19.1427
923,2592,16,16384,22.4829
923,2592,32,512,12.3722
923,2592,32,768,12.3935
923,2592,32,1152,12.4254
923,2592,32,1728,12.4734
923,2592,32,2592,12.5453
923,2592,32,3888,13.6765
923,2592,32,5832,17.6579
923,2592,32,8748,23.6298
923,2592,32,13122,32.5878
923,2592,32,16384,39.2684
923,2592,64,512,12.4148
923,2592,64,768,12.4574
923,2592,64,1152,12.5213
923,2592,64,1728,12.8082
923,2592,64,2592,16.3471
923,2592,64,3888,21.6556
923,2592,64,5832,29.6182
923,2592,64,8748,41.5621
923,2592,64,13122,59.4780
923,2592,64,16384,72.8392
923,2592,128,512,12.5000
923,2592,128,768,12.5852
923,2592,128,1152,15.2003
923,2592,128,1728,19.9188
923,2592,128,2592,26.9967
923,2592,128,3888,37.6136
923,2592,128,5832,53.5388
923,2592,128,8748,77.4267
923,2592,128,13122,113.2585
923,2592,128,16384,139.9808
923,3888,0,0,15.4405
923,3888,1,512,15.4418
923,3888,1,768,15.4425
923,3888,1,1152,15.4435
923,3888,1,1728,15.4450
923,3888,1,2592,15.4472
923,3888,1,3888,15.4506
923,3888,1,5832,15.4556
923,3888,1,8748,15.4632
923,3888,1,13122,15.4746
923,3888,1,16384,15.4831
923,3888,2,512,15.4431
923,3888,2,768,15.4445
923,3888,2,1152,15.4465
923,3888,2,1728,15.4495
923,3888,2,2592,15.4540
923,3888,2,3888,15.4607
923,3888,2,5832,15.4708
923,3888,2,8748,15.4860
923,3888,2,13122,15.5087
923,3888,2,16384,15.5257
923,3888,4,512,15.4458
923,3888,4,768,15.4485
923,3888,4,1152,15.4525
923,3888,4,1728,15.4585
923,3888,4,2592,15.4674
923,3888,4,3888,15.4809
923,3888,4,5832,15.5011
923,3888,4,8748,15.5315
923,3888,4,13122,15.5770
923,3888,4,16384,15.6109
923,3888,8,512,15.4511
923,3888,8,768,15.4565
923,3888,8,1152,15.4644
923,3888,8,1728,15.4764
923,3888,8,2592,15.4944
923,3888,8,3888,15.5214
923,3888,8,5832,15.5618
923,3888,8,8748,15.6225
923,3888,8,13122,15.7135
923,3888,8,16384,15.7813
923,3888,16,512,15.4618
923,3888,16,768,15.4724
923,3888,16,1152,15.4884
923,3888,16,1728,15.5124
923,3888,16,2592,15.5483
923,3888,16,3888,15.6023
923,3888,16,5832,15.6831
923,3888,16,8748,15.8045
923,3888,16,13122,19.2256
923,3888,16,16384,22.5659
923,3888,32,512,15.4831
923,3888,32,768,15.5044
923,3888,32,1152,15.5363
923,3888,32,1728,15.5843
923,3888,32,2592,15.6562
923,3888,32,3888,15.7640
923,3888,32,5832,17.7408
923,3888,32,8748,23.7128
923,3888,32,13122,32.6707
923,3888,32,16384,39.3513
923,3888,64,512,15.5257
923,3888,64,768,15.5683
923,3888,64,1152,15.6322
923,3888,64,1728,15.7281
923,3888,64,2592,16.4301
923,3888,64,3888,21.7385
923,3888,64,5832,29.7011
923,3888,64,8748,41.6451
923,3888,64,13122,59.5610
923,3888,64,16384,72.9221
923,3888,128,512,15.6109
923,3888,128,768,15.6961
923,3888,128,1152,15.8240
923,3888,128,1728,20.0018
923,3888,128,2592,27.0797
923,3888,128,3888,37.6965
923,3888,128,5832,53.6218
923,3888,128,8748,77.5096
923,3888,128,13122,113.3414
923,3888,128,16384,140.0637
923,5832,0,0,20.1068
923,5832,1,512,20.1082
923,5832,1,768,20.1088
923,5832,1,1152,20.1098
923,5832,1,1728,20.1113
923,5832,1,2592,20.1136
923,5832,1,3888,20.1169
923,5832,1,5832,20.1220
923,5832,1,8748,20.1296
923,5832,1,13122,20.1410
923,5832,1,16384,20.1494
923,5832,2,512,20.1095
923,5832,2,768,20.1108
923,5832,2,1152,20.1128
923,5832,2,1728,20.1158
923,5832,2,2592,20.1203
923,5832,2,3888,20.1271
923,5832,2,5832,20.1372
923,5832,2,8748,20.1523
923,5832,2,13122,20.1751
923,5832,2,16384,20.1920
923,5832,4,512,20.1122
923,5832,4,768,20.1148
923,5832,4,1152,20.1188
923,5832,4,1728,20.1248
923,5832,4,2592,20.1338
923,5832,4,3888,20.1473
923,5832,4,5832,20.1675
923,5832,4,8748,20.1978
923,5832,4,13122,20.2433
923,5832,4,16384,20.2773
923,5832,8,512,20.1175
923,5832,8,768,20.1228
923,5832,8,1152,20.1308
923,5832,8,1728,20.1428
923,5832,8,2592,20.1608
923,5832,8,3888,20.1877
923,5832,8,5832,20.2282
923,5832,8,8748,20.2888
923,5832,8,13122,20.3798
923,5832,8,16384,20.4477
923,5832,16,512,20.1281
923,5832,16,768,20.1388
923,5832,16,1152,20.1548
923,5832,16,1728,20.1787
923,5832,16,2592,20.2147
923,5832,16,3888,20.2686
923,5832,16,5832,20.3495
923,5832,16,8748,20.4708
923,5832,16,13122,20.6528
923,5832,16,16384,22.6903
923,5832,32,512,20.1494
923,5832,32,768,20.1707
923,5832,32,1152,20.2027
923,5832,32,1728,20.2506
923,5832,32,2592,20.3225
923,5832,32,3888,20.4304
923,5832,32,5832,20.5922
923,5832,32,8748,23.8372
923,5832,32,13122,32.7951
923,5832,32,16384,39.4757
923,5832,64,512,20.1920
923,5832,64,768,20.2347
923,5832,64,1152,20.2986
923,5832,64,1728,20.3944
923,5832,64,2592,20.5382
923,5832,64,3888,21.8629
923,5832,64,5832,29.8255
923,5832,64,8748,41.7695
923,5832,64,13122,59.6854
923,5832,64,16384,73.0465
923,5832,128,512,20.2773
923,5832,128,768,20.3625
923,5832,128,1152,20.4903
923,5832,128,1728,20.6820
923,5832,128,2592,27.2041
923,5832,128,3888,37.8209
923,5832,128,5832,53.7462
923,5832,128,8748,77.6340
923,5832,128,13122,113.4659
923,5832,128,16384,140.1882
923,8748,0,0,27.1064
923,8748,1,512,27.1077
923,8748,1,768,27.1084
923,8748,1,1152,27.1094
923,8748,1,1728,27.1108
923,8748,1,2592,27.1131
923,8748,1,3888,27.1165
923,8748,1,5832,27.1215
923,8748,1,8748,27.1291
923,8748,1,13122,27.1405
923,8748,1,16384,27.1490
923,8748,2,512,27.1090
923,8748,2,768,27.1103
923,8748,2,1152,27.1123
923,8748,2,1728,27.1153
923,8748,2,2592,27.1198
923,8748,2,3888,27.1266
923,8748,2,5832,27.1367
923,8748,2,8748,27.1519
923,8748,2,13122,27.1746
923,8748,2,16384,27.1916
923,8748,4,512,27.1117
923,8748,4,768,27.1143
923,8748,4,1152,27.1183
923,8748,4,1728,27.1243
923,8748,4,2592,27.1333
923,8748,4,3888,27.1468
923,8748,4,5832,27.1670
923,8748,4,8748,27.1974
923,8748,4,13122,27.2429
923,8748,4,16384,27.2768
923,8748,8,512,27.1170
923,8748,8,768,27.1223
923,8748,8,1152,27.1303
923,8748,8,1728,27.1423
923,8748,8,2592,27.1603
923,8748,8,3888,27.1872
923,8748,8,5832,27.2277
923,8748,8,8748,27.2884
923,8748,8,13122,27.3794
923,8748,8,16384,27.4472
923,8748,16,512,27.1277
923,8748,16,768,27.1383
923,8748,16,1152,27.1543
923,8748,16,1728,27.1783
923,8748,16,2592,27.2142
923,8748,16,3888,27.2681
923,8748,16,5832,27.3490
923,8748,16,8748,27.4704
923,8748,16,13122,27.6524
923,8748,16,16384,27.7881
923,8748,32,512,27.1490
923,8748,32,768,27.1703
923,8748,32,1152,27.2022
923,8748,32,1728,27.2502
923,8748,32,2592,27.3221
923,8748,32,3888,27.4299
923,8748,32,5832,27.5917
923,8748,32,8748,27.8344
923,8748,32,13122,32.9818
923,8748,32,16384,39.6623
923,8748,64,512,27.1916
923,8748,64,768,27.2342
923,8748,64,1152,27.2981
923,8748,64,1728,27.3940
923,8748,64,2592,27.5378
923,8748,64,3888,27.7535
923,8748,64,5832,30.0122
923,8748,64,8748,41.9561
923,8748,64,13122,59.8720
923,8748,64,16384,73.2332
923,8748,128,512,27.2768
923,8748,128,768,27.3620
923,8748,128,1152,27.4898
923,8748,128,1728,27.6816
923,8748,128,2592,27.9692
923,8748,128,3888,38.0076
923,8748,128,5832,53.9328
923,8748,128,8748,77.8207
923,8748,128,13122,113.6525
923,8748,128,16384,140.3748
923,13122,0,0,37.6056
923,13122,1,512,37.6070
923,13122,1,768,37.6076
923,13122,1,1152,37.6086
923,13122,1,1728,37.6101
923,13122,1,2592,37.6124
923,13122,1,3888,37.6158
923,13122,1,5832,37.6208
923,13122,1,8748,37.6284
923,13122,1,13122,37.6398
923,13122,1,16384,37.6483
923,13122,2,512,37.6083
923,13122,2,768,37.6096
923,13122,2,1152,37.6116
923,13122,2,1728,37.6146
923,13122,2,2592,37.6191
923,13122,2,3888,37.6259
923,13122,2,5832,37.6360
923,13122,2,8748,37.6511
923,13122,2,13122,37.6739
923,13122,2,16384,37.6909
923,13122,4,512,37.6110
923,13122,4,768,37.6136
923,13122,4,1152,37.6176
923,13122,4,1728,37.6236
923,13122,4,2592,37.6326
923,13122,4,3888,37.6461
923,13122,4,5832,37.6663
923,13122,4,8748,37.6966
923,13122,4,13122,37.7421
923,13122,4,16384,37.7761
923,13122,8,512,37.6163
923,13122,8,768,37.6216
923,13122,8,1152,37.6296
923,13122,8,1728,37.6416
923,13122,8,2592,37.6596
923,13122,8,3888,37.6865
923,13122,8,5832,37.7270
923,13122,8,8748,37.7876
923,13122,8,13122,37.8786
923,13122,8,16384,37.9465
923,13122,16,512,37.6269
923,13122,16,768,37.6376
923,13122,16,1152,37.6536
923,13122,16,1728,37.6775
923,13122,16,2592,37.7135
923,13122,16,3888,37.7674
923,13122,16,5832,37.8483
923,13122,16,8748,37.9696
923,13122,16,13122,38.1517
923,13122,16,16384,38.2874
923,13122,32,512,37.6483
923,13122,32,768,37.6696
923,13122,32,1152,37.7015
923,13122,32,1728,37.7494
923,13122,32,2592,37.8214
923,13122,32,3888,37.9292
923,13122,32,5832,38.0910
923,13122,32,8748,38.3337
923,13122,32,13122,38.6977
923,13122,32,16384,39.9423
923,13122,64,512,37.6909
923,13122,64,768,37.7335
923,13122,64,1152,37.7974
923,13122,64,1728,37.8933
923,13122,64,2592,38.0371
923,13122,64,3888,38.2528
923,13122,64,5832,38.5763
923,13122,64,8748,42.2360
923,13122,64,13122,60.1519
923,13122,64,16384,73.5131
923,13122,128,512,37.7761
923,13122,128,768,37.8613
923,13122,128,1152,37.9891
923,13122,128,1728,38.1809
923,13122,128,2592,38.4685
923,13122,128,3888,38.8999
923,13122,128,5832,54.2127
923,13122,128,8748,78.1006
923,13122,128,13122,113.9324
923,13122,128,16384,140.6547
923,16384,0,0,45.4357
923,16384,1,512,45.4370
923,16384,1,768,45.4377
923,16384,1,1152,45.4387
923,16384,1,1728,45.4402
923,16384,1,2592,45.4424
923,16384,1,3888,45.4458
923,16384,1,5832,45.4509
923,16384,1,8748,45.4585
923,16384,1,13122,45.4698
923,16384,1,16384,45.4783
923,16384,2,512,45.4384
923,16384,2,768,45.4397
923,16384,2,1152,45.4417
923,16384,2,1728,45.4447
923,16384,2,2592,45.4492
923,16384,2,3888,45.4559
923,16384,2,5832,45.4660
923,16384,2,8748,45.4812
923,16384,2,13122,45.5040
923,16384,2,16384,45.5209
923,16384,4,512,45.4410
923,16384,4,768,45.4437
923,16384,4,1152,45.4477
923,16384,4,1728,45.4537
923,16384,4,2592,45.4627
923,16384,4,3888,45.4761
923,16384,4,5832,45.4964
923,16384,4,8748,45.5267
923,16384,4,13122,45.5722
923,16384,4,16384,45.6061
923,16384,8,512,45.4464
923,16384,8,768,45.4517
923,16384,8,1152,45.4597
923,16384,8,1728,45.4717
923,16384,8,2592,45.4896
923,16384,8,3888,45.5166
923,16384,8,5832,45.5570
923,16384,8,8748,45.6177
923,16384,8,13122,45.7087
923,16384,8,16384,45.7766
923,16384,16,512,45.4570
923,16384,16,768,45.4677
923,16384,16,1152,45.4836
923,16384,16,1728,45.5076
923,16384,16,2592,45.5436
923,16384,16,3888,45.5975
923,16384,16,5832,45.6784
923,16384,16,8748,45.7997
923,16384,16,13122,45.9817
923,16384,16,16384,46.1174
923,16384,32,512,45.4783
923,16384,32,768,45.4996
923,16384,32,1152,45.5316
923,16384,32,1728,45.5795
923,16384,32,2592,45.6514
923,16384,32,3888,45.7593
923,16384,32,5832,45.9210
923,16384,32,8748,46.1637
923,16384,32,13122,46.5277
923,16384,32,16384,46.7992
923,16384,64,512,45.5209
923,16384,64,768,45.5635
923,16384,64,1152,45.6274
923,16384,64,1728,45.7233
923,16384,64,2592,45.8671
923,16384,64,3888,46.0828
923,16384,64,5832,46.4064
923,16384,64,8748,46.8917
923,16384,64,13122,60.3607
923,16384,64,16384,73.7219
923,16384,128,512,45.6061
923,16384,128,768,45.6914
923,16384,128,1152,45.8192
923,16384,128,1728,46.0109
923,16384,128,2592,46.2985
923,16384,128,3888,46.7299
923,16384,128,5832,54.4215
923,16384,128,8748,78.3094
923,16384,128,13122,114.1412
923,16384,128,16384,140.8635
1024,0,0,0,6.3635
1024,0,1,16,6.3635
1024,0,1,32,6.3636
1024,0,1,64,6.3636
1024,0,1,128,6.3638
1024,0,1,256,6.3641
1024,0,1,512,6.3648
1024,0,1,1024,6.3661
1024,0,1,2048,6.3688
1024,0,1,4096,6.3741
1024,0,1,8192,6.3848
1024,0,1,16384,6.6389
1024,0,2,16,6.3636
1024,0,2,32,6.3636
1024,0,2,64,6.3638
1024,0,2,128,6.3641
1024,0,2,256,6.3648
1024,0,2,512,6.3661
1024,0,2,1024,6.3688
1024,0,2,2048,6.3741
1024,0,2,4096,6.3848
1024,0,2,8192,6.6394
1024,0,2,16384,7.6880
1024,0,4,16,6.3636
1024,0,4,32,6.3638
1024,0,4,64,6.3641
1024,0,4,128,6.3648
1024,0,4,256,6.3661
1024,0,4,512,6.3688
1024,0,4,1024,6.3741
1024,0,4,2048,6.3848
1024,0,4,4096,6.6404
1024,0,4,8192,7.6890
1024,0,4,16384,9.7862
1024,0,8,16,6.3638
1024,0,8,32,6.3641
1024,0,8,64,6.3648
1024,0,8,128,6.3661
1024,0,8,256,6.3688
1024,0,8,512,6.3741
1024,0,8,1024,6.3848
1024,0,8,2048,6.6425
1024,0,8,4096,7.6911
1024,0,8,8192,9.7882
1024,0,8,16384,13.9825
1024,0,16,16,6.3641
1024,0,16,32,6.3648
1024,0,16,64,6.3661
1024,0,16,128,6.3688
1024,0,16,256,6.3741
1024,0,16,512,6.3848
1024,0,16,1024,6.6466
1024,0,16,2048,7.6952
1024,0,16,4096,9.7923
1024,0,16,8192,13.9866
1024,0,16,16384,22.3752
1024,0,32,16,6.3648
1024,0,32,32,6.3661
1024,0,32,64,6.3688
1024,0,32,128,6.3741
1024,0,32,256,6.3848
1024,0,32,512,6.6548
1024,0,32,1024,7.7034
1024,0,32,2048,9.8005
1024,0,32,4096,13.9948
1024,0,32,8192,22.3834
1024,0,32,16384,39.1606
1024,0,64,16,6.3661
1024,0,64,32,6.3688
1024,0,64,64,6.3741
1024,0,64,128,6.3848
1024,0,64,256,6.6712
1024,0,64,512,7.7197
1024,0,64,1024,9.8169
1024,0,64,2048,14.0112
1024,0,64,4096,22.3998
1024,0,64,8192,39.1770
1024,0,64,16384,72.7315
1024,0,128,16,6.3688
1024,0,128,32,6.3741
1024,0,128,64,6.3848
1024,0,128,128,6.7039
1024,0,128,256,7.7525
1024,0,128,512,9.8497
1024,0,128,1024,14.0440
1024,0,128,2048,22.4326
1024,0,128,4096,39.2098
1024,0,128,8192,72.7642
1024,0,128,16384,139.8731
1024,16,0,0,6.4061
1024,16,1,16,6.4061
1024,16,1,32,6.4062
1024,16,1,64,6.4063
1024,16,1,128,6.4064
1024,16,1,256,6.4068
1024,16,1,512,6.4074
1024,16,1,1024,6.4088
1024,16,1,2048,6.4114
1024,16,1,4096,6.4167
1024,16,1,8192,6.4274
1024,16,1,16384,6.6399
1024,16,2,16,6.4062
1024,16,2,32,6.4063
1024,16,2,64,6.4064
1024,16,2,128,6.4068
1024,16,2,256,6.4074
1024,16,2,512,6.4088
1024,16,2,1024,6.4114
1024,16,2,2048,6.4167
1024,16,2,4096,6.4274
1024,16,2,8192,6.6404
1024,16,2,16384,7.6890
1024,16,4,16,6.4063
1024,16,4,32,6.4064
1024,16,4,64,6.4068
1024,16,4,128,6.4074
1024,16,4,256,6.4088
1024,16,4,512,6.4114
1024,16,4,1024,6.4167
1024,16,4,2048,6.4274
1024,16,4,4096,6.6415
1024,16,4,8192,7.6900
1024,16,4,16384,9.7872
1024,16,8,16,6.4064
1024,16,8,32,6.4068
1024,16,8,64,6.4074
1024,16,8,128,6.4088
1024,16,8,256,6.4114
1024,16,8,512,6.4167
1024,16,8,1024,6.4274
1024,16,8,2048,6.6435
1024,16,8,4096,7.6921
1024,16,8,8192,9.7892
1024,16,8,16384,13.9836
1024,16,16,16,6.4068
1024,16,16,32,6.4074
1024,16,16,64,6.4088
1024,16,16,128,6.4114
1024,16,16,256,6.4167
1024,16,16,512,6.4274
1024,16,16,1024,6.6476
1024,16,16,2048,7.6962
1024,16,16,4096,9.7933
1024,16,16,8192,13.9876
1024,16,16,16384,22.3763
1024,16,32,16,6.4074
1024,16,32,32,6.4088
1024,16,32,64,6.4114
1024,16,32,128,6.4167
1024,16,32,256,6.4274
1024,16,32,512,6.6558
1024,16,32,1024,7.7044
1024,16,32,2048,9.8015
1024,16,32,4096,13.9958
1024,16,32,8192,22.3844
1024,16,32,16384,39.1617
1024,16,64,16,6.4088
1024,16,64,32,6.4114
1024,16,64,64,6.4167
1024,16,64,128,6.4274
1024,16,64,256,6.6722
1024,16,64,512,7.7208
1024,16,64,1024,9.8179
1024,16,64,2048,14.0122
1024,16,64,4096,22.4008
1024,16,64,8192,39.1780
1024,16,64,16384,72.7325
1024,16,128,16,6.4114
1024,16,128,32,6.4167
1024,16,128,64,6.4274
1024,16,128,128,6.7050
1024,16,128,256,7.7535
1024,16,128,512,9.8507
1024,16,128,1024,14.0450
1024,16,128,2048,22.4336
1024,16,128,4096,39.2108
1024,16,128,8192,72.7652
1024,16,128,16384,139.8741
1024,32,0,0,6.4487
1024,32,1,16,6.4487
1024,32,1,32,6.4488
1024,32,1,64,6.4489
1024,32,1,128,6.4490
1024,32,1,256,6.4494
1024,32,1,512,6.4500
1024,32,1,1024,6.4514
1024,32,1,2048,6.4540
1024,32,1,4096,6.4594
1024,32,1,8192,6.4700
1024,32,1,16384,6.6410
1024,32,2,16,6.4488
1024,32,2,32,6.4489
1024,32,2,64,6.4490
1024,32,2,128,6.4494
1024,32,2,256,6.4500
1024,32,2,512,6.4514
1024,32,2,1024,6.4540
1024,32,2,2048,6.4594
1024,32,2,4096,6.4700
1024,32,2,8192,6.6415
1024,32,2,16384,7.6900
1024,32,4,16,6.4489
1024,32,4,32,6.4490
1024,32,4,64,6.4494
1024,32,4,128,6.4500
1024,32,4,256,6.4514
1024,32,4,512,6.4540
1024,32,4,1024,6.4594
1024,32,4,2048,6.4700
1024,32,4,4096,6.6425
1024,32,4,8192,7.6911
1024,32,4,16384,9.7882
1024,32,8,16,6.4490
1024,32,8,32,6.4494
1024,32,8,64,6.4500
1024,32,8,128,6.4514
1024,32,8,256,6.4540
1024,32,8,512,6.4594
1024,32,8,1024,6.4700
1024,32,8,2048,6.6445
1024,32,8,4096,7.6931
1024,32,8,8192,9.7903
1024,32,8,16384,13.9846
1024,32,16,16,6.4494
1024,32,16,32,6.4500
1024,32,16,64,6.4514
1024,32,16,128,6.4540
1024,32,16,256,6.4594
1024,32,16,512,6.4700
1024,32,16,1024,6.6486
1024,32,16,2048,7.6972
1024,32,16,4096,9.7944
1024,32,16,8192,13.9887
1024,32,16,16384,22.3773
1024,32,32,16,6.4500
1024,32,32,32,6.4514
1024,32,32,64,6.4540
1024,32,32,128,6.4594
1024,32,32,256,6.4700
1024,32,32,512,6.6568
1024,32,32,1024,7.7054
1024,32,32,2048,9.8026
1024,32,32,4096,13.9969
1024,32,32,8192,22.3855
1024,32,32,16384,39.1627
1024,32,64,16,6.4514
1024,32,64,32,6.4540
1024,32,64,64,6.4594
1024,32,64,128,6.4700
1024,32,64,256,6.6732
1024,32,64,512,7.7218
1024,32,64,1024,9.8189
1024,32,64,2048,14.0132
1024,32,64,4096,22.4019
1024,32,64,8192,39.1791
1024,32,64,16384,72.7335
1024,32,128,16,6.4540
1024,32,128,32,6.4594
1024,32,128,64,6.4700
1024,32,128,128,6.7060
1024,32,128,256,7.7546
1024,32,128,512,9.8517
1024,32,128,1024,14.0460
1024,32,128,2048,22.4346
1024,32,128,4096,39.2118
1024,32,128,8192,72.7663
1024,32,128,16384,139.8751
1024,64,0,0,6.5339
1024,64,1,16,6.5340
1024,64,1,32,6.5340
1024,64,1,64,6.5341
1024,64,1,128,6.5342
1024,64,1,256,6.5346
1024,64,1,512,6.5352
1024,64,1,1024,6.5366
1024,64,1,2048,6.5392
1024,64,1,4096,6.5446
1024,64,1,8192,6.5552
1024,64,1,16384,6.6430
1024,64,2,16,6.5340
1024,64,2,32,6.5341
1024,64,2,64,6.5342
1024,64,2,128,6.5346
1024,64,2,256,6.5352
1024,64,2,512,6.5366
1024,64,2,1024,6.5392
1024,64,2,2048,6.5446
1024,64,2,4096,6.5552
1024,64,2,8192,6.6435
1024,64,2,16384,7.6921
1024,64,4,16,6.5341
1024,64,4,32,6.5342
1024,64,4,64,6.5346
1024,64,4,128,6.5352
1024,64,4,256,6.5366
1024,64,4,512,6.5392
1024,64,4,1024,6.5446
1024,64,4,2048,6.5552
1024,64,4,4096,6.6445
1024,64,4,8192,7.6931
1024,64,4,16384,9.7903
1024,64,8,16,6.5342
1024,64,8,32,6.5346
1024,64,8,64,6.5352
1024,64,8,128,6.5366
1024,64,8,256,6.5392
1024,64,8,512,6.5446
1024,64,8,1024,6.5552
1024,64,8,2048,6.6466
1024,64,8,4096,7.6952
1024,64,8,8192,9.7923
1024,64,8,16384,13.9866
1024,64,16,16,6.5346
1024,64,16,32,6.5352
1024,64,16,64,6.5366
1024,64,16,128,6.5392
1024,64,16,256,6.5446
1024,64,16,512,6.5552
1024,64,16,1024,6.6507
1024,64,16,2048,7.6993
1024,64,16,4096,9.7964
1024,64,16,8192,13.9907
1024,64,16,16384,22.3793
1024,64,32,16,6.5352
1024,64,32,32,6.5366
1024,64,32,64,6.5392
1024,64,32,128,6.5446
1024,64,32,256,6.5552
1024,64,32,512,6.6589
1024,64,32,1024,7.7075
1024,64,32,2048,9.8046
1024,64,32,4096,13.9989
1024,64,32,8192,22.3875
1024,64,32,16384,39.1647
1024,64,64,16,6.5366
1024,64,64,32,6.5392
1024,64,64,64,6.5446
1024,64,64,128,6.5552
1024,64,64,256,6.6753
1024,64,64,512,7.7238
1024,64,64,1024,9.8210
1024,64,64,2048,14.0153
1024,64,64,4096,22.4039
1024,64,64,8192,39.1811
1024,64,64,16384,72.7356
1024,64,128,16,6.5392
1024,64,128,32,6.5446
1024,64,128,64,6.5552
1024,64,128,128,6.7080
1024,64,128,256,7.7566
1024,64,128,512,9.8538
1024,64,128,1024,14.0481
1024,64,128,2048,22.4367
1024,64,128,4096,39.2139
1024,64,128,8192,72.7683
1024,64,128,16384,139.8772
1024,128,0,0,6.7044
1024,128,1,16,6.7044
1024,128,1,32,6.7044
1024,128,1,64,6.7045
1024,128,1,128,6.7047
1024,128,1,256,6.7050
1024,128,1,512,6.7057
1024,128,1,1024,6.7070
1024,128,1,2048,6.7097
1024,128,1,4096,6.7150
1024,128,1,8192,6.7257
1024,128,1,16384,6.7470
1024,128,2,16,6.7044
1024,128,2,32,6.7045
1024,128,2,64,6.7047
1024,128,2,128,6.7050
1024,128,2,256,6.7057
1024,128,2,512,6.7070
1024,128,2,1024,6.7097
1024,128,2,2048,6.7150
1024,128,2,4096,6.7257
1024,128,2,8192,6.7470
1024,128,2,16384,7.6962
1024,128,4,16,6.7045
1024,128,4,32,6.7047
1024,128,4,64,6.7050
1024,128,4,128,6.7057
1024,128,4,256,6.7070
1024,128,4,512,6.7097
1024,128,4,1024,6.7150
1024,128,4,2048,6.7257
1024,128,4,4096,6.7470
1024,128,4,8192,7.6972
1024,128,4,16384,9.7944
1024,128,8,16,6.7047
1024,128,8,32,6.7050
1024,128,8,64,6.7057
1024,128,8,128,6.7070
1024,128,8,256,6.7097
1024,128,8,512,6.7150
1024,128,8,1024,6.7257
1024,128,8,2048,6.7470
1024,128,8,4096,7.6993
1024,128,8,8192,9.7964
1024,128,8,16384,13.9907
1024,128,16,16,6.7050
1024,128,16,32,6.7057
1024,128,16,64,6.7070
1024,128,16,128,6.7097
1024,128,16,256,6.7150
1024,128,16,512,6.7257
1024,128,16,1024,6.7470
1024,128,16,2048,7.7034
1024,128,16,4096,9.8005
1024,128,16,8192,13.9948
1024,128,16,16384,22.3834
1024,128,32,16,6.7057
1024,128,32,32,6.7070
1024,128,32,64,6.7097
1024,128,32,128,6.7150
1024,128,32,256,6.7257
1024,128,32,512,6.7470
1024,128,32,1024,7.7116
1024,128,32,2048,9.8087
1024,128,32,4096,14.0030
1024,128,32,8192,22.3916
1024,128,32,16384,39.1688
1024,128,64,16,6.7070
1024,128,64,32,6.7097
1024,128,64,64,6.7150
1024,128,64,128,6.7257
1024,128,64,256,6.7470
1024,128,64,512,7.7279
1024,128,64,1024,9.8251
1024,128,64,2048,14.0194
1024,128,64,4096,22.4080
1024,128,64,8192,39.1852
1024,128,64,16384,72.7396
1024,128,128,16,6.7097
1024,128,128,32,6.7150
1024,128,128,64,6.7257
1024,128,128,128,6.7470
1024,128,128,256,7.7607
1024,128,128,512,9.8579
1024,128,128,1024,14.0522
1024,128,128,2048,22.4408
1024,128,128,4096,39.2180
1024,128,128,8192,72.7724
1024,128,128,16384,139.8813
1024,256,0,0,7.0452
1024,256,1,16,7.0453
1024,256,1,32,7.0453
1024,256,1,64,7.0454
1024,256,1,128,7.0456
1024,256,1,256,7.0459
1024,256,1,512,7.0466
1024,256,1,1024,7.0479
1024,256,1,2048,7.0505
1024,256,1,4096,7.0559
1024,256,1,8192,7.0665
1024,256,1,16384,7.0878
1024,256,2,16,7.0453
1024,256,2,32,7.0454
1024,256,2,64,7.0456
1024,256,2,128,7.0459
1024,256,2,256,7.0466
1024,256,2,512,7.0479
1024,256,2,1024,7.0505
1024,256,2,2048,7.0559
1024,256,2,4096,7.0665
1024,256,2,8192,7.0878
1024,256,2,16384,7.7044
1024,256,4,16,7.0454
1024,256,4,32,7.0456
1024,256,4,64,7.0459
1024,256,4,128,7.0466
1024,256,4,256,7.0479
1024,256,4,512,7.0505
1024,256,4,1024,7.0559
1024,256,4,2048,7.0665
1024,256,4,4096,7.0878
1024,256,4,8192,7.7054
1024,256,4,16384,9.8026
1024,256,8,16,7.0456
1024,256,8,32,7.0459
1024,256,8,64,7.0466
1024,256,8,128,7.0479
1024,256,8,256,7.0505
1024,256,8,512,7.0559
1024,256,8,1024,7.0665
1024,256,8,2048,7.0878
1024,256,8,4096,7.7075
1024,256,8,8192,9.8046
1024,256,8,16384,13.9989
1024,256,16,16,7.0459
1024,256,16,32,7.0466
1024,256,16,64,7.0479
1024,256,16,128,7.0505
1024,256,16,256,7.0559
1024,256,16,512,7.0665
1024,256,16,1024,7.0878
1024,256,16,2048,7.7116
1024,256,16,4096,9.8087
1024,256,16,8192,14.0030
1024,256,16,16384,22.3916
1024,256,32,16,7.0466
1024,256,32,32,7.0479
1024,256,32,64,7.0505
1024,256,32,128,7.0559
1024,256,32,256,7.0665
1024,256,32,512,7.0878
1024,256,32,1024,7.7197
1024,256,32,2048,9.8169
1024,256,32,4096,14.0112
1024,256,32,8192,22.3998
1024,256,32,16384,39.1770
1024,256,64,16,7.0479
1024,256,64,32,7.0505
1024,256,64,64,7.0559
1024,256,64,128,7.0665
1024,256,64,256,7.0878
1024,256,64,512,7.7361
1024,256,64,1024,9.8333
1024,256,64,2048,14.0276
1024,256,64,4096,22.4162
1024,256,64,8192,39.1934
1024,256,64,16384,72.7478
1024,256,128,16,7.0505
1024,256,128,32,7.0559
1024,256,128,64,7.0665
1024,256,128,128,7.0878
1024,256,128,256,7.7689
1024,256,128,512,9.8660
1024,256,128,1024,14.0604
1024,256,128,2048,22.4490
1024,256,128,4096,39.2262
1024,256,128,8192,72.7806
1024,256,128,16384,139.8895
1024,512,0,0,7.7270
1024,512,1,16,7.7270
1024,512,1,32,7.7270
1024,512,1,64,7.7271
1024,512,1,128,7.7273
1024,512,1,256,7.7276
1024,512,1,512,7.7283
1024,512,1,1024,7.7296
1024,512,1,2048,7.7323
1024,512,1,4096,7.7376
1024,512,1,8192,7.7483
1024,512,1,16384,7.7696
1024,512,2,16,7.7270
1024,512,2,32,7.7271
1024,512,2,64,7.7273
1024,512,2,128,7.7276
1024,512,2,256,7.7283
1024,512,2,512,7.7296
1024,512,2,1024,7.7323
1024,512,2,2048,7.7376
1024,512,2,4096,7.7483
1024,512,2,8192,7.7696
1024,512,2,16384,7.8122
1024,512,4,16,7.7271
1024,512,4,32,7.7273
1024,512,4,64,7.7276
1024,512,4,128,7.7283
1024,512,4,256,7.7296
1024,512,4,512,7.7323
1024,512,4,1024,7.7376
1024,512,4,2048,7.7483
1024,512,4,4096,7.7696
1024,512,4,8192,7.8122
1024,512,4,16384,9.8189
1024,512,8,16,7.7273
1024,512,8,32,7.7276
1024,512,8,64,7.7283
1024,512,8,128,7.7296
1024,512,8,256,7.7323
1024,512,8,512,7.7376
1024,512,8,1024,7.7483
1024,512,8,2048,7.7696
1024,512,8,4096,7.8122
1024,512,8,8192,9.8210
1024,512,8,16384,14.0153
1024,512,16,16,7.7276
1024,512,16,32,7.7283
1024,512,16,64,7.7296
1024,512,16,128,7.7323
1024,512,16,256,7.7376
1024,512,16,512,7.7483
1024,512,16,1024,7.7696
1024,512,16,2048,7.8122
1024,512,16,4096,9.8251
1024,512,16,8192,14.0194
1024,512,16,16384,22.4080
1024,512,32,16,7.7283
1024,512,32,32,7.7296
1024,512,32,64,7.7323
1024,512,32,128,7.7376
1024,512,32,256,7.7483
1024,512,32,512,7.7696
1024,512,32,1024,7.8122
1024,512,32,2048,9.8333
1024,512,32,4096,14.0276
1024,512,32,8192,22.4162
1024,512,32,16384,39.1934
1024,512,64,16,7.7296
1024,512,64,32,7.7323
1024,512,64,64,7.7376
1024,512,64,128,7.7483
1024,512,64,256,7.7696
1024,512,64,512,7.8122
1024,512,64,1024,9.8497
1024,512,64,2048,14.0440
1024,512,64,4096,22.4326
1024,512,64,8192,39.2098
1024,512,64,16384,72.7642
1024,512,128,16,7.7323
1024,512,128,32,7.7376
1024,512,128,64,7.7483
1024,512,128,128,7.7696
1024,512,128,256,7.8122
1024,512,128,512,9.8824
1024,512,128,1024,14.0767
1024,512,128,2048,22.4653
1024,512,128,4096,39.2426
1024,512,128,8192,72.7970
1024,512,128,16384,139.9059
1024,1024,0,0,9.0904
1024,1024,1,16,9.0905
1024,1024,1,32,9.0905
1024,1024,1,64,9.0906
1024,1024,1,128,9.0908
1024,1024,1,256,9.0911
1024,1024,1,512,9.0918
1024,1024,1,1024,9.0931
1024,1024,1,2048,9.0958
1024,1024,1,4096,9.1011
1024,1024,1,8192,9.1117
1024,1024,1,16384,9.1331
1024,1024,2,16,9.0905
1024,1024,2,32,9.0906
1024,1024,2,64,9.0908
1024,1024,2,128,9.0911
1024,1024,2,256,9.0918
1024,1024,2,512,9.0931
1024,1024,2,1024,9.0958
1024,1024,2,2048,9.1011
1024,1024,2,4096,9.1117
1024,1024,2,8192,9.1331
1024,1024,2,16384,9.1757
1024,1024,4,16,9.0906
1024,1024,4,32,9.0908
1024,1024,4,64,9.0911
1024,1024,4,128,9.0918
1024,1024,4,256,9.0931
1024,1024,4,512,9.0958
1024,1024,4,1024,9.1011
1024,1024,4,2048,9.1117
1024,1024,4,4096,9.1331
1024,1024,4,8192,9.1757
1024,1024,4,16384,9.8517
1024,1024,8,16,9.0908
1024,1024,8,32,9.0911
1024,1024,8,64,9.0918
1024,1024,8,128,9.0931
1024,1024,8,256,9.0958
1024,1024,8,512,9.1011
1024,1024,8,1024,9.1117
1024,1024,8,2048,9.1331
1024,1024,8,4096,9.1757
1024,1024,8,8192,9.8538
1024,1024,8,16384,14.0481
1024,1024,16,16,9.0911
1024,1024,16,32,9.0918
1024,1024,16,64,9.0931
1024,1024,16,128,9.0958
1024,1024,16,256,9.1011
1024,1024,16,512,9.1117
1024,1024,16,1024,9.1331
1024,1024,16,2048,9.1757
1024,1024,16,4096,9.8579
1024,1024,16,8192,14.0522
1024,1024,16,16384,22.4408
1024,1024,32,16,9.0918
1024,1024,32,32,9.0931
1024,1024,32,64,9.0958
1024,1024,32,128,9.1011
1024,1024,32,256,9.1117
1024,1024,32,512,9.1331
1024,1024,32,1024,9.1757
1024,1024,32,2048,9.8660
1024,1024,32,4096,14.0604
1024,1024,32,8192,22.4490
1024,1024,32,16384,39.2262
1024,1024,64,16,9.0931
1024,1024,64,32,9.0958
1024,1024,64,64,9.1011
1024,1024,64,128,9.1117
1024,1024,64,256,9.1331
1024,1024,64,512,9.1757
1024,1024,64,1024,9.8824
1024,1024,64,2048,14.0767
1024,1024,64,4096,22.4653
1024,1024,64,8192,39.2426
1024,1024,64,16384,72.7970
1024,1024,128,16,9.0958
1024,1024,128,32,9.1011
1024,1024,128,64,9.1117
1024,1024,128,128,9.1331
1024,1024,128,256,9.1757
1024,1024,128,512,9.9152
1024,1024,128,1024,14.1095
1024,1024,128,2048,22.4981
1024,1024,128,4096,39.2753
1024,1024,128,8192,72.8298
1024,1024,128,16384,139.9386
1024,2048,0,0,11.8174
1024,2048,1,16,11.8175
1024,2048,1,32,11.8175
1024,2048,1,64,11.8176
1024,2048,1,128,11.8177
1024,2048,1,256,11.8181
1024,2048,1,512,11.8187
1024,2048,1,1024,11.8201
1024,2048,1,2048,11.8227
1024,2048,1,4096,11.8281
1024,2048,1,8192,11.8387
1024,2048,1,16384,11.8600
1024,2048,2,16,11.8175
1024,2048,2,32,11.8176
1024,2048,2,64,11.8177
1024,2048,2,128,11.8181
1024,2048,2,256,11.8187
1024,2048,2,512,11.8201
1024,2048,2,1024,11.8227
1024,2048,2,2048,11.8281
1024,2048,2,4096,11.8387
1024,2048,2,8192,11.8600
1024,2048,2,16384,11.9026
1024,2048,4,16,11.8176
1024,2048,4,32,11.8177
1024,2048,4,64,11.8181
1024,2048,4,128,11.8187
1024,2048,4,256,11.8201
1024,2048,4,512,11.8227
1024,2048,4,1024,11.8281
1024,2048,4,2048,11.8387
1024,2048,4,4096,11.8600
1024,2048,4,8192,11.9026
1024,2048,4,16384,11.9878
1024,2048,8,16,11.8177
1024,2048,8,32,11.8181
1024,2048,8,64,11.8187
1024,2048,8,128,11.8201
1024,2048,8,256,11.8227
1024,2048,8,512,11.8281
1024,2048,8,1024,11.8387
1024,2048,8,2048,11.8600
1024,2048,8,4096,11.9026
1024,2048,8,8192,11.9878
1024,2048,8,16384,14.1136
1024,2048,16,16,11.8181
1024,2048,16,32,11.8187
1024,2048,16,64,11.8201
1024,2048,16,128,11.8227
1024,2048,16,256,11.8281
1024,2048,16,512,11.8387
1024,2048,16,1024,11.8600
1024,2048,16,2048,11.9026
1024,2048,16,4096,11.9878
1024,2048,16,8192,14.1177
1024,2048,16,16384,22.5063
1024,2048,32,16,11.8187
1024,2048,32,32,11.8201
1024,2048,32,64,11.8227
1024,2048,32,128,11.8281
1024,2048,32,256,11.8387
1024,2048,32,512,11.8600
1024,2048,32,1024,11.9026
1024,2048,32,2048,11.9878
1024,2048,32,4096,14.1259
1024,2048,32,8192,22.5145
1024,2048,32,16384,39.2917
1024,2048,64,16,11.8201
1024,2048,64,32,11.8227
1024,2048,64,64,11.8281
1024,2048,64,128,11.8387
1024,2048,64,256,11.8600
1024,2048,64,512,11.9026
1024,2048,64,1024,11.9878
1024,2048,64,2048,14.1423
1024,2048,64,4096,22.5309
1024,2048,64,8192,39.3081
1024,2048,64,16384,72.8625
1024,2048,128,16,11.8227
1024,2048,128,32,11.8281
1024,2048,128,64,11.8387
1024,2048,128,128,11.8600
1024,2048,128,256,11.9026
1024,2048,128,512,11.9878
1024,2048,128,1024,14.1750
1024,2048,128,2048,22.5636
1024,2048,128,4096,39.3409
1024,2048,128,8192,72.8953
1024,2048,128,16384,140.0042
1024,4096,0,0,17.2713
1024,4096,1,16,17.2714
1024,4096,1,32,17.2714
1024,4096,1,64,17.2715
1024,4096,1,128,17.2717
1024,4096,1,256,17.2720
1024,4096,1,512,17.2727
1024,4096,1,1024,17.2740
1024,4096,1,2048,17.2767
1024,4096,1,4096,17.2820
1024,4096,1,8192,17.2926
1024,4096,1,16384,17.3139
1024,4096,2,16,17.2714
1024,4096,2,32,17.2715
1024,4096,2,64,17.2717
1024,4096,2,128,17.2720
1024,4096,2,256,17.2727
1024,4096,2,512,17.2740
1024,4096,2,1024,17.2767
1024,4096,2,2048,17.2820
1024,4096,2,4096,17.2926
1024,4096,2,8192,17.3139
1024,4096,2,16384,17.3566
1024,4096,4,16,17.2715
1024,4096,4,32,17.2717
1024,4096,4,64,17.2720
1024,4096,4,128,17.2727
1024,4096,4,256,17.2740
1024,4096,4,512,17.2767
1024,4096,4,1024,17.2820
1024,4096,4,2048,17.2926
1024,4096,4,4096,17.3139
1024,4096,4,8192,17.3566
1024,4096,4,16384,17.4418
1024,4096,8,16,17.2717
1024,4096,8,32,17.2720
1024,4096,8,64,17.2727
1024,4096,8,128,17.2740
1024,4096,8,256,17.2767
1024,4096,8,512,17.2820
1024,4096,8,1024,17.2926
1024,4096,8,2048,17.3139
1024,4096,8,4096,17.3566
1024,4096,8,8192,17.4418
1024,4096,8,16384,17.6122
1024,4096,16,16,17.2720
1024,4096,16,32,17.2727
1024,4096,16,64,17.2740
1024,4096,16,128,17.2767
1024,4096,16,256,17.2820
1024,4096,16,512,17.2926
1024,4096,16,1024,17.3139
1024,4096,16,2048,17.3566
1024,4096,16,4096,17.4418
1024,4096,16,8192,17.6122
1024,4096,16,16384,22.6374
1024,4096,32,16,17.2727
1024,4096,32,32,17.2740
1024,4096,32,64,17.2767
1024,4096,32,128,17.2820
1024,4096,32,256,17.2926
1024,4096,32,512,17.3139
1024,4096,32,1024,17.3566
1024,4096,32,2048,17.4418
1024,4096,32,4096,17.6122
1024,4096,32,8192,22.6456
1024,4096,32,16384,39.4228
1024,4096,64,16,17.2740
1024,4096,64,32,17.2767
1024,4096,64,64,17.2820
1024,4096,64,128,17.2926
1024,4096,64,256,17.3139
1024,4096,64,512,17.3566
1024,4096,64,1024,17.4418
1024,4096,64,2048,17.6122
1024,4096,64,4096,22.6620
1024,4096,64,8192,39.4392
1024,4096,64,16384,72.9936
1024,4096,128,16,17.2767
1024,4096,128,32,17.2820
1024,4096,128,64,17.2926
1024,4096,128,128,17.3139
1024,4096,128,256,17.3566
1024,4096,128,512,17.4418
1024,4096,128,1024,17.6122
1024,4096,128,2048,22.6947
1024,4096,128,4096,39.4719
1024,4096,128,8192,73.0264
1024,4096,128,16384,140.1352
1024,8192,0,0,28.1792
1024,8192,1,16,28.1792
1024,8192,1,32,28.1793
1024,8192,1,64,28.1794
1024,8192,1,128,28.1795
1024,8192,1,256,28.1799
1024,8192,1,512,28.1805
1024,8192,1,1024,28.1819
1024,8192,1,2048,28.1845
1024,8192,1,4096,28.1898
1024,8192,1,8192,28.2005
1024,8192,1,16384,28.2218
1024,8192,2,16,28.1793
1024,8192,2,32,28.1794
1024,8192,2,64,28.1795
1024,8192,2,128,28.1799
1024,8192,2,256,28.1805
1024,8192,2,512,28.1819
1024,8192,2,1024,28.1845
1024,8192,2,2048,28.1898
1024,8192,2,4096,28.2005
1024,8192,2,8192,28.2218
1024,8192,2,16384,28.2644
1024,8192,4,16,28.1794
1024,8192,4,32,28.1795
1024,8192,4,64,28.1799
1024,8192,4,128,28.1805
1024,8192,4,256,28.1819
1024,8192,4,512,28.1845
1024,8192,4,1024,28.1898
1024,8192,4,2048,28.2005
1024,8192,4,4096,28.2218
1024,8192,4,8192,28.2644
1024,8192,4,16384,28.3496
1024,8192,8,16,28.1795
1024,8192,8,32,28.1799
1024,8192,8,64,28.1805
1024,8192,8,128,28.1819
1024,8192,8,256,28.1845
1024,8192,8,512,28.1898
1024,8192,8,1024,28.2005
1024,8192,8,2048,28.2218
1024,8192,8,4096,28.2644
1024,8192,8,8192,28.3496
1024,8192,8,16384,28.5201
1024,8192,16,16,28.1799
1024,8192,16,32,28.1805
1024,8192,16,64,28.1819
1024,8192,16,128,28.1845
1024,8192,16,256,28.1898
1024,8192,16,512,28.2005
1024,8192,16,1024,28.2218
1024,8192,16,2048,28.2644
1024,8192,16,4096,28.3496
1024,8192,16,8192,28.5201
1024,8192,16,16384,28.8609
1024,8192,32,16,28.1805
1024,8192,32,32,28.1819
1024,8192,32,64,28.1845
1024,8192,32,128,28.1898
1024,8192,32,256,28.2005
1024,8192,32,512,28.2218
1024,8192,32,1024,28.2644
1024,8192,32,2048,28.3496
1024,8192,32,4096,28.5201
1024,8192,32,8192,28.8609
1024,8192,32,16384,39.6849
1024,8192,64,16,28.1819
1024,8192,64,32,28.1845
1024,8192,64,64,28.1898
1024,8192,64,128,28.2005
1024,8192,64,256,28.2218
1024,8192,64,512,28.2644
1024,8192,64,1024,28.3496
1024,8192,64,2048,28.5201
1024,8192,64,4096,28.8609
1024,8192,64,8192,39.7013
1024,8192,64,16384,73.2557
1024,8192,128,16,28.1845
1024,8192,128,32,28.1898
1024,8192,128,64,28.2005
1024,8192,128,128,28.2218
1024,8192,128,256,28.2644
1024,8192,128,512,28.3496
1024,8192,128,1024,28.5201
1024,8192,128,2048,28.8609
1024,8192,128,4096,39.7341
1024,8192,128,8192,73.2885
1024,8192,128,16384,140.3974
1024,16384,0,0,49.9949
1024,16384,1,16,49.9949
1024,16384,1,32,49.9950
1024,16384,1,64,49.9951
1024,16384,1,128,49.9952
1024,16384,1,256,49.9956
1024,16384,1,512,49.9962
1024,16384,1,1024,49.9976
1024,16384,1,2048,50.0002
1024,16384,1,4096,50.0055
1024,16384,1,8192,50.0162
1024,16384,1,16384,50.0375
1024,16384,2,16,49.9950
1024,16384,2,32,49.9951
1024,16384,2,64,49.9952
1024,16384,2,128,49.9956
1024,16384,2,256,49.9962
1024,16384,2,512,49.9976
1024,16384,2,1024,50.0002
1024,16384,2,2048,50.0055
1024,16384,2,4096,50.0162
1024,16384,2,8192,50.0375
1024,16384,2,16384,50.0801
1024,16384,4,16,49.9951
1024,16384,4,32,49.9952
1024,16384,4,64,49.9956
1024,16384,4,128,49.9962
1024,16384,4,256,49.9976
1024,16384,4,512,50.0002
1024,16384,4,1024,50.0055
1024,16384,4,2048,50.0162
1024,16384,4,4096,50.0375
1024,16384,4,8192,50.0801
1024,16384,4,16384,50.1653
1024,16384,8,16,49.9952
1024,16384,8,32,49.9956
1024,16384,8,64,49.9962
1024,16384,8,128,49.9976
1024,16384,8,256,50.0002
1024,16384,8,512,50.0055
1024,16384,8,1024,50.0162
1024,16384,8,2048,50.0375
1024,16384,8,4096,50.0801
1024,16384,8,8192,50.1653
1024,16384,8,16384,50.3358
1024,16384,16,16,49.9956
1024,16384,16,32,49.9962
1024,16384,16,64,49.9976
1024,16384,16,128,50.0002
1024,16384,16,256,50.0055
1024,16384,16,512,50.0162
1024,16384,16,1024,50.0375
1024,16384,16,2048,50.0801
1024,16384,16,4096,50.1653
1024,16384,16,8192,50.3358
1024,16384,16,16384,50.6766
1024,16384,32,16,49.9962
1024,16384,32,32,49.9976
1024,16384,32,64,50.0002
1024,16384,32,128,50.0055
1024,16384,32,256,50.0162
1024,16384,32,512,50.0375
1024,16384,32,1024,50.0801
1024,16384,32,2048,50.1653
1024,16384,32,4096,50.3358
1024,16384,32,8192,50.6766
1024,16384,32,16384,51.3584
1024,16384,64,16,49.9976
1024,16384,64,32,50.0002
1024,16384,64,64,50.0055
1024,16384,64,128,50.0162
1024,16384,64,256,50.0375
1024,16384,64,512,50.0801
1024,16384,64,1024,50.1653
1024,16384,64,2048,50.3358
1024,16384,64,4096,50.6766
1024,16384,64,8192,51.3584
1024,16384,64,16384,73.7800
1024,16384,128,16,50.0002
1024,16384,128,32,50.0055
1024,16384,128,64,50.0162
1024,16384,128,128,50.0375
1024,16384,128,256,50.0801
1024,16384,128,512,50.1653
1024,16384,128,1024,50.3358
1024,16384,128,2048,50.6766
1024,16384,128,4096,51.3584
1024,16384,128,8192,73.8128
1024,16384,128,16384,140.9217
1384,0,0,0,7.4907
1384,0,1,512,7.4920
1384,0,1,768,7.4927
1384,0,1,1152,7.4937
1384,0,1,1728,7.4952
1384,0,1,2592,7.4974
1384,0,1,3888,7.5008
1384,0,1,5832,7.5059
1384,0,1,8748,7.5135
1384,0,1,13122,7.5248
1384,0,1,16384,7.5333
1384,0,2,512,7.4934
1384,0,2,768,7.4947
1384,0,2,1152,7.4967
1384,0,2,1728,7.4997
1384,0,2,2592,7.5042
1384,0,2,3888,7.5109
1384,0,2,5832,7.5210
1384,0,2,8748,7.5362
1384,0,2,13122,7.5590
1384,0,2,16384,7.8954
1384,0,4,512,7.4960
1384,0,4,768,7.4987
1384,0,4,1152,7.5027
1384,0,4,1728,7.5087
1384,0,4,2592,7.5177
1384,0,4,3888,7.5311
1384,0,4,5832,7.5514
1384,0,4,8748,8.0387
1384,0,4,13122,9.1585
1384,0,4,16384,9.9935
1384,0,8,512,7.5014
1384,0,8,768,7.5067
1384,0,8,1152,7.5147
1384,0,8,1728,7.5267
1384,0,8,2592,7.5446
1384,0,8,3888,7.7919
1384,0,8,5832,8.7873
1384,0,8,8748,10.2803
1384,0,8,13122,12.5197
1384,0,8,16384,14.1899
1384,0,16,512,7.5120
1384,0,16,768,7.5227
1384,0,16,1152,7.5386
1384,0,16,1728,7.5748
1384,0,16,2592,8.4596
1384,0,16,3888,9.7867
1384,0,16,5832,11.7773
1384,0,16,8748,14.7633
1384,0,16,13122,19.2423
1384,0,16,16384,22.5826
1384,0,32,512,7.5333
1384,0,32,768,7.5546
1384,0,32,1152,8.1729
1384,0,32,1728,9.3525
1384,0,32,2592,11.1220
1384,0,32,3888,13.7762
1384,0,32,5832,17.7575
1384,0,32,8748,23.7295
1384,0,32,13122,32.6874
1384,0,32,16384,39.3680
1384,0,64,512,7.9271
1384,0,64,768,8.9757
1384,0,64,1152,10.5485
1384,0,64,1728,12.9078
1384,0,64,2592,16.4468
1384,0,64,3888,21.7552
1384,0,64,5832,29.7178
1384,0,64,8748,41.6618
1384,0,64,13122,59.5777
1384,0,64,16384,72.9388
1384,0,128,512,10.0570
1384,0,128,768,12.1542
1384,0,128,1152,15.2999
1384,0,128,1728,20.0185
1384,0,128,2592,27.0964
1384,0,128,3888,37.7132
1384,0,128,5832,53.6385
1384,0,128,8748,77.5263
1384,0,128,13122,113.3581
1384,0,128,16384,140.0804
1384,512,0,0,9.3335
1384,512,1,512,9.3349
1384,512,1,768,9.3355
1384,512,1,1152,9.3365
1384,512,1,1728,9.3380
1384,512,1,2592,9.3403
1384,512,1,3888,9.3436
1384,512,1,5832,9.3487
1384,512,1,8748,9.3563
1384,512,1,13122,9.3677
1384,512,1,16384,9.3761
1384,512,2,512,9.3362
1384,512,2,768,9.3375
1384,512,2,1152,9.3395
1384,512,2,1728,9.3425
1384,512,2,2592,9.3470
1384,512,2,3888,9.3538
1384,512,2,5832,9.3639
1384,512,2,8748,9.3790
1384,512,2,13122,9.4018
1384,512,2,16384,9.4187
1384,512,4,512,9.3389
1384,512,4,768,9.3415
1384,512,4,1152,9.3455
1384,512,4,1728,9.3515
1384,512,4,2592,9.3605
1384,512,4,3888,9.3740
1384,512,4,5832,9.3942
1384,512,4,8748,9.4245
1384,512,4,13122,9.4700
1384,512,4,16384,10.0263
1384,512,8,512,9.3442
1384,512,8,768,9.3495
1384,512,8,1152,9.3575
1384,512,8,1728,9.3695
1384,512,8,2592,9.3875
1384,512,8,3888,9.4144
1384,512,8,5832,9.4549
1384,512,8,8748,10.3130
1384,512,8,13122,12.5525
1384,512,8,16384,14.2227
1384,512,16,512,9.3548
1384,512,16,768,9.3655
1384,512,16,1152,9.3815
1384,512,16,1728,9.4054
1384,512,16,2592,9.4414
1384,512,16,3888,9.8195
1384,512,16,5832,11.8101
1384,512,16,8748,14.7961
1384,512,16,13122,19.2751
1384,512,16,16384,22.6154
1384,512,32,512,9.3761
1384,512,32,768,9.3974
1384,512,32,1152,9.4294
1384,512,32,1728,9.4773
1384,512,32,2592,11.1548
1384,512,32,3888,13.8090
1384,512,32,5832,17.7903
1384,512,32,8748,23.7622
1384,512,32,13122,32.7202
1384,512,32,16384,39.4008
1384,512,64,512,9.4187
1384,512,64,768,9.4614
1384,512,64,1152,10.5813
1384,512,64,1728,12.9406
1384,512,64,2592,16.4796
1384,512,64,3888,21.7880
1384,512,64,5832,29.7506
1384,512,64,8748,41.6945
1384,512,64,13122,59.6104
1384,512,64,16384,72.9716
1384,512,128,512,10.0898
1384,512,128,768,12.1869
1384,512,128,1152,15.3327
1384,512,128,1728,20.0513
1384,512,128,2592,27.1292
1384,512,128,3888,37.7460
1384,512,128,5832,53.6712
1384,512,128,8748,77.5591
1384,512,128,13122,113.3909
1384,512,128,16384,140.1132
1384,768,0,0,10.2549
1384,768,1,512,10.2563
1384,768,1,768,10.2569
1384,768,1,1152,10.2579
1384,768,1,1728,10.2594
1384,768,1,2592,10.2617
1384,768,1,3888,10.2651
1384,768,1,5832,10.2701
1384,768,1,8748,10.2777
1384,768,1,13122,10.2891
1384,768,1,16384,10.2976
1384,768,2,512,10.2576
1384,768,2,768,10.2589
1384,768,2,1152,10.2609
1384,768,2,1728,10.2639
1384,768,2,2592,10.2684
1384,768,2,3888,10.2752
1384,768,2,5832,10.2853
1384,768,2,8748,10.3004
1384,768,2,13122,10.3232
1384,768,2,16384,10.3402
1384,768,4,512,10.2603
1384,768,4,768,10.2629
1384,768,4,1152,10.2669
1384,768,4,1728,10.2729
1384,768,4,2592,10.2819
1384,768,4,3888,10.2954
1384,768,4,5832,10.3156
1384,768,4,8748,10.3459
1384,768,4,13122,10.3914
1384,768,4,16384,10.4254
1384,768,8,512,10.2656
1384,768,8,768,10.2709
1384,768,8,1152,10.2789
1384,768,8,1728,10.2909
1384,768,8,2592,10.3089
1384,768,8,3888,10.3358
1384,768,8,5832,10.3763
1384,768,8,8748,10.4369
1384,768,8,13122,12.5689
1384,768,8,16384,14.2390
1384,768,16,512,10.2763
1384,768,16,768,10.2869
1384,768,16,1152,10.3029
1384,768,16,1728,10.3268
1384,768,16,2592,10.3628
1384,768,16,3888,10.4167
1384,768,16,5832,11.8265
1384,768,16,8748,14.8125
1384,768,16,13122,19.2915
1384,768,16,16384,22.6317
1384,768,32,512,10.2976
1384,768,32,768,10.3189
1384,768,32,1152,10.3508
1384,768,32,1728,10.3988
1384,768,32,2592,11.1711
1384,768,32,3888,13.8253
1384,768,32,5832,17.8067
1384,768,32,8748,23.7786
1384,768,32,13122,32.7366
1384,768,32,16384,39.4172
1384,768,64,512,10.3402
1384,768,64,768,10.3828
1384,768,64,1152,10.5977
1384,768,64,1728,12.9570
1384,768,64,2592,16.4959
1384,768,64,3888,21.8044
1384,768,64,5832,29.7670
1384,768,64,8748,41.7109
1384,768,64,13122,59.6268
1384,768,64,16384,72.9880
1384,768,128,512,10.4254
1384,768,128,768,12.2033
1384,768,128,1152,15.3491
1384,768,128,1728,20.0676
1384,768,128,2592,27.1455
1384,768,128,3888,37.7624
1384,768,128,5832,53.6876
1384,768,128,8748,77.5755
1384,768,128,13122,113.4073
1384,768,128,16384,140.1296
1384,1152,0,0,11.6371
1384,1152,1,512,11.6384
1384,1152,1,768,11.6391
1384,1152,1,1152,11.6401
1384,1152,1,1728,11.6416
1384,1152,1,2592,11.6438
1384,1152,1,3888,11.6472
1384,1152,1,5832,11.6522
1384,1152,1,8748,11.6598
1384,1152,1,13122,11.6712
1384,1152,1,16384,11.6797
1384,1152,2,512,11.6397
1384,1152,2,768,11.6411
1384,1152,2,1152,11.6431
1384,1152,2,1728,11.6461
1384,1152,2,2592,11.6506
1384,1152,2,3888,11.6573
1384,1152,2,5832,11.6674
1384,1152,2,8748,11.6826
1384,1152,2,13122,11.7053
1384,1152,2,16384,11.7223
1384,1152,4,512,11.6424
1384,1152,4,768,11.6451
1384,1152,4,1152,11.6491
1384,1152,4,1728,11.6550
1384,1152,4,2592,11.6640
1384,1152,4,3888,11.6775
1384,1152,4,5832,11.6977
1384,1152,4,8748,11.7281
1384,1152,4,13122,11.7736
1384,1152,4,16384,11.8075
1384,1152,8,512,11.6477
1384,1152,8,768,11.6530
1384,1152,8,1152,11.6610
1384,1152,8,1728,11.6730
1384,1152,8,2592,11.6910
1384,1152,8,3888,11.7180
1384,1152,8,5832,11.7584
1384,1152,8,8748,11.8191
1384,1152,8,13122,12.5935
1384,1152,8,16384,14.2636
1384,1152,16,512,11.6584
1384,1152,16,768,11.6690
1384,1152,16,1152,11.6850
1384,1152,16,1728,11.7090
1384,1152,16,2592,11.7449
1384,1152,16,3888,11.7989
1384,1152,16,5832,11.8797
1384,1152,16,8748,14.8371
1384,1152,16,13122,19.3160
1384,1152,16,16384,22.6563
1384,1152,32,512,11.6797
1384,1152,32,768,11.7010
1384,1152,32,1152,11.7329
1384,1152,32,1728,11.7809
1384,1152,32,2592,11.8528
1384,1152,32,3888,13.8499
1384,1152,32,5832,17.8312
1384,1152,32,8748,23.8032
1384,1152,32,13122,32.7612
1384,1152,32,16384,39.4417
1384,1152,64,512,11.7223
1384,1152,64,768,11.7649
1384,1152,64,1152,11.8288
1384,1152,64,1728,12.9816
1384,1152,64,2592,16.5205
1384,1152,64,3888,21.8289
1384,1152,64,5832,29.7916
1384,1152,64,8748,41.7355
1384,1152,64,13122,59.6514
1384,1152,64,16384,73.0125
1384,1152,128,512,11.8075
1384,1152,128,768,12.2279
1384,1152,128,1152,15.3736
1384,1152,128,1728,20.0922
1384,1152,128,2592,27.1701
1384,1152,128,3888,37.7869
1384,1152,128,5832,53.7122
1384,1152,128,8748,77.6001
1384,1152,128,13122,113.4319
1384,1152,128,16384,140.1542
1384,1728,0,0,13.7103
1384,1728,1,512,13.7116
1384,1728,1,768,13.7123
1384,1728,1,1152,13.7133
1384,1728,1,1728,13.7147
1384,1728,1,2592,13.7170
1384,1728,1,3888,13.7204
1384,1728,1,5832,13.7254
1384,1728,1,8748,13.7330
1384,1728,1,13122,13.7444
1384,1728,1,16384,13.7529
1384,1728,2,512,13.7129
1384,1728,2,768,13.7142
1384,1728,2,1152,13.7162
1384,1728,2,1728,13.7192
1384,1728,2,2592,13.7237
1384,1728,2,3888,13.7305
1384,1728,2,5832,13.7406
1384,1728,2,8748,13.7558
1384,1728,2,13122,13.7785
1384,1728,2,16384,13.7955
1384,1728,4,512,13.7156
1384,1728,4,768,13.7182
1384,1728,4,1152,13.7222
1384,1728,4,1728,13.7282
1384,1728,4,2592,13.7372
1384,1728,4,3888,13.7507
1384,1728,4,5832,13.7709
1384,1728,4,8748,13.8013
1384,1728,4,13122,13.8468
1384,1728,4,16384,13.8807
1384,1728,8,512,13.7209
1384,1728,8,768,13.7262
1384,1728,8,1152,13.7342
1384,1728,8,1728,13.7462
1384,1728,8,2592,13.7642
1384,1728,8,3888,13.7911
1384,1728,8,5832,13.8316
1384,1728,8,8748,13.8923
1384,1728,8,13122,13.9833
1384,1728,8,16384,14.3005
1384,1728,16,512,13.7316
1384,1728,16,768,13.7422
1384,1728,16,1152,13.7582
1384,1728,16,1728,13.7822
1384,1728,16,2592,13.8181
1384,1728,16,3888,13.8720
1384,1728,16,5832,13.9529
1384,1728,16,8748,14.8739
1384,1728,16,13122,19.3529
1384,1728,16,16384,22.6932
1384,1728,32,512,13.7529
1384,1728,32,768,13.7742
1384,1728,32,1152,13.8061
1384,1728,32,1728,13.8541
1384,1728,32,2592,13.9260
1384,1728,32,3888,14.0338
1384,1728,32,5832,17.8681
1384,1728,32,8748,23.8401
1384,1728,32,13122,32.7980
1384,1728,32,16384,39.4786
1384,1728,64,512,13.7955
1384,1728,64,768,13.8381
1384,1728,64,1152,13.9020
1384,1728,64,1728,13.9979
1384,1728,64,2592,16.5574
1384,1728,64,3888,21.8658
1384,1728,64,5832,29.8284
1384,1728,64,8748,41.7724
1384,1728,64,13122,59.6883
1384,1728,64,16384,73.0494
1384,1728,128,512,13.8807
1384,1728,128,768,13.9659
1384,1728,128,1152,15.4105
1384,1728,128,1728,20.1291
1384,1728,128,2592,27.2070
1384,1728,128,3888,37.8238
1384,1728,128,5832,53.7491
1384,1728,128,8748,77.6369
1384,1728,128,13122,113.4687
1384,1728,128,16384,140.1910
1384,2592,0,0,16.8200
1384,2592,1,512,16.8214
1384,2592,1,768,16.8220
1384,2592,1,1152,16.8230
1384,2592,1,1728,16.8245
1384,2592,1,2592,16.8268
1384,2592,1,3888,16.8301
1384,2592,1,5832,16.8352
1384,2592,1,8748,16.8428
1384,2592,1,13122,16.8542
1384,2592,1,16384,16.8626
1384,2592,2,512,16.8227
1384,2592,2,768,16.8240
1384,2592,2,1152,16.8260
1384,2592,2,1728,16.8290
1384,2592,2,2592,16.8335
1384,2592,2,3888,16.8403
1384,2592,2,5832,16.8504
1384,2592,2,8748,16.8655
1384,2592,2,13122,16.8883
1384,2592,2,16384,16.9052
1384,2592,4,512,16.8254
1384,2592,4,768,16.8280
1384,2592,4,1152,16.8320
1384,2592,4,1728,16.8380
1384,2592,4,2592,16.8470
1384,2592,4,3888,16.8605
1384,2592,4,5832,16.8807
1384,2592,4,8748,16.9110
1384,2592,4,13122,16.9565
1384,2592,4,16384,16.9905
1384,2592,8,512,16.8307
1384,2592,8,768,16.8360
1384,2592,8,1152,16.8440
1384,2592,8,1728,16.8560
1384,2592,8,2592,16.8740
1384,2592,8,3888,16.9009
1384,2592,8,5832,16.9414
1384,2592,8,8748,17.0020
1384,2592,8,13122,17.0930
1384,2592,8,16384,17.1609
1384,2592,16,512,16.8413
1384,2592,16,768,16.8520
1384,2592,16,1152,16.8680
1384,2592,16,1728,16.8919
1384,2592,16,2592,16.9279
1384,2592,16,3888,16.9818
1384,2592,16,5832,17.0627
1384,2592,16,8748,17.1840
1384,2592,16,13122,19.4082
1384,2592,16,16384,22.7485
1384,2592,32,512,16.8626
1384,2592,32,768,16.8839
1384,2592,32,1152,16.9159
1384,2592,32,1728,16.9638
1384,2592,32,2592,17.0357
1384,2592,32,3888,17.1436
1384,2592,32,5832,17.9234
1384,2592,32,8748,23.8954
1384,2592,32,13122,32.8533
1384,2592,32,16384,39.5339
1384,2592,64,512,16.9052
1384,2592,64,768,16.9479
1384,2592,64,1152,17.0118
1384,2592,64,1728,17.1076
1384,2592,64,2592,17.2514
1384,2592,64,3888,21.9211
1384,2592,64,5832,29.8837
1384,2592,64,8748,41.8276
1384,2592,64,13122,59.7436
1384,2592,64,16384,73.1047
1384,2592,128,512,16.9905
1384,2592,128,768,17.0757
1384,2592,128,1152,17.2035
1384,2592,128,1728,20.1844
1384,2592,128,2592,27.2623
1384,2592,128,3888,37.8791
1384,2592,128,5832,53.8044
1384,2592,128,8748,77.6922
1384,2592,128,13122,113.5240
1384,2592,128,16384,140.2463
1384,3888,0,0,21.4847
1384,3888,1,512,21.4860
1384,3888,1,768,21.4867
1384,3888,1,1152,21.4877
1384,3888,1,1728,21.4892
1384,3888,1,2592,21.4914
1384,3888,1,3888,21.4948
1384,3888,1,5832,21.4999
1384,3888,1,8748,21.5074
1384,3888,1,13122,21.5188
1384,3888,1,16384,21.5273
1384,3888,2,512,21.4874
1384,3888,2,768,21.4887
1384,3888,2,1152,21.4907
1384,3888,2,1728,21.4937
1384,3888,2,2592,21.4982
1384,3888,2,3888,21.5049
1384,3888,2,5832,21.5150
1384,3888,2,8748,21.5302
1384,3888,2,13122,21.5529
1384,3888,2,16384,21.5699
1384,3888,4,512,21.4900
1384,3888,4,768,21.4927
1384,3888,4,1152,21.4967
1384,3888,4,1728,21.5027
1384,3888,4,2592,21.5117
1384,3888,4,3888,21.5251
1384,3888,4,5832,21.5454
1384,3888,4,8748,21.5757
1384,3888,4,13122,21.6212
1384,3888,4,16384,21.6551
1384,3888,8,512,21.4953
1384,3888,8,768,21.5007
1384,3888,8,1152,21.5087
1384,3888,8,1728,21.5206
1384,3888,8,2592,21.5386
1384,3888,8,3888,21.5656
1384,3888,8,5832,21.6060
1384,3888,8,8748,21.6667
1384,3888,8,13122,21.7577
1384,3888,8,16384,21.8256
1384,3888,16,512,21.5060
1384,3888,16,768,21.5167
1384,3888,16,1152,21.5326
1384,3888,16,1728,21.5566
1384,3888,16,2592,21.5926
1384,3888,16,3888,21.6465
1384,3888,16,5832,21.7274
1384,3888,16,8748,21.8487
1384,3888,16,13122,22.0307
1384,3888,16,16384,22.8314
1384,3888,32,512,21.5273
1384,3888,32,768,21.5486
1384,3888,32,1152,21.5806
1384,3888,32,1728,21.6285
1384,3888,32,2592,21.7004
1384,3888,32,3888,21.8083
1384,3888,32,5832,21.9700
1384,3888,32,8748,23.9783
1384,3888,32,13122,32.9363
1384,3888,32,16384,39.6168
1384,3888,64,512,21.5699
1384,3888,64,768,21.6125
1384,3888,64,1152,21.6764
1384,3888,64,1728,21.7723
1384,3888,64,2592,21.9161
1384,3888,64,3888,22.1318
1384,3888,64,5832,29.9667
1384,3888,64,8748,41.9106
1384,3888,64,13122,59.8265
1384,3888,64,16384,73.1876
1384,3888,128,512,21.6551
1384,3888,128,768,21.7403
1384,3888,128,1152,21.8682
1384,3888,128,1728,22.0599
1384,3888,128,2592,27.3452
1384,3888,128,3888,37.9620
1384,3888,128,5832,53.8873
1384,3888,128,8748,77.7752
1384,3888,128,13122,113.6070
1384,3888,128,16384,140.3293
1384,5832,0,0,28.4817
1384,5832,1,512,28.4830
1384,5832,1,768,28.4837
1384,5832,1,1152,28.4847
1384,5832,1,1728,28.4862
1384,5832,1,2592,28.4884
1384,5832,1,3888,28.4918
1384,5832,1,5832,28.4969
1384,5832,1,8748,28.5044
1384,5832,1,13122,28.5158
1384,5832,1,16384,28.5243
1384,5832,2,512,28.4844
1384,5832,2,768,28.4857
1384,5832,2,1152,28.4877
1384,5832,2,1728,28.4907
1384,5832,2,2592,28.4952
1384,5832,2,3888,28.5019
1384,5832,2,5832,28.5120
1384,5832,2,8748,28.5272
1384,5832,2,13122,28.5499
1384,5832,2,16384,28.5669
1384,5832,4,512,28.4870
1384,5832,4,768,28.4897
1384,5832,4,1152,28.4937
1384,5832,4,1728,28.4997
1384,5832,4,2592,28.5087
1384,5832,4,3888,28.5221
1384,5832,4,5832,28.5424
1384,5832,4,8748,28.5727
1384,5832,4,13122,28.6182
1384,5832,4,16384,28.6521
1384,5832,8,512,28.4923
1384,5832,8,768,28.4977
1384,5832,8,1152,28.5057
1384,5832,8,1728,28.5176
1384,5832,8,2592,28.5356
1384,5832,8,3888,28.5626
1384,5832,8,5832,28.6030
1384,5832,8,8748,28.6637
1384,5832,8,13122,28.7547
1384,5832,8,16384,28.8226
1384,5832,16,512,28.5030
1384,5832,16,768,28.5137
1384,5832,16,1152,28.5296
1384,5832,16,1728,28.5536
1384,5832,16,2592,28.5895
1384,5832,16,3888,28.6435
1384,5832,16,5832,28.7244
1384,5832,16,8748,28.8457
1384,5832,16,13122,29.0277
1384,5832,16,16384,29.1634
1384,5832,32,512,28.5243
1384,5832,32,768,28.5456
1384,5832,32,1152,28.5776
1384,5832,32,1728,28.6255
1384,5832,32,2592,28.6974
1384,5832,32,3888,28.8053
1384,5832,32,5832,28.9670
1384,5832,32,8748,29.2097
1384,5832,32,13122,33.0607
1384,5832,32,16384,39.7412
1384,5832,64,512,28.5669
1384,5832,64,768,28.6095
1384,5832,64,1152,28.6734
1384,5832,64,1728,28.7693
1384,5832,64,2592,28.9131
1384,5832,64,3888,29.1288
1384,5832,64,5832,30.0911
1384,5832,64,8748,42.0350
1384,5832,64,13122,59.9509
1384,5832,64,16384,73.3121
1384,5832,128,512,28.6521
1384,5832,128,768,28.7373
1384,5832,128,1152,28.8652
1384,5832,128,1728,29.0569
1384,5832,128,2592,29.3445
1384,5832,128,3888,38.0865
1384,5832,128,5832,54.0117
1384,5832,128,8748,77.8996
1384,5832,128,13122,113.7314
1384,5832,128,16384,140.4537
1384,8748,0,0,38.9772
1384,8748,1,512,38.9785
1384,8748,1,768,38.9792
1384,8748,1,1152,38.9802
1384,8748,1,1728,38.9817
1384,8748,1,2592,38.9839
1384,8748,1,3888,38.9873
1384,8748,1,5832,38.9924
1384,8748,1,8748,38.9999
1384,8748,1,13122,39.0113
1384,8748,1,16384,39.0198
1384,8748,2,512,38.9799
1384,8748,2,768,38.9812
1384,8748,2,1152,38.9832
1384,8748,2,1728,38.9862
1384,8748,2,2592,38.9907
1384,8748,2,3888,38.9974
1384,8748,2,5832,39.0075
1384,8748,2,8748,39.0227
1384,8748,2,13122,39.0454
1384,8748,2,16384,39.0624
1384,8748,4,512,38.9825
1384,8748,4,768,38.9852
1384,8748,4,1152,38.9892
1384,8748,4,1728,38.9952
1384,8748,4,2592,39.0042
1384,8748,4,3888,39.0176
1384,8748,4,5832,39.0379
1384,8748,4,8748,39.0682
1384,8748,4,13122,39.1137
1384,8748,4,16384,39.1476
1384,8748,8,512,38.9878
1384,8748,8,768,38.9932
1384,8748,8,1152,39.0012
1384,8748,8,1728,39.0131
1384,8748,8,2592,39.0311
1384,8748,8,3888,39.0581
1384,8748,8,5832,39.0985
1384,8748,8,8748,39.1592
1384,8748,8,13122,39.2502
1384,8748,8,16384,39.3181
1384,8748,16,512,38.9985
1384,8748,16,768,39.0091
1384,8748,16,1152,39.0251
1384,8748,16,1728,39.0491
1384,8748,16,2592,39.0850
1384,8748,16,3888,39.1390
1384,8748,16,5832,39.2199
1384,8748,16,8748,39.3412
1384,8748,16,13122,39.5232
1384,8748,16,16384,39.6589
1384,8748,32,512,39.0198
1384,8748,32,768,39.0411
1384,8748,32,1152,39.0731
1384,8748,32,1728,39.1210
1384,8748,32,2592,39.1929
1384,8748,32,3888,39.3008
1384,8748,32,5832,39.4625
1384,8748,32,8748,39.7052
1384,8748,32,13122,40.0692
1384,8748,32,16384,40.3407
1384,8748,64,512,39.0624
1384,8748,64,768,39.1050
1384,8748,64,1152,39.1689
1384,8748,64,1728,39.2648
1384,8748,64,2592,39.4086
1384,8748,64,3888,39.6243
1384,8748,64,5832,39.9479
1384,8748,64,8748,42.2216
1384,8748,64,13122,60.1375
1384,8748,64,16384,73.4987
1384,8748,128,512,39.1476
1384,8748,128,768,39.2328
1384,8748,128,1152,39.3607
1384,8748,128,1728,39.5524
1384,8748,128,2592,39.8400
1384,8748,128,3888,40.2714
1384,8748,128,5832,54.1983
1384,8748,128,8748,78.0862
1384,8748,128,13122,113.9180
1384,8748,128,16384,140.6403
1384,13122,0,0,54.7204
1384,13122,1,512,54.7218
1384,13122,1,768,54.7224
1384,13122,1,1152,54.7234
1384,13122,1,1728,54.7249
1384,13122,1,2592,54.7272
1384,13122,1,3888,54.7305
1384,13122,1,5832,54.7356
1384,13122,1,8748,54.7432
1384,13122,1,13122,54.7546
1384,13122,1,16384,54.7630
1384,13122,2,512,54.7231
1384,13122,2,768,54.7244
1384,13122,2,1152,54.7264
1384,13122,2,1728,54.7294
1384,13122,2,2592,54.7339
1384,13122,2,3888,54.7407
1384,13122,2,5832,54.7508
1384,13122,2,8748,54.7659
1384,13122,2,13122,54.7887
1384,13122,2,16384,54.8057
1384,13122,4,512,54.7258
1384,13122,4,768,54.7284
1384,13122,4,1152,54.7324
1384,13122,4,1728,54.7384
1384,13122,4,2592,54.7474
1384,13122,4,3888,54.7609
1384,13122,4,5832,54.7811
1384,13122,4,8748,54.8114
1384,13122,4,13122,54.8569
1384,13122,4,16384,54.8909
1384,13122,8,512,54.7311
1384,13122,8,768,54.7364
1384,13122,8,1152,54.7444
1384,13122,8,1728,54.7564
1384,13122,8,2592,54.7744
1384,13122,8,3888,54.8013
1384,13122,8,5832,54.8418
1384,13122,8,8748,54.9024
1384,13122,8,13122,54.9934
1384,13122,8,16384,55.0613
1384,13122,16,512,54.7417
1384,13122,16,768,54.7524
1384,13122,16,1152,54.7684
1384,13122,16,1728,54.7923
1384,13122,16,2592,54.8283
1384,13122,16,3888,54.8822
1384,13122,16,5832,54.9631
1384,13122,16,8748,55.0844
1384,13122,16,13122,55.2664
1384,13122,16,16384,55.4022
1384,13122,32,512,54.7630
1384,13122,32,768,54.7843
1384,13122,32,1152,54.8163
1384,13122,32,1728,54.8642
1384,13122,32,2592,54.9361
1384,13122,32,3888,55.0440
1384,13122,32,5832,55.2058
1384,13122,32,8748,55.4484
1384,13122,32,13122,55.8125
1384,13122,32,16384,56.0839
1384,13122,64,512,54.8057
1384,13122,64,768,54.8483
1384,13122,64,1152,54.9122
1384,13122,64,1728,55.0080
1384,13122,64,2592,55.1519
1384,13122,64,3888,55.3676
1384,13122,64,5832,55.6911
1384,13122,64,8748,56.1765
1384,13122,64,13122,60.4175
1384,13122,64,16384,73.7786
1384,13122,128,512,54.8909
1384,13122,128,768,54.9761
1384,13122,128,1152,55.1039
1384,13122,128,1728,55.2957
1384,13122,128,2592,55.5833
1384,13122,128,3888,56.0147
1384,13122,128,5832,56.6618
1384,13122,128,8748,78.3661
1384,13122,128,13122,114.1980
1384,13122,128,16384,140.9203
1384,16384,0,0,66.4613
1384,16384,1,512,66.4626
1384,16384,1,768,66.4633
1384,16384,1,1152,66.4643
1384,16384,1,1728,66.4658
1384,16384,1,2592,66.4680
1384,16384,1,3888,66.4714
1384,16384,1,5832,66.4765
1384,16384,1,8748,66.4840
1384,16384,1,13122,66.4954
1384,16384,1,16384,66.5039
1384,16384,2,512,66.4639
1384,16384,2,768,66.4653
1384,16384,2,1152,66.4673
1384,16384,2,1728,66.4703
1384,16384,2,2592,66.4748
1384,16384,2,3888,66.4815
1384,16384,2,5832,66.4916
1384,16384,2,8748,66.5068
1384,16384,2,13122,66.5295
1384,16384,2,16384,66.5465
1384,16384,4,512,66.4666
1384,16384,4,768,66.4693
1384,16384,4,1152,66.4733
1384,16384,4,1728,66.4793
1384,16384,4,2592,66.4882
1384,16384,4,3888,66.5017
1384,16384,4,5832,66.5220
1384,16384,4,8748,66.5523
1384,16384,4,13122,66.5978
1384,16384,4,16384,66.6317
1384,16384,8,512,66.4719
1384,16384,8,768,66.4773
1384,16384,8,1152,66.4853
1384,16384,8,1728,66.4972
1384,16384,8,2592,66.5152
1384,16384,8,3888,66.5422
1384,16384,8,5832,66.5826
1384,16384,8,8748,66.6433
1384,16384,8,13122,66.7343
1384,16384,8,16384,66.8022
1384,16384,16,512,66.4826
1384,16384,16,768,66.4932
1384,16384,16,1152,66.5092
1384,16384,16,1728,66.5332
1384,16384,16,2592,66.5691
1384,16384,16,3888,66.6231
1384,16384,16,5832,66.7040
1384,16384,16,8748,66.8253
1384,16384,16,13122,67.0073
1384,16384,16,16384,67.1430
1384,16384,32,512,66.5039
1384,16384,32,768,66.5252
1384,16384,32,1152,66.5572
1384,16384,32,1728,66.6051
1384,16384,32,2592,66.6770
1384,16384,32,3888,66.7848
1384,16384,32,5832,66.9466
1384,16384,32,8748,67.1893
1384,16384,32,13122,67.5533
1384,16384,32,16384,67.8248
1384,16384,64,512,66.5465
1384,16384,64,768,66.5891
1384,16384,64,1152,66.6530
1384,16384,64,1728,66.7489
1384,16384,64,2592,66.8927
1384,16384,64,3888,67.1084
1384,16384,64,5832,67.4320
1384,16384,64,8748,67.9173
1384,16384,64,13122,68.6453
1384,16384,64,16384,73.9874
1384,16384,128,512,66.6317
1384,16384,128,768,66.7169
1384,16384,128,1152,66.8448
1384,16384,128,1728,67.0365
1384,16384,128,2592,67.3241
1384,16384,128,3888,67.7555
1384,16384,128,5832,68.4026
1384,16384,128,8748,78.5749
1384,16384,128,13122,114.4067
1384,16384,128,16384,141.1290
2048,0,0,0,10.4539
2048,0,1,16,10.4540
2048,0,1,32,10.4540
2048,0,1,64,10.4541
2048,0,1,128,10.4543
2048,0,1,256,10.4546
2048,0,1,512,10.4553
2048,0,1,1024,10.4566
2048,0,1,2048,10.4593
2048,0,1,4096,10.4646
2048,0,1,8192,10.4752
2048,0,1,16384,10.4965
2048,0,2,16,10.4540
2048,0,2,32,10.4541
2048,0,2,64,10.4543
2048,0,2,128,10.4546
2048,0,2,256,10.4553
2048,0,2,512,10.4566
2048,0,2,1024,10.4593
2048,0,2,2048,10.4646
2048,0,2,4096,10.4752
2048,0,2,8192,10.4965
2048,0,2,16384,10.5391
2048,0,4,16,10.4541
2048,0,4,32,10.4543
2048,0,4,64,10.4546
2048,0,4,128,10.4553
2048,0,4,256,10.4566
2048,0,4,512,10.4593
2048,0,4,1024,10.4646
2048,0,4,2048,10.4752
2048,0,4,4096,10.4965
2048,0,4,8192,10.5391
2048,0,4,16384,10.6244
2048,0,8,16,10.4543
2048,0,8,32,10.4546
2048,0,8,64,10.4553
2048,0,8,128,10.4566
2048,0,8,256,10.4593
2048,0,8,512,10.4646
2048,0,8,1024,10.4752
2048,0,8,2048,10.4965
2048,0,8,4096,10.5391
2048,0,8,8192,10.6244
2048,0,8,16384,14.5724
2048,0,16,16,10.4546
2048,0,16,32,10.4553
2048,0,16,64,10.4566
2048,0,16,128,10.4593
2048,0,16,256,10.4646
2048,0,16,512,10.4752
2048,0,16,1024,10.4965
2048,0,16,2048,10.5391
2048,0,16,4096,10.6244
2048,0,16,8192,14.5764
2048,0,16,16384,22.9651
2048,0,32,16,10.4553
2048,0,32,32,10.4566
2048,0,32,64,10.4593
2048,0,32,128,10.4646
2048,0,32,256,10.4752
2048,0,32,512,10.4965
2048,0,32,1024,10.5391
2048,0,32,2048,10.6244
2048,0,32,4096,14.5846
2048,0,32,8192,22.9732
2048,0,32,16384,39.7505
2048,0,64,16,10.4566
2048,0,64,32,10.4593
2048,0,64,64,10.4646
2048,0,64,128,10.4752
2048,0,64,256,10.4965
2048,0,64,512,10.5391
2048,0,64,1024,10.6244
2048,0,64,2048,14.6010
2048,0,64,4096,22.9896
2048,0,64,8192,39.7668
2048,0,64,16384,73.3213
2048,0,128,16,10.4593
2048,0,128,32,10.4646
2048,0,128,64,10.4752
2048,0,128,128,10.4965
2048,0,128,256,10.5391
2048,0,128,512,10.6244
2048,0,128,1024,14.6338
2048,0,128,2048,23.0224
2048,0,128,4096,39.7996
2048,0,128,8192,73.3540
2048,0,128,16384,140.4629
2048,16,0,0,10.5391
2048,16,1,16,10.5392
2048,16,1,32,10.5392
2048,16,1,64,10.5393
2048,16,1,128,10.5395
2048,16,1,256,10.5398
2048,16,1,512,10.5405
2048,16,1,1024,10.5418
2048,16,1,2048,10.5445
2048,16,1,4096,10.5498
2048,16,1,8192,10.5604
2048,16,1,16384,10.5818
2048,16,2,16,10.5392
2048,16,2,32,10.5393
2048,16,2,64,10.5395
2048,16,2,128,10.5398
2048,16,2,256,10.5405
2048,16,2,512,10.5418
2048,16,2,1024,10.5445
2048,16,2,2048,10.5498
2048,16,2,4096,10.5604
2048,16,2,8192,10.5818
2048,16,2,16384,10.6244
2048,16,4,16,10.5393
2048,16,4,32,10.5395
2048,16,4,64,10.5398
2048,16,4,128,10.5405
2048,16,4,256,10.5418
2048,16,4,512,10.5445
2048,16,4,1024,10.5498
2048,16,4,2048,10.5604
2048,16,4,4096,10.5818
2048,16,4,8192,10.6244
2048,16,4,16384,10.7096
2048,16,8,16,10.5395
2048,16,8,32,10.5398
2048,16,8,64,10.5405
2048,16,8,128,10.5418
2048,16,8,256,10.5445
2048,16,8,512,10.5498
2048,16,8,1024,10.5604
2048,16,8,2048,10.5818
2048,16,8,4096,10.6244
2048,16,8,8192,10.7096
2048,16,8,16384,14.5734
2048,16,16,16,10.5398
2048,16,16,32,10.5405
2048,16,16,64,10.5418
2048,16,16,128,10.5445
2048,16,16,256,10.5498
2048,16,16,512,10.5604
2048,16,16,1024,10.5818
2048,16,16,2048,10.6244
2048,16,16,4096,10.7096
2048,16,16,8192,14.5775
2048,16,16,16384,22.9661
2048,16,32,16,10.5405
2048,16,32,32,10.5418
2048,16,32,64,10.5445
2048,16,32,128,10.5498
2048,16,32,256,10.5604
2048,16,32,512,10.5818
2048,16,32,1024,10.6244
2048,16,32,2048,10.7096
2048,16,32,4096,14.5857
2048,16,32,8192,22.9743
2048,16,32,16384,39.7515
2048,16,64,16,10.5418
2048,16,64,32,10.5445
2048,16,64,64,10.5498
2048,16,64,128,10.5604
2048,16,64,256,10.5818
2048,16,64,512,10.6244
2048,16,64,1024,10.7096
2048,16,64,2048,14.6020
2048,16,64,4096,22.9907
2048,16,64,8192,39.7679
2048,16,64,16384,73.3223
2048,16,128,16,10.5445
2048,16,128,32,10.5498
2048,16,128,64,10.5604
2048,16,128,128,10.5818
2048,16,128,256,10.6244
2048,16,128,512,10.7096
2048,16,128,1024,14.6348
2048,16,128,2048,23.0234
2048,16,128,4096,39.8006
2048,16,128,8192,73.3551
2048,16,128,16384,140.4639
2048,32,0,0,10.6244
2048,32,1,16,10.6244
2048,32,1,32,10.6244
2048,32,1,64,10.6245
2048,32,1,128,10.6247
2048,32,1,256,10.6250
2048,32,1,512,10.6257
2048,32,1,1024,10.6270
2048,32,1,2048,10.6297
2048,32,1,4096,10.6350
2048,32,1,8192,10.6457
2048,32,1,16384,10.6670
2048,32,2,16,10.6244
2048,32,2,32,10.6245
2048,32,2,64,10.6247
2048,32,2,128,10.6250
2048,32,2,256,10.6257
2048,32,2,512,10.6270
2048,32,2,1024,10.6297
2048,32,2,2048,10.6350
2048,32,2,4096,10.6457
2048,32,2,8192,10.6670
2048,32,2,16384,10.7096
2048,32,4,16,10.6245
2048,32,4,32,10.6247
2048,32,4,64,10.6250
2048,32,4,128,10.6257
2048,32,4,256,10.6270
2048,32,4,512,10.6297
2048,32,4,1024,10.6350
2048,32,4,2048,10.6457
2048,32,4,4096,10.6670
2048,32,4,8192,10.7096
2048,32,4,16384,10.7948
2048,32,8,16,10.6247
2048,32,8,32,10.6250
2048,32,8,64,10.6257
2048,32,8,128,10.6270
2048,32,8,256,10.6297
2048,32,8,512,10.6350
2048,32,8,1024,10.6457
2048,32,8,2048,10.6670
2048,32,8,4096,10.7096
2048,32,8,8192,10.7948
2048,32,8,16384,14.5744
2048,32,16,16,10.6250
2048,32,16,32,10.6257
2048,32,16,64,10.6270
2048,32,16,128,10.6297
2048,32,16,256,10.6350
2048,32,16,512,10.6457
2048,32,16,1024,10.6670
2048,32,16,2048,10.7096
2048,32,16,4096,10.7948
2048,32,16,8192,14.5785
2048,32,16,16384,22.9671
2048,32,32,16,10.6257
2048,32,32,32,10.6270
2048,32,32,64,10.6297
2048,32,32,128,10.6350
2048,32,32,256,10.6457
2048,32,32,512,10.6670
2048,32,32,1024,10.7096
2048,32,32,2048,10.7948
2048,32,32,4096,14.5867
2048,32,32,8192,22.9753
2048,32,32,16384,39.7525
2048,32,64,16,10.6270
2048,32,64,32,10.6297
2048,32,64,64,10.6350
2048,32,64,128,10.6457
2048,32,64,256,10.6670
2048,32,64,512,10.7096
2048,32,64,1024,10.7948
2048,32,64,2048,14.6031
2048,32,64,4096,22.9917
2048,32,64,8192,39.7689
2048,32,64,16384,73.3233
2048,32,128,16,10.6297
2048,32,128,32,10.6350
2048,32,128,64,10.6457
2048,32,128,128,10.6670
2048,32,128,256,10.7096
2048,32,128,512,10.7948
2048,32,128,1024,14.6358
2048,32,128,2048,23.0244
2048,32,128,4096,39.8017
2048,32,128,8192,73.3561
2048,32,128,16384,140.4650
2048,64,0,0,10.7948
2048,64,1,16,10.7948
2048,64,1,32,10.7949
2048,64,1,64,10.7950
2048,64,1,128,10.7951
2048,64,1,256,10.7955
2048,64,1,512,10.7961
2048,64,1,1024,10.7975
2048,64,1,2048,10.8001
2048,64,1,4096,10.8054
2048,64,1,8192,10.8161
2048,64,1,16384,10.8374
2048,64,2,16,10.7949
2048,64,2,32,10.7950
2048,64,2,64,10.7951
2048,64,2,128,10.7955
2048,64,2,256,10.7961
2048,64,2,512,10.7975
2048,64,2,1024,10.8001
2048,64,2,2048,10.8054
2048,64,2,4096,10.8161
2048,64,2,8192,10.8374
2048,64,2,16384,10.8800
2048,64,4,16,10.7950
2048,64,4,32,10.7951
2048,64,4,64,10.7955
2048,64,4,128,10.7961
2048,64,4,256,10.7975
2048,64,4,512,10.8001
2048,64,4,1024,10.8054
2048,64,4,2048,10.8161
2048,64,4,4096,10.8374
2048,64,4,8192,10.8800
2048,64,4,16384,10.9652
2048,64,8,16,10.7951
2048,64,8,32,10.7955
2048,64,8,64,10.7961
2048,64,8,128,10.7975
2048,64,8,256,10.8001
2048,64,8,512,10.8054
2048,64,8,1024,10.8161
2048,64,8,2048,10.8374
2048,64,8,4096,10.8800
2048,64,8,8192,10.9652
2048,64,8,16384,14.5764
2048,64,16,16,10.7955
2048,64,16,32,10.7961
2048,64,16,64,10.7975
2048,64,16,128,10.8001
2048,64,16,256,10.8054
2048,64,16,512,10.8161
2048,64,16,1024,10.8374
2048,64,16,2048,10.8800
2048,64,16,4096,10.9652
2048,64,16,8192,14.5805
2048,64,16,16384,22.9692
2048,64,32,16,10.7961
2048,64,32,32,10.7975
2048,64,32,64,10.8001
2048,64,32,128,10.8054
2048,64,32,256,10.8161
2048,64,32,512,10.8374
2048,64,32,1024,10.8800
2048,64,32,2048,10.9652
2048,64,32,4096,14.5887
2048,64,32,8192,22.9773
2048,64,32,16384,39.7546
2048,64,64,16,10.7975
2048,64,64,32,10.8001
2048,64,64,64,10.8054
2048,64,64,128,10.8161
2048,64,64,256,10.8374
2048,64,64,512,10.8800
2048,64,64,1024,10.9652
2048,64,64,2048,14.6051
2048,64,64,4096,22.9937
2048,64,64,8192,39.7709
2048,64,64,16384,73.3254
2048,64,128,16,10.8001
2048,64,128,32,10.8054
2048,64,128,64,10.8161
2048,64,128,128,10.8374
2048,64,128,256,10.8800
2048,64,128,512,10.9652
2048,64,128,1024,14.6379
2048,64,128,2048,23.0265
2048,64,128,4096,39.8037
2048,64,128,8192,73.3581
2048,64,128,16384,140.4670
2048,128,0,0,11.1357
2048,128,1,16,11.1357
2048,128,1,32,11.1358
2048,128,1,64,11.1358
2048,128,1,128,11.1360
2048,128,1,256,11.1363
2048,128,1,512,11.1370
2048,128,1,1024,11.1383
2048,128,1,2048,11.1410
2048,128,1,4096,11.1463
2048,128,1,8192,11.1570
2048,128,1,16384,11.1783
2048,128,2,16,11.1358
2048,128,2,32,11.1358
2048,128,2,64,11.1360
2048,128,2,128,11.1363
2048,128,2,256,11.1370
2048,128,2,512,11.1383
2048,128,2,1024,11.1410
2048,128,2,2048,11.1463
2048,128,2,4096,11.1570
2048,128,2,8192,11.1783
2048,128,2,16384,11.2209
2048,128,4,16,11.1358
2048,128,4,32,11.1360
2048,128,4,64,11.1363
2048,128,4,128,11.1370
2048,128,4,256,11.1383
2048,128,4,512,11.1410
2048,128,4,1024,11.1463
2048,128,4,2048,11.1570
2048,128,4,4096,11.1783
2048,128,4,8192,11.2209
2048,128,4,16384,11.3061
2048,128,8,16,11.1360
2048,128,8,32,11.1363
2048,128,8,64,11.1370
2048,128,8,128,11.1383
2048,128,8,256,11.1410
2048,128,8,512,11.1463
2048,128,8,1024,11.1570
2048,128,8,2048,11.1783
2048,128,8,4096,11.2209
2048,128,8,8192,11.3061
2048,128,8,16384,14.5805
2048,128,16,16,11.1363
2048,128,16,32,11.1370
2048,128,16,64,11.1383
2048,128,16,128,11.1410
2048,128,16,256,11.1463
2048,128,16,512,11.1570
2048,128,16,1024,11.1783
2048,128,16,2048,11.2209
2048,128,16,4096,11.3061
2048,128,16,8192,14.5846
2048,128,16,16384,22.9732
2048,128,32,16,11.1370
2048,128,32,32,11.1383
2048,128,32,64,11.1410
2048,128,32,128,11.1463
2048,128,32,256,11.1570
2048,128,32,512,11.1783
2048,128,32,1024,11.2209
2048,128,32,2048,11.3061
2048,128,32,4096,14.5928
2048,128,32,8192,22.9814
2048,128,32,16384,39.7587
2048,128,64,16,11.1383
2048,128,64,32,11.1410
2048,128,64,64,11.1463
2048,128,64,128,11.1570
2048,128,64,256,11.1783
2048,128,64,512,11.2209
2048,128,64,1024,11.3061
2048,128,64,2048,14.6092
2048,128,64,4096,22.9978
2048,128,64,8192,39.7750
2048,128,64,16384,73.3295
2048,128,128,16,11.1410
2048,128,128,32,11.1463
2048,128,128,64,11.1570
2048,128,128,128,11.1783
2048,128,128,256,11.2209
2048,128,128,512,11.3061
2048,128,128,1024,14.6420
2048,128,128,2048,23.0306
2048,128,128,4096,39.8078
2048,128,128,8192,73.3622
2048,128,128,16384,140.4711
2048,256,0,0,11.8174
2048,256,1,16,11.8175
2048,256,1,32,11.8175
2048,256,1,64,11.8176
2048,256,1,128,11.8177
2048,256,1,256,11.8181
2048,256,1,512,11.8187
2048,256,1,1024,11.8201
2048,256,1,2048,11.8227
2048,256,1,4096,11.8281
2048,256,1,8192,11.8387
2048,256,1,16384,11.8600
2048,256,2,16,11.8175
2048,256,2,32,11.8176
2048,256,2,64,11.8177
2048,256,2,128,11.8181
2048,256,2,256,11.8187
2048,256,2,512,11.8201
2048,256,2,1024,11.8227
2048,256,2,2048,11.8281
2048,256,2,4096,11.8387
2048,256,2,8192,11.8600
2048,256,2,16384,11.9026
2048,256,4,16,11.8176
2048,256,4,32,11.8177
2048,256,4,64,11.8181
2048,256,4,128,11.8187
2048,256,4,256,11.8201
2048,256,4,512,11.8227
2048,256,4,1024,11.8281
2048,256,4,2048,11.8387
2048,256,4,4096,11.8600
2048,256,4,8192,11.9026
2048,256,4,16384,11.9878
2048,256,8,16,11.8177
2048,256,8,32,11.8181
2048,256,8,64,11.8187
2048,256,8,128,11.8201
2048,256,8,256,11.8227
2048,256,8,512,11.8281
2048,256,8,1024,11.8387
2048,256,8,2048,11.8600
2048,256,8,4096,11.9026
2048,256,8,8192,11.9878
2048,256,8,16384,14.5887
2048,256,16,16,11.8181
2048,256,16,32,11.8187
2048,256,16,64,11.8201
2048,256,16,128,11.8227
2048,256,16,256,11.8281
2048,256,16,512,11.8387
2048,256,16,1024,11.8600
2048,256,16,2048,11.9026
2048,256,16,4096,11.9878
2048,256,16,8192,14.5928
2048,256,16,16384,22.9814
2048,256,32,16,11.8187
2048,256,32,32,11.8201
2048,256,32,64,11.8227
2048,256,32,128,11.8281
2048,256,32,256,11.8387
2048,256,32,512,11.8600
2048,256,32,1024,11.9026
2048,256,32,2048,11.9878
2048,256,32,4096,14.6010
2048,256,32,8192,22.9896
2048,256,32,16384,39.7668
2048,256,64,16,11.8201
2048,256,64,32,11.8227
2048,256,64,64,11.8281
2048,256,64,128,11.8387
2048,256,64,256,11.8600
2048,256,64,512,11.9026
2048,256,64,1024,11.9878
2048,256,64,2048,14.6174
2048,256,64,4096,23.0060
2048,256,64,8192,39.7832
2048,256,64,16384,73.3377
2048,256,128,16,11.8227
2048,256,128,32,11.8281
2048,256,128,64,11.8387
2048,256,128,128,11.8600
2048,256,128,256,11.9026
2048,256,128,512,11.9878
2048,256,128,1024,14.6502
2048,256,128,2048,23.0388
2048,256,128,4096,39.8160
2048,256,128,8192,73.3704
2048,256,128,16384,140.4793
2048,512,0,0,13.1809
2048,512,1,16,13.1809
2048,512,1,32,13.1810
2048,512,1,64,13.1811
2048,512,1,128,13.1812
2048,512,1,256,13.1816
2048,512,1,512,13.1822
2048,512,1,1024,13.1836
2048,512,1,2048,13.1862
2048,512,1,4096,13.1915
2048,512,1,8192,13.2022
2048,512,1,16384,13.2235
2048,512,2,16,13.1810
2048,512,2,32,13.1811
2048,512,2,64,13.1812
2048,512,2,128,13.1816
2048,512,2,256,13.1822
2048,512,2,512,13.1836
2048,512,2,1024,13.1862
2048,512,2,2048,13.1915
2048,512,2,4096,13.2022
2048,512,2,8192,13.2235
2048,512,2,16384,13.2661
2048,512,4,16,13.1811
2048,512,4,32,13.1812
2048,512,4,64,13.1816
2048,512,4,128,13.1822
2048,512,4,256,13.1836
2048,512,4,512,13.1862
2048,512,4,1024,13.1915
2048,512,4,2048,13.2022
2048,512,4,4096,13.2235
2048,512,4,8192,13.2661
2048,512,4,16384,13.3513
2048,512,8,16,13.1812
2048,512,8,32,13.1816
2048,512,8,64,13.1822
2048,512,8,128,13.1836
2048,512,8,256,13.1862
2048,512,8,512,13.1915
2048,512,8,1024,13.2022
2048,512,8,2048,13.2235
2048,512,8,4096,13.2661
2048,512,8,8192,13.3513
2048,512,8,16384,14.6051
2048,512,16,16,13.1816
2048,512,16,32,13.1822
2048,512,16,64,13.1836
2048,512,16,128,13.1862
2048,512,16,256,13.1915
2048,512,16,512,13.2022
2048,512,16,1024,13.2235
2048,512,16,2048,13.2661
2048,512,16,4096,13.3513
2048,512,16,8192,14.6092
2048,512,16,16384,22.9978
2048,512,32,16,13.1822
2048,512,32,32,13.1836
2048,512,32,64,13.1862
2048,512,32,128,13.1915
2048,512,32,256,13.2022
2048,512,32,512,13.2235
2048,512,32,1024,13.2661
2048,512,32,2048,13.3513
2048,512,32,4096,14.6174
2048,512,32,8192,23.0060
2048,512,32,16384,39.7832
2048,512,64,16,13.1836
2048,512,64,32,13.1862
2048,512,64,64,13.1915
2048,512,64,128,13.2022
2048,512,64,256,13.2235
2048,512,64,512,13.2661
2048,512,64,1024,13.3513
2048,512,64,2048,14.6338
2048,512,64,4096,23.0224
2048,512,64,8192,39.7996
2048,512,64,16384,73.3540
2048,512,128,16,13.1862
2048,512,128,32,13.1915
2048,512,128,64,13.2022
2048,512,128,128,13.2235
2048,512,128,256,13.2661
2048,512,128,512,13.3513
2048,512,128,1024,14.6666
2048,512,128,2048,23.0552
2048,512,128,4096,39.8324
2048,512,128,8192,73.3868
2048,512,128,16384,140.4957
2048,768,0,0,14.5444
2048,1024,0,0,15.9079
2048,1024,1,16,15.9079
2048,1024,1,32,15.9079
2048,1024,1,64,15.9080
2048,1024,1,128,15.9082
2048,1024,1,256,15.9085
2048,1024,1,512,15.9092
2048,1024,1,1024,15.9105
2048,1024,1,2048,15.9132
2048,1024,1,4096,15.9185
2048,1024,1,8192,15.9292
2048,1024,1,16384,15.9505
2048,1024,2,16,15.9079
2048,1024,2,32,15.9080
2048,1024,2,64,15.9082
2048,1024,2,128,15.9085
2048,1024,2,256,15.9092
2048,1024,2,512,15.9105
2048,1024,2,1024,15.9132
2048,1024,2,2048,15.9185
2048,1024,2,4096,15.9292
2048,1024,2,8192,15.9505
2048,1024,2,16384,15.9931
2048,1024,4,16,15.9080
2048,1024,4,32,15.9082
2048,1024,4,64,15.9085
2048,1024,4,128,15.9092
2048,1024,4,256,15.9105
2048,1024,4,512,15.9132
2048,1024,4,1024,15.9185
2048,1024,4,2048,15.9292
2048,1024,4,4096,15.9505
2048,1024,4,8192,15.9931
2048,1024,4,16384,16.0783
2048,1024,8,16,15.9082
2048,1024,8,32,15.9085
2048,1024,8,64,15.9092
2048,1024,8,128,15.9105
2048,1024,8,256,15.9132
2048,1024,8,512,15.9185
2048,1024,8,1024,15.9292
2048,1024,8,2048,15.9505
2048,1024,8,4096,15.9931
2048,1024,8,8192,16.0783
2048,1024,8,16384,16.2487
2048,1024,16,16,15.9085
2048,1024,16,32,15.9092
2048,1024,16,64,15.9105
2048,1024,16,128,15.9132
2048,1024,16,256,15.9185
2048,1024,16,512,15.9292
2048,1024,16,1024,15.9505
2048,1024,16,2048,15.9931
2048,1024,16,4096,16.0783
2048,1024,16,8192,16.2487
2048,1024,16,16384,23.0306
2048,1024,32,16,15.9092
2048,1024,32,32,15.9105
2048,1024,32,64,15.9132
2048,1024,32,128,15.9185
2048,1024,32,256,15.9292
2048,1024,32,512,15.9505
2048,1024,32,1024,15.9931
2048,1024,32,2048,16.0783
2048,1024,32,4096,16.2487
2048,1024,32,8192,23.0388
2048,1024,32,16384,39.8160
2048,1024,64,16,15.9105
2048,1024,64,32,15.9132
2048,1024,64,64,15.9185
2048,1024,64,128,15.9292
2048,1024,64,256,15.9505
2048,1024,64,512,15.9931
2048,1024,64,1024,16.0783
2048,1024,64,2048,16.2487
2048,1024,64,4096,23.0552
2048,1024,64,8192,39.8324
2048,1024,64,16384,73.3868
2048,1024,128,16,15.9132
2048,1024,128,32,15.9185
2048,1024,128,64,15.9292
2048,1024,128,128,15.9505
2048,1024,128,256,15.9931
2048,1024,128,512,16.0783
2048,1024,128,1024,16.2487
2048,1024,128,2048,23.0879
2048,1024,128,4096,39.8652
2048,1024,128,8192,73.4196
2048,1024,128,16384,140.5284
2048,1152,0,0,16.5896
2048,1728,0,0,19.6574
2048,2048,0,0,21.3618
2048,2048,1,16,21.3618
2048,2048,1,32,21.3619
2048,2048,1,64,21.3619
2048,2048,1,128,21.3621
2048,2048,1,256,21.3624
2048,2048,1,512,21.3631
2048,2048,1,1024,21.3644
2048,2048,1,2048,21.3671
2048,2048,1,4096,21.3724
2048,2048,1,8192,21.3831
2048,2048,1,16384,21.4044
2048,2048,2,16,21.3619
2048,2048,2,32,21.3619
2048,2048,2,64,21.3621
2048,2048,2,128,21.3624
2048,2048,2,256,21.3631
2048,2048,2,512,21.3644
2048,2048,2,1024,21.3671
2048,2048,2,2048,21.3724
2048,2048,2,4096,21.3831
2048,2048,2,8192,21.4044
2048,2048,2,16384,21.4470
2048,2048,4,16,21.3619
2048,2048,4,32,21.3621
2048,2048,4,64,21.3624
2048,2048,4,128,21.3631
2048,2048,4,256,21.3644
2048,2048,4,512,21.3671
2048,2048,4,1024,21.3724
2048,2048,4,2048,21.3831
2048,2048,4,4096,21.4044
2048,2048,4,8192,21.4470
2048,2048,4,16384,21.5322
2048,2048,8,16,21.3621
2048,2048,8,32,21.3624
2048,2048,8,64,21.3631
2048,2048,8,128,21.3644
2048,2048,8,256,21.3671
2048,2048,8,512,21.3724
2048,2048,8,1024,21.3831
2048,2048,8,2048,21.4044
2048,2048,8,4096,21.4470
2048,2048,8,8192,21.5322
2048,2048,8,16384,21.7027
2048,2048,16,16,21.3624
2048,2048,16,32,21.3631
2048,2048,16,64,21.3644
2048,2048,16,128,21.3671
2048,2048,16,256,21.3724
2048,2048,16,512,21.3831
2048,2048,16,1024,21.4044
2048,2048,16,2048,21.4470
2048,2048,16,4096,21.5322
2048,2048,16,8192,21.7027
2048,2048,16,16384,23.0961
2048,2048,32,16,21.3631
2048,2048,32,32,21.3644
2048,2048,32,64,21.3671
2048,2048,32,128,21.3724
2048,2048,32,256,21.3831
2048,2048,32,512,21.4044
2048,2048,32,1024,21.4470
2048,2048,32,2048,21.5322
2048,2048,32,4096,21.7027
2048,2048,32,8192,23.1043
2048,2048,32,16384,39.8815
2048,2048,64,16,21.3644
2048,2048,64,32,21.3671
2048,2048,64,64,21.3724
2048,2048,64,128,21.3831
2048,2048,64,256,21.4044
2048,2048,64,512,21.4470
2048,2048,64,1024,21.5322
2048,2048,64,2048,21.7027
2048,2048,64,4096,23.1207
2048,2048,64,8192,39.8979
2048,2048,64,16384,73.4524
2048,2048,128,16,21.3671
2048,2048,128,32,21.3724
2048,2048,128,64,21.3831
2048,2048,128,128,21.4044
2048,2048,128,256,21.4470
2048,2048,128,512,21.5322
2048,2048,128,1024,21.7027
2048,2048,128,2048,23.1535
2048,2048,128,4096,39.9307
2048,2048,128,8192,73.4851
2048,2048,128,16384,140.5940
2048,2592,0,0,24.2592
2048,3888,0,0,31.1618
2048,4096,0,0,32.2696
2048,4096,1,16,32.2697
2048,4096,1,32,32.2697
2048,4096,1,64,32.2698
2048,4096,1,128,32.2700
2048,4096,1,256,32.2703
2048,4096,1,512,32.2710
2048,4096,1,1024,32.2723
2048,4096,1,2048,32.2750
2048,4096,1,4096,32.2803
2048,4096,1,8192,32.2909
2048,4096,1,16384,32.3122
2048,4096,2,16,32.2697
2048,4096,2,32,32.2698
2048,4096,2,64,32.2700
2048,4096,2,128,32.2703
2048,4096,2,256,32.2710
2048,4096,2,512,32.2723
2048,4096,2,1024,32.2750
2048,4096,2,2048,32.2803
2048,4096,2,4096,32.2909
2048,4096,2,8192,32.3122
2048,4096,2,16384,32.3549
2048,4096,4,16,32.2698
2048,4096,4,32,32.2700
2048,4096,4,64,32.2703
2048,4096,4,128,32.2710
2048,4096,4,256,32.2723
2048,4096,4,512,32.2750
2048,4096,4,1024,32.2803
2048,4096,4,2048,32.2909
2048,4096,4,4096,32.3122
2048,4096,4,8192,32.3549
2048,4096,4,16384,32.4401
2048,4096,8,16,32.2700
2048,4096,8,32,32.2703
2048,4096,8,64,32.2710
2048,4096,8,128,32.2723
2048,4096,8,256,32.2750
2048,4096,8,512,32.2803
2048,4096,8,1024,32.2909
2048,4096,8,2048,32.3122
2048,4096,8,4096,32.3549
2048,4096,8,8192,32.4401
2048,4096,8,16384,32.6105
2048,4096,16,16,32.2703
2048,4096,16,32,32.2710
2048,4096,16,64,32.2723
2048,4096,16,128,32.2750
2048,4096,16,256,32.2803
2048,4096,16,512,32.2909
2048,4096,16,1024,32.3122
2048,4096,16,2048,32.3549
2048,4096,16,4096,32.4401
2048,4096,16,8192,32.6105
2048,4096,16,16384,32.9514
2048,4096,32,16,32.2710
2048,4096,32,32,32.2723
2048,4096,32,64,32.2750
2048,4096,32,128,32.2803
2048,4096,32,256,32.2909
2048,4096,32,512,32.3122
2048,4096,32,1024,32.3549
2048,4096,32,2048,32.4401
2048,4096,32,4096,32.6105
2048,4096,32,8192,32.9514
2048,4096,32,16384,40.0126
2048,4096,64,16,32.2723
2048,4096,64,32,32.2750
2048,4096,64,64,32.2803
2048,4096,64,128,32.2909
2048,4096,64,256,32.3122
2048,4096,64,512,32.3549
2048,4096,64,1024,32.4401
2048,4096,64,2048,32.6105
2048,4096,64,4096,32.9514
2048,4096,64,8192,40.0290
2048,4096,64,16384,73.5834
2048,4096,128,16,32.2750
2048,4096,128,32,32.2803
2048,4096,128,64,32.2909
2048,4096,128,128,32.3122
2048,4096,128,256,32.3549
2048,4096,128,512,32.4401
2048,4096,128,1024,32.6105
2048,4096,128,2048,32.9514
2048,4096,128,4096,40.0618
2048,4096,128,8192,73.6162
2048,4096,128,16384,140.7251
2048,5832,0,0,41.5157
2048,8192,0,0,54.0853
2048,8192,1,16,54.0854
2048,8192,1,32,54.0854
2048,8192,1,64,54.0855
2048,8192,1,128,54.0857
2048,8192,1,256,54.0860
2048,8192,1,512,54.0867
2048,8192,1,1024,54.0880
2048,8192,1,2048,54.0907
2048,8192,1,4096,54.0960
2048,8192,1,8192,54.1066
2048,8192,1,16384,54.1279
2048,8192,2,16,54.0854
2048,8192,2,32,54.0855
2048,8192,2,64,54.0857
2048,8192,2,128,54.0860
2048,8192,2,256,54.0867
2048,8192,2,512,54.0880
2048,8192,2,1024,54.0907
2048,8192,2,2048,54.0960
2048,8192,2,4096,54.1066
2048,8192,2,8192,54.1279
2048,8192,2,16384,54.1706
2048,8192,4,16,54.0855
2048,8192,4,32,54.0857
2048,8192,4,64,54.0860
2048,8192,4,128,54.0867
2048,8192,4,256,54.0880
2048,8192,4,512,54.0907
2048,8192,4,1024,54.0960
2048,8192,4,2048,54.1066
2048,8192,4,4096,54.1279
2048,8192,4,8192,54.1706
2048,8192,4,16384,54.2558
2048,8192,8,16,54.0857
2048,8192,8,32,54.0860
2048,8192,8,64,54.0867
2048,8192,8,128,54.0880
2048,8192,8,256,54.0907
2048,8192,8,512,54.0960
2048,8192,8,1024,54.1066
2048,8192,8,2048,54.1279
2048,8192,8,4096,54.1706
2048,8192,8,8192,54.2558
2048,8192,8,16384,54.4262
2048,8192,16,16,54.0860
2048,8192,16,32,54.0867
2048,8192,16,64,54.0880
2048,8192,16,128,54.0907
2048,8192,16,256,54.0960
2048,8192,16,512,54.1066
2048,8192,16,1024,54.1279
2048,8192,16,2048,54.1706
2048,8192,16,4096,54.2558
2048,8192,16,8192,54.4262
2048,8192,16,16384,54.7671
2048,8192,32,16,54.0867
2048,8192,32,32,54.0880
2048,8192,32,64,54.0907
2048,8192,32,128,54.0960
2048,8192,32,256,54.1066
2048,8192,32,512,54.1279
2048,8192,32,1024,54.1706
2048,8192,32,2048,54.2558
2048,8192,32,4096,54.4262
2048,8192,32,8192,54.7671
2048,8192,32,16384,55.4488
2048,8192,64,16,54.0880
2048,8192,64,32,54.0907
2048,8192,64,64,54.0960
2048,8192,64,128,54.1066
2048,8192,64,256,54.1279
2048,8192,64,512,54.1706
2048,8192,64,1024,54.2558
2048,8192,64,2048,54.4262
2048,8192,64,4096,54.7671
2048,8192,64,8192,55.4488
2048,8192,64,16384,73.8456
2048,8192,128,16,54.0907
2048,8192,128,32,54.0960
2048,8192,128,64,54.1066
2048,8192,128,128,54.1279
2048,8192,128,256,54.1706
2048,8192,128,512,54.2558
2048,8192,128,1024,54.4262
2048,8192,128,2048,54.7671
2048,8192,128,4096,55.4488
2048,8192,128,8192,73.8783
2048,8192,128,16384,140.9872
2048,8748,0,0,57.0467
2048,13122,0,0,80.3430
2048,16384,0,0,97.7168
2048,16384,1,16,97.7168
2048,16384,1,32,97.7168
2048,16384,1,64,97.7169
2048,16384,1,128,97.7171
2048,16384,1,256,97.7174
2048,16384,1,512,97.7181
2048,16384,1,1024,97.7194
2048,16384,1,2048,97.7221
2048,16384,1,4096,97.7274
2048,16384,1,8192,97.7381
2048,16384,1,16384,97.7594
2048,16384,2,16,97.7168
2048,16384,2,32,97.7169
2048,16384,2,64,97.7171
2048,16384,2,128,97.7174
2048,16384,2,256,97.7181
2048,16384,2,512,97.7194
2048,16384,2,1024,97.7221
2048,16384,2,2048,97.7274
2048,16384,2,4096,97.7381
2048,16384,2,8192,97.7594
2048,16384,2,16384,97.8020
2048,16384,4,16,97.7169
2048,16384,4,32,97.7171
2048,16384,4,64,97.7174
2048,16384,4,128,97.7181
2048,16384,4,256,97.7194
2048,16384,4,512,97.7221
2048,16384,4,1024,97.7274
2048,16384,4,2048,97.7381
2048,16384,4,4096,97.7594
2048,16384,4,8192,97.8020
2048,16384,4,16384,97.8872
2048,16384,8,16,97.7171
2048,16384,8,32,97.7174
2048,16384,8,64,97.7181
2048,16384,8,128,97.7194
2048,16384,8,256,97.7221
2048,16384,8,512,97.7274
2048,16384,8,1024,97.7381
2048,16384,8,2048,97.7594
2048,16384,8,4096,97.8020
2048,16384,8,8192,97.8872
2048,16384,8,16384,98.0576
2048,16384,16,16,97.7174
2048,16384,16,32,97.7181
2048,16384,16,64,97.7194
2048,16384,16,128,97.7221
2048,16384,16,256,97.7274
2048,16384,16,512,97.7381
2048,16384,16,1024,97.7594
2048,16384,16,2048,97.8020
2048,16384,16,4096,97.8872
2048,16384,16,8192,98.0576
2048,16384,16,16384,98.3985
2048,16384,32,16,97.7181
2048,16384,32,32,97.7194
2048,16384,32,64,97.7221
2048,16384,32,128,97.7274
2048,16384,32,256,97.7381
2048,16384,32,512,97.7594
2048,16384,32,1024,97.8020
2048,16384,32,2048,97.8872
2048,16384,32,4096,98.0576
2048,16384,32,8192,98.3985
2048,16384,32,16384,99.0802
2048,16384,64,16,97.7194
2048,16384,64,32,97.7221
2048,16384,64,64,97.7274
2048,16384,64,128,97.7381
2048,16384,64,256,97.7594
2048,16384,64,512,97.8020
2048,16384,64,1024,97.8872
2048,16384,64,2048,98.0576
2048,16384,64,4096,98.3985
2048,16384,64,8192,99.0802
2048,16384,64,16384,100.4437
2048,16384,128,16,97.7221
2048,16384,128,32,97.7274
2048,16384,128,64,97.7381
2048,16384,128,128,97.7594
2048,16384,128,256,97.8020
2048,16384,128,512,97.8872
2048,16384,128,1024,98.0576
2048,16384,128,2048,98.3985
2048,16384,128,4096,99.0802
2048,16384,128,8192,100.4437
2048,16384,128,16384,141.5115
