prefill_chunk,kv_prefill,n_decode,kv_decode,time_us
0,0,1,16,11.1683
0,0,1,32,11.3073
0,0,1,64,11.5303
0,0,1,128,12.672
0,0,1,256,13.419
0,0,1,512,14.9227
0,0,1,1024,17.0987
0,0,1,2048,16.8213
0,0,1,4096,17.1953
0,0,1,8192,19.339
0,0,1,16384,22.88
0,0,2,16,11.296
0,0,2,32,11.392
0,0,2,64,11.2747
0,0,2,128,12.671
0,0,2,256,13.419
0,0,2,512,14.9757
0,0,2,1024,16.7577
0,0,2,2048,16.7787
0,0,2,4096,17.4937
0,0,2,8192,20.139
0,0,2,16384,25.472
0,0,4,16,11.5303
0,0,4,32,11.4237
0,0,4,64,11.477
0,0,4,128,12.556
0,0,4,256,13.7183
0,0,4,512,15.689
0,0,4,1024,16.565
0,0,4,2048,17.046
0,0,4,4096,18.3887
0,0,4,8192,22.197
0,0,4,16384,31.9043
0,0,8,16,11.6803
0,0,8,32,11.6907
0,0,8,64,11.6483
0,0,8,128,12.939
0,0,8,256,13.8243
0,0,8,512,16.2783
0,0,8,1024,16.9387
0,0,8,2048,17.8033
0,0,8,4096,21.0343
0,0,8,8192,29.3863
0,0,8,16384,43.2533
0,0,16,16,11.8947
0,0,16,32,11.9463
0,0,16,64,12
0,0,16,128,12.992
0,0,16,256,14.0273
0,0,16,512,16.629
0,0,16,1024,18.2513
0,0,16,2048,21.1627
0,0,16,4096,27.8303
0,0,16,8192,42.0267
0,0,16,16384,65.7493
0,0,32,16,12.651
0,0,32,32,12.6403
0,0,32,64,12.5757
0,0,32,128,13.8457
0,0,32,256,14.8473
0,0,32,512,18.7303
0,0,32,1024,21.7713
0,0,32,2048,28.192
0,0,32,4096,40.5657
0,0,32,8192,65.216
0,0,32,16384,110.933
0,0,64,16,13.0353
0,0,64,32,12.9703
0,0,64,64,12.9493
0,0,64,128,14.23
0,0,64,256,15.3377
0,0,64,512,22.3673
0,0,64,1024,30.688
0,0,64,2048,42.5067
0,0,64,4096,64.5753
0,0,64,8192,110.113
0,0,64,16384,199.083
0,0,128,16,13.2697
0,0,128,32,13.44
0,0,128,64,13.643
0,0,128,128,16.2237
0,0,128,256,19.6157
0,0,128,512,31.3493
0,0,128,1024,45.7067
0,0,128,2048,68.1063
0,0,128,4096,115.243
0,0,128,8192,199.371
0,0,128,16384,374.423
0,0,256,16,18.4103
0,0,256,32,18.923
0,0,256,64,19.5957
0,0,256,128,25.4293
0,0,256,256,32.1387
0,0,256,512,52.075
0,0,256,1024,75.0197
0,0,256,2048,117.484
0,0,256,4096,206.785
0,0,256,8192,375.275
0,0,256,16384,719.928
16,0,0,0,11.541
16,0,1,16,11.3813
16,0,1,32,11.638
16,0,1,64,11.7547
16,0,1,128,12.522
16,0,1,256,13.5147
16,0,1,512,15.797
16,0,1,1024,16.8
16,0,1,2048,16.64
16,0,1,4096,17.568
16,0,1,8192,19.0933
16,0,1,16384,22.4533
16,0,2,16,11.7547
16,0,2,32,11.6797
16,0,2,64,11.7767
16,0,2,128,12.8957
16,0,2,256,13.8563
16,0,2,512,15.9043
16,0,2,1024,16.9493
16,0,2,2048,17.013
16,0,2,4096,17.3333
16,0,2,8192,19.7757
16,0,2,16384,25.621
16,0,4,16,11.787
16,0,4,32,11.637
16,0,4,64,11.7217
16,0,4,128,12.9283
16,0,4,256,13.8663
16,0,4,512,16.352
16,0,4,1024,17.387
16,0,4,2048,17.3757
16,0,4,4096,18.3147
16,0,4,8192,22.827
16,0,4,16384,32.1593
16,0,8,16,11.6163
16,0,8,32,11.7223
16,0,8,64,11.8617
16,0,8,128,12.9063
16,0,8,256,13.9517
16,0,8,512,16.0747
16,0,8,1024,17.1733
16,0,8,2048,17.9837
16,0,8,4096,20.6507
16,0,8,8192,29.6
16,0,8,16384,43.7867
16,0,16,16,12.096
16,0,16,32,11.8717
16,0,16,64,11.8613
16,0,16,128,13.184
16,0,16,256,14.187
16,0,16,512,17.2263
16,0,16,1024,18.656
16,0,16,2048,21.184
16,0,16,4096,28.2027
16,0,16,8192,41.9207
16,0,16,16384,65.611
16,0,32,16,12.7043
16,0,32,32,12.7673
16,0,32,64,12.586
16,0,32,128,13.9317
16,0,32,256,14.89
16,0,32,512,18.667
16,0,32,1024,21.8877
16,0,32,2048,28.6403
16,0,32,4096,41.2053
16,0,32,8192,64.118
16,0,32,16384,111.232
16,0,64,16,12.7793
16,0,64,32,12.7567
16,0,64,64,13.12
16,0,64,128,14.3153
16,0,64,256,15.4233
16,0,64,512,22.7417
16,0,64,1024,30.507
16,0,64,2048,43.393
16,0,64,4096,65.9947
16,0,64,8192,110.283
16,0,64,16384,201.173
16,0,128,16,13.152
16,0,128,32,13.472
16,0,128,64,13.4833
16,0,128,128,16.0537
16,0,128,256,19.264
16,0,128,512,31.84
16,0,128,1024,45.8237
16,0,128,2048,68.5663
16,0,128,4096,114.902
16,0,128,8192,198.636
16,0,128,16384,373.078
16,16,0,0,11.562
16,16,1,16,11.68
16,16,1,32,11.5417
16,16,1,64,11.5947
16,16,1,128,12.705
16,16,1,256,13.7283
16,16,1,512,15.648
16,16,1,1024,16.6723
16,16,1,2048,17.014
16,16,1,4096,17.621
16,16,1,8192,19.328
16,16,1,16384,22.7203
16,16,2,16,11.6917
16,16,2,32,11.7757
16,16,2,64,11.691
16,16,2,128,12.96
16,16,2,256,13.8777
16,16,2,512,16.1387
16,16,2,1024,17.4823
16,16,2,2048,17.1943
16,16,2,4096,17.6323
16,16,2,8192,19.9467
16,16,2,16384,25.675
16,16,4,16,11.8937
16,16,4,32,11.8397
16,16,4,64,11.936
16,16,4,128,12.9383
16,16,4,256,13.888
16,16,4,512,15.9243
16,16,4,1024,17.536
16,16,4,2048,17.749
16,16,4,4096,18.2937
16,16,4,8192,22.976
16,16,4,16384,32
16,16,8,16,11.8613
16,16,8,32,11.712
16,16,8,64,11.6377
16,16,8,128,12.917
16,16,8,256,13.9203
16,16,8,512,16.3947
16,16,8,1024,17.2373
16,16,8,2048,17.996
16,16,8,4096,21.152
16,16,8,8192,29.3343
16,16,8,16384,43.8293
16,16,16,16,11.829
16,16,16,32,11.8723
16,16,16,64,12.064
16,16,16,128,13.0987
16,16,16,256,14.1647
16,16,16,512,16.7783
16,16,16,1024,18.6027
16,16,16,2048,21.2693
16,16,16,4096,27.85
16,16,16,8192,41.8667
16,16,16,16384,66.1983
16,16,32,16,12.8533
16,16,32,32,12.522
16,16,32,64,12.81
16,16,32,128,13.877
16,16,32,256,14.827
16,16,32,512,19.0927
16,16,32,1024,22.0373
16,16,32,2048,29.1303
16,16,32,4096,41.675
16,16,32,8192,64.5223
16,16,32,16384,110.625
16,16,64,16,13.0237
16,16,64,32,13.013
16,16,64,64,12.9077
16,16,64,128,14.1763
16,16,64,256,15.2747
16,16,64,512,22.282
16,16,64,1024,30.6027
16,16,64,2048,42.9337
16,16,64,4096,65.5043
16,16,64,8192,110.08
16,16,64,16384,201.11
16,16,128,16,13.2373
16,16,128,32,13.3653
16,16,128,64,13.7593
16,16,128,128,16.1167
16,16,128,256,19.6267
16,16,128,512,31.605
16,16,128,1024,45.771
16,16,128,2048,67.1887
16,16,128,4096,115.734
16,16,128,8192,198.497
16,16,128,16384,372.151
16,32,0,0,11.6473
16,32,1,16,11.52
16,32,1,32,11.6063
16,32,1,64,11.52
16,32,1,128,12.5237
16,32,1,256,13.664
16,32,1,512,15.7867
16,32,1,1024,16.758
16,32,1,2048,16.9923
16,32,1,4096,16.9177
16,32,1,8192,18.944
16,32,1,16384,23.0293
16,32,2,16,11.7753
16,32,2,32,11.5953
16,32,2,64,11.616
16,32,2,128,12.768
16,32,2,256,13.93
16,32,2,512,15.712
16,32,2,1024,17.599
16,32,2,2048,17.5353
16,32,2,4096,17.579
16,32,2,8192,19.8403
16,32,2,16384,25.9197
16,32,4,16,11.819
16,32,4,32,11.8183
16,32,4,64,11.6903
16,32,4,128,12.811
16,32,4,256,13.9197
16,32,4,512,15.8613
16,32,4,1024,17.035
16,32,4,2048,17.5677
16,32,4,4096,18.4957
16,32,4,8192,22.8587
16,32,4,16384,32.512
16,32,8,16,11.8187
16,32,8,32,11.6057
16,32,8,64,11.733
16,32,8,128,12.8853
16,32,8,256,14.0583
16,32,8,512,16.2453
16,32,8,1024,17.184
16,32,8,2048,18.1013
16,32,8,4096,21.4507
16,32,8,8192,29.419
16,32,8,16384,43.6587
16,32,16,16,11.9893
16,32,16,32,11.9157
16,32,16,64,12.085
16,32,16,128,13.0247
16,32,16,256,14.1657
16,32,16,512,17.5363
16,32,16,1024,18.6023
16,32,16,2048,21.056
16,32,16,4096,28.1493
16,32,16,8192,41.6223
16,32,16,16384,66.5497
16,32,32,16,12.7043
16,32,32,32,12.6187
16,32,32,64,12.7257
16,32,32,128,13.9413
16,32,32,256,14.88
16,32,32,512,18.955
16,32,32,1024,21.8773
16,32,32,2048,28.4693
16,32,32,4096,41.366
16,32,32,8192,64.8323
16,32,32,16384,111.509
16,32,64,16,13.0457
16,32,64,32,13.1843
16,32,64,64,13.184
16,32,64,128,14.112
16,32,64,256,15.3603
16,32,64,512,22.5707
16,32,64,1024,30.368
16,32,64,2048,43.6487
16,32,64,4096,65.3767
16,32,64,8192,109.952
16,32,64,16384,201.324
16,32,128,16,13.4403
16,32,128,32,13.3543
16,32,128,64,13.8773
16,32,128,128,15.9033
16,32,128,256,19.7333
16,32,128,512,32.224
16,32,128,1024,45.4713
16,32,128,2048,68.2457
16,32,128,4096,115.2
16,32,128,8192,198.913
16,32,128,16384,372.3
16,64,0,0,11.52
16,64,1,16,11.6047
16,64,1,32,11.6373
16,64,1,64,11.5733
16,64,1,128,12.5973
16,64,1,256,13.6
16,64,1,512,15.797
16,64,1,1024,17.0773
16,64,1,2048,17.0027
16,64,1,4096,17.013
16,64,1,8192,19.0937
16,64,1,16384,22.752
16,64,2,16,11.6157
16,64,2,32,11.7333
16,64,2,64,11.7443
16,64,2,128,12.9173
16,64,2,256,13.8673
16,64,2,512,15.872
16,64,2,1024,17.1617
16,64,2,2048,17.184
16,64,2,4096,17.632
16,64,2,8192,19.541
16,64,2,16384,25.7493
16,64,4,16,11.798
16,64,4,32,11.851
16,64,4,64,11.83
16,64,4,128,12.9597
16,64,4,256,13.9417
16,64,4,512,15.979
16,64,4,1024,17.28
16,64,4,2048,17.835
16,64,4,4096,18.2613
16,64,4,8192,22.9873
16,64,4,16384,32.47
16,64,8,16,11.8613
16,64,8,32,11.8293
16,64,8,64,11.7653
16,64,8,128,12.8643
16,64,8,256,14.197
16,64,8,512,16.363
16,64,8,1024,17.0023
16,64,8,2048,17.962
16,64,8,4096,20.8213
16,64,8,8192,29.4507
16,64,8,16384,43.861
16,64,16,16,12.0213
16,64,16,32,12.1067
16,64,16,64,11.9573
16,64,16,128,13.035
16,64,16,256,14.1013
16,64,16,512,17.1417
16,64,16,1024,18.5067
16,64,16,2048,21.206
16,64,16,4096,28.1603
16,64,16,8192,41.2803
16,64,16,16384,66.1327
16,64,32,16,12.6603
16,64,32,32,12.576
16,64,32,64,12.7047
16,64,32,128,14.101
16,64,32,256,14.8473
16,64,32,512,19.147
16,64,32,1024,21.685
16,64,32,2048,28.8213
16,64,32,4096,41.472
16,64,32,8192,64.7363
16,64,32,16384,112.224
16,64,64,16,13.173
16,64,64,32,13.0127
16,64,64,64,13.0667
16,64,64,128,14.3673
16,64,64,256,15.35
16,64,64,512,22.5707
16,64,64,1024,30.1547
16,64,64,2048,43.2003
16,64,64,4096,65.569
16,64,64,8192,110.549
16,64,64,16384,201.121
16,64,128,16,13.1943
16,64,128,32,13.3543
16,64,128,64,13.696
16,64,128,128,15.8183
16,64,128,256,19.6693
16,64,128,512,31.9047
16,64,128,1024,46.3043
16,64,128,2048,68.2133
16,64,128,4096,115.125
16,64,128,8192,198.55
16,64,128,16384,370.838
16,128,0,0,12.8647
16,128,1,16,12.7147
16,128,1,32,12.8427
16,128,1,64,12.577
16,128,1,128,12.95
16,128,1,256,13.6103
16,128,1,512,16.5553
16,128,1,1024,16.9927
16,128,1,2048,16.704
16,128,1,4096,16.918
16,128,1,8192,19.1143
16,128,1,16384,23.2103
16,128,2,16,12.8743
16,128,2,32,12.7047
16,128,2,64,12.7787
16,128,2,128,12.7253
16,128,2,256,13.8027
16,128,2,512,15.7653
16,128,2,1024,16.831
16,128,2,2048,16.8323
16,128,2,4096,17.7597
16,128,2,8192,20.149
16,128,2,16384,26.0163
16,128,4,16,12.7893
16,128,4,32,12.885
16,128,4,64,12.7463
16,128,4,128,12.896
16,128,4,256,14.08
16,128,4,512,16.5973
16,128,4,1024,17.4293
16,128,4,2048,17.578
16,128,4,4096,18.2513
16,128,4,8192,22.9543
16,128,4,16384,31.8933
16,128,8,16,12.6723
16,128,8,32,12.6397
16,128,8,64,12.8963
16,128,8,128,12.9063
16,128,8,256,13.9093
16,128,8,512,16.203
16,128,8,1024,17.2903
16,128,8,2048,17.9847
16,128,8,4096,20.8537
16,128,8,8192,29.611
16,128,8,16384,43.6587
16,128,16,16,12.725
16,128,16,32,12.64
16,128,16,64,12.779
16,128,16,128,13.1303
16,128,16,256,14.0057
16,128,16,512,17.4393
16,128,16,1024,18.443
16,128,16,2048,21.6117
16,128,16,4096,28.32
16,128,16,8192,42.0907
16,128,16,16384,65.9313
16,128,32,16,12.9063
16,128,32,32,12.9497
16,128,32,64,12.8323
16,128,32,128,13.845
16,128,32,256,14.965
16,128,32,512,19.0077
16,128,32,1024,21.9517
16,128,32,2048,29.1093
16,128,32,4096,41.8137
16,128,32,8192,64.4157
16,128,32,16384,111.029
16,128,64,16,13.7177
16,128,64,32,13.793
16,128,64,64,13.194
16,128,64,128,14.218
16,128,64,256,15.542
16,128,64,512,22.8913
16,128,64,1024,30.6987
16,128,64,2048,43.3923
16,128,64,4096,66.475
16,128,64,8192,110.944
16,128,64,16384,201.857
16,128,128,16,14.219
16,128,128,32,13.8983
16,128,128,64,14.261
16,128,128,128,16.16
16,128,128,256,19.8507
16,128,128,512,31.9683
16,128,128,1024,45.3973
16,128,128,2048,67.8617
16,128,128,4096,116.203
16,128,128,8192,198.198
16,128,128,16384,372.695
16,256,0,0,13.6853
16,256,1,16,13.76
16,256,1,32,13.824
16,256,1,64,13.8133
16,256,1,128,13.6
16,256,1,256,13.653
16,256,1,512,16.4483
16,256,1,1024,17.451
16,256,1,2048,16.9177
16,256,1,4096,17.5357
16,256,1,8192,19.3067
16,256,1,16384,22.4757
16,256,2,16,13.8017
16,256,2,32,13.8133
16,256,2,64,13.782
16,256,2,128,13.8137
16,256,2,256,13.856
16,256,2,512,16.043
16,256,2,1024,16.7257
16,256,2,2048,16.7033
16,256,2,4096,17.28
16,256,2,8192,19.7973
16,256,2,16384,25.931
16,256,4,16,13.792
16,256,4,32,13.8347
16,256,4,64,13.793
16,256,4,128,13.7277
16,256,4,256,13.835
16,256,4,512,16.288
16,256,4,1024,17.4503
16,256,4,2048,17.8767
16,256,4,4096,18.2287
16,256,4,8192,22.9117
16,256,4,16384,32.1927
16,256,8,16,13.7707
16,256,8,32,13.6857
16,256,8,64,13.8243
16,256,8,128,13.845
16,256,8,256,13.984
16,256,8,512,16.1387
16,256,8,1024,17.3337
16,256,8,2048,18.2507
16,256,8,4096,20.8317
16,256,8,8192,29.6103
16,256,8,16384,43.0407
16,256,16,16,13.7493
16,256,16,32,13.7593
16,256,16,64,13.8247
16,256,16,128,13.6743
16,256,16,256,14.1763
16,256,16,512,16.9917
16,256,16,1024,18.891
16,256,16,2048,21.4507
16,256,16,4096,27.5843
16,256,16,8192,41.6
16,256,16,16384,67.0507
16,256,32,16,13.856
16,256,32,32,13.8557
16,256,32,64,13.941
16,256,32,128,14.0693
16,256,32,256,14.8693
16,256,32,512,19.008
16,256,32,1024,21.7383
16,256,32,2048,28.928
16,256,32,4096,41.3663
16,256,32,8192,64.2663
16,256,32,16384,111.455
16,256,64,16,14.0697
16,256,64,32,14.379
16,256,64,64,14.5077
16,256,64,128,14.4
16,256,64,256,15.669
16,256,64,512,22.762
16,256,64,1024,29.7383
16,256,64,2048,44.064
16,256,64,4096,66.4967
16,256,64,8192,110.518
16,256,64,16384,201.067
16,256,128,16,15.1677
16,256,128,32,15.1463
16,256,128,64,15.552
16,256,128,128,16.629
16,256,128,256,19.9577
16,256,128,512,31.7767
16,256,128,1024,45.3867
16,256,128,2048,68.4167
16,256,128,4096,114.976
16,256,128,8192,198.39
16,256,128,16384,373.377
16,512,0,0,15.7127
16,512,1,16,15.7337
16,512,1,32,15.9357
16,512,1,64,15.6707
16,512,1,128,16.096
16,512,1,256,16.8213
16,512,1,512,15.7227
16,512,1,1024,16.7893
16,512,1,2048,17.0663
16,512,1,4096,17.7067
16,512,1,8192,19.2107
16,512,1,16384,22.9657
16,512,2,16,15.6587
16,512,2,32,15.5627
16,512,2,64,15.808
16,512,2,128,16.267
16,512,2,256,16.128
16,512,2,512,16.0117
16,512,2,1024,16.981
16,512,2,2048,17.024
16,512,2,4096,17.6213
16,512,2,8192,19.6167
16,512,2,16384,26.0057
16,512,4,16,15.9687
16,512,4,32,16.1187
16,512,4,64,16.8537
16,512,4,128,16.3087
16,512,4,256,16.6717
16,512,4,512,16.778
16,512,4,1024,17.707
16,512,4,2048,17.717
16,512,4,4096,18.528
16,512,4,8192,23.0403
16,512,4,16384,32.0527
16,512,8,16,15.8933
16,512,8,32,15.788
16,512,8,64,16.085
16,512,8,128,16.3307
16,512,8,256,16.2457
16,512,8,512,16.4167
16,512,8,1024,17.4193
16,512,8,2048,18.005
16,512,8,4096,21.087
16,512,8,8192,29.3333
16,512,8,16384,44.257
16,512,16,16,15.552
16,512,16,32,15.573
16,512,16,64,15.925
16,512,16,128,16.288
16,512,16,256,16.3737
16,512,16,512,16.7477
16,512,16,1024,18.4537
16,512,16,2048,21.6217
16,512,16,4096,28.3307
16,512,16,8192,42.3683
16,512,16,16384,66.9867
16,512,32,16,15.8717
16,512,32,32,15.8603
16,512,32,64,15.9257
16,512,32,128,16.769
16,512,32,256,17.8237
16,512,32,512,18.8907
16,512,32,1024,22.2183
16,512,32,2048,28.8
16,512,32,4096,42.005
16,512,32,8192,64.6287
16,512,32,16384,111.605
16,512,64,16,17.4397
16,512,64,32,16.896
16,512,64,64,16.7893
16,512,64,128,18.4217
16,512,64,256,20.3517
16,512,64,512,23.4873
16,512,64,1024,30.4103
16,512,64,2048,43.403
16,512,64,4096,64.9393
16,512,64,8192,111.083
16,512,64,16384,200.502
16,512,128,16,19.104
16,512,128,32,19.3713
16,512,128,64,19.8723
16,512,128,128,21.7497
16,512,128,256,24
16,512,128,512,32.4373
16,512,128,1024,46.08
16,512,128,2048,67.7977
16,512,128,4096,116.907
16,512,128,8192,199.083
16,512,128,16384,374.039
16,1024,0,0,17.3013
16,1024,1,16,16.992
16,1024,1,32,17.1413
16,1024,1,64,17.5253
16,1024,1,128,17.7813
16,1024,1,256,18.3573
16,1024,1,512,18.1333
16,1024,1,1024,17.6857
16,1024,1,2048,17.1637
16,1024,1,4096,17.6963
16,1024,1,8192,19.2747
16,1024,1,16384,23.2323
16,1024,2,16,17.1093
16,1024,2,32,17.0897
16,1024,2,64,17.333
16,1024,2,128,17.5577
16,1024,2,256,17.7707
16,1024,2,512,17.803
16,1024,2,1024,17.803
16,1024,2,2048,16.981
16,1024,2,4096,17.984
16,1024,2,8192,20.2777
16,1024,2,16384,26.3573
16,1024,4,16,17.0023
16,1024,4,32,17.28
16,1024,4,64,17.5567
16,1024,4,128,17.5683
16,1024,4,256,17.632
16,1024,4,512,17.6853
16,1024,4,1024,18.1867
16,1024,4,2048,17.547
16,1024,4,4096,18.401
16,1024,4,8192,22.752
16,1024,4,16384,32.566
16,1024,8,16,17.206
16,1024,8,32,17.2373
16,1024,8,64,17.4293
16,1024,8,128,17.931
16,1024,8,256,17.6963
16,1024,8,512,17.931
16,1024,8,1024,17.8243
16,1024,8,2048,17.9727
16,1024,8,4096,21.1943
16,1024,8,8192,29.3867
16,1024,8,16384,43.403
16,1024,16,16,16.9177
16,1024,16,32,17.056
16,1024,16,64,17.5683
16,1024,16,128,17.7067
16,1024,16,256,17.643
16,1024,16,512,18.336
16,1024,16,1024,18.3893
16,1024,16,2048,21.782
16,1024,16,4096,28.1173
16,1024,16,8192,42.453
16,1024,16,16384,67.041
16,1024,32,16,17.6533
16,1024,32,32,18.5493
16,1024,32,64,17.4823
16,1024,32,128,18.176
16,1024,32,256,19.232
16,1024,32,512,19.0613
16,1024,32,1024,22.08
16,1024,32,2048,29.3447
16,1024,32,4096,41.515
16,1024,32,8192,64.9067
16,1024,32,16384,111.424
16,1024,64,16,17.707
16,1024,64,32,18.1437
16,1024,64,64,18.2087
16,1024,64,128,18.3147
16,1024,64,256,22.4327
16,1024,64,512,23.3277
16,1024,64,1024,31.2743
16,1024,64,2048,43.5093
16,1024,64,4096,65.686
16,1024,64,8192,111.041
16,1024,64,16384,201.729
16,1024,128,16,20.544
16,1024,128,32,20.6823
16,1024,128,64,21.536
16,1024,128,128,22.5067
16,1024,128,256,24.1387
16,1024,128,512,32.704
16,1024,128,1024,45.9953
16,1024,128,2048,68.2777
16,1024,128,4096,115.264
16,1024,128,8192,199.286
16,1024,128,16384,373.068
16,2048,0,0,18.2187
16,2048,1,16,17.5573
16,2048,1,32,17.7177
16,2048,1,64,17.803
16,2048,1,128,18.3257
16,2048,1,256,18.5173
16,2048,1,512,18.241
16,2048,1,1024,17.942
16,2048,1,2048,18.0803
16,2048,1,4096,17.8453
16,2048,1,8192,19.4563
16,2048,1,16384,23.8613
16,2048,2,16,18.0267
16,2048,2,32,17.5893
16,2048,2,64,17.9413
16,2048,2,128,18.016
16,2048,2,256,17.9627
16,2048,2,512,17.7063
16,2048,2,1024,17.7497
16,2048,2,2048,18.0047
16,2048,2,4096,17.8347
16,2048,2,8192,20.2453
16,2048,2,16384,26.923
16,2048,4,16,17.856
16,2048,4,32,17.621
16,2048,4,64,17.803
16,2048,4,128,18.0907
16,2048,4,256,17.9843
16,2048,4,512,17.9523
16,2048,4,1024,18.251
16,2048,4,2048,17.771
16,2048,4,4096,18.5813
16,2048,4,8192,23.4347
16,2048,4,16384,32.3307
16,2048,8,16,17.5997
16,2048,8,32,17.6643
16,2048,8,64,17.9833
16,2048,8,128,17.7387
16,2048,8,256,17.3013
16,2048,8,512,17.526
16,2048,8,1024,18.0053
16,2048,8,2048,18.347
16,2048,8,4096,21.888
16,2048,8,8192,30.422
16,2048,8,16384,44.139
16,2048,16,16,17.1413
16,2048,16,32,17.045
16,2048,16,64,17.312
16,2048,16,128,17.472
16,2048,16,256,17.781
16,2048,16,512,18.3257
16,2048,16,1024,18.369
16,2048,16,2048,22.1763
16,2048,16,4096,28.3747
16,2048,16,8192,42.017
16,2048,16,16384,66.4957
16,2048,32,16,17.7707
16,2048,32,32,17.9093
16,2048,32,64,17.621
16,2048,32,128,18.123
16,2048,32,256,19.0397
16,2048,32,512,19.0397
16,2048,32,1024,22.4747
16,2048,32,2048,29.3223
16,2048,32,4096,42.071
16,2048,32,8192,64.7253
16,2048,32,16384,112.214
16,2048,64,16,17.995
16,2048,64,32,18.8267
16,2048,64,64,19.093
16,2048,64,128,18.2183
16,2048,64,256,24.0003
16,2048,64,512,28.6183
16,2048,64,1024,31.1797
16,2048,64,2048,43.52
16,2048,64,4096,65.8997
16,2048,64,8192,111.723
16,2048,64,16384,201.665
16,2048,128,16,20.5973
16,2048,128,32,21.0987
16,2048,128,64,21.3333
16,2048,128,128,25.2373
16,2048,128,256,29.174
16,2048,128,512,34.2827
16,2048,128,1024,45.6213
16,2048,128,2048,68.2883
16,2048,128,4096,115.979
16,2048,128,8192,200.161
16,2048,128,16384,373.612
16,4096,0,0,17.9207
16,4096,1,16,18.1447
16,4096,1,32,18.1967
16,4096,1,64,18.0267
16,4096,1,128,18.176
16,4096,1,256,18.6463
16,4096,1,512,18.336
16,4096,1,1024,18.6137
16,4096,1,2048,17.856
16,4096,1,4096,18.2823
16,4096,1,8192,19.9253
16,4096,1,16384,23.349
16,4096,2,16,18.795
16,4096,2,32,18.8167
16,4096,2,64,18.5493
16,4096,2,128,18.955
16,4096,2,256,18.656
16,4096,2,512,18.4213
16,4096,2,1024,18.667
16,4096,2,2048,18.369
16,4096,2,4096,18.005
16,4096,2,8192,21.0133
16,4096,2,16384,25.9093
16,4096,4,16,18.709
16,4096,4,32,18.326
16,4096,4,64,18.5173
16,4096,4,128,18.5383
16,4096,4,256,18.8583
16,4096,4,512,18.037
16,4096,4,1024,18.2293
16,4096,4,2048,19.1253
16,4096,4,4096,19.4663
16,4096,4,8192,23.519
16,4096,4,16384,32.7357
16,4096,8,16,18.2183
16,4096,8,32,18.1443
16,4096,8,64,18.3247
16,4096,8,128,17.931
16,4096,8,256,18.1017
16,4096,8,512,18.144
16,4096,8,1024,18.3033
16,4096,8,2048,19.0393
16,4096,8,4096,21.2903
16,4096,8,8192,30.1123
16,4096,8,16384,44.288
16,4096,16,16,18.1763
16,4096,16,32,18.2513
16,4096,16,64,18.165
16,4096,16,128,17.984
16,4096,16,256,18.1433
16,4096,16,512,19.2427
16,4096,16,1024,19.317
16,4096,16,2048,22.453
16,4096,16,4096,28.9067
16,4096,16,8192,42.9973
16,4096,16,16384,66.251
16,4096,32,16,18.773
16,4096,32,32,18.6667
16,4096,32,64,18.5177
16,4096,32,128,18.464
16,4096,32,256,19.5087
16,4096,32,512,19.6697
16,4096,32,1024,22.645
16,4096,32,2048,35.1367
16,4096,32,4096,41.493
16,4096,32,8192,65.152
16,4096,32,16384,111.414
16,4096,64,16,19.6473
16,4096,64,32,18.7743
16,4096,64,64,19.8397
16,4096,64,128,19.84
16,4096,64,256,24.544
16,4096,64,512,28.6287
16,4096,64,1024,37.2483
16,4096,64,2048,43.829
16,4096,64,4096,66.1973
16,4096,64,8192,111.467
16,4096,64,16384,202.273
16,4096,128,16,21.7497
16,4096,128,32,21.3547
16,4096,128,64,23.3493
16,4096,128,128,25.7807
16,4096,128,256,29.6103
16,4096,128,512,39.968
16,4096,128,1024,46.6763
16,4096,128,2048,69.0033
16,4096,128,4096,116.939
16,4096,128,8192,199.425
16,4096,128,16384,373.825
16,8192,0,0,19.979
16,8192,1,16,19.424
16,8192,1,32,19.958
16,8192,1,64,19.9457
16,8192,1,128,20.1603
16,8192,1,256,19.883
16,8192,1,512,18.8483
16,8192,1,1024,20.0107
16,8192,1,2048,20.3407
16,8192,1,4096,20.576
16,8192,1,8192,20.6617
16,8192,1,16384,24.1923
16,8192,2,16,19.8937
16,8192,2,32,20.3197
16,8192,2,64,20.2347
16,8192,2,128,20.1587
16,8192,2,256,19.4033
16,8192,2,512,20.0317
16,8192,2,1024,19.787
16,8192,2,2048,20.3203
16,8192,2,4096,20.128
16,8192,2,8192,21.3653
16,8192,2,16384,27.2317
16,8192,4,16,19.979
16,8192,4,32,20.2133
16,8192,4,64,20.0007
16,8192,4,128,20.0957
16,8192,4,256,20.2883
16,8192,4,512,20.0427
16,8192,4,1024,20.4903
16,8192,4,2048,20.544
16,8192,4,4096,20.9603
16,8192,4,8192,23.9353
16,8192,4,16384,33.6963
16,8192,8,16,20.0107
16,8192,8,32,19.8723
16,8192,8,64,19.894
16,8192,8,128,20.1497
16,8192,8,256,20.043
16,8192,8,512,20.1173
16,8192,8,1024,19.7443
16,8192,8,2048,20.4593
16,8192,8,4096,23.488
16,8192,8,8192,30.8153
16,8192,8,16384,45.0987
16,8192,16,16,19.776
16,8192,16,32,19.9793
16,8192,16,64,19.8077
16,8192,16,128,20.0327
16,8192,16,256,20.416
16,8192,16,512,19.808
16,8192,16,1024,20.961
16,8192,16,2048,24.225
16,8192,16,4096,31.4023
16,8192,16,8192,43.52
16,8192,16,16384,68.0217
16,8192,32,16,20.2027
16,8192,32,32,20.394
16,8192,32,64,20.213
16,8192,32,128,20.1603
16,8192,32,256,20.8007
16,8192,32,512,21.3333
16,8192,32,1024,24.972
16,8192,32,2048,32.0107
16,8192,32,4096,51.7543
16,8192,32,8192,65.6423
16,8192,32,16384,111.648
16,8192,64,16,20.9927
16,8192,64,32,21.2167
16,8192,64,64,21.002
16,8192,64,128,21.3007
16,8192,64,256,22.3997
16,8192,64,512,29.622
16,8192,64,1024,39.968
16,8192,64,2048,54.613
16,8192,64,4096,67.8723
16,8192,64,8192,111.51
16,8192,64,16384,202.102
16,8192,128,16,22.9547
16,8192,128,32,23.9897
16,8192,128,64,23.9247
16,8192,128,128,26.9977
16,8192,128,256,31.083
16,8192,128,512,41.195
16,8192,128,1024,58.7743
16,8192,128,2048,70.1663
16,8192,128,4096,116.8
16,8192,128,8192,200.79
16,8192,128,16384,375.372
16,16384,0,0,22.7847
16,16384,1,16,22.6453
16,16384,1,32,23.2537
16,16384,1,64,23.4567
16,16384,1,128,23.072
16,16384,1,256,23.734
16,16384,1,512,23.563
16,16384,1,1024,23.8173
16,16384,1,2048,23.829
16,16384,1,4096,23.9777
16,16384,1,8192,24.2027
16,16384,1,16384,26.2613
16,16384,2,16,22.9443
16,16384,2,32,23.328
16,16384,2,64,23.754
16,16384,2,128,23.04
16,16384,2,256,24.0107
16,16384,2,512,23.947
16,16384,2,1024,23.6377
16,16384,2,2048,23.5623
16,16384,2,4096,24.3307
16,16384,2,8192,25.6963
16,16384,2,16384,28.8213
16,16384,4,16,23.2313
16,16384,4,32,23.2
16,16384,4,64,23.2427
16,16384,4,128,22.9443
16,16384,4,256,23.7017
16,16384,4,512,23.563
16,16384,4,1024,23.3703
16,16384,4,2048,24.4057
16,16384,4,4096,25.344
16,16384,4,8192,28.661
16,16384,4,16384,35.776
16,16384,8,16,22.3573
16,16384,8,32,22.5063
16,16384,8,64,22.443
16,16384,8,128,22.6033
16,16384,8,256,22.9223
16,16384,8,512,23.146
16,16384,8,1024,23.723
16,16384,8,2048,25.493
16,16384,8,4096,28.2133
16,16384,8,8192,34.9543
16,16384,8,16384,46.965
16,16384,16,16,22.2403
16,16384,16,32,22.6137
16,16384,16,64,22.4857
16,16384,16,128,22.7203
16,16384,16,256,23.3923
16,16384,16,512,24.0747
16,16384,16,1024,25.9837
16,16384,16,2048,28.779
16,16384,16,4096,35.2213
16,16384,16,8192,47.7443
16,16384,16,16384,70.6773
16,16384,32,16,23.4663
16,16384,32,32,23.1787
16,16384,32,64,23.7873
16,16384,32,128,23.456
16,16384,32,256,24.3303
16,16384,32,512,26.5917
16,16384,32,1024,29.28
16,16384,32,2048,36.086
16,16384,32,4096,55.8197
16,16384,32,8192,85.397
16,16384,32,16384,113.91
16,16384,64,16,23.382
16,16384,64,32,23.8183
16,16384,64,64,24.192
16,16384,64,128,24.406
16,16384,64,256,25.3543
16,16384,64,512,32.981
16,16384,64,1024,42.432
16,16384,64,2048,59.0197
16,16384,64,4096,89.7287
16,16384,64,8192,115.798
16,16384,64,16384,203.008
16,16384,128,16,24.523
16,16384,128,32,24.6827
16,16384,128,64,24.9063
16,16384,128,128,27.4557
16,16384,128,256,32.6507
16,16384,128,512,42.0593
16,16384,128,1024,58.763
16,16384,128,2048,89.2807
16,16384,128,4096,118.625
16,16384,128,8192,199.83
16,16384,128,16384,376.386
32,0,0,0,14.2507
32,0,1,16,14.2077
32,0,1,32,14.1017
32,0,1,64,14.1007
32,0,1,128,15.3603
32,0,1,256,16.821
32,0,1,512,19.1253
32,0,1,1024,19.9787
32,0,1,2048,19.168
32,0,1,4096,19.2653
32,0,1,8192,22.0473
32,0,1,16384,24.9707
32,0,2,16,14.1547
32,0,2,32,14.1753
32,0,2,64,14.1443
32,0,2,128,15.4133
32,0,2,256,16.864
32,0,2,512,19.179
32,0,2,1024,19.616
32,0,2,2048,19.1883
32,0,2,4096,19.574
32,0,2,8192,21.5897
32,0,2,16384,26.8053
32,0,4,16,14.1973
32,0,4,32,14.2083
32,0,4,64,14.2717
32,0,4,128,15.5197
32,0,4,256,16.8637
32,0,4,512,19.062
32,0,4,1024,19.84
32,0,4,2048,19.1463
32,0,4,4096,19.9253
32,0,4,8192,23.648
32,0,4,16384,33.8667
32,0,8,16,14.261
32,0,8,32,14.0913
32,0,8,64,14.1447
32,0,8,128,15.4347
32,0,8,256,16.7573
32,0,8,512,19.2643
32,0,8,1024,19.0187
32,0,8,2048,19.68
32,0,8,4096,22.314
32,0,8,8192,30.5383
32,0,8,16384,45.718
32,0,16,16,13.7593
32,0,16,32,13.7493
32,0,16,64,13.7717
32,0,16,128,15.05
32,0,16,256,16.6177
32,0,16,512,18.9333
32,0,16,1024,20.0423
32,0,16,2048,22.0583
32,0,16,4096,29.5253
32,0,16,8192,43.0717
32,0,16,16384,66.688
32,0,32,16,14.177
32,0,32,32,14.2193
32,0,32,64,14.1447
32,0,32,128,15.9143
32,0,32,256,17.1097
32,0,32,512,20.512
32,0,32,1024,22.848
32,0,32,2048,29.3867
32,0,32,4096,42.336
32,0,32,8192,64.4693
32,0,32,16384,112.31
32,0,64,16,14.816
32,0,64,32,14.7843
32,0,64,64,14.9653
32,0,64,128,16.469
32,0,64,256,17.6003
32,0,64,512,23.5947
32,0,64,1024,31.318
32,0,64,2048,45.014
32,0,64,4096,67.2753
32,0,64,8192,113.152
32,0,64,16384,202.241
32,0,128,16,15.1893
32,0,128,32,15.2857
32,0,128,64,15.3493
32,0,128,128,16.6933
32,0,128,256,20.3847
32,0,128,512,31.9997
32,0,128,1024,46.8053
32,0,128,2048,69.2587
32,0,128,4096,118.678
32,0,128,8192,201.772
32,0,128,16384,376.396
32,16,0,0,14.1437
32,16,1,16,14.2403
32,16,1,32,14.1343
32,16,1,64,14.0053
32,16,1,128,15.3273
32,16,1,256,16.8637
32,16,1,512,19.701
32,16,1,1024,19.5523
32,16,1,2048,18.987
32,16,1,4096,19.52
32,16,1,8192,21.2583
32,16,1,16384,25.0663
32,16,2,16,14.1437
32,16,2,32,14.2607
32,16,2,64,14.0483
32,16,2,128,15.52
32,16,2,256,16.822
32,16,2,512,19.7977
32,16,2,1024,19.6473
32,16,2,2048,19.1893
32,16,2,4096,19.264
32,16,2,8192,21.6313
32,16,2,16384,26.709
32,16,4,16,14.144
32,16,4,32,14.176
32,16,4,64,14.2827
32,16,4,128,15.6167
32,16,4,256,17.099
32,16,4,512,18.485
32,16,4,1024,19.4453
32,16,4,2048,19.1367
32,16,4,4096,19.712
32,16,4,8192,23.659
32,16,4,16384,33.1947
32,16,8,16,14.0267
32,16,8,32,13.9727
32,16,8,64,14.272
32,16,8,128,15.3707
32,16,8,256,16.7997
32,16,8,512,18.869
32,16,8,1024,19.424
32,16,8,2048,19.9893
32,16,8,4096,22.72
32,16,8,8192,30.7837
32,16,8,16384,45.578
32,16,16,16,13.856
32,16,16,32,13.803
32,16,16,64,13.867
32,16,16,128,15.2637
32,16,16,256,16.6507
32,16,16,512,18.87
32,16,16,1024,20.118
32,16,16,2048,22.2827
32,16,16,4096,28.747
32,16,16,8192,43.2213
32,16,16,16384,66.763
32,16,32,16,14.389
32,16,32,32,14.304
32,16,32,64,14.2613
32,16,32,128,15.7547
32,16,32,256,17.0987
32,16,32,512,20.2563
32,16,32,1024,22.2827
32,16,32,2048,29.3117
32,16,32,4096,41.974
32,16,32,8192,64.9387
32,16,32,16384,112.736
32,16,64,16,14.9653
32,16,64,32,14.741
32,16,64,64,14.976
32,16,64,128,16.4053
32,16,64,256,17.472
32,16,64,512,23.3493
32,16,64,1024,31.3607
32,16,64,2048,43.8827
32,16,64,4096,67.0403
32,16,64,8192,114.059
32,16,64,16384,202.401
32,16,128,16,15.1357
32,16,128,32,15.0613
32,16,128,64,15.4027
32,16,128,128,16.7253
32,16,128,256,20.5123
32,16,128,512,31.8507
32,16,128,1024,46.72
32,16,128,2048,69.131
32,16,128,4096,118.539
32,16,128,8192,201.814
32,16,128,16384,376.566
32,32,0,0,14.155
32,32,1,16,14.154
32,32,1,32,13.9627
32,32,1,64,14.2287
32,32,1,128,15.4987
32,32,1,256,16.864
32,32,1,512,19.7117
32,32,1,1024,19.2427
32,32,1,2048,19.413
32,32,1,4096,19.4457
32,32,1,8192,21.5893
32,32,1,16384,24.7153
32,32,2,16,13.9417
32,32,2,32,14.1447
32,32,2,64,14.208
32,32,2,128,15.4453
32,32,2,256,16.81
32,32,2,512,18.9657
32,32,2,1024,19.1573
32,32,2,2048,19.4137
32,32,2,4096,19.4343
32,32,2,8192,21.877
32,32,2,16384,26.582
32,32,4,16,14.1763
32,32,4,32,14.198
32,32,4,64,14.1967
32,32,4,128,15.4777
32,32,4,256,17.045
32,32,4,512,18.7527
32,32,4,1024,19.3497
32,32,4,2048,19.0933
32,32,4,4096,19.7443
32,32,4,8192,23.669
32,32,4,16384,33.3863
32,32,8,16,14.2617
32,32,8,32,14.0797
32,32,8,64,14.23
32,32,8,128,15.381
32,32,8,256,16.9597
32,32,8,512,19.2643
32,32,8,1024,19.168
32,32,8,2048,19.7443
32,32,8,4096,22.6667
32,32,8,8192,30.6033
32,32,8,16384,45.685
32,32,16,16,13.6967
32,32,16,32,13.835
32,32,16,64,13.9407
32,32,16,128,15.2
32,32,16,256,16.5333
32,32,16,512,19.094
32,32,16,1024,19.8933
32,32,16,2048,22.7097
32,32,16,4096,28.9277
32,32,16,8192,42.9013
32,32,16,16384,67.2113
32,32,32,16,14.2717
32,32,32,32,14.2717
32,32,32,64,14.2507
32,32,32,128,15.9363
32,32,32,256,16.938
32,32,32,512,20.15
32,32,32,1024,22.7737
32,32,32,2048,29.131
32,32,32,4096,42.506
32,32,32,8192,65.1837
32,32,32,16384,113.056
32,32,64,16,14.72
32,32,64,32,15.0617
32,32,64,64,14.8483
32,32,64,128,16.5327
32,32,64,256,17.4713
32,32,64,512,23.4137
32,32,64,1024,31.33
32,32,64,2048,44.7043
32,32,64,4096,66.8373
32,32,64,8192,112.971
32,32,64,16384,204.672
32,32,128,16,14.944
32,32,128,32,15.1253
32,32,128,64,15.4567
32,32,128,128,16.9713
32,32,128,256,20.565
32,32,128,512,32.0747
32,32,128,1024,46.7093
32,32,128,2048,69.7187
32,32,128,4096,118.838
32,32,128,8192,201.046
32,32,128,16384,377.376
32,64,0,0,14.2823
32,64,1,16,14.122
32,64,1,32,14.176
32,64,1,64,14.1433
32,64,1,128,15.392
32,64,1,256,16.8527
32,64,1,512,19.4453
32,64,1,1024,18.8807
32,64,1,2048,19.221
32,64,1,4096,19.573
32,64,1,8192,21.7183
32,64,1,16384,24.9913
32,64,2,16,14.336
32,64,2,32,14.176
32,64,2,64,14.422
32,64,2,128,15.307
32,64,2,256,16.7787
32,64,2,512,19.8933
32,64,2,1024,19.5417
32,64,2,2048,19.35
32,64,2,4096,19.4137
32,64,2,8192,21.9833
32,64,2,16384,26.827
32,64,4,16,14.0803
32,64,4,32,14.0807
32,64,4,64,14.154
32,64,4,128,15.5843
32,64,4,256,17.1517
32,64,4,512,18.88
32,64,4,1024,19.4667
32,64,4,2048,19.264
32,64,4,4096,19.8087
32,64,4,8192,24.1173
32,64,4,16384,33.4927
32,64,8,16,14.155
32,64,8,32,14.1543
32,64,8,64,14.219
32,64,8,128,15.6473
32,64,8,256,16.864
32,64,8,512,18.965
32,64,8,1024,19.0293
32,64,8,2048,19.7227
32,64,8,4096,22.0477
32,64,8,8192,30.656
32,64,8,16384,45.1837
32,64,16,16,13.7917
32,64,16,32,13.6103
32,64,16,64,13.6637
32,64,16,128,15.232
32,64,16,256,16.4587
32,64,16,512,18.944
32,64,16,1024,19.915
32,64,16,2048,22.7087
32,64,16,4096,29.2483
32,64,16,8192,42.8803
32,64,16,16384,68.0963
32,64,32,16,14.2823
32,64,32,32,14.2827
32,64,32,64,14.3247
32,64,32,128,15.851
32,64,32,256,16.971
32,64,32,512,20.245
32,64,32,1024,22.709
32,64,32,2048,29.3113
32,64,32,4096,41.952
32,64,32,8192,65.0247
32,64,32,16384,112.992
32,64,64,16,14.7313
32,64,64,32,14.7417
32,64,64,64,14.923
32,64,64,128,16.4483
32,64,64,256,17.557
32,64,64,512,23.8083
32,64,64,1024,30.944
32,64,64,2048,44.576
32,64,64,4096,66.8483
32,64,64,8192,112.491
32,64,64,16384,202.817
32,64,128,16,15.0087
32,64,128,32,15.1687
32,64,128,64,15.3383
32,64,128,128,16.9283
32,64,128,256,20.4487
32,64,128,512,32.032
32,64,128,1024,46.88
32,64,128,2048,68.843
32,64,128,4096,117.984
32,64,128,8192,201.281
32,64,128,16384,375.991
32,128,0,0,15.8407
32,128,1,16,15.712
32,128,1,32,15.541
32,128,1,64,15.7437
32,128,1,128,15.6697
32,128,1,256,16.8643
32,128,1,512,20.81
32,128,1,1024,19.585
32,128,1,2048,19.4453
32,128,1,4096,20.0533
32,128,1,8192,21.6957
32,128,1,16384,25.1207
32,128,2,16,15.7127
32,128,2,32,15.7223
32,128,2,64,15.7767
32,128,2,128,15.7013
32,128,2,256,16.7677
32,128,2,512,21.493
32,128,2,1024,19.5303
32,128,2,2048,19.626
32,128,2,4096,19.8283
32,128,2,8192,21.8453
32,128,2,16384,27.0513
32,128,4,16,15.6057
32,128,4,32,15.6267
32,128,4,64,15.84
32,128,4,128,15.8503
32,128,4,256,17.163
32,128,4,512,19.4243
32,128,4,1024,19.1897
32,128,4,2048,19.52
32,128,4,4096,20.448
32,128,4,8192,23.9147
32,128,4,16384,33.248
32,128,8,16,15.5317
32,128,8,32,15.872
32,128,8,64,15.5627
32,128,8,128,15.5623
32,128,8,256,16.864
32,128,8,512,20.9597
32,128,8,1024,19.0507
32,128,8,2048,19.8187
32,128,8,4096,22.1223
32,128,8,8192,30.027
32,128,8,16384,45.8337
32,128,16,16,15.1673
32,128,16,32,15.253
32,128,16,64,15.243
32,128,16,128,15.2633
32,128,16,256,16.619
32,128,16,512,19.392
32,128,16,1024,19.8717
32,128,16,2048,22.667
32,128,16,4096,29.301
32,128,16,8192,43.755
32,128,16,16384,67.5837
32,128,32,16,15.264
32,128,32,32,15.4563
32,128,32,64,15.4027
32,128,32,128,15.7867
32,128,32,256,17.0347
32,128,32,512,19.9893
32,128,32,1024,22.8583
32,128,32,2048,29.3333
32,128,32,4096,42.9763
32,128,32,8192,65.8133
32,128,32,16384,112.118
32,128,64,16,15.8293
32,128,64,32,15.9033
32,128,64,64,15.7657
32,128,64,128,16.5437
32,128,64,256,17.4933
32,128,64,512,23.787
32,128,64,1024,31.7333
32,128,64,2048,45.0243
32,128,64,4096,67.4027
32,128,64,8192,112.652
32,128,64,16384,203.297
32,128,128,16,16.213
32,128,128,32,16.3203
32,128,128,64,16.6823
32,128,128,128,17.3337
32,128,128,256,19.9787
32,128,128,512,32.1923
32,128,128,1024,46.4
32,128,128,2048,69.5573
32,128,128,4096,118.251
32,128,128,8192,201.322
32,128,128,16384,377.035
32,256,0,0,17.173
32,256,1,16,17.1627
32,256,1,32,17.057
32,256,1,64,17.1943
32,256,1,128,17.0767
32,256,1,256,17.2053
32,256,1,512,20.491
32,256,1,1024,19.658
32,256,1,2048,19.776
32,256,1,4096,20.063
32,256,1,8192,21.7177
32,256,1,16384,25.302
32,256,2,16,17.056
32,256,2,32,17.0887
32,256,2,64,17.0453
32,256,2,128,17.1303
32,256,2,256,17.099
32,256,2,512,20.4377
32,256,2,1024,19.797
32,256,2,2048,20.1067
32,256,2,4096,19.52
32,256,2,8192,22.0807
32,256,2,16384,26.944
32,256,4,16,17.1947
32,256,4,32,17.078
32,256,4,64,17.216
32,256,4,128,17.0557
32,256,4,256,17.248
32,256,4,512,20.1597
32,256,4,1024,19.6483
32,256,4,2048,19.4987
32,256,4,4096,20.1707
32,256,4,8192,23.9473
32,256,4,16384,33.323
32,256,8,16,17.11
32,256,8,32,17.216
32,256,8,64,17.1627
32,256,8,128,17.0133
32,256,8,256,17.173
32,256,8,512,20.0107
32,256,8,1024,19.2647
32,256,8,2048,21.27
32,256,8,4096,22.5177
32,256,8,8192,30.4527
32,256,8,16384,45.0777
32,256,16,16,16.7577
32,256,16,32,16.5647
32,256,16,64,16.5867
32,256,16,128,16.6083
32,256,16,256,16.7893
32,256,16,512,20.587
32,256,16,1024,20.352
32,256,16,2048,22.3147
32,256,16,4096,29.142
32,256,16,8192,42.5813
32,256,16,16384,67.3813
32,256,32,16,16.928
32,256,32,32,16.896
32,256,32,64,16.8107
32,256,32,128,16.8323
32,256,32,256,16.97
32,256,32,512,20.6943
32,256,32,1024,22.6887
32,256,32,2048,29.5357
32,256,32,4096,42.464
32,256,32,8192,65.6323
32,256,32,16384,112.981
32,256,64,16,17.227
32,256,64,32,17.5787
32,256,64,64,17.3227
32,256,64,128,17.3017
32,256,64,256,17.483
32,256,64,512,23.7013
32,256,64,1024,30.9873
32,256,64,2048,43.947
32,256,64,4096,66.9657
32,256,64,8192,114.08
32,256,64,16384,202.071
32,256,128,16,18.1337
32,256,128,32,18.219
32,256,128,64,18.0693
32,256,128,128,17.9417
32,256,128,256,20.672
32,256,128,512,32.1387
32,256,128,1024,47.0077
32,256,128,2048,69.099
32,256,128,4096,117.633
32,256,128,8192,202.059
32,256,128,16384,376.46
32,512,0,0,20.576
32,512,1,16,20.608
32,512,1,32,20.821
32,512,1,64,20.8533
32,512,1,128,20.7573
32,512,1,256,21.2687
32,512,1,512,20.8003
32,512,1,1024,20.0217
32,512,1,2048,20.1383
32,512,1,4096,19.6907
32,512,1,8192,21.7707
32,512,1,16384,25.5247
32,512,2,16,20.2773
32,512,2,32,20.3097
32,512,2,64,20.5013
32,512,2,128,20.6723
32,512,2,256,20.8427
32,512,2,512,20.768
32,512,2,1024,19.6693
32,512,2,2048,20.2133
32,512,2,4096,19.9257
32,512,2,8192,22.3037
32,512,2,16384,27.3603
32,512,4,16,19.978
32,512,4,32,19.2643
32,512,4,64,20.096
32,512,4,128,20.8317
32,512,4,256,20.47
32,512,4,512,20.2563
32,512,4,1024,19.776
32,512,4,2048,18.7737
32,512,4,4096,20.021
32,512,4,8192,25.0457
32,512,4,16384,32.9177
32,512,8,16,20.17
32,512,8,32,20.3093
32,512,8,64,20.533
32,512,8,128,20.555
32,512,8,256,20.6617
32,512,8,512,20.1917
32,512,8,1024,19.5947
32,512,8,2048,21.1307
32,512,8,4096,23.0507
32,512,8,8192,31.1363
32,512,8,16384,44.9817
32,512,16,16,20.0317
32,512,16,32,19.3813
32,512,16,64,19.456
32,512,16,128,20.0433
32,512,16,256,20.2987
32,512,16,512,20.0963
32,512,16,1024,20
32,512,16,2048,23.3393
32,512,16,4096,28.6717
32,512,16,8192,43.381
32,512,16,16384,67.936
32,512,32,16,19.2533
32,512,32,32,18.6883
32,512,32,64,18.6887
32,512,32,128,19.872
32,512,32,256,20.4893
32,512,32,512,21.6007
32,512,32,1024,23.8827
32,512,32,2048,29.7813
32,512,32,4096,42.5067
32,512,32,8192,65.0347
32,512,32,16384,112.076
32,512,64,16,20.107
32,512,64,32,19.7227
32,512,64,64,20.257
32,512,64,128,20.5973
32,512,64,256,21.6853
32,512,64,512,24.9173
32,512,64,1024,31.8293
32,512,64,2048,44.9183
32,512,64,4096,66.987
32,512,64,8192,113.153
32,512,64,16384,204.182
32,512,128,16,21.7817
32,512,128,32,21.5247
32,512,128,64,21.5357
32,512,128,128,23.5093
32,512,128,256,24.811
32,512,128,512,31.6373
32,512,128,1024,47.168
32,512,128,2048,68.8323
32,512,128,4096,119.158
32,512,128,8192,201.642
32,512,128,16384,375.478
32,1024,0,0,21.1947
32,1024,1,16,20.97
32,1024,1,32,21.0243
32,1024,1,64,20.9713
32,1024,1,128,21.8667
32,1024,1,256,21.6103
32,1024,1,512,21.088
32,1024,1,1024,21.4297
32,1024,1,2048,19.7763
32,1024,1,4096,20.576
32,1024,1,8192,21.9833
32,1024,1,16384,25.6317
32,1024,2,16,20.8423
32,1024,2,32,21.088
32,1024,2,64,20.7143
32,1024,2,128,21.632
32,1024,2,256,21.1623
32,1024,2,512,21.5367
32,1024,2,1024,21.419
32,1024,2,2048,19.8507
32,1024,2,4096,20.15
32,1024,2,8192,22.1547
32,1024,2,16384,28.8637
32,1024,4,16,21.0243
32,1024,4,32,20.6297
32,1024,4,64,21.0877
32,1024,4,128,21.131
32,1024,4,256,20.9927
32,1024,4,512,21.4397
32,1024,4,1024,21.141
32,1024,4,2048,19.1257
32,1024,4,4096,20.7677
32,1024,4,8192,25.2063
32,1024,4,16384,33.9303
32,1024,8,16,20.6183
32,1024,8,32,20.6083
32,1024,8,64,20.9287
32,1024,8,128,21.6533
32,1024,8,256,21.3863
32,1024,8,512,21.1733
32,1024,8,1024,21.1413
32,1024,8,2048,21.333
32,1024,8,4096,23.349
32,1024,8,8192,31.264
32,1024,8,16384,45.397
32,1024,16,16,20.6937
32,1024,16,32,20.6183
32,1024,16,64,21.0347
32,1024,16,128,21.3747
32,1024,16,256,20.9927
32,1024,16,512,21.5363
32,1024,16,1024,20.2017
32,1024,16,2048,22.3787
32,1024,16,4096,29.3233
32,1024,16,8192,43.595
32,1024,16,16384,67.4773
32,1024,32,16,20.6183
32,1024,32,32,20.502
32,1024,32,64,20.4267
32,1024,32,128,21.1953
32,1024,32,256,21.301
32,1024,32,512,21.493
32,1024,32,1024,23.5093
32,1024,32,2048,30.4853
32,1024,32,4096,42.7537
32,1024,32,8192,66.72
32,1024,32,16384,112.161
32,1024,64,16,20.917
32,1024,64,32,20.6723
32,1024,64,64,20.7153
32,1024,64,128,20.576
32,1024,64,256,25.6747
32,1024,64,512,25.3547
32,1024,64,1024,31.9047
32,1024,64,2048,44.661
32,1024,64,4096,67.3067
32,1024,64,8192,112.96
32,1024,64,16384,203.905
32,1024,128,16,24.4053
32,1024,128,32,24.0323
32,1024,128,64,24.7893
32,1024,128,128,24.192
32,1024,128,256,26.2077
32,1024,128,512,32.555
32,1024,128,1024,47.7867
32,1024,128,2048,70.1657
32,1024,128,4096,117.408
32,1024,128,8192,202.379
32,1024,128,16384,380.491
32,2048,0,0,21.5787
32,2048,1,16,21.9627
32,2048,1,32,22.0157
32,2048,1,64,21.771
32,2048,1,128,22.2287
32,2048,1,256,22.3367
32,2048,1,512,22.784
32,2048,1,1024,22.614
32,2048,1,2048,22.368
32,2048,1,4096,20.341
32,2048,1,8192,22.304
32,2048,1,16384,25.9733
32,2048,2,16,21.6
32,2048,2,32,21.5573
32,2048,2,64,22.016
32,2048,2,128,22.3573
32,2048,2,256,22.2827
32,2048,2,512,21.7497
32,2048,2,1024,22.0373
32,2048,2,2048,22.2723
32,2048,2,4096,19.7547
32,2048,2,8192,22.8797
32,2048,2,16384,29.4187
32,2048,4,16,21.3647
32,2048,4,32,21.44
32,2048,4,64,21.2483
32,2048,4,128,21.8557
32,2048,4,256,21.6533
32,2048,4,512,21.8347
32,2048,4,1024,21.6647
32,2048,4,2048,21.8237
32,2048,4,4096,21.2373
32,2048,4,8192,25.909
32,2048,4,16384,33.909
32,2048,8,16,21.6533
32,2048,8,32,21.6533
32,2048,8,64,20.9707
32,2048,8,128,21.9843
32,2048,8,256,21.8563
32,2048,8,512,21.578
32,2048,8,1024,21.7497
32,2048,8,2048,21.3443
32,2048,8,4096,23.1893
32,2048,8,8192,30.987
32,2048,8,16384,45.1843
32,2048,16,16,20.7463
32,2048,16,32,20.9067
32,2048,16,64,20.7047
32,2048,16,128,21.4517
32,2048,16,256,21.5253
32,2048,16,512,21.825
32,2048,16,1024,20.533
32,2048,16,2048,24.3413
32,2048,16,4096,30.037
32,2048,16,8192,43.0187
32,2048,16,16384,67.3277
32,2048,32,16,20.6187
32,2048,32,32,20.0003
32,2048,32,64,20.427
32,2048,32,128,21.2477
32,2048,32,256,21.6857
32,2048,32,512,21.5787
32,2048,32,1024,23.7653
32,2048,32,2048,29.7397
32,2048,32,4096,42.6453
32,2048,32,8192,66.0587
32,2048,32,16384,112.77
32,2048,64,16,20.874
32,2048,64,32,20.9597
32,2048,64,64,20.9693
32,2048,64,128,20.5973
32,2048,64,256,26.9337
32,2048,64,512,30.9557
32,2048,64,1024,31.8193
32,2048,64,2048,44.6403
32,2048,64,4096,67.4567
32,2048,64,8192,112.769
32,2048,64,16384,203.776
32,2048,128,16,24.1173
32,2048,128,32,23.6483
32,2048,128,64,25.4187
32,2048,128,128,29.0357
32,2048,128,256,32.6293
32,2048,128,512,35.9257
32,2048,128,1024,47.072
32,2048,128,2048,69.142
32,2048,128,4096,118.839
32,2048,128,8192,201.867
32,2048,128,16384,377.09
32,4096,0,0,22.1547
32,4096,1,16,22.304
32,4096,1,32,22.475
32,4096,1,64,22.539
32,4096,1,128,22.454
32,4096,1,256,21.9643
32,4096,1,512,22.2397
32,4096,1,1024,22.6133
32,4096,1,2048,22.1547
32,4096,1,4096,22.2407
32,4096,1,8192,21.8457
32,4096,1,16384,27.488
32,4096,2,16,21.888
32,4096,2,32,22.048
32,4096,2,64,21.8353
32,4096,2,128,22.2403
32,4096,2,256,22.2617
32,4096,2,512,22.2187
32,4096,2,1024,21.8773
32,4096,2,2048,21.5253
32,4096,2,4096,20.811
32,4096,2,8192,23.9147
32,4096,2,16384,29.1523
32,4096,4,16,21.8243
32,4096,4,32,22.0157
32,4096,4,64,22.176
32,4096,4,128,22.08
32,4096,4,256,21.557
32,4096,4,512,21.728
32,4096,4,1024,21.355
32,4096,4,2048,21.4393
32,4096,4,4096,22.1333
32,4096,4,8192,26.6237
32,4096,4,16384,34.55
32,4096,8,16,22.3357
32,4096,8,32,22.422
32,4096,8,64,22.2617
32,4096,8,128,21.4613
32,4096,8,256,21.653
32,4096,8,512,21.536
32,4096,8,1024,21.632
32,4096,8,2048,21.749
32,4096,8,4096,24.8427
32,4096,8,8192,31.0507
32,4096,8,16384,45.5897
32,4096,16,16,21.803
32,4096,16,32,21.525
32,4096,16,64,21.792
32,4096,16,128,21.93
32,4096,16,256,21.7383
32,4096,16,512,22.0373
32,4096,16,1024,22.155
32,4096,16,2048,24.4907
32,4096,16,4096,30.379
32,4096,16,8192,43.9037
32,4096,16,16384,68.1927
32,4096,32,16,20.928
32,4096,32,32,21.2583
32,4096,32,64,21.334
32,4096,32,128,21.6527
32,4096,32,256,20.8753
32,4096,32,512,21.4083
32,4096,32,1024,24.2347
32,4096,32,2048,36.6933
32,4096,32,4096,42.7837
32,4096,32,8192,66.5493
32,4096,32,16384,113.259
32,4096,64,16,22.1233
32,4096,64,32,22.3583
32,4096,64,64,22.1973
32,4096,64,128,21.6743
32,4096,64,256,26.9117
32,4096,64,512,30.5713
32,4096,64,1024,40.32
32,4096,64,2048,44.7893
32,4096,64,4096,67.7763
32,4096,64,8192,112.662
32,4096,64,16384,203.254
32,4096,128,16,25.184
32,4096,128,32,25.0347
32,4096,128,64,25.3337
32,4096,128,128,28.032
32,4096,128,256,33.3977
32,4096,128,512,44.885
32,4096,128,1024,47.723
32,4096,128,2048,70.7737
32,4096,128,4096,118.998
32,4096,128,8192,201.867
32,4096,128,16384,377.164
32,8192,0,0,24.2457
32,8192,1,16,24.0323
32,8192,1,32,24.245
32,8192,1,64,23.808
32,8192,1,128,24.1497
32,8192,1,256,23.062
32,8192,1,512,23.3603
32,8192,1,1024,23.5197
32,8192,1,2048,23.69
32,8192,1,4096,23.5527
32,8192,1,8192,24.0747
32,8192,1,16384,27.7443
32,8192,2,16,23.7657
32,8192,2,32,24.0107
32,8192,2,64,23.9253
32,8192,2,128,22.997
32,8192,2,256,23.2743
32,8192,2,512,23.2637
32,8192,2,1024,23.1573
32,8192,2,2048,22.8053
32,8192,2,4096,23.296
32,8192,2,8192,24.256
32,8192,2,16384,30.284
32,8192,4,16,23.3603
32,8192,4,32,23.3707
32,8192,4,64,23.1243
32,8192,4,128,23.2747
32,8192,4,256,23.178
32,8192,4,512,23.5307
32,8192,4,1024,23.5737
32,8192,4,2048,23.8613
32,8192,4,4096,23.776
32,8192,4,8192,26.678
32,8192,4,16384,35.222
32,8192,8,16,23.4567
32,8192,8,32,23.2967
32,8192,8,64,23.3917
32,8192,8,128,23.5307
32,8192,8,256,23.243
32,8192,8,512,23.776
32,8192,8,1024,23.4783
32,8192,8,2048,23.2113
32,8192,8,4096,25.2267
32,8192,8,8192,32.214
32,8192,8,16384,47.05
32,8192,16,16,22.7517
32,8192,16,32,23.3063
32,8192,16,64,23.2647
32,8192,16,128,23.5097
32,8192,16,256,23.606
32,8192,16,512,23.306
32,8192,16,1024,23.7013
32,8192,16,2048,26.8793
32,8192,16,4096,32.5227
32,8192,16,8192,45.323
32,8192,16,16384,68.1063
32,8192,32,16,23.3827
32,8192,32,32,23.4457
32,8192,32,64,23.392
32,8192,32,128,23.4137
32,8192,32,256,23.0927
32,8192,32,512,24.693
32,8192,32,1024,27.4037
32,8192,32,2048,33.5897
32,8192,32,4096,56.3733
32,8192,32,8192,67.1463
32,8192,32,16384,114.508
32,8192,64,16,23.3287
32,8192,64,32,23.6797
32,8192,64,64,23.755
32,8192,64,128,23.04
32,8192,64,256,24.394
32,8192,64,512,31.4023
32,8192,64,1024,41.899
32,8192,64,2048,59.2633
32,8192,64,4096,70.1217
32,8192,64,8192,113.419
32,8192,64,16384,205.771
32,8192,128,16,26.261
32,8192,128,32,26.678
32,8192,128,64,26.8267
32,8192,128,128,29.7703
32,8192,128,256,34.0377
32,8192,128,512,44.0533
32,8192,128,1024,64.331
32,8192,128,2048,71.883
32,8192,128,4096,119.222
32,8192,128,8192,202.593
32,8192,128,16384,378.998
32,16384,0,0,27.435
32,16384,1,16,26.9333
32,16384,1,32,26.4003
32,16384,1,64,26.3897
32,16384,1,128,25.5247
32,16384,1,256,27.4777
32,16384,1,512,27.414
32,16384,1,1024,27.2643
32,16384,1,2048,28.171
32,16384,1,4096,26.3357
32,16384,1,8192,28.3417
32,16384,1,16384,29.2273
32,16384,2,16,26.56
32,16384,2,32,27.275
32,16384,2,64,26.9227
32,16384,2,128,26.8157
32,16384,2,256,27.8933
32,16384,2,512,27.776
32,16384,2,1024,27.947
32,16384,2,2048,27.467
32,16384,2,4096,28.0537
32,16384,2,8192,28.4163
32,16384,2,16384,30.9227
32,16384,4,16,27.0403
32,16384,4,32,26.987
32,16384,4,64,26.848
32,16384,4,128,27.19
32,16384,4,256,27.2003
32,16384,4,512,27.4563
32,16384,4,1024,27.605
32,16384,4,2048,27.0613
32,16384,4,4096,28.6183
32,16384,4,8192,30.88
32,16384,4,16384,37.4197
32,16384,8,16,26.5283
32,16384,8,32,26.2513
32,16384,8,64,26.4003
32,16384,8,128,27.008
32,16384,8,256,26.859
32,16384,8,512,26.8693
32,16384,8,1024,26.9543
32,16384,8,2048,27.861
32,16384,8,4096,30.4103
32,16384,8,8192,35.6163
32,16384,8,16384,47.8833
32,16384,16,16,26.4427
32,16384,16,32,26.3903
32,16384,16,64,26.4533
32,16384,16,128,26.4967
32,16384,16,256,26.72
32,16384,16,512,27.1583
32,16384,16,1024,28.5133
32,16384,16,2048,31.36
32,16384,16,4096,36.224
32,16384,16,8192,49.4617
32,16384,16,16384,71.808
32,16384,32,16,26.8163
32,16384,32,32,27.1573
32,16384,32,64,26.762
32,16384,32,128,26.432
32,16384,32,256,28.064
32,16384,32,512,28.2453
32,16384,32,1024,31.68
32,16384,32,2048,38.1443
32,16384,32,4096,60
32,16384,32,8192,93.6007
32,16384,32,16384,115.915
32,16384,64,16,26.6133
32,16384,64,32,27.1783
32,16384,64,64,27.2427
32,16384,64,128,26.6783
32,16384,64,256,27.1463
32,16384,64,512,34.8477
32,16384,64,1024,45.5043
32,16384,64,2048,63.787
32,16384,64,4096,98.1127
32,16384,64,8192,118.059
32,16384,64,16384,204.576
32,16384,128,16,26.6133
32,16384,128,32,26.9867
32,16384,128,64,27.8083
32,16384,128,128,30.731
32,16384,128,256,35.36
32,16384,128,512,44.587
32,16384,128,1024,64.737
32,16384,128,2048,98.688
32,16384,128,4096,120.342
32,16384,128,8192,205.313
32,16384,128,16384,380.61
64,0,0,0,14.282
64,0,1,16,14.4
64,0,1,32,14.357
64,0,1,64,14.1973
64,0,1,128,15.7863
64,0,1,256,17.034
64,0,1,512,19.4673
64,0,1,1024,19.477
64,0,1,2048,19.3387
64,0,1,4096,19.3607
64,0,1,8192,21.8243
64,0,1,16384,23.6273
64,0,2,16,14.207
64,0,2,32,14.379
64,0,2,64,14.3253
64,0,2,128,15.4457
64,0,2,256,17.0563
64,0,2,512,19.7013
64,0,2,1024,19.4983
64,0,2,2048,19.445
64,0,2,4096,19.819
64,0,2,8192,22.1443
64,0,2,16384,24.2027
64,0,4,16,14.1877
64,0,4,32,14.272
64,0,4,64,14.0907
64,0,4,128,15.5093
64,0,4,256,16.938
64,0,4,512,19.0397
64,0,4,1024,19.5417
64,0,4,2048,19.3173
64,0,4,4096,20.4263
64,0,4,8192,24.246
64,0,4,16384,30.8377
64,0,8,16,13.9303
64,0,8,32,13.8777
64,0,8,64,13.899
64,0,8,128,15.392
64,0,8,256,16.6933
64,0,8,512,18.3463
64,0,8,1024,19.3707
64,0,8,2048,19.7977
64,0,8,4096,22.389
64,0,8,8192,31.7547
64,0,8,16384,42.7847
64,0,16,16,13.8347
64,0,16,32,13.792
64,0,16,64,14.0797
64,0,16,128,15.0937
64,0,16,256,16.608
64,0,16,512,19.136
64,0,16,1024,20.0537
64,0,16,2048,22.4963
64,0,16,4096,29.2797
64,0,16,8192,43.5953
64,0,16,16384,64.9067
64,0,32,16,14.3573
64,0,32,32,14.3033
64,0,32,64,14.2503
64,0,32,128,16.0113
64,0,32,256,17.0137
64,0,32,512,20.9813
64,0,32,1024,22.8797
64,0,32,2048,30.3683
64,0,32,4096,42.7737
64,0,32,8192,66.0483
64,0,32,16384,109.995
64,0,64,16,14.635
64,0,64,32,14.5493
64,0,64,64,14.8263
64,0,64,128,16.256
64,0,64,256,17.323
64,0,64,512,23.0717
64,0,64,1024,31.2
64,0,64,2048,44.0427
64,0,64,4096,66.902
64,0,64,8192,112.619
64,0,64,16384,199.702
64,0,128,16,14.9873
64,0,128,32,15.1473
64,0,128,64,15.4243
64,0,128,128,17.025
64,0,128,256,20.8
64,0,128,512,32.2977
64,0,128,1024,46.9333
64,0,128,2048,69.184
64,0,128,4096,119.585
64,0,128,8192,200.897
64,0,128,16384,375.617
64,16,0,0,14.3787
64,16,1,16,14.475
64,16,1,32,14.2407
64,16,1,64,14.3037
64,16,1,128,15.51
64,16,1,256,17.0557
64,16,1,512,19.0183
64,16,1,1024,19.6377
64,16,1,2048,18.6353
64,16,1,4096,19.424
64,16,1,8192,21.4297
64,16,1,16384,23.478
64,16,2,16,14.133
64,16,2,32,14.3033
64,16,2,64,14.4963
64,16,2,128,15.6693
64,16,2,256,17.0247
64,16,2,512,19.3927
64,16,2,1024,19.2963
64,16,2,2048,19.7327
64,16,2,4096,19.552
64,16,2,8192,22.048
64,16,2,16384,24.4697
64,16,4,16,14.347
64,16,4,32,14.4537
64,16,4,64,14.0583
64,16,4,128,15.392
64,16,4,256,16.9707
64,16,4,512,19.1997
64,16,4,1024,19.7227
64,16,4,2048,19.6267
64,16,4,4096,19.8187
64,16,4,8192,24.2033
64,16,4,16384,30.8913
64,16,8,16,13.9413
64,16,8,32,13.9947
64,16,8,64,13.8353
64,16,8,128,15.221
64,16,8,256,16.736
64,16,8,512,18.6347
64,16,8,1024,19.4347
64,16,8,2048,19.8713
64,16,8,4096,22.5497
64,16,8,8192,31.3593
64,16,8,16384,42.56
64,16,16,16,13.8987
64,16,16,32,13.771
64,16,16,64,13.7923
64,16,16,128,15.392
64,16,16,256,16.4693
64,16,16,512,19.1577
64,16,16,1024,20.0417
64,16,16,2048,22.7637
64,16,16,4096,29.7917
64,16,16,8192,42.9867
64,16,16,16384,64.8747
64,16,32,16,14.4323
64,16,32,32,14.2197
64,16,32,64,14.1017
64,16,32,128,15.989
64,16,32,256,17.174
64,16,32,512,20.608
64,16,32,1024,22.731
64,16,32,2048,29.8883
64,16,32,4096,43.3073
64,16,32,8192,65.7393
64,16,32,16384,109.696
64,16,64,16,14.5383
64,16,64,32,14.6563
64,16,64,64,14.7943
64,16,64,128,16.298
64,16,64,256,17.5037
64,16,64,512,23.7763
64,16,64,1024,30.8363
64,16,64,2048,44.2137
64,16,64,4096,66.3893
64,16,64,8192,112.844
64,16,64,16384,199.958
64,16,128,16,15.0837
64,16,128,32,15.275
64,16,128,64,15.179
64,16,128,128,16.7153
64,16,128,256,20.214
64,16,128,512,32.2453
64,16,128,1024,46.3467
64,16,128,2048,69.4503
64,16,128,4096,118.732
64,16,128,8192,201.014
64,16,128,16384,374.177
64,32,0,0,14.314
64,32,1,16,14.2717
64,32,1,32,14.5497
64,32,1,64,14.2187
64,32,1,128,15.734
64,32,1,256,16.9813
64,32,1,512,18.848
64,32,1,1024,19.7123
64,32,1,2048,19.488
64,32,1,4096,19.6803
64,32,1,8192,21.835
64,32,1,16384,23.456
64,32,2,16,14.3253
64,32,2,32,14.176
64,32,2,64,14.3143
64,32,2,128,15.5637
64,32,2,256,17.173
64,32,2,512,18.5383
64,32,2,1024,19.574
64,32,2,2048,19.5943
64,32,2,4096,19.7547
64,32,2,8192,21.899
64,32,2,16384,24.2137
64,32,4,16,14.272
64,32,4,32,14.2293
64,32,4,64,14.165
64,32,4,128,15.584
64,32,4,256,17.098
64,32,4,512,19.2853
64,32,4,1024,19.637
64,32,4,2048,19.616
64,32,4,4096,20.171
64,32,4,8192,24.1177
64,32,4,16384,31.061
64,32,8,16,13.8993
64,32,8,32,13.9203
64,32,8,64,13.9303
64,32,8,128,15.243
64,32,8,256,16.63
64,32,8,512,18.7303
64,32,8,1024,19.2537
64,32,8,2048,19.7763
64,32,8,4096,22.304
64,32,8,8192,30.5703
64,32,8,16384,43.125
64,32,16,16,14.027
64,32,16,32,13.9097
64,32,16,64,13.654
64,32,16,128,15.1683
64,32,16,256,16.6507
64,32,16,512,19.0607
64,32,16,1024,19.872
64,32,16,2048,22.3467
64,32,16,4096,29.4403
64,32,16,8192,43.5097
64,32,16,16384,64.619
64,32,32,16,14.1763
64,32,32,32,14.229
64,32,32,64,14.336
64,32,32,128,16
64,32,32,256,17.2477
64,32,32,512,20.8107
64,32,32,1024,22.8593
64,32,32,2048,29.889
64,32,32,4096,42.7097
64,32,32,8192,65.9857
64,32,32,16384,109.76
64,32,64,16,14.8477
64,32,64,32,14.645
64,32,64,64,14.6243
64,32,64,128,16.3097
64,32,64,256,17.5903
64,32,64,512,23.4773
64,32,64,1024,30.8057
64,32,64,2048,44.0853
64,32,64,4096,66.8587
64,32,64,8192,112.011
64,32,64,16384,198.07
64,32,128,16,15.072
64,32,128,32,15.0403
64,32,128,64,15.5307
64,32,128,128,16.6613
64,32,128,256,20.652
64,32,128,512,31.9577
64,32,128,1024,46.816
64,32,128,2048,69.0777
64,32,128,4096,119.072
64,32,128,8192,201.035
64,32,128,16384,377.409
64,64,0,0,14.4853
64,64,1,16,14.1863
64,64,1,32,14.2087
64,64,1,64,14.411
64,64,1,128,15.499
64,64,1,256,17.2053
64,64,1,512,19.179
64,64,1,1024,19.5733
64,64,1,2048,19.1367
64,64,1,4096,19.6373
64,64,1,8192,22.016
64,64,1,16384,24.0643
64,64,2,16,14.3683
64,64,2,32,14.3357
64,64,2,64,14.1763
64,64,2,128,15.6587
64,64,2,256,17.0873
64,64,2,512,19.968
64,64,2,1024,19.8297
64,64,2,2048,19.4883
64,64,2,4096,19.9143
64,64,2,8192,22.0797
64,64,2,16384,24.6613
64,64,4,16,14.1017
64,64,4,32,14.4
64,64,4,64,14.2397
64,64,4,128,15.6373
64,64,4,256,16.981
64,64,4,512,19.3703
64,64,4,1024,19.776
64,64,4,2048,19.242
64,64,4,4096,20.1177
64,64,4,8192,23.883
64,64,4,16384,30.9013
64,64,8,16,13.9303
64,64,8,32,13.898
64,64,8,64,13.9097
64,64,8,128,15.232
64,64,8,256,16.7783
64,64,8,512,18.6453
64,64,8,1024,19.082
64,64,8,2048,19.9047
64,64,8,4096,22.4427
64,64,8,8192,30.9873
64,64,8,16384,43.1787
64,64,16,16,13.8453
64,64,16,32,13.654
64,64,16,64,14.027
64,64,16,128,15.1043
64,64,16,256,16.7787
64,64,16,512,19.1043
64,64,16,1024,19.925
64,64,16,2048,22.6667
64,64,16,4096,29.7283
64,64,16,8192,43.6167
64,64,16,16384,64.9067
64,64,32,16,14.3253
64,64,32,32,14.2187
64,64,32,64,14.3147
64,64,32,128,15.9363
64,64,32,256,17.323
64,64,32,512,20.4373
64,64,32,1024,22.9227
64,64,32,2048,29.846
64,64,32,4096,42.678
64,64,32,8192,66.0587
64,64,32,16384,108.875
64,64,64,16,14.6773
64,64,64,32,14.731
64,64,64,64,14.72
64,64,64,128,16.2137
64,64,64,256,17.547
64,64,64,512,23.702
64,64,64,1024,31.0937
64,64,64,2048,44.7687
64,64,64,4096,67.2647
64,64,64,8192,111.917
64,64,64,16384,198.454
64,64,128,16,15.275
64,64,128,32,15.2
64,64,128,64,15.3703
64,64,128,128,16.736
64,64,128,256,20.4483
64,64,128,512,31.989
64,64,128,1024,47.3603
64,64,128,2048,69.7067
64,64,128,4096,117.526
64,64,128,8192,201.525
64,64,128,16384,373.388
64,128,0,0,15.6907
64,128,1,16,15.808
64,128,1,32,15.6803
64,128,1,64,15.9467
64,128,1,128,15.808
64,128,1,256,16.9493
64,128,1,512,21.28
64,128,1,1024,19.8293
64,128,1,2048,19.99
64,128,1,4096,20.0003
64,128,1,8192,22.1013
64,128,1,16384,23.637
64,128,2,16,15.8293
64,128,2,32,15.9467
64,128,2,64,15.6693
64,128,2,128,15.8507
64,128,2,256,17.0557
64,128,2,512,20.544
64,128,2,1024,19.659
64,128,2,2048,19.648
64,128,2,4096,19.84
64,128,2,8192,21.76
64,128,2,16384,24.7683
64,128,4,16,15.7547
64,128,4,32,15.6587
64,128,4,64,15.8297
64,128,4,128,15.8403
64,128,4,256,16.992
64,128,4,512,21.4623
64,128,4,1024,20.1493
64,128,4,2048,20.0323
64,128,4,4096,20.629
64,128,4,8192,24.2353
64,128,4,16384,30.5823
64,128,8,16,15.2963
64,128,8,32,15.4027
64,128,8,64,15.3603
64,128,8,128,15.3603
64,128,8,256,16.5333
64,128,8,512,19.904
64,128,8,1024,19.211
64,128,8,2048,19.9687
64,128,8,4096,22.5067
64,128,8,8192,31.413
64,128,8,16384,43.2323
64,128,16,16,15.3927
64,128,16,32,15.2
64,128,16,64,15.455
64,128,16,128,15.488
64,128,16,256,16.6723
64,128,16,512,21.3337
64,128,16,1024,20.0747
64,128,16,2048,22.9763
64,128,16,4096,29.8557
64,128,16,8192,42.56
64,128,16,16384,65.452
64,128,32,16,15.424
64,128,32,32,15.5523
64,128,32,64,15.4567
64,128,32,128,16.0643
64,128,32,256,17.002
64,128,32,512,20.6403
64,128,32,1024,22.8697
64,128,32,2048,29.9217
64,128,32,4096,43.221
64,128,32,8192,66.1873
64,128,32,16384,109.931
64,128,64,16,16.128
64,128,64,32,15.8723
64,128,64,64,15.872
64,128,64,128,16.4373
64,128,64,256,17.6
64,128,64,512,23.9253
64,128,64,1024,31.019
64,128,64,2048,44.0747
64,128,64,4096,67.6793
64,128,64,8192,112.865
64,128,64,16384,198.028
64,128,128,16,16.3197
64,128,128,32,16.3523
64,128,128,64,16.49
64,128,128,128,17.29
64,128,128,256,20.6827
64,128,128,512,32.3733
64,128,128,1024,46.6347
64,128,128,2048,68.982
64,128,128,4096,117.429
64,128,128,8192,201.184
64,128,128,16384,377.09
64,256,0,0,17.323
64,256,1,16,17.3443
64,256,1,32,17.216
64,256,1,64,17.1947
64,256,1,128,17.5153
64,256,1,256,17.3653
64,256,1,512,20.811
64,256,1,1024,20.064
64,256,1,2048,20.032
64,256,1,4096,20.448
64,256,1,8192,22.2183
64,256,1,16384,23.2217
64,256,2,16,17.2693
64,256,2,32,17.152
64,256,2,64,17.1203
64,256,2,128,17.312
64,256,2,256,17.1093
64,256,2,512,20.3197
64,256,2,1024,19.7547
64,256,2,2048,19.882
64,256,2,4096,20.0747
64,256,2,8192,22.208
64,256,2,16384,24.7367
64,256,4,16,17.1093
64,256,4,32,17.5457
64,256,4,64,17.4823
64,256,4,128,17.3013
64,256,4,256,17.152
64,256,4,512,21.0347
64,256,4,1024,19.9467
64,256,4,2048,19.691
64,256,4,4096,21.3013
64,256,4,8192,24.469
64,256,4,16384,30.4107
64,256,8,16,16.8427
64,256,8,32,16.8217
64,256,8,64,16.8
64,256,8,128,16.7897
64,256,8,256,16.8863
64,256,8,512,20.043
64,256,8,1024,19.3813
64,256,8,2048,21.472
64,256,8,4096,22.7523
64,256,8,8192,31.125
64,256,8,16384,42.549
64,256,16,16,16.789
64,256,16,32,16.683
64,256,16,64,16.8217
64,256,16,128,16.6297
64,256,16,256,16.6297
64,256,16,512,21.4293
64,256,16,1024,20.7043
64,256,16,2048,22.8587
64,256,16,4096,29.3333
64,256,16,8192,42.9117
64,256,16,16384,64.907
64,256,32,16,16.854
64,256,32,32,16.9063
64,256,32,64,16.853
64,256,32,128,16.8213
64,256,32,256,17.174
64,256,32,512,21.8233
64,256,32,1024,22.891
64,256,32,2048,30.1017
64,256,32,4096,42.432
64,256,32,8192,66.454
64,256,32,16384,110.325
64,256,64,16,17.4617
64,256,64,32,17.151
64,256,64,64,17.4717
64,256,64,128,17.3653
64,256,64,256,17.4933
64,256,64,512,23.659
64,256,64,1024,31.189
64,256,64,2048,44.106
64,256,64,4096,67.062
64,256,64,8192,112.097
64,256,64,16384,198.262
64,256,128,16,18.048
64,256,128,32,18.0477
64,256,128,64,18.2193
64,256,128,128,18.0053
64,256,128,256,20.6287
64,256,128,512,32.3843
64,256,128,1024,46.4317
64,256,128,2048,69.6533
64,256,128,4096,116.917
64,256,128,8192,201.365
64,256,128,16384,376.3
64,512,0,0,21.1843
64,512,1,16,20.7353
64,512,1,32,20.117
64,512,1,64,20.341
64,512,1,128,20.917
64,512,1,256,21.4187
64,512,1,512,21.1417
64,512,1,1024,19.7653
64,512,1,2048,19.808
64,512,1,4096,20.4377
64,512,1,8192,22.4433
64,512,1,16384,23.6587
64,512,2,16,20.8113
64,512,2,32,19.861
64,512,2,64,20.0107
64,512,2,128,21.1413
64,512,2,256,21.0987
64,512,2,512,20.779
64,512,2,1024,19.3067
64,512,2,2048,19.68
64,512,2,4096,20.1817
64,512,2,8192,22.154
64,512,2,16384,25.632
64,512,4,16,21.0127
64,512,4,32,20.949
64,512,4,64,19.8723
64,512,4,128,21.4723
64,512,4,256,21.1627
64,512,4,512,21.1947
64,512,4,1024,19.808
64,512,4,2048,19.4773
64,512,4,4096,22.006
64,512,4,8192,24.928
64,512,4,16384,30.6557
64,512,8,16,20.2137
64,512,8,32,20.2457
64,512,8,64,20.2243
64,512,8,128,20.2453
64,512,8,256,20.853
64,512,8,512,20.576
64,512,8,1024,19.4773
64,512,8,2048,20.9923
64,512,8,4096,23.147
64,512,8,8192,31.0937
64,512,8,16384,42.9547
64,512,16,16,20.2663
64,512,16,32,20.3837
64,512,16,64,20.1283
64,512,16,128,21.152
64,512,16,256,21.195
64,512,16,512,21.835
64,512,16,1024,20.886
64,512,16,2048,24.352
64,512,16,4096,29.899
64,512,16,8192,43.2213
64,512,16,16384,65.568
64,512,32,16,19.4023
64,512,32,32,20.0973
64,512,32,64,19.893
64,512,32,128,20.8323
64,512,32,256,22.0907
64,512,32,512,22.1977
64,512,32,1024,24.3527
64,512,32,2048,30.24
64,512,32,4096,42.6353
64,512,32,8192,66.102
64,512,32,16384,109.857
64,512,64,16,19.6903
64,512,64,32,19.36
64,512,64,64,19.4347
64,512,64,128,20.054
64,512,64,256,26.9333
64,512,64,512,24.512
64,512,64,1024,31.1677
64,512,64,2048,44.235
64,512,64,4096,67.5413
64,512,64,8192,112.726
64,512,64,16384,200.288
64,512,128,16,24.9063
64,512,128,32,24.533
64,512,128,64,24.96
64,512,128,128,24.075
64,512,128,256,25.8347
64,512,128,512,32.9603
64,512,128,1024,46.9333
64,512,128,2048,69.3113
64,512,128,4096,118.816
64,512,128,8192,200.043
64,512,128,16384,378.103
64,1024,0,0,21.6107
64,1024,1,16,21.174
64,1024,1,32,21.302
64,1024,1,64,21.2373
64,1024,1,128,22.048
64,1024,1,256,22.112
64,1024,1,512,21.899
64,1024,1,1024,22.0267
64,1024,1,2048,20.1067
64,1024,1,4096,20.469
64,1024,1,8192,22.3147
64,1024,1,16384,23.6477
64,1024,2,16,21.131
64,1024,2,32,21.088
64,1024,2,64,20.831
64,1024,2,128,21.643
64,1024,2,256,21.8243
64,1024,2,512,21.547
64,1024,2,1024,21.4613
64,1024,2,2048,20.032
64,1024,2,4096,19.8937
64,1024,2,8192,23.0613
64,1024,2,16384,26.8797
64,1024,4,16,21.312
64,1024,4,32,21.504
64,1024,4,64,21.546
64,1024,4,128,22.0693
64,1024,4,256,22.059
64,1024,4,512,21.9417
64,1024,4,1024,21.995
64,1024,4,2048,20.1387
64,1024,4,4096,22.0053
64,1024,4,8192,26.656
64,1024,4,16384,30.4637
64,1024,8,16,20.662
64,1024,8,32,20.245
64,1024,8,64,20.213
64,1024,8,128,21.5783
64,1024,8,256,21.4827
64,1024,8,512,21.6007
64,1024,8,1024,21.653
64,1024,8,2048,21.2477
64,1024,8,4096,24.5337
64,1024,8,8192,31.0717
64,1024,8,16384,43.0613
64,1024,16,16,20.7897
64,1024,16,32,20.651
64,1024,16,64,20.8103
64,1024,16,128,21.44
64,1024,16,256,21.398
64,1024,16,512,21.749
64,1024,16,1024,21.4937
64,1024,16,2048,24.192
64,1024,16,4096,30.336
64,1024,16,8192,43.659
64,1024,16,16384,65.3767
64,1024,32,16,20.694
64,1024,32,32,20.5333
64,1024,32,64,20.3617
64,1024,32,128,21.8773
64,1024,32,256,22.1867
64,1024,32,512,21.44
64,1024,32,1024,24.65
64,1024,32,2048,30.6243
64,1024,32,4096,43.339
64,1024,32,8192,67.029
64,1024,32,16384,110.304
64,1024,64,16,20.4793
64,1024,64,32,20.4473
64,1024,64,64,20.6723
64,1024,64,128,20.543
64,1024,64,256,26.7947
64,1024,64,512,30.5497
64,1024,64,1024,31.5203
64,1024,64,2048,44.5123
64,1024,64,4096,67.4243
64,1024,64,8192,112.406
64,1024,64,16384,200.843
64,1024,128,16,24.352
64,1024,128,32,24.832
64,1024,128,64,24.6187
64,1024,128,128,28.042
64,1024,128,256,32.8
64,1024,128,512,32.4907
64,1024,128,1024,47.2523
64,1024,128,2048,70.5383
64,1024,128,4096,117.259
64,1024,128,8192,201.067
64,1024,128,16384,375.371
64,2048,0,0,21.696
64,2048,1,16,21.6213
64,2048,1,32,21.5577
64,2048,1,64,21.8983
64,2048,1,128,21.408
64,2048,1,256,21.995
64,2048,1,512,21.974
64,2048,1,1024,22.069
64,2048,1,2048,22.134
64,2048,1,4096,20.3303
64,2048,1,8192,22.0173
64,2048,1,16384,23.968
64,2048,2,16,21.3227
64,2048,2,32,21.2907
64,2048,2,64,21.5467
64,2048,2,128,21.8027
64,2048,2,256,21.6317
64,2048,2,512,21.728
64,2048,2,1024,21.579
64,2048,2,2048,21.7813
64,2048,2,4096,19.9573
64,2048,2,8192,23.6047
64,2048,2,16384,27.0297
64,2048,4,16,21.8773
64,2048,4,32,21.1093
64,2048,4,64,21.5257
64,2048,4,128,21.8353
64,2048,4,256,22.1867
64,2048,4,512,22.486
64,2048,4,1024,21.76
64,2048,4,2048,22.357
64,2048,4,4096,22.0487
64,2048,4,8192,26.6667
64,2048,4,16384,31.936
64,2048,8,16,21.0773
64,2048,8,32,20.6827
64,2048,8,64,20.6833
64,2048,8,128,21.6753
64,2048,8,256,21.5677
64,2048,8,512,21.696
64,2048,8,1024,21.803
64,2048,8,2048,21.9843
64,2048,8,4096,23.9893
64,2048,8,8192,30.9863
64,2048,8,16384,43.03
64,2048,16,16,21.472
64,2048,16,32,21.6107
64,2048,16,64,21.3647
64,2048,16,128,21.8773
64,2048,16,256,21.8557
64,2048,16,512,21.4603
64,2048,16,1024,22.315
64,2048,16,2048,24.746
64,2048,16,4096,29.8987
64,2048,16,8192,44.3307
64,2048,16,16384,66.293
64,2048,32,16,21.1417
64,2048,32,32,21.184
64,2048,32,64,21.3223
64,2048,32,128,22.2193
64,2048,32,256,21.162
64,2048,32,512,22.2403
64,2048,32,1024,24.5653
64,2048,32,2048,37.5797
64,2048,32,4096,42.9337
64,2048,32,8192,65.75
64,2048,32,16384,110.817
64,2048,64,16,20.5117
64,2048,64,32,21.195
64,2048,64,64,21.547
64,2048,64,128,21.8237
64,2048,64,256,26.901
64,2048,64,512,30.7617
64,2048,64,1024,40.043
64,2048,64,2048,45.4933
64,2048,64,4096,67.4027
64,2048,64,8192,114.101
64,2048,64,16384,199.115
64,2048,128,16,24.2877
64,2048,128,32,24.9493
64,2048,128,64,24.8217
64,2048,128,128,27.8613
64,2048,128,256,32.448
64,2048,128,512,43.008
64,2048,128,1024,48.3533
64,2048,128,2048,70.1547
64,2048,128,4096,118.901
64,2048,128,8192,202.72
64,2048,128,16384,376.673
64,4096,0,0,23.3167
64,4096,1,16,22.7843
64,4096,1,32,22.901
64,4096,1,64,22.8277
64,4096,1,128,22.646
64,4096,1,256,23.05
64,4096,1,512,22.539
64,4096,1,1024,22.9017
64,4096,1,2048,22.88
64,4096,1,4096,22.5813
64,4096,1,8192,24.106
64,4096,1,16384,23.3397
64,4096,2,16,22.7623
64,4096,2,32,22.517
64,4096,2,64,22.6133
64,4096,2,128,22.6033
64,4096,2,256,21.8987
64,4096,2,512,22.528
64,4096,2,1024,22.1863
64,4096,2,2048,22.5597
64,4096,2,4096,22.4537
64,4096,2,8192,24.0743
64,4096,2,16384,26.784
64,4096,4,16,22.8803
64,4096,4,32,22.6133
64,4096,4,64,22.678
64,4096,4,128,22.518
64,4096,4,256,22.677
64,4096,4,512,22.8053
64,4096,4,1024,22.496
64,4096,4,2048,22.763
64,4096,4,4096,23.424
64,4096,4,8192,27.019
64,4096,4,16384,31.3163
64,4096,8,16,22.2083
64,4096,8,32,22.453
64,4096,8,64,22.144
64,4096,8,128,22.0907
64,4096,8,256,22.24
64,4096,8,512,22.3353
64,4096,8,1024,21.8343
64,4096,8,2048,23.1573
64,4096,8,4096,25.92
64,4096,8,8192,31.8507
64,4096,8,16384,44.3947
64,4096,16,16,22.4957
64,4096,16,32,22.5813
64,4096,16,64,22.6027
64,4096,16,128,22.5173
64,4096,16,256,22.4217
64,4096,16,512,21.75
64,4096,16,1024,23.1037
64,4096,16,2048,24.981
64,4096,16,4096,30.5707
64,4096,16,8192,44.9923
64,4096,16,16384,65.653
64,4096,32,16,22.357
64,4096,32,32,22.3043
64,4096,32,64,22.614
64,4096,32,128,22.496
64,4096,32,256,21.76
64,4096,32,512,23.253
64,4096,32,1024,27.659
64,4096,32,2048,31.2007
64,4096,32,4096,55.3177
64,4096,32,8192,67.1357
64,4096,32,16384,110.209
64,4096,64,16,22.9547
64,4096,64,32,23.1033
64,4096,64,64,22.4
64,4096,64,128,22.9227
64,4096,64,256,23.616
64,4096,64,512,30.3367
64,4096,64,1024,40.2773
64,4096,64,2048,58.6243
64,4096,64,4096,67.8613
64,4096,64,8192,112.928
64,4096,64,16384,200.512
64,4096,128,16,25.5253
64,4096,128,32,25.536
64,4096,128,64,25.8877
64,4096,128,128,28.224
64,4096,128,256,33.5367
64,4096,128,512,42.5073
64,4096,128,1024,63.8933
64,4096,128,2048,69.7283
64,4096,128,4096,118.709
64,4096,128,8192,200.748
64,4096,128,16384,377.569
64,8192,0,0,25.1627
64,8192,1,16,24.4383
64,8192,1,32,24.3843
64,8192,1,64,24.3947
64,8192,1,128,24.2027
64,8192,1,256,24.9817
64,8192,1,512,25.0243
64,8192,1,1024,24.8217
64,8192,1,2048,25.0987
64,8192,1,4096,25.003
64,8192,1,8192,25.2267
64,8192,1,16384,25.6213
64,8192,2,16,24.2243
64,8192,2,32,24.5437
64,8192,2,64,24.2027
64,8192,2,128,24.512
64,8192,2,256,24.7253
64,8192,2,512,25.0557
64,8192,2,1024,24.8427
64,8192,2,2048,24.4587
64,8192,2,4096,25.1627
64,8192,2,8192,25.4293
64,8192,2,16384,27.0083
64,8192,4,16,24.4053
64,8192,4,32,24.6823
64,8192,4,64,24.651
64,8192,4,128,24.6933
64,8192,4,256,24.256
64,8192,4,512,24.0537
64,8192,4,1024,24.0423
64,8192,4,2048,25.5577
64,8192,4,4096,25.3763
64,8192,4,8192,26.3353
64,8192,4,16384,32.2987
64,8192,8,16,24
64,8192,8,32,23.9473
64,8192,8,64,23.7327
64,8192,8,128,24.0433
64,8192,8,256,23.84
64,8192,8,512,23.8933
64,8192,8,1024,25.3013
64,8192,8,2048,24.843
64,8192,8,4096,26.6883
64,8192,8,8192,32.6617
64,8192,8,16384,44.5013
64,8192,16,16,23.8827
64,8192,16,32,23.8723
64,8192,16,64,23.5627
64,8192,16,128,24.0217
64,8192,16,256,24.1383
64,8192,16,512,24.736
64,8192,16,1024,25.8667
64,8192,16,2048,27.339
64,8192,16,4096,33.1733
64,8192,16,8192,44.8323
64,8192,16,16384,66.5707
64,8192,32,16,24.054
64,8192,32,32,24.2243
64,8192,32,64,24.3843
64,8192,32,128,24.3727
64,8192,32,256,25.6533
64,8192,32,512,26.2293
64,8192,32,1024,28.854
64,8192,32,2048,34.2083
64,8192,32,4096,56.3627
64,8192,32,8192,88.7897
64,8192,32,16384,111.67
64,8192,64,16,24.0427
64,8192,64,32,24.7687
64,8192,64,64,24.6727
64,8192,64,128,24.5227
64,8192,64,256,25.3543
64,8192,64,512,30.8583
64,8192,64,1024,41.5357
64,8192,64,2048,59.509
64,8192,64,4096,93.205
64,8192,64,8192,113.344
64,8192,64,16384,199.744
64,8192,128,16,25.1307
64,8192,128,32,25.1417
64,8192,128,64,25.461
64,8192,128,128,29.0987
64,8192,128,256,33.6223
64,8192,128,512,42.2183
64,8192,128,1024,62.048
64,8192,128,2048,96.875
64,8192,128,4096,119.638
64,8192,128,8192,202.859
64,8192,128,16384,375.926
64,16384,0,0,27.7657
64,16384,1,16,27.861
64,16384,1,32,27.4557
64,16384,1,64,27.595
64,16384,1,128,27.4133
64,16384,1,256,27.904
64,16384,1,512,27.7013
64,16384,1,1024,26.6983
64,16384,1,2048,27.7867
64,16384,1,4096,27.6163
64,16384,1,8192,28.7043
64,16384,1,16384,27.9677
64,16384,2,16,28.064
64,16384,2,32,27.831
64,16384,2,64,27.6373
64,16384,2,128,27.8077
64,16384,2,256,27.52
64,16384,2,512,27.7867
64,16384,2,1024,28.0963
64,16384,2,2048,27.8613
64,16384,2,4096,29.131
64,16384,2,8192,28.0323
64,16384,2,16384,29.0767
64,16384,4,16,27.5517
64,16384,4,32,27.6273
64,16384,4,64,27.328
64,16384,4,128,27.3287
64,16384,4,256,27.691
64,16384,4,512,27.5733
64,16384,4,1024,28.4693
64,16384,4,2048,28.6293
64,16384,4,4096,27.466
64,16384,4,8192,28.971
64,16384,4,16384,33.878
64,16384,8,16,26.4747
64,16384,8,32,26.411
64,16384,8,64,26.624
64,16384,8,128,26.4217
64,16384,8,256,26.9557
64,16384,8,512,27.5307
64,16384,8,1024,27.83
64,16384,8,2048,28.416
64,16384,8,4096,28.9173
64,16384,8,8192,35.9677
64,16384,8,16384,46.2833
64,16384,16,16,26.848
64,16384,16,32,27.1673
64,16384,16,64,27.243
64,16384,16,128,27.2743
64,16384,16,256,28.8437
64,16384,16,512,28.533
64,16384,16,1024,26.837
64,16384,16,2048,30.1763
64,16384,16,4096,35.093
64,16384,16,8192,47.2
64,16384,16,16384,68.1073
64,16384,32,16,27.7223
64,16384,32,32,27.552
64,16384,32,64,27.648
64,16384,32,128,27.402
64,16384,32,256,31.4027
64,16384,32,512,27.3493
64,16384,32,1024,29.9627
64,16384,32,2048,44.203
64,16384,32,4096,48.6187
64,16384,32,8192,89.344
64,16384,32,16384,156.438
64,16384,64,16,26.613
64,16384,64,32,26.5607
64,16384,64,64,26.8903
64,16384,64,128,27.531
64,16384,64,256,27.9153
64,16384,64,512,29.483
64,16384,64,1024,41.3763
64,16384,64,2048,59.1997
64,16384,64,4096,92.0217
64,16384,64,8192,159.936
64,16384,64,16384,202.55
64,16384,128,16,27.7437
64,16384,128,32,27.8613
64,16384,128,64,28.4377
64,16384,128,128,29.3757
64,16384,128,256,34.7627
64,16384,128,512,43.9577
64,16384,128,1024,61.8987
64,16384,128,2048,96.2143
64,16384,128,4096,163.947
64,16384,128,8192,204.225
64,16384,128,16384,379.81
128,0,0,0,14.4107
128,0,1,16,14.474
128,0,1,32,14.3683
128,0,1,64,14.3673
128,0,1,128,15.4887
128,0,1,256,16.7363
128,0,1,512,19.349
128,0,1,1024,19.5087
128,0,1,2048,19.467
128,0,1,4096,19.8617
128,0,1,8192,21.9307
128,0,1,16384,25.3973
128,0,2,16,14.4003
128,0,2,32,14.368
128,0,2,64,14.3787
128,0,2,128,15.4243
128,0,2,256,16.821
128,0,2,512,18.912
128,0,2,1024,19.4987
128,0,2,2048,19.4667
128,0,2,4096,19.905
128,0,2,8192,22.102
128,0,2,16384,25.483
128,0,4,16,14.5493
128,0,4,32,14.4537
128,0,4,64,14.603
128,0,4,128,15.5947
128,0,4,256,16.9383
128,0,4,512,19.3917
128,0,4,1024,19.3597
128,0,4,2048,19.7763
128,0,4,4096,20.5447
128,0,4,8192,22.944
128,0,4,16384,30.3467
128,0,8,16,14.6557
128,0,8,32,14.5703
128,0,8,64,14.4747
128,0,8,128,15.7427
128,0,8,256,17.1097
128,0,8,512,19.1037
128,0,8,1024,19.7223
128,0,8,2048,20.5443
128,0,8,4096,22.453
128,0,8,8192,29.3233
128,0,8,16384,41.994
128,0,16,16,14.1223
128,0,16,32,14.112
128,0,16,64,14.1653
128,0,16,128,15.776
128,0,16,256,16.832
128,0,16,512,19.2223
128,0,16,1024,20.224
128,0,16,2048,23.211
128,0,16,4096,29.3867
128,0,16,8192,42.8587
128,0,16,16384,64.2243
128,0,32,16,14.6457
128,0,32,32,14.4317
128,0,32,64,14.4533
128,0,32,128,16.021
128,0,32,256,17.2377
128,0,32,512,20.5653
128,0,32,1024,22.9227
128,0,32,2048,29.7713
128,0,32,4096,43.0187
128,0,32,8192,65.184
128,0,32,16384,110.038
128,0,64,16,14.955
128,0,64,32,15.0723
128,0,64,64,15.0937
128,0,64,128,16.3727
128,0,64,256,17.7387
128,0,64,512,23.7763
128,0,64,1024,31.349
128,0,64,2048,45.355
128,0,64,4096,67.6053
128,0,64,8192,112.672
128,0,64,16384,198.934
128,0,128,16,15.04
128,0,128,32,15.0503
128,0,128,64,15.3383
128,0,128,128,16.5973
128,0,128,256,20.373
128,0,128,512,31.7963
128,0,128,1024,47.1457
128,0,128,2048,69.7283
128,0,128,4096,118.976
128,0,128,8192,202.241
128,0,128,16384,377.527
128,16,0,0,16.704
128,16,1,16,16.5643
128,16,1,32,16.8
128,16,1,64,16.7997
128,16,1,128,16.5557
128,16,1,256,16.8737
128,16,1,512,20.6073
128,16,1,1024,20.1283
128,16,1,2048,19.6157
128,16,1,4096,20.2777
128,16,1,8192,21.952
128,16,1,16384,25.0237
128,16,2,16,16.672
128,16,2,32,16.608
128,16,2,64,16.6187
128,16,2,128,16.427
128,16,2,256,17.0137
128,16,2,512,21.067
128,16,2,1024,19.3493
128,16,2,2048,19.7543
128,16,2,4096,20.213
128,16,2,8192,21.7173
128,16,2,16384,25.6853
128,16,4,16,16.832
128,16,4,32,16.8423
128,16,4,64,16.7467
128,16,4,128,16.7897
128,16,4,256,17.0773
128,16,4,512,20.4057
128,16,4,1024,19.9147
128,16,4,2048,19.4347
128,16,4,4096,21.525
128,16,4,8192,23.211
128,16,4,16384,29.675
128,16,8,16,16.8847
128,16,8,32,16.8747
128,16,8,64,16.8747
128,16,8,128,16.586
128,16,8,256,16.9917
128,16,8,512,19.7973
128,16,8,1024,19.296
128,16,8,2048,21.782
128,16,8,4096,22.539
128,16,8,8192,29.472
128,16,8,16384,40.9923
128,16,16,16,16.3733
128,16,16,32,16.362
128,16,16,64,16.3413
128,16,16,128,16.086
128,16,16,256,17.0663
128,16,16,512,20.288
128,16,16,1024,21.6533
128,16,16,2048,22.869
128,16,16,4096,29.781
128,16,16,8192,42.4003
128,16,16,16384,63.9473
128,16,32,16,16.3627
128,16,32,32,16.4587
128,16,32,64,16.6727
128,16,32,128,16.2453
128,16,32,256,17.28
128,16,32,512,21.707
128,16,32,1024,23.243
128,16,32,2048,29.9207
128,16,32,4096,42.774
128,16,32,8192,65.4193
128,16,32,16384,109.931
128,16,64,16,17.2377
128,16,64,32,17.014
128,16,64,64,17.6
128,16,64,128,16.9483
128,16,64,256,17.6107
128,16,64,512,24.31
128,16,64,1024,31.3177
128,16,64,2048,44.8853
128,16,64,4096,68.3203
128,16,64,8192,112.022
128,16,64,16384,198.859
128,16,128,16,17.3553
128,16,128,32,17.3653
128,16,128,64,17.355
128,16,128,128,16.896
128,16,128,256,20.0743
128,16,128,512,32.1067
128,16,128,1024,46.8163
128,16,128,2048,69.8243
128,16,128,4096,118.731
128,16,128,8192,201.335
128,16,128,16384,376.535
128,32,0,0,15.883
128,32,1,16,15.9687
128,32,1,32,15.8297
128,32,1,64,15.851
128,32,1,128,15.7977
128,32,1,256,16.9067
128,32,1,512,21.4187
128,32,1,1024,19.9897
128,32,1,2048,20.2133
128,32,1,4096,20.5867
128,32,1,8192,22.0703
128,32,1,16384,25.3017
128,32,2,16,15.829
128,32,2,32,15.7437
128,32,2,64,15.8293
128,32,2,128,15.776
128,32,2,256,16.875
128,32,2,512,21.1197
128,32,2,1024,19.552
128,32,2,2048,19.7973
128,32,2,4096,20.5227
128,32,2,8192,22.0797
128,32,2,16384,25.8663
128,32,4,16,15.9793
128,32,4,32,15.957
128,32,4,64,16.0637
128,32,4,128,15.8393
128,32,4,256,17.0777
128,32,4,512,20.4053
128,32,4,1024,19.638
128,32,4,2048,19.3817
128,32,4,4096,20.3633
128,32,4,8192,23.4133
128,32,4,16384,30.1013
128,32,8,16,15.861
128,32,8,32,15.9577
128,32,8,64,16.0323
128,32,8,128,15.957
128,32,8,256,17.2587
128,32,8,512,20.0107
128,32,8,1024,19.3063
128,32,8,2048,20.8533
128,32,8,4096,22.5067
128,32,8,8192,29.227
128,32,8,16384,41.8773
128,32,16,16,15.52
128,32,16,32,15.456
128,32,16,64,15.606
128,32,16,128,15.6693
128,32,16,256,17.152
128,32,16,512,20.0213
128,32,16,1024,20.4697
128,32,16,2048,22.847
128,32,16,4096,30.0373
128,32,16,8192,42.6783
128,32,16,16384,63.2217
128,32,32,16,15.7757
128,32,32,32,15.701
128,32,32,64,15.6053
128,32,32,128,16.234
128,32,32,256,17.2587
128,32,32,512,20.726
128,32,32,1024,23.2753
128,32,32,2048,29.728
128,32,32,4096,43.136
128,32,32,8192,65.2587
128,32,32,16384,109.558
128,32,64,16,16.3947
128,32,64,32,16.3203
128,32,64,64,16.1277
128,32,64,128,16.757
128,32,64,256,17.9943
128,32,64,512,24.0207
128,32,64,1024,31.4347
128,32,64,2048,45.4613
128,32,64,4096,68.0427
128,32,64,8192,112
128,32,64,16384,200.619
128,32,128,16,16.2663
128,32,128,32,16.3517
128,32,128,64,16.3943
128,32,128,128,16.6613
128,32,128,256,20.842
128,32,128,512,31.9253
128,32,128,1024,46.9123
128,32,128,2048,69.8247
128,32,128,4096,120.256
128,32,128,8192,203.084
128,32,128,16384,378.7
128,64,0,0,15.8933
128,64,1,16,16.0003
128,64,1,32,15.701
128,64,1,64,15.85
128,64,1,128,15.6907
128,64,1,256,16.992
128,64,1,512,21.824
128,64,1,1024,19.851
128,64,1,2048,20.2877
128,64,1,4096,20.7893
128,64,1,8192,21.941
128,64,1,16384,24.875
128,64,2,16,15.8613
128,64,2,32,15.776
128,64,2,64,15.8723
128,64,2,128,15.8933
128,64,2,256,17.1627
128,64,2,512,20.3947
128,64,2,1024,19.829
128,64,2,2048,19.8297
128,64,2,4096,21.0877
128,64,2,8192,22.0693
128,64,2,16384,25.4937
128,64,4,16,15.7867
128,64,4,32,15.8403
128,64,4,64,16.043
128,64,4,128,16.1703
128,64,4,256,17.1737
128,64,4,512,20.96
128,64,4,1024,20.15
128,64,4,2048,19.8193
128,64,4,4096,20.49
128,64,4,8192,22.944
128,64,4,16384,29.8467
128,64,8,16,15.9467
128,64,8,32,16.1073
128,64,8,64,15.9043
128,64,8,128,15.9993
128,64,8,256,16.9283
128,64,8,512,20.1813
128,64,8,1024,19.5417
128,64,8,2048,20.6183
128,64,8,4096,22.3577
128,64,8,8192,29.632
128,64,8,16384,41.6757
128,64,16,16,15.6373
128,64,16,32,15.8927
128,64,16,64,15.6053
128,64,16,128,15.8937
128,64,16,256,17.0567
128,64,16,512,20.8853
128,64,16,1024,20.139
128,64,16,2048,23.1153
128,64,16,4096,30.0053
128,64,16,8192,42.0483
128,64,16,16384,64.107
128,64,32,16,15.637
128,64,32,32,15.5733
128,64,32,64,15.7753
128,64,32,128,16.2763
128,64,32,256,17.2153
128,64,32,512,20.5227
128,64,32,1024,22.7097
128,64,32,2048,30.4747
128,64,32,4096,43.2963
128,64,32,8192,65.814
128,64,32,16384,109.675
128,64,64,16,15.755
128,64,64,32,16.2773
128,64,64,64,16.1273
128,64,64,128,16.4593
128,64,64,256,17.856
128,64,64,512,23.414
128,64,64,1024,31.7973
128,64,64,2048,44.8
128,64,64,4096,67.051
128,64,64,8192,112.267
128,64,64,16384,198.486
128,64,128,16,16.2773
128,64,128,32,16.2453
128,64,128,64,16.3843
128,64,128,128,16.715
128,64,128,256,20.5867
128,64,128,512,32.384
128,64,128,1024,46.3367
128,64,128,2048,69.7923
128,64,128,4096,118.091
128,64,128,8192,201.494
128,64,128,16384,376.663
128,128,0,0,16.0207
128,128,1,16,15.915
128,128,1,32,15.734
128,128,1,64,16.107
128,128,1,128,15.7113
128,128,1,256,16.9817
128,128,1,512,21.9203
128,128,1,1024,20.2877
128,128,1,2048,20.3947
128,128,1,4096,20.8747
128,128,1,8192,21.9843
128,128,1,16384,25.3657
128,128,2,16,15.947
128,128,2,32,15.839
128,128,2,64,15.9253
128,128,2,128,15.894
128,128,2,256,16.8427
128,128,2,512,21.3233
128,128,2,1024,20.064
128,128,2,2048,20.0857
128,128,2,4096,20.9387
128,128,2,8192,22.1547
128,128,2,16384,25.824
128,128,4,16,15.9137
128,128,4,32,16.0427
128,128,4,64,15.9143
128,128,4,128,16.0743
128,128,4,256,17.0133
128,128,4,512,20.5233
128,128,4,1024,19.9353
128,128,4,2048,19.52
128,128,4,4096,20.6397
128,128,4,8192,23.4023
128,128,4,16384,30.09
128,128,8,16,16.0313
128,128,8,32,15.819
128,128,8,64,15.9363
128,128,8,128,15.9253
128,128,8,256,17.0453
128,128,8,512,19.9147
128,128,8,1024,19.7027
128,128,8,2048,20.864
128,128,8,4096,22.496
128,128,8,8192,29.5367
128,128,8,16384,41.686
128,128,16,16,15.5093
128,128,16,32,15.627
128,128,16,64,15.5723
128,128,16,128,15.6367
128,128,16,256,17.0667
128,128,16,512,20.022
128,128,16,1024,20.2663
128,128,16,2048,22.5923
128,128,16,4096,29.4193
128,128,16,8192,42.144
128,128,16,16384,64.8843
128,128,32,16,15.6903
128,128,32,32,15.7863
128,128,32,64,15.7437
128,128,32,128,16.022
128,128,32,256,17.323
128,128,32,512,20.843
128,128,32,1024,23.243
128,128,32,2048,30.1867
128,128,32,4096,43.403
128,128,32,8192,65.867
128,128,32,16384,109.995
128,128,64,16,16.4907
128,128,64,32,16.5233
128,128,64,64,16.5123
128,128,64,128,16.672
128,128,64,256,17.8033
128,128,64,512,23.6587
128,128,64,1024,31.52
128,128,64,2048,44.523
128,128,64,4096,67.2847
128,128,64,8192,111.606
128,128,64,16384,200.118
128,128,128,16,16.554
128,128,128,32,16.4163
128,128,128,64,16.587
128,128,128,128,17.088
128,128,128,256,20.801
128,128,128,512,32.2877
128,128,128,1024,46.56
128,128,128,2048,69.792
128,128,128,4096,118.123
128,128,128,8192,201.514
128,128,128,16384,374.999
128,256,0,0,17.3007
128,256,1,16,17.2693
128,256,1,32,17.258
128,256,1,64,17.3657
128,256,1,128,17.2473
128,256,1,256,17.2373
128,256,1,512,22.2187
128,256,1,1024,20.299
128,256,1,2048,19.9467
128,256,1,4096,20.405
128,256,1,8192,21.4403
128,256,1,16384,25.6747
128,256,2,16,17.2057
128,256,2,32,17.3547
128,256,2,64,17.248
128,256,2,128,17.2483
128,256,2,256,17.2907
128,256,2,512,21.013
128,256,2,1024,19.6267
128,256,2,2048,19.5737
128,256,2,4096,20.4167
128,256,2,8192,22.1337
128,256,2,16384,25.419
128,256,4,16,17.408
128,256,4,32,17.4403
128,256,4,64,17.366
128,256,4,128,17.3553
128,256,4,256,17.355
128,256,4,512,20.513
128,256,4,1024,19.7437
128,256,4,2048,19.6053
128,256,4,4096,21.8877
128,256,4,8192,23.0933
128,256,4,16384,30.315
128,256,8,16,17.4723
128,256,8,32,17.4293
128,256,8,64,17.3333
128,256,8,128,17.525
128,256,8,256,17.472
128,256,8,512,20.8017
128,256,8,1024,19.382
128,256,8,2048,22.4107
128,256,8,4096,22.7407
128,256,8,8192,29.1197
128,256,8,16384,41.9307
128,256,16,16,16.8527
128,256,16,32,17.1093
128,256,16,64,17.109
128,256,16,128,16.8427
128,256,16,256,16.9173
128,256,16,512,21.0363
128,256,16,1024,20.907
128,256,16,2048,23.008
128,256,16,4096,29.8243
128,256,16,8192,41.76
128,256,16,16384,63.659
128,256,32,16,17.2157
128,256,32,32,17.1627
128,256,32,64,17.2277
128,256,32,128,17.0983
128,256,32,256,17.2367
128,256,32,512,21.6103
128,256,32,1024,22.912
128,256,32,2048,30.0377
128,256,32,4096,43.3817
128,256,32,8192,66.0693
128,256,32,16384,109.942
128,256,64,16,17.599
128,256,64,32,17.7917
128,256,64,64,17.7387
128,256,64,128,17.664
128,256,64,256,17.6747
128,256,64,512,23.989
128,256,64,1024,31.2643
128,256,64,2048,44.8213
128,256,64,4096,67.6797
128,256,64,8192,112.981
128,256,64,16384,200.512
128,256,128,16,17.9737
128,256,128,32,17.952
128,256,128,64,18.133
128,256,128,128,18.0587
128,256,128,256,20.192
128,256,128,512,32.768
128,256,128,1024,46.678
128,256,128,2048,69.8987
128,256,128,4096,118.037
128,256,128,8192,201.643
128,256,128,16384,377.441
128,512,0,0,20.523
128,512,1,16,20.7573
128,512,1,32,20.8967
128,512,1,64,20.6293
128,512,1,128,21.4827
128,512,1,256,21.6747
128,512,1,512,21.5787
128,512,1,1024,19.968
128,512,1,2048,20.374
128,512,1,4096,20.2453
128,512,1,8192,22.1227
128,512,1,16384,24.9713
128,512,2,16,20.0433
128,512,2,32,20.149
128,512,2,64,20.0323
128,512,2,128,20.832
128,512,2,256,20.8327
128,512,2,512,20.7367
128,512,2,1024,19.8713
128,512,2,2048,19.7757
128,512,2,4096,19.9897
128,512,2,8192,21.91
128,512,2,16384,25.5897
128,512,4,16,19.979
128,512,4,32,20.3317
128,512,4,64,20.363
128,512,4,128,20.853
128,512,4,256,21.1733
128,512,4,512,20.704
128,512,4,1024,19.7977
128,512,4,2048,19.6487
128,512,4,4096,21.7707
128,512,4,8192,23.2107
128,512,4,16384,29.9093
128,512,8,16,20.9073
128,512,8,32,20.7677
128,512,8,64,20.5017
128,512,8,128,21.3557
128,512,8,256,20.7467
128,512,8,512,20.8313
128,512,8,1024,19.851
128,512,8,2048,23.1047
128,512,8,4096,23.4133
128,512,8,8192,29.2373
128,512,8,16384,41.7383
128,512,16,16,20.139
128,512,16,32,19.52
128,512,16,64,20.1493
128,512,16,128,19.9787
128,512,16,256,21.3223
128,512,16,512,21.8033
128,512,16,1024,21.227
128,512,16,2048,23.6473
128,512,16,4096,30.325
128,512,16,8192,42.2827
128,512,16,16384,63.9463
128,512,32,16,19.2213
128,512,32,32,20.0537
128,512,32,64,20.128
128,512,32,128,20.7463
128,512,32,256,23.2323
128,512,32,512,21.579
128,512,32,1024,24.672
128,512,32,2048,30.0587
128,512,32,4096,43.0297
128,512,32,8192,65.2793
128,512,32,16384,111.062
128,512,64,16,19.648
128,512,64,32,20.4053
128,512,64,64,20.501
128,512,64,128,21.1527
128,512,64,256,27.0187
128,512,64,512,30.4857
128,512,64,1024,31.4887
128,512,64,2048,44.7793
128,512,64,4096,67.6367
128,512,64,8192,112.277
128,512,64,16384,199.349
128,512,128,16,24.362
128,512,128,32,23.1573
128,512,128,64,23.9147
128,512,128,128,27.723
128,512,128,256,33.409
128,512,128,512,32.8
128,512,128,1024,47.6477
128,512,128,2048,69.8773
128,512,128,4096,118.827
128,512,128,8192,202.39
128,512,128,16384,377.367
128,1024,0,0,21.2373
128,1024,1,16,21.7603
128,1024,1,32,21.8773
128,1024,1,64,21.6427
128,1024,1,128,22.2727
128,1024,1,256,22.9437
128,1024,1,512,22.6237
128,1024,1,1024,22.411
128,1024,1,2048,20.4053
128,1024,1,4096,20.4483
128,1024,1,8192,22.1227
128,1024,1,16384,25.3973
128,1024,2,16,21.3543
128,1024,2,32,20.8747
128,1024,2,64,20.6927
128,1024,2,128,22.005
128,1024,2,256,21.8247
128,1024,2,512,22.0167
128,1024,2,1024,22.016
128,1024,2,2048,19.371
128,1024,2,4096,20.5333
128,1024,2,8192,21.675
128,1024,2,16384,25.782
128,1024,4,16,21.6423
128,1024,4,32,21.376
128,1024,4,64,21.4083
128,1024,4,128,21.536
128,1024,4,256,21.6743
128,1024,4,512,21.792
128,1024,4,1024,21.8343
128,1024,4,2048,20.5013
128,1024,4,4096,22.5493
128,1024,4,8192,24.2127
128,1024,4,16384,30.795
128,1024,8,16,21.7073
128,1024,8,32,21.781
128,1024,8,64,21.6323
128,1024,8,128,21.7387
128,1024,8,256,21.6323
128,1024,8,512,21.664
128,1024,8,1024,21.889
128,1024,8,2048,22.4533
128,1024,8,4096,25.0667
128,1024,8,8192,29.9837
128,1024,8,16384,42.5813
128,1024,16,16,21.0877
128,1024,16,32,21.11
128,1024,16,64,20.9927
128,1024,16,128,21.963
128,1024,16,256,21.8347
128,1024,16,512,22.218
128,1024,16,1024,22.4537
128,1024,16,2048,23.819
128,1024,16,4096,29.4833
128,1024,16,8192,41.8347
128,1024,16,16384,64.4903
128,1024,32,16,20.96
128,1024,32,32,21.0347
128,1024,32,64,20.864
128,1024,32,128,22.2187
128,1024,32,256,22.0167
128,1024,32,512,22.496
128,1024,32,1024,24.704
128,1024,32,2048,37.045
128,1024,32,4096,42.8693
128,1024,32,8192,65.4193
128,1024,32,16384,110.144
128,1024,64,16,21.195
128,1024,64,32,21.4937
128,1024,64,64,21.1093
128,1024,64,128,21.206
128,1024,64,256,27.0937
128,1024,64,512,30.1553
128,1024,64,1024,39.5093
128,1024,64,2048,45.2473
128,1024,64,4096,68.1917
128,1024,64,8192,111.819
128,1024,64,16384,200.588
128,1024,128,16,23.9893
128,1024,128,32,24.5227
128,1024,128,64,25.1417
128,1024,128,128,27.5203
128,1024,128,256,32.9177
128,1024,128,512,42.8693
128,1024,128,1024,46.432
128,1024,128,2048,70.432
128,1024,128,4096,118.624
128,1024,128,8192,203.233
128,1024,128,16384,376.844
128,2048,0,0,22.5067
128,2048,1,16,22.6137
128,2048,1,32,22.3993
128,2048,1,64,22.379
128,2048,1,128,22.3997
128,2048,1,256,22.4747
128,2048,1,512,22.4853
128,2048,1,1024,22.806
128,2048,1,2048,23.2427
128,2048,1,4096,21.1843
128,2048,1,8192,22.4
128,2048,1,16384,25.067
128,2048,2,16,21.7497
128,2048,2,32,21.333
128,2048,2,64,22.2503
128,2048,2,128,22.0807
128,2048,2,256,21.9947
128,2048,2,512,22.4423
128,2048,2,1024,22.2187
128,2048,2,2048,22.3577
128,2048,2,4096,22.8587
128,2048,2,8192,22.1977
128,2048,2,16384,25.7287
128,2048,4,16,21.9307
128,2048,4,32,22.1117
128,2048,4,64,21.9627
128,2048,4,128,22.4747
128,2048,4,256,22.0693
128,2048,4,512,22.8903
128,2048,4,1024,22.336
128,2048,4,2048,22.5597
128,2048,4,4096,23.274
128,2048,4,8192,25.269
128,2048,4,16384,30.3153
128,2048,8,16,22.87
128,2048,8,32,22.7207
128,2048,8,64,22.2177
128,2048,8,128,22.389
128,2048,8,256,22.7203
128,2048,8,512,22.1337
128,2048,8,1024,22.998
128,2048,8,2048,23.254
128,2048,8,4096,24.9923
128,2048,8,8192,29.3443
128,2048,8,16384,42.347
128,2048,16,16,21.739
128,2048,16,32,21.749
128,2048,16,64,21.9947
128,2048,16,128,22.4533
128,2048,16,256,22.2507
128,2048,16,512,22.389
128,2048,16,1024,23.8297
128,2048,16,2048,25.066
128,2048,16,4096,29.5893
128,2048,16,8192,43.2963
128,2048,16,16384,64.224
128,2048,32,16,22.1547
128,2048,32,32,22.0797
128,2048,32,64,21.8983
128,2048,32,128,22.0157
128,2048,32,256,21.813
128,2048,32,512,23.7547
128,2048,32,1024,26.1973
128,2048,32,2048,31.4243
128,2048,32,4096,53.088
128,2048,32,8192,65.3767
128,2048,32,16384,110.998
128,2048,64,16,21.8883
128,2048,64,32,22.0583
128,2048,64,64,21.942
128,2048,64,128,22.3253
128,2048,64,256,23.0933
128,2048,64,512,29.2267
128,2048,64,1024,39.339
128,2048,64,2048,57.8027
128,2048,64,4096,68.47
128,2048,64,8192,113.611
128,2048,64,16384,200.214
128,2048,128,16,25.4507
128,2048,128,32,25.568
128,2048,128,64,25.6217
128,2048,128,128,28.2133
128,2048,128,256,32.5867
128,2048,128,512,42.0063
128,2048,128,1024,62.6883
128,2048,128,2048,69.7917
128,2048,128,4096,119.851
128,2048,128,8192,203.509
128,2048,128,16384,376.865
128,4096,0,0,24.2453
128,4096,1,16,23.9153
128,4096,1,32,23.7117
128,4096,1,64,23.9897
128,4096,1,128,24.1167
128,4096,1,256,24.2133
128,4096,1,512,23.915
128,4096,1,1024,24.3097
128,4096,1,2048,24.288
128,4096,1,4096,24.3193
128,4096,1,8192,22.8377
128,4096,1,16384,24.9603
128,4096,2,16,23.4453
128,4096,2,32,23.6377
128,4096,2,64,23.2747
128,4096,2,128,23.573
128,4096,2,256,23.712
128,4096,2,512,23.946
128,4096,2,1024,24.0747
128,4096,2,2048,24.0747
128,4096,2,4096,23.403
128,4096,2,8192,25.1203
128,4096,2,16384,25.813
128,4096,4,16,24.448
128,4096,4,32,23.4877
128,4096,4,64,24.1277
128,4096,4,128,23.7967
128,4096,4,256,23.723
128,4096,4,512,23.7767
128,4096,4,1024,24.1603
128,4096,4,2048,23.8717
128,4096,4,4096,24.9283
128,4096,4,8192,25.2907
128,4096,4,16384,30.9023
128,4096,8,16,23.8183
128,4096,8,32,24.0423
128,4096,8,64,23.7227
128,4096,8,128,23.733
128,4096,8,256,24.299
128,4096,8,512,23.4887
128,4096,8,1024,24.096
128,4096,8,2048,25.056
128,4096,8,4096,25.301
128,4096,8,8192,31.0187
128,4096,8,16384,42.6777
128,4096,16,16,23.072
128,4096,16,32,23.0403
128,4096,16,64,23.6263
128,4096,16,128,23.7337
128,4096,16,256,23.265
128,4096,16,512,25.3227
128,4096,16,1024,24.7143
128,4096,16,2048,26.5283
128,4096,16,4096,30.112
128,4096,16,8192,43.286
128,4096,16,16384,64.2773
128,4096,32,16,23.2637
128,4096,32,32,23.5097
128,4096,32,64,23.243
128,4096,32,128,23.5303
128,4096,32,256,24.5653
128,4096,32,512,24.2243
128,4096,32,1024,26.7413
128,4096,32,2048,31.6793
128,4096,32,4096,54.763
128,4096,32,8192,86.6243
128,4096,32,16384,110.678
128,4096,64,16,23.4137
128,4096,64,32,23.7973
128,4096,64,64,22.731
128,4096,64,128,23.7123
128,4096,64,256,25.3433
128,4096,64,512,29.76
128,4096,64,1024,39.4347
128,4096,64,2048,58.08
128,4096,64,4096,91.4563
128,4096,64,8192,112.022
128,4096,64,16384,199.873
128,4096,128,16,24.2883
128,4096,128,32,24.288
128,4096,128,64,24.7893
128,4096,128,128,28.107
128,4096,128,256,32.726
128,4096,128,512,43.232
128,4096,128,1024,62.4753
128,4096,128,2048,96.1707
128,4096,128,4096,119.093
128,4096,128,8192,202.657
128,4096,128,16384,378.582
128,8192,0,0,27.4457
128,8192,1,16,27.1143
128,8192,1,32,26.923
128,8192,1,64,27.1583
128,8192,1,128,27.371
128,8192,1,256,27.2423
128,8192,1,512,27.105
128,8192,1,1024,27.157
128,8192,1,2048,26.8277
128,8192,1,4096,27.2757
128,8192,1,8192,28.2567
128,8192,1,16384,25.44
128,8192,2,16,26.528
128,8192,2,32,26.5393
128,8192,2,64,26.4213
128,8192,2,128,26.2507
128,8192,2,256,26.7093
128,8192,2,512,26.6773
128,8192,2,1024,26.4427
128,8192,2,2048,26.3367
128,8192,2,4096,28.2773
128,8192,2,8192,27.1153
128,8192,2,16384,27.6693
128,8192,4,16,25.2803
128,8192,4,32,26.5277
128,8192,4,64,27.2533
128,8192,4,128,27.1357
128,8192,4,256,26.8693
128,8192,4,512,27.2323
128,8192,4,1024,27.894
128,8192,4,2048,28.3733
128,8192,4,4096,26.9867
128,8192,4,8192,29.2583
128,8192,4,16384,32.2563
128,8192,8,16,26.3893
128,8192,8,32,26.3367
128,8192,8,64,26.283
128,8192,8,128,26.528
128,8192,8,256,26.4857
128,8192,8,512,26.5283
128,8192,8,1024,28.7467
128,8192,8,2048,26.6237
128,8192,8,4096,27.9037
128,8192,8,8192,31.6373
128,8192,8,16384,43.5417
128,8192,16,16,26.6453
128,8192,16,32,26.2727
128,8192,16,64,26.8367
128,8192,16,128,26.7207
128,8192,16,256,27.6373
128,8192,16,512,27.2757
128,8192,16,1024,26.379
128,8192,16,2048,27.2533
128,8192,16,4096,31.958
128,8192,16,8192,44.2343
128,8192,16,16384,65.6967
128,8192,32,16,26.5283
128,8192,32,32,26.539
128,8192,32,64,26.6457
128,8192,32,128,26.688
128,8192,32,256,30.3893
128,8192,32,512,26.9543
128,8192,32,1024,27.6803
128,8192,32,2048,41.1093
128,8192,32,4096,45.9737
128,8192,32,8192,85.3127
128,8192,32,16384,150.881
128,8192,64,16,24.9283
128,8192,64,32,25.3013
128,8192,64,64,25.1627
128,8192,64,128,25.984
128,8192,64,256,26.08
128,8192,64,512,28.5657
128,8192,64,1024,39.531
128,8192,64,2048,56.7577
128,8192,64,4096,88.3307
128,8192,64,8192,156.491
128,8192,64,16384,200.694
128,8192,128,16,26.4643
128,8192,128,32,26.945
128,8192,128,64,26.5597
128,8192,128,128,28.5117
128,8192,128,256,32.8213
128,8192,128,512,42.9333
128,8192,128,1024,61.5053
128,8192,128,2048,94.1547
128,8192,128,4096,162.315
128,8192,128,8192,203.041
128,8192,128,16384,379.159
128,16384,0,0,32.086
128,16384,1,16,31.189
128,16384,1,32,31.306
128,16384,1,64,31.413
128,16384,1,128,31.669
128,16384,1,256,31.8293
128,16384,1,512,32.2247
128,16384,1,1024,32.5327
128,16384,1,2048,31.9053
128,16384,1,4096,32.256
128,16384,1,8192,34.752
128,16384,1,16384,31.925
128,16384,2,16,31.0293
128,16384,2,32,30.8157
128,16384,2,64,30.891
128,16384,2,128,31.103
128,16384,2,256,31.105
128,16384,2,512,31.9573
128,16384,2,1024,32.1067
128,16384,2,2048,32.0107
128,16384,2,4096,33.237
128,16384,2,8192,32.0747
128,16384,2,16384,32.0863
128,16384,4,16,31.029
128,16384,4,32,30.5063
128,16384,4,64,31.4667
128,16384,4,128,31.5627
128,16384,4,256,31.349
128,16384,4,512,32.469
128,16384,4,1024,32.256
128,16384,4,2048,32.587
128,16384,4,4096,32.694
128,16384,4,8192,33.0883
128,16384,4,16384,34.9657
128,16384,8,16,30.7733
128,16384,8,32,30.7413
128,16384,8,64,29.2903
128,16384,8,128,30.592
128,16384,8,256,30.528
128,16384,8,512,32.992
128,16384,8,1024,32.6613
128,16384,8,2048,31.7767
128,16384,8,4096,31.605
128,16384,8,8192,34.88
128,16384,8,16384,44.9067
128,16384,16,16,31.4987
128,16384,16,32,31.7873
128,16384,16,64,31.1037
128,16384,16,128,31.6703
128,16384,16,256,31.0407
128,16384,16,512,35.083
128,16384,16,1024,31.0933
128,16384,16,2048,31.7013
128,16384,16,4096,35.3167
128,16384,16,8192,44.6827
128,16384,16,16384,67.8827
128,16384,32,16,32.1927
128,16384,32,32,31.883
128,16384,32,64,31.8507
128,16384,32,128,29.2693
128,16384,32,256,31.1783
128,16384,32,512,30.912
128,16384,32,1024,35.6267
128,16384,32,2048,36.586
128,16384,32,4096,63.3707
128,16384,32,8192,68.8747
128,16384,32,16384,151.286
128,16384,64,16,29.9197
128,16384,64,32,30.4853
128,16384,64,64,31.1247
128,16384,64,128,30.934
128,16384,64,256,31.2317
128,16384,64,512,37.4403
128,16384,64,1024,38.7413
128,16384,64,2048,56.171
128,16384,64,4096,87.9257
128,16384,64,8192,151.105
128,16384,64,16384,284.95
128,16384,128,16,30.1013
128,16384,128,32,30.123
128,16384,128,64,30.603
128,16384,128,128,35.317
128,16384,128,256,34.251
128,16384,128,512,42.8477
128,16384,128,1024,59.7343
128,16384,128,2048,92.4693
128,16384,128,4096,161.825
128,16384,128,8192,289.793
128,16384,128,16384,378.679
256,0,0,0,16.053
256,0,1,16,16.0103
256,0,1,32,15.957
256,0,1,64,15.6803
256,0,1,128,15.861
256,0,1,256,17.0457
256,0,1,512,21.7177
256,0,1,1024,20.1283
256,0,1,2048,20.0207
256,0,1,4096,21.451
256,0,1,8192,24.96
256,0,1,16384,30.688
256,0,2,16,16.1063
256,0,2,32,15.9467
256,0,2,64,16.0323
256,0,2,128,15.905
256,0,2,256,16.8743
256,0,2,512,21.1093
256,0,2,1024,20.2667
256,0,2,2048,20.2997
256,0,2,4096,22.112
256,0,2,8192,25.078
256,0,2,16384,31.1897
256,0,4,16,16.181
256,0,4,32,15.8717
256,0,4,64,16.1813
256,0,4,128,16.149
256,0,4,256,17.1523
256,0,4,512,21.8987
256,0,4,1024,20.4163
256,0,4,2048,19.6373
256,0,4,4096,21.5037
256,0,4,8192,24.779
256,0,4,16384,32
256,0,8,16,16.0533
256,0,8,32,16.16
256,0,8,64,16.096
256,0,8,128,16.1707
256,0,8,256,17.4297
256,0,8,512,20.352
256,0,8,1024,19.7337
256,0,8,2048,20.64
256,0,8,4096,22.6987
256,0,8,8192,29.9097
256,0,8,16384,42.016
256,0,16,16,15.9467
256,0,16,32,15.7863
256,0,16,64,15.8823
256,0,16,128,16.3947
256,0,16,256,17.3557
256,0,16,512,21.568
256,0,16,1024,20.6723
256,0,16,2048,22.646
256,0,16,4096,29.4077
256,0,16,8192,47.5743
256,0,16,16384,67.946
256,0,32,16,15.9143
256,0,32,32,15.7757
256,0,32,64,15.8187
256,0,32,128,16.405
256,0,32,256,17.4613
256,0,32,512,20.587
256,0,32,1024,22.848
256,0,32,2048,34.7943
256,0,32,4096,46.3357
256,0,32,8192,68.6073
256,0,32,16384,111.435
256,0,64,16,16.2017
256,0,64,32,16.0533
256,0,64,64,16.1283
256,0,64,128,16.619
256,0,64,256,17.653
256,0,64,512,28.8323
256,0,64,1024,36.971
256,0,64,2048,49.1627
256,0,64,4096,70.5283
256,0,64,8192,113.814
256,0,64,16384,199.148
256,0,128,16,19.211
256,0,128,32,19.1257
256,0,128,64,19.456
256,0,128,128,21.8883
256,0,128,256,26.0483
256,0,128,512,39.1147
256,0,128,1024,52.1497
256,0,128,2048,75.7443
256,0,128,4096,117.356
256,0,128,8192,202.027
256,0,128,16384,377.878
256,16,0,0,18.2723
256,16,1,16,18.1337
256,16,1,32,18.133
256,16,1,64,17.888
256,16,1,128,18.208
256,16,1,256,17.8877
256,16,1,512,21.3123
256,16,1,1024,19.776
256,16,1,2048,20.277
256,16,1,4096,21.877
256,16,1,8192,24.864
256,16,1,16384,31.125
256,16,2,16,17.9623
256,16,2,32,17.9423
256,16,2,64,18.2933
256,16,2,128,18.005
256,16,2,256,18.101
256,16,2,512,21.621
256,16,2,1024,20.011
256,16,2,2048,20.352
256,16,2,4096,22.0697
256,16,2,8192,25.323
256,16,2,16384,31.4247
256,16,4,16,17.782
256,16,4,32,18.0907
256,16,4,64,18.4103
256,16,4,128,17.941
256,16,4,256,18.123
256,16,4,512,21.728
256,16,4,1024,20.1387
256,16,4,2048,19.8503
256,16,4,4096,21.6743
256,16,4,8192,25.163
256,16,4,16384,32.2453
256,16,8,16,18.1227
256,16,8,32,18.24
256,16,8,64,18.2613
256,16,8,128,18.368
256,16,8,256,18.187
256,16,8,512,21.0983
256,16,8,1024,19.8823
256,16,8,2048,21.8457
256,16,8,4096,23.019
256,16,8,8192,30.3893
256,16,8,16384,43.0293
256,16,16,16,18.0803
256,16,16,32,17.696
256,16,16,64,18.0793
256,16,16,128,17.9627
256,16,16,256,17.728
256,16,16,512,21.984
256,16,16,1024,20.949
256,16,16,2048,22.87
256,16,16,4096,29.6853
256,16,16,8192,46.1767
256,16,16,16384,68.352
256,16,32,16,18.0483
256,16,32,32,17.877
256,16,32,64,17.9523
256,16,32,128,17.9953
256,16,32,256,17.664
256,16,32,512,21.557
256,16,32,1024,23.093
256,16,32,2048,34.72
256,16,32,4096,47.1257
256,16,32,8192,68.7787
256,16,32,16384,112.076
256,16,64,16,18.1653
256,16,64,32,18.325
256,16,64,64,18.22
256,16,64,128,18.3787
256,16,64,256,18.2083
256,16,64,512,28.4057
256,16,64,1024,37.9517
256,16,64,2048,49.5363
256,16,64,4096,71.264
256,16,64,8192,114.891
256,16,64,16384,199.265
256,16,128,16,19.1787
256,16,128,32,19.381
256,16,128,64,19.4773
256,16,128,128,22.507
256,16,128,256,26.176
256,16,128,512,40.042
256,16,128,1024,54.262
256,16,128,2048,75.6483
256,16,128,4096,118.987
256,16,128,8192,204.843
256,16,128,16384,379.703
256,32,0,0,17.461
256,32,1,16,17.451
256,32,1,32,17.2163
256,32,1,64,17.142
256,32,1,128,17.3863
256,32,1,256,17.184
256,32,1,512,20.7997
256,32,1,1024,20.107
256,32,1,2048,20.1713
256,32,1,4096,21.728
256,32,1,8192,25.0143
256,32,1,16384,30.795
256,32,2,16,17.5467
256,32,2,32,17.045
256,32,2,64,17.504
256,32,2,128,17.3333
256,32,2,256,17.5893
256,32,2,512,21.5147
256,32,2,1024,20.2237
256,32,2,2048,20.309
256,32,2,4096,21.835
256,32,2,8192,25.0027
256,32,2,16384,31.3173
256,32,4,16,16.971
256,32,4,32,17.3437
256,32,4,64,17.5573
256,32,4,128,17.269
256,32,4,256,17.2377
256,32,4,512,21.6427
256,32,4,1024,20.417
256,32,4,2048,19.9787
256,32,4,4096,21.6957
256,32,4,8192,25.1307
256,32,4,16384,32.853
256,32,8,16,17.504
256,32,8,32,17.3657
256,32,8,64,17.3443
256,32,8,128,17.546
256,32,8,256,17.5463
256,32,8,512,20.683
256,32,8,1024,19.6587
256,32,8,2048,22.283
256,32,8,4096,23.1363
256,32,8,8192,29.9417
256,32,8,16384,43.0293
256,32,16,16,17.1203
256,32,16,32,17.1627
256,32,16,64,17.1203
256,32,16,128,17.0883
256,32,16,256,17.343
256,32,16,512,21.7387
256,32,16,1024,21.1733
256,32,16,2048,22.5607
256,32,16,4096,29.931
256,32,16,8192,46.028
256,32,16,16384,66.9447
256,32,32,16,17.3117
256,32,32,32,17.2587
256,32,32,64,17.1417
256,32,32,128,17.2263
256,32,32,256,17.312
256,32,32,512,21.2907
256,32,32,1024,22.6777
256,32,32,2048,34.56
256,32,32,4096,46.272
256,32,32,8192,68.7893
256,32,32,16384,111.361
256,32,64,16,17.5793
256,32,64,32,17.6007
256,32,64,64,17.483
256,32,64,128,17.7183
256,32,64,256,17.664
256,32,64,512,28.374
256,32,64,1024,37.7387
256,32,64,2048,48.6717
256,32,64,4096,70.923
256,32,64,8192,114.997
256,32,64,16384,200.128
256,32,128,16,19.2323
256,32,128,32,19.3923
256,32,128,64,19.6053
256,32,128,128,22.347
256,32,128,256,26.123
256,32,128,512,37.12
256,32,128,1024,52.2133
256,32,128,2048,74.358
256,32,128,4096,120.065
256,32,128,8192,202.592
256,32,128,16384,378.445
256,64,0,0,17.5137
256,64,1,16,17.5673
256,64,1,32,17.483
256,64,1,64,17.4507
256,64,1,128,17.5893
256,64,1,256,17.408
256,64,1,512,20.9813
256,64,1,1024,20.3097
256,64,1,2048,20.16
256,64,1,4096,21.525
256,64,1,8192,24.8853
256,64,1,16384,31.2753
256,64,2,16,17.109
256,64,2,32,17.0453
256,64,2,64,17.2587
256,64,2,128,17.3547
256,64,2,256,17.334
256,64,2,512,21.0773
256,64,2,1024,20.1603
256,64,2,2048,20.331
256,64,2,4096,21.9943
256,64,2,8192,24.8423
256,64,2,16384,31.3807
256,64,4,16,17.5887
256,64,4,32,17.5573
256,64,4,64,17.365
256,64,4,128,17.5577
256,64,4,256,17.4837
256,64,4,512,21.589
256,64,4,1024,20.245
256,64,4,2048,20.2987
256,64,4,4096,21.92
256,64,4,8192,24.928
256,64,4,16384,32.758
256,64,8,16,17.5253
256,64,8,32,17.4077
256,64,8,64,17.557
256,64,8,128,17.5893
256,64,8,256,17.6747
256,64,8,512,20.949
256,64,8,1024,19.9683
256,64,8,2048,21.9193
256,64,8,4096,22.8157
256,64,8,8192,29.7293
256,64,8,16384,42.273
256,64,16,16,17.0133
256,64,16,32,17.131
256,64,16,64,17.0563
256,64,16,128,17.2157
256,64,16,256,17.44
256,64,16,512,21.5467
256,64,16,1024,21.2593
256,64,16,2048,23.1253
256,64,16,4096,29.8237
256,64,16,8192,46.016
256,64,16,16384,66.3467
256,64,32,16,17.0873
256,64,32,32,17.0667
256,64,32,64,17.1627
256,64,32,128,17.344
256,64,32,256,17.462
256,64,32,512,21.5363
256,64,32,1024,23.0403
256,64,32,2048,36.182
256,64,32,4096,47.0943
256,64,32,8192,68.9167
256,64,32,16384,111.371
256,64,64,16,17.7713
256,64,64,32,17.5153
256,64,64,64,17.8247
256,64,64,128,17.5143
256,64,64,256,17.6003
256,64,64,512,28.9823
256,64,64,1024,36.5017
256,64,64,2048,48.1277
256,64,64,4096,72.1387
256,64,64,8192,114.955
256,64,64,16384,200.928
256,64,128,16,19.2207
256,64,128,32,19.1693
256,64,128,64,19.8193
256,64,128,128,22.6243
256,64,128,256,26.0167
256,64,128,512,38.9873
256,64,128,1024,53.9843
256,64,128,2048,75.2967
256,64,128,4096,119.808
256,64,128,8192,202.571
256,64,128,16384,377.399
256,128,0,0,17.4297
256,128,1,16,17.2903
256,128,1,32,17.6643
256,128,1,64,17.5787
256,128,1,128,17.4403
256,128,1,256,17.451
256,128,1,512,20.9813
256,128,1,1024,19.552
256,128,1,2048,19.9363
256,128,1,4096,21.664
256,128,1,8192,24.9387
256,128,1,16384,30.902
256,128,2,16,17.611
256,128,2,32,17.696
256,128,2,64,17.4827
256,128,2,128,17.6
256,128,2,256,17.3547
256,128,2,512,21.1943
256,128,2,1024,20.2777
256,128,2,2048,20.427
256,128,2,4096,22.1337
256,128,2,8192,25.3447
256,128,2,16384,31.4453
256,128,4,16,17.515
256,128,4,32,17.4293
256,128,4,64,17.44
256,128,4,128,17.3873
256,128,4,256,17.505
256,128,4,512,21.3227
256,128,4,1024,19.9677
256,128,4,2048,20.192
256,128,4,4096,21.6107
256,128,4,8192,24.9813
256,128,4,16384,33.088
256,128,8,16,17.5147
256,128,8,32,17.5257
256,128,8,64,17.7497
256,128,8,128,17.5573
256,128,8,256,17.5257
256,128,8,512,21.237
256,128,8,1024,19.5197
256,128,8,2048,22.1223
256,128,8,4096,22.6887
256,128,8,8192,30.08
256,128,8,16384,42.5913
256,128,16,16,17.1527
256,128,16,32,17.024
256,128,16,64,17.323
256,128,16,128,17.462
256,128,16,256,17.301
256,128,16,512,22.208
256,128,16,1024,21.28
256,128,16,2048,23.0403
256,128,16,4096,29.7167
256,128,16,8192,48.085
256,128,16,16384,68.3307
256,128,32,16,17.2903
256,128,32,32,17.3553
256,128,32,64,17.279
256,128,32,128,17.2583
256,128,32,256,17.291
256,128,32,512,21.6747
256,128,32,1024,23.435
256,128,32,2048,36.1707
256,128,32,4096,49.1413
256,128,32,8192,71.776
256,128,32,16384,113.344
256,128,64,16,17.5683
256,128,64,32,17.483
256,128,64,64,17.7817
256,128,64,128,17.5257
256,128,64,256,17.6967
256,128,64,512,30.1223
256,128,64,1024,38.9233
256,128,64,2048,51.1367
256,128,64,4096,73.494
256,128,64,8192,117.963
256,128,64,16384,200.256
256,128,128,16,19.136
256,128,128,32,19.4023
256,128,128,64,19.4137
256,128,128,128,22.688
256,128,128,256,26.943
256,128,128,512,40.48
256,128,128,1024,54.4963
256,128,128,2048,77.9517
256,128,128,4096,121.324
256,128,128,8192,206.615
256,128,128,16384,378.892
256,256,0,0,19.1043
256,256,1,16,18.5707
256,256,1,32,18.8047
256,256,1,64,18.912
256,256,1,128,18.848
256,256,1,256,18.763
256,256,1,512,21.813
256,256,1,1024,20.3423
256,256,1,2048,19.9147
256,256,1,4096,21.685
256,256,1,8192,24.981
256,256,1,16384,30.709
256,256,2,16,18.795
256,256,2,32,18.635
256,256,2,64,18.9117
256,256,2,128,18.933
256,256,2,256,18.9227
256,256,2,512,21.248
256,256,2,1024,20.1813
256,256,2,2048,20.3303
256,256,2,4096,21.9307
256,256,2,8192,25.003
256,256,2,16384,31.382
256,256,4,16,18.7733
256,256,4,32,18.5387
256,256,4,64,18.847
256,256,4,128,18.7637
256,256,4,256,18.7097
256,256,4,512,20.747
256,256,4,1024,19.872
256,256,4,2048,19.9787
256,256,4,4096,21.4937
256,256,4,8192,25.2903
256,256,4,16384,33.0777
256,256,8,16,19.1037
256,256,8,32,18.8267
256,256,8,64,19.0717
256,256,8,128,18.6987
256,256,8,256,19.1037
256,256,8,512,21.611
256,256,8,1024,20.0533
256,256,8,2048,22.0057
256,256,8,4096,23.3493
256,256,8,8192,30.006
256,256,8,16384,42.7197
256,256,16,16,18.72
256,256,16,32,18.7943
256,256,16,64,18.8477
256,256,16,128,18.6563
256,256,16,256,18.6343
256,256,16,512,22.9767
256,256,16,1024,21.7813
256,256,16,2048,23.083
256,256,16,4096,29.973
256,256,16,8192,48.1497
256,256,16,16384,70.976
256,256,32,16,18.7737
256,256,32,32,18.7523
256,256,32,64,18.7957
256,256,32,128,18.773
256,256,32,256,18.6877
256,256,32,512,22.4423
256,256,32,1024,23.4137
256,256,32,2048,36.8427
256,256,32,4096,49.514
256,256,32,8192,72.3947
256,256,32,16384,115.285
256,256,64,16,19.0193
256,256,64,32,18.9653
256,256,64,64,19.041
256,256,64,128,18.987
256,256,64,256,19.115
256,256,64,512,30.1867
256,256,64,1024,39.254
256,256,64,2048,53.7497
256,256,64,4096,73.1637
256,256,64,8192,119.008
256,256,64,16384,201.227
256,256,128,16,19.36
256,256,128,32,19.456
256,256,128,64,19.626
256,256,128,128,23.4663
256,256,128,256,27.3283
256,256,128,512,42.069
256,256,128,1024,56.8643
256,256,128,2048,79.2323
256,256,128,4096,121.889
256,256,128,8192,206.22
256,256,128,16384,377.591
256,512,0,0,21.0137
256,512,1,16,21.7067
256,512,1,32,21.1947
256,512,1,64,21.365
256,512,1,128,21.7813
256,512,1,256,22.1437
256,512,1,512,21.5577
256,512,1,1024,20.7157
256,512,1,2048,20.309
256,512,1,4096,21.2057
256,512,1,8192,24.8857
256,512,1,16384,31.2537
256,512,2,16,21.771
256,512,2,32,21.3227
256,512,2,64,21.1197
256,512,2,128,22.0167
256,512,2,256,20.6507
256,512,2,512,21.781
256,512,2,1024,19.851
256,512,2,2048,20.1597
256,512,2,4096,21.7173
256,512,2,8192,25.3333
256,512,2,16384,31.584
256,512,4,16,22.1867
256,512,4,32,21.131
256,512,4,64,21.5357
256,512,4,128,21.6753
256,512,4,256,21.195
256,512,4,512,21.184
256,512,4,1024,20.0853
256,512,4,2048,21.12
256,512,4,4096,21.8993
256,512,4,8192,25.2803
256,512,4,16384,33.6
256,512,8,16,21.238
256,512,8,32,21.312
256,512,8,64,21.2693
256,512,8,128,22.1657
256,512,8,256,22.912
256,512,8,512,22.741
256,512,8,1024,21.387
256,512,8,2048,22.816
256,512,8,4096,24.9923
256,512,8,8192,30.5063
256,512,8,16384,42.389
256,512,16,16,20.544
256,512,16,32,20.864
256,512,16,64,20.5867
256,512,16,128,22.1017
256,512,16,256,21.44
256,512,16,512,22.357
256,512,16,1024,23.275
256,512,16,2048,24.224
256,512,16,4096,30.5603
256,512,16,8192,43.136
256,512,16,16384,74.123
256,512,32,16,20.9707
256,512,32,32,21.1413
256,512,32,64,21.291
256,512,32,128,24.1813
256,512,32,256,22.4003
256,512,32,512,22.656
256,512,32,1024,24.4473
256,512,32,2048,38.4747
256,512,32,4096,52.693
256,512,32,8192,77.1313
256,512,32,16384,118.668
256,512,64,16,22.6667
256,512,64,32,22.4743
256,512,64,64,21.4613
256,512,64,128,21.9307
256,512,64,256,27.1683
256,512,64,512,30.988
256,512,64,1024,39.8403
256,512,64,2048,55.883
256,512,64,4096,77.9623
256,512,64,8192,121.525
256,512,64,16384,204.118
256,512,128,16,24.8
256,512,128,32,25.088
256,512,128,64,25.5147
256,512,128,128,27.6267
256,512,128,256,32.5123
256,512,128,512,42.9653
256,512,128,1024,59.8297
256,512,128,2048,82.2087
256,512,128,4096,124.118
256,512,128,8192,211.36
256,512,128,16384,377.43
256,1024,0,0,21.9627
256,1024,1,16,22.272
256,1024,1,32,22.251
256,1024,1,64,22.2613
256,1024,1,128,22.5923
256,1024,1,256,22.261
256,1024,1,512,22.2717
256,1024,1,1024,22.4967
256,1024,1,2048,21.8557
256,1024,1,4096,22.0053
256,1024,1,8192,24.662
256,1024,1,16384,31.6057
256,1024,2,16,21.3537
256,1024,2,32,22.016
256,1024,2,64,22.037
256,1024,2,128,22.2073
256,1024,2,256,22.4107
256,1024,2,512,22.347
256,1024,2,1024,22.336
256,1024,2,2048,22.731
256,1024,2,4096,21.6217
256,1024,2,8192,25.0353
256,1024,2,16384,31.2323
256,1024,4,16,22.1227
256,1024,4,32,22.3483
256,1024,4,64,22.2723
256,1024,4,128,22.752
256,1024,4,256,22.7737
256,1024,4,512,22.592
256,1024,4,1024,22.9227
256,1024,4,2048,23.521
256,1024,4,4096,22.6673
256,1024,4,8192,25.1733
256,1024,4,16384,32.8743
256,1024,8,16,21.9627
256,1024,8,32,21.9843
256,1024,8,64,21.696
256,1024,8,128,22.3043
256,1024,8,256,22.7517
256,1024,8,512,22.9437
256,1024,8,1024,23.371
256,1024,8,2048,24.4063
256,1024,8,4096,24.332
256,1024,8,8192,30.4323
256,1024,8,16384,43.1147
256,1024,16,16,21.9947
256,1024,16,32,22.134
256,1024,16,64,22.155
256,1024,16,128,22.6027
256,1024,16,256,22.688
256,1024,16,512,22.5607
256,1024,16,1024,24.2233
256,1024,16,2048,25.0123
256,1024,16,4096,30.4107
256,1024,16,8192,43.595
256,1024,16,16384,80.3413
256,1024,32,16,22.1017
256,1024,32,32,22.144
256,1024,32,64,22.2613
256,1024,32,128,22.539
256,1024,32,256,22.8163
256,1024,32,512,26.965
256,1024,32,1024,26.784
256,1024,32,2048,31.701
256,1024,32,4096,54.656
256,1024,32,8192,81.9843
256,1024,32,16384,123.051
256,1024,64,16,22.1123
256,1024,64,32,21.9627
256,1024,64,64,21.845
256,1024,64,128,23.3067
256,1024,64,256,24.1817
256,1024,64,512,31.979
256,1024,64,1024,40.2767
256,1024,64,2048,58.5487
256,1024,64,4096,84.2773
256,1024,64,8192,127.008
256,1024,64,16384,211.211
256,1024,128,16,24.96
256,1024,128,32,25.3547
256,1024,128,64,25.1413
256,1024,128,128,27.5203
256,1024,128,256,33.0987
256,1024,128,512,42.7737
256,1024,128,1024,61.3443
256,1024,128,2048,88.096
256,1024,128,4096,132.342
256,1024,128,8192,213.558
256,1024,128,16384,382.209
256,2048,0,0,23.3603
256,2048,1,16,24.3093
256,2048,1,32,23.9363
256,2048,1,64,24.2993
256,2048,1,128,24.3103
256,2048,1,256,24.757
256,2048,1,512,25.056
256,2048,1,1024,24.736
256,2048,1,2048,25.0773
256,2048,1,4096,23.4237
256,2048,1,8192,24.8313
256,2048,1,16384,30.859
256,2048,2,16,24.107
256,2048,2,32,23.883
256,2048,2,64,24.1923
256,2048,2,128,24.1173
256,2048,2,256,24.3513
256,2048,2,512,23.9793
256,2048,2,1024,24.736
256,2048,2,2048,24.8003
256,2048,2,4096,23.1573
256,2048,2,8192,25.4507
256,2048,2,16384,31.157
256,2048,4,16,23.9787
256,2048,4,32,24.0213
256,2048,4,64,24.4157
256,2048,4,128,24.1167
256,2048,4,256,24.4587
256,2048,4,512,24.7573
256,2048,4,1024,24.395
256,2048,4,2048,25.611
256,2048,4,4096,26.155
256,2048,4,8192,26.486
256,2048,4,16384,33.3113
256,2048,8,16,23.4987
256,2048,8,32,23.8073
256,2048,8,64,23.563
256,2048,8,128,23.51
256,2048,8,256,24.374
256,2048,8,512,24.4907
256,2048,8,1024,25.195
256,2048,8,2048,25.6213
256,2048,8,4096,24.9493
256,2048,8,8192,30.5493
256,2048,8,16384,42.869
256,2048,16,16,23.3067
256,2048,16,32,23.4133
256,2048,16,64,22.7417
256,2048,16,128,23.52
256,2048,16,256,23.7867
256,2048,16,512,25.0773
256,2048,16,1024,25.5037
256,2048,16,2048,26.379
256,2048,16,4096,30.5807
256,2048,16,8192,43.8617
256,2048,16,16384,65.5467
256,2048,32,16,23.243
256,2048,32,32,23.349
256,2048,32,64,22.4427
256,2048,32,128,24.8427
256,2048,32,256,27.2313
256,2048,32,512,24.8317
256,2048,32,1024,30.294
256,2048,32,2048,31.9363
256,2048,32,4096,53.8773
256,2048,32,8192,87.6377
256,2048,32,16384,135.329
256,2048,64,16,23.808
256,2048,64,32,24.555
256,2048,64,64,24.4587
256,2048,64,128,23.1573
256,2048,64,256,25.8457
256,2048,64,512,30.6457
256,2048,64,1024,39.425
256,2048,64,2048,57.8347
256,2048,64,4096,91.702
256,2048,64,8192,137.462
256,2048,64,16384,220.448
256,2048,128,16,24.5663
256,2048,128,32,24.3623
256,2048,128,64,24.7477
256,2048,128,128,28
256,2048,128,256,32.9387
256,2048,128,512,42.8693
256,2048,128,1024,61.8347
256,2048,128,2048,95.4027
256,2048,128,4096,143.905
256,2048,128,8192,227.35
256,2048,128,16384,393.964
256,4096,0,0,26.8057
256,4096,1,16,27.019
256,4096,1,32,26.2813
256,4096,1,64,26.655
256,4096,1,128,26.5073
256,4096,1,256,25.963
256,4096,1,512,27.1143
256,4096,1,1024,27.008
256,4096,1,2048,26.9977
256,4096,1,4096,27.264
256,4096,1,8192,24.8853
256,4096,1,16384,30.9333
256,4096,2,16,26.678
256,4096,2,32,26.4963
256,4096,2,64,26.8057
256,4096,2,128,26.784
256,4096,2,256,27.243
256,4096,2,512,27.7547
256,4096,2,1024,27.765
256,4096,2,2048,26.9443
256,4096,2,4096,27.7867
256,4096,2,8192,26.6023
256,4096,2,16384,31.243
256,4096,4,16,27.1883
256,4096,4,32,26.944
256,4096,4,64,26.912
256,4096,4,128,26.8163
256,4096,4,256,26.72
256,4096,4,512,26.571
256,4096,4,1024,27.7227
256,4096,4,2048,28.2773
256,4096,4,4096,28.2343
256,4096,4,8192,30.1017
256,4096,4,16384,34.3677
256,4096,8,16,25.6093
256,4096,8,32,25.8463
256,4096,8,64,25.8347
256,4096,8,128,25.4507
256,4096,8,256,25.7167
256,4096,8,512,26.795
256,4096,8,1024,28.01
256,4096,8,2048,27.7443
256,4096,8,4096,28.949
256,4096,8,8192,31.9363
256,4096,8,16384,44.288
256,4096,16,16,25.9847
256,4096,16,32,25.7387
256,4096,16,64,26.1337
256,4096,16,128,25.9307
256,4096,16,256,27.4873
256,4096,16,512,28.0213
256,4096,16,1024,26.5817
256,4096,16,2048,28.8217
256,4096,16,4096,32.6823
256,4096,16,8192,44.907
256,4096,16,16384,66.144
256,4096,32,16,26.0267
256,4096,32,32,25.9413
256,4096,32,64,26.0907
256,4096,32,128,26.0267
256,4096,32,256,25.376
256,4096,32,512,28.48
256,4096,32,1024,28.4373
256,4096,32,2048,42.5493
256,4096,32,4096,45.9307
256,4096,32,8192,87.0513
256,4096,32,16384,153.356
256,4096,64,16,25.5893
256,4096,64,32,25.2057
256,4096,64,64,25.419
256,4096,64,128,27.0077
256,4096,64,256,28.8643
256,4096,64,512,27.7343
256,4096,64,1024,39.36
256,4096,64,2048,57.0023
256,4096,64,4096,90.2403
256,4096,64,8192,156.191
256,4096,64,16384,242.167
256,4096,128,16,26.4963
256,4096,128,32,26.6353
256,4096,128,64,26.9437
256,4096,128,128,28.512
256,4096,128,256,32.8217
256,4096,128,512,41.7387
256,4096,128,1024,60.683
256,4096,128,2048,95.2967
256,4096,128,4096,160.725
256,4096,128,8192,248.736
256,4096,128,16384,414.305
256,8192,0,0,32.4697
256,8192,1,16,32.3943
256,8192,1,32,32.235
256,8192,1,64,32.16
256,8192,1,128,32.3947
256,8192,1,256,32.299
256,8192,1,512,32.651
256,8192,1,1024,32.4487
256,8192,1,2048,32.6723
256,8192,1,4096,32.1387
256,8192,1,8192,31.6907
256,8192,1,16384,31.2427
256,8192,2,16,32.3633
256,8192,2,32,31.9573
256,8192,2,64,32.1063
256,8192,2,128,32.1813
256,8192,2,256,32.405
256,8192,2,512,32.491
256,8192,2,1024,32.4057
256,8192,2,2048,32.1067
256,8192,2,4096,31.9993
256,8192,2,8192,32.2457
256,8192,2,16384,31.627
256,8192,4,16,32.117
256,8192,4,32,32.5657
256,8192,4,64,32.544
256,8192,4,128,32.416
256,8192,4,256,32.2027
256,8192,4,512,32.502
256,8192,4,1024,32.341
256,8192,4,2048,32.7567
256,8192,4,4096,32.5657
256,8192,4,8192,33.5893
256,8192,4,16384,34.475
256,8192,8,16,31.6373
256,8192,8,32,31.328
256,8192,8,64,31.7333
256,8192,8,128,31.5947
256,8192,8,256,31.5197
256,8192,8,512,31.659
256,8192,8,1024,31.7333
256,8192,8,2048,31.6697
256,8192,8,4096,33.6427
256,8192,8,8192,35.9893
256,8192,8,16384,45.3543
256,8192,16,16,31.915
256,8192,16,32,31.8297
256,8192,16,64,31.8077
256,8192,16,128,32.0007
256,8192,16,256,31.851
256,8192,16,512,30.5387
256,8192,16,1024,31.6163
256,8192,16,2048,31.862
256,8192,16,4096,35.2857
256,8192,16,8192,44.9813
256,8192,16,16384,68.4583
256,8192,32,16,31.8087
256,8192,32,32,31.882
256,8192,32,64,31.9353
256,8192,32,128,30.389
256,8192,32,256,30.752
256,8192,32,512,30.8483
256,8192,32,1024,34.763
256,8192,32,2048,37.2483
256,8192,32,4096,62.5597
256,8192,32,8192,69.8777
256,8192,32,16384,150.486
256,8192,64,16,29.7067
256,8192,64,32,30.0057
256,8192,64,64,29.7707
256,8192,64,128,31.5413
256,8192,64,256,30.8593
256,8192,64,512,34.0487
256,8192,64,1024,38.07
256,8192,64,2048,55.7973
256,8192,64,4096,87.7553
256,8192,64,8192,152.427
256,8192,64,16384,283.98
256,8192,128,16,30.283
256,8192,128,32,30.0593
256,8192,128,64,30.2933
256,8192,128,128,34.0587
256,8192,128,256,33.6207
256,8192,128,512,42.6993
256,8192,128,1024,59.488
256,8192,128,2048,93.0353
256,8192,128,4096,160.566
256,8192,128,8192,288.983
256,8192,128,16384,458.978
256,16384,0,0,38.5817
256,16384,1,16,38.763
256,16384,1,32,38.6773
256,16384,1,64,38.8043
256,16384,1,128,38.847
256,16384,1,256,38.9973
256,16384,1,512,38.7093
256,16384,1,1024,39.1253
256,16384,1,2048,39.0617
256,16384,1,4096,39.093
256,16384,1,8192,39.979
256,16384,1,16384,39.456
256,16384,2,16,38.8697
256,16384,2,32,39.051
256,16384,2,64,38.8057
256,16384,2,128,38.742
256,16384,2,256,39.0613
256,16384,2,512,38.667
256,16384,2,1024,39.0613
256,16384,2,2048,39.4773
256,16384,2,4096,40.3413
256,16384,2,8192,39.6053
256,16384,2,16384,40.555
256,16384,4,16,39.0717
256,16384,4,32,39.1997
256,16384,4,64,38.9547
256,16384,4,128,39.1257
256,16384,4,256,39.2857
256,16384,4,512,39.3067
256,16384,4,1024,39.0507
256,16384,4,2048,39.7237
256,16384,4,4096,40.0317
256,16384,4,8192,40.7363
256,16384,4,16384,41.003
256,16384,8,16,39.0933
256,16384,8,32,38.9657
256,16384,8,64,39.3707
256,16384,8,128,39.242
256,16384,8,256,38.848
256,16384,8,512,39.2007
256,16384,8,1024,39.0713
256,16384,8,2048,39.1683
256,16384,8,4096,40.3203
256,16384,8,8192,41.8873
256,16384,8,16384,49.0773
256,16384,16,16,39.7647
256,16384,16,32,39.712
256,16384,16,64,40.0857
256,16384,16,128,39.6377
256,16384,16,256,39.5737
256,16384,16,512,39.6153
256,16384,16,1024,39.7763
256,16384,16,2048,40.1177
256,16384,16,4096,42.5597
256,16384,16,8192,49.0673
256,16384,16,16384,69.7073
256,16384,32,16,39.6477
256,16384,32,32,39.8503
256,16384,32,64,39.8933
256,16384,32,128,39.276
256,16384,32,256,39.7657
256,16384,32,512,36.9383
256,16384,32,1024,39.8827
256,16384,32,2048,50.144
256,16384,32,4096,49.7393
256,16384,32,8192,100.928
256,16384,32,16384,115.915
256,16384,64,16,38.581
256,16384,64,32,39.1143
256,16384,64,64,38.72
256,16384,64,128,38.6247
256,16384,64,256,38.5817
256,16384,64,512,39.6803
256,16384,64,1024,52.2027
256,16384,64,2048,50.5817
256,16384,64,4096,85.7813
256,16384,64,8192,148.374
256,16384,64,16384,274.059
256,16384,128,16,41.2263
256,16384,128,32,41.1847
256,16384,128,64,41.5687
256,16384,128,128,40.298
256,16384,128,256,40.6183
256,16384,128,512,53.1203
256,16384,128,1024,58.411
256,16384,128,2048,89.9953
256,16384,128,4096,155.115
256,16384,128,8192,285.324
256,16384,128,16384,544.994
512,0,0,0,18.7417
512,0,1,16,18.9217
512,0,1,32,19.04
512,0,1,64,18.837
512,0,1,128,19.0083
512,0,1,256,18.891
512,0,1,512,22.1443
512,0,1,1024,20.427
512,0,1,2048,21.6107
512,0,1,4096,24.6407
512,0,1,8192,30.4533
512,0,1,16384,42.8377
512,0,2,16,18.9867
512,0,2,32,18.9123
512,0,2,64,18.9867
512,0,2,128,19.0507
512,0,2,256,19.0193
512,0,2,512,22.2187
512,0,2,1024,21.8767
512,0,2,2048,22.1227
512,0,2,4096,25.3013
512,0,2,8192,31.9037
512,0,2,16384,44.1283
512,0,4,16,18.944
512,0,4,32,19.1253
512,0,4,64,19.0713
512,0,4,128,19.0187
512,0,4,256,19.136
512,0,4,512,22.3897
512,0,4,1024,21.931
512,0,4,2048,22.1223
512,0,4,4096,25.6327
512,0,4,8192,31.6263
512,0,4,16384,44.2347
512,0,8,16,18.763
512,0,8,32,19.1257
512,0,8,64,19.0187
512,0,8,128,18.9113
512,0,8,256,18.8697
512,0,8,512,22.6347
512,0,8,1024,23.1157
512,0,8,2048,23.2643
512,0,8,4096,26.4
512,0,8,8192,33.9103
512,0,8,16384,47.84
512,0,16,16,19.36
512,0,16,32,19.1897
512,0,16,64,19.403
512,0,16,128,19.1893
512,0,16,256,19.1253
512,0,16,512,23.0937
512,0,16,1024,24.8107
512,0,16,2048,23.9883
512,0,16,4096,30.8587
512,0,16,8192,44.2563
512,0,16,16384,69.227
512,0,32,16,18.8373
512,0,32,32,18.8053
512,0,32,64,18.795
512,0,32,128,18.9657
512,0,32,256,18.9983
512,0,32,512,25.7067
512,0,32,1024,24.8007
512,0,32,2048,32.0433
512,0,32,4096,49.0247
512,0,32,8192,72.758
512,0,32,16384,115.819
512,0,64,16,19.1043
512,0,64,32,19.061
512,0,64,64,18.8687
512,0,64,128,19.2747
512,0,64,256,19.2647
512,0,64,512,29.7393
512,0,64,1024,38.3357
512,0,64,2048,51.1573
512,0,64,4096,74.112
512,0,64,8192,117.814
512,0,64,16384,204.608
512,0,128,16,19.829
512,0,128,32,19.819
512,0,128,64,20.0857
512,0,128,128,22.8377
512,0,128,256,27.4453
512,0,128,512,40.2243
512,0,128,1024,52.576
512,0,128,2048,77.152
512,0,128,4096,120.64
512,0,128,8192,209.579
512,0,128,16384,379.799
512,16,0,0,20.7147
512,16,1,16,20.9607
512,16,1,32,21.003
512,16,1,64,21.174
512,16,1,128,21.5357
512,16,1,256,22.0263
512,16,1,512,22.0053
512,16,1,1024,20.747
512,16,1,2048,21.6
512,16,1,4096,24.2233
512,16,1,8192,30.2403
512,16,1,16384,42.5173
512,16,2,16,21.1837
512,16,2,32,21.003
512,16,2,64,20.2663
512,16,2,128,21.835
512,16,2,256,22.2713
512,16,2,512,22.1113
512,16,2,1024,21.973
512,16,2,2048,22.4433
512,16,2,4096,25.152
512,16,2,8192,31.702
512,16,2,16384,44.032
512,16,4,16,21.28
512,16,4,32,21.44
512,16,4,64,21.1203
512,16,4,128,22.133
512,16,4,256,22.101
512,16,4,512,22.2507
512,16,4,1024,21.675
512,16,4,2048,22.1537
512,16,4,4096,25.5897
512,16,4,8192,31.541
512,16,4,16384,44.7253
512,16,8,16,20.6833
512,16,8,32,21.216
512,16,8,64,21.4187
512,16,8,128,22.143
512,16,8,256,22.293
512,16,8,512,22.3897
512,16,8,1024,23.5303
512,16,8,2048,23.029
512,16,8,4096,26.432
512,16,8,8192,34.1977
512,16,8,16384,48.16
512,16,16,16,21.4613
512,16,16,32,21.525
512,16,16,64,21.2267
512,16,16,128,22.965
512,16,16,256,23.1467
512,16,16,512,23.3393
512,16,16,1024,23.584
512,16,16,2048,24.363
512,16,16,4096,31.179
512,16,16,8192,44.6937
512,16,16,16384,69.3763
512,16,32,16,21.0027
512,16,32,32,21.781
512,16,32,64,21.494
512,16,32,128,22.3787
512,16,32,256,23.5193
512,16,32,512,23.1253
512,16,32,1024,24.811
512,16,32,2048,31.072
512,16,32,4096,49.4717
512,16,32,8192,71.851
512,16,32,16384,115.264
512,16,64,16,22.678
512,16,64,32,22.038
512,16,64,64,22.8057
512,16,64,128,22.5703
512,16,64,256,23.7117
512,16,64,512,31.2853
512,16,64,1024,39.2427
512,16,64,2048,50.976
512,16,64,4096,73.1527
512,16,64,8192,115.243
512,16,64,16384,206.081
512,16,128,16,26.2403
512,16,128,32,25.676
512,16,128,64,26.0913
512,16,128,128,28.9063
512,16,128,256,31.637
512,16,128,512,40.1703
512,16,128,1024,55.5733
512,16,128,2048,78.1117
512,16,128,4096,121.515
512,16,128,8192,204.832
512,16,128,16384,377.409
512,32,0,0,21.6643
512,32,1,16,20.8537
512,32,1,32,21.1737
512,32,1,64,20.6833
512,32,1,128,21.6
512,32,1,256,21.92
512,32,1,512,22.0477
512,32,1,1024,21.0457
512,32,1,2048,21.3237
512,32,1,4096,24.1177
512,32,1,8192,30.272
512,32,1,16384,42.6133
512,32,2,16,21.206
512,32,2,32,20.9923
512,32,2,64,21.1097
512,32,2,128,21.3333
512,32,2,256,21.4497
512,32,2,512,22.2613
512,32,2,1024,21.7497
512,32,2,2048,22.3037
512,32,2,4096,25.4407
512,32,2,8192,31.8607
512,32,2,16384,44.0527
512,32,4,16,20.608
512,32,4,32,21.387
512,32,4,64,21.1947
512,32,4,128,21.9843
512,32,4,256,21.4717
512,32,4,512,22.3143
512,32,4,1024,21.888
512,32,4,2048,22.2083
512,32,4,4096,25.6117
512,32,4,8192,31.8403
512,32,4,16384,44.16
512,32,8,16,21.2687
512,32,8,32,21.4397
512,32,8,64,19.883
512,32,8,128,22.4857
512,32,8,256,22.677
512,32,8,512,21.088
512,32,8,1024,23.3067
512,32,8,2048,23.072
512,32,8,4096,26.165
512,32,8,8192,33.4613
512,32,8,16384,48.2667
512,32,16,16,21.7607
512,32,16,32,21.504
512,32,16,64,21.0027
512,32,16,128,22.8483
512,32,16,256,22.5177
512,32,16,512,23.0827
512,32,16,1024,24.4157
512,32,16,2048,24.608
512,32,16,4096,30.677
512,32,16,8192,44.2467
512,32,16,16384,70.1333
512,32,32,16,20.9813
512,32,32,32,20.6617
512,32,32,64,21.088
512,32,32,128,22.0797
512,32,32,256,23.2003
512,32,32,512,22.795
512,32,32,1024,24.4267
512,32,32,2048,32.4267
512,32,32,4096,50.027
512,32,32,8192,71.563
512,32,32,16384,116.971
512,32,64,16,21.824
512,32,64,32,21.5897
512,32,64,64,22.0587
512,32,64,128,22.5613
512,32,64,256,23.9467
512,32,64,512,31.2217
512,32,64,1024,38.592
512,32,64,2048,51.4147
512,32,64,4096,74.0803
512,32,64,8192,116.299
512,32,64,16384,202.689
512,32,128,16,25.792
512,32,128,32,26.016
512,32,128,64,25.8457
512,32,128,128,28.5437
512,32,128,256,31.5633
512,32,128,512,39.9573
512,32,128,1024,54.048
512,32,128,2048,76.5437
512,32,128,4096,122.614
512,32,128,8192,204.555
512,32,128,16384,380.076
512,64,0,0,22.005
512,64,1,16,20.864
512,64,1,32,21.483
512,64,1,64,21.2267
512,64,1,128,22.0477
512,64,1,256,22.2723
512,64,1,512,22.1017
512,64,1,1024,20.875
512,64,1,2048,21.3123
512,64,1,4096,24.3947
512,64,1,8192,30.283
512,64,1,16384,42.4427
512,64,2,16,21.43
512,64,2,32,21.1947
512,64,2,64,21.0777
512,64,2,128,22.069
512,64,2,256,22.2403
512,64,2,512,22.176
512,64,2,1024,21.749
512,64,2,2048,22.4423
512,64,2,4096,25.2377
512,64,2,8192,31.8827
512,64,2,16384,44.2877
512,64,4,16,21.2903
512,64,4,32,21.5257
512,64,4,64,21.7063
512,64,4,128,22.336
512,64,4,256,22.0153
512,64,4,512,22.57
512,64,4,1024,21.2693
512,64,4,2048,22.3037
512,64,4,4096,25.387
512,64,4,8192,31.7333
512,64,4,16384,44.352
512,64,8,16,21.5467
512,64,8,32,20.7573
512,64,8,64,21.345
512,64,8,128,22.5607
512,64,8,256,22.689
512,64,8,512,22.3253
512,64,8,1024,22.891
512,64,8,2048,23.1463
512,64,8,4096,26.2927
512,64,8,8192,34.102
512,64,8,16384,47.7017
512,64,16,16,21.4077
512,64,16,32,21.931
512,64,16,64,21.4613
512,64,16,128,24.4057
512,64,16,256,23.1893
512,64,16,512,23.5307
512,64,16,1024,24.4053
512,64,16,2048,24.683
512,64,16,4096,30.741
512,64,16,8192,44.1173
512,64,16,16384,71.0293
512,64,32,16,21.3237
512,64,32,32,21.3123
512,64,32,64,21.973
512,64,32,128,22.0377
512,64,32,256,22.8697
512,64,32,512,23.435
512,64,32,1024,24.256
512,64,32,2048,32.2667
512,64,32,4096,50.848
512,64,32,8192,71.114
512,64,32,16384,116.342
512,64,64,16,22.048
512,64,64,32,22.0803
512,64,64,64,22.347
512,64,64,128,23.2433
512,64,64,256,23.9047
512,64,64,512,31.019
512,64,64,1024,38.4853
512,64,64,2048,51.0833
512,64,64,4096,73.92
512,64,64,8192,118.037
512,64,64,16384,203.798
512,64,128,16,26.0053
512,64,128,32,26.112
512,64,128,64,25.909
512,64,128,128,28.395
512,64,128,256,31.936
512,64,128,512,40.0337
512,64,128,1024,55.6483
512,64,128,2048,79.3067
512,64,128,4096,123.201
512,64,128,8192,207.659
512,64,128,16384,380.812
512,128,0,0,22.56
512,128,1,16,21.6213
512,128,1,32,21.6963
512,128,1,64,21.8017
512,128,1,128,22.5397
512,128,1,256,22.5273
512,128,1,512,22.4957
512,128,1,1024,21.024
512,128,1,2048,21.5787
512,128,1,4096,24.704
512,128,1,8192,30.2727
512,128,1,16384,42.475
512,128,2,16,21.9307
512,128,2,32,21.7183
512,128,2,64,21.8773
512,128,2,128,22.2187
512,128,2,256,22.5913
512,128,2,512,22.272
512,128,2,1024,21.6103
512,128,2,2048,22.5287
512,128,2,4096,25.6647
512,128,2,8192,32.0113
512,128,2,16384,44.3523
512,128,4,16,21.6427
512,128,4,32,21.3973
512,128,4,64,21.5573
512,128,4,128,22.496
512,128,4,256,22.5707
512,128,4,512,22.6987
512,128,4,1024,22.6663
512,128,4,2048,22.4633
512,128,4,4096,25.4823
512,128,4,8192,31.4137
512,128,4,16384,44.235
512,128,8,16,20.9067
512,128,8,32,21.7813
512,128,8,64,21.8983
512,128,8,128,23.0083
512,128,8,256,22.986
512,128,8,512,22.731
512,128,8,1024,23.4557
512,128,8,2048,23.007
512,128,8,4096,26.3367
512,128,8,8192,33.472
512,128,8,16384,47.8823
512,128,16,16,22.208
512,128,16,32,22.0163
512,128,16,64,22.1333
512,128,16,128,22.7317
512,128,16,256,23.3173
512,128,16,512,23.8193
512,128,16,1024,24.4583
512,128,16,2048,25.1093
512,128,16,4096,31.285
512,128,16,8192,44.9713
512,128,16,16384,70.7093
512,128,32,16,22.0373
512,128,32,32,22.1233
512,128,32,64,22.0593
512,128,32,128,22.1017
512,128,32,256,22.9977
512,128,32,512,27.829
512,128,32,1024,24.32
512,128,32,2048,31.7337
512,128,32,4096,50.0587
512,128,32,8192,75.008
512,128,32,16384,117.921
512,128,64,16,22.336
512,128,64,32,22.2617
512,128,64,64,22.2723
512,128,64,128,23.072
512,128,64,256,23.9893
512,128,64,512,30.816
512,128,64,1024,39.2537
512,128,64,2048,52.79
512,128,64,4096,75.5733
512,128,64,8192,119.435
512,128,64,16384,204.321
512,128,128,16,26.3577
512,128,128,32,26.4853
512,128,128,64,26.3573
512,128,128,128,28.8853
512,128,128,256,32.512
512,128,128,512,40.6827
512,128,128,1024,54.5603
512,128,128,2048,78.101
512,128,128,4096,122.114
512,128,128,8192,206.87
512,128,128,16384,380.129
512,256,0,0,24.2993
512,256,1,16,22.9127
512,256,1,32,23.104
512,256,1,64,23.0187
512,256,1,128,23.2323
512,256,1,256,23.3707
512,256,1,512,23.0933
512,256,1,1024,22.3677
512,256,1,2048,22.2617
512,256,1,4096,24.1923
512,256,1,8192,30.4313
512,256,1,16384,42.656
512,256,2,16,22.763
512,256,2,32,22.7627
512,256,2,64,22.9867
512,256,2,128,23.435
512,256,2,256,23.5627
512,256,2,512,23.2423
512,256,2,1024,23.179
512,256,2,2048,22.3577
512,256,2,4096,25.3557
512,256,2,8192,31.808
512,256,2,16384,44.4903
512,256,4,16,22.7307
512,256,4,32,22.784
512,256,4,64,22.4003
512,256,4,128,23.5737
512,256,4,256,23.7547
512,256,4,512,23.7447
512,256,4,1024,23.2433
512,256,4,2048,22.1547
512,256,4,4096,25.824
512,256,4,8192,31.7873
512,256,4,16384,43.9033
512,256,8,16,23.1467
512,256,8,32,22.7627
512,256,8,64,22.8373
512,256,8,128,23.2847
512,256,8,256,23.925
512,256,8,512,23.6697
512,256,8,1024,23.904
512,256,8,2048,23.6057
512,256,8,4096,26.634
512,256,8,8192,33.7807
512,256,8,16384,48.5443
512,256,16,16,23.3387
512,256,16,32,23.168
512,256,16,64,23.5093
512,256,16,128,22.4957
512,256,16,256,22.9013
512,256,16,512,24.4487
512,256,16,1024,25.0133
512,256,16,2048,25.6003
512,256,16,4096,31.4663
512,256,16,8192,44.4263
512,256,16,16384,73.1523
512,256,32,16,22.005
512,256,32,32,22.0263
512,256,32,64,22.3047
512,256,32,128,21.9843
512,256,32,256,23.2643
512,256,32,512,24.4807
512,256,32,1024,24.5973
512,256,32,2048,31.53
512,256,32,4096,52.075
512,256,32,8192,74.0903
512,256,32,16384,120.855
512,256,64,16,22.4427
512,256,64,32,21.995
512,256,64,64,22.2617
512,256,64,128,23.35
512,256,64,256,24.3303
512,256,64,512,30.453
512,256,64,1024,39.2323
512,256,64,2048,52.6723
512,256,64,4096,75.723
512,256,64,8192,119.841
512,256,64,16384,204.759
512,256,128,16,25.9407
512,256,128,32,26.0157
512,256,128,64,26.326
512,256,128,128,29.1833
512,256,128,256,32.928
512,256,128,512,41.4933
512,256,128,1024,57.0347
512,256,128,2048,79.5203
512,256,128,4096,123.883
512,256,128,8192,206.912
512,256,128,16384,380.865
512,512,0,0,24.6617
512,512,1,16,23.1997
512,512,1,32,22.8587
512,512,1,64,23.296
512,512,1,128,23.19
512,512,1,256,24.139
512,512,1,512,24.2453
512,512,1,1024,24.2347
512,512,1,2048,23.093
512,512,1,4096,24.5123
512,512,1,8192,30.6133
512,512,1,16384,42.625
512,512,2,16,23.1897
512,512,2,32,23.2317
512,512,2,64,23.158
512,512,2,128,22.9867
512,512,2,256,23.9787
512,512,2,512,24.3307
512,512,2,1024,24.096
512,512,2,2048,22.657
512,512,2,4096,25.098
512,512,2,8192,31.8297
512,512,2,16384,44.576
512,512,4,16,23.445
512,512,4,32,22.816
512,512,4,64,23.0507
512,512,4,128,23.072
512,512,4,256,23.808
512,512,4,512,24.1173
512,512,4,1024,23.0933
512,512,4,2048,23.4877
512,512,4,4096,25.888
512,512,4,8192,31.808
512,512,4,16384,45.141
512,512,8,16,23.093
512,512,8,32,22.8583
512,512,8,64,22.688
512,512,8,128,23.3063
512,512,8,256,24.384
512,512,8,512,23.7443
512,512,8,1024,24.4593
512,512,8,2048,26.1757
512,512,8,4096,26.5067
512,512,8,8192,35.104
512,512,8,16384,48.4157
512,512,16,16,23.0607
512,512,16,32,23.2003
512,512,16,64,23.0937
512,512,16,128,23.6483
512,512,16,256,24.5537
512,512,16,512,25.5897
512,512,16,1024,26.5593
512,512,16,2048,27.648
512,512,16,4096,31.776
512,512,16,8192,44.7147
512,512,16,16384,67.7117
512,512,32,16,23.2533
512,512,32,32,23.5103
512,512,32,64,23.382
512,512,32,128,23.275
512,512,32,256,24.875
512,512,32,512,24.694
512,512,32,1024,26.2293
512,512,32,2048,32.4483
512,512,32,4096,55.5413
512,512,32,8192,78.7203
512,512,32,16384,123.701
512,512,64,16,23.6163
512,512,64,32,23.595
512,512,64,64,23.1787
512,512,64,128,23.4557
512,512,64,256,24.8433
512,512,64,512,31.8933
512,512,64,1024,38.827
512,512,64,2048,56.2247
512,512,64,4096,78.9443
512,512,64,8192,121.59
512,512,64,16384,202.379
512,512,128,16,25.8017
512,512,128,32,25.8667
512,512,128,64,26.2397
512,512,128,128,28.4903
512,512,128,256,32.8427
512,512,128,512,41.387
512,512,128,1024,58.2293
512,512,128,2048,81.0453
512,512,128,4096,125.589
512,512,128,8192,208.118
512,512,128,16384,380.054
512,1024,0,0,25.4293
512,1024,1,16,24.7043
512,1024,1,32,24.5333
512,1024,1,64,24.437
512,1024,1,128,25.0237
512,1024,1,256,24.8107
512,1024,1,512,25.1633
512,1024,1,1024,24.693
512,1024,1,2048,23.819
512,1024,1,4096,24.8323
512,1024,1,8192,30.8373
512,1024,1,16384,43.2433
512,1024,2,16,24.779
512,1024,2,32,24.522
512,1024,2,64,24.3523
512,1024,2,128,24.9063
512,1024,2,256,24.576
512,1024,2,512,24.81
512,1024,2,1024,24.5977
512,1024,2,2048,24.4373
512,1024,2,4096,25.686
512,1024,2,8192,31.872
512,1024,2,16384,44.8
512,1024,4,16,24.5867
512,1024,4,32,24.416
512,1024,4,64,24.4693
512,1024,4,128,24.6187
512,1024,4,256,25.3863
512,1024,4,512,25.5153
512,1024,4,1024,25.675
512,1024,4,2048,25.4937
512,1024,4,4096,26.1653
512,1024,4,8192,31.925
512,1024,4,16384,44.8433
512,1024,8,16,24.3947
512,1024,8,32,24.288
512,1024,8,64,24.458
512,1024,8,128,24.5763
512,1024,8,256,25.9733
512,1024,8,512,26.2183
512,1024,8,1024,25.931
512,1024,8,2048,25.7707
512,1024,8,4096,27.2427
512,1024,8,8192,35.0613
512,1024,8,16384,49.3223
512,1024,16,16,24.7787
512,1024,16,32,24.534
512,1024,16,64,24.2987
512,1024,16,128,25.2053
512,1024,16,256,26.5707
512,1024,16,512,25.973
512,1024,16,1024,25.6743
512,1024,16,2048,27.6697
512,1024,16,4096,32.8537
512,1024,16,8192,46.6017
512,1024,16,16384,68.8853
512,1024,32,16,25.2803
512,1024,32,32,25.4607
512,1024,32,64,24.9813
512,1024,32,128,24.5013
512,1024,32,256,24.8427
512,1024,32,512,26.613
512,1024,32,1024,32.4377
512,1024,32,2048,33.472
512,1024,32,4096,46.251
512,1024,32,8192,81.344
512,1024,32,16384,126.871
512,1024,64,16,24.405
512,1024,64,32,25.003
512,1024,64,64,24.5333
512,1024,64,128,24.8003
512,1024,64,256,25.3013
512,1024,64,512,26.9443
512,1024,64,1024,41.1733
512,1024,64,2048,53.8987
512,1024,64,4096,83.712
512,1024,64,8192,126.613
512,1024,64,16384,212.171
512,1024,128,16,25.3653
512,1024,128,32,25.835
512,1024,128,64,25.8883
512,1024,128,128,29.536
512,1024,128,256,33.5573
512,1024,128,512,42.8267
512,1024,128,1024,61.5157
512,1024,128,2048,87.403
512,1024,128,4096,132.416
512,1024,128,8192,217.43
512,1024,128,16384,389.633
512,2048,0,0,27.541
512,2048,1,16,27.8293
512,2048,1,32,27.6373
512,2048,1,64,28.0003
512,2048,1,128,27.616
512,2048,1,256,27.5947
512,2048,1,512,27.744
512,2048,1,1024,27.2847
512,2048,1,2048,27.6377
512,2048,1,4096,25.546
512,2048,1,8192,31.627
512,2048,1,16384,43.4663
512,2048,2,16,27.9787
512,2048,2,32,28.2657
512,2048,2,64,26.6017
512,2048,2,128,28.203
512,2048,2,256,28.2877
512,2048,2,512,27.862
512,2048,2,1024,27.979
512,2048,2,2048,28.1717
512,2048,2,4096,27.5737
512,2048,2,8192,32.7147
512,2048,2,16384,44.5233
512,2048,4,16,27.4557
512,2048,4,32,27.6257
512,2048,4,64,27.648
512,2048,4,128,28.0423
512,2048,4,256,27.819
512,2048,4,512,27.7763
512,2048,4,1024,27.894
512,2048,4,2048,28.4267
512,2048,4,4096,27.0933
512,2048,4,8192,32.4483
512,2048,4,16384,45.3437
512,2048,8,16,28.2453
512,2048,8,32,27.9787
512,2048,8,64,28.128
512,2048,8,128,27.819
512,2048,8,256,27.893
512,2048,8,512,28.1063
512,2048,8,1024,28.48
512,2048,8,2048,28.5973
512,2048,8,4096,29.7387
512,2048,8,8192,35.2963
512,2048,8,16384,48.971
512,2048,16,16,27.7333
512,2048,16,32,27.712
512,2048,16,64,27.5513
512,2048,16,128,28.171
512,2048,16,256,27.179
512,2048,16,512,28.011
512,2048,16,1024,28.2243
512,2048,16,2048,30.688
512,2048,16,4096,33.7923
512,2048,16,8192,46.4747
512,2048,16,16384,67.3387
512,2048,32,16,26.1767
512,2048,32,32,26.1967
512,2048,32,64,26.283
512,2048,32,128,27.0503
512,2048,32,256,26.837
512,2048,32,512,31.222
512,2048,32,1024,30.6883
512,2048,32,2048,43.0937
512,2048,32,4096,47.222
512,2048,32,8192,87.1577
512,2048,32,16384,135.669
512,2048,64,16,26.9657
512,2048,64,32,26.7197
512,2048,64,64,27.1567
512,2048,64,128,28.0853
512,2048,64,256,28.7253
512,2048,64,512,29.0453
512,2048,64,1024,40.267
512,2048,64,2048,57.3753
512,2048,64,4096,90.3143
512,2048,64,8192,135.84
512,2048,64,16384,221.675
512,2048,128,16,31.136
512,2048,128,32,30.7313
512,2048,128,64,31.6047
512,2048,128,128,29.6647
512,2048,128,256,33.4927
512,2048,128,512,42.0693
512,2048,128,1024,60.0537
512,2048,128,2048,94.091
512,2048,128,4096,135.701
512,2048,128,8192,226.699
512,2048,128,16384,388.759
512,4096,0,0,31.3177
512,4096,1,16,31.7227
512,4096,1,32,31.2317
512,4096,1,64,31.094
512,4096,1,128,31.3497
512,4096,1,256,31.2427
512,4096,1,512,31.3177
512,4096,1,1024,31.456
512,4096,1,2048,31.5523
512,4096,1,4096,31.8087
512,4096,1,8192,31.4027
512,4096,1,16384,43.8403
512,4096,2,16,32.0103
512,4096,2,32,31.7663
512,4096,2,64,31.7553
512,4096,2,128,31.4557
512,4096,2,256,31.7763
512,4096,2,512,31.9783
512,4096,2,1024,31.5093
512,4096,2,2048,32.0217
512,4096,2,4096,32.5007
512,4096,2,8192,32.3203
512,4096,2,16384,44.864
512,4096,4,16,31.616
512,4096,4,32,31.797
512,4096,4,64,31.797
512,4096,4,128,31.4873
512,4096,4,256,31.446
512,4096,4,512,31.5737
512,4096,4,1024,32.6397
512,4096,4,2048,32.245
512,4096,4,4096,32.1383
512,4096,4,8192,32.2243
512,4096,4,16384,45.5787
512,4096,8,16,31.7983
512,4096,8,32,31.7117
512,4096,8,64,31.8503
512,4096,8,128,31.4667
512,4096,8,256,31.873
512,4096,8,512,32.0103
512,4096,8,1024,32.4793
512,4096,8,2048,32.4903
512,4096,8,4096,39.594
512,4096,8,8192,35.6387
512,4096,8,16384,49.397
512,4096,16,16,31.7333
512,4096,16,32,31.6693
512,4096,16,64,31.585
512,4096,16,128,32.0317
512,4096,16,256,32.1067
512,4096,16,512,31.8623
512,4096,16,1024,33.141
512,4096,16,2048,33.675
512,4096,16,4096,37.0773
512,4096,16,8192,45.728
512,4096,16,16384,68.9387
512,4096,32,16,32.0427
512,4096,32,32,32.2347
512,4096,32,64,32.1497
512,4096,32,128,32.0743
512,4096,32,256,32.128
512,4096,32,512,32.0743
512,4096,32,1024,37.0667
512,4096,32,2048,36.9927
512,4096,32,4096,61.9523
512,4096,32,8192,70.3573
512,4096,32,16384,150.646
512,4096,64,16,32.1607
512,4096,64,32,32.2777
512,4096,64,64,32.16
512,4096,64,128,31.8187
512,4096,64,256,31.264
512,4096,64,512,38.1873
512,4096,64,1024,36.661
512,4096,64,2048,56
512,4096,64,4096,87.6597
512,4096,64,8192,152.225
512,4096,64,16384,239.616
512,4096,128,16,34.837
512,4096,128,32,34.8053
512,4096,128,64,35.2423
512,4096,128,128,36.5127
512,4096,128,256,39.52
512,4096,128,512,42.9437
512,4096,128,1024,58.827
512,4096,128,2048,91.446
512,4096,128,4096,157.184
512,4096,128,8192,245.643
512,4096,128,16384,421.409
512,8192,0,0,39.1473
512,8192,1,16,38.7407
512,8192,1,32,38.7737
512,8192,1,64,38.613
512,8192,1,128,38.7737
512,8192,1,256,38.635
512,8192,1,512,38.8047
512,8192,1,1024,38.8367
512,8192,1,2048,38.8907
512,8192,1,4096,38.56
512,8192,1,8192,38.5597
512,8192,1,16384,44.1713
512,8192,2,16,39.157
512,8192,2,32,38.8587
512,8192,2,64,39.2007
512,8192,2,128,39.04
512,8192,2,256,39.424
512,8192,2,512,39.2207
512,8192,2,1024,38.88
512,8192,2,2048,38.891
512,8192,2,4096,39.0503
512,8192,2,8192,37.9633
512,8192,2,16384,44.6403
512,8192,4,16,38.774
512,8192,4,32,38.56
512,8192,4,64,39.0617
512,8192,4,128,39.0303
512,8192,4,256,38.88
512,8192,4,512,39.179
512,8192,4,1024,39.0827
512,8192,4,2048,38.8697
512,8192,4,4096,37.995
512,8192,4,8192,39.4133
512,8192,4,16384,45.8453
512,8192,8,16,38.9447
512,8192,8,32,38.891
512,8192,8,64,38.8917
512,8192,8,128,38.9337
512,8192,8,256,39.1463
512,8192,8,512,39.0293
512,8192,8,1024,39.0187
512,8192,8,2048,39.3177
512,8192,8,4096,39.488
512,8192,8,8192,42.805
512,8192,8,16384,50.6243
512,8192,16,16,38.7743
512,8192,16,32,38.8583
512,8192,16,64,38.9547
512,8192,16,128,39.3173
512,8192,16,256,39.0293
512,8192,16,512,38.976
512,8192,16,1024,38.997
512,8192,16,2048,39.6683
512,8192,16,4096,43.584
512,8192,16,8192,51.6053
512,8192,16,16384,70.6133
512,8192,32,16,39.21
512,8192,32,32,39.286
512,8192,32,64,39.232
512,8192,32,128,39.5093
512,8192,32,256,39.296
512,8192,32,512,37.5147
512,8192,32,1024,39.8087
512,8192,32,2048,50.6023
512,8192,32,4096,51.1473
512,8192,32,8192,98.358
512,8192,32,16384,116.331
512,8192,64,16,38.8167
512,8192,64,32,38.9547
512,8192,64,64,38.8697
512,8192,64,128,37.7497
512,8192,64,256,39.1253
512,8192,64,512,38.8803
512,8192,64,1024,52.1497
512,8192,64,2048,51.393
512,8192,64,4096,85.5683
512,8192,64,8192,146.614
512,8192,64,16384,275.073
512,8192,128,16,42.006
512,8192,128,32,41.728
512,8192,128,64,42.3787
512,8192,128,128,41.4937
512,8192,128,256,46.048
512,8192,128,512,52.9167
512,8192,128,1024,58.3357
512,8192,128,2048,88.5553
512,8192,128,4096,150.603
512,8192,128,8192,276.289
512,8192,128,16384,454.241
512,16384,0,0,50.069
512,16384,1,16,50.0807
512,16384,1,32,50.0053
512,16384,1,64,50.1013
512,16384,1,128,50.091
512,16384,1,256,50.4857
512,16384,1,512,50.2827
512,16384,1,1024,50.1117
512,16384,1,2048,49.8987
512,16384,1,4096,50.3247
512,16384,1,8192,52.2887
512,16384,1,16384,52.459
512,16384,2,16,50.4533
512,16384,2,32,50.1867
512,16384,2,64,50.7947
512,16384,2,128,50.3253
512,16384,2,256,50.9863
512,16384,2,512,50.5063
512,16384,2,1024,50.3257
512,16384,2,2048,50.7733
512,16384,2,4096,52.6187
512,16384,2,8192,52.608
512,16384,2,16384,53.0247
512,16384,4,16,50.5387
512,16384,4,32,50.5287
512,16384,4,64,50.2287
512,16384,4,128,50.8587
512,16384,4,256,50.4853
512,16384,4,512,50.5707
512,16384,4,1024,50.677
512,16384,4,2048,52.6617
512,16384,4,4096,52.8007
512,16384,4,8192,52.8743
512,16384,4,16384,56.6297
512,16384,8,16,50.753
512,16384,8,32,50.7637
512,16384,8,64,50.5817
512,16384,8,128,50.5713
512,16384,8,256,50.3577
512,16384,8,512,50.3147
512,16384,8,1024,52.7363
512,16384,8,2048,52.6077
512,16384,8,4096,53.376
512,16384,8,8192,57.0347
512,16384,8,16384,63.3393
512,16384,16,16,50.8163
512,16384,16,32,50.3577
512,16384,16,64,50.4643
512,16384,16,128,50.3897
512,16384,16,256,50.7953
512,16384,16,512,52.619
512,16384,16,1024,52.534
512,16384,16,2048,52.6613
512,16384,16,4096,58.2937
512,16384,16,8192,63.3073
512,16384,16,16384,78.016
512,16384,32,16,50.9547
512,16384,32,32,50.592
512,16384,32,64,50.795
512,16384,32,128,52.982
512,16384,32,256,53.3013
512,16384,32,512,53.1417
512,16384,32,1024,51.8733
512,16384,32,2048,57.0247
512,16384,32,4096,77.1523
512,16384,32,8192,78.3793
512,16384,32,16384,170.444
512,16384,64,16,52.7473
512,16384,64,32,53.077
512,16384,64,64,52.737
512,16384,64,128,52.9823
512,16384,64,256,53.0987
512,16384,64,512,53.6533
512,16384,64,1024,57.248
512,16384,64,2048,78.284
512,16384,64,4096,79.7763
512,16384,64,8192,143.318
512,16384,64,16384,260.396
512,16384,128,16,53.0033
512,16384,128,32,52.0103
512,16384,128,64,51.9353
512,16384,128,128,56.3513
512,16384,128,256,59.7443
512,16384,128,512,64.64
512,16384,128,1024,72.9707
512,16384,128,2048,86.7413
512,16384,128,4096,146.987
512,16384,128,8192,267.713
512,16384,128,16384,523.672
1024,0,0,0,24.3627
1024,0,1,16,24.651
1024,0,1,32,24.1703
1024,0,1,64,24.5973
1024,0,1,128,24.598
1024,0,1,256,24.5333
1024,0,1,512,25.173
1024,0,1,1024,24.5233
1024,0,1,2048,25.9097
1024,0,1,4096,32.1387
1024,0,1,8192,44.1067
1024,0,1,16384,68.448
1024,0,2,16,24.0747
1024,0,2,32,24
1024,0,2,64,24.2773
1024,0,2,128,24.736
1024,0,2,256,24.544
1024,0,2,512,24.5127
1024,0,2,1024,24.4267
1024,0,2,2048,26.5707
1024,0,2,4096,32.459
1024,0,2,8192,44.5873
1024,0,2,16384,69.601
1024,0,4,16,24.6837
1024,0,4,32,24.6503
1024,0,4,64,24.9067
1024,0,4,128,24.8533
1024,0,4,256,25.0137
1024,0,4,512,25.1307
1024,0,4,1024,25.4823
1024,0,4,2048,27.4777
1024,0,4,4096,33.1093
1024,0,4,8192,45.3867
1024,0,4,16384,70.5067
1024,0,8,16,25.1947
1024,0,8,32,24.683
1024,0,8,64,24.6733
1024,0,8,128,24.6397
1024,0,8,256,24.6187
1024,0,8,512,25.9097
1024,0,8,1024,25.6643
1024,0,8,2048,27.808
1024,0,8,4096,34.027
1024,0,8,8192,47.3817
1024,0,8,16384,70.4
1024,0,16,16,24.5877
1024,0,16,32,24.9063
1024,0,16,64,24.597
1024,0,16,128,24.4907
1024,0,16,256,25.024
1024,0,16,512,27.168
1024,0,16,1024,27.2003
1024,0,16,2048,29.0347
1024,0,16,4096,37.7703
1024,0,16,8192,49.6423
1024,0,16,16384,76.779
1024,0,32,16,24.822
1024,0,32,32,24.9597
1024,0,32,64,24.864
1024,0,32,128,25.013
1024,0,32,256,24.8317
1024,0,32,512,27.1573
1024,0,32,1024,29.5467
1024,0,32,2048,38.9873
1024,0,32,4096,48.2347
1024,0,32,8192,75.808
1024,0,32,16384,119.563
1024,0,64,16,27.2213
1024,0,64,32,26.9757
1024,0,64,64,27.4987
1024,0,64,128,26.3897
1024,0,64,256,26.293
1024,0,64,512,28.8853
1024,0,64,1024,39.5203
1024,0,64,2048,55.499
1024,0,64,4096,78.3897
1024,0,64,8192,121.259
1024,0,64,16384,206.828
1024,0,128,16,27.584
1024,0,128,32,27.5943
1024,0,128,64,28.1593
1024,0,128,128,30.1227
1024,0,128,256,34.293
1024,0,128,512,41.4187
1024,0,128,1024,59.3607
1024,0,128,2048,81.11
1024,0,128,4096,123.882
1024,0,128,8192,210.219
1024,0,128,16384,381.462
1024,16,0,0,24.949
1024,16,1,16,25.1097
1024,16,1,32,25.3867
1024,16,1,64,25.408
1024,16,1,128,25.077
1024,16,1,256,25.0563
1024,16,1,512,26.5387
1024,16,1,1024,26.538
1024,16,1,2048,25.6323
1024,16,1,4096,31.883
1024,16,1,8192,44.2027
1024,16,1,16384,69.1947
1024,16,2,16,25.2373
1024,16,2,32,25.1843
1024,16,2,64,25.163
1024,16,2,128,25.2377
1024,16,2,256,25.3763
1024,16,2,512,25.546
1024,16,2,1024,25.6643
1024,16,2,2048,26.315
1024,16,2,4096,32.63
1024,16,2,8192,44.875
1024,16,2,16384,69.8777
1024,16,4,16,25.824
1024,16,4,32,25.397
1024,16,4,64,25.9517
1024,16,4,128,25.4067
1024,16,4,256,25.5033
1024,16,4,512,26.602
1024,16,4,1024,26.5067
1024,16,4,2048,27.3283
1024,16,4,4096,33.409
1024,16,4,8192,45.6
1024,16,4,16384,71.1563
1024,16,8,16,25.205
1024,16,8,32,25.3973
1024,16,8,64,25.2803
1024,16,8,128,25.376
1024,16,8,256,25.1517
1024,16,8,512,25.8777
1024,16,8,1024,25.803
1024,16,8,2048,27.5517
1024,16,8,4096,34.496
1024,16,8,8192,47.2533
1024,16,8,16384,70.7307
1024,16,16,16,25.472
1024,16,16,32,25.6427
1024,16,16,64,25.4183
1024,16,16,128,25.2797
1024,16,16,256,25.3227
1024,16,16,512,26.667
1024,16,16,1024,26.113
1024,16,16,2048,29.569
1024,16,16,4096,38.0053
1024,16,16,8192,50.4
1024,16,16,16384,76.4803
1024,16,32,16,25.4827
1024,16,32,32,25.4187
1024,16,32,64,25.5357
1024,16,32,128,25.5363
1024,16,32,256,25.4077
1024,16,32,512,31.5093
1024,16,32,1024,29.0133
1024,16,32,2048,38.944
1024,16,32,4096,47.2853
1024,16,32,8192,75.787
1024,16,32,16384,120.417
1024,16,64,16,27.6373
1024,16,64,32,27.1673
1024,16,64,64,27.723
1024,16,64,128,29.1087
1024,16,64,256,30.6347
1024,16,64,512,28.971
1024,16,64,1024,41.0343
1024,16,64,2048,55.6053
1024,16,64,4096,77.835
1024,16,64,8192,122.977
1024,16,64,16384,206.945
1024,16,128,16,29.5887
1024,16,128,32,28.929
1024,16,128,64,28.7683
1024,16,128,128,30.6883
1024,16,128,256,34.656
1024,16,128,512,41.6533
1024,16,128,1024,59.6157
1024,16,128,2048,82.582
1024,16,128,4096,125.664
1024,16,128,8192,210.817
1024,16,128,16384,382.935
1024,32,0,0,24.8
1024,32,1,16,24.6077
1024,32,1,32,24.3093
1024,32,1,64,24.299
1024,32,1,128,24.3733
1024,32,1,256,24.4377
1024,32,1,512,24.779
1024,32,1,1024,24.6193
1024,32,1,2048,25.8883
1024,32,1,4096,31.9677
1024,32,1,8192,44.3307
1024,32,1,16384,68.9713
1024,32,2,16,24.96
1024,32,2,32,24.9813
1024,32,2,64,24.7263
1024,32,2,128,25.1947
1024,32,2,256,24.832
1024,32,2,512,25.2153
1024,32,2,1024,24.9387
1024,32,2,2048,26.485
1024,32,2,4096,32.6083
1024,32,2,8192,45.0023
1024,32,2,16384,69.4083
1024,32,4,16,24.9177
1024,32,4,32,24.6933
1024,32,4,64,24.8957
1024,32,4,128,24.7783
1024,32,4,256,24.9497
1024,32,4,512,25.6533
1024,32,4,1024,25.664
1024,32,4,2048,27.6483
1024,32,4,4096,33.3973
1024,32,4,8192,45.7173
1024,32,4,16384,70.9763
1024,32,8,16,24.4377
1024,32,8,32,24.8
1024,32,8,64,24.6933
1024,32,8,128,24.8753
1024,32,8,256,24.4903
1024,32,8,512,26.2613
1024,32,8,1024,26.026
1024,32,8,2048,27.6587
1024,32,8,4096,33.8987
1024,32,8,8192,46.986
1024,32,8,16384,70.6457
1024,32,16,16,24.917
1024,32,16,32,24.9803
1024,32,16,64,24.779
1024,32,16,128,24.949
1024,32,16,256,24.8317
1024,32,16,512,27.1573
1024,32,16,1024,26.176
1024,32,16,2048,29.0027
1024,32,16,4096,38.176
1024,32,16,8192,50.645
1024,32,16,16384,76.8637
1024,32,32,16,24.907
1024,32,32,32,24.7677
1024,32,32,64,24.8853
1024,32,32,128,25.0877
1024,32,32,256,25.2803
1024,32,32,512,30.9977
1024,32,32,1024,29.28
1024,32,32,2048,38.5917
1024,32,32,4096,47.6057
1024,32,32,8192,75.7013
1024,32,32,16384,120.055
1024,32,64,16,27.35
1024,32,64,32,26.9867
1024,32,64,64,27.2107
1024,32,64,128,28.853
1024,32,64,256,30.6347
1024,32,64,512,28.9597
1024,32,64,1024,40.417
1024,32,64,2048,54.0693
1024,32,64,4096,77.9423
1024,32,64,8192,122.816
1024,32,64,16384,204.544
1024,32,128,16,28.598
1024,32,128,32,29.6533
1024,32,128,64,28.7577
1024,32,128,128,30.5707
1024,32,128,256,34.0057
1024,32,128,512,41.334
1024,32,128,1024,59.009
1024,32,128,2048,82.2727
1024,32,128,4096,125.601
1024,32,128,8192,209.462
1024,32,128,16384,382.54
1024,64,0,0,24.6397
1024,64,1,16,24.3737
1024,64,1,32,24.5333
1024,64,1,64,24.6933
1024,64,1,128,24.4907
1024,64,1,256,24.2353
1024,64,1,512,24.832
1024,64,1,1024,24.864
1024,64,1,2048,25.9517
1024,64,1,4096,31.9573
1024,64,1,8192,44.4807
1024,64,1,16384,68.9497
1024,64,2,16,24.8113
1024,64,2,32,25.0237
1024,64,2,64,24.778
1024,64,2,128,24.875
1024,64,2,256,24.6937
1024,64,2,512,24.9703
1024,64,2,1024,24.182
1024,64,2,2048,26.5923
1024,64,2,4096,32.7897
1024,64,2,8192,44.7897
1024,64,2,16384,69.8133
1024,64,4,16,24.9713
1024,64,4,32,24.8433
1024,64,4,64,24.5973
1024,64,4,128,25.1627
1024,64,4,256,24.8853
1024,64,4,512,25.366
1024,64,4,1024,25.493
1024,64,4,2048,27.5413
1024,64,4,4096,33.7383
1024,64,4,8192,45.344
1024,64,4,16384,70.6993
1024,64,8,16,24.6613
1024,64,8,32,24.672
1024,64,8,64,24.512
1024,64,8,128,24.7257
1024,64,8,256,24.9707
1024,64,8,512,26.7943
1024,64,8,1024,25.334
1024,64,8,2048,27.6163
1024,64,8,4096,34.069
1024,64,8,8192,47.3173
1024,64,8,16384,70.8153
1024,64,16,16,24.9597
1024,64,16,32,25.014
1024,64,16,64,24.64
1024,64,16,128,24.768
1024,64,16,256,25.2693
1024,64,16,512,26.5707
1024,64,16,1024,26.3253
1024,64,16,2048,29.7283
1024,64,16,4096,37.9843
1024,64,16,8192,50.3577
1024,64,16,16384,76.289
1024,64,32,16,25.0027
1024,64,32,32,24.832
1024,64,32,64,24.9283
1024,64,32,128,25.163
1024,64,32,256,25.5037
1024,64,32,512,30.9863
1024,64,32,1024,29.398
1024,64,32,2048,39.093
1024,64,32,4096,47.4557
1024,64,32,8192,76.81
1024,64,32,16384,120.533
1024,64,64,16,26.624
1024,64,64,32,27.3177
1024,64,64,64,27.2643
1024,64,64,128,28.5873
1024,64,64,256,30.7097
1024,64,64,512,28.8007
1024,64,64,1024,40.1283
1024,64,64,2048,54.7633
1024,64,64,4096,77.6423
1024,64,64,8192,119.372
1024,64,64,16384,208.182
1024,64,128,16,29.1733
1024,64,128,32,29.2803
1024,64,128,64,29.696
1024,64,128,128,30.752
1024,64,128,256,33.878
1024,64,128,512,42.8053
1024,64,128,1024,57.909
1024,64,128,2048,81.0777
1024,64,128,4096,125.227
1024,64,128,8192,208.587
1024,64,128,16384,382.528
1024,128,0,0,24.7577
1024,128,1,16,24.7253
1024,128,1,32,24.587
1024,128,1,64,24.8
1024,128,1,128,24.7997
1024,128,1,256,24.4167
1024,128,1,512,24.8113
1024,128,1,1024,24.725
1024,128,1,2048,26.0477
1024,128,1,4096,32.0643
1024,128,1,8192,44.4053
1024,128,1,16384,69.2907
1024,128,2,16,24.9177
1024,128,2,32,25.1737
1024,128,2,64,24.9063
1024,128,2,128,25.2483
1024,128,2,256,25.1623
1024,128,2,512,25.12
1024,128,2,1024,25.4937
1024,128,2,2048,26.3787
1024,128,2,4096,32.5757
1024,128,2,8192,45.152
1024,128,2,16384,69.6643
1024,128,4,16,25.1423
1024,128,4,32,25.067
1024,128,4,64,25.024
1024,128,4,128,24.9813
1024,128,4,256,25.1093
1024,128,4,512,25.3443
1024,128,4,1024,25.7067
1024,128,4,2048,27.552
1024,128,4,4096,33.2697
1024,128,4,8192,45.6747
1024,128,4,16384,71.1787
1024,128,8,16,24.778
1024,128,8,32,25.0023
1024,128,8,64,24.7147
1024,128,8,128,24.9713
1024,128,8,256,24.917
1024,128,8,512,27.083
1024,128,8,1024,26.8377
1024,128,8,2048,27.8187
1024,128,8,4096,33.8027
1024,128,8,8192,46.7413
1024,128,8,16384,70.592
1024,128,16,16,24.5107
1024,128,16,32,24.9597
1024,128,16,64,24.896
1024,128,16,128,24.992
1024,128,16,256,25.355
1024,128,16,512,27.3917
1024,128,16,1024,31.3173
1024,128,16,2048,29.3127
1024,128,16,4096,38.336
1024,128,16,8192,51.0837
1024,128,16,16384,76.5657
1024,128,32,16,25.056
1024,128,32,32,25.045
1024,128,32,64,25.0243
1024,128,32,128,24.8853
1024,128,32,256,25.5467
1024,128,32,512,31.0083
1024,128,32,1024,29.451
1024,128,32,2048,39.4983
1024,128,32,4096,48.224
1024,128,32,8192,76.8323
1024,128,32,16384,119.915
1024,128,64,16,27.36
1024,128,64,32,27.435
1024,128,64,64,26.9233
1024,128,64,128,29.174
1024,128,64,256,30.5173
1024,128,64,512,29.354
1024,128,64,1024,40.7463
1024,128,64,2048,54.731
1024,128,64,4096,78.155
1024,128,64,8192,120.64
1024,128,64,16384,208.512
1024,128,128,16,28.949
1024,128,128,32,28.9923
1024,128,128,64,29.0137
1024,128,128,128,30.1863
1024,128,128,256,33.8027
1024,128,128,512,41.504
1024,128,128,1024,56.864
1024,128,128,2048,82.6993
1024,128,128,4096,126.273
1024,128,128,8192,211.158
1024,128,128,16384,378.647
1024,256,0,0,24.651
1024,256,1,16,24.5547
1024,256,1,32,24.661
1024,256,1,64,24.9287
1024,256,1,128,24.5337
1024,256,1,256,24.683
1024,256,1,512,24.8853
1024,256,1,1024,24.5547
1024,256,1,2048,25.9623
1024,256,1,4096,31.8407
1024,256,1,8192,44.522
1024,256,1,16384,69.312
1024,256,2,16,25.2263
1024,256,2,32,25.205
1024,256,2,64,25.185
1024,256,2,128,25.3017
1024,256,2,256,25.141
1024,256,2,512,25.4407
1024,256,2,1024,25.4937
1024,256,2,2048,27.2007
1024,256,2,4096,32.811
1024,256,2,8192,45.2693
1024,256,2,16384,70.1973
1024,256,4,16,25.1627
1024,256,4,32,25.1093
1024,256,4,64,25.3967
1024,256,4,128,25.248
1024,256,4,256,25.174
1024,256,4,512,25.248
1024,256,4,1024,25.323
1024,256,4,2048,27.3067
1024,256,4,4096,33.6213
1024,256,4,8192,45.6427
1024,256,4,16384,70.9653
1024,256,8,16,24.9817
1024,256,8,32,24.6827
1024,256,8,64,24.9917
1024,256,8,128,25.1943
1024,256,8,256,24.992
1024,256,8,512,26.1547
1024,256,8,1024,26.261
1024,256,8,2048,27.3813
1024,256,8,4096,33.984
1024,256,8,8192,47.3603
1024,256,8,16384,70.4743
1024,256,16,16,25.2047
1024,256,16,32,25.013
1024,256,16,64,24.9493
1024,256,16,128,24.9707
1024,256,16,256,26.1757
1024,256,16,512,27.947
1024,256,16,1024,30.774
1024,256,16,2048,29.1947
1024,256,16,4096,37.6843
1024,256,16,8192,49.814
1024,256,16,16384,77.9413
1024,256,32,16,27.36
1024,256,32,32,27.4353
1024,256,32,64,27.8397
1024,256,32,128,26.5283
1024,256,32,256,26.2603
1024,256,32,512,32.8533
1024,256,32,1024,28.897
1024,256,32,2048,40.726
1024,256,32,4096,48.5013
1024,256,32,8192,76.7897
1024,256,32,16384,120.406
1024,256,64,16,27.6697
1024,256,64,32,28.0743
1024,256,64,64,27.36
1024,256,64,128,29.4507
1024,256,64,256,27.8827
1024,256,64,512,28.7677
1024,256,64,1024,41.248
1024,256,64,2048,56.1707
1024,256,64,4096,77.888
1024,256,64,8192,123.744
1024,256,64,16384,209.302
1024,256,128,16,29.301
1024,256,128,32,29.0453
1024,256,128,64,29.1943
1024,256,128,128,30.5073
1024,256,128,256,34.5173
1024,256,128,512,43.8403
1024,256,128,1024,58.8907
1024,256,128,2048,82.2293
1024,256,128,4096,124.181
1024,256,128,8192,210.912
1024,256,128,16384,381.942
1024,512,0,0,26.091
1024,512,1,16,26.3467
1024,512,1,32,26.2617
1024,512,1,64,26.2397
1024,512,1,128,25.888
1024,512,1,256,26.1767
1024,512,1,512,26.592
1024,512,1,1024,26.571
1024,512,1,2048,26.0907
1024,512,1,4096,31.8837
1024,512,1,8192,44.7683
1024,512,1,16384,69.6003
1024,512,2,16,26.7093
1024,512,2,32,26.8267
1024,512,2,64,26.3897
1024,512,2,128,26.5493
1024,512,2,256,26.6993
1024,512,2,512,26.7093
1024,512,2,1024,26.9653
1024,512,2,2048,26.3897
1024,512,2,4096,32.9807
1024,512,2,8192,45.1733
1024,512,2,16384,69.6537
1024,512,4,16,26.5493
1024,512,4,32,26.4317
1024,512,4,64,26.507
1024,512,4,128,26.5707
1024,512,4,256,26.5277
1024,512,4,512,27.2537
1024,512,4,1024,27.584
1024,512,4,2048,26.9013
1024,512,4,4096,33.5577
1024,512,4,8192,45.8137
1024,512,4,16384,70.8483
1024,512,8,16,26.2077
1024,512,8,32,26.5177
1024,512,8,64,26.603
1024,512,8,128,26.5707
1024,512,8,256,26.4107
1024,512,8,512,28.128
1024,512,8,1024,28.662
1024,512,8,2048,27.488
1024,512,8,4096,33.8343
1024,512,8,8192,47.734
1024,512,8,16384,69.792
1024,512,16,16,26.453
1024,512,16,32,26.464
1024,512,16,64,26.5287
1024,512,16,128,26.3793
1024,512,16,256,26.2613
1024,512,16,512,29.5467
1024,512,16,1024,28.053
1024,512,16,2048,31.0723
1024,512,16,4096,37.8137
1024,512,16,8192,50.411
1024,512,16,16384,77.388
1024,512,32,16,26.667
1024,512,32,32,26.6347
1024,512,32,64,26.3257
1024,512,32,128,26.485
1024,512,32,256,26.7623
1024,512,32,512,27.7017
1024,512,32,1024,30.9227
1024,512,32,2048,42.3787
1024,512,32,4096,48.587
1024,512,32,8192,80.256
1024,512,32,16384,122.709
1024,512,64,16,27.754
1024,512,64,32,26.9117
1024,512,64,64,27.3067
1024,512,64,128,29.856
1024,512,64,256,32.0213
1024,512,64,512,29.4613
1024,512,64,1024,40.993
1024,512,64,2048,55.2643
1024,512,64,4096,78.464
1024,512,64,8192,123.061
1024,512,64,16384,208.448
1024,512,128,16,31.0403
1024,512,128,32,31.3267
1024,512,128,64,31.9043
1024,512,128,128,31.0403
1024,512,128,256,35.3067
1024,512,128,512,43.531
1024,512,128,1024,58.5817
1024,512,128,2048,82.9337
1024,512,128,4096,129.227
1024,512,128,8192,210.176
1024,512,128,16384,386.571
1024,1024,0,0,27.2537
1024,1024,1,16,28.3413
1024,1024,1,32,28.0533
1024,1024,1,64,28.2667
1024,1024,1,128,28.011
1024,1024,1,256,28.4483
1024,1024,1,512,26.7523
1024,1024,1,1024,26.7947
1024,1024,1,2048,26.293
1024,1024,1,4096,32.5017
1024,1024,1,8192,44.7467
1024,1024,1,16384,69.216
1024,1024,2,16,28.086
1024,1024,2,32,28.1173
1024,1024,2,64,28.1813
1024,1024,2,128,28.3843
1024,1024,2,256,28.6083
1024,1024,2,512,26.6883
1024,1024,2,1024,26.859
1024,1024,2,2048,28.7043
1024,1024,2,4096,34.9127
1024,1024,2,8192,45.387
1024,1024,2,16384,69.984
1024,1024,4,16,28.768
1024,1024,4,32,28.8213
1024,1024,4,64,28.3733
1024,1024,4,128,28.8537
1024,1024,4,256,28.8327
1024,1024,4,512,27.4457
1024,1024,4,1024,28.6083
1024,1024,4,2048,34.1867
1024,1024,4,4096,33.7497
1024,1024,4,8192,46.0907
1024,1024,4,16384,70.997
1024,1024,8,16,28.3093
1024,1024,8,32,28.7787
1024,1024,8,64,28.768
1024,1024,8,128,28.8743
1024,1024,8,256,28.2453
1024,1024,8,512,28.512
1024,1024,8,1024,34.016
1024,1024,8,2048,30.102
1024,1024,8,4096,34.5393
1024,1024,8,8192,47.4777
1024,1024,8,16384,72.5013
1024,1024,16,16,27.6907
1024,1024,16,32,27.6377
1024,1024,16,64,27.659
1024,1024,16,128,29.312
1024,1024,16,256,30.9867
1024,1024,16,512,33.8023
1024,1024,16,1024,31.0083
1024,1024,16,2048,39.2643
1024,1024,16,4096,38.2933
1024,1024,16,8192,53.6213
1024,1024,16,16384,77.771
1024,1024,32,16,29.2697
1024,1024,32,32,29.1847
1024,1024,32,64,29.5793
1024,1024,32,128,31.4987
1024,1024,32,256,29.7067
1024,1024,32,512,29.5683
1024,1024,32,1024,38.6023
1024,1024,32,2048,37.9733
1024,1024,32,4096,55.7233
1024,1024,32,8192,71.6907
1024,1024,32,16384,125.889
1024,1024,64,16,30.9233
1024,1024,64,32,31.072
1024,1024,64,64,31.371
1024,1024,64,128,30.176
1024,1024,64,256,32.6507
1024,1024,64,512,37.2053
1024,1024,64,1024,37.3977
1024,1024,64,2048,54.86
1024,1024,64,4096,80.235
1024,1024,64,8192,125.675
1024,1024,64,16384,215.594
1024,1024,128,16,32.1493
1024,1024,128,32,32.96
1024,1024,128,64,32.7783
1024,1024,128,128,34.1227
1024,1024,128,256,34.9653
1024,1024,128,512,44.1173
1024,1024,128,1024,56.747
1024,1024,128,2048,86.283
1024,1024,128,4096,134.165
1024,1024,128,8192,218.028
1024,1024,128,16384,388.706
1024,2048,0,0,30.7093
1024,2048,1,16,31.296
1024,2048,1,32,31.2107
1024,2048,1,64,31.488
1024,2048,1,128,31.563
1024,2048,1,256,30.9443
1024,2048,1,512,31.275
1024,2048,1,1024,31.2
1024,2048,1,2048,31.0293
1024,2048,1,4096,32.8537
1024,2048,1,8192,44.9707
1024,2048,1,16384,69.3337
1024,2048,2,16,31.3927
1024,2048,2,32,31.3067
1024,2048,2,64,31.2637
1024,2048,2,128,31.339
1024,2048,2,256,31.3603
1024,2048,2,512,31.317
1024,2048,2,1024,31.3813
1024,2048,2,2048,36.1167
1024,2048,2,4096,40.833
1024,2048,2,8192,45.1843
1024,2048,2,16384,70.315
1024,2048,4,16,32.1817
1024,2048,4,32,32.2033
1024,2048,4,64,32.0317
1024,2048,4,128,32.1393
1024,2048,4,256,31.9367
1024,2048,4,512,31.9477
1024,2048,4,1024,34.9447
1024,2048,4,2048,38.0477
1024,2048,4,4096,33.472
1024,2048,4,8192,46.3907
1024,2048,4,16384,71.3813
1024,2048,8,16,31.8087
1024,2048,8,32,32.0103
1024,2048,8,64,31.8503
1024,2048,8,128,30.4857
1024,2048,8,256,31.5947
1024,2048,8,512,34.8487
1024,2048,8,1024,37.2807
1024,2048,8,2048,35.168
1024,2048,8,4096,34.859
1024,2048,8,8192,48.6507
1024,2048,8,16384,72.874
1024,2048,16,16,30.3047
1024,2048,16,32,30.3677
1024,2048,16,64,30.5283
1024,2048,16,128,31.5633
1024,2048,16,256,33.792
1024,2048,16,512,32.9493
1024,2048,16,1024,35.6803
1024,2048,16,2048,34.5603
1024,2048,16,4096,52.4273
1024,2048,16,8192,52.3837
1024,2048,16,16384,77.7923
1024,2048,32,16,31.8943
1024,2048,32,32,32.0533
1024,2048,32,64,32.1277
1024,2048,32,128,34.4643
1024,2048,32,256,32.8313
1024,2048,32,512,33.1093
1024,2048,32,1024,34.9333
1024,2048,32,2048,50.101
1024,2048,32,4096,62.2613
1024,2048,32,8192,72.694
1024,2048,32,16384,133.505
1024,2048,64,16,34.1653
1024,2048,64,32,33.7073
1024,2048,64,64,34.2933
1024,2048,64,128,33.2157
1024,2048,64,256,33.6223
1024,2048,64,512,39.5517
1024,2048,64,1024,39.5423
1024,2048,64,2048,56.0963
1024,2048,64,4096,87.841
1024,2048,64,8192,132.673
1024,2048,64,16384,219.841
1024,2048,128,16,35.766
1024,2048,128,32,36.1713
1024,2048,128,64,36.3403
1024,2048,128,128,37.504
1024,2048,128,256,41.216
1024,2048,128,512,43.969
1024,2048,128,1024,59.296
1024,2048,128,2048,90.432
1024,2048,128,4096,137.025
1024,2048,128,8192,221.132
1024,2048,128,16384,398.369
1024,4096,0,0,37.0567
1024,4096,1,16,37.5477
1024,4096,1,32,37.3337
1024,4096,1,64,37.4183
1024,4096,1,128,37.3973
1024,4096,1,256,37.6427
1024,4096,1,512,37.686
1024,4096,1,1024,37.5147
1024,4096,1,2048,37.8773
1024,4096,1,4096,36.096
1024,4096,1,8192,44.9703
1024,4096,1,16384,70.1227
1024,4096,2,16,37.504
1024,4096,2,32,37.6533
1024,4096,2,64,37.376
1024,4096,2,128,37.6963
1024,4096,2,256,37.547
1024,4096,2,512,37.515
1024,4096,2,1024,37.6853
1024,4096,2,2048,38.3147
1024,4096,2,4096,49.8137
1024,4096,2,8192,59.745
1024,4096,2,16384,84.4797
1024,4096,4,16,38.1973
1024,4096,4,32,38.2933
1024,4096,4,64,38.0583
1024,4096,4,128,38.3353
1024,4096,4,256,38.0267
1024,4096,4,512,38.0803
1024,4096,4,1024,38.0583
1024,4096,4,2048,47.499
1024,4096,4,4096,52.6507
1024,4096,4,8192,62.0377
1024,4096,4,16384,71.585
1024,4096,8,16,38.069
1024,4096,8,32,38.3147
1024,4096,8,64,38.2617
1024,4096,8,128,38.027
1024,4096,8,256,38.058
1024,4096,8,512,37.952
1024,4096,8,1024,47.4353
1024,4096,8,2048,49.707
1024,4096,8,4096,54.4
1024,4096,8,8192,48.0007
1024,4096,8,16384,72.9497
1024,4096,16,16,38.1337
1024,4096,16,32,38.251
1024,4096,16,64,37.9843
1024,4096,16,128,36.3733
1024,4096,16,256,39.0817
1024,4096,16,512,42.2083
1024,4096,16,1024,49.2487
1024,4096,16,2048,52.864
1024,4096,16,4096,59.307
1024,4096,16,8192,52.7787
1024,4096,16,16384,82.6347
1024,4096,32,16,37.685
1024,4096,32,32,37.6107
1024,4096,32,64,37.7497
1024,4096,32,128,39.883
1024,4096,32,256,41.1847
1024,4096,32,512,45.323
1024,4096,32,1024,42.133
1024,4096,32,2048,52.8213
1024,4096,32,4096,55.8827
1024,4096,32,8192,92.6937
1024,4096,32,16384,116.853
1024,4096,64,16,40.9287
1024,4096,64,32,40.1497
1024,4096,64,64,40.4043
1024,4096,64,128,41.856
1024,4096,64,256,43.2
1024,4096,64,512,42.261
1024,4096,64,1024,52.267
1024,4096,64,2048,52.448
1024,4096,64,4096,85.0673
1024,4096,64,8192,145.12
1024,4096,64,16384,233.686
1024,4096,128,16,42.8377
1024,4096,128,32,42.5177
1024,4096,128,64,42.7637
1024,4096,128,128,44.4697
1024,4096,128,256,46.934
1024,4096,128,512,52.865
1024,4096,128,1024,59.243
1024,4096,128,2048,87.0293
1024,4096,128,4096,150.006
1024,4096,128,8192,238.774
1024,4096,128,16384,404.705
1024,8192,0,0,49.4733
1024,8192,1,16,49.7603
1024,8192,1,32,49.8673
1024,8192,1,64,49.845
1024,8192,1,128,49.5897
1024,8192,1,256,49.707
1024,8192,1,512,50.0703
1024,8192,1,1024,50.2403
1024,8192,1,2048,50.1017
1024,8192,1,4096,50.112
1024,8192,1,8192,50.7093
1024,8192,1,16384,69.846
1024,8192,2,16,49.9953
1024,8192,2,32,49.782
1024,8192,2,64,50.0053
1024,8192,2,128,50.2297
1024,8192,2,256,49.995
1024,8192,2,512,49.8667
1024,8192,2,1024,50.123
1024,8192,2,2048,49.878
1024,8192,2,4096,50.0373
1024,8192,2,8192,71.787
1024,8192,2,16384,97.344
1024,8192,4,16,50.806
1024,8192,4,32,50.635
1024,8192,4,64,50.2193
1024,8192,4,128,50.6983
1024,8192,4,256,50.4537
1024,8192,4,512,50.7417
1024,8192,4,1024,50.5813
1024,8192,4,2048,50.7413
1024,8192,4,4096,72.757
1024,8192,4,8192,81.697
1024,8192,4,16384,72.0317
1024,8192,8,16,50.4217
1024,8192,8,32,50.4423
1024,8192,8,64,50.6237
1024,8192,8,128,50.3157
1024,8192,8,256,50.7943
1024,8192,8,512,50.3367
1024,8192,8,1024,50.3793
1024,8192,8,2048,72.5863
1024,8192,8,4096,74.7003
1024,8192,8,8192,60.107
1024,8192,8,16384,73.2803
1024,8192,16,16,50.4963
1024,8192,16,32,50.4637
1024,8192,16,64,50.1443
1024,8192,16,128,50.5063
1024,8192,16,256,50.656
1024,8192,16,512,52.8213
1024,8192,16,1024,60.63
1024,8192,16,2048,73.8667
1024,8192,16,4096,60.3
1024,8192,16,8192,93.621
1024,8192,16,16384,79.9153
1024,8192,32,16,48.832
1024,8192,32,32,49.035
1024,8192,32,64,48.9707
1024,8192,32,128,50.5923
1024,8192,32,256,52.938
1024,8192,32,512,56.4053
1024,8192,32,1024,63.7973
1024,8192,32,2048,57.867
1024,8192,32,4096,79.1793
1024,8192,32,8192,80.7897
1024,8192,32,16384,157.045
1024,8192,64,16,52.736
1024,8192,64,32,52.6937
1024,8192,64,64,52.8853
1024,8192,64,128,54.0383
1024,8192,64,256,55.979
1024,8192,64,512,59.0297
1024,8192,64,1024,57.9627
1024,8192,64,2048,78.496
1024,8192,64,4096,80.3947
1024,8192,64,8192,136.64
1024,8192,64,16384,260.48
1024,8192,128,16,55.0937
1024,8192,128,32,55.189
1024,8192,128,64,55.317
1024,8192,128,128,57.152
1024,8192,128,256,59.6373
1024,8192,128,512,65.8033
1024,8192,128,1024,75.616
1024,8192,128,2048,87.4347
1024,8192,128,4096,140.32
1024,8192,128,8192,262.955
1024,8192,128,16384,442.572
1024,16384,0,0,74.0063
1024,16384,1,16,74.3257
1024,16384,1,32,74.3897
1024,16384,1,64,74.5393
1024,16384,1,128,74.1977
1024,16384,1,256,74.4323
1024,16384,1,512,74.677
1024,16384,1,1024,74.2623
1024,16384,1,2048,74.1443
1024,16384,1,4096,74.1753
1024,16384,1,8192,74.582
1024,16384,1,16384,74.4217
1024,16384,2,16,74.785
1024,16384,2,32,74.1227
1024,16384,2,64,74.539
1024,16384,2,128,75.008
1024,16384,2,256,74.6033
1024,16384,2,512,74.5283
1024,16384,2,1024,74.636
1024,16384,2,2048,74.613
1024,16384,2,4096,74.528
1024,16384,2,8192,75.0833
1024,16384,2,16384,122.069
1024,16384,4,16,74.9773
1024,16384,4,32,74.891
1024,16384,4,64,74.8163
1024,16384,4,128,74.9867
1024,16384,4,256,75.061
1024,16384,4,512,75.488
1024,16384,4,1024,75.0193
1024,16384,4,2048,74.764
1024,16384,4,4096,75.4993
1024,16384,4,8192,123.478
1024,16384,4,16384,124.587
1024,16384,8,16,74.955
1024,16384,8,32,74.7953
1024,16384,8,64,74.795
1024,16384,8,128,74.998
1024,16384,8,256,75.104
1024,16384,8,512,75.0827
1024,16384,8,1024,74.7737
1024,16384,8,2048,75.009
1024,16384,8,4096,122.817
1024,16384,8,8192,124.693
1024,16384,8,16384,143.114
1024,16384,16,16,74.923
1024,16384,16,32,74.731
1024,16384,16,64,74.9447
1024,16384,16,128,75.0617
1024,16384,16,256,74.8057
1024,16384,16,512,74.955
1024,16384,16,1024,83.7663
1024,16384,16,2048,98.294
1024,16384,16,4096,124.619
1024,16384,16,8192,128.801
1024,16384,16,16384,159.862
1024,16384,32,16,74.8693
1024,16384,32,32,75.051
1024,16384,32,64,74.614
1024,16384,32,128,75.3823
1024,16384,32,256,74.5067
1024,16384,32,512,79.5207
1024,16384,32,1024,87.307
1024,16384,32,2048,101.941
1024,16384,32,4096,92.9493
1024,16384,32,8192,130.816
1024,16384,32,16384,134.87
1024,16384,64,16,74.2613
1024,16384,64,32,74.6137
1024,16384,64,64,74.4657
1024,16384,64,128,78.0057
1024,16384,64,256,79.968
1024,16384,64,512,83.8617
1024,16384,64,1024,91.435
1024,16384,64,2048,92.949
1024,16384,64,4096,131.212
1024,16384,64,8192,133.036
1024,16384,64,16384,242.155
1024,16384,128,16,78.7943
1024,16384,128,32,79.1573
1024,16384,128,64,79.8403
1024,16384,128,128,82.09
1024,16384,128,256,83.841
1024,16384,128,512,91.5197
1024,16384,128,1024,94.1023
1024,16384,128,2048,125.397
1024,16384,128,4096,142.464
1024,16384,128,8192,243.553
1024,16384,128,16384,496.983
2048,0,0,0,36.033
2048,0,1,16,37.1197
2048,0,1,32,36.5867
2048,0,1,64,36.9817
2048,0,1,128,36.5657
2048,0,1,256,37.3013
2048,0,1,512,36.8967
2048,0,1,1024,36.3307
2048,0,1,2048,36.586
2048,0,1,4096,49.3653
2048,0,1,8192,73.835
2048,0,1,16384,122.539
2048,0,2,16,36.8747
2048,0,2,32,36.5977
2048,0,2,64,36.822
2048,0,2,128,37.0453
2048,0,2,256,36.9067
2048,0,2,512,36.7247
2048,0,2,1024,36.1287
2048,0,2,2048,36.843
2048,0,2,4096,49.4293
2048,0,2,8192,74.496
2048,0,2,16384,123.563
2048,0,4,16,36.7577
2048,0,4,32,37.1523
2048,0,4,64,36.5337
2048,0,4,128,37.023
2048,0,4,256,36.9387
2048,0,4,512,36.5443
2048,0,4,1024,36.234
2048,0,4,2048,38.9447
2048,0,4,4096,51.6053
2048,0,4,8192,76.1283
2048,0,4,16384,127.477
2048,0,8,16,36.8203
2048,0,8,32,36.7787
2048,0,8,64,36.811
2048,0,8,128,37.2687
2048,0,8,256,37.29
2048,0,8,512,36.8423
2048,0,8,1024,38.752
2048,0,8,2048,44.534
2048,0,8,4096,56.9387
2048,0,8,8192,82.177
2048,0,8,16384,122.123
2048,0,16,16,36.8217
2048,0,16,32,36.96
2048,0,16,64,37.302
2048,0,16,128,36.9067
2048,0,16,256,36.8107
2048,0,16,512,36.7257
2048,0,16,1024,43.467
2048,0,16,2048,46.709
2048,0,16,4096,60.2773
2048,0,16,8192,74.0913
2048,0,16,16384,124.054
2048,0,32,16,37.1527
2048,0,32,32,36.7253
2048,0,32,64,37.1517
2048,0,32,128,37.4617
2048,0,32,256,37.2163
2048,0,32,512,38.6877
2048,0,32,1024,45.4077
2048,0,32,2048,53.8133
2048,0,32,4096,55.478
2048,0,32,8192,83.9577
2048,0,32,16384,135.083
2048,0,64,16,37.0993
2048,0,64,32,36.9483
2048,0,64,64,36.9817
2048,0,64,128,36.907
2048,0,64,256,36.81
2048,0,64,512,43.04
2048,0,64,1024,51.435
2048,0,64,2048,54.2517
2048,0,64,4096,87.2327
2048,0,64,8192,131.595
2048,0,64,16384,217.516
2048,0,128,16,39.189
2048,0,128,32,39.424
2048,0,128,64,40.2027
2048,0,128,128,41.8127
2048,0,128,256,45.7173
2048,0,128,512,51.8293
2048,0,128,1024,59.7127
2048,0,128,2048,90.2407
2048,0,128,4096,130.71
2048,0,128,8192,219.083
2048,0,128,16384,389.879
2048,16,0,0,37.0357
2048,16,1,16,37.782
2048,16,1,32,38.325
2048,16,1,64,37.8777
2048,16,1,128,37.6537
2048,16,1,256,37.3227
2048,16,1,512,38.0597
2048,16,1,1024,37.568
2048,16,1,2048,38.7733
2048,16,1,4096,48.6307
2048,16,1,8192,73.589
2048,16,1,16384,122.987
2048,16,2,16,38.0377
2048,16,2,32,37.803
2048,16,2,64,38.0053
2048,16,2,128,38.3253
2048,16,2,256,37.2583
2048,16,2,512,37.6317
2048,16,2,1024,37.205
2048,16,2,2048,38.432
2048,16,2,4096,49.621
2048,16,2,8192,74.037
2048,16,2,16384,123.766
2048,16,4,16,38.0373
2048,16,4,32,37.8237
2048,16,4,64,37.7813
2048,16,4,128,37.6857
2048,16,4,256,37.664
2048,16,4,512,37.707
2048,16,4,1024,37.856
2048,16,4,2048,42.5173
2048,16,4,4096,54.6557
2048,16,4,8192,79.243
2048,16,4,16384,129.823
2048,16,8,16,37.824
2048,16,8,32,37.8777
2048,16,8,64,38.0263
2048,16,8,128,37.5997
2048,16,8,256,37.686
2048,16,8,512,37.4083
2048,16,8,1024,43.8293
2048,16,8,2048,44.0213
2048,16,8,4096,57.0983
2048,16,8,8192,81.8563
2048,16,8,16384,121.857
2048,16,16,16,37.9307
2048,16,16,32,38.0373
2048,16,16,64,37.835
2048,16,16,128,37.9747
2048,16,16,256,38.0057
2048,16,16,512,37.142
2048,16,16,1024,43.8183
2048,16,16,2048,46.656
2048,16,16,4096,61.376
2048,16,16,8192,74.016
2048,16,16,16384,123.968
2048,16,32,16,38.1757
2048,16,32,32,37.8343
2048,16,32,64,37.7813
2048,16,32,128,37.6323
2048,16,32,256,37.5463
2048,16,32,512,39.1147
2048,16,32,1024,46.496
2048,16,32,2048,52.768
2048,16,32,4096,55.787
2048,16,32,8192,84.16
2048,16,32,16384,135.148
2048,16,64,16,38.048
2048,16,64,32,38.1327
2048,16,64,64,37.888
2048,16,64,128,37.888
2048,16,64,256,37.7703
2048,16,64,512,42.4007
2048,16,64,1024,51.5413
2048,16,64,2048,54.2507
2048,16,64,4096,86.539
2048,16,64,8192,133.056
2048,16,64,16384,216.086
2048,16,128,16,39.968
2048,16,128,32,39.904
2048,16,128,64,40.2027
2048,16,128,128,41.813
2048,16,128,256,45.0777
2048,16,128,512,53.0037
2048,16,128,1024,59.0507
2048,16,128,2048,88.3097
2048,16,128,4096,135.286
2048,16,128,8192,214.4
2048,16,128,16384,387.649
2048,32,0,0,37.5577
2048,32,1,16,38.1863
2048,32,1,32,38.1223
2048,32,1,64,38.166
2048,32,1,128,37.963
2048,32,1,256,38.101
2048,32,1,512,37.5467
2048,32,1,1024,37.6213
2048,32,1,2048,38.1977
2048,32,1,4096,48.9493
2048,32,1,8192,73.355
2048,32,1,16384,122.817
2048,32,2,16,37.675
2048,32,2,32,38.0377
2048,32,2,64,37.963
2048,32,2,128,37.9733
2048,32,2,256,38.0793
2048,32,2,512,37.5997
2048,32,2,1024,37.5683
2048,32,2,2048,38.6667
2048,32,2,4096,50.0693
2048,32,2,8192,75.0293
2048,32,2,16384,123.382
2048,32,4,16,37.8137
2048,32,4,32,37.9297
2048,32,4,64,37.557
2048,32,4,128,37.7817
2048,32,4,256,37.9627
2048,32,4,512,38.2617
2048,32,4,1024,38.1867
2048,32,4,2048,42.645
2048,32,4,4096,54.7093
2048,32,4,8192,79.3603
2048,32,4,16384,129.899
2048,32,8,16,37.888
2048,32,8,32,37.9837
2048,32,8,64,37.674
2048,32,8,128,38.4007
2048,32,8,256,37.898
2048,32,8,512,37.5997
2048,32,8,1024,43.2633
2048,32,8,2048,44.5657
2048,32,8,4096,56.939
2048,32,8,8192,82.4533
2048,32,8,16384,123.392
2048,32,16,16,38.08
2048,32,16,32,37.92
2048,32,16,64,37.8243
2048,32,16,128,37.802
2048,32,16,256,38.08
2048,32,16,512,37.4613
2048,32,16,1024,43.8617
2048,32,16,2048,47.0403
2048,32,16,4096,60.491
2048,32,16,8192,73.8987
2048,32,16,16384,124.32
2048,32,32,16,37.5147
2048,32,32,32,37.7063
2048,32,32,64,37.7287
2048,32,32,128,37.5907
2048,32,32,256,38.1657
2048,32,32,512,38.251
2048,32,32,1024,46.0263
2048,32,32,2048,53.024
2048,32,32,4096,56.7467
2048,32,32,8192,83.979
2048,32,32,16384,134.443
2048,32,64,16,37.9733
2048,32,64,32,38.4107
2048,32,64,64,37.7387
2048,32,64,128,37.5897
2048,32,64,256,37.9093
2048,32,64,512,42.7303
2048,32,64,1024,51.2647
2048,32,64,2048,53.9957
2048,32,64,4096,86.8057
2048,32,64,8192,130.069
2048,32,64,16384,218.241
2048,32,128,16,40.1387
2048,32,128,32,39.4773
2048,32,128,64,39.5523
2048,32,128,128,41.962
2048,32,128,256,45.5467
2048,32,128,512,51.616
2048,32,128,1024,58.923
2048,32,128,2048,86.7413
2048,32,128,4096,133.985
2048,32,128,8192,217.323
2048,32,128,16384,388.471
2048,64,0,0,37.0663
2048,64,1,16,37.6537
2048,64,1,32,38.1973
2048,64,1,64,37.9197
2048,64,1,128,38.208
2048,64,1,256,38.2303
2048,64,1,512,38.038
2048,64,1,1024,37.9097
2048,64,1,2048,38.528
2048,64,1,4096,48.5867
2048,64,1,8192,73.5367
2048,64,1,16384,122.656
2048,64,2,16,37.9747
2048,64,2,32,38.293
2048,64,2,64,37.6003
2048,64,2,128,37.7393
2048,64,2,256,37.792
2048,64,2,512,37.899
2048,64,2,1024,37.9733
2048,64,2,2048,38.6887
2048,64,2,4096,49.589
2048,64,2,8192,74.4007
2048,64,2,16384,124.001
2048,64,4,16,37.92
2048,64,4,32,38.0913
2048,64,4,64,37.9627
2048,64,4,128,37.6537
2048,64,4,256,38.0373
2048,64,4,512,37.7387
2048,64,4,1024,37.9413
2048,64,4,2048,43.819
2048,64,4,4096,55.936
2048,64,4,8192,80.7253
2048,64,4,16384,131.264
2048,64,8,16,37.8777
2048,64,8,32,37.5787
2048,64,8,64,38.1657
2048,64,8,128,37.4293
2048,64,8,256,37.9937
2048,64,8,512,37.4823
2048,64,8,1024,43.307
2048,64,8,2048,44.2453
2048,64,8,4096,56.8113
2048,64,8,8192,83.0183
2048,64,8,16384,121.825
2048,64,16,16,38.028
2048,64,16,32,38.0053
2048,64,16,64,37.8773
2048,64,16,128,38.0163
2048,64,16,256,38.0693
2048,64,16,512,38.0163
2048,64,16,1024,43.0067
2048,64,16,2048,46.1653
2048,64,16,4096,60.9177
2048,64,16,8192,73.8243
2048,64,16,16384,124.481
2048,64,32,16,37.9943
2048,64,32,32,38.2297
2048,64,32,64,38.048
2048,64,32,128,37.6853
2048,64,32,256,38.0693
2048,64,32,512,39.21
2048,64,32,1024,45.323
2048,64,32,2048,52.9173
2048,64,32,4096,55.5627
2048,64,32,8192,84.224
2048,64,32,16384,136.992
2048,64,64,16,37.899
2048,64,64,32,38.0487
2048,64,64,64,38.091
2048,64,64,128,38.3357
2048,64,64,256,38.4323
2048,64,64,512,42.9973
2048,64,64,1024,52.203
2048,64,64,2048,54.4003
2048,64,64,4096,87.158
2048,64,64,8192,129.259
2048,64,64,16384,218.572
2048,64,128,16,40.3623
2048,64,128,32,39.9147
2048,64,128,64,40.2777
2048,64,128,128,41.8667
2048,64,128,256,45.4293
2048,64,128,512,53.6853
2048,64,128,1024,59.978
2048,64,128,2048,90.528
2048,64,128,4096,133.515
2048,64,128,8192,218.529
2048,64,128,16384,386.871
2048,128,0,0,37.7597
2048,128,1,16,38.1017
2048,128,1,32,38.027
2048,128,1,64,38.3467
2048,128,1,128,37.952
2048,128,1,256,38.528
2048,128,1,512,38.1013
2048,128,1,1024,37.952
2048,128,1,2048,38.2837
2048,128,1,4096,48.4583
2048,128,1,8192,73.7607
2048,128,1,16384,123.211
2048,128,2,16,38.1653
2048,128,2,32,37.6647
2048,128,2,64,37.8023
2048,128,2,128,37.515
2048,128,2,256,38.368
2048,128,2,512,37.6853
2048,128,2,1024,37.7813
2048,128,2,2048,38.2727
2048,128,2,4096,49.632
2048,128,2,8192,74.0803
2048,128,2,16384,123.776
2048,128,4,16,38.2187
2048,128,4,32,37.8347
2048,128,4,64,38.1863
2048,128,4,128,37.8133
2048,128,4,256,38.293
2048,128,4,512,38.1867
2048,128,4,1024,38.433
2048,128,4,2048,44.011
2048,128,4,4096,56.523
2048,128,4,8192,81.119
2048,128,4,16384,130.976
2048,128,8,16,38.1437
2048,128,8,32,38.1223
2048,128,8,64,38.1017
2048,128,8,128,38.144
2048,128,8,256,38.08
2048,128,8,512,37.5253
2048,128,8,1024,43.4563
2048,128,8,2048,44.1707
2048,128,8,4096,56.7253
2048,128,8,8192,82.6243
2048,128,8,16384,121.887
2048,128,16,16,38.4537
2048,128,16,32,38.176
2048,128,16,64,38.08
2048,128,16,128,38.0593
2048,128,16,256,38.112
2048,128,16,512,37.771
2048,128,16,1024,43.4457
2048,128,16,2048,47.2857
2048,128,16,4096,60.63
2048,128,16,8192,74.1333
2048,128,16,16384,124.022
2048,128,32,16,38.379
2048,128,32,32,38.3367
2048,128,32,64,38.6037
2048,128,32,128,38.1657
2048,128,32,256,37.984
2048,128,32,512,39.168
2048,128,32,1024,46.038
2048,128,32,2048,53.728
2048,128,32,4096,55.5517
2048,128,32,8192,83.3493
2048,128,32,16384,136.043
2048,128,64,16,37.9413
2048,128,64,32,37.9307
2048,128,64,64,38.0377
2048,128,64,128,38.1117
2048,128,64,256,38.304
2048,128,64,512,43.4563
2048,128,64,1024,52.3093
2048,128,64,2048,54.3357
2048,128,64,4096,88.385
2048,128,64,8192,128.864
2048,128,64,16384,219.212
2048,128,128,16,40.2137
2048,128,128,32,40.246
2048,128,128,64,40.459
2048,128,128,128,42.325
2048,128,128,256,45.7823
2048,128,128,512,53.611
2048,128,128,1024,59.04
2048,128,128,2048,85.7923
2048,128,128,4096,136.63
2048,128,128,8192,217.249
2048,128,128,16384,386.412
2048,256,0,0,37.6327
2048,256,1,16,38.507
2048,256,1,32,38.5393
2048,256,1,64,38.5603
2048,256,1,128,38.2513
2048,256,1,256,38.571
2048,256,1,512,38.2403
2048,256,1,1024,38.827
2048,256,1,2048,38.5283
2048,256,1,4096,48.736
2048,256,1,8192,73.8027
2048,256,1,16384,123.019
2048,256,2,16,38.2927
2048,256,2,32,38.368
2048,256,2,64,38.624
2048,256,2,128,38.6453
2048,256,2,256,38.187
2048,256,2,512,38.453
2048,256,2,1024,38.6777
2048,256,2,2048,39.1893
2048,256,2,4096,49.7603
2048,256,2,8192,74.198
2048,256,2,16384,124.459
2048,256,4,16,38.6023
2048,256,4,32,38.997
2048,256,4,64,38.8693
2048,256,4,128,38.8053
2048,256,4,256,38.4533
2048,256,4,512,38.6133
2048,256,4,1024,38.336
2048,256,4,2048,44.0103
2048,256,4,4096,56.32
2048,256,4,8192,81.3343
2048,256,4,16384,131.937
2048,256,8,16,38.7207
2048,256,8,32,38.9973
2048,256,8,64,38.6347
2048,256,8,128,38.3573
2048,256,8,256,38.5813
2048,256,8,512,37.4617
2048,256,8,1024,43.3927
2048,256,8,2048,45.5893
2048,256,8,4096,58.5173
2048,256,8,8192,84.0963
2048,256,8,16384,122.198
2048,256,16,16,38.1657
2048,256,16,32,38.7413
2048,256,16,64,38.4213
2048,256,16,128,38.774
2048,256,16,256,38.634
2048,256,16,512,38.4427
2048,256,16,1024,45.003
2048,256,16,2048,48
2048,256,16,4096,61.8773
2048,256,16,8192,73.9093
2048,256,16,16384,124.469
2048,256,32,16,38.5493
2048,256,32,32,38.9973
2048,256,32,64,38.88
2048,256,32,128,38.4213
2048,256,32,256,38.4647
2048,256,32,512,39.9147
2048,256,32,1024,46.9013
2048,256,32,2048,54.23
2048,256,32,4096,55.4987
2048,256,32,8192,84.6937
2048,256,32,16384,135.67
2048,256,64,16,38.4423
2048,256,64,32,38.475
2048,256,64,64,38.688
2048,256,64,128,38.0373
2048,256,64,256,39.584
2048,256,64,512,43.7437
2048,256,64,1024,53.0987
2048,256,64,2048,54.0373
2048,256,64,4096,88.491
2048,256,64,8192,130.529
2048,256,64,16384,216.62
2048,256,128,16,40.3203
2048,256,128,32,41.5043
2048,256,128,64,41.5573
2048,256,128,128,43.3393
2048,256,128,256,47.4447
2048,256,128,512,54.656
2048,256,128,1024,59.008
2048,256,128,2048,89.9307
2048,256,128,4096,134.325
2048,256,128,8192,216.704
2048,256,128,16384,390.924
2048,512,0,0,39.4137
2048,512,1,16,40.021
2048,512,1,32,40.2243
2048,512,1,64,40.075
2048,512,1,128,40.192
2048,512,1,256,39.712
2048,512,1,512,39.7873
2048,512,1,1024,40.0213
2048,512,1,2048,41.2483
2048,512,1,4096,48.9163
2048,512,1,8192,73.28
2048,512,1,16384,122.912
2048,512,2,16,40.3737
2048,512,2,32,40.288
2048,512,2,64,40.2777
2048,512,2,128,40.5227
2048,512,2,256,39.9467
2048,512,2,512,40.299
2048,512,2,1024,40.2667
2048,512,2,2048,41.0983
2048,512,2,4096,49.729
2048,512,2,8192,74.6467
2048,512,2,16384,124.289
2048,512,4,16,40.074
2048,512,4,32,40.011
2048,512,4,64,40.107
2048,512,4,128,40.1603
2048,512,4,256,40.16
2048,512,4,512,40.2777
2048,512,4,1024,39.9893
2048,512,4,2048,45.4607
2048,512,4,4096,58.1977
2048,512,4,8192,82.8807
2048,512,4,16384,133.889
2048,512,8,16,40.3523
2048,512,8,32,40.405
2048,512,8,64,40.1817
2048,512,8,128,39.7543
2048,512,8,256,39.9787
2048,512,8,512,39.328
2048,512,8,1024,45.2687
2048,512,8,2048,47.467
2048,512,8,4096,60.1073
2048,512,8,8192,86.0377
2048,512,8,16384,122.24
2048,512,16,16,40.341
2048,512,16,32,40.3207
2048,512,16,64,40.2023
2048,512,16,128,40.3523
2048,512,16,256,40.0533
2048,512,16,512,39.904
2048,512,16,1024,46.219
2048,512,16,2048,48.9173
2048,512,16,4096,63.8507
2048,512,16,8192,73.8667
2048,512,16,16384,124.555
2048,512,32,16,39.99
2048,512,32,32,39.8933
2048,512,32,64,40.1813
2048,512,32,128,40.437
2048,512,32,256,40.3727
2048,512,32,512,41.6223
2048,512,32,1024,48.405
2048,512,32,2048,56.6187
2048,512,32,4096,56.2887
2048,512,32,8192,83.3393
2048,512,32,16384,135.308
2048,512,64,16,40.4697
2048,512,64,32,40.246
2048,512,64,64,40.3087
2048,512,64,128,39.1467
2048,512,64,256,41.045
2048,512,64,512,45.7383
2048,512,64,1024,55.0397
2048,512,64,2048,54.2183
2048,512,64,4096,90.123
2048,512,64,8192,132.907
2048,512,64,16384,215.829
2048,512,128,16,41.4613
2048,512,128,32,41.9513
2048,512,128,64,41.7713
2048,512,128,128,45.3547
2048,512,128,256,48.2137
2048,512,128,512,55.9677
2048,512,128,1024,59.029
2048,512,128,2048,89.6433
2048,512,128,4096,133.589
2048,512,128,8192,217.579
2048,512,128,16384,391.564
2048,1024,0,0,42.8587
2048,1024,1,16,43.5413
2048,1024,1,32,43.072
2048,1024,1,64,42.816
2048,1024,1,128,43.307
2048,1024,1,256,43.211
2048,1024,1,512,42.859
2048,1024,1,1024,43.296
2048,1024,1,2048,43.2967
2048,1024,1,4096,49.0987
2048,1024,1,8192,73.6213
2048,1024,1,16384,122.945
2048,1024,2,16,43.328
2048,1024,2,32,43.4667
2048,1024,2,64,43.179
2048,1024,2,128,43.307
2048,1024,2,256,43.232
2048,1024,2,512,43.2753
2048,1024,2,1024,43.2853
2048,1024,2,2048,43.9897
2048,1024,2,4096,49.782
2048,1024,2,8192,74.7633
2048,1024,2,16384,123.733
2048,1024,4,16,42.912
2048,1024,4,32,43.232
2048,1024,4,64,43.3813
2048,1024,4,128,43.4777
2048,1024,4,256,43.338
2048,1024,4,512,43.6163
2048,1024,4,1024,43.3173
2048,1024,4,2048,48.9167
2048,1024,4,4096,61.3443
2048,1024,4,8192,86.1867
2048,1024,4,16384,136.981
2048,1024,8,16,43.3703
2048,1024,8,32,43.221
2048,1024,8,64,43.3387
2048,1024,8,128,43.488
2048,1024,8,256,43.328
2048,1024,8,512,43.1893
2048,1024,8,1024,48.3413
2048,1024,8,2048,50.1213
2048,1024,8,4096,62.613
2048,1024,8,8192,89.184
2048,1024,8,16384,139.039
2048,1024,16,16,43.3177
2048,1024,16,32,43.243
2048,1024,16,64,43.1467
2048,1024,16,128,43.029
2048,1024,16,256,43.3607
2048,1024,16,512,42.6883
2048,1024,16,1024,49.227
2048,1024,16,2048,52.2457
2048,1024,16,4096,66.4323
2048,1024,16,8192,92.0433
2048,1024,16,16384,124.363
2048,1024,32,16,43.744
2048,1024,32,32,43.2643
2048,1024,32,64,43.371
2048,1024,32,128,43.3813
2048,1024,32,256,43.4027
2048,1024,32,512,44.5657
2048,1024,32,1024,51.5203
2048,1024,32,2048,65.664
2048,1024,32,4096,75.7653
2048,1024,32,8192,83.9467
2048,1024,32,16384,136.257
2048,1024,64,16,43.541
2048,1024,64,32,43.66
2048,1024,64,64,43.1783
2048,1024,64,128,43.5413
2048,1024,64,256,43.9477
2048,1024,64,512,48.363
2048,1024,64,1024,58.3043
2048,1024,64,2048,75.1577
2048,1024,64,4096,88.544
2048,1024,64,8192,133.152
2048,1024,64,16384,216.758
2048,1024,128,16,44.9717
2048,1024,128,32,45.2693
2048,1024,128,64,45.6213
2048,1024,128,128,47.9473
2048,1024,128,256,51.413
2048,1024,128,512,59.5943
2048,1024,128,1024,73.6853
2048,1024,128,2048,87.8833
2048,1024,128,4096,136.151
2048,1024,128,8192,219.744
2048,1024,128,16384,390.743
2048,2048,0,0,49.131
2048,2048,1,16,49.44
2048,2048,1,32,49.5687
2048,2048,1,64,49.4077
2048,2048,1,128,49.29
2048,2048,1,256,49.8037
2048,2048,1,512,50.1007
2048,2048,1,1024,49.654
2048,2048,1,2048,48.768
2048,2048,1,4096,49.3013
2048,2048,1,8192,74.219
2048,2048,1,16384,123.531
2048,2048,2,16,49.461
2048,2048,2,32,50.07
2048,2048,2,64,49.6537
2048,2048,2,128,49.6957
2048,2048,2,256,49.696
2048,2048,2,512,49.419
2048,2048,2,1024,49.6423
2048,2048,2,2048,49.142
2048,2048,2,4096,49.611
2048,2048,2,8192,75.0083
2048,2048,2,16384,124.555
2048,2048,4,16,49.4837
2048,2048,4,32,49.5147
2048,2048,4,64,49.707
2048,2048,4,128,49.6427
2048,2048,4,256,49.856
2048,2048,4,512,49.6
2048,2048,4,1024,49.6013
2048,2048,4,2048,49.3657
2048,2048,4,4096,67.7447
2048,2048,4,8192,93.0347
2048,2048,4,16384,143.157
2048,2048,8,16,49.9517
2048,2048,8,32,49.3443
2048,2048,8,64,49.8667
2048,2048,8,128,49.7707
2048,2048,8,256,49.6213
2048,2048,8,512,49.6857
2048,2048,8,1024,54.5067
2048,2048,8,2048,67.8187
2048,2048,8,4096,69.003
2048,2048,8,8192,95.6907
2048,2048,8,16384,146.284
2048,2048,16,16,49.8663
2048,2048,16,32,49.536
2048,2048,16,64,50.0483
2048,2048,16,128,49.5887
2048,2048,16,256,49.728
2048,2048,16,512,49.1627
2048,2048,16,1024,55.8297
2048,2048,16,2048,68.3623
2048,2048,16,4096,73.024
2048,2048,16,8192,98.72
2048,2048,16,16384,124.8
2048,2048,32,16,49.8023
2048,2048,32,32,49.8353
2048,2048,32,64,49.5997
2048,2048,32,128,49.6963
2048,2048,32,256,49.4833
2048,2048,32,512,51.2643
2048,2048,32,1024,57.515
2048,2048,32,2048,71.7333
2048,2048,32,4096,80.8853
2048,2048,32,8192,83.8613
2048,2048,32,16384,138.486
2048,2048,64,16,49.601
2048,2048,64,32,49.792
2048,2048,64,64,49.7383
2048,2048,64,128,49.6857
2048,2048,64,256,49.632
2048,2048,64,512,54.88
2048,2048,64,1024,64.1173
2048,2048,64,2048,80.2877
2048,2048,64,4096,83.2963
2048,2048,64,8192,140.01
2048,2048,64,16384,225.259
2048,2048,128,16,51.1897
2048,2048,128,32,51.7127
2048,2048,128,64,51.4773
2048,2048,128,128,54.8487
2048,2048,128,256,57.8567
2048,2048,128,512,64.459
2048,2048,128,1024,79.4673
2048,2048,128,2048,88.0217
2048,2048,128,4096,143.019
2048,2048,128,8192,224.406
2048,2048,128,16384,398.678
2048,4096,0,0,61.0987
2048,4096,1,16,61.8883
2048,4096,1,32,61.6747
2048,4096,1,64,62.155
2048,4096,1,128,62.1013
2048,4096,1,256,61.888
2048,4096,1,512,61.728
2048,4096,1,1024,62.047
2048,4096,1,2048,61.643
2048,4096,1,4096,62.7733
2048,4096,1,8192,74.7523
2048,4096,1,16384,124.704
2048,4096,2,16,61.931
2048,4096,2,32,62.3463
2048,4096,2,64,61.8353
2048,4096,2,128,61.8237
2048,4096,2,256,62.1553
2048,4096,2,512,62.0697
2048,4096,2,1024,62.0797
2048,4096,2,2048,61.8877
2048,4096,2,4096,63.189
2048,4096,2,8192,75.2533
2048,4096,2,16384,125.398
2048,4096,4,16,62.3263
2048,4096,4,32,62.3793
2048,4096,4,64,62.049
2048,4096,4,128,62.1653
2048,4096,4,256,62.283
2048,4096,4,512,61.6427
2048,4096,4,1024,62.0377
2048,4096,4,2048,61.728
2048,4096,4,4096,80.3303
2048,4096,4,8192,106.432
2048,4096,4,16384,156.747
2048,4096,8,16,61.8887
2048,4096,8,32,62.5177
2048,4096,8,64,61.9957
2048,4096,8,128,62.3143
2048,4096,8,256,62.198
2048,4096,8,512,61.7387
2048,4096,8,1024,61.792
2048,4096,8,2048,80.1707
2048,4096,8,4096,82.3157
2048,4096,8,8192,108.566
2048,4096,8,16384,158.999
2048,4096,16,16,61.846
2048,4096,16,32,62.1453
2048,4096,16,64,62.2187
2048,4096,16,128,62.1977
2048,4096,16,256,62.0273
2048,4096,16,512,62.1657
2048,4096,16,1024,67.776
2048,4096,16,2048,81.1093
2048,4096,16,4096,84.875
2048,4096,16,8192,111.883
2048,4096,16,16384,161.227
2048,4096,32,16,62.379
2048,4096,32,32,62.464
2048,4096,32,64,62.2287
2048,4096,32,128,62.293
2048,4096,32,256,61.9203
2048,4096,32,512,62.1973
2048,4096,32,1024,69.9843
2048,4096,32,2048,84.661
2048,4096,32,4096,111.563
2048,4096,32,8192,121.718
2048,4096,32,16384,136.832
2048,4096,64,16,62.1547
2048,4096,64,32,62.1233
2048,4096,64,64,62.422
2048,4096,64,128,62.0057
2048,4096,64,256,61.9847
2048,4096,64,512,66.6663
2048,4096,64,1024,76.0647
2048,4096,64,2048,92.2353
2048,4096,64,4096,120.779
2048,4096,64,8192,141.889
2048,4096,64,16384,238.315
2048,4096,128,16,63.2963
2048,4096,128,32,63.9043
2048,4096,128,64,63.8303
2048,4096,128,128,66.3363
2048,4096,128,256,69.3657
2048,4096,128,512,77.6647
2048,4096,128,1024,91.3707
2048,4096,128,2048,114.241
2048,4096,128,4096,143.819
2048,4096,128,8192,236.598
2048,4096,128,16384,404.993
2048,8192,0,0,86.208
2048,8192,1,16,87.3397
2048,8192,1,32,86.9977
2048,8192,1,64,86.8377
2048,8192,1,128,86.8587
2048,8192,1,256,86.6353
2048,8192,1,512,86.9973
2048,8192,1,1024,86.8907
2048,8192,1,2048,86.8907
2048,8192,1,4096,87.2103
2048,8192,1,8192,87.4993
2048,8192,1,16384,124.971
2048,8192,2,16,87.126
2048,8192,2,32,87.3077
2048,8192,2,64,87.051
2048,8192,2,128,87.2953
2048,8192,2,256,87.0087
2048,8192,2,512,86.6773
2048,8192,2,1024,87.232
2048,8192,2,2048,87.0623
2048,8192,2,4096,87.424
2048,8192,2,8192,88.5973
2048,8192,2,16384,126.187
2048,8192,4,16,87.0507
2048,8192,4,32,86.8277
2048,8192,4,64,86.9233
2048,8192,4,128,86.987
2048,8192,4,256,87.4243
2048,8192,4,512,87.3393
2048,8192,4,1024,87.1577
2048,8192,4,2048,87.6487
2048,8192,4,4096,87.531
2048,8192,4,8192,130.838
2048,8192,4,16384,182.059
2048,8192,8,16,87.4033
2048,8192,8,32,87.2537
2048,8192,8,64,87.03
2048,8192,8,128,87.0187
2048,8192,8,256,87.488
2048,8192,8,512,87.2637
2048,8192,8,1024,87.1897
2048,8192,8,2048,87.4887
2048,8192,8,4096,130.539
2048,8192,8,8192,133.547
2048,8192,8,16384,184.458
2048,8192,16,16,87.3603
2048,8192,16,32,87.115
2048,8192,16,64,87.276
2048,8192,16,128,87.5207
2048,8192,16,256,87.1363
2048,8192,16,512,87.6163
2048,8192,16,1024,89.2273
2048,8192,16,2048,106.774
2048,8192,16,4096,133.036
2048,8192,16,8192,136.481
2048,8192,16,16384,188.491
2048,8192,32,16,87.1463
2048,8192,32,32,87.4573
2048,8192,32,64,86.6777
2048,8192,32,128,86.624
2048,8192,32,256,87.2317
2048,8192,32,512,86.7203
2048,8192,32,1024,93.8777
2048,8192,32,2048,109.248
2048,8192,32,4096,136.373
2048,8192,32,8192,144.918
2048,8192,32,16384,196.321
2048,8192,64,16,87.4243
2048,8192,64,32,86.9763
2048,8192,64,64,87.5207
2048,8192,64,128,87.4133
2048,8192,64,256,87.125
2048,8192,64,512,91.8827
2048,8192,64,1024,100.683
2048,8192,64,2048,117.463
2048,8192,64,4096,143.798
2048,8192,64,8192,194.859
2048,8192,64,16384,244.94
2048,8192,128,16,88.1927
2048,8192,128,32,88.3523
2048,8192,128,64,88.1287
2048,8192,128,128,91.0713
2048,8192,128,256,94.9763
2048,8192,128,512,101.024
2048,8192,128,1024,113.963
2048,8192,128,2048,136.384
2048,8192,128,4096,181.184
2048,8192,128,8192,246.86
2048,8192,128,16384,421.516
2048,16384,0,0,137.75
2048,16384,1,16,138.337
2048,16384,1,32,138.528
2048,16384,1,64,137.952
2048,16384,1,128,138.156
2048,16384,1,256,137.995
2048,16384,1,512,138.283
2048,16384,1,1024,137.91
2048,16384,1,2048,138.678
2048,16384,1,4096,138.187
2048,16384,1,8192,138.453
2048,16384,1,16384,139.105
2048,16384,2,16,138.699
2048,16384,2,32,138.177
2048,16384,2,64,138.379
2048,16384,2,128,138.647
2048,16384,2,256,138.304
2048,16384,2,512,138.421
2048,16384,2,1024,139.328
2048,16384,2,2048,138.902
2048,16384,2,4096,138.486
2048,16384,2,8192,138.859
2048,16384,2,16384,139.328
2048,16384,4,16,138.496
2048,16384,4,32,139.072
2048,16384,4,64,138.347
2048,16384,4,128,138.689
2048,16384,4,256,138.176
2048,16384,4,512,138.795
2048,16384,4,1024,137.899
2048,16384,4,2048,138.389
2048,16384,4,4096,138.721
2048,16384,4,8192,139.116
2048,16384,4,16384,231.478
2048,16384,8,16,137.931
2048,16384,8,32,138.508
2048,16384,8,64,138.624
2048,16384,8,128,138.336
2048,16384,8,256,138.177
2048,16384,8,512,138.688
2048,16384,8,1024,138.688
2048,16384,8,2048,138.433
2048,16384,8,4096,139.244
2048,16384,8,8192,231.447
2048,16384,8,16384,233.719
2048,16384,16,16,138.358
2048,16384,16,32,138.325
2048,16384,16,64,138.507
2048,16384,16,128,138.753
2048,16384,16,256,138.785
2048,16384,16,512,138.507
2048,16384,16,1024,138.613
2048,16384,16,2048,140.907
2048,16384,16,4096,182.497
2048,16384,16,8192,233.281
2048,16384,16,16384,235.82
2048,16384,32,16,138.581
2048,16384,32,32,139.115
2048,16384,32,64,138.848
2048,16384,32,128,138.24
2048,16384,32,256,138.326
2048,16384,32,512,138.891
2048,16384,32,1024,143.425
2048,16384,32,2048,158.56
2048,16384,32,4096,185.323
2048,16384,32,8192,235.329
2048,16384,32,16384,244.204
2048,16384,64,16,138.539
2048,16384,64,32,138.389
2048,16384,64,64,138.699
2048,16384,64,128,138.636
2048,16384,64,256,138.165
2048,16384,64,512,140.15
2048,16384,64,1024,147.798
2048,16384,64,2048,164.544
2048,16384,64,4096,191.734
2048,16384,64,8192,243.371
2048,16384,64,16384,250.71
2048,16384,128,16,139.382
2048,16384,128,32,140.555
2048,16384,128,64,139.776
2048,16384,128,128,140.416
2048,16384,128,256,142.689
2048,16384,128,512,148.822
2048,16384,128,1024,160.822
2048,16384,128,2048,184.139
2048,16384,128,4096,228.597
2048,16384,128,8192,251.179
2048,16384,128,16384,450.988
