prefill_chunk,kv_prefill,n_decode,kv_decode,time_us
0,0,1,16,12.4163
0,0,1,32,12.4483
0,0,1,64,12.395
0,0,1,128,14.0697
0,0,1,256,15.2317
0,0,1,512,16.4377
0,0,1,1024,16.4907
0,0,1,2048,18.4427
0,0,1,4096,20.7047
0,0,1,8192,26.251
0,0,1,16384,35.8617
0,0,2,16,12.3627
0,0,2,32,12.384
0,0,2,64,12.2237
0,0,2,128,13.6427
0,0,2,256,14.8803
0,0,2,512,16.3423
0,0,2,1024,17.9413
0,0,2,2048,20.032
0,0,2,4096,25.259
0,0,2,8192,34.9127
0,0,2,16384,52.662
0,0,4,16,13.099
0,0,4,32,13.0667
0,0,4,64,13.3653
0,0,4,128,14.4217
0,0,4,256,15.6587
0,0,4,512,16.8107
0,0,4,1024,19.7973
0,0,4,2048,26.0267
0,0,4,4096,34.9333
0,0,4,8192,53.3667
0,0,4,16384,87.233
0,0,8,16,13.6427
0,0,8,32,13.75
0,0,8,64,13.8137
0,0,8,128,15.051
0,0,8,256,16.331
0,0,8,512,20.832
0,0,8,1024,27.3923
0,0,8,2048,37.3553
0,0,8,4096,55.201
0,0,8,8192,101.121
0,0,8,16384,178.68
0,0,16,16,13.824
0,0,16,32,13.941
0,0,16,64,14.134
0,0,16,128,16.107
0,0,16,256,19.616
0,0,16,512,33.3653
0,0,16,1024,45.568
0,0,16,2048,65.8353
0,0,16,4096,103.83
0,0,16,8192,180.727
0,0,16,16384,334.425
0,0,32,16,18.027
0,0,32,32,18.273
0,0,32,64,19.2857
0,0,32,128,24.3093
0,0,32,256,30.2293
0,0,32,512,46.3363
0,0,32,1024,70.1767
0,0,32,2048,109.143
0,0,32,4096,184.45
0,0,32,8192,338.702
0,0,32,16384,653
0,0,64,16,21.984
0,0,64,32,22.4857
0,0,64,64,24.235
0,0,64,128,30.998
0,0,64,256,40.8007
0,0,64,512,63.5417
0,0,64,1024,96.8223
0,0,64,2048,164.952
0,0,64,4096,299.651
0,0,64,8192,579.026
0,0,64,16384,1148.31
0,0,128,16,29.4403
0,0,128,32,30.1013
0,0,128,64,31.9357
0,0,128,128,45.4293
0,0,128,256,62.9133
0,0,128,512,100.588
0,0,128,1024,165.526
0,0,128,2048,299.214
0,0,128,4096,573.382
0,0,128,8192,1119.37
0,0,128,16384,2210.3
0,0,256,16,46.6883
0,0,256,32,47.3927
0,0,256,64,51.5633
0,0,256,128,75.062
0,0,256,256,106.337
0,0,256,512,179.831
0,0,256,1024,310.595
0,0,256,2048,582.673
0,0,256,4096,1130.89
0,0,256,8192,2226.01
0,0,256,16384,4421.13
16,0,0,0,15.0837
16,0,1,16,15.222
16,0,1,32,15.061
16,0,1,64,15.1253
16,0,1,128,16.7043
16,0,1,256,18.1653
16,0,1,512,19.3063
16,0,1,1024,20.7147
16,0,1,2048,21.302
16,0,1,4096,22.5393
16,0,1,8192,28.384
16,0,1,16384,37.686
16,0,2,16,15.1257
16,0,2,32,15.0293
16,0,2,64,14.9653
16,0,2,128,16.694
16,0,2,256,18.4423
16,0,2,512,19.477
16,0,2,1024,20.79
16,0,2,2048,21.8353
16,0,2,4096,27.318
16,0,2,8192,37.5463
16,0,2,16384,56.309
16,0,4,16,15.467
16,0,4,32,15.4557
16,0,4,64,15.467
16,0,4,128,17.3547
16,0,4,256,18.827
16,0,4,512,20.7367
16,0,4,1024,21.9947
16,0,4,2048,27.936
16,0,4,4096,37.227
16,0,4,8192,56.747
16,0,4,16384,92.1503
16,0,8,16,15.5413
16,0,8,32,15.52
16,0,8,64,15.4133
16,0,8,128,17.472
16,0,8,256,18.6037
16,0,8,512,22.5397
16,0,8,1024,28.7253
16,0,8,2048,38.902
16,0,8,4096,57.632
16,0,8,8192,110.273
16,0,8,16384,195.789
16,0,16,16,15.488
16,0,16,32,15.7013
16,0,16,64,15.8077
16,0,16,128,17.2817
16,0,16,256,20.9497
16,0,16,512,34.496
16,0,16,1024,47.8083
16,0,16,2048,71.6063
16,0,16,4096,115.489
16,0,16,8192,200.109
16,0,16,16384,369.21
16,0,32,16,21.3233
16,0,32,32,21.525
16,0,32,64,22.198
16,0,32,128,27.3817
16,0,32,256,34.646
16,0,32,512,49.589
16,0,32,1024,76.087
16,0,32,2048,117.207
16,0,32,4096,202.765
16,0,32,8192,372.548
16,0,32,16384,716.189
16,0,64,16,26.4963
16,0,64,32,26.955
16,0,64,64,27.5093
16,0,64,128,33.3447
16,0,64,256,43.414
16,0,64,512,67.968
16,0,64,1024,104.428
16,0,64,2048,174.317
16,0,64,4096,313.348
16,0,64,8192,609.98
16,0,64,16384,1193.67
16,0,128,16,37.5047
16,0,128,32,38.5813
16,0,128,64,38.9553
16,0,128,128,49.217
16,0,128,256,65.5053
16,0,128,512,105.239
16,0,128,1024,172.941
16,0,128,2048,305.08
16,0,128,4096,582.866
16,0,128,8192,1148.4
16,0,128,16384,2246.35
16,16,0,0,15.2217
16,16,1,16,15.136
16,16,1,32,15.1043
16,16,1,64,15.1573
16,16,1,128,16.6403
16,16,1,256,18.1337
16,16,1,512,19.5743
16,16,1,1024,20.8107
16,16,1,2048,21.1627
16,16,1,4096,22.614
16,16,1,8192,28.086
16,16,1,16384,37.3227
16,16,2,16,15.104
16,16,2,32,15.2317
16,16,2,64,15.029
16,16,2,128,16.7357
16,16,2,256,18.3037
16,16,2,512,19.6387
16,16,2,1024,20.842
16,16,2,2048,22.016
16,16,2,4096,27.211
16,16,2,8192,37.505
16,16,2,16384,57.2277
16,16,4,16,15.4667
16,16,4,32,15.6263
16,16,4,64,15.5097
16,16,4,128,17.4727
16,16,4,256,18.5923
16,16,4,512,20.7147
16,16,4,1024,22.369
16,16,4,2048,27.8723
16,16,4,4096,37.0887
16,16,4,8192,57.1747
16,16,4,16384,91.8413
16,16,8,16,15.3497
16,16,8,32,15.531
16,16,8,64,15.5523
16,16,8,128,17.237
16,16,8,256,18.6563
16,16,8,512,22.4857
16,16,8,1024,28.299
16,16,8,2048,38.966
16,16,8,4096,58.465
16,16,8,8192,111.97
16,16,8,16384,198.274
16,16,16,16,15.638
16,16,16,32,15.627
16,16,16,64,16.0107
16,16,16,128,17.2907
16,16,16,256,20.4273
16,16,16,512,34.5817
16,16,16,1024,48.577
16,16,16,2048,72.0327
16,16,16,4096,115.937
16,16,16,8192,200.141
16,16,16,16384,368.389
16,16,32,16,21.174
16,16,32,32,21.6433
16,16,32,64,22.1867
16,16,32,128,27.509
16,16,32,256,34.3577
16,16,32,512,51.1047
16,16,32,1024,76.1817
16,16,32,2048,117.729
16,16,32,4096,202.552
16,16,32,8192,371.983
16,16,32,16384,717.907
16,16,64,16,26.5387
16,16,64,32,27.0507
16,16,64,64,27.552
16,16,64,128,33.6537
16,16,64,256,43.5943
16,16,64,512,67.521
16,16,64,1024,105.921
16,16,64,2048,174.829
16,16,64,4096,313.721
16,16,64,8192,608.338
16,16,64,16384,1193.17
16,16,128,16,37.558
16,16,128,32,38.475
16,16,128,64,38.966
16,16,128,128,49.4307
16,16,128,256,65.3663
16,16,128,512,104.78
16,16,128,1024,174.093
16,16,128,2048,304.569
16,16,128,4096,582.588
16,16,128,8192,1141.29
16,16,128,16384,2241.78
16,32,0,0,15.0183
16,32,1,16,15.0503
16,32,1,32,15.061
16,32,1,64,15.1787
16,32,1,128,16.481
16,32,1,256,18.272
16,32,1,512,19.8407
16,32,1,1024,20.6933
16,32,1,2048,21.4617
16,32,1,4096,22.5287
16,32,1,8192,28.021
16,32,1,16384,37.7613
16,32,2,16,15.1147
16,32,2,32,15.1147
16,32,2,64,14.9977
16,32,2,128,16.6613
16,32,2,256,18.3997
16,32,2,512,19.6583
16,32,2,1024,21.3983
16,32,2,2048,22.4747
16,32,2,4096,27.4137
16,32,2,8192,37.5043
16,32,2,16384,57.6323
16,32,4,16,15.339
16,32,4,32,15.2857
16,32,4,64,15.403
16,32,4,128,17.4083
16,32,4,256,18.731
16,32,4,512,20.5863
16,32,4,1024,22.261
16,32,4,2048,27.819
16,32,4,4096,37.302
16,32,4,8192,56.779
16,32,4,16384,92.3533
16,32,8,16,15.4567
16,32,8,32,15.6053
16,32,8,64,15.4563
16,32,8,128,17.099
16,32,8,256,18.837
16,32,8,512,22.4973
16,32,8,1024,28.4807
16,32,8,2048,40.032
16,32,8,4096,58.422
16,32,8,8192,112.193
16,32,8,16384,196.141
16,32,16,16,15.6583
16,32,16,32,15.659
16,32,16,64,15.841
16,32,16,128,17.195
16,32,16,256,21.2587
16,32,16,512,34.933
16,32,16,1024,48.022
16,32,16,2048,72.086
16,32,16,4096,115.244
16,32,16,8192,199.277
16,32,16,16384,368.89
16,32,32,16,21.259
16,32,32,32,21.2803
16,32,32,64,22.1347
16,32,32,128,27.531
16,32,32,256,34.5827
16,32,32,512,50.6567
16,32,32,1024,75.6703
16,32,32,2048,119.03
16,32,32,4096,202.647
16,32,32,8192,373.433
16,32,32,16384,718.184
16,32,64,16,26.4537
16,32,64,32,26.891
16,32,64,64,27.7553
16,32,64,128,33.9417
16,32,64,256,44.363
16,32,64,512,67.5527
16,32,64,1024,105.239
16,32,64,2048,174.477
16,32,64,4096,314.073
16,32,64,8192,605.874
16,32,64,16384,1193.44
16,32,128,16,37.6537
16,32,128,32,38.433
16,32,128,64,38.9547
16,32,128,128,50.1553
16,32,128,256,65.8987
16,32,128,512,104.183
16,32,128,1024,175.245
16,32,128,2048,304.164
16,32,128,4096,584.744
16,32,128,8192,1138.84
16,32,128,16384,2237.57
16,64,0,0,15.0407
16,64,1,16,14.987
16,64,1,32,14.9763
16,64,1,64,15.062
16,64,1,128,16.481
16,64,1,256,18.1233
16,64,1,512,19.638
16,64,1,1024,20.6617
16,64,1,2048,20.8853
16,64,1,4096,22.7307
16,64,1,8192,28.662
16,64,1,16384,37.8347
16,64,2,16,14.9967
16,64,2,32,15.1147
16,64,2,64,15.1363
16,64,2,128,16.7897
16,64,2,256,18.3473
16,64,2,512,19.67
16,64,2,1024,21.1203
16,64,2,2048,22.0157
16,64,2,4096,27.435
16,64,2,8192,37.0887
16,64,2,16384,57.8353
16,64,4,16,15.4247
16,64,4,32,15.552
16,64,4,64,15.413
16,64,4,128,17.312
16,64,4,256,18.8167
16,64,4,512,21.0027
16,64,4,1024,21.9737
16,64,4,2048,28.1603
16,64,4,4096,37.184
16,64,4,8192,57.7287
16,64,4,16384,92.193
16,64,8,16,15.4883
16,64,8,32,15.4883
16,64,8,64,15.67
16,64,8,128,17.3117
16,64,8,256,18.709
16,64,8,512,22.7417
16,64,8,1024,29.1847
16,64,8,2048,39.1047
16,64,8,4096,57.9213
16,64,8,8192,111.372
16,64,8,16384,196.439
16,64,16,16,15.7653
16,64,16,32,15.6167
16,64,16,64,15.8087
16,64,16,128,17.1203
16,64,16,256,21.3443
16,64,16,512,35.2747
16,64,16,1024,48.0437
16,64,16,2048,72.7903
16,64,16,4096,115.874
16,64,16,8192,199.661
16,64,16,16384,369.402
16,64,32,16,21.1523
16,64,32,32,21.451
16,64,32,64,22.198
16,64,32,128,27.4237
16,64,32,256,34.7317
16,64,32,512,50.3253
16,64,32,1024,76.1073
16,64,32,2048,117.633
16,64,32,4096,202.968
16,64,32,8192,371.726
16,64,32,16384,719.753
16,64,64,16,26.6133
16,64,64,32,26.7523
16,64,64,64,27.9147
16,64,64,128,33.259
16,64,64,256,43.7013
16,64,64,512,67.4463
16,64,64,1024,104.439
16,64,64,2048,174.957
16,64,64,4096,314.99
16,64,64,8192,604.818
16,64,64,16384,1187.71
16,64,128,16,37.7493
16,64,128,32,38.4963
16,64,128,64,39.3393
16,64,128,128,49.4303
16,64,128,256,65.6647
16,64,128,512,104.95
16,64,128,1024,173.954
16,64,128,2048,305.551
16,64,128,4096,585.947
16,64,128,8192,1142.48
16,64,128,16384,2249.49
16,128,0,0,16.9063
16,128,1,16,16.886
16,128,1,32,16.726
16,128,1,64,16.7787
16,128,1,128,16.6933
16,128,1,256,18.1337
16,128,1,512,20.1387
16,128,1,1024,20.438
16,128,1,2048,21.4397
16,128,1,4096,22.251
16,128,1,8192,28.3733
16,128,1,16384,38.2507
16,128,2,16,16.811
16,128,2,32,16.6403
16,128,2,64,16.8533
16,128,2,128,16.79
16,128,2,256,18.368
16,128,2,512,22.1013
16,128,2,1024,20.8
16,128,2,2048,21.974
16,128,2,4096,27.6803
16,128,2,8192,38.144
16,128,2,16384,57.9633
16,128,4,16,16.726
16,128,4,32,16.971
16,128,4,64,16.8533
16,128,4,128,17.2907
16,128,4,256,18.6667
16,128,4,512,24.3093
16,128,4,1024,22.144
16,128,4,2048,28.2883
16,128,4,4096,37.8567
16,128,4,8192,57.6323
16,128,4,16384,91.5103
16,128,8,16,17.0243
16,128,8,32,16.8537
16,128,8,64,16.9923
16,128,8,128,17.3657
16,128,8,256,18.7623
16,128,8,512,23.3173
16,128,8,1024,28.9387
16,128,8,2048,38.8373
16,128,8,4096,58.3257
16,128,8,8192,110.871
16,128,8,16384,196.43
16,128,16,16,16.992
16,128,16,32,17.1093
16,128,16,64,17.3227
16,128,16,128,17.4503
16,128,16,256,21.1203
16,128,16,512,37.1527
16,128,16,1024,48.4593
16,128,16,2048,72.0647
16,128,16,4096,116.865
16,128,16,8192,200.856
16,128,16,16384,370.831
16,128,32,16,21.0667
16,128,32,32,21.7277
16,128,32,64,22.0057
16,128,32,128,27.627
16,128,32,256,33.1527
16,128,32,512,50.9543
16,128,32,1024,77.452
16,128,32,2048,117.602
16,128,32,4096,201.581
16,128,32,8192,374.489
16,128,32,16384,718.686
16,128,64,16,26.6777
16,128,64,32,27.2967
16,128,64,64,27.691
16,128,64,128,33.749
16,128,64,256,42.998
16,128,64,512,69.2803
16,128,64,1024,106.017
16,128,64,2048,173.644
16,128,64,4096,314.926
16,128,64,8192,605.244
16,128,64,16384,1192.79
16,128,128,16,37.7397
16,128,128,32,38.2097
16,128,128,64,38.784
16,128,128,128,50.8703
16,128,128,256,65.0773
16,128,128,512,107.575
16,128,128,1024,174.882
16,128,128,2048,305.87
16,128,128,4096,582.61
16,128,128,8192,1137.22
16,128,128,16384,2246.2
16,256,0,0,18.2833
16,256,1,16,18.6243
16,256,1,32,18.3683
16,256,1,64,18.3577
16,256,1,128,18.4533
16,256,1,256,18.4957
16,256,1,512,22.144
16,256,1,1024,20.6613
16,256,1,2048,21.0033
16,256,1,4096,24.5983
16,256,1,8192,29.1843
16,256,1,16384,38.923
16,256,2,16,18.443
16,256,2,32,18.3047
16,256,2,64,18.5397
16,256,2,128,18.4327
16,256,2,256,18.6027
16,256,2,512,22.528
16,256,2,1024,21.056
16,256,2,2048,24.0753
16,256,2,4096,27.669
16,256,2,8192,37.6537
16,256,2,16384,57.686
16,256,4,16,18.4113
16,256,4,32,18.4007
16,256,4,64,18.3363
16,256,4,128,18.4107
16,256,4,256,18.7843
16,256,4,512,24.2557
16,256,4,1024,23.3497
16,256,4,2048,28.6297
16,256,4,4096,37.717
16,256,4,8192,57.1203
16,256,4,16384,92.9513
16,256,8,16,18.464
16,256,8,32,18.5813
16,256,8,64,18.5387
16,256,8,128,18.6027
16,256,8,256,18.7527
16,256,8,512,24.7577
16,256,8,1024,29.7173
16,256,8,2048,39.3497
16,256,8,4096,59.04
16,256,8,8192,110.497
16,256,8,16384,194.626
16,256,16,16,18.614
16,256,16,32,18.518
16,256,16,64,18.72
16,256,16,128,19.1253
16,256,16,256,20.8963
16,256,16,512,36.2893
16,256,16,1024,48.7787
16,256,16,2048,72.374
16,256,16,4096,114.22
16,256,16,8192,200.846
16,256,16,16384,370.265
16,256,32,16,21.1413
16,256,32,32,21.5577
16,256,32,64,22.4113
16,256,32,128,28.001
16,256,32,256,35.0617
16,256,32,512,50.742
16,256,32,1024,75.6703
16,256,32,2048,118.114
16,256,32,4096,202.093
16,256,32,8192,374.853
16,256,32,16384,720.745
16,256,64,16,26.4433
16,256,64,32,26.8373
16,256,64,64,27.648
16,256,64,128,34.2403
16,256,64,256,44.6723
16,256,64,512,70.22
16,256,64,1024,103.19
16,256,64,2048,174.392
16,256,64,4096,314.18
16,256,64,8192,609.052
16,256,64,16384,1191.48
16,256,128,16,37.7397
16,256,128,32,38.1337
16,256,128,64,39.1687
16,256,128,128,50.1023
16,256,128,256,66.166
16,256,128,512,108.909
16,256,128,1024,173.794
16,256,128,2048,306.425
16,256,128,4096,582.215
16,256,128,8192,1145.88
16,256,128,16384,2235.15
16,512,0,0,23.2423
16,512,1,16,21.9733
16,512,1,32,22.4643
16,512,1,64,22.1013
16,512,1,128,20.693
16,512,1,256,22.1973
16,512,1,512,22.3573
16,512,1,1024,20.417
16,512,1,2048,21.4933
16,512,1,4096,24.6613
16,512,1,8192,29.0133
16,512,1,16384,38.7633
16,512,2,16,22.8267
16,512,2,32,23.041
16,512,2,64,22.2827
16,512,2,128,22.827
16,512,2,256,22.7317
16,512,2,512,22.4427
16,512,2,1024,21.6967
16,512,2,2048,24.8747
16,512,2,4096,30.603
16,512,2,8192,37.7283
16,512,2,16384,58.2517
16,512,4,16,23.595
16,512,4,32,23.2003
16,512,4,64,23.1467
16,512,4,128,23.723
16,512,4,256,23.894
16,512,4,512,25.418
16,512,4,1024,23.7443
16,512,4,2048,29.0773
16,512,4,4096,38.486
16,512,4,8192,58.0917
16,512,4,16384,97.025
16,512,8,16,22.9663
16,512,8,32,23.2437
16,512,8,64,23.7653
16,512,8,128,24.3627
16,512,8,256,23.3493
16,512,8,512,24.9813
16,512,8,1024,32.0007
16,512,8,2048,39.5843
16,512,8,4096,58.1767
16,512,8,8192,111.66
16,512,8,16384,196.76
16,512,16,16,23.318
16,512,16,32,23.4027
16,512,16,64,23.84
16,512,16,128,23.7337
16,512,16,256,26.0697
16,512,16,512,37.237
16,512,16,1024,48.8323
16,512,16,2048,72.1073
16,512,16,4096,115.521
16,512,16,8192,198.989
16,512,16,16384,370.65
16,512,32,16,28.2453
16,512,32,32,27.4247
16,512,32,64,28.9173
16,512,32,128,34.4003
16,512,32,256,40.1603
16,512,32,512,51.0737
16,512,32,1024,75.393
16,512,32,2048,119.489
16,512,32,4096,203.416
16,512,32,8192,373.668
16,512,32,16384,718.174
16,512,64,16,31.67
16,512,64,32,31.8613
16,512,64,64,33.4933
16,512,64,128,39.1257
16,512,64,256,49.3983
16,512,64,512,69.27
16,512,64,1024,104.407
16,512,64,2048,173.475
16,512,64,4096,314.756
16,512,64,8192,606.739
16,512,64,16384,1191.14
16,512,128,16,43.8083
16,512,128,32,44.2453
16,512,128,64,45.686
16,512,128,128,58.07
16,512,128,256,74.817
16,512,128,512,107.511
16,512,128,1024,174.061
16,512,128,2048,307.727
16,512,128,4096,588.605
16,512,128,8192,1138.98
16,512,128,16384,2239.84
16,1024,0,0,22.7947
16,1024,1,16,23.2643
16,1024,1,32,23.2963
16,1024,1,64,22.806
16,1024,1,128,23.3073
16,1024,1,256,23.1793
16,1024,1,512,23.424
16,1024,1,1024,23.019
16,1024,1,2048,24.0853
16,1024,1,4096,25.728
16,1024,1,8192,30.1017
16,1024,1,16384,39.627
16,1024,2,16,23.7443
16,1024,2,32,23.6803
16,1024,2,64,23.7013
16,1024,2,128,23.0507
16,1024,2,256,22.912
16,1024,2,512,23.8617
16,1024,2,1024,24.5653
16,1024,2,2048,25.59
16,1024,2,4096,32.1187
16,1024,2,8192,38.1663
16,1024,2,16384,58.0917
16,1024,4,16,24.1067
16,1024,4,32,23.8293
16,1024,4,64,24.1063
16,1024,4,128,23.7447
16,1024,4,256,24.1387
16,1024,4,512,24.7367
16,1024,4,1024,26.027
16,1024,4,2048,31.2537
16,1024,4,4096,39.072
16,1024,4,8192,58.497
16,1024,4,16384,107.02
16,1024,8,16,23.947
16,1024,8,32,23.659
16,1024,8,64,24.2027
16,1024,8,128,24.1817
16,1024,8,256,24.257
16,1024,8,512,30.9863
16,1024,8,1024,30.5067
16,1024,8,2048,40.6183
16,1024,8,4096,58.817
16,1024,8,8192,111.212
16,1024,8,16384,195.501
16,1024,16,16,23.03
16,1024,16,32,22.944
16,1024,16,64,23.6267
16,1024,16,128,25.024
16,1024,16,256,27.5733
16,1024,16,512,39.147
16,1024,16,1024,51.201
16,1024,16,2048,73.345
16,1024,16,4096,114.626
16,1024,16,8192,199.779
16,1024,16,16384,368.388
16,1024,32,16,28.5763
16,1024,32,32,28.4807
16,1024,32,64,29.2053
16,1024,32,128,33.664
16,1024,32,256,39.7973
16,1024,32,512,53.6427
16,1024,32,1024,76.598
16,1024,32,2048,117.804
16,1024,32,4096,204.109
16,1024,32,8192,372.314
16,1024,32,16384,718.804
16,1024,64,16,31.7017
16,1024,64,32,32.1713
16,1024,64,64,33.5367
16,1024,64,128,40.2037
16,1024,64,256,51.584
16,1024,64,512,69.825
16,1024,64,1024,105.815
16,1024,64,2048,173.591
16,1024,64,4096,314.905
16,1024,64,8192,605.863
16,1024,64,16384,1196.27
16,1024,128,16,44.1813
16,1024,128,32,44.7047
16,1024,128,64,45.728
16,1024,128,128,57.579
16,1024,128,256,75.073
16,1024,128,512,108.897
16,1024,128,1024,175.853
16,1024,128,2048,307.054
16,1024,128,4096,591.89
16,1024,128,8192,1137.77
16,1024,128,16384,2227.2
16,2048,0,0,24.0857
16,2048,1,16,24.2353
16,2048,1,32,24.032
16,2048,1,64,24.0003
16,2048,1,128,24.3413
16,2048,1,256,24.032
16,2048,1,512,24.1817
16,2048,1,1024,24.395
16,2048,1,2048,24.3733
16,2048,1,4096,28.4057
16,2048,1,8192,32.6187
16,2048,1,16384,41.1743
16,2048,2,16,23.9367
16,2048,2,32,24.725
16,2048,2,64,24.554
16,2048,2,128,24.7147
16,2048,2,256,24.5867
16,2048,2,512,24.555
16,2048,2,1024,24.8217
16,2048,2,2048,28.705
16,2048,2,4096,33.259
16,2048,2,8192,42.432
16,2048,2,16384,60.0323
16,2048,4,16,25.323
16,2048,4,32,24.2133
16,2048,4,64,24.5873
16,2048,4,128,25.088
16,2048,4,256,25.0137
16,2048,4,512,25.5257
16,2048,4,1024,28.598
16,2048,4,2048,33.2593
16,2048,4,4096,42.9767
16,2048,4,8192,59.3503
16,2048,4,16384,117.067
16,2048,8,16,24.6937
16,2048,8,32,24.5123
16,2048,8,64,24.8217
16,2048,8,128,25.0357
16,2048,8,256,25.4297
16,2048,8,512,29.2693
16,2048,8,1024,38.9443
16,2048,8,2048,42.6987
16,2048,8,4096,60.0863
16,2048,8,8192,111.457
16,2048,8,16384,192.963
16,2048,16,16,23.9263
16,2048,16,32,24.6933
16,2048,16,64,25.0243
16,2048,16,128,28.47
16,2048,16,256,29.0357
16,2048,16,512,37.408
16,2048,16,1024,50.9663
16,2048,16,2048,73.5153
16,2048,16,4096,116.481
16,2048,16,8192,199.885
16,2048,16,16384,369.135
16,2048,32,16,30.0697
16,2048,32,32,29.4087
16,2048,32,64,31.7547
16,2048,32,128,34.5927
16,2048,32,256,41.3337
16,2048,32,512,54.998
16,2048,32,1024,78.273
16,2048,32,2048,119.799
16,2048,32,4096,201.784
16,2048,32,8192,372.975
16,2048,32,16384,718.932
16,2048,64,16,33.547
16,2048,64,32,34.3797
16,2048,64,64,35.7443
16,2048,64,128,41.2063
16,2048,64,256,52.5553
16,2048,64,512,70.849
16,2048,64,1024,105.452
16,2048,64,2048,175.298
16,2048,64,4096,312.697
16,2048,64,8192,607.709
16,2048,64,16384,1192.9
16,2048,128,16,44.545
16,2048,128,32,45.003
16,2048,128,64,45.8347
16,2048,128,128,57.889
16,2048,128,256,75.062
16,2048,128,512,110.049
16,2048,128,1024,175.725
16,2048,128,2048,307.705
16,2048,128,4096,589.394
16,2048,128,8192,1137.73
16,2048,128,16384,2247.08
16,4096,0,0,26.2077
16,4096,1,16,26.7847
16,4096,1,32,26.347
16,4096,1,64,26.0587
16,4096,1,128,26.5817
16,4096,1,256,26.3043
16,4096,1,512,25.8457
16,4096,1,1024,26.8483
16,4096,1,2048,30.102
16,4096,1,4096,31.2753
16,4096,1,8192,36.4487
16,4096,1,16384,43.6063
16,4096,2,16,26.4747
16,4096,2,32,26.5817
16,4096,2,64,26.8377
16,4096,2,128,26.667
16,4096,2,256,26.6463
16,4096,2,512,26.2937
16,4096,2,1024,30.07
16,4096,2,2048,30.6877
16,4096,2,4096,36.161
16,4096,2,8192,44.5343
16,4096,2,16384,61.814
16,4096,4,16,27.4663
16,4096,4,32,27.4133
16,4096,4,64,27.9257
16,4096,4,128,29.1313
16,4096,4,256,27.947
16,4096,4,512,29.664
16,4096,4,1024,31.8507
16,4096,4,2048,37.5047
16,4096,4,4096,45.452
16,4096,4,8192,62.369
16,4096,4,16384,98.9877
16,4096,8,16,27.1467
16,4096,8,32,27.1473
16,4096,8,64,27.5733
16,4096,8,128,31.8293
16,4096,8,256,30.2507
16,4096,8,512,32.3207
16,4096,8,1024,36.235
16,4096,8,2048,56.7263
16,4096,8,4096,62.4967
16,4096,8,8192,96.525
16,4096,8,16384,197.634
16,4096,16,16,31.478
16,4096,16,32,31.5093
16,4096,16,64,32.1283
16,4096,16,128,29.9307
16,4096,16,256,34.3687
16,4096,16,512,37.4933
16,4096,16,1024,52.2243
16,4096,16,2048,74.0807
16,4096,16,4096,117.324
16,4096,16,8192,200.322
16,4096,16,16384,368.878
16,4096,32,16,29.9727
16,4096,32,32,30.7623
16,4096,32,64,31.7013
16,4096,32,128,36.1923
16,4096,32,256,42.4757
16,4096,32,512,54.795
16,4096,32,1024,78.54
16,4096,32,2048,122.007
16,4096,32,4096,202.467
16,4096,32,8192,372.795
16,4096,32,16384,723.188
16,4096,64,16,36.6833
16,4096,64,32,37.749
16,4096,64,64,38.347
16,4096,64,128,41.163
16,4096,64,256,52.5867
16,4096,64,512,72.1717
16,4096,64,1024,107.991
16,4096,64,2048,175.074
16,4096,64,4096,315.097
16,4096,64,8192,611.688
16,4096,64,16384,1198.77
16,4096,128,16,47.1893
16,4096,128,32,48.384
16,4096,128,64,48.619
16,4096,128,128,59.7877
16,4096,128,256,78.3157
16,4096,128,512,110.807
16,4096,128,1024,177.741
16,4096,128,2048,307.619
16,4096,128,4096,590.589
16,4096,128,8192,1144.86
16,4096,128,16384,2253.84
16,8192,0,0,32.7253
16,8192,1,16,32.7577
16,8192,1,32,32.6193
16,8192,1,64,33.056
16,8192,1,128,33.9307
16,8192,1,256,33.76
16,8192,1,512,34.219
16,8192,1,1024,34.4857
16,8192,1,2048,34.5077
16,8192,1,4096,36.651
16,8192,1,8192,38.7527
16,8192,1,16384,49.0673
16,8192,2,16,33.5793
16,8192,2,32,33.2593
16,8192,2,64,33.58
16,8192,2,128,33.931
16,8192,2,256,35.3497
16,8192,2,512,34.3047
16,8192,2,1024,33.6533
16,8192,2,2048,37.7927
16,8192,2,4096,40.438
16,8192,2,8192,49.91
16,8192,2,16384,69.8253
16,8192,4,16,33.579
16,8192,4,32,34.1547
16,8192,4,64,34.1233
16,8192,4,128,35.243
16,8192,4,256,35.9467
16,8192,4,512,34.8057
16,8192,4,1024,39.4777
16,8192,4,2048,42.1773
16,8192,4,4096,53.695
16,8192,4,8192,68.001
16,8192,4,16384,101.078
16,8192,8,16,33.2377
16,8192,8,32,32.7683
16,8192,8,64,33.483
16,8192,8,128,34.251
16,8192,8,256,36.0323
16,8192,8,512,39.7123
16,8192,8,1024,43.4143
16,8192,8,2048,56.4163
16,8192,8,4096,85.8143
16,8192,8,8192,101.782
16,8192,8,16384,168.823
16,8192,16,16,34.773
16,8192,16,32,34.4
16,8192,16,64,36.7577
16,8192,16,128,38.2307
16,8192,16,256,43.318
16,8192,16,512,45.856
16,8192,16,1024,53.8347
16,8192,16,2048,76.225
16,8192,16,4096,118.124
16,8192,16,8192,201.016
16,8192,16,16384,369.957
16,8192,32,16,39.9683
16,8192,32,32,40.747
16,8192,32,64,41.5907
16,8192,32,128,45.8247
16,8192,32,256,45.5893
16,8192,32,512,58.3477
16,8192,32,1024,80.0763
16,8192,32,2048,121.655
16,8192,32,4096,206.083
16,8192,32,8192,373.828
16,8192,32,16384,716.403
16,8192,64,16,40.363
16,8192,64,32,40.4387
16,8192,64,64,42.7313
16,8192,64,128,48.833
16,8192,64,256,55.724
16,8192,64,512,76.1183
16,8192,64,1024,109.42
16,8192,64,2048,177.751
16,8192,64,4096,315.823
16,8192,64,8192,607.324
16,8192,64,16384,1195.26
16,8192,128,16,50.9243
16,8192,128,32,51.6267
16,8192,128,64,52.9283
16,8192,128,128,66.0487
16,8192,128,256,82.71
16,8192,128,512,115.159
16,8192,128,1024,181.645
16,8192,128,2048,311.983
16,8192,128,4096,591.176
16,8192,128,8192,1146.18
16,8192,128,16384,2249.33
16,16384,0,0,40.3953
16,16384,1,16,41.1103
16,16384,1,32,41.3123
16,16384,1,64,41.526
16,16384,1,128,41.291
16,16384,1,256,41.771
16,16384,1,512,41.8037
16,16384,1,1024,41.472
16,16384,1,2048,43.414
16,16384,1,4096,45.4617
16,16384,1,8192,50.5923
16,16384,1,16384,58.3157
16,16384,2,16,42.1013
16,16384,2,32,41.4293
16,16384,2,64,41.9097
16,16384,2,128,42.2083
16,16384,2,256,42.593
16,16384,2,512,43.5423
16,16384,2,1024,44.567
16,16384,2,2048,47.393
16,16384,2,4096,52.1393
16,16384,2,8192,60.726
16,16384,2,16384,78.4647
16,16384,4,16,42.869
16,16384,4,32,43.595
16,16384,4,64,43.0727
16,16384,4,128,43.4777
16,16384,4,256,43.6693
16,16384,4,512,45.0463
16,16384,4,1024,47.4887
16,16384,4,2048,53.9423
16,16384,4,4096,60.8433
16,16384,4,8192,94.0387
16,16384,4,16384,137.079
16,16384,8,16,44.0113
16,16384,8,32,44.2777
16,16384,8,64,44.7793
16,16384,8,128,44.32
16,16384,8,256,49.846
16,16384,8,512,49.0673
16,16384,8,1024,51.9897
16,16384,8,2048,63.6167
16,16384,8,4096,86.593
16,16384,8,8192,141.858
16,16384,8,16384,179.319
16,16384,16,16,45.174
16,16384,16,32,45.5367
16,16384,16,64,47.4133
16,16384,16,128,46.5287
16,16384,16,256,50.4323
16,16384,16,512,58.241
16,16384,16,1024,65.8563
16,16384,16,2048,81.3027
16,16384,16,4096,118.529
16,16384,16,8192,202.616
16,16384,16,16384,372.122
16,16384,32,16,50.6567
16,16384,32,32,50.4757
16,16384,32,64,51.7553
16,16384,32,128,51.1363
16,16384,32,256,60.577
16,16384,32,512,66.2403
16,16384,32,1024,84.2673
16,16384,32,2048,124.566
16,16384,32,4096,206.264
16,16384,32,8192,374.884
16,16384,32,16384,719.177
16,16384,64,16,50.23
16,16384,64,32,51.4883
16,16384,64,64,52.96
16,16384,64,128,58.5177
16,16384,64,256,69.3667
16,16384,64,512,87.5107
16,16384,64,1024,115.426
16,16384,64,2048,183.213
16,16384,64,4096,322.286
16,16384,64,8192,612.828
16,16384,64,16384,1195.1
16,16384,128,16,61.8997
16,16384,128,32,62.1663
16,16384,128,64,64.3203
16,16384,128,128,73.2593
16,16384,128,256,88.289
16,16384,128,512,126.156
16,16384,128,1024,189.005
16,16384,128,2048,320.985
16,16384,128,4096,604.669
16,16384,128,8192,1152.87
16,16384,128,16384,2258.29
32,0,0,0,15.136
32,0,1,16,15.1997
32,0,1,32,15.2217
32,0,1,64,15.3917
32,0,1,128,16.6507
32,0,1,256,18.155
32,0,1,512,20.043
32,0,1,1024,20.4693
32,0,1,2048,21.174
32,0,1,4096,23.286
32,0,1,8192,28.9917
32,0,1,16384,38.6247
32,0,2,16,15.456
32,0,2,32,15.3387
32,0,2,64,15.3923
32,0,2,128,16.63
32,0,2,256,18.4007
32,0,2,512,20.5867
32,0,2,1024,21.195
32,0,2,2048,22.625
32,0,2,4096,28.139
32,0,2,8192,37.964
32,0,2,16384,59.3923
32,0,4,16,15.5837
32,0,4,32,15.6383
32,0,4,64,15.6273
32,0,4,128,17.2587
32,0,4,256,18.699
32,0,4,512,21.9197
32,0,4,1024,21.931
32,0,4,2048,28.0427
32,0,4,4096,37.4193
32,0,4,8192,57.334
32,0,4,16384,98.1453
32,0,8,16,15.7653
32,0,8,32,15.83
32,0,8,64,15.648
32,0,8,128,17.376
32,0,8,256,18.6243
32,0,8,512,22.2507
32,0,8,1024,29.1843
32,0,8,2048,39.659
32,0,8,4096,58.678
32,0,8,8192,111.831
32,0,8,16384,195.831
32,0,16,16,15.9047
32,0,16,32,15.8393
32,0,16,64,15.979
32,0,16,128,17.248
32,0,16,256,20.5977
32,0,16,512,34.315
32,0,16,1024,47.5207
32,0,16,2048,71.5423
32,0,16,4096,115.404
32,0,16,8192,200.141
32,0,16,16384,368.005
32,0,32,16,21.5253
32,0,32,32,21.43
32,0,32,64,22.2083
32,0,32,128,26.4217
32,0,32,256,34.2297
32,0,32,512,49.1203
32,0,32,1024,73.8243
32,0,32,2048,117.954
32,0,32,4096,201.698
32,0,32,8192,372.292
32,0,32,16384,720.669
32,0,64,16,26.4543
32,0,64,32,26.901
32,0,64,64,27.435
32,0,64,128,33.4833
32,0,64,256,43.2223
32,0,64,512,67.1153
32,0,64,1024,105.164
32,0,64,2048,174.615
32,0,64,4096,313.828
32,0,64,8192,604.786
32,0,64,16384,1189.58
32,0,128,16,37.4297
32,0,128,32,38.433
32,0,128,64,38.7103
32,0,128,128,48.64
32,0,128,256,64.8437
32,0,128,512,104.791
32,0,128,1024,172.877
32,0,128,2048,306.916
32,0,128,4096,585.587
32,0,128,8192,1140.07
32,0,128,16384,2241.41
32,16,0,0,15.1673
32,16,1,16,15.1783
32,16,1,32,15.115
32,16,1,64,15.1467
32,16,1,128,16.5663
32,16,1,256,18.3257
32,16,1,512,20.0643
32,16,1,1024,20.417
32,16,1,2048,21.1417
32,16,1,4096,23.3177
32,16,1,8192,29.2803
32,16,1,16384,38.369
32,16,2,16,15.4137
32,16,2,32,15.3067
32,16,2,64,15.2643
32,16,2,128,16.8643
32,16,2,256,18.2613
32,16,2,512,20.096
32,16,2,1024,21.173
32,16,2,2048,22.7733
32,16,2,4096,27.7553
32,16,2,8192,37.142
32,16,2,16384,58.422
32,16,4,16,15.6373
32,16,4,32,15.7123
32,16,4,64,15.7227
32,16,4,128,17.131
32,16,4,256,18.7627
32,16,4,512,22.8273
32,16,4,1024,22.2827
32,16,4,2048,28.2987
32,16,4,4096,37.622
32,16,4,8192,58.1337
32,16,4,16384,96.7267
32,16,8,16,15.733
32,16,8,32,15.6053
32,16,8,64,15.8403
32,16,8,128,17.4403
32,16,8,256,18.6663
32,16,8,512,22.486
32,16,8,1024,29.259
32,16,8,2048,39.9687
32,16,8,4096,58.2837
32,16,8,8192,112.375
32,16,8,16384,197.058
32,16,16,16,15.7117
32,16,16,32,15.7333
32,16,16,64,15.9893
32,16,16,128,17.0987
32,16,16,256,20.896
32,16,16,512,34.272
32,16,16,1024,47.2533
32,16,16,2048,71.564
32,16,16,4096,115.564
32,16,16,8192,199.373
32,16,16,16384,369.412
32,16,32,16,21.334
32,16,32,32,21.856
32,16,32,64,22.0477
32,16,32,128,26.4533
32,16,32,256,34.0483
32,16,32,512,49.2913
32,16,32,1024,76.5663
32,16,32,2048,117.772
32,16,32,4096,201.176
32,16,32,8192,372.901
32,16,32,16384,719.464
32,16,64,16,26.6027
32,16,64,32,26.8267
32,16,64,64,27.723
32,16,64,128,33.4293
32,16,64,256,43.2967
32,16,64,512,66.4117
32,16,64,1024,104.844
32,16,64,2048,173.218
32,16,64,4096,314.82
32,16,64,8192,605.747
32,16,64,16384,1194.72
32,16,128,16,37.3027
32,16,128,32,38.3147
32,16,128,64,38.976
32,16,128,128,49.7497
32,16,128,256,65.622
32,16,128,512,104.876
32,16,128,1024,174.455
32,16,128,2048,305.742
32,16,128,4096,581.574
32,16,128,8192,1141.65
32,16,128,16384,2247.36
32,32,0,0,15.104
32,32,1,16,15.1037
32,32,1,32,15.2007
32,32,1,64,15.2643
32,32,1,128,16.6293
32,32,1,256,18.187
32,32,1,512,20.267
32,32,1,1024,20.5867
32,32,1,2048,21.291
32,32,1,4096,23.2217
32,32,1,8192,28.9607
32,32,1,16384,38.571
32,32,2,16,15.232
32,32,2,32,15.404
32,32,2,64,15.2323
32,32,2,128,16.768
32,32,2,256,18.3477
32,32,2,512,20.363
32,32,2,1024,21.1417
32,32,2,2048,22.7737
32,32,2,4096,27.691
32,32,2,8192,37.8877
32,32,2,16384,58.475
32,32,4,16,15.616
32,32,4,32,15.648
32,32,4,64,15.7437
32,32,4,128,17.1947
32,32,4,256,18.71
32,32,4,512,22.3253
32,32,4,1024,22.0273
32,32,4,2048,27.9683
32,32,4,4096,37.7707
32,32,4,8192,57.856
32,32,4,16384,97.27
32,32,8,16,15.6587
32,32,8,32,15.7017
32,32,8,64,15.7017
32,32,8,128,17.2803
32,32,8,256,18.4747
32,32,8,512,22.2933
32,32,8,1024,29.2693
32,32,8,2048,39.3817
32,32,8,4096,58.7743
32,32,8,8192,112.705
32,32,8,16384,197.069
32,32,16,16,15.883
32,32,16,32,15.8933
32,32,16,64,16.1603
32,32,16,128,17.354
32,32,16,256,21.1847
32,32,16,512,34.0803
32,32,16,1024,47.735
32,32,16,2048,71.7987
32,32,16,4096,115.852
32,32,16,8192,199.832
32,32,16,16384,368.495
32,32,32,16,21.259
32,32,32,32,21.568
32,32,32,64,22.2403
32,32,32,128,27.072
32,32,32,256,33.6113
32,32,32,512,50.3573
32,32,32,1024,74.3793
32,32,32,2048,118.924
32,32,32,4096,201.602
32,32,32,8192,371.076
32,32,32,16384,719.092
32,32,64,16,26.2293
32,32,64,32,27.1147
32,32,64,64,27.979
32,32,64,128,33.1843
32,32,64,256,42.944
32,32,64,512,67.9683
32,32,64,1024,103.969
32,32,64,2048,173.154
32,32,64,4096,313.252
32,32,64,8192,607.175
32,32,64,16384,1194.46
32,32,128,16,37.4833
32,32,128,32,38.4853
32,32,128,64,39.0183
32,32,128,128,49.004
32,32,128,256,65.9103
32,32,128,512,105.473
32,32,128,1024,173.506
32,32,128,2048,305.306
32,32,128,4096,585.468
32,32,128,8192,1136.26
32,32,128,16384,2249.5
32,64,0,0,15.1583
32,64,1,16,15.275
32,64,1,32,15.3177
32,64,1,64,15.2213
32,64,1,128,16.6513
32,64,1,256,18.3257
32,64,1,512,20.1927
32,64,1,1024,20.7257
32,64,1,2048,21.035
32,64,1,4096,23.6693
32,64,1,8192,28.576
32,64,1,16384,39.03
32,64,2,16,15.3813
32,64,2,32,15.3497
32,64,2,64,15.3603
32,64,2,128,16.747
32,64,2,256,18.4107
32,64,2,512,19.9043
32,64,2,1024,20.704
32,64,2,2048,22.1237
32,64,2,4096,28.2777
32,64,2,8192,37.8563
32,64,2,16384,57.9423
32,64,4,16,15.7127
32,64,4,32,15.723
32,64,4,64,15.8287
32,64,4,128,17.1523
32,64,4,256,18.614
32,64,4,512,22.731
32,64,4,1024,21.6747
32,64,4,2048,28.1287
32,64,4,4096,37.7707
32,64,4,8192,58.412
32,64,4,16384,96.417
32,64,8,16,15.659
32,64,8,32,15.7443
32,64,8,64,15.7657
32,64,8,128,17.0563
32,64,8,256,18.667
32,64,8,512,22.8273
32,64,8,1024,29.1303
32,64,8,2048,39.062
32,64,8,4096,57.7177
32,64,8,8192,113.186
32,64,8,16384,194.871
32,64,16,16,15.7657
32,64,16,32,15.8187
32,64,16,64,15.8827
32,64,16,128,17.195
32,64,16,256,21.2807
32,64,16,512,35.264
32,64,16,1024,46.7743
32,64,16,2048,72.0433
32,64,16,4096,114.807
32,64,16,8192,200.536
32,64,16,16384,369.541
32,64,32,16,21.1847
32,64,32,32,21.6317
32,64,32,64,22.1653
32,64,32,128,26.593
32,64,32,256,34.5817
32,64,32,512,48.6507
32,64,32,1024,75.5953
32,64,32,2048,118.721
32,64,32,4096,201.902
32,64,32,8192,371.225
32,64,32,16384,720.585
32,64,64,16,26.5597
32,64,64,32,27.03
32,64,64,64,27.4887
32,64,64,128,32.7577
32,64,64,256,43.2117
32,64,64,512,68.2673
32,64,64,1024,103.82
32,64,64,2048,174.093
32,64,64,4096,314.404
32,64,64,8192,606.216
32,64,64,16384,1195.61
32,64,128,16,37.547
32,64,128,32,38.4223
32,64,128,64,39.4247
32,64,128,128,48.3633
32,64,128,256,64.8227
32,64,128,512,104.748
32,64,128,1024,174.029
32,64,128,2048,306.063
32,64,128,4096,591.869
32,64,128,8192,1141.02
32,64,128,16384,2242.14
32,128,0,0,16.9603
32,128,1,16,16.8963
32,128,1,32,17.0247
32,128,1,64,16.7687
32,128,1,128,16.907
32,128,1,256,18.3787
32,128,1,512,22.8057
32,128,1,1024,20.726
32,128,1,2048,21.3013
32,128,1,4096,23.7977
32,128,1,8192,28.6933
32,128,1,16384,38.8483
32,128,2,16,16.9713
32,128,2,32,17.046
32,128,2,64,16.8857
32,128,2,128,17.1527
32,128,2,256,18.411
32,128,2,512,23.243
32,128,2,1024,21.462
32,128,2,2048,22.4107
32,128,2,4096,28.075
32,128,2,8192,38.7633
32,128,2,16384,56.3637
32,128,4,16,17.4617
32,128,4,32,17.4087
32,128,4,64,17.3227
32,128,4,128,17.5683
32,128,4,256,18.6137
32,128,4,512,23.8617
32,128,4,1024,22.5387
32,128,4,2048,28.3203
32,128,4,4096,38.4767
32,128,4,8192,57.857
32,128,4,16384,99.4257
32,128,8,16,17.281
32,128,8,32,17.43
32,128,8,64,17.2483
32,128,8,128,17.6107
32,128,8,256,18.752
32,128,8,512,23.5097
32,128,8,1024,28.9923
32,128,8,2048,39.585
32,128,8,4096,58.528
32,128,8,8192,112.141
32,128,8,16384,195.481
32,128,16,16,17.5147
32,128,16,32,17.5683
32,128,16,64,17.846
32,128,16,128,17.4823
32,128,16,256,21.1423
32,128,16,512,36.9297
32,128,16,1024,47.7447
32,128,16,2048,71.3823
32,128,16,4096,115.063
32,128,16,8192,199.874
32,128,16,16384,368.665
32,128,32,16,21.3437
32,128,32,32,21.5253
32,128,32,64,22.229
32,128,32,128,27.3173
32,128,32,256,32.9383
32,128,32,512,50.6033
32,128,32,1024,75.1473
32,128,32,2048,118.167
32,128,32,4096,202.242
32,128,32,8192,373.104
32,128,32,16384,721.119
32,128,64,16,26.6343
32,128,64,32,26.6563
32,128,64,64,27.7337
32,128,64,128,34.0163
32,128,64,256,43.126
32,128,64,512,69.729
32,128,64,1024,105.559
32,128,64,2048,174.85
32,128,64,4096,314.084
32,128,64,8192,605.448
32,128,64,16384,1192.68
32,128,128,16,37.729
32,128,128,32,38.486
32,128,128,64,38.8163
32,128,128,128,49.6757
32,128,128,256,65.0783
32,128,128,512,106.582
32,128,128,1024,173.005
32,128,128,2048,305.722
32,128,128,4096,584.519
32,128,128,8192,1137.67
32,128,128,16384,2241.85
32,256,0,0,18.4433
32,256,1,16,18.528
32,256,1,32,18.667
32,256,1,64,18.5497
32,256,1,128,18.5817
32,256,1,256,18.507
32,256,1,512,22.8587
32,256,1,1024,20.9607
32,256,1,2048,21.9733
32,256,1,4096,23.595
32,256,1,8192,28.6827
32,256,1,16384,39.488
32,256,2,16,18.6347
32,256,2,32,18.6033
32,256,2,64,18.7303
32,256,2,128,18.721
32,256,2,256,18.5927
32,256,2,512,21.878
32,256,2,1024,21.9737
32,256,2,2048,23.9893
32,256,2,4096,28.672
32,256,2,8192,38.8057
32,256,2,16384,58.219
32,256,4,16,18.955
32,256,4,32,18.8587
32,256,4,64,18.9327
32,256,4,128,19.0297
32,256,4,256,18.9863
32,256,4,512,23.9147
32,256,4,1024,24.5227
32,256,4,2048,28.5127
32,256,4,4096,38.4967
32,256,4,8192,58.5603
32,256,4,16384,98.6357
32,256,8,16,18.88
32,256,8,32,18.827
32,256,8,64,19.0397
32,256,8,128,19.009
32,256,8,256,18.955
32,256,8,512,26.0487
32,256,8,1024,29.856
32,256,8,2048,39.8407
32,256,8,4096,60.566
32,256,8,8192,110.135
32,256,8,16384,195.991
32,256,16,16,19.0827
32,256,16,32,19.0617
32,256,16,64,19.094
32,256,16,128,18.8483
32,256,16,256,21.0563
32,256,16,512,35.67
32,256,16,1024,47.5633
32,256,16,2048,71.969
32,256,16,4096,114.657
32,256,16,8192,200.589
32,256,16,16384,367.215
32,256,32,16,21.5573
32,256,32,32,21.4297
32,256,32,64,22.4117
32,256,32,128,27.4887
32,256,32,256,34.3573
32,256,32,512,50.9657
32,256,32,1024,76.2467
32,256,32,2048,118.092
32,256,32,4096,202.946
32,256,32,8192,372.516
32,256,32,16384,722.014
32,256,64,16,26.4217
32,256,64,32,26.5603
32,256,64,64,27.8293
32,256,64,128,33.9097
32,256,64,256,44.406
32,256,64,512,70.038
32,256,64,1024,103.063
32,256,64,2048,173.026
32,256,64,4096,314.521
32,256,64,8192,609.053
32,256,64,16384,1192.77
32,256,128,16,37.697
32,256,128,32,38.091
32,256,128,64,39.328
32,256,128,128,49.5997
32,256,128,256,66.7537
32,256,128,512,107.884
32,256,128,1024,172.578
32,256,128,2048,306.916
32,256,128,4096,585.063
32,256,128,8192,1136.63
32,256,128,16384,2251.1
32,512,0,0,23.328
32,512,1,16,22.8057
32,512,1,32,23.051
32,512,1,64,21.5043
32,512,1,128,23.1893
32,512,1,256,23.8193
32,512,1,512,23.7443
32,512,1,1024,22.0907
32,512,1,2048,24.821
32,512,1,4096,24.192
32,512,1,8192,29.8563
32,512,1,16384,39.3813
32,512,2,16,22.9547
32,512,2,32,22.4857
32,512,2,64,22.9877
32,512,2,128,22.1973
32,512,2,256,23.648
32,512,2,512,24.0107
32,512,2,1024,23.8833
32,512,2,2048,25.3547
32,512,2,4096,30.0903
32,512,2,8192,38.4537
32,512,2,16384,58.1983
32,512,4,16,23.8083
32,512,4,32,22.443
32,512,4,64,22.9337
32,512,4,128,23.8293
32,512,4,256,24.576
32,512,4,512,24.2563
32,512,4,1024,25.4617
32,512,4,2048,29.6427
32,512,4,4096,38.475
32,512,4,8192,58.7317
32,512,4,16384,104.374
32,512,8,16,24.3203
32,512,8,32,24.8327
32,512,8,64,24.9173
32,512,8,128,24.9067
32,512,8,256,24.7153
32,512,8,512,30.9227
32,512,8,1024,30.518
32,512,8,2048,39.5413
32,512,8,4096,58.6777
32,512,8,8192,112.257
32,512,8,16384,196.835
32,512,16,16,23.9893
32,512,16,32,24.5877
32,512,16,64,24.6937
32,512,16,128,25.92
32,512,16,256,28.1813
32,512,16,512,37.846
32,512,16,1024,48.1603
32,512,16,2048,72.001
32,512,16,4096,115.126
32,512,16,8192,200.493
32,512,16,16384,371.492
32,512,32,16,28.0643
32,512,32,32,28.907
32,512,32,64,29.1523
32,512,32,128,33.8673
32,512,32,256,37.9517
32,512,32,512,50.1877
32,512,32,1024,74.2727
32,512,32,2048,118.625
32,512,32,4096,203.171
32,512,32,8192,373.274
32,512,32,16384,718.228
32,512,64,16,32.0223
32,512,64,32,32.4497
32,512,64,64,33.259
32,512,64,128,38.54
32,512,64,256,49.2593
32,512,64,512,69.0357
32,512,64,1024,101.59
32,512,64,2048,172.749
32,512,64,4096,314.66
32,512,64,8192,605.586
32,512,64,16384,1182.45
32,512,128,16,44.405
32,512,128,32,44.6397
32,512,128,64,45.952
32,512,128,128,57.7817
32,512,128,256,75.2437
32,512,128,512,109.463
32,512,128,1024,173.09
32,512,128,2048,307.204
32,512,128,4096,584.87
32,512,128,8192,1139.99
32,512,128,16384,2242.69
32,1024,0,0,24.043
32,1024,1,16,24.3097
32,1024,1,32,24.352
32,1024,1,64,24.545
32,1024,1,128,24.3413
32,1024,1,256,24.4163
32,1024,1,512,24.1387
32,1024,1,1024,24.7467
32,1024,1,2048,25.5467
32,1024,1,4096,24.4267
32,1024,1,8192,29.995
32,1024,1,16384,40.758
32,1024,2,16,24.3093
32,1024,2,32,24.0427
32,1024,2,64,24.2137
32,1024,2,128,24.1173
32,1024,2,256,24.064
32,1024,2,512,24.6933
32,1024,2,1024,24.9603
32,1024,2,2048,27.286
32,1024,2,4096,29.5687
32,1024,2,8192,38.827
32,1024,2,16384,58.635
32,1024,4,16,24.097
32,1024,4,32,24.0853
32,1024,4,64,24.2027
32,1024,4,128,25.067
32,1024,4,256,24.9287
32,1024,4,512,25.1093
32,1024,4,1024,27.9473
32,1024,4,2048,30.0167
32,1024,4,4096,40.3207
32,1024,4,8192,59.2547
32,1024,4,16384,109.868
32,1024,8,16,24.8107
32,1024,8,32,24.8747
32,1024,8,64,25.28
32,1024,8,128,25.3547
32,1024,8,256,25.8667
32,1024,8,512,28.0533
32,1024,8,1024,38.8587
32,1024,8,2048,42.059
32,1024,8,4096,59.2757
32,1024,8,8192,111.789
32,1024,8,16384,197.027
32,1024,16,16,24.7363
32,1024,16,32,25.0133
32,1024,16,64,25.2693
32,1024,16,128,26.6783
32,1024,16,256,29.1737
32,1024,16,512,37.3767
32,1024,16,1024,50.454
32,1024,16,2048,73.8247
32,1024,16,4096,114.689
32,1024,16,8192,199.576
32,1024,16,16384,367.792
32,1024,32,16,28.427
32,1024,32,32,28.523
32,1024,32,64,30.7313
32,1024,32,128,33.5253
32,1024,32,256,38.2723
32,1024,32,512,51.9263
32,1024,32,1024,76.694
32,1024,32,2048,118.263
32,1024,32,4096,202.957
32,1024,32,8192,373.913
32,1024,32,16384,721.054
32,1024,64,16,32.5013
32,1024,64,32,32.716
32,1024,64,64,34.2713
32,1024,64,128,39.7553
32,1024,64,256,48.534
32,1024,64,512,69.3983
32,1024,64,1024,105.868
32,1024,64,2048,172.556
32,1024,64,4096,315.193
32,1024,64,8192,609.138
32,1024,64,16384,1196.43
32,1024,128,16,44.9923
32,1024,128,32,45.4617
32,1024,128,64,46.8373
32,1024,128,128,58.5283
32,1024,128,256,74.9983
32,1024,128,512,108.993
32,1024,128,1024,175.607
32,1024,128,2048,307.78
32,1024,128,4096,587.922
32,1024,128,8192,1137.83
32,1024,128,16384,2235.67
32,2048,0,0,27.0403
32,2048,1,16,26.6027
32,2048,1,32,26.891
32,2048,1,64,26.9437
32,2048,1,128,26.667
32,2048,1,256,26.7847
32,2048,1,512,26.6997
32,2048,1,1024,27.3603
32,2048,1,2048,27.8293
32,2048,1,4096,29.024
32,2048,1,8192,31.3813
32,2048,1,16384,41.2483
32,2048,2,16,26.6133
32,2048,2,32,26.4857
32,2048,2,64,26.4963
32,2048,2,128,26.6243
32,2048,2,256,26.3897
32,2048,2,512,27.3917
32,2048,2,1024,27.0083
32,2048,2,2048,29.0137
32,2048,2,4096,33.6323
32,2048,2,8192,41.2597
32,2048,2,16384,59.7237
32,2048,4,16,26.5493
32,2048,4,32,26.6887
32,2048,4,64,26.5813
32,2048,4,128,27.456
32,2048,4,256,27.2747
32,2048,4,512,27.0403
32,2048,4,1024,29.9203
32,2048,4,2048,36.5757
32,2048,4,4096,41.942
32,2048,4,8192,60.2673
32,2048,4,16384,95.7453
32,2048,8,16,26.9333
32,2048,8,32,27.3707
32,2048,8,64,27.2537
32,2048,8,128,27.841
32,2048,8,256,27.7973
32,2048,8,512,32.1187
32,2048,8,1024,34.3683
32,2048,8,2048,54.3367
32,2048,8,4096,61.824
32,2048,8,8192,94.625
32,2048,8,16384,192.759
32,2048,16,16,29.537
32,2048,16,32,29.7393
32,2048,16,64,30.6453
32,2048,16,128,28.704
32,2048,16,256,32.2463
32,2048,16,512,35.84
32,2048,16,1024,50.6567
32,2048,16,2048,73.9413
32,2048,16,4096,113.388
32,2048,16,8192,197.645
32,2048,16,16384,366.683
32,2048,32,16,28.651
32,2048,32,32,28.6723
32,2048,32,64,29.2907
32,2048,32,128,33.0453
32,2048,32,256,39.5307
32,2048,32,512,53.7503
32,2048,32,1024,77.2483
32,2048,32,2048,118.785
32,2048,32,4096,201.869
32,2048,32,8192,370.821
32,2048,32,16384,717.491
32,2048,64,16,34.2407
32,2048,64,32,34.2507
32,2048,64,64,35.969
32,2048,64,128,41.164
32,2048,64,256,51.4563
32,2048,64,512,70.5713
32,2048,64,1024,104.396
32,2048,64,2048,174.178
32,2048,64,4096,312.569
32,2048,64,8192,606.557
32,2048,64,16384,1193.22
32,2048,128,16,48.427
32,2048,128,32,48.5983
32,2048,128,64,48.736
32,2048,128,128,59.606
32,2048,128,256,77.3443
32,2048,128,512,110.849
32,2048,128,1024,175.149
32,2048,128,2048,308.292
32,2048,128,4096,588.38
32,2048,128,8192,1145.45
32,2048,128,16384,2240.61
32,4096,0,0,30.9127
32,4096,1,16,30.773
32,4096,1,32,30.699
32,4096,1,64,30.7523
32,4096,1,128,30.7947
32,4096,1,256,30.9773
32,4096,1,512,30.678
32,4096,1,1024,31.3383
32,4096,1,2048,31.3387
32,4096,1,4096,32.31
32,4096,1,8192,35.7133
32,4096,1,16384,43.712
32,4096,2,16,30.7093
32,4096,2,32,30.9333
32,4096,2,64,29.7287
32,4096,2,128,30.6873
32,4096,2,256,31.4773
32,4096,2,512,31.0623
32,4096,2,1024,32.353
32,4096,2,2048,33.2163
32,4096,2,4096,35.703
32,4096,2,8192,43.8197
32,4096,2,16384,62.4647
32,4096,4,16,29.9517
32,4096,4,32,30.1127
32,4096,4,64,29.7387
32,4096,4,128,30.6563
32,4096,4,256,31.5203
32,4096,4,512,32.6087
32,4096,4,1024,36.375
32,4096,4,2048,36.886
32,4096,4,4096,58.8373
32,4096,4,8192,62.3687
32,4096,4,16384,99.2653
32,4096,8,16,28.1493
32,4096,8,32,28.8963
32,4096,8,64,28.48
32,4096,8,128,32.907
32,4096,8,256,33.6007
32,4096,8,512,33.3337
32,4096,8,1024,39.2003
32,4096,8,2048,54.5927
32,4096,8,4096,81.9423
32,4096,8,8192,98.2303
32,4096,8,16384,165.368
32,4096,16,16,33.6543
32,4096,16,32,33.0667
32,4096,16,64,34.091
32,4096,16,128,33.43
32,4096,16,256,39.6377
32,4096,16,512,39.8613
32,4096,16,1024,48.9607
32,4096,16,2048,72.5237
32,4096,16,4096,113.814
32,4096,16,8192,195.981
32,4096,16,16384,362.906
32,4096,32,16,38.3147
32,4096,32,32,38.3257
32,4096,32,64,39.4237
32,4096,32,128,36.63
32,4096,32,256,41.2693
32,4096,32,512,53.676
32,4096,32,1024,75.329
32,4096,32,2048,119.938
32,4096,32,4096,200.557
32,4096,32,8192,371.728
32,4096,32,16384,717.534
32,4096,64,16,37.739
32,4096,64,32,38.1553
32,4096,64,64,38.785
32,4096,64,128,44.0327
32,4096,64,256,53.2697
32,4096,64,512,70.326
32,4096,64,1024,106.859
32,4096,64,2048,173.154
32,4096,64,4096,311.193
32,4096,64,8192,604.039
32,4096,64,16384,1193.59
32,4096,128,16,51.009
32,4096,128,32,51.5737
32,4096,128,64,52.373
32,4096,128,128,66.0593
32,4096,128,256,83.8083
32,4096,128,512,112.204
32,4096,128,1024,177.677
32,4096,128,2048,309.497
32,4096,128,4096,587.505
32,4096,128,8192,1145.21
32,4096,128,16384,2252.4
32,8192,0,0,34.0483
32,8192,1,16,35.606
32,8192,1,32,35.8297
32,8192,1,64,35.5203
32,8192,1,128,35.275
32,8192,1,256,35.755
32,8192,1,512,35.691
32,8192,1,1024,35.1367
32,8192,1,2048,36.7787
32,8192,1,4096,37.9417
32,8192,1,8192,41.9093
32,8192,1,16384,50.763
32,8192,2,16,35.8823
32,8192,2,32,35.9257
32,8192,2,64,35.872
32,8192,2,128,35.4877
32,8192,2,256,36.1713
32,8192,2,512,36.416
32,8192,2,1024,38.1123
32,8192,2,2048,38.454
32,8192,2,4096,42.5707
32,8192,2,8192,50.572
32,8192,2,16384,66.8917
32,8192,4,16,35.4143
32,8192,4,32,35.8717
32,8192,4,64,36.0963
32,8192,4,128,36.001
32,8192,4,256,36.1067
32,8192,4,512,39.2007
32,8192,4,1024,39.9577
32,8192,4,2048,44.406
32,8192,4,4096,51.7873
32,8192,4,8192,90.3797
32,8192,4,16384,130.497
32,8192,8,16,36.758
32,8192,8,32,36.6727
32,8192,8,64,37.3337
32,8192,8,128,36.7043
32,8192,8,256,39.3927
32,8192,8,512,42.4213
32,8192,8,1024,44.811
32,8192,8,2048,56.225
32,8192,8,4096,81.4297
32,8192,8,8192,133.356
32,8192,8,16384,171.149
32,8192,16,16,36.182
32,8192,16,32,36.2243
32,8192,16,64,36.9397
32,8192,16,128,39.7233
32,8192,16,256,41.2057
32,8192,16,512,49.1633
32,8192,16,1024,58.6133
32,8192,16,2048,74.497
32,8192,16,4096,114.22
32,8192,16,8192,192.834
32,8192,16,16384,357.551
32,8192,32,16,42.2507
32,8192,32,32,42.7527
32,8192,32,64,42.9977
32,8192,32,128,42.902
32,8192,32,256,52.7687
32,8192,32,512,58.3903
32,8192,32,1024,76.662
32,8192,32,2048,117.474
32,8192,32,4096,199.842
32,8192,32,8192,366.692
32,8192,32,16384,710.046
32,8192,64,16,42.2727
32,8192,64,32,42.8163
32,8192,64,64,43.243
32,8192,64,128,51.0723
32,8192,64,256,61.8783
32,8192,64,512,79.8413
32,8192,64,1024,109.036
32,8192,64,2048,178.424
32,8192,64,4096,310.393
32,8192,64,8192,601.768
32,8192,64,16384,1196.07
32,8192,128,16,57.5367
32,8192,128,32,58.1867
32,8192,128,64,58.8807
32,8192,128,128,69.398
32,8192,128,256,83.799
32,8192,128,512,124.119
32,8192,128,1024,183.895
32,8192,128,2048,313.743
32,8192,128,4096,593.98
32,8192,128,8192,1146.74
32,8192,128,16384,2258.05
32,16384,0,0,45.291
32,16384,1,16,45.867
32,16384,1,32,46.6247
32,16384,1,64,46.2937
32,16384,1,128,47.542
32,16384,1,256,48.139
32,16384,1,512,46.7637
32,16384,1,1024,48.1503
32,16384,1,2048,48.6733
32,16384,1,4096,50.5923
32,16384,1,8192,53.249
32,16384,1,16384,59.8193
32,16384,2,16,46.6883
32,16384,2,32,47.5423
32,16384,2,64,47.894
32,16384,2,128,47.2653
32,16384,2,256,47.8937
32,16384,2,512,47.488
32,16384,2,1024,48.0533
32,16384,2,2048,51.2327
32,16384,2,4096,54.4217
32,16384,2,8192,62.764
32,16384,2,16384,76.374
32,16384,4,16,47.2973
32,16384,4,32,48.2887
32,16384,4,64,47.3183
32,16384,4,128,48.576
32,16384,4,256,48.3957
32,16384,4,512,48.8967
32,16384,4,1024,51.6907
32,16384,4,2048,55.7337
32,16384,4,4096,74.5493
32,16384,4,8192,99.1903
32,16384,4,16384,148.823
32,16384,8,16,49.2267
32,16384,8,32,49.931
32,16384,8,64,50.1653
32,16384,8,128,51.2647
32,16384,8,256,51.414
32,16384,8,512,53.4517
32,16384,8,1024,57.132
32,16384,8,2048,68.5767
32,16384,8,4096,102.913
32,16384,8,8192,131.116
32,16384,8,16384,238.765
32,16384,16,16,50.07
32,16384,16,32,50.8053
32,16384,16,64,51.382
32,16384,16,128,52.971
32,16384,16,256,53.771
32,16384,16,512,57.8783
32,16384,16,1024,71.35
32,16384,16,2048,105.686
32,16384,16,4096,117.058
32,16384,16,8192,196.429
32,16384,16,16384,355.311
32,16384,32,16,50.88
32,16384,32,32,51.2327
32,16384,32,64,52.0643
32,16384,32,128,55.318
32,16384,32,256,64.7687
32,16384,32,512,71.0197
32,16384,32,1024,88.5983
32,16384,32,2048,121.718
32,16384,32,4096,197.165
32,16384,32,8192,364.164
32,16384,32,16384,704.958
32,16384,64,16,54.8813
32,16384,64,32,55.6903
32,16384,64,64,56.4703
32,16384,64,128,63.307
32,16384,64,256,71.1903
32,16384,64,512,86.551
32,16384,64,1024,128.844
32,16384,64,2048,184.12
32,16384,64,4096,327.992
32,16384,64,8192,601.917
32,16384,64,16384,1184.82
32,16384,128,16,69.6013
32,16384,128,32,69.5903
32,16384,128,64,70.8697
32,16384,128,128,80.5663
32,16384,128,256,93.3663
32,16384,128,512,127.383
32,16384,128,1024,197.389
32,16384,128,2048,326.052
32,16384,128,4096,598.375
32,16384,128,8192,1169
32,16384,128,16384,2254.73
64,0,0,0,15.819
64,0,1,16,16.011
64,0,1,32,15.9253
64,0,1,64,16.0003
64,0,1,128,17.1623
64,0,1,256,18.6567
64,0,1,512,20.277
64,0,1,1024,20.651
64,0,1,2048,22.443
64,0,1,4096,27.6267
64,0,1,8192,35.1677
64,0,1,16384,51.201
64,0,2,16,15.8193
64,0,2,32,16.0217
64,0,2,64,15.84
64,0,2,128,17.0143
64,0,2,256,18.6247
64,0,2,512,20.2567
64,0,2,1024,21.088
64,0,2,2048,23.307
64,0,2,4096,29.5153
64,0,2,8192,39.3393
64,0,2,16384,60.545
64,0,4,16,15.9467
64,0,4,32,16.075
64,0,4,64,16.032
64,0,4,128,17.3973
64,0,4,256,18.731
64,0,4,512,21.8677
64,0,4,1024,22.912
64,0,4,2048,28.4057
64,0,4,4096,37.739
64,0,4,8192,58.059
64,0,4,16384,97.6547
64,0,8,16,16.1287
64,0,8,32,16.0533
64,0,8,64,16.2453
64,0,8,128,17.7283
64,0,8,256,18.848
64,0,8,512,24.2347
64,0,8,1024,29.8137
64,0,8,2048,39.542
64,0,8,4096,58.6467
64,0,8,8192,113.303
64,0,8,16384,195.896
64,0,16,16,16.0743
64,0,16,32,16.2133
64,0,16,64,16.1497
64,0,16,128,17.4723
64,0,16,256,21.5783
64,0,16,512,34.1127
64,0,16,1024,47.3283
64,0,16,2048,72.278
64,0,16,4096,116.215
64,0,16,8192,198.883
64,0,16,16384,369.871
64,0,32,16,21.5047
64,0,32,32,21.4937
64,0,32,64,22.262
64,0,32,128,26.4747
64,0,32,256,33.12
64,0,32,512,47.542
64,0,32,1024,74.4123
64,0,32,2048,117.249
64,0,32,4096,202.306
64,0,32,8192,370.394
64,0,32,16384,718.749
64,0,64,16,26.7413
64,0,64,32,27.2107
64,0,64,64,27.7453
64,0,64,128,33.3767
64,0,64,256,42.6987
64,0,64,512,66.763
64,0,64,1024,105.933
64,0,64,2048,175.053
64,0,64,4096,313.881
64,0,64,8192,604.306
64,0,64,16384,1189.03
64,0,128,16,37.675
64,0,128,32,38.5717
64,0,128,64,39.2113
64,0,128,128,48.6733
64,0,128,256,65.3877
64,0,128,512,104.865
64,0,128,1024,172.408
64,0,128,2048,304.729
64,0,128,4096,586.759
64,0,128,8192,1140.58
64,0,128,16384,2245.62
64,16,0,0,15.595
64,16,1,16,16.0963
64,16,1,32,15.9787
64,16,1,64,15.9583
64,16,1,128,17.3337
64,16,1,256,18.4103
64,16,1,512,20.5653
64,16,1,1024,20.6297
64,16,1,2048,22.4317
64,16,1,4096,27.6807
64,16,1,8192,34.7413
64,16,1,16384,51.755
64,16,2,16,15.7117
64,16,2,32,15.8293
64,16,2,64,15.8937
64,16,2,128,16.971
64,16,2,256,18.624
64,16,2,512,20.5127
64,16,2,1024,20.8423
64,16,2,2048,22.944
64,16,2,4096,29.3127
64,16,2,8192,39.724
64,16,2,16384,61.2597
64,16,4,16,15.9683
64,16,4,32,16.0643
64,16,4,64,16.0103
64,16,4,128,17.2693
64,16,4,256,18.7627
64,16,4,512,21.5573
64,16,4,1024,22.849
64,16,4,2048,28.565
64,16,4,4096,37.931
64,16,4,8192,58.0587
64,16,4,16384,98.071
64,16,8,16,16.011
64,16,8,32,16.129
64,16,8,64,16.16
64,16,8,128,17.6003
64,16,8,256,19.0827
64,16,8,512,23.659
64,16,8,1024,29.6003
64,16,8,2048,40.096
64,16,8,4096,59.8087
64,16,8,8192,112.641
64,16,8,16384,196.632
64,16,16,16,16.1493
64,16,16,32,16.331
64,16,16,64,16.2243
64,16,16,128,17.3653
64,16,16,256,21.6327
64,16,16,512,34.5067
64,16,16,1024,46.4533
64,16,16,2048,72.918
64,16,16,4096,115.692
64,16,16,8192,199.095
64,16,16,16384,368.943
64,16,32,16,21.2807
64,16,32,32,21.451
64,16,32,64,22.336
64,16,32,128,26.208
64,16,32,256,33.067
64,16,32,512,47.6917
64,16,32,1024,75.4887
64,16,32,2048,118.092
64,16,32,4096,201.934
64,16,32,8192,370.681
64,16,32,16384,716.254
64,16,64,16,26.87
64,16,64,32,27.1577
64,16,64,64,28.0107
64,16,64,128,33.27
64,16,64,256,42.1337
64,16,64,512,67.638
64,16,64,1024,105.142
64,16,64,2048,176.055
64,16,64,4096,313.913
64,16,64,8192,607.996
64,16,64,16384,1186.07
64,16,128,16,37.558
64,16,128,32,38.283
64,16,128,64,39.7447
64,16,128,128,49.0247
64,16,128,256,64.9507
64,16,128,512,106.422
64,16,128,1024,175.116
64,16,128,2048,305.763
64,16,128,4096,583.559
64,16,128,8192,1143.91
64,16,128,16384,2243.87
64,32,0,0,15.6057
64,32,1,16,15.9253
64,32,1,32,15.829
64,32,1,64,15.926
64,32,1,128,17.1953
64,32,1,256,18.5173
64,32,1,512,19.9467
64,32,1,1024,20.534
64,32,1,2048,22.3683
64,32,1,4096,27.8403
64,32,1,8192,35.104
64,32,1,16384,51.979
64,32,2,16,15.7757
64,32,2,32,15.9467
64,32,2,64,15.8617
64,32,2,128,17.1417
64,32,2,256,18.4753
64,32,2,512,20.278
64,32,2,1024,21.291
64,32,2,2048,23.36
64,32,2,4096,29.5253
64,32,2,8192,38.9553
64,32,2,16384,61.27
64,32,4,16,16
64,32,4,32,15.9887
64,32,4,64,16.0213
64,32,4,128,17.3123
64,32,4,256,18.955
64,32,4,512,21.5257
64,32,4,1024,22.3577
64,32,4,2048,28.3517
64,32,4,4096,38.2083
64,32,4,8192,58.518
64,32,4,16384,97.836
64,32,8,16,16.2777
64,32,8,32,16.1283
64,32,8,64,16.064
64,32,8,128,17.3867
64,32,8,256,18.9763
64,32,8,512,23.265
64,32,8,1024,29.0033
64,32,8,2048,39.7013
64,32,8,4096,59.904
64,32,8,8192,112.279
64,32,8,16384,195.618
64,32,16,16,16.1177
64,32,16,32,16.3837
64,32,16,64,16.2353
64,32,16,128,17.174
64,32,16,256,21.5573
64,32,16,512,34.8267
64,32,16,1024,46.2727
64,32,16,2048,70.4433
64,32,16,4096,114.744
64,32,16,8192,198.584
64,32,16,16384,369.796
64,32,32,16,21.27
64,32,32,32,21.5577
64,32,32,64,22.2503
64,32,32,128,26.4543
64,32,32,256,33.7393
64,32,32,512,46.1023
64,32,32,1024,73.9847
64,32,32,2048,118.391
64,32,32,4096,202.37
64,32,32,8192,371.172
64,32,32,16384,719.294
64,32,64,16,26.881
64,32,64,32,27.1047
64,32,64,64,27.969
64,32,64,128,33.003
64,32,64,256,42.5603
64,32,64,512,67.5843
64,32,64,1024,105.345
64,32,64,2048,175.106
64,32,64,4096,315.3
64,32,64,8192,605.799
64,32,64,16384,1191.83
64,32,128,16,37.7917
64,32,128,32,38.411
64,32,128,64,39.382
64,32,128,128,48.62
64,32,128,256,65.4287
64,32,128,512,106.881
64,32,128,1024,172.919
64,32,128,2048,305.294
64,32,128,4096,583.154
64,32,128,8192,1144.81
64,32,128,16384,2255.4
64,64,0,0,15.6053
64,64,1,16,16.1173
64,64,1,32,16.043
64,64,1,64,16.0217
64,64,1,128,17.067
64,64,1,256,18.6773
64,64,1,512,20.4057
64,64,1,1024,20.448
64,64,1,2048,22.6243
64,64,1,4096,27.702
64,64,1,8192,35.0833
64,64,1,16384,52.5557
64,64,2,16,16.032
64,64,2,32,15.926
64,64,2,64,15.872
64,64,2,128,17.1947
64,64,2,256,18.56
64,64,2,512,20.1173
64,64,2,1024,20.8427
64,64,2,2048,23.2857
64,64,2,4096,29.152
64,64,2,8192,40.3737
64,64,2,16384,61.526
64,64,4,16,16.213
64,64,4,32,16.0327
64,64,4,64,16.1173
64,64,4,128,17.3547
64,64,4,256,18.88
64,64,4,512,21.7283
64,64,4,1024,22.6143
64,64,4,2048,28.5443
64,64,4,4096,38.1763
64,64,4,8192,58.3573
64,64,4,16384,96.9187
64,64,8,16,16.0643
64,64,8,32,16.0743
64,64,8,64,16.2137
64,64,8,128,17.6637
64,64,8,256,19.019
64,64,8,512,23.584
64,64,8,1024,29.653
64,64,8,2048,39.7017
64,64,8,4096,60.2463
64,64,8,8192,112.641
64,64,8,16384,196.152
64,64,16,16,16.3093
64,64,16,32,16.1067
64,64,16,64,16.2773
64,64,16,128,17.408
64,64,16,256,21.419
64,64,16,512,34.3263
64,64,16,1024,46.582
64,64,16,2048,72.257
64,64,16,4096,116.044
64,64,16,8192,199.938
64,64,16,16384,369.316
64,64,32,16,21.707
64,64,32,32,21.7813
64,64,32,64,22.187
64,64,32,128,26.3683
64,64,32,256,32.769
64,64,32,512,48.4063
64,64,32,1024,73.718
64,64,32,2048,116.354
64,64,32,4096,200.375
64,64,32,8192,370.842
64,64,32,16384,718.942
64,64,64,16,26.7843
64,64,64,32,27.3283
64,64,64,64,27.9253
64,64,64,128,33.3127
64,64,64,256,42.2933
64,64,64,512,67.8517
64,64,64,1024,106.412
64,64,64,2048,173.079
64,64,64,4096,314.98
64,64,64,8192,607.463
64,64,64,16384,1190.76
64,64,128,16,37.856
64,64,128,32,38.3373
64,64,128,64,39.307
64,64,128,128,49.067
64,64,128,256,65.217
64,64,128,512,106.358
64,64,128,1024,175.33
64,64,128,2048,304.078
64,64,128,4096,587.548
64,64,128,8192,1140.6
64,64,128,16384,2243.6
64,128,0,0,17.5253
64,128,1,16,17.632
64,128,1,32,17.6963
64,128,1,64,17.7707
64,128,1,128,17.8247
64,128,1,256,18.667
64,128,1,512,23.6277
64,128,1,1024,21.984
64,128,1,2048,23.0397
64,128,1,4096,27.808
64,128,1,8192,34.8373
64,128,1,16384,52.1613
64,128,2,16,17.7067
64,128,2,32,17.685
64,128,2,64,17.6533
64,128,2,128,17.931
64,128,2,256,18.7947
64,128,2,512,24.5123
64,128,2,1024,21.8137
64,128,2,2048,23.2537
64,128,2,4096,29.4197
64,128,2,8192,39.9573
64,128,2,16384,61.3133
64,128,4,16,17.9737
64,128,4,32,17.8457
64,128,4,64,17.7817
64,128,4,128,17.909
64,128,4,256,18.9333
64,128,4,512,21.9097
64,128,4,1024,23.3387
64,128,4,2048,28.715
64,128,4,4096,38.1333
64,128,4,8192,58.977
64,128,4,16384,99.2117
64,128,8,16,17.7387
64,128,8,32,17.824
64,128,8,64,18.0487
64,128,8,128,17.8557
64,128,8,256,18.7313
64,128,8,512,24.0007
64,128,8,1024,29.6107
64,128,8,2048,39.6483
64,128,8,4096,59.808
64,128,8,8192,111.734
64,128,8,16384,194.978
64,128,16,16,17.8763
64,128,16,32,18.1547
64,128,16,64,18.0157
64,128,16,128,17.7387
64,128,16,256,20.7573
64,128,16,512,36.534
64,128,16,1024,47.051
64,128,16,2048,71.318
64,128,16,4096,115.415
64,128,16,8192,199.683
64,128,16,16384,369.903
64,128,32,16,21.4293
64,128,32,32,21.6433
64,128,32,64,22.3043
64,128,32,128,26.9013
64,128,32,256,32.043
64,128,32,512,49.729
64,128,32,1024,75.4573
64,128,32,2048,116.214
64,128,32,4096,202.83
64,128,32,8192,371.151
64,128,32,16384,721.662
64,128,64,16,26.9123
64,128,64,32,27.2747
64,128,64,64,27.8933
64,128,64,128,33.3337
64,128,64,256,42.8697
64,128,64,512,68.9393
64,128,64,1024,105.218
64,128,64,2048,175.17
64,128,64,4096,316.431
64,128,64,8192,607.004
64,128,64,16384,1196.07
64,128,128,16,37.782
64,128,128,32,38.3573
64,128,128,64,39.585
64,128,128,128,50.166
64,128,128,256,65.5577
64,128,128,512,110.274
64,128,128,1024,172.727
64,128,128,2048,305.327
64,128,128,4096,586.172
64,128,128,8192,1141.22
64,128,128,16384,2252.9
64,256,0,0,19.0513
64,256,1,16,19.083
64,256,1,32,19.2217
64,256,1,64,19.1037
64,256,1,128,19.232
64,256,1,256,19.2427
64,256,1,512,24.448
64,256,1,1024,23.4667
64,256,1,2048,23.8503
64,256,1,4096,28.448
64,256,1,8192,34.9023
64,256,1,16384,51.5843
64,256,2,16,18.9227
64,256,2,32,19.0403
64,256,2,64,19.179
64,256,2,128,19.1147
64,256,2,256,19.1677
64,256,2,512,24.32
64,256,2,1024,25.0247
64,256,2,2048,25.0143
64,256,2,4096,29.4513
64,256,2,8192,41.035
64,256,2,16384,61.3557
64,256,4,16,19.3387
64,256,4,32,19.211
64,256,4,64,19.2323
64,256,4,128,19.232
64,256,4,256,19.2643
64,256,4,512,25.952
64,256,4,1024,27.062
64,256,4,2048,29.4613
64,256,4,4096,38.7743
64,256,4,8192,58.507
64,256,4,16384,100.118
64,256,8,16,19.3173
64,256,8,32,19.2427
64,256,8,64,19.2857
64,256,8,128,19.3277
64,256,8,256,19.36
64,256,8,512,24.7677
64,256,8,1024,29.5257
64,256,8,2048,40.0003
64,256,8,4096,58.9027
64,256,8,8192,109.388
64,256,8,16384,195.991
64,256,16,16,19.339
64,256,16,32,19.3183
64,256,16,64,19.392
64,256,16,128,19.1683
64,256,16,256,21.952
64,256,16,512,35.1893
64,256,16,1024,46.7733
64,256,16,2048,71.0517
64,256,16,4096,114.209
64,256,16,8192,198.626
64,256,16,16384,370.895
64,256,32,16,21.3123
64,256,32,32,21.3543
64,256,32,64,22.1653
64,256,32,128,26.8907
64,256,32,256,34.028
64,256,32,512,48.363
64,256,32,1024,72.801
64,256,32,2048,116.343
64,256,32,4096,202.168
64,256,32,8192,369.018
64,256,32,16384,719.657
64,256,64,16,26.9333
64,256,64,32,27.083
64,256,64,64,27.8933
64,256,64,128,33.7293
64,256,64,256,43.691
64,256,64,512,69.2703
64,256,64,1024,103.766
64,256,64,2048,173.431
64,256,64,4096,314.479
64,256,64,8192,607.112
64,256,64,16384,1196.08
64,256,128,16,37.9533
64,256,128,32,38.6777
64,256,128,64,39.4563
64,256,128,128,49.377
64,256,128,256,66.8277
64,256,128,512,107.885
64,256,128,1024,172.471
64,256,128,2048,304.836
64,256,128,4096,586.93
64,256,128,8192,1146.38
64,256,128,16384,2239.13
64,512,0,0,24.086
64,512,1,16,26.177
64,512,1,32,25.9307
64,512,1,64,26.176
64,512,1,128,24.7467
64,512,1,256,25.835
64,512,1,512,26.1447
64,512,1,1024,24.9927
64,512,1,2048,24.7467
64,512,1,4096,28.4803
64,512,1,8192,36.053
64,512,1,16384,51.98
64,512,2,16,26.4747
64,512,2,32,26.7517
64,512,2,64,26.8057
64,512,2,128,26.6887
64,512,2,256,25.12
64,512,2,512,25.1417
64,512,2,1024,25.4297
64,512,2,2048,27.0187
64,512,2,4096,30.5923
64,512,2,8192,39.9153
64,512,2,16384,61.324
64,512,4,16,27.1577
64,512,4,32,27.4023
64,512,4,64,27.478
64,512,4,128,26.6663
64,512,4,256,26.272
64,512,4,512,26.6777
64,512,4,1024,27.5627
64,512,4,2048,30.8377
64,512,4,4096,39.243
64,512,4,8192,58.8383
64,512,4,16384,104.108
64,512,8,16,24.9713
64,512,8,32,24.4593
64,512,8,64,25.0137
64,512,8,128,25.7497
64,512,8,256,25.8883
64,512,8,512,27.7653
64,512,8,1024,38.006
64,512,8,2048,40.2037
64,512,8,4096,58.6457
64,512,8,8192,110.999
64,512,8,16384,196.813
64,512,16,16,25.7173
64,512,16,32,26.0263
64,512,16,64,26.1773
64,512,16,128,26.9973
64,512,16,256,28.7263
64,512,16,512,38.6347
64,512,16,1024,47.8627
64,512,16,2048,71.116
64,512,16,4096,115.297
64,512,16,8192,198.199
64,512,16,16384,368.623
64,512,32,16,28.1927
64,512,32,32,27.8933
64,512,32,64,28.736
64,512,32,128,33.654
64,512,32,256,37.6117
64,512,32,512,49.1527
64,512,32,1024,71.5207
64,512,32,2048,116.033
64,512,32,4096,199.874
64,512,32,8192,370.276
64,512,32,16384,718.398
64,512,64,16,33.8777
64,512,64,32,34.2087
64,512,64,64,34.6993
64,512,64,128,38.2727
64,512,64,256,49.355
64,512,64,512,71.073
64,512,64,1024,102.892
64,512,64,2048,174.007
64,512,64,4096,314.734
64,512,64,8192,607.347
64,512,64,16384,1191.29
64,512,128,16,44.8747
64,512,128,32,45.0993
64,512,128,64,46.347
64,512,128,128,57.7707
64,512,128,256,74.6033
64,512,128,512,108.737
64,512,128,1024,174.359
64,512,128,2048,308.804
64,512,128,4096,585.276
64,512,128,8192,1140.95
64,512,128,16384,2243.84
64,1024,0,0,26.379
64,1024,1,16,26.315
64,1024,1,32,26.1977
64,1024,1,64,25.8987
64,1024,1,128,26.2303
64,1024,1,256,25.653
64,1024,1,512,26.3363
64,1024,1,1024,26.1653
64,1024,1,2048,27.4357
64,1024,1,4096,28.6937
64,1024,1,8192,36.609
64,1024,1,16384,53.131
64,1024,2,16,26.2613
64,1024,2,32,26.9233
64,1024,2,64,25.0453
64,1024,2,128,26.912
64,1024,2,256,26.3473
64,1024,2,512,26.6983
64,1024,2,1024,28.0427
64,1024,2,2048,28.1813
64,1024,2,4096,31.9793
64,1024,2,8192,42.294
64,1024,2,16384,61.5473
64,1024,4,16,27.5093
64,1024,4,32,27.777
64,1024,4,64,27.713
64,1024,4,128,27.9257
64,1024,4,256,27.6907
64,1024,4,512,28.395
64,1024,4,1024,29.9307
64,1024,4,2048,33.419
64,1024,4,4096,40.9817
64,1024,4,8192,59.233
64,1024,4,16384,93.601
64,1024,8,16,26.7207
64,1024,8,32,26.88
64,1024,8,64,26.9123
64,1024,8,128,26.88
64,1024,8,256,28.1933
64,1024,8,512,28.6613
64,1024,8,1024,33.9523
64,1024,8,2048,53.4403
64,1024,8,4096,60.1713
64,1024,8,8192,96.2683
64,1024,8,16384,195.245
64,1024,16,16,27.7867
64,1024,16,32,28.1923
64,1024,16,64,28.0643
64,1024,16,128,28.4703
64,1024,16,256,31.4023
64,1024,16,512,35.371
64,1024,16,1024,48.811
64,1024,16,2048,72.0013
64,1024,16,4096,112.481
64,1024,16,8192,198.21
64,1024,16,16384,367.823
64,1024,32,16,29.0347
64,1024,32,32,29.2903
64,1024,32,64,29.5793
64,1024,32,128,33.4933
64,1024,32,256,39.6797
64,1024,32,512,51.318
64,1024,32,1024,73.7077
64,1024,32,2048,114.882
64,1024,32,4096,200.311
64,1024,32,8192,368.986
64,1024,32,16384,719.742
64,1024,64,16,37.526
64,1024,64,32,37.195
64,1024,64,64,37.2707
64,1024,64,128,40.48
64,1024,64,256,49.9737
64,1024,64,512,68.8433
64,1024,64,1024,105.473
64,1024,64,2048,173.965
64,1024,64,4096,314.692
64,1024,64,8192,602.94
64,1024,64,16384,1195.16
64,1024,128,16,50.5067
64,1024,128,32,50.6567
64,1024,128,64,51.2963
64,1024,128,128,58.3797
64,1024,128,256,75.499
64,1024,128,512,108.481
64,1024,128,1024,175.703
64,1024,128,2048,307
64,1024,128,4096,593.191
64,1024,128,8192,1139.86
64,1024,128,16384,2240.78
64,2048,0,0,29.238
64,2048,1,16,29.355
64,2048,1,32,29.0563
64,2048,1,64,29.408
64,2048,1,128,29.0457
64,2048,1,256,29.6533
64,2048,1,512,29.0883
64,2048,1,1024,29.76
64,2048,1,2048,29.9627
64,2048,1,4096,30.07
64,2048,1,8192,36.907
64,2048,1,16384,54.923
64,2048,2,16,29.867
64,2048,2,32,28.4487
64,2048,2,64,29.7067
64,2048,2,128,29.9947
64,2048,2,256,29.9417
64,2048,2,512,30.5713
64,2048,2,1024,30.539
64,2048,2,2048,34.166
64,2048,2,4096,34.667
64,2048,2,8192,43.6267
64,2048,2,16384,65.3557
64,2048,4,16,30.08
64,2048,4,32,29.995
64,2048,4,64,30.155
64,2048,4,128,30.027
64,2048,4,256,31.1267
64,2048,4,512,32.3307
64,2048,4,1024,32.523
64,2048,4,2048,35.9893
64,2048,4,4096,55.2007
64,2048,4,8192,61.9423
64,2048,4,16384,96.2993
64,2048,8,16,28.1173
64,2048,8,32,27.7653
64,2048,8,64,27.9263
64,2048,8,128,30.9767
64,2048,8,256,31.051
64,2048,8,512,32.512
64,2048,8,1024,36.6507
64,2048,8,2048,52.833
64,2048,8,4096,77.3123
64,2048,8,8192,94.1773
64,2048,8,16384,165.847
64,2048,16,16,30.241
64,2048,16,32,30.4113
64,2048,16,64,31.563
64,2048,16,128,32.1283
64,2048,16,256,37.409
64,2048,16,512,38.411
64,2048,16,1024,48.0543
64,2048,16,2048,71.265
64,2048,16,4096,110.871
64,2048,16,8192,193.624
64,2048,16,16384,364.687
64,2048,32,16,35.9583
64,2048,32,32,36.1173
64,2048,32,64,36.8433
64,2048,32,128,35.297
64,2048,32,256,39.8617
64,2048,32,512,52.31
64,2048,32,1024,73.3877
64,2048,32,2048,113.27
64,2048,32,4096,195.768
64,2048,32,8192,366.575
64,2048,32,16384,713.832
64,2048,64,16,38.305
64,2048,64,32,38.4223
64,2048,64,64,39.6057
64,2048,64,128,45.5793
64,2048,64,256,51.7123
64,2048,64,512,69.302
64,2048,64,1024,104.459
64,2048,64,2048,172.205
64,2048,64,4096,312.824
64,2048,64,8192,604.785
64,2048,64,16384,1187.88
64,2048,128,16,52.1713
64,2048,128,32,52.1927
64,2048,128,64,53.2157
64,2048,128,128,65.7193
64,2048,128,256,82.0597
64,2048,128,512,111.629
64,2048,128,1024,178.156
64,2048,128,2048,309.284
64,2048,128,4096,591.431
64,2048,128,8192,1146.38
64,2048,128,16384,2241.03
64,4096,0,0,34.123
64,4096,1,16,34.6457
64,4096,1,32,33.5687
64,4096,1,64,34.401
64,4096,1,128,34.3897
64,4096,1,256,34.827
64,4096,1,512,34.2717
64,4096,1,1024,34.8693
64,4096,1,2048,34.6883
64,4096,1,4096,35.1893
64,4096,1,8192,38.9023
64,4096,1,16384,55.3283
64,4096,2,16,35.404
64,4096,2,32,35.0407
64,4096,2,64,35.2223
64,4096,2,128,35.3607
64,4096,2,256,35.436
64,4096,2,512,35.1577
64,4096,2,1024,34.8803
64,4096,2,2048,35.8727
64,4096,2,4096,49.494
64,4096,2,8192,47.872
64,4096,2,16384,66.5393
64,4096,4,16,35.6907
64,4096,4,32,35.4883
64,4096,4,64,35.776
64,4096,4,128,35.5307
64,4096,4,256,35.65
64,4096,4,512,35.499
64,4096,4,1024,37.1947
64,4096,4,2048,47.777
64,4096,4,4096,48.8967
64,4096,4,8192,83.18
64,4096,4,16384,99.8517
64,4096,8,16,35.0507
64,4096,8,32,35.3393
64,4096,8,64,35.744
64,4096,8,128,33.9197
64,4096,8,256,36.6293
64,4096,8,512,37.5683
64,4096,8,1024,45.7283
64,4096,8,2048,52.1067
64,4096,8,4096,78.06
64,4096,8,8192,118.519
64,4096,8,16384,166.05
64,4096,16,16,34.4853
64,4096,16,32,34.1127
64,4096,16,64,34.8057
64,4096,16,128,36.7257
64,4096,16,256,37.7823
64,4096,16,512,46.3683
64,4096,16,1024,54.7423
64,4096,16,2048,72.256
64,4096,16,4096,110.764
64,4096,16,8192,189.015
64,4096,16,16384,358.362
64,4096,32,16,39.979
64,4096,32,32,39.8837
64,4096,32,64,40.5027
64,4096,32,128,42.8057
64,4096,32,256,49.526
64,4096,32,512,54.0597
64,4096,32,1024,75.542
64,4096,32,2048,113.953
64,4096,32,4096,187.98
64,4096,32,8192,361.668
64,4096,32,16384,708.296
64,4096,64,16,45.536
64,4096,64,32,45.8993
64,4096,64,64,45.7923
64,4096,64,128,48.673
64,4096,64,256,58.8803
64,4096,64,512,83.6173
64,4096,64,1024,106.807
64,4096,64,2048,173.847
64,4096,64,4096,309.134
64,4096,64,8192,602.695
64,4096,64,16384,1195.53
64,4096,128,16,57.3443
64,4096,128,32,57.6753
64,4096,128,64,57.6117
64,4096,128,128,69.5043
64,4096,128,256,84.428
64,4096,128,512,121.207
64,4096,128,1024,178.199
64,4096,128,2048,310.361
64,4096,128,4096,596.359
64,4096,128,8192,1158.81
64,4096,128,16384,2241.72
64,8192,0,0,43.627
64,8192,1,16,43.424
64,8192,1,32,43.6383
64,8192,1,64,43.638
64,8192,1,128,43.3827
64,8192,1,256,43.392
64,8192,1,512,44.065
64,8192,1,1024,43.4133
64,8192,1,2048,43.371
64,8192,1,4096,43.563
64,8192,1,8192,47.0937
64,8192,1,16384,60.012
64,8192,2,16,44.0647
64,8192,2,32,44.235
64,8192,2,64,43.83
64,8192,2,128,44.2567
64,8192,2,256,44.3097
64,8192,2,512,44.3953
64,8192,2,1024,43.8307
64,8192,2,2048,44.374
64,8192,2,4096,48.79
64,8192,2,8192,78.6993
64,8192,2,16384,95.2437
64,8192,4,16,44.406
64,8192,4,32,44.7363
64,8192,4,64,44.864
64,8192,4,128,44.8113
64,8192,4,256,44.47
64,8192,4,512,44.854
64,8192,4,1024,45.3653
64,8192,4,2048,52.086
64,8192,4,4096,71.2427
64,8192,4,8192,93.516
64,8192,4,16384,132.61
64,8192,8,16,43.7763
64,8192,8,32,44.224
64,8192,8,64,44.2243
64,8192,8,128,44.235
64,8192,8,256,44.4377
64,8192,8,512,44.3843
64,8192,8,1024,53.099
64,8192,8,2048,65.1423
64,8192,8,4096,94.6883
64,8192,8,8192,124.364
64,8192,8,16384,210.519
64,8192,16,16,44.6087
64,8192,16,32,44.4273
64,8192,16,64,43.67
64,8192,16,128,49.217
64,8192,16,256,51.8083
64,8192,16,512,54.774
64,8192,16,1024,66.5607
64,8192,16,2048,97.1747
64,8192,16,4096,113.176
64,8192,16,8192,185.538
64,8192,16,16384,343.13
64,8192,32,16,48.971
64,8192,32,32,48.8853
64,8192,32,64,49.388
64,8192,32,128,50.4327
64,8192,32,256,59.2437
64,8192,32,512,67.457
64,8192,32,1024,80.865
64,8192,32,2048,115.35
64,8192,32,4096,187.458
64,8192,32,8192,345.967
64,8192,32,16384,691.454
64,8192,64,16,53.2483
64,8192,64,32,53.462
64,8192,64,64,52.9607
64,8192,64,128,62.4433
64,8192,64,256,67.8943
64,8192,64,512,81.6117
64,8192,64,1024,123.17
64,8192,64,2048,178.669
64,8192,64,4096,314.18
64,8192,64,8192,592.648
64,8192,64,16384,1181.81
64,8192,128,16,66.8597
64,8192,128,32,67.7873
64,8192,128,64,68.4597
64,8192,128,128,79.9903
64,8192,128,256,92.044
64,8192,128,512,124.449
64,8192,128,1024,193.079
64,8192,128,2048,326.863
64,8192,128,4096,591.441
64,8192,128,8192,1160.6
64,8192,128,16384,2259.05
64,16384,0,0,60.651
64,16384,1,16,61.131
64,16384,1,32,60.9283
64,16384,1,64,61.91
64,16384,1,128,60.8647
64,16384,1,256,61.367
64,16384,1,512,61.7077
64,16384,1,1024,59.4887
64,16384,1,2048,86.5393
64,16384,1,4096,66.23
64,16384,1,8192,67.0087
64,16384,1,16384,104.172
64,16384,2,16,62.113
64,16384,2,32,62.251
64,16384,2,64,61.9957
64,16384,2,128,62.54
64,16384,2,256,62.4003
64,16384,2,512,64.2773
64,16384,2,1024,72.47
64,16384,2,2048,67.211
64,16384,2,4096,68.7157
64,16384,2,8192,104.865
64,16384,2,16384,122.711
64,16384,4,16,62.934
64,16384,4,32,62.977
64,16384,4,64,62.7533
64,16384,4,128,61.2493
64,16384,4,256,60.694
64,16384,4,512,64.961
64,16384,4,1024,68.5123
64,16384,4,2048,69.3983
64,16384,4,4096,80.6517
64,16384,4,8192,111.255
64,16384,4,16384,155.682
64,16384,8,16,64.321
64,16384,8,32,64.171
64,16384,8,64,63.5843
64,16384,8,128,67.2017
64,16384,8,256,69.2057
64,16384,8,512,69.366
64,16384,8,1024,69.1633
64,16384,8,2048,79.7873
64,16384,8,4096,96.3533
64,16384,8,8192,155.341
64,16384,8,16384,213.698
64,16384,16,16,66.006
64,16384,16,32,66.5397
64,16384,16,64,66.038
64,16384,16,128,68.822
64,16384,16,256,69.4937
64,16384,16,512,75.2427
64,16384,16,1024,80.0543
64,16384,16,2048,98.2207
64,16384,16,4096,159.575
64,16384,16,8192,189.314
64,16384,16,16384,335.876
64,16384,32,16,67.2117
64,16384,32,32,66.2613
64,16384,32,64,68.0327
64,16384,32,128,73.4197
64,16384,32,256,77.3337
64,16384,32,512,80.523
64,16384,32,1024,99.617
64,16384,32,2048,136.118
64,16384,32,4096,191.49
64,16384,32,8192,336.324
64,16384,32,16384,675.923
64,16384,64,16,72.2247
64,16384,64,32,73.1957
64,16384,64,64,72.3847
64,16384,64,128,80.0963
64,16384,64,256,85.142
64,16384,64,512,100.47
64,16384,64,1024,123.617
64,16384,64,2048,204.674
64,16384,64,4096,319.193
64,16384,64,8192,601.352
64,16384,64,16384,1170.79
64,16384,128,16,88.2143
64,16384,128,32,88.9187
64,16384,128,64,89.228
64,16384,128,128,97.5157
64,16384,128,256,108.598
64,16384,128,512,139.426
64,16384,128,1024,209.656
64,16384,128,2048,331.268
64,16384,128,4096,628.914
64,16384,128,8192,1154.72
64,16384,128,16384,2275.25
128,0,0,0,16.4047
128,0,1,16,16.288
128,0,1,32,16.4483
128,0,1,64,16.267
128,0,1,128,17.4823
128,0,1,256,18.9333
128,0,1,512,20.886
128,0,1,1024,23.4357
128,0,1,2048,27.447
128,0,1,4096,26.9557
128,0,1,8192,36.107
128,0,1,16384,52.7147
128,0,2,16,16.2987
128,0,2,32,16.32
128,0,2,64,16.3413
128,0,2,128,17.5363
128,0,2,256,18.8907
128,0,2,512,22.4637
128,0,2,1024,24.246
128,0,2,2048,28.9397
128,0,2,4096,30.635
128,0,2,8192,40.278
128,0,2,16384,63.4463
128,0,4,16,16.3733
128,0,4,32,16.384
128,0,4,64,16.3843
128,0,4,128,17.6
128,0,4,256,18.944
128,0,4,512,23.5313
128,0,4,1024,25.8353
128,0,4,2048,30.8273
128,0,4,4096,42.038
128,0,4,8192,63.4257
128,0,4,16384,98.476
128,0,8,16,16.4373
128,0,8,32,16.779
128,0,8,64,16.4587
128,0,8,128,17.9097
128,0,8,256,19.2747
128,0,8,512,30.816
128,0,8,1024,35.7547
128,0,8,2048,45.1633
128,0,8,4096,64.8327
128,0,8,8192,113.047
128,0,8,16384,196.983
128,0,16,16,16.576
128,0,16,32,16.7363
128,0,16,64,16.7157
128,0,16,128,18.1333
128,0,16,256,21.5047
128,0,16,512,35.3183
128,0,16,1024,47.478
128,0,16,2048,74.198
128,0,16,4096,117.613
128,0,16,8192,201.292
128,0,16,16384,371.61
128,0,32,16,22.0057
128,0,32,32,22.3147
128,0,32,64,23.104
128,0,32,128,26.1763
128,0,32,256,31.712
128,0,32,512,48.907
128,0,32,1024,77.1743
128,0,32,2048,118.199
128,0,32,4096,203.928
128,0,32,8192,373.401
128,0,32,16384,722.675
128,0,64,16,26.8693
128,0,64,32,27.414
128,0,64,64,28.2243
128,0,64,128,32.672
128,0,64,256,40.886
128,0,64,512,66.529
128,0,64,1024,107.863
128,0,64,2048,175.362
128,0,64,4096,318.297
128,0,64,8192,610.076
128,0,64,16384,1196.62
128,0,128,16,38.507
128,0,128,32,39.0507
128,0,128,64,40.0427
128,0,128,128,49.825
128,0,128,256,64.9493
128,0,128,512,105.826
128,0,128,1024,174.626
128,0,128,2048,305.497
128,0,128,4096,585.746
128,0,128,8192,1142.55
128,0,128,16384,2244.88
128,16,0,0,17.4403
128,16,1,16,17.43
128,16,1,32,17.3443
128,16,1,64,17.3763
128,16,1,128,17.4077
128,16,1,256,18.923
128,16,1,512,23.3067
128,16,1,1024,24.63
128,16,1,2048,27.1473
128,16,1,4096,27.2753
128,16,1,8192,35.8623
128,16,1,16384,53.2697
128,16,2,16,17.302
128,16,2,32,17.4507
128,16,2,64,17.3543
128,16,2,128,17.5897
128,16,2,256,18.9973
128,16,2,512,22.1327
128,16,2,1024,23.8513
128,16,2,2048,29.003
128,16,2,4096,30.1227
128,16,2,8192,41.7173
128,16,2,16384,62.2413
128,16,4,16,17.5257
128,16,4,32,17.472
128,16,4,64,17.4937
128,16,4,128,17.7063
128,16,4,256,19.019
128,16,4,512,23.5847
128,16,4,1024,25.7393
128,16,4,2048,31.307
128,16,4,4096,42.4963
128,16,4,8192,63.2433
128,16,4,16384,96.4923
128,16,8,16,17.557
128,16,8,32,17.5147
128,16,8,64,17.5687
128,16,8,128,17.9307
128,16,8,256,19.3493
128,16,8,512,27.3493
128,16,8,1024,35.488
128,16,8,2048,45.2487
128,16,8,4096,64.566
128,16,8,8192,113.239
128,16,8,16384,197.304
128,16,16,16,17.4507
128,16,16,32,17.5037
128,16,16,64,17.6857
128,16,16,128,17.9947
128,16,16,256,21.696
128,16,16,512,36.0113
128,16,16,1024,46.497
128,16,16,2048,74.55
128,16,16,4096,115.991
128,16,16,8192,200.696
128,16,16,16384,369.935
128,16,32,16,21.813
128,16,32,32,22.4743
128,16,32,64,22.9977
128,16,32,128,26.027
128,16,32,256,32.7683
128,16,32,512,48.267
128,16,32,1024,76.5557
128,16,32,2048,118.039
128,16,32,4096,201.72
128,16,32,8192,373.882
128,16,32,16384,717.139
128,16,64,16,27.019
128,16,64,32,27.3707
128,16,64,64,28.2353
128,16,64,128,32.6823
128,16,64,256,41.1637
128,16,64,512,67.9047
128,16,64,1024,106.028
128,16,64,2048,175.81
128,16,64,4096,316.228
128,16,64,8192,608.028
128,16,64,16384,1196.41
128,16,128,16,38.465
128,16,128,32,38.9553
128,16,128,64,40.15
128,16,128,128,50.4867
128,16,128,256,65.729
128,16,128,512,105.74
128,16,128,1024,171.799
128,16,128,2048,305.774
128,16,128,4096,585.981
128,16,128,8192,1139.47
128,16,128,16384,2239.47
128,32,0,0,18.027
128,32,1,16,18.0697
128,32,1,32,17.781
128,32,1,64,18.0477
128,32,1,128,17.9307
128,32,1,256,18.8163
128,32,1,512,23.7547
128,32,1,1024,24.8003
128,32,1,2048,27.4137
128,32,1,4096,26.9977
128,32,1,8192,35.9053
128,32,1,16384,52.7153
128,32,2,16,17.8883
128,32,2,32,17.8883
128,32,2,64,18.0053
128,32,2,128,18.0057
128,32,2,256,19.0403
128,32,2,512,22.912
128,32,2,1024,23.6483
128,32,2,2048,29.0347
128,32,2,4096,30.5173
128,32,2,8192,40.501
128,32,2,16384,63.019
128,32,4,16,18.123
128,32,4,32,17.8553
128,32,4,64,17.9093
128,32,4,128,17.8777
128,32,4,256,18.9763
128,32,4,512,23.8933
128,32,4,1024,25.76
128,32,4,2048,31.456
128,32,4,4096,43.0833
128,32,4,8192,63.2003
128,32,4,16384,96.097
128,32,8,16,18.272
128,32,8,32,18.091
128,32,8,64,18.294
128,32,8,128,18.1123
128,32,8,256,19.2857
128,32,8,512,27.317
128,32,8,1024,36.0007
128,32,8,2048,45.409
128,32,8,4096,64.8963
128,32,8,8192,111.745
128,32,8,16384,197.805
128,32,16,16,18.262
128,32,16,32,18.198
128,32,16,64,18.315
128,32,16,128,18.1337
128,32,16,256,21.5683
128,32,16,512,35.7547
128,32,16,1024,46.3687
128,32,16,2048,73.11
128,32,16,4096,116.875
128,32,16,8192,200.856
128,32,16,16384,368.581
128,32,32,16,21.8453
128,32,32,32,22.454
128,32,32,64,23.061
128,32,32,128,26.346
128,32,32,256,31.99
128,32,32,512,49.5583
128,32,32,1024,75.585
128,32,32,2048,117.997
128,32,32,4096,203.874
128,32,32,8192,374.063
128,32,32,16384,718.409
128,32,64,16,27.1787
128,32,64,32,27.254
128,32,64,64,28.3523
128,32,64,128,32.7467
128,32,64,256,41.174
128,32,64,512,67.7987
128,32,64,1024,106.391
128,32,64,2048,176.258
128,32,64,4096,319.45
128,32,64,8192,610.354
128,32,64,16384,1188.29
128,32,128,16,38.667
128,32,128,32,39.1047
128,32,128,64,39.926
128,32,128,128,49.1313
128,32,128,256,66.1017
128,32,128,512,105.26
128,32,128,1024,173.196
128,32,128,2048,306.104
128,32,128,4096,588.69
128,32,128,8192,1135.78
128,32,128,16384,2257.35
128,64,0,0,18.08
128,64,1,16,18.0693
128,64,1,32,18.08
128,64,1,64,18.112
128,64,1,128,18.08
128,64,1,256,18.891
128,64,1,512,23.7013
128,64,1,1024,24.7897
128,64,1,2048,27.5313
128,64,1,4096,26.902
128,64,1,8192,35.669
128,64,1,16384,52.7793
128,64,2,16,18.1123
128,64,2,32,18.0593
128,64,2,64,18.2293
128,64,2,128,18.1547
128,64,2,256,18.9343
128,64,2,512,23.819
128,64,2,1024,24.0857
128,64,2,2048,28.6933
128,64,2,4096,29.9947
128,64,2,8192,41.3127
128,64,2,16384,63.7547
128,64,4,16,18.1227
128,64,4,32,18.144
128,64,4,64,18.3567
128,64,4,128,18.4853
128,64,4,256,19.104
128,64,4,512,24.736
128,64,4,1024,26.752
128,64,4,2048,31.574
128,64,4,4096,41.9317
128,64,4,8192,63.4673
128,64,4,16384,95.3723
128,64,8,16,18.4747
128,64,8,32,18.4963
128,64,8,64,18.4643
128,64,8,128,18.3893
128,64,8,256,19.3817
128,64,8,512,27.3497
128,64,8,1024,35.9053
128,64,8,2048,45.2167
128,64,8,4096,65.1313
128,64,8,8192,113.836
128,64,8,16384,195.363
128,64,16,16,18.3467
128,64,16,32,18.5493
128,64,16,64,18.5493
128,64,16,128,18.3043
128,64,16,256,21.0773
128,64,16,512,36.1387
128,64,16,1024,46.583
128,64,16,2048,73.8033
128,64,16,4096,116.033
128,64,16,8192,200.973
128,64,16,16384,370.607
128,64,32,16,22.1343
128,64,32,32,22.155
128,64,32,64,23.0833
128,64,32,128,26.2297
128,64,32,256,30.9123
128,64,32,512,49.7183
128,64,32,1024,75.105
128,64,32,2048,118.027
128,64,32,4096,203.885
128,64,32,8192,372.794
128,64,32,16384,720.222
128,64,64,16,26.998
128,64,64,32,27.4773
128,64,64,64,28.3093
128,64,64,128,32.768
128,64,64,256,40.8007
128,64,64,512,69.0783
128,64,64,1024,106.273
128,64,64,2048,177.922
128,64,64,4096,317.305
128,64,64,8192,606.066
128,64,64,16384,1195.04
128,64,128,16,38.7523
128,64,128,32,39.1257
128,64,128,64,40.0857
128,64,128,128,49.3877
128,64,128,256,65.6757
128,64,128,512,105.036
128,64,128,1024,172.887
128,64,128,2048,307.62
128,64,128,4096,588.839
128,64,128,8192,1136.04
128,64,128,16384,2253.57
128,128,0,0,18.5383
128,128,1,16,18.2617
128,128,1,32,18.3263
128,128,1,64,18.5163
128,128,1,128,18.315
128,128,1,256,18.9973
128,128,1,512,24.363
128,128,1,1024,24.8533
128,128,1,2048,27.2863
128,128,1,4096,27.5833
128,128,1,8192,36.0537
128,128,1,16384,53.1637
128,128,2,16,18.379
128,128,2,32,18.4857
128,128,2,64,18.3263
128,128,2,128,18.358
128,128,2,256,19.0513
128,128,2,512,24.0013
128,128,2,1024,24.2353
128,128,2,2048,29.1847
128,128,2,4096,30.08
128,128,2,8192,41.3977
128,128,2,16384,63.36
128,128,4,16,18.2833
128,128,4,32,18.336
128,128,4,64,18.4857
128,128,4,128,18.507
128,128,4,256,19.1047
128,128,4,512,24.235
128,128,4,1024,26.4643
128,128,4,2048,32.1283
128,128,4,4096,44.2673
128,128,4,8192,64.2573
128,128,4,16384,100.491
128,128,8,16,18.6137
128,128,8,32,18.4853
128,128,8,64,18.4747
128,128,8,128,18.25
128,128,8,256,19.2743
128,128,8,512,26.9333
128,128,8,1024,37.4303
128,128,8,2048,47.1573
128,128,8,4096,66.2723
128,128,8,8192,112.449
128,128,8,16384,197.091
128,128,16,16,18.763
128,128,16,32,18.8373
128,128,16,64,18.7097
128,128,16,128,18.241
128,128,16,256,21.3227
128,128,16,512,37.131
128,128,16,1024,46.9653
128,128,16,2048,72.6303
128,128,16,4096,114.882
128,128,16,8192,200.183
128,128,16,16384,369.029
128,128,32,16,21.846
128,128,32,32,22.091
128,128,32,64,22.7523
128,128,32,128,27.0407
128,128,32,256,31.8293
128,128,32,512,50.0167
128,128,32,1024,75.169
128,128,32,2048,118.37
128,128,32,4096,203.192
128,128,32,8192,373.402
128,128,32,16384,721.565
128,128,64,16,27.0083
128,128,64,32,27.403
128,128,64,64,28.16
128,128,64,128,33.4307
128,128,64,256,42.4743
128,128,64,512,68.097
128,128,64,1024,104.161
128,128,64,2048,175.778
128,128,64,4096,317.837
128,128,64,8192,608.765
128,128,64,16384,1189.48
128,128,128,16,40.0213
128,128,128,32,40.256
128,128,128,64,40.63
128,128,128,128,50.006
128,128,128,256,67.5423
128,128,128,512,107.479
128,128,128,1024,172.514
128,128,128,2048,305.048
128,128,128,4096,588.935
128,128,128,8192,1143.76
128,128,128,16384,2238.76
128,256,0,0,19.563
128,256,1,16,19.5097
128,256,1,32,19.627
128,256,1,64,19.5417
128,256,1,128,19.7763
128,256,1,256,19.5733
128,256,1,512,26.965
128,256,1,1024,25.387
128,256,1,2048,30.038
128,256,1,4096,27.104
128,256,1,8192,36.2883
128,256,1,16384,52.897
128,256,2,16,19.638
128,256,2,32,19.6483
128,256,2,64,19.6807
128,256,2,128,19.6373
128,256,2,256,19.552
128,256,2,512,26.8053
128,256,2,1024,25.9737
128,256,2,2048,29.7283
128,256,2,4096,29.8353
128,256,2,8192,42.923
128,256,2,16384,62.39
128,256,4,16,19.6373
128,256,4,32,19.723
128,256,4,64,19.7657
128,256,4,128,19.8297
128,256,4,256,19.659
128,256,4,512,27.1363
128,256,4,1024,25.9307
128,256,4,2048,31.788
128,256,4,4096,40.5127
128,256,4,8192,65.291
128,256,4,16384,98.4323
128,256,8,16,19.85
128,256,8,32,19.9257
128,256,8,64,19.8413
128,256,8,128,19.926
128,256,8,256,19.851
128,256,8,512,27.2007
128,256,8,1024,37.3867
128,256,8,2048,47.916
128,256,8,4096,67.0833
128,256,8,8192,111.458
128,256,8,16384,198.988
128,256,16,16,19.979
128,256,16,32,20.0327
128,256,16,64,20.0323
128,256,16,128,19.8083
128,256,16,256,22.198
128,256,16,512,32.512
128,256,16,1024,47.8723
128,256,16,2048,71.5957
128,256,16,4096,115.105
128,256,16,8192,199.777
128,256,16,16384,367.279
128,256,32,16,21.9417
128,256,32,32,21.856
128,256,32,64,22.5817
128,256,32,128,26.944
128,256,32,256,32.8117
128,256,32,512,49.259
128,256,32,1024,74.3793
128,256,32,2048,117.654
128,256,32,4096,199.671
128,256,32,8192,372.207
128,256,32,16384,720.894
128,256,64,16,27.1363
128,256,64,32,27.435
128,256,64,64,28.4477
128,256,64,128,33.2917
128,256,64,256,42.6453
128,256,64,512,68.6943
128,256,64,1024,103.948
128,256,64,2048,172.813
128,256,64,4096,317.562
128,256,64,8192,612.157
128,256,64,16384,1192.25
128,256,128,16,41.131
128,256,128,32,41.1627
128,256,128,64,42.027
128,256,128,128,50.881
128,256,128,256,67.371
128,256,128,512,108.567
128,256,128,1024,172.706
128,256,128,2048,307.63
128,256,128,4096,589.98
128,256,128,8192,1141.68
128,256,128,16384,2251.49
128,512,0,0,25.932
128,512,1,16,27.5627
128,512,1,32,27.7017
128,512,1,64,27.723
128,512,1,128,28.0323
128,512,1,256,27.6163
128,512,1,512,27.6907
128,512,1,1024,26.177
128,512,1,2048,29.8877
128,512,1,4096,28.843
128,512,1,8192,36.0537
128,512,1,16384,54.2303
128,512,2,16,27.8937
128,512,2,32,27.883
128,512,2,64,27.339
128,512,2,128,28.342
128,512,2,256,27.872
128,512,2,512,32.2563
128,512,2,1024,29.0563
128,512,2,2048,30.6883
128,512,2,4096,31.4667
128,512,2,8192,41.0997
128,512,2,16384,63.318
128,512,4,16,27.8937
128,512,4,32,27.9893
128,512,4,64,27.819
128,512,4,128,28.128
128,512,4,256,29.0467
128,512,4,512,28.811
128,512,4,1024,27.8727
128,512,4,2048,31.6483
128,512,4,4096,41.1957
128,512,4,8192,67.7763
128,512,4,16384,96.919
128,512,8,16,31.7333
128,512,8,32,31.2747
128,512,8,64,31.0613
128,512,8,128,29.2917
128,512,8,256,29.7497
128,512,8,512,36.117
128,512,8,1024,33.238
128,512,8,2048,51.8083
128,512,8,4096,68.161
128,512,8,8192,100.438
128,512,8,16384,197.24
128,512,16,16,28.833
128,512,16,32,28.459
128,512,16,64,28.875
128,512,16,128,33.302
128,512,16,256,37.707
128,512,16,512,33.2587
128,512,16,1024,49.1523
128,512,16,2048,70.817
128,512,16,4096,114.786
128,512,16,8192,197.602
128,512,16,16384,367.47
128,512,32,16,32.5653
128,512,32,32,32.299
128,512,32,64,32.8223
128,512,32,128,31.5307
128,512,32,256,38.4427
128,512,32,512,50.1443
128,512,32,1024,71.159
128,512,32,2048,116.322
128,512,32,4096,201.207
128,512,32,8192,370.884
128,512,32,16384,715.261
128,512,64,16,33.9313
128,512,64,32,33.8247
128,512,64,64,34.3577
128,512,64,128,38.9127
128,512,64,256,48.4167
128,512,64,512,70.699
128,512,64,1024,102.326
128,512,64,2048,171.629
128,512,64,4096,318.99
128,512,64,8192,605.437
128,512,64,16384,1187.4
128,512,128,16,50.2517
128,512,128,32,50.6673
128,512,128,64,51.6803
128,512,128,128,61.3443
128,512,128,256,76.4383
128,512,128,512,111.734
128,512,128,1024,173.762
128,512,128,2048,307.513
128,512,128,4096,588.135
128,512,128,8192,1140.57
128,512,128,16384,2245.15
128,1024,0,0,30.304
128,1024,1,16,30.2293
128,1024,1,32,30.5707
128,1024,1,64,30.507
128,1024,1,128,30.304
128,1024,1,256,30.6773
128,1024,1,512,30.3463
128,1024,1,1024,30.5707
128,1024,1,2048,30.4427
128,1024,1,4096,31.776
128,1024,1,8192,38.1657
128,1024,1,16384,56.374
128,1024,2,16,30.806
128,1024,2,32,30.496
128,1024,2,64,30.539
128,1024,2,128,29.5363
128,1024,2,256,30.9547
128,1024,2,512,30.657
128,1024,2,1024,37.3657
128,1024,2,2048,30.8703
128,1024,2,4096,33.035
128,1024,2,8192,55.6693
128,1024,2,16384,63.1263
128,1024,4,16,30.6457
128,1024,4,32,30.5927
128,1024,4,64,30.5387
128,1024,4,128,30.6883
128,1024,4,256,31.2213
128,1024,4,512,37.2587
128,1024,4,1024,31.0833
128,1024,4,2048,33.3873
128,1024,4,4096,52.651
128,1024,4,8192,62.155
128,1024,4,16384,104.513
128,1024,8,16,29.1733
128,1024,8,32,29.3127
128,1024,8,64,29.3123
128,1024,8,128,32.4703
128,1024,8,256,37.4727
128,1024,8,512,32.9393
128,1024,8,1024,45.068
128,1024,8,2048,43.0733
128,1024,8,4096,77.441
128,1024,8,8192,110.039
128,1024,8,16384,174.979
128,1024,16,16,34.3467
128,1024,16,32,34.4963
128,1024,16,64,34.2727
128,1024,16,128,32.2457
128,1024,16,256,37.3767
128,1024,16,512,48.3413
128,1024,16,1024,44.3733
128,1024,16,2048,71.2433
128,1024,16,4096,110.743
128,1024,16,8192,195.095
128,1024,16,16384,363.546
128,1024,32,16,35.798
128,1024,32,32,35.627
128,1024,32,64,36.6087
128,1024,32,128,39.3283
128,1024,32,256,42.7843
128,1024,32,512,50.7953
128,1024,32,1024,72.0337
128,1024,32,2048,113.858
128,1024,32,4096,197.687
128,1024,32,8192,369.71
128,1024,32,16384,719.571
128,1024,64,16,40.9073
128,1024,64,32,41.067
128,1024,64,64,41.9093
128,1024,64,128,46.8907
128,1024,64,256,51.5413
128,1024,64,512,68.8007
128,1024,64,1024,106.337
128,1024,64,2048,171.725
128,1024,64,4096,314.084
128,1024,64,8192,610.77
128,1024,64,16384,1196.18
128,1024,128,16,54.2297
128,1024,128,32,54.689
128,1024,128,64,55.35
128,1024,128,128,64.8117
128,1024,128,256,82.8707
128,1024,128,512,112.108
128,1024,128,1024,179.139
128,1024,128,2048,307.47
128,1024,128,4096,591.175
128,1024,128,8192,1140.22
128,1024,128,16384,2244.11
128,2048,0,0,33.9097
128,2048,1,16,34.5073
128,2048,1,32,34.5927
128,2048,1,64,34.6453
128,2048,1,128,34.6877
128,2048,1,256,34.72
128,2048,1,512,34.5607
128,2048,1,1024,34.4223
128,2048,1,2048,34.5817
128,2048,1,4096,47.893
128,2048,1,8192,54.5073
128,2048,1,16384,57.889
128,2048,2,16,34.9123
128,2048,2,32,35.0513
128,2048,2,64,34.6347
128,2048,2,128,34.891
128,2048,2,256,34.6037
128,2048,2,512,34.6773
128,2048,2,1024,34.8917
128,2048,2,2048,46.902
128,2048,2,4096,49.344
128,2048,2,8192,47.6167
128,2048,2,16384,84.6197
128,2048,4,16,34.7413
128,2048,4,32,34.7417
128,2048,4,64,34.742
128,2048,4,128,34.667
128,2048,4,256,34.8057
128,2048,4,512,34.9337
128,2048,4,1024,44.491
128,2048,4,2048,47.191
128,2048,4,4096,47.9043
128,2048,4,8192,75.926
128,2048,4,16384,97.5267
128,2048,8,16,35.9153
128,2048,8,32,35.9257
128,2048,8,64,35.9893
128,2048,8,128,34.3463
128,2048,8,256,36.1717
128,2048,8,512,46.4433
128,2048,8,1024,40.9607
128,2048,8,2048,63.7017
128,2048,8,4096,75.105
128,2048,8,8192,118.273
128,2048,8,16384,185.069
128,2048,16,16,37.3023
128,2048,16,32,37.3973
128,2048,16,64,38.187
128,2048,16,128,39.659
128,2048,16,256,41.473
128,2048,16,512,48.0003
128,2048,16,1024,67.2547
128,2048,16,2048,73.9633
128,2048,16,4096,109.921
128,2048,16,8192,191.49
128,2048,16,16384,357.636
128,2048,32,16,40.2347
128,2048,32,32,40.3313
128,2048,32,64,40.651
128,2048,32,128,41.8457
128,2048,32,256,48.0747
128,2048,32,512,59.5307
128,2048,32,1024,73.0893
128,2048,32,2048,109.079
128,2048,32,4096,193.026
128,2048,32,8192,363.802
128,2048,32,16384,711.028
128,2048,64,16,47.0627
128,2048,64,32,46.7093
128,2048,64,64,47.0087
128,2048,64,128,49.5043
128,2048,64,256,60.6623
128,2048,64,512,78.187
128,2048,64,1024,106.113
128,2048,64,2048,171.725
128,2048,64,4096,310.778
128,2048,64,8192,611.891
128,2048,64,16384,1202.55
128,2048,128,16,59.969
128,2048,128,32,60.427
128,2048,128,64,61.0773
128,2048,128,128,71.051
128,2048,128,256,83.7243
128,2048,128,512,119.884
128,2048,128,1024,187.725
128,2048,128,2048,309.21
128,2048,128,4096,586.183
128,2048,128,8192,1150.49
128,2048,128,16384,2246.24
128,4096,0,0,44.6197
128,4096,1,16,44.6733
128,4096,1,32,44.747
128,4096,1,64,44.7903
128,4096,1,128,44.5983
128,4096,1,256,44.5013
128,4096,1,512,44.9177
128,4096,1,1024,44.5337
128,4096,1,2048,44.6933
128,4096,1,4096,44.7257
128,4096,1,8192,73.6543
128,4096,1,16384,84.4817
128,4096,2,16,44.81
128,4096,2,32,45.3337
128,4096,2,64,45.0243
128,4096,2,128,44.8537
128,4096,2,256,45.035
128,4096,2,512,44.96
128,4096,2,1024,44.9927
128,4096,2,2048,44.9277
128,4096,2,4096,69.281
128,4096,2,8192,74.6143
128,4096,2,16384,96.8007
128,4096,4,16,45.2597
128,4096,4,32,45.0887
128,4096,4,64,45.558
128,4096,4,128,45.174
128,4096,4,256,45.12
128,4096,4,512,45.2483
128,4096,4,1024,45.2163
128,4096,4,2048,60.47
128,4096,4,4096,71.1047
128,4096,4,8192,94.0913
128,4096,4,16384,120.503
128,4096,8,16,45.7173
128,4096,8,32,45.5367
128,4096,8,64,45.8457
128,4096,8,128,45.6323
128,4096,8,256,45.8993
128,4096,8,512,43.9477
128,4096,8,1024,61.345
128,4096,8,2048,67.489
128,4096,8,4096,97.0037
128,4096,8,8192,111.19
128,4096,8,16384,206.563
128,4096,16,16,45.686
128,4096,16,32,45.3017
128,4096,16,64,45.1947
128,4096,16,128,49.4723
128,4096,16,256,53.6003
128,4096,16,512,58.7413
128,4096,16,1024,68.108
128,4096,16,2048,99.1483
128,4096,16,4096,112.79
128,4096,16,8192,181.88
128,4096,16,16384,347.663
128,4096,32,16,49.611
128,4096,32,32,50.379
128,4096,32,64,50.2833
128,4096,32,128,52.3843
128,4096,32,256,55.1377
128,4096,32,512,64.6403
128,4096,32,1024,86.2833
128,4096,32,2048,115.458
128,4096,32,4096,181.826
128,4096,32,8192,350.553
128,4096,32,16384,697.065
128,4096,64,16,57.067
128,4096,64,32,56.7367
128,4096,64,64,57.164
128,4096,64,128,62.2947
128,4096,64,256,69.2913
128,4096,64,512,82.0377
128,4096,64,1024,122.05
128,4096,64,2048,172.674
128,4096,64,4096,310.158
128,4096,64,8192,603.517
128,4096,64,16384,1182.16
128,4096,128,16,70.433
128,4096,128,32,70.6247
128,4096,128,64,72.0543
128,4096,128,128,80.705
128,4096,128,256,92.705
128,4096,128,512,122.679
128,4096,128,1024,189.453
128,4096,128,2048,330.553
128,4096,128,4096,591.356
128,4096,128,8192,1145.16
128,4096,128,16384,2252.53
128,8192,0,0,85.9317
128,8192,1,16,86.7637
128,8192,1,32,86.5823
128,8192,1,64,86.166
128,8192,1,128,86.8703
128,8192,1,256,86.209
128,8192,1,512,86.3903
128,8192,1,1024,87.3187
128,8192,1,2048,86.817
128,8192,1,4096,66.0067
128,8192,1,8192,66.785
128,8192,1,16384,114.316
128,8192,2,16,87.5317
128,8192,2,32,86.9347
128,8192,2,64,87.414
128,8192,2,128,86.817
128,8192,2,256,86.8817
128,8192,2,512,86.8703
128,8192,2,1024,87.1687
128,8192,2,2048,66.8163
128,8192,2,4096,68.5233
128,8192,2,8192,107.81
128,8192,2,16384,117.43
128,8192,4,16,87.1583
128,8192,4,32,86.9983
128,8192,4,64,87.3713
128,8192,4,128,87.0847
128,8192,4,256,86.8273
128,8192,4,512,87.2113
128,8192,4,1024,67.7023
128,8192,4,2048,68.481
128,8192,4,4096,91.617
128,8192,4,8192,111.329
128,8192,4,16384,155.457
128,8192,8,16,88.033
128,8192,8,32,88.0973
128,8192,8,64,88.001
128,8192,8,128,88.1287
128,8192,8,256,87.425
128,8192,8,512,68.9287
128,8192,8,1024,70.7103
128,8192,8,2048,93.058
128,8192,8,4096,104.321
128,8192,8,8192,154.785
128,8192,8,16384,190.765
128,8192,16,16,87.745
128,8192,16,32,88.0113
128,8192,16,64,88.2353
128,8192,16,128,67.3817
128,8192,16,256,67.6807
128,8192,16,512,74.017
128,8192,16,1024,87.713
128,8192,16,2048,105.9
128,8192,16,4096,156.684
128,8192,16,8192,188.002
128,8192,16,16384,326.703
128,8192,32,16,67.318
128,8192,32,32,67.0833
128,8192,32,64,67.628
128,8192,32,128,72.8973
128,8192,32,256,76.3953
128,8192,32,512,82.081
128,8192,32,1024,100.896
128,8192,32,2048,131.265
128,8192,32,4096,189.837
128,8192,32,8192,326.362
128,8192,32,16384,670.568
128,8192,64,16,72.7363
128,8192,64,32,72.7157
128,8192,64,64,73.6327
128,8192,64,128,80.8437
128,8192,64,256,86.4543
128,8192,64,512,103.585
128,8192,64,1024,127.127
128,8192,64,2048,193.325
128,8192,64,4096,311.791
128,8192,64,8192,591.281
128,8192,64,16384,1189.23
128,8192,128,16,89.0467
128,8192,128,32,88.8543
128,8192,128,64,89.2383
128,8192,128,128,99.0947
128,8192,128,256,109.687
128,8192,128,512,145.804
128,8192,128,1024,202.808
128,8192,128,2048,324.611
128,8192,128,4096,613.308
128,8192,128,8192,1153.94
128,8192,128,16384,2262.1
128,16384,0,0,143.638
128,16384,1,16,144.652
128,16384,1,32,144.375
128,16384,1,64,144.13
128,16384,1,128,144.578
128,16384,1,256,144.834
128,16384,1,512,144.834
128,16384,1,1024,144.524
128,16384,1,2048,145.239
128,16384,1,4096,144.834
128,16384,1,8192,106.306
128,16384,1,16384,108.055
128,16384,2,16,144.567
128,16384,2,32,144.567
128,16384,2,64,144.417
128,16384,2,128,144.865
128,16384,2,256,144.557
128,16384,2,512,144.599
128,16384,2,1024,145.324
128,16384,2,2048,144.321
128,16384,2,4096,106.871
128,16384,2,8192,108.353
128,16384,2,16384,185.239
128,16384,4,16,144.493
128,16384,4,32,144.343
128,16384,4,64,144.673
128,16384,4,128,144.652
128,16384,4,256,144.663
128,16384,4,512,144.908
128,16384,4,1024,144.439
128,16384,4,2048,107.361
128,16384,4,4096,108.15
128,16384,4,8192,149.559
128,16384,4,16384,188.279
128,16384,8,16,144.866
128,16384,8,32,145.217
128,16384,8,64,145.058
128,16384,8,128,145.41
128,16384,8,256,145.346
128,16384,8,512,145.751
128,16384,8,1024,108.694
128,16384,8,2048,109.527
128,16384,8,4096,150.583
128,16384,8,8192,174.306
128,16384,8,16384,270.701
128,16384,16,16,145.603
128,16384,16,32,145.324
128,16384,16,64,146.008
128,16384,16,128,145.601
128,16384,16,256,145.719
128,16384,16,512,108.598
128,16384,16,1024,109.249
128,16384,16,2048,140.78
128,16384,16,4096,175.362
128,16384,16,8192,273.784
128,16384,16,16384,331.162
128,16384,32,16,146.796
128,16384,32,32,146.722
128,16384,32,64,145.421
128,16384,32,128,108.502
128,16384,32,256,109.035
128,16384,32,512,120.215
128,16384,32,1024,131.192
128,16384,32,2048,163.959
128,16384,32,4096,219.086
128,16384,32,8192,332.452
128,16384,32,16384,625.052
128,16384,64,16,106.316
128,16384,64,32,106.945
128,16384,64,64,106.817
128,16384,64,128,114.625
128,16384,64,256,116.545
128,16384,64,512,138.007
128,16384,64,1024,169.687
128,16384,64,2048,208.056
128,16384,64,4096,346.126
128,16384,64,8192,600.06
128,16384,64,16384,1150.81
128,16384,128,16,123.842
128,16384,128,32,124.012
128,16384,128,64,124.311
128,16384,128,128,131.212
128,16384,128,256,151.564
128,16384,128,512,166.305
128,16384,128,1024,223.064
128,16384,128,2048,353.561
128,16384,128,4096,606.951
128,16384,128,8192,1197
128,16384,128,16384,2274.35
256,0,0,0,18.678
256,0,1,16,18.635
256,0,1,32,18.592
256,0,1,64,18.8483
256,0,1,128,18.8157
256,0,1,256,19.381
256,0,1,512,23.296
256,0,1,1024,23.8193
256,0,1,2048,26.08
256,0,1,4096,31.2643
256,0,1,8192,42.336
256,0,1,16384,67.1043
256,0,2,16,18.667
256,0,2,32,18.827
256,0,2,64,18.6567
256,0,2,128,18.827
256,0,2,256,19.3603
256,0,2,512,24.2667
256,0,2,1024,25.3443
256,0,2,2048,27.5413
256,0,2,4096,32.672
256,0,2,8192,46.9877
256,0,2,16384,74.7313
256,0,4,16,18.8483
256,0,4,32,18.8273
256,0,4,64,18.6133
256,0,4,128,18.8163
256,0,4,256,19.787
256,0,4,512,24.7367
256,0,4,1024,26.1873
256,0,4,2048,34.987
256,0,4,4096,44.6947
256,0,4,8192,66.369
256,0,4,16384,102.711
256,0,8,16,18.9873
256,0,8,32,18.784
256,0,8,64,18.784
256,0,8,128,18.8063
256,0,8,256,19.723
256,0,8,512,31.9577
256,0,8,1024,36.8647
256,0,8,2048,44.2673
256,0,8,4096,65.7607
256,0,8,8192,99.862
256,0,8,16384,199.011
256,0,16,16,22.208
256,0,16,32,22.273
256,0,16,64,22.3253
256,0,16,128,24.4053
256,0,16,256,26.1123
256,0,16,512,36.555
256,0,16,1024,48.9177
256,0,16,2048,76.1717
256,0,16,4096,118.22
256,0,16,8192,200.781
256,0,16,16384,375.78
256,0,32,16,22.6877
256,0,32,32,22.6887
256,0,32,64,23.9147
256,0,32,128,25.8993
256,0,32,256,30.305
256,0,32,512,48.9383
256,0,32,1024,76.4167
256,0,32,2048,121.078
256,0,32,4096,203.682
256,0,32,8192,377.903
256,0,32,16384,716.488
256,0,64,16,29.6427
256,0,64,32,29.7707
256,0,64,64,29.9953
256,0,64,128,33.259
256,0,64,256,41.1737
256,0,64,512,69.5157
256,0,64,1024,108.225
256,0,64,2048,178.147
256,0,64,4096,320.537
256,0,64,8192,606.451
256,0,64,16384,1197.53
256,0,128,16,44.5767
256,0,128,32,44.8753
256,0,128,64,44.769
256,0,128,128,54.411
256,0,128,256,71.2967
256,0,128,512,110.337
256,0,128,1024,181.09
256,0,128,2048,309.123
256,0,128,4096,593.223
256,0,128,8192,1144.35
256,0,128,16384,2265.7
256,16,0,0,19.414
256,16,1,16,19.4243
256,16,1,32,19.2643
256,16,1,64,19.4133
256,16,1,128,19.3393
256,16,1,256,19.563
256,16,1,512,23.5203
256,16,1,1024,23.957
256,16,1,2048,25.6537
256,16,1,4096,31.382
256,16,1,8192,42.454
256,16,1,16384,66.9127
256,16,2,16,19.392
256,16,2,32,19.2857
256,16,2,64,19.349
256,16,2,128,19.3067
256,16,2,256,19.3707
256,16,2,512,24.4597
256,16,2,1024,25.3337
256,16,2,2048,27.4997
256,16,2,4096,32.5447
256,16,2,8192,47.0403
256,16,2,16384,75.0193
256,16,4,16,19.425
256,16,4,32,19.3817
256,16,4,64,19.4137
256,16,4,128,19.413
256,16,4,256,19.5947
256,16,4,512,24.9603
256,16,4,1024,25.9947
256,16,4,2048,36.0857
256,16,4,4096,45.4513
256,16,4,8192,66.39
256,16,4,16384,102.87
256,16,8,16,19.6057
256,16,8,32,19.5843
256,16,8,64,19.563
256,16,8,128,19.6057
256,16,8,256,19.6693
256,16,8,512,31.904
256,16,8,1024,36.3413
256,16,8,2048,44.001
256,16,8,4096,66.1663
256,16,8,8192,100.3
256,16,8,16384,198.85
256,16,16,16,21.995
256,16,16,32,22.124
256,16,16,64,22.262
256,16,16,128,24.7043
256,16,16,256,27.5953
256,16,16,512,36.9397
256,16,16,1024,48.3317
256,16,16,2048,74.6783
256,16,16,4096,116.556
256,16,16,8192,201.762
256,16,16,16384,371.6
256,16,32,16,22.5817
256,16,32,32,22.923
256,16,32,64,23.744
256,16,32,128,26.005
256,16,32,256,30.091
256,16,32,512,48.523
256,16,32,1024,78.6997
256,16,32,2048,120.46
256,16,32,4096,203.81
256,16,32,8192,373.775
256,16,32,16384,722.078
256,16,64,16,29.622
256,16,64,32,29.771
256,16,64,64,29.9957
256,16,64,128,33.803
256,16,64,256,41.1097
256,16,64,512,69.3983
256,16,64,1024,110.017
256,16,64,2048,179.064
256,16,64,4096,321.433
256,16,64,8192,610.641
256,16,64,16384,1195.58
256,16,128,16,44.6197
256,16,128,32,44.6937
256,16,128,64,44.9387
256,16,128,128,55.286
256,16,128,256,71.5733
256,16,128,512,109.1
256,16,128,1024,177.922
256,16,128,2048,309.71
256,16,128,4096,587.836
256,16,128,8192,1143.8
256,16,128,16384,2252.28
256,32,0,0,20.064
256,32,1,16,19.9893
256,32,1,32,19.915
256,32,1,64,20
256,32,1,128,20.0647
256,32,1,256,20.0637
256,32,1,512,24.2667
256,32,1,1024,24.5227
256,32,1,2048,25.8557
256,32,1,4096,31.222
256,32,1,8192,42.465
256,32,1,16384,66.369
256,32,2,16,20.0427
256,32,2,32,20.0323
256,32,2,64,19.9577
256,32,2,128,20.0007
256,32,2,256,20.085
256,32,2,512,25.11
256,32,2,1024,25.5573
256,32,2,2048,27.531
256,32,2,4096,32.587
256,32,2,8192,47.4777
256,32,2,16384,74.0497
256,32,4,16,20.1273
256,32,4,32,20.1707
256,32,4,64,20.1173
256,32,4,128,20.192
256,32,4,256,20.1497
256,32,4,512,25.4937
256,32,4,1024,25.8357
256,32,4,2048,35.488
256,32,4,4096,45.4833
256,32,4,8192,66.5287
256,32,4,16384,101.655
256,32,8,16,19.8937
256,32,8,32,20.2563
256,32,8,64,20.096
256,32,8,128,20.0537
256,32,8,256,20.1607
256,32,8,512,31.8933
256,32,8,1024,36.31
256,32,8,2048,44.001
256,32,8,4096,65.856
256,32,8,8192,101.078
256,32,8,16384,201.549
256,32,16,16,21.995
256,32,16,32,22.517
256,32,16,64,22.368
256,32,16,128,24.181
256,32,16,256,26.9017
256,32,16,512,37.1953
256,32,16,1024,49.195
256,32,16,2048,74.0813
256,32,16,4096,117.196
256,32,16,8192,204.345
256,32,16,16384,372.624
256,32,32,16,24.2677
256,32,32,32,24.4903
256,32,32,64,24.341
256,32,32,128,26.3253
256,32,32,256,30.2303
256,32,32,512,49.025
256,32,32,1024,77.0787
256,32,32,2048,120.269
256,32,32,4096,205.602
256,32,32,8192,373.114
256,32,32,16384,719.956
256,32,64,16,29.8887
256,32,64,32,29.8993
256,32,64,64,30.0803
256,32,64,128,33.409
256,32,64,256,41.878
256,32,64,512,69.697
256,32,64,1024,108.962
256,32,64,2048,176.599
256,32,64,4096,320.729
256,32,64,8192,613.586
256,32,64,16384,1198.36
256,32,128,16,44.7583
256,32,128,32,44.971
256,32,128,64,45.3337
256,32,128,128,54.6347
256,32,128,256,71.7553
256,32,128,512,109.665
256,32,128,1024,178.808
256,32,128,2048,310.308
256,32,128,4096,592.615
256,32,128,8192,1149.68
256,32,128,16384,2253.1
256,64,0,0,19.83
256,64,1,16,19.7653
256,64,1,32,20.1173
256,64,1,64,19.968
256,64,1,128,19.894
256,64,1,256,20.021
256,64,1,512,24.3307
256,64,1,1024,24.8003
256,64,1,2048,25.9097
256,64,1,4096,31.115
256,64,1,8192,42.2407
256,64,1,16384,66.6027
256,64,2,16,19.8183
256,64,2,32,19.968
256,64,2,64,20.1073
256,64,2,128,19.9577
256,64,2,256,20.075
256,64,2,512,25.3547
256,64,2,1024,25.6853
256,64,2,2048,27.0187
256,64,2,4096,32.8963
256,64,2,8192,47.435
256,64,2,16384,74.177
256,64,4,16,20.054
256,64,4,32,20.011
256,64,4,64,20.0533
256,64,4,128,19.9577
256,64,4,256,20.0963
256,64,4,512,25.4083
256,64,4,1024,25.8667
256,64,4,2048,35.68
256,64,4,4096,44.96
256,64,4,8192,66.1657
256,64,4,16384,102.508
256,64,8,16,19.9577
256,64,8,32,19.9793
256,64,8,64,20.139
256,64,8,128,20.107
256,64,8,256,20.1287
256,64,8,512,31.7227
256,64,8,1024,37.0243
256,64,8,2048,44.897
256,64,8,4096,66.5073
256,64,8,8192,100.695
256,64,8,16384,198.701
256,64,16,16,22.1653
256,64,16,32,22.1767
256,64,16,64,22.7523
256,64,16,128,24.4057
256,64,16,256,26.699
256,64,16,512,36.0537
256,64,16,1024,47.595
256,64,16,2048,74.3053
256,64,16,4096,118.092
256,64,16,8192,204.045
256,64,16,16384,372.122
256,64,32,16,24.5017
256,64,32,32,24.757
256,64,32,64,24.811
256,64,32,128,26.134
256,64,32,256,30.465
256,64,32,512,49.0243
256,64,32,1024,76.2893
256,64,32,2048,119.543
256,64,32,4096,202.829
256,64,32,8192,376.176
256,64,32,16384,723.155
256,64,64,16,29.7067
256,64,64,32,30.0163
256,64,64,64,30.3577
256,64,64,128,33.814
256,64,64,256,41.6963
256,64,64,512,70.7637
256,64,64,1024,106.828
256,64,64,2048,178.733
256,64,64,4096,320.506
256,64,64,8192,613.448
256,64,64,16384,1198.14
256,64,128,16,44.9387
256,64,128,32,44.9077
256,64,128,64,45.643
256,64,128,128,54.539
256,64,128,256,72.119
256,64,128,512,109.676
256,64,128,1024,176.717
256,64,128,2048,309.689
256,64,128,4096,593.383
256,64,128,8192,1145.53
256,64,128,16384,2251.4
256,128,0,0,19.9683
256,128,1,16,20.1497
256,128,1,32,20.0217
256,128,1,64,20.0003
256,128,1,128,19.8297
256,128,1,256,19.851
256,128,1,512,24.6403
256,128,1,1024,24.8107
256,128,1,2048,25.7497
256,128,1,4096,30.9017
256,128,1,8192,42.614
256,128,1,16384,66.8277
256,128,2,16,19.893
256,128,2,32,20.15
256,128,2,64,20.0423
256,128,2,128,20.139
256,128,2,256,20
256,128,2,512,25.7813
256,128,2,1024,26.0163
256,128,2,2048,27.2643
256,128,2,4096,33.0143
256,128,2,8192,47.5947
256,128,2,16384,75.8087
256,128,4,16,19.9683
256,128,4,32,20.0967
256,128,4,64,20.0853
256,128,4,128,20.203
256,128,4,256,20.021
256,128,4,512,26.2187
256,128,4,1024,25.6853
256,128,4,2048,37.771
256,128,4,4096,46.678
256,128,4,8192,68.0437
256,128,4,16384,103.734
256,128,8,16,19.9467
256,128,8,32,20.0327
256,128,8,64,20.171
256,128,8,128,20.1287
256,128,8,256,20.0643
256,128,8,512,33.8563
256,128,8,1024,38.539
256,128,8,2048,44.7157
256,128,8,4096,65.9423
256,128,8,8192,100.694
256,128,8,16384,202.243
256,128,16,16,22.0693
256,128,16,32,22.2727
256,128,16,64,22.3157
256,128,16,128,25.7083
256,128,16,256,28.864
256,128,16,512,38.497
256,128,16,1024,47.99
256,128,16,2048,73.174
256,128,16,4096,117.634
256,128,16,8192,202.328
256,128,16,16384,374.715
256,128,32,16,24.6937
256,128,32,32,24.6517
256,128,32,64,24.7143
256,128,32,128,27.0617
256,128,32,256,30.8803
256,128,32,512,49.419
256,128,32,1024,74.4323
256,128,32,2048,119.052
256,128,32,4096,202.713
256,128,32,8192,374.459
256,128,32,16384,721.022
256,128,64,16,31.1257
256,128,64,32,31.1263
256,128,64,64,31.584
256,128,64,128,35.531
256,128,64,256,43.062
256,128,64,512,71.361
256,128,64,1024,105.153
256,128,64,2048,176.248
256,128,64,4096,320.089
256,128,64,8192,609.981
256,128,64,16384,1197.69
256,128,128,16,44.597
256,128,128,32,44.8217
256,128,128,64,45.4083
256,128,128,128,56.8223
256,128,128,256,74.6353
256,128,128,512,113.868
256,128,128,1024,177.72
256,128,128,2048,308.867
256,128,128,4096,592.947
256,128,128,8192,1151.08
256,128,128,16384,2246.55
256,256,0,0,21.568
256,256,1,16,21.75
256,256,1,32,21.578
256,256,1,64,21.5477
256,256,1,128,21.6323
256,256,1,256,21.6427
256,256,1,512,37.3767
256,256,1,1024,38.432
256,256,1,2048,27.126
256,256,1,4096,31.3287
256,256,1,8192,42.4647
256,256,1,16384,67.1377
256,256,2,16,21.6643
256,256,2,32,21.675
256,256,2,64,21.7067
256,256,2,128,21.4503
256,256,2,256,21.5363
256,256,2,512,39.4997
256,256,2,1024,27.7873
256,256,2,2048,27.9153
256,256,2,4096,33.003
256,256,2,8192,48.2673
256,256,2,16384,74.8377
256,256,4,16,21.7283
256,256,4,32,21.7923
256,256,4,64,21.5687
256,256,4,128,21.7813
256,256,4,256,21.6007
256,256,4,512,28.4697
256,256,4,1024,28.6193
256,256,4,2048,31.8187
256,256,4,4096,47.1263
256,256,4,8192,68.4387
256,256,4,16384,103.5
256,256,8,16,21.557
256,256,8,32,21.5253
256,256,8,64,21.9413
256,256,8,128,21.6103
256,256,8,256,21.8347
256,256,8,512,28.4693
256,256,8,1024,39.8937
256,256,8,2048,45.952
256,256,8,4096,66.6567
256,256,8,8192,101.505
256,256,8,16384,169.4
256,256,16,16,22.219
256,256,16,32,22.038
256,256,16,64,22.2513
256,256,16,128,25.5147
256,256,16,256,29.5577
256,256,16,512,40.3843
256,256,16,1024,51.883
256,256,16,2048,71.563
256,256,16,4096,116.524
256,256,16,8192,199.458
256,256,16,16384,369.167
256,256,32,16,25.952
256,256,32,32,26.1763
256,256,32,64,26.3257
256,256,32,128,27.905
256,256,32,256,31.584
256,256,32,512,48.7893
256,256,32,1024,74.0813
256,256,32,2048,117.782
256,256,32,4096,202.466
256,256,32,8192,371.781
256,256,32,16384,725.502
256,256,64,16,32.4057
256,256,64,32,32.971
256,256,64,64,32.949
256,256,64,128,36.609
256,256,64,256,44.1713
256,256,64,512,70.4653
256,256,64,1024,105.59
256,256,64,2048,176.589
256,256,64,4096,322.767
256,256,64,8192,613.276
256,256,64,16384,1196.36
256,256,128,16,45.3233
256,256,128,32,45.8033
256,256,128,64,46.5713
256,256,128,128,57.6327
256,256,128,256,72.5983
256,256,128,512,120.407
256,256,128,1024,177.443
256,256,128,2048,309.604
256,256,128,4096,592.402
256,256,128,8192,1145.59
256,256,128,16384,2246.02
256,512,0,0,40.672
256,512,1,16,41.9527
256,512,1,32,41.9103
256,512,1,64,41.696
256,512,1,128,41.451
256,512,1,256,41.8243
256,512,1,512,41.28
256,512,1,1024,42.987
256,512,1,2048,44.9817
256,512,1,4096,49.302
256,512,1,8192,42.6457
256,512,1,16384,67.7553
256,512,2,16,41.5477
256,512,2,32,42.1873
256,512,2,64,42.2087
256,512,2,128,41.8557
256,512,2,256,41.804
256,512,2,512,43.904
256,512,2,1024,45.494
256,512,2,2048,31.563
256,512,2,4096,32.9917
256,512,2,8192,48.0017
256,512,2,16384,76.7047
256,512,4,16,42.571
256,512,4,32,42.3363
256,512,4,64,42.379
256,512,4,128,41.6857
256,512,4,256,42.3897
256,512,4,512,45.5687
256,512,4,1024,32.0853
256,512,4,2048,32.17
256,512,4,4096,54.6243
256,512,4,8192,70.2623
256,512,4,16384,107.692
256,512,8,16,41.899
256,512,8,32,41.75
256,512,8,64,41.782
256,512,8,128,41.441
256,512,8,256,41.9733
256,512,8,512,30.3253
256,512,8,1024,41.729
256,512,8,2048,55.7013
256,512,8,4096,67.9477
256,512,8,8192,102.402
256,512,8,16384,169.346
256,512,16,16,42.0483
256,512,16,32,42.614
256,512,16,64,42.3153
256,512,16,128,41.9527
256,512,16,256,34.5497
256,512,16,512,43.7553
256,512,16,1024,56.1713
256,512,16,2048,70.209
256,512,16,4096,113.484
256,512,16,8192,197.559
256,512,16,16384,370.095
256,512,32,16,46.582
256,512,32,32,46.8487
256,512,32,64,47.787
256,512,32,128,37.056
256,512,32,256,40.396
256,512,32,512,52.0543
256,512,32,1024,70.9027
256,512,32,2048,115.734
256,512,32,4096,199
256,512,32,8192,368.324
256,512,32,16384,718.388
256,512,64,16,39.2437
256,512,64,32,39.2853
256,512,64,64,39.8083
256,512,64,128,46.4223
256,512,64,256,54.934
256,512,64,512,74.1553
256,512,64,1024,105.057
256,512,64,2048,175.714
256,512,64,4096,322.788
256,512,64,8192,613.212
256,512,64,16384,1190.29
256,512,128,16,55.851
256,512,128,32,55.659
256,512,128,64,56.78
256,512,128,128,67.35
256,512,128,256,82.038
256,512,128,512,125.272
256,512,128,1024,187.735
256,512,128,2048,312.185
256,512,128,4096,596.231
256,512,128,8192,1143.99
256,512,128,16384,2252.67
256,1024,0,0,48.256
256,1024,1,16,49.3973
256,1024,1,32,49.0883
256,1024,1,64,48.8967
256,1024,1,128,48.726
256,1024,1,256,49.3657
256,1024,1,512,48.598
256,1024,1,1024,48.7367
256,1024,1,2048,49.8997
256,1024,1,4096,53.0137
256,1024,1,8192,64.6303
256,1024,1,16384,69.035
256,1024,2,16,49.8467
256,1024,2,32,49.6323
256,1024,2,64,49.9313
256,1024,2,128,49.7827
256,1024,2,256,49.2593
256,1024,2,512,49.6433
256,1024,2,1024,49.2697
256,1024,2,2048,52.1283
256,1024,2,4096,57.9743
256,1024,2,8192,48.342
256,1024,2,16384,77.6753
256,1024,4,16,49.8027
256,1024,4,32,49.8673
256,1024,4,64,49.8883
256,1024,4,128,49.76
256,1024,4,256,50.102
256,1024,4,512,50.656
256,1024,4,1024,49.835
256,1024,4,2048,57.6863
256,1024,4,4096,46.3577
256,1024,4,8192,82.3263
256,1024,4,16384,111.19
256,1024,8,16,49.7497
256,1024,8,32,49.5897
256,1024,8,64,49.4723
256,1024,8,128,49.7397
256,1024,8,256,49.4083
256,1024,8,512,50.166
256,1024,8,1024,58.4647
256,1024,8,2048,62.134
256,1024,8,4096,82.6143
256,1024,8,8192,102.817
256,1024,8,16384,172.215
256,1024,16,16,50.5397
256,1024,16,32,50.6887
256,1024,16,64,51.5107
256,1024,16,128,50.6033
256,1024,16,256,50.6677
256,1024,16,512,44.9603
256,1024,16,1024,63.3497
256,1024,16,2048,82.945
256,1024,16,4096,110.508
256,1024,16,8192,196.718
256,1024,16,16384,366.01
256,1024,32,16,50.6993
256,1024,32,32,50.059
256,1024,32,64,51.243
256,1024,32,128,52.385
256,1024,32,256,45.2277
256,1024,32,512,57.472
256,1024,32,1024,73.5683
256,1024,32,2048,110.775
256,1024,32,4096,196.686
256,1024,32,8192,370.138
256,1024,32,16384,706.675
256,1024,64,16,56.6407
256,1024,64,32,56.9187
256,1024,64,64,56.854
256,1024,64,128,47.9153
256,1024,64,256,59.5313
256,1024,64,512,75.82
256,1024,64,1024,109.996
256,1024,64,2048,175.8
256,1024,64,4096,323.066
256,1024,64,8192,612.135
256,1024,64,16384,1204.37
256,1024,128,16,60.7153
256,1024,128,32,60.769
256,1024,128,64,61.0887
256,1024,128,128,73.43
256,1024,128,256,85.985
256,1024,128,512,121.953
256,1024,128,1024,195.715
256,1024,128,2048,319.524
256,1024,128,4096,596.306
256,1024,128,8192,1161.45
256,1024,128,16384,2262.48
256,2048,0,0,66.475
256,2048,1,16,66.3903
256,2048,1,32,65.686
256,2048,1,64,65.7497
256,2048,1,128,66.8277
256,2048,1,256,66.7633
256,2048,1,512,66.3043
256,2048,1,1024,66.0487
256,2048,1,2048,66.6563
256,2048,1,4096,68.897
256,2048,1,8192,73.2917
256,2048,1,16384,97.6547
256,2048,2,16,67.2433
256,2048,2,32,67.425
256,2048,2,64,66.8597
256,2048,2,128,67.1587
256,2048,2,256,66.8917
256,2048,2,512,67.03
256,2048,2,1024,66.5497
256,2048,2,2048,66.0167
256,2048,2,4096,71.137
256,2048,2,8192,83.8407
256,2048,2,16384,78.7957
256,2048,4,16,67.1043
256,2048,4,32,67.5423
256,2048,4,64,66.9127
256,2048,4,128,66.9653
256,2048,4,256,67.8087
256,2048,4,512,67.3393
256,2048,4,1024,66.4007
256,2048,4,2048,66.6997
256,2048,4,4096,82.4857
256,2048,4,8192,72.4063
256,2048,4,16384,118.007
256,2048,8,16,66.134
256,2048,8,32,66.9127
256,2048,8,64,67.0297
256,2048,8,128,66.358
256,2048,8,256,66.603
256,2048,8,512,66.8917
256,2048,8,1024,66.8383
256,2048,8,2048,82.71
256,2048,8,4096,94.1987
256,2048,8,8192,108.886
256,2048,8,16384,176.994
256,2048,16,16,67.5637
256,2048,16,32,67.937
256,2048,16,64,67.926
256,2048,16,128,67.9693
256,2048,16,256,67.8833
256,2048,16,512,67.9573
256,2048,16,1024,73.5373
256,2048,16,2048,96.14
256,2048,16,4096,107.468
256,2048,16,8192,191.63
256,2048,16,16384,359.247
256,2048,32,16,67.094
256,2048,32,32,68.5553
256,2048,32,64,67.958
256,2048,32,128,67.8513
256,2048,32,256,67.8627
256,2048,32,512,64.4377
256,2048,32,1024,81.3987
256,2048,32,2048,110.583
256,2048,32,4096,191.757
256,2048,32,8192,363.3
256,2048,32,16384,698.259
256,2048,64,16,67.5003
256,2048,64,32,66.8703
256,2048,64,64,67.287
256,2048,64,128,70.87
256,2048,64,256,67.318
256,2048,64,512,80.833
256,2048,64,1024,114.625
256,2048,64,2048,177.602
256,2048,64,4096,319.204
256,2048,64,8192,613.351
256,2048,64,16384,1202
256,2048,128,16,79.6377
256,2048,128,32,79.329
256,2048,128,64,80.0437
256,2048,128,128,82.337
256,2048,128,256,93.409
256,2048,128,512,127.512
256,2048,128,1024,186.37
256,2048,128,2048,331.844
256,2048,128,4096,603.315
256,2048,128,8192,1157.73
256,2048,128,16384,2268.56
256,4096,0,0,94.668
256,4096,1,16,95.6383
256,4096,1,32,94.6787
256,4096,1,64,94.6893
256,4096,1,128,95.1263
256,4096,1,256,95.073
256,4096,1,512,94.8487
256,4096,1,1024,95.5103
256,4096,1,2048,94.881
256,4096,1,4096,94.4433
256,4096,1,8192,103.617
256,4096,1,16384,112.205
256,4096,2,16,95.5857
256,4096,2,32,96.0437
256,4096,2,64,95.884
256,4096,2,128,96.1723
256,4096,2,256,95.3927
256,4096,2,512,95.18
256,4096,2,1024,95.6917
256,4096,2,2048,94.9453
256,4096,2,4096,95.2763
256,4096,2,8192,106.241
256,4096,2,16384,118.039
256,4096,4,16,96.2467
256,4096,4,32,96.1713
256,4096,4,64,96.15
256,4096,4,128,95.9903
256,4096,4,256,95.6387
256,4096,4,512,95.329
256,4096,4,1024,95.969
256,4096,4,2048,95.895
256,4096,4,4096,98.156
256,4096,4,8192,112.097
256,4096,4,16384,154.359
256,4096,8,16,95.4247
256,4096,8,32,95.4783
256,4096,8,64,95.575
256,4096,8,128,95.2433
256,4096,8,256,95.3723
256,4096,8,512,96.1077
256,4096,8,1024,95.6493
256,4096,8,2048,98.2947
256,4096,8,4096,107.746
256,4096,8,8192,152.727
256,4096,8,16384,189.325
256,4096,16,16,95.9263
256,4096,16,32,96.5237
256,4096,16,64,96.2683
256,4096,16,128,96.385
256,4096,16,256,96.1817
256,4096,16,512,97.2707
256,4096,16,1024,97.782
256,4096,16,2048,108.908
256,4096,16,4096,155.213
256,4096,16,8192,182.52
256,4096,16,16384,351.013
256,4096,32,16,95.7773
256,4096,32,32,96.2677
256,4096,32,64,95.713
256,4096,32,128,96.268
256,4096,32,256,96.0543
256,4096,32,512,99.5217
256,4096,32,1024,115.713
256,4096,32,2048,129.292
256,4096,32,4096,183.511
256,4096,32,8192,352.015
256,4096,32,16384,683.805
256,4096,64,16,95.9477
256,4096,64,32,96.502
256,4096,64,64,96.2143
256,4096,64,128,96.715
256,4096,64,256,99.084
256,4096,64,512,103.212
256,4096,64,1024,126.156
256,4096,64,2048,191.906
256,4096,64,4096,319.439
256,4096,64,8192,603.175
256,4096,64,16384,1211.63
256,4096,128,16,99.0307
256,4096,128,32,98.6463
256,4096,128,64,99.265
256,4096,128,128,109.591
256,4096,128,256,111.266
256,4096,128,512,144.184
256,4096,128,1024,208.248
256,4096,128,2048,326.095
256,4096,128,4096,617.373
256,4096,128,8192,1162.75
256,4096,128,16384,2266.6
256,8192,0,0,151.522
256,8192,1,16,152.215
256,8192,1,32,152.428
256,8192,1,64,152.322
256,8192,1,128,152.087
256,8192,1,256,152.61
256,8192,1,512,152.162
256,8192,1,1024,152.578
256,8192,1,2048,152.556
256,8192,1,4096,151.788
256,8192,1,8192,152.353
256,8192,1,16384,170.487
256,8192,2,16,152.983
256,8192,2,32,152.514
256,8192,2,64,152.951
256,8192,2,128,152.663
256,8192,2,256,152.599
256,8192,2,512,152.951
256,8192,2,1024,152.983
256,8192,2,2048,153.164
256,8192,2,4096,152.94
256,8192,2,8192,154.092
256,8192,2,16384,172.984
256,8192,4,16,152.77
256,8192,4,32,153.079
256,8192,4,64,152.79
256,8192,4,128,153.292
256,8192,4,256,153.378
256,8192,4,512,153.485
256,8192,4,1024,153.463
256,8192,4,2048,153.698
256,8192,4,4096,154.135
256,8192,4,8192,156.482
256,8192,4,16384,183.533
256,8192,8,16,153.143
256,8192,8,32,152.439
256,8192,8,64,152.663
256,8192,8,128,152.269
256,8192,8,256,152.898
256,8192,8,512,153.303
256,8192,8,1024,152.685
256,8192,8,2048,154.274
256,8192,8,4096,157.378
256,8192,8,8192,172.577
256,8192,8,16384,268.334
256,8192,16,16,153.869
256,8192,16,32,153.196
256,8192,16,64,153.57
256,8192,16,128,153.442
256,8192,16,256,154.167
256,8192,16,512,154.305
256,8192,16,1024,154.955
256,8192,16,2048,158.466
256,8192,16,4096,173.815
256,8192,16,8192,269.069
256,8192,16,16384,323.673
256,8192,32,16,153.004
256,8192,32,32,153.463
256,8192,32,64,153.165
256,8192,32,128,152.973
256,8192,32,256,153.452
256,8192,32,512,156.258
256,8192,32,1024,162.999
256,8192,32,2048,187.052
256,8192,32,4096,214.745
256,8192,32,8192,326.329
256,8192,32,16384,665.106
256,8192,64,16,153.655
256,8192,64,32,154.38
256,8192,64,64,153.389
256,8192,64,128,153.506
256,8192,64,256,155.959
256,8192,64,512,163.703
256,8192,64,1024,180.514
256,8192,64,2048,202.84
256,8192,64,4096,339.012
256,8192,64,8192,600.786
256,8192,64,16384,1186.85
256,8192,128,16,155.81
256,8192,128,32,155.383
256,8192,128,64,156.29
256,8192,128,128,157.57
256,8192,128,256,162.679
256,8192,128,512,166.242
256,8192,128,1024,220.397
256,8192,128,2048,348.336
256,8192,128,4096,611.901
256,8192,128,8192,1193.66
256,8192,128,16384,2287.29
256,16384,0,0,265.753
256,16384,1,16,265.838
256,16384,1,32,265.816
256,16384,1,64,265.283
256,16384,1,128,265.379
256,16384,1,256,265.806
256,16384,1,512,265.966
256,16384,1,1024,266.244
256,16384,1,2048,266.062
256,16384,1,4096,265.817
256,16384,1,8192,265.016
256,16384,1,16384,265.294
256,16384,2,16,266.03
256,16384,2,32,266.435
256,16384,2,64,266.029
256,16384,2,128,266.916
256,16384,2,256,266.392
256,16384,2,512,266.232
256,16384,2,1024,266.809
256,16384,2,2048,266.531
256,16384,2,4096,266.456
256,16384,2,8192,266.35
256,16384,2,16384,266.659
256,16384,4,16,267
256,16384,4,32,266.318
256,16384,4,64,266.723
256,16384,4,128,266.467
256,16384,4,256,266.702
256,16384,4,512,266.766
256,16384,4,1024,266.382
256,16384,4,2048,266.413
256,16384,4,4096,266.286
256,16384,4,8192,266.307
256,16384,4,16384,268.696
256,16384,8,16,265.827
256,16384,8,32,266.265
256,16384,8,64,265.486
256,16384,8,128,266.328
256,16384,8,256,265.838
256,16384,8,512,265.944
256,16384,8,1024,266.126
256,16384,8,2048,266.766
256,16384,8,4096,267.107
256,16384,8,8192,269.624
256,16384,8,16384,299.299
256,16384,16,16,266.275
256,16384,16,32,266.499
256,16384,16,64,267.738
256,16384,16,128,266.595
256,16384,16,256,266.307
256,16384,16,512,266.969
256,16384,16,1024,267.875
256,16384,16,2048,271.683
256,16384,16,4096,275.321
256,16384,16,8192,299.908
256,16384,16,16384,498.651
256,16384,32,16,266.094
256,16384,32,32,266.126
256,16384,32,64,266.616
256,16384,32,128,266.339
256,16384,32,256,266.51
256,16384,32,512,268.451
256,16384,32,1024,274.254
256,16384,32,2048,281.689
256,16384,32,4096,323.151
256,16384,32,8192,388.304
256,16384,32,16384,613.191
256,16384,64,16,267.001
256,16384,64,32,266.947
256,16384,64,64,266.467
256,16384,64,128,266.99
256,16384,64,256,268.568
256,16384,64,512,275.31
256,16384,64,1024,282.477
256,16384,64,2048,306.34
256,16384,64,4096,352.346
256,16384,64,8192,634.547
256,16384,64,16384,1162.45
256,16384,128,16,269.188
256,16384,128,32,269.209
256,16384,128,64,269.177
256,16384,128,128,269.166
256,16384,128,256,275.865
256,16384,128,512,285.796
256,16384,128,1024,324.548
256,16384,128,2048,371.385
256,16384,128,4096,632.434
256,16384,128,8192,1185.57
256,16384,128,16384,2323.77
512,0,0,0,24.3947
512,0,1,16,24.5973
512,0,1,32,24.6403
512,0,1,64,24.5227
512,0,1,128,25.6537
512,0,1,256,27.7767
512,0,1,512,30.9553
512,0,1,1024,37.5363
512,0,1,2048,52.235
512,0,1,4096,79.4787
512,0,1,8192,133.528
512,0,1,16384,242.573
512,0,2,16,25.8667
512,0,2,32,25.686
512,0,2,64,25.8997
512,0,2,128,27.6373
512,0,2,256,28.971
512,0,2,512,32.534
512,0,2,1024,39.3607
512,0,2,2048,53.889
512,0,2,4096,80.9507
512,0,2,8192,135.116
512,0,2,16384,243.683
512,0,4,16,25.8463
512,0,4,32,25.9417
512,0,4,64,25.952
512,0,4,128,27.7023
512,0,4,256,29.121
512,0,4,512,32.5333
512,0,4,1024,39.6373
512,0,4,2048,54.017
512,0,4,4096,81.8243
512,0,4,8192,135.959
512,0,4,16384,244.664
512,0,8,16,26.049
512,0,8,32,26.1663
512,0,8,64,26.304
512,0,8,128,27.8617
512,0,8,256,29.675
512,0,8,512,32.5867
512,0,8,1024,40.374
512,0,8,2048,56.214
512,0,8,4096,86.465
512,0,8,8192,141.218
512,0,8,16384,250.329
512,0,16,16,27.6167
512,0,16,32,27.862
512,0,16,64,27.7337
512,0,16,128,29.355
512,0,16,256,30.7947
512,0,16,512,36.5013
512,0,16,1024,48.8543
512,0,16,2048,70.369
512,0,16,4096,105.154
512,0,16,8192,173.037
512,0,16,16384,308.921
512,0,32,16,31.03
512,0,32,32,31.2963
512,0,32,64,31.585
512,0,32,128,34.848
512,0,32,256,39.861
512,0,32,512,56.288
512,0,32,1024,82.2733
512,0,32,2048,124.812
512,0,32,4096,207.821
512,0,32,8192,373.306
512,0,32,16384,715.433
512,0,64,16,37.1953
512,0,64,32,37.2277
512,0,64,64,37.654
512,0,64,128,43.1047
512,0,64,256,53.697
512,0,64,512,78.1763
512,0,64,1024,115.138
512,0,64,2048,185.315
512,0,64,4096,325.049
512,0,64,8192,616.135
512,0,64,16384,1196.88
512,0,128,16,51.0087
512,0,128,32,50.998
512,0,128,64,51.3503
512,0,128,128,62.4653
512,0,128,256,78.294
512,0,128,512,115.138
512,0,128,1024,183.469
512,0,128,2048,316.921
512,0,128,4096,595.933
512,0,128,8192,1147.73
512,0,128,16384,2242.61
512,16,0,0,24.565
512,16,1,16,25.8667
512,16,1,32,26.059
512,16,1,64,25.707
512,16,1,128,27.627
512,16,1,256,29.3123
512,16,1,512,32.4167
512,16,1,1024,39.5533
512,16,1,2048,54.145
512,16,1,4096,81.2067
512,16,1,8192,135.265
512,16,1,16384,243.737
512,16,2,16,25.6747
512,16,2,32,25.877
512,16,2,64,26.1333
512,16,2,128,27.7657
512,16,2,256,29.013
512,16,2,512,32.5333
512,16,2,1024,39.6267
512,16,2,2048,54.1983
512,16,2,4096,81.206
512,16,2,8192,135.18
512,16,2,16384,243.672
512,16,4,16,25.824
512,16,4,32,25.9203
512,16,4,64,25.931
512,16,4,128,27.4877
512,16,4,256,29.2803
512,16,4,512,32.533
512,16,4,1024,39.5843
512,16,4,2048,54.272
512,16,4,4096,81.7503
512,16,4,8192,136.012
512,16,4,16384,245.475
512,16,8,16,26.113
512,16,8,32,26.0593
512,16,8,64,26.1653
512,16,8,128,27.819
512,16,8,256,29.4827
512,16,8,512,33.0773
512,16,8,1024,40.8003
512,16,8,2048,57.28
512,16,8,4096,85.825
512,16,8,8192,141.228
512,16,8,16384,249.699
512,16,16,16,27.616
512,16,16,32,27.6913
512,16,16,64,27.3497
512,16,16,128,29.4403
512,16,16,256,30.7097
512,16,16,512,37.227
512,16,16,1024,48.438
512,16,16,2048,70.6563
512,16,16,4096,105.601
512,16,16,8192,174.775
512,16,16,16384,309.892
512,16,32,16,31.105
512,16,32,32,31.4887
512,16,32,64,31.6163
512,16,32,128,35.105
512,16,32,256,40.6837
512,16,32,512,56.076
512,16,32,1024,82.0383
512,16,32,2048,125.441
512,16,32,4096,208.205
512,16,32,8192,373.306
512,16,32,16384,710.856
512,16,64,16,37.238
512,16,64,32,37.3653
512,16,64,64,37.6227
512,16,64,128,43.051
512,16,64,256,53.6217
512,16,64,512,79.1167
512,16,64,1024,116.193
512,16,64,2048,184.685
512,16,64,4096,326.191
512,16,64,8192,615.698
512,16,64,16384,1199.17
512,16,128,16,50.4963
512,16,128,32,51.009
512,16,128,64,52.0003
512,16,128,128,62.2623
512,16,128,256,78.0383
512,16,128,512,116.214
512,16,128,1024,183.725
512,16,128,2048,317.955
512,16,128,4096,596.327
512,16,128,8192,1144.44
512,16,128,16384,2240.58
512,32,0,0,26.2087
512,32,1,16,26.3467
512,32,1,32,26.3573
512,32,1,64,26.1763
512,32,1,128,27.7123
512,32,1,256,29.0033
512,32,1,512,32.4907
512,32,1,1024,40.033
512,32,1,2048,54.0163
512,32,1,4096,81.633
512,32,1,8192,135.745
512,32,1,16384,244.27
512,32,2,16,26.1973
512,32,2,32,26.0587
512,32,2,64,26.059
512,32,2,128,27.8193
512,32,2,256,29.2267
512,32,2,512,32.7257
512,32,2,1024,39.6373
512,32,2,2048,54.06
512,32,2,4096,81.2823
512,32,2,8192,135.83
512,32,2,16384,244.109
512,32,4,16,26.294
512,32,4,32,26.1553
512,32,4,64,26.2083
512,32,4,128,27.6057
512,32,4,256,29.1527
512,32,4,512,32.7903
512,32,4,1024,39.83
512,32,4,2048,54.166
512,32,4,4096,81.473
512,32,4,8192,136.461
512,32,4,16384,246.157
512,32,8,16,27.371
512,32,8,32,27.0083
512,32,8,64,27.2003
512,32,8,128,28.7363
512,32,8,256,30.5173
512,32,8,512,33.7177
512,32,8,1024,41.558
512,32,8,2048,57.5047
512,32,8,4096,85.3553
512,32,8,8192,141.217
512,32,8,16384,249.752
512,32,16,16,28.7367
512,32,16,32,28.929
512,32,16,64,29.0987
512,32,16,128,30.496
512,32,16,256,32.2887
512,32,16,512,37.5467
512,32,16,1024,48.865
512,32,16,2048,70.688
512,32,16,4096,105.335
512,32,16,8192,172.749
512,32,16,16384,306.36
512,32,32,16,31.5737
512,32,32,32,31.627
512,32,32,64,31.702
512,32,32,128,35.393
512,32,32,256,40.0867
512,32,32,512,55.3923
512,32,32,1024,81.6223
512,32,32,2048,124.535
512,32,32,4096,207.245
512,32,32,8192,372.485
512,32,32,16384,714.387
512,32,64,16,37.483
512,32,64,32,37.6963
512,32,64,64,37.8147
512,32,64,128,42.8483
512,32,64,256,53.5047
512,32,64,512,78.9343
512,32,64,1024,115.937
512,32,64,2048,185.154
512,32,64,4096,326.884
512,32,64,8192,618.098
512,32,64,16384,1198.03
512,32,128,16,50.7853
512,32,128,32,50.571
512,32,128,64,51.7027
512,32,128,128,62.0803
512,32,128,256,78.4333
512,32,128,512,116.567
512,32,128,1024,182.328
512,32,128,2048,315.876
512,32,128,4096,599.868
512,32,128,8192,1147.15
512,32,128,16384,2240.76
512,64,0,0,26.4003
512,64,1,16,26.421
512,64,1,32,26.518
512,64,1,64,26.3043
512,64,1,128,27.595
512,64,1,256,29.3127
512,64,1,512,32.8217
512,64,1,1024,40.0643
512,64,1,2048,54.432
512,64,1,4096,81.825
512,64,1,8192,135.532
512,64,1,16384,243.949
512,64,2,16,26.315
512,64,2,32,26.5707
512,64,2,64,26.3573
512,64,2,128,27.702
512,64,2,256,29.3977
512,64,2,512,33.024
512,64,2,1024,40.0637
512,64,2,2048,54.4967
512,64,2,4096,81.494
512,64,2,8192,136.055
512,64,2,16384,244.696
512,64,4,16,26.5717
512,64,4,32,26.3147
512,64,4,64,26.4853
512,64,4,128,27.8723
512,64,4,256,29.366
512,64,4,512,32.768
512,64,4,1024,39.9903
512,64,4,2048,54.71
512,64,4,4096,82.0487
512,64,4,8192,136.908
512,64,4,16384,247.587
512,64,8,16,27.3287
512,64,8,32,27.478
512,64,8,64,27.4247
512,64,8,128,28.9703
512,64,8,256,30.859
512,64,8,512,33.973
512,64,8,1024,41.462
512,64,8,2048,57.2917
512,64,8,4096,86.561
512,64,8,8192,140.876
512,64,8,16384,250.211
512,64,16,16,29.0993
512,64,16,32,29.1737
512,64,16,64,29.2063
512,64,16,128,30.7947
512,64,16,256,32.182
512,64,16,512,37.6013
512,64,16,1024,49.942
512,64,16,2048,70.9663
512,64,16,4096,106.306
512,64,16,8192,173.965
512,64,16,16384,307.95
512,64,32,16,31.9683
512,64,32,32,32.0323
512,64,32,64,32.2143
512,64,32,128,35.2327
512,64,32,256,39.798
512,64,32,512,56.875
512,64,32,1024,81.6973
512,64,32,2048,125.099
512,64,32,4096,207.938
512,64,32,8192,373.146
512,64,32,16384,709.843
512,64,64,16,38.251
512,64,64,32,38.2623
512,64,64,64,38.784
512,64,64,128,44.1707
512,64,64,256,53.9953
512,64,64,512,78.0063
512,64,64,1024,115.884
512,64,64,2048,184.397
512,64,64,4096,325.242
512,64,64,8192,616.285
512,64,64,16384,1199.49
512,64,128,16,51.7027
512,64,128,32,52.0967
512,64,128,64,52.619
512,64,128,128,62.2723
512,64,128,256,78.988
512,64,128,512,116.343
512,64,128,1024,182.307
512,64,128,2048,319.609
512,64,128,4096,595.314
512,64,128,8192,1147.37
512,64,128,16384,2243.51
512,128,0,0,28.1397
512,128,1,16,28.3303
512,128,1,32,28.4907
512,128,1,64,28.6513
512,128,1,128,28.2883
512,128,1,256,29.8453
512,128,1,512,32.864
512,128,1,1024,40.064
512,128,1,2048,55.0517
512,128,1,4096,82.049
512,128,1,8192,136.503
512,128,1,16384,244.909
512,128,2,16,28.16
512,128,2,32,28.544
512,128,2,64,28.256
512,128,2,128,28.8213
512,128,2,256,30.6353
512,128,2,512,33.7603
512,128,2,1024,41.0563
512,128,2,2048,55.7553
512,128,2,4096,82.9877
512,128,2,8192,137.451
512,128,2,16384,245.656
512,128,4,16,28.256
512,128,4,32,28.299
512,128,4,64,28.1387
512,128,4,128,29.035
512,128,4,256,30.5607
512,128,4,512,33.932
512,128,4,1024,41.27
512,128,4,2048,55.8403
512,128,4,4096,83.404
512,128,4,8192,137.292
512,128,4,16384,246.67
512,128,8,16,28.363
512,128,8,32,28.524
512,128,8,64,28.2247
512,128,8,128,29.2477
512,128,8,256,30.7103
512,128,8,512,34.145
512,128,8,1024,41.4293
512,128,8,2048,58.4757
512,128,8,4096,86.283
512,128,8,8192,140.705
512,128,8,16384,251.961
512,128,16,16,29.238
512,128,16,32,28.768
512,128,16,64,29.4193
512,128,16,128,30.8907
512,128,16,256,32.459
512,128,16,512,37.803
512,128,16,1024,50.1227
512,128,16,2048,71.2863
512,128,16,4096,107.607
512,128,16,8192,175.799
512,128,16,16384,309.998
512,128,32,16,34.08
512,128,32,32,34.1013
512,128,32,64,34.2407
512,128,32,128,36.4697
512,128,32,256,41.7603
512,128,32,512,56.8113
512,128,32,1024,82.251
512,128,32,2048,125.804
512,128,32,4096,208.739
512,128,32,8192,375.194
512,128,32,16384,711.977
512,128,64,16,39.5733
512,128,64,32,39.0727
512,128,64,64,39.798
512,128,64,128,44.9387
512,128,64,256,55.0087
512,128,64,512,79.4883
512,128,64,1024,116.545
512,128,64,2048,186.595
512,128,64,4096,325.455
512,128,64,8192,617.619
512,128,64,16384,1198.46
512,128,128,16,52.7903
512,128,128,32,52.4483
512,128,128,64,53.7283
512,128,128,128,63.244
512,128,128,256,79.8943
512,128,128,512,116.802
512,128,128,1024,183.554
512,128,128,2048,317.198
512,128,128,4096,596.529
512,128,128,8192,1149.07
512,128,128,16384,2246.75
512,256,0,0,31.4677
512,256,1,16,31.2973
512,256,1,32,31.5527
512,256,1,64,31.264
512,256,1,128,31.4773
512,256,1,256,31.3177
512,256,1,512,34.0697
512,256,1,1024,41.441
512,256,1,2048,56.4803
512,256,1,4096,83.9477
512,256,1,8192,137.793
512,256,1,16384,246.061
512,256,2,16,31.4453
512,256,2,32,31.2217
512,256,2,64,31.2007
512,256,2,128,31.6797
512,256,2,256,32.054
512,256,2,512,35.6487
512,256,2,1024,42.8697
512,256,2,2048,58.0267
512,256,2,4096,85.2707
512,256,2,8192,139.212
512,256,2,16384,247.427
512,256,4,16,31.2643
512,256,4,32,31.2433
512,256,4,64,31.36
512,256,4,128,31.276
512,256,4,256,32.31
512,256,4,512,35.5307
512,256,4,1024,42.827
512,256,4,2048,57.8253
512,256,4,4096,85.612
512,256,4,8192,139.98
512,256,4,16384,249.165
512,256,8,16,31.371
512,256,8,32,31.2117
512,256,8,64,31.5737
512,256,8,128,31.3713
512,256,8,256,32.267
512,256,8,512,35.948
512,256,8,1024,43.4137
512,256,8,2048,60.1077
512,256,8,4096,88.865
512,256,8,8192,143.916
512,256,8,16384,253.518
512,256,16,16,31.3917
512,256,16,32,31.232
512,256,16,64,31.3917
512,256,16,128,32.661
512,256,16,256,34.1657
512,256,16,512,40.4163
512,256,16,1024,51.7553
512,256,16,2048,72.939
512,256,16,4096,108.247
512,256,16,8192,175.66
512,256,16,16384,310.531
512,256,32,16,34.4857
512,256,32,32,34.6027
512,256,32,64,34.849
512,256,32,128,38.9233
512,256,32,256,43.4353
512,256,32,512,58.3047
512,256,32,1024,83.724
512,256,32,2048,127.18
512,256,32,4096,210.05
512,256,32,8192,379.109
512,256,32,16384,718.515
512,256,64,16,41.6537
512,256,64,32,41.6
512,256,64,64,41.8783
512,256,64,128,47.147
512,256,64,256,56.2357
512,256,64,512,79.3393
512,256,64,1024,117.463
512,256,64,2048,188.247
512,256,64,4096,327.342
512,256,64,8192,616.935
512,256,64,16384,1198.48
512,256,128,16,55.2753
512,256,128,32,55.574
512,256,128,64,56.2777
512,256,128,128,66.3043
512,256,128,256,81.366
512,256,128,512,117.303
512,256,128,1024,184.972
512,256,128,2048,319.716
512,256,128,4096,599.89
512,256,128,8192,1146.2
512,256,128,16384,2247.93
512,512,0,0,38.1873
512,512,1,16,38.422
512,512,1,32,38.1657
512,512,1,64,37.8993
512,512,1,128,38.0377
512,512,1,256,37.9947
512,512,1,512,38.005
512,512,1,1024,45.3023
512,512,1,2048,60.6517
512,512,1,4096,88.3427
512,512,1,8192,142.711
512,512,1,16384,250.936
512,512,2,16,37.899
512,512,2,32,38.07
512,512,2,64,38.1767
512,512,2,128,38.016
512,512,2,256,38.166
512,512,2,512,39.1573
512,512,2,1024,46.6457
512,512,2,2048,62.358
512,512,2,4096,89.1
512,512,2,8192,143.671
512,512,2,16384,251.928
512,512,4,16,37.76
512,512,4,32,37.9313
512,512,4,64,38.026
512,512,4,128,37.8453
512,512,4,256,37.931
512,512,4,512,39.1677
512,512,4,1024,47.0943
512,512,4,2048,62.5933
512,512,4,4096,90.1237
512,512,4,8192,143.799
512,512,4,16384,253.721
512,512,8,16,37.9307
512,512,8,32,38.1123
512,512,8,64,38.3573
512,512,8,128,37.995
512,512,8,256,38.0693
512,512,8,512,39.4563
512,512,8,1024,47.851
512,512,8,2048,63.99
512,512,8,4096,92.1187
512,512,8,8192,147.927
512,512,8,16384,256.867
512,512,16,16,38.4967
512,512,16,32,38.465
512,512,16,64,37.92
512,512,16,128,38.4107
512,512,16,256,38.379
512,512,16,512,43.841
512,512,16,1024,56.192
512,512,16,2048,76.9183
512,512,16,4096,111.948
512,512,16,8192,179.778
512,512,16,16384,313.924
512,512,32,16,38.433
512,512,32,32,38.603
512,512,32,64,38.4013
512,512,32,128,42.3363
512,512,32,256,46.87
512,512,32,512,62.667
512,512,32,1024,85.9537
512,512,32,2048,128.46
512,512,32,4096,212.066
512,512,32,8192,378.682
512,512,32,16384,720.67
512,512,64,16,45.4613
512,512,64,32,45.622
512,512,64,64,45.8993
512,512,64,128,51.841
512,512,64,256,61.761
512,512,64,512,82.774
512,512,64,1024,118.529
512,512,64,2048,189.965
512,512,64,4096,330.372
512,512,64,8192,622.034
512,512,64,16384,1205.42
512,512,128,16,60.2467
512,512,128,32,60.235
512,512,128,64,60.7893
512,512,128,128,70.7203
512,512,128,256,86.3157
512,512,128,512,120.844
512,512,128,1024,186.872
512,512,128,2048,323.929
512,512,128,4096,604.412
512,512,128,8192,1154.02
512,512,128,16384,2243.26
512,1024,0,0,54.2303
512,1024,1,16,53.9633
512,1024,1,32,54.2613
512,1024,1,64,54.166
512,1024,1,128,53.856
512,1024,1,256,54.336
512,1024,1,512,54.0587
512,1024,1,1024,54.3043
512,1024,1,2048,69.7507
512,1024,1,4096,97.4317
512,1024,1,8192,151.49
512,1024,1,16384,260.088
512,1024,2,16,54.1343
512,1024,2,32,54.347
512,1024,2,64,54.3897
512,1024,2,128,54.0707
512,1024,2,256,54.1983
512,1024,2,512,54.134
512,1024,2,1024,55.041
512,1024,2,2048,71.0297
512,1024,2,4096,98.4547
512,1024,2,8192,152.311
512,1024,2,16384,260.398
512,1024,4,16,54.059
512,1024,4,32,54.2507
512,1024,4,64,53.899
512,1024,4,128,53.7933
512,1024,4,256,54.368
512,1024,4,512,54.0383
512,1024,4,1024,55.745
512,1024,4,2048,71.6487
512,1024,4,4096,98.999
512,1024,4,8192,153.079
512,1024,4,16384,262.446
512,1024,8,16,53.8577
512,1024,8,32,54.2193
512,1024,8,64,54.0813
512,1024,8,128,54.774
512,1024,8,256,54.2193
512,1024,8,512,54.5187
512,1024,8,1024,55.9797
512,1024,8,2048,72.4807
512,1024,8,4096,100.791
512,1024,8,8192,156.119
512,1024,8,16384,266.51
512,1024,16,16,54.3367
512,1024,16,32,54.2407
512,1024,16,64,54.4537
512,1024,16,128,54.1657
512,1024,16,256,54.2403
512,1024,16,512,54.475
512,1024,16,1024,63.489
512,1024,16,2048,84.129
512,1024,16,4096,118.957
512,1024,16,8192,187.373
512,1024,16,16384,322.681
512,1024,32,16,54.3583
512,1024,32,32,54.5817
512,1024,32,64,54.497
512,1024,32,128,54.059
512,1024,32,256,55.553
512,1024,32,512,70.8483
512,1024,32,1024,91.9473
512,1024,32,2048,135.298
512,1024,32,4096,218.051
512,1024,32,8192,384.261
512,1024,32,16384,723.742
512,1024,64,16,54.9763
512,1024,64,32,54.7523
512,1024,64,64,54.9127
512,1024,64,128,61.3763
512,1024,64,256,68.6833
512,1024,64,512,90.8817
512,1024,64,1024,124.769
512,1024,64,2048,195.554
512,1024,64,4096,337.21
512,1024,64,8192,629.405
512,1024,64,16384,1212.91
512,1024,128,16,69.857
512,1024,128,32,70.017
512,1024,128,64,70.604
512,1024,128,128,79.489
512,1024,128,256,93.655
512,1024,128,512,128.748
512,1024,128,1024,193.794
512,1024,128,2048,332.058
512,1024,128,4096,611.197
512,1024,128,8192,1164.55
512,1024,128,16384,2256.41
512,2048,0,0,85.75
512,2048,1,16,85.8893
512,2048,1,32,85.4933
512,2048,1,64,85.6967
512,2048,1,128,85.8143
512,2048,1,256,85.4407
512,2048,1,512,85.409
512,2048,1,1024,85.6757
512,2048,1,2048,85.7827
512,2048,1,4096,112.759
512,2048,1,8192,167.095
512,2048,1,16384,275.118
512,2048,2,16,85.7937
512,2048,2,32,85.6543
512,2048,2,64,85.6543
512,2048,2,128,85.6327
512,2048,2,256,86.0173
512,2048,2,512,86.2087
512,2048,2,1024,86.5613
512,2048,2,2048,86.604
512,2048,2,4096,113.676
512,2048,2,8192,168.034
512,2048,2,16384,275.887
512,2048,4,16,85.451
512,2048,4,32,85.7077
512,2048,4,64,85.6013
512,2048,4,128,85.5047
512,2048,4,256,85.846
512,2048,4,512,86.2407
512,2048,4,1024,85.985
512,2048,4,2048,86.9773
512,2048,4,4096,114.348
512,2048,4,8192,168.611
512,2048,4,16384,277.134
512,2048,8,16,85.6753
512,2048,8,32,85.6967
512,2048,8,64,85.6327
512,2048,8,128,85.8573
512,2048,8,256,85.793
512,2048,8,512,85.5903
512,2048,8,1024,85.8573
512,2048,8,2048,88.5127
512,2048,8,4096,116.407
512,2048,8,8192,171.48
512,2048,8,16384,281.209
512,2048,16,16,85.8893
512,2048,16,32,85.5797
512,2048,16,64,85.846
512,2048,16,128,85.8257
512,2048,16,256,85.9107
512,2048,16,512,85.761
512,2048,16,1024,87.895
512,2048,16,2048,99.8837
512,2048,16,4096,136.3
512,2048,16,8192,204.397
512,2048,16,16384,338.82
512,2048,32,16,86.2517
512,2048,32,32,86.22
512,2048,32,64,86.0917
512,2048,32,128,86.027
512,2048,32,256,86.5607
512,2048,32,512,89.1097
512,2048,32,1024,106.508
512,2048,32,2048,146.348
512,2048,32,4096,232.793
512,2048,32,8192,398.394
512,2048,32,16384,736.809
512,2048,64,16,86.1883
512,2048,64,32,86.4647
512,2048,64,64,86.6677
512,2048,64,128,86.3263
512,2048,64,256,86.326
512,2048,64,512,104.524
512,2048,64,1024,140.748
512,2048,64,2048,208.823
512,2048,64,4096,351.257
512,2048,64,8192,645.864
512,2048,64,16384,1222.29
512,2048,128,16,87.5633
512,2048,128,32,87.3503
512,2048,128,64,87.6057
512,2048,128,128,97.025
512,2048,128,256,109.921
512,2048,128,512,143.127
512,2048,128,1024,209.57
512,2048,128,2048,346.32
512,2048,128,4096,625.107
512,2048,128,8192,1180.95
512,2048,128,16384,2276.22
512,4096,0,0,141.655
512,4096,1,16,141.549
512,4096,1,32,141.453
512,4096,1,64,141.346
512,4096,1,128,141.676
512,4096,1,256,141.698
512,4096,1,512,141.517
512,4096,1,1024,141.602
512,4096,1,2048,141.346
512,4096,1,4096,141.367
512,4096,1,8192,195.629
512,4096,1,16384,303.854
512,4096,2,16,141.101
512,4096,2,32,141.569
512,4096,2,64,141.73
512,4096,2,128,141.741
512,4096,2,256,141.037
512,4096,2,512,142.103
512,4096,2,1024,141.762
512,4096,2,2048,141.9
512,4096,2,4096,141.09
512,4096,2,8192,195.127
512,4096,2,16384,303.438
512,4096,4,16,141.431
512,4096,4,32,141.506
512,4096,4,64,141.452
512,4096,4,128,141.506
512,4096,4,256,141.805
512,4096,4,512,141.474
512,4096,4,1024,141.878
512,4096,4,2048,141.815
512,4096,4,4096,141.57
512,4096,4,8192,196.045
512,4096,4,16384,304.889
512,4096,8,16,141.847
512,4096,8,32,141.516
512,4096,8,64,141.463
512,4096,8,128,141.239
512,4096,8,256,141.858
512,4096,8,512,141.644
512,4096,8,1024,141.602
512,4096,8,2048,142.092
512,4096,8,4096,144.022
512,4096,8,8192,197.966
512,4096,8,16384,309.54
512,4096,16,16,141.836
512,4096,16,32,141.271
512,4096,16,64,141.165
512,4096,16,128,141.26
512,4096,16,256,141.409
512,4096,16,512,142.103
512,4096,16,1024,143.98
512,4096,16,2048,147.351
512,4096,16,4096,164.76
512,4096,16,8192,235.011
512,4096,16,16384,369.712
512,4096,32,16,141.729
512,4096,32,32,142.391
512,4096,32,64,142.305
512,4096,32,128,142.103
512,4096,32,256,142.145
512,4096,32,512,145.569
512,4096,32,1024,152.813
512,4096,32,2048,176.461
512,4096,32,4096,257.411
512,4096,32,8192,424.133
512,4096,32,16384,764.212
512,4096,64,16,142.657
512,4096,64,32,142.434
512,4096,64,64,142.498
512,4096,64,128,142.636
512,4096,64,256,142.754
512,4096,64,512,152.151
512,4096,64,1024,169.186
512,4096,64,2048,239.342
512,4096,64,4096,377.711
512,4096,64,8192,669.385
512,4096,64,16384,1255.31
512,4096,128,16,143.415
512,4096,128,32,144.023
512,4096,128,64,143.692
512,4096,128,128,143.106
512,4096,128,256,145.409
512,4096,128,512,175.437
512,4096,128,1024,240.846
512,4096,128,2048,375.674
512,4096,128,4096,659.197
512,4096,128,8192,1217.11
512,4096,128,16384,2304.55
512,8192,0,0,248.867
512,8192,1,16,249.326
512,8192,1,32,249.795
512,8192,1,64,249.987
512,8192,1,128,249.752
512,8192,1,256,249.218
512,8192,1,512,249.764
512,8192,1,1024,249.71
512,8192,1,2048,249.463
512,8192,1,4096,249.219
512,8192,1,8192,250.254
512,8192,1,16384,358.116
512,8192,2,16,249.561
512,8192,2,32,249.752
512,8192,2,64,249.55
512,8192,2,128,249.56
512,8192,2,256,249.518
512,8192,2,512,249.837
512,8192,2,1024,249.358
512,8192,2,2048,249.154
512,8192,2,4096,249.528
512,8192,2,8192,250.435
512,8192,2,16384,359.375
512,8192,4,16,249.924
512,8192,4,32,249.262
512,8192,4,64,249.156
512,8192,4,128,249.571
512,8192,4,256,249.56
512,8192,4,512,250.147
512,8192,4,1024,249.667
512,8192,4,2048,250.051
512,8192,4,4096,249.784
512,8192,4,8192,250.989
512,8192,4,16384,359.78
512,8192,8,16,250.051
512,8192,8,32,249.166
512,8192,8,64,249.816
512,8192,8,128,249.155
512,8192,8,256,249.56
512,8192,8,512,249.837
512,8192,8,1024,250.04
512,8192,8,2048,249.464
512,8192,8,4096,250.179
512,8192,8,8192,252.697
512,8192,8,16384,362.148
512,8192,16,16,249.506
512,8192,16,32,249.635
512,8192,16,64,249.945
512,8192,16,128,249.945
512,8192,16,256,249.549
512,8192,16,512,250.328
512,8192,16,1024,252.024
512,8192,16,2048,257.123
512,8192,16,4096,259.331
512,8192,16,8192,287.418
512,8192,16,16384,423.098
512,8192,32,16,249.454
512,8192,32,32,249.507
512,8192,32,64,250.221
512,8192,32,128,249.913
512,8192,32,256,249.411
512,8192,32,512,252.568
512,8192,32,1024,259.608
512,8192,32,2048,268.878
512,8192,32,4096,308.121
512,8192,32,8192,466.459
512,8192,32,16384,799.711
512,8192,64,16,250.457
512,8192,64,32,250.232
512,8192,64,64,249.719
512,8192,64,128,250.168
512,8192,64,256,251.576
512,8192,64,512,257.017
512,8192,64,1024,266.68
512,8192,64,2048,293.102
512,8192,64,4096,437.317
512,8192,64,8192,714.686
512,8192,64,16384,1303.14
512,8192,128,16,251.225
512,8192,128,32,252.1
512,8192,128,64,251.203
512,8192,128,128,251.363
512,8192,128,256,252.995
512,8192,128,512,265.881
512,8192,128,1024,307.331
512,8192,128,2048,428.891
512,8192,128,4096,711.667
512,8192,128,8192,1272.03
512,8192,128,16384,2370.32
512,16384,0,0,463.099
512,16384,1,16,461.861
512,16384,1,32,462.608
512,16384,1,64,463.387
512,16384,1,128,462.224
512,16384,1,256,463.014
512,16384,1,512,461.808
512,16384,1,1024,462.651
512,16384,1,2048,462.662
512,16384,1,4096,462.597
512,16384,1,8192,461.723
512,16384,1,16384,465.691
512,16384,2,16,463.28
512,16384,2,32,463.087
512,16384,2,64,462.917
512,16384,2,128,462.405
512,16384,2,256,462.064
512,16384,2,512,462.342
512,16384,2,1024,462.522
512,16384,2,2048,462.545
512,16384,2,4096,462.651
512,16384,2,8192,462.853
512,16384,2,16384,465.85
512,16384,4,16,463.217
512,16384,4,32,462.587
512,16384,4,64,463.589
512,16384,4,128,462.395
512,16384,4,256,462.704
512,16384,4,512,463.536
512,16384,4,1024,462.619
512,16384,4,2048,463.035
512,16384,4,4096,463.782
512,16384,4,8192,461.797
512,16384,4,16384,465.541
512,16384,8,16,462.757
512,16384,8,32,462.373
512,16384,8,64,463.066
512,16384,8,128,463.302
512,16384,8,256,462.043
512,16384,8,512,462.096
512,16384,8,1024,463.301
512,16384,8,2048,462.448
512,16384,8,4096,462.8
512,16384,8,8192,462.396
512,16384,8,16384,467.589
512,16384,16,16,462.96
512,16384,16,32,462.832
512,16384,16,64,462.086
512,16384,16,128,462.32
512,16384,16,256,463.067
512,16384,16,512,463.195
512,16384,16,1024,463.28
512,16384,16,2048,466.064
512,16384,16,4096,469.701
512,16384,16,8192,478.128
512,16384,16,16384,529.734
512,16384,32,16,463.014
512,16384,32,32,463.419
512,16384,32,64,463.6
512,16384,32,128,463.867
512,16384,32,256,463.355
512,16384,32,512,463.91
512,16384,32,1024,470.139
512,16384,32,2048,477.072
512,16384,32,4096,491.44
512,16384,32,8192,562.993
512,16384,32,16384,879.104
512,16384,64,16,463.056
512,16384,64,32,463.173
512,16384,64,64,463.568
512,16384,64,128,462.448
512,16384,64,256,463.343
512,16384,64,512,467.685
512,16384,64,1024,476.027
512,16384,64,2048,491.568
512,16384,64,4096,528.412
512,16384,64,8192,831.551
512,16384,64,16384,1387.6
512,16384,128,16,462.897
512,16384,128,32,464.038
512,16384,128,64,464.208
512,16384,128,128,463.845
512,16384,128,256,464.698
512,16384,128,512,476.038
512,16384,128,1024,496.411
512,16384,128,2048,541.98
512,16384,128,4096,815.018
512,16384,128,8192,1388.48
512,16384,128,16384,2481.19
1024,0,0,0,48.107
1024,0,1,16,48.1923
1024,0,1,32,48.0547
1024,0,1,64,47.9577
1024,0,1,128,49.3777
1024,0,1,256,51.2117
1024,0,1,512,55.596
1024,0,1,1024,63.7023
1024,0,1,2048,78.0067
1024,0,1,4096,105.527
1024,0,1,8192,159.297
1024,0,1,16384,267.801
1024,0,2,16,47.905
1024,0,2,32,47.958
1024,0,2,64,48.1387
1024,0,2,128,49.462
1024,0,2,256,51.5637
1024,0,2,512,55.2537
1024,0,2,1024,63.9693
1024,0,2,2048,78.8597
1024,0,2,4096,105.644
1024,0,2,8192,160.248
1024,0,2,16384,268.409
1024,0,4,16,47.851
1024,0,4,32,48.1817
1024,0,4,64,48.32
1024,0,4,128,49.398
1024,0,4,256,51.18
1024,0,4,512,55.435
1024,0,4,1024,63.638
1024,0,4,2048,78.315
1024,0,4,4096,105.515
1024,0,4,8192,159.714
1024,0,4,16384,269.849
1024,0,8,16,48.1933
1024,0,8,32,48.065
1024,0,8,64,48.7153
1024,0,8,128,49.7077
1024,0,8,256,51.7557
1024,0,8,512,56.0007
1024,0,8,1024,64.566
1024,0,8,2048,80.3533
1024,0,8,4096,110.188
1024,0,8,8192,164.663
1024,0,8,16384,273.368
1024,0,16,16,48.523
1024,0,16,32,48.7043
1024,0,16,64,49.643
1024,0,16,128,50.614
1024,0,16,256,53.5583
1024,0,16,512,61.142
1024,0,16,1024,72.3953
1024,0,16,2048,94.3907
1024,0,16,4096,131.095
1024,0,16,8192,198.05
1024,0,16,16384,333.199
1024,0,32,16,55.5847
1024,0,32,32,55.8733
1024,0,32,64,55.6063
1024,0,32,128,59.0293
1024,0,32,256,65.1423
1024,0,32,512,79.2333
1024,0,32,1024,104.812
1024,0,32,2048,149.282
1024,0,32,4096,231.256
1024,0,32,8192,399.045
1024,0,32,16384,735.465
1024,0,64,16,60.7473
1024,0,64,32,61.249
1024,0,64,64,61.8037
1024,0,64,128,67.2863
1024,0,64,256,76.396
1024,0,64,512,99.447
1024,0,64,1024,138.53
1024,0,64,2048,208.771
1024,0,64,4096,350.831
1024,0,64,8192,640.242
1024,0,64,16384,1222.08
1024,0,128,16,73.5477
1024,0,128,32,73.516
1024,0,128,64,74.8807
1024,0,128,128,84.556
1024,0,128,256,100.684
1024,0,128,512,137.314
1024,0,128,1024,203.533
1024,0,128,2048,340.452
1024,0,128,4096,619.623
1024,0,128,8192,1169.59
1024,0,128,16384,2269.41
1024,16,0,0,48.4267
1024,16,1,16,48.1497
1024,16,1,32,48.1603
1024,16,1,64,48.2237
1024,16,1,128,49.1963
1024,16,1,256,51.3607
1024,16,1,512,55.5417
1024,16,1,1024,63.9047
1024,16,1,2048,78.518
1024,16,1,4096,105.121
1024,16,1,8192,159.607
1024,16,1,16384,268.153
1024,16,2,16,48.2147
1024,16,2,32,47.9263
1024,16,2,64,48.3317
1024,16,2,128,49.5787
1024,16,2,256,51.5097
1024,16,2,512,55.5737
1024,16,2,1024,63.7773
1024,16,2,2048,78.626
1024,16,2,4096,105.729
1024,16,2,8192,159.97
1024,16,2,16384,268.302
1024,16,4,16,48.0643
1024,16,4,32,48.6843
1024,16,4,64,48.2993
1024,16,4,128,49.4193
1024,16,4,256,51.2327
1024,16,4,512,55.3927
1024,16,4,1024,63.8833
1024,16,4,2048,78.2517
1024,16,4,4096,106.018
1024,16,4,8192,159.789
1024,16,4,16384,270.169
1024,16,8,16,48.534
1024,16,8,32,48.8537
1024,16,8,64,48.811
1024,16,8,128,50.849
1024,16,8,256,52.321
1024,16,8,512,57.3977
1024,16,8,1024,65.1107
1024,16,8,2048,81.2487
1024,16,8,4096,110.444
1024,16,8,8192,164.973
1024,16,8,16384,275.928
1024,16,16,16,49.1737
1024,16,16,32,49.58
1024,16,16,64,49.9633
1024,16,16,128,51.7127
1024,16,16,256,53.899
1024,16,16,512,60.939
1024,16,16,1024,73.281
1024,16,16,2048,94.8273
1024,16,16,4096,130.956
1024,16,16,8192,197.539
1024,16,16,16384,332.238
1024,16,32,16,55.756
1024,16,32,32,55.6917
1024,16,32,64,55.9477
1024,16,32,128,59.4887
1024,16,32,256,64.9393
1024,16,32,512,78.6037
1024,16,32,1024,104.385
1024,16,32,2048,149.73
1024,16,32,4096,231.416
1024,16,32,8192,397.722
1024,16,32,16384,730.783
1024,16,64,16,61.9313
1024,16,64,32,62.1557
1024,16,64,64,62.1983
1024,16,64,128,68.193
1024,16,64,256,76.0753
1024,16,64,512,99.5847
1024,16,64,1024,139.01
1024,16,64,2048,209.731
1024,16,64,4096,349.924
1024,16,64,8192,644.541
1024,16,64,16384,1225.49
1024,16,128,16,73.8037
1024,16,128,32,74.5607
1024,16,128,64,75.66
1024,16,128,128,85.0897
1024,16,128,256,101.164
1024,16,128,512,137.089
1024,16,128,1024,204.546
1024,16,128,2048,340.473
1024,16,128,4096,618.429
1024,16,128,8192,1169.64
1024,16,128,16384,2268.75
1024,32,0,0,49.8887
1024,32,1,16,50.059
1024,32,1,32,49.7713
1024,32,1,64,49.8567
1024,32,1,128,49.633
1024,32,1,256,51.0933
1024,32,1,512,55.137
1024,32,1,1024,63.915
1024,32,1,2048,78.4857
1024,32,1,4096,105.473
1024,32,1,8192,159.319
1024,32,1,16384,268.207
1024,32,2,16,50.0803
1024,32,2,32,49.5477
1024,32,2,64,49.9313
1024,32,2,128,50.2403
1024,32,2,256,51.4457
1024,32,2,512,55.446
1024,32,2,1024,63.936
1024,32,2,2048,78.465
1024,32,2,4096,105.409
1024,32,2,8192,159.309
1024,32,2,16384,268.441
1024,32,4,16,50.1023
1024,32,4,32,49.7927
1024,32,4,64,49.792
1024,32,4,128,50.5817
1024,32,4,256,52.4697
1024,32,4,512,57.036
1024,32,4,1024,65.174
1024,32,4,2048,79.6277
1024,32,4,4096,107.212
1024,32,4,8192,161.591
1024,32,4,16384,269.902
1024,32,8,16,49.8247
1024,32,8,32,49.846
1024,32,8,64,50.0707
1024,32,8,128,51.158
1024,32,8,256,53.0673
1024,32,8,512,57.3553
1024,32,8,1024,66.4643
1024,32,8,2048,81.4933
1024,32,8,4096,111.191
1024,32,8,8192,165.325
1024,32,8,16384,275.961
1024,32,16,16,50.0803
1024,32,16,32,49.654
1024,32,16,64,50.4327
1024,32,16,128,51.6593
1024,32,16,256,54.2403
1024,32,16,512,61.749
1024,32,16,1024,72.875
1024,32,16,2048,95.2013
1024,32,16,4096,131.842
1024,32,16,8192,198.615
1024,32,16,16384,334.554
1024,32,32,16,55.8407
1024,32,32,32,55.9043
1024,32,32,64,56.214
1024,32,32,128,59.9053
1024,32,32,256,66.5083
1024,32,32,512,79.019
1024,32,32,1024,103.607
1024,32,32,2048,149.58
1024,32,32,4096,232.76
1024,32,32,8192,395.973
1024,32,32,16384,737.673
1024,32,64,16,61.7283
1024,32,64,32,62.155
1024,32,64,64,62.219
1024,32,64,128,68.097
1024,32,64,256,76.4277
1024,32,64,512,100.471
1024,32,64,1024,138.413
1024,32,64,2048,209.069
1024,32,64,4096,350.596
1024,32,64,8192,640.168
1024,32,64,16384,1221.76
1024,32,128,16,74.2407
1024,32,128,32,74.07
1024,32,128,64,75.851
1024,32,128,128,86.2193
1024,32,128,256,101.665
1024,32,128,512,137.836
1024,32,128,1024,203.961
1024,32,128,2048,342.596
1024,32,128,4096,620.956
1024,32,128,8192,1171.52
1024,32,128,16384,2267.78
1024,64,0,0,51.5953
1024,64,1,16,51.457
1024,64,1,32,51.7983
1024,64,1,64,51.617
1024,64,1,128,51.3923
1024,64,1,256,53.3433
1024,64,1,512,57.2593
1024,64,1,1024,65.835
1024,64,1,2048,80.5027
1024,64,1,4096,107.031
1024,64,1,8192,160.791
1024,64,1,16384,270.18
1024,64,2,16,51.5417
1024,64,2,32,51.745
1024,64,2,64,51.3073
1024,64,2,128,51.3607
1024,64,2,256,53.5157
1024,64,2,512,57.739
1024,64,2,1024,65.7297
1024,64,2,2048,80.5977
1024,64,2,4096,107.361
1024,64,2,8192,161.986
1024,64,2,16384,269.828
1024,64,4,16,51.5523
1024,64,4,32,51.7977
1024,64,4,64,51.531
1024,64,4,128,51.5733
1024,64,4,256,52.992
1024,64,4,512,57.3453
1024,64,4,1024,65.8353
1024,64,4,2048,80.5773
1024,64,4,4096,107.767
1024,64,4,8192,161.964
1024,64,4,16384,271.694
1024,64,8,16,51.8083
1024,64,8,32,51.734
1024,64,8,64,51.713
1024,64,8,128,51.637
1024,64,8,256,53.7503
1024,64,8,512,58.2407
1024,64,8,1024,66.496
1024,64,8,2048,82.8377
1024,64,8,4096,112.033
1024,64,8,8192,167.053
1024,64,8,16384,275.384
1024,64,16,16,52.0647
1024,64,16,32,52.0437
1024,64,16,64,51.9683
1024,64,16,128,52.63
1024,64,16,256,55.1687
1024,64,16,512,62.624
1024,64,16,1024,73.5797
1024,64,16,2048,95.8513
1024,64,16,4096,132.012
1024,64,16,8192,201.559
1024,64,16,16384,337.252
1024,64,32,16,58.3043
1024,64,32,32,58.55
1024,64,32,64,58.5707
1024,64,32,128,62.0273
1024,64,32,256,66.5827
1024,64,32,512,80.6517
1024,64,32,1024,106.391
1024,64,32,2048,150.412
1024,64,32,4096,233.528
1024,64,32,8192,398.533
1024,64,32,16384,739.795
1024,64,64,16,63.478
1024,64,64,32,64.1827
1024,64,64,64,64.4703
1024,64,64,128,69.846
1024,64,64,256,77.9313
1024,64,64,512,101.366
1024,64,64,1024,139.169
1024,64,64,2048,210.36
1024,64,64,4096,351.588
1024,64,64,8192,647.848
1024,64,64,16384,1227.11
1024,64,128,16,76.065
1024,64,128,32,76.3213
1024,64,128,64,77.014
1024,64,128,128,87.2017
1024,64,128,256,103.617
1024,64,128,512,139.596
1024,64,128,1024,205.422
1024,64,128,2048,341.86
1024,64,128,4096,623.335
1024,64,128,8192,1170.57
1024,64,128,16384,2264.78
1024,128,0,0,53.9317
1024,128,1,16,53.9413
1024,128,1,32,53.8243
1024,128,1,64,54.166
1024,128,1,128,53.7183
1024,128,1,256,55.8297
1024,128,1,512,59.638
1024,128,1,1024,67.8193
1024,128,1,2048,82.2947
1024,128,1,4096,109.367
1024,128,1,8192,163.693
1024,128,1,16384,272.196
1024,128,2,16,54.4113
1024,128,2,32,54.2083
1024,128,2,64,54.2937
1024,128,2,128,54.4643
1024,128,2,256,55.915
1024,128,2,512,59.8407
1024,128,2,1024,67.649
1024,128,2,2048,82.2623
1024,128,2,4096,109.442
1024,128,2,8192,164.023
1024,128,2,16384,272.356
1024,128,4,16,54.2943
1024,128,4,32,53.9527
1024,128,4,64,54.251
1024,128,4,128,54.1447
1024,128,4,256,55.9153
1024,128,4,512,59.9047
1024,128,4,1024,67.638
1024,128,4,2048,81.9323
1024,128,4,4096,109.185
1024,128,4,8192,163.639
1024,128,4,16384,272.856
1024,128,8,16,54.39
1024,128,8,32,54.4113
1024,128,8,64,54.539
1024,128,8,128,54.155
1024,128,8,256,55.8083
1024,128,8,512,60.203
1024,128,8,1024,68.256
1024,128,8,2048,84.8543
1024,128,8,4096,113.569
1024,128,8,8192,167.543
1024,128,8,16384,276.814
1024,128,16,16,54.6457
1024,128,16,32,54.2627
1024,128,16,64,54.2617
1024,128,16,128,55.435
1024,128,16,256,56.9073
1024,128,16,512,64.555
1024,128,16,1024,75.4677
1024,128,16,2048,97.9633
1024,128,16,4096,134.562
1024,128,16,8192,201.005
1024,128,16,16384,336.814
1024,128,32,16,60.8753
1024,128,32,32,60.406
1024,128,32,64,60.95
1024,128,32,128,64.4483
1024,128,32,256,68.2997
1024,128,32,512,82.2203
1024,128,32,1024,107.393
1024,128,32,2048,152.151
1024,128,32,4096,235.384
1024,128,32,8192,400.89
1024,128,32,16384,743.603
1024,128,64,16,66.081
1024,128,64,32,65.889
1024,128,64,64,66.5293
1024,128,64,128,71.9157
1024,128,64,256,79.8197
1024,128,64,512,103.916
1024,128,64,1024,140.738
1024,128,64,2048,212.259
1024,128,64,4096,352.304
1024,128,64,8192,642.961
1024,128,64,16384,1230.19
1024,128,128,16,77.9533
1024,128,128,32,77.8993
1024,128,128,64,79.542
1024,128,128,128,89.612
1024,128,128,256,105.655
1024,128,128,512,140.738
1024,128,128,1024,207.981
1024,128,128,2048,345.114
1024,128,128,4096,622.248
1024,128,128,8192,1174.81
1024,128,128,16384,2271.32
1024,256,0,0,59.8837
1024,256,1,16,60.0967
1024,256,1,32,60.2993
1024,256,1,64,59.7873
1024,256,1,128,59.9903
1024,256,1,256,59.936
1024,256,1,512,63.3613
1024,256,1,1024,71.4037
1024,256,1,2048,85.825
1024,256,1,4096,112.801
1024,256,1,8192,166.829
1024,256,1,16384,275.737
1024,256,2,16,60.3737
1024,256,2,32,59.8627
1024,256,2,64,60.2783
1024,256,2,128,60.491
1024,256,2,256,60.3957
1024,256,2,512,63.5307
1024,256,2,1024,71.5637
1024,256,2,2048,85.7077
1024,256,2,4096,112.854
1024,256,2,8192,166.647
1024,256,2,16384,275.246
1024,256,4,16,59.7767
1024,256,4,32,60.1493
1024,256,4,64,59.9367
1024,256,4,128,59.829
1024,256,4,256,60.0327
1024,256,4,512,63.5623
1024,256,4,1024,71.873
1024,256,4,2048,85.8257
1024,256,4,4096,113.047
1024,256,4,8192,167.607
1024,256,4,16384,277.667
1024,256,8,16,60.4063
1024,256,8,32,59.7233
1024,256,8,64,60.278
1024,256,8,128,60.331
1024,256,8,256,60.321
1024,256,8,512,64.449
1024,256,8,1024,72.534
1024,256,8,2048,89.217
1024,256,8,4096,117.569
1024,256,8,8192,172.002
1024,256,8,16384,281.507
1024,256,16,16,60.1497
1024,256,16,32,59.9687
1024,256,16,64,60.1827
1024,256,16,128,60.7257
1024,256,16,256,61.483
1024,256,16,512,68.4807
1024,256,16,1024,79.639
1024,256,16,2048,101.718
1024,256,16,4096,138.284
1024,256,16,8192,206.36
1024,256,16,16384,341.615
1024,256,32,16,63.7337
1024,256,32,32,63.9473
1024,256,32,64,64.9503
1024,256,32,128,68.7793
1024,256,32,256,72.715
1024,256,32,512,84.758
1024,256,32,1024,109.441
1024,256,32,2048,155.459
1024,256,32,4096,239.075
1024,256,32,8192,403.407
1024,256,32,16384,741.993
1024,256,64,16,69.7073
1024,256,64,32,70.0597
1024,256,64,64,70.8597
1024,256,64,128,76.278
1024,256,64,256,84.5343
1024,256,64,512,105.537
1024,256,64,1024,143.841
1024,256,64,2048,215.117
1024,256,64,4096,357.124
1024,256,64,8192,645.555
1024,256,64,16384,1237.44
1024,256,128,16,82.4113
1024,256,128,32,82.625
1024,256,128,64,83.4993
1024,256,128,128,94.1557
1024,256,128,256,110.806
1024,256,128,512,143.382
1024,256,128,1024,211.053
1024,256,128,2048,348.484
1024,256,128,4096,627.037
1024,256,128,8192,1177.33
1024,256,128,16384,2272.88
1024,512,0,0,72.8757
1024,512,1,16,72.7797
1024,512,1,32,72.7263
1024,512,1,64,72.5773
1024,512,1,128,72.6087
1024,512,1,256,72.459
1024,512,1,512,72.6193
1024,512,1,1024,79.5103
1024,512,1,2048,93.3447
1024,512,1,4096,120.109
1024,512,1,8192,174.211
1024,512,1,16384,282.809
1024,512,2,16,72.3957
1024,512,2,32,72.641
1024,512,2,64,72.0963
1024,512,2,128,72.4913
1024,512,2,256,72.1503
1024,512,2,512,72.534
1024,512,2,1024,79.7553
1024,512,2,2048,92.961
1024,512,2,4096,119.895
1024,512,2,8192,174.274
1024,512,2,16384,283.118
1024,512,4,16,72.8967
1024,512,4,32,72.4387
1024,512,4,64,72.6297
1024,512,4,128,73.1103
1024,512,4,256,72.7047
1024,512,4,512,72.438
1024,512,4,1024,79.8093
1024,512,4,2048,93.3883
1024,512,4,4096,120.332
1024,512,4,8192,174.732
1024,512,4,16384,284.974
1024,512,8,16,72.9927
1024,512,8,32,73.0467
1024,512,8,64,72.886
1024,512,8,128,72.6837
1024,512,8,256,73.0997
1024,512,8,512,72.737
1024,512,8,1024,81.0253
1024,512,8,2048,97.356
1024,512,8,4096,126.028
1024,512,8,8192,180.44
1024,512,8,16384,289.614
1024,512,16,16,72.9393
1024,512,16,32,72.6733
1024,512,16,64,72.6307
1024,512,16,128,72.7897
1024,512,16,256,72.8963
1024,512,16,512,75.9793
1024,512,16,1024,87.2647
1024,512,16,2048,110.689
1024,512,16,4096,146.85
1024,512,16,8192,215.149
1024,512,16,16384,349.199
1024,512,32,16,74.1557
1024,512,32,32,73.974
1024,512,32,64,74.497
1024,512,32,128,76.7363
1024,512,32,256,80.3
1024,512,32,512,92.8333
1024,512,32,1024,117.122
1024,512,32,2048,163.395
1024,512,32,4096,245.774
1024,512,32,8192,412.869
1024,512,32,16384,756.766
1024,512,64,16,78.401
1024,512,64,32,78.423
1024,512,64,64,79.286
1024,512,64,128,83.8727
1024,512,64,256,92.887
1024,512,64,512,114.935
1024,512,64,1024,150.925
1024,512,64,2048,222.136
1024,512,64,4096,364.517
1024,512,64,8192,660.542
1024,512,64,16384,1233.72
1024,512,128,16,90.9877
1024,512,128,32,90.7743
1024,512,128,64,92.0653
1024,512,128,128,101.729
1024,512,128,256,118.604
1024,512,128,512,152.193
1024,512,128,1024,218.35
1024,512,128,2048,357.402
1024,512,128,4096,635.101
1024,512,128,8192,1188.57
1024,512,128,16384,2282.71
1024,1024,0,0,94.8703
1024,1024,1,16,94.731
1024,1024,1,32,94.945
1024,1024,1,64,94.9137
1024,1024,1,128,94.508
1024,1024,1,256,95.0093
1024,1024,1,512,94.945
1024,1024,1,1024,94.796
1024,1024,1,2048,107.767
1024,1024,1,4096,134.722
1024,1024,1,8192,189.506
1024,1024,1,16384,297.359
1024,1024,2,16,94.902
1024,1024,2,32,95.1473
1024,1024,2,64,94.7317
1024,1024,2,128,94.785
1024,1024,2,256,94.6353
1024,1024,2,512,94.8597
1024,1024,2,1024,94.8383
1024,1024,2,2048,107.905
1024,1024,2,4096,135.457
1024,1024,2,8192,189.773
1024,1024,2,16384,298.168
1024,1024,4,16,95.0837
1024,1024,4,32,94.9237
1024,1024,4,64,94.753
1024,1024,4,128,94.7107
1024,1024,4,256,94.6153
1024,1024,4,512,94.9867
1024,1024,4,1024,95.201
1024,1024,4,2048,107.756
1024,1024,4,4096,135.468
1024,1024,4,8192,189.559
1024,1024,4,16384,299.758
1024,1024,8,16,94.732
1024,1024,8,32,95.1473
1024,1024,8,64,94.6037
1024,1024,8,128,94.7533
1024,1024,8,256,95.116
1024,1024,8,512,94.6357
1024,1024,8,1024,96.4807
1024,1024,8,2048,113.452
1024,1024,8,4096,142.391
1024,1024,8,8192,195.854
1024,1024,8,16384,305.369
1024,1024,16,16,94.8703
1024,1024,16,32,95.062
1024,1024,16,64,94.6143
1024,1024,16,128,94.5933
1024,1024,16,256,95.073
1024,1024,16,512,96.1507
1024,1024,16,1024,105.132
1024,1024,16,2048,127.383
1024,1024,16,4096,163.341
1024,1024,16,8192,231.64
1024,1024,16,16384,365.881
1024,1024,32,16,96.1083
1024,1024,32,32,96.385
1024,1024,32,64,96.2143
1024,1024,32,128,96.2463
1024,1024,32,256,96.982
1024,1024,32,512,110.262
1024,1024,32,1024,132.374
1024,1024,32,2048,177.709
1024,1024,32,4096,260.077
1024,1024,32,8192,427.994
1024,1024,32,16384,767.017
1024,1024,64,16,95.9693
1024,1024,64,32,96.129
1024,1024,64,64,96.1077
1024,1024,64,128,99.5963
1024,1024,64,256,109.719
1024,1024,64,512,132.45
1024,1024,64,1024,166.626
1024,1024,64,2048,236.899
1024,1024,64,4096,379.78
1024,1024,64,8192,674.504
1024,1024,64,16384,1258.35
1024,1024,128,16,108.086
1024,1024,128,32,108.397
1024,1024,128,64,110.081
1024,1024,128,128,119.681
1024,1024,128,256,138.604
1024,1024,128,512,169.602
1024,1024,128,1024,235.438
1024,1024,128,2048,375.311
1024,1024,128,4096,654.238
1024,1024,128,8192,1204.31
1024,1024,128,16384,2302.98
1024,2048,0,0,137.751
1024,2048,1,16,137.889
1024,2048,1,32,137.516
1024,2048,1,64,138.103
1024,2048,1,128,137.879
1024,2048,1,256,137.527
1024,2048,1,512,137.953
1024,2048,1,1024,137.399
1024,2048,1,2048,138.146
1024,2048,1,4096,164.887
1024,2048,1,8192,219.053
1024,2048,1,16384,327.63
1024,2048,2,16,137.996
1024,2048,2,32,138.028
1024,2048,2,64,137.868
1024,2048,2,128,137.548
1024,2048,2,256,137.804
1024,2048,2,512,137.847
1024,2048,2,1024,137.75
1024,2048,2,2048,138.296
1024,2048,2,4096,164.951
1024,2048,2,8192,219.298
1024,2048,2,16384,327.47
1024,2048,4,16,137.793
1024,2048,4,32,138.092
1024,2048,4,64,137.836
1024,2048,4,128,137.868
1024,2048,4,256,138.294
1024,2048,4,512,137.762
1024,2048,4,1024,137.9
1024,2048,4,2048,138.412
1024,2048,4,4096,165.783
1024,2048,4,8192,218.775
1024,2048,4,16384,328.974
1024,2048,8,16,137.719
1024,2048,8,32,138.253
1024,2048,8,64,138.082
1024,2048,8,128,138.05
1024,2048,8,256,138.134
1024,2048,8,512,138.465
1024,2048,8,1024,138.263
1024,2048,8,2048,142.925
1024,2048,8,4096,170.968
1024,2048,8,8192,225.549
1024,2048,8,16384,336.409
1024,2048,16,16,138.327
1024,2048,16,32,138.232
1024,2048,16,64,138.05
1024,2048,16,128,137.932
1024,2048,16,256,138.028
1024,2048,16,512,138.966
1024,2048,16,1024,143.223
1024,2048,16,2048,157.912
1024,2048,16,4096,194.296
1024,2048,16,8192,261.443
1024,2048,16,16384,395.6
1024,2048,32,16,139.788
1024,2048,32,32,139.255
1024,2048,32,64,139.554
1024,2048,32,128,139.404
1024,2048,32,256,140.001
1024,2048,32,512,142.412
1024,2048,32,1024,162.732
1024,2048,32,2048,205.037
1024,2048,32,4096,289.016
1024,2048,32,8192,456.753
1024,2048,32,16384,791.146
1024,2048,64,16,138.988
1024,2048,64,32,139.084
1024,2048,64,64,139.063
1024,2048,64,128,139.159
1024,2048,64,256,141.975
1024,2048,64,512,162.53
1024,2048,64,1024,197.997
1024,2048,64,2048,266.062
1024,2048,64,4096,409.85
1024,2048,64,8192,703.432
1024,2048,64,16384,1278.8
1024,2048,128,16,139.927
1024,2048,128,32,139.746
1024,2048,128,64,140.951
1024,2048,128,128,152.6
1024,2048,128,256,169.314
1024,2048,128,512,201.859
1024,2048,128,1024,267.214
1024,2048,128,2048,404.793
1024,2048,128,4096,686.013
1024,2048,128,8192,1239.82
1024,2048,128,16384,2331.63
1024,4096,0,0,216.131
1024,4096,1,16,215.459
1024,4096,1,32,215.768
1024,4096,1,64,215.501
1024,4096,1,128,216.035
1024,4096,1,256,215.277
1024,4096,1,512,215.064
1024,4096,1,1024,215.725
1024,4096,1,2048,215.043
1024,4096,1,4096,215.768
1024,4096,1,8192,269.091
1024,4096,1,16384,377.936
1024,4096,2,16,215.575
1024,4096,2,32,215.33
1024,4096,2,64,215.427
1024,4096,2,128,215.842
1024,4096,2,256,215.576
1024,4096,2,512,215.758
1024,4096,2,1024,215.597
1024,4096,2,2048,215.938
1024,4096,2,4096,216.386
1024,4096,2,8192,270.232
1024,4096,2,16384,378.938
1024,4096,4,16,215.853
1024,4096,4,32,216.056
1024,4096,4,64,215.618
1024,4096,4,128,215.778
1024,4096,4,256,215.863
1024,4096,4,512,215.918
1024,4096,4,1024,215.448
1024,4096,4,2048,216.003
1024,4096,4,4096,216.781
1024,4096,4,8192,271.257
1024,4096,4,16384,379.172
1024,4096,8,16,214.104
1024,4096,8,32,214.754
1024,4096,8,64,214.317
1024,4096,8,128,215.843
1024,4096,8,256,215.704
1024,4096,8,512,215.896
1024,4096,8,1024,216.536
1024,4096,8,2048,215.821
1024,4096,8,4096,222.797
1024,4096,8,8192,276.91
1024,4096,8,16384,388.57
1024,4096,16,16,215.49
1024,4096,16,32,215.939
1024,4096,16,64,215.95
1024,4096,16,128,215.832
1024,4096,16,256,215.821
1024,4096,16,512,216.632
1024,4096,16,1024,216.868
1024,4096,16,2048,221.016
1024,4096,16,4096,248.856
1024,4096,16,8192,319.535
1024,4096,16,16384,454.661
1024,4096,32,16,217.08
1024,4096,32,32,217.485
1024,4096,32,64,216.525
1024,4096,32,128,216.856
1024,4096,32,256,218.189
1024,4096,32,512,219.33
1024,4096,32,1024,221.848
1024,4096,32,2048,251.491
1024,4096,32,4096,328.868
1024,4096,32,8192,498.822
1024,4096,32,16384,842.752
1024,4096,64,16,216.355
1024,4096,64,32,216.311
1024,4096,64,64,216.931
1024,4096,64,128,216.665
1024,4096,64,256,217.069
1024,4096,64,512,219.673
1024,4096,64,1024,248.931
1024,4096,64,2048,319.589
1024,4096,64,4096,455.643
1024,4096,64,8192,748.884
1024,4096,64,16384,1338.01
1024,4096,128,16,217.699
1024,4096,128,32,217.762
1024,4096,128,64,217.464
1024,4096,128,128,217.773
1024,4096,128,256,225.389
1024,4096,128,512,255.896
1024,4096,128,1024,321.795
1024,4096,128,2048,457.34
1024,4096,128,4096,741.908
1024,4096,128,8192,1299.81
1024,4096,128,16384,2392.14
1024,8192,0,0,375.887
1024,8192,1,16,374.384
1024,8192,1,32,374.542
1024,8192,1,64,375.077
1024,8192,1,128,376.164
1024,8192,1,256,376.25
1024,8192,1,512,377.124
1024,8192,1,1024,376.635
1024,8192,1,2048,376.922
1024,8192,1,4096,376.422
1024,8192,1,8192,377.156
1024,8192,1,16384,485.776
1024,8192,2,16,376.665
1024,8192,2,32,376.25
1024,8192,2,64,375.642
1024,8192,2,128,374.512
1024,8192,2,256,376.623
1024,8192,2,512,376.656
1024,8192,2,1024,376.635
1024,8192,2,2048,376.431
1024,8192,2,4096,376.154
1024,8192,2,8192,379.087
1024,8192,2,16384,486.523
1024,8192,4,16,376.207
1024,8192,4,32,376.399
1024,8192,4,64,376.687
1024,8192,4,128,376.816
1024,8192,4,256,377.072
1024,8192,4,512,376.474
1024,8192,4,1024,377.156
1024,8192,4,2048,376.975
1024,8192,4,4096,376.751
1024,8192,4,8192,379.6
1024,8192,4,16384,487.707
1024,8192,8,16,376.869
1024,8192,8,32,376.463
1024,8192,8,64,376.41
1024,8192,8,128,376.517
1024,8192,8,256,376.634
1024,8192,8,512,376.303
1024,8192,8,1024,376.762
1024,8192,8,2048,376.559
1024,8192,8,4096,377.114
1024,8192,8,8192,383.589
1024,8192,8,16384,493.147
1024,8192,16,16,377.007
1024,8192,16,32,376.944
1024,8192,16,64,376.815
1024,8192,16,128,377.102
1024,8192,16,256,376.975
1024,8192,16,512,376.794
1024,8192,16,1024,376.559
1024,8192,16,2048,379.279
1024,8192,16,4096,384.133
1024,8192,16,8192,423.941
1024,8192,16,16384,560.476
1024,8192,32,16,378.203
1024,8192,32,32,378.149
1024,8192,32,64,377.999
1024,8192,32,128,377.604
1024,8192,32,256,378.394
1024,8192,32,512,379.215
1024,8192,32,1024,381.242
1024,8192,32,2048,388.166
1024,8192,32,4096,430.331
1024,8192,32,8192,582.332
1024,8192,32,16384,924.427
1024,8192,64,16,377.947
1024,8192,64,32,378.682
1024,8192,64,64,377.775
1024,8192,64,128,378.489
1024,8192,64,256,377.573
1024,8192,64,512,379.525
1024,8192,64,1024,387.525
1024,8192,64,2048,423.323
1024,8192,64,4096,558.738
1024,8192,64,8192,841.237
1024,8192,64,16384,1423.04
1024,8192,128,16,378.502
1024,8192,128,32,378.138
1024,8192,128,64,378.842
1024,8192,128,128,377.7
1024,8192,128,256,378.959
1024,8192,128,512,383.653
1024,8192,128,1024,427.142
1024,8192,128,2048,566.556
1024,8192,128,4096,843.702
1024,8192,128,8192,1402.55
1024,8192,128,16384,2506.53
1024,16384,0,0,696.425
1024,16384,1,16,696.307
1024,16384,1,32,695.443
1024,16384,1,64,695.091
1024,16384,1,128,694.504
1024,16384,1,256,695.368
1024,16384,1,512,695.186
1024,16384,1,1024,695.764
1024,16384,1,2048,695.442
1024,16384,1,4096,694.887
1024,16384,1,8192,694.813
1024,16384,1,16384,699.699
1024,16384,2,16,694.964
1024,16384,2,32,695.785
1024,16384,2,64,696.317
1024,16384,2,128,694.931
1024,16384,2,256,696.232
1024,16384,2,512,695.539
1024,16384,2,1024,695.742
1024,16384,2,2048,696.479
1024,16384,2,4096,696.712
1024,16384,2,8192,695.401
1024,16384,2,16384,699.987
1024,16384,4,16,695.763
1024,16384,4,32,695.86
1024,16384,4,64,694.942
1024,16384,4,128,695.166
1024,16384,4,256,695.838
1024,16384,4,512,695.229
1024,16384,4,1024,695.252
1024,16384,4,2048,695.273
1024,16384,4,4096,695.581
1024,16384,4,8192,695.305
1024,16384,4,16384,702.462
1024,16384,8,16,695.699
1024,16384,8,32,696.446
1024,16384,8,64,695.72
1024,16384,8,128,695.945
1024,16384,8,256,696.381
1024,16384,8,512,695.721
1024,16384,8,1024,695.465
1024,16384,8,2048,695.688
1024,16384,8,4096,695.305
1024,16384,8,8192,694.728
1024,16384,8,16384,705.501
1024,16384,16,16,697.267
1024,16384,16,32,695.849
1024,16384,16,64,695.688
1024,16384,16,128,695.358
1024,16384,16,256,695.539
1024,16384,16,512,696.115
1024,16384,16,1024,696.819
1024,16384,16,2048,696.915
1024,16384,16,4096,696.617
1024,16384,16,8192,703.037
1024,16384,16,16384,770.9
1024,16384,32,16,696.755
1024,16384,32,32,697.204
1024,16384,32,64,696.477
1024,16384,32,128,697.662
1024,16384,32,256,696.883
1024,16384,32,512,698.952
1024,16384,32,1024,698.281
1024,16384,32,2048,703.07
1024,16384,32,4096,711.453
1024,16384,32,8192,786.848
1024,16384,32,16384,1090.66
1024,16384,64,16,697.556
1024,16384,64,32,697.395
1024,16384,64,64,697.651
1024,16384,64,128,697.801
1024,16384,64,256,698.206
1024,16384,64,512,697.097
1024,16384,64,1024,700.414
1024,16384,64,2048,716.926
1024,16384,64,4096,773.236
1024,16384,64,8192,1050.52
1024,16384,64,16384,1605.39
1024,16384,128,16,697.14
1024,16384,128,32,697.011
1024,16384,128,64,698.504
1024,16384,128,128,698.451
1024,16384,128,256,698.91
1024,16384,128,512,699.636
1024,16384,128,1024,714.793
1024,16384,128,2048,775.007
1024,16384,128,4096,1057.59
1024,16384,128,8192,1611.02
1024,16384,128,16384,2759.57
2048,0,0,0,119.18
2048,0,1,16,118.87
2048,0,1,32,118.455
2048,0,1,64,118.466
2048,0,1,128,119.202
2048,0,1,256,120.791
2048,0,1,512,123.735
2048,0,1,1024,130.85
2048,0,1,2048,144.461
2048,0,1,4096,171.149
2048,0,1,8192,224.76
2048,0,1,16384,333.391
2048,0,2,16,118.924
2048,0,2,32,118.817
2048,0,2,64,118.956
2048,0,2,128,119.308
2048,0,2,256,120.311
2048,0,2,512,123.927
2048,0,2,1024,130.53
2048,0,2,2048,144.376
2048,0,2,4096,171.5
2048,0,2,8192,225.57
2048,0,2,16384,334.34
2048,0,4,16,118.988
2048,0,4,32,119.063
2048,0,4,64,119.01
2048,0,4,128,119.223
2048,0,4,256,121.143
2048,0,4,512,124.566
2048,0,4,1024,130.892
2048,0,4,2048,145.143
2048,0,4,4096,171.821
2048,0,4,8192,226.691
2048,0,4,16384,335.311
2048,0,8,16,118.827
2048,0,8,32,118.828
2048,0,8,64,119.159
2048,0,8,128,120.354
2048,0,8,256,121.025
2048,0,8,512,126.124
2048,0,8,1024,133.687
2048,0,8,2048,149.079
2048,0,8,4096,178.69
2048,0,8,8192,233.347
2048,0,8,16384,343.961
2048,0,16,16,122.892
2048,0,16,32,123.318
2048,0,16,64,122.86
2048,0,16,128,124.534
2048,0,16,256,125.889
2048,0,16,512,132.662
2048,0,16,1024,144.93
2048,0,16,2048,166.402
2048,0,16,4096,204.174
2048,0,16,8192,270.723
2048,0,16,16384,406.575
2048,0,32,16,124.887
2048,0,32,32,124.716
2048,0,32,64,124.983
2048,0,32,128,127.959
2048,0,32,256,132.951
2048,0,32,512,148.311
2048,0,32,1024,173.602
2048,0,32,2048,218.648
2048,0,32,4096,302.628
2048,0,32,8192,467.611
2048,0,32,16384,803.722
2048,0,64,16,130.178
2048,0,64,32,130.039
2048,0,64,64,131.703
2048,0,64,128,136.397
2048,0,64,256,147.351
2048,0,64,512,171.042
2048,0,64,1024,209.048
2048,0,64,2048,280.153
2048,0,64,4096,421.531
2048,0,64,8192,710.804
2048,0,64,16384,1291.02
2048,0,128,16,141.314
2048,0,128,32,141.559
2048,0,128,64,144.343
2048,0,128,128,153.965
2048,0,128,256,172.919
2048,0,128,512,208.355
2048,0,128,1024,276.441
2048,0,128,2048,412.24
2048,0,128,4096,691.912
2048,0,128,8192,1248.98
2048,0,128,16384,2340.53
2048,16,0,0,120.909
2048,16,1,16,120.247
2048,16,1,32,120.119
2048,16,1,64,120.503
2048,16,1,128,120.321
2048,16,1,256,121.569
2048,16,1,512,125.068
2048,16,1,1024,132.396
2048,16,1,2048,145.719
2048,16,1,4096,172.322
2048,16,1,8192,226.093
2048,16,1,16384,334.852
2048,16,2,16,120.364
2048,16,2,32,120.311
2048,16,2,64,120.055
2048,16,2,128,120.14
2048,16,2,256,122.412
2048,16,2,512,124.834
2048,16,2,1024,132.332
2048,16,2,2048,146.273
2048,16,2,4096,172.717
2048,16,2,8192,227.129
2048,16,2,16384,336.025
2048,16,4,16,120.333
2048,16,4,32,120.054
2048,16,4,64,120.428
2048,16,4,128,120.812
2048,16,4,256,122.764
2048,16,4,512,125.676
2048,16,4,1024,133.015
2048,16,4,2048,146.583
2048,16,4,4096,173.453
2048,16,4,8192,228.216
2048,16,4,16384,337.466
2048,16,8,16,119.948
2048,16,8,32,120.599
2048,16,8,64,120.482
2048,16,8,128,121.921
2048,16,8,256,123.34
2048,16,8,512,127.832
2048,16,8,1024,134.71
2048,16,8,2048,150.423
2048,16,8,4096,179.479
2048,16,8,8192,234.541
2048,16,8,16384,345.978
2048,16,16,16,120.833
2048,16,16,32,121.719
2048,16,16,64,121.634
2048,16,16,128,123.809
2048,16,16,256,125.751
2048,16,16,512,134.028
2048,16,16,1024,144.216
2048,16,16,2048,167.458
2048,16,16,4096,203.544
2048,16,16,8192,270.766
2048,16,16,16384,406.245
2048,16,32,16,126.337
2048,16,32,32,126.039
2048,16,32,64,126.604
2048,16,32,128,128.204
2048,16,32,256,135.233
2048,16,32,512,150.306
2048,16,32,1024,175.938
2048,16,32,2048,222.029
2048,16,32,4096,303.8
2048,16,32,8192,470.053
2048,16,32,16384,807.785
2048,16,64,16,131.767
2048,16,64,32,132.023
2048,16,64,64,132.108
2048,16,64,128,137.197
2048,16,64,256,149.505
2048,16,64,512,174.103
2048,16,64,1024,212.365
2048,16,64,2048,283.438
2048,16,64,4096,423.429
2048,16,64,8192,712.639
2048,16,64,16384,1289.96
2048,16,128,16,143.18
2048,16,128,32,143.276
2048,16,128,64,144.567
2048,16,128,128,155.223
2048,16,128,256,174.52
2048,16,128,512,211.277
2048,16,128,1024,278.382
2048,16,128,2048,415.29
2048,16,128,4096,694.238
2048,16,128,8192,1246.03
2048,16,128,16384,2339.21
2048,32,0,0,121.943
2048,32,1,16,121.569
2048,32,1,32,122.06
2048,32,1,64,121.515
2048,32,1,128,121.846
2048,32,1,256,122.369
2048,32,1,512,125.579
2048,32,1,1024,132.577
2048,32,1,2048,146.232
2048,32,1,4096,173.164
2048,32,1,8192,226.914
2048,32,1,16384,335.919
2048,32,2,16,122.156
2048,32,2,32,121.676
2048,32,2,64,121.826
2048,32,2,128,121.633
2048,32,2,256,122.508
2048,32,2,512,126.509
2048,32,2,1024,132.876
2048,32,2,2048,146.113
2048,32,2,4096,172.952
2048,32,2,8192,227.736
2048,32,2,16384,336.239
2048,32,4,16,122.145
2048,32,4,32,121.526
2048,32,4,64,121.676
2048,32,4,128,121.846
2048,32,4,256,123.372
2048,32,4,512,126.455
2048,32,4,1024,133.42
2048,32,4,2048,146.871
2048,32,4,4096,174.338
2048,32,4,8192,227.971
2048,32,4,16384,338.511
2048,32,8,16,121.837
2048,32,8,32,121.921
2048,32,8,64,121.9
2048,32,8,128,122.007
2048,32,8,256,123.98
2048,32,8,512,127.81
2048,32,8,1024,135.308
2048,32,8,2048,150.625
2048,32,8,4096,180.28
2048,32,8,8192,235.321
2048,32,8,16384,345.327
2048,32,16,16,122.22
2048,32,16,32,122.401
2048,32,16,64,122.892
2048,32,16,128,123.062
2048,32,16,256,126.359
2048,32,16,512,134.231
2048,32,16,1024,145.079
2048,32,16,2048,167.704
2048,32,16,4096,203.843
2048,32,16,8192,273.401
2048,32,16,16384,407.834
2048,32,32,16,126.519
2048,32,32,32,126.86
2048,32,32,64,125.879
2048,32,32,128,129.729
2048,32,32,256,135.724
2048,32,32,512,150.402
2048,32,32,1024,176.215
2048,32,32,2048,221.719
2048,32,32,4096,303.438
2048,32,32,8192,470.14
2048,32,32,16384,807.338
2048,32,64,16,131.67
2048,32,64,32,132.375
2048,32,64,64,132.844
2048,32,64,128,137.836
2048,32,64,256,149.804
2048,32,64,512,173.912
2048,32,64,1024,212.045
2048,32,64,2048,283.214
2048,32,64,4096,423.483
2048,32,64,8192,712.798
2048,32,64,16384,1297.06
2048,32,128,16,143.714
2048,32,128,32,144.578
2048,32,128,64,145.1
2048,32,128,128,155.906
2048,32,128,256,175.021
2048,32,128,512,211.704
2048,32,128,1024,279.694
2048,32,128,2048,417.306
2048,32,128,4096,699.507
2048,32,128,8192,1245.72
2048,32,128,16384,2338.33
2048,64,0,0,124.141
2048,64,1,16,123.596
2048,64,1,32,123.991
2048,64,1,64,123.904
2048,64,1,128,123.723
2048,64,1,256,124.268
2048,64,1,512,127.841
2048,64,1,1024,134.679
2048,64,1,2048,148.3
2048,64,1,4096,174.967
2048,64,1,8192,229.4
2048,64,1,16384,337.518
2048,64,2,16,123.617
2048,64,2,32,123.564
2048,64,2,64,124.023
2048,64,2,128,123.618
2048,64,2,256,124.94
2048,64,2,512,127.916
2048,64,2,1024,134.604
2048,64,2,2048,148.023
2048,64,2,4096,175.181
2048,64,2,8192,229.005
2048,64,2,16384,337.337
2048,64,4,16,124.248
2048,64,4,32,123.65
2048,64,4,64,123.692
2048,64,4,128,123.916
2048,64,4,256,124.865
2048,64,4,512,128.023
2048,64,4,1024,134.796
2048,64,4,2048,148.172
2048,64,4,4096,176.525
2048,64,4,8192,229.549
2048,64,4,16384,339.705
2048,64,8,16,123.468
2048,64,8,32,123.884
2048,64,8,64,123.852
2048,64,8,128,124.439
2048,64,8,256,126.198
2048,64,8,512,129.932
2048,64,8,1024,137.441
2048,64,8,2048,152.759
2048,64,8,4096,182.424
2048,64,8,8192,237.282
2048,64,8,16384,348.227
2048,64,16,16,123.607
2048,64,16,32,123.831
2048,64,16,64,123.852
2048,64,16,128,125.688
2048,64,16,256,128.471
2048,64,16,512,136.256
2048,64,16,1024,146.732
2048,64,16,2048,169.634
2048,64,16,4096,206.659
2048,64,16,8192,273.486
2048,64,16,16384,408.581
2048,64,32,16,129.133
2048,64,32,32,129.346
2048,64,32,64,129.58
2048,64,32,128,131.031
2048,64,32,256,138.54
2048,64,32,512,152.525
2048,64,32,1024,178.199
2048,64,32,2048,223.245
2048,64,32,4096,305.529
2048,64,32,8192,471.963
2048,64,32,16384,811.753
2048,64,64,16,134.294
2048,64,64,32,134.22
2048,64,64,64,134.818
2048,64,64,128,140.13
2048,64,64,256,151.735
2048,64,64,512,176.045
2048,64,64,1024,214.125
2048,64,64,2048,285.241
2048,64,64,4096,426.277
2048,64,64,8192,714.109
2048,64,64,16384,1290.18
2048,64,128,16,145.708
2048,64,128,32,145.751
2048,64,128,64,147.309
2048,64,128,128,158.263
2048,64,128,256,177.901
2048,64,128,512,212.578
2048,64,128,1024,281.571
2048,64,128,2048,417.733
2048,64,128,4096,698.824
2048,64,128,8192,1250.03
2048,64,128,16384,2341.41
2048,128,0,0,128.279
2048,128,1,16,128.044
2048,128,1,32,127.905
2048,128,1,64,128.076
2048,128,1,128,127.607
2048,128,1,256,128.236
2048,128,1,512,131.671
2048,128,1,1024,137.633
2048,128,1,2048,151.479
2048,128,1,4096,178.508
2048,128,1,8192,233.017
2048,128,1,16384,341.508
2048,128,2,16,128.225
2048,128,2,32,127.917
2048,128,2,64,127.65
2048,128,2,128,128.279
2048,128,2,256,128.107
2048,128,2,512,131.511
2048,128,2,1024,138.53
2048,128,2,2048,151.938
2048,128,2,4096,179.213
2048,128,2,8192,233.368
2048,128,2,16384,342.607
2048,128,4,16,128.14
2048,128,4,32,128.471
2048,128,4,64,127.852
2048,128,4,128,128.151
2048,128,4,256,129.474
2048,128,4,512,132.951
2048,128,4,1024,138.999
2048,128,4,2048,152.418
2048,128,4,4096,179.704
2048,128,4,8192,234.019
2048,128,4,16384,343.715
2048,128,8,16,128.129
2048,128,8,32,127.777
2048,128,8,64,127.735
2048,128,8,128,128.364
2048,128,8,256,129.506
2048,128,8,512,134.391
2048,128,8,1024,141.25
2048,128,8,2048,156.887
2048,128,8,4096,186.743
2048,128,8,8192,240.526
2048,128,8,16384,351.204
2048,128,16,16,127.831
2048,128,16,32,127.713
2048,128,16,64,128.214
2048,128,16,128,129.186
2048,128,16,256,131.809
2048,128,16,512,139.607
2048,128,16,1024,150.999
2048,128,16,2048,173.367
2048,128,16,4096,210.37
2048,128,16,8192,276.644
2048,128,16,16384,411.919
2048,128,32,16,133.004
2048,128,32,32,133.656
2048,128,32,64,133.143
2048,128,32,128,136.162
2048,128,32,256,141.314
2048,128,32,512,156.685
2048,128,32,1024,182.424
2048,128,32,2048,227.31
2048,128,32,4096,309.902
2048,128,32,8192,476.315
2048,128,32,16384,811.637
2048,128,64,16,138.146
2048,128,64,32,138.37
2048,128,64,64,139.106
2048,128,64,128,144.609
2048,128,64,256,155.607
2048,128,64,512,180.205
2048,128,64,1024,218.317
2048,128,64,2048,288.281
2048,128,64,4096,429.402
2048,128,64,8192,719.252
2048,128,64,16384,1297.06
2048,128,128,16,149.197
2048,128,128,32,150.028
2048,128,128,64,151.543
2048,128,128,128,162.7
2048,128,128,256,180.012
2048,128,128,512,217.048
2048,128,128,1024,284.568
2048,128,128,2048,421.658
2048,128,128,4096,706.206
2048,128,128,8192,1252.65
2048,128,128,16384,2346.09
2048,256,0,0,137.527
2048,256,1,16,136.62
2048,256,1,32,136.876
2048,256,1,64,137.09
2048,256,1,128,137.111
2048,256,1,256,137.058
2048,256,1,512,139.704
2048,256,1,1024,146.263
2048,256,1,2048,159.436
2048,256,1,4096,186.754
2048,256,1,8192,240.58
2048,256,1,16384,349.199
2048,256,2,16,136.471
2048,256,2,32,136.407
2048,256,2,64,137.323
2048,256,2,128,137.047
2048,256,2,256,136.588
2048,256,2,512,139.693
2048,256,2,1024,145.965
2048,256,2,2048,160.023
2048,256,2,4096,186.392
2048,256,2,8192,241.475
2048,256,2,16384,349.049
2048,256,4,16,135.98
2048,256,4,32,137.1
2048,256,4,64,137.133
2048,256,4,128,137.185
2048,256,4,256,136.802
2048,256,4,512,140.556
2048,256,4,1024,146.914
2048,256,4,2048,160.652
2048,256,4,4096,187.319
2048,256,4,8192,241.219
2048,256,4,16384,351.588
2048,256,8,16,136.194
2048,256,8,32,136.354
2048,256,8,64,136.823
2048,256,8,128,137.111
2048,256,8,256,136.247
2048,256,8,512,140.92
2048,256,8,1024,148.172
2048,256,8,2048,163.469
2048,256,8,4096,193.165
2048,256,8,8192,248.804
2048,256,8,16384,358.682
2048,256,16,16,135.906
2048,256,16,32,136.332
2048,256,16,64,136.408
2048,256,16,128,137.666
2048,256,16,256,138.839
2048,256,16,512,147.106
2048,256,16,1024,158.882
2048,256,16,2048,181.528
2048,256,16,4096,216.856
2048,256,16,8192,285.347
2048,256,16,16384,422.928
2048,256,32,16,141.602
2048,256,32,32,141.73
2048,256,32,64,141.42
2048,256,32,128,144.257
2048,256,32,256,148.279
2048,256,32,512,163.309
2048,256,32,1024,187.949
2048,256,32,2048,233.912
2048,256,32,4096,316.622
2048,256,32,8192,481.766
2048,256,32,16384,818.398
2048,256,64,16,145.516
2048,256,64,32,146.295
2048,256,64,64,146.551
2048,256,64,128,152.898
2048,256,64,256,162.701
2048,256,64,512,186.467
2048,256,64,1024,225.048
2048,256,64,2048,296.622
2048,256,64,4096,436.656
2048,256,64,8192,726.025
2048,256,64,16384,1304.42
2048,256,128,16,157.335
2048,256,128,32,157.762
2048,256,128,64,159.49
2048,256,128,128,170.348
2048,256,128,256,188.674
2048,256,128,512,223.971
2048,256,128,1024,291.118
2048,256,128,2048,427.248
2048,256,128,4096,707.839
2048,256,128,8192,1264.47
2048,256,128,16384,2356.3
2048,512,0,0,156.898
2048,512,1,16,156.472
2048,512,1,32,156.322
2048,512,1,64,156.237
2048,512,1,128,156.226
2048,512,1,256,156.333
2048,512,1,512,156.429
2048,512,1,1024,161.548
2048,512,1,2048,174.818
2048,512,1,4096,201.762
2048,512,1,8192,256.206
2048,512,1,16384,364.9
2048,512,2,16,156.279
2048,512,2,32,156.652
2048,512,2,64,156.279
2048,512,2,128,156.034
2048,512,2,256,156.93
2048,512,2,512,156.696
2048,512,2,1024,162.146
2048,512,2,2048,174.893
2048,512,2,4096,202.605
2048,512,2,8192,256.313
2048,512,2,16384,365.038
2048,512,4,16,155.628
2048,512,4,32,156.332
2048,512,4,64,156.619
2048,512,4,128,156.706
2048,512,4,256,156.962
2048,512,4,512,156.482
2048,512,4,1024,161.976
2048,512,4,2048,175.628
2048,512,4,4096,203.287
2048,512,4,8192,256.035
2048,512,4,16384,367.162
2048,512,8,16,156.438
2048,512,8,32,156.268
2048,512,8,64,156.568
2048,512,8,128,156.3
2048,512,8,256,156.801
2048,512,8,512,156.652
2048,512,8,1024,163.895
2048,512,8,2048,180.887
2048,512,8,4096,209.826
2048,512,8,8192,262.702
2048,512,8,16384,373.86
2048,512,16,16,156.108
2048,512,16,32,155.288
2048,512,16,64,155.842
2048,512,16,128,156.055
2048,512,16,256,155.958
2048,512,16,512,161.751
2048,512,16,1024,172.685
2048,512,16,2048,196.237
2048,512,16,4096,232.824
2048,512,16,8192,299.384
2048,512,16,16384,435.205
2048,512,32,16,157.282
2048,512,32,32,157.452
2048,512,32,64,157.271
2048,512,32,128,159.938
2048,512,32,256,165.335
2048,512,32,512,176.77
2048,512,32,1024,201.742
2048,512,32,2048,248.109
2048,512,32,4096,330.446
2048,512,32,8192,496.028
2048,512,32,16384,834.741
2048,512,64,16,161.123
2048,512,64,32,161.495
2048,512,64,64,163.127
2048,512,64,128,168.151
2048,512,64,256,180.162
2048,512,64,512,200.003
2048,512,64,1024,237.4
2048,512,64,2048,308.9
2048,512,64,4096,450.277
2048,512,64,8192,739.667
2048,512,64,16384,1328.05
2048,512,128,16,173.186
2048,512,128,32,173.666
2048,512,128,64,175.191
2048,512,128,128,186.573
2048,512,128,256,205.56
2048,512,128,512,238.179
2048,512,128,1024,305.199
2048,512,128,2048,443.237
2048,512,128,4096,723.273
2048,512,128,8192,1281.27
2048,512,128,16384,2379.82
2048,1024,0,0,192.279
2048,1024,1,16,191.608
2048,1024,1,32,191.256
2048,1024,1,64,191.288
2048,1024,1,128,191.415
2048,1024,1,256,191.512
2048,1024,1,512,191.843
2048,1024,1,1024,191.246
2048,1024,1,2048,203.405
2048,1024,1,4096,231.384
2048,1024,1,8192,284.974
2048,1024,1,16384,393.135
2048,1024,2,16,191.949
2048,1024,2,32,191.618
2048,1024,2,64,191.864
2048,1024,2,128,191.458
2048,1024,2,256,190.604
2048,1024,2,512,191.394
2048,1024,2,1024,191.49
2048,1024,2,2048,203.042
2048,1024,2,4096,230.424
2048,1024,2,8192,284.131
2048,1024,2,16384,392.345
2048,1024,4,16,191.757
2048,1024,4,32,191.533
2048,1024,4,64,191.939
2048,1024,4,128,191.565
2048,1024,4,256,191.768
2048,1024,4,512,191.81
2048,1024,4,1024,192.044
2048,1024,4,2048,204.205
2048,1024,4,4096,231.575
2048,1024,4,8192,285.38
2048,1024,4,16384,395.545
2048,1024,8,16,191.213
2048,1024,8,32,190.947
2048,1024,8,64,192.376
2048,1024,8,128,191.65
2048,1024,8,256,191.618
2048,1024,8,512,191.629
2048,1024,8,1024,193.389
2048,1024,8,2048,209.346
2048,1024,8,4096,237.869
2048,1024,8,8192,293.049
2048,1024,8,16384,402.533
2048,1024,16,16,191.778
2048,1024,16,32,191.511
2048,1024,16,64,191.202
2048,1024,16,128,191.928
2048,1024,16,256,191.693
2048,1024,16,512,193.122
2048,1024,16,1024,204.503
2048,1024,16,2048,226.958
2048,1024,16,4096,265.017
2048,1024,16,8192,329.443
2048,1024,16,16384,463.963
2048,1024,32,16,192.312
2048,1024,32,32,192.407
2048,1024,32,64,192.14
2048,1024,32,128,192.526
2048,1024,32,256,192.792
2048,1024,32,512,205.069
2048,1024,32,1024,227.682
2048,1024,32,2048,273.209
2048,1024,32,4096,357.273
2048,1024,32,8192,523.963
2048,1024,32,16384,865.333
2048,1024,64,16,193.474
2048,1024,64,32,194.105
2048,1024,64,64,194.936
2048,1024,64,128,200.461
2048,1024,64,256,207.426
2048,1024,64,512,228.589
2048,1024,64,1024,263.479
2048,1024,64,2048,335.993
2048,1024,64,4096,478.021
2048,1024,64,8192,772.062
2048,1024,64,16384,1351.01
2048,1024,128,16,205.303
2048,1024,128,32,205.911
2048,1024,128,64,207.191
2048,1024,128,128,218.072
2048,1024,128,256,235.374
2048,1024,128,512,267.224
2048,1024,128,1024,333.498
2048,1024,128,2048,473.616
2048,1024,128,4096,752.499
2048,1024,128,8192,1306.12
2048,1024,128,16384,2403.61
2048,2048,0,0,262.584
2048,2048,1,16,262.766
2048,2048,1,32,262.37
2048,2048,1,64,262.232
2048,2048,1,128,262.382
2048,2048,1,256,261.069
2048,2048,1,512,262.264
2048,2048,1,1024,262.489
2048,2048,1,2048,262.531
2048,2048,1,4096,289.017
2048,2048,1,8192,342.841
2048,2048,1,16384,451.685
2048,2048,2,16,262.425
2048,2048,2,32,262.286
2048,2048,2,64,262.765
2048,2048,2,128,262.233
2048,2048,2,256,262.521
2048,2048,2,512,262.563
2048,2048,2,1024,262.339
2048,2048,2,2048,262.531
2048,2048,2,4096,289.123
2048,2048,2,8192,343.62
2048,2048,2,16384,451.856
2048,2048,4,16,262.478
2048,2048,4,32,262.829
2048,2048,4,64,262.542
2048,2048,4,128,261.689
2048,2048,4,256,262.531
2048,2048,4,512,261.496
2048,2048,4,1024,262.232
2048,2048,4,2048,262.254
2048,2048,4,4096,289.88
2048,2048,4,8192,343.044
2048,2048,4,16384,451.91
2048,2048,8,16,261.208
2048,2048,8,32,261.23
2048,2048,8,64,261.016
2048,2048,8,128,261.655
2048,2048,8,256,261.432
2048,2048,8,512,261.923
2048,2048,8,1024,262.2
2048,2048,8,2048,265.315
2048,2048,8,4096,293.817
2048,2048,8,8192,348.762
2048,2048,8,16384,458.054
2048,2048,16,16,261.528
2048,2048,16,32,261.411
2048,2048,16,64,261.848
2048,2048,16,128,262.766
2048,2048,16,256,262.221
2048,2048,16,512,262.99
2048,2048,16,1024,273.102
2048,2048,16,2048,293.028
2048,2048,16,4096,329.571
2048,2048,16,8192,396.858
2048,2048,16,16384,529.318
2048,2048,32,16,263.171
2048,2048,32,32,263.331
2048,2048,32,64,262.894
2048,2048,32,128,263.395
2048,2048,32,256,263.214
2048,2048,32,512,266.051
2048,2048,32,1024,284.622
2048,2048,32,2048,323.033
2048,2048,32,4096,407.823
2048,2048,32,8192,575.644
2048,2048,32,16384,907.424
2048,2048,64,16,263.63
2048,2048,64,32,263.694
2048,2048,64,64,264.131
2048,2048,64,128,263.672
2048,2048,64,256,270.382
2048,2048,64,512,291.384
2048,2048,64,1024,322.82
2048,2048,64,2048,391.013
2048,2048,64,4096,539.046
2048,2048,64,8192,830.56
2048,2048,64,16384,1415.96
2048,2048,128,16,270.243
2048,2048,128,32,270.18
2048,2048,128,64,271.523
2048,2048,128,128,282.34
2048,2048,128,256,295.524
2048,2048,128,512,330.116
2048,2048,128,1024,398.213
2048,2048,128,2048,530.556
2048,2048,128,4096,813.279
2048,2048,128,8192,1363.42
2048,2048,128,16384,2462.11
2048,4096,0,0,414.031
2048,4096,1,16,413.659
2048,4096,1,32,414.074
2048,4096,1,64,413.626
2048,4096,1,128,412.143
2048,4096,1,256,413.818
2048,4096,1,512,413.477
2048,4096,1,1024,412.154
2048,4096,1,2048,413.7
2048,4096,1,4096,414.233
2048,4096,1,8192,467.121
2048,4096,1,16384,575.196
2048,4096,2,16,413.552
2048,4096,2,32,413.722
2048,4096,2,64,413.328
2048,4096,2,128,413.371
2048,4096,2,256,413.327
2048,4096,2,512,413.871
2048,4096,2,1024,413.36
2048,4096,2,2048,413.627
2048,4096,2,4096,413.616
2048,4096,2,8192,467.664
2048,4096,2,16384,575.228
2048,4096,4,16,413.242
2048,4096,4,32,413.861
2048,4096,4,64,413.039
2048,4096,4,128,413.755
2048,4096,4,256,413.712
2048,4096,4,512,414.159
2048,4096,4,1024,413.924
2048,4096,4,2048,413.935
2048,4096,4,4096,414.565
2048,4096,4,8192,468.347
2048,4096,4,16384,577.862
2048,4096,8,16,414.064
2048,4096,8,32,413.85
2048,4096,8,64,414.021
2048,4096,8,128,413.412
2048,4096,8,256,413.733
2048,4096,8,512,413.946
2048,4096,8,1024,414.554
2048,4096,8,2048,414.842
2048,4096,8,4096,417.562
2048,4096,8,8192,472.944
2048,4096,8,16384,583.26
2048,4096,16,16,413.263
2048,4096,16,32,413.284
2048,4096,16,64,413.903
2048,4096,16,128,413.562
2048,4096,16,256,413.904
2048,4096,16,512,413.765
2048,4096,16,1024,416.4
2048,4096,16,2048,420.4
2048,4096,16,4096,449.947
2048,4096,16,8192,517.104
2048,4096,16,16384,652.36
2048,4096,32,16,414.299
2048,4096,32,32,414.554
2048,4096,32,64,414.842
2048,4096,32,128,414.618
2048,4096,32,256,414.928
2048,4096,32,512,417.509
2048,4096,32,1024,421.253
2048,4096,32,2048,443.163
2048,4096,32,4096,523.686
2048,4096,32,8192,694.985
2048,4096,32,16384,1039.4
2048,4096,64,16,415.76
2048,4096,64,32,414.928
2048,4096,64,64,415.333
2048,4096,64,128,414.619
2048,4096,64,256,416.08
2048,4096,64,512,420.527
2048,4096,64,1024,448.123
2048,4096,64,2048,513.5
2048,4096,64,4096,659.422
2048,4096,64,8192,951.861
2048,4096,64,16384,1538.75
2048,4096,128,16,416.304
2048,4096,128,32,416.218
2048,4096,128,64,415.205
2048,4096,128,128,416.005
2048,4096,128,256,421.509
2048,4096,128,512,454.171
2048,4096,128,1024,518.491
2048,4096,128,2048,653.438
2048,4096,128,4096,935.541
2048,4096,128,8192,1485.43
2048,4096,128,16384,2581.24
2048,8192,0,0,688.211
2048,8192,1,16,688.125
2048,8192,1,32,686.706
2048,8192,1,64,687.23
2048,8192,1,128,687.464
2048,8192,1,256,687.389
2048,8192,1,512,687.208
2048,8192,1,1024,688.136
2048,8192,1,2048,687.784
2048,8192,1,4096,687.656
2048,8192,1,8192,689.447
2048,8192,1,16384,797.513
2048,8192,2,16,687.699
2048,8192,2,32,687.869
2048,8192,2,64,687.688
2048,8192,2,128,688.083
2048,8192,2,256,687.976
2048,8192,2,512,687.529
2048,8192,2,1024,687.539
2048,8192,2,2048,687.582
2048,8192,2,4096,687.838
2048,8192,2,8192,689.469
2048,8192,2,16384,797.747
2048,8192,4,16,688.232
2048,8192,4,32,689.267
2048,8192,4,64,688.338
2048,8192,4,128,688.061
2048,8192,4,256,688.498
2048,8192,4,512,688.413
2048,8192,4,1024,687.677
2048,8192,4,2048,688.339
2048,8192,4,4096,688.926
2048,8192,4,8192,690.536
2048,8192,4,16384,798.346
2048,8192,8,16,688.424
2048,8192,8,32,687.539
2048,8192,8,64,687.933
2048,8192,8,128,688.094
2048,8192,8,256,688.221
2048,8192,8,512,687.656
2048,8192,8,1024,688.36
2048,8192,8,2048,689.373
2048,8192,8,4096,689.714
2048,8192,8,8192,694.333
2048,8192,8,16384,803.124
2048,8192,16,16,687.677
2048,8192,16,32,689.022
2048,8192,16,64,687.635
2048,8192,16,128,689.128
2048,8192,16,256,689.097
2048,8192,16,512,689.245
2048,8192,16,1024,688.937
2048,8192,16,2048,691.059
2048,8192,16,4096,707.688
2048,8192,16,8192,779.87
2048,8192,16,16384,915.211
2048,8192,32,16,688.872
2048,8192,32,32,688.008
2048,8192,32,64,688.093
2048,8192,32,128,688.787
2048,8192,32,256,689.757
2048,8192,32,512,689.652
2048,8192,32,1024,691.262
2048,8192,32,2048,693.427
2048,8192,32,4096,735.113
2048,8192,32,8192,887.361
2048,8192,32,16384,1229.27
2048,8192,64,16,689.769
2048,8192,64,32,689.854
2048,8192,64,64,690.164
2048,8192,64,128,689.821
2048,8192,64,256,691.272
2048,8192,64,512,691.869
2048,8192,64,1024,694.814
2048,8192,64,2048,743.379
2048,8192,64,4096,875.21
2048,8192,64,8192,1161.26
2048,8192,64,16384,1745.44
2048,8192,128,16,691.112
2048,8192,128,32,691.144
2048,8192,128,64,691.23
2048,8192,128,128,691.55
2048,8192,128,256,692.777
2048,8192,128,512,693.011
2048,8192,128,1024,751.86
2048,8192,128,2048,878.539
2048,8192,128,4096,1167.62
2048,8192,128,8192,1721.22
2048,8192,128,16384,2824.41
2048,16384,0,0,1222.87
2048,16384,1,16,1222.75
2048,16384,1,32,1222.87
2048,16384,1,64,1223.05
2048,16384,1,128,1222.4
2048,16384,1,256,1222.35
2048,16384,1,512,1223.58
2048,16384,1,1024,1224.55
2048,16384,1,2048,1222.44
2048,16384,1,4096,1221.7
2048,16384,1,8192,1221.62
2048,16384,1,16384,1226.13
2048,16384,2,16,1224.26
2048,16384,2,32,1222.78
2048,16384,2,64,1222.08
2048,16384,2,128,1223.43
2048,16384,2,256,1223.64
2048,16384,2,512,1222.77
2048,16384,2,1024,1222.84
2048,16384,2,2048,1222.37
2048,16384,2,4096,1224.27
2048,16384,2,8192,1223.15
2048,16384,2,16384,1227.99
2048,16384,4,16,1223.13
2048,16384,4,32,1222.09
2048,16384,4,64,1222.82
2048,16384,4,128,1224.75
2048,16384,4,256,1222.81
2048,16384,4,512,1222.06
2048,16384,4,1024,1222.5
2048,16384,4,2048,1223.34
2048,16384,4,4096,1222.65
2048,16384,4,8192,1223.85
2048,16384,4,16384,1228.24
2048,16384,8,16,1221.8
2048,16384,8,32,1223.49
2048,16384,8,64,1222.06
2048,16384,8,128,1222.4
2048,16384,8,256,1220.96
2048,16384,8,512,1224.11
2048,16384,8,1024,1222.25
2048,16384,8,2048,1222.84
2048,16384,8,4096,1223.17
2048,16384,8,8192,1222.95
2048,16384,8,16384,1231.82
2048,16384,16,16,1223.86
2048,16384,16,32,1223.41
2048,16384,16,64,1221.75
2048,16384,16,128,1222.67
2048,16384,16,256,1223.61
2048,16384,16,512,1221.37
2048,16384,16,1024,1223.45
2048,16384,16,2048,1223.03
2048,16384,16,4096,1221.93
2048,16384,16,8192,1250.72
2048,16384,16,16384,1424.94
2048,16384,32,16,1223.39
2048,16384,32,32,1223.55
2048,16384,32,64,1223.6
2048,16384,32,128,1225.42
2048,16384,32,256,1224.21
2048,16384,32,512,1223.83
2048,16384,32,1024,1223.83
2048,16384,32,2048,1225.69
2048,16384,32,4096,1227.24
2048,16384,32,8192,1329.91
2048,16384,32,16384,1603.82
2048,16384,64,16,1224.38
2048,16384,64,32,1224.4
2048,16384,64,64,1223.91
2048,16384,64,128,1223.39
2048,16384,64,256,1224.58
2048,16384,64,512,1223.97
2048,16384,64,1024,1222.94
2048,16384,64,2048,1227.42
2048,16384,64,4096,1305.34
2048,16384,64,8192,1598.65
2048,16384,64,16384,2140.55
2048,16384,128,16,1224.34
2048,16384,128,32,1224.92
2048,16384,128,64,1225.8
2048,16384,128,128,1224.28
2048,16384,128,256,1225.83
2048,16384,128,512,1225.59
2048,16384,128,1024,1228.2
2048,16384,128,2048,1330.99
2048,16384,128,4096,1589.8
2048,16384,128,8192,2153.63
2048,16384,128,16384,3256.54
