prefill_chunk,kv_prefill,n_decode,kv_decode,time_us
0,0,1,16,5.0082
0,0,1,32,5.0123
0,0,1,64,5.0205
0,0,1,128,5.0369
0,0,1,256,5.0696
0,0,1,512,5.1352
0,0,1,768,5.2007
0,0,1,1024,5.2662
0,0,1,1152,5.2990
0,0,1,1728,5.4465
0,0,1,2048,5.5284
0,0,1,2592,5.6676
0,0,1,3888,5.9994
0,0,1,4096,6.0527
0,0,1,5832,6.4971
0,0,1,8192,7.1012
0,0,1,8748,7.2436
0,0,1,13122,8.3633
0,0,1,16384,9.1984
0,0,2,16,5.0164
0,0,2,32,5.0246
0,0,2,64,5.0410
0,0,2,128,5.0737
0,0,2,256,5.1393
0,0,2,512,5.2703
0,0,2,768,5.4014
0,0,2,1024,5.5325
0,0,2,1152,5.5980
0,0,2,1728,5.8929
0,0,2,2048,6.0568
0,0,2,2592,6.3353
0,0,2,3888,6.9988
0,0,2,4096,7.1053
0,0,2,5832,7.9942
0,0,2,8192,9.2025
0,0,2,8748,9.4872
0,0,2,13122,11.7267
0,0,2,16384,13.3968
0,0,4,16,5.0328
0,0,4,32,5.0492
0,0,4,64,5.0819
0,0,4,128,5.1475
0,0,4,256,5.2785
0,0,4,512,5.5407
0,0,4,768,5.8028
0,0,4,1024,6.0650
0,0,4,1152,6.1960
0,0,4,1728,6.7859
0,0,4,2048,7.1135
0,0,4,2592,7.6706
0,0,4,3888,8.9977
0,0,4,4096,9.2107
0,0,4,5832,10.9884
0,0,4,8192,13.4050
0,0,4,8748,13.9743
0,0,4,13122,18.4533
0,0,4,16384,21.7936
0,0,8,16,5.0655
0,0,8,32,5.0983
0,0,8,64,5.1638
0,0,8,128,5.2949
0,0,8,256,5.5571
0,0,8,512,6.0813
0,0,8,768,6.6056
0,0,8,1024,7.1299
0,0,8,1152,7.3921
0,0,8,1728,8.5717
0,0,8,2048,9.2271
0,0,8,2592,10.3412
0,0,8,3888,12.9954
0,0,8,4096,13.4214
0,0,8,5832,16.9767
0,0,8,8192,21.8100
0,0,8,8748,22.9487
0,0,8,13122,31.9066
0,0,8,16384,38.5872
0,0,16,16,5.1311
0,0,16,32,5.1966
0,0,16,64,5.3277
0,0,16,128,5.5898
0,0,16,256,6.1141
0,0,16,512,7.1627
0,0,16,768,8.2113
0,0,16,1024,9.2598
0,0,16,1152,9.7841
0,0,16,1728,12.1434
0,0,16,2048,13.4541
0,0,16,2592,15.6824
0,0,16,3888,20.9908
0,0,16,4096,21.8428
0,0,16,5832,28.9534
0,0,16,8192,38.6200
0,0,16,8748,40.8973
0,0,16,13122,58.8132
0,0,16,16384,72.1744
0,0,32,16,5.2621
0,0,32,32,5.3932
0,0,32,64,5.6554
0,0,32,128,6.1796
0,0,32,256,7.2282
0,0,32,512,9.3254
0,0,32,768,11.4225
0,0,32,1024,13.5197
0,0,32,1152,14.5683
0,0,32,1728,19.2868
0,0,32,2048,21.9083
0,0,32,2592,26.3647
0,0,32,3888,36.9816
0,0,32,4096,38.6855
0,0,32,5832,52.9068
0,0,32,8192,72.2399
0,0,32,8748,76.7947
0,0,32,13122,112.6265
0,0,32,16384,139.3488
0,0,64,16,5.5243
0,0,64,32,5.7864
0,0,64,64,6.3107
0,0,64,128,7.3593
0,0,64,256,9.4564
0,0,64,512,13.6508
0,0,64,768,17.8451
0,0,64,1024,22.0394
0,0,64,1152,24.1365
0,0,64,1728,33.5737
0,0,64,2048,38.8166
0,0,64,2592,47.7295
0,0,64,3888,68.9631
0,0,64,4096,72.3710
0,0,64,5832,100.8136
0,0,64,8192,139.4799
0,0,64,8748,148.5894
0,0,64,13122,220.2530
0,0,64,16384,273.6976
0,0,128,16,6.0486
0,0,128,32,6.5729
0,0,128,64,7.6214
0,0,128,128,9.7186
0,0,128,256,13.9129
0,0,128,512,22.3015
0,0,128,768,30.6901
0,0,128,1024,39.0787
0,0,128,1152,43.2730
0,0,128,1728,62.1474
0,0,128,2048,72.6332
0,0,128,2592,90.4589
0,0,128,3888,132.9263
0,0,128,4096,139.7420
0,0,128,5832,196.6273
0,0,128,8192,273.9597
0,0,128,8748,292.1788
0,0,128,13122,435.5060
0,0,128,16384,542.3952
0,0,256,16,7.0972
0,0,256,32,8.1457
0,0,256,64,10.2429
0,0,256,128,14.4372
0,0,256,256,22.8258
0,0,256,512,39.6030
0,0,256,768,56.3802
0,0,256,1024,73.1574
0,0,256,1152,81.5460
0,0,256,1728,119.2948
0,0,256,2048,140.2663
0,0,256,2592,175.9179
0,0,256,3888,260.8525
0,0,256,4096,274.4840
0,0,256,5832,388.2545
0,0,256,8192,542.9195
0,0,256,8748,579.3575
0,0,256,13122,866.0120
0,0,256,16384,1079.7904
16,0,0,0,5.0696
16,0,1,16,5.0778
16,0,1,32,5.0819
16,0,1,64,5.0901
16,0,1,128,5.1065
16,0,1,256,5.1393
16,0,1,512,5.2048
16,0,1,768,5.2703
16,0,1,1024,5.3359
16,0,1,1152,5.3686
16,0,1,1728,5.5161
16,0,1,2048,5.5980
16,0,1,2592,5.7373
16,0,1,3888,6.0691
16,0,1,4096,6.1223
16,0,1,5832,6.5667
16,0,1,8192,7.1709
16,0,1,8748,7.3132
16,0,1,13122,8.4330
16,0,1,16384,9.2680
16,0,2,16,5.0860
16,0,2,32,5.0942
16,0,2,64,5.1106
16,0,2,128,5.1434
16,0,2,256,5.2089
16,0,2,512,5.3400
16,0,2,768,5.4710
16,0,2,1024,5.6021
16,0,2,1152,5.6676
16,0,2,1728,5.9626
16,0,2,2048,6.1264
16,0,2,2592,6.4049
16,0,2,3888,7.0685
16,0,2,4096,7.1750
16,0,2,5832,8.0638
16,0,2,8192,9.2721
16,0,2,8748,9.5568
16,0,2,13122,11.7963
16,0,2,16384,13.4664
16,0,4,16,5.1024
16,0,4,32,5.1188
16,0,4,64,5.1516
16,0,4,128,5.2171
16,0,4,256,5.3482
16,0,4,512,5.6103
16,0,4,768,5.8724
16,0,4,1024,6.1346
16,0,4,1152,6.2657
16,0,4,1728,6.8555
16,0,4,2048,7.1832
16,0,4,2592,7.7402
16,0,4,3888,9.0673
16,0,4,4096,9.2803
16,0,4,5832,11.0580
16,0,4,8192,13.4746
16,0,4,8748,14.0440
16,0,4,13122,18.5229
16,0,4,16384,21.8632
16,0,8,16,5.1352
16,0,8,32,5.1679
16,0,8,64,5.2335
16,0,8,128,5.3645
16,0,8,256,5.6267
16,0,8,512,6.1510
16,0,8,768,6.6753
16,0,8,1024,7.1996
16,0,8,1152,7.4617
16,0,8,1728,8.6413
16,0,8,2048,9.2967
16,0,8,2592,10.4108
16,0,8,3888,13.0650
16,0,8,4096,13.4910
16,0,8,5832,17.0463
16,0,8,8192,21.8796
16,0,8,8748,23.0183
16,0,8,13122,31.9763
16,0,8,16384,38.6568
16,0,16,16,5.2007
16,0,16,32,5.2662
16,0,16,64,5.3973
16,0,16,128,5.6595
16,0,16,256,6.1837
16,0,16,512,7.2323
16,0,16,768,8.2809
16,0,16,1024,9.3295
16,0,16,1152,9.8538
16,0,16,1728,12.2131
16,0,16,2048,13.5238
16,0,16,2592,15.7520
16,0,16,3888,21.0604
16,0,16,4096,21.9124
16,0,16,5832,29.0230
16,0,16,8192,38.6896
16,0,16,8748,40.9670
16,0,16,13122,58.8829
16,0,16,16384,72.2440
16,0,32,16,5.3318
16,0,32,32,5.4628
16,0,32,64,5.7250
16,0,32,128,6.2493
16,0,32,256,7.2979
16,0,32,512,9.3950
16,0,32,768,11.4922
16,0,32,1024,13.5893
16,0,32,1152,14.6379
16,0,32,1728,19.3565
16,0,32,2048,21.9779
16,0,32,2592,26.4344
16,0,32,3888,37.0512
16,0,32,4096,38.7551
16,0,32,5832,52.9764
16,0,32,8192,72.3096
16,0,32,8748,76.8643
16,0,32,13122,112.6961
16,0,32,16384,139.4184
16,0,64,16,5.5939
16,0,64,32,5.8561
16,0,64,64,6.3804
16,0,64,128,7.4289
16,0,64,256,9.5261
16,0,64,512,13.7204
16,0,64,768,17.9147
16,0,64,1024,22.1090
16,0,64,1152,24.2061
16,0,64,1728,33.6433
16,0,64,2048,38.8862
16,0,64,2592,47.7991
16,0,64,3888,69.0328
16,0,64,4096,72.4406
16,0,64,5832,100.8833
16,0,64,8192,139.5495
16,0,64,8748,148.6590
16,0,64,13122,220.3226
16,0,64,16384,273.7672
16,0,128,16,6.1182
16,0,128,32,6.6425
16,0,128,64,7.6911
16,0,128,128,9.7882
16,0,128,256,13.9825
16,0,128,512,22.3711
16,0,128,768,30.7597
16,0,128,1024,39.1484
16,0,128,1152,43.3427
16,0,128,1728,62.2170
16,0,128,2048,72.7028
16,0,128,2592,90.5286
16,0,128,3888,132.9959
16,0,128,4096,139.8116
16,0,128,5832,196.6969
16,0,128,8192,274.0294
16,0,128,8748,292.2484
16,0,128,13122,435.5756
16,0,128,16384,542.4648
16,16,0,0,5.0737
16,16,1,16,5.0819
16,16,1,32,5.0860
16,16,1,64,5.0942
16,16,1,128,5.1106
16,16,1,256,5.1434
16,16,1,512,5.2089
16,16,1,1024,5.3400
16,16,1,2048,5.6021
16,16,1,4096,6.1264
16,16,1,8192,7.1750
16,16,1,16384,9.2721
16,16,2,16,5.0901
16,16,2,32,5.0983
16,16,2,64,5.1147
16,16,2,128,5.1475
16,16,2,256,5.2130
16,16,2,512,5.3441
16,16,2,1024,5.6062
16,16,2,2048,6.1305
16,16,2,4096,7.1791
16,16,2,8192,9.2762
16,16,2,16384,13.4705
16,16,4,16,5.1065
16,16,4,32,5.1229
16,16,4,64,5.1556
16,16,4,128,5.2212
16,16,4,256,5.3523
16,16,4,512,5.6144
16,16,4,1024,6.1387
16,16,4,2048,7.1873
16,16,4,4096,9.2844
16,16,4,8192,13.4787
16,16,4,16384,21.8673
16,16,8,16,5.1393
16,16,8,32,5.1720
16,16,8,64,5.2376
16,16,8,128,5.3686
16,16,8,256,5.6308
16,16,8,512,6.1551
16,16,8,1024,7.2036
16,16,8,2048,9.3008
16,16,8,4096,13.4951
16,16,8,8192,21.8837
16,16,8,16384,38.6609
16,16,16,16,5.2048
16,16,16,32,5.2703
16,16,16,64,5.4014
16,16,16,128,5.6636
16,16,16,256,6.1878
16,16,16,512,7.2364
16,16,16,1024,9.3336
16,16,16,2048,13.5279
16,16,16,4096,21.9165
16,16,16,8192,38.6937
16,16,16,16384,72.2481
16,16,32,16,5.3359
16,16,32,32,5.4669
16,16,32,64,5.7291
16,16,32,128,6.2534
16,16,32,256,7.3020
16,16,32,512,9.3991
16,16,32,1024,13.5934
16,16,32,2048,21.9820
16,16,32,4096,38.7592
16,16,32,8192,72.3137
16,16,32,16384,139.4225
16,16,64,16,5.5980
16,16,64,32,5.8602
16,16,64,64,6.3844
16,16,64,128,7.4330
16,16,64,256,9.5302
16,16,64,512,13.7245
16,16,64,1024,22.1131
16,16,64,2048,38.8903
16,16,64,4096,72.4447
16,16,64,8192,139.5536
16,16,64,16384,273.7713
16,16,128,16,6.1223
16,16,128,32,6.6466
16,16,128,64,7.6952
16,16,128,128,9.7923
16,16,128,256,13.9866
16,16,128,512,22.3752
16,16,128,1024,39.1524
16,16,128,2048,72.7069
16,16,128,4096,139.8157
16,16,128,8192,274.0335
16,16,128,16384,542.4689
16,32,0,0,5.0778
16,32,1,16,5.0860
16,32,1,32,5.0901
16,32,1,64,5.0983
16,32,1,128,5.1147
16,32,1,256,5.1475
16,32,1,512,5.2130
16,32,1,1024,5.3441
16,32,1,2048,5.6062
16,32,1,4096,6.1305
16,32,1,8192,7.1791
16,32,1,16384,9.2762
16,32,2,16,5.0942
16,32,2,32,5.1024
16,32,2,64,5.1188
16,32,2,128,5.1516
16,32,2,256,5.2171
16,32,2,512,5.3482
16,32,2,1024,5.6103
16,32,2,2048,6.1346
16,32,2,4096,7.1832
16,32,2,8192,9.2803
16,32,2,16384,13.4746
16,32,4,16,5.1106
16,32,4,32,5.1270
16,32,4,64,5.1597
16,32,4,128,5.2253
16,32,4,256,5.3564
16,32,4,512,5.6185
16,32,4,1024,6.1428
16,32,4,2048,7.1914
16,32,4,4096,9.2885
16,32,4,8192,13.4828
16,32,4,16384,21.8714
16,32,8,16,5.1434
16,32,8,32,5.1761
16,32,8,64,5.2417
16,32,8,128,5.3727
16,32,8,256,5.6349
16,32,8,512,6.1592
16,32,8,1024,7.2077
16,32,8,2048,9.3049
16,32,8,4096,13.4992
16,32,8,8192,21.8878
16,32,8,16384,38.6650
16,32,16,16,5.2089
16,32,16,32,5.2744
16,32,16,64,5.4055
16,32,16,128,5.6676
16,32,16,256,6.1919
16,32,16,512,7.2405
16,32,16,1024,9.3377
16,32,16,2048,13.5320
16,32,16,4096,21.9206
16,32,16,8192,38.6978
16,32,16,16384,72.2522
16,32,32,16,5.3400
16,32,32,32,5.4710
16,32,32,64,5.7332
16,32,32,128,6.2575
16,32,32,256,7.3060
16,32,32,512,9.4032
16,32,32,1024,13.5975
16,32,32,2048,21.9861
16,32,32,4096,38.7633
16,32,32,8192,72.3178
16,32,32,16384,139.4266
16,32,64,16,5.6021
16,32,64,32,5.8643
16,32,64,64,6.3885
16,32,64,128,7.4371
16,32,64,256,9.5343
16,32,64,512,13.7286
16,32,64,1024,22.1172
16,32,64,2048,38.8944
16,32,64,4096,72.4488
16,32,64,8192,139.5577
16,32,64,16384,273.7754
16,32,128,16,6.1264
16,32,128,32,6.6507
16,32,128,64,7.6993
16,32,128,128,9.7964
16,32,128,256,13.9907
16,32,128,512,22.3793
16,32,128,1024,39.1565
16,32,128,2048,72.7110
16,32,128,4096,139.8198
16,32,128,8192,274.0376
16,32,128,16384,542.4730
16,64,0,0,5.0860
16,64,1,16,5.0942
16,64,1,32,5.0983
16,64,1,64,5.1065
16,64,1,128,5.1229
16,64,1,256,5.1556
16,64,1,512,5.2212
16,64,1,1024,5.3523
16,64,1,2048,5.6144
16,64,1,4096,6.1387
16,64,1,8192,7.1873
16,64,1,16384,9.2844
16,64,2,16,5.1024
16,64,2,32,5.1106
16,64,2,64,5.1270
16,64,2,128,5.1597
16,64,2,256,5.2253
16,64,2,512,5.3564
16,64,2,1024,5.6185
16,64,2,2048,6.1428
16,64,2,4096,7.1914
16,64,2,8192,9.2885
16,64,2,16384,13.4828
16,64,4,16,5.1188
16,64,4,32,5.1352
16,64,4,64,5.1679
16,64,4,128,5.2335
16,64,4,256,5.3645
16,64,4,512,5.6267
16,64,4,1024,6.1510
16,64,4,2048,7.1996
16,64,4,4096,9.2967
16,64,4,8192,13.4910
16,64,4,16384,21.8796
16,64,8,16,5.1516
16,64,8,32,5.1843
16,64,8,64,5.2499
16,64,8,128,5.3809
16,64,8,256,5.6431
16,64,8,512,6.1674
16,64,8,1024,7.2159
16,64,8,2048,9.3131
16,64,8,4096,13.5074
16,64,8,8192,21.8960
16,64,8,16384,38.6732
16,64,16,16,5.2171
16,64,16,32,5.2826
16,64,16,64,5.4137
16,64,16,128,5.6758
16,64,16,256,6.2001
16,64,16,512,7.2487
16,64,16,1024,9.3459
16,64,16,2048,13.5402
16,64,16,4096,21.9288
16,64,16,8192,38.7060
16,64,16,16384,72.2604
16,64,32,16,5.3482
16,64,32,32,5.4792
16,64,32,64,5.7414
16,64,32,128,6.2657
16,64,32,256,7.3142
16,64,32,512,9.4114
16,64,32,1024,13.6057
16,64,32,2048,21.9943
16,64,32,4096,38.7715
16,64,32,8192,72.3260
16,64,32,16384,139.4348
16,64,64,16,5.6103
16,64,64,32,5.8724
16,64,64,64,6.3967
16,64,64,128,7.4453
16,64,64,256,9.5425
16,64,64,512,13.7368
16,64,64,1024,22.1254
16,64,64,2048,38.9026
16,64,64,4096,72.4570
16,64,64,8192,139.5659
16,64,64,16384,273.7836
16,64,128,16,6.1346
16,64,128,32,6.6589
16,64,128,64,7.7075
16,64,128,128,9.8046
16,64,128,256,13.9989
16,64,128,512,22.3875
16,64,128,1024,39.1647
16,64,128,2048,72.7192
16,64,128,4096,139.8280
16,64,128,8192,274.0458
16,64,128,16384,542.4812
16,128,0,0,5.1024
16,128,1,16,5.1106
16,128,1,32,5.1147
16,128,1,64,5.1229
16,128,1,128,5.1393
16,128,1,256,5.1720
16,128,1,512,5.2376
16,128,1,1024,5.3686
16,128,1,2048,5.6308
16,128,1,4096,6.1551
16,128,1,8192,7.2036
16,128,1,16384,9.3008
16,128,2,16,5.1188
16,128,2,32,5.1270
16,128,2,64,5.1434
16,128,2,128,5.1761
16,128,2,256,5.2417
16,128,2,512,5.3727
16,128,2,1024,5.6349
16,128,2,2048,6.1592
16,128,2,4096,7.2077
16,128,2,8192,9.3049
16,128,2,16384,13.4992
16,128,4,16,5.1352
16,128,4,32,5.1516
16,128,4,64,5.1843
16,128,4,128,5.2499
16,128,4,256,5.3809
16,128,4,512,5.6431
16,128,4,1024,6.1674
16,128,4,2048,7.2159
16,128,4,4096,9.3131
16,128,4,8192,13.5074
16,128,4,16384,21.8960
16,128,8,16,5.1679
16,128,8,32,5.2007
16,128,8,64,5.2662
16,128,8,128,5.3973
16,128,8,256,5.6595
16,128,8,512,6.1837
16,128,8,1024,7.2323
16,128,8,2048,9.3295
16,128,8,4096,13.5238
16,128,8,8192,21.9124
16,128,8,16384,38.6896
16,128,16,16,5.2335
16,128,16,32,5.2990
16,128,16,64,5.4301
16,128,16,128,5.6922
16,128,16,256,6.2165
16,128,16,512,7.2651
16,128,16,1024,9.3622
16,128,16,2048,13.5565
16,128,16,4096,21.9452
16,128,16,8192,38.7224
16,128,16,16384,72.2768
16,128,32,16,5.3645
16,128,32,32,5.4956
16,128,32,64,5.7578
16,128,32,128,6.2820
16,128,32,256,7.3306
16,128,32,512,9.4278
16,128,32,1024,13.6221
16,128,32,2048,22.0107
16,128,32,4096,38.7879
16,128,32,8192,72.3423
16,128,32,16384,139.4512
16,128,64,16,5.6267
16,128,64,32,5.8888
16,128,64,64,6.4131
16,128,64,128,7.4617
16,128,64,256,9.5588
16,128,64,512,13.7532
16,128,64,1024,22.1418
16,128,64,2048,38.9190
16,128,64,4096,72.4734
16,128,64,8192,139.5823
16,128,64,16384,273.8000
16,128,128,16,6.1510
16,128,128,32,6.6753
16,128,128,64,7.7238
16,128,128,128,9.8210
16,128,128,256,14.0153
16,128,128,512,22.4039
16,128,128,1024,39.1811
16,128,128,2048,72.7356
16,128,128,4096,139.8444
16,128,128,8192,274.0621
16,128,128,16384,542.4976
16,256,0,0,5.1352
16,256,1,16,5.1434
16,256,1,32,5.1475
16,256,1,64,5.1556
16,256,1,128,5.1720
16,256,1,256,5.2048
16,256,1,512,5.2703
16,256,1,1024,5.4014
16,256,1,2048,5.6636
16,256,1,4096,6.1878
16,256,1,8192,7.2364
16,256,1,16384,9.3336
16,256,2,16,5.1516
16,256,2,32,5.1597
16,256,2,64,5.1761
16,256,2,128,5.2089
16,256,2,256,5.2744
16,256,2,512,5.4055
16,256,2,1024,5.6676
16,256,2,2048,6.1919
16,256,2,4096,7.2405
16,256,2,8192,9.3377
16,256,2,16384,13.5320
16,256,4,16,5.1679
16,256,4,32,5.1843
16,256,4,64,5.2171
16,256,4,128,5.2826
16,256,4,256,5.4137
16,256,4,512,5.6758
16,256,4,1024,6.2001
16,256,4,2048,7.2487
16,256,4,4096,9.3459
16,256,4,8192,13.5402
16,256,4,16384,21.9288
16,256,8,16,5.2007
16,256,8,32,5.2335
16,256,8,64,5.2990
16,256,8,128,5.4301
16,256,8,256,5.6922
16,256,8,512,6.2165
16,256,8,1024,7.2651
16,256,8,2048,9.3622
16,256,8,4096,13.5565
16,256,8,8192,21.9452
16,256,8,16384,38.7224
16,256,16,16,5.2662
16,256,16,32,5.3318
16,256,16,64,5.4628
16,256,16,128,5.7250
16,256,16,256,6.2493
16,256,16,512,7.2979
16,256,16,1024,9.3950
16,256,16,2048,13.5893
16,256,16,4096,21.9779
16,256,16,8192,38.7551
16,256,16,16384,72.3096
16,256,32,16,5.3973
16,256,32,32,5.5284
16,256,32,64,5.7905
16,256,32,128,6.3148
16,256,32,256,7.3634
16,256,32,512,9.4605
16,256,32,1024,13.6548
16,256,32,2048,22.0435
16,256,32,4096,38.8207
16,256,32,8192,72.3751
16,256,32,16384,139.4840
16,256,64,16,5.6595
16,256,64,32,5.9216
16,256,64,64,6.4459
16,256,64,128,7.4945
16,256,64,256,9.5916
16,256,64,512,13.7859
16,256,64,1024,22.1745
16,256,64,2048,38.9517
16,256,64,4096,72.5062
16,256,64,8192,139.6150
16,256,64,16384,273.8328
16,256,128,16,6.1837
16,256,128,32,6.7080
16,256,128,64,7.7566
16,256,128,128,9.8538
16,256,128,256,14.0481
16,256,128,512,22.4367
16,256,128,1024,39.2139
16,256,128,2048,72.7683
16,256,128,4096,139.8772
16,256,128,8192,274.0949
16,256,128,16384,542.5304
16,512,0,0,5.2007
16,512,1,16,5.2089
16,512,1,32,5.2130
16,512,1,64,5.2212
16,512,1,128,5.2376
16,512,1,256,5.2703
16,512,1,512,5.3359
16,512,1,768,5.4014
16,512,1,1024,5.4669
16,512,1,1152,5.4997
16,512,1,1728,5.6472
16,512,1,2048,5.7291
16,512,1,2592,5.8684
16,512,1,3888,6.2001
16,512,1,4096,6.2534
16,512,1,5832,6.6978
16,512,1,8192,7.3020
16,512,1,8748,7.4443
16,512,1,13122,8.5640
16,512,1,16384,9.3991
16,512,2,16,5.2171
16,512,2,32,5.2253
16,512,2,64,5.2417
16,512,2,128,5.2744
16,512,2,256,5.3400
16,512,2,512,5.4710
16,512,2,768,5.6021
16,512,2,1024,5.7332
16,512,2,1152,5.7987
16,512,2,1728,6.0936
16,512,2,2048,6.2575
16,512,2,2592,6.5360
16,512,2,3888,7.1996
16,512,2,4096,7.3060
16,512,2,5832,8.1949
16,512,2,8192,9.4032
16,512,2,8748,9.6879
16,512,2,13122,11.9274
16,512,2,16384,13.5975
16,512,4,16,5.2335
16,512,4,32,5.2499
16,512,4,64,5.2826
16,512,4,128,5.3482
16,512,4,256,5.4792
16,512,4,512,5.7414
16,512,4,768,6.0035
16,512,4,1024,6.2657
16,512,4,1152,6.3967
16,512,4,1728,6.9866
16,512,4,2048,7.3142
16,512,4,2592,7.8713
16,512,4,3888,9.1984
16,512,4,4096,9.4114
16,512,4,5832,11.1891
16,512,4,8192,13.6057
16,512,4,8748,14.1750
16,512,4,13122,18.6540
16,512,4,16384,21.9943
16,512,8,16,5.2662
16,512,8,32,5.2990
16,512,8,64,5.3645
16,512,8,128,5.4956
16,512,8,256,5.7578
16,512,8,512,6.2820
16,512,8,768,6.8063
16,512,8,1024,7.3306
16,512,8,1152,7.5928
16,512,8,1728,8.7724
16,512,8,2048,9.4278
16,512,8,2592,10.5419
16,512,8,3888,13.1961
16,512,8,4096,13.6221
16,512,8,5832,17.1774
16,512,8,8192,22.0107
16,512,8,8748,23.1494
16,512,8,13122,32.1073
16,512,8,16384,38.7879
16,512,16,16,5.3318
16,512,16,32,5.3973
16,512,16,64,5.5284
16,512,16,128,5.7905
16,512,16,256,6.3148
16,512,16,512,7.3634
16,512,16,768,8.4120
16,512,16,1024,9.4605
16,512,16,1152,9.9848
16,512,16,1728,12.3441
16,512,16,2048,13.6548
16,512,16,2592,15.8831
16,512,16,3888,21.1915
16,512,16,4096,22.0435
16,512,16,5832,29.1541
16,512,16,8192,38.8207
16,512,16,8748,41.0980
16,512,16,13122,59.0140
16,512,16,16384,72.3751
16,512,32,16,5.4628
16,512,32,32,5.5939
16,512,32,64,5.8561
16,512,32,128,6.3804
16,512,32,256,7.4289
16,512,32,512,9.5261
16,512,32,768,11.6232
16,512,32,1024,13.7204
16,512,32,1152,14.7690
16,512,32,1728,19.4876
16,512,32,2048,22.1090
16,512,32,2592,26.5654
16,512,32,3888,37.1823
16,512,32,4096,38.8862
16,512,32,5832,53.1075
16,512,32,8192,72.4406
16,512,32,8748,76.9954
16,512,32,13122,112.8272
16,512,32,16384,139.5495
16,512,64,16,5.7250
16,512,64,32,5.9871
16,512,64,64,6.5114
16,512,64,128,7.5600
16,512,64,256,9.6572
16,512,64,512,13.8515
16,512,64,768,18.0458
16,512,64,1024,22.2401
16,512,64,1152,24.3372
16,512,64,1728,33.7744
16,512,64,2048,39.0173
16,512,64,2592,47.9302
16,512,64,3888,69.1638
16,512,64,4096,72.5717
16,512,64,5832,101.0143
16,512,64,8192,139.6806
16,512,64,8748,148.7901
16,512,64,13122,220.4537
16,512,64,16384,273.8983
16,512,128,16,6.2493
16,512,128,32,6.7736
16,512,128,64,7.8221
16,512,128,128,9.9193
16,512,128,256,14.1136
16,512,128,512,22.5022
16,512,128,768,30.8908
16,512,128,1024,39.2794
16,512,128,1152,43.4737
16,512,128,1728,62.3481
16,512,128,2048,72.8339
16,512,128,2592,90.6596
16,512,128,3888,133.1270
16,512,128,4096,139.9427
16,512,128,5832,196.8280
16,512,128,8192,274.1604
16,512,128,8748,292.3795
16,512,128,13122,435.7067
16,512,128,16384,542.5959
16,768,0,0,5.2662
16,768,1,512,5.4014
16,768,1,768,5.4669
16,768,1,1152,5.5652
16,768,1,1728,5.7127
16,768,1,2592,5.9339
16,768,1,3888,6.2657
16,768,1,5832,6.7633
16,768,1,8748,7.5098
16,768,1,13122,8.6296
16,768,1,16384,9.4646
16,768,2,512,5.5366
16,768,2,768,5.6676
16,768,2,1152,5.8643
16,768,2,1728,6.1592
16,768,2,2592,6.6015
16,768,2,3888,7.2651
16,768,2,5832,8.2604
16,768,2,8748,9.7534
16,768,2,13122,11.9929
16,768,2,16384,13.6630
16,768,4,512,5.8069
16,768,4,768,6.0691
16,768,4,1152,6.4623
16,768,4,1728,7.0521
16,768,4,2592,7.9368
16,768,4,3888,9.2639
16,768,4,5832,11.2546
16,768,4,8748,14.2406
16,768,4,13122,18.7196
16,768,4,16384,22.0598
16,768,8,512,6.3476
16,768,8,768,6.8719
16,768,8,1152,7.6583
16,768,8,1728,8.8380
16,768,8,2592,10.6074
16,768,8,3888,13.2616
16,768,8,5832,17.2429
16,768,8,8748,23.2149
16,768,8,13122,32.1729
16,768,8,16384,38.8534
16,768,16,512,7.4289
16,768,16,768,8.4775
16,768,16,1152,10.0504
16,768,16,1728,12.4097
16,768,16,2592,15.9486
16,768,16,3888,21.2570
16,768,16,5832,29.2196
16,768,16,8748,41.1636
16,768,16,13122,59.0795
16,768,16,16384,72.4406
16,768,32,512,9.5916
16,768,32,768,11.6888
16,768,32,1152,14.8345
16,768,32,1728,19.5531
16,768,32,2592,26.6310
16,768,32,3888,37.2478
16,768,32,5832,53.1731
16,768,32,8748,77.0609
16,768,32,13122,112.8927
16,768,32,16384,139.6150
16,768,64,512,13.9170
16,768,64,768,18.1113
16,768,64,1152,24.4028
16,768,64,1728,33.8399
16,768,64,2592,47.9957
16,768,64,3888,69.2294
16,768,64,5832,101.0799
16,768,64,8748,148.8556
16,768,64,13122,220.5192
16,768,64,16384,273.9638
16,768,128,512,22.5677
16,768,128,768,30.9564
16,768,128,1152,43.5393
16,768,128,1728,62.4136
16,768,128,2592,90.7252
16,768,128,3888,133.1925
16,768,128,5832,196.8935
16,768,128,8748,292.4450
16,768,128,13122,435.7722
16,768,128,16384,542.6614
16,1024,0,0,5.3435
16,1024,1,16,5.3439
16,1024,1,32,5.3442
16,1024,1,64,5.3523
16,1024,1,128,5.3686
16,1024,1,256,5.4014
16,1024,1,512,5.4669
16,1024,1,1024,5.5980
16,1024,1,2048,5.8602
16,1024,1,4096,6.3844
16,1024,1,8192,7.4330
16,1024,1,16384,9.5302
16,1024,2,16,5.3482
16,1024,2,32,5.3564
16,1024,2,64,5.3727
16,1024,2,128,5.4055
16,1024,2,256,5.4710
16,1024,2,512,5.6021
16,1024,2,1024,5.8643
16,1024,2,2048,6.3885
16,1024,2,4096,7.4371
16,1024,2,8192,9.5343
16,1024,2,16384,13.7286
16,1024,4,16,5.3645
16,1024,4,32,5.3809
16,1024,4,64,5.4137
16,1024,4,128,5.4792
16,1024,4,256,5.6103
16,1024,4,512,5.8724
16,1024,4,1024,6.3967
16,1024,4,2048,7.4453
16,1024,4,4096,9.5425
16,1024,4,8192,13.7368
16,1024,4,16384,22.1254
16,1024,8,16,5.3973
16,1024,8,32,5.4301
16,1024,8,64,5.4956
16,1024,8,128,5.6267
16,1024,8,256,5.8888
16,1024,8,512,6.4131
16,1024,8,1024,7.4617
16,1024,8,2048,9.5588
16,1024,8,4096,13.7532
16,1024,8,8192,22.1418
16,1024,8,16384,38.9190
16,1024,16,16,5.4628
16,1024,16,32,5.5284
16,1024,16,64,5.6595
16,1024,16,128,5.9216
16,1024,16,256,6.4459
16,1024,16,512,7.4945
16,1024,16,1024,9.5916
16,1024,16,2048,13.7859
16,1024,16,4096,22.1745
16,1024,16,8192,38.9517
16,1024,16,16384,72.5062
16,1024,32,16,5.5939
16,1024,32,32,5.7250
16,1024,32,64,5.9871
16,1024,32,128,6.5114
16,1024,32,256,7.5600
16,1024,32,512,9.6572
16,1024,32,1024,13.8515
16,1024,32,2048,22.2401
16,1024,32,4096,39.0173
16,1024,32,8192,72.5717
16,1024,32,16384,139.6806
16,1024,64,16,5.8561
16,1024,64,32,6.1182
16,1024,64,64,6.6425
16,1024,64,128,7.6911
16,1024,64,256,9.7882
16,1024,64,512,13.9825
16,1024,64,1024,22.3711
16,1024,64,2048,39.1484
16,1024,64,4096,72.7028
16,1024,64,8192,139.8116
16,1024,64,16384,274.0294
16,1024,128,16,6.3804
16,1024,128,32,6.9046
16,1024,128,64,7.9532
16,1024,128,128,10.0504
16,1024,128,256,14.2447
16,1024,128,512,22.6333
16,1024,128,1024,39.4105
16,1024,128,2048,72.9649
16,1024,128,4096,140.0738
16,1024,128,8192,274.2915
16,1024,128,16384,542.7270
16,1152,0,0,5.3861
16,1152,1,512,5.4997
16,1152,1,768,5.5652
16,1152,1,1152,5.6636
16,1152,1,1728,5.8110
16,1152,1,2592,6.0322
16,1152,1,3888,6.3640
16,1152,1,5832,6.8616
16,1152,1,8748,7.6081
16,1152,1,13122,8.7279
16,1152,1,16384,9.5629
16,1152,2,512,5.6349
16,1152,2,768,5.7660
16,1152,2,1152,5.9626
16,1152,2,1728,6.2575
16,1152,2,2592,6.6998
16,1152,2,3888,7.3634
16,1152,2,5832,8.3587
16,1152,2,8748,9.8517
16,1152,2,13122,12.0912
16,1152,2,16384,13.7613
16,1152,4,512,5.9052
16,1152,4,768,6.1674
16,1152,4,1152,6.5606
16,1152,4,1728,7.1504
16,1152,4,2592,8.0351
16,1152,4,3888,9.3622
16,1152,4,5832,11.3529
16,1152,4,8748,14.3389
16,1152,4,13122,18.8179
16,1152,4,16384,22.1581
16,1152,8,512,6.4459
16,1152,8,768,6.9702
16,1152,8,1152,7.7566
16,1152,8,1728,8.9363
16,1152,8,2592,10.7057
16,1152,8,3888,13.3599
16,1152,8,5832,17.3412
16,1152,8,8748,23.3132
16,1152,8,13122,32.2712
16,1152,8,16384,38.9517
16,1152,16,512,7.5272
16,1152,16,768,8.5758
16,1152,16,1152,10.1487
16,1152,16,1728,12.5080
16,1152,16,2592,16.0469
16,1152,16,3888,21.3553
16,1152,16,5832,29.3180
16,1152,16,8748,41.2619
16,1152,16,13122,59.1778
16,1152,16,16384,72.5389
16,1152,32,512,9.6899
16,1152,32,768,11.7871
16,1152,32,1152,14.9328
16,1152,32,1728,19.6514
16,1152,32,2592,26.7293
16,1152,32,3888,37.3461
16,1152,32,5832,53.2714
16,1152,32,8748,77.1592
16,1152,32,13122,112.9910
16,1152,32,16384,139.7133
16,1152,64,512,14.0153
16,1152,64,768,18.2096
16,1152,64,1152,24.5011
16,1152,64,1728,33.9382
16,1152,64,2592,48.0940
16,1152,64,3888,69.3277
16,1152,64,5832,101.1782
16,1152,64,8748,148.9539
16,1152,64,13122,220.6175
16,1152,64,16384,274.0621
16,1152,128,512,22.6660
16,1152,128,768,31.0547
16,1152,128,1152,43.6376
16,1152,128,1728,62.5119
16,1152,128,2592,90.8235
16,1152,128,3888,133.2908
16,1152,128,5832,196.9918
16,1152,128,8748,292.5433
16,1152,128,13122,435.8705
16,1152,128,16384,542.7597
16,1728,0,0,5.5779
16,1728,1,512,5.6472
16,1728,1,768,5.7127
16,1728,1,1152,5.8110
16,1728,1,1728,5.9585
16,1728,1,2592,6.1796
16,1728,1,3888,6.5114
16,1728,1,5832,7.0091
16,1728,1,8748,7.7556
16,1728,1,13122,8.8753
16,1728,1,16384,9.7104
16,1728,2,512,5.7823
16,1728,2,768,5.9134
16,1728,2,1152,6.1100
16,1728,2,1728,6.4049
16,1728,2,2592,6.8473
16,1728,2,3888,7.5108
16,1728,2,5832,8.5062
16,1728,2,8748,9.9992
16,1728,2,13122,12.2387
16,1728,2,16384,13.9088
16,1728,4,512,6.0527
16,1728,4,768,6.3148
16,1728,4,1152,6.7080
16,1728,4,1728,7.2979
16,1728,4,2592,8.1826
16,1728,4,3888,9.5097
16,1728,4,5832,11.5004
16,1728,4,8748,14.4863
16,1728,4,13122,18.9653
16,1728,4,16384,22.3056
16,1728,8,512,6.5933
16,1728,8,768,7.1176
16,1728,8,1152,7.9041
16,1728,8,1728,9.0837
16,1728,8,2592,10.8532
16,1728,8,3888,13.5074
16,1728,8,5832,17.4887
16,1728,8,8748,23.4607
16,1728,8,13122,32.4186
16,1728,8,16384,39.0992
16,1728,16,512,7.6747
16,1728,16,768,8.7233
16,1728,16,1152,10.2961
16,1728,16,1728,12.6554
16,1728,16,2592,16.1944
16,1728,16,3888,21.5028
16,1728,16,5832,29.4654
16,1728,16,8748,41.4093
16,1728,16,13122,59.3252
16,1728,16,16384,72.6864
16,1728,32,512,9.8374
16,1728,32,768,11.9345
16,1728,32,1152,15.0803
16,1728,32,1728,19.7988
16,1728,32,2592,26.8767
16,1728,32,3888,37.4936
16,1728,32,5832,53.4188
16,1728,32,8748,77.3067
16,1728,32,13122,113.1385
16,1728,32,16384,139.8608
16,1728,64,512,14.1628
16,1728,64,768,18.3571
16,1728,64,1152,24.6485
16,1728,64,1728,34.0857
16,1728,64,2592,48.2415
16,1728,64,3888,69.4751
16,1728,64,5832,101.3256
16,1728,64,8748,149.1014
16,1728,64,13122,220.7650
16,1728,64,16384,274.2096
16,1728,128,512,22.8135
16,1728,128,768,31.2021
16,1728,128,1152,43.7850
16,1728,128,1728,62.6594
16,1728,128,2592,90.9709
16,1728,128,3888,133.4383
16,1728,128,5832,197.1393
16,1728,128,8748,292.6908
16,1728,128,13122,436.0180
16,1728,128,16384,542.9072
16,2048,0,0,5.6844
16,2048,1,16,5.6847
16,2048,1,32,5.6851
16,2048,1,64,5.6857
16,2048,1,128,5.6871
16,2048,1,256,5.6897
16,2048,1,512,5.7291
16,2048,1,1024,5.8602
16,2048,1,2048,6.1223
16,2048,1,4096,6.6466
16,2048,1,8192,7.6952
16,2048,1,16384,9.7923
16,2048,2,16,5.6851
16,2048,2,32,5.6857
16,2048,2,64,5.6871
16,2048,2,128,5.6897
16,2048,2,256,5.7332
16,2048,2,512,5.8643
16,2048,2,1024,6.1264
16,2048,2,2048,6.6507
16,2048,2,4096,7.6993
16,2048,2,8192,9.7964
16,2048,2,16384,13.9907
16,2048,4,16,5.6857
16,2048,4,32,5.6871
16,2048,4,64,5.6897
16,2048,4,128,5.7414
16,2048,4,256,5.8724
16,2048,4,512,6.1346
16,2048,4,1024,6.6589
16,2048,4,2048,7.7075
16,2048,4,4096,9.8046
16,2048,4,8192,13.9989
16,2048,4,16384,22.3875
16,2048,8,16,5.6871
16,2048,8,32,5.6922
16,2048,8,64,5.7578
16,2048,8,128,5.8888
16,2048,8,256,6.1510
16,2048,8,512,6.6753
16,2048,8,1024,7.7238
16,2048,8,2048,9.8210
16,2048,8,4096,14.0153
16,2048,8,8192,22.4039
16,2048,8,16384,39.1811
16,2048,16,16,5.7250
16,2048,16,32,5.7905
16,2048,16,64,5.9216
16,2048,16,128,6.1837
16,2048,16,256,6.7080
16,2048,16,512,7.7566
16,2048,16,1024,9.8538
16,2048,16,2048,14.0481
16,2048,16,4096,22.4367
16,2048,16,8192,39.2139
16,2048,16,16384,72.7683
16,2048,32,16,5.8561
16,2048,32,32,5.9871
16,2048,32,64,6.2493
16,2048,32,128,6.7736
16,2048,32,256,7.8221
16,2048,32,512,9.9193
16,2048,32,1024,14.1136
16,2048,32,2048,22.5022
16,2048,32,4096,39.2794
16,2048,32,8192,72.8339
16,2048,32,16384,139.9427
16,2048,64,16,6.1182
16,2048,64,32,6.3804
16,2048,64,64,6.9046
16,2048,64,128,7.9532
16,2048,64,256,10.0504
16,2048,64,512,14.2447
16,2048,64,1024,22.6333
16,2048,64,2048,39.4105
16,2048,64,4096,72.9649
16,2048,64,8192,140.0738
16,2048,64,16384,274.2915
16,2048,128,16,6.6425
16,2048,128,32,7.1668
16,2048,128,64,8.2154
16,2048,128,128,10.3125
16,2048,128,256,14.5068
16,2048,128,512,22.8954
16,2048,128,1024,39.6726
16,2048,128,2048,73.2271
16,2048,128,4096,140.3359
16,2048,128,8192,274.5537
16,2048,128,16384,542.9891
16,2592,0,0,5.8655
16,2592,1,512,5.8761
16,2592,1,768,5.9339
16,2592,1,1152,6.0322
16,2592,1,1728,6.1796
16,2592,1,2592,6.4008
16,2592,1,3888,6.7326
16,2592,1,5832,7.2303
16,2592,1,8748,7.9768
16,2592,1,13122,9.0965
16,2592,1,16384,9.9316
16,2592,2,512,6.0035
16,2592,2,768,6.1346
16,2592,2,1152,6.3312
16,2592,2,1728,6.6261
16,2592,2,2592,7.0685
16,2592,2,3888,7.7320
16,2592,2,5832,8.7274
16,2592,2,8748,10.2204
16,2592,2,13122,12.4598
16,2592,2,16384,14.1300
16,2592,4,512,6.2739
16,2592,4,768,6.5360
16,2592,4,1152,6.9292
16,2592,4,1728,7.5190
16,2592,4,2592,8.4038
16,2592,4,3888,9.7309
16,2592,4,5832,11.7215
16,2592,4,8748,14.7075
16,2592,4,13122,19.1865
16,2592,4,16384,22.5268
16,2592,8,512,6.8145
16,2592,8,768,7.3388
16,2592,8,1152,8.1252
16,2592,8,1728,9.3049
16,2592,8,2592,11.0744
16,2592,8,3888,13.7286
16,2592,8,5832,17.7099
16,2592,8,8748,23.6819
16,2592,8,13122,32.6398
16,2592,8,16384,39.3204
16,2592,16,512,7.8959
16,2592,16,768,8.9444
16,2592,16,1152,10.5173
16,2592,16,1728,12.8766
16,2592,16,2592,16.4156
16,2592,16,3888,21.7240
16,2592,16,5832,29.6866
16,2592,16,8748,41.6305
16,2592,16,13122,59.5464
16,2592,16,16384,72.9076
16,2592,32,512,10.0586
16,2592,32,768,12.1557
16,2592,32,1152,15.3014
16,2592,32,1728,20.0200
16,2592,32,2592,27.0979
16,2592,32,3888,37.7148
16,2592,32,5832,53.6400
16,2592,32,8748,77.5279
16,2592,32,13122,113.3597
16,2592,32,16384,140.0820
16,2592,64,512,14.3839
16,2592,64,768,18.5782
16,2592,64,1152,24.8697
16,2592,64,1728,34.3069
16,2592,64,2592,48.4627
16,2592,64,3888,69.6963
16,2592,64,5832,101.5468
16,2592,64,8748,149.3226
16,2592,64,13122,220.9862
16,2592,64,16384,274.4308
16,2592,128,512,23.0347
16,2592,128,768,31.4233
16,2592,128,1152,44.0062
16,2592,128,1728,62.8806
16,2592,128,2592,91.1921
16,2592,128,3888,133.6595
16,2592,128,5832,197.3604
16,2592,128,8748,292.9119
16,2592,128,13122,436.2392
16,2592,128,16384,543.1284
16,3888,0,0,6.2969
16,3888,1,512,6.3076
16,3888,1,768,6.3129
16,3888,1,1152,6.3640
16,3888,1,1728,6.5114
16,3888,1,2592,6.7326
16,3888,1,3888,7.0644
16,3888,1,5832,7.5620
16,3888,1,8748,8.3085
16,3888,1,13122,9.4283
16,3888,1,16384,10.2634
16,3888,2,512,6.3353
16,3888,2,768,6.4664
16,3888,2,1152,6.6630
16,3888,2,1728,6.9579
16,3888,2,2592,7.4003
16,3888,2,3888,8.0638
16,3888,2,5832,9.0591
16,3888,2,8748,10.5521
16,3888,2,13122,12.7916
16,3888,2,16384,14.4618
16,3888,4,512,6.6056
16,3888,4,768,6.8678
16,3888,4,1152,7.2610
16,3888,4,1728,7.8508
16,3888,4,2592,8.7356
16,3888,4,3888,10.0627
16,3888,4,5832,12.0533
16,3888,4,8748,15.0393
16,3888,4,13122,19.5183
16,3888,4,16384,22.8586
16,3888,8,512,7.1463
16,3888,8,768,7.6706
16,3888,8,1152,8.4570
16,3888,8,1728,9.6367
16,3888,8,2592,11.4061
16,3888,8,3888,14.0604
16,3888,8,5832,18.0417
16,3888,8,8748,24.0136
16,3888,8,13122,32.9716
16,3888,8,16384,39.6522
16,3888,16,512,8.2276
16,3888,16,768,9.2762
16,3888,16,1152,10.8491
16,3888,16,1728,13.2084
16,3888,16,2592,16.7473
16,3888,16,3888,22.0557
16,3888,16,5832,30.0184
16,3888,16,8748,41.9623
16,3888,16,13122,59.8782
16,3888,16,16384,73.2394
16,3888,32,512,10.3903
16,3888,32,768,12.4875
16,3888,32,1152,15.6332
16,3888,32,1728,20.3518
16,3888,32,2592,27.4297
16,3888,32,3888,38.0465
16,3888,32,5832,53.9718
16,3888,32,8748,77.8596
16,3888,32,13122,113.6915
16,3888,32,16384,140.4138
16,3888,64,512,14.7157
16,3888,64,768,18.9100
16,3888,64,1152,25.2015
16,3888,64,1728,34.6387
16,3888,64,2592,48.7944
16,3888,64,3888,70.0281
16,3888,64,5832,101.8786
16,3888,64,8748,149.6543
16,3888,64,13122,221.3180
16,3888,64,16384,274.7626
16,3888,128,512,23.3665
16,3888,128,768,31.7551
16,3888,128,1152,44.3380
16,3888,128,1728,63.2124
16,3888,128,2592,91.5239
16,3888,128,3888,133.9912
16,3888,128,5832,197.6922
16,3888,128,8748,293.2437
16,3888,128,13122,436.5709
16,3888,128,16384,543.4602
16,4096,0,0,6.3661
16,4096,1,16,6.3665
16,4096,1,32,6.3668
16,4096,1,64,6.3675
16,4096,1,128,6.3688
16,4096,1,256,6.3715
16,4096,1,512,6.3768
16,4096,1,1024,6.3874
16,4096,1,2048,6.6466
16,4096,1,4096,7.1709
16,4096,1,8192,8.2195
16,4096,1,16384,10.3166
16,4096,2,16,6.3668
16,4096,2,32,6.3675
16,4096,2,64,6.3688
16,4096,2,128,6.3715
16,4096,2,256,6.3768
16,4096,2,512,6.3885
16,4096,2,1024,6.6507
16,4096,2,2048,7.1750
16,4096,2,4096,8.2236
16,4096,2,8192,10.3207
16,4096,2,16384,14.5150
16,4096,4,16,6.3675
16,4096,4,32,6.3688
16,4096,4,64,6.3715
16,4096,4,128,6.3768
16,4096,4,256,6.3967
16,4096,4,512,6.6589
16,4096,4,1024,7.1832
16,4096,4,2048,8.2317
16,4096,4,4096,10.3289
16,4096,4,8192,14.5232
16,4096,4,16384,22.9118
16,4096,8,16,6.3688
16,4096,8,32,6.3715
16,4096,8,64,6.3768
16,4096,8,128,6.4131
16,4096,8,256,6.6753
16,4096,8,512,7.1996
16,4096,8,1024,8.2481
16,4096,8,2048,10.3453
16,4096,8,4096,14.5396
16,4096,8,8192,22.9282
16,4096,8,16384,39.7054
16,4096,16,16,6.3715
16,4096,16,32,6.3768
16,4096,16,64,6.4459
16,4096,16,128,6.7080
16,4096,16,256,7.2323
16,4096,16,512,8.2809
16,4096,16,1024,10.3780
16,4096,16,2048,14.5724
16,4096,16,4096,22.9610
16,4096,16,8192,39.7382
16,4096,16,16384,73.2926
16,4096,32,16,6.3804
16,4096,32,32,6.5114
16,4096,32,64,6.7736
16,4096,32,128,7.2979
16,4096,32,256,8.3464
16,4096,32,512,10.4436
16,4096,32,1024,14.6379
16,4096,32,2048,23.0265
16,4096,32,4096,39.8037
16,4096,32,8192,73.3581
16,4096,32,16384,140.4670
16,4096,64,16,6.6425
16,4096,64,32,6.9046
16,4096,64,64,7.4289
16,4096,64,128,8.4775
16,4096,64,256,10.5747
16,4096,64,512,14.7690
16,4096,64,1024,23.1576
16,4096,64,2048,39.9348
16,4096,64,4096,73.4892
16,4096,64,8192,140.5981
16,4096,64,16384,274.8158
16,4096,128,16,7.1668
16,4096,128,32,7.6911
16,4096,128,64,8.7396
16,4096,128,128,10.8368
16,4096,128,256,15.0311
16,4096,128,512,23.4197
16,4096,128,1024,40.1969
16,4096,128,2048,73.7514
16,4096,128,4096,140.8602
16,4096,128,8192,275.0780
16,4096,128,16384,543.5134
16,5832,0,0,6.9440
16,5832,1,512,6.9547
16,5832,1,768,6.9600
16,5832,1,1152,6.9680
16,5832,1,1728,7.0091
16,5832,1,2592,7.2303
16,5832,1,3888,7.5620
16,5832,1,5832,8.0597
16,5832,1,8748,8.8062
16,5832,1,13122,9.9260
16,5832,1,16384,10.7610
16,5832,2,512,6.9653
16,5832,2,768,6.9760
16,5832,2,1152,7.1606
16,5832,2,1728,7.4556
16,5832,2,2592,7.8979
16,5832,2,3888,8.5615
16,5832,2,5832,9.5568
16,5832,2,8748,11.0498
16,5832,2,13122,13.2893
16,5832,2,16384,14.9594
16,5832,4,512,7.1033
16,5832,4,768,7.3654
16,5832,4,1152,7.7587
16,5832,4,1728,8.3485
16,5832,4,2592,9.2332
16,5832,4,3888,10.5603
16,5832,4,5832,12.5510
16,5832,4,8748,15.5370
16,5832,4,13122,20.0159
16,5832,4,16384,23.3562
16,5832,8,512,7.6440
16,5832,8,768,8.1683
16,5832,8,1152,8.9547
16,5832,8,1728,10.1343
16,5832,8,2592,11.9038
16,5832,8,3888,14.5580
16,5832,8,5832,18.5393
16,5832,8,8748,24.5113
16,5832,8,13122,33.4692
16,5832,8,16384,40.1498
16,5832,16,512,8.7253
16,5832,16,768,9.7739
16,5832,16,1152,11.3468
16,5832,16,1728,13.7060
16,5832,16,2592,17.2450
16,5832,16,3888,22.5534
16,5832,16,5832,30.5160
16,5832,16,8748,42.4600
16,5832,16,13122,60.3759
16,5832,16,16384,73.7370
16,5832,32,512,10.8880
16,5832,32,768,12.9852
16,5832,32,1152,16.1309
16,5832,32,1728,20.8495
16,5832,32,2592,27.9274
16,5832,32,3888,38.5442
16,5832,32,5832,54.4694
16,5832,32,8748,78.3573
16,5832,32,13122,114.1891
16,5832,32,16384,140.9114
16,5832,64,512,15.2134
16,5832,64,768,19.4077
16,5832,64,1152,25.6991
16,5832,64,1728,35.1363
16,5832,64,2592,49.2921
16,5832,64,3888,70.5258
16,5832,64,5832,102.3763
16,5832,64,8748,150.1520
16,5832,64,13122,221.8156
16,5832,64,16384,275.2602
16,5832,128,512,23.8641
16,5832,128,768,32.2527
16,5832,128,1152,44.8356
16,5832,128,1728,63.7100
16,5832,128,2592,92.0216
16,5832,128,3888,134.4889
16,5832,128,5832,198.1899
16,5832,128,8748,293.7414
16,5832,128,13122,437.0686
16,5832,128,16384,543.9578
16,8192,0,0,7.7296
16,8192,1,16,7.7300
16,8192,1,32,7.7303
16,8192,1,64,7.7310
16,8192,1,128,7.7323
16,8192,1,256,7.7350
16,8192,1,512,7.7403
16,8192,1,1024,7.7509
16,8192,1,2048,7.7722
16,8192,1,4096,8.2195
16,8192,1,8192,9.2680
16,8192,1,16384,11.3652
16,8192,2,16,7.7303
16,8192,2,32,7.7310
16,8192,2,64,7.7323
16,8192,2,128,7.7350
16,8192,2,256,7.7403
16,8192,2,512,7.7509
16,8192,2,1024,7.7722
16,8192,2,2048,8.2236
16,8192,2,4096,9.2721
16,8192,2,8192,11.3693
16,8192,2,16384,15.5636
16,8192,4,16,7.7310
16,8192,4,32,7.7323
16,8192,4,64,7.7350
16,8192,4,128,7.7403
16,8192,4,256,7.7509
16,8192,4,512,7.7722
16,8192,4,1024,8.2317
16,8192,4,2048,9.2803
16,8192,4,4096,11.3775
16,8192,4,8192,15.5718
16,8192,4,16384,23.9604
16,8192,8,16,7.7323
16,8192,8,32,7.7350
16,8192,8,64,7.7403
16,8192,8,128,7.7509
16,8192,8,256,7.7722
16,8192,8,512,8.2481
16,8192,8,1024,9.2967
16,8192,8,2048,11.3939
16,8192,8,4096,15.5882
16,8192,8,8192,23.9768
16,8192,8,16384,40.7540
16,8192,16,16,7.7350
16,8192,16,32,7.7403
16,8192,16,64,7.7509
16,8192,16,128,7.7722
16,8192,16,256,8.2809
16,8192,16,512,9.3295
16,8192,16,1024,11.4266
16,8192,16,2048,15.6209
16,8192,16,4096,24.0095
16,8192,16,8192,40.7868
16,8192,16,16384,74.3412
16,8192,32,16,7.7403
16,8192,32,32,7.7509
16,8192,32,64,7.8221
16,8192,32,128,8.3464
16,8192,32,256,9.3950
16,8192,32,512,11.4922
16,8192,32,1024,15.6865
16,8192,32,2048,24.0751
16,8192,32,4096,40.8523
16,8192,32,8192,74.4067
16,8192,32,16384,141.5156
16,8192,64,16,7.7509
16,8192,64,32,7.9532
16,8192,64,64,8.4775
16,8192,64,128,9.5261
16,8192,64,256,11.6232
16,8192,64,512,15.8175
16,8192,64,1024,24.2061
16,8192,64,2048,40.9834
16,8192,64,4096,74.5378
16,8192,64,8192,141.6467
16,8192,64,16384,275.8644
16,8192,128,16,8.2154
16,8192,128,32,8.7396
16,8192,128,64,9.7882
16,8192,128,128,11.8854
16,8192,128,256,16.0797
16,8192,128,512,24.4683
16,8192,128,1024,41.2455
16,8192,128,2048,74.7999
16,8192,128,4096,141.9088
16,8192,128,8192,276.1265
16,8192,128,16384,544.5620
16,8748,0,0,7.9147
16,8748,1,512,7.9254
16,8748,1,768,7.9307
16,8748,1,1152,7.9387
16,8748,1,1728,7.9507
16,8748,1,2592,7.9768
16,8748,1,3888,8.3085
16,8748,1,5832,8.8062
16,8748,1,8748,9.5527
16,8748,1,13122,10.6724
16,8748,1,16384,11.5075
16,8748,2,512,7.9360
16,8748,2,768,7.9467
16,8748,2,1152,7.9626
16,8748,2,1728,8.2020
16,8748,2,2592,8.6444
16,8748,2,3888,9.3080
16,8748,2,5832,10.3033
16,8748,2,8748,11.7963
16,8748,2,13122,14.0358
16,8748,2,16384,15.7059
16,8748,4,512,7.9573
16,8748,4,768,8.1119
16,8748,4,1152,8.5052
16,8748,4,1728,9.0950
16,8748,4,2592,9.9797
16,8748,4,3888,11.3068
16,8748,4,5832,13.2975
16,8748,4,8748,16.2835
16,8748,4,13122,20.7624
16,8748,4,16384,24.1027
16,8748,8,512,8.3905
16,8748,8,768,8.9148
16,8748,8,1152,9.7012
16,8748,8,1728,10.8808
16,8748,8,2592,12.6503
16,8748,8,3888,15.3045
16,8748,8,5832,19.2858
16,8748,8,8748,25.2578
16,8748,8,13122,34.2157
16,8748,8,16384,40.8963
16,8748,16,512,9.4718
16,8748,16,768,10.5204
16,8748,16,1152,12.0932
16,8748,16,1728,14.4525
16,8748,16,2592,17.9915
16,8748,16,3888,23.2999
16,8748,16,5832,31.2625
16,8748,16,8748,43.2065
16,8748,16,13122,61.1224
16,8748,16,16384,74.4835
16,8748,32,512,11.6345
16,8748,32,768,13.7316
16,8748,32,1152,16.8774
16,8748,32,1728,21.5960
16,8748,32,2592,28.6739
16,8748,32,3888,39.2907
16,8748,32,5832,55.2159
16,8748,32,8748,79.1038
16,8748,32,13122,114.9356
16,8748,32,16384,141.6579
16,8748,64,512,15.9599
16,8748,64,768,20.1542
16,8748,64,1152,26.4456
16,8748,64,1728,35.8828
16,8748,64,2592,50.0386
16,8748,64,3888,71.2723
16,8748,64,5832,103.1228
16,8748,64,8748,150.8985
16,8748,64,13122,222.5621
16,8748,64,16384,276.0067
16,8748,128,512,24.6106
16,8748,128,768,32.9992
16,8748,128,1152,45.5821
16,8748,128,1728,64.4565
16,8748,128,2592,92.7681
16,8748,128,3888,135.2354
16,8748,128,5832,198.9364
16,8748,128,8748,294.4879
16,8748,128,13122,437.8151
16,8748,128,16384,544.7043
16,13122,0,0,9.3707
16,13122,1,512,9.3814
16,13122,1,768,9.3867
16,13122,1,1152,9.3947
16,13122,1,1728,9.4067
16,13122,1,2592,9.4247
16,13122,1,3888,9.4516
16,13122,1,5832,9.9260
16,13122,1,8748,10.6724
16,13122,1,13122,11.7922
16,13122,1,16384,12.6273
16,13122,2,512,9.3920
16,13122,2,768,9.4027
16,13122,2,1152,9.4187
16,13122,2,1728,9.4426
16,13122,2,2592,9.7642
16,13122,2,3888,10.4277
16,13122,2,5832,11.4230
16,13122,2,8748,12.9160
16,13122,2,13122,15.1555
16,13122,2,16384,16.8257
16,13122,4,512,9.4133
16,13122,4,768,9.4346
16,13122,4,1152,9.6249
16,13122,4,1728,10.2147
16,13122,4,2592,11.0995
16,13122,4,3888,12.4266
16,13122,4,5832,14.4172
16,13122,4,8748,17.4032
16,13122,4,13122,21.8822
16,13122,4,16384,25.2225
16,13122,8,512,9.5102
16,13122,8,768,10.0345
16,13122,8,1152,10.8209
16,13122,8,1728,12.0006
16,13122,8,2592,13.7700
16,13122,8,3888,16.4243
16,13122,8,5832,20.4056
16,13122,8,8748,26.3775
16,13122,8,13122,35.3355
16,13122,8,16384,42.0161
16,13122,16,512,10.5916
16,13122,16,768,11.6401
16,13122,16,1152,13.2130
16,13122,16,1728,15.5723
16,13122,16,2592,19.1112
16,13122,16,3888,24.4196
16,13122,16,5832,32.3823
16,13122,16,8748,44.3262
16,13122,16,13122,62.2421
16,13122,16,16384,75.6033
16,13122,32,512,12.7542
16,13122,32,768,14.8514
16,13122,32,1152,17.9971
16,13122,32,1728,22.7157
16,13122,32,2592,29.7936
16,13122,32,3888,40.4104
16,13122,32,5832,56.3357
16,13122,32,8748,80.2236
16,13122,32,13122,116.0554
16,13122,32,16384,142.7777
16,13122,64,512,17.0796
16,13122,64,768,21.2739
16,13122,64,1152,27.5654
16,13122,64,1728,37.0026
16,13122,64,2592,51.1583
16,13122,64,3888,72.3920
16,13122,64,5832,104.2425
16,13122,64,8748,152.0182
16,13122,64,13122,223.6819
16,13122,64,16384,277.1265
16,13122,128,512,25.7304
16,13122,128,768,34.1190
16,13122,128,1152,46.7019
16,13122,128,1728,65.5763
16,13122,128,2592,93.8878
16,13122,128,3888,136.3551
16,13122,128,5832,200.0561
16,13122,128,8748,295.6076
16,13122,128,13122,438.9348
16,13122,128,16384,545.8241
16,16384,0,0,10.4566
16,16384,1,16,10.4569
16,16384,1,32,10.4573
16,16384,1,64,10.4579
16,16384,1,128,10.4593
16,16384,1,256,10.4619
16,16384,1,512,10.4672
16,16384,1,768,10.4726
16,16384,1,1024,10.4779
16,16384,1,1152,10.4806
16,16384,1,1728,10.4925
16,16384,1,2048,10.4992
16,16384,1,2592,10.5105
16,16384,1,3888,10.5375
16,16384,1,4096,10.5418
16,16384,1,5832,10.7610
16,16384,1,8192,11.3652
16,16384,1,8748,11.5075
16,16384,1,13122,12.6273
16,16384,1,16384,13.4623
16,16384,2,16,10.4573
16,16384,2,32,10.4579
16,16384,2,64,10.4593
16,16384,2,128,10.4619
16,16384,2,256,10.4672
16,16384,2,512,10.4779
16,16384,2,768,10.4885
16,16384,2,1024,10.4992
16,16384,2,1152,10.5045
16,16384,2,1728,10.5285
16,16384,2,2048,10.5418
16,16384,2,2592,10.5992
16,16384,2,3888,11.2628
16,16384,2,4096,11.3693
16,16384,2,5832,12.2581
16,16384,2,8192,13.4664
16,16384,2,8748,13.7511
16,16384,2,13122,15.9906
16,16384,2,16384,17.6607
16,16384,4,16,10.4579
16,16384,4,32,10.4593
16,16384,4,64,10.4619
16,16384,4,128,10.4672
16,16384,4,256,10.4779
16,16384,4,512,10.4992
16,16384,4,768,10.5205
16,16384,4,1024,10.5418
16,16384,4,1152,10.5525
16,16384,4,1728,11.0498
16,16384,4,2048,11.3775
16,16384,4,2592,11.9345
16,16384,4,3888,13.2616
16,16384,4,4096,13.4746
16,16384,4,5832,15.2523
16,16384,4,8192,17.6689
16,16384,4,8748,18.2383
16,16384,4,13122,22.7172
16,16384,4,16384,26.0575
16,16384,8,16,10.4593
16,16384,8,32,10.4619
16,16384,8,64,10.4672
16,16384,8,128,10.4779
16,16384,8,256,10.4992
16,16384,8,512,10.5418
16,16384,8,768,10.8696
16,16384,8,1024,11.3939
16,16384,8,1152,11.6560
16,16384,8,1728,12.8356
16,16384,8,2048,13.4910
16,16384,8,2592,14.6051
16,16384,8,3888,17.2593
16,16384,8,4096,17.6853
16,16384,8,5832,21.2406
16,16384,8,8192,26.0739
16,16384,8,8748,27.2126
16,16384,8,13122,36.1706
16,16384,8,16384,42.8511
16,16384,16,16,10.4619
16,16384,16,32,10.4672
16,16384,16,64,10.4779
16,16384,16,128,10.4992
16,16384,16,256,10.5418
16,16384,16,512,11.4266
16,16384,16,768,12.4752
16,16384,16,1024,13.5238
16,16384,16,1152,14.0481
16,16384,16,1728,16.4074
16,16384,16,2048,17.7181
16,16384,16,2592,19.9463
16,16384,16,3888,25.2547
16,16384,16,4096,26.1067
16,16384,16,5832,33.2173
16,16384,16,8192,42.8839
16,16384,16,8748,45.1613
16,16384,16,13122,63.0772
16,16384,16,16384,76.4383
16,16384,32,16,10.4672
16,16384,32,32,10.4779
16,16384,32,64,10.4992
16,16384,32,128,10.5418
16,16384,32,256,11.4922
16,16384,32,512,13.5893
16,16384,32,768,15.6865
16,16384,32,1024,17.7836
16,16384,32,1152,18.8322
16,16384,32,1728,23.5508
16,16384,32,2048,26.1722
16,16384,32,2592,30.6287
16,16384,32,3888,41.2455
16,16384,32,4096,42.9494
16,16384,32,5832,57.1708
16,16384,32,8192,76.5039
16,16384,32,8748,81.0586
16,16384,32,13122,116.8904
16,16384,32,16384,143.6127
16,16384,64,16,10.4779
16,16384,64,32,10.4992
16,16384,64,64,10.5747
16,16384,64,128,11.6232
16,16384,64,256,13.7204
16,16384,64,512,17.9147
16,16384,64,768,22.1090
16,16384,64,1024,26.3033
16,16384,64,1152,28.4004
16,16384,64,1728,37.8376
16,16384,64,2048,43.0805
16,16384,64,2592,51.9934
16,16384,64,3888,73.2271
16,16384,64,4096,76.6349
16,16384,64,5832,105.0776
16,16384,64,8192,143.7438
16,16384,64,8748,152.8533
16,16384,64,13122,224.5169
16,16384,64,16384,277.9615
16,16384,128,16,10.4992
16,16384,128,32,10.8368
16,16384,128,64,11.8854
16,16384,128,128,13.9825
16,16384,128,256,18.1768
16,16384,128,512,26.5654
16,16384,128,768,34.9540
16,16384,128,1024,43.3427
16,16384,128,1152,47.5370
16,16384,128,1728,66.4113
16,16384,128,2048,76.8971
16,16384,128,2592,94.7229
16,16384,128,3888,137.1902
16,16384,128,4096,144.0060
16,16384,128,5832,200.8912
16,16384,128,8192,278.2237
16,16384,128,8748,296.4427
16,16384,128,13122,439.7699
16,16384,128,16384,546.6591
24,0,0,0,5.1044
24,0,1,512,5.2396
24,0,1,768,5.3052
24,0,1,1152,5.4035
24,0,1,1728,5.5509
24,0,1,2592,5.7721
24,0,1,3888,6.1039
24,0,1,5832,6.6015
24,0,1,8748,7.3480
24,0,1,13122,8.4678
24,0,1,16384,9.3028
24,0,2,512,5.3748
24,0,2,768,5.5059
24,0,2,1152,5.7025
24,0,2,1728,5.9974
24,0,2,2592,6.4397
24,0,2,3888,7.1033
24,0,2,5832,8.0986
24,0,2,8748,9.5916
24,0,2,13122,11.8311
24,0,2,16384,13.5012
24,0,4,512,5.6451
24,0,4,768,5.9073
24,0,4,1152,6.3005
24,0,4,1728,6.8903
24,0,4,2592,7.7750
24,0,4,3888,9.1021
24,0,4,5832,11.0928
24,0,4,8748,14.0788
24,0,4,13122,18.5578
24,0,4,16384,21.8980
24,0,8,512,6.1858
24,0,8,768,6.7101
24,0,8,1152,7.4965
24,0,8,1728,8.6762
24,0,8,2592,10.4456
24,0,8,3888,13.0998
24,0,8,5832,17.0812
24,0,8,8748,23.0531
24,0,8,13122,32.0111
24,0,8,16384,38.6916
24,0,16,512,7.2671
24,0,16,768,8.3157
24,0,16,1152,9.8886
24,0,16,1728,12.2479
24,0,16,2592,15.7868
24,0,16,3888,21.0952
24,0,16,5832,29.0579
24,0,16,8748,41.0018
24,0,16,13122,58.9177
24,0,16,16384,72.2788
24,0,32,512,9.4298
24,0,32,768,11.5270
24,0,32,1152,14.6727
24,0,32,1728,19.3913
24,0,32,2592,26.4692
24,0,32,3888,37.0860
24,0,32,5832,53.0113
24,0,32,8748,76.8991
24,0,32,13122,112.7309
24,0,32,16384,139.4532
24,0,64,512,13.7552
24,0,64,768,17.9495
24,0,64,1152,24.2410
24,0,64,1728,33.6781
24,0,64,2592,47.8339
24,0,64,3888,69.0676
24,0,64,5832,100.9181
24,0,64,8748,148.6938
24,0,64,13122,220.3574
24,0,64,16384,273.8020
24,0,128,512,22.4060
24,0,128,768,30.7946
24,0,128,1152,43.3775
24,0,128,1728,62.2518
24,0,128,2592,90.5634
24,0,128,3888,133.0307
24,0,128,5832,196.7317
24,0,128,8748,292.2832
24,0,128,13122,435.6104
24,0,128,16384,542.4996
24,512,0,0,5.2616
24,512,1,512,5.3707
24,512,1,768,5.4362
24,512,1,1152,5.5345
24,512,1,1728,5.6820
24,512,1,2592,5.9032
24,512,1,3888,6.2349
24,512,1,5832,6.7326
24,512,1,8748,7.4791
24,512,1,13122,8.5988
24,512,1,16384,9.4339
24,512,2,512,5.5059
24,512,2,768,5.6369
24,512,2,1152,5.8335
24,512,2,1728,6.1284
24,512,2,2592,6.5708
24,512,2,3888,7.2344
24,512,2,5832,8.2297
24,512,2,8748,9.7227
24,512,2,13122,11.9622
24,512,2,16384,13.6323
24,512,4,512,5.7762
24,512,4,768,6.0383
24,512,4,1152,6.4316
24,512,4,1728,7.0214
24,512,4,2592,7.9061
24,512,4,3888,9.2332
24,512,4,5832,11.2239
24,512,4,8748,14.2099
24,512,4,13122,18.6888
24,512,4,16384,22.0291
24,512,8,512,6.3169
24,512,8,768,6.8412
24,512,8,1152,7.6276
24,512,8,1728,8.8072
24,512,8,2592,10.5767
24,512,8,3888,13.2309
24,512,8,5832,17.2122
24,512,8,8748,23.1842
24,512,8,13122,32.1421
24,512,8,16384,38.8227
24,512,16,512,7.3982
24,512,16,768,8.4468
24,512,16,1152,10.0196
24,512,16,1728,12.3789
24,512,16,2592,15.9179
24,512,16,3888,21.2263
24,512,16,5832,29.1889
24,512,16,8748,41.1329
24,512,16,13122,59.0488
24,512,16,16384,72.4099
24,512,32,512,9.5609
24,512,32,768,11.6580
24,512,32,1152,14.8038
24,512,32,1728,19.5224
24,512,32,2592,26.6003
24,512,32,3888,37.2171
24,512,32,5832,53.1423
24,512,32,8748,77.0302
24,512,32,13122,112.8620
24,512,32,16384,139.5843
24,512,64,512,13.8863
24,512,64,768,18.0806
24,512,64,1152,24.3720
24,512,64,1728,33.8092
24,512,64,2592,47.9650
24,512,64,3888,69.1987
24,512,64,5832,101.0492
24,512,64,8748,148.8249
24,512,64,13122,220.4885
24,512,64,16384,273.9331
24,512,128,512,22.5370
24,512,128,768,30.9256
24,512,128,1152,43.5085
24,512,128,1728,62.3829
24,512,128,2592,90.6945
24,512,128,3888,133.1618
24,512,128,5832,196.8628
24,512,128,8748,292.4143
24,512,128,13122,435.7415
24,512,128,16384,542.6307
24,768,0,0,5.3895
24,768,1,512,5.4362
24,768,1,768,5.5018
24,768,1,1152,5.6001
24,768,1,1728,5.7475
24,768,1,2592,5.9687
24,768,1,3888,6.3005
24,768,1,5832,6.7981
24,768,1,8748,7.5446
24,768,1,13122,8.6644
24,768,1,16384,9.4995
24,768,2,512,5.5714
24,768,2,768,5.7025
24,768,2,1152,5.8991
24,768,2,1728,6.1940
24,768,2,2592,6.6364
24,768,2,3888,7.2999
24,768,2,5832,8.2952
24,768,2,8748,9.7882
24,768,2,13122,12.0277
24,768,2,16384,13.6979
24,768,4,512,5.8417
24,768,4,768,6.1039
24,768,4,1152,6.4971
24,768,4,1728,7.0869
24,768,4,2592,7.9716
24,768,4,3888,9.2988
24,768,4,5832,11.2894
24,768,4,8748,14.2754
24,768,4,13122,18.7544
24,768,4,16384,22.0947
24,768,8,512,6.3824
24,768,8,768,6.9067
24,768,8,1152,7.6931
24,768,8,1728,8.8728
24,768,8,2592,10.6422
24,768,8,3888,13.2964
24,768,8,5832,17.2778
24,768,8,8748,23.2497
24,768,8,13122,32.2077
24,768,8,16384,38.8883
24,768,16,512,7.4637
24,768,16,768,8.5123
24,768,16,1152,10.0852
24,768,16,1728,12.4445
24,768,16,2592,15.9834
24,768,16,3888,21.2918
24,768,16,5832,29.2545
24,768,16,8748,41.1984
24,768,16,13122,59.1143
24,768,16,16384,72.4755
24,768,32,512,9.6264
24,768,32,768,11.7236
24,768,32,1152,14.8693
24,768,32,1728,19.5879
24,768,32,2592,26.6658
24,768,32,3888,37.2826
24,768,32,5832,53.2079
24,768,32,8748,77.0957
24,768,32,13122,112.9276
24,768,32,16384,139.6499
24,768,64,512,13.9518
24,768,64,768,18.1461
24,768,64,1152,24.4376
24,768,64,1728,33.8748
24,768,64,2592,48.0305
24,768,64,3888,69.2642
24,768,64,5832,101.1147
24,768,64,8748,148.8904
24,768,64,13122,220.5540
24,768,64,16384,273.9987
24,768,128,512,22.6026
24,768,128,768,30.9912
24,768,128,1152,43.5741
24,768,128,1728,62.4484
24,768,128,2592,90.7600
24,768,128,3888,133.2273
24,768,128,5832,196.9283
24,768,128,8748,292.4798
24,768,128,13122,435.8070
24,768,128,16384,542.6963
24,1152,0,0,5.5812
24,1152,1,512,5.5919
24,1152,1,768,5.6001
24,1152,1,1152,5.6984
24,1152,1,1728,5.8458
24,1152,1,2592,6.0670
24,1152,1,3888,6.3988
24,1152,1,5832,6.8964
24,1152,1,8748,7.6429
24,1152,1,13122,8.7627
24,1152,1,16384,9.5978
24,1152,2,512,5.6697
24,1152,2,768,5.8008
24,1152,2,1152,5.9974
24,1152,2,1728,6.2923
24,1152,2,2592,6.7347
24,1152,2,3888,7.3982
24,1152,2,5832,8.3935
24,1152,2,8748,9.8865
24,1152,2,13122,12.1260
24,1152,2,16384,13.7962
24,1152,4,512,5.9400
24,1152,4,768,6.2022
24,1152,4,1152,6.5954
24,1152,4,1728,7.1852
24,1152,4,2592,8.0700
24,1152,4,3888,9.3971
24,1152,4,5832,11.3877
24,1152,4,8748,14.3737
24,1152,4,13122,18.8527
24,1152,4,16384,22.1930
24,1152,8,512,6.4807
24,1152,8,768,7.0050
24,1152,8,1152,7.7914
24,1152,8,1728,8.9711
24,1152,8,2592,10.7405
24,1152,8,3888,13.3948
24,1152,8,5832,17.3761
24,1152,8,8748,23.3480
24,1152,8,13122,32.3060
24,1152,8,16384,38.9866
24,1152,16,512,7.5620
24,1152,16,768,8.6106
24,1152,16,1152,10.1835
24,1152,16,1728,12.5428
24,1152,16,2592,16.0817
24,1152,16,3888,21.3901
24,1152,16,5832,29.3528
24,1152,16,8748,41.2967
24,1152,16,13122,59.2126
24,1152,16,16384,72.5738
24,1152,32,512,9.7247
24,1152,32,768,11.8219
24,1152,32,1152,14.9676
24,1152,32,1728,19.6862
24,1152,32,2592,26.7641
24,1152,32,3888,37.3809
24,1152,32,5832,53.3062
24,1152,32,8748,77.1940
24,1152,32,13122,113.0259
24,1152,32,16384,139.7482
24,1152,64,512,14.0501
24,1152,64,768,18.2444
24,1152,64,1152,24.5359
24,1152,64,1728,33.9731
24,1152,64,2592,48.1288
24,1152,64,3888,69.3625
24,1152,64,5832,101.2130
24,1152,64,8748,148.9887
24,1152,64,13122,220.6524
24,1152,64,16384,274.0970
24,1152,128,512,22.7009
24,1152,128,768,31.0895
24,1152,128,1152,43.6724
24,1152,128,1728,62.5468
24,1152,128,2592,90.8583
24,1152,128,3888,133.3256
24,1152,128,5832,197.0266
24,1152,128,8748,292.5781
24,1152,128,13122,435.9053
24,1152,128,16384,542.7946
24,1728,0,0,5.8688
24,1728,1,512,5.8795
24,1728,1,768,5.8848
24,1728,1,1152,5.8928
24,1728,1,1728,5.9933
24,1728,1,2592,6.2145
24,1728,1,3888,6.5462
24,1728,1,5832,7.0439
24,1728,1,8748,7.7904
24,1728,1,13122,8.9101
24,1728,1,16384,9.7452
24,1728,2,512,5.8901
24,1728,2,768,5.9482
24,1728,2,1152,6.1448
24,1728,2,1728,6.4397
24,1728,2,2592,6.8821
24,1728,2,3888,7.5457
24,1728,2,5832,8.5410
24,1728,2,8748,10.0340
24,1728,2,13122,12.2735
24,1728,2,16384,13.9436
24,1728,4,512,6.0875
24,1728,4,768,6.3496
24,1728,4,1152,6.7428
24,1728,4,1728,7.3327
24,1728,4,2592,8.2174
24,1728,4,3888,9.5445
24,1728,4,5832,11.5352
24,1728,4,8748,14.5212
24,1728,4,13122,19.0001
24,1728,4,16384,22.3404
24,1728,8,512,6.6282
24,1728,8,768,7.1524
24,1728,8,1152,7.9389
24,1728,8,1728,9.1185
24,1728,8,2592,10.8880
24,1728,8,3888,13.5422
24,1728,8,5832,17.5235
24,1728,8,8748,23.4955
24,1728,8,13122,32.4534
24,1728,8,16384,39.1340
24,1728,16,512,7.7095
24,1728,16,768,8.7581
24,1728,16,1152,10.3309
24,1728,16,1728,12.6902
24,1728,16,2592,16.2292
24,1728,16,3888,21.5376
24,1728,16,5832,29.5002
24,1728,16,8748,41.4442
24,1728,16,13122,59.3601
24,1728,16,16384,72.7212
24,1728,32,512,9.8722
24,1728,32,768,11.9693
24,1728,32,1152,15.1151
24,1728,32,1728,19.8337
24,1728,32,2592,26.9116
24,1728,32,3888,37.5284
24,1728,32,5832,53.4536
24,1728,32,8748,77.3415
24,1728,32,13122,113.1733
24,1728,32,16384,139.8956
24,1728,64,512,14.1976
24,1728,64,768,18.3919
24,1728,64,1152,24.6833
24,1728,64,1728,34.1205
24,1728,64,2592,48.2763
24,1728,64,3888,69.5100
24,1728,64,5832,101.3604
24,1728,64,8748,149.1362
24,1728,64,13122,220.7998
24,1728,64,16384,274.2444
24,1728,128,512,22.8483
24,1728,128,768,31.2369
24,1728,128,1152,43.8198
24,1728,128,1728,62.6942
24,1728,128,2592,91.0058
24,1728,128,3888,133.4731
24,1728,128,5832,197.1741
24,1728,128,8748,292.7256
24,1728,128,13122,436.0528
24,1728,128,16384,542.9420
24,2592,0,0,6.3002
24,2592,1,512,6.3109
24,2592,1,768,6.3162
24,2592,1,1152,6.3242
24,2592,1,1728,6.3362
24,2592,1,2592,6.4356
24,2592,1,3888,6.7674
24,2592,1,5832,7.2651
24,2592,1,8748,8.0116
24,2592,1,13122,9.1313
24,2592,1,16384,9.9664
24,2592,2,512,6.3215
24,2592,2,768,6.3322
24,2592,2,1152,6.3660
24,2592,2,1728,6.6609
24,2592,2,2592,7.1033
24,2592,2,3888,7.7668
24,2592,2,5832,8.7622
24,2592,2,8748,10.2552
24,2592,2,13122,12.4947
24,2592,2,16384,14.1648
24,2592,4,512,6.3428
24,2592,4,768,6.5708
24,2592,4,1152,6.9640
24,2592,4,1728,7.5539
24,2592,4,2592,8.4386
24,2592,4,3888,9.7657
24,2592,4,5832,11.7564
24,2592,4,8748,14.7423
24,2592,4,13122,19.2213
24,2592,4,16384,22.5616
24,2592,8,512,6.8493
24,2592,8,768,7.3736
24,2592,8,1152,8.1601
24,2592,8,1728,9.3397
24,2592,8,2592,11.1092
24,2592,8,3888,13.7634
24,2592,8,5832,17.7447
24,2592,8,8748,23.7167
24,2592,8,13122,32.6746
24,2592,8,16384,39.3552
24,2592,16,512,7.9307
24,2592,16,768,8.9793
24,2592,16,1152,10.5521
24,2592,16,1728,12.9114
24,2592,16,2592,16.4504
24,2592,16,3888,21.7588
24,2592,16,5832,29.7214
24,2592,16,8748,41.6653
24,2592,16,13122,59.5812
24,2592,16,16384,72.9424
24,2592,32,512,10.0934
24,2592,32,768,12.1905
24,2592,32,1152,15.3363
24,2592,32,1728,20.0548
24,2592,32,2592,27.1327
24,2592,32,3888,37.7496
24,2592,32,5832,53.6748
24,2592,32,8748,77.5627
24,2592,32,13122,113.3945
24,2592,32,16384,140.1168
24,2592,64,512,14.4188
24,2592,64,768,18.6131
24,2592,64,1152,24.9045
24,2592,64,1728,34.3417
24,2592,64,2592,48.4975
24,2592,64,3888,69.7311
24,2592,64,5832,101.5816
24,2592,64,8748,149.3574
24,2592,64,13122,221.0210
24,2592,64,16384,274.4656
24,2592,128,512,23.0695
24,2592,128,768,31.4581
24,2592,128,1152,44.0410
24,2592,128,1728,62.9154
24,2592,128,2592,91.2269
24,2592,128,3888,133.6943
24,2592,128,5832,197.3953
24,2592,128,8748,292.9468
24,2592,128,13122,436.2740
24,2592,128,16384,543.1632
24,3888,0,0,6.9474
24,3888,1,512,6.9580
24,3888,1,768,6.9633
24,3888,1,1152,6.9713
24,3888,1,1728,6.9833
24,3888,1,2592,7.0013
24,3888,1,3888,7.0992
24,3888,1,5832,7.5969
24,3888,1,8748,8.3434
24,3888,1,13122,9.4631
24,3888,1,16384,10.2982
24,3888,2,512,6.9687
24,3888,2,768,6.9793
24,3888,2,1152,6.9953
24,3888,2,1728,7.0193
24,3888,2,2592,7.4351
24,3888,2,3888,8.0986
24,3888,2,5832,9.0940
24,3888,2,8748,10.5869
24,3888,2,13122,12.8264
24,3888,2,16384,14.4966
24,3888,4,512,6.9900
24,3888,4,768,7.0113
24,3888,4,1152,7.2958
24,3888,4,1728,7.8856
24,3888,4,2592,8.7704
24,3888,4,3888,10.0975
24,3888,4,5832,12.0881
24,3888,4,8748,15.0741
24,3888,4,13122,19.5531
24,3888,4,16384,22.8934
24,3888,8,512,7.1811
24,3888,8,768,7.7054
24,3888,8,1152,8.4918
24,3888,8,1728,9.6715
24,3888,8,2592,11.4410
24,3888,8,3888,14.0952
24,3888,8,5832,18.0765
24,3888,8,8748,24.0484
24,3888,8,13122,33.0064
24,3888,8,16384,39.6870
24,3888,16,512,8.2625
24,3888,16,768,9.3110
24,3888,16,1152,10.8839
24,3888,16,1728,13.2432
24,3888,16,2592,16.7821
24,3888,16,3888,22.0906
24,3888,16,5832,30.0532
24,3888,16,8748,41.9971
24,3888,16,13122,59.9130
24,3888,16,16384,73.2742
24,3888,32,512,10.4252
24,3888,32,768,12.5223
24,3888,32,1152,15.6680
24,3888,32,1728,20.3866
24,3888,32,2592,27.4645
24,3888,32,3888,38.0813
24,3888,32,5832,54.0066
24,3888,32,8748,77.8945
24,3888,32,13122,113.7263
24,3888,32,16384,140.4486
24,3888,64,512,14.7505
24,3888,64,768,18.9448
24,3888,64,1152,25.2363
24,3888,64,1728,34.6735
24,3888,64,2592,48.8292
24,3888,64,3888,70.0629
24,3888,64,5832,101.9134
24,3888,64,8748,149.6892
24,3888,64,13122,221.3528
24,3888,64,16384,274.7974
24,3888,128,512,23.4013
24,3888,128,768,31.7899
24,3888,128,1152,44.3728
24,3888,128,1728,63.2472
24,3888,128,2592,91.5587
24,3888,128,3888,134.0260
24,3888,128,5832,197.7270
24,3888,128,8748,293.2785
24,3888,128,13122,436.6058
24,3888,128,16384,543.4950
24,5832,0,0,7.9180
24,5832,1,512,7.9287
24,5832,1,768,7.9340
24,5832,1,1152,7.9420
24,5832,1,1728,7.9540
24,5832,1,2592,7.9720
24,5832,1,3888,7.9989
24,5832,1,5832,8.0945
24,5832,1,8748,8.8410
24,5832,1,13122,9.9608
24,5832,1,16384,10.7958
24,5832,2,512,7.9393
24,5832,2,768,7.9500
24,5832,2,1152,7.9660
24,5832,2,1728,7.9899
24,5832,2,2592,8.0259
24,5832,2,3888,8.5963
24,5832,2,5832,9.5916
24,5832,2,8748,11.0846
24,5832,2,13122,13.3241
24,5832,2,16384,14.9942
24,5832,4,512,7.9606
24,5832,4,768,7.9820
24,5832,4,1152,8.0139
24,5832,4,1728,8.3833
24,5832,4,2592,9.2680
24,5832,4,3888,10.5951
24,5832,4,5832,12.5858
24,5832,4,8748,15.5718
24,5832,4,13122,20.0508
24,5832,4,16384,23.3910
24,5832,8,512,8.0033
24,5832,8,768,8.2031
24,5832,8,1152,8.9895
24,5832,8,1728,10.1692
24,5832,8,2592,11.9386
24,5832,8,3888,14.5928
24,5832,8,5832,18.5741
24,5832,8,8748,24.5461
24,5832,8,13122,33.5041
24,5832,8,16384,40.1846
24,5832,16,512,8.7601
24,5832,16,768,9.8087
24,5832,16,1152,11.3816
24,5832,16,1728,13.7409
24,5832,16,2592,17.2798
24,5832,16,3888,22.5882
24,5832,16,5832,30.5508
24,5832,16,8748,42.4948
24,5832,16,13122,60.4107
24,5832,16,16384,73.7718
24,5832,32,512,10.9228
24,5832,32,768,13.0200
24,5832,32,1152,16.1657
24,5832,32,1728,20.8843
24,5832,32,2592,27.9622
24,5832,32,3888,38.5790
24,5832,32,5832,54.5043
24,5832,32,8748,78.3921
24,5832,32,13122,114.2239
24,5832,32,16384,140.9462
24,5832,64,512,15.2482
24,5832,64,768,19.4425
24,5832,64,1152,25.7340
24,5832,64,1728,35.1711
24,5832,64,2592,49.3269
24,5832,64,3888,70.5606
24,5832,64,5832,102.4111
24,5832,64,8748,150.1868
24,5832,64,13122,221.8504
24,5832,64,16384,275.2950
24,5832,128,512,23.8989
24,5832,128,768,32.2876
24,5832,128,1152,44.8705
24,5832,128,1728,63.7448
24,5832,128,2592,92.0564
24,5832,128,3888,134.5237
24,5832,128,5832,198.2247
24,5832,128,8748,293.7762
24,5832,128,13122,437.1034
24,5832,128,16384,543.9926
24,8748,0,0,9.3741
24,8748,1,512,9.3847
24,8748,1,768,9.3900
24,8748,1,1152,9.3980
24,8748,1,1728,9.4100
24,8748,1,2592,9.4280
24,8748,1,3888,9.4550
24,8748,1,5832,9.4954
24,8748,1,8748,9.5875
24,8748,1,13122,10.7073
24,8748,1,16384,11.5423
24,8748,2,512,9.3954
24,8748,2,768,9.4060
24,8748,2,1152,9.4220
24,8748,2,1728,9.4460
24,8748,2,2592,9.4819
24,8748,2,3888,9.5358
24,8748,2,5832,10.3381
24,8748,2,8748,11.8311
24,8748,2,13122,14.0706
24,8748,2,16384,15.7407
24,8748,4,512,9.4167
24,8748,4,768,9.4380
24,8748,4,1152,9.4699
24,8748,4,1728,9.5179
24,8748,4,2592,10.0145
24,8748,4,3888,11.3416
24,8748,4,5832,13.3323
24,8748,4,8748,16.3183
24,8748,4,13122,20.7972
24,8748,4,16384,24.1375
24,8748,8,512,9.4593
24,8748,8,768,9.5019
24,8748,8,1152,9.7360
24,8748,8,1728,10.9156
24,8748,8,2592,12.6851
24,8748,8,3888,15.3393
24,8748,8,5832,19.3206
24,8748,8,8748,25.2926
24,8748,8,13122,34.2506
24,8748,8,16384,40.9311
24,8748,16,512,9.5445
24,8748,16,768,10.5552
24,8748,16,1152,12.1281
24,8748,16,1728,14.4874
24,8748,16,2592,18.0263
24,8748,16,3888,23.3347
24,8748,16,5832,31.2973
24,8748,16,8748,43.2413
24,8748,16,13122,61.1572
24,8748,16,16384,74.5183
24,8748,32,512,11.6693
24,8748,32,768,13.7665
24,8748,32,1152,16.9122
24,8748,32,1728,21.6308
24,8748,32,2592,28.7087
24,8748,32,3888,39.3255
24,8748,32,5832,55.2508
24,8748,32,8748,79.1386
24,8748,32,13122,114.9704
24,8748,32,16384,141.6927
24,8748,64,512,15.9947
24,8748,64,768,20.1890
24,8748,64,1152,26.4804
24,8748,64,1728,35.9176
24,8748,64,2592,50.0734
24,8748,64,3888,71.3071
24,8748,64,5832,103.1576
24,8748,64,8748,150.9333
24,8748,64,13122,222.5969
24,8748,64,16384,276.0415
24,8748,128,512,24.6454
24,8748,128,768,33.0340
24,8748,128,1152,45.6170
24,8748,128,1728,64.4913
24,8748,128,2592,92.8029
24,8748,128,3888,135.2702
24,8748,128,5832,198.9712
24,8748,128,8748,294.5227
24,8748,128,13122,437.8499
24,8748,128,16384,544.7391
24,13122,0,0,11.5581
24,13122,1,512,11.5687
24,13122,1,768,11.5741
24,13122,1,1152,11.5821
24,13122,1,1728,11.5940
24,13122,1,2592,11.6120
24,13122,1,3888,11.6390
24,13122,1,5832,11.6794
24,13122,1,8748,11.7401
24,13122,1,13122,11.8311
24,13122,1,16384,12.6621
24,13122,2,512,11.5794
24,13122,2,768,11.5901
24,13122,2,1152,11.6060
24,13122,2,1728,11.6300
24,13122,2,2592,11.6659
24,13122,2,3888,11.7199
24,13122,2,5832,11.8008
24,13122,2,8748,12.9508
24,13122,2,13122,15.1903
24,13122,2,16384,16.8605
24,13122,4,512,11.6007
24,13122,4,768,11.6220
24,13122,4,1152,11.6540
24,13122,4,1728,11.7019
24,13122,4,2592,11.7738
24,13122,4,3888,12.4614
24,13122,4,5832,14.4520
24,13122,4,8748,17.4380
24,13122,4,13122,21.9170
24,13122,4,16384,25.2573
24,13122,8,512,11.6433
24,13122,8,768,11.6859
24,13122,8,1152,11.7498
24,13122,8,1728,12.0354
24,13122,8,2592,13.8049
24,13122,8,3888,16.4591
24,13122,8,5832,20.4404
24,13122,8,8748,26.4124
24,13122,8,13122,35.3703
24,13122,8,16384,42.0509
24,13122,16,512,11.7285
24,13122,16,768,11.8137
24,13122,16,1152,13.2478
24,13122,16,1728,15.6071
24,13122,16,2592,19.1460
24,13122,16,3888,24.4545
24,13122,16,5832,32.4171
24,13122,16,8748,44.3610
24,13122,16,13122,62.2769
24,13122,16,16384,75.6381
24,13122,32,512,12.7891
24,13122,32,768,14.8862
24,13122,32,1152,18.0319
24,13122,32,1728,22.7505
24,13122,32,2592,29.8284
24,13122,32,3888,40.4452
24,13122,32,5832,56.3705
24,13122,32,8748,80.2584
24,13122,32,13122,116.0902
24,13122,32,16384,142.8125
24,13122,64,512,17.1144
24,13122,64,768,21.3087
24,13122,64,1152,27.6002
24,13122,64,1728,37.0374
24,13122,64,2592,51.1932
24,13122,64,3888,72.4268
24,13122,64,5832,104.2773
24,13122,64,8748,152.0531
24,13122,64,13122,223.7167
24,13122,64,16384,277.1613
24,13122,128,512,25.7652
24,13122,128,768,34.1538
24,13122,128,1152,46.7367
24,13122,128,1728,65.6111
24,13122,128,2592,93.9226
24,13122,128,3888,136.3900
24,13122,128,5832,200.0909
24,13122,128,8748,295.6424
24,13122,128,13122,438.9697
24,13122,128,16384,545.8589
24,16384,0,0,13.1869
24,16384,1,512,13.1975
24,16384,1,768,13.2029
24,16384,1,1152,13.2108
24,16384,1,1728,13.2228
24,16384,1,2592,13.2408
24,16384,1,3888,13.2678
24,16384,1,5832,13.3082
24,16384,1,8748,13.3689
24,16384,1,13122,13.4599
24,16384,1,16384,13.5278
24,16384,2,512,13.2082
24,16384,2,768,13.2188
24,16384,2,1152,13.2348
24,16384,2,1728,13.2588
24,16384,2,2592,13.2947
24,16384,2,3888,13.3487
24,16384,2,5832,13.4296
24,16384,2,8748,13.7859
24,16384,2,13122,16.0254
24,16384,2,16384,17.6956
24,16384,4,512,13.2295
24,16384,4,768,13.2508
24,16384,4,1152,13.2828
24,16384,4,1728,13.3307
24,16384,4,2592,13.4026
24,16384,4,3888,13.5104
24,16384,4,5832,15.2871
24,16384,4,8748,18.2731
24,16384,4,13122,22.7521
24,16384,4,16384,26.0924
24,16384,8,512,13.2721
24,16384,8,768,13.3147
24,16384,8,1152,13.3786
24,16384,8,1728,13.4745
24,16384,8,2592,14.6399
24,16384,8,3888,17.2941
24,16384,8,5832,21.2755
24,16384,8,8748,27.2474
24,16384,8,13122,36.2054
24,16384,8,16384,42.8860
24,16384,16,512,13.3573
24,16384,16,768,13.4425
24,16384,16,1152,14.0829
24,16384,16,1728,16.4422
24,16384,16,2592,19.9811
24,16384,16,3888,25.2895
24,16384,16,5832,33.2522
24,16384,16,8748,45.1961
24,16384,16,13122,63.1120
24,16384,16,16384,76.4732
24,16384,32,512,13.6241
24,16384,32,768,15.7213
24,16384,32,1152,18.8670
24,16384,32,1728,23.5856
24,16384,32,2592,30.6635
24,16384,32,3888,41.2803
24,16384,32,5832,57.2056
24,16384,32,8748,81.0934
24,16384,32,13122,116.9252
24,16384,32,16384,143.6476
24,16384,64,512,17.9495
24,16384,64,768,22.1438
24,16384,64,1152,28.4353
24,16384,64,1728,37.8724
24,16384,64,2592,52.0282
24,16384,64,3888,73.2619
24,16384,64,5832,105.1124
24,16384,64,8748,152.8881
24,16384,64,13122,224.5517
24,16384,64,16384,277.9964
24,16384,128,512,26.6003
24,16384,128,768,34.9889
24,16384,128,1152,47.5718
24,16384,128,1728,66.4461
24,16384,128,2592,94.7577
24,16384,128,3888,137.2250
24,16384,128,5832,200.9260
24,16384,128,8748,296.4775
24,16384,128,13122,439.8047
24,16384,128,16384,546.6940
32,0,0,0,5.1393
32,0,1,16,5.1475
32,0,1,32,5.1516
32,0,1,64,5.1597
32,0,1,128,5.1761
32,0,1,256,5.2089
32,0,1,512,5.2744
32,0,1,1024,5.4055
32,0,1,2048,5.6676
32,0,1,4096,6.1919
32,0,1,8192,7.2405
32,0,1,16384,9.3377
32,0,2,16,5.1556
32,0,2,32,5.1638
32,0,2,64,5.1802
32,0,2,128,5.2130
32,0,2,256,5.2785
32,0,2,512,5.4096
32,0,2,1024,5.6717
32,0,2,2048,6.1960
32,0,2,4096,7.2446
32,0,2,8192,9.3418
32,0,2,16384,13.5361
32,0,4,16,5.1720
32,0,4,32,5.1884
32,0,4,64,5.2212
32,0,4,128,5.2867
32,0,4,256,5.4178
32,0,4,512,5.6799
32,0,4,1024,6.2042
32,0,4,2048,7.2528
32,0,4,4096,9.3500
32,0,4,8192,13.5443
32,0,4,16384,21.9329
32,0,8,16,5.2048
32,0,8,32,5.2376
32,0,8,64,5.3031
32,0,8,128,5.4342
32,0,8,256,5.6963
32,0,8,512,6.2206
32,0,8,1024,7.2692
32,0,8,2048,9.3663
32,0,8,4096,13.5606
32,0,8,8192,21.9492
32,0,8,16384,38.7265
32,0,16,16,5.2703
32,0,16,32,5.3359
32,0,16,64,5.4669
32,0,16,128,5.7291
32,0,16,256,6.2534
32,0,16,512,7.3020
32,0,16,1024,9.3991
32,0,16,2048,13.5934
32,0,16,4096,21.9820
32,0,16,8192,38.7592
32,0,16,16384,72.3137
32,0,32,16,5.4014
32,0,32,32,5.5325
32,0,32,64,5.7946
32,0,32,128,6.3189
32,0,32,256,7.3675
32,0,32,512,9.4646
32,0,32,1024,13.6589
32,0,32,2048,22.0476
32,0,32,4096,38.8248
32,0,32,8192,72.3792
32,0,32,16384,139.4881
32,0,64,16,5.6636
32,0,64,32,5.9257
32,0,64,64,6.4500
32,0,64,128,7.4986
32,0,64,256,9.5957
32,0,64,512,13.7900
32,0,64,1024,22.1786
32,0,64,2048,38.9558
32,0,64,4096,72.5103
32,0,64,8192,139.6191
32,0,64,16384,273.8369
32,0,128,16,6.1878
32,0,128,32,6.7121
32,0,128,64,7.7607
32,0,128,128,9.8579
32,0,128,256,14.0522
32,0,128,512,22.4408
32,0,128,1024,39.2180
32,0,128,2048,72.7724
32,0,128,4096,139.8813
32,0,128,8192,274.0990
32,0,128,16384,542.5345
32,16,0,0,5.1434
32,16,1,16,5.1516
32,16,1,32,5.1556
32,16,1,64,5.1638
32,16,1,128,5.1802
32,16,1,256,5.2130
32,16,1,512,5.2785
32,16,1,1024,5.4096
32,16,1,2048,5.6717
32,16,1,4096,6.1960
32,16,1,8192,7.2446
32,16,1,16384,9.3418
32,16,2,16,5.1597
32,16,2,32,5.1679
32,16,2,64,5.1843
32,16,2,128,5.2171
32,16,2,256,5.2826
32,16,2,512,5.4137
32,16,2,1024,5.6758
32,16,2,2048,6.2001
32,16,2,4096,7.2487
32,16,2,8192,9.3459
32,16,2,16384,13.5402
32,16,4,16,5.1761
32,16,4,32,5.1925
32,16,4,64,5.2253
32,16,4,128,5.2908
32,16,4,256,5.4219
32,16,4,512,5.6840
32,16,4,1024,6.2083
32,16,4,2048,7.2569
32,16,4,4096,9.3540
32,16,4,8192,13.5484
32,16,4,16384,21.9370
32,16,8,16,5.2089
32,16,8,32,5.2417
32,16,8,64,5.3072
32,16,8,128,5.4383
32,16,8,256,5.7004
32,16,8,512,6.2247
32,16,8,1024,7.2733
32,16,8,2048,9.3704
32,16,8,4096,13.5647
32,16,8,8192,21.9533
32,16,8,16384,38.7306
32,16,16,16,5.2744
32,16,16,32,5.3400
32,16,16,64,5.4710
32,16,16,128,5.7332
32,16,16,256,6.2575
32,16,16,512,7.3060
32,16,16,1024,9.4032
32,16,16,2048,13.5975
32,16,16,4096,21.9861
32,16,16,8192,38.7633
32,16,16,16384,72.3178
32,16,32,16,5.4055
32,16,32,32,5.5366
32,16,32,64,5.7987
32,16,32,128,6.3230
32,16,32,256,7.3716
32,16,32,512,9.4687
32,16,32,1024,13.6630
32,16,32,2048,22.0516
32,16,32,4096,38.8289
32,16,32,8192,72.3833
32,16,32,16384,139.4922
32,16,64,16,5.6676
32,16,64,32,5.9298
32,16,64,64,6.4541
32,16,64,128,7.5027
32,16,64,256,9.5998
32,16,64,512,13.7941
32,16,64,1024,22.1827
32,16,64,2048,38.9599
32,16,64,4096,72.5144
32,16,64,8192,139.6232
32,16,64,16384,273.8410
32,16,128,16,6.1919
32,16,128,32,6.7162
32,16,128,64,7.7648
32,16,128,128,9.8620
32,16,128,256,14.0563
32,16,128,512,22.4449
32,16,128,1024,39.2221
32,16,128,2048,72.7765
32,16,128,4096,139.8854
32,16,128,8192,274.1031
32,16,128,16384,542.5386
32,32,0,0,5.1475
32,32,1,16,5.1556
32,32,1,32,5.1597
32,32,1,64,5.1679
32,32,1,128,5.1843
32,32,1,256,5.2171
32,32,1,512,5.2826
32,32,1,1024,5.4137
32,32,1,2048,5.6758
32,32,1,4096,6.2001
32,32,1,8192,7.2487
32,32,1,16384,9.3459
32,32,2,16,5.1638
32,32,2,32,5.1720
32,32,2,64,5.1884
32,32,2,128,5.2212
32,32,2,256,5.2867
32,32,2,512,5.4178
32,32,2,1024,5.6799
32,32,2,2048,6.2042
32,32,2,4096,7.2528
32,32,2,8192,9.3500
32,32,2,16384,13.5443
32,32,4,16,5.1802
32,32,4,32,5.1966
32,32,4,64,5.2294
32,32,4,128,5.2949
32,32,4,256,5.4260
32,32,4,512,5.6881
32,32,4,1024,6.2124
32,32,4,2048,7.2610
32,32,4,4096,9.3581
32,32,4,8192,13.5524
32,32,4,16384,21.9411
32,32,8,16,5.2130
32,32,8,32,5.2458
32,32,8,64,5.3113
32,32,8,128,5.4424
32,32,8,256,5.7045
32,32,8,512,6.2288
32,32,8,1024,7.2774
32,32,8,2048,9.3745
32,32,8,4096,13.5688
32,32,8,8192,21.9574
32,32,8,16384,38.7347
32,32,16,16,5.2785
32,32,16,32,5.3441
32,32,16,64,5.4751
32,32,16,128,5.7373
32,32,16,256,6.2616
32,32,16,512,7.3101
32,32,16,1024,9.4073
32,32,16,2048,13.6016
32,32,16,4096,21.9902
32,32,16,8192,38.7674
32,32,16,16384,72.3219
32,32,32,16,5.4096
32,32,32,32,5.5407
32,32,32,64,5.8028
32,32,32,128,6.3271
32,32,32,256,7.3757
32,32,32,512,9.4728
32,32,32,1024,13.6671
32,32,32,2048,22.0557
32,32,32,4096,38.8330
32,32,32,8192,72.3874
32,32,32,16384,139.4963
32,32,64,16,5.6717
32,32,64,32,5.9339
32,32,64,64,6.4582
32,32,64,128,7.5068
32,32,64,256,9.6039
32,32,64,512,13.7982
32,32,64,1024,22.1868
32,32,64,2048,38.9640
32,32,64,4096,72.5185
32,32,64,8192,139.6273
32,32,64,16384,273.8451
32,32,128,16,6.1960
32,32,128,32,6.7203
32,32,128,64,7.7689
32,32,128,128,9.8660
32,32,128,256,14.0604
32,32,128,512,22.4490
32,32,128,1024,39.2262
32,32,128,2048,72.7806
32,32,128,4096,139.8895
32,32,128,8192,274.1072
32,32,128,16384,542.5427
32,64,0,0,5.1556
32,64,1,16,5.1638
32,64,1,32,5.1679
32,64,1,64,5.1761
32,64,1,128,5.1925
32,64,1,256,5.2253
32,64,1,512,5.2908
32,64,1,1024,5.4219
32,64,1,2048,5.6840
32,64,1,4096,6.2083
32,64,1,8192,7.2569
32,64,1,16384,9.3540
32,64,2,16,5.1720
32,64,2,32,5.1802
32,64,2,64,5.1966
32,64,2,128,5.2294
32,64,2,256,5.2949
32,64,2,512,5.4260
32,64,2,1024,5.6881
32,64,2,2048,6.2124
32,64,2,4096,7.2610
32,64,2,8192,9.3581
32,64,2,16384,13.5524
32,64,4,16,5.1884
32,64,4,32,5.2048
32,64,4,64,5.2376
32,64,4,128,5.3031
32,64,4,256,5.4342
32,64,4,512,5.6963
32,64,4,1024,6.2206
32,64,4,2048,7.2692
32,64,4,4096,9.3663
32,64,4,8192,13.5606
32,64,4,16384,21.9492
32,64,8,16,5.2212
32,64,8,32,5.2540
32,64,8,64,5.3195
32,64,8,128,5.4506
32,64,8,256,5.7127
32,64,8,512,6.2370
32,64,8,1024,7.2856
32,64,8,2048,9.3827
32,64,8,4096,13.5770
32,64,8,8192,21.9656
32,64,8,16384,38.7428
32,64,16,16,5.2867
32,64,16,32,5.3523
32,64,16,64,5.4833
32,64,16,128,5.7455
32,64,16,256,6.2698
32,64,16,512,7.3183
32,64,16,1024,9.4155
32,64,16,2048,13.6098
32,64,16,4096,21.9984
32,64,16,8192,38.7756
32,64,16,16384,72.3300
32,64,32,16,5.4178
32,64,32,32,5.5489
32,64,32,64,5.8110
32,64,32,128,6.3353
32,64,32,256,7.3839
32,64,32,512,9.4810
32,64,32,1024,13.6753
32,64,32,2048,22.0639
32,64,32,4096,38.8412
32,64,32,8192,72.3956
32,64,32,16384,139.5044
32,64,64,16,5.6799
32,64,64,32,5.9421
32,64,64,64,6.4664
32,64,64,128,7.5149
32,64,64,256,9.6121
32,64,64,512,13.8064
32,64,64,1024,22.1950
32,64,64,2048,38.9722
32,64,64,4096,72.5267
32,64,64,8192,139.6355
32,64,64,16384,273.8532
32,64,128,16,6.2042
32,64,128,32,6.7285
32,64,128,64,7.7771
32,64,128,128,9.8742
32,64,128,256,14.0685
32,64,128,512,22.4572
32,64,128,1024,39.2344
32,64,128,2048,72.7888
32,64,128,4096,139.8977
32,64,128,8192,274.1154
32,64,128,16384,542.5508
32,128,0,0,5.1720
32,128,1,16,5.1802
32,128,1,32,5.1843
32,128,1,64,5.1925
32,128,1,128,5.2089
32,128,1,256,5.2417
32,128,1,512,5.3072
32,128,1,1024,5.4383
32,128,1,2048,5.7004
32,128,1,4096,6.2247
32,128,1,8192,7.2733
32,128,1,16384,9.3704
32,128,2,16,5.1884
32,128,2,32,5.1966
32,128,2,64,5.2130
32,128,2,128,5.2458
32,128,2,256,5.3113
32,128,2,512,5.4424
32,128,2,1024,5.7045
32,128,2,2048,6.2288
32,128,2,4096,7.2774
32,128,2,8192,9.3745
32,128,2,16384,13.5688
32,128,4,16,5.2048
32,128,4,32,5.2212
32,128,4,64,5.2540
32,128,4,128,5.3195
32,128,4,256,5.4506
32,128,4,512,5.7127
32,128,4,1024,6.2370
32,128,4,2048,7.2856
32,128,4,4096,9.3827
32,128,4,8192,13.5770
32,128,4,16384,21.9656
32,128,8,16,5.2376
32,128,8,32,5.2703
32,128,8,64,5.3359
32,128,8,128,5.4669
32,128,8,256,5.7291
32,128,8,512,6.2534
32,128,8,1024,7.3020
32,128,8,2048,9.3991
32,128,8,4096,13.5934
32,128,8,8192,21.9820
32,128,8,16384,38.7592
32,128,16,16,5.3031
32,128,16,32,5.3686
32,128,16,64,5.4997
32,128,16,128,5.7619
32,128,16,256,6.2861
32,128,16,512,7.3347
32,128,16,1024,9.4319
32,128,16,2048,13.6262
32,128,16,4096,22.0148
32,128,16,8192,38.7920
32,128,16,16384,72.3464
32,128,32,16,5.4342
32,128,32,32,5.5652
32,128,32,64,5.8274
32,128,32,128,6.3517
32,128,32,256,7.4003
32,128,32,512,9.4974
32,128,32,1024,13.6917
32,128,32,2048,22.0803
32,128,32,4096,38.8575
32,128,32,8192,72.4120
32,128,32,16384,139.5208
32,128,64,16,5.6963
32,128,64,32,5.9585
32,128,64,64,6.4828
32,128,64,128,7.5313
32,128,64,256,9.6285
32,128,64,512,13.8228
32,128,64,1024,22.2114
32,128,64,2048,38.9886
32,128,64,4096,72.5430
32,128,64,8192,139.6519
32,128,64,16384,273.8696
32,128,128,16,6.2206
32,128,128,32,6.7449
32,128,128,64,7.7935
32,128,128,128,9.8906
32,128,128,256,14.0849
32,128,128,512,22.4735
32,128,128,1024,39.2508
32,128,128,2048,72.8052
32,128,128,4096,139.9140
32,128,128,8192,274.1318
32,128,128,16384,542.5672
32,256,0,0,5.2048
32,256,1,16,5.2130
32,256,1,32,5.2171
32,256,1,64,5.2253
32,256,1,128,5.2417
32,256,1,256,5.2744
32,256,1,512,5.3400
32,256,1,1024,5.4710
32,256,1,2048,5.7332
32,256,1,4096,6.2575
32,256,1,8192,7.3060
32,256,1,16384,9.4032
32,256,2,16,5.2212
32,256,2,32,5.2294
32,256,2,64,5.2458
32,256,2,128,5.2785
32,256,2,256,5.3441
32,256,2,512,5.4751
32,256,2,1024,5.7373
32,256,2,2048,6.2616
32,256,2,4096,7.3101
32,256,2,8192,9.4073
32,256,2,16384,13.6016
32,256,4,16,5.2376
32,256,4,32,5.2540
32,256,4,64,5.2867
32,256,4,128,5.3523
32,256,4,256,5.4833
32,256,4,512,5.7455
32,256,4,1024,6.2698
32,256,4,2048,7.3183
32,256,4,4096,9.4155
32,256,4,8192,13.6098
32,256,4,16384,21.9984
32,256,8,16,5.2703
32,256,8,32,5.3031
32,256,8,64,5.3686
32,256,8,128,5.4997
32,256,8,256,5.7619
32,256,8,512,6.2861
32,256,8,1024,7.3347
32,256,8,2048,9.4319
32,256,8,4096,13.6262
32,256,8,8192,22.0148
32,256,8,16384,38.7920
32,256,16,16,5.3359
32,256,16,32,5.4014
32,256,16,64,5.5325
32,256,16,128,5.7946
32,256,16,256,6.3189
32,256,16,512,7.3675
32,256,16,1024,9.4646
32,256,16,2048,13.6589
32,256,16,4096,22.0476
32,256,16,8192,38.8248
32,256,16,16384,72.3792
32,256,32,16,5.4669
32,256,32,32,5.5980
32,256,32,64,5.8602
32,256,32,128,6.3844
32,256,32,256,7.4330
32,256,32,512,9.5302
32,256,32,1024,13.7245
32,256,32,2048,22.1131
32,256,32,4096,38.8903
32,256,32,8192,72.4447
32,256,32,16384,139.5536
32,256,64,16,5.7291
32,256,64,32,5.9912
32,256,64,64,6.5155
32,256,64,128,7.5641
32,256,64,256,9.6612
32,256,64,512,13.8556
32,256,64,1024,22.2442
32,256,64,2048,39.0214
32,256,64,4096,72.5758
32,256,64,8192,139.6847
32,256,64,16384,273.9024
32,256,128,16,6.2534
32,256,128,32,6.7777
32,256,128,64,7.8262
32,256,128,128,9.9234
32,256,128,256,14.1177
32,256,128,512,22.5063
32,256,128,1024,39.2835
32,256,128,2048,72.8380
32,256,128,4096,139.9468
32,256,128,8192,274.1645
32,256,128,16384,542.6000
32,512,0,0,5.3515
32,512,1,16,5.3519
32,512,1,32,5.3522
32,512,1,64,5.3529
32,512,1,128,5.3542
32,512,1,256,5.3568
32,512,1,512,5.4055
32,512,1,1024,5.5366
32,512,1,2048,5.7987
32,512,1,4096,6.3230
32,512,1,8192,7.3716
32,512,1,16384,9.4687
32,512,2,16,5.3522
32,512,2,32,5.3529
32,512,2,64,5.3542
32,512,2,128,5.3568
32,512,2,256,5.4096
32,512,2,512,5.5407
32,512,2,1024,5.8028
32,512,2,2048,6.3271
32,512,2,4096,7.3757
32,512,2,8192,9.4728
32,512,2,16384,13.6671
32,512,4,16,5.3529
32,512,4,32,5.3542
32,512,4,64,5.3568
32,512,4,128,5.4178
32,512,4,256,5.5489
32,512,4,512,5.8110
32,512,4,1024,6.3353
32,512,4,2048,7.3839
32,512,4,4096,9.4810
32,512,4,8192,13.6753
32,512,4,16384,22.0639
32,512,8,16,5.3542
32,512,8,32,5.3686
32,512,8,64,5.4342
32,512,8,128,5.5652
32,512,8,256,5.8274
32,512,8,512,6.3517
32,512,8,1024,7.4003
32,512,8,2048,9.4974
32,512,8,4096,13.6917
32,512,8,8192,22.0803
32,512,8,16384,38.8575
32,512,16,16,5.4014
32,512,16,32,5.4669
32,512,16,64,5.5980
32,512,16,128,5.8602
32,512,16,256,6.3844
32,512,16,512,7.4330
32,512,16,1024,9.5302
32,512,16,2048,13.7245
32,512,16,4096,22.1131
32,512,16,8192,38.8903
32,512,16,16384,72.4447
32,512,32,16,5.5325
32,512,32,32,5.6636
32,512,32,64,5.9257
32,512,32,128,6.4500
32,512,32,256,7.4986
32,512,32,512,9.5957
32,512,32,1024,13.7900
32,512,32,2048,22.1786
32,512,32,4096,38.9558
32,512,32,8192,72.5103
32,512,32,16384,139.6191
32,512,64,16,5.7946
32,512,64,32,6.0568
32,512,64,64,6.5811
32,512,64,128,7.6296
32,512,64,256,9.7268
32,512,64,512,13.9211
32,512,64,1024,22.3097
32,512,64,2048,39.0869
32,512,64,4096,72.6413
32,512,64,8192,139.7502
32,512,64,16384,273.9679
32,512,128,16,6.3189
32,512,128,32,6.8432
32,512,128,64,7.8918
32,512,128,128,9.9889
32,512,128,256,14.1832
32,512,128,512,22.5718
32,512,128,1024,39.3491
32,512,128,2048,72.9035
32,512,128,4096,140.0124
32,512,128,8192,274.2301
32,512,128,16384,542.6655
32,1024,0,0,5.6924
32,1024,1,16,5.6927
32,1024,1,32,5.6931
32,1024,1,64,5.6937
32,1024,1,128,5.6951
32,1024,1,256,5.6977
32,1024,1,512,5.7030
32,1024,1,1024,5.7137
32,1024,1,2048,5.9298
32,1024,1,4096,6.4541
32,1024,1,8192,7.5027
32,1024,1,16384,9.5998
32,1024,2,16,5.6931
32,1024,2,32,5.6937
32,1024,2,64,5.6951
32,1024,2,128,5.6977
32,1024,2,256,5.7030
32,1024,2,512,5.7137
32,1024,2,1024,5.9339
32,1024,2,2048,6.4582
32,1024,2,4096,7.5068
32,1024,2,8192,9.6039
32,1024,2,16384,13.7982
32,1024,4,16,5.6937
32,1024,4,32,5.6951
32,1024,4,64,5.6977
32,1024,4,128,5.7030
32,1024,4,256,5.7137
32,1024,4,512,5.9421
32,1024,4,1024,6.4664
32,1024,4,2048,7.5149
32,1024,4,4096,9.6121
32,1024,4,8192,13.8064
32,1024,4,16384,22.1950
32,1024,8,16,5.6951
32,1024,8,32,5.6977
32,1024,8,64,5.7030
32,1024,8,128,5.7137
32,1024,8,256,5.9585
32,1024,8,512,6.4828
32,1024,8,1024,7.5313
32,1024,8,2048,9.6285
32,1024,8,4096,13.8228
32,1024,8,8192,22.2114
32,1024,8,16384,38.9886
32,1024,16,16,5.6977
32,1024,16,32,5.7030
32,1024,16,64,5.7291
32,1024,16,128,5.9912
32,1024,16,256,6.5155
32,1024,16,512,7.5641
32,1024,16,1024,9.6612
32,1024,16,2048,13.8556
32,1024,16,4096,22.2442
32,1024,16,8192,39.0214
32,1024,16,16384,72.5758
32,1024,32,16,5.7030
32,1024,32,32,5.7946
32,1024,32,64,6.0568
32,1024,32,128,6.5811
32,1024,32,256,7.6296
32,1024,32,512,9.7268
32,1024,32,1024,13.9211
32,1024,32,2048,22.3097
32,1024,32,4096,39.0869
32,1024,32,8192,72.6413
32,1024,32,16384,139.7502
32,1024,64,16,5.9257
32,1024,64,32,6.1878
32,1024,64,64,6.7121
32,1024,64,128,7.7607
32,1024,64,256,9.8579
32,1024,64,512,14.0522
32,1024,64,1024,22.4408
32,1024,64,2048,39.2180
32,1024,64,4096,72.7724
32,1024,64,8192,139.8813
32,1024,64,16384,274.0990
32,1024,128,16,6.4500
32,1024,128,32,6.9743
32,1024,128,64,8.0228
32,1024,128,128,10.1200
32,1024,128,256,14.3143
32,1024,128,512,22.7029
32,1024,128,1024,39.4801
32,1024,128,2048,73.0346
32,1024,128,4096,140.1434
32,1024,128,8192,274.3612
32,1024,128,16384,542.7966
32,2048,0,0,6.3741
32,2048,1,16,6.3745
32,2048,1,32,6.3748
32,2048,1,64,6.3755
32,2048,1,128,6.3768
32,2048,1,256,6.3795
32,2048,1,512,6.3848
32,2048,1,1024,6.3954
32,2048,1,2048,6.4167
32,2048,1,4096,6.7162
32,2048,1,8192,7.7648
32,2048,1,16384,9.8620
32,2048,2,16,6.3748
32,2048,2,32,6.3755
32,2048,2,64,6.3768
32,2048,2,128,6.3795
32,2048,2,256,6.3848
32,2048,2,512,6.3954
32,2048,2,1024,6.4167
32,2048,2,2048,6.7203
32,2048,2,4096,7.7689
32,2048,2,8192,9.8660
32,2048,2,16384,14.0604
32,2048,4,16,6.3755
32,2048,4,32,6.3768
32,2048,4,64,6.3795
32,2048,4,128,6.3848
32,2048,4,256,6.3954
32,2048,4,512,6.4167
32,2048,4,1024,6.7285
32,2048,4,2048,7.7771
32,2048,4,4096,9.8742
32,2048,4,8192,14.0685
32,2048,4,16384,22.4572
32,2048,8,16,6.3768
32,2048,8,32,6.3795
32,2048,8,64,6.3848
32,2048,8,128,6.3954
32,2048,8,256,6.4167
32,2048,8,512,6.7449
32,2048,8,1024,7.7935
32,2048,8,2048,9.8906
32,2048,8,4096,14.0849
32,2048,8,8192,22.4735
32,2048,8,16384,39.2508
32,2048,16,16,6.3795
32,2048,16,32,6.3848
32,2048,16,64,6.3954
32,2048,16,128,6.4167
32,2048,16,256,6.7777
32,2048,16,512,7.8262
32,2048,16,1024,9.9234
32,2048,16,2048,14.1177
32,2048,16,4096,22.5063
32,2048,16,8192,39.2835
32,2048,16,16384,72.8380
32,2048,32,16,6.3848
32,2048,32,32,6.3954
32,2048,32,64,6.4167
32,2048,32,128,6.8432
32,2048,32,256,7.8918
32,2048,32,512,9.9889
32,2048,32,1024,14.1832
32,2048,32,2048,22.5718
32,2048,32,4096,39.3491
32,2048,32,8192,72.9035
32,2048,32,16384,140.0124
32,2048,64,16,6.3954
32,2048,64,32,6.4500
32,2048,64,64,6.9743
32,2048,64,128,8.0228
32,2048,64,256,10.1200
32,2048,64,512,14.3143
32,2048,64,1024,22.7029
32,2048,64,2048,39.4801
32,2048,64,4096,73.0346
32,2048,64,8192,140.1434
32,2048,64,16384,274.3612
32,2048,128,16,6.7121
32,2048,128,32,7.2364
32,2048,128,64,8.2850
32,2048,128,128,10.3821
32,2048,128,256,14.5764
32,2048,128,512,22.9651
32,2048,128,1024,39.7423
32,2048,128,2048,73.2967
32,2048,128,4096,140.4056
32,2048,128,8192,274.6233
32,2048,128,16384,543.0588
32,4096,0,0,7.7376
32,4096,1,16,7.7379
32,4096,1,32,7.7383
32,4096,1,64,7.7389
32,4096,1,128,7.7403
32,4096,1,256,7.7429
32,4096,1,512,7.7483
32,4096,1,1024,7.7589
32,4096,1,2048,7.7802
32,4096,1,4096,7.8228
32,4096,1,8192,8.2891
32,4096,1,16384,10.3862
32,4096,2,16,7.7383
32,4096,2,32,7.7389
32,4096,2,64,7.7403
32,4096,2,128,7.7429
32,4096,2,256,7.7483
32,4096,2,512,7.7589
32,4096,2,1024,7.7802
32,4096,2,2048,7.8228
32,4096,2,4096,8.2932
32,4096,2,8192,10.3903
32,4096,2,16384,14.5846
32,4096,4,16,7.7389
32,4096,4,32,7.7403
32,4096,4,64,7.7429
32,4096,4,128,7.7483
32,4096,4,256,7.7589
32,4096,4,512,7.7802
32,4096,4,1024,7.8228
32,4096,4,2048,8.3014
32,4096,4,4096,10.3985
32,4096,4,8192,14.5928
32,4096,4,16384,22.9814
32,4096,8,16,7.7403
32,4096,8,32,7.7429
32,4096,8,64,7.7483
32,4096,8,128,7.7589
32,4096,8,256,7.7802
32,4096,8,512,7.8228
32,4096,8,1024,8.3178
32,4096,8,2048,10.4149
32,4096,8,4096,14.6092
32,4096,8,8192,22.9978
32,4096,8,16384,39.7750
32,4096,16,16,7.7429
32,4096,16,32,7.7483
32,4096,16,64,7.7589
32,4096,16,128,7.7802
32,4096,16,256,7.8228
32,4096,16,512,8.3505
32,4096,16,1024,10.4477
32,4096,16,2048,14.6420
32,4096,16,4096,23.0306
32,4096,16,8192,39.8078
32,4096,16,16384,73.3622
32,4096,32,16,7.7483
32,4096,32,32,7.7589
32,4096,32,64,7.7802
32,4096,32,128,7.8228
32,4096,32,256,8.4161
32,4096,32,512,10.5132
32,4096,32,1024,14.7075
32,4096,32,2048,23.0961
32,4096,32,4096,39.8733
32,4096,32,8192,73.4278
32,4096,32,16384,140.5366
32,4096,64,16,7.7589
32,4096,64,32,7.7802
32,4096,64,64,7.8228
32,4096,64,128,8.5471
32,4096,64,256,10.6443
32,4096,64,512,14.8386
32,4096,64,1024,23.2272
32,4096,64,2048,40.0044
32,4096,64,4096,73.5588
32,4096,64,8192,140.6677
32,4096,64,16384,274.8854
32,4096,128,16,7.7802
32,4096,128,32,7.8228
32,4096,128,64,8.8093
32,4096,128,128,10.9064
32,4096,128,256,15.1007
32,4096,128,512,23.4893
32,4096,128,1024,40.2666
32,4096,128,2048,73.8210
32,4096,128,4096,140.9299
32,4096,128,8192,275.1476
32,4096,128,16384,543.5830
32,8192,0,0,10.4646
32,8192,1,16,10.4649
32,8192,1,32,10.4652
32,8192,1,64,10.4659
32,8192,1,128,10.4672
32,8192,1,256,10.4699
32,8192,1,512,10.4752
32,8192,1,1024,10.4859
32,8192,1,2048,10.5072
32,8192,1,4096,10.5498
32,8192,1,8192,10.6350
32,8192,1,16384,11.4348
32,8192,2,16,10.4652
32,8192,2,32,10.4659
32,8192,2,64,10.4672
32,8192,2,128,10.4699
32,8192,2,256,10.4752
32,8192,2,512,10.4859
32,8192,2,1024,10.5072
32,8192,2,2048,10.5498
32,8192,2,4096,10.6350
32,8192,2,8192,11.4389
32,8192,2,16384,15.6332
32,8192,4,16,10.4659
32,8192,4,32,10.4672
32,8192,4,64,10.4699
32,8192,4,128,10.4752
32,8192,4,256,10.4859
32,8192,4,512,10.5072
32,8192,4,1024,10.5498
32,8192,4,2048,10.6350
32,8192,4,4096,11.4471
32,8192,4,8192,15.6414
32,8192,4,16384,24.0300
32,8192,8,16,10.4672
32,8192,8,32,10.4699
32,8192,8,64,10.4752
32,8192,8,128,10.4859
32,8192,8,256,10.5072
32,8192,8,512,10.5498
32,8192,8,1024,10.6350
32,8192,8,2048,11.4635
32,8192,8,4096,15.6578
32,8192,8,8192,24.0464
32,8192,8,16384,40.8236
32,8192,16,16,10.4699
32,8192,16,32,10.4752
32,8192,16,64,10.4859
32,8192,16,128,10.5072
32,8192,16,256,10.5498
32,8192,16,512,10.6350
32,8192,16,1024,11.4963
32,8192,16,2048,15.6906
32,8192,16,4096,24.0792
32,8192,16,8192,40.8564
32,8192,16,16384,74.4108
32,8192,32,16,10.4752
32,8192,32,32,10.4859
32,8192,32,64,10.5072
32,8192,32,128,10.5498
32,8192,32,256,10.6350
32,8192,32,512,11.5618
32,8192,32,1024,15.7561
32,8192,32,2048,24.1447
32,8192,32,4096,40.9219
32,8192,32,8192,74.4764
32,8192,32,16384,141.5852
32,8192,64,16,10.4859
32,8192,64,32,10.5072
32,8192,64,64,10.5498
32,8192,64,128,10.6350
32,8192,64,256,11.6929
32,8192,64,512,15.8872
32,8192,64,1024,24.2758
32,8192,64,2048,41.0530
32,8192,64,4096,74.6074
32,8192,64,8192,141.7163
32,8192,64,16384,275.9340
32,8192,128,16,10.5072
32,8192,128,32,10.5498
32,8192,128,64,10.6350
32,8192,128,128,11.9550
32,8192,128,256,16.1493
32,8192,128,512,24.5379
32,8192,128,1024,41.3151
32,8192,128,2048,74.8696
32,8192,128,4096,141.9784
32,8192,128,8192,276.1962
32,8192,128,16384,544.6316
32,16384,0,0,15.9185
32,16384,1,16,15.9188
32,16384,1,32,15.9192
32,16384,1,64,15.9198
32,16384,1,128,15.9212
32,16384,1,256,15.9238
32,16384,1,512,15.9292
32,16384,1,1024,15.9398
32,16384,1,2048,15.9611
32,16384,1,4096,16.0037
32,16384,1,8192,16.0889
32,16384,1,16384,16.2594
32,16384,2,16,15.9192
32,16384,2,32,15.9198
32,16384,2,64,15.9212
32,16384,2,128,15.9238
32,16384,2,256,15.9292
32,16384,2,512,15.9398
32,16384,2,1024,15.9611
32,16384,2,2048,16.0037
32,16384,2,4096,16.0889
32,16384,2,8192,16.2594
32,16384,2,16384,17.7304
32,16384,4,16,15.9198
32,16384,4,32,15.9212
32,16384,4,64,15.9238
32,16384,4,128,15.9292
32,16384,4,256,15.9398
32,16384,4,512,15.9611
32,16384,4,1024,16.0037
32,16384,4,2048,16.0889
32,16384,4,4096,16.2594
32,16384,4,8192,17.7386
32,16384,4,16384,26.1272
32,16384,8,16,15.9212
32,16384,8,32,15.9238
32,16384,8,64,15.9292
32,16384,8,128,15.9398
32,16384,8,256,15.9611
32,16384,8,512,16.0037
32,16384,8,1024,16.0889
32,16384,8,2048,16.2594
32,16384,8,4096,17.7549
32,16384,8,8192,26.1436
32,16384,8,16384,42.9208
32,16384,16,16,15.9238
32,16384,16,32,15.9292
32,16384,16,64,15.9398
32,16384,16,128,15.9611
32,16384,16,256,16.0037
32,16384,16,512,16.0889
32,16384,16,1024,16.2594
32,16384,16,2048,17.7877
32,16384,16,4096,26.1763
32,16384,16,8192,42.9535
32,16384,16,16384,76.5080
32,16384,32,16,15.9292
32,16384,32,32,15.9398
32,16384,32,64,15.9611
32,16384,32,128,16.0037
32,16384,32,256,16.0889
32,16384,32,512,16.2594
32,16384,32,1024,17.8532
32,16384,32,2048,26.2419
32,16384,32,4096,43.0191
32,16384,32,8192,76.5735
32,16384,32,16384,143.6824
32,16384,64,16,15.9398
32,16384,64,32,15.9611
32,16384,64,64,16.0037
32,16384,64,128,16.0889
32,16384,64,256,16.2594
32,16384,64,512,17.9843
32,16384,64,1024,26.3729
32,16384,64,2048,43.1501
32,16384,64,4096,76.7046
32,16384,64,8192,143.8134
32,16384,64,16384,278.0312
32,16384,128,16,15.9611
32,16384,128,32,16.0037
32,16384,128,64,16.0889
32,16384,128,128,16.2594
32,16384,128,256,18.2465
32,16384,128,512,26.6351
32,16384,128,1024,43.4123
32,16384,128,2048,76.9667
32,16384,128,4096,144.0756
32,16384,128,8192,278.2933
32,16384,128,16384,546.7288
36,0,0,0,5.1567
36,0,1,512,5.2918
36,0,1,768,5.3574
36,0,1,1152,5.4557
36,0,1,1728,5.6031
36,0,1,2592,5.8243
36,0,1,3888,6.1561
36,0,1,5832,6.6538
36,0,1,8748,7.4003
36,0,1,13122,8.5200
36,0,1,16384,9.3551
36,0,2,512,5.4270
36,0,2,768,5.5581
36,0,2,1152,5.7547
36,0,2,1728,6.0496
36,0,2,2592,6.4920
36,0,2,3888,7.1555
36,0,2,5832,8.1508
36,0,2,8748,9.6438
36,0,2,13122,11.8833
36,0,2,16384,13.5535
36,0,4,512,5.6973
36,0,4,768,5.9595
36,0,4,1152,6.3527
36,0,4,1728,6.9425
36,0,4,2592,7.8273
36,0,4,3888,9.1544
36,0,4,5832,11.1450
36,0,4,8748,14.1310
36,0,4,13122,18.6100
36,0,4,16384,21.9503
36,0,8,512,6.2380
36,0,8,768,6.7623
36,0,8,1152,7.5487
36,0,8,1728,8.7284
36,0,8,2592,10.4979
36,0,8,3888,13.1521
36,0,8,5832,17.1334
36,0,8,8748,23.1053
36,0,8,13122,32.0633
36,0,8,16384,38.7439
36,0,16,512,7.3194
36,0,16,768,8.3679
36,0,16,1152,9.9408
36,0,16,1728,12.3001
36,0,16,2592,15.8390
36,0,16,3888,21.1475
36,0,16,5832,29.1101
36,0,16,8748,41.0540
36,0,16,13122,58.9699
36,0,16,16384,72.3311
36,0,32,512,9.4820
36,0,32,768,11.5792
36,0,32,1152,14.7249
36,0,32,1728,19.4435
36,0,32,2592,26.5214
36,0,32,3888,37.1382
36,0,32,5832,53.0635
36,0,32,8748,76.9514
36,0,32,13122,112.7832
36,0,32,16384,139.5055
36,0,64,512,13.8074
36,0,64,768,18.0017
36,0,64,1152,24.2932
36,0,64,1728,33.7304
36,0,64,2592,47.8861
36,0,64,3888,69.1198
36,0,64,5832,100.9703
36,0,64,8748,148.7460
36,0,64,13122,220.4097
36,0,64,16384,273.8543
36,0,128,512,22.4582
36,0,128,768,30.8468
36,0,128,1152,43.4297
36,0,128,1728,62.3041
36,0,128,2592,90.6156
36,0,128,3888,133.0829
36,0,128,5832,196.7839
36,0,128,8748,292.3354
36,0,128,13122,435.6627
36,0,128,16384,542.5519
36,512,0,0,5.3970
36,512,1,512,5.4229
36,512,1,768,5.4884
36,512,1,1152,5.5868
36,512,1,1728,5.7342
36,512,1,2592,5.9554
36,512,1,3888,6.2872
36,512,1,5832,6.7848
36,512,1,8748,7.5313
36,512,1,13122,8.6511
36,512,1,16384,9.4861
36,512,2,512,5.5581
36,512,2,768,5.6892
36,512,2,1152,5.8858
36,512,2,1728,6.1807
36,512,2,2592,6.6230
36,512,2,3888,7.2866
36,512,2,5832,8.2819
36,512,2,8748,9.7749
36,512,2,13122,12.0144
36,512,2,16384,13.6845
36,512,4,512,5.8284
36,512,4,768,6.0906
36,512,4,1152,6.4838
36,512,4,1728,7.0736
36,512,4,2592,7.9583
36,512,4,3888,9.2854
36,512,4,5832,11.2761
36,512,4,8748,14.2621
36,512,4,13122,18.7411
36,512,4,16384,22.0813
36,512,8,512,6.3691
36,512,8,768,6.8934
36,512,8,1152,7.6798
36,512,8,1728,8.8595
36,512,8,2592,10.6289
36,512,8,3888,13.2831
36,512,8,5832,17.2644
36,512,8,8748,23.2364
36,512,8,13122,32.1944
36,512,8,16384,38.8749
36,512,16,512,7.4504
36,512,16,768,8.4990
36,512,16,1152,10.0719
36,512,16,1728,12.4312
36,512,16,2592,15.9701
36,512,16,3888,21.2785
36,512,16,5832,29.2412
36,512,16,8748,41.1851
36,512,16,13122,59.1010
36,512,16,16384,72.4621
36,512,32,512,9.6131
36,512,32,768,11.7103
36,512,32,1152,14.8560
36,512,32,1728,19.5746
36,512,32,2592,26.6525
36,512,32,3888,37.2693
36,512,32,5832,53.1946
36,512,32,8748,77.0824
36,512,32,13122,112.9142
36,512,32,16384,139.6365
36,512,64,512,13.9385
36,512,64,768,18.1328
36,512,64,1152,24.4243
36,512,64,1728,33.8614
36,512,64,2592,48.0172
36,512,64,3888,69.2509
36,512,64,5832,101.1014
36,512,64,8748,148.8771
36,512,64,13122,220.5407
36,512,64,16384,273.9853
36,512,128,512,22.5892
36,512,128,768,30.9779
36,512,128,1152,43.5608
36,512,128,1728,62.4351
36,512,128,2592,90.7467
36,512,128,3888,133.2140
36,512,128,5832,196.9150
36,512,128,8748,292.4665
36,512,128,13122,435.7937
36,512,128,16384,542.6829
36,768,0,0,5.5887
36,768,1,512,5.5994
36,768,1,768,5.6047
36,768,1,1152,5.6523
36,768,1,1728,5.7997
36,768,1,2592,6.0209
36,768,1,3888,6.3527
36,768,1,5832,6.8504
36,768,1,8748,7.5969
36,768,1,13122,8.7166
36,768,1,16384,9.5517
36,768,2,512,5.6236
36,768,2,768,5.7547
36,768,2,1152,5.9513
36,768,2,1728,6.2462
36,768,2,2592,6.6886
36,768,2,3888,7.3521
36,768,2,5832,8.3475
36,768,2,8748,9.8404
36,768,2,13122,12.0799
36,768,2,16384,13.7501
36,768,4,512,5.8940
36,768,4,768,6.1561
36,768,4,1152,6.5493
36,768,4,1728,7.1391
36,768,4,2592,8.0239
36,768,4,3888,9.3510
36,768,4,5832,11.3416
36,768,4,8748,14.3276
36,768,4,13122,18.8066
36,768,4,16384,22.1469
36,768,8,512,6.4346
36,768,8,768,6.9589
36,768,8,1152,7.7453
36,768,8,1728,8.9250
36,768,8,2592,10.6945
36,768,8,3888,13.3487
36,768,8,5832,17.3300
36,768,8,8748,23.3020
36,768,8,13122,32.2599
36,768,8,16384,38.9405
36,768,16,512,7.5160
36,768,16,768,8.5645
36,768,16,1152,10.1374
36,768,16,1728,12.4967
36,768,16,2592,16.0356
36,768,16,3888,21.3441
36,768,16,5832,29.3067
36,768,16,8748,41.2506
36,768,16,13122,59.1665
36,768,16,16384,72.5277
36,768,32,512,9.6787
36,768,32,768,11.7758
36,768,32,1152,14.9215
36,768,32,1728,19.6401
36,768,32,2592,26.7180
36,768,32,3888,37.3348
36,768,32,5832,53.2601
36,768,32,8748,77.1480
36,768,32,13122,112.9798
36,768,32,16384,139.7021
36,768,64,512,14.0040
36,768,64,768,18.1983
36,768,64,1152,24.4898
36,768,64,1728,33.9270
36,768,64,2592,48.0828
36,768,64,3888,69.3164
36,768,64,5832,101.1669
36,768,64,8748,148.9427
36,768,64,13122,220.6063
36,768,64,16384,274.0509
36,768,128,512,22.6548
36,768,128,768,31.0434
36,768,128,1152,43.6263
36,768,128,1728,62.5007
36,768,128,2592,90.8122
36,768,128,3888,133.2796
36,768,128,5832,196.9805
36,768,128,8748,292.5320
36,768,128,13122,435.8593
36,768,128,16384,542.7485
36,1152,0,0,5.8763
36,1152,1,512,5.8870
36,1152,1,768,5.8923
36,1152,1,1152,5.9003
36,1152,1,1728,5.9123
36,1152,1,2592,6.1192
36,1152,1,3888,6.4510
36,1152,1,5832,6.9487
36,1152,1,8748,7.6952
36,1152,1,13122,8.8149
36,1152,1,16384,9.6500
36,1152,2,512,5.8976
36,1152,2,768,5.9083
36,1152,2,1152,6.0496
36,1152,2,1728,6.3445
36,1152,2,2592,6.7869
36,1152,2,3888,7.4504
36,1152,2,5832,8.4458
36,1152,2,8748,9.9388
36,1152,2,13122,12.1782
36,1152,2,16384,13.8484
36,1152,4,512,5.9923
36,1152,4,768,6.2544
36,1152,4,1152,6.6476
36,1152,4,1728,7.2374
36,1152,4,2592,8.1222
36,1152,4,3888,9.4493
36,1152,4,5832,11.4399
36,1152,4,8748,14.4259
36,1152,4,13122,18.9049
36,1152,4,16384,22.2452
36,1152,8,512,6.5329
36,1152,8,768,7.0572
36,1152,8,1152,7.8436
36,1152,8,1728,9.0233
36,1152,8,2592,10.7928
36,1152,8,3888,13.4470
36,1152,8,5832,17.4283
36,1152,8,8748,23.4003
36,1152,8,13122,32.3582
36,1152,8,16384,39.0388
36,1152,16,512,7.6143
36,1152,16,768,8.6628
36,1152,16,1152,10.2357
36,1152,16,1728,12.5950
36,1152,16,2592,16.1340
36,1152,16,3888,21.4424
36,1152,16,5832,29.4050
36,1152,16,8748,41.3489
36,1152,16,13122,59.2648
36,1152,16,16384,72.6260
36,1152,32,512,9.7770
36,1152,32,768,11.8741
36,1152,32,1152,15.0198
36,1152,32,1728,19.7384
36,1152,32,2592,26.8163
36,1152,32,3888,37.4332
36,1152,32,5832,53.3584
36,1152,32,8748,77.2463
36,1152,32,13122,113.0781
36,1152,32,16384,139.8004
36,1152,64,512,14.1023
36,1152,64,768,18.2966
36,1152,64,1152,24.5881
36,1152,64,1728,34.0253
36,1152,64,2592,48.1811
36,1152,64,3888,69.4147
36,1152,64,5832,101.2652
36,1152,64,8748,149.0410
36,1152,64,13122,220.7046
36,1152,64,16384,274.1492
36,1152,128,512,22.7531
36,1152,128,768,31.1417
36,1152,128,1152,43.7246
36,1152,128,1728,62.5990
36,1152,128,2592,90.9105
36,1152,128,3888,133.3779
36,1152,128,5832,197.0788
36,1152,128,8748,292.6303
36,1152,128,13122,435.9576
36,1152,128,16384,542.8468
36,1728,0,0,6.3077
36,1728,1,512,6.3184
36,1728,1,768,6.3237
36,1728,1,1152,6.3317
36,1728,1,1728,6.3437
36,1728,1,2592,6.3617
36,1728,1,3888,6.5985
36,1728,1,5832,7.0961
36,1728,1,8748,7.8426
36,1728,1,13122,8.9624
36,1728,1,16384,9.7974
36,1728,2,512,6.3290
36,1728,2,768,6.3397
36,1728,2,1152,6.3557
36,1728,2,1728,6.4920
36,1728,2,2592,6.9343
36,1728,2,3888,7.5979
36,1728,2,5832,8.5932
36,1728,2,8748,10.0862
36,1728,2,13122,12.3257
36,1728,2,16384,13.9958
36,1728,4,512,6.3503
36,1728,4,768,6.4019
36,1728,4,1152,6.7951
36,1728,4,1728,7.3849
36,1728,4,2592,8.2696
36,1728,4,3888,9.5967
36,1728,4,5832,11.5874
36,1728,4,8748,14.5734
36,1728,4,13122,19.0524
36,1728,4,16384,22.3926
36,1728,8,512,6.6804
36,1728,8,768,7.2047
36,1728,8,1152,7.9911
36,1728,8,1728,9.1708
36,1728,8,2592,10.9402
36,1728,8,3888,13.5944
36,1728,8,5832,17.5757
36,1728,8,8748,23.5477
36,1728,8,13122,32.5057
36,1728,8,16384,39.1862
36,1728,16,512,7.7617
36,1728,16,768,8.8103
36,1728,16,1152,10.3832
36,1728,16,1728,12.7425
36,1728,16,2592,16.2814
36,1728,16,3888,21.5898
36,1728,16,5832,29.5524
36,1728,16,8748,41.4964
36,1728,16,13122,59.4123
36,1728,16,16384,72.7734
36,1728,32,512,9.9244
36,1728,32,768,12.0216
36,1728,32,1152,15.1673
36,1728,32,1728,19.8859
36,1728,32,2592,26.9638
36,1728,32,3888,37.5806
36,1728,32,5832,53.5059
36,1728,32,8748,77.3937
36,1728,32,13122,113.2255
36,1728,32,16384,139.9478
36,1728,64,512,14.2498
36,1728,64,768,18.4441
36,1728,64,1152,24.7356
36,1728,64,1728,34.1727
36,1728,64,2592,48.3285
36,1728,64,3888,69.5622
36,1728,64,5832,101.4127
36,1728,64,8748,149.1884
36,1728,64,13122,220.8520
36,1728,64,16384,274.2966
36,1728,128,512,22.9005
36,1728,128,768,31.2892
36,1728,128,1152,43.8721
36,1728,128,1728,62.7464
36,1728,128,2592,91.0580
36,1728,128,3888,133.5253
36,1728,128,5832,197.2263
36,1728,128,8748,292.7778
36,1728,128,13122,436.1050
36,1728,128,16384,542.9942
36,2592,0,0,6.9548
36,2592,1,512,6.9655
36,2592,1,768,6.9708
36,2592,1,1152,6.9788
36,2592,1,1728,6.9908
36,2592,1,2592,7.0088
36,2592,1,3888,7.0357
36,2592,1,5832,7.3173
36,2592,1,8748,8.0638
36,2592,1,13122,9.1836
36,2592,1,16384,10.0186
36,2592,2,512,6.9761
36,2592,2,768,6.9868
36,2592,2,1152,7.0028
36,2592,2,1728,7.0267
36,2592,2,2592,7.1555
36,2592,2,3888,7.8191
36,2592,2,5832,8.8144
36,2592,2,8748,10.3074
36,2592,2,13122,12.5469
36,2592,2,16384,14.2170
36,2592,4,512,6.9975
36,2592,4,768,7.0188
36,2592,4,1152,7.0507
36,2592,4,1728,7.6061
36,2592,4,2592,8.4908
36,2592,4,3888,9.8179
36,2592,4,5832,11.8086
36,2592,4,8748,14.7946
36,2592,4,13122,19.2735
36,2592,4,16384,22.6138
36,2592,8,512,7.0401
36,2592,8,768,7.4259
36,2592,8,1152,8.2123
36,2592,8,1728,9.3919
36,2592,8,2592,11.1614
36,2592,8,3888,13.8156
36,2592,8,5832,17.7969
36,2592,8,8748,23.7689
36,2592,8,13122,32.7268
36,2592,8,16384,39.4074
36,2592,16,512,7.9829
36,2592,16,768,9.0315
36,2592,16,1152,10.6044
36,2592,16,1728,12.9636
36,2592,16,2592,16.5026
36,2592,16,3888,21.8110
36,2592,16,5832,29.7736
36,2592,16,8748,41.7176
36,2592,16,13122,59.6335
36,2592,16,16384,72.9946
36,2592,32,512,10.1456
36,2592,32,768,12.2428
36,2592,32,1152,15.3885
36,2592,32,1728,20.1071
36,2592,32,2592,27.1850
36,2592,32,3888,37.8018
36,2592,32,5832,53.7270
36,2592,32,8748,77.6149
36,2592,32,13122,113.4467
36,2592,32,16384,140.1690
36,2592,64,512,14.4710
36,2592,64,768,18.6653
36,2592,64,1152,24.9567
36,2592,64,1728,34.3939
36,2592,64,2592,48.5497
36,2592,64,3888,69.7834
36,2592,64,5832,101.6339
36,2592,64,8748,149.4096
36,2592,64,13122,221.0732
36,2592,64,16384,274.5178
36,2592,128,512,23.1217
36,2592,128,768,31.5103
36,2592,128,1152,44.0932
36,2592,128,1728,62.9676
36,2592,128,2592,91.2792
36,2592,128,3888,133.7465
36,2592,128,5832,197.4475
36,2592,128,8748,292.9990
36,2592,128,13122,436.3262
36,2592,128,16384,543.2154
36,3888,0,0,7.9255
36,3888,1,512,7.9362
36,3888,1,768,7.9415
36,3888,1,1152,7.9495
36,3888,1,1728,7.9615
36,3888,1,2592,7.9795
36,3888,1,3888,8.0064
36,3888,1,5832,8.0469
36,3888,1,8748,8.3956
36,3888,1,13122,9.5153
36,3888,1,16384,10.3504
36,3888,2,512,7.9468
36,3888,2,768,7.9575
36,3888,2,1152,7.9735
36,3888,2,1728,7.9974
36,3888,2,2592,8.0334
36,3888,2,3888,8.1508
36,3888,2,5832,9.1462
36,3888,2,8748,10.6392
36,3888,2,13122,12.8787
36,3888,2,16384,14.5488
36,3888,4,512,7.9681
36,3888,4,768,7.9894
36,3888,4,1152,8.0214
36,3888,4,1728,8.0693
36,3888,4,2592,8.8226
36,3888,4,3888,10.1497
36,3888,4,5832,12.1404
36,3888,4,8748,15.1263
36,3888,4,13122,19.6053
36,3888,4,16384,22.9456
36,3888,8,512,8.0107
36,3888,8,768,8.0534
36,3888,8,1152,8.5441
36,3888,8,1728,9.7237
36,3888,8,2592,11.4932
36,3888,8,3888,14.1474
36,3888,8,5832,18.1287
36,3888,8,8748,24.1007
36,3888,8,13122,33.0586
36,3888,8,16384,39.7392
36,3888,16,512,8.3147
36,3888,16,768,9.3633
36,3888,16,1152,10.9361
36,3888,16,1728,13.2954
36,3888,16,2592,16.8344
36,3888,16,3888,22.1428
36,3888,16,5832,30.1054
36,3888,16,8748,42.0493
36,3888,16,13122,59.9652
36,3888,16,16384,73.3264
36,3888,32,512,10.4774
36,3888,32,768,12.5745
36,3888,32,1152,15.7203
36,3888,32,1728,20.4388
36,3888,32,2592,27.5167
36,3888,32,3888,38.1336
36,3888,32,5832,54.0588
36,3888,32,8748,77.9467
36,3888,32,13122,113.7785
36,3888,32,16384,140.5008
36,3888,64,512,14.8028
36,3888,64,768,18.9971
36,3888,64,1152,25.2885
36,3888,64,1728,34.7257
36,3888,64,2592,48.8815
36,3888,64,3888,70.1151
36,3888,64,5832,101.9656
36,3888,64,8748,149.7414
36,3888,64,13122,221.4050
36,3888,64,16384,274.8496
36,3888,128,512,23.4535
36,3888,128,768,31.8421
36,3888,128,1152,44.4250
36,3888,128,1728,63.2994
36,3888,128,2592,91.6109
36,3888,128,3888,134.0783
36,3888,128,5832,197.7793
36,3888,128,8748,293.3308
36,3888,128,13122,436.6580
36,3888,128,16384,543.5472
36,5832,0,0,9.3815
36,5832,1,512,9.3922
36,5832,1,768,9.3975
36,5832,1,1152,9.4055
36,5832,1,1728,9.4175
36,5832,1,2592,9.4355
36,5832,1,3888,9.4624
36,5832,1,5832,9.5029
36,5832,1,8748,9.5636
36,5832,1,13122,10.0130
36,5832,1,16384,10.8481
36,5832,2,512,9.4029
36,5832,2,768,9.4135
36,5832,2,1152,9.4295
36,5832,2,1728,9.4535
36,5832,2,2592,9.4894
36,5832,2,3888,9.5433
36,5832,2,5832,9.6438
36,5832,2,8748,11.1368
36,5832,2,13122,13.3763
36,5832,2,16384,15.0465
36,5832,4,512,9.4242
36,5832,4,768,9.4455
36,5832,4,1152,9.4774
36,5832,4,1728,9.5254
36,5832,4,2592,9.5973
36,5832,4,3888,10.6474
36,5832,4,5832,12.6380
36,5832,4,8748,15.6240
36,5832,4,13122,20.1030
36,5832,4,16384,23.4433
36,5832,8,512,9.4668
36,5832,8,768,9.5094
36,5832,8,1152,9.5733
36,5832,8,1728,10.2214
36,5832,8,2592,11.9908
36,5832,8,3888,14.6451
36,5832,8,5832,18.6264
36,5832,8,8748,24.5983
36,5832,8,13122,33.5563
36,5832,8,16384,40.2369
36,5832,16,512,9.5520
36,5832,16,768,9.8609
36,5832,16,1152,11.4338
36,5832,16,1728,13.7931
36,5832,16,2592,17.3320
36,5832,16,3888,22.6404
36,5832,16,5832,30.6031
36,5832,16,8748,42.5470
36,5832,16,13122,60.4629
36,5832,16,16384,73.8241
36,5832,32,512,10.9750
36,5832,32,768,13.0722
36,5832,32,1152,16.2179
36,5832,32,1728,20.9365
36,5832,32,2592,28.0144
36,5832,32,3888,38.6312
36,5832,32,5832,54.5565
36,5832,32,8748,78.4444
36,5832,32,13122,114.2762
36,5832,32,16384,140.9985
36,5832,64,512,15.3004
36,5832,64,768,19.4947
36,5832,64,1152,25.7862
36,5832,64,1728,35.2234
36,5832,64,2592,49.3791
36,5832,64,3888,70.6128
36,5832,64,5832,102.4633
36,5832,64,8748,150.2390
36,5832,64,13122,221.9027
36,5832,64,16384,275.3473
36,5832,128,512,23.9512
36,5832,128,768,32.3398
36,5832,128,1152,44.9227
36,5832,128,1728,63.7971
36,5832,128,2592,92.1086
36,5832,128,3888,134.5759
36,5832,128,5832,198.2769
36,5832,128,8748,293.8284
36,5832,128,13122,437.1556
36,5832,128,16384,544.0449
36,8748,0,0,11.5656
36,8748,1,512,11.5762
36,8748,1,768,11.5816
36,8748,1,1152,11.5896
36,8748,1,1728,11.6015
36,8748,1,2592,11.6195
36,8748,1,3888,11.6465
36,8748,1,5832,11.6869
36,8748,1,8748,11.7476
36,8748,1,13122,11.8386
36,8748,1,16384,11.9065
36,8748,2,512,11.5869
36,8748,2,768,11.5975
36,8748,2,1152,11.6135
36,8748,2,1728,11.6375
36,8748,2,2592,11.6734
36,8748,2,3888,11.7274
36,8748,2,5832,11.8083
36,8748,2,8748,11.9296
36,8748,2,13122,14.1228
36,8748,2,16384,15.7930
36,8748,4,512,11.6082
36,8748,4,768,11.6295
36,8748,4,1152,11.6615
36,8748,4,1728,11.7094
36,8748,4,2592,11.7813
36,8748,4,3888,11.8891
36,8748,4,5832,13.3845
36,8748,4,8748,16.3705
36,8748,4,13122,20.8495
36,8748,4,16384,24.1898
36,8748,8,512,11.6508
36,8748,8,768,11.6934
36,8748,8,1152,11.7573
36,8748,8,1728,11.8532
36,8748,8,2592,12.7373
36,8748,8,3888,15.3916
36,8748,8,5832,19.3729
36,8748,8,8748,25.3448
36,8748,8,13122,34.3028
36,8748,8,16384,40.9834
36,8748,16,512,11.7360
36,8748,16,768,11.8212
36,8748,16,1152,12.1803
36,8748,16,1728,14.5396
36,8748,16,2592,18.0785
36,8748,16,3888,23.3869
36,8748,16,5832,31.3496
36,8748,16,8748,43.2935
36,8748,16,13122,61.2094
36,8748,16,16384,74.5706
36,8748,32,512,11.9065
36,8748,32,768,13.8187
36,8748,32,1152,16.9644
36,8748,32,1728,21.6830
36,8748,32,2592,28.7609
36,8748,32,3888,39.3777
36,8748,32,5832,55.3030
36,8748,32,8748,79.1908
36,8748,32,13122,115.0227
36,8748,32,16384,141.7450
36,8748,64,512,16.0469
36,8748,64,768,20.2412
36,8748,64,1152,26.5327
36,8748,64,1728,35.9699
36,8748,64,2592,50.1256
36,8748,64,3888,71.3593
36,8748,64,5832,103.2098
36,8748,64,8748,150.9855
36,8748,64,13122,222.6492
36,8748,64,16384,276.0938
36,8748,128,512,24.6977
36,8748,128,768,33.0863
36,8748,128,1152,45.6692
36,8748,128,1728,64.5436
36,8748,128,2592,92.8551
36,8748,128,3888,135.3224
36,8748,128,5832,199.0234
36,8748,128,8748,294.5749
36,8748,128,13122,437.9021
36,8748,128,16384,544.7914
36,13122,0,0,14.8416
36,13122,1,512,14.8523
36,13122,1,768,14.8576
36,13122,1,1152,14.8656
36,13122,1,1728,14.8776
36,13122,1,2592,14.8956
36,13122,1,3888,14.9225
36,13122,1,5832,14.9630
36,13122,1,8748,15.0236
36,13122,1,13122,15.1146
36,13122,1,16384,15.1825
36,13122,2,512,14.8629
36,13122,2,768,14.8736
36,13122,2,1152,14.8896
36,13122,2,1728,14.9135
36,13122,2,2592,14.9495
36,13122,2,3888,15.0034
36,13122,2,5832,15.0843
36,13122,2,8748,15.2056
36,13122,2,13122,15.3876
36,13122,2,16384,16.9127
36,13122,4,512,14.8842
36,13122,4,768,14.9055
36,13122,4,1152,14.9375
36,13122,4,1728,14.9854
36,13122,4,2592,15.0573
36,13122,4,3888,15.1652
36,13122,4,5832,15.3270
36,13122,4,8748,17.4902
36,13122,4,13122,21.9692
36,13122,4,16384,25.3095
36,13122,8,512,14.9269
36,13122,8,768,14.9695
36,13122,8,1152,15.0334
36,13122,8,1728,15.1292
36,13122,8,2592,15.2730
36,13122,8,3888,16.5113
36,13122,8,5832,20.4926
36,13122,8,8748,26.4646
36,13122,8,13122,35.4225
36,13122,8,16384,42.1031
36,13122,16,512,15.0121
36,13122,16,768,15.0973
36,13122,16,1152,15.2251
36,13122,16,1728,15.6593
36,13122,16,2592,19.1983
36,13122,16,3888,24.5067
36,13122,16,5832,32.4693
36,13122,16,8748,44.4132
36,13122,16,13122,62.3292
36,13122,16,16384,75.6903
36,13122,32,512,15.1825
36,13122,32,768,15.3529
36,13122,32,1152,18.0842
36,13122,32,1728,22.8028
36,13122,32,2592,29.8806
36,13122,32,3888,40.4975
36,13122,32,5832,56.4227
36,13122,32,8748,80.3106
36,13122,32,13122,116.1424
36,13122,32,16384,142.8647
36,13122,64,512,17.1667
36,13122,64,768,21.3610
36,13122,64,1152,27.6524
36,13122,64,1728,37.0896
36,13122,64,2592,51.2454
36,13122,64,3888,72.4790
36,13122,64,5832,104.3295
36,13122,64,8748,152.1053
36,13122,64,13122,223.7689
36,13122,64,16384,277.2135
36,13122,128,512,25.8174
36,13122,128,768,34.2060
36,13122,128,1152,46.7889
36,13122,128,1728,65.6633
36,13122,128,2592,93.9748
36,13122,128,3888,136.4422
36,13122,128,5832,200.1432
36,13122,128,8748,295.6947
36,13122,128,13122,439.0219
36,13122,128,16384,545.9111
36,16384,0,0,17.2848
36,16384,1,512,17.2955
36,16384,1,768,17.3008
36,16384,1,1152,17.3088
36,16384,1,1728,17.3208
36,16384,1,2592,17.3387
36,16384,1,3888,17.3657
36,16384,1,5832,17.4062
36,16384,1,8748,17.4668
36,16384,1,13122,17.5578
36,16384,1,16384,17.6257
36,16384,2,512,17.3061
36,16384,2,768,17.3168
36,16384,2,1152,17.3328
36,16384,2,1728,17.3567
36,16384,2,2592,17.3927
36,16384,2,3888,17.4466
36,16384,2,5832,17.5275
36,16384,2,8748,17.6488
36,16384,2,13122,17.8308
36,16384,2,16384,17.9666
36,16384,4,512,17.3274
36,16384,4,768,17.3487
36,16384,4,1152,17.3807
36,16384,4,1728,17.4286
36,16384,4,2592,17.5005
36,16384,4,3888,17.6084
36,16384,4,5832,17.7702
36,16384,4,8748,18.3253
36,16384,4,13122,22.8043
36,16384,4,16384,26.1446
36,16384,8,512,17.3700
36,16384,8,768,17.4126
36,16384,8,1152,17.4766
36,16384,8,1728,17.5724
36,16384,8,2592,17.7162
36,16384,8,3888,17.9319
36,16384,8,5832,21.3277
36,16384,8,8748,27.2996
36,16384,8,13122,36.2576
36,16384,8,16384,42.9382
36,16384,16,512,17.4553
36,16384,16,768,17.5405
36,16384,16,1152,17.6683
36,16384,16,1728,17.8600
36,16384,16,2592,20.0333
36,16384,16,3888,25.3418
36,16384,16,5832,33.3044
36,16384,16,8748,45.2483
36,16384,16,13122,63.1642
36,16384,16,16384,76.5254
36,16384,32,512,17.6257
36,16384,32,768,17.7961
36,16384,32,1152,18.9192
36,16384,32,1728,23.6378
36,16384,32,2592,30.7157
36,16384,32,3888,41.3325
36,16384,32,5832,57.2578
36,16384,32,8748,81.1457
36,16384,32,13122,116.9775
36,16384,32,16384,143.6998
36,16384,64,512,18.0017
36,16384,64,768,22.1960
36,16384,64,1152,28.4875
36,16384,64,1728,37.9247
36,16384,64,2592,52.0804
36,16384,64,3888,73.3141
36,16384,64,5832,105.1646
36,16384,64,8748,152.9404
36,16384,64,13122,224.6040
36,16384,64,16384,278.0486
36,16384,128,512,26.6525
36,16384,128,768,35.0411
36,16384,128,1152,47.6240
36,16384,128,1728,66.4984
36,16384,128,2592,94.8099
36,16384,128,3888,137.2772
36,16384,128,5832,200.9782
36,16384,128,8748,296.5297
36,16384,128,13122,439.8570
36,16384,128,16384,546.7462
54,0,0,0,5.2350
54,0,1,512,5.3702
54,0,1,768,5.4357
54,0,1,1152,5.5340
54,0,1,1728,5.6815
54,0,1,2592,5.9027
54,0,1,3888,6.2344
54,0,1,5832,6.7321
54,0,1,8748,7.4786
54,0,1,13122,8.5983
54,0,1,16384,9.4334
54,0,2,512,5.5053
54,0,2,768,5.6364
54,0,2,1152,5.8330
54,0,2,1728,6.1279
54,0,2,2592,6.5703
54,0,2,3888,7.2339
54,0,2,5832,8.2292
54,0,2,8748,9.7222
54,0,2,13122,11.9617
54,0,2,16384,13.6318
54,0,4,512,5.7757
54,0,4,768,6.0378
54,0,4,1152,6.4310
54,0,4,1728,7.0209
54,0,4,2592,7.9056
54,0,4,3888,9.2327
54,0,4,5832,11.2234
54,0,4,8748,14.2093
54,0,4,13122,18.6883
54,0,4,16384,22.0286
54,0,8,512,6.3164
54,0,8,768,6.8406
54,0,8,1152,7.6271
54,0,8,1728,8.8067
54,0,8,2592,10.5762
54,0,8,3888,13.2304
54,0,8,5832,17.2117
54,0,8,8748,23.1837
54,0,8,13122,32.1416
54,0,8,16384,38.8222
54,0,16,512,7.3977
54,0,16,768,8.4463
54,0,16,1152,10.0191
54,0,16,1728,12.3784
54,0,16,2592,15.9174
54,0,16,3888,21.2258
54,0,16,5832,29.1884
54,0,16,8748,41.1324
54,0,16,13122,59.0483
54,0,16,16384,72.4094
54,0,32,512,9.5604
54,0,32,768,11.6575
54,0,32,1152,14.8033
54,0,32,1728,19.5219
54,0,32,2592,26.5997
54,0,32,3888,37.2166
54,0,32,5832,53.1418
54,0,32,8748,77.0297
54,0,32,13122,112.8615
54,0,32,16384,139.5838
54,0,64,512,13.8858
54,0,64,768,18.0801
54,0,64,1152,24.3715
54,0,64,1728,33.8087
54,0,64,2592,47.9645
54,0,64,3888,69.1981
54,0,64,5832,101.0486
54,0,64,8748,148.8244
54,0,64,13122,220.4880
54,0,64,16384,273.9326
54,0,128,512,22.5365
54,0,128,768,30.9251
54,0,128,1152,43.5080
54,0,128,1728,62.3824
54,0,128,2592,90.6940
54,0,128,3888,133.1613
54,0,128,5832,196.8623
54,0,128,8748,292.4138
54,0,128,13122,435.7410
54,0,128,16384,542.6302
54,512,0,0,5.6056
54,512,1,512,5.6162
54,512,1,768,5.6215
54,512,1,1152,5.6651
54,512,1,1728,5.8125
54,512,1,2592,6.0337
54,512,1,3888,6.3655
54,512,1,5832,6.8632
54,512,1,8748,7.6097
54,512,1,13122,8.7294
54,512,1,16384,9.5645
54,512,2,512,5.6364
54,512,2,768,5.7675
54,512,2,1152,5.9641
54,512,2,1728,6.2590
54,512,2,2592,6.7014
54,512,2,3888,7.3649
54,512,2,5832,8.3603
54,512,2,8748,9.8532
54,512,2,13122,12.0927
54,512,2,16384,13.7629
54,512,4,512,5.9068
54,512,4,768,6.1689
54,512,4,1152,6.5621
54,512,4,1728,7.1519
54,512,4,2592,8.0367
54,512,4,3888,9.3638
54,512,4,5832,11.3544
54,512,4,8748,14.3404
54,512,4,13122,18.8194
54,512,4,16384,22.1597
54,512,8,512,6.4474
54,512,8,768,6.9717
54,512,8,1152,7.7581
54,512,8,1728,8.9378
54,512,8,2592,10.7073
54,512,8,3888,13.3615
54,512,8,5832,17.3428
54,512,8,8748,23.3148
54,512,8,13122,32.2727
54,512,8,16384,38.9533
54,512,16,512,7.5288
54,512,16,768,8.5773
54,512,16,1152,10.1502
54,512,16,1728,12.5095
54,512,16,2592,16.0484
54,512,16,3888,21.3569
54,512,16,5832,29.3195
54,512,16,8748,41.2634
54,512,16,13122,59.1793
54,512,16,16384,72.5405
54,512,32,512,9.6915
54,512,32,768,11.7886
54,512,32,1152,14.9343
54,512,32,1728,19.6529
54,512,32,2592,26.7308
54,512,32,3888,37.3476
54,512,32,5832,53.2729
54,512,32,8748,77.1608
54,512,32,13122,112.9926
54,512,32,16384,139.7149
54,512,64,512,14.0168
54,512,64,768,18.2111
54,512,64,1152,24.5026
54,512,64,1728,33.9398
54,512,64,2592,48.0956
54,512,64,3888,69.3292
54,512,64,5832,101.1797
54,512,64,8748,148.9555
54,512,64,13122,220.6191
54,512,64,16384,274.0637
54,512,128,512,22.6676
54,512,128,768,31.0562
54,512,128,1152,43.6391
54,512,128,1728,62.5135
54,512,128,2592,90.8250
54,512,128,3888,133.2924
54,512,128,5832,196.9933
54,512,128,8748,292.5448
54,512,128,13122,435.8721
54,512,128,16384,542.7613
54,768,0,0,5.8932
54,768,1,512,5.9038
54,768,1,768,5.9091
54,768,1,1152,5.9171
54,768,1,1728,5.9291
54,768,1,2592,6.0993
54,768,1,3888,6.4310
54,768,1,5832,6.9287
54,768,1,8748,7.6752
54,768,1,13122,8.7949
54,768,1,16384,9.6300
54,768,2,512,5.9145
54,768,2,768,5.9251
54,768,2,1152,6.0296
54,768,2,1728,6.3245
54,768,2,2592,6.7669
54,768,2,3888,7.4305
54,768,2,5832,8.4258
54,768,2,8748,9.9188
54,768,2,13122,12.1583
54,768,2,16384,13.8284
54,768,4,512,5.9723
54,768,4,768,6.2344
54,768,4,1152,6.6276
54,768,4,1728,7.2175
54,768,4,2592,8.1022
54,768,4,3888,9.4293
54,768,4,5832,11.4200
54,768,4,8748,14.4060
54,768,4,13122,18.8849
54,768,4,16384,22.2252
54,768,8,512,6.5130
54,768,8,768,7.0372
54,768,8,1152,7.8237
54,768,8,1728,9.0033
54,768,8,2592,10.7728
54,768,8,3888,13.4270
54,768,8,5832,17.4083
54,768,8,8748,23.3803
54,768,8,13122,32.3382
54,768,8,16384,39.0188
54,768,16,512,7.5943
54,768,16,768,8.6429
54,768,16,1152,10.2157
54,768,16,1728,12.5750
54,768,16,2592,16.1140
54,768,16,3888,21.4224
54,768,16,5832,29.3850
54,768,16,8748,41.3290
54,768,16,13122,59.2449
54,768,16,16384,72.6060
54,768,32,512,9.7570
54,768,32,768,11.8541
54,768,32,1152,14.9999
54,768,32,1728,19.7185
54,768,32,2592,26.7964
54,768,32,3888,37.4132
54,768,32,5832,53.3384
54,768,32,8748,77.2263
54,768,32,13122,113.0581
54,768,32,16384,139.7804
54,768,64,512,14.0824
54,768,64,768,18.2767
54,768,64,1152,24.5681
54,768,64,1728,34.0053
54,768,64,2592,48.1611
54,768,64,3888,69.3948
54,768,64,5832,101.2452
54,768,64,8748,149.0210
54,768,64,13122,220.6846
54,768,64,16384,274.1292
54,768,128,512,22.7331
54,768,128,768,31.1217
54,768,128,1152,43.7046
54,768,128,1728,62.5790
54,768,128,2592,90.8906
54,768,128,3888,133.3579
54,768,128,5832,197.0589
54,768,128,8748,292.6104
54,768,128,13122,435.9376
54,768,128,16384,542.8268
54,1152,0,0,6.3246
54,1152,1,512,6.3352
54,1152,1,768,6.3406
54,1152,1,1152,6.3485
54,1152,1,1728,6.3605
54,1152,1,2592,6.3785
54,1152,1,3888,6.5293
54,1152,1,5832,7.0270
54,1152,1,8748,7.7735
54,1152,1,13122,8.8932
54,1152,1,16384,9.7283
54,1152,2,512,6.3459
54,1152,2,768,6.3565
54,1152,2,1152,6.3725
54,1152,2,1728,6.4228
54,1152,2,2592,6.8652
54,1152,2,3888,7.5288
54,1152,2,5832,8.5241
54,1152,2,8748,10.0171
54,1152,2,13122,12.2566
54,1152,2,16384,13.9267
54,1152,4,512,6.3672
54,1152,4,768,6.3885
54,1152,4,1152,6.7260
54,1152,4,1728,7.3158
54,1152,4,2592,8.2005
54,1152,4,3888,9.5276
54,1152,4,5832,11.5183
54,1152,4,8748,14.5043
54,1152,4,13122,18.9832
54,1152,4,16384,22.3235
54,1152,8,512,6.6113
54,1152,8,768,7.1356
54,1152,8,1152,7.9220
54,1152,8,1728,9.1016
54,1152,8,2592,10.8711
54,1152,8,3888,13.5253
54,1152,8,5832,17.5066
54,1152,8,8748,23.4786
54,1152,8,13122,32.4365
54,1152,8,16384,39.1171
54,1152,16,512,7.6926
54,1152,16,768,8.7412
54,1152,16,1152,10.3140
54,1152,16,1728,12.6733
54,1152,16,2592,16.2123
54,1152,16,3888,21.5207
54,1152,16,5832,29.4833
54,1152,16,8748,41.4273
54,1152,16,13122,59.3432
54,1152,16,16384,72.7043
54,1152,32,512,9.8553
54,1152,32,768,11.9524
54,1152,32,1152,15.0982
54,1152,32,1728,19.8168
54,1152,32,2592,26.8947
54,1152,32,3888,37.5115
54,1152,32,5832,53.4367
54,1152,32,8748,77.3246
54,1152,32,13122,113.1564
54,1152,32,16384,139.8787
54,1152,64,512,14.1807
54,1152,64,768,18.3750
54,1152,64,1152,24.6664
54,1152,64,1728,34.1036
54,1152,64,2592,48.2594
54,1152,64,3888,69.4931
54,1152,64,5832,101.3436
54,1152,64,8748,149.1193
54,1152,64,13122,220.7829
54,1152,64,16384,274.2275
54,1152,128,512,22.8314
54,1152,128,768,31.2200
54,1152,128,1152,43.8029
54,1152,128,1728,62.6773
54,1152,128,2592,90.9889
54,1152,128,3888,133.4562
54,1152,128,5832,197.1572
54,1152,128,8748,292.7087
54,1152,128,13122,436.0359
54,1152,128,16384,542.9251
54,1728,0,0,6.9717
54,1728,1,512,6.9823
54,1728,1,768,6.9877
54,1728,1,1152,6.9957
54,1728,1,1728,7.0076
54,1728,1,2592,7.0256
54,1728,1,3888,7.0526
54,1728,1,5832,7.1745
54,1728,1,8748,7.9210
54,1728,1,13122,9.0407
54,1728,1,16384,9.8758
54,1728,2,512,6.9930
54,1728,2,768,7.0037
54,1728,2,1152,7.0196
54,1728,2,1728,7.0436
54,1728,2,2592,7.0796
54,1728,2,3888,7.6762
54,1728,2,5832,8.6716
54,1728,2,8748,10.1645
54,1728,2,13122,12.4040
54,1728,2,16384,14.0742
54,1728,4,512,7.0143
54,1728,4,768,7.0356
54,1728,4,1152,7.0676
54,1728,4,1728,7.4632
54,1728,4,2592,8.3480
54,1728,4,3888,9.6751
54,1728,4,5832,11.6657
54,1728,4,8748,14.6517
54,1728,4,13122,19.1307
54,1728,4,16384,22.4710
54,1728,8,512,7.0569
54,1728,8,768,7.2830
54,1728,8,1152,8.0694
54,1728,8,1728,9.2491
54,1728,8,2592,11.0186
54,1728,8,3888,13.6728
54,1728,8,5832,17.6541
54,1728,8,8748,23.6260
54,1728,8,13122,32.5840
54,1728,8,16384,39.2646
54,1728,16,512,7.8401
54,1728,16,768,8.8886
54,1728,16,1152,10.4615
54,1728,16,1728,12.8208
54,1728,16,2592,16.3597
54,1728,16,3888,21.6682
54,1728,16,5832,29.6308
54,1728,16,8748,41.5747
54,1728,16,13122,59.4906
54,1728,16,16384,72.8518
54,1728,32,512,10.0028
54,1728,32,768,12.0999
54,1728,32,1152,15.2456
54,1728,32,1728,19.9642
54,1728,32,2592,27.0421
54,1728,32,3888,37.6589
54,1728,32,5832,53.5842
54,1728,32,8748,77.4721
54,1728,32,13122,113.3039
54,1728,32,16384,140.0262
54,1728,64,512,14.3281
54,1728,64,768,18.5224
54,1728,64,1152,24.8139
54,1728,64,1728,34.2511
54,1728,64,2592,48.4068
54,1728,64,3888,69.6405
54,1728,64,5832,101.4910
54,1728,64,8748,149.2668
54,1728,64,13122,220.9304
54,1728,64,16384,274.3750
54,1728,128,512,22.9789
54,1728,128,768,31.3675
54,1728,128,1152,43.9504
54,1728,128,1728,62.8248
54,1728,128,2592,91.1363
54,1728,128,3888,133.6036
54,1728,128,5832,197.3046
54,1728,128,8748,292.8561
54,1728,128,13122,436.1834
54,1728,128,16384,543.0726
54,2592,0,0,7.9424
54,2592,1,512,7.9530
54,2592,1,768,7.9584
54,2592,1,1152,7.9663
54,2592,1,1728,7.9783
54,2592,1,2592,7.9963
54,2592,1,3888,8.0233
54,2592,1,5832,8.0637
54,2592,1,8748,8.1421
54,2592,1,13122,9.2619
54,2592,1,16384,10.0970
54,2592,2,512,7.9637
54,2592,2,768,7.9743
54,2592,2,1152,7.9903
54,2592,2,1728,8.0143
54,2592,2,2592,8.0502
54,2592,2,3888,8.1042
54,2592,2,5832,8.8927
54,2592,2,8748,10.3857
54,2592,2,13122,12.6252
54,2592,2,16384,14.2954
54,2592,4,512,7.9850
54,2592,4,768,8.0063
54,2592,4,1152,8.0382
54,2592,4,1728,8.0862
54,2592,4,2592,8.5692
54,2592,4,3888,9.8963
54,2592,4,5832,11.8869
54,2592,4,8748,14.8729
54,2592,4,13122,19.3519
54,2592,4,16384,22.6922
54,2592,8,512,8.0276
54,2592,8,768,8.0702
54,2592,8,1152,8.2906
54,2592,8,1728,9.4703
54,2592,8,2592,11.2397
54,2592,8,3888,13.8940
54,2592,8,5832,17.8753
54,2592,8,8748,23.8472
54,2592,8,13122,32.8052
54,2592,8,16384,39.4858
54,2592,16,512,8.1128
54,2592,16,768,9.1098
54,2592,16,1152,10.6827
54,2592,16,1728,13.0420
54,2592,16,2592,16.5809
54,2592,16,3888,21.8893
54,2592,16,5832,29.8520
54,2592,16,8748,41.7959
54,2592,16,13122,59.7118
54,2592,16,16384,73.0730
54,2592,32,512,10.2239
54,2592,32,768,12.3211
54,2592,32,1152,15.4668
54,2592,32,1728,20.1854
54,2592,32,2592,27.2633
54,2592,32,3888,37.8801
54,2592,32,5832,53.8054
54,2592,32,8748,77.6932
54,2592,32,13122,113.5251
54,2592,32,16384,140.2474
54,2592,64,512,14.5493
54,2592,64,768,18.7436
54,2592,64,1152,25.0351
54,2592,64,1728,34.4723
54,2592,64,2592,48.6280
54,2592,64,3888,69.8617
54,2592,64,5832,101.7122
54,2592,64,8748,149.4879
54,2592,64,13122,221.1516
54,2592,64,16384,274.5962
54,2592,128,512,23.2001
54,2592,128,768,31.5887
54,2592,128,1152,44.1716
54,2592,128,1728,63.0460
54,2592,128,2592,91.3575
54,2592,128,3888,133.8248
54,2592,128,5832,197.5258
54,2592,128,8748,293.0773
54,2592,128,13122,436.4045
54,2592,128,16384,543.2938
54,3888,0,0,9.3984
54,3888,1,512,9.4091
54,3888,1,768,9.4144
54,3888,1,1152,9.4224
54,3888,1,1728,9.4344
54,3888,1,2592,9.4523
54,3888,1,3888,9.4793
54,3888,1,5832,9.5197
54,3888,1,8748,9.5804
54,3888,1,13122,9.6714
54,3888,1,16384,10.4287
54,3888,2,512,9.4197
54,3888,2,768,9.4304
54,3888,2,1152,9.4463
54,3888,2,1728,9.4703
54,3888,2,2592,9.5063
54,3888,2,3888,9.5602
54,3888,2,5832,9.6411
54,3888,2,8748,10.7175
54,3888,2,13122,12.9570
54,3888,2,16384,14.6271
54,3888,4,512,9.4410
54,3888,4,768,9.4623
54,3888,4,1152,9.4943
54,3888,4,1728,9.5422
54,3888,4,2592,9.6141
54,3888,4,3888,10.2280
54,3888,4,5832,12.2187
54,3888,4,8748,15.2047
54,3888,4,13122,19.6836
54,3888,4,16384,23.0239
54,3888,8,512,9.4836
54,3888,8,768,9.5262
54,3888,8,1152,9.5901
54,3888,8,1728,9.8020
54,3888,8,2592,11.5715
54,3888,8,3888,14.2257
54,3888,8,5832,18.2070
54,3888,8,8748,24.1790
54,3888,8,13122,33.1370
54,3888,8,16384,39.8175
54,3888,16,512,9.5688
54,3888,16,768,9.6541
54,3888,16,1152,11.0145
54,3888,16,1728,13.3738
54,3888,16,2592,16.9127
54,3888,16,3888,22.2211
54,3888,16,5832,30.1837
54,3888,16,8748,42.1277
54,3888,16,13122,60.0436
54,3888,16,16384,73.4047
54,3888,32,512,10.5557
54,3888,32,768,12.6529
54,3888,32,1152,15.7986
54,3888,32,1728,20.5172
54,3888,32,2592,27.5951
54,3888,32,3888,38.2119
54,3888,32,5832,54.1372
54,3888,32,8748,78.0250
54,3888,32,13122,113.8568
54,3888,32,16384,140.5791
54,3888,64,512,14.8811
54,3888,64,768,19.0754
54,3888,64,1152,25.3668
54,3888,64,1728,34.8040
54,3888,64,2592,48.9598
54,3888,64,3888,70.1935
54,3888,64,5832,102.0440
54,3888,64,8748,149.8197
54,3888,64,13122,221.4833
54,3888,64,16384,274.9279
54,3888,128,512,23.5318
54,3888,128,768,31.9204
54,3888,128,1152,44.5034
54,3888,128,1728,63.3777
54,3888,128,2592,91.6893
54,3888,128,3888,134.1566
54,3888,128,5832,197.8576
54,3888,128,8748,293.4091
54,3888,128,13122,436.7363
54,3888,128,16384,543.6255
54,5832,0,0,11.5824
54,5832,1,512,11.5931
54,5832,1,768,11.5984
54,5832,1,1152,11.6064
54,5832,1,1728,11.6184
54,5832,1,2592,11.6364
54,5832,1,3888,11.6633
54,5832,1,5832,11.7038
54,5832,1,8748,11.7644
54,5832,1,13122,11.8554
54,5832,1,16384,11.9233
54,5832,2,512,11.6037
54,5832,2,768,11.6144
54,5832,2,1152,11.6304
54,5832,2,1728,11.6543
54,5832,2,2592,11.6903
54,5832,2,3888,11.7442
54,5832,2,5832,11.8251
54,5832,2,8748,11.9464
54,5832,2,13122,13.4547
54,5832,2,16384,15.1248
54,5832,4,512,11.6250
54,5832,4,768,11.6463
54,5832,4,1152,11.6783
54,5832,4,1728,11.7262
54,5832,4,2592,11.7981
54,5832,4,3888,11.9060
54,5832,4,5832,12.7164
54,5832,4,8748,15.7023
54,5832,4,13122,20.1813
54,5832,4,16384,23.5216
54,5832,8,512,11.6677
54,5832,8,768,11.7103
54,5832,8,1152,11.7742
54,5832,8,1728,11.8700
54,5832,8,2592,12.0692
54,5832,8,3888,14.7234
54,5832,8,5832,18.7047
54,5832,8,8748,24.6767
54,5832,8,13122,33.6346
54,5832,8,16384,40.3152
54,5832,16,512,11.7529
54,5832,16,768,11.8381
54,5832,16,1152,11.9659
54,5832,16,1728,13.8714
54,5832,16,2592,17.4104
54,5832,16,3888,22.7188
54,5832,16,5832,30.6814
54,5832,16,8748,42.6253
54,5832,16,13122,60.5412
54,5832,16,16384,73.9024
54,5832,32,512,11.9233
54,5832,32,768,13.1505
54,5832,32,1152,16.2963
54,5832,32,1728,21.0148
54,5832,32,2592,28.0927
54,5832,32,3888,38.7096
54,5832,32,5832,54.6348
54,5832,32,8748,78.5227
54,5832,32,13122,114.3545
54,5832,32,16384,141.0768
54,5832,64,512,15.3788
54,5832,64,768,19.5731
54,5832,64,1152,25.8645
54,5832,64,1728,35.3017
54,5832,64,2592,49.4575
54,5832,64,3888,70.6911
54,5832,64,5832,102.5416
54,5832,64,8748,150.3174
54,5832,64,13122,221.9810
54,5832,64,16384,275.4256
54,5832,128,512,24.0295
54,5832,128,768,32.4181
54,5832,128,1152,45.0010
54,5832,128,1728,63.8754
54,5832,128,2592,92.1869
54,5832,128,3888,134.6543
54,5832,128,5832,198.3553
54,5832,128,8748,293.9068
54,5832,128,13122,437.2340
54,5832,128,16384,544.1232
54,8748,0,0,14.8585
54,8748,1,512,14.8691
54,8748,1,768,14.8745
54,8748,1,1152,14.8825
54,8748,1,1728,14.8944
54,8748,1,2592,14.9124
54,8748,1,3888,14.9394
54,8748,1,5832,14.9798
54,8748,1,8748,15.0405
54,8748,1,13122,15.1315
54,8748,1,16384,15.1994
54,8748,2,512,14.8798
54,8748,2,768,14.8904
54,8748,2,1152,14.9064
54,8748,2,1728,14.9304
54,8748,2,2592,14.9663
54,8748,2,3888,15.0203
54,8748,2,5832,15.1012
54,8748,2,8748,15.2225
54,8748,2,13122,15.4045
54,8748,2,16384,15.8713
54,8748,4,512,14.9011
54,8748,4,768,14.9224
54,8748,4,1152,14.9544
54,8748,4,1728,15.0023
54,8748,4,2592,15.0742
54,8748,4,3888,15.1820
54,8748,4,5832,15.3438
54,8748,4,8748,16.4488
54,8748,4,13122,20.9278
54,8748,4,16384,24.2681
54,8748,8,512,14.9437
54,8748,8,768,14.9863
54,8748,8,1152,15.0502
54,8748,8,1728,15.1461
54,8748,8,2592,15.2899
54,8748,8,3888,15.5056
54,8748,8,5832,19.4512
54,8748,8,8748,25.4232
54,8748,8,13122,34.3811
54,8748,8,16384,41.0617
54,8748,16,512,15.0289
54,8748,16,768,15.1141
54,8748,16,1152,15.2420
54,8748,16,1728,15.4337
54,8748,16,2592,18.1569
54,8748,16,3888,23.4653
54,8748,16,5832,31.4279
54,8748,16,8748,43.3718
54,8748,16,13122,61.2877
54,8748,16,16384,74.6489
54,8748,32,512,15.1994
54,8748,32,768,15.3698
54,8748,32,1152,17.0428
54,8748,32,1728,21.7613
54,8748,32,2592,28.8392
54,8748,32,3888,39.4561
54,8748,32,5832,55.3813
54,8748,32,8748,79.2692
54,8748,32,13122,115.1010
54,8748,32,16384,141.8233
54,8748,64,512,16.1252
54,8748,64,768,20.3196
54,8748,64,1152,26.6110
54,8748,64,1728,36.0482
54,8748,64,2592,50.2040
54,8748,64,3888,71.4376
54,8748,64,5832,103.2881
54,8748,64,8748,151.0639
54,8748,64,13122,222.7275
54,8748,64,16384,276.1721
54,8748,128,512,24.7760
54,8748,128,768,33.1646
54,8748,128,1152,45.7475
54,8748,128,1728,64.6219
54,8748,128,2592,92.9334
54,8748,128,3888,135.4008
54,8748,128,5832,199.1018
54,8748,128,8748,294.6532
54,8748,128,13122,437.9805
54,8748,128,16384,544.8697
54,13122,0,0,19.7726
54,13122,1,512,19.7832
54,13122,1,768,19.7885
54,13122,1,1152,19.7965
54,13122,1,1728,19.8085
54,13122,1,2592,19.8265
54,13122,1,3888,19.8535
54,13122,1,5832,19.8939
54,13122,1,8748,19.9546
54,13122,1,13122,20.0456
54,13122,1,16384,20.1134
54,13122,2,512,19.7939
54,13122,2,768,19.8045
54,13122,2,1152,19.8205
54,13122,2,1728,19.8445
54,13122,2,2592,19.8804
54,13122,2,3888,19.9343
54,13122,2,5832,20.0152
54,13122,2,8748,20.1366
54,13122,2,13122,20.3186
54,13122,2,16384,20.4543
54,13122,4,512,19.8152
54,13122,4,768,19.8365
54,13122,4,1152,19.8684
54,13122,4,1728,19.9164
54,13122,4,2592,19.9883
54,13122,4,3888,20.0961
54,13122,4,5832,20.2579
54,13122,4,8748,20.5006
54,13122,4,13122,22.0476
54,13122,4,16384,25.3878
54,13122,8,512,19.8578
54,13122,8,768,19.9004
54,13122,8,1152,19.9643
54,13122,8,1728,20.0602
54,13122,8,2592,20.2040
54,13122,8,3888,20.4197
54,13122,8,5832,20.7432
54,13122,8,8748,26.5429
54,13122,8,13122,35.5009
54,13122,8,16384,42.1814
54,13122,16,512,19.9430
54,13122,16,768,20.0282
54,13122,16,1152,20.1560
54,13122,16,1728,20.3478
54,13122,16,2592,20.6354
54,13122,16,3888,24.5850
54,13122,16,5832,32.5476
54,13122,16,8748,44.4916
54,13122,16,13122,62.4075
54,13122,16,16384,75.7686
54,13122,32,512,20.1134
54,13122,32,768,20.2839
54,13122,32,1152,20.5395
54,13122,32,1728,22.8811
54,13122,32,2592,29.9590
54,13122,32,3888,40.5758
54,13122,32,5832,56.5011
54,13122,32,8748,80.3889
54,13122,32,13122,116.2207
54,13122,32,16384,142.9430
54,13122,64,512,20.4543
54,13122,64,768,21.4393
54,13122,64,1152,27.7308
54,13122,64,1728,37.1679
54,13122,64,2592,51.3237
54,13122,64,3888,72.5574
54,13122,64,5832,104.4079
54,13122,64,8748,152.1836
54,13122,64,13122,223.8472
54,13122,64,16384,277.2918
54,13122,128,512,25.8957
54,13122,128,768,34.2844
54,13122,128,1152,46.8673
54,13122,128,1728,65.7416
54,13122,128,2592,94.0532
54,13122,128,3888,136.5205
54,13122,128,5832,200.2215
54,13122,128,8748,295.7730
54,13122,128,13122,439.1002
54,13122,128,16384,545.9894
54,16384,0,0,23.4373
54,16384,1,512,23.4480
54,16384,1,768,23.4533
54,16384,1,1152,23.4613
54,16384,1,1728,23.4733
54,16384,1,2592,23.4913
54,16384,1,3888,23.5182
54,16384,1,5832,23.5587
54,16384,1,8748,23.6193
54,16384,1,13122,23.7103
54,16384,1,16384,23.7782
54,16384,2,512,23.4586
54,16384,2,768,23.4693
54,16384,2,1152,23.4853
54,16384,2,1728,23.5092
54,16384,2,2592,23.5452
54,16384,2,3888,23.5991
54,16384,2,5832,23.6800
54,16384,2,8748,23.8013
54,16384,2,13122,23.9833
54,16384,2,16384,24.1191
54,16384,4,512,23.4799
54,16384,4,768,23.5012
54,16384,4,1152,23.5332
54,16384,4,1728,23.5811
54,16384,4,2592,23.6530
54,16384,4,3888,23.7609
54,16384,4,5832,23.9227
54,16384,4,8748,24.1653
54,16384,4,13122,24.5294
54,16384,4,16384,26.2229
54,16384,8,512,23.5226
54,16384,8,768,23.5652
54,16384,8,1152,23.6291
54,16384,8,1728,23.7249
54,16384,8,2592,23.8688
54,16384,8,3888,24.0845
54,16384,8,5832,24.4080
54,16384,8,8748,27.3780
54,16384,8,13122,36.3359
54,16384,8,16384,43.0165
54,16384,16,512,23.6078
54,16384,16,768,23.6930
54,16384,16,1152,23.8208
54,16384,16,1728,24.0126
54,16384,16,2592,24.3002
54,16384,16,3888,25.4201
54,16384,16,5832,33.3827
54,16384,16,8748,45.3267
54,16384,16,13122,63.2426
54,16384,16,16384,76.6037
54,16384,32,512,23.7782
54,16384,32,768,23.9486
54,16384,32,1152,24.2043
54,16384,32,1728,24.5878
54,16384,32,2592,30.7940
54,16384,32,3888,41.4109
54,16384,32,5832,57.3361
54,16384,32,8748,81.2240
54,16384,32,13122,117.0558
54,16384,32,16384,143.7781
54,16384,64,512,24.1191
54,16384,64,768,24.4599
54,16384,64,1152,28.5658
54,16384,64,1728,38.0030
54,16384,64,2592,52.1588
54,16384,64,3888,73.3924
54,16384,64,5832,105.2429
54,16384,64,8748,153.0187
54,16384,64,13122,224.6823
54,16384,64,16384,278.1269
54,16384,128,512,26.7308
54,16384,128,768,35.1194
54,16384,128,1152,47.7023
54,16384,128,1728,66.5767
54,16384,128,2592,94.8883
54,16384,128,3888,137.3556
54,16384,128,5832,201.0566
54,16384,128,8748,296.6081
54,16384,128,13122,439.9353
54,16384,128,16384,546.8245
64,0,0,0,5.2785
64,0,1,16,5.2867
64,0,1,32,5.2908
64,0,1,64,5.2990
64,0,1,128,5.3154
64,0,1,256,5.3482
64,0,1,512,5.4137
64,0,1,1024,5.5448
64,0,1,2048,5.8069
64,0,1,4096,6.3312
64,0,1,8192,7.3798
64,0,1,16384,9.4769
64,0,2,16,5.2949
64,0,2,32,5.3031
64,0,2,64,5.3195
64,0,2,128,5.3523
64,0,2,256,5.4178
64,0,2,512,5.5489
64,0,2,1024,5.8110
64,0,2,2048,6.3353
64,0,2,4096,7.3839
64,0,2,8192,9.4810
64,0,2,16384,13.6753
64,0,4,16,5.3113
64,0,4,32,5.3277
64,0,4,64,5.3604
64,0,4,128,5.4260
64,0,4,256,5.5571
64,0,4,512,5.8192
64,0,4,1024,6.3435
64,0,4,2048,7.3921
64,0,4,4096,9.4892
64,0,4,8192,13.6835
64,0,4,16384,22.0721
64,0,8,16,5.3441
64,0,8,32,5.3768
64,0,8,64,5.4424
64,0,8,128,5.5734
64,0,8,256,5.8356
64,0,8,512,6.3599
64,0,8,1024,7.4084
64,0,8,2048,9.5056
64,0,8,4096,13.6999
64,0,8,8192,22.0885
64,0,8,16384,38.8657
64,0,16,16,5.4096
64,0,16,32,5.4751
64,0,16,64,5.6062
64,0,16,128,5.8684
64,0,16,256,6.3926
64,0,16,512,7.4412
64,0,16,1024,9.5384
64,0,16,2048,13.7327
64,0,16,4096,22.1213
64,0,16,8192,38.8985
64,0,16,16384,72.4529
64,0,32,16,5.5407
64,0,32,32,5.6717
64,0,32,64,5.9339
64,0,32,128,6.4582
64,0,32,256,7.5068
64,0,32,512,9.6039
64,0,32,1024,13.7982
64,0,32,2048,22.1868
64,0,32,4096,38.9640
64,0,32,8192,72.5185
64,0,32,16384,139.6273
64,0,64,16,5.8028
64,0,64,32,6.0650
64,0,64,64,6.5892
64,0,64,128,7.6378
64,0,64,256,9.7350
64,0,64,512,13.9293
64,0,64,1024,22.3179
64,0,64,2048,39.0951
64,0,64,4096,72.6495
64,0,64,8192,139.7584
64,0,64,16384,273.9761
64,0,128,16,6.3271
64,0,128,32,6.8514
64,0,128,64,7.9000
64,0,128,128,9.9971
64,0,128,256,14.1914
64,0,128,512,22.5800
64,0,128,1024,39.3572
64,0,128,2048,72.9117
64,0,128,4096,140.0205
64,0,128,8192,274.2383
64,0,128,16384,542.6737
64,16,0,0,5.2826
64,16,1,16,5.2908
64,16,1,32,5.2949
64,16,1,64,5.3031
64,16,1,128,5.3195
64,16,1,256,5.3523
64,16,1,512,5.4178
64,16,1,1024,5.5489
64,16,1,2048,5.8110
64,16,1,4096,6.3353
64,16,1,8192,7.3839
64,16,1,16384,9.4810
64,16,2,16,5.2990
64,16,2,32,5.3072
64,16,2,64,5.3236
64,16,2,128,5.3564
64,16,2,256,5.4219
64,16,2,512,5.5530
64,16,2,1024,5.8151
64,16,2,2048,6.3394
64,16,2,4096,7.3880
64,16,2,8192,9.4851
64,16,2,16384,13.6794
64,16,4,16,5.3154
64,16,4,32,5.3318
64,16,4,64,5.3645
64,16,4,128,5.4301
64,16,4,256,5.5612
64,16,4,512,5.8233
64,16,4,1024,6.3476
64,16,4,2048,7.3962
64,16,4,4096,9.4933
64,16,4,8192,13.6876
64,16,4,16384,22.0762
64,16,8,16,5.3482
64,16,8,32,5.3809
64,16,8,64,5.4465
64,16,8,128,5.5775
64,16,8,256,5.8397
64,16,8,512,6.3640
64,16,8,1024,7.4125
64,16,8,2048,9.5097
64,16,8,4096,13.7040
64,16,8,8192,22.0926
64,16,8,16384,38.8698
64,16,16,16,5.4137
64,16,16,32,5.4792
64,16,16,64,5.6103
64,16,16,128,5.8724
64,16,16,256,6.3967
64,16,16,512,7.4453
64,16,16,1024,9.5425
64,16,16,2048,13.7368
64,16,16,4096,22.1254
64,16,16,8192,38.9026
64,16,16,16384,72.4570
64,16,32,16,5.5448
64,16,32,32,5.6758
64,16,32,64,5.9380
64,16,32,128,6.4623
64,16,32,256,7.5108
64,16,32,512,9.6080
64,16,32,1024,13.8023
64,16,32,2048,22.1909
64,16,32,4096,38.9681
64,16,32,8192,72.5226
64,16,32,16384,139.6314
64,16,64,16,5.8069
64,16,64,32,6.0691
64,16,64,64,6.5933
64,16,64,128,7.6419
64,16,64,256,9.7391
64,16,64,512,13.9334
64,16,64,1024,22.3220
64,16,64,2048,39.0992
64,16,64,4096,72.6536
64,16,64,8192,139.7625
64,16,64,16384,273.9802
64,16,128,16,6.3312
64,16,128,32,6.8555
64,16,128,64,7.9041
64,16,128,128,10.0012
64,16,128,256,14.1955
64,16,128,512,22.5841
64,16,128,1024,39.3613
64,16,128,2048,72.9158
64,16,128,4096,140.0246
64,16,128,8192,274.2424
64,16,128,16384,542.6778
64,32,0,0,5.2867
64,32,1,16,5.2949
64,32,1,32,5.2990
64,32,1,64,5.3072
64,32,1,128,5.3236
64,32,1,256,5.3564
64,32,1,512,5.4219
64,32,1,1024,5.5530
64,32,1,2048,5.8151
64,32,1,4096,6.3394
64,32,1,8192,7.3880
64,32,1,16384,9.4851
64,32,2,16,5.3031
64,32,2,32,5.3113
64,32,2,64,5.3277
64,32,2,128,5.3604
64,32,2,256,5.4260
64,32,2,512,5.5571
64,32,2,1024,5.8192
64,32,2,2048,6.3435
64,32,2,4096,7.3921
64,32,2,8192,9.4892
64,32,2,16384,13.6835
64,32,4,16,5.3195
64,32,4,32,5.3359
64,32,4,64,5.3686
64,32,4,128,5.4342
64,32,4,256,5.5652
64,32,4,512,5.8274
64,32,4,1024,6.3517
64,32,4,2048,7.4003
64,32,4,4096,9.4974
64,32,4,8192,13.6917
64,32,4,16384,22.0803
64,32,8,16,5.3523
64,32,8,32,5.3850
64,32,8,64,5.4506
64,32,8,128,5.5816
64,32,8,256,5.8438
64,32,8,512,6.3681
64,32,8,1024,7.4166
64,32,8,2048,9.5138
64,32,8,4096,13.7081
64,32,8,8192,22.0967
64,32,8,16384,38.8739
64,32,16,16,5.4178
64,32,16,32,5.4833
64,32,16,64,5.6144
64,32,16,128,5.8765
64,32,16,256,6.4008
64,32,16,512,7.4494
64,32,16,1024,9.5466
64,32,16,2048,13.7409
64,32,16,4096,22.1295
64,32,16,8192,38.9067
64,32,16,16384,72.4611
64,32,32,16,5.5489
64,32,32,32,5.6799
64,32,32,64,5.9421
64,32,32,128,6.4664
64,32,32,256,7.5149
64,32,32,512,9.6121
64,32,32,1024,13.8064
64,32,32,2048,22.1950
64,32,32,4096,38.9722
64,32,32,8192,72.5267
64,32,32,16384,139.6355
64,32,64,16,5.8110
64,32,64,32,6.0732
64,32,64,64,6.5974
64,32,64,128,7.6460
64,32,64,256,9.7432
64,32,64,512,13.9375
64,32,64,1024,22.3261
64,32,64,2048,39.1033
64,32,64,4096,72.6577
64,32,64,8192,139.7666
64,32,64,16384,273.9843
64,32,128,16,6.3353
64,32,128,32,6.8596
64,32,128,64,7.9082
64,32,128,128,10.0053
64,32,128,256,14.1996
64,32,128,512,22.5882
64,32,128,1024,39.3654
64,32,128,2048,72.9199
64,32,128,4096,140.0287
64,32,128,8192,274.2465
64,32,128,16384,542.6819
64,64,0,0,5.2949
64,64,1,16,5.3031
64,64,1,32,5.3072
64,64,1,64,5.3154
64,64,1,128,5.3318
64,64,1,256,5.3645
64,64,1,512,5.4301
64,64,1,1024,5.5612
64,64,1,2048,5.8233
64,64,1,4096,6.3476
64,64,1,8192,7.3962
64,64,1,16384,9.4933
64,64,2,16,5.3113
64,64,2,32,5.3195
64,64,2,64,5.3359
64,64,2,128,5.3686
64,64,2,256,5.4342
64,64,2,512,5.5652
64,64,2,1024,5.8274
64,64,2,2048,6.3517
64,64,2,4096,7.4003
64,64,2,8192,9.4974
64,64,2,16384,13.6917
64,64,4,16,5.3277
64,64,4,32,5.3441
64,64,4,64,5.3768
64,64,4,128,5.4424
64,64,4,256,5.5734
64,64,4,512,5.8356
64,64,4,1024,6.3599
64,64,4,2048,7.4084
64,64,4,4096,9.5056
64,64,4,8192,13.6999
64,64,4,16384,22.0885
64,64,8,16,5.3604
64,64,8,32,5.3932
64,64,8,64,5.4588
64,64,8,128,5.5898
64,64,8,256,5.8520
64,64,8,512,6.3763
64,64,8,1024,7.4248
64,64,8,2048,9.5220
64,64,8,4096,13.7163
64,64,8,8192,22.1049
64,64,8,16384,38.8821
64,64,16,16,5.4260
64,64,16,32,5.4915
64,64,16,64,5.6226
64,64,16,128,5.8847
64,64,16,256,6.4090
64,64,16,512,7.4576
64,64,16,1024,9.5548
64,64,16,2048,13.7491
64,64,16,4096,22.1377
64,64,16,8192,38.9149
64,64,16,16384,72.4693
64,64,32,16,5.5571
64,64,32,32,5.6881
64,64,32,64,5.9503
64,64,32,128,6.4746
64,64,32,256,7.5231
64,64,32,512,9.6203
64,64,32,1024,13.8146
64,64,32,2048,22.2032
64,64,32,4096,38.9804
64,64,32,8192,72.5348
64,64,32,16384,139.6437
64,64,64,16,5.8192
64,64,64,32,6.0813
64,64,64,64,6.6056
64,64,64,128,7.6542
64,64,64,256,9.7514
64,64,64,512,13.9457
64,64,64,1024,22.3343
64,64,64,2048,39.1115
64,64,64,4096,72.6659
64,64,64,8192,139.7748
64,64,64,16384,273.9925
64,64,128,16,6.3435
64,64,128,32,6.8678
64,64,128,64,7.9164
64,64,128,128,10.0135
64,64,128,256,14.2078
64,64,128,512,22.5964
64,64,128,1024,39.3736
64,64,128,2048,72.9281
64,64,128,4096,140.0369
64,64,128,8192,274.2547
64,64,128,16384,542.6901
64,128,0,0,5.3113
64,128,1,16,5.3195
64,128,1,32,5.3236
64,128,1,64,5.3318
64,128,1,128,5.3482
64,128,1,256,5.3809
64,128,1,512,5.4465
64,128,1,1024,5.5775
64,128,1,2048,5.8397
64,128,1,4096,6.3640
64,128,1,8192,7.4125
64,128,1,16384,9.5097
64,128,2,16,5.3277
64,128,2,32,5.3359
64,128,2,64,5.3523
64,128,2,128,5.3850
64,128,2,256,5.4506
64,128,2,512,5.5816
64,128,2,1024,5.8438
64,128,2,2048,6.3681
64,128,2,4096,7.4166
64,128,2,8192,9.5138
64,128,2,16384,13.7081
64,128,4,16,5.3441
64,128,4,32,5.3604
64,128,4,64,5.3932
64,128,4,128,5.4588
64,128,4,256,5.5898
64,128,4,512,5.8520
64,128,4,1024,6.3763
64,128,4,2048,7.4248
64,128,4,4096,9.5220
64,128,4,8192,13.7163
64,128,4,16384,22.1049
64,128,8,16,5.3768
64,128,8,32,5.4096
64,128,8,64,5.4751
64,128,8,128,5.6062
64,128,8,256,5.8684
64,128,8,512,6.3926
64,128,8,1024,7.4412
64,128,8,2048,9.5384
64,128,8,4096,13.7327
64,128,8,8192,22.1213
64,128,8,16384,38.8985
64,128,16,16,5.4424
64,128,16,32,5.5079
64,128,16,64,5.6390
64,128,16,128,5.9011
64,128,16,256,6.4254
64,128,16,512,7.4740
64,128,16,1024,9.5711
64,128,16,2048,13.7654
64,128,16,4096,22.1540
64,128,16,8192,38.9313
64,128,16,16384,72.4857
64,128,32,16,5.5734
64,128,32,32,5.7045
64,128,32,64,5.9667
64,128,32,128,6.4909
64,128,32,256,7.5395
64,128,32,512,9.6367
64,128,32,1024,13.8310
64,128,32,2048,22.2196
64,128,32,4096,38.9968
64,128,32,8192,72.5512
64,128,32,16384,139.6601
64,128,64,16,5.8356
64,128,64,32,6.0977
64,128,64,64,6.6220
64,128,64,128,7.6706
64,128,64,256,9.7677
64,128,64,512,13.9620
64,128,64,1024,22.3507
64,128,64,2048,39.1279
64,128,64,4096,72.6823
64,128,64,8192,139.7912
64,128,64,16384,274.0089
64,128,128,16,6.3599
64,128,128,32,6.8842
64,128,128,64,7.9327
64,128,128,128,10.0299
64,128,128,256,14.2242
64,128,128,512,22.6128
64,128,128,1024,39.3900
64,128,128,2048,72.9444
64,128,128,4096,140.0533
64,128,128,8192,274.2710
64,128,128,16384,542.7065
64,256,0,0,5.3835
64,256,1,16,5.3838
64,256,1,32,5.3841
64,256,1,64,5.3848
64,256,1,128,5.3861
64,256,1,256,5.4137
64,256,1,512,5.4792
64,256,1,1024,5.6103
64,256,1,2048,5.8724
64,256,1,4096,6.3967
64,256,1,8192,7.4453
64,256,1,16384,9.5425
64,256,2,16,5.3841
64,256,2,32,5.3848
64,256,2,64,5.3861
64,256,2,128,5.4178
64,256,2,256,5.4833
64,256,2,512,5.6144
64,256,2,1024,5.8765
64,256,2,2048,6.4008
64,256,2,4096,7.4494
64,256,2,8192,9.5466
64,256,2,16384,13.7409
64,256,4,16,5.3848
64,256,4,32,5.3932
64,256,4,64,5.4260
64,256,4,128,5.4915
64,256,4,256,5.6226
64,256,4,512,5.8847
64,256,4,1024,6.4090
64,256,4,2048,7.4576
64,256,4,4096,9.5548
64,256,4,8192,13.7491
64,256,4,16384,22.1377
64,256,8,16,5.4096
64,256,8,32,5.4424
64,256,8,64,5.5079
64,256,8,128,5.6390
64,256,8,256,5.9011
64,256,8,512,6.4254
64,256,8,1024,7.4740
64,256,8,2048,9.5711
64,256,8,4096,13.7654
64,256,8,8192,22.1540
64,256,8,16384,38.9313
64,256,16,16,5.4751
64,256,16,32,5.5407
64,256,16,64,5.6717
64,256,16,128,5.9339
64,256,16,256,6.4582
64,256,16,512,7.5068
64,256,16,1024,9.6039
64,256,16,2048,13.7982
64,256,16,4096,22.1868
64,256,16,8192,38.9640
64,256,16,16384,72.5185
64,256,32,16,5.6062
64,256,32,32,5.7373
64,256,32,64,5.9994
64,256,32,128,6.5237
64,256,32,256,7.5723
64,256,32,512,9.6694
64,256,32,1024,13.8637
64,256,32,2048,22.2524
64,256,32,4096,39.0296
64,256,32,8192,72.5840
64,256,32,16384,139.6929
64,256,64,16,5.8684
64,256,64,32,6.1305
64,256,64,64,6.6548
64,256,64,128,7.7034
64,256,64,256,9.8005
64,256,64,512,13.9948
64,256,64,1024,22.3834
64,256,64,2048,39.1606
64,256,64,4096,72.7151
64,256,64,8192,139.8239
64,256,64,16384,274.0417
64,256,128,16,6.3926
64,256,128,32,6.9169
64,256,128,64,7.9655
64,256,128,128,10.0627
64,256,128,256,14.2570
64,256,128,512,22.6456
64,256,128,1024,39.4228
64,256,128,2048,72.9772
64,256,128,4096,140.0861
64,256,128,8192,274.3038
64,256,128,16384,542.7393
64,512,0,0,5.7243
64,512,1,16,5.7247
64,512,1,32,5.7250
64,512,1,64,5.7257
64,512,1,128,5.7270
64,512,1,256,5.7297
64,512,1,512,5.7350
64,512,1,1024,5.7457
64,512,1,2048,5.9380
64,512,1,4096,6.4623
64,512,1,8192,7.5108
64,512,1,16384,9.6080
64,512,2,16,5.7250
64,512,2,32,5.7257
64,512,2,64,5.7270
64,512,2,128,5.7297
64,512,2,256,5.7350
64,512,2,512,5.7457
64,512,2,1024,5.9421
64,512,2,2048,6.4664
64,512,2,4096,7.5149
64,512,2,8192,9.6121
64,512,2,16384,13.8064
64,512,4,16,5.7257
64,512,4,32,5.7270
64,512,4,64,5.7297
64,512,4,128,5.7350
64,512,4,256,5.7457
64,512,4,512,5.9503
64,512,4,1024,6.4746
64,512,4,2048,7.5231
64,512,4,4096,9.6203
64,512,4,8192,13.8146
64,512,4,16384,22.2032
64,512,8,16,5.7270
64,512,8,32,5.7297
64,512,8,64,5.7350
64,512,8,128,5.7457
64,512,8,256,5.9667
64,512,8,512,6.4909
64,512,8,1024,7.5395
64,512,8,2048,9.6367
64,512,8,4096,13.8310
64,512,8,8192,22.2196
64,512,8,16384,38.9968
64,512,16,16,5.7297
64,512,16,32,5.7350
64,512,16,64,5.7457
64,512,16,128,5.9994
64,512,16,256,6.5237
64,512,16,512,7.5723
64,512,16,1024,9.6694
64,512,16,2048,13.8637
64,512,16,4096,22.2524
64,512,16,8192,39.0296
64,512,16,16384,72.5840
64,512,32,16,5.7350
64,512,32,32,5.8028
64,512,32,64,6.0650
64,512,32,128,6.5892
64,512,32,256,7.6378
64,512,32,512,9.7350
64,512,32,1024,13.9293
64,512,32,2048,22.3179
64,512,32,4096,39.0951
64,512,32,8192,72.6495
64,512,32,16384,139.7584
64,512,64,16,5.9339
64,512,64,32,6.1960
64,512,64,64,6.7203
64,512,64,128,7.7689
64,512,64,256,9.8660
64,512,64,512,14.0604
64,512,64,1024,22.4490
64,512,64,2048,39.2262
64,512,64,4096,72.7806
64,512,64,8192,139.8895
64,512,64,16384,274.1072
64,512,128,16,6.4582
64,512,128,32,6.9825
64,512,128,64,8.0310
64,512,128,128,10.1282
64,512,128,256,14.3225
64,512,128,512,22.7111
64,512,128,1024,39.4883
64,512,128,2048,73.0428
64,512,128,4096,140.1516
64,512,128,8192,274.3693
64,512,128,16384,542.8048
64,1024,0,0,6.4061
64,1024,1,16,6.4064
64,1024,1,32,6.4068
64,1024,1,64,6.4074
64,1024,1,128,6.4088
64,1024,1,256,6.4114
64,1024,1,512,6.4167
64,1024,1,1024,6.4274
64,1024,1,2048,6.4487
64,1024,1,4096,6.5933
64,1024,1,8192,7.6419
64,1024,1,16384,9.7391
64,1024,2,16,6.4068
64,1024,2,32,6.4074
64,1024,2,64,6.4088
64,1024,2,128,6.4114
64,1024,2,256,6.4167
64,1024,2,512,6.4274
64,1024,2,1024,6.4487
64,1024,2,2048,6.5974
64,1024,2,4096,7.6460
64,1024,2,8192,9.7432
64,1024,2,16384,13.9375
64,1024,4,16,6.4074
64,1024,4,32,6.4088
64,1024,4,64,6.4114
64,1024,4,128,6.4167
64,1024,4,256,6.4274
64,1024,4,512,6.4487
64,1024,4,1024,6.6056
64,1024,4,2048,7.6542
64,1024,4,4096,9.7514
64,1024,4,8192,13.9457
64,1024,4,16384,22.3343
64,1024,8,16,6.4088
64,1024,8,32,6.4114
64,1024,8,64,6.4167
64,1024,8,128,6.4274
64,1024,8,256,6.4487
64,1024,8,512,6.6220
64,1024,8,1024,7.6706
64,1024,8,2048,9.7677
64,1024,8,4096,13.9620
64,1024,8,8192,22.3507
64,1024,8,16384,39.1279
64,1024,16,16,6.4114
64,1024,16,32,6.4167
64,1024,16,64,6.4274
64,1024,16,128,6.4487
64,1024,16,256,6.6548
64,1024,16,512,7.7034
64,1024,16,1024,9.8005
64,1024,16,2048,13.9948
64,1024,16,4096,22.3834
64,1024,16,8192,39.1606
64,1024,16,16384,72.7151
64,1024,32,16,6.4167
64,1024,32,32,6.4274
64,1024,32,64,6.4487
64,1024,32,128,6.7203
64,1024,32,256,7.7689
64,1024,32,512,9.8660
64,1024,32,1024,14.0604
64,1024,32,2048,22.4490
64,1024,32,4096,39.2262
64,1024,32,8192,72.7806
64,1024,32,16384,139.8895
64,1024,64,16,6.4274
64,1024,64,32,6.4487
64,1024,64,64,6.8514
64,1024,64,128,7.9000
64,1024,64,256,9.9971
64,1024,64,512,14.1914
64,1024,64,1024,22.5800
64,1024,64,2048,39.3572
64,1024,64,4096,72.9117
64,1024,64,8192,140.0205
64,1024,64,16384,274.2383
64,1024,128,16,6.5892
64,1024,128,32,7.1135
64,1024,128,64,8.1621
64,1024,128,128,10.2593
64,1024,128,256,14.4536
64,1024,128,512,22.8422
64,1024,128,1024,39.6194
64,1024,128,2048,73.1738
64,1024,128,4096,140.2827
64,1024,128,8192,274.5004
64,1024,128,16384,542.9359
64,2048,0,0,7.7696
64,2048,1,16,7.7699
64,2048,1,32,7.7702
64,2048,1,64,7.7709
64,2048,1,128,7.7722
64,2048,1,256,7.7749
64,2048,1,512,7.7802
64,2048,1,1024,7.7909
64,2048,1,2048,7.8122
64,2048,1,4096,7.8548
64,2048,1,8192,7.9400
64,2048,1,16384,10.0012
64,2048,2,16,7.7702
64,2048,2,32,7.7709
64,2048,2,64,7.7722
64,2048,2,128,7.7749
64,2048,2,256,7.7802
64,2048,2,512,7.7909
64,2048,2,1024,7.8122
64,2048,2,2048,7.8548
64,2048,2,4096,7.9400
64,2048,2,8192,10.0053
64,2048,2,16384,14.1996
64,2048,4,16,7.7709
64,2048,4,32,7.7722
64,2048,4,64,7.7749
64,2048,4,128,7.7802
64,2048,4,256,7.7909
64,2048,4,512,7.8122
64,2048,4,1024,7.8548
64,2048,4,2048,7.9400
64,2048,4,4096,10.0135
64,2048,4,8192,14.2078
64,2048,4,16384,22.5964
64,2048,8,16,7.7722
64,2048,8,32,7.7749
64,2048,8,64,7.7802
64,2048,8,128,7.7909
64,2048,8,256,7.8122
64,2048,8,512,7.8548
64,2048,8,1024,7.9400
64,2048,8,2048,10.0299
64,2048,8,4096,14.2242
64,2048,8,8192,22.6128
64,2048,8,16384,39.3900
64,2048,16,16,7.7749
64,2048,16,32,7.7802
64,2048,16,64,7.7909
64,2048,16,128,7.8122
64,2048,16,256,7.8548
64,2048,16,512,7.9655
64,2048,16,1024,10.0627
64,2048,16,2048,14.2570
64,2048,16,4096,22.6456
64,2048,16,8192,39.4228
64,2048,16,16384,72.9772
64,2048,32,16,7.7802
64,2048,32,32,7.7909
64,2048,32,64,7.8122
64,2048,32,128,7.8548
64,2048,32,256,8.0310
64,2048,32,512,10.1282
64,2048,32,1024,14.3225
64,2048,32,2048,22.7111
64,2048,32,4096,39.4883
64,2048,32,8192,73.0428
64,2048,32,16384,140.1516
64,2048,64,16,7.7909
64,2048,64,32,7.8122
64,2048,64,64,7.8548
64,2048,64,128,8.1621
64,2048,64,256,10.2593
64,2048,64,512,14.4536
64,2048,64,1024,22.8422
64,2048,64,2048,39.6194
64,2048,64,4096,73.1738
64,2048,64,8192,140.2827
64,2048,64,16384,274.5004
64,2048,128,16,7.8122
64,2048,128,32,7.8548
64,2048,128,64,8.4243
64,2048,128,128,10.5214
64,2048,128,256,14.7157
64,2048,128,512,23.1043
64,2048,128,1024,39.8815
64,2048,128,2048,73.4360
64,2048,128,4096,140.5448
64,2048,128,8192,274.7626
64,2048,128,16384,543.1980
64,4096,0,0,10.4965
64,4096,1,16,10.4969
64,4096,1,32,10.4972
64,4096,1,64,10.4979
64,4096,1,128,10.4992
64,4096,1,256,10.5019
64,4096,1,512,10.5072
64,4096,1,1024,10.5178
64,4096,1,2048,10.5391
64,4096,1,4096,10.5818
64,4096,1,8192,10.6670
64,4096,1,16384,10.8374
64,4096,2,16,10.4972
64,4096,2,32,10.4979
64,4096,2,64,10.4992
64,4096,2,128,10.5019
64,4096,2,256,10.5072
64,4096,2,512,10.5178
64,4096,2,1024,10.5391
64,4096,2,2048,10.5818
64,4096,2,4096,10.6670
64,4096,2,8192,10.8374
64,4096,2,16384,14.7239
64,4096,4,16,10.4979
64,4096,4,32,10.4992
64,4096,4,64,10.5019
64,4096,4,128,10.5072
64,4096,4,256,10.5178
64,4096,4,512,10.5391
64,4096,4,1024,10.5818
64,4096,4,2048,10.6670
64,4096,4,4096,10.8374
64,4096,4,8192,14.7321
64,4096,4,16384,23.1207
64,4096,8,16,10.4992
64,4096,8,32,10.5019
64,4096,8,64,10.5072
64,4096,8,128,10.5178
64,4096,8,256,10.5391
64,4096,8,512,10.5818
64,4096,8,1024,10.6670
64,4096,8,2048,10.8374
64,4096,8,4096,14.7485
64,4096,8,8192,23.1371
64,4096,8,16384,39.9143
64,4096,16,16,10.5019
64,4096,16,32,10.5072
64,4096,16,64,10.5178
64,4096,16,128,10.5391
64,4096,16,256,10.5818
64,4096,16,512,10.6670
64,4096,16,1024,10.8374
64,4096,16,2048,14.7812
64,4096,16,4096,23.1699
64,4096,16,8192,39.9471
64,4096,16,16384,73.5015
64,4096,32,16,10.5072
64,4096,32,32,10.5178
64,4096,32,64,10.5391
64,4096,32,128,10.5818
64,4096,32,256,10.6670
64,4096,32,512,10.8374
64,4096,32,1024,14.8468
64,4096,32,2048,23.2354
64,4096,32,4096,40.0126
64,4096,32,8192,73.5670
64,4096,32,16384,140.6759
64,4096,64,16,10.5178
64,4096,64,32,10.5391
64,4096,64,64,10.5818
64,4096,64,128,10.6670
64,4096,64,256,10.8374
64,4096,64,512,14.9779
64,4096,64,1024,23.3665
64,4096,64,2048,40.1437
64,4096,64,4096,73.6981
64,4096,64,8192,140.8070
64,4096,64,16384,275.0247
64,4096,128,16,10.5391
64,4096,128,32,10.5818
64,4096,128,64,10.6670
64,4096,128,128,11.0457
64,4096,128,256,15.2400
64,4096,128,512,23.6286
64,4096,128,1024,40.4058
64,4096,128,2048,73.9603
64,4096,128,4096,141.0691
64,4096,128,8192,275.2868
64,4096,128,16384,543.7223
64,8192,0,0,15.9505
64,8192,1,16,15.9508
64,8192,1,32,15.9511
64,8192,1,64,15.9518
64,8192,1,128,15.9531
64,8192,1,256,15.9558
64,8192,1,512,15.9611
64,8192,1,1024,15.9718
64,8192,1,2048,15.9931
64,8192,1,4096,16.0357
64,8192,1,8192,16.1209
64,8192,1,16384,16.2913
64,8192,2,16,15.9511
64,8192,2,32,15.9518
64,8192,2,64,15.9531
64,8192,2,128,15.9558
64,8192,2,256,15.9611
64,8192,2,512,15.9718
64,8192,2,1024,15.9931
64,8192,2,2048,16.0357
64,8192,2,4096,16.1209
64,8192,2,8192,16.2913
64,8192,2,16384,16.6322
64,8192,4,16,15.9518
64,8192,4,32,15.9531
64,8192,4,64,15.9558
64,8192,4,128,15.9611
64,8192,4,256,15.9718
64,8192,4,512,15.9931
64,8192,4,1024,16.0357
64,8192,4,2048,16.1209
64,8192,4,4096,16.2913
64,8192,4,8192,16.6322
64,8192,4,16384,24.1693
64,8192,8,16,15.9531
64,8192,8,32,15.9558
64,8192,8,64,15.9611
64,8192,8,128,15.9718
64,8192,8,256,15.9931
64,8192,8,512,16.0357
64,8192,8,1024,16.1209
64,8192,8,2048,16.2913
64,8192,8,4096,16.6322
64,8192,8,8192,24.1857
64,8192,8,16384,40.9629
64,8192,16,16,15.9558
64,8192,16,32,15.9611
64,8192,16,64,15.9718
64,8192,16,128,15.9931
64,8192,16,256,16.0357
64,8192,16,512,16.1209
64,8192,16,1024,16.2913
64,8192,16,2048,16.6322
64,8192,16,4096,24.2184
64,8192,16,8192,40.9956
64,8192,16,16384,74.5501
64,8192,32,16,15.9611
64,8192,32,32,15.9718
64,8192,32,64,15.9931
64,8192,32,128,16.0357
64,8192,32,256,16.1209
64,8192,32,512,16.2913
64,8192,32,1024,16.6322
64,8192,32,2048,24.2840
64,8192,32,4096,41.0612
64,8192,32,8192,74.6156
64,8192,32,16384,141.7245
64,8192,64,16,15.9718
64,8192,64,32,15.9931
64,8192,64,64,16.0357
64,8192,64,128,16.1209
64,8192,64,256,16.2913
64,8192,64,512,16.6322
64,8192,64,1024,24.4150
64,8192,64,2048,41.1923
64,8192,64,4096,74.7467
64,8192,64,8192,141.8556
64,8192,64,16384,276.0733
64,8192,128,16,15.9931
64,8192,128,32,16.0357
64,8192,128,64,16.1209
64,8192,128,128,16.2913
64,8192,128,256,16.6322
64,8192,128,512,24.6772
64,8192,128,1024,41.4544
64,8192,128,2048,75.0088
64,8192,128,4096,142.1177
64,8192,128,8192,276.3354
64,8192,128,16384,544.7709
64,16384,0,0,26.8583
64,16384,1,16,26.8586
64,16384,1,32,26.8590
64,16384,1,64,26.8596
64,16384,1,128,26.8610
64,16384,1,256,26.8636
64,16384,1,512,26.8690
64,16384,1,1024,26.8796
64,16384,1,2048,26.9009
64,16384,1,4096,26.9435
64,16384,1,8192,27.0288
64,16384,1,16384,27.1992
64,16384,2,16,26.8590
64,16384,2,32,26.8596
64,16384,2,64,26.8610
64,16384,2,128,26.8636
64,16384,2,256,26.8690
64,16384,2,512,26.8796
64,16384,2,1024,26.9009
64,16384,2,2048,26.9435
64,16384,2,4096,27.0288
64,16384,2,8192,27.1992
64,16384,2,16384,27.5401
64,16384,4,16,26.8596
64,16384,4,32,26.8610
64,16384,4,64,26.8636
64,16384,4,128,26.8690
64,16384,4,256,26.8796
64,16384,4,512,26.9009
64,16384,4,1024,26.9435
64,16384,4,2048,27.0288
64,16384,4,4096,27.1992
64,16384,4,8192,27.5401
64,16384,4,16384,28.2218
64,16384,8,16,26.8610
64,16384,8,32,26.8636
64,16384,8,64,26.8690
64,16384,8,128,26.8796
64,16384,8,256,26.9009
64,16384,8,512,26.9435
64,16384,8,1024,27.0288
64,16384,8,2048,27.1992
64,16384,8,4096,27.5401
64,16384,8,8192,28.2218
64,16384,8,16384,43.0600
64,16384,16,16,26.8636
64,16384,16,32,26.8690
64,16384,16,64,26.8796
64,16384,16,128,26.9009
64,16384,16,256,26.9435
64,16384,16,512,27.0288
64,16384,16,1024,27.1992
64,16384,16,2048,27.5401
64,16384,16,4096,28.2218
64,16384,16,8192,43.0928
64,16384,16,16384,76.6472
64,16384,32,16,26.8690
64,16384,32,32,26.8796
64,16384,32,64,26.9009
64,16384,32,128,26.9435
64,16384,32,256,27.0288
64,16384,32,512,27.1992
64,16384,32,1024,27.5401
64,16384,32,2048,28.2218
64,16384,32,4096,43.1583
64,16384,32,8192,76.7128
64,16384,32,16384,143.8216
64,16384,64,16,26.8796
64,16384,64,32,26.9009
64,16384,64,64,26.9435
64,16384,64,128,27.0288
64,16384,64,256,27.1992
64,16384,64,512,27.5401
64,16384,64,1024,28.2218
64,16384,64,2048,43.2894
64,16384,64,4096,76.8438
64,16384,64,8192,143.9527
64,16384,64,16384,278.1704
64,16384,128,16,26.9009
64,16384,128,32,26.9435
64,16384,128,64,27.0288
64,16384,128,128,27.1992
64,16384,128,256,27.5401
64,16384,128,512,28.2218
64,16384,128,1024,43.5516
64,16384,128,2048,77.1060
64,16384,128,4096,144.2148
64,16384,128,8192,278.4326
64,16384,128,16384,546.8680
81,0,0,0,5.3525
81,0,1,512,5.4877
81,0,1,768,5.5532
81,0,1,1152,5.6515
81,0,1,1728,5.7990
81,0,1,2592,6.0202
81,0,1,3888,6.3519
81,0,1,5832,6.8496
81,0,1,8748,7.5961
81,0,1,13122,8.7158
81,0,1,16384,9.5509
81,0,2,512,5.6228
81,0,2,768,5.7539
81,0,2,1152,5.9505
81,0,2,1728,6.2454
81,0,2,2592,6.6878
81,0,2,3888,7.3514
81,0,2,5832,8.3467
81,0,2,8748,9.8397
81,0,2,13122,12.0792
81,0,2,16384,13.7493
81,0,4,512,5.8932
81,0,4,768,6.1553
81,0,4,1152,6.5485
81,0,4,1728,7.1384
81,0,4,2592,8.0231
81,0,4,3888,9.3502
81,0,4,5832,11.3409
81,0,4,8748,14.3268
81,0,4,13122,18.8058
81,0,4,16384,22.1461
81,0,8,512,6.4339
81,0,8,768,6.9581
81,0,8,1152,7.7446
81,0,8,1728,8.9242
81,0,8,2592,10.6937
81,0,8,3888,13.3479
81,0,8,5832,17.3292
81,0,8,8748,23.3012
81,0,8,13122,32.2591
81,0,8,16384,38.9397
81,0,16,512,7.5152
81,0,16,768,8.5638
81,0,16,1152,10.1366
81,0,16,1728,12.4959
81,0,16,2592,16.0349
81,0,16,3888,21.3433
81,0,16,5832,29.3059
81,0,16,8748,41.2499
81,0,16,13122,59.1658
81,0,16,16384,72.5269
81,0,32,512,9.6779
81,0,32,768,11.7750
81,0,32,1152,14.9208
81,0,32,1728,19.6394
81,0,32,2592,26.7172
81,0,32,3888,37.3341
81,0,32,5832,53.2593
81,0,32,8748,77.1472
81,0,32,13122,112.9790
81,0,32,16384,139.7013
81,0,64,512,14.0033
81,0,64,768,18.1976
81,0,64,1152,24.4890
81,0,64,1728,33.9262
81,0,64,2592,48.0820
81,0,64,3888,69.3156
81,0,64,5832,101.1661
81,0,64,8748,148.9419
81,0,64,13122,220.6055
81,0,64,16384,274.0501
81,0,128,512,22.6540
81,0,128,768,31.0426
81,0,128,1152,43.6255
81,0,128,1728,62.4999
81,0,128,2592,90.8115
81,0,128,3888,133.2788
81,0,128,5832,196.9798
81,0,128,8748,292.5313
81,0,128,13122,435.8585
81,0,128,16384,542.7477
81,512,0,0,5.9311
81,512,1,512,5.9417
81,512,1,768,5.9471
81,512,1,1152,5.9550
81,512,1,1728,5.9670
81,512,1,2592,6.1512
81,512,1,3888,6.4830
81,512,1,5832,6.9807
81,512,1,8748,7.7272
81,512,1,13122,8.8469
81,512,1,16384,9.6820
81,512,2,512,5.9524
81,512,2,768,5.9630
81,512,2,1152,6.0816
81,512,2,1728,6.3765
81,512,2,2592,6.8189
81,512,2,3888,7.4824
81,512,2,5832,8.4778
81,512,2,8748,9.9708
81,512,2,13122,12.2102
81,512,2,16384,13.8804
81,512,4,512,6.0243
81,512,4,768,6.2864
81,512,4,1152,6.6796
81,512,4,1728,7.2694
81,512,4,2592,8.1542
81,512,4,3888,9.4813
81,512,4,5832,11.4719
81,512,4,8748,14.4579
81,512,4,13122,18.9369
81,512,4,16384,22.2772
81,512,8,512,6.5649
81,512,8,768,7.0892
81,512,8,1152,7.8756
81,512,8,1728,9.0553
81,512,8,2592,10.8248
81,512,8,3888,13.4790
81,512,8,5832,17.4603
81,512,8,8748,23.4323
81,512,8,13122,32.3902
81,512,8,16384,39.0708
81,512,16,512,7.6463
81,512,16,768,8.6948
81,512,16,1152,10.2677
81,512,16,1728,12.6270
81,512,16,2592,16.1660
81,512,16,3888,21.4744
81,512,16,5832,29.4370
81,512,16,8748,41.3809
81,512,16,13122,59.2968
81,512,16,16384,72.6580
81,512,32,512,9.8090
81,512,32,768,11.9061
81,512,32,1152,15.0518
81,512,32,1728,19.7704
81,512,32,2592,26.8483
81,512,32,3888,37.4652
81,512,32,5832,53.3904
81,512,32,8748,77.2783
81,512,32,13122,113.1101
81,512,32,16384,139.8324
81,512,64,512,14.1343
81,512,64,768,18.3286
81,512,64,1152,24.6201
81,512,64,1728,34.0573
81,512,64,2592,48.2131
81,512,64,3888,69.4467
81,512,64,5832,101.2972
81,512,64,8748,149.0730
81,512,64,13122,220.7366
81,512,64,16384,274.1812
81,512,128,512,22.7851
81,512,128,768,31.1737
81,512,128,1152,43.7566
81,512,128,1728,62.6310
81,512,128,2592,90.9425
81,512,128,3888,133.4099
81,512,128,5832,197.1108
81,512,128,8748,292.6623
81,512,128,13122,435.9896
81,512,128,16384,542.8788
81,768,0,0,6.3625
81,768,1,512,6.3731
81,768,1,768,6.3785
81,768,1,1152,6.3865
81,768,1,1728,6.3984
81,768,1,2592,6.4164
81,768,1,3888,6.5485
81,768,1,5832,7.0462
81,768,1,8748,7.7927
81,768,1,13122,8.9124
81,768,1,16384,9.7475
81,768,2,512,6.3838
81,768,2,768,6.3945
81,768,2,1152,6.4104
81,768,2,1728,6.4420
81,768,2,2592,6.8844
81,768,2,3888,7.5480
81,768,2,5832,8.5433
81,768,2,8748,10.0363
81,768,2,13122,12.2758
81,768,2,16384,13.9459
81,768,4,512,6.4051
81,768,4,768,6.4264
81,768,4,1152,6.7452
81,768,4,1728,7.3350
81,768,4,2592,8.2197
81,768,4,3888,9.5468
81,768,4,5832,11.5375
81,768,4,8748,14.5235
81,768,4,13122,19.0024
81,768,4,16384,22.3427
81,768,8,512,6.6305
81,768,8,768,7.1548
81,768,8,1152,7.9412
81,768,8,1728,9.1208
81,768,8,2592,10.8903
81,768,8,3888,13.5445
81,768,8,5832,17.5258
81,768,8,8748,23.4978
81,768,8,13122,32.4557
81,768,8,16384,39.1363
81,768,16,512,7.7118
81,768,16,768,8.7604
81,768,16,1152,10.3332
81,768,16,1728,12.6925
81,768,16,2592,16.2315
81,768,16,3888,21.5399
81,768,16,5832,29.5025
81,768,16,8748,41.4465
81,768,16,13122,59.3624
81,768,16,16384,72.7235
81,768,32,512,9.8745
81,768,32,768,11.9716
81,768,32,1152,15.1174
81,768,32,1728,19.8360
81,768,32,2592,26.9139
81,768,32,3888,37.5307
81,768,32,5832,53.4559
81,768,32,8748,77.3438
81,768,32,13122,113.1756
81,768,32,16384,139.8979
81,768,64,512,14.1999
81,768,64,768,18.3942
81,768,64,1152,24.6856
81,768,64,1728,34.1228
81,768,64,2592,48.2786
81,768,64,3888,69.5123
81,768,64,5832,101.3628
81,768,64,8748,149.1385
81,768,64,13122,220.8021
81,768,64,16384,274.2467
81,768,128,512,22.8506
81,768,128,768,31.2392
81,768,128,1152,43.8221
81,768,128,1728,62.6965
81,768,128,2592,91.0081
81,768,128,3888,133.4754
81,768,128,5832,197.1764
81,768,128,8748,292.7279
81,768,128,13122,436.0551
81,768,128,16384,542.9443
81,1152,0,0,7.0096
81,1152,1,512,7.0203
81,1152,1,768,7.0256
81,1152,1,1152,7.0336
81,1152,1,1728,7.0456
81,1152,1,2592,7.0635
81,1152,1,3888,7.0905
81,1152,1,5832,7.1445
81,1152,1,8748,7.8910
81,1152,1,13122,9.0108
81,1152,1,16384,9.8458
81,1152,2,512,7.0309
81,1152,2,768,7.0416
81,1152,2,1152,7.0575
81,1152,2,1728,7.0815
81,1152,2,2592,7.1175
81,1152,2,3888,7.6463
81,1152,2,5832,8.6416
81,1152,2,8748,10.1346
81,1152,2,13122,12.3741
81,1152,2,16384,14.0442
81,1152,4,512,7.0522
81,1152,4,768,7.0735
81,1152,4,1152,7.1055
81,1152,4,1728,7.4333
81,1152,4,2592,8.3180
81,1152,4,3888,9.6451
81,1152,4,5832,11.6358
81,1152,4,8748,14.6218
81,1152,4,13122,19.1007
81,1152,4,16384,22.4410
81,1152,8,512,7.0948
81,1152,8,768,7.2531
81,1152,8,1152,8.0395
81,1152,8,1728,9.2191
81,1152,8,2592,10.9886
81,1152,8,3888,13.6428
81,1152,8,5832,17.6241
81,1152,8,8748,23.5961
81,1152,8,13122,32.5540
81,1152,8,16384,39.2346
81,1152,16,512,7.8101
81,1152,16,768,8.8587
81,1152,16,1152,10.4316
81,1152,16,1728,12.7908
81,1152,16,2592,16.3298
81,1152,16,3888,21.6382
81,1152,16,5832,29.6008
81,1152,16,8748,41.5448
81,1152,16,13122,59.4607
81,1152,16,16384,72.8218
81,1152,32,512,9.9728
81,1152,32,768,12.0700
81,1152,32,1152,15.2157
81,1152,32,1728,19.9343
81,1152,32,2592,27.0122
81,1152,32,3888,37.6290
81,1152,32,5832,53.5542
81,1152,32,8748,77.4421
81,1152,32,13122,113.2739
81,1152,32,16384,139.9962
81,1152,64,512,14.2982
81,1152,64,768,18.4925
81,1152,64,1152,24.7839
81,1152,64,1728,34.2211
81,1152,64,2592,48.3769
81,1152,64,3888,69.6106
81,1152,64,5832,101.4611
81,1152,64,8748,149.2368
81,1152,64,13122,220.9004
81,1152,64,16384,274.3450
81,1152,128,512,22.9489
81,1152,128,768,31.3375
81,1152,128,1152,43.9204
81,1152,128,1728,62.7948
81,1152,128,2592,91.1064
81,1152,128,3888,133.5737
81,1152,128,5832,197.2747
81,1152,128,8748,292.8262
81,1152,128,13122,436.1534
81,1152,128,16384,543.0426
81,1728,0,0,7.9803
81,1728,1,512,7.9909
81,1728,1,768,7.9963
81,1728,1,1152,8.0043
81,1728,1,1728,8.0162
81,1728,1,2592,8.0342
81,1728,1,3888,8.0612
81,1728,1,5832,8.1016
81,1728,1,8748,8.1623
81,1728,1,13122,9.1582
81,1728,1,16384,9.9933
81,1728,2,512,8.0016
81,1728,2,768,8.0123
81,1728,2,1152,8.0282
81,1728,2,1728,8.0522
81,1728,2,2592,8.0881
81,1728,2,3888,8.1421
81,1728,2,5832,8.7891
81,1728,2,8748,10.2820
81,1728,2,13122,12.5215
81,1728,2,16384,14.1917
81,1728,4,512,8.0229
81,1728,4,768,8.0442
81,1728,4,1152,8.0762
81,1728,4,1728,8.1241
81,1728,4,2592,8.4655
81,1728,4,3888,9.7926
81,1728,4,5832,11.7832
81,1728,4,8748,14.7692
81,1728,4,13122,19.2482
81,1728,4,16384,22.5885
81,1728,8,512,8.0655
81,1728,8,768,8.1081
81,1728,8,1152,8.1869
81,1728,8,1728,9.3666
81,1728,8,2592,11.1361
81,1728,8,3888,13.7903
81,1728,8,5832,17.7716
81,1728,8,8748,23.7436
81,1728,8,13122,32.7015
81,1728,8,16384,39.3821
81,1728,16,512,8.1507
81,1728,16,768,9.0061
81,1728,16,1152,10.5790
81,1728,16,1728,12.9383
81,1728,16,2592,16.4772
81,1728,16,3888,21.7857
81,1728,16,5832,29.7483
81,1728,16,8748,41.6922
81,1728,16,13122,59.6081
81,1728,16,16384,72.9693
81,1728,32,512,10.1203
81,1728,32,768,12.2174
81,1728,32,1152,15.3631
81,1728,32,1728,20.0817
81,1728,32,2592,27.1596
81,1728,32,3888,37.7764
81,1728,32,5832,53.7017
81,1728,32,8748,77.5896
81,1728,32,13122,113.4214
81,1728,32,16384,140.1437
81,1728,64,512,14.4456
81,1728,64,768,18.6399
81,1728,64,1152,24.9314
81,1728,64,1728,34.3686
81,1728,64,2592,48.5244
81,1728,64,3888,69.7580
81,1728,64,5832,101.6085
81,1728,64,8748,149.3843
81,1728,64,13122,221.0479
81,1728,64,16384,274.4925
81,1728,128,512,23.0964
81,1728,128,768,31.4850
81,1728,128,1152,44.0679
81,1728,128,1728,62.9423
81,1728,128,2592,91.2538
81,1728,128,3888,133.7212
81,1728,128,5832,197.4221
81,1728,128,8748,292.9736
81,1728,128,13122,436.3009
81,1728,128,16384,543.1901
81,2592,0,0,9.4363
81,2592,1,512,9.4470
81,2592,1,768,9.4523
81,2592,1,1152,9.4603
81,2592,1,1728,9.4723
81,2592,1,2592,9.4902
81,2592,1,3888,9.5172
81,2592,1,5832,9.5577
81,2592,1,8748,9.6183
81,2592,1,13122,9.7093
81,2592,1,16384,10.2145
81,2592,2,512,9.4576
81,2592,2,768,9.4683
81,2592,2,1152,9.4843
81,2592,2,1728,9.5082
81,2592,2,2592,9.5442
81,2592,2,3888,9.5981
81,2592,2,5832,9.6790
81,2592,2,8748,10.5032
81,2592,2,13122,12.7427
81,2592,2,16384,14.4129
81,2592,4,512,9.4789
81,2592,4,768,9.5002
81,2592,4,1152,9.5322
81,2592,4,1728,9.5801
81,2592,4,2592,9.6520
81,2592,4,3888,10.0138
81,2592,4,5832,12.0044
81,2592,4,8748,14.9904
81,2592,4,13122,19.4694
81,2592,4,16384,22.8097
81,2592,8,512,9.5215
81,2592,8,768,9.5641
81,2592,8,1152,9.6281
81,2592,8,1728,9.7239
81,2592,8,2592,11.3572
81,2592,8,3888,14.0115
81,2592,8,5832,17.9928
81,2592,8,8748,23.9647
81,2592,8,13122,32.9227
81,2592,8,16384,39.6033
81,2592,16,512,9.6068
81,2592,16,768,9.6920
81,2592,16,1152,10.8002
81,2592,16,1728,13.1595
81,2592,16,2592,16.6984
81,2592,16,3888,22.0068
81,2592,16,5832,29.9695
81,2592,16,8748,41.9134
81,2592,16,13122,59.8293
81,2592,16,16384,73.1905
81,2592,32,512,10.3414
81,2592,32,768,12.4386
81,2592,32,1152,15.5843
81,2592,32,1728,20.3029
81,2592,32,2592,27.3808
81,2592,32,3888,37.9976
81,2592,32,5832,53.9229
81,2592,32,8748,77.8108
81,2592,32,13122,113.6426
81,2592,32,16384,140.3649
81,2592,64,512,14.6668
81,2592,64,768,18.8611
81,2592,64,1152,25.1526
81,2592,64,1728,34.5898
81,2592,64,2592,48.7455
81,2592,64,3888,69.9792
81,2592,64,5832,101.8297
81,2592,64,8748,149.6054
81,2592,64,13122,221.2691
81,2592,64,16384,274.7137
81,2592,128,512,23.3176
81,2592,128,768,31.7062
81,2592,128,1152,44.2891
81,2592,128,1728,63.1635
81,2592,128,2592,91.4750
81,2592,128,3888,133.9423
81,2592,128,5832,197.6433
81,2592,128,8748,293.1948
81,2592,128,13122,436.5220
81,2592,128,16384,543.4113
81,3888,0,0,11.6204
81,3888,1,512,11.6310
81,3888,1,768,11.6363
81,3888,1,1152,11.6443
81,3888,1,1728,11.6563
81,3888,1,2592,11.6743
81,3888,1,3888,11.7012
81,3888,1,5832,11.7417
81,3888,1,8748,11.8024
81,3888,1,13122,11.8934
81,3888,1,16384,11.9612
81,3888,2,512,11.6417
81,3888,2,768,11.6523
81,3888,2,1152,11.6683
81,3888,2,1728,11.6923
81,3888,2,2592,11.7282
81,3888,2,3888,11.7821
81,3888,2,5832,11.8630
81,3888,2,8748,11.9844
81,3888,2,13122,13.0745
81,3888,2,16384,14.7446
81,3888,4,512,11.6630
81,3888,4,768,11.6843
81,3888,4,1152,11.7162
81,3888,4,1728,11.7642
81,3888,4,2592,11.8361
81,3888,4,3888,11.9439
81,3888,4,5832,12.3362
81,3888,4,8748,15.3222
81,3888,4,13122,19.8012
81,3888,4,16384,23.1414
81,3888,8,512,11.7056
81,3888,8,768,11.7482
81,3888,8,1152,11.8121
81,3888,8,1728,11.9080
81,3888,8,2592,12.0518
81,3888,8,3888,14.3432
81,3888,8,5832,18.3245
81,3888,8,8748,24.2965
81,3888,8,13122,33.2545
81,3888,8,16384,39.9350
81,3888,16,512,11.7908
81,3888,16,768,11.8760
81,3888,16,1152,12.0038
81,3888,16,1728,13.4913
81,3888,16,2592,17.0302
81,3888,16,3888,22.3386
81,3888,16,5832,30.3012
81,3888,16,8748,42.2452
81,3888,16,13122,60.1611
81,3888,16,16384,73.5222
81,3888,32,512,11.9612
81,3888,32,768,12.7704
81,3888,32,1152,15.9161
81,3888,32,1728,20.6347
81,3888,32,2592,27.7126
81,3888,32,3888,38.3294
81,3888,32,5832,54.2547
81,3888,32,8748,78.1425
81,3888,32,13122,113.9743
81,3888,32,16384,140.6966
81,3888,64,512,14.9986
81,3888,64,768,19.1929
81,3888,64,1152,25.4844
81,3888,64,1728,34.9215
81,3888,64,2592,49.0773
81,3888,64,3888,70.3110
81,3888,64,5832,102.1615
81,3888,64,8748,149.9372
81,3888,64,13122,221.6008
81,3888,64,16384,275.0454
81,3888,128,512,23.6493
81,3888,128,768,32.0380
81,3888,128,1152,44.6209
81,3888,128,1728,63.4952
81,3888,128,2592,91.8068
81,3888,128,3888,134.2741
81,3888,128,5832,197.9751
81,3888,128,8748,293.5266
81,3888,128,13122,436.8538
81,3888,128,16384,543.7430
81,5832,0,0,14.8964
81,5832,1,512,14.9071
81,5832,1,768,14.9124
81,5832,1,1152,14.9204
81,5832,1,1728,14.9324
81,5832,1,2592,14.9503
81,5832,1,3888,14.9773
81,5832,1,5832,15.0177
81,5832,1,8748,15.0784
81,5832,1,13122,15.1694
81,5832,1,16384,15.2373
81,5832,2,512,14.9177
81,5832,2,768,14.9284
81,5832,2,1152,14.9443
81,5832,2,1728,14.9683
81,5832,2,2592,15.0043
81,5832,2,3888,15.0582
81,5832,2,5832,15.1391
81,5832,2,8748,15.2604
81,5832,2,13122,15.4424
81,5832,2,16384,15.5781
81,5832,4,512,14.9390
81,5832,4,768,14.9603
81,5832,4,1152,14.9923
81,5832,4,1728,15.0402
81,5832,4,2592,15.1121
81,5832,4,3888,15.2200
81,5832,4,5832,15.3817
81,5832,4,8748,15.8198
81,5832,4,13122,20.2988
81,5832,4,16384,23.6391
81,5832,8,512,14.9816
81,5832,8,768,15.0242
81,5832,8,1152,15.0881
81,5832,8,1728,15.1840
81,5832,8,2592,15.3278
81,5832,8,3888,15.5435
81,5832,8,5832,18.8222
81,5832,8,8748,24.7942
81,5832,8,13122,33.7521
81,5832,8,16384,40.4327
81,5832,16,512,15.0668
81,5832,16,768,15.1521
81,5832,16,1152,15.2799
81,5832,16,1728,15.4716
81,5832,16,2592,17.5279
81,5832,16,3888,22.8363
81,5832,16,5832,30.7989
81,5832,16,8748,42.7428
81,5832,16,13122,60.6588
81,5832,16,16384,74.0199
81,5832,32,512,15.2373
81,5832,32,768,15.4077
81,5832,32,1152,16.4138
81,5832,32,1728,21.1324
81,5832,32,2592,28.2102
81,5832,32,3888,38.8271
81,5832,32,5832,54.7523
81,5832,32,8748,78.6402
81,5832,32,13122,114.4720
81,5832,32,16384,141.1943
81,5832,64,512,15.5781
81,5832,64,768,19.6906
81,5832,64,1152,25.9820
81,5832,64,1728,35.4192
81,5832,64,2592,49.5750
81,5832,64,3888,70.8086
81,5832,64,5832,102.6591
81,5832,64,8748,150.4349
81,5832,64,13122,222.0985
81,5832,64,16384,275.5431
81,5832,128,512,24.1470
81,5832,128,768,32.5356
81,5832,128,1152,45.1185
81,5832,128,1728,63.9929
81,5832,128,2592,92.3044
81,5832,128,3888,134.7718
81,5832,128,5832,198.4728
81,5832,128,8748,294.0243
81,5832,128,13122,437.3515
81,5832,128,16384,544.2407
81,8748,0,0,19.8105
81,8748,1,512,19.8211
81,8748,1,768,19.8265
81,8748,1,1152,19.8344
81,8748,1,1728,19.8464
81,8748,1,2592,19.8644
81,8748,1,3888,19.8914
81,8748,1,5832,19.9318
81,8748,1,8748,19.9925
81,8748,1,13122,20.0835
81,8748,1,16384,20.1514
81,8748,2,512,19.8318
81,8748,2,768,19.8424
81,8748,2,1152,19.8584
81,8748,2,1728,19.8824
81,8748,2,2592,19.9183
81,8748,2,3888,19.9723
81,8748,2,5832,20.0532
81,8748,2,8748,20.1745
81,8748,2,13122,20.3565
81,8748,2,16384,20.4922
81,8748,4,512,19.8531
81,8748,4,768,19.8744
81,8748,4,1152,19.9064
81,8748,4,1728,19.9543
81,8748,4,2592,20.0262
81,8748,4,3888,20.1340
81,8748,4,5832,20.2958
81,8748,4,8748,20.5385
81,8748,4,13122,21.0453
81,8748,4,16384,24.3856
81,8748,8,512,19.8957
81,8748,8,768,19.9383
81,8748,8,1152,20.0022
81,8748,8,1728,20.0981
81,8748,8,2592,20.2419
81,8748,8,3888,20.4576
81,8748,8,5832,20.7812
81,8748,8,8748,25.5407
81,8748,8,13122,34.4986
81,8748,8,16384,41.1792
81,8748,16,512,19.9809
81,8748,16,768,20.0661
81,8748,16,1152,20.1940
81,8748,16,1728,20.3857
81,8748,16,2592,20.6733
81,8748,16,3888,23.5828
81,8748,16,5832,31.5454
81,8748,16,8748,43.4893
81,8748,16,13122,61.4052
81,8748,16,16384,74.7664
81,8748,32,512,20.1514
81,8748,32,768,20.3218
81,8748,32,1152,20.5774
81,8748,32,1728,21.8788
81,8748,32,2592,28.9567
81,8748,32,3888,39.5736
81,8748,32,5832,55.4988
81,8748,32,8748,79.3867
81,8748,32,13122,115.2185
81,8748,32,16384,141.9408
81,8748,64,512,20.4922
81,8748,64,768,20.8331
81,8748,64,1152,26.7285
81,8748,64,1728,36.1657
81,8748,64,2592,50.3215
81,8748,64,3888,71.5551
81,8748,64,5832,103.4056
81,8748,64,8748,151.1814
81,8748,64,13122,222.8450
81,8748,64,16384,276.2896
81,8748,128,512,24.8935
81,8748,128,768,33.2821
81,8748,128,1152,45.8650
81,8748,128,1728,64.7394
81,8748,128,2592,93.0509
81,8748,128,3888,135.5183
81,8748,128,5832,199.2193
81,8748,128,8748,294.7708
81,8748,128,13122,438.0980
81,8748,128,16384,544.9872
81,13122,0,0,27.1816
81,13122,1,512,27.1922
81,13122,1,768,27.1976
81,13122,1,1152,27.2056
81,13122,1,1728,27.2175
81,13122,1,2592,27.2355
81,13122,1,3888,27.2625
81,13122,1,5832,27.3029
81,13122,1,8748,27.3636
81,13122,1,13122,27.4546
81,13122,1,16384,27.5225
81,13122,2,512,27.2029
81,13122,2,768,27.2136
81,13122,2,1152,27.2295
81,13122,2,1728,27.2535
81,13122,2,2592,27.2894
81,13122,2,3888,27.3434
81,13122,2,5832,27.4243
81,13122,2,8748,27.5456
81,13122,2,13122,27.7276
81,13122,2,16384,27.8633
81,13122,4,512,27.2242
81,13122,4,768,27.2455
81,13122,4,1152,27.2775
81,13122,4,1728,27.3254
81,13122,4,2592,27.3973
81,13122,4,3888,27.5052
81,13122,4,5832,27.6669
81,13122,4,8748,27.9096
81,13122,4,13122,28.2736
81,13122,4,16384,28.5451
81,13122,8,512,27.2668
81,13122,8,768,27.3094
81,13122,8,1152,27.3733
81,13122,8,1728,27.4692
81,13122,8,2592,27.6130
81,13122,8,3888,27.8287
81,13122,8,5832,28.1523
81,13122,8,8748,28.6376
81,13122,8,13122,35.6184
81,13122,8,16384,42.2989
81,13122,16,512,27.3520
81,13122,16,768,27.4372
81,13122,16,1152,27.5651
81,13122,16,1728,27.7568
81,13122,16,2592,28.0444
81,13122,16,3888,28.4758
81,13122,16,5832,32.6652
81,13122,16,8748,44.6091
81,13122,16,13122,62.5250
81,13122,16,16384,75.8861
81,13122,32,512,27.5225
81,13122,32,768,27.6929
81,13122,32,1152,27.9486
81,13122,32,1728,28.3320
81,13122,32,2592,30.0765
81,13122,32,3888,40.6933
81,13122,32,5832,56.6186
81,13122,32,8748,80.5064
81,13122,32,13122,116.3382
81,13122,32,16384,143.0605
81,13122,64,512,27.8633
81,13122,64,768,28.2042
81,13122,64,1152,28.7155
81,13122,64,1728,37.2854
81,13122,64,2592,51.4412
81,13122,64,3888,72.6749
81,13122,64,5832,104.5254
81,13122,64,8748,152.3011
81,13122,64,13122,223.9647
81,13122,64,16384,277.4093
81,13122,128,512,28.5451
81,13122,128,768,34.4019
81,13122,128,1152,46.9848
81,13122,128,1728,65.8591
81,13122,128,2592,94.1707
81,13122,128,3888,136.6380
81,13122,128,5832,200.3390
81,13122,128,8748,295.8905
81,13122,128,13122,439.2177
81,13122,128,16384,546.1069
81,16384,0,0,32.6788
81,16384,1,512,32.6894
81,16384,1,768,32.6947
81,16384,1,1152,32.7027
81,16384,1,1728,32.7147
81,16384,1,2592,32.7327
81,16384,1,3888,32.7596
81,16384,1,5832,32.8001
81,16384,1,8748,32.8608
81,16384,1,13122,32.9518
81,16384,1,16384,33.0196
81,16384,2,512,32.7001
81,16384,2,768,32.7107
81,16384,2,1152,32.7267
81,16384,2,1728,32.7507
81,16384,2,2592,32.7866
81,16384,2,3888,32.8405
81,16384,2,5832,32.9214
81,16384,2,8748,33.0428
81,16384,2,13122,33.2248
81,16384,2,16384,33.3605
81,16384,4,512,32.7214
81,16384,4,768,32.7427
81,16384,4,1152,32.7746
81,16384,4,1728,32.8226
81,16384,4,2592,32.8945
81,16384,4,3888,33.0023
81,16384,4,5832,33.1641
81,16384,4,8748,33.4068
81,16384,4,13122,33.7708
81,16384,4,16384,34.0422
81,16384,8,512,32.7640
81,16384,8,768,32.8066
81,16384,8,1152,32.8705
81,16384,8,1728,32.9664
81,16384,8,2592,33.1102
81,16384,8,3888,33.3259
81,16384,8,5832,33.6494
81,16384,8,8748,34.1348
81,16384,8,13122,36.4534
81,16384,8,16384,43.1340
81,16384,16,512,32.8492
81,16384,16,768,32.9344
81,16384,16,1152,33.0622
81,16384,16,1728,33.2540
81,16384,16,2592,33.5416
81,16384,16,3888,33.9730
81,16384,16,5832,34.6201
81,16384,16,8748,45.4442
81,16384,16,13122,63.3601
81,16384,16,16384,76.7212
81,16384,32,512,33.0196
81,16384,32,768,33.1901
81,16384,32,1152,33.4457
81,16384,32,1728,33.8292
81,16384,32,2592,34.4044
81,16384,32,3888,41.5284
81,16384,32,5832,57.4536
81,16384,32,8748,81.3415
81,16384,32,13122,117.1733
81,16384,32,16384,143.8956
81,16384,64,512,33.3605
81,16384,64,768,33.7014
81,16384,64,1152,34.2127
81,16384,64,1728,38.1205
81,16384,64,2592,52.2763
81,16384,64,3888,73.5100
81,16384,64,5832,105.3604
81,16384,64,8748,153.1362
81,16384,64,13122,224.7998
81,16384,64,16384,278.2444
81,16384,128,512,34.0422
81,16384,128,768,35.2369
81,16384,128,1152,47.8198
81,16384,128,1728,66.6942
81,16384,128,2592,95.0058
81,16384,128,3888,137.4731
81,16384,128,5832,201.1741
81,16384,128,8748,296.7256
81,16384,128,13122,440.0528
81,16384,128,16384,546.9420
122,0,0,0,5.5309
122,0,1,512,5.6661
122,0,1,768,5.7316
122,0,1,1152,5.8300
122,0,1,1728,5.9774
122,0,1,2592,6.1986
122,0,1,3888,6.5304
122,0,1,5832,7.0280
122,0,1,8748,7.7745
122,0,1,13122,8.8943
122,0,1,16384,9.7293
122,0,2,512,5.8013
122,0,2,768,5.9324
122,0,2,1152,6.1290
122,0,2,1728,6.4239
122,0,2,2592,6.8662
122,0,2,3888,7.5298
122,0,2,5832,8.5251
122,0,2,8748,10.0181
122,0,2,13122,12.2576
122,0,2,16384,13.9277
122,0,4,512,6.0716
122,0,4,768,6.3338
122,0,4,1152,6.7270
122,0,4,1728,7.3168
122,0,4,2592,8.2015
122,0,4,3888,9.5286
122,0,4,5832,11.5193
122,0,4,8748,14.5053
122,0,4,13122,18.9843
122,0,4,16384,22.3245
122,0,8,512,6.6123
122,0,8,768,7.1366
122,0,8,1152,7.9230
122,0,8,1728,9.1027
122,0,8,2592,10.8721
122,0,8,3888,13.5263
122,0,8,5832,17.5076
122,0,8,8748,23.4796
122,0,8,13122,32.4376
122,0,8,16384,39.1181
122,0,16,512,7.6936
122,0,16,768,8.7422
122,0,16,1152,10.3151
122,0,16,1728,12.6744
122,0,16,2592,16.2133
122,0,16,3888,21.5217
122,0,16,5832,29.4844
122,0,16,8748,41.4283
122,0,16,13122,59.3442
122,0,16,16384,72.7053
122,0,32,512,9.8563
122,0,32,768,11.9535
122,0,32,1152,15.0992
122,0,32,1728,19.8178
122,0,32,2592,26.8957
122,0,32,3888,37.5125
122,0,32,5832,53.4378
122,0,32,8748,77.3256
122,0,32,13122,113.1574
122,0,32,16384,139.8797
122,0,64,512,14.1817
122,0,64,768,18.3760
122,0,64,1152,24.6675
122,0,64,1728,34.1046
122,0,64,2592,48.2604
122,0,64,3888,69.4941
122,0,64,5832,101.3446
122,0,64,8748,149.1203
122,0,64,13122,220.7839
122,0,64,16384,274.2285
122,0,128,512,22.8324
122,0,128,768,31.2211
122,0,128,1152,43.8040
122,0,128,1728,62.6783
122,0,128,2592,90.9899
122,0,128,3888,133.4572
122,0,128,5832,197.1582
122,0,128,8748,292.7097
122,0,128,13122,436.0369
122,0,128,16384,542.9261
122,512,0,0,6.4544
122,512,1,512,6.4651
122,512,1,768,6.4704
122,512,1,1152,6.4784
122,512,1,1728,6.4904
122,512,1,2592,6.5083
122,512,1,3888,6.6614
122,512,1,5832,7.1591
122,512,1,8748,7.9056
122,512,1,13122,9.0253
122,512,1,16384,9.8604
122,512,2,512,6.4757
122,512,2,768,6.4864
122,512,2,1152,6.5023
122,512,2,1728,6.5549
122,512,2,2592,6.9973
122,512,2,3888,7.6609
122,512,2,5832,8.6562
122,512,2,8748,10.1492
122,512,2,13122,12.3887
122,512,2,16384,14.0588
122,512,4,512,6.4970
122,512,4,768,6.5183
122,512,4,1152,6.8580
122,512,4,1728,7.4479
122,512,4,2592,8.3326
122,512,4,3888,9.6597
122,512,4,5832,11.6504
122,512,4,8748,14.6364
122,512,4,13122,19.1153
122,512,4,16384,22.4556
122,512,8,512,6.7434
122,512,8,768,7.2676
122,512,8,1152,8.0541
122,512,8,1728,9.2337
122,512,8,2592,11.0032
122,512,8,3888,13.6574
122,512,8,5832,17.6387
122,512,8,8748,23.6107
122,512,8,13122,32.5686
122,512,8,16384,39.2492
122,512,16,512,7.8247
122,512,16,768,8.8733
122,512,16,1152,10.4461
122,512,16,1728,12.8054
122,512,16,2592,16.3444
122,512,16,3888,21.6528
122,512,16,5832,29.6154
122,512,16,8748,41.5594
122,512,16,13122,59.4753
122,512,16,16384,72.8364
122,512,32,512,9.9874
122,512,32,768,12.0845
122,512,32,1152,15.2303
122,512,32,1728,19.9489
122,512,32,2592,27.0268
122,512,32,3888,37.6436
122,512,32,5832,53.5688
122,512,32,8748,77.4567
122,512,32,13122,113.2885
122,512,32,16384,140.0108
122,512,64,512,14.3128
122,512,64,768,18.5071
122,512,64,1152,24.7985
122,512,64,1728,34.2357
122,512,64,2592,48.3915
122,512,64,3888,69.6252
122,512,64,5832,101.4756
122,512,64,8748,149.2514
122,512,64,13122,220.9150
122,512,64,16384,274.3596
122,512,128,512,22.9635
122,512,128,768,31.3521
122,512,128,1152,43.9350
122,512,128,1728,62.8094
122,512,128,2592,91.1210
122,512,128,3888,133.5883
122,512,128,5832,197.2893
122,512,128,8748,292.8408
122,512,128,13122,436.1680
122,512,128,16384,543.0572
122,768,0,0,7.1042
122,768,1,512,7.1148
122,768,1,768,7.1202
122,768,1,1152,7.1282
122,768,1,1728,7.1401
122,768,1,2592,7.1581
122,768,1,3888,7.1851
122,768,1,5832,7.2255
122,768,1,8748,7.9711
122,768,1,13122,9.0909
122,768,1,16384,9.9260
122,768,2,512,7.1255
122,768,2,768,7.1361
122,768,2,1152,7.1521
122,768,2,1728,7.1761
122,768,2,2592,7.2120
122,768,2,3888,7.7264
122,768,2,5832,8.7217
122,768,2,8748,10.2147
122,768,2,13122,12.4542
122,768,2,16384,14.1244
122,768,4,512,7.1468
122,768,4,768,7.1681
122,768,4,1152,7.2001
122,768,4,1728,7.5134
122,768,4,2592,8.3981
122,768,4,3888,9.7252
122,768,4,5832,11.7159
122,768,4,8748,14.7019
122,768,4,13122,19.1809
122,768,4,16384,22.5212
122,768,8,512,7.1894
122,768,8,768,7.3332
122,768,8,1152,8.1196
122,768,8,1728,9.2993
122,768,8,2592,11.0687
122,768,8,3888,13.7229
122,768,8,5832,17.7043
122,768,8,8748,23.6762
122,768,8,13122,32.6342
122,768,8,16384,39.3148
122,768,16,512,7.8902
122,768,16,768,8.9388
122,768,16,1152,10.5117
122,768,16,1728,12.8710
122,768,16,2592,16.4099
122,768,16,3888,21.7183
122,768,16,5832,29.6810
122,768,16,8748,41.6249
122,768,16,13122,59.5408
122,768,16,16384,72.9020
122,768,32,512,10.0529
122,768,32,768,12.1501
122,768,32,1152,15.2958
122,768,32,1728,20.0144
122,768,32,2592,27.0923
122,768,32,3888,37.7091
122,768,32,5832,53.6344
122,768,32,8748,77.5222
122,768,32,13122,113.3540
122,768,32,16384,140.0764
122,768,64,512,14.3783
122,768,64,768,18.5726
122,768,64,1152,24.8641
122,768,64,1728,34.3012
122,768,64,2592,48.4570
122,768,64,3888,69.6907
122,768,64,5832,101.5412
122,768,64,8748,149.3169
122,768,64,13122,220.9805
122,768,64,16384,274.4252
122,768,128,512,23.0291
122,768,128,768,31.4177
122,768,128,1152,44.0006
122,768,128,1728,62.8749
122,768,128,2592,91.1865
122,768,128,3888,133.6538
122,768,128,5832,197.3548
122,768,128,8748,292.9063
122,768,128,13122,436.2335
122,768,128,16384,543.1228
122,1152,0,0,8.0789
122,1152,1,512,8.0895
122,1152,1,768,8.0948
122,1152,1,1152,8.1028
122,1152,1,1728,8.1148
122,1152,1,2592,8.1328
122,1152,1,3888,8.1598
122,1152,1,5832,8.2002
122,1152,1,8748,8.2609
122,1152,1,13122,9.1892
122,1152,1,16384,10.0243
122,1152,2,512,8.1002
122,1152,2,768,8.1108
122,1152,2,1152,8.1268
122,1152,2,1728,8.1508
122,1152,2,2592,8.1867
122,1152,2,3888,8.2406
122,1152,2,5832,8.8200
122,1152,2,8748,10.3130
122,1152,2,13122,12.5525
122,1152,2,16384,14.2227
122,1152,4,512,8.1215
122,1152,4,768,8.1428
122,1152,4,1152,8.1747
122,1152,4,1728,8.2227
122,1152,4,2592,8.4964
122,1152,4,3888,9.8236
122,1152,4,5832,11.8142
122,1152,4,8748,14.8002
122,1152,4,13122,19.2792
122,1152,4,16384,22.6195
122,1152,8,512,8.1641
122,1152,8,768,8.2067
122,1152,8,1152,8.2706
122,1152,8,1728,9.3976
122,1152,8,2592,11.1670
122,1152,8,3888,13.8212
122,1152,8,5832,17.8026
122,1152,8,8748,23.7745
122,1152,8,13122,32.7325
122,1152,8,16384,39.4131
122,1152,16,512,8.2493
122,1152,16,768,9.0371
122,1152,16,1152,10.6100
122,1152,16,1728,12.9693
122,1152,16,2592,16.5082
122,1152,16,3888,21.8166
122,1152,16,5832,29.7793
122,1152,16,8748,41.7232
122,1152,16,13122,59.6391
122,1152,16,16384,73.0003
122,1152,32,512,10.1512
122,1152,32,768,12.2484
122,1152,32,1152,15.3941
122,1152,32,1728,20.1127
122,1152,32,2592,27.1906
122,1152,32,3888,37.8074
122,1152,32,5832,53.7327
122,1152,32,8748,77.6205
122,1152,32,13122,113.4524
122,1152,32,16384,140.1747
122,1152,64,512,14.4766
122,1152,64,768,18.6709
122,1152,64,1152,24.9624
122,1152,64,1728,34.3996
122,1152,64,2592,48.5553
122,1152,64,3888,69.7890
122,1152,64,5832,101.6395
122,1152,64,8748,149.4152
122,1152,64,13122,221.0788
122,1152,64,16384,274.5235
122,1152,128,512,23.1274
122,1152,128,768,31.5160
122,1152,128,1152,44.0989
122,1152,128,1728,62.9732
122,1152,128,2592,91.2848
122,1152,128,3888,133.7521
122,1152,128,5832,197.4531
122,1152,128,8748,293.0046
122,1152,128,13122,436.3318
122,1152,128,16384,543.2211
122,1728,0,0,9.5409
122,1728,1,512,9.5515
122,1728,1,768,9.5569
122,1728,1,1152,9.5648
122,1728,1,1728,9.5768
122,1728,1,2592,9.5948
122,1728,1,3888,9.6218
122,1728,1,5832,9.6622
122,1728,1,8748,9.7229
122,1728,1,13122,9.8139
122,1728,1,16384,10.1717
122,1728,2,512,9.5622
122,1728,2,768,9.5728
122,1728,2,1152,9.5888
122,1728,2,1728,9.6128
122,1728,2,2592,9.6487
122,1728,2,3888,9.7027
122,1728,2,5832,9.7835
122,1728,2,8748,10.4605
122,1728,2,13122,12.7000
122,1728,2,16384,14.3701
122,1728,4,512,9.5835
122,1728,4,768,9.6048
122,1728,4,1152,9.6367
122,1728,4,1728,9.6847
122,1728,4,2592,9.7566
122,1728,4,3888,9.9710
122,1728,4,5832,11.9617
122,1728,4,8748,14.9476
122,1728,4,13122,19.4266
122,1728,4,16384,22.7669
122,1728,8,512,9.6261
122,1728,8,768,9.6687
122,1728,8,1152,9.7326
122,1728,8,1728,9.8285
122,1728,8,2592,11.3145
122,1728,8,3888,13.9687
122,1728,8,5832,17.9500
122,1728,8,8748,23.9220
122,1728,8,13122,32.8799
122,1728,8,16384,39.5605
122,1728,16,512,9.7113
122,1728,16,768,9.7965
122,1728,16,1152,10.7574
122,1728,16,1728,13.1167
122,1728,16,2592,16.6557
122,1728,16,3888,21.9641
122,1728,16,5832,29.9267
122,1728,16,8748,41.8707
122,1728,16,13122,59.7866
122,1728,16,16384,73.1477
122,1728,32,512,10.2987
122,1728,32,768,12.3958
122,1728,32,1152,15.5416
122,1728,32,1728,20.2602
122,1728,32,2592,27.3380
122,1728,32,3888,37.9549
122,1728,32,5832,53.8801
122,1728,32,8748,77.7680
122,1728,32,13122,113.5998
122,1728,32,16384,140.3221
122,1728,64,512,14.6241
122,1728,64,768,18.8184
122,1728,64,1152,25.1098
122,1728,64,1728,34.5470
122,1728,64,2592,48.7028
122,1728,64,3888,69.9364
122,1728,64,5832,101.7869
122,1728,64,8748,149.5627
122,1728,64,13122,221.2263
122,1728,64,16384,274.6709
122,1728,128,512,23.2748
122,1728,128,768,31.6634
122,1728,128,1152,44.2463
122,1728,128,1728,63.1207
122,1728,128,2592,91.4323
122,1728,128,3888,133.8996
122,1728,128,5832,197.6006
122,1728,128,8748,293.1521
122,1728,128,13122,436.4793
122,1728,128,16384,543.3685
122,2592,0,0,11.7339
122,2592,1,512,11.7445
122,2592,1,768,11.7499
122,2592,1,1152,11.7579
122,2592,1,1728,11.7698
122,2592,1,2592,11.7878
122,2592,1,3888,11.8148
122,2592,1,5832,11.8552
122,2592,1,8748,11.9159
122,2592,1,13122,12.0069
122,2592,1,16384,12.0748
122,2592,2,512,11.7552
122,2592,2,768,11.7659
122,2592,2,1152,11.7818
122,2592,2,1728,11.8058
122,2592,2,2592,11.8418
122,2592,2,3888,11.8957
122,2592,2,5832,11.9766
122,2592,2,8748,12.0979
122,2592,2,13122,12.9212
122,2592,2,16384,14.5913
122,2592,4,512,11.7765
122,2592,4,768,11.7978
122,2592,4,1152,11.8298
122,2592,4,1728,11.8777
122,2592,4,2592,11.9496
122,2592,4,3888,12.0575
122,2592,4,5832,12.2192
122,2592,4,8748,15.1688
122,2592,4,13122,19.6478
122,2592,4,16384,22.9881
122,2592,8,512,11.8191
122,2592,8,768,11.8617
122,2592,8,1152,11.9256
122,2592,8,1728,12.0215
122,2592,8,2592,12.1653
122,2592,8,3888,14.1899
122,2592,8,5832,18.1712
122,2592,8,8748,24.1432
122,2592,8,13122,33.1011
122,2592,8,16384,39.7817
122,2592,16,512,11.9043
122,2592,16,768,11.9895
122,2592,16,1152,12.1174
122,2592,16,1728,13.3379
122,2592,16,2592,16.8769
122,2592,16,3888,22.1853
122,2592,16,5832,30.1479
122,2592,16,8748,42.0918
122,2592,16,13122,60.0077
122,2592,16,16384,73.3689
122,2592,32,512,12.0748
122,2592,32,768,12.6170
122,2592,32,1152,15.7628
122,2592,32,1728,20.4813
122,2592,32,2592,27.5592
122,2592,32,3888,38.1761
122,2592,32,5832,54.1013
122,2592,32,8748,77.9892
122,2592,32,13122,113.8210
122,2592,32,16384,140.5433
122,2592,64,512,14.8452
122,2592,64,768,19.0396
122,2592,64,1152,25.3310
122,2592,64,1728,34.7682
122,2592,64,2592,48.9240
122,2592,64,3888,70.1576
122,2592,64,5832,102.0081
122,2592,64,8748,149.7839
122,2592,64,13122,221.4475
122,2592,64,16384,274.8921
122,2592,128,512,23.4960
122,2592,128,768,31.8846
122,2592,128,1152,44.4675
122,2592,128,1728,63.3419
122,2592,128,2592,91.6534
122,2592,128,3888,134.1208
122,2592,128,5832,197.8218
122,2592,128,8748,293.3732
122,2592,128,13122,436.7005
122,2592,128,16384,543.5897
122,3888,0,0,15.0234
122,3888,1,512,15.0341
122,3888,1,768,15.0394
122,3888,1,1152,15.0474
122,3888,1,1728,15.0594
122,3888,1,2592,15.0774
122,3888,1,3888,15.1043
122,3888,1,5832,15.1448
122,3888,1,8748,15.2054
122,3888,1,13122,15.2964
122,3888,1,16384,15.3643
122,3888,2,512,15.0447
122,3888,2,768,15.0554
122,3888,2,1152,15.0714
122,3888,2,1728,15.0953
122,3888,2,2592,15.1313
122,3888,2,3888,15.1852
122,3888,2,5832,15.2661
122,3888,2,8748,15.3874
122,3888,2,13122,15.5694
122,3888,2,16384,15.7052
122,3888,4,512,15.0660
122,3888,4,768,15.0873
122,3888,4,1152,15.1193
122,3888,4,1728,15.1672
122,3888,4,2592,15.2391
122,3888,4,3888,15.3470
122,3888,4,5832,15.5088
122,3888,4,8748,15.7514
122,3888,4,13122,19.9796
122,3888,4,16384,23.3199
122,3888,8,512,15.1086
122,3888,8,768,15.1513
122,3888,8,1152,15.2152
122,3888,8,1728,15.3110
122,3888,8,2592,15.4548
122,3888,8,3888,15.6706
122,3888,8,5832,18.5030
122,3888,8,8748,24.4749
122,3888,8,13122,33.4329
122,3888,8,16384,40.1135
122,3888,16,512,15.1939
122,3888,16,768,15.2791
122,3888,16,1152,15.4069
122,3888,16,1728,15.5986
122,3888,16,2592,17.2086
122,3888,16,3888,22.5171
122,3888,16,5832,30.4797
122,3888,16,8748,42.4236
122,3888,16,13122,60.3395
122,3888,16,16384,73.7007
122,3888,32,512,15.3643
122,3888,32,768,15.5347
122,3888,32,1152,16.0945
122,3888,32,1728,20.8131
122,3888,32,2592,27.8910
122,3888,32,3888,38.5078
122,3888,32,5832,54.4331
122,3888,32,8748,78.3210
122,3888,32,13122,114.1528
122,3888,32,16384,140.8751
122,3888,64,512,15.7052
122,3888,64,768,19.3713
122,3888,64,1152,25.6628
122,3888,64,1728,35.1000
122,3888,64,2592,49.2557
122,3888,64,3888,70.4894
122,3888,64,5832,102.3399
122,3888,64,8748,150.1156
122,3888,64,13122,221.7793
122,3888,64,16384,275.2239
122,3888,128,512,23.8278
122,3888,128,768,32.2164
122,3888,128,1152,44.7993
122,3888,128,1728,63.6737
122,3888,128,2592,91.9852
122,3888,128,3888,134.4525
122,3888,128,5832,198.1535
122,3888,128,8748,293.7050
122,3888,128,13122,437.0323
122,3888,128,16384,543.9215
122,5832,0,0,19.9577
122,5832,1,512,19.9684
122,5832,1,768,19.9737
122,5832,1,1152,19.9817
122,5832,1,1728,19.9937
122,5832,1,2592,20.0117
122,5832,1,3888,20.0386
122,5832,1,5832,20.0791
122,5832,1,8748,20.1397
122,5832,1,13122,20.2307
122,5832,1,16384,20.2986
122,5832,2,512,19.9790
122,5832,2,768,19.9897
122,5832,2,1152,20.0057
122,5832,2,1728,20.0296
122,5832,2,2592,20.0656
122,5832,2,3888,20.1195
122,5832,2,5832,20.2004
122,5832,2,8748,20.3217
122,5832,2,13122,20.5037
122,5832,2,16384,20.6395
122,5832,4,512,20.0003
122,5832,4,768,20.0216
122,5832,4,1152,20.0536
122,5832,4,1728,20.1015
122,5832,4,2592,20.1734
122,5832,4,3888,20.2813
122,5832,4,5832,20.4431
122,5832,4,8748,20.6857
122,5832,4,13122,21.0497
122,5832,4,16384,23.8175
122,5832,8,512,20.0429
122,5832,8,768,20.0856
122,5832,8,1152,20.1495
122,5832,8,1728,20.2453
122,5832,8,2592,20.3891
122,5832,8,3888,20.6048
122,5832,8,5832,20.9284
122,5832,8,8748,24.9726
122,5832,8,13122,33.9306
122,5832,8,16384,40.6111
122,5832,16,512,20.1282
122,5832,16,768,20.2134
122,5832,16,1152,20.3412
122,5832,16,1728,20.5329
122,5832,16,2592,20.8206
122,5832,16,3888,23.0147
122,5832,16,5832,30.9773
122,5832,16,8748,42.9213
122,5832,16,13122,60.8372
122,5832,16,16384,74.1983
122,5832,32,512,20.2986
122,5832,32,768,20.4690
122,5832,32,1152,20.7247
122,5832,32,1728,21.3108
122,5832,32,2592,28.3887
122,5832,32,3888,39.0055
122,5832,32,5832,54.9308
122,5832,32,8748,78.8186
122,5832,32,13122,114.6504
122,5832,32,16384,141.3727
122,5832,64,512,20.6395
122,5832,64,768,20.9803
122,5832,64,1152,26.1604
122,5832,64,1728,35.5976
122,5832,64,2592,49.7534
122,5832,64,3888,70.9871
122,5832,64,5832,102.8376
122,5832,64,8748,150.6133
122,5832,64,13122,222.2769
122,5832,64,16384,275.7215
122,5832,128,512,24.3254
122,5832,128,768,32.7140
122,5832,128,1152,45.2970
122,5832,128,1728,64.1713
122,5832,128,2592,92.4829
122,5832,128,3888,134.9502
122,5832,128,5832,198.6512
122,5832,128,8748,294.2027
122,5832,128,13122,437.5299
122,5832,128,16384,544.4191
122,8748,0,0,27.3592
122,8748,1,512,27.3698
122,8748,1,768,27.3752
122,8748,1,1152,27.3831
122,8748,1,1728,27.3951
122,8748,1,2592,27.4131
122,8748,1,3888,27.4401
122,8748,1,5832,27.4805
122,8748,1,8748,27.5412
122,8748,1,13122,27.6322
122,8748,1,16384,27.7000
122,8748,2,512,27.3805
122,8748,2,768,27.3911
122,8748,2,1152,27.4071
122,8748,2,1728,27.4311
122,8748,2,2592,27.4670
122,8748,2,3888,27.5210
122,8748,2,5832,27.6018
122,8748,2,8748,27.7232
122,8748,2,13122,27.9052
122,8748,2,16384,28.0409
122,8748,4,512,27.4018
122,8748,4,768,27.4231
122,8748,4,1152,27.4550
122,8748,4,1728,27.5030
122,8748,4,2592,27.5749
122,8748,4,3888,27.6827
122,8748,4,5832,27.8445
122,8748,4,8748,28.0872
122,8748,4,13122,28.4512
122,8748,4,16384,28.7227
122,8748,8,512,27.4444
122,8748,8,768,27.4870
122,8748,8,1152,27.5509
122,8748,8,1728,27.6468
122,8748,8,2592,27.7906
122,8748,8,3888,28.0063
122,8748,8,5832,28.3299
122,8748,8,8748,28.8152
122,8748,8,13122,34.6771
122,8748,8,16384,41.3576
122,8748,16,512,27.5296
122,8748,16,768,27.6148
122,8748,16,1152,27.7427
122,8748,16,1728,27.9344
122,8748,16,2592,28.2220
122,8748,16,3888,28.6534
122,8748,16,5832,31.7238
122,8748,16,8748,43.6678
122,8748,16,13122,61.5837
122,8748,16,16384,74.9448
122,8748,32,512,27.7000
122,8748,32,768,27.8705
122,8748,32,1152,28.1261
122,8748,32,1728,28.5096
122,8748,32,2592,29.1352
122,8748,32,3888,39.7520
122,8748,32,5832,55.6772
122,8748,32,8748,79.5651
122,8748,32,13122,115.3969
122,8748,32,16384,142.1192
122,8748,64,512,28.0409
122,8748,64,768,28.3818
122,8748,64,1152,28.8931
122,8748,64,1728,36.3441
122,8748,64,2592,50.4999
122,8748,64,3888,71.7336
122,8748,64,5832,103.5841
122,8748,64,8748,151.3598
122,8748,64,13122,223.0234
122,8748,64,16384,276.4680
122,8748,128,512,28.7227
122,8748,128,768,33.4605
122,8748,128,1152,46.0435
122,8748,128,1728,64.9178
122,8748,128,2592,93.2294
122,8748,128,3888,135.6967
122,8748,128,5832,199.3977
122,8748,128,8748,294.9492
122,8748,128,13122,438.2764
122,8748,128,16384,545.1656
122,13122,0,0,38.4614
122,13122,1,512,38.4720
122,13122,1,768,38.4773
122,13122,1,1152,38.4853
122,13122,1,1728,38.4973
122,13122,1,2592,38.5153
122,13122,1,3888,38.5422
122,13122,1,5832,38.5827
122,13122,1,8748,38.6434
122,13122,1,13122,38.7344
122,13122,1,16384,38.8022
122,13122,2,512,38.4827
122,13122,2,768,38.4933
122,13122,2,1152,38.5093
122,13122,2,1728,38.5333
122,13122,2,2592,38.5692
122,13122,2,3888,38.6231
122,13122,2,5832,38.7040
122,13122,2,8748,38.8254
122,13122,2,13122,39.0074
122,13122,2,16384,39.1431
122,13122,4,512,38.5040
122,13122,4,768,38.5253
122,13122,4,1152,38.5572
122,13122,4,1728,38.6052
122,13122,4,2592,38.6771
122,13122,4,3888,38.7849
122,13122,4,5832,38.9467
122,13122,4,8748,39.1894
122,13122,4,13122,39.5534
122,13122,4,16384,39.8248
122,13122,8,512,38.5466
122,13122,8,768,38.5892
122,13122,8,1152,38.6531
122,13122,8,1728,38.7490
122,13122,8,2592,38.8928
122,13122,8,3888,39.1085
122,13122,8,5832,39.4320
122,13122,8,8748,39.9174
122,13122,8,13122,40.6454
122,13122,8,16384,42.4774
122,13122,16,512,38.6318
122,13122,16,768,38.7170
122,13122,16,1152,38.8448
122,13122,16,1728,39.0366
122,13122,16,2592,39.3242
122,13122,16,3888,39.7556
122,13122,16,5832,40.4027
122,13122,16,8748,44.7875
122,13122,16,13122,62.7034
122,13122,16,16384,76.0646
122,13122,32,512,38.8022
122,13122,32,768,38.9727
122,13122,32,1152,39.2283
122,13122,32,1728,39.6118
122,13122,32,2592,40.1870
122,13122,32,3888,41.0498
122,13122,32,5832,56.7970
122,13122,32,8748,80.6849
122,13122,32,13122,116.5167
122,13122,32,16384,143.2390
122,13122,64,512,39.1431
122,13122,64,768,39.4840
122,13122,64,1152,39.9953
122,13122,64,1728,40.7622
122,13122,64,2592,51.6196
122,13122,64,3888,72.8533
122,13122,64,5832,104.7038
122,13122,64,8748,152.4796
122,13122,64,13122,224.1432
122,13122,64,16384,277.5878
122,13122,128,512,39.8248
122,13122,128,768,40.5066
122,13122,128,1152,47.1632
122,13122,128,1728,66.0376
122,13122,128,2592,94.3491
122,13122,128,3888,136.8164
122,13122,128,5832,200.5174
122,13122,128,8748,296.0689
122,13122,128,13122,439.3962
122,13122,128,16384,546.2854
122,16384,0,0,46.7410
122,16384,1,512,46.7517
122,16384,1,768,46.7570
122,16384,1,1152,46.7650
122,16384,1,1728,46.7770
122,16384,1,2592,46.7949
122,16384,1,3888,46.8219
122,16384,1,5832,46.8624
122,16384,1,8748,46.9230
122,16384,1,13122,47.0140
122,16384,1,16384,47.0819
122,16384,2,512,46.7623
122,16384,2,768,46.7730
122,16384,2,1152,46.7890
122,16384,2,1728,46.8129
122,16384,2,2592,46.8489
122,16384,2,3888,46.9028
122,16384,2,5832,46.9837
122,16384,2,8748,47.1050
122,16384,2,13122,47.2870
122,16384,2,16384,47.4228
122,16384,4,512,46.7836
122,16384,4,768,46.8049
122,16384,4,1152,46.8369
122,16384,4,1728,46.8848
122,16384,4,2592,46.9567
122,16384,4,3888,47.0646
122,16384,4,5832,47.2264
122,16384,4,8748,47.4690
122,16384,4,13122,47.8330
122,16384,4,16384,48.1045
122,16384,8,512,46.8262
122,16384,8,768,46.8688
122,16384,8,1152,46.9328
122,16384,8,1728,47.0286
122,16384,8,2592,47.1724
122,16384,8,3888,47.3881
122,16384,8,5832,47.7117
122,16384,8,8748,48.1970
122,16384,8,13122,48.9251
122,16384,8,16384,49.4680
122,16384,16,512,46.9115
122,16384,16,768,46.9967
122,16384,16,1152,47.1245
122,16384,16,1728,47.3162
122,16384,16,2592,47.6039
122,16384,16,3888,48.0353
122,16384,16,5832,48.6824
122,16384,16,8748,49.6531
122,16384,16,13122,63.5385
122,16384,16,16384,76.8996
122,16384,32,512,47.0819
122,16384,32,768,47.2523
122,16384,32,1152,47.5080
122,16384,32,1728,47.8915
122,16384,32,2592,48.4667
122,16384,32,3888,49.3295
122,16384,32,5832,57.6321
122,16384,32,8748,81.5199
122,16384,32,13122,117.3517
122,16384,32,16384,144.0740
122,16384,64,512,47.4228
122,16384,64,768,47.7636
122,16384,64,1152,48.2749
122,16384,64,1728,49.0419
122,16384,64,2592,52.4547
122,16384,64,3888,73.6884
122,16384,64,5832,105.5389
122,16384,64,8748,153.3146
122,16384,64,13122,224.9782
122,16384,64,16384,278.4228
122,16384,128,512,48.1045
122,16384,128,768,48.7862
122,16384,128,1152,49.8089
122,16384,128,1728,66.8726
122,16384,128,2592,95.1842
122,16384,128,3888,137.6515
122,16384,128,5832,201.3525
122,16384,128,8748,296.9040
122,16384,128,13122,440.2312
122,16384,128,16384,547.1204
128,0,0,0,5.5571
128,0,1,16,5.5652
128,0,1,32,5.5693
128,0,1,64,5.5775
128,0,1,128,5.5939
128,0,1,256,5.6267
128,0,1,512,5.6922
128,0,1,1024,5.8233
128,0,1,2048,6.0854
128,0,1,4096,6.6097
128,0,1,8192,7.6583
128,0,1,16384,9.7555
128,0,2,16,5.5734
128,0,2,32,5.5816
128,0,2,64,5.5980
128,0,2,128,5.6308
128,0,2,256,5.6963
128,0,2,512,5.8274
128,0,2,1024,6.0895
128,0,2,2048,6.6138
128,0,2,4096,7.6624
128,0,2,8192,9.7596
128,0,2,16384,13.9539
128,0,4,16,5.5898
128,0,4,32,5.6062
128,0,4,64,5.6390
128,0,4,128,5.7045
128,0,4,256,5.8356
128,0,4,512,6.0977
128,0,4,1024,6.6220
128,0,4,2048,7.6706
128,0,4,4096,9.7677
128,0,4,8192,13.9620
128,0,4,16384,22.3507
128,0,8,16,5.6226
128,0,8,32,5.6554
128,0,8,64,5.7209
128,0,8,128,5.8520
128,0,8,256,6.1141
128,0,8,512,6.6384
128,0,8,1024,7.6870
128,0,8,2048,9.7841
128,0,8,4096,13.9784
128,0,8,8192,22.3670
128,0,8,16384,39.1443
128,0,16,16,5.6881
128,0,16,32,5.7537
128,0,16,64,5.8847
128,0,16,128,6.1469
128,0,16,256,6.6712
128,0,16,512,7.7197
128,0,16,1024,9.8169
128,0,16,2048,14.0112
128,0,16,4096,22.3998
128,0,16,8192,39.1770
128,0,16,16384,72.7315
128,0,32,16,5.8192
128,0,32,32,5.9503
128,0,32,64,6.2124
128,0,32,128,6.7367
128,0,32,256,7.7853
128,0,32,512,9.8824
128,0,32,1024,14.0767
128,0,32,2048,22.4653
128,0,32,4096,39.2426
128,0,32,8192,72.7970
128,0,32,16384,139.9059
128,0,64,16,6.0813
128,0,64,32,6.3435
128,0,64,64,6.8678
128,0,64,128,7.9164
128,0,64,256,10.0135
128,0,64,512,14.2078
128,0,64,1024,22.5964
128,0,64,2048,39.3736
128,0,64,4096,72.9281
128,0,64,8192,140.0369
128,0,64,16384,274.2547
128,0,128,16,6.6056
128,0,128,32,7.1299
128,0,128,64,8.1785
128,0,128,128,10.2756
128,0,128,256,14.4700
128,0,128,512,22.8586
128,0,128,1024,39.6358
128,0,128,2048,73.1902
128,0,128,4096,140.2991
128,0,128,8192,274.5168
128,0,128,16384,542.9523
128,16,0,0,5.5612
128,16,1,16,5.5693
128,16,1,32,5.5734
128,16,1,64,5.5816
128,16,1,128,5.5980
128,16,1,256,5.6308
128,16,1,512,5.6963
128,16,1,1024,5.8274
128,16,1,2048,6.0895
128,16,1,4096,6.6138
128,16,1,8192,7.6624
128,16,1,16384,9.7596
128,16,2,16,5.5775
128,16,2,32,5.5857
128,16,2,64,5.6021
128,16,2,128,5.6349
128,16,2,256,5.7004
128,16,2,512,5.8315
128,16,2,1024,6.0936
128,16,2,2048,6.6179
128,16,2,4096,7.6665
128,16,2,8192,9.7636
128,16,2,16384,13.9580
128,16,4,16,5.5939
128,16,4,32,5.6103
128,16,4,64,5.6431
128,16,4,128,5.7086
128,16,4,256,5.8397
128,16,4,512,6.1018
128,16,4,1024,6.6261
128,16,4,2048,7.6747
128,16,4,4096,9.7718
128,16,4,8192,13.9661
128,16,4,16384,22.3548
128,16,8,16,5.6267
128,16,8,32,5.6595
128,16,8,64,5.7250
128,16,8,128,5.8561
128,16,8,256,6.1182
128,16,8,512,6.6425
128,16,8,1024,7.6911
128,16,8,2048,9.7882
128,16,8,4096,13.9825
128,16,8,8192,22.3711
128,16,8,16384,39.1484
128,16,16,16,5.6922
128,16,16,32,5.7578
128,16,16,64,5.8888
128,16,16,128,6.1510
128,16,16,256,6.6753
128,16,16,512,7.7238
128,16,16,1024,9.8210
128,16,16,2048,14.0153
128,16,16,4096,22.4039
128,16,16,8192,39.1811
128,16,16,16384,72.7356
128,16,32,16,5.8233
128,16,32,32,5.9544
128,16,32,64,6.2165
128,16,32,128,6.7408
128,16,32,256,7.7894
128,16,32,512,9.8865
128,16,32,1024,14.0808
128,16,32,2048,22.4694
128,16,32,4096,39.2467
128,16,32,8192,72.8011
128,16,32,16384,139.9100
128,16,64,16,6.0854
128,16,64,32,6.3476
128,16,64,64,6.8719
128,16,64,128,7.9204
128,16,64,256,10.0176
128,16,64,512,14.2119
128,16,64,1024,22.6005
128,16,64,2048,39.3777
128,16,64,4096,72.9322
128,16,64,8192,140.0410
128,16,64,16384,274.2588
128,16,128,16,6.6097
128,16,128,32,7.1340
128,16,128,64,8.1826
128,16,128,128,10.2797
128,16,128,256,14.4740
128,16,128,512,22.8627
128,16,128,1024,39.6399
128,16,128,2048,73.1943
128,16,128,4096,140.3032
128,16,128,8192,274.5209
128,16,128,16384,542.9564
128,32,0,0,5.5652
128,32,1,16,5.5734
128,32,1,32,5.5775
128,32,1,64,5.5857
128,32,1,128,5.6021
128,32,1,256,5.6349
128,32,1,512,5.7004
128,32,1,1024,5.8315
128,32,1,2048,6.0936
128,32,1,4096,6.6179
128,32,1,8192,7.6665
128,32,1,16384,9.7636
128,32,2,16,5.5816
128,32,2,32,5.5898
128,32,2,64,5.6062
128,32,2,128,5.6390
128,32,2,256,5.7045
128,32,2,512,5.8356
128,32,2,1024,6.0977
128,32,2,2048,6.6220
128,32,2,4096,7.6706
128,32,2,8192,9.7677
128,32,2,16384,13.9620
128,32,4,16,5.5980
128,32,4,32,5.6144
128,32,4,64,5.6472
128,32,4,128,5.7127
128,32,4,256,5.8438
128,32,4,512,6.1059
128,32,4,1024,6.6302
128,32,4,2048,7.6788
128,32,4,4096,9.7759
128,32,4,8192,13.9702
128,32,4,16384,22.3588
128,32,8,16,5.6308
128,32,8,32,5.6636
128,32,8,64,5.7291
128,32,8,128,5.8602
128,32,8,256,6.1223
128,32,8,512,6.6466
128,32,8,1024,7.6952
128,32,8,2048,9.7923
128,32,8,4096,13.9866
128,32,8,8192,22.3752
128,32,8,16384,39.1524
128,32,16,16,5.6963
128,32,16,32,5.7619
128,32,16,64,5.8929
128,32,16,128,6.1551
128,32,16,256,6.6794
128,32,16,512,7.7279
128,32,16,1024,9.8251
128,32,16,2048,14.0194
128,32,16,4096,22.4080
128,32,16,8192,39.1852
128,32,16,16384,72.7396
128,32,32,16,5.8274
128,32,32,32,5.9585
128,32,32,64,6.2206
128,32,32,128,6.7449
128,32,32,256,7.7935
128,32,32,512,9.8906
128,32,32,1024,14.0849
128,32,32,2048,22.4735
128,32,32,4096,39.2508
128,32,32,8192,72.8052
128,32,32,16384,139.9140
128,32,64,16,6.0895
128,32,64,32,6.3517
128,32,64,64,6.8760
128,32,64,128,7.9245
128,32,64,256,10.0217
128,32,64,512,14.2160
128,32,64,1024,22.6046
128,32,64,2048,39.3818
128,32,64,4096,72.9363
128,32,64,8192,140.0451
128,32,64,16384,274.2628
128,32,128,16,6.6138
128,32,128,32,7.1381
128,32,128,64,8.1867
128,32,128,128,10.2838
128,32,128,256,14.4781
128,32,128,512,22.8668
128,32,128,1024,39.6440
128,32,128,2048,73.1984
128,32,128,4096,140.3073
128,32,128,8192,274.5250
128,32,128,16384,542.9604
128,64,0,0,5.5734
128,64,1,16,5.5816
128,64,1,32,5.5857
128,64,1,64,5.5939
128,64,1,128,5.6103
128,64,1,256,5.6431
128,64,1,512,5.7086
128,64,1,1024,5.8397
128,64,1,2048,6.1018
128,64,1,4096,6.6261
128,64,1,8192,7.6747
128,64,1,16384,9.7718
128,64,2,16,5.5898
128,64,2,32,5.5980
128,64,2,64,5.6144
128,64,2,128,5.6472
128,64,2,256,5.7127
128,64,2,512,5.8438
128,64,2,1024,6.1059
128,64,2,2048,6.6302
128,64,2,4096,7.6788
128,64,2,8192,9.7759
128,64,2,16384,13.9702
128,64,4,16,5.6062
128,64,4,32,5.6226
128,64,4,64,5.6554
128,64,4,128,5.7209
128,64,4,256,5.8520
128,64,4,512,6.1141
128,64,4,1024,6.6384
128,64,4,2048,7.6870
128,64,4,4096,9.7841
128,64,4,8192,13.9784
128,64,4,16384,22.3670
128,64,8,16,5.6390
128,64,8,32,5.6717
128,64,8,64,5.7373
128,64,8,128,5.8684
128,64,8,256,6.1305
128,64,8,512,6.6548
128,64,8,1024,7.7034
128,64,8,2048,9.8005
128,64,8,4096,13.9948
128,64,8,8192,22.3834
128,64,8,16384,39.1606
128,64,16,16,5.7045
128,64,16,32,5.7700
128,64,16,64,5.9011
128,64,16,128,6.1633
128,64,16,256,6.6876
128,64,16,512,7.7361
128,64,16,1024,9.8333
128,64,16,2048,14.0276
128,64,16,4096,22.4162
128,64,16,8192,39.1934
128,64,16,16384,72.7478
128,64,32,16,5.8356
128,64,32,32,5.9667
128,64,32,64,6.2288
128,64,32,128,6.7531
128,64,32,256,7.8017
128,64,32,512,9.8988
128,64,32,1024,14.0931
128,64,32,2048,22.4817
128,64,32,4096,39.2589
128,64,32,8192,72.8134
128,64,32,16384,139.9222
128,64,64,16,6.0977
128,64,64,32,6.3599
128,64,64,64,6.8842
128,64,64,128,7.9327
128,64,64,256,10.0299
128,64,64,512,14.2242
128,64,64,1024,22.6128
128,64,64,2048,39.3900
128,64,64,4096,72.9444
128,64,64,8192,140.0533
128,64,64,16384,274.2710
128,64,128,16,6.6220
128,64,128,32,7.1463
128,64,128,64,8.1949
128,64,128,128,10.2920
128,64,128,256,14.4863
128,64,128,512,22.8749
128,64,128,1024,39.6522
128,64,128,2048,73.2066
128,64,128,4096,140.3155
128,64,128,8192,274.5332
128,64,128,16384,542.9686
128,128,0,0,5.5898
128,128,1,16,5.5980
128,128,1,32,5.6021
128,128,1,64,5.6103
128,128,1,128,5.6267
128,128,1,256,5.6595
128,128,1,512,5.7250
128,128,1,1024,5.8561
128,128,1,2048,6.1182
128,128,1,4096,6.6425
128,128,1,8192,7.6911
128,128,1,16384,9.7882
128,128,2,16,5.6062
128,128,2,32,5.6144
128,128,2,64,5.6308
128,128,2,128,5.6636
128,128,2,256,5.7291
128,128,2,512,5.8602
128,128,2,1024,6.1223
128,128,2,2048,6.6466
128,128,2,4096,7.6952
128,128,2,8192,9.7923
128,128,2,16384,13.9866
128,128,4,16,5.6226
128,128,4,32,5.6390
128,128,4,64,5.6717
128,128,4,128,5.7373
128,128,4,256,5.8684
128,128,4,512,6.1305
128,128,4,1024,6.6548
128,128,4,2048,7.7034
128,128,4,4096,9.8005
128,128,4,8192,13.9948
128,128,4,16384,22.3834
128,128,8,16,5.6554
128,128,8,32,5.6881
128,128,8,64,5.7537
128,128,8,128,5.8847
128,128,8,256,6.1469
128,128,8,512,6.6712
128,128,8,1024,7.7197
128,128,8,2048,9.8169
128,128,8,4096,14.0112
128,128,8,8192,22.3998
128,128,8,16384,39.1770
128,128,16,16,5.7209
128,128,16,32,5.7864
128,128,16,64,5.9175
128,128,16,128,6.1796
128,128,16,256,6.7039
128,128,16,512,7.7525
128,128,16,1024,9.8497
128,128,16,2048,14.0440
128,128,16,4096,22.4326
128,128,16,8192,39.2098
128,128,16,16384,72.7642
128,128,32,16,5.8520
128,128,32,32,5.9830
128,128,32,64,6.2452
128,128,32,128,6.7695
128,128,32,256,7.8180
128,128,32,512,9.9152
128,128,32,1024,14.1095
128,128,32,2048,22.4981
128,128,32,4096,39.2753
128,128,32,8192,72.8298
128,128,32,16384,139.9386
128,128,64,16,6.1141
128,128,64,32,6.3763
128,128,64,64,6.9005
128,128,64,128,7.9491
128,128,64,256,10.0463
128,128,64,512,14.2406
128,128,64,1024,22.6292
128,128,64,2048,39.4064
128,128,64,4096,72.9608
128,128,64,8192,140.0697
128,128,64,16384,274.2874
128,128,128,16,6.6384
128,128,128,32,7.1627
128,128,128,64,8.2113
128,128,128,128,10.3084
128,128,128,256,14.5027
128,128,128,512,22.8913
128,128,128,1024,39.6685
128,128,128,2048,73.2230
128,128,128,4096,140.3318
128,128,128,8192,274.5496
128,128,128,16384,542.9850
128,256,0,0,5.8522
128,256,1,16,5.8525
128,256,1,32,5.8528
128,256,1,64,5.8535
128,256,1,128,5.8548
128,256,1,256,5.8575
128,256,1,512,5.8628
128,256,1,1024,5.8888
128,256,1,2048,6.1510
128,256,1,4096,6.6753
128,256,1,8192,7.7238
128,256,1,16384,9.8210
128,256,2,16,5.8528
128,256,2,32,5.8535
128,256,2,64,5.8548
128,256,2,128,5.8575
128,256,2,256,5.8628
128,256,2,512,5.8929
128,256,2,1024,6.1551
128,256,2,2048,6.6794
128,256,2,4096,7.7279
128,256,2,8192,9.8251
128,256,2,16384,14.0194
128,256,4,16,5.8535
128,256,4,32,5.8548
128,256,4,64,5.8575
128,256,4,128,5.8628
128,256,4,256,5.9011
128,256,4,512,6.1633
128,256,4,1024,6.6876
128,256,4,2048,7.7361
128,256,4,4096,9.8333
128,256,4,8192,14.0276
128,256,4,16384,22.4162
128,256,8,16,5.8548
128,256,8,32,5.8575
128,256,8,64,5.8628
128,256,8,128,5.9175
128,256,8,256,6.1796
128,256,8,512,6.7039
128,256,8,1024,7.7525
128,256,8,2048,9.8497
128,256,8,4096,14.0440
128,256,8,8192,22.4326
128,256,8,16384,39.2098
128,256,16,16,5.8575
128,256,16,32,5.8628
128,256,16,64,5.9503
128,256,16,128,6.2124
128,256,16,256,6.7367
128,256,16,512,7.7853
128,256,16,1024,9.8824
128,256,16,2048,14.0767
128,256,16,4096,22.4653
128,256,16,8192,39.2426
128,256,16,16384,72.7970
128,256,32,16,5.8847
128,256,32,32,6.0158
128,256,32,64,6.2780
128,256,32,128,6.8022
128,256,32,256,7.8508
128,256,32,512,9.9480
128,256,32,1024,14.1423
128,256,32,2048,22.5309
128,256,32,4096,39.3081
128,256,32,8192,72.8625
128,256,32,16384,139.9714
128,256,64,16,6.1469
128,256,64,32,6.4090
128,256,64,64,6.9333
128,256,64,128,7.9819
128,256,64,256,10.0790
128,256,64,512,14.2733
128,256,64,1024,22.6620
128,256,64,2048,39.4392
128,256,64,4096,72.9936
128,256,64,8192,140.1025
128,256,64,16384,274.3202
128,256,128,16,6.6712
128,256,128,32,7.1955
128,256,128,64,8.2440
128,256,128,128,10.3412
128,256,128,256,14.5355
128,256,128,512,22.9241
128,256,128,1024,39.7013
128,256,128,2048,73.2557
128,256,128,4096,140.3646
128,256,128,8192,274.5823
128,256,128,16384,543.0178
128,512,0,0,6.5339
128,512,1,16,6.5342
128,512,1,32,6.5346
128,512,1,64,6.5352
128,512,1,128,6.5366
128,512,1,256,6.5392
128,512,1,512,6.5446
128,512,1,1024,6.5552
128,512,1,2048,6.5765
128,512,1,4096,6.7408
128,512,1,8192,7.7894
128,512,1,16384,9.8865
128,512,2,16,6.5346
128,512,2,32,6.5352
128,512,2,64,6.5366
128,512,2,128,6.5392
128,512,2,256,6.5446
128,512,2,512,6.5552
128,512,2,1024,6.5765
128,512,2,2048,6.7449
128,512,2,4096,7.7935
128,512,2,8192,9.8906
128,512,2,16384,14.0849
128,512,4,16,6.5352
128,512,4,32,6.5366
128,512,4,64,6.5392
128,512,4,128,6.5446
128,512,4,256,6.5552
128,512,4,512,6.5765
128,512,4,1024,6.7531
128,512,4,2048,7.8017
128,512,4,4096,9.8988
128,512,4,8192,14.0931
128,512,4,16384,22.4817
128,512,8,16,6.5366
128,512,8,32,6.5392
128,512,8,64,6.5446
128,512,8,128,6.5552
128,512,8,256,6.5765
128,512,8,512,6.7695
128,512,8,1024,7.8180
128,512,8,2048,9.9152
128,512,8,4096,14.1095
128,512,8,8192,22.4981
128,512,8,16384,39.2753
128,512,16,16,6.5392
128,512,16,32,6.5446
128,512,16,64,6.5552
128,512,16,128,6.5765
128,512,16,256,6.8022
128,512,16,512,7.8508
128,512,16,1024,9.9480
128,512,16,2048,14.1423
128,512,16,4096,22.5309
128,512,16,8192,39.3081
128,512,16,16384,72.8625
128,512,32,16,6.5446
128,512,32,32,6.5552
128,512,32,64,6.5765
128,512,32,128,6.8678
128,512,32,256,7.9164
128,512,32,512,10.0135
128,512,32,1024,14.2078
128,512,32,2048,22.5964
128,512,32,4096,39.3736
128,512,32,8192,72.9281
128,512,32,16384,140.0369
128,512,64,16,6.5552
128,512,64,32,6.5765
128,512,64,64,6.9988
128,512,64,128,8.0474
128,512,64,256,10.1446
128,512,64,512,14.3389
128,512,64,1024,22.7275
128,512,64,2048,39.5047
128,512,64,4096,73.0591
128,512,64,8192,140.1680
128,512,64,16384,274.3857
128,512,128,16,6.7367
128,512,128,32,7.2610
128,512,128,64,8.3096
128,512,128,128,10.4067
128,512,128,256,14.6010
128,512,128,512,22.9896
128,512,128,1024,39.7668
128,512,128,2048,73.3213
128,512,128,4096,140.4301
128,512,128,8192,274.6479
128,512,128,16384,543.0833
128,1024,0,0,7.8974
128,1024,1,16,7.8977
128,1024,1,32,7.8981
128,1024,1,64,7.8987
128,1024,1,128,7.9001
128,1024,1,256,7.9027
128,1024,1,512,7.9081
128,1024,1,1024,7.9187
128,1024,1,2048,7.9400
128,1024,1,4096,7.9826
128,1024,1,8192,8.0678
128,1024,1,16384,10.0176
128,1024,2,16,7.8981
128,1024,2,32,7.8987
128,1024,2,64,7.9001
128,1024,2,128,7.9027
128,1024,2,256,7.9081
128,1024,2,512,7.9187
128,1024,2,1024,7.9400
128,1024,2,2048,7.9826
128,1024,2,4096,8.0678
128,1024,2,8192,10.0217
128,1024,2,16384,14.2160
128,1024,4,16,7.8987
128,1024,4,32,7.9001
128,1024,4,64,7.9027
128,1024,4,128,7.9081
128,1024,4,256,7.9187
128,1024,4,512,7.9400
128,1024,4,1024,7.9826
128,1024,4,2048,8.0678
128,1024,4,4096,10.0299
128,1024,4,8192,14.2242
128,1024,4,16384,22.6128
128,1024,8,16,7.9001
128,1024,8,32,7.9027
128,1024,8,64,7.9081
128,1024,8,128,7.9187
128,1024,8,256,7.9400
128,1024,8,512,7.9826
128,1024,8,1024,8.0678
128,1024,8,2048,10.0463
128,1024,8,4096,14.2406
128,1024,8,8192,22.6292
128,1024,8,16384,39.4064
128,1024,16,16,7.9027
128,1024,16,32,7.9081
128,1024,16,64,7.9187
128,1024,16,128,7.9400
128,1024,16,256,7.9826
128,1024,16,512,8.0678
128,1024,16,1024,10.0790
128,1024,16,2048,14.2733
128,1024,16,4096,22.6620
128,1024,16,8192,39.4392
128,1024,16,16384,72.9936
128,1024,32,16,7.9081
128,1024,32,32,7.9187
128,1024,32,64,7.9400
128,1024,32,128,7.9826
128,1024,32,256,8.0678
128,1024,32,512,10.1446
128,1024,32,1024,14.3389
128,1024,32,2048,22.7275
128,1024,32,4096,39.5047
128,1024,32,8192,73.0591
128,1024,32,16384,140.1680
128,1024,64,16,7.9187
128,1024,64,32,7.9400
128,1024,64,64,7.9826
128,1024,64,128,8.1785
128,1024,64,256,10.2756
128,1024,64,512,14.4700
128,1024,64,1024,22.8586
128,1024,64,2048,39.6358
128,1024,64,4096,73.1902
128,1024,64,8192,140.2991
128,1024,64,16384,274.5168
128,1024,128,16,7.9400
128,1024,128,32,7.9826
128,1024,128,64,8.4406
128,1024,128,128,10.5378
128,1024,128,256,14.7321
128,1024,128,512,23.1207
128,1024,128,1024,39.8979
128,1024,128,2048,73.4524
128,1024,128,4096,140.5612
128,1024,128,8192,274.7789
128,1024,128,16384,543.2144
128,2048,0,0,10.6244
128,2048,1,16,10.6247
128,2048,1,32,10.6250
128,2048,1,64,10.6257
128,2048,1,128,10.6270
128,2048,1,256,10.6297
128,2048,1,512,10.6350
128,2048,1,1024,10.6457
128,2048,1,2048,10.6670
128,2048,1,4096,10.7096
128,2048,1,8192,10.7948
128,2048,1,16384,10.9652
128,2048,2,16,10.6250
128,2048,2,32,10.6257
128,2048,2,64,10.6270
128,2048,2,128,10.6297
128,2048,2,256,10.6350
128,2048,2,512,10.6457
128,2048,2,1024,10.6670
128,2048,2,2048,10.7096
128,2048,2,4096,10.7948
128,2048,2,8192,10.9652
128,2048,2,16384,14.4781
128,2048,4,16,10.6257
128,2048,4,32,10.6270
128,2048,4,64,10.6297
128,2048,4,128,10.6350
128,2048,4,256,10.6457
128,2048,4,512,10.6670
128,2048,4,1024,10.7096
128,2048,4,2048,10.7948
128,2048,4,4096,10.9652
128,2048,4,8192,14.4863
128,2048,4,16384,22.8749
128,2048,8,16,10.6270
128,2048,8,32,10.6297
128,2048,8,64,10.6350
128,2048,8,128,10.6457
128,2048,8,256,10.6670
128,2048,8,512,10.7096
128,2048,8,1024,10.7948
128,2048,8,2048,10.9652
128,2048,8,4096,14.5027
128,2048,8,8192,22.8913
128,2048,8,16384,39.6685
128,2048,16,16,10.6297
128,2048,16,32,10.6350
128,2048,16,64,10.6457
128,2048,16,128,10.6670
128,2048,16,256,10.7096
128,2048,16,512,10.7948
128,2048,16,1024,10.9652
128,2048,16,2048,14.5355
128,2048,16,4096,22.9241
128,2048,16,8192,39.7013
128,2048,16,16384,73.2557
128,2048,32,16,10.6350
128,2048,32,32,10.6457
128,2048,32,64,10.6670
128,2048,32,128,10.7096
128,2048,32,256,10.7948
128,2048,32,512,10.9652
128,2048,32,1024,14.6010
128,2048,32,2048,22.9896
128,2048,32,4096,39.7668
128,2048,32,8192,73.3213
128,2048,32,16384,140.4301
128,2048,64,16,10.6457
128,2048,64,32,10.6670
128,2048,64,64,10.7096
128,2048,64,128,10.7948
128,2048,64,256,10.9652
128,2048,64,512,14.7321
128,2048,64,1024,23.1207
128,2048,64,2048,39.8979
128,2048,64,4096,73.4524
128,2048,64,8192,140.5612
128,2048,64,16384,274.7789
128,2048,128,16,10.6670
128,2048,128,32,10.7096
128,2048,128,64,10.7948
128,2048,128,128,10.9652
128,2048,128,256,14.9942
128,2048,128,512,23.3828
128,2048,128,1024,40.1601
128,2048,128,2048,73.7145
128,2048,128,4096,140.8234
128,2048,128,8192,275.0411
128,2048,128,16384,543.4765
128,4096,0,0,16.0783
128,4096,1,16,16.0786
128,4096,1,32,16.0790
128,4096,1,64,16.0796
128,4096,1,128,16.0810
128,4096,1,256,16.0836
128,4096,1,512,16.0889
128,4096,1,1024,16.0996
128,4096,1,2048,16.1209
128,4096,1,4096,16.1635
128,4096,1,8192,16.2487
128,4096,1,16384,16.4192
128,4096,2,16,16.0790
128,4096,2,32,16.0796
128,4096,2,64,16.0810
128,4096,2,128,16.0836
128,4096,2,256,16.0889
128,4096,2,512,16.0996
128,4096,2,1024,16.1209
128,4096,2,2048,16.1635
128,4096,2,4096,16.2487
128,4096,2,8192,16.4192
128,4096,2,16384,16.7600
128,4096,4,16,16.0796
128,4096,4,32,16.0810
128,4096,4,64,16.0836
128,4096,4,128,16.0889
128,4096,4,256,16.0996
128,4096,4,512,16.1209
128,4096,4,1024,16.1635
128,4096,4,2048,16.2487
128,4096,4,4096,16.4192
128,4096,4,8192,16.7600
128,4096,4,16384,23.3992
128,4096,8,16,16.0810
128,4096,8,32,16.0836
128,4096,8,64,16.0889
128,4096,8,128,16.0996
128,4096,8,256,16.1209
128,4096,8,512,16.1635
128,4096,8,1024,16.2487
128,4096,8,2048,16.4192
128,4096,8,4096,16.7600
128,4096,8,8192,23.4156
128,4096,8,16384,40.1928
128,4096,16,16,16.0836
128,4096,16,32,16.0889
128,4096,16,64,16.0996
128,4096,16,128,16.1209
128,4096,16,256,16.1635
128,4096,16,512,16.2487
128,4096,16,1024,16.4192
128,4096,16,2048,16.7600
128,4096,16,4096,23.4484
128,4096,16,8192,40.2256
128,4096,16,16384,73.7800
128,4096,32,16,16.0889
128,4096,32,32,16.0996
128,4096,32,64,16.1209
128,4096,32,128,16.1635
128,4096,32,256,16.2487
128,4096,32,512,16.4192
128,4096,32,1024,16.7600
128,4096,32,2048,23.5139
128,4096,32,4096,40.2911
128,4096,32,8192,73.8456
128,4096,32,16384,140.9544
128,4096,64,16,16.0996
128,4096,64,32,16.1209
128,4096,64,64,16.1635
128,4096,64,128,16.2487
128,4096,64,256,16.4192
128,4096,64,512,16.7600
128,4096,64,1024,23.6450
128,4096,64,2048,40.4222
128,4096,64,4096,73.9766
128,4096,64,8192,141.0855
128,4096,64,16384,275.3032
128,4096,128,16,16.1209
128,4096,128,32,16.1635
128,4096,128,64,16.2487
128,4096,128,128,16.4192
128,4096,128,256,16.7600
128,4096,128,512,23.9071
128,4096,128,1024,40.6844
128,4096,128,2048,74.2388
128,4096,128,4096,141.3476
128,4096,128,8192,275.5654
128,4096,128,16384,544.0008
128,8192,0,0,26.9861
128,8192,1,16,26.9865
128,8192,1,32,26.9868
128,8192,1,64,26.9875
128,8192,1,128,26.9888
128,8192,1,256,26.9915
128,8192,1,512,26.9968
128,8192,1,1024,27.0074
128,8192,1,2048,27.0288
128,8192,1,4096,27.0714
128,8192,1,8192,27.1566
128,8192,1,16384,27.3270
128,8192,2,16,26.9868
128,8192,2,32,26.9875
128,8192,2,64,26.9888
128,8192,2,128,26.9915
128,8192,2,256,26.9968
128,8192,2,512,27.0074
128,8192,2,1024,27.0288
128,8192,2,2048,27.0714
128,8192,2,4096,27.1566
128,8192,2,8192,27.3270
128,8192,2,16384,27.6679
128,8192,4,16,26.9875
128,8192,4,32,26.9888
128,8192,4,64,26.9915
128,8192,4,128,26.9968
128,8192,4,256,27.0074
128,8192,4,512,27.0288
128,8192,4,1024,27.0714
128,8192,4,2048,27.1566
128,8192,4,4096,27.3270
128,8192,4,8192,27.6679
128,8192,4,16384,28.3496
128,8192,8,16,26.9888
128,8192,8,32,26.9915
128,8192,8,64,26.9968
128,8192,8,128,27.0074
128,8192,8,256,27.0288
128,8192,8,512,27.0714
128,8192,8,1024,27.1566
128,8192,8,2048,27.3270
128,8192,8,4096,27.6679
128,8192,8,8192,28.3496
128,8192,8,16384,41.2414
128,8192,16,16,26.9915
128,8192,16,32,26.9968
128,8192,16,64,27.0074
128,8192,16,128,27.0288
128,8192,16,256,27.0714
128,8192,16,512,27.1566
128,8192,16,1024,27.3270
128,8192,16,2048,27.6679
128,8192,16,4096,28.3496
128,8192,16,8192,41.2742
128,8192,16,16384,74.8286
128,8192,32,16,26.9968
128,8192,32,32,27.0074
128,8192,32,64,27.0288
128,8192,32,128,27.0714
128,8192,32,256,27.1566
128,8192,32,512,27.3270
128,8192,32,1024,27.6679
128,8192,32,2048,28.3496
128,8192,32,4096,41.3397
128,8192,32,8192,74.8941
128,8192,32,16384,142.0030
128,8192,64,16,27.0074
128,8192,64,32,27.0288
128,8192,64,64,27.0714
128,8192,64,128,27.1566
128,8192,64,256,27.3270
128,8192,64,512,27.6679
128,8192,64,1024,28.3496
128,8192,64,2048,41.4708
128,8192,64,4096,75.0252
128,8192,64,8192,142.1341
128,8192,64,16384,276.3518
128,8192,128,16,27.0288
128,8192,128,32,27.0714
128,8192,128,64,27.1566
128,8192,128,128,27.3270
128,8192,128,256,27.6679
128,8192,128,512,28.3496
128,8192,128,1024,41.7329
128,8192,128,2048,75.2874
128,8192,128,4096,142.3962
128,8192,128,8192,276.6140
128,8192,128,16384,545.0494
128,16384,0,0,48.8018
128,16384,1,16,48.8022
128,16384,1,32,48.8025
128,16384,1,64,48.8032
128,16384,1,128,48.8045
128,16384,1,256,48.8072
128,16384,1,512,48.8125
128,16384,1,1024,48.8232
128,16384,1,2048,48.8445
128,16384,1,4096,48.8871
128,16384,1,8192,48.9723
128,16384,1,16384,49.1427
128,16384,2,16,48.8025
128,16384,2,32,48.8032
128,16384,2,64,48.8045
128,16384,2,128,48.8072
128,16384,2,256,48.8125
128,16384,2,512,48.8232
128,16384,2,1024,48.8445
128,16384,2,2048,48.8871
128,16384,2,4096,48.9723
128,16384,2,8192,49.1427
128,16384,2,16384,49.4836
128,16384,4,16,48.8032
128,16384,4,32,48.8045
128,16384,4,64,48.8072
128,16384,4,128,48.8125
128,16384,4,256,48.8232
128,16384,4,512,48.8445
128,16384,4,1024,48.8871
128,16384,4,2048,48.9723
128,16384,4,4096,49.1427
128,16384,4,8192,49.4836
128,16384,4,16384,50.1653
128,16384,8,16,48.8045
128,16384,8,32,48.8072
128,16384,8,64,48.8125
128,16384,8,128,48.8232
128,16384,8,256,48.8445
128,16384,8,512,48.8871
128,16384,8,1024,48.9723
128,16384,8,2048,49.1427
128,16384,8,4096,49.4836
128,16384,8,8192,50.1653
128,16384,8,16384,51.5288
128,16384,16,16,48.8072
128,16384,16,32,48.8125
128,16384,16,64,48.8232
128,16384,16,128,48.8445
128,16384,16,256,48.8871
128,16384,16,512,48.9723
128,16384,16,1024,49.1427
128,16384,16,2048,49.4836
128,16384,16,4096,50.1653
128,16384,16,8192,51.5288
128,16384,16,16384,76.9258
128,16384,32,16,48.8125
128,16384,32,32,48.8232
128,16384,32,64,48.8445
128,16384,32,128,48.8871
128,16384,32,256,48.9723
128,16384,32,512,49.1427
128,16384,32,1024,49.4836
128,16384,32,2048,50.1653
128,16384,32,4096,51.5288
128,16384,32,8192,76.9913
128,16384,32,16384,144.1002
128,16384,64,16,48.8232
128,16384,64,32,48.8445
128,16384,64,64,48.8871
128,16384,64,128,48.9723
128,16384,64,256,49.1427
128,16384,64,512,49.4836
128,16384,64,1024,50.1653
128,16384,64,2048,51.5288
128,16384,64,4096,77.1224
128,16384,64,8192,144.2312
128,16384,64,16384,278.4490
128,16384,128,16,48.8445
128,16384,128,32,48.8871
128,16384,128,64,48.9723
128,16384,128,128,49.1427
128,16384,128,256,49.4836
128,16384,128,512,50.1653
128,16384,128,1024,51.5288
128,16384,128,2048,77.3845
128,16384,128,4096,144.4934
128,16384,128,8192,278.7111
128,16384,128,16384,547.1466
182,0,0,0,5.7921
182,0,1,512,5.9272
182,0,1,768,5.9928
182,0,1,1152,6.0911
182,0,1,1728,6.2385
182,0,1,2592,6.4597
182,0,1,3888,6.7915
182,0,1,5832,7.2892
182,0,1,8748,8.0356
182,0,1,13122,9.1554
182,0,1,16384,9.9905
182,0,2,512,6.0624
182,0,2,768,6.1935
182,0,2,1152,6.3901
182,0,2,1728,6.6850
182,0,2,2592,7.1274
182,0,2,3888,7.7909
182,0,2,5832,8.7862
182,0,2,8748,10.2792
182,0,2,13122,12.5187
182,0,2,16384,14.1889
182,0,4,512,6.3327
182,0,4,768,6.5949
182,0,4,1152,6.9881
182,0,4,1728,7.5779
182,0,4,2592,8.4627
182,0,4,3888,9.7898
182,0,4,5832,11.7804
182,0,4,8748,14.7664
182,0,4,13122,19.2454
182,0,4,16384,22.5857
182,0,8,512,6.8734
182,0,8,768,7.3977
182,0,8,1152,8.1841
182,0,8,1728,9.3638
182,0,8,2592,11.1332
182,0,8,3888,13.7875
182,0,8,5832,17.7688
182,0,8,8748,23.7407
182,0,8,13122,32.6987
182,0,8,16384,39.3793
182,0,16,512,7.9548
182,0,16,768,9.0033
182,0,16,1152,10.5762
182,0,16,1728,12.9355
182,0,16,2592,16.4744
182,0,16,3888,21.7828
182,0,16,5832,29.7455
182,0,16,8748,41.6894
182,0,16,13122,59.6053
182,0,16,16384,72.9665
182,0,32,512,10.1174
182,0,32,768,12.2146
182,0,32,1152,15.3603
182,0,32,1728,20.0789
182,0,32,2592,27.1568
182,0,32,3888,37.7736
182,0,32,5832,53.6989
182,0,32,8748,77.5868
182,0,32,13122,113.4186
182,0,32,16384,140.1409
182,0,64,512,14.4428
182,0,64,768,18.6371
182,0,64,1152,24.9286
182,0,64,1728,34.3658
182,0,64,2592,48.5215
182,0,64,3888,69.7552
182,0,64,5832,101.6057
182,0,64,8748,149.3814
182,0,64,13122,221.0451
182,0,64,16384,274.4897
182,0,128,512,23.0936
182,0,128,768,31.4822
182,0,128,1152,44.0651
182,0,128,1728,62.9395
182,0,128,2592,91.2510
182,0,128,3888,133.7183
182,0,128,5832,197.4193
182,0,128,8748,292.9708
182,0,128,13122,436.2980
182,0,128,16384,543.1873
182,512,0,0,7.2833
182,512,1,512,7.2939
182,512,1,768,7.2993
182,512,1,1152,7.3072
182,512,1,1728,7.3192
182,512,1,2592,7.3372
182,512,1,3888,7.3642
182,512,1,5832,7.4202
182,512,1,8748,8.1667
182,512,1,13122,9.2865
182,512,1,16384,10.1215
182,512,2,512,7.3046
182,512,2,768,7.3152
182,512,2,1152,7.3312
182,512,2,1728,7.3552
182,512,2,2592,7.3911
182,512,2,3888,7.9220
182,512,2,5832,8.9173
182,512,2,8748,10.4103
182,512,2,13122,12.6498
182,512,2,16384,14.3199
182,512,4,512,7.3259
182,512,4,768,7.3472
182,512,4,1152,7.3791
182,512,4,1728,7.7090
182,512,4,2592,8.5937
182,512,4,3888,9.9208
182,512,4,5832,11.9115
182,512,4,8748,14.8975
182,512,4,13122,19.3764
182,512,4,16384,22.7167
182,512,8,512,7.3685
182,512,8,768,7.5288
182,512,8,1152,8.3152
182,512,8,1728,9.4948
182,512,8,2592,11.2643
182,512,8,3888,13.9185
182,512,8,5832,17.8998
182,512,8,8748,23.8718
182,512,8,13122,32.8298
182,512,8,16384,39.5103
182,512,16,512,8.0858
182,512,16,768,9.1344
182,512,16,1152,10.7073
182,512,16,1728,13.0666
182,512,16,2592,16.6055
182,512,16,3888,21.9139
182,512,16,5832,29.8765
182,512,16,8748,41.8205
182,512,16,13122,59.7364
182,512,16,16384,73.0975
182,512,32,512,10.2485
182,512,32,768,12.3457
182,512,32,1152,15.4914
182,512,32,1728,20.2100
182,512,32,2592,27.2879
182,512,32,3888,37.9047
182,512,32,5832,53.8300
182,512,32,8748,77.7178
182,512,32,13122,113.5496
182,512,32,16384,140.2719
182,512,64,512,14.5739
182,512,64,768,18.7682
182,512,64,1152,25.0596
182,512,64,1728,34.4968
182,512,64,2592,48.6526
182,512,64,3888,69.8863
182,512,64,5832,101.7368
182,512,64,8748,149.5125
182,512,64,13122,221.1761
182,512,64,16384,274.6207
182,512,128,512,23.2246
182,512,128,768,31.6132
182,512,128,1152,44.1962
182,512,128,1728,63.0705
182,512,128,2592,91.3821
182,512,128,3888,133.8494
182,512,128,5832,197.5504
182,512,128,8748,293.1019
182,512,128,13122,436.4291
182,512,128,16384,543.3183
182,768,0,0,8.2526
182,768,1,512,8.2633
182,768,1,768,8.2686
182,768,1,1152,8.2766
182,768,1,1728,8.2886
182,768,1,2592,8.3066
182,768,1,3888,8.3335
182,768,1,5832,8.3740
182,768,1,8748,8.4346
182,768,1,13122,9.3520
182,768,1,16384,10.1871
182,768,2,512,8.2739
182,768,2,768,8.2846
182,768,2,1152,8.3006
182,768,2,1728,8.3245
182,768,2,2592,8.3605
182,768,2,3888,8.4144
182,768,2,5832,8.9828
182,768,2,8748,10.4758
182,768,2,13122,12.7153
182,768,2,16384,14.3855
182,768,4,512,8.2952
182,768,4,768,8.3165
182,768,4,1152,8.3485
182,768,4,1728,8.3964
182,768,4,2592,8.6593
182,768,4,3888,9.9864
182,768,4,5832,11.9770
182,768,4,8748,14.9630
182,768,4,13122,19.4420
182,768,4,16384,22.7823
182,768,8,512,8.3378
182,768,8,768,8.3805
182,768,8,1152,8.4444
182,768,8,1728,9.5604
182,768,8,2592,11.3299
182,768,8,3888,13.9841
182,768,8,5832,17.9654
182,768,8,8748,23.9373
182,768,8,13122,32.8953
182,768,8,16384,39.5759
182,768,16,512,8.4231
182,768,16,768,9.1999
182,768,16,1152,10.7728
182,768,16,1728,13.1321
182,768,16,2592,16.6710
182,768,16,3888,21.9795
182,768,16,5832,29.9421
182,768,16,8748,41.8860
182,768,16,13122,59.8019
182,768,16,16384,73.1631
182,768,32,512,10.3140
182,768,32,768,12.4112
182,768,32,1152,15.5569
182,768,32,1728,20.2755
182,768,32,2592,27.3534
182,768,32,3888,37.9702
182,768,32,5832,53.8955
182,768,32,8748,77.7834
182,768,32,13122,113.6152
182,768,32,16384,140.3375
182,768,64,512,14.6394
182,768,64,768,18.8337
182,768,64,1152,25.1252
182,768,64,1728,34.5624
182,768,64,2592,48.7181
182,768,64,3888,69.9518
182,768,64,5832,101.8023
182,768,64,8748,149.5780
182,768,64,13122,221.2417
182,768,64,16384,274.6863
182,768,128,512,23.2902
182,768,128,768,31.6788
182,768,128,1152,44.2617
182,768,128,1728,63.1361
182,768,128,2592,91.4476
182,768,128,3888,133.9149
182,768,128,5832,197.6159
182,768,128,8748,293.1674
182,768,128,13122,436.4947
182,768,128,16384,543.3839
182,1152,0,0,9.7066
182,1152,1,512,9.7173
182,1152,1,768,9.7226
182,1152,1,1152,9.7306
182,1152,1,1728,9.7426
182,1152,1,2592,9.7606
182,1152,1,3888,9.7875
182,1152,1,5832,9.8280
182,1152,1,8748,9.8887
182,1152,1,13122,9.9797
182,1152,1,16384,10.2854
182,1152,2,512,9.7280
182,1152,2,768,9.7386
182,1152,2,1152,9.7546
182,1152,2,1728,9.7786
182,1152,2,2592,9.8145
182,1152,2,3888,9.8684
182,1152,2,5832,9.9493
182,1152,2,8748,10.5741
182,1152,2,13122,12.8136
182,1152,2,16384,14.4838
182,1152,4,512,9.7493
182,1152,4,768,9.7706
182,1152,4,1152,9.8025
182,1152,4,1728,9.8505
182,1152,4,2592,9.9224
182,1152,4,3888,10.0847
182,1152,4,5832,12.0753
182,1152,4,8748,15.0613
182,1152,4,13122,19.5403
182,1152,4,16384,22.8806
182,1152,8,512,9.7919
182,1152,8,768,9.8345
182,1152,8,1152,9.8984
182,1152,8,1728,9.9943
182,1152,8,2592,11.4282
182,1152,8,3888,14.0824
182,1152,8,5832,18.0637
182,1152,8,8748,24.0356
182,1152,8,13122,32.9936
182,1152,8,16384,39.6742
182,1152,16,512,9.8771
182,1152,16,768,9.9623
182,1152,16,1152,10.8711
182,1152,16,1728,13.2304
182,1152,16,2592,16.7693
182,1152,16,3888,22.0778
182,1152,16,5832,30.0404
182,1152,16,8748,41.9843
182,1152,16,13122,59.9002
182,1152,16,16384,73.2614
182,1152,32,512,10.4124
182,1152,32,768,12.5095
182,1152,32,1152,15.6552
182,1152,32,1728,20.3738
182,1152,32,2592,27.4517
182,1152,32,3888,38.0685
182,1152,32,5832,53.9938
182,1152,32,8748,77.8817
182,1152,32,13122,113.7135
182,1152,32,16384,140.4358
182,1152,64,512,14.7377
182,1152,64,768,18.9320
182,1152,64,1152,25.2235
182,1152,64,1728,34.6607
182,1152,64,2592,48.8164
182,1152,64,3888,70.0501
182,1152,64,5832,101.9006
182,1152,64,8748,149.6764
182,1152,64,13122,221.3400
182,1152,64,16384,274.7846
182,1152,128,512,23.3885
182,1152,128,768,31.7771
182,1152,128,1152,44.3600
182,1152,128,1728,63.2344
182,1152,128,2592,91.5459
182,1152,128,3888,134.0132
182,1152,128,5832,197.7142
182,1152,128,8748,293.2657
182,1152,128,13122,436.5930
182,1152,128,16384,543.4822
182,1728,0,0,11.8877
182,1728,1,512,11.8983
182,1728,1,768,11.9037
182,1728,1,1152,11.9117
182,1728,1,1728,11.9236
182,1728,1,2592,11.9416
182,1728,1,3888,11.9686
182,1728,1,5832,12.0090
182,1728,1,8748,12.0697
182,1728,1,13122,12.1607
182,1728,1,16384,12.2286
182,1728,2,512,11.9090
182,1728,2,768,11.9196
182,1728,2,1152,11.9356
182,1728,2,1728,11.9596
182,1728,2,2592,11.9955
182,1728,2,3888,12.0495
182,1728,2,5832,12.1304
182,1728,2,8748,12.2517
182,1728,2,13122,12.9611
182,1728,2,16384,14.6312
182,1728,4,512,11.9303
182,1728,4,768,11.9516
182,1728,4,1152,11.9836
182,1728,4,1728,12.0315
182,1728,4,2592,12.1034
182,1728,4,3888,12.2112
182,1728,4,5832,12.3730
182,1728,4,8748,15.2088
182,1728,4,13122,19.6877
182,1728,4,16384,23.0280
182,1728,8,512,11.9729
182,1728,8,768,12.0155
182,1728,8,1152,12.0794
182,1728,8,1728,12.1753
182,1728,8,2592,12.3191
182,1728,8,3888,14.2298
182,1728,8,5832,18.2111
182,1728,8,8748,24.1831
182,1728,8,13122,33.1411
182,1728,8,16384,39.8216
182,1728,16,512,12.0581
182,1728,16,768,12.1433
182,1728,16,1152,12.2712
182,1728,16,1728,13.3779
182,1728,16,2592,16.9168
182,1728,16,3888,22.2252
182,1728,16,5832,30.1878
182,1728,16,8748,42.1318
182,1728,16,13122,60.0477
182,1728,16,16384,73.4088
182,1728,32,512,12.2286
182,1728,32,768,12.6570
182,1728,32,1152,15.8027
182,1728,32,1728,20.5213
182,1728,32,2592,27.5992
182,1728,32,3888,38.2160
182,1728,32,5832,54.1412
182,1728,32,8748,78.0291
182,1728,32,13122,113.8609
182,1728,32,16384,140.5832
182,1728,64,512,14.8852
182,1728,64,768,19.0795
182,1728,64,1152,25.3709
182,1728,64,1728,34.8081
182,1728,64,2592,48.9639
182,1728,64,3888,70.1976
182,1728,64,5832,102.0481
182,1728,64,8748,149.8238
182,1728,64,13122,221.4874
182,1728,64,16384,274.9320
182,1728,128,512,23.5359
182,1728,128,768,31.9245
182,1728,128,1152,44.5075
182,1728,128,1728,63.3818
182,1728,128,2592,91.6934
182,1728,128,3888,134.1607
182,1728,128,5832,197.8617
182,1728,128,8748,293.4132
182,1728,128,13122,436.7404
182,1728,128,16384,543.6296
182,2592,0,0,15.1592
182,2592,1,512,15.1699
182,2592,1,768,15.1752
182,2592,1,1152,15.1832
182,2592,1,1728,15.1952
182,2592,1,2592,15.2132
182,2592,1,3888,15.2401
182,2592,1,5832,15.2806
182,2592,1,8748,15.3412
182,2592,1,13122,15.4322
182,2592,1,16384,15.5001
182,2592,2,512,15.1805
182,2592,2,768,15.1912
182,2592,2,1152,15.2072
182,2592,2,1728,15.2311
182,2592,2,2592,15.2671
182,2592,2,3888,15.3210
182,2592,2,5832,15.4019
182,2592,2,8748,15.5233
182,2592,2,13122,15.7053
182,2592,2,16384,15.8410
182,2592,4,512,15.2019
182,2592,4,768,15.2232
182,2592,4,1152,15.2551
182,2592,4,1728,15.3030
182,2592,4,2592,15.3750
182,2592,4,3888,15.4828
182,2592,4,5832,15.6446
182,2592,4,8748,15.8873
182,2592,4,13122,19.9089
182,2592,4,16384,23.2492
182,2592,8,512,15.2445
182,2592,8,768,15.2871
182,2592,8,1152,15.3510
182,2592,8,1728,15.4469
182,2592,8,2592,15.5907
182,2592,8,3888,15.8064
182,2592,8,5832,18.4323
182,2592,8,8748,24.4043
182,2592,8,13122,33.3622
182,2592,8,16384,40.0428
182,2592,16,512,15.3297
182,2592,16,768,15.4149
182,2592,16,1152,15.5427
182,2592,16,1728,15.7345
182,2592,16,2592,17.1380
182,2592,16,3888,22.4464
182,2592,16,5832,30.4090
182,2592,16,8748,42.3530
182,2592,16,13122,60.2689
182,2592,16,16384,73.6300
182,2592,32,512,15.5001
182,2592,32,768,15.6706
182,2592,32,1152,16.0239
182,2592,32,1728,20.7425
182,2592,32,2592,27.8204
182,2592,32,3888,38.4372
182,2592,32,5832,54.3624
182,2592,32,8748,78.2503
182,2592,32,13122,114.0821
182,2592,32,16384,140.8044
182,2592,64,512,15.8410
182,2592,64,768,19.3007
182,2592,64,1152,25.5921
182,2592,64,1728,35.0293
182,2592,64,2592,49.1851
182,2592,64,3888,70.4188
182,2592,64,5832,102.2692
182,2592,64,8748,150.0450
182,2592,64,13122,221.7086
182,2592,64,16384,275.1532
182,2592,128,512,23.7571
182,2592,128,768,32.1457
182,2592,128,1152,44.7286
182,2592,128,1728,63.6030
182,2592,128,2592,91.9146
182,2592,128,3888,134.3819
182,2592,128,5832,198.0829
182,2592,128,8748,293.6344
182,2592,128,13122,436.9616
182,2592,128,16384,543.8508
182,3888,0,0,20.0666
182,3888,1,512,20.0772
182,3888,1,768,20.0826
182,3888,1,1152,20.0905
182,3888,1,1728,20.1025
182,3888,1,2592,20.1205
182,3888,1,3888,20.1475
182,3888,1,5832,20.1879
182,3888,1,8748,20.2486
182,3888,1,13122,20.3396
182,3888,1,16384,20.4075
182,3888,2,512,20.0879
182,3888,2,768,20.0985
182,3888,2,1152,20.1145
182,3888,2,1728,20.1385
182,3888,2,2592,20.1744
182,3888,2,3888,20.2284
182,3888,2,5832,20.3093
182,3888,2,8748,20.4306
182,3888,2,13122,20.6126
182,3888,2,16384,20.7483
182,3888,4,512,20.1092
182,3888,4,768,20.1305
182,3888,4,1152,20.1625
182,3888,4,1728,20.2104
182,3888,4,2592,20.2823
182,3888,4,3888,20.3901
182,3888,4,5832,20.5519
182,3888,4,8748,20.7946
182,3888,4,13122,21.1586
182,3888,4,16384,23.5810
182,3888,8,512,20.1518
182,3888,8,768,20.1944
182,3888,8,1152,20.2583
182,3888,8,1728,20.3542
182,3888,8,2592,20.4980
182,3888,8,3888,20.7137
182,3888,8,5832,21.0373
182,3888,8,8748,24.7361
182,3888,8,13122,33.6940
182,3888,8,16384,40.3746
182,3888,16,512,20.2370
182,3888,16,768,20.3222
182,3888,16,1152,20.4501
182,3888,16,1728,20.6418
182,3888,16,2592,20.9294
182,3888,16,3888,22.7782
182,3888,16,5832,30.7408
182,3888,16,8748,42.6847
182,3888,16,13122,60.6006
182,3888,16,16384,73.9618
182,3888,32,512,20.4075
182,3888,32,768,20.5779
182,3888,32,1152,20.8335
182,3888,32,1728,21.2170
182,3888,32,2592,28.1521
182,3888,32,3888,38.7690
182,3888,32,5832,54.6942
182,3888,32,8748,78.5821
182,3888,32,13122,114.4139
182,3888,32,16384,141.1362
182,3888,64,512,20.7483
182,3888,64,768,21.0892
182,3888,64,1152,25.9239
182,3888,64,1728,35.3611
182,3888,64,2592,49.5169
182,3888,64,3888,70.7505
182,3888,64,5832,102.6010
182,3888,64,8748,150.3768
182,3888,64,13122,222.0404
182,3888,64,16384,275.4850
182,3888,128,512,24.0889
182,3888,128,768,32.4775
182,3888,128,1152,45.0604
182,3888,128,1728,63.9348
182,3888,128,2592,92.2463
182,3888,128,3888,134.7137
182,3888,128,5832,198.4147
182,3888,128,8748,293.9661
182,3888,128,13122,437.2934
182,3888,128,16384,544.1826
182,5832,0,0,27.4276
182,5832,1,512,27.4382
182,5832,1,768,27.4436
182,5832,1,1152,27.4516
182,5832,1,1728,27.4635
182,5832,1,2592,27.4815
182,5832,1,3888,27.5085
182,5832,1,5832,27.5489
182,5832,1,8748,27.6096
182,5832,1,13122,27.7006
182,5832,1,16384,27.7685
182,5832,2,512,27.4489
182,5832,2,768,27.4595
182,5832,2,1152,27.4755
182,5832,2,1728,27.4995
182,5832,2,2592,27.5354
182,5832,2,3888,27.5894
182,5832,2,5832,27.6703
182,5832,2,8748,27.7916
182,5832,2,13122,27.9736
182,5832,2,16384,28.1093
182,5832,4,512,27.4702
182,5832,4,768,27.4915
182,5832,4,1152,27.5235
182,5832,4,1728,27.5714
182,5832,4,2592,27.6433
182,5832,4,3888,27.7511
182,5832,4,5832,27.9129
182,5832,4,8748,28.1556
182,5832,4,13122,28.5196
182,5832,4,16384,28.7911
182,5832,8,512,27.5128
182,5832,8,768,27.5554
182,5832,8,1152,27.6193
182,5832,8,1728,27.7152
182,5832,8,2592,27.8590
182,5832,8,3888,28.0747
182,5832,8,5832,28.3983
182,5832,8,8748,28.8836
182,5832,8,13122,34.1917
182,5832,8,16384,40.8723
182,5832,16,512,27.5980
182,5832,16,768,27.6832
182,5832,16,1152,27.8111
182,5832,16,1728,28.0028
182,5832,16,2592,28.2904
182,5832,16,3888,28.7218
182,5832,16,5832,31.2385
182,5832,16,8748,43.1824
182,5832,16,13122,61.0983
182,5832,16,16384,74.4595
182,5832,32,512,27.7685
182,5832,32,768,27.9389
182,5832,32,1152,28.1945
182,5832,32,1728,28.5780
182,5832,32,2592,29.1532
182,5832,32,3888,39.2666
182,5832,32,5832,55.1919
182,5832,32,8748,79.0797
182,5832,32,13122,114.9116
182,5832,32,16384,141.6339
182,5832,64,512,28.1093
182,5832,64,768,28.4502
182,5832,64,1152,28.9615
182,5832,64,1728,35.8588
182,5832,64,2592,50.0145
182,5832,64,3888,71.2482
182,5832,64,5832,103.0987
182,5832,64,8748,150.8744
182,5832,64,13122,222.5380
182,5832,64,16384,275.9827
182,5832,128,512,28.7911
182,5832,128,768,32.9752
182,5832,128,1152,45.5581
182,5832,128,1728,64.4324
182,5832,128,2592,92.7440
182,5832,128,3888,135.2113
182,5832,128,5832,198.9123
182,5832,128,8748,294.4638
182,5832,128,13122,437.7910
182,5832,128,16384,544.6803
182,8748,0,0,38.4691
182,8748,1,512,38.4797
182,8748,1,768,38.4851
182,8748,1,1152,38.4931
182,8748,1,1728,38.5050
182,8748,1,2592,38.5230
182,8748,1,3888,38.5500
182,8748,1,5832,38.5904
182,8748,1,8748,38.6511
182,8748,1,13122,38.7421
182,8748,1,16384,38.8100
182,8748,2,512,38.4904
182,8748,2,768,38.5010
182,8748,2,1152,38.5170
182,8748,2,1728,38.5410
182,8748,2,2592,38.5769
182,8748,2,3888,38.6309
182,8748,2,5832,38.7118
182,8748,2,8748,38.8331
182,8748,2,13122,39.0151
182,8748,2,16384,39.1508
182,8748,4,512,38.5117
182,8748,4,768,38.5330
182,8748,4,1152,38.5650
182,8748,4,1728,38.6129
182,8748,4,2592,38.6848
182,8748,4,3888,38.7927
182,8748,4,5832,38.9544
182,8748,4,8748,39.1971
182,8748,4,13122,39.5611
182,8748,4,16384,39.8326
182,8748,8,512,38.5543
182,8748,8,768,38.5969
182,8748,8,1152,38.6608
182,8748,8,1728,38.7567
182,8748,8,2592,38.9005
182,8748,8,3888,39.1162
182,8748,8,5832,39.4398
182,8748,8,8748,39.9251
182,8748,8,13122,40.6531
182,8748,8,16384,41.6188
182,8748,16,512,38.6395
182,8748,16,768,38.7247
182,8748,16,1152,38.8526
182,8748,16,1728,39.0443
182,8748,16,2592,39.3319
182,8748,16,3888,39.7633
182,8748,16,5832,40.4105
182,8748,16,8748,43.9289
182,8748,16,13122,61.8448
182,8748,16,16384,75.2060
182,8748,32,512,38.8100
182,8748,32,768,38.9804
182,8748,32,1152,39.2360
182,8748,32,1728,39.6195
182,8748,32,2592,40.1947
182,8748,32,3888,41.0576
182,8748,32,5832,55.9384
182,8748,32,8748,79.8262
182,8748,32,13122,115.6580
182,8748,32,16384,142.3804
182,8748,64,512,39.1508
182,8748,64,768,39.4917
182,8748,64,1152,40.0030
182,8748,64,1728,40.7700
182,8748,64,2592,50.7610
182,8748,64,3888,71.9947
182,8748,64,5832,103.8452
182,8748,64,8748,151.6209
182,8748,64,13122,223.2845
182,8748,64,16384,276.7292
182,8748,128,512,39.8326
182,8748,128,768,40.5143
182,8748,128,1152,46.3046
182,8748,128,1728,65.1789
182,8748,128,2592,93.4905
182,8748,128,3888,135.9578
182,8748,128,5832,199.6588
182,8748,128,8748,295.2103
182,8748,128,13122,438.5375
182,8748,128,16384,545.4268
182,13122,0,0,55.0313
182,13122,1,512,55.0420
182,13122,1,768,55.0473
182,13122,1,1152,55.0553
182,13122,1,1728,55.0673
182,13122,1,2592,55.0853
182,13122,1,3888,55.1122
182,13122,1,5832,55.1527
182,13122,1,8748,55.2134
182,13122,1,13122,55.3044
182,13122,1,16384,55.3722
182,13122,2,512,55.0527
182,13122,2,768,55.0633
182,13122,2,1152,55.0793
182,13122,2,1728,55.1032
182,13122,2,2592,55.1392
182,13122,2,3888,55.1931
182,13122,2,5832,55.2740
182,13122,2,8748,55.3954
182,13122,2,13122,55.5774
182,13122,2,16384,55.7131
182,13122,4,512,55.0740
182,13122,4,768,55.0953
182,13122,4,1152,55.1272
182,13122,4,1728,55.1752
182,13122,4,2592,55.2471
182,13122,4,3888,55.3549
182,13122,4,5832,55.5167
182,13122,4,8748,55.7594
182,13122,4,13122,56.1234
182,13122,4,16384,56.3948
182,13122,8,512,55.1166
182,13122,8,768,55.1592
182,13122,8,1152,55.2231
182,13122,8,1728,55.3190
182,13122,8,2592,55.4628
182,13122,8,3888,55.6785
182,13122,8,5832,56.0020
182,13122,8,8748,56.4874
182,13122,8,13122,57.2154
182,13122,8,16384,57.7583
182,13122,16,512,55.2018
182,13122,16,768,55.2870
182,13122,16,1152,55.4148
182,13122,16,1728,55.6066
182,13122,16,2592,55.8942
182,13122,16,3888,56.3256
182,13122,16,5832,56.9727
182,13122,16,8748,57.9434
182,13122,16,13122,62.9645
182,13122,16,16384,76.3257
182,13122,32,512,55.3722
182,13122,32,768,55.5427
182,13122,32,1152,55.7983
182,13122,32,1728,56.1818
182,13122,32,2592,56.7570
182,13122,32,3888,57.6198
182,13122,32,5832,58.9141
182,13122,32,8748,80.9460
182,13122,32,13122,116.7778
182,13122,32,16384,143.5001
182,13122,64,512,55.7131
182,13122,64,768,56.0540
182,13122,64,1152,56.5653
182,13122,64,1728,57.3322
182,13122,64,2592,58.4827
182,13122,64,3888,73.1144
182,13122,64,5832,104.9649
182,13122,64,8748,152.7407
182,13122,64,13122,224.4043
182,13122,64,16384,277.8489
182,13122,128,512,56.3948
182,13122,128,768,57.0766
182,13122,128,1152,58.0992
182,13122,128,1728,66.2987
182,13122,128,2592,94.6102
182,13122,128,3888,137.0776
182,13122,128,5832,200.7786
182,13122,128,8748,296.3300
182,13122,128,13122,439.6573
182,13122,128,16384,546.5465
182,16384,0,0,67.3830
182,16384,1,512,67.3936
182,16384,1,768,67.3990
182,16384,1,1152,67.4070
182,16384,1,1728,67.4189
182,16384,1,2592,67.4369
182,16384,1,3888,67.4639
182,16384,1,5832,67.5043
182,16384,1,8748,67.5650
182,16384,1,13122,67.6560
182,16384,1,16384,67.7239
182,16384,2,512,67.4043
182,16384,2,768,67.4149
182,16384,2,1152,67.4309
182,16384,2,1728,67.4549
182,16384,2,2592,67.4908
182,16384,2,3888,67.5448
182,16384,2,5832,67.6257
182,16384,2,8748,67.7470
182,16384,2,13122,67.9290
182,16384,2,16384,68.0647
182,16384,4,512,67.4256
182,16384,4,768,67.4469
182,16384,4,1152,67.4789
182,16384,4,1728,67.5268
182,16384,4,2592,67.5987
182,16384,4,3888,67.7066
182,16384,4,5832,67.8683
182,16384,4,8748,68.1110
182,16384,4,13122,68.4750
182,16384,4,16384,68.7465
182,16384,8,512,67.4682
182,16384,8,768,67.5108
182,16384,8,1152,67.5747
182,16384,8,1728,67.6706
182,16384,8,2592,67.8144
182,16384,8,3888,68.0301
182,16384,8,5832,68.3537
182,16384,8,8748,68.8390
182,16384,8,13122,69.5670
182,16384,8,16384,70.1100
182,16384,16,512,67.5534
182,16384,16,768,67.6386
182,16384,16,1152,67.7665
182,16384,16,1728,67.9582
182,16384,16,2592,68.2458
182,16384,16,3888,68.6772
182,16384,16,5832,69.3244
182,16384,16,8748,70.2950
182,16384,16,13122,71.7511
182,16384,16,16384,77.1608
182,16384,32,512,67.7239
182,16384,32,768,67.8943
182,16384,32,1152,68.1499
182,16384,32,1728,68.5334
182,16384,32,2592,69.1086
182,16384,32,3888,69.9715
182,16384,32,5832,71.2657
182,16384,32,8748,81.7811
182,16384,32,13122,117.6129
182,16384,32,16384,144.3352
182,16384,64,512,68.0647
182,16384,64,768,68.4056
182,16384,64,1152,68.9169
182,16384,64,1728,69.6839
182,16384,64,2592,70.8343
182,16384,64,3888,73.9495
182,16384,64,5832,105.8000
182,16384,64,8748,153.5757
182,16384,64,13122,225.2394
182,16384,64,16384,278.6840
182,16384,128,512,68.7465
182,16384,128,768,69.4282
182,16384,128,1152,70.4508
182,16384,128,1728,71.9847
182,16384,128,2592,95.4453
182,16384,128,3888,137.9126
182,16384,128,5832,201.6136
182,16384,128,8748,297.1651
182,16384,128,13122,440.4924
182,16384,128,16384,547.3816
256,0,0,0,6.1141
256,0,1,16,6.1223
256,0,1,32,6.1264
256,0,1,64,6.1346
256,0,1,128,6.1510
256,0,1,256,6.1837
256,0,1,512,6.2493
256,0,1,1024,6.3804
256,0,1,2048,6.6425
256,0,1,4096,7.1668
256,0,1,8192,8.2154
256,0,1,16384,10.3125
256,0,2,16,6.1305
256,0,2,32,6.1387
256,0,2,64,6.1551
256,0,2,128,6.1878
256,0,2,256,6.2534
256,0,2,512,6.3844
256,0,2,1024,6.6466
256,0,2,2048,7.1709
256,0,2,4096,8.2195
256,0,2,8192,10.3166
256,0,2,16384,14.5109
256,0,4,16,6.1469
256,0,4,32,6.1633
256,0,4,64,6.1960
256,0,4,128,6.2616
256,0,4,256,6.3926
256,0,4,512,6.6548
256,0,4,1024,7.1791
256,0,4,2048,8.2276
256,0,4,4096,10.3248
256,0,4,8192,14.5191
256,0,4,16384,22.9077
256,0,8,16,6.1796
256,0,8,32,6.2124
256,0,8,64,6.2780
256,0,8,128,6.4090
256,0,8,256,6.6712
256,0,8,512,7.1955
256,0,8,1024,8.2440
256,0,8,2048,10.3412
256,0,8,4096,14.5355
256,0,8,8192,22.9241
256,0,8,16384,39.7013
256,0,16,16,6.2452
256,0,16,32,6.3107
256,0,16,64,6.4418
256,0,16,128,6.7039
256,0,16,256,7.2282
256,0,16,512,8.2768
256,0,16,1024,10.3740
256,0,16,2048,14.5683
256,0,16,4096,22.9569
256,0,16,8192,39.7341
256,0,16,16384,73.2885
256,0,32,16,6.3763
256,0,32,32,6.5073
256,0,32,64,6.7695
256,0,32,128,7.2938
256,0,32,256,8.3423
256,0,32,512,10.4395
256,0,32,1024,14.6338
256,0,32,2048,23.0224
256,0,32,4096,39.7996
256,0,32,8192,73.3540
256,0,32,16384,140.4629
256,0,64,16,6.6384
256,0,64,32,6.9005
256,0,64,64,7.4248
256,0,64,128,8.4734
256,0,64,256,10.5706
256,0,64,512,14.7649
256,0,64,1024,23.1535
256,0,64,2048,39.9307
256,0,64,4096,73.4851
256,0,64,8192,140.5940
256,0,64,16384,274.8117
256,0,128,16,7.1627
256,0,128,32,7.6870
256,0,128,64,8.7356
256,0,128,128,10.8327
256,0,128,256,15.0270
256,0,128,512,23.4156
256,0,128,1024,40.1928
256,0,128,2048,73.7473
256,0,128,4096,140.8561
256,0,128,8192,275.0739
256,0,128,16384,543.5093
256,16,0,0,6.1182
256,16,1,16,6.1264
256,16,1,32,6.1305
256,16,1,64,6.1387
256,16,1,128,6.1551
256,16,1,256,6.1878
256,16,1,512,6.2534
256,16,1,1024,6.3844
256,16,1,2048,6.6466
256,16,1,4096,7.1709
256,16,1,8192,8.2195
256,16,1,16384,10.3166
256,16,2,16,6.1346
256,16,2,32,6.1428
256,16,2,64,6.1592
256,16,2,128,6.1919
256,16,2,256,6.2575
256,16,2,512,6.3885
256,16,2,1024,6.6507
256,16,2,2048,7.1750
256,16,2,4096,8.2236
256,16,2,8192,10.3207
256,16,2,16384,14.5150
256,16,4,16,6.1510
256,16,4,32,6.1674
256,16,4,64,6.2001
256,16,4,128,6.2657
256,16,4,256,6.3967
256,16,4,512,6.6589
256,16,4,1024,7.1832
256,16,4,2048,8.2317
256,16,4,4096,10.3289
256,16,4,8192,14.5232
256,16,4,16384,22.9118
256,16,8,16,6.1837
256,16,8,32,6.2165
256,16,8,64,6.2820
256,16,8,128,6.4131
256,16,8,256,6.6753
256,16,8,512,7.1996
256,16,8,1024,8.2481
256,16,8,2048,10.3453
256,16,8,4096,14.5396
256,16,8,8192,22.9282
256,16,8,16384,39.7054
256,16,16,16,6.2493
256,16,16,32,6.3148
256,16,16,64,6.4459
256,16,16,128,6.7080
256,16,16,256,7.2323
256,16,16,512,8.2809
256,16,16,1024,10.3780
256,16,16,2048,14.5724
256,16,16,4096,22.9610
256,16,16,8192,39.7382
256,16,16,16384,73.2926
256,16,32,16,6.3804
256,16,32,32,6.5114
256,16,32,64,6.7736
256,16,32,128,7.2979
256,16,32,256,8.3464
256,16,32,512,10.4436
256,16,32,1024,14.6379
256,16,32,2048,23.0265
256,16,32,4096,39.8037
256,16,32,8192,73.3581
256,16,32,16384,140.4670
256,16,64,16,6.6425
256,16,64,32,6.9046
256,16,64,64,7.4289
256,16,64,128,8.4775
256,16,64,256,10.5747
256,16,64,512,14.7690
256,16,64,1024,23.1576
256,16,64,2048,39.9348
256,16,64,4096,73.4892
256,16,64,8192,140.5981
256,16,64,16384,274.8158
256,16,128,16,7.1668
256,16,128,32,7.6911
256,16,128,64,8.7396
256,16,128,128,10.8368
256,16,128,256,15.0311
256,16,128,512,23.4197
256,16,128,1024,40.1969
256,16,128,2048,73.7514
256,16,128,4096,140.8602
256,16,128,8192,275.0780
256,16,128,16384,543.5134
256,32,0,0,6.1223
256,32,1,16,6.1305
256,32,1,32,6.1346
256,32,1,64,6.1428
256,32,1,128,6.1592
256,32,1,256,6.1919
256,32,1,512,6.2575
256,32,1,1024,6.3885
256,32,1,2048,6.6507
256,32,1,4096,7.1750
256,32,1,8192,8.2236
256,32,1,16384,10.3207
256,32,2,16,6.1387
256,32,2,32,6.1469
256,32,2,64,6.1633
256,32,2,128,6.1960
256,32,2,256,6.2616
256,32,2,512,6.3926
256,32,2,1024,6.6548
256,32,2,2048,7.1791
256,32,2,4096,8.2276
256,32,2,8192,10.3248
256,32,2,16384,14.5191
256,32,4,16,6.1551
256,32,4,32,6.1715
256,32,4,64,6.2042
256,32,4,128,6.2698
256,32,4,256,6.4008
256,32,4,512,6.6630
256,32,4,1024,7.1873
256,32,4,2048,8.2358
256,32,4,4096,10.3330
256,32,4,8192,14.5273
256,32,4,16384,22.9159
256,32,8,16,6.1878
256,32,8,32,6.2206
256,32,8,64,6.2861
256,32,8,128,6.4172
256,32,8,256,6.6794
256,32,8,512,7.2036
256,32,8,1024,8.2522
256,32,8,2048,10.3494
256,32,8,4096,14.5437
256,32,8,8192,22.9323
256,32,8,16384,39.7095
256,32,16,16,6.2534
256,32,16,32,6.3189
256,32,16,64,6.4500
256,32,16,128,6.7121
256,32,16,256,7.2364
256,32,16,512,8.2850
256,32,16,1024,10.3821
256,32,16,2048,14.5764
256,32,16,4096,22.9651
256,32,16,8192,39.7423
256,32,16,16384,73.2967
256,32,32,16,6.3844
256,32,32,32,6.5155
256,32,32,64,6.7777
256,32,32,128,7.3020
256,32,32,256,8.3505
256,32,32,512,10.4477
256,32,32,1024,14.6420
256,32,32,2048,23.0306
256,32,32,4096,39.8078
256,32,32,8192,73.3622
256,32,32,16384,140.4711
256,32,64,16,6.6466
256,32,64,32,6.9087
256,32,64,64,7.4330
256,32,64,128,8.4816
256,32,64,256,10.5788
256,32,64,512,14.7731
256,32,64,1024,23.1617
256,32,64,2048,39.9389
256,32,64,4096,73.4933
256,32,64,8192,140.6022
256,32,64,16384,274.8199
256,32,128,16,7.1709
256,32,128,32,7.6952
256,32,128,64,8.7437
256,32,128,128,10.8409
256,32,128,256,15.0352
256,32,128,512,23.4238
256,32,128,1024,40.2010
256,32,128,2048,73.7555
256,32,128,4096,140.8643
256,32,128,8192,275.0820
256,32,128,16384,543.5175
256,64,0,0,6.1305
256,64,1,16,6.1387
256,64,1,32,6.1428
256,64,1,64,6.1510
256,64,1,128,6.1674
256,64,1,256,6.2001
256,64,1,512,6.2657
256,64,1,1024,6.3967
256,64,1,2048,6.6589
256,64,1,4096,7.1832
256,64,1,8192,8.2317
256,64,1,16384,10.3289
256,64,2,16,6.1469
256,64,2,32,6.1551
256,64,2,64,6.1715
256,64,2,128,6.2042
256,64,2,256,6.2698
256,64,2,512,6.4008
256,64,2,1024,6.6630
256,64,2,2048,7.1873
256,64,2,4096,8.2358
256,64,2,8192,10.3330
256,64,2,16384,14.5273
256,64,4,16,6.1633
256,64,4,32,6.1796
256,64,4,64,6.2124
256,64,4,128,6.2780
256,64,4,256,6.4090
256,64,4,512,6.6712
256,64,4,1024,7.1955
256,64,4,2048,8.2440
256,64,4,4096,10.3412
256,64,4,8192,14.5355
256,64,4,16384,22.9241
256,64,8,16,6.1960
256,64,8,32,6.2288
256,64,8,64,6.2943
256,64,8,128,6.4254
256,64,8,256,6.6876
256,64,8,512,7.2118
256,64,8,1024,8.2604
256,64,8,2048,10.3576
256,64,8,4096,14.5519
256,64,8,8192,22.9405
256,64,8,16384,39.7177
256,64,16,16,6.2616
256,64,16,32,6.3271
256,64,16,64,6.4582
256,64,16,128,6.7203
256,64,16,256,7.2446
256,64,16,512,8.2932
256,64,16,1024,10.3903
256,64,16,2048,14.5846
256,64,16,4096,22.9732
256,64,16,8192,39.7505
256,64,16,16384,73.3049
256,64,32,16,6.3926
256,64,32,32,6.5237
256,64,32,64,6.7859
256,64,32,128,7.3101
256,64,32,256,8.3587
256,64,32,512,10.4559
256,64,32,1024,14.6502
256,64,32,2048,23.0388
256,64,32,4096,39.8160
256,64,32,8192,73.3704
256,64,32,16384,140.4793
256,64,64,16,6.6548
256,64,64,32,6.9169
256,64,64,64,7.4412
256,64,64,128,8.4898
256,64,64,256,10.5869
256,64,64,512,14.7812
256,64,64,1024,23.1699
256,64,64,2048,39.9471
256,64,64,4096,73.5015
256,64,64,8192,140.6104
256,64,64,16384,274.8281
256,64,128,16,7.1791
256,64,128,32,7.7034
256,64,128,64,8.7519
256,64,128,128,10.8491
256,64,128,256,15.0434
256,64,128,512,23.4320
256,64,128,1024,40.2092
256,64,128,2048,73.7636
256,64,128,4096,140.8725
256,64,128,8192,275.0902
256,64,128,16384,543.5257
256,128,0,0,6.3635
256,128,1,16,6.3638
256,128,1,32,6.3641
256,128,1,64,6.3648
256,128,1,128,6.3661
256,128,1,256,6.3688
256,128,1,512,6.3741
256,128,1,1024,6.4131
256,128,1,2048,6.6753
256,128,1,4096,7.1996
256,128,1,8192,8.2481
256,128,1,16384,10.3453
256,128,2,16,6.3641
256,128,2,32,6.3648
256,128,2,64,6.3661
256,128,2,128,6.3688
256,128,2,256,6.3741
256,128,2,512,6.4172
256,128,2,1024,6.6794
256,128,2,2048,7.2036
256,128,2,4096,8.2522
256,128,2,8192,10.3494
256,128,2,16384,14.5437
256,128,4,16,6.3648
256,128,4,32,6.3661
256,128,4,64,6.3688
256,128,4,128,6.3741
256,128,4,256,6.4254
256,128,4,512,6.6876
256,128,4,1024,7.2118
256,128,4,2048,8.2604
256,128,4,4096,10.3576
256,128,4,8192,14.5519
256,128,4,16384,22.9405
256,128,8,16,6.3661
256,128,8,32,6.3688
256,128,8,64,6.3741
256,128,8,128,6.4418
256,128,8,256,6.7039
256,128,8,512,7.2282
256,128,8,1024,8.2768
256,128,8,2048,10.3740
256,128,8,4096,14.5683
256,128,8,8192,22.9569
256,128,8,16384,39.7341
256,128,16,16,6.3688
256,128,16,32,6.3741
256,128,16,64,6.4746
256,128,16,128,6.7367
256,128,16,256,7.2610
256,128,16,512,8.3096
256,128,16,1024,10.4067
256,128,16,2048,14.6010
256,128,16,4096,22.9896
256,128,16,8192,39.7668
256,128,16,16384,73.3213
256,128,32,16,6.4090
256,128,32,32,6.5401
256,128,32,64,6.8022
256,128,32,128,7.3265
256,128,32,256,8.3751
256,128,32,512,10.4723
256,128,32,1024,14.6666
256,128,32,2048,23.0552
256,128,32,4096,39.8324
256,128,32,8192,73.3868
256,128,32,16384,140.4957
256,128,64,16,6.6712
256,128,64,32,6.9333
256,128,64,64,7.4576
256,128,64,128,8.5062
256,128,64,256,10.6033
256,128,64,512,14.7976
256,128,64,1024,23.1862
256,128,64,2048,39.9635
256,128,64,4096,73.5179
256,128,64,8192,140.6268
256,128,64,16384,274.8445
256,128,128,16,7.1955
256,128,128,32,7.7197
256,128,128,64,8.7683
256,128,128,128,10.8655
256,128,128,256,15.0598
256,128,128,512,23.4484
256,128,128,1024,40.2256
256,128,128,2048,73.7800
256,128,128,4096,140.8889
256,128,128,8192,275.1066
256,128,128,16384,543.5421
256,256,0,0,7.0452
256,256,1,16,7.0456
256,256,1,32,7.0459
256,256,1,64,7.0466
256,256,1,128,7.0479
256,256,1,256,7.0505
256,256,1,512,7.0559
256,256,1,1024,7.0665
256,256,1,2048,7.0878
256,256,1,4096,7.2323
256,256,1,8192,8.2809
256,256,1,16384,10.3780
256,256,2,16,7.0459
256,256,2,32,7.0466
256,256,2,64,7.0479
256,256,2,128,7.0505
256,256,2,256,7.0559
256,256,2,512,7.0665
256,256,2,1024,7.0878
256,256,2,2048,7.2364
256,256,2,4096,8.2850
256,256,2,8192,10.3821
256,256,2,16384,14.5764
256,256,4,16,7.0466
256,256,4,32,7.0479
256,256,4,64,7.0505
256,256,4,128,7.0559
256,256,4,256,7.0665
256,256,4,512,7.0878
256,256,4,1024,7.2446
256,256,4,2048,8.2932
256,256,4,4096,10.3903
256,256,4,8192,14.5846
256,256,4,16384,22.9732
256,256,8,16,7.0479
256,256,8,32,7.0505
256,256,8,64,7.0559
256,256,8,128,7.0665
256,256,8,256,7.0878
256,256,8,512,7.2610
256,256,8,1024,8.3096
256,256,8,2048,10.4067
256,256,8,4096,14.6010
256,256,8,8192,22.9896
256,256,8,16384,39.7668
256,256,16,16,7.0505
256,256,16,32,7.0559
256,256,16,64,7.0665
256,256,16,128,7.0878
256,256,16,256,7.2938
256,256,16,512,8.3423
256,256,16,1024,10.4395
256,256,16,2048,14.6338
256,256,16,4096,23.0224
256,256,16,8192,39.7996
256,256,16,16384,73.3540
256,256,32,16,7.0559
256,256,32,32,7.0665
256,256,32,64,7.0878
256,256,32,128,7.3593
256,256,32,256,8.4079
256,256,32,512,10.5050
256,256,32,1024,14.6993
256,256,32,2048,23.0879
256,256,32,4096,39.8652
256,256,32,8192,73.4196
256,256,32,16384,140.5284
256,256,64,16,7.0665
256,256,64,32,7.0878
256,256,64,64,7.4904
256,256,64,128,8.5389
256,256,64,256,10.6361
256,256,64,512,14.8304
256,256,64,1024,23.2190
256,256,64,2048,39.9962
256,256,64,4096,73.5507
256,256,64,8192,140.6595
256,256,64,16384,274.8772
256,256,128,16,7.2282
256,256,128,32,7.7525
256,256,128,64,8.8011
256,256,128,128,10.8982
256,256,128,256,15.0925
256,256,128,512,23.4812
256,256,128,1024,40.2584
256,256,128,2048,73.8128
256,256,128,4096,140.9217
256,256,128,8192,275.1394
256,256,128,16384,543.5748
256,512,0,0,8.4087
256,512,1,16,8.4090
256,512,1,32,8.4094
256,512,1,64,8.4100
256,512,1,128,8.4114
256,512,1,256,8.4140
256,512,1,512,8.4194
256,512,1,1024,8.4300
256,512,1,2048,8.4513
256,512,1,4096,8.4939
256,512,1,8192,8.5791
256,512,1,16384,10.4436
256,512,2,16,8.4094
256,512,2,32,8.4100
256,512,2,64,8.4114
256,512,2,128,8.4140
256,512,2,256,8.4194
256,512,2,512,8.4300
256,512,2,1024,8.4513
256,512,2,2048,8.4939
256,512,2,4096,8.5791
256,512,2,8192,10.4477
256,512,2,16384,14.6420
256,512,4,16,8.4100
256,512,4,32,8.4114
256,512,4,64,8.4140
256,512,4,128,8.4194
256,512,4,256,8.4300
256,512,4,512,8.4513
256,512,4,1024,8.4939
256,512,4,2048,8.5791
256,512,4,4096,10.4559
256,512,4,8192,14.6502
256,512,4,16384,23.0388
256,512,8,16,8.4114
256,512,8,32,8.4140
256,512,8,64,8.4194
256,512,8,128,8.4300
256,512,8,256,8.4513
256,512,8,512,8.4939
256,512,8,1024,8.5791
256,512,8,2048,10.4723
256,512,8,4096,14.6666
256,512,8,8192,23.0552
256,512,8,16384,39.8324
256,512,16,16,8.4140
256,512,16,32,8.4194
256,512,16,64,8.4300
256,512,16,128,8.4513
256,512,16,256,8.4939
256,512,16,512,8.5791
256,512,16,1024,10.5050
256,512,16,2048,14.6993
256,512,16,4096,23.0879
256,512,16,8192,39.8652
256,512,16,16384,73.4196
256,512,32,16,8.4194
256,512,32,32,8.4300
256,512,32,64,8.4513
256,512,32,128,8.4939
256,512,32,256,8.5791
256,512,32,512,10.5706
256,512,32,1024,14.7649
256,512,32,2048,23.1535
256,512,32,4096,39.9307
256,512,32,8192,73.4851
256,512,32,16384,140.5940
256,512,64,16,8.4300
256,512,64,32,8.4513
256,512,64,64,8.4939
256,512,64,128,8.6045
256,512,64,256,10.7016
256,512,64,512,14.8959
256,512,64,1024,23.2845
256,512,64,2048,40.0618
256,512,64,4096,73.6162
256,512,64,8192,140.7251
256,512,64,16384,274.9428
256,512,128,16,8.4513
256,512,128,32,8.4939
256,512,128,64,8.8666
256,512,128,128,10.9638
256,512,128,256,15.1581
256,512,128,512,23.5467
256,512,128,1024,40.3239
256,512,128,2048,73.8783
256,512,128,4096,140.9872
256,512,128,8192,275.2049
256,512,128,16384,543.6404
256,1024,0,0,11.1357
256,1024,1,16,11.1360
256,1024,1,32,11.1363
256,1024,1,64,11.1370
256,1024,1,128,11.1383
256,1024,1,256,11.1410
256,1024,1,512,11.1463
256,1024,1,1024,11.1570
256,1024,1,2048,11.1783
256,1024,1,4096,11.2209
256,1024,1,8192,11.3061
256,1024,1,16384,11.4765
256,1024,2,16,11.1363
256,1024,2,32,11.1370
256,1024,2,64,11.1383
256,1024,2,128,11.1410
256,1024,2,256,11.1463
256,1024,2,512,11.1570
256,1024,2,1024,11.1783
256,1024,2,2048,11.2209
256,1024,2,4096,11.3061
256,1024,2,8192,11.4765
256,1024,2,16384,14.7731
256,1024,4,16,11.1370
256,1024,4,32,11.1383
256,1024,4,64,11.1410
256,1024,4,128,11.1463
256,1024,4,256,11.1570
256,1024,4,512,11.1783
256,1024,4,1024,11.2209
256,1024,4,2048,11.3061
256,1024,4,4096,11.4765
256,1024,4,8192,14.7812
256,1024,4,16384,23.1699
256,1024,8,16,11.1383
256,1024,8,32,11.1410
256,1024,8,64,11.1463
256,1024,8,128,11.1570
256,1024,8,256,11.1783
256,1024,8,512,11.2209
256,1024,8,1024,11.3061
256,1024,8,2048,11.4765
256,1024,8,4096,14.7976
256,1024,8,8192,23.1862
256,1024,8,16384,39.9635
256,1024,16,16,11.1410
256,1024,16,32,11.1463
256,1024,16,64,11.1570
256,1024,16,128,11.1783
256,1024,16,256,11.2209
256,1024,16,512,11.3061
256,1024,16,1024,11.4765
256,1024,16,2048,14.8304
256,1024,16,4096,23.2190
256,1024,16,8192,39.9962
256,1024,16,16384,73.5507
256,1024,32,16,11.1463
256,1024,32,32,11.1570
256,1024,32,64,11.1783
256,1024,32,128,11.2209
256,1024,32,256,11.3061
256,1024,32,512,11.4765
256,1024,32,1024,14.8959
256,1024,32,2048,23.2845
256,1024,32,4096,40.0618
256,1024,32,8192,73.6162
256,1024,32,16384,140.7251
256,1024,64,16,11.1570
256,1024,64,32,11.1783
256,1024,64,64,11.2209
256,1024,64,128,11.3061
256,1024,64,256,11.4765
256,1024,64,512,15.0270
256,1024,64,1024,23.4156
256,1024,64,2048,40.1928
256,1024,64,4096,73.7473
256,1024,64,8192,140.8561
256,1024,64,16384,275.0739
256,1024,128,16,11.1783
256,1024,128,32,11.2209
256,1024,128,64,11.3061
256,1024,128,128,11.4765
256,1024,128,256,15.2892
256,1024,128,512,23.6778
256,1024,128,1024,40.4550
256,1024,128,2048,74.0094
256,1024,128,4096,141.1183
256,1024,128,8192,275.3360
256,1024,128,16384,543.7715
256,2048,0,0,16.5896
256,2048,1,16,16.5899
256,2048,1,32,16.5903
256,2048,1,64,16.5909
256,2048,1,128,16.5923
256,2048,1,256,16.5949
256,2048,1,512,16.6002
256,2048,1,1024,16.6109
256,2048,1,2048,16.6322
256,2048,1,4096,16.6748
256,2048,1,8192,16.7600
256,2048,1,16384,16.9305
256,2048,2,16,16.5903
256,2048,2,32,16.5909
256,2048,2,64,16.5923
256,2048,2,128,16.5949
256,2048,2,256,16.6002
256,2048,2,512,16.6109
256,2048,2,1024,16.6322
256,2048,2,2048,16.6748
256,2048,2,4096,16.7600
256,2048,2,8192,16.9305
256,2048,2,16384,17.2713
256,2048,4,16,16.5909
256,2048,4,32,16.5923
256,2048,4,64,16.5949
256,2048,4,128,16.6002
256,2048,4,256,16.6109
256,2048,4,512,16.6322
256,2048,4,1024,16.6748
256,2048,4,2048,16.7600
256,2048,4,4096,16.9305
256,2048,4,8192,17.2713
256,2048,4,16384,23.4320
256,2048,8,16,16.5923
256,2048,8,32,16.5949
256,2048,8,64,16.6002
256,2048,8,128,16.6109
256,2048,8,256,16.6322
256,2048,8,512,16.6748
256,2048,8,1024,16.7600
256,2048,8,2048,16.9305
256,2048,8,4096,17.2713
256,2048,8,8192,23.4484
256,2048,8,16384,40.2256
256,2048,16,16,16.5949
256,2048,16,32,16.6002
256,2048,16,64,16.6109
256,2048,16,128,16.6322
256,2048,16,256,16.6748
256,2048,16,512,16.7600
256,2048,16,1024,16.9305
256,2048,16,2048,17.2713
256,2048,16,4096,23.4812
256,2048,16,8192,40.2584
256,2048,16,16384,73.8128
256,2048,32,16,16.6002
256,2048,32,32,16.6109
256,2048,32,64,16.6322
256,2048,32,128,16.6748
256,2048,32,256,16.7600
256,2048,32,512,16.9305
256,2048,32,1024,17.2713
256,2048,32,2048,23.5467
256,2048,32,4096,40.3239
256,2048,32,8192,73.8783
256,2048,32,16384,140.9872
256,2048,64,16,16.6109
256,2048,64,32,16.6322
256,2048,64,64,16.6748
256,2048,64,128,16.7600
256,2048,64,256,16.9305
256,2048,64,512,17.2713
256,2048,64,1024,23.6778
256,2048,64,2048,40.4550
256,2048,64,4096,74.0094
256,2048,64,8192,141.1183
256,2048,64,16384,275.3360
256,2048,128,16,16.6322
256,2048,128,32,16.6748
256,2048,128,64,16.7600
256,2048,128,128,16.9305
256,2048,128,256,17.2713
256,2048,128,512,23.9399
256,2048,128,1024,40.7171
256,2048,128,2048,74.2716
256,2048,128,4096,141.3804
256,2048,128,8192,275.5981
256,2048,128,16384,544.0336
256,4096,0,0,27.4974
256,4096,1,16,27.4978
256,4096,1,32,27.4981
256,4096,1,64,27.4988
256,4096,1,128,27.5001
256,4096,1,256,27.5028
256,4096,1,512,27.5081
256,4096,1,1024,27.5188
256,4096,1,2048,27.5401
256,4096,1,4096,27.5827
256,4096,1,8192,27.6679
256,4096,1,16384,27.8383
256,4096,2,16,27.4981
256,4096,2,32,27.4988
256,4096,2,64,27.5001
256,4096,2,128,27.5028
256,4096,2,256,27.5081
256,4096,2,512,27.5188
256,4096,2,1024,27.5401
256,4096,2,2048,27.5827
256,4096,2,4096,27.6679
256,4096,2,8192,27.8383
256,4096,2,16384,28.1792
256,4096,4,16,27.4988
256,4096,4,32,27.5001
256,4096,4,64,27.5028
256,4096,4,128,27.5081
256,4096,4,256,27.5188
256,4096,4,512,27.5401
256,4096,4,1024,27.5827
256,4096,4,2048,27.6679
256,4096,4,4096,27.8383
256,4096,4,8192,28.1792
256,4096,4,16384,28.8609
256,4096,8,16,27.5001
256,4096,8,32,27.5028
256,4096,8,64,27.5081
256,4096,8,128,27.5188
256,4096,8,256,27.5401
256,4096,8,512,27.5827
256,4096,8,1024,27.6679
256,4096,8,2048,27.8383
256,4096,8,4096,28.1792
256,4096,8,8192,28.8609
256,4096,8,16384,40.7499
256,4096,16,16,27.5028
256,4096,16,32,27.5081
256,4096,16,64,27.5188
256,4096,16,128,27.5401
256,4096,16,256,27.5827
256,4096,16,512,27.6679
256,4096,16,1024,27.8383
256,4096,16,2048,28.1792
256,4096,16,4096,28.8609
256,4096,16,8192,40.7827
256,4096,16,16384,74.3371
256,4096,32,16,27.5081
256,4096,32,32,27.5188
256,4096,32,64,27.5401
256,4096,32,128,27.5827
256,4096,32,256,27.6679
256,4096,32,512,27.8383
256,4096,32,1024,28.1792
256,4096,32,2048,28.8609
256,4096,32,4096,40.8482
256,4096,32,8192,74.4026
256,4096,32,16384,141.5115
256,4096,64,16,27.5188
256,4096,64,32,27.5401
256,4096,64,64,27.5827
256,4096,64,128,27.6679
256,4096,64,256,27.8383
256,4096,64,512,28.1792
256,4096,64,1024,28.8609
256,4096,64,2048,40.9793
256,4096,64,4096,74.5337
256,4096,64,8192,141.6426
256,4096,64,16384,275.8603
256,4096,128,16,27.5401
256,4096,128,32,27.5827
256,4096,128,64,27.6679
256,4096,128,128,27.8383
256,4096,128,256,28.1792
256,4096,128,512,28.8609
256,4096,128,1024,41.2414
256,4096,128,2048,74.7958
256,4096,128,4096,141.9047
256,4096,128,8192,276.1224
256,4096,128,16384,544.5579
256,8192,0,0,49.3132
256,8192,1,16,49.3135
256,8192,1,32,49.3138
256,8192,1,64,49.3145
256,8192,1,128,49.3158
256,8192,1,256,49.3185
256,8192,1,512,49.3238
256,8192,1,1024,49.3345
256,8192,1,2048,49.3558
256,8192,1,4096,49.3984
256,8192,1,8192,49.4836
256,8192,1,16384,49.6540
256,8192,2,16,49.3138
256,8192,2,32,49.3145
256,8192,2,64,49.3158
256,8192,2,128,49.3185
256,8192,2,256,49.3238
256,8192,2,512,49.3345
256,8192,2,1024,49.3558
256,8192,2,2048,49.3984
256,8192,2,4096,49.4836
256,8192,2,8192,49.6540
256,8192,2,16384,49.9949
256,8192,4,16,49.3145
256,8192,4,32,49.3158
256,8192,4,64,49.3185
256,8192,4,128,49.3238
256,8192,4,256,49.3345
256,8192,4,512,49.3558
256,8192,4,1024,49.3984
256,8192,4,2048,49.4836
256,8192,4,4096,49.6540
256,8192,4,8192,49.9949
256,8192,4,16384,50.6766
256,8192,8,16,49.3158
256,8192,8,32,49.3185
256,8192,8,64,49.3238
256,8192,8,128,49.3345
256,8192,8,256,49.3558
256,8192,8,512,49.3984
256,8192,8,1024,49.4836
256,8192,8,2048,49.6540
256,8192,8,4096,49.9949
256,8192,8,8192,50.6766
256,8192,8,16384,52.0401
256,8192,16,16,49.3185
256,8192,16,32,49.3238
256,8192,16,64,49.3345
256,8192,16,128,49.3558
256,8192,16,256,49.3984
256,8192,16,512,49.4836
256,8192,16,1024,49.6540
256,8192,16,2048,49.9949
256,8192,16,4096,50.6766
256,8192,16,8192,52.0401
256,8192,16,16384,75.3857
256,8192,32,16,49.3238
256,8192,32,32,49.3345
256,8192,32,64,49.3558
256,8192,32,128,49.3984
256,8192,32,256,49.4836
256,8192,32,512,49.6540
256,8192,32,1024,49.9949
256,8192,32,2048,50.6766
256,8192,32,4096,52.0401
256,8192,32,8192,75.4512
256,8192,32,16384,142.5601
256,8192,64,16,49.3345
256,8192,64,32,49.3558
256,8192,64,64,49.3984
256,8192,64,128,49.4836
256,8192,64,256,49.6540
256,8192,64,512,49.9949
256,8192,64,1024,50.6766
256,8192,64,2048,52.0401
256,8192,64,4096,75.5823
256,8192,64,8192,142.6911
256,8192,64,16384,276.9089
256,8192,128,16,49.3558
256,8192,128,32,49.3984
256,8192,128,64,49.4836
256,8192,128,128,49.6540
256,8192,128,256,49.9949
256,8192,128,512,50.6766
256,8192,128,1024,52.0401
256,8192,128,2048,75.8444
256,8192,128,4096,142.9533
256,8192,128,8192,277.1710
256,8192,128,16384,545.6065
256,16384,0,0,92.9446
256,16384,1,16,92.9449
256,16384,1,32,92.9452
256,16384,1,64,92.9459
256,16384,1,128,92.9472
256,16384,1,256,92.9499
256,16384,1,512,92.9552
256,16384,1,1024,92.9659
256,16384,1,2048,92.9872
256,16384,1,4096,93.0298
256,16384,1,8192,93.1150
256,16384,1,16384,93.2854
256,16384,2,16,92.9452
256,16384,2,32,92.9459
256,16384,2,64,92.9472
256,16384,2,128,92.9499
256,16384,2,256,92.9552
256,16384,2,512,92.9659
256,16384,2,1024,92.9872
256,16384,2,2048,93.0298
256,16384,2,4096,93.1150
256,16384,2,8192,93.2854
256,16384,2,16384,93.6263
256,16384,4,16,92.9459
256,16384,4,32,92.9472
256,16384,4,64,92.9499
256,16384,4,128,92.9552
256,16384,4,256,92.9659
256,16384,4,512,92.9872
256,16384,4,1024,93.0298
256,16384,4,2048,93.1150
256,16384,4,4096,93.2854
256,16384,4,8192,93.6263
256,16384,4,16384,94.3081
256,16384,8,16,92.9472
256,16384,8,32,92.9499
256,16384,8,64,92.9552
256,16384,8,128,92.9659
256,16384,8,256,92.9872
256,16384,8,512,93.0298
256,16384,8,1024,93.1150
256,16384,8,2048,93.2854
256,16384,8,4096,93.6263
256,16384,8,8192,94.3081
256,16384,8,16384,95.6715
256,16384,16,16,92.9499
256,16384,16,32,92.9552
256,16384,16,64,92.9659
256,16384,16,128,92.9872
256,16384,16,256,93.0298
256,16384,16,512,93.1150
256,16384,16,1024,93.2854
256,16384,16,2048,93.6263
256,16384,16,4096,94.3081
256,16384,16,8192,95.6715
256,16384,16,16384,98.3985
256,16384,32,16,92.9552
256,16384,32,32,92.9659
256,16384,32,64,92.9872
256,16384,32,128,93.0298
256,16384,32,256,93.1150
256,16384,32,512,93.2854
256,16384,32,1024,93.6263
256,16384,32,2048,94.3081
256,16384,32,4096,95.6715
256,16384,32,8192,98.3985
256,16384,32,16384,144.6572
256,16384,64,16,92.9659
256,16384,64,32,92.9872
256,16384,64,64,93.0298
256,16384,64,128,93.1150
256,16384,64,256,93.2854
256,16384,64,512,93.6263
256,16384,64,1024,94.3081
256,16384,64,2048,95.6715
256,16384,64,4096,98.3985
256,16384,64,8192,144.7883
256,16384,64,16384,279.0060
256,16384,128,16,92.9872
256,16384,128,32,93.0298
256,16384,128,64,93.1150
256,16384,128,128,93.2854
256,16384,128,256,93.6263
256,16384,128,512,94.3081
256,16384,128,1024,95.6715
256,16384,128,2048,98.3985
256,16384,128,4096,145.0504
256,16384,128,8192,279.2682
256,16384,128,16384,547.7036
273,0,0,0,6.1881
273,0,1,512,6.3233
273,0,1,768,6.3888
273,0,1,1152,6.4871
273,0,1,1728,6.6346
273,0,1,2592,6.8557
273,0,1,3888,7.1875
273,0,1,5832,7.6852
273,0,1,8748,8.4317
273,0,1,13122,9.5514
273,0,1,16384,10.3865
273,0,2,512,6.4584
273,0,2,768,6.5895
273,0,2,1152,6.7861
273,0,2,1728,7.0810
273,0,2,2592,7.5234
273,0,2,3888,8.1869
273,0,2,5832,9.1823
273,0,2,8748,10.6753
273,0,2,13122,12.9148
273,0,2,16384,14.5849
273,0,4,512,6.7288
273,0,4,768,6.9909
273,0,4,1152,7.3841
273,0,4,1728,7.9740
273,0,4,2592,8.8587
273,0,4,3888,10.1858
273,0,4,5832,12.1764
273,0,4,8748,15.1624
273,0,4,13122,19.6414
273,0,4,16384,22.9817
273,0,8,512,7.2694
273,0,8,768,7.7937
273,0,8,1152,8.5802
273,0,8,1728,9.7598
273,0,8,2592,11.5293
273,0,8,3888,14.1835
273,0,8,5832,18.1648
273,0,8,8748,24.1368
273,0,8,13122,33.0947
273,0,8,16384,39.7753
273,0,16,512,8.3508
273,0,16,768,9.3994
273,0,16,1152,10.9722
273,0,16,1728,13.3315
273,0,16,2592,16.8705
273,0,16,3888,22.1789
273,0,16,5832,30.1415
273,0,16,8748,42.0854
273,0,16,13122,60.0013
273,0,16,16384,73.3625
273,0,32,512,10.5135
273,0,32,768,12.6106
273,0,32,1152,15.7564
273,0,32,1728,20.4749
273,0,32,2592,27.5528
273,0,32,3888,38.1697
273,0,32,5832,54.0949
273,0,32,8748,77.9828
273,0,32,13122,113.8146
273,0,32,16384,140.5369
273,0,64,512,14.8388
273,0,64,768,19.0332
273,0,64,1152,25.3246
273,0,64,1728,34.7618
273,0,64,2592,48.9176
273,0,64,3888,70.1512
273,0,64,5832,102.0017
273,0,64,8748,149.7775
273,0,64,13122,221.4411
273,0,64,16384,274.8857
273,0,128,512,23.4896
273,0,128,768,31.8782
273,0,128,1152,44.4611
273,0,128,1728,63.3355
273,0,128,2592,91.6470
273,0,128,3888,134.1144
273,0,128,5832,197.8154
273,0,128,8748,293.3668
273,0,128,13122,436.6941
273,0,128,16384,543.5833
273,512,0,0,8.6833
273,512,1,512,8.6940
273,512,1,768,8.6993
273,512,1,1152,8.7073
273,512,1,1728,8.7193
273,512,1,2592,8.7373
273,512,1,3888,8.7642
273,512,1,5832,8.8047
273,512,1,8748,8.8653
273,512,1,13122,9.6825
273,512,1,16384,10.5176
273,512,2,512,8.7046
273,512,2,768,8.7153
273,512,2,1152,8.7313
273,512,2,1728,8.7552
273,512,2,2592,8.7912
273,512,2,3888,8.8451
273,512,2,5832,9.3133
273,512,2,8748,10.8063
273,512,2,13122,13.0458
273,512,2,16384,14.7160
273,512,4,512,8.7260
273,512,4,768,8.7473
273,512,4,1152,8.7792
273,512,4,1728,8.8271
273,512,4,2592,8.9898
273,512,4,3888,10.3169
273,512,4,5832,12.3075
273,512,4,8748,15.2935
273,512,4,13122,19.7725
273,512,4,16384,23.1128
273,512,8,512,8.7686
273,512,8,768,8.8112
273,512,8,1152,8.8751
273,512,8,1728,9.8909
273,512,8,2592,11.6604
273,512,8,3888,14.3146
273,512,8,5832,18.2959
273,512,8,8748,24.2678
273,512,8,13122,33.2258
273,512,8,16384,39.9064
273,512,16,512,8.8538
273,512,16,768,9.5304
273,512,16,1152,11.1033
273,512,16,1728,13.4626
273,512,16,2592,17.0015
273,512,16,3888,22.3100
273,512,16,5832,30.2726
273,512,16,8748,42.2165
273,512,16,13122,60.1324
273,512,16,16384,73.4936
273,512,32,512,10.6445
273,512,32,768,12.7417
273,512,32,1152,15.8874
273,512,32,1728,20.6060
273,512,32,2592,27.6839
273,512,32,3888,38.3007
273,512,32,5832,54.2260
273,512,32,8748,78.1139
273,512,32,13122,113.9457
273,512,32,16384,140.6680
273,512,64,512,14.9699
273,512,64,768,19.1642
273,512,64,1152,25.4557
273,512,64,1728,34.8929
273,512,64,2592,49.0486
273,512,64,3888,70.2823
273,512,64,5832,102.1328
273,512,64,8748,149.9085
273,512,64,13122,221.5722
273,512,64,16384,275.0168
273,512,128,512,23.6207
273,512,128,768,32.0093
273,512,128,1152,44.5922
273,512,128,1728,63.4666
273,512,128,2592,91.7781
273,512,128,3888,134.2454
273,512,128,5832,197.9464
273,512,128,8748,293.4979
273,512,128,13122,436.8252
273,512,128,16384,543.7144
273,768,0,0,10.1374
273,768,1,512,10.1480
273,768,1,768,10.1533
273,768,1,1152,10.1613
273,768,1,1728,10.1733
273,768,1,2592,10.1913
273,768,1,3888,10.2183
273,768,1,5832,10.2587
273,768,1,8748,10.3194
273,768,1,13122,10.4104
273,768,1,16384,10.5831
273,768,2,512,10.1587
273,768,2,768,10.1693
273,768,2,1152,10.1853
273,768,2,1728,10.2093
273,768,2,2592,10.2452
273,768,2,3888,10.2991
273,768,2,5832,10.3800
273,768,2,8748,10.8719
273,768,2,13122,13.1114
273,768,2,16384,14.7815
273,768,4,512,10.1800
273,768,4,768,10.2013
273,768,4,1152,10.2332
273,768,4,1728,10.2812
273,768,4,2592,10.3531
273,768,4,3888,10.4609
273,768,4,5832,12.3731
273,768,4,8748,15.3590
273,768,4,13122,19.8380
273,768,4,16384,23.1783
273,768,8,512,10.2226
273,768,8,768,10.2652
273,768,8,1152,10.3291
273,768,8,1728,10.4250
273,768,8,2592,11.7259
273,768,8,3888,14.3801
273,768,8,5832,18.3614
273,768,8,8748,24.3334
273,768,8,13122,33.2913
273,768,8,16384,39.9719
273,768,16,512,10.3078
273,768,16,768,10.3930
273,768,16,1152,11.1688
273,768,16,1728,13.5281
273,768,16,2592,17.0671
273,768,16,3888,22.3755
273,768,16,5832,30.3381
273,768,16,8748,42.2820
273,768,16,13122,60.1980
273,768,16,16384,73.5591
273,768,32,512,10.7101
273,768,32,768,12.8072
273,768,32,1152,15.9530
273,768,32,1728,20.6716
273,768,32,2592,27.7494
273,768,32,3888,38.3663
273,768,32,5832,54.2915
273,768,32,8748,78.1794
273,768,32,13122,114.0112
273,768,32,16384,140.7335
273,768,64,512,15.0355
273,768,64,768,19.2298
273,768,64,1152,25.5212
273,768,64,1728,34.9584
273,768,64,2592,49.1142
273,768,64,3888,70.3478
273,768,64,5832,102.1983
273,768,64,8748,149.9741
273,768,64,13122,221.6377
273,768,64,16384,275.0823
273,768,128,512,23.6862
273,768,128,768,32.0748
273,768,128,1152,44.6577
273,768,128,1728,63.5321
273,768,128,2592,91.8436
273,768,128,3888,134.3110
273,768,128,5832,198.0120
273,768,128,8748,293.5635
273,768,128,13122,436.8907
273,768,128,16384,543.7799
273,1152,0,0,12.3184
273,1152,1,512,12.3291
273,1152,1,768,12.3344
273,1152,1,1152,12.3424
273,1152,1,1728,12.3544
273,1152,1,2592,12.3723
273,1152,1,3888,12.3993
273,1152,1,5832,12.4397
273,1152,1,8748,12.5004
273,1152,1,13122,12.5914
273,1152,1,16384,12.6593
273,1152,2,512,12.3397
273,1152,2,768,12.3504
273,1152,2,1152,12.3663
273,1152,2,1728,12.3903
273,1152,2,2592,12.4263
273,1152,2,3888,12.4802
273,1152,2,5832,12.5611
273,1152,2,8748,12.6824
273,1152,2,13122,13.2097
273,1152,2,16384,14.8798
273,1152,4,512,12.3610
273,1152,4,768,12.3823
273,1152,4,1152,12.4143
273,1152,4,1728,12.4622
273,1152,4,2592,12.5341
273,1152,4,3888,12.6420
273,1152,4,5832,12.8037
273,1152,4,8748,15.4573
273,1152,4,13122,19.9363
273,1152,4,16384,23.2766
273,1152,8,512,12.4036
273,1152,8,768,12.4462
273,1152,8,1152,12.5101
273,1152,8,1728,12.6060
273,1152,8,2592,12.7498
273,1152,8,3888,14.4784
273,1152,8,5832,18.4597
273,1152,8,8748,24.4317
273,1152,8,13122,33.3896
273,1152,8,16384,40.0702
273,1152,16,512,12.4888
273,1152,16,768,12.5741
273,1152,16,1152,12.7019
273,1152,16,1728,13.6264
273,1152,16,2592,17.1654
273,1152,16,3888,22.4738
273,1152,16,5832,30.4364
273,1152,16,8748,42.3804
273,1152,16,13122,60.2963
273,1152,16,16384,73.6574
273,1152,32,512,12.6593
273,1152,32,768,12.9055
273,1152,32,1152,16.0513
273,1152,32,1728,20.7699
273,1152,32,2592,27.8477
273,1152,32,3888,38.4646
273,1152,32,5832,54.3898
273,1152,32,8748,78.2777
273,1152,32,13122,114.1095
273,1152,32,16384,140.8318
273,1152,64,512,15.1338
273,1152,64,768,19.3281
273,1152,64,1152,25.6195
273,1152,64,1728,35.0567
273,1152,64,2592,49.2125
273,1152,64,3888,70.4461
273,1152,64,5832,102.2966
273,1152,64,8748,150.0724
273,1152,64,13122,221.7360
273,1152,64,16384,275.1806
273,1152,128,512,23.7845
273,1152,128,768,32.1731
273,1152,128,1152,44.7560
273,1152,128,1728,63.6304
273,1152,128,2592,91.9420
273,1152,128,3888,134.4093
273,1152,128,5832,198.1103
273,1152,128,8748,293.6618
273,1152,128,13122,436.9890
273,1152,128,16384,543.8782
273,1728,0,0,15.5900
273,1728,1,512,15.6006
273,1728,1,768,15.6059
273,1728,1,1152,15.6139
273,1728,1,1728,15.6259
273,1728,1,2592,15.6439
273,1728,1,3888,15.6709
273,1728,1,5832,15.7113
273,1728,1,8748,15.7720
273,1728,1,13122,15.8630
273,1728,1,16384,15.9308
273,1728,2,512,15.6113
273,1728,2,768,15.6219
273,1728,2,1152,15.6379
273,1728,2,1728,15.6619
273,1728,2,2592,15.6978
273,1728,2,3888,15.7517
273,1728,2,5832,15.8326
273,1728,2,8748,15.9540
273,1728,2,13122,16.1360
273,1728,2,16384,16.2717
273,1728,4,512,15.6326
273,1728,4,768,15.6539
273,1728,4,1152,15.6858
273,1728,4,1728,15.7338
273,1728,4,2592,15.8057
273,1728,4,3888,15.9135
273,1728,4,5832,16.0753
273,1728,4,8748,16.3180
273,1728,4,13122,20.0838
273,1728,4,16384,23.4241
273,1728,8,512,15.6752
273,1728,8,768,15.7178
273,1728,8,1152,15.7817
273,1728,8,1728,15.8776
273,1728,8,2592,16.0214
273,1728,8,3888,16.2371
273,1728,8,5832,18.6072
273,1728,8,8748,24.5791
273,1728,8,13122,33.5371
273,1728,8,16384,40.2177
273,1728,16,512,15.7604
273,1728,16,768,15.8456
273,1728,16,1152,15.9734
273,1728,16,1728,16.1652
273,1728,16,2592,17.3128
273,1728,16,3888,22.6212
273,1728,16,5832,30.5839
273,1728,16,8748,42.5278
273,1728,16,13122,60.4437
273,1728,16,16384,73.8049
273,1728,32,512,15.9308
273,1728,32,768,16.1013
273,1728,32,1152,16.3569
273,1728,32,1728,20.9173
273,1728,32,2592,27.9952
273,1728,32,3888,38.6120
273,1728,32,5832,54.5373
273,1728,32,8748,78.4252
273,1728,32,13122,114.2570
273,1728,32,16384,140.9793
273,1728,64,512,16.2717
273,1728,64,768,19.4755
273,1728,64,1152,25.7670
273,1728,64,1728,35.2042
273,1728,64,2592,49.3599
273,1728,64,3888,70.5936
273,1728,64,5832,102.4441
273,1728,64,8748,150.2198
273,1728,64,13122,221.8835
273,1728,64,16384,275.3281
273,1728,128,512,23.9320
273,1728,128,768,32.3206
273,1728,128,1152,44.9035
273,1728,128,1728,63.7779
273,1728,128,2592,92.0894
273,1728,128,3888,134.5567
273,1728,128,5832,198.2577
273,1728,128,8748,293.8092
273,1728,128,13122,437.1364
273,1728,128,16384,544.0257
273,2592,0,0,20.4973
273,2592,1,512,20.5080
273,2592,1,768,20.5133
273,2592,1,1152,20.5213
273,2592,1,1728,20.5332
273,2592,1,2592,20.5512
273,2592,1,3888,20.5782
273,2592,1,5832,20.6186
273,2592,1,8748,20.6793
273,2592,1,13122,20.7703
273,2592,1,16384,20.8382
273,2592,2,512,20.5186
273,2592,2,768,20.5293
273,2592,2,1152,20.5452
273,2592,2,1728,20.5692
273,2592,2,2592,20.6052
273,2592,2,3888,20.6591
273,2592,2,5832,20.7400
273,2592,2,8748,20.8613
273,2592,2,13122,21.0433
273,2592,2,16384,21.1790
273,2592,4,512,20.5399
273,2592,4,768,20.5612
273,2592,4,1152,20.5932
273,2592,4,1728,20.6411
273,2592,4,2592,20.7130
273,2592,4,3888,20.8209
273,2592,4,5832,20.9826
273,2592,4,8748,21.2253
273,2592,4,13122,21.5893
273,2592,4,16384,23.6452
273,2592,8,512,20.5825
273,2592,8,768,20.6251
273,2592,8,1152,20.6890
273,2592,8,1728,20.7849
273,2592,8,2592,20.9287
273,2592,8,3888,21.1444
273,2592,8,5832,21.4680
273,2592,8,8748,24.8003
273,2592,8,13122,33.7583
273,2592,8,16384,40.4388
273,2592,16,512,20.6677
273,2592,16,768,20.7530
273,2592,16,1152,20.8808
273,2592,16,1728,21.0725
273,2592,16,2592,21.3601
273,2592,16,3888,22.8424
273,2592,16,5832,30.8051
273,2592,16,8748,42.7490
273,2592,16,13122,60.6649
273,2592,16,16384,74.0260
273,2592,32,512,20.8382
273,2592,32,768,21.0086
273,2592,32,1152,21.2643
273,2592,32,1728,21.6477
273,2592,32,2592,28.2164
273,2592,32,3888,38.8332
273,2592,32,5832,54.7585
273,2592,32,8748,78.6463
273,2592,32,13122,114.4781
273,2592,32,16384,141.2004
273,2592,64,512,21.1790
273,2592,64,768,21.5199
273,2592,64,1152,25.9882
273,2592,64,1728,35.4253
273,2592,64,2592,49.5811
273,2592,64,3888,70.8148
273,2592,64,5832,102.6653
273,2592,64,8748,150.4410
273,2592,64,13122,222.1046
273,2592,64,16384,275.5492
273,2592,128,512,24.1532
273,2592,128,768,32.5418
273,2592,128,1152,45.1247
273,2592,128,1728,63.9990
273,2592,128,2592,92.3106
273,2592,128,3888,134.7779
273,2592,128,5832,198.4789
273,2592,128,8748,294.0304
273,2592,128,13122,437.3576
273,2592,128,16384,544.2468
273,3888,0,0,27.8583
273,3888,1,512,27.8690
273,3888,1,768,27.8743
273,3888,1,1152,27.8823
273,3888,1,1728,27.8943
273,3888,1,2592,27.9122
273,3888,1,3888,27.9392
273,3888,1,5832,27.9796
273,3888,1,8748,28.0403
273,3888,1,13122,28.1313
273,3888,1,16384,28.1992
273,3888,2,512,27.8796
273,3888,2,768,27.8903
273,3888,2,1152,27.9062
273,3888,2,1728,27.9302
273,3888,2,2592,27.9662
273,3888,2,3888,28.0201
273,3888,2,5832,28.1010
273,3888,2,8748,28.2223
273,3888,2,13122,28.4043
273,3888,2,16384,28.5400
273,3888,4,512,27.9009
273,3888,4,768,27.9222
273,3888,4,1152,27.9542
273,3888,4,1728,28.0021
273,3888,4,2592,28.0740
273,3888,4,3888,28.1819
273,3888,4,5832,28.3436
273,3888,4,8748,28.5863
273,3888,4,13122,28.9503
273,3888,4,16384,29.2218
273,3888,8,512,27.9435
273,3888,8,768,27.9861
273,3888,8,1152,28.0500
273,3888,8,1728,28.1459
273,3888,8,2592,28.2897
273,3888,8,3888,28.5054
273,3888,8,5832,28.8290
273,3888,8,8748,29.3143
273,3888,8,13122,34.0900
273,3888,8,16384,40.7706
273,3888,16,512,28.0287
273,3888,16,768,28.1140
273,3888,16,1152,28.2418
273,3888,16,1728,28.4335
273,3888,16,2592,28.7211
273,3888,16,3888,29.1525
273,3888,16,5832,31.1368
273,3888,16,8748,43.0808
273,3888,16,13122,60.9967
273,3888,16,16384,74.3578
273,3888,32,512,28.1992
273,3888,32,768,28.3696
273,3888,32,1152,28.6253
273,3888,32,1728,29.0087
273,3888,32,2592,29.5840
273,3888,32,3888,39.1650
273,3888,32,5832,55.0902
273,3888,32,8748,78.9781
273,3888,32,13122,114.8099
273,3888,32,16384,141.5322
273,3888,64,512,28.5400
273,3888,64,768,28.8809
273,3888,64,1152,29.3922
273,3888,64,1728,35.7571
273,3888,64,2592,49.9129
273,3888,64,3888,71.1466
273,3888,64,5832,102.9971
273,3888,64,8748,150.7728
273,3888,64,13122,222.4364
273,3888,64,16384,275.8810
273,3888,128,512,29.2218
273,3888,128,768,32.8735
273,3888,128,1152,45.4564
273,3888,128,1728,64.3308
273,3888,128,2592,92.6424
273,3888,128,3888,135.1097
273,3888,128,5832,198.8107
273,3888,128,8748,294.3622
273,3888,128,13122,437.6894
273,3888,128,16384,544.5786
273,5832,0,0,38.8998
273,5832,1,512,38.9105
273,5832,1,768,38.9158
273,5832,1,1152,38.9238
273,5832,1,1728,38.9358
273,5832,1,2592,38.9537
273,5832,1,3888,38.9807
273,5832,1,5832,39.0211
273,5832,1,8748,39.0818
273,5832,1,13122,39.1728
273,5832,1,16384,39.2407
273,5832,2,512,38.9211
273,5832,2,768,38.9318
273,5832,2,1152,38.9477
273,5832,2,1728,38.9717
273,5832,2,2592,39.0077
273,5832,2,3888,39.0616
273,5832,2,5832,39.1425
273,5832,2,8748,39.2638
273,5832,2,13122,39.4458
273,5832,2,16384,39.5815
273,5832,4,512,38.9424
273,5832,4,768,38.9637
273,5832,4,1152,38.9957
273,5832,4,1728,39.0436
273,5832,4,2592,39.1155
273,5832,4,3888,39.2234
273,5832,4,5832,39.3851
273,5832,4,8748,39.6278
273,5832,4,13122,39.9918
273,5832,4,16384,40.2633
273,5832,8,512,38.9850
273,5832,8,768,39.0276
273,5832,8,1152,39.0915
273,5832,8,1728,39.1874
273,5832,8,2592,39.3312
273,5832,8,3888,39.5469
273,5832,8,5832,39.8705
273,5832,8,8748,40.3558
273,5832,8,13122,41.0838
273,5832,8,16384,41.6268
273,5832,16,512,39.0702
273,5832,16,768,39.1555
273,5832,16,1152,39.2833
273,5832,16,1728,39.4750
273,5832,16,2592,39.7626
273,5832,16,3888,40.1940
273,5832,16,5832,40.8412
273,5832,16,8748,43.5784
273,5832,16,13122,61.4943
273,5832,16,16384,74.8555
273,5832,32,512,39.2407
273,5832,32,768,39.4111
273,5832,32,1152,39.6668
273,5832,32,1728,40.0502
273,5832,32,2592,40.6255
273,5832,32,3888,41.4883
273,5832,32,5832,55.5879
273,5832,32,8748,79.4758
273,5832,32,13122,115.3076
273,5832,32,16384,142.0299
273,5832,64,512,39.5815
273,5832,64,768,39.9224
273,5832,64,1152,40.4337
273,5832,64,1728,41.2007
273,5832,64,2592,50.4106
273,5832,64,3888,71.6442
273,5832,64,5832,103.4947
273,5832,64,8748,151.2705
273,5832,64,13122,222.9341
273,5832,64,16384,276.3787
273,5832,128,512,40.2633
273,5832,128,768,40.9450
273,5832,128,1152,45.9541
273,5832,128,1728,64.8285
273,5832,128,2592,93.1400
273,5832,128,3888,135.6074
273,5832,128,5832,199.3084
273,5832,128,8748,294.8598
273,5832,128,13122,438.1871
273,5832,128,16384,545.0763
273,8748,0,0,55.4621
273,8748,1,512,55.4727
273,8748,1,768,55.4780
273,8748,1,1152,55.4860
273,8748,1,1728,55.4980
273,8748,1,2592,55.5160
273,8748,1,3888,55.5430
273,8748,1,5832,55.5834
273,8748,1,8748,55.6441
273,8748,1,13122,55.7351
273,8748,1,16384,55.8029
273,8748,2,512,55.4834
273,8748,2,768,55.4940
273,8748,2,1152,55.5100
273,8748,2,1728,55.5340
273,8748,2,2592,55.5699
273,8748,2,3888,55.6238
273,8748,2,5832,55.7047
273,8748,2,8748,55.8261
273,8748,2,13122,56.0081
273,8748,2,16384,56.1438
273,8748,4,512,55.5047
273,8748,4,768,55.5260
273,8748,4,1152,55.5579
273,8748,4,1728,55.6059
273,8748,4,2592,55.6778
273,8748,4,3888,55.7856
273,8748,4,5832,55.9474
273,8748,4,8748,56.1901
273,8748,4,13122,56.5541
273,8748,4,16384,56.8255
273,8748,8,512,55.5473
273,8748,8,768,55.5899
273,8748,8,1152,55.6538
273,8748,8,1728,55.7497
273,8748,8,2592,55.8935
273,8748,8,3888,56.1092
273,8748,8,5832,56.4327
273,8748,8,8748,56.9181
273,8748,8,13122,57.6461
273,8748,8,16384,58.1890
273,8748,16,512,55.6325
273,8748,16,768,55.7177
273,8748,16,1152,55.8455
273,8748,16,1728,56.0373
273,8748,16,2592,56.3249
273,8748,16,3888,56.7563
273,8748,16,5832,57.4034
273,8748,16,8748,58.3741
273,8748,16,13122,62.2408
273,8748,16,16384,75.6020
273,8748,32,512,55.8029
273,8748,32,768,55.9734
273,8748,32,1152,56.2290
273,8748,32,1728,56.6125
273,8748,32,2592,57.1877
273,8748,32,3888,58.0505
273,8748,32,5832,59.3448
273,8748,32,8748,80.2223
273,8748,32,13122,116.0541
273,8748,32,16384,142.7764
273,8748,64,512,56.1438
273,8748,64,768,56.4847
273,8748,64,1152,56.9960
273,8748,64,1728,57.7629
273,8748,64,2592,58.9134
273,8748,64,3888,72.3907
273,8748,64,5832,104.2412
273,8748,64,8748,152.0170
273,8748,64,13122,223.6806
273,8748,64,16384,277.1252
273,8748,128,512,56.8255
273,8748,128,768,57.5073
273,8748,128,1152,58.5299
273,8748,128,1728,65.5750
273,8748,128,2592,93.8865
273,8748,128,3888,136.3539
273,8748,128,5832,200.0548
273,8748,128,8748,295.6063
273,8748,128,13122,438.9336
273,8748,128,16384,545.8228
273,13122,0,0,80.3055
273,13122,1,512,80.3161
273,13122,1,768,80.3214
273,13122,1,1152,80.3294
273,13122,1,1728,80.3414
273,13122,1,2592,80.3594
273,13122,1,3888,80.3863
273,13122,1,5832,80.4268
273,13122,1,8748,80.4875
273,13122,1,13122,80.5785
273,13122,1,16384,80.6463
273,13122,2,512,80.3268
273,13122,2,768,80.3374
273,13122,2,1152,80.3534
273,13122,2,1728,80.3774
273,13122,2,2592,80.4133
273,13122,2,3888,80.4672
273,13122,2,5832,80.5481
273,13122,2,8748,80.6695
273,13122,2,13122,80.8515
273,13122,2,16384,80.9872
273,13122,4,512,80.3481
273,13122,4,768,80.3694
273,13122,4,1152,80.4013
273,13122,4,1728,80.4493
273,13122,4,2592,80.5212
273,13122,4,3888,80.6290
273,13122,4,5832,80.7908
273,13122,4,8748,81.0335
273,13122,4,13122,81.3975
273,13122,4,16384,81.6689
273,13122,8,512,80.3907
273,13122,8,768,80.4333
273,13122,8,1152,80.4972
273,13122,8,1728,80.5931
273,13122,8,2592,80.7369
273,13122,8,3888,80.9526
273,13122,8,5832,81.2761
273,13122,8,8748,81.7615
273,13122,8,13122,82.4895
273,13122,8,16384,83.0324
273,13122,16,512,80.4759
273,13122,16,768,80.5611
273,13122,16,1152,80.6889
273,13122,16,1728,80.8807
273,13122,16,2592,81.1683
273,13122,16,3888,81.5997
273,13122,16,5832,82.2468
273,13122,16,8748,83.2175
273,13122,16,13122,84.6735
273,13122,16,16384,85.7594
273,13122,32,512,80.6463
273,13122,32,768,80.8168
273,13122,32,1152,81.0724
273,13122,32,1728,81.4559
273,13122,32,2592,82.0311
273,13122,32,3888,82.8939
273,13122,32,5832,84.1882
273,13122,32,8748,86.1295
273,13122,32,13122,117.1738
273,13122,32,16384,143.8961
273,13122,64,512,80.9872
273,13122,64,768,81.3281
273,13122,64,1152,81.8394
273,13122,64,1728,82.6063
273,13122,64,2592,83.7568
273,13122,64,3888,85.4824
273,13122,64,5832,105.3610
273,13122,64,8748,153.1367
273,13122,64,13122,224.8003
273,13122,64,16384,278.2449
273,13122,128,512,81.6689
273,13122,128,768,82.3507
273,13122,128,1152,83.3733
273,13122,128,1728,84.9072
273,13122,128,2592,95.0063
273,13122,128,3888,137.4736
273,13122,128,5832,201.1746
273,13122,128,8748,296.7261
273,13122,128,13122,440.0533
273,13122,128,16384,546.9425
273,16384,0,0,98.8329
273,16384,1,512,98.8436
273,16384,1,768,98.8489
273,16384,1,1152,98.8569
273,16384,1,1728,98.8689
273,16384,1,2592,98.8868
273,16384,1,3888,98.9138
273,16384,1,5832,98.9543
273,16384,1,8748,99.0149
273,16384,1,13122,99.1059
273,16384,1,16384,99.1738
273,16384,2,512,98.8542
273,16384,2,768,98.8649
273,16384,2,1152,98.8809
273,16384,2,1728,98.9048
273,16384,2,2592,98.9408
273,16384,2,3888,98.9947
273,16384,2,5832,99.0756
273,16384,2,8748,99.1969
273,16384,2,13122,99.3789
273,16384,2,16384,99.5147
273,16384,4,512,98.8755
273,16384,4,768,98.8968
273,16384,4,1152,98.9288
273,16384,4,1728,98.9767
273,16384,4,2592,99.0486
273,16384,4,3888,99.1565
273,16384,4,5832,99.3183
273,16384,4,8748,99.5609
273,16384,4,13122,99.9249
273,16384,4,16384,100.1964
273,16384,8,512,98.9181
273,16384,8,768,98.9607
273,16384,8,1152,99.0247
273,16384,8,1728,99.1205
273,16384,8,2592,99.2643
273,16384,8,3888,99.4800
273,16384,8,5832,99.8036
273,16384,8,8748,100.2889
273,16384,8,13122,101.0169
273,16384,8,16384,101.5599
273,16384,16,512,99.0034
273,16384,16,768,99.0886
273,16384,16,1152,99.2164
273,16384,16,1728,99.4081
273,16384,16,2592,99.6957
273,16384,16,3888,100.1272
273,16384,16,5832,100.7743
273,16384,16,8748,101.7450
273,16384,16,13122,103.2010
273,16384,16,16384,104.2868
273,16384,32,512,99.1738
273,16384,32,768,99.3442
273,16384,32,1152,99.5999
273,16384,32,1728,99.9834
273,16384,32,2592,100.5586
273,16384,32,3888,101.4214
273,16384,32,5832,102.7156
273,16384,32,8748,104.6570
273,16384,32,13122,118.0089
273,16384,32,16384,144.7312
273,16384,64,512,99.5147
273,16384,64,768,99.8555
273,16384,64,1152,100.3668
273,16384,64,1728,101.1338
273,16384,64,2592,102.2842
273,16384,64,3888,104.0099
273,16384,64,5832,106.5984
273,16384,64,8748,153.9718
273,16384,64,13122,225.6354
273,16384,64,16384,279.0800
273,16384,128,512,100.1964
273,16384,128,768,100.8781
273,16384,128,1152,101.9007
273,16384,128,1728,103.4347
273,16384,128,2592,105.7355
273,16384,128,3888,138.3087
273,16384,128,5832,202.0097
273,16384,128,8748,297.5612
273,16384,128,13122,440.8884
273,16384,128,16384,547.7776
410,0,0,0,6.7843
410,0,1,512,6.9195
410,0,1,768,6.9850
410,0,1,1152,7.0833
410,0,1,1728,7.2308
410,0,1,2592,7.4520
410,0,1,3888,7.7837
410,0,1,5832,8.2814
410,0,1,8748,9.0279
410,0,1,13122,10.1476
410,0,1,16384,10.9827
410,0,2,512,7.0547
410,0,2,768,7.1857
410,0,2,1152,7.3823
410,0,2,1728,7.6772
410,0,2,2592,8.1196
410,0,2,3888,8.7832
410,0,2,5832,9.7785
410,0,2,8748,11.2715
410,0,2,13122,13.5110
410,0,2,16384,15.1811
410,0,4,512,7.3250
410,0,4,768,7.5871
410,0,4,1152,7.9804
410,0,4,1728,8.5702
410,0,4,2592,9.4549
410,0,4,3888,10.7820
410,0,4,5832,12.7727
410,0,4,8748,15.7587
410,0,4,13122,20.2376
410,0,4,16384,23.5779
410,0,8,512,7.8657
410,0,8,768,8.3900
410,0,8,1152,9.1764
410,0,8,1728,10.3560
410,0,8,2592,12.1255
410,0,8,3888,14.7797
410,0,8,5832,18.7610
410,0,8,8748,24.7330
410,0,8,13122,33.6909
410,0,8,16384,40.3715
410,0,16,512,8.9470
410,0,16,768,9.9956
410,0,16,1152,11.5684
410,0,16,1728,13.9277
410,0,16,2592,17.4667
410,0,16,3888,22.7751
410,0,16,5832,30.7377
410,0,16,8748,42.6817
410,0,16,13122,60.5976
410,0,16,16384,73.9587
410,0,32,512,11.1097
410,0,32,768,13.2068
410,0,32,1152,16.3526
410,0,32,1728,21.0712
410,0,32,2592,28.1491
410,0,32,3888,38.7659
410,0,32,5832,54.6911
410,0,32,8748,78.5790
410,0,32,13122,114.4108
410,0,32,16384,141.1331
410,0,64,512,15.4351
410,0,64,768,19.6294
410,0,64,1152,25.9208
410,0,64,1728,35.3580
410,0,64,2592,49.5138
410,0,64,3888,70.7475
410,0,64,5832,102.5980
410,0,64,8748,150.3737
410,0,64,13122,222.0373
410,0,64,16384,275.4819
410,0,128,512,24.0858
410,0,128,768,32.4744
410,0,128,1152,45.0573
410,0,128,1728,63.9317
410,0,128,2592,92.2433
410,0,128,3888,134.7106
410,0,128,5832,198.4116
410,0,128,8748,293.9631
410,0,128,13122,437.2903
410,0,128,16384,544.1795
410,512,0,0,11.1161
410,512,1,512,11.1267
410,512,1,768,11.1320
410,512,1,1152,11.1400
410,512,1,1728,11.1520
410,512,1,2592,11.1700
410,512,1,3888,11.1970
410,512,1,5832,11.2374
410,512,1,8748,11.2981
410,512,1,13122,11.3891
410,512,1,16384,11.4569
410,512,2,512,11.1374
410,512,2,768,11.1480
410,512,2,1152,11.1640
410,512,2,1728,11.1880
410,512,2,2592,11.2239
410,512,2,3888,11.2778
410,512,2,5832,11.3587
410,512,2,8748,11.4801
410,512,2,13122,13.6420
410,512,2,16384,15.3122
410,512,4,512,11.1587
410,512,4,768,11.1800
410,512,4,1152,11.2119
410,512,4,1728,11.2599
410,512,4,2592,11.3318
410,512,4,3888,11.4396
410,512,4,5832,12.9037
410,512,4,8748,15.8897
410,512,4,13122,20.3687
410,512,4,16384,23.7090
410,512,8,512,11.2013
410,512,8,768,11.2439
410,512,8,1152,11.3078
410,512,8,1728,11.4037
410,512,8,2592,12.2566
410,512,8,3888,14.9108
410,512,8,5832,18.8921
410,512,8,8748,24.8641
410,512,8,13122,33.8220
410,512,8,16384,40.5026
410,512,16,512,11.2865
410,512,16,768,11.3717
410,512,16,1152,11.6995
410,512,16,1728,14.0588
410,512,16,2592,17.5978
410,512,16,3888,22.9062
410,512,16,5832,30.8688
410,512,16,8748,42.8127
410,512,16,13122,60.7286
410,512,16,16384,74.0898
410,512,32,512,11.4569
410,512,32,768,13.3379
410,512,32,1152,16.4836
410,512,32,1728,21.2022
410,512,32,2592,28.2801
410,512,32,3888,38.8970
410,512,32,5832,54.8222
410,512,32,8748,78.7101
410,512,32,13122,114.5419
410,512,32,16384,141.2642
410,512,64,512,15.5661
410,512,64,768,19.7604
410,512,64,1152,26.0519
410,512,64,1728,35.4891
410,512,64,2592,49.6449
410,512,64,3888,70.8785
410,512,64,5832,102.7290
410,512,64,8748,150.5048
410,512,64,13122,222.1684
410,512,64,16384,275.6130
410,512,128,512,24.2169
410,512,128,768,32.6055
410,512,128,1152,45.1884
410,512,128,1728,64.0628
410,512,128,2592,92.3743
410,512,128,3888,134.8417
410,512,128,5832,198.5427
410,512,128,8748,294.0941
410,512,128,13122,437.4214
410,512,128,16384,544.3106
410,768,0,0,13.2998
410,768,1,512,13.3104
410,768,1,768,13.3157
410,768,1,1152,13.3237
410,768,1,1728,13.3357
410,768,1,2592,13.3537
410,768,1,3888,13.3807
410,768,1,5832,13.4211
410,768,1,8748,13.4818
410,768,1,13122,13.5728
410,768,1,16384,13.6406
410,768,2,512,13.3211
410,768,2,768,13.3317
410,768,2,1152,13.3477
410,768,2,1728,13.3717
410,768,2,2592,13.4076
410,768,2,3888,13.4616
410,768,2,5832,13.5424
410,768,2,8748,13.6638
410,768,2,13122,13.8458
410,768,2,16384,15.3777
410,768,4,512,13.3424
410,768,4,768,13.3637
410,768,4,1152,13.3956
410,768,4,1728,13.4436
410,768,4,2592,13.5155
410,768,4,3888,13.6233
410,768,4,5832,13.7851
410,768,4,8748,15.9553
410,768,4,13122,20.4342
410,768,4,16384,23.7745
410,768,8,512,13.3850
410,768,8,768,13.4276
410,768,8,1152,13.4915
410,768,8,1728,13.5874
410,768,8,2592,13.7312
410,768,8,3888,14.9763
410,768,8,5832,18.9576
410,768,8,8748,24.9296
410,768,8,13122,33.8876
410,768,8,16384,40.5681
410,768,16,512,13.4702
410,768,16,768,13.5554
410,768,16,1152,13.6832
410,768,16,1728,14.1244
410,768,16,2592,17.6633
410,768,16,3888,22.9717
410,768,16,5832,30.9343
410,768,16,8748,42.8783
410,768,16,13122,60.7942
410,768,16,16384,74.1553
410,768,32,512,13.6406
410,768,32,768,13.8111
410,768,32,1152,16.5492
410,768,32,1728,21.2678
410,768,32,2592,28.3457
410,768,32,3888,38.9625
410,768,32,5832,54.8877
410,768,32,8748,78.7756
410,768,32,13122,114.6074
410,768,32,16384,141.3297
410,768,64,512,15.6317
410,768,64,768,19.8260
410,768,64,1152,26.1174
410,768,64,1728,35.5546
410,768,64,2592,49.7104
410,768,64,3888,70.9441
410,768,64,5832,102.7946
410,768,64,8748,150.5703
410,768,64,13122,222.2339
410,768,64,16384,275.6785
410,768,128,512,24.2824
410,768,128,768,32.6710
410,768,128,1152,45.2540
410,768,128,1728,64.1283
410,768,128,2592,92.4399
410,768,128,3888,134.9072
410,768,128,5832,198.6082
410,768,128,8748,294.1597
410,768,128,13122,437.4869
410,768,128,16384,544.3761
410,1152,0,0,16.5753
410,1152,1,512,16.5860
410,1152,1,768,16.5913
410,1152,1,1152,16.5993
410,1152,1,1728,16.6113
410,1152,1,2592,16.6292
410,1152,1,3888,16.6562
410,1152,1,5832,16.6967
410,1152,1,8748,16.7573
410,1152,1,13122,16.8483
410,1152,1,16384,16.9162
410,1152,2,512,16.5966
410,1152,2,768,16.6073
410,1152,2,1152,16.6233
410,1152,2,1728,16.6472
410,1152,2,2592,16.6832
410,1152,2,3888,16.7371
410,1152,2,5832,16.8180
410,1152,2,8748,16.9393
410,1152,2,13122,17.1213
410,1152,2,16384,17.2571
410,1152,4,512,16.6179
410,1152,4,768,16.6392
410,1152,4,1152,16.6712
410,1152,4,1728,16.7191
410,1152,4,2592,16.7910
410,1152,4,3888,16.8989
410,1152,4,5832,17.0607
410,1152,4,8748,17.3033
410,1152,4,13122,20.5325
410,1152,4,16384,23.8728
410,1152,8,512,16.6605
410,1152,8,768,16.7031
410,1152,8,1152,16.7671
410,1152,8,1728,16.8629
410,1152,8,2592,17.0067
410,1152,8,3888,17.2224
410,1152,8,5832,19.0559
410,1152,8,8748,25.0279
410,1152,8,13122,33.9859
410,1152,8,16384,40.6664
410,1152,16,512,16.7458
410,1152,16,768,16.8310
410,1152,16,1152,16.9588
410,1152,16,1728,17.1505
410,1152,16,2592,17.7616
410,1152,16,3888,23.0700
410,1152,16,5832,31.0326
410,1152,16,8748,42.9766
410,1152,16,13122,60.8925
410,1152,16,16384,74.2536
410,1152,32,512,16.9162
410,1152,32,768,17.0866
410,1152,32,1152,17.3423
410,1152,32,1728,21.3661
410,1152,32,2592,28.4440
410,1152,32,3888,39.0608
410,1152,32,5832,54.9860
410,1152,32,8748,78.8739
410,1152,32,13122,114.7057
410,1152,32,16384,141.4280
410,1152,64,512,17.2571
410,1152,64,768,19.9243
410,1152,64,1152,26.2157
410,1152,64,1728,35.6529
410,1152,64,2592,49.8087
410,1152,64,3888,71.0424
410,1152,64,5832,102.8929
410,1152,64,8748,150.6686
410,1152,64,13122,222.3322
410,1152,64,16384,275.7768
410,1152,128,512,24.3807
410,1152,128,768,32.7693
410,1152,128,1152,45.3523
410,1152,128,1728,64.2266
410,1152,128,2592,92.5382
410,1152,128,3888,135.0055
410,1152,128,5832,198.7065
410,1152,128,8748,294.2580
410,1152,128,13122,437.5852
410,1152,128,16384,544.4744
410,1728,0,0,21.4886
410,1728,1,512,21.4993
410,1728,1,768,21.5046
410,1728,1,1152,21.5126
410,1728,1,1728,21.5246
410,1728,1,2592,21.5426
410,1728,1,3888,21.5695
410,1728,1,5832,21.6100
410,1728,1,8748,21.6707
410,1728,1,13122,21.7617
410,1728,1,16384,21.8295
410,1728,2,512,21.5100
410,1728,2,768,21.5206
410,1728,2,1152,21.5366
410,1728,2,1728,21.5606
410,1728,2,2592,21.5965
410,1728,2,3888,21.6504
410,1728,2,5832,21.7313
410,1728,2,8748,21.8527
410,1728,2,13122,22.0347
410,1728,2,16384,22.1704
410,1728,4,512,21.5313
410,1728,4,768,21.5526
410,1728,4,1152,21.5845
410,1728,4,1728,21.6325
410,1728,4,2592,21.7044
410,1728,4,3888,21.8122
410,1728,4,5832,21.9740
410,1728,4,8748,22.2167
410,1728,4,13122,22.5807
410,1728,4,16384,24.0203
410,1728,8,512,21.5739
410,1728,8,768,21.6165
410,1728,8,1152,21.6804
410,1728,8,1728,21.7763
410,1728,8,2592,21.9201
410,1728,8,3888,22.1358
410,1728,8,5832,22.4593
410,1728,8,8748,25.1754
410,1728,8,13122,34.1333
410,1728,8,16384,40.8139
410,1728,16,512,21.6591
410,1728,16,768,21.7443
410,1728,16,1152,21.8721
410,1728,16,1728,22.0639
410,1728,16,2592,22.3515
410,1728,16,3888,23.2175
410,1728,16,5832,31.1801
410,1728,16,8748,43.1240
410,1728,16,13122,61.0399
410,1728,16,16384,74.4011
410,1728,32,512,21.8295
410,1728,32,768,22.0000
410,1728,32,1152,22.2556
410,1728,32,1728,22.6391
410,1728,32,2592,28.5914
410,1728,32,3888,39.2083
410,1728,32,5832,55.1335
410,1728,32,8748,79.0214
410,1728,32,13122,114.8532
410,1728,32,16384,141.5755
410,1728,64,512,22.1704
410,1728,64,768,22.5113
410,1728,64,1152,26.3632
410,1728,64,1728,35.8004
410,1728,64,2592,49.9562
410,1728,64,3888,71.1898
410,1728,64,5832,103.0403
410,1728,64,8748,150.8161
410,1728,64,13122,222.4797
410,1728,64,16384,275.9243
410,1728,128,512,24.5282
410,1728,128,768,32.9168
410,1728,128,1152,45.4997
410,1728,128,1728,64.3741
410,1728,128,2592,92.6856
410,1728,128,3888,135.1530
410,1728,128,5832,198.8540
410,1728,128,8748,294.4054
410,1728,128,13122,437.7327
410,1728,128,16384,544.6219
410,2592,0,0,28.8586
410,2592,1,512,28.8693
410,2592,1,768,28.8746
410,2592,1,1152,28.8826
410,2592,1,1728,28.8946
410,2592,1,2592,28.9126
410,2592,1,3888,28.9395
410,2592,1,5832,28.9800
410,2592,1,8748,29.0406
410,2592,1,13122,29.1316
410,2592,1,16384,29.1995
410,2592,2,512,28.8799
410,2592,2,768,28.8906
410,2592,2,1152,28.9066
410,2592,2,1728,28.9305
410,2592,2,2592,28.9665
410,2592,2,3888,29.0204
410,2592,2,5832,29.1013
410,2592,2,8748,29.2226
410,2592,2,13122,29.4046
410,2592,2,16384,29.5404
410,2592,4,512,28.9012
410,2592,4,768,28.9226
410,2592,4,1152,28.9545
410,2592,4,1728,29.0024
410,2592,4,2592,29.0743
410,2592,4,3888,29.1822
410,2592,4,5832,29.3440
410,2592,4,8748,29.5867
410,2592,4,13122,29.9507
410,2592,4,16384,30.2221
410,2592,8,512,28.9439
410,2592,8,768,28.9865
410,2592,8,1152,29.0504
410,2592,8,1728,29.1463
410,2592,8,2592,29.2901
410,2592,8,3888,29.5058
410,2592,8,5832,29.8293
410,2592,8,8748,30.3147
410,2592,8,13122,34.3545
410,2592,8,16384,41.0351
410,2592,16,512,29.0291
410,2592,16,768,29.1143
410,2592,16,1152,29.2421
410,2592,16,1728,29.4339
410,2592,16,2592,29.7215
410,2592,16,3888,30.1529
410,2592,16,5832,31.4013
410,2592,16,8748,43.3452
410,2592,16,13122,61.2611
410,2592,16,16384,74.6223
410,2592,32,512,29.1995
410,2592,32,768,29.3699
410,2592,32,1152,29.6256
410,2592,32,1728,30.0091
410,2592,32,2592,30.5843
410,2592,32,3888,39.4294
410,2592,32,5832,55.3547
410,2592,32,8748,79.2426
410,2592,32,13122,115.0744
410,2592,32,16384,141.7967
410,2592,64,512,29.5404
410,2592,64,768,29.8813
410,2592,64,1152,30.3926
410,2592,64,1728,36.0216
410,2592,64,2592,50.1773
410,2592,64,3888,71.4110
410,2592,64,5832,103.2615
410,2592,64,8748,151.0372
410,2592,64,13122,222.7009
410,2592,64,16384,276.1455
410,2592,128,512,30.2221
410,2592,128,768,33.1380
410,2592,128,1152,45.7209
410,2592,128,1728,64.5953
410,2592,128,2592,92.9068
410,2592,128,3888,135.3741
410,2592,128,5832,199.0751
410,2592,128,8748,294.6266
410,2592,128,13122,437.9539
410,2592,128,16384,544.8431
410,3888,0,0,39.9136
410,3888,1,512,39.9243
410,3888,1,768,39.9296
410,3888,1,1152,39.9376
410,3888,1,1728,39.9496
410,3888,1,2592,39.9676
410,3888,1,3888,39.9945
410,3888,1,5832,40.0350
410,3888,1,8748,40.0956
410,3888,1,13122,40.1866
410,3888,1,16384,40.2545
410,3888,2,512,39.9349
410,3888,2,768,39.9456
410,3888,2,1152,39.9616
410,3888,2,1728,39.9855
410,3888,2,2592,40.0215
410,3888,2,3888,40.0754
410,3888,2,5832,40.1563
410,3888,2,8748,40.2776
410,3888,2,13122,40.4596
410,3888,2,16384,40.5954
410,3888,4,512,39.9562
410,3888,4,768,39.9775
410,3888,4,1152,40.0095
410,3888,4,1728,40.0574
410,3888,4,2592,40.1293
410,3888,4,3888,40.2372
410,3888,4,5832,40.3990
410,3888,4,8748,40.6416
410,3888,4,13122,41.0056
410,3888,4,16384,41.2771
410,3888,8,512,39.9988
410,3888,8,768,40.0415
410,3888,8,1152,40.1054
410,3888,8,1728,40.2012
410,3888,8,2592,40.3450
410,3888,8,3888,40.5607
410,3888,8,5832,40.8843
410,3888,8,8748,41.3697
410,3888,8,13122,42.0977
410,3888,8,16384,42.6406
410,3888,16,512,40.0841
410,3888,16,768,40.1693
410,3888,16,1152,40.2971
410,3888,16,1728,40.4888
410,3888,16,2592,40.7765
410,3888,16,3888,41.2079
410,3888,16,5832,41.8550
410,3888,16,8748,43.6770
410,3888,16,13122,61.5929
410,3888,16,16384,74.9540
410,3888,32,512,40.2545
410,3888,32,768,40.4249
410,3888,32,1152,40.6806
410,3888,32,1728,41.0641
410,3888,32,2592,41.6393
410,3888,32,3888,42.5021
410,3888,32,5832,55.6865
410,3888,32,8748,79.5743
410,3888,32,13122,115.4061
410,3888,32,16384,142.1284
410,3888,64,512,40.5954
410,3888,64,768,40.9362
410,3888,64,1152,41.4475
410,3888,64,1728,42.2145
410,3888,64,2592,50.5091
410,3888,64,3888,71.7428
410,3888,64,5832,103.5933
410,3888,64,8748,151.3690
410,3888,64,13122,223.0326
410,3888,64,16384,276.4772
410,3888,128,512,41.2771
410,3888,128,768,41.9589
410,3888,128,1152,46.0527
410,3888,128,1728,64.9270
410,3888,128,2592,93.2386
410,3888,128,3888,135.7059
410,3888,128,5832,199.4069
410,3888,128,8748,294.9584
410,3888,128,13122,438.2856
410,3888,128,16384,545.1748
410,5832,0,0,56.4961
410,5832,1,512,56.5068
410,5832,1,768,56.5121
410,5832,1,1152,56.5201
410,5832,1,1728,56.5321
410,5832,1,2592,56.5500
410,5832,1,3888,56.5770
410,5832,1,5832,56.6174
410,5832,1,8748,56.6781
410,5832,1,13122,56.7691
410,5832,1,16384,56.8370
410,5832,2,512,56.5174
410,5832,2,768,56.5281
410,5832,2,1152,56.5440
410,5832,2,1728,56.5680
410,5832,2,2592,56.6040
410,5832,2,3888,56.6579
410,5832,2,5832,56.7388
410,5832,2,8748,56.8601
410,5832,2,13122,57.0421
410,5832,2,16384,57.1778
410,5832,4,512,56.5387
410,5832,4,768,56.5600
410,5832,4,1152,56.5920
410,5832,4,1728,56.6399
410,5832,4,2592,56.7118
410,5832,4,3888,56.8197
410,5832,4,5832,56.9814
410,5832,4,8748,57.2241
410,5832,4,13122,57.5881
410,5832,4,16384,57.8596
410,5832,8,512,56.5813
410,5832,8,768,56.6239
410,5832,8,1152,56.6878
410,5832,8,1728,56.7837
410,5832,8,2592,56.9275
410,5832,8,3888,57.1432
410,5832,8,5832,57.4668
410,5832,8,8748,57.9521
410,5832,8,13122,58.6801
410,5832,8,16384,59.2231
410,5832,16,512,56.6665
410,5832,16,768,56.7518
410,5832,16,1152,56.8796
410,5832,16,1728,57.0713
410,5832,16,2592,57.3589
410,5832,16,3888,57.7904
410,5832,16,5832,58.4375
410,5832,16,8748,59.4082
410,5832,16,13122,62.0906
410,5832,16,16384,75.4517
410,5832,32,512,56.8370
410,5832,32,768,57.0074
410,5832,32,1152,57.2631
410,5832,32,1728,57.6465
410,5832,32,2592,58.2218
410,5832,32,3888,59.0846
410,5832,32,5832,60.3788
410,5832,32,8748,80.0720
410,5832,32,13122,115.9038
410,5832,32,16384,142.6261
410,5832,64,512,57.1778
410,5832,64,768,57.5187
410,5832,64,1152,58.0300
410,5832,64,1728,58.7970
410,5832,64,2592,59.9474
410,5832,64,3888,72.2404
410,5832,64,5832,104.0909
410,5832,64,8748,151.8667
410,5832,64,13122,223.5303
410,5832,64,16384,276.9749
410,5832,128,512,57.8596
410,5832,128,768,58.5413
410,5832,128,1152,59.5639
410,5832,128,1728,65.4247
410,5832,128,2592,93.7363
410,5832,128,3888,136.2036
410,5832,128,5832,199.9046
410,5832,128,8748,295.4561
410,5832,128,13122,438.7833
410,5832,128,16384,545.6725
410,8748,0,0,81.3698
410,8748,1,512,81.3805
410,8748,1,768,81.3858
410,8748,1,1152,81.3938
410,8748,1,1728,81.4058
410,8748,1,2592,81.4238
410,8748,1,3888,81.4507
410,8748,1,5832,81.4912
410,8748,1,8748,81.5518
410,8748,1,13122,81.6428
410,8748,1,16384,81.7107
410,8748,2,512,81.3911
410,8748,2,768,81.4018
410,8748,2,1152,81.4178
410,8748,2,1728,81.4417
410,8748,2,2592,81.4777
410,8748,2,3888,81.5316
410,8748,2,5832,81.6125
410,8748,2,8748,81.7338
410,8748,2,13122,81.9158
410,8748,2,16384,82.0516
410,8748,4,512,81.4124
410,8748,4,768,81.4337
410,8748,4,1152,81.4657
410,8748,4,1728,81.5136
410,8748,4,2592,81.5855
410,8748,4,3888,81.6934
410,8748,4,5832,81.8552
410,8748,4,8748,82.0978
410,8748,4,13122,82.4618
410,8748,4,16384,82.7333
410,8748,8,512,81.4550
410,8748,8,768,81.4977
410,8748,8,1152,81.5616
410,8748,8,1728,81.6574
410,8748,8,2592,81.8012
410,8748,8,3888,82.0170
410,8748,8,5832,82.3405
410,8748,8,8748,82.8259
410,8748,8,13122,83.5539
410,8748,8,16384,84.0968
410,8748,16,512,81.5403
410,8748,16,768,81.6255
410,8748,16,1152,81.7533
410,8748,16,1728,81.9450
410,8748,16,2592,82.2327
410,8748,16,3888,82.6641
410,8748,16,5832,83.3112
410,8748,16,8748,84.2819
410,8748,16,13122,85.7379
410,8748,16,16384,86.8238
410,8748,32,512,81.7107
410,8748,32,768,81.8811
410,8748,32,1152,82.1368
410,8748,32,1728,82.5203
410,8748,32,2592,83.0955
410,8748,32,3888,83.9583
410,8748,32,5832,85.2526
410,8748,32,8748,87.1939
410,8748,32,13122,116.6503
410,8748,32,16384,143.3726
410,8748,64,512,82.0516
410,8748,64,768,82.3924
410,8748,64,1152,82.9037
410,8748,64,1728,83.6707
410,8748,64,2592,84.8211
410,8748,64,3888,86.5468
410,8748,64,5832,104.8374
410,8748,64,8748,152.6132
410,8748,64,13122,224.2768
410,8748,64,16384,277.7214
410,8748,128,512,82.7333
410,8748,128,768,83.4151
410,8748,128,1152,84.4377
410,8748,128,1728,85.9716
410,8748,128,2592,94.4828
410,8748,128,3888,136.9501
410,8748,128,5832,200.6511
410,8748,128,8748,296.2026
410,8748,128,13122,439.5298
410,8748,128,16384,546.4190
410,13122,0,0,118.6804
410,13122,1,512,118.6911
410,13122,1,768,118.6964
410,13122,1,1152,118.7044
410,13122,1,1728,118.7164
410,13122,1,2592,118.7343
410,13122,1,3888,118.7613
410,13122,1,5832,118.8017
410,13122,1,8748,118.8624
410,13122,1,13122,118.9534
410,13122,1,16384,119.0213
410,13122,2,512,118.7017
410,13122,2,768,118.7124
410,13122,2,1152,118.7283
410,13122,2,1728,118.7523
410,13122,2,2592,118.7883
410,13122,2,3888,118.8422
410,13122,2,5832,118.9231
410,13122,2,8748,119.0444
410,13122,2,13122,119.2264
410,13122,2,16384,119.3622
410,13122,4,512,118.7230
410,13122,4,768,118.7443
410,13122,4,1152,118.7763
410,13122,4,1728,118.8242
410,13122,4,2592,118.8961
410,13122,4,3888,119.0040
410,13122,4,5832,119.1658
410,13122,4,8748,119.4084
410,13122,4,13122,119.7724
410,13122,4,16384,120.0439
410,13122,8,512,118.7656
410,13122,8,768,118.8082
410,13122,8,1152,118.8721
410,13122,8,1728,118.9680
410,13122,8,2592,119.1118
410,13122,8,3888,119.3275
410,13122,8,5832,119.6511
410,13122,8,8748,120.1364
410,13122,8,13122,120.8644
410,13122,8,16384,121.4074
410,13122,16,512,118.8508
410,13122,16,768,118.9361
410,13122,16,1152,119.0639
410,13122,16,1728,119.2556
410,13122,16,2592,119.5432
410,13122,16,3888,119.9747
410,13122,16,5832,120.6218
410,13122,16,8748,121.5925
410,13122,16,13122,123.0485
410,13122,16,16384,124.1343
410,13122,32,512,119.0213
410,13122,32,768,119.1917
410,13122,32,1152,119.4474
410,13122,32,1728,119.8308
410,13122,32,2592,120.4061
410,13122,32,3888,121.2689
410,13122,32,5832,122.5631
410,13122,32,8748,124.5045
410,13122,32,13122,127.4165
410,13122,32,16384,144.4924
410,13122,64,512,119.3622
410,13122,64,768,119.7030
410,13122,64,1152,120.2143
410,13122,64,1728,120.9813
410,13122,64,2592,122.1317
410,13122,64,3888,123.8574
410,13122,64,5832,126.4459
410,13122,64,8748,153.7329
410,13122,64,13122,225.3965
410,13122,64,16384,278.8412
410,13122,128,512,120.0439
410,13122,128,768,120.7256
410,13122,128,1152,121.7482
410,13122,128,1728,123.2822
410,13122,128,2592,125.5830
410,13122,128,3888,138.0698
410,13122,128,5832,201.7708
410,13122,128,8748,297.3223
410,13122,128,13122,440.6495
410,13122,128,16384,547.5388
410,16384,0,0,146.5055
410,16384,1,512,146.5162
410,16384,1,768,146.5215
410,16384,1,1152,146.5295
410,16384,1,1728,146.5415
410,16384,1,2592,146.5595
410,16384,1,3888,146.5864
410,16384,1,5832,146.6269
410,16384,1,8748,146.6875
410,16384,1,13122,146.7785
410,16384,1,16384,146.8464
410,16384,2,512,146.5268
410,16384,2,768,146.5375
410,16384,2,1152,146.5535
410,16384,2,1728,146.5774
410,16384,2,2592,146.6134
410,16384,2,3888,146.6673
410,16384,2,5832,146.7482
410,16384,2,8748,146.8695
410,16384,2,13122,147.0515
410,16384,2,16384,147.1873
410,16384,4,512,146.5481
410,16384,4,768,146.5695
410,16384,4,1152,146.6014
410,16384,4,1728,146.6493
410,16384,4,2592,146.7212
410,16384,4,3888,146.8291
410,16384,4,5832,146.9909
410,16384,4,8748,147.2336
410,16384,4,13122,147.5976
410,16384,4,16384,147.8690
410,16384,8,512,146.5908
410,16384,8,768,146.6334
410,16384,8,1152,146.6973
410,16384,8,1728,146.7931
410,16384,8,2592,146.9370
410,16384,8,3888,147.1527
410,16384,8,5832,147.4762
410,16384,8,8748,147.9616
410,16384,8,13122,148.6896
410,16384,8,16384,149.2325
410,16384,16,512,146.6760
410,16384,16,768,146.7612
410,16384,16,1152,146.8890
410,16384,16,1728,147.0808
410,16384,16,2592,147.3684
410,16384,16,3888,147.7998
410,16384,16,5832,148.4469
410,16384,16,8748,149.4176
410,16384,16,13122,150.8736
410,16384,16,16384,151.9595
410,16384,32,512,146.8464
410,16384,32,768,147.0168
410,16384,32,1152,147.2725
410,16384,32,1728,147.6560
410,16384,32,2592,148.2312
410,16384,32,3888,149.0940
410,16384,32,5832,150.3883
410,16384,32,8748,152.3296
410,16384,32,13122,155.2417
410,16384,32,16384,157.4134
410,16384,64,512,147.1873
410,16384,64,768,147.5282
410,16384,64,1152,148.0395
410,16384,64,1728,148.8064
410,16384,64,2592,149.9569
410,16384,64,3888,151.6825
410,16384,64,5832,154.2710
410,16384,64,8748,158.1537
410,16384,64,13122,226.2316
410,16384,64,16384,279.6762
410,16384,128,512,147.8690
410,16384,128,768,148.5508
410,16384,128,1152,149.5734
410,16384,128,1728,151.1073
410,16384,128,2592,153.4082
410,16384,128,3888,156.8595
410,16384,128,5832,202.6059
410,16384,128,8748,298.1574
410,16384,128,13122,441.4846
410,16384,128,16384,548.3738
512,0,0,0,7.7270
512,0,1,16,7.7273
512,0,1,32,7.7276
512,0,1,64,7.7283
512,0,1,128,7.7296
512,0,1,256,7.7323
512,0,1,512,7.7376
512,0,1,1024,7.7483
512,0,1,2048,7.7696
512,0,1,4096,8.2809
512,0,1,8192,9.3295
512,0,1,16384,11.4266
512,0,2,16,7.7276
512,0,2,32,7.7283
512,0,2,64,7.7296
512,0,2,128,7.7323
512,0,2,256,7.7376
512,0,2,512,7.7483
512,0,2,1024,7.7696
512,0,2,2048,8.2850
512,0,2,4096,9.3336
512,0,2,8192,11.4307
512,0,2,16384,15.6250
512,0,4,16,7.7283
512,0,4,32,7.7296
512,0,4,64,7.7323
512,0,4,128,7.7376
512,0,4,256,7.7483
512,0,4,512,7.7696
512,0,4,1024,8.2932
512,0,4,2048,9.3418
512,0,4,4096,11.4389
512,0,4,8192,15.6332
512,0,4,16384,24.0218
512,0,8,16,7.7296
512,0,8,32,7.7323
512,0,8,64,7.7376
512,0,8,128,7.7483
512,0,8,256,7.7853
512,0,8,512,8.3096
512,0,8,1024,9.3581
512,0,8,2048,11.4553
512,0,8,4096,15.6496
512,0,8,8192,24.0382
512,0,8,16384,40.8154
512,0,16,16,7.7323
512,0,16,32,7.7376
512,0,16,64,7.7483
512,0,16,128,7.8180
512,0,16,256,8.3423
512,0,16,512,9.3909
512,0,16,1024,11.4881
512,0,16,2048,15.6824
512,0,16,4096,24.0710
512,0,16,8192,40.8482
512,0,16,16384,74.4026
512,0,32,16,7.7376
512,0,32,32,7.7483
512,0,32,64,7.8836
512,0,32,128,8.4079
512,0,32,256,9.4564
512,0,32,512,11.5536
512,0,32,1024,15.7479
512,0,32,2048,24.1365
512,0,32,4096,40.9137
512,0,32,8192,74.4682
512,0,32,16384,141.5770
512,0,64,16,7.7525
512,0,64,32,8.0147
512,0,64,64,8.5389
512,0,64,128,9.5875
512,0,64,256,11.6847
512,0,64,512,15.8790
512,0,64,1024,24.2676
512,0,64,2048,41.0448
512,0,64,4096,74.5992
512,0,64,8192,141.7081
512,0,64,16384,275.9258
512,0,128,16,8.2768
512,0,128,32,8.8011
512,0,128,64,9.8497
512,0,128,128,11.9468
512,0,128,256,16.1411
512,0,128,512,24.5297
512,0,128,1024,41.3069
512,0,128,2048,74.8614
512,0,128,4096,141.9702
512,0,128,8192,276.1880
512,0,128,16384,544.6234
512,16,0,0,7.8974
512,16,1,16,7.8977
512,16,1,32,7.8981
512,16,1,64,7.8987
512,16,1,128,7.9001
512,16,1,256,7.9027
512,16,1,512,7.9081
512,16,1,1024,7.9187
512,16,1,2048,7.9400
512,16,1,4096,8.2850
512,16,1,8192,9.3336
512,16,1,16384,11.4307
512,16,2,16,7.8981
512,16,2,32,7.8987
512,16,2,64,7.9001
512,16,2,128,7.9027
512,16,2,256,7.9081
512,16,2,512,7.9187
512,16,2,1024,7.9400
512,16,2,2048,8.2891
512,16,2,4096,9.3377
512,16,2,8192,11.4348
512,16,2,16384,15.6291
512,16,4,16,7.8987
512,16,4,32,7.9001
512,16,4,64,7.9027
512,16,4,128,7.9081
512,16,4,256,7.9187
512,16,4,512,7.9400
512,16,4,1024,8.2973
512,16,4,2048,9.3459
512,16,4,4096,11.4430
512,16,4,8192,15.6373
512,16,4,16384,24.0259
512,16,8,16,7.9001
512,16,8,32,7.9027
512,16,8,64,7.9081
512,16,8,128,7.9187
512,16,8,256,7.9400
512,16,8,512,8.3137
512,16,8,1024,9.3622
512,16,8,2048,11.4594
512,16,8,4096,15.6537
512,16,8,8192,24.0423
512,16,8,16384,40.8195
512,16,16,16,7.9027
512,16,16,32,7.9081
512,16,16,64,7.9187
512,16,16,128,7.9400
512,16,16,256,8.3464
512,16,16,512,9.3950
512,16,16,1024,11.4922
512,16,16,2048,15.6865
512,16,16,4096,24.0751
512,16,16,8192,40.8523
512,16,16,16384,74.4067
512,16,32,16,7.9081
512,16,32,32,7.9187
512,16,32,64,7.9400
512,16,32,128,8.4120
512,16,32,256,9.4605
512,16,32,512,11.5577
512,16,32,1024,15.7520
512,16,32,2048,24.1406
512,16,32,4096,40.9178
512,16,32,8192,74.4723
512,16,32,16384,141.5811
512,16,64,16,7.9187
512,16,64,32,8.0188
512,16,64,64,8.5430
512,16,64,128,9.5916
512,16,64,256,11.6888
512,16,64,512,15.8831
512,16,64,1024,24.2717
512,16,64,2048,41.0489
512,16,64,4096,74.6033
512,16,64,8192,141.7122
512,16,64,16384,275.9299
512,16,128,16,8.2809
512,16,128,32,8.8052
512,16,128,64,9.8538
512,16,128,128,11.9509
512,16,128,256,16.1452
512,16,128,512,24.5338
512,16,128,1024,41.3110
512,16,128,2048,74.8655
512,16,128,4096,141.9743
512,16,128,8192,276.1921
512,16,128,16384,544.6275
512,32,0,0,8.0678
512,32,1,16,8.0682
512,32,1,32,8.0685
512,32,1,64,8.0692
512,32,1,128,8.0705
512,32,1,256,8.0732
512,32,1,512,8.0785
512,32,1,1024,8.0891
512,32,1,2048,8.1104
512,32,1,4096,8.2891
512,32,1,8192,9.3377
512,32,1,16384,11.4348
512,32,2,16,8.0685
512,32,2,32,8.0692
512,32,2,64,8.0705
512,32,2,128,8.0732
512,32,2,256,8.0785
512,32,2,512,8.0891
512,32,2,1024,8.1104
512,32,2,2048,8.2932
512,32,2,4096,9.3418
512,32,2,8192,11.4389
512,32,2,16384,15.6332
512,32,4,16,8.0692
512,32,4,32,8.0705
512,32,4,64,8.0732
512,32,4,128,8.0785
512,32,4,256,8.0891
512,32,4,512,8.1104
512,32,4,1024,8.3014
512,32,4,2048,9.3500
512,32,4,4096,11.4471
512,32,4,8192,15.6414
512,32,4,16384,24.0300
512,32,8,16,8.0705
512,32,8,32,8.0732
512,32,8,64,8.0785
512,32,8,128,8.0891
512,32,8,256,8.1104
512,32,8,512,8.3178
512,32,8,1024,9.3663
512,32,8,2048,11.4635
512,32,8,4096,15.6578
512,32,8,8192,24.0464
512,32,8,16384,40.8236
512,32,16,16,8.0732
512,32,16,32,8.0785
512,32,16,64,8.0891
512,32,16,128,8.1104
512,32,16,256,8.3505
512,32,16,512,9.3991
512,32,16,1024,11.4963
512,32,16,2048,15.6906
512,32,16,4096,24.0792
512,32,16,8192,40.8564
512,32,16,16384,74.4108
512,32,32,16,8.0785
512,32,32,32,8.0891
512,32,32,64,8.1104
512,32,32,128,8.4161
512,32,32,256,9.4646
512,32,32,512,11.5618
512,32,32,1024,15.7561
512,32,32,2048,24.1447
512,32,32,4096,40.9219
512,32,32,8192,74.4764
512,32,32,16384,141.5852
512,32,64,16,8.0891
512,32,64,32,8.1104
512,32,64,64,8.5471
512,32,64,128,9.5957
512,32,64,256,11.6929
512,32,64,512,15.8872
512,32,64,1024,24.2758
512,32,64,2048,41.0530
512,32,64,4096,74.6074
512,32,64,8192,141.7163
512,32,64,16384,275.9340
512,32,128,16,8.2850
512,32,128,32,8.8093
512,32,128,64,9.8579
512,32,128,128,11.9550
512,32,128,256,16.1493
512,32,128,512,24.5379
512,32,128,1024,41.3151
512,32,128,2048,74.8696
512,32,128,4096,141.9784
512,32,128,8192,276.1962
512,32,128,16384,544.6316
512,64,0,0,8.4087
512,64,1,16,8.4090
512,64,1,32,8.4094
512,64,1,64,8.4100
512,64,1,128,8.4114
512,64,1,256,8.4140
512,64,1,512,8.4194
512,64,1,1024,8.4300
512,64,1,2048,8.4513
512,64,1,4096,8.4939
512,64,1,8192,9.3459
512,64,1,16384,11.4430
512,64,2,16,8.4094
512,64,2,32,8.4100
512,64,2,64,8.4114
512,64,2,128,8.4140
512,64,2,256,8.4194
512,64,2,512,8.4300
512,64,2,1024,8.4513
512,64,2,2048,8.4939
512,64,2,4096,9.3500
512,64,2,8192,11.4471
512,64,2,16384,15.6414
512,64,4,16,8.4100
512,64,4,32,8.4114
512,64,4,64,8.4140
512,64,4,128,8.4194
512,64,4,256,8.4300
512,64,4,512,8.4513
512,64,4,1024,8.4939
512,64,4,2048,9.3581
512,64,4,4096,11.4553
512,64,4,8192,15.6496
512,64,4,16384,24.0382
512,64,8,16,8.4114
512,64,8,32,8.4140
512,64,8,64,8.4194
512,64,8,128,8.4300
512,64,8,256,8.4513
512,64,8,512,8.4939
512,64,8,1024,9.3745
512,64,8,2048,11.4717
512,64,8,4096,15.6660
512,64,8,8192,24.0546
512,64,8,16384,40.8318
512,64,16,16,8.4140
512,64,16,32,8.4194
512,64,16,64,8.4300
512,64,16,128,8.4513
512,64,16,256,8.4939
512,64,16,512,9.4073
512,64,16,1024,11.5044
512,64,16,2048,15.6988
512,64,16,4096,24.0874
512,64,16,8192,40.8646
512,64,16,16384,74.4190
512,64,32,16,8.4194
512,64,32,32,8.4300
512,64,32,64,8.4513
512,64,32,128,8.4939
512,64,32,256,9.4728
512,64,32,512,11.5700
512,64,32,1024,15.7643
512,64,32,2048,24.1529
512,64,32,4096,40.9301
512,64,32,8192,74.4845
512,64,32,16384,141.5934
512,64,64,16,8.4300
512,64,64,32,8.4513
512,64,64,64,8.5553
512,64,64,128,9.6039
512,64,64,256,11.7011
512,64,64,512,15.8954
512,64,64,1024,24.2840
512,64,64,2048,41.0612
512,64,64,4096,74.6156
512,64,64,8192,141.7245
512,64,64,16384,275.9422
512,64,128,16,8.4513
512,64,128,32,8.8175
512,64,128,64,9.8660
512,64,128,128,11.9632
512,64,128,256,16.1575
512,64,128,512,24.5461
512,64,128,1024,41.3233
512,64,128,2048,74.8778
512,64,128,4096,141.9866
512,64,128,8192,276.2044
512,64,128,16384,544.6398
512,128,0,0,9.0904
512,128,1,16,9.0908
512,128,1,32,9.0911
512,128,1,64,9.0918
512,128,1,128,9.0931
512,128,1,256,9.0958
512,128,1,512,9.1011
512,128,1,1024,9.1117
512,128,1,2048,9.1331
512,128,1,4096,9.1757
512,128,1,8192,9.3622
512,128,1,16384,11.4594
512,128,2,16,9.0911
512,128,2,32,9.0918
512,128,2,64,9.0931
512,128,2,128,9.0958
512,128,2,256,9.1011
512,128,2,512,9.1117
512,128,2,1024,9.1331
512,128,2,2048,9.1757
512,128,2,4096,9.3663
512,128,2,8192,11.4635
512,128,2,16384,15.6578
512,128,4,16,9.0918
512,128,4,32,9.0931
512,128,4,64,9.0958
512,128,4,128,9.1011
512,128,4,256,9.1117
512,128,4,512,9.1331
512,128,4,1024,9.1757
512,128,4,2048,9.3745
512,128,4,4096,11.4717
512,128,4,8192,15.6660
512,128,4,16384,24.0546
512,128,8,16,9.0931
512,128,8,32,9.0958
512,128,8,64,9.1011
512,128,8,128,9.1117
512,128,8,256,9.1331
512,128,8,512,9.1757
512,128,8,1024,9.3909
512,128,8,2048,11.4881
512,128,8,4096,15.6824
512,128,8,8192,24.0710
512,128,8,16384,40.8482
512,128,16,16,9.0958
512,128,16,32,9.1011
512,128,16,64,9.1117
512,128,16,128,9.1331
512,128,16,256,9.1757
512,128,16,512,9.4237
512,128,16,1024,11.5208
512,128,16,2048,15.7151
512,128,16,4096,24.1037
512,128,16,8192,40.8810
512,128,16,16384,74.4354
512,128,32,16,9.1011
512,128,32,32,9.1117
512,128,32,64,9.1331
512,128,32,128,9.1757
512,128,32,256,9.4892
512,128,32,512,11.5864
512,128,32,1024,15.7807
512,128,32,2048,24.1693
512,128,32,4096,40.9465
512,128,32,8192,74.5009
512,128,32,16384,141.6098
512,128,64,16,9.1117
512,128,64,32,9.1331
512,128,64,64,9.1757
512,128,64,128,9.6203
512,128,64,256,11.7174
512,128,64,512,15.9117
512,128,64,1024,24.3004
512,128,64,2048,41.0776
512,128,64,4096,74.6320
512,128,64,8192,141.7409
512,128,64,16384,275.9586
512,128,128,16,9.1331
512,128,128,32,9.1757
512,128,128,64,9.8824
512,128,128,128,11.9796
512,128,128,256,16.1739
512,128,128,512,24.5625
512,128,128,1024,41.3397
512,128,128,2048,74.8941
512,128,128,4096,142.0030
512,128,128,8192,276.2207
512,128,128,16384,544.6562
512,256,0,0,10.4539
512,256,1,16,10.4543
512,256,1,32,10.4546
512,256,1,64,10.4553
512,256,1,128,10.4566
512,256,1,256,10.4593
512,256,1,512,10.4646
512,256,1,1024,10.4752
512,256,1,2048,10.4965
512,256,1,4096,10.5391
512,256,1,8192,10.6244
512,256,1,16384,11.4922
512,256,2,16,10.4546
512,256,2,32,10.4553
512,256,2,64,10.4566
512,256,2,128,10.4593
512,256,2,256,10.4646
512,256,2,512,10.4752
512,256,2,1024,10.4965
512,256,2,2048,10.5391
512,256,2,4096,10.6244
512,256,2,8192,11.4963
512,256,2,16384,15.6906
512,256,4,16,10.4553
512,256,4,32,10.4566
512,256,4,64,10.4593
512,256,4,128,10.4646
512,256,4,256,10.4752
512,256,4,512,10.4965
512,256,4,1024,10.5391
512,256,4,2048,10.6244
512,256,4,4096,11.5044
512,256,4,8192,15.6988
512,256,4,16384,24.0874
512,256,8,16,10.4566
512,256,8,32,10.4593
512,256,8,64,10.4646
512,256,8,128,10.4752
512,256,8,256,10.4965
512,256,8,512,10.5391
512,256,8,1024,10.6244
512,256,8,2048,11.5208
512,256,8,4096,15.7151
512,256,8,8192,24.1037
512,256,8,16384,40.8810
512,256,16,16,10.4593
512,256,16,32,10.4646
512,256,16,64,10.4752
512,256,16,128,10.4965
512,256,16,256,10.5391
512,256,16,512,10.6244
512,256,16,1024,11.5536
512,256,16,2048,15.7479
512,256,16,4096,24.1365
512,256,16,8192,40.9137
512,256,16,16384,74.4682
512,256,32,16,10.4646
512,256,32,32,10.4752
512,256,32,64,10.4965
512,256,32,128,10.5391
512,256,32,256,10.6244
512,256,32,512,11.6191
512,256,32,1024,15.8134
512,256,32,2048,24.2020
512,256,32,4096,40.9793
512,256,32,8192,74.5337
512,256,32,16384,141.6426
512,256,64,16,10.4752
512,256,64,32,10.4965
512,256,64,64,10.5391
512,256,64,128,10.6244
512,256,64,256,11.7502
512,256,64,512,15.9445
512,256,64,1024,24.3331
512,256,64,2048,41.1103
512,256,64,4096,74.6648
512,256,64,8192,141.7736
512,256,64,16384,275.9914
512,256,128,16,10.4965
512,256,128,32,10.5391
512,256,128,64,10.6244
512,256,128,128,12.0124
512,256,128,256,16.2067
512,256,128,512,24.5953
512,256,128,1024,41.3725
512,256,128,2048,74.9269
512,256,128,4096,142.0358
512,256,128,8192,276.2535
512,256,128,16384,544.6890
512,512,0,0,13.1809
512,512,1,16,13.1812
512,512,1,32,13.1816
512,512,1,64,13.1822
512,512,1,128,13.1836
512,512,1,256,13.1862
512,512,1,512,13.1915
512,512,1,1024,13.2022
512,512,1,2048,13.2235
512,512,1,4096,13.2661
512,512,1,8192,13.3513
512,512,1,16384,13.5218
512,512,2,16,13.1816
512,512,2,32,13.1822
512,512,2,64,13.1836
512,512,2,128,13.1862
512,512,2,256,13.1915
512,512,2,512,13.2022
512,512,2,1024,13.2235
512,512,2,2048,13.2661
512,512,2,4096,13.3513
512,512,2,8192,13.5218
512,512,2,16384,15.7561
512,512,4,16,13.1822
512,512,4,32,13.1836
512,512,4,64,13.1862
512,512,4,128,13.1915
512,512,4,256,13.2022
512,512,4,512,13.2235
512,512,4,1024,13.2661
512,512,4,2048,13.3513
512,512,4,4096,13.5218
512,512,4,8192,15.7643
512,512,4,16384,24.1529
512,512,8,16,13.1836
512,512,8,32,13.1862
512,512,8,64,13.1915
512,512,8,128,13.2022
512,512,8,256,13.2235
512,512,8,512,13.2661
512,512,8,1024,13.3513
512,512,8,2048,13.5218
512,512,8,4096,15.7807
512,512,8,8192,24.1693
512,512,8,16384,40.9465
512,512,16,16,13.1862
512,512,16,32,13.1915
512,512,16,64,13.2022
512,512,16,128,13.2235
512,512,16,256,13.2661
512,512,16,512,13.3513
512,512,16,1024,13.5218
512,512,16,2048,15.8134
512,512,16,4096,24.2020
512,512,16,8192,40.9793
512,512,16,16384,74.5337
512,512,32,16,13.1915
512,512,32,32,13.2022
512,512,32,64,13.2235
512,512,32,128,13.2661
512,512,32,256,13.3513
512,512,32,512,13.5218
512,512,32,1024,15.8790
512,512,32,2048,24.2676
512,512,32,4096,41.0448
512,512,32,8192,74.5992
512,512,32,16384,141.7081
512,512,64,16,13.2022
512,512,64,32,13.2235
512,512,64,64,13.2661
512,512,64,128,13.3513
512,512,64,256,13.5218
512,512,64,512,16.0100
512,512,64,1024,24.3987
512,512,64,2048,41.1759
512,512,64,4096,74.7303
512,512,64,8192,141.8392
512,512,64,16384,276.0569
512,512,128,16,13.2235
512,512,128,32,13.2661
512,512,128,64,13.3513
512,512,128,128,13.5218
512,512,128,256,16.2722
512,512,128,512,24.6608
512,512,128,1024,41.4380
512,512,128,2048,74.9924
512,512,128,4096,142.1013
512,512,128,8192,276.3190
512,512,128,16384,544.7545
512,1024,0,0,18.6348
512,1024,1,16,18.6351
512,1024,1,32,18.6355
512,1024,1,64,18.6361
512,1024,1,128,18.6375
512,1024,1,256,18.6401
512,1024,1,512,18.6455
512,1024,1,1024,18.6561
512,1024,1,2048,18.6774
512,1024,1,4096,18.7200
512,1024,1,8192,18.8053
512,1024,1,16384,18.9757
512,1024,2,16,18.6355
512,1024,2,32,18.6361
512,1024,2,64,18.6375
512,1024,2,128,18.6401
512,1024,2,256,18.6455
512,1024,2,512,18.6561
512,1024,2,1024,18.6774
512,1024,2,2048,18.7200
512,1024,2,4096,18.8053
512,1024,2,8192,18.9757
512,1024,2,16384,19.3166
512,1024,4,16,18.6361
512,1024,4,32,18.6375
512,1024,4,64,18.6401
512,1024,4,128,18.6455
512,1024,4,256,18.6561
512,1024,4,512,18.6774
512,1024,4,1024,18.7200
512,1024,4,2048,18.8053
512,1024,4,4096,18.9757
512,1024,4,8192,19.3166
512,1024,4,16384,24.2840
512,1024,8,16,18.6375
512,1024,8,32,18.6401
512,1024,8,64,18.6455
512,1024,8,128,18.6561
512,1024,8,256,18.6774
512,1024,8,512,18.7200
512,1024,8,1024,18.8053
512,1024,8,2048,18.9757
512,1024,8,4096,19.3166
512,1024,8,8192,24.3004
512,1024,8,16384,41.0776
512,1024,16,16,18.6401
512,1024,16,32,18.6455
512,1024,16,64,18.6561
512,1024,16,128,18.6774
512,1024,16,256,18.7200
512,1024,16,512,18.8053
512,1024,16,1024,18.9757
512,1024,16,2048,19.3166
512,1024,16,4096,24.3331
512,1024,16,8192,41.1103
512,1024,16,16384,74.6648
512,1024,32,16,18.6455
512,1024,32,32,18.6561
512,1024,32,64,18.6774
512,1024,32,128,18.7200
512,1024,32,256,18.8053
512,1024,32,512,18.9757
512,1024,32,1024,19.3166
512,1024,32,2048,24.3987
512,1024,32,4096,41.1759
512,1024,32,8192,74.7303
512,1024,32,16384,141.8392
512,1024,64,16,18.6561
512,1024,64,32,18.6774
512,1024,64,64,18.7200
512,1024,64,128,18.8053
512,1024,64,256,18.9757
512,1024,64,512,19.3166
512,1024,64,1024,24.5297
512,1024,64,2048,41.3069
512,1024,64,4096,74.8614
512,1024,64,8192,141.9702
512,1024,64,16384,276.1880
512,1024,128,16,18.6774
512,1024,128,32,18.7200
512,1024,128,64,18.8053
512,1024,128,128,18.9757
512,1024,128,256,19.3166
512,1024,128,512,24.7919
512,1024,128,1024,41.5691
512,1024,128,2048,75.1235
512,1024,128,4096,142.2324
512,1024,128,8192,276.4501
512,1024,128,16384,544.8856
512,2048,0,0,29.5427
512,2048,1,16,29.5430
512,2048,1,32,29.5433
512,2048,1,64,29.5440
512,2048,1,128,29.5453
512,2048,1,256,29.5480
512,2048,1,512,29.5533
512,2048,1,1024,29.5640
512,2048,1,2048,29.5853
512,2048,1,4096,29.6279
512,2048,1,8192,29.7131
512,2048,1,16384,29.8835
512,2048,2,16,29.5433
512,2048,2,32,29.5440
512,2048,2,64,29.5453
512,2048,2,128,29.5480
512,2048,2,256,29.5533
512,2048,2,512,29.5640
512,2048,2,1024,29.5853
512,2048,2,2048,29.6279
512,2048,2,4096,29.7131
512,2048,2,8192,29.8835
512,2048,2,16384,30.2244
512,2048,4,16,29.5440
512,2048,4,32,29.5453
512,2048,4,64,29.5480
512,2048,4,128,29.5533
512,2048,4,256,29.5640
512,2048,4,512,29.5853
512,2048,4,1024,29.6279
512,2048,4,2048,29.7131
512,2048,4,4096,29.8835
512,2048,4,8192,30.2244
512,2048,4,16384,30.9062
512,2048,8,16,29.5453
512,2048,8,32,29.5480
512,2048,8,64,29.5533
512,2048,8,128,29.5640
512,2048,8,256,29.5853
512,2048,8,512,29.6279
512,2048,8,1024,29.7131
512,2048,8,2048,29.8835
512,2048,8,4096,30.2244
512,2048,8,8192,30.9062
512,2048,8,16384,41.3397
512,2048,16,16,29.5480
512,2048,16,32,29.5533
512,2048,16,64,29.5640
512,2048,16,128,29.5853
512,2048,16,256,29.6279
512,2048,16,512,29.7131
512,2048,16,1024,29.8835
512,2048,16,2048,30.2244
512,2048,16,4096,30.9062
512,2048,16,8192,41.3725
512,2048,16,16384,74.9269
512,2048,32,16,29.5533
512,2048,32,32,29.5640
512,2048,32,64,29.5853
512,2048,32,128,29.6279
512,2048,32,256,29.7131
512,2048,32,512,29.8835
512,2048,32,1024,30.2244
512,2048,32,2048,30.9062
512,2048,32,4096,41.4380
512,2048,32,8192,74.9924
512,2048,32,16384,142.1013
512,2048,64,16,29.5640
512,2048,64,32,29.5853
512,2048,64,64,29.6279
512,2048,64,128,29.7131
512,2048,64,256,29.8835
512,2048,64,512,30.2244
512,2048,64,1024,30.9062
512,2048,64,2048,41.5691
512,2048,64,4096,75.1235
512,2048,64,8192,142.2324
512,2048,64,16384,276.4501
512,2048,128,16,29.5853
512,2048,128,32,29.6279
512,2048,128,64,29.7131
512,2048,128,128,29.8835
512,2048,128,256,30.2244
512,2048,128,512,30.9062
512,2048,128,1024,41.8312
512,2048,128,2048,75.3857
512,2048,128,4096,142.4945
512,2048,128,8192,276.7123
512,2048,128,16384,545.1477
512,4096,0,0,51.3584
512,4096,1,16,51.3587
512,4096,1,32,51.3590
512,4096,1,64,51.3597
512,4096,1,128,51.3610
512,4096,1,256,51.3637
512,4096,1,512,51.3690
512,4096,1,1024,51.3797
512,4096,1,2048,51.4010
512,4096,1,4096,51.4436
512,4096,1,8192,51.5288
512,4096,1,16384,51.6992
512,4096,2,16,51.3590
512,4096,2,32,51.3597
512,4096,2,64,51.3610
512,4096,2,128,51.3637
512,4096,2,256,51.3690
512,4096,2,512,51.3797
512,4096,2,1024,51.4010
512,4096,2,2048,51.4436
512,4096,2,4096,51.5288
512,4096,2,8192,51.6992
512,4096,2,16384,52.0401
512,4096,4,16,51.3597
512,4096,4,32,51.3610
512,4096,4,64,51.3637
512,4096,4,128,51.3690
512,4096,4,256,51.3797
512,4096,4,512,51.4010
512,4096,4,1024,51.4436
512,4096,4,2048,51.5288
512,4096,4,4096,51.6992
512,4096,4,8192,52.0401
512,4096,4,16384,52.7219
512,4096,8,16,51.3610
512,4096,8,32,51.3637
512,4096,8,64,51.3690
512,4096,8,128,51.3797
512,4096,8,256,51.4010
512,4096,8,512,51.4436
512,4096,8,1024,51.5288
512,4096,8,2048,51.6992
512,4096,8,4096,52.0401
512,4096,8,8192,52.7219
512,4096,8,16384,54.0853
512,4096,16,16,51.3637
512,4096,16,32,51.3690
512,4096,16,64,51.3797
512,4096,16,128,51.4010
512,4096,16,256,51.4436
512,4096,16,512,51.5288
512,4096,16,1024,51.6992
512,4096,16,2048,52.0401
512,4096,16,4096,52.7219
512,4096,16,8192,54.0853
512,4096,16,16384,75.4512
512,4096,32,16,51.3690
512,4096,32,32,51.3797
512,4096,32,64,51.4010
512,4096,32,128,51.4436
512,4096,32,256,51.5288
512,4096,32,512,51.6992
512,4096,32,1024,52.0401
512,4096,32,2048,52.7219
512,4096,32,4096,54.0853
512,4096,32,8192,75.5167
512,4096,32,16384,142.6256
512,4096,64,16,51.3797
512,4096,64,32,51.4010
512,4096,64,64,51.4436
512,4096,64,128,51.5288
512,4096,64,256,51.6992
512,4096,64,512,52.0401
512,4096,64,1024,52.7219
512,4096,64,2048,54.0853
512,4096,64,4096,75.6478
512,4096,64,8192,142.7567
512,4096,64,16384,276.9744
512,4096,128,16,51.4010
512,4096,128,32,51.4436
512,4096,128,64,51.5288
512,4096,128,128,51.6992
512,4096,128,256,52.0401
512,4096,128,512,52.7219
512,4096,128,1024,54.0853
512,4096,128,2048,75.9100
512,4096,128,4096,143.0188
512,4096,128,8192,277.2365
512,4096,128,16384,545.6720
512,8192,0,0,94.9898
512,8192,1,16,94.9901
512,8192,1,32,94.9905
512,8192,1,64,94.9911
512,8192,1,128,94.9925
512,8192,1,256,94.9951
512,8192,1,512,95.0004
512,8192,1,1024,95.0111
512,8192,1,2048,95.0324
512,8192,1,4096,95.0750
512,8192,1,8192,95.1602
512,8192,1,16384,95.3307
512,8192,2,16,94.9905
512,8192,2,32,94.9911
512,8192,2,64,94.9925
512,8192,2,128,94.9951
512,8192,2,256,95.0004
512,8192,2,512,95.0111
512,8192,2,1024,95.0324
512,8192,2,2048,95.0750
512,8192,2,4096,95.1602
512,8192,2,8192,95.3307
512,8192,2,16384,95.6715
512,8192,4,16,94.9911
512,8192,4,32,94.9925
512,8192,4,64,94.9951
512,8192,4,128,95.0004
512,8192,4,256,95.0111
512,8192,4,512,95.0324
512,8192,4,1024,95.0750
512,8192,4,2048,95.1602
512,8192,4,4096,95.3307
512,8192,4,8192,95.6715
512,8192,4,16384,96.3533
512,8192,8,16,94.9925
512,8192,8,32,94.9951
512,8192,8,64,95.0004
512,8192,8,128,95.0111
512,8192,8,256,95.0324
512,8192,8,512,95.0750
512,8192,8,1024,95.1602
512,8192,8,2048,95.3307
512,8192,8,4096,95.6715
512,8192,8,8192,96.3533
512,8192,8,16384,97.7168
512,8192,16,16,94.9951
512,8192,16,32,95.0004
512,8192,16,64,95.0111
512,8192,16,128,95.0324
512,8192,16,256,95.0750
512,8192,16,512,95.1602
512,8192,16,1024,95.3307
512,8192,16,2048,95.6715
512,8192,16,4096,96.3533
512,8192,16,8192,97.7168
512,8192,16,16384,100.4437
512,8192,32,16,95.0004
512,8192,32,32,95.0111
512,8192,32,64,95.0324
512,8192,32,128,95.0750
512,8192,32,256,95.1602
512,8192,32,512,95.3307
512,8192,32,1024,95.6715
512,8192,32,2048,96.3533
512,8192,32,4096,97.7168
512,8192,32,8192,100.4437
512,8192,32,16384,143.6742
512,8192,64,16,95.0111
512,8192,64,32,95.0324
512,8192,64,64,95.0750
512,8192,64,128,95.1602
512,8192,64,256,95.3307
512,8192,64,512,95.6715
512,8192,64,1024,96.3533
512,8192,64,2048,97.7168
512,8192,64,4096,100.4437
512,8192,64,8192,143.8052
512,8192,64,16384,278.0230
512,8192,128,16,95.0324
512,8192,128,32,95.0750
512,8192,128,64,95.1602
512,8192,128,128,95.3307
512,8192,128,256,95.6715
512,8192,128,512,96.3533
512,8192,128,1024,97.7168
512,8192,128,2048,100.4437
512,8192,128,4096,144.0674
512,8192,128,8192,278.2851
512,8192,128,16384,546.7206
512,16384,0,0,182.2526
512,16384,1,16,182.2530
512,16384,1,32,182.2533
512,16384,1,64,182.2540
512,16384,1,128,182.2553
512,16384,1,256,182.2579
512,16384,1,512,182.2633
512,16384,1,1024,182.2739
512,16384,1,2048,182.2952
512,16384,1,4096,182.3378
512,16384,1,8192,182.4231
512,16384,1,16384,182.5935
512,16384,2,16,182.2533
512,16384,2,32,182.2540
512,16384,2,64,182.2553
512,16384,2,128,182.2579
512,16384,2,256,182.2633
512,16384,2,512,182.2739
512,16384,2,1024,182.2952
512,16384,2,2048,182.3378
512,16384,2,4096,182.4231
512,16384,2,8192,182.5935
512,16384,2,16384,182.9344
512,16384,4,16,182.2540
512,16384,4,32,182.2553
512,16384,4,64,182.2579
512,16384,4,128,182.2633
512,16384,4,256,182.2739
512,16384,4,512,182.2952
512,16384,4,1024,182.3378
512,16384,4,2048,182.4231
512,16384,4,4096,182.5935
512,16384,4,8192,182.9344
512,16384,4,16384,183.6161
512,16384,8,16,182.2553
512,16384,8,32,182.2579
512,16384,8,64,182.2633
512,16384,8,128,182.2739
512,16384,8,256,182.2952
512,16384,8,512,182.3378
512,16384,8,1024,182.4231
512,16384,8,2048,182.5935
512,16384,8,4096,182.9344
512,16384,8,8192,183.6161
512,16384,8,16384,184.9796
512,16384,16,16,182.2579
512,16384,16,32,182.2633
512,16384,16,64,182.2739
512,16384,16,128,182.2952
512,16384,16,256,182.3378
512,16384,16,512,182.4231
512,16384,16,1024,182.5935
512,16384,16,2048,182.9344
512,16384,16,4096,183.6161
512,16384,16,8192,184.9796
512,16384,16,16384,187.7065
512,16384,32,16,182.2633
512,16384,32,32,182.2739
512,16384,32,64,182.2952
512,16384,32,128,182.3378
512,16384,32,256,182.4231
512,16384,32,512,182.5935
512,16384,32,1024,182.9344
512,16384,32,2048,183.6161
512,16384,32,4096,184.9796
512,16384,32,8192,187.7065
512,16384,32,16384,193.1605
512,16384,64,16,182.2739
512,16384,64,32,182.2952
512,16384,64,64,182.3378
512,16384,64,128,182.4231
512,16384,64,256,182.5935
512,16384,64,512,182.9344
512,16384,64,1024,183.6161
512,16384,64,2048,184.9796
512,16384,64,4096,187.7065
512,16384,64,8192,193.1605
512,16384,64,16384,280.1201
512,16384,128,16,182.2952
512,16384,128,32,182.3378
512,16384,128,64,182.4231
512,16384,128,128,182.5935
512,16384,128,256,182.9344
512,16384,128,512,183.6161
512,16384,128,1024,184.9796
512,16384,128,2048,187.7065
512,16384,128,4096,193.1605
512,16384,128,8192,280.3823
512,16384,128,16384,548.8177
615,0,0,0,8.9345
615,0,1,512,8.9452
615,0,1,768,8.9505
615,0,1,1152,8.9585
615,0,1,1728,8.9705
615,0,1,2592,8.9884
615,0,1,3888,9.0154
615,0,1,5832,9.1736
615,0,1,8748,9.9201
615,0,1,13122,11.0398
615,0,1,16384,11.8749
615,0,2,512,8.9558
615,0,2,768,8.9665
615,0,2,1152,8.9824
615,0,2,1728,9.0064
615,0,2,2592,9.0424
615,0,2,3888,9.6753
615,0,2,5832,10.6707
615,0,2,8748,12.1636
615,0,2,13122,14.4031
615,0,2,16384,16.0733
615,0,4,512,8.9771
615,0,4,768,8.9984
615,0,4,1152,9.0304
615,0,4,1728,9.4623
615,0,4,2592,10.3471
615,0,4,3888,11.6742
615,0,4,5832,13.6648
615,0,4,8748,16.6508
615,0,4,13122,21.1298
615,0,4,16384,24.4701
615,0,8,512,9.0197
615,0,8,768,9.2821
615,0,8,1152,10.0685
615,0,8,1728,11.2482
615,0,8,2592,13.0177
615,0,8,3888,15.6719
615,0,8,5832,19.6532
615,0,8,8748,25.6252
615,0,8,13122,34.5831
615,0,8,16384,41.2637
615,0,16,512,9.8392
615,0,16,768,10.8877
615,0,16,1152,12.4606
615,0,16,1728,14.8199
615,0,16,2592,18.3588
615,0,16,3888,23.6673
615,0,16,5832,31.6299
615,0,16,8748,43.5738
615,0,16,13122,61.4897
615,0,16,16384,74.8509
615,0,32,512,12.0019
615,0,32,768,14.0990
615,0,32,1152,17.2447
615,0,32,1728,21.9633
615,0,32,2592,29.0412
615,0,32,3888,39.6580
615,0,32,5832,55.5833
615,0,32,8748,79.4712
615,0,32,13122,115.3030
615,0,32,16384,142.0253
615,0,64,512,16.3272
615,0,64,768,20.5215
615,0,64,1152,26.8130
615,0,64,1728,36.2502
615,0,64,2592,50.4060
615,0,64,3888,71.6396
615,0,64,5832,103.4901
615,0,64,8748,151.2659
615,0,64,13122,222.9295
615,0,64,16384,276.3741
615,0,128,512,24.9780
615,0,128,768,33.3666
615,0,128,1152,45.9495
615,0,128,1728,64.8239
615,0,128,2592,93.1354
615,0,128,3888,135.6028
615,0,128,5832,199.3037
615,0,128,8748,294.8552
615,0,128,13122,438.1825
615,0,128,16384,545.0717
615,512,0,0,15.4856
615,512,1,512,15.4963
615,512,1,768,15.5016
615,512,1,1152,15.5096
615,512,1,1728,15.5216
615,512,1,2592,15.5395
615,512,1,3888,15.5665
615,512,1,5832,15.6069
615,512,1,8748,15.6676
615,512,1,13122,15.7586
615,512,1,16384,15.8265
615,512,2,512,15.5069
615,512,2,768,15.5176
615,512,2,1152,15.5335
615,512,2,1728,15.5575
615,512,2,2592,15.5935
615,512,2,3888,15.6474
615,512,2,5832,15.7283
615,512,2,8748,15.8496
615,512,2,13122,16.0316
615,512,2,16384,16.2044
615,512,4,512,15.5282
615,512,4,768,15.5495
615,512,4,1152,15.5815
615,512,4,1728,15.6294
615,512,4,2592,15.7013
615,512,4,3888,15.8092
615,512,4,5832,15.9709
615,512,4,8748,16.7819
615,512,4,13122,21.2609
615,512,4,16384,24.6012
615,512,8,512,15.5708
615,512,8,768,15.6134
615,512,8,1152,15.6773
615,512,8,1728,15.7732
615,512,8,2592,15.9170
615,512,8,3888,16.1327
615,512,8,5832,19.7843
615,512,8,8748,25.7562
615,512,8,13122,34.7142
615,512,8,16384,41.3948
615,512,16,512,15.6560
615,512,16,768,15.7413
615,512,16,1152,15.8691
615,512,16,1728,16.0608
615,512,16,2592,18.4899
615,512,16,3888,23.7983
615,512,16,5832,31.7610
615,512,16,8748,43.7049
615,512,16,13122,61.6208
615,512,16,16384,74.9820
615,512,32,512,15.8265
615,512,32,768,15.9969
615,512,32,1152,17.3758
615,512,32,1728,22.0944
615,512,32,2592,29.1723
615,512,32,3888,39.7891
615,512,32,5832,55.7144
615,512,32,8748,79.6022
615,512,32,13122,115.4340
615,512,32,16384,142.1564
615,512,64,512,16.4583
615,512,64,768,20.6526
615,512,64,1152,26.9441
615,512,64,1728,36.3812
615,512,64,2592,50.5370
615,512,64,3888,71.7707
615,512,64,5832,103.6212
615,512,64,8748,151.3969
615,512,64,13122,223.0605
615,512,64,16384,276.5052
615,512,128,512,25.1091
615,512,128,768,33.4977
615,512,128,1152,46.0806
615,512,128,1728,64.9549
615,512,128,2592,93.2665
615,512,128,3888,135.7338
615,512,128,5832,199.4348
615,512,128,8748,294.9863
615,512,128,13122,438.3135
615,512,128,16384,545.2028
615,768,0,0,18.7612
615,768,1,512,18.7718
615,768,1,768,18.7771
615,768,1,1152,18.7851
615,768,1,1728,18.7971
615,768,1,2592,18.8151
615,768,1,3888,18.8420
615,768,1,5832,18.8825
615,768,1,8748,18.9432
615,768,1,13122,19.0342
615,768,1,16384,19.1020
615,768,2,512,18.7825
615,768,2,768,18.7931
615,768,2,1152,18.8091
615,768,2,1728,18.8331
615,768,2,2592,18.8690
615,768,2,3888,18.9229
615,768,2,5832,19.0038
615,768,2,8748,19.1252
615,768,2,13122,19.3072
615,768,2,16384,19.4429
615,768,4,512,18.8038
615,768,4,768,18.8251
615,768,4,1152,18.8570
615,768,4,1728,18.9050
615,768,4,2592,18.9769
615,768,4,3888,19.0847
615,768,4,5832,19.2465
615,768,4,8748,19.4892
615,768,4,13122,21.3264
615,768,4,16384,24.6667
615,768,8,512,18.8464
615,768,8,768,18.8890
615,768,8,1152,18.9529
615,768,8,1728,19.0488
615,768,8,2592,19.1926
615,768,8,3888,19.4083
615,768,8,5832,19.8498
615,768,8,8748,25.8218
615,768,8,13122,34.7797
615,768,8,16384,41.4603
615,768,16,512,18.9316
615,768,16,768,19.0168
615,768,16,1152,19.1446
615,768,16,1728,19.3364
615,768,16,2592,19.6240
615,768,16,3888,23.8639
615,768,16,5832,31.8265
615,768,16,8748,43.7704
615,768,16,13122,61.6863
615,768,16,16384,75.0475
615,768,32,512,19.1020
615,768,32,768,19.2725
615,768,32,1152,19.5281
615,768,32,1728,22.1599
615,768,32,2592,29.2378
615,768,32,3888,39.8547
615,768,32,5832,55.7799
615,768,32,8748,79.6678
615,768,32,13122,115.4996
615,768,32,16384,142.2219
615,768,64,512,19.4429
615,768,64,768,20.7181
615,768,64,1152,27.0096
615,768,64,1728,36.4468
615,768,64,2592,50.6026
615,768,64,3888,71.8362
615,768,64,5832,103.6867
615,768,64,8748,151.4625
615,768,64,13122,223.1261
615,768,64,16384,276.5707
615,768,128,512,25.1746
615,768,128,768,33.5632
615,768,128,1152,46.1461
615,768,128,1728,65.0205
615,768,128,2592,93.3320
615,768,128,3888,135.7994
615,768,128,5832,199.5004
615,768,128,8748,295.0518
615,768,128,13122,438.3791
615,768,128,16384,545.2683
615,1152,0,0,23.6745
615,1152,1,512,23.6851
615,1152,1,768,23.6905
615,1152,1,1152,23.6985
615,1152,1,1728,23.7104
615,1152,1,2592,23.7284
615,1152,1,3888,23.7554
615,1152,1,5832,23.7958
615,1152,1,8748,23.8565
615,1152,1,13122,23.9475
615,1152,1,16384,24.0154
615,1152,2,512,23.6958
615,1152,2,768,23.7064
615,1152,2,1152,23.7224
615,1152,2,1728,23.7464
615,1152,2,2592,23.7823
615,1152,2,3888,23.8363
615,1152,2,5832,23.9172
615,1152,2,8748,24.0385
615,1152,2,13122,24.2205
615,1152,2,16384,24.3562
615,1152,4,512,23.7171
615,1152,4,768,23.7384
615,1152,4,1152,23.7704
615,1152,4,1728,23.8183
615,1152,4,2592,23.8902
615,1152,4,3888,23.9980
615,1152,4,5832,24.1598
615,1152,4,8748,24.4025
615,1152,4,13122,24.7665
615,1152,4,16384,25.0380
615,1152,8,512,23.7597
615,1152,8,768,23.8023
615,1152,8,1152,23.8662
615,1152,8,1728,23.9621
615,1152,8,2592,24.1059
615,1152,8,3888,24.3216
615,1152,8,5832,24.6452
615,1152,8,8748,25.9201
615,1152,8,13122,34.8780
615,1152,8,16384,41.5586
615,1152,16,512,23.8449
615,1152,16,768,23.9301
615,1152,16,1152,24.0580
615,1152,16,1728,24.2497
615,1152,16,2592,24.5373
615,1152,16,3888,24.9687
615,1152,16,5832,31.9248
615,1152,16,8748,43.8687
615,1152,16,13122,61.7846
615,1152,16,16384,75.1458
615,1152,32,512,24.0154
615,1152,32,768,24.1858
615,1152,32,1152,24.4414
615,1152,32,1728,24.8249
615,1152,32,2592,29.3361
615,1152,32,3888,39.9530
615,1152,32,5832,55.8782
615,1152,32,8748,79.7661
615,1152,32,13122,115.5979
615,1152,32,16384,142.3202
615,1152,64,512,24.3562
615,1152,64,768,24.6971
615,1152,64,1152,27.1079
615,1152,64,1728,36.5451
615,1152,64,2592,50.7009
615,1152,64,3888,71.9345
615,1152,64,5832,103.7850
615,1152,64,8748,151.5608
615,1152,64,13122,223.2244
615,1152,64,16384,276.6690
615,1152,128,512,25.2729
615,1152,128,768,33.6615
615,1152,128,1152,46.2444
615,1152,128,1728,65.1188
615,1152,128,2592,93.4303
615,1152,128,3888,135.8977
615,1152,128,5832,199.5987
615,1152,128,8748,295.1501
615,1152,128,13122,438.4774
615,1152,128,16384,545.3666
615,1728,0,0,31.0445
615,1728,1,512,31.0551
615,1728,1,768,31.0605
615,1728,1,1152,31.0684
615,1728,1,1728,31.0804
615,1728,1,2592,31.0984
615,1728,1,3888,31.1254
615,1728,1,5832,31.1658
615,1728,1,8748,31.2265
615,1728,1,13122,31.3175
615,1728,1,16384,31.3853
615,1728,2,512,31.0658
615,1728,2,768,31.0764
615,1728,2,1152,31.0924
615,1728,2,1728,31.1164
615,1728,2,2592,31.1523
615,1728,2,3888,31.2063
615,1728,2,5832,31.2871
615,1728,2,8748,31.4085
615,1728,2,13122,31.5905
615,1728,2,16384,31.7262
615,1728,4,512,31.0871
615,1728,4,768,31.1084
615,1728,4,1152,31.1403
615,1728,4,1728,31.1883
615,1728,4,2592,31.2602
615,1728,4,3888,31.3680
615,1728,4,5832,31.5298
615,1728,4,8748,31.7725
615,1728,4,13122,32.1365
615,1728,4,16384,32.4080
615,1728,8,512,31.1297
615,1728,8,768,31.1723
615,1728,8,1152,31.2362
615,1728,8,1728,31.3321
615,1728,8,2592,31.4759
615,1728,8,3888,31.6916
615,1728,8,5832,32.0152
615,1728,8,8748,32.5005
615,1728,8,13122,35.0255
615,1728,8,16384,41.7060
615,1728,16,512,31.2149
615,1728,16,768,31.3001
615,1728,16,1152,31.4280
615,1728,16,1728,31.6197
615,1728,16,2592,31.9073
615,1728,16,3888,32.3387
615,1728,16,5832,32.9858
615,1728,16,8748,44.0162
615,1728,16,13122,61.9321
615,1728,16,16384,75.2932
615,1728,32,512,31.3853
615,1728,32,768,31.5558
615,1728,32,1152,31.8114
615,1728,32,1728,32.1949
615,1728,32,2592,32.7701
615,1728,32,3888,40.1004
615,1728,32,5832,56.0257
615,1728,32,8748,79.9135
615,1728,32,13122,115.7453
615,1728,32,16384,142.4676
615,1728,64,512,31.7262
615,1728,64,768,32.0671
615,1728,64,1152,32.5784
615,1728,64,1728,36.6925
615,1728,64,2592,50.8483
615,1728,64,3888,72.0820
615,1728,64,5832,103.9325
615,1728,64,8748,151.7082
615,1728,64,13122,223.3718
615,1728,64,16384,276.8164
615,1728,128,512,32.4080
615,1728,128,768,33.8090
615,1728,128,1152,46.3919
615,1728,128,1728,65.2662
615,1728,128,2592,93.5778
615,1728,128,3888,136.0451
615,1728,128,5832,199.7461
615,1728,128,8748,295.2976
615,1728,128,13122,438.6248
615,1728,128,16384,545.5140
615,2592,0,0,42.0995
615,2592,1,512,42.1101
615,2592,1,768,42.1154
615,2592,1,1152,42.1234
615,2592,1,1728,42.1354
615,2592,1,2592,42.1534
615,2592,1,3888,42.1804
615,2592,1,5832,42.2208
615,2592,1,8748,42.2815
615,2592,1,13122,42.3725
615,2592,1,16384,42.4403
615,2592,2,512,42.1208
615,2592,2,768,42.1314
615,2592,2,1152,42.1474
615,2592,2,1728,42.1714
615,2592,2,2592,42.2073
615,2592,2,3888,42.2612
615,2592,2,5832,42.3421
615,2592,2,8748,42.4635
615,2592,2,13122,42.6455
615,2592,2,16384,42.7812
615,2592,4,512,42.1421
615,2592,4,768,42.1634
615,2592,4,1152,42.1953
615,2592,4,1728,42.2433
615,2592,4,2592,42.3152
615,2592,4,3888,42.4230
615,2592,4,5832,42.5848
615,2592,4,8748,42.8275
615,2592,4,13122,43.1915
615,2592,4,16384,43.4629
615,2592,8,512,42.1847
615,2592,8,768,42.2273
615,2592,8,1152,42.2912
615,2592,8,1728,42.3871
615,2592,8,2592,42.5309
615,2592,8,3888,42.7466
615,2592,8,5832,43.0701
615,2592,8,8748,43.5555
615,2592,8,13122,44.2835
615,2592,8,16384,44.8264
615,2592,16,512,42.2699
615,2592,16,768,42.3551
615,2592,16,1152,42.4829
615,2592,16,1728,42.6747
615,2592,16,2592,42.9623
615,2592,16,3888,43.3937
615,2592,16,5832,44.0408
615,2592,16,8748,45.0115
615,2592,16,13122,62.1533
615,2592,16,16384,75.5144
615,2592,32,512,42.4403
615,2592,32,768,42.6108
615,2592,32,1152,42.8664
615,2592,32,1728,43.2499
615,2592,32,2592,43.8251
615,2592,32,3888,44.6879
615,2592,32,5832,56.2468
615,2592,32,8748,80.1347
615,2592,32,13122,115.9665
615,2592,32,16384,142.6888
615,2592,64,512,42.7812
615,2592,64,768,43.1221
615,2592,64,1152,43.6334
615,2592,64,1728,44.4003
615,2592,64,2592,51.0695
615,2592,64,3888,72.3032
615,2592,64,5832,104.1537
615,2592,64,8748,151.9294
615,2592,64,13122,223.5930
615,2592,64,16384,277.0376
615,2592,128,512,43.4629
615,2592,128,768,44.1447
615,2592,128,1152,46.6131
615,2592,128,1728,65.4874
615,2592,128,2592,93.7990
615,2592,128,3888,136.2663
615,2592,128,5832,199.9673
615,2592,128,8748,295.5188
615,2592,128,13122,438.8460
615,2592,128,16384,545.7352
615,3888,0,0,58.6819
615,3888,1,512,58.6926
615,3888,1,768,58.6979
615,3888,1,1152,58.7059
615,3888,1,1728,58.7179
615,3888,1,2592,58.7359
615,3888,1,3888,58.7628
615,3888,1,5832,58.8033
615,3888,1,8748,58.8639
615,3888,1,13122,58.9549
615,3888,1,16384,59.0228
615,3888,2,512,58.7032
615,3888,2,768,58.7139
615,3888,2,1152,58.7299
615,3888,2,1728,58.7538
615,3888,2,2592,58.7898
615,3888,2,3888,58.8437
615,3888,2,5832,58.9246
615,3888,2,8748,59.0459
615,3888,2,13122,59.2280
615,3888,2,16384,59.3637
615,3888,4,512,58.7246
615,3888,4,768,58.7459
615,3888,4,1152,58.7778
615,3888,4,1728,58.8257
615,3888,4,2592,58.8976
615,3888,4,3888,59.0055
615,3888,4,5832,59.1673
615,3888,4,8748,59.4100
615,3888,4,13122,59.7740
615,3888,4,16384,60.0454
615,3888,8,512,58.7672
615,3888,8,768,58.8098
615,3888,8,1152,58.8737
615,3888,8,1728,58.9696
615,3888,8,2592,59.1134
615,3888,8,3888,59.3291
615,3888,8,5832,59.6526
615,3888,8,8748,60.1380
615,3888,8,13122,60.8660
615,3888,8,16384,61.4089
615,3888,16,512,58.8524
615,3888,16,768,58.9376
615,3888,16,1152,59.0654
615,3888,16,1728,59.2572
615,3888,16,2592,59.5448
615,3888,16,3888,59.9762
615,3888,16,5832,60.6233
615,3888,16,8748,61.5940
615,3888,16,13122,63.0500
615,3888,16,16384,75.8462
615,3888,32,512,59.0228
615,3888,32,768,59.1932
615,3888,32,1152,59.4489
615,3888,32,1728,59.8324
615,3888,32,2592,60.4076
615,3888,32,3888,61.2704
615,3888,32,5832,62.5647
615,3888,32,8748,80.4665
615,3888,32,13122,116.2983
615,3888,32,16384,143.0206
615,3888,64,512,59.3637
615,3888,64,768,59.7046
615,3888,64,1152,60.2159
615,3888,64,1728,60.9828
615,3888,64,2592,62.1333
615,3888,64,3888,72.6349
615,3888,64,5832,104.4854
615,3888,64,8748,152.2612
615,3888,64,13122,223.9248
615,3888,64,16384,277.3694
615,3888,128,512,60.0454
615,3888,128,768,60.7272
615,3888,128,1152,61.7498
615,3888,128,1728,65.8192
615,3888,128,2592,94.1308
615,3888,128,3888,136.5981
615,3888,128,5832,200.2991
615,3888,128,8748,295.8506
615,3888,128,13122,439.1778
615,3888,128,16384,546.0670
615,5832,0,0,83.5557
615,5832,1,512,83.5663
615,5832,1,768,83.5716
615,5832,1,1152,83.5796
615,5832,1,1728,83.5916
615,5832,1,2592,83.6096
615,5832,1,3888,83.6366
615,5832,1,5832,83.6770
615,5832,1,8748,83.7377
615,5832,1,13122,83.8287
615,5832,1,16384,83.8965
615,5832,2,512,83.5770
615,5832,2,768,83.5876
615,5832,2,1152,83.6036
615,5832,2,1728,83.6276
615,5832,2,2592,83.6635
615,5832,2,3888,83.7174
615,5832,2,5832,83.7983
615,5832,2,8748,83.9197
615,5832,2,13122,84.1017
615,5832,2,16384,84.2374
615,5832,4,512,83.5983
615,5832,4,768,83.6196
615,5832,4,1152,83.6515
615,5832,4,1728,83.6995
615,5832,4,2592,83.7714
615,5832,4,3888,83.8792
615,5832,4,5832,84.0410
615,5832,4,8748,84.2837
615,5832,4,13122,84.6477
615,5832,4,16384,84.9191
615,5832,8,512,83.6409
615,5832,8,768,83.6835
615,5832,8,1152,83.7474
615,5832,8,1728,83.8433
615,5832,8,2592,83.9871
615,5832,8,3888,84.2028
615,5832,8,5832,84.5263
615,5832,8,8748,85.0117
615,5832,8,13122,85.7397
615,5832,8,16384,86.2826
615,5832,16,512,83.7261
615,5832,16,768,83.8113
615,5832,16,1152,83.9391
615,5832,16,1728,84.1309
615,5832,16,2592,84.4185
615,5832,16,3888,84.8499
615,5832,16,5832,85.4970
615,5832,16,8748,86.4677
615,5832,16,13122,87.9237
615,5832,16,16384,89.0096
615,5832,32,512,83.8965
615,5832,32,768,84.0670
615,5832,32,1152,84.3226
615,5832,32,1728,84.7061
615,5832,32,2592,85.2813
615,5832,32,3888,86.1441
615,5832,32,5832,87.4384
615,5832,32,8748,89.3798
615,5832,32,13122,116.7960
615,5832,32,16384,143.5183
615,5832,64,512,84.2374
615,5832,64,768,84.5783
615,5832,64,1152,85.0896
615,5832,64,1728,85.8565
615,5832,64,2592,87.0070
615,5832,64,3888,88.7326
615,5832,64,5832,104.9831
615,5832,64,8748,152.7588
615,5832,64,13122,224.4225
615,5832,64,16384,277.8671
615,5832,128,512,84.9191
615,5832,128,768,85.6009
615,5832,128,1152,86.6235
615,5832,128,1728,88.1574
615,5832,128,2592,94.6284
615,5832,128,3888,137.0957
615,5832,128,5832,200.7967
615,5832,128,8748,296.3482
615,5832,128,13122,439.6755
615,5832,128,16384,546.5647
615,8748,0,0,120.8662
615,8748,1,512,120.8769
615,8748,1,768,120.8822
615,8748,1,1152,120.8902
615,8748,1,1728,120.9022
615,8748,1,2592,120.9202
615,8748,1,3888,120.9471
615,8748,1,5832,120.9876
615,8748,1,8748,121.0482
615,8748,1,13122,121.1392
615,8748,1,16384,121.2071
615,8748,2,512,120.8875
615,8748,2,768,120.8982
615,8748,2,1152,120.9142
615,8748,2,1728,120.9381
615,8748,2,2592,120.9741
615,8748,2,3888,121.0280
615,8748,2,5832,121.1089
615,8748,2,8748,121.2302
615,8748,2,13122,121.4123
615,8748,2,16384,121.5480
615,8748,4,512,120.9089
615,8748,4,768,120.9302
615,8748,4,1152,120.9621
615,8748,4,1728,121.0100
615,8748,4,2592,121.0820
615,8748,4,3888,121.1898
615,8748,4,5832,121.3516
615,8748,4,8748,121.5943
615,8748,4,13122,121.9583
615,8748,4,16384,122.2297
615,8748,8,512,120.9515
615,8748,8,768,120.9941
615,8748,8,1152,121.0580
615,8748,8,1728,121.1539
615,8748,8,2592,121.2977
615,8748,8,3888,121.5134
615,8748,8,5832,121.8369
615,8748,8,8748,122.3223
615,8748,8,13122,123.0503
615,8748,8,16384,123.5932
615,8748,16,512,121.0367
615,8748,16,768,121.1219
615,8748,16,1152,121.2497
615,8748,16,1728,121.4415
615,8748,16,2592,121.7291
615,8748,16,3888,122.1605
615,8748,16,5832,122.8076
615,8748,16,8748,123.7783
615,8748,16,13122,125.2343
615,8748,16,16384,126.3202
615,8748,32,512,121.2071
615,8748,32,768,121.3775
615,8748,32,1152,121.6332
615,8748,32,1728,122.0167
615,8748,32,2592,122.5919
615,8748,32,3888,123.4547
615,8748,32,5832,124.7490
615,8748,32,8748,126.6903
615,8748,32,13122,129.6024
615,8748,32,16384,144.2648
615,8748,64,512,121.5480
615,8748,64,768,121.8889
615,8748,64,1152,122.4002
615,8748,64,1728,123.1671
615,8748,64,2592,124.3176
615,8748,64,3888,126.0432
615,8748,64,5832,128.6317
615,8748,64,8748,153.5053
615,8748,64,13122,225.1690
615,8748,64,16384,278.6136
615,8748,128,512,122.2297
615,8748,128,768,122.9115
615,8748,128,1152,123.9341
615,8748,128,1728,125.4680
615,8748,128,2592,127.7689
615,8748,128,3888,137.8422
615,8748,128,5832,201.5432
615,8748,128,8748,297.0947
615,8748,128,13122,440.4220
615,8748,128,16384,547.3112
615,13122,0,0,176.8321
615,13122,1,512,176.8428
615,13122,1,768,176.8481
615,13122,1,1152,176.8561
615,13122,1,1728,176.8681
615,13122,1,2592,176.8860
615,13122,1,3888,176.9130
615,13122,1,5832,176.9535
615,13122,1,8748,177.0141
615,13122,1,13122,177.1051
615,13122,1,16384,177.1730
615,13122,2,512,176.8534
615,13122,2,768,176.8641
615,13122,2,1152,176.8801
615,13122,2,1728,176.9040
615,13122,2,2592,176.9400
615,13122,2,3888,176.9939
615,13122,2,5832,177.0748
615,13122,2,8748,177.1961
615,13122,2,13122,177.3781
615,13122,2,16384,177.5139
615,13122,4,512,176.8747
615,13122,4,768,176.8960
615,13122,4,1152,176.9280
615,13122,4,1728,176.9759
615,13122,4,2592,177.0478
615,13122,4,3888,177.1557
615,13122,4,5832,177.3175
615,13122,4,8748,177.5601
615,13122,4,13122,177.9241
615,13122,4,16384,178.1956
615,13122,8,512,176.9173
615,13122,8,768,176.9599
615,13122,8,1152,177.0239
615,13122,8,1728,177.1197
615,13122,8,2592,177.2635
615,13122,8,3888,177.4792
615,13122,8,5832,177.8028
615,13122,8,8748,178.2881
615,13122,8,13122,179.0161
615,13122,8,16384,179.5591
615,13122,16,512,177.0026
615,13122,16,768,177.0878
615,13122,16,1152,177.2156
615,13122,16,1728,177.4073
615,13122,16,2592,177.6949
615,13122,16,3888,178.1264
615,13122,16,5832,178.7735
615,13122,16,8748,179.7442
615,13122,16,13122,181.2002
615,13122,16,16384,182.2860
615,13122,32,512,177.1730
615,13122,32,768,177.3434
615,13122,32,1152,177.5991
615,13122,32,1728,177.9826
615,13122,32,2592,178.5578
615,13122,32,3888,179.4206
615,13122,32,5832,180.7148
615,13122,32,8748,182.6562
615,13122,32,13122,185.5683
615,13122,32,16384,187.7400
615,13122,64,512,177.5139
615,13122,64,768,177.8547
615,13122,64,1152,178.3660
615,13122,64,1728,179.1330
615,13122,64,2592,180.2834
615,13122,64,3888,182.0091
615,13122,64,5832,184.5976
615,13122,64,8748,188.4803
615,13122,64,13122,226.2887
615,13122,64,16384,279.7333
615,13122,128,512,178.1956
615,13122,128,768,178.8773
615,13122,128,1152,179.8999
615,13122,128,1728,181.4339
615,13122,128,2592,183.7347
615,13122,128,3888,187.1861
615,13122,128,5832,202.6630
615,13122,128,8748,298.2145
615,13122,128,13122,441.5417
615,13122,128,16384,548.4309
615,16384,0,0,218.5698
615,16384,1,512,218.5805
615,16384,1,768,218.5858
615,16384,1,1152,218.5938
615,16384,1,1728,218.6058
615,16384,1,2592,218.6237
615,16384,1,3888,218.6507
615,16384,1,5832,218.6911
615,16384,1,8748,218.7518
615,16384,1,13122,218.8428
615,16384,1,16384,218.9107
615,16384,2,512,218.5911
615,16384,2,768,218.6018
615,16384,2,1152,218.6177
615,16384,2,1728,218.6417
615,16384,2,2592,218.6777
615,16384,2,3888,218.7316
615,16384,2,5832,218.8125
615,16384,2,8748,218.9338
615,16384,2,13122,219.1158
615,16384,2,16384,219.2515
615,16384,4,512,218.6124
615,16384,4,768,218.6337
615,16384,4,1152,218.6657
615,16384,4,1728,218.7136
615,16384,4,2592,218.7855
615,16384,4,3888,218.8934
615,16384,4,5832,219.0551
615,16384,4,8748,219.2978
615,16384,4,13122,219.6618
615,16384,4,16384,219.9333
615,16384,8,512,218.6550
615,16384,8,768,218.6976
615,16384,8,1152,218.7615
615,16384,8,1728,218.8574
615,16384,8,2592,219.0012
615,16384,8,3888,219.2169
615,16384,8,5832,219.5405
615,16384,8,8748,220.0258
615,16384,8,13122,220.7538
615,16384,8,16384,221.2968
615,16384,16,512,218.7402
615,16384,16,768,218.8255
615,16384,16,1152,218.9533
615,16384,16,1728,219.1450
615,16384,16,2592,219.4326
615,16384,16,3888,219.8641
615,16384,16,5832,220.5112
615,16384,16,8748,221.4819
615,16384,16,13122,222.9379
615,16384,16,16384,224.0237
615,16384,32,512,218.9107
615,16384,32,768,219.0811
615,16384,32,1152,219.3368
615,16384,32,1728,219.7202
615,16384,32,2592,220.2955
615,16384,32,3888,221.1583
615,16384,32,5832,222.4525
615,16384,32,8748,224.3939
615,16384,32,13122,227.3059
615,16384,32,16384,229.4777
615,16384,64,512,219.2515
615,16384,64,768,219.5924
615,16384,64,1152,220.1037
615,16384,64,1728,220.8707
615,16384,64,2592,222.0211
615,16384,64,3888,223.7468
615,16384,64,5832,226.3353
615,16384,64,8748,230.2180
615,16384,64,13122,236.0421
615,16384,64,16384,280.5684
615,16384,128,512,219.9333
615,16384,128,768,220.6150
615,16384,128,1152,221.6376
615,16384,128,1728,223.1716
615,16384,128,2592,225.4724
615,16384,128,3888,228.9237
615,16384,128,5832,234.1007
615,16384,128,8748,299.0495
615,16384,128,13122,442.3768
615,16384,128,16384,549.2660
923,0,0,0,13.8622
923,0,1,512,13.8729
923,0,1,768,13.8782
923,0,1,1152,13.8862
923,0,1,1728,13.8982
923,0,1,2592,13.9162
923,0,1,3888,13.9431
923,0,1,5832,13.9836
923,0,1,8748,14.0442
923,0,1,13122,14.1352
923,0,1,16384,14.2031
923,0,2,512,13.8835
923,0,2,768,13.8942
923,0,2,1152,13.9102
923,0,2,1728,13.9341
923,0,2,2592,13.9701
923,0,2,3888,14.0240
923,0,2,5832,14.1049
923,0,2,8748,14.2262
923,0,2,13122,15.7436
923,0,2,16384,17.4137
923,0,4,512,13.9048
923,0,4,768,13.9261
923,0,4,1152,13.9581
923,0,4,1728,14.0060
923,0,4,2592,14.0779
923,0,4,3888,14.1858
923,0,4,5832,15.0052
923,0,4,8748,17.9912
923,0,4,13122,22.4702
923,0,4,16384,25.8105
923,0,8,512,13.9474
923,0,8,768,13.9901
923,0,8,1152,14.0540
923,0,8,1728,14.1498
923,0,8,2592,14.3581
923,0,8,3888,17.0123
923,0,8,5832,20.9936
923,0,8,8748,26.9656
923,0,8,13122,35.9235
923,0,8,16384,42.6041
923,0,16,512,14.0327
923,0,16,768,14.1179
923,0,16,1152,14.2457
923,0,16,1728,16.1603
923,0,16,2592,19.6993
923,0,16,3888,25.0077
923,0,16,5832,32.9703
923,0,16,8748,44.9142
923,0,16,13122,62.8301
923,0,16,16384,76.1913
923,0,32,512,14.2031
923,0,32,768,15.4394
923,0,32,1152,18.5852
923,0,32,1728,23.3037
923,0,32,2592,30.3816
923,0,32,3888,40.9985
923,0,32,5832,56.9237
923,0,32,8748,80.8116
923,0,32,13122,116.6434
923,0,32,16384,143.3657
923,0,64,512,17.6676
923,0,64,768,21.8620
923,0,64,1152,28.1534
923,0,64,1728,37.5906
923,0,64,2592,51.7464
923,0,64,3888,72.9800
923,0,64,5832,104.8305
923,0,64,8748,152.6063
923,0,64,13122,224.2699
923,0,64,16384,277.7145
923,0,128,512,26.3184
923,0,128,768,34.7070
923,0,128,1152,47.2899
923,0,128,1728,66.1643
923,0,128,2592,94.4758
923,0,128,3888,136.9432
923,0,128,5832,200.6442
923,0,128,8748,296.1956
923,0,128,13122,439.5229
923,0,128,16384,546.4121
923,512,0,0,23.6942
923,512,1,512,23.7049
923,512,1,768,23.7102
923,512,1,1152,23.7182
923,512,1,1728,23.7302
923,512,1,2592,23.7481
923,512,1,3888,23.7751
923,512,1,5832,23.8155
923,512,1,8748,23.8762
923,512,1,13122,23.9672
923,512,1,16384,24.0351
923,512,2,512,23.7155
923,512,2,768,23.7262
923,512,2,1152,23.7421
923,512,2,1728,23.7661
923,512,2,2592,23.8021
923,512,2,3888,23.8560
923,512,2,5832,23.9369
923,512,2,8748,24.0582
923,512,2,13122,24.2402
923,512,2,16384,24.3759
923,512,4,512,23.7368
923,512,4,768,23.7581
923,512,4,1152,23.7901
923,512,4,1728,23.8380
923,512,4,2592,23.9099
923,512,4,3888,24.0178
923,512,4,5832,24.1795
923,512,4,8748,24.4222
923,512,4,13122,24.7862
923,512,4,16384,25.9416
923,512,8,512,23.7794
923,512,8,768,23.8220
923,512,8,1152,23.8859
923,512,8,1728,23.9818
923,512,8,2592,24.1256
923,512,8,3888,24.3413
923,512,8,5832,24.6649
923,512,8,8748,27.0966
923,512,8,13122,36.0546
923,512,8,16384,42.7352
923,512,16,512,23.8646
923,512,16,768,23.9499
923,512,16,1152,24.0777
923,512,16,1728,24.2694
923,512,16,2592,24.5570
923,512,16,3888,25.1388
923,512,16,5832,33.1014
923,512,16,8748,45.0453
923,512,16,13122,62.9612
923,512,16,16384,76.3224
923,512,32,512,24.0351
923,512,32,768,24.2055
923,512,32,1152,24.4612
923,512,32,1728,24.8446
923,512,32,2592,30.5127
923,512,32,3888,41.1295
923,512,32,5832,57.0548
923,512,32,8748,80.9427
923,512,32,13122,116.7745
923,512,32,16384,143.4968
923,512,64,512,24.3759
923,512,64,768,24.7168
923,512,64,1152,28.2845
923,512,64,1728,37.7217
923,512,64,2592,51.8774
923,512,64,3888,73.1111
923,512,64,5832,104.9616
923,512,64,8748,152.7373
923,512,64,13122,224.4010
923,512,64,16384,277.8456
923,512,128,512,26.4495
923,512,128,768,34.8381
923,512,128,1152,47.4210
923,512,128,1728,66.2954
923,512,128,2592,94.6069
923,512,128,3888,137.0742
923,512,128,5832,200.7752
923,512,128,8748,296.3267
923,512,128,13122,439.6540
923,512,128,16384,546.5432
923,768,0,0,28.6102
923,768,1,512,28.6208
923,768,1,768,28.6262
923,768,1,1152,28.6342
923,768,1,1728,28.6461
923,768,1,2592,28.6641
923,768,1,3888,28.6911
923,768,1,5832,28.7315
923,768,1,8748,28.7922
923,768,1,13122,28.8832
923,768,1,16384,28.9511
923,768,2,512,28.6315
923,768,2,768,28.6422
923,768,2,1152,28.6581
923,768,2,1728,28.6821
923,768,2,2592,28.7181
923,768,2,3888,28.7720
923,768,2,5832,28.8529
923,768,2,8748,28.9742
923,768,2,13122,29.1562
923,768,2,16384,29.2919
923,768,4,512,28.6528
923,768,4,768,28.6741
923,768,4,1152,28.7061
923,768,4,1728,28.7540
923,768,4,2592,28.8259
923,768,4,3888,28.9338
923,768,4,5832,29.0955
923,768,4,8748,29.3382
923,768,4,13122,29.7022
923,768,4,16384,29.9737
923,768,8,512,28.6954
923,768,8,768,28.7380
923,768,8,1152,28.8019
923,768,8,1728,28.8978
923,768,8,2592,29.0416
923,768,8,3888,29.2573
923,768,8,5832,29.5809
923,768,8,8748,30.0662
923,768,8,13122,36.1201
923,768,8,16384,42.8007
923,768,16,512,28.7806
923,768,16,768,28.8658
923,768,16,1152,28.9937
923,768,16,1728,29.1854
923,768,16,2592,29.4730
923,768,16,3888,29.9044
923,768,16,5832,33.1669
923,768,16,8748,45.1108
923,768,16,13122,63.0268
923,768,16,16384,76.3879
923,768,32,512,28.9511
923,768,32,768,29.1215
923,768,32,1152,29.3772
923,768,32,1728,29.7606
923,768,32,2592,30.5782
923,768,32,3888,41.1951
923,768,32,5832,57.1203
923,768,32,8748,81.0082
923,768,32,13122,116.8400
923,768,32,16384,143.5623
923,768,64,512,29.2919
923,768,64,768,29.6328
923,768,64,1152,30.1441
923,768,64,1728,37.7872
923,768,64,2592,51.9430
923,768,64,3888,73.1766
923,768,64,5832,105.0271
923,768,64,8748,152.8029
923,768,64,13122,224.4665
923,768,64,16384,277.9111
923,768,128,512,29.9737
923,768,128,768,34.9036
923,768,128,1152,47.4865
923,768,128,1728,66.3609
923,768,128,2592,94.6724
923,768,128,3888,137.1398
923,768,128,5832,200.8408
923,768,128,8748,296.3923
923,768,128,13122,439.7195
923,768,128,16384,546.6087
923,1152,0,0,35.9842
923,1152,1,512,35.9948
923,1152,1,768,36.0002
923,1152,1,1152,36.0082
923,1152,1,1728,36.0201
923,1152,1,2592,36.0381
923,1152,1,3888,36.0651
923,1152,1,5832,36.1055
923,1152,1,8748,36.1662
923,1152,1,13122,36.2572
923,1152,1,16384,36.3251
923,1152,2,512,36.0055
923,1152,2,768,36.0161
923,1152,2,1152,36.0321
923,1152,2,1728,36.0561
923,1152,2,2592,36.0920
923,1152,2,3888,36.1460
923,1152,2,5832,36.2269
923,1152,2,8748,36.3482
923,1152,2,13122,36.5302
923,1152,2,16384,36.6659
923,1152,4,512,36.0268
923,1152,4,768,36.0481
923,1152,4,1152,36.0801
923,1152,4,1728,36.1280
923,1152,4,2592,36.1999
923,1152,4,3888,36.3077
923,1152,4,5832,36.4695
923,1152,4,8748,36.7122
923,1152,4,13122,37.0762
923,1152,4,16384,37.3477
923,1152,8,512,36.0694
923,1152,8,768,36.1120
923,1152,8,1152,36.1759
923,1152,8,1728,36.2718
923,1152,8,2592,36.4156
923,1152,8,3888,36.6313
923,1152,8,5832,36.9549
923,1152,8,8748,37.4402
923,1152,8,13122,38.1682
923,1152,8,16384,42.8990
923,1152,16,512,36.1546
923,1152,16,768,36.2398
923,1152,16,1152,36.3677
923,1152,16,1728,36.5594
923,1152,16,2592,36.8470
923,1152,16,3888,37.2784
923,1152,16,5832,37.9255
923,1152,16,8748,45.2092
923,1152,16,13122,63.1251
923,1152,16,16384,76.4862
923,1152,32,512,36.3251
923,1152,32,768,36.4955
923,1152,32,1152,36.7511
923,1152,32,1728,37.1346
923,1152,32,2592,37.7098
923,1152,32,3888,41.2934
923,1152,32,5832,57.2186
923,1152,32,8748,81.1065
923,1152,32,13122,116.9383
923,1152,32,16384,143.6606
923,1152,64,512,36.6659
923,1152,64,768,37.0068
923,1152,64,1152,37.5181
923,1152,64,1728,38.2851
923,1152,64,2592,52.0413
923,1152,64,3888,73.2749
923,1152,64,5832,105.1254
923,1152,64,8748,152.9012
923,1152,64,13122,224.5648
923,1152,64,16384,278.0094
923,1152,128,512,37.3477
923,1152,128,768,38.0294
923,1152,128,1152,47.5848
923,1152,128,1728,66.4592
923,1152,128,2592,94.7708
923,1152,128,3888,137.2381
923,1152,128,5832,200.9391
923,1152,128,8748,296.4906
923,1152,128,13122,439.8178
923,1152,128,16384,546.7070
923,1728,0,0,47.0452
923,1728,1,512,47.0558
923,1728,1,768,47.0611
923,1728,1,1152,47.0691
923,1728,1,1728,47.0811
923,1728,1,2592,47.0991
923,1728,1,3888,47.1261
923,1728,1,5832,47.1665
923,1728,1,8748,47.2272
923,1728,1,13122,47.3182
923,1728,1,16384,47.3860
923,1728,2,512,47.0665
923,1728,2,768,47.0771
923,1728,2,1152,47.0931
923,1728,2,1728,47.1171
923,1728,2,2592,47.1530
923,1728,2,3888,47.2069
923,1728,2,5832,47.2878
923,1728,2,8748,47.4092
923,1728,2,13122,47.5912
923,1728,2,16384,47.7269
923,1728,4,512,47.0878
923,1728,4,768,47.1091
923,1728,4,1152,47.1410
923,1728,4,1728,47.1890
923,1728,4,2592,47.2609
923,1728,4,3888,47.3687
923,1728,4,5832,47.5305
923,1728,4,8748,47.7732
923,1728,4,13122,48.1372
923,1728,4,16384,48.4086
923,1728,8,512,47.1304
923,1728,8,768,47.1730
923,1728,8,1152,47.2369
923,1728,8,1728,47.3328
923,1728,8,2592,47.4766
923,1728,8,3888,47.6923
923,1728,8,5832,48.0158
923,1728,8,8748,48.5012
923,1728,8,13122,49.2292
923,1728,8,16384,49.7721
923,1728,16,512,47.2156
923,1728,16,768,47.3008
923,1728,16,1152,47.4286
923,1728,16,1728,47.6204
923,1728,16,2592,47.9080
923,1728,16,3888,48.3394
923,1728,16,5832,48.9865
923,1728,16,8748,49.9572
923,1728,16,13122,63.2725
923,1728,16,16384,76.6337
923,1728,32,512,47.3860
923,1728,32,768,47.5565
923,1728,32,1152,47.8121
923,1728,32,1728,48.1956
923,1728,32,2592,48.7708
923,1728,32,3888,49.6336
923,1728,32,5832,57.3661
923,1728,32,8748,81.2540
923,1728,32,13122,117.0858
923,1728,32,16384,143.8081
923,1728,64,512,47.7269
923,1728,64,768,48.0678
923,1728,64,1152,48.5791
923,1728,64,1728,49.3460
923,1728,64,2592,52.1887
923,1728,64,3888,73.4224
923,1728,64,5832,105.2729
923,1728,64,8748,153.0486
923,1728,64,13122,224.7123
923,1728,64,16384,278.1569
923,1728,128,512,48.4086
923,1728,128,768,49.0904
923,1728,128,1152,50.1130
923,1728,128,1728,66.6067
923,1728,128,2592,94.9182
923,1728,128,3888,137.3855
923,1728,128,5832,201.0865
923,1728,128,8748,296.6380
923,1728,128,13122,439.9652
923,1728,128,16384,546.8545
923,2592,0,0,63.6366
923,2592,1,512,63.6473
923,2592,1,768,63.6526
923,2592,1,1152,63.6606
923,2592,1,1728,63.6726
923,2592,1,2592,63.6906
923,2592,1,3888,63.7175
923,2592,1,5832,63.7580
923,2592,1,8748,63.8186
923,2592,1,13122,63.9096
923,2592,1,16384,63.9775
923,2592,2,512,63.6579
923,2592,2,768,63.6686
923,2592,2,1152,63.6846
923,2592,2,1728,63.7085
923,2592,2,2592,63.7445
923,2592,2,3888,63.7984
923,2592,2,5832,63.8793
923,2592,2,8748,64.0006
923,2592,2,13122,64.1826
923,2592,2,16384,64.3184
923,2592,4,512,63.6792
923,2592,4,768,63.7005
923,2592,4,1152,63.7325
923,2592,4,1728,63.7804
923,2592,4,2592,63.8523
923,2592,4,3888,63.9602
923,2592,4,5832,64.1220
923,2592,4,8748,64.3646
923,2592,4,13122,64.7286
923,2592,4,16384,65.0001
923,2592,8,512,63.7218
923,2592,8,768,63.7645
923,2592,8,1152,63.8284
923,2592,8,1728,63.9242
923,2592,8,2592,64.0680
923,2592,8,3888,64.2838
923,2592,8,5832,64.6073
923,2592,8,8748,65.0927
923,2592,8,13122,65.8207
923,2592,8,16384,66.3636
923,2592,16,512,63.8071
923,2592,16,768,63.8923
923,2592,16,1152,64.0201
923,2592,16,1728,64.2118
923,2592,16,2592,64.4995
923,2592,16,3888,64.9309
923,2592,16,5832,65.5780
923,2592,16,8748,66.5487
923,2592,16,13122,68.0047
923,2592,16,16384,76.8548
923,2592,32,512,63.9775
923,2592,32,768,64.1479
923,2592,32,1152,64.4036
923,2592,32,1728,64.7871
923,2592,32,2592,65.3623
923,2592,32,3888,66.2251
923,2592,32,5832,67.5194
923,2592,32,8748,81.4751
923,2592,32,13122,117.3069
923,2592,32,16384,144.0292
923,2592,64,512,64.3184
923,2592,64,768,64.6592
923,2592,64,1152,65.1705
923,2592,64,1728,65.9375
923,2592,64,2592,67.0879
923,2592,64,3888,73.6436
923,2592,64,5832,105.4941
923,2592,64,8748,153.2698
923,2592,64,13122,224.9334
923,2592,64,16384,278.3780
923,2592,128,512,65.0001
923,2592,128,768,65.6819
923,2592,128,1152,66.7045
923,2592,128,1728,68.2384
923,2592,128,2592,95.1394
923,2592,128,3888,137.6067
923,2592,128,5832,201.3077
923,2592,128,8748,296.8592
923,2592,128,13122,440.1864
923,2592,128,16384,547.0756
923,3888,0,0,88.5238
923,3888,1,512,88.5345
923,3888,1,768,88.5398
923,3888,1,1152,88.5478
923,3888,1,1728,88.5598
923,3888,1,2592,88.5778
923,3888,1,3888,88.6047
923,3888,1,5832,88.6452
923,3888,1,8748,88.7058
923,3888,1,13122,88.7968
923,3888,1,16384,88.8647
923,3888,2,512,88.5451
923,3888,2,768,88.5558
923,3888,2,1152,88.5718
923,3888,2,1728,88.5957
923,3888,2,2592,88.6317
923,3888,2,3888,88.6856
923,3888,2,5832,88.7665
923,3888,2,8748,88.8878
923,3888,2,13122,89.0698
923,3888,2,16384,89.2056
923,3888,4,512,88.5664
923,3888,4,768,88.5877
923,3888,4,1152,88.6197
923,3888,4,1728,88.6676
923,3888,4,2592,88.7395
923,3888,4,3888,88.8474
923,3888,4,5832,89.0092
923,3888,4,8748,89.2518
923,3888,4,13122,89.6158
923,3888,4,16384,89.8873
923,3888,8,512,88.6090
923,3888,8,768,88.6517
923,3888,8,1152,88.7156
923,3888,8,1728,88.8114
923,3888,8,2592,88.9552
923,3888,8,3888,89.1710
923,3888,8,5832,89.4945
923,3888,8,8748,89.9799
923,3888,8,13122,90.7079
923,3888,8,16384,91.2508
923,3888,16,512,88.6943
923,3888,16,768,88.7795
923,3888,16,1152,88.9073
923,3888,16,1728,89.0991
923,3888,16,2592,89.3867
923,3888,16,3888,89.8181
923,3888,16,5832,90.4652
923,3888,16,8748,91.4359
923,3888,16,13122,92.8919
923,3888,16,16384,93.9778
923,3888,32,512,88.8647
923,3888,32,768,89.0351
923,3888,32,1152,89.2908
923,3888,32,1728,89.6743
923,3888,32,2592,90.2495
923,3888,32,3888,91.1123
923,3888,32,5832,92.4066
923,3888,32,8748,94.3479
923,3888,32,13122,117.6387
923,3888,32,16384,144.3610
923,3888,64,512,89.2056
923,3888,64,768,89.5464
923,3888,64,1152,90.0577
923,3888,64,1728,90.8247
923,3888,64,2592,91.9751
923,3888,64,3888,93.7008
923,3888,64,5832,105.8259
923,3888,64,8748,153.6016
923,3888,64,13122,225.2652
923,3888,64,16384,278.7098
923,3888,128,512,89.8873
923,3888,128,768,90.5691
923,3888,128,1152,91.5917
923,3888,128,1728,93.1256
923,3888,128,2592,95.4712
923,3888,128,3888,137.9385
923,3888,128,5832,201.6395
923,3888,128,8748,297.1910
923,3888,128,13122,440.5182
923,3888,128,16384,547.4074
923,5832,0,0,125.8546
923,5832,1,512,125.8653
923,5832,1,768,125.8706
923,5832,1,1152,125.8786
923,5832,1,1728,125.8906
923,5832,1,2592,125.9086
923,5832,1,3888,125.9355
923,5832,1,5832,125.9760
923,5832,1,8748,126.0366
923,5832,1,13122,126.1276
923,5832,1,16384,126.1955
923,5832,2,512,125.8759
923,5832,2,768,125.8866
923,5832,2,1152,125.9026
923,5832,2,1728,125.9265
923,5832,2,2592,125.9625
923,5832,2,3888,126.0164
923,5832,2,5832,126.0973
923,5832,2,8748,126.2186
923,5832,2,13122,126.4006
923,5832,2,16384,126.5364
923,5832,4,512,125.8972
923,5832,4,768,125.9185
923,5832,4,1152,125.9505
923,5832,4,1728,125.9984
923,5832,4,2592,126.0703
923,5832,4,3888,126.1782
923,5832,4,5832,126.3400
923,5832,4,8748,126.5826
923,5832,4,13122,126.9467
923,5832,4,16384,127.2181
923,5832,8,512,125.9399
923,5832,8,768,125.9825
923,5832,8,1152,126.0464
923,5832,8,1728,126.1422
923,5832,8,2592,126.2861
923,5832,8,3888,126.5018
923,5832,8,5832,126.8253
923,5832,8,8748,127.3107
923,5832,8,13122,128.0387
923,5832,8,16384,128.5816
923,5832,16,512,126.0251
923,5832,16,768,126.1103
923,5832,16,1152,126.2381
923,5832,16,1728,126.4299
923,5832,16,2592,126.7175
923,5832,16,3888,127.1489
923,5832,16,5832,127.7960
923,5832,16,8748,128.7667
923,5832,16,13122,130.2227
923,5832,16,16384,131.3086
923,5832,32,512,126.1955
923,5832,32,768,126.3659
923,5832,32,1152,126.6216
923,5832,32,1728,127.0051
923,5832,32,2592,127.5803
923,5832,32,3888,128.4431
923,5832,32,5832,129.7374
923,5832,32,8748,131.6787
923,5832,32,13122,134.5908
923,5832,32,16384,144.8587
923,5832,64,512,126.5364
923,5832,64,768,126.8772
923,5832,64,1152,127.3886
923,5832,64,1728,128.1555
923,5832,64,2592,129.3059
923,5832,64,3888,131.0316
923,5832,64,5832,133.6201
923,5832,64,8748,154.0993
923,5832,64,13122,225.7629
923,5832,64,16384,279.2075
923,5832,128,512,127.2181
923,5832,128,768,127.8999
923,5832,128,1152,128.9225
923,5832,128,1728,130.4564
923,5832,128,2592,132.7573
923,5832,128,3888,138.4362
923,5832,128,5832,202.1372
923,5832,128,8748,297.6886
923,5832,128,13122,441.0159
923,5832,128,16384,547.9051
923,8748,0,0,181.8508
923,8748,1,512,181.8615
923,8748,1,768,181.8668
923,8748,1,1152,181.8748
923,8748,1,1728,181.8868
923,8748,1,2592,181.9048
923,8748,1,3888,181.9317
923,8748,1,5832,181.9722
923,8748,1,8748,182.0328
923,8748,1,13122,182.1238
923,8748,1,16384,182.1917
923,8748,2,512,181.8721
923,8748,2,768,181.8828
923,8748,2,1152,181.8988
923,8748,2,1728,181.9227
923,8748,2,2592,181.9587
923,8748,2,3888,182.0126
923,8748,2,5832,182.0935
923,8748,2,8748,182.2148
923,8748,2,13122,182.3968
923,8748,2,16384,182.5326
923,8748,4,512,181.8935
923,8748,4,768,181.9148
923,8748,4,1152,181.9467
923,8748,4,1728,181.9946
923,8748,4,2592,182.0665
923,8748,4,3888,182.1744
923,8748,4,5832,182.3362
923,8748,4,8748,182.5789
923,8748,4,13122,182.9429
923,8748,4,16384,183.2143
923,8748,8,512,181.9361
923,8748,8,768,181.9787
923,8748,8,1152,182.0426
923,8748,8,1728,182.1385
923,8748,8,2592,182.2823
923,8748,8,3888,182.4980
923,8748,8,5832,182.8215
923,8748,8,8748,183.3069
923,8748,8,13122,184.0349
923,8748,8,16384,184.5778
923,8748,16,512,182.0213
923,8748,16,768,182.1065
923,8748,16,1152,182.2343
923,8748,16,1728,182.4261
923,8748,16,2592,182.7137
923,8748,16,3888,183.1451
923,8748,16,5832,183.7922
923,8748,16,8748,184.7629
923,8748,16,13122,186.2189
923,8748,16,16384,187.3048
923,8748,32,512,182.1917
923,8748,32,768,182.3621
923,8748,32,1152,182.6178
923,8748,32,1728,183.0013
923,8748,32,2592,183.5765
923,8748,32,3888,184.4393
923,8748,32,5832,185.7336
923,8748,32,8748,187.6749
923,8748,32,13122,190.5870
923,8748,32,16384,192.7587
923,8748,64,512,182.5326
923,8748,64,768,182.8735
923,8748,64,1152,183.3848
923,8748,64,1728,184.1517
923,8748,64,2592,185.3022
923,8748,64,3888,187.0278
923,8748,64,5832,189.6163
923,8748,64,8748,193.4990
923,8748,64,13122,226.5094
923,8748,64,16384,279.9540
923,8748,128,512,183.2143
923,8748,128,768,183.8961
923,8748,128,1152,184.9187
923,8748,128,1728,186.4526
923,8748,128,2592,188.7535
923,8748,128,3888,192.2048
923,8748,128,5832,202.8836
923,8748,128,8748,298.4351
923,8748,128,13122,441.7624
923,8748,128,16384,548.6516
923,13122,0,0,265.8451
923,13122,1,512,265.8558
923,13122,1,768,265.8611
923,13122,1,1152,265.8691
923,13122,1,1728,265.8811
923,13122,1,2592,265.8991
923,13122,1,3888,265.9260
923,13122,1,5832,265.9665
923,13122,1,8748,266.0272
923,13122,1,13122,266.1182
923,13122,1,16384,266.1860
923,13122,2,512,265.8665
923,13122,2,768,265.8771
923,13122,2,1152,265.8931
923,13122,2,1728,265.9171
923,13122,2,2592,265.9530
923,13122,2,3888,266.0069
923,13122,2,5832,266.0878
923,13122,2,8748,266.2092
923,13122,2,13122,266.3912
923,13122,2,16384,266.5269
923,13122,4,512,265.8878
923,13122,4,768,265.9091
923,13122,4,1152,265.9410
923,13122,4,1728,265.9890
923,13122,4,2592,266.0609
923,13122,4,3888,266.1687
923,13122,4,5832,266.3305
923,13122,4,8748,266.5732
923,13122,4,13122,266.9372
923,13122,4,16384,267.2086
923,13122,8,512,265.9304
923,13122,8,768,265.9730
923,13122,8,1152,266.0369
923,13122,8,1728,266.1328
923,13122,8,2592,266.2766
923,13122,8,3888,266.4923
923,13122,8,5832,266.8158
923,13122,8,8748,267.3012
923,13122,8,13122,268.0292
923,13122,8,16384,268.5721
923,13122,16,512,266.0156
923,13122,16,768,266.1008
923,13122,16,1152,266.2286
923,13122,16,1728,266.4204
923,13122,16,2592,266.7080
923,13122,16,3888,267.1394
923,13122,16,5832,267.7865
923,13122,16,8748,268.7572
923,13122,16,13122,270.2132
923,13122,16,16384,271.2991
923,13122,32,512,266.1860
923,13122,32,768,266.3565
923,13122,32,1152,266.6121
923,13122,32,1728,266.9956
923,13122,32,2592,267.5708
923,13122,32,3888,268.4336
923,13122,32,5832,269.7279
923,13122,32,8748,271.6692
923,13122,32,13122,274.5813
923,13122,32,16384,276.7530
923,13122,64,512,266.5269
923,13122,64,768,266.8678
923,13122,64,1152,267.3791
923,13122,64,1728,268.1460
923,13122,64,2592,269.2965
923,13122,64,3888,271.0221
923,13122,64,5832,273.6106
923,13122,64,8748,277.4933
923,13122,64,13122,283.3174
923,13122,64,16384,287.6609
923,13122,128,512,267.2086
923,13122,128,768,267.8904
923,13122,128,1152,268.9130
923,13122,128,1728,270.4469
923,13122,128,2592,272.7478
923,13122,128,3888,276.1991
923,13122,128,5832,281.3761
923,13122,128,8748,299.5549
923,13122,128,13122,442.8821
923,13122,128,16384,549.7713
923,16384,0,0,328.4856
923,16384,1,512,328.4963
923,16384,1,768,328.5016
923,16384,1,1152,328.5096
923,16384,1,1728,328.5216
923,16384,1,2592,328.5395
923,16384,1,3888,328.5665
923,16384,1,5832,328.6070
923,16384,1,8748,328.6676
923,16384,1,13122,328.7586
923,16384,1,16384,328.8265
923,16384,2,512,328.5069
923,16384,2,768,328.5176
923,16384,2,1152,328.5336
923,16384,2,1728,328.5575
923,16384,2,2592,328.5935
923,16384,2,3888,328.6474
923,16384,2,5832,328.7283
923,16384,2,8748,328.8496
923,16384,2,13122,329.0316
923,16384,2,16384,329.1674
923,16384,4,512,328.5282
923,16384,4,768,328.5495
923,16384,4,1152,328.5815
923,16384,4,1728,328.6294
923,16384,4,2592,328.7013
923,16384,4,3888,328.8092
923,16384,4,5832,328.9710
923,16384,4,8748,329.2136
923,16384,4,13122,329.5776
923,16384,4,16384,329.8491
923,16384,8,512,328.5708
923,16384,8,768,328.6134
923,16384,8,1152,328.6774
923,16384,8,1728,328.7732
923,16384,8,2592,328.9170
923,16384,8,3888,329.1327
923,16384,8,5832,329.4563
923,16384,8,8748,329.9416
923,16384,8,13122,330.6697
923,16384,8,16384,331.2126
923,16384,16,512,328.6561
923,16384,16,768,328.7413
923,16384,16,1152,328.8691
923,16384,16,1728,329.0608
923,16384,16,2592,329.3485
923,16384,16,3888,329.7799
923,16384,16,5832,330.4270
923,16384,16,8748,331.3977
923,16384,16,13122,332.8537
923,16384,16,16384,333.9395
923,16384,32,512,328.8265
923,16384,32,768,328.9969
923,16384,32,1152,329.2526
923,16384,32,1728,329.6361
923,16384,32,2592,330.2113
923,16384,32,3888,331.0741
923,16384,32,5832,332.3684
923,16384,32,8748,334.3097
923,16384,32,13122,337.2218
923,16384,32,16384,339.3935
923,16384,64,512,329.1674
923,16384,64,768,329.5082
923,16384,64,1152,330.0195
923,16384,64,1728,330.7865
923,16384,64,2592,331.9369
923,16384,64,3888,333.6626
923,16384,64,5832,336.2511
923,16384,64,8748,340.1338
923,16384,64,13122,345.9579
923,16384,64,16384,350.3013
923,16384,128,512,329.8491
923,16384,128,768,330.5308
923,16384,128,1152,331.5535
923,16384,128,1728,333.0874
923,16384,128,2592,335.3882
923,16384,128,3888,338.8396
923,16384,128,5832,344.0165
923,16384,128,8748,351.7820
923,16384,128,13122,443.7172
923,16384,128,16384,550.6064
1024,0,0,0,15.9079
1024,0,1,16,15.9082
1024,0,1,32,15.9085
1024,0,1,64,15.9092
1024,0,1,128,15.9105
1024,0,1,256,15.9132
1024,0,1,512,15.9185
1024,0,1,1024,15.9292
1024,0,1,2048,15.9505
1024,0,1,4096,15.9931
1024,0,1,8192,16.0783
1024,0,1,16384,16.2487
1024,0,2,16,15.9085
1024,0,2,32,15.9092
1024,0,2,64,15.9105
1024,0,2,128,15.9132
1024,0,2,256,15.9185
1024,0,2,512,15.9292
1024,0,2,1024,15.9505
1024,0,2,2048,15.9931
1024,0,2,4096,16.0783
1024,0,2,8192,16.2487
1024,0,2,16384,17.8532
1024,0,4,16,15.9092
1024,0,4,32,15.9105
1024,0,4,64,15.9132
1024,0,4,128,15.9185
1024,0,4,256,15.9292
1024,0,4,512,15.9505
1024,0,4,1024,15.9931
1024,0,4,2048,16.0783
1024,0,4,4096,16.2487
1024,0,4,8192,17.8614
1024,0,4,16384,26.2500
1024,0,8,16,15.9105
1024,0,8,32,15.9132
1024,0,8,64,15.9185
1024,0,8,128,15.9292
1024,0,8,256,15.9505
1024,0,8,512,15.9931
1024,0,8,1024,16.0783
1024,0,8,2048,16.2487
1024,0,8,4096,17.8778
1024,0,8,8192,26.2664
1024,0,8,16384,43.0436
1024,0,16,16,15.9132
1024,0,16,32,15.9185
1024,0,16,64,15.9292
1024,0,16,128,15.9505
1024,0,16,256,15.9931
1024,0,16,512,16.0783
1024,0,16,1024,16.2487
1024,0,16,2048,17.9106
1024,0,16,4096,26.2992
1024,0,16,8192,43.0764
1024,0,16,16384,76.6308
1024,0,32,16,15.9185
1024,0,32,32,15.9292
1024,0,32,64,15.9505
1024,0,32,128,15.9931
1024,0,32,256,16.0783
1024,0,32,512,16.2487
1024,0,32,1024,17.9761
1024,0,32,2048,26.3647
1024,0,32,4096,43.1420
1024,0,32,8192,76.6964
1024,0,32,16384,143.8052
1024,0,64,16,15.9292
1024,0,64,32,15.9505
1024,0,64,64,15.9931
1024,0,64,128,16.0783
1024,0,64,256,16.2487
1024,0,64,512,18.1072
1024,0,64,1024,26.4958
1024,0,64,2048,43.2730
1024,0,64,4096,76.8275
1024,0,64,8192,143.9363
1024,0,64,16384,278.1540
1024,0,128,16,15.9505
1024,0,128,32,15.9931
1024,0,128,64,16.0783
1024,0,128,128,16.2487
1024,0,128,256,18.3693
1024,0,128,512,26.7580
1024,0,128,1024,43.5352
1024,0,128,2048,77.0896
1024,0,128,4096,144.1985
1024,0,128,8192,278.4162
1024,0,128,16384,546.8516
1024,16,0,0,16.2487
1024,16,1,16,16.2491
1024,16,1,32,16.2494
1024,16,1,64,16.2501
1024,16,1,128,16.2514
1024,16,1,256,16.2540
1024,16,1,512,16.2594
1024,16,1,1024,16.2700
1024,16,1,2048,16.2913
1024,16,1,4096,16.3339
1024,16,1,8192,16.4192
1024,16,1,16384,16.5896
1024,16,2,16,16.2494
1024,16,2,32,16.2501
1024,16,2,64,16.2514
1024,16,2,128,16.2540
1024,16,2,256,16.2594
1024,16,2,512,16.2700
1024,16,2,1024,16.2913
1024,16,2,2048,16.3339
1024,16,2,4096,16.4192
1024,16,2,8192,16.5896
1024,16,2,16384,17.8573
1024,16,4,16,16.2501
1024,16,4,32,16.2514
1024,16,4,64,16.2540
1024,16,4,128,16.2594
1024,16,4,256,16.2700
1024,16,4,512,16.2913
1024,16,4,1024,16.3339
1024,16,4,2048,16.4192
1024,16,4,4096,16.5896
1024,16,4,8192,17.8655
1024,16,4,16384,26.2541
1024,16,8,16,16.2514
1024,16,8,32,16.2540
1024,16,8,64,16.2594
1024,16,8,128,16.2700
1024,16,8,256,16.2913
1024,16,8,512,16.3339
1024,16,8,1024,16.4192
1024,16,8,2048,16.5896
1024,16,8,4096,17.8819
1024,16,8,8192,26.2705
1024,16,8,16384,43.0477
1024,16,16,16,16.2540
1024,16,16,32,16.2594
1024,16,16,64,16.2700
1024,16,16,128,16.2913
1024,16,16,256,16.3339
1024,16,16,512,16.4192
1024,16,16,1024,16.5896
1024,16,16,2048,17.9147
1024,16,16,4096,26.3033
1024,16,16,8192,43.0805
1024,16,16,16384,76.6349
1024,16,32,16,16.2594
1024,16,32,32,16.2700
1024,16,32,64,16.2913
1024,16,32,128,16.3339
1024,16,32,256,16.4192
1024,16,32,512,16.5896
1024,16,32,1024,17.9802
1024,16,32,2048,26.3688
1024,16,32,4096,43.1460
1024,16,32,8192,76.7005
1024,16,32,16384,143.8093
1024,16,64,16,16.2700
1024,16,64,32,16.2913
1024,16,64,64,16.3339
1024,16,64,128,16.4192
1024,16,64,256,16.5896
1024,16,64,512,18.1113
1024,16,64,1024,26.4999
1024,16,64,2048,43.2771
1024,16,64,4096,76.8316
1024,16,64,8192,143.9404
1024,16,64,16384,278.1581
1024,16,128,16,16.2913
1024,16,128,32,16.3339
1024,16,128,64,16.4192
1024,16,128,128,16.5896
1024,16,128,256,18.3734
1024,16,128,512,26.7620
1024,16,128,1024,43.5393
1024,16,128,2048,77.0937
1024,16,128,4096,144.2026
1024,16,128,8192,278.4203
1024,16,128,16384,546.8557
1024,32,0,0,16.5896
1024,32,1,16,16.5899
1024,32,1,32,16.5903
1024,32,1,64,16.5909
1024,32,1,128,16.5923
1024,32,1,256,16.5949
1024,32,1,512,16.6002
1024,32,1,1024,16.6109
1024,32,1,2048,16.6322
1024,32,1,4096,16.6748
1024,32,1,8192,16.7600
1024,32,1,16384,16.9305
1024,32,2,16,16.5903
1024,32,2,32,16.5909
1024,32,2,64,16.5923
1024,32,2,128,16.5949
1024,32,2,256,16.6002
1024,32,2,512,16.6109
1024,32,2,1024,16.6322
1024,32,2,2048,16.6748
1024,32,2,4096,16.7600
1024,32,2,8192,16.9305
1024,32,2,16384,17.8614
1024,32,4,16,16.5909
1024,32,4,32,16.5923
1024,32,4,64,16.5949
1024,32,4,128,16.6002
1024,32,4,256,16.6109
1024,32,4,512,16.6322
1024,32,4,1024,16.6748
1024,32,4,2048,16.7600
1024,32,4,4096,16.9305
1024,32,4,8192,17.8696
1024,32,4,16384,26.2582
1024,32,8,16,16.5923
1024,32,8,32,16.5949
1024,32,8,64,16.6002
1024,32,8,128,16.6109
1024,32,8,256,16.6322
1024,32,8,512,16.6748
1024,32,8,1024,16.7600
1024,32,8,2048,16.9305
1024,32,8,4096,17.8860
1024,32,8,8192,26.2746
1024,32,8,16384,43.0518
1024,32,16,16,16.5949
1024,32,16,32,16.6002
1024,32,16,64,16.6109
1024,32,16,128,16.6322
1024,32,16,256,16.6748
1024,32,16,512,16.7600
1024,32,16,1024,16.9305
1024,32,16,2048,17.9188
1024,32,16,4096,26.3074
1024,32,16,8192,43.0846
1024,32,16,16384,76.6390
1024,32,32,16,16.6002
1024,32,32,32,16.6109
1024,32,32,64,16.6322
1024,32,32,128,16.6748
1024,32,32,256,16.7600
1024,32,32,512,16.9305
1024,32,32,1024,17.9843
1024,32,32,2048,26.3729
1024,32,32,4096,43.1501
1024,32,32,8192,76.7046
1024,32,32,16384,143.8134
1024,32,64,16,16.6109
1024,32,64,32,16.6322
1024,32,64,64,16.6748
1024,32,64,128,16.7600
1024,32,64,256,16.9305
1024,32,64,512,18.1154
1024,32,64,1024,26.5040
1024,32,64,2048,43.2812
1024,32,64,4096,76.8356
1024,32,64,8192,143.9445
1024,32,64,16384,278.1622
1024,32,128,16,16.6322
1024,32,128,32,16.6748
1024,32,128,64,16.7600
1024,32,128,128,16.9305
1024,32,128,256,18.3775
1024,32,128,512,26.7661
1024,32,128,1024,43.5434
1024,32,128,2048,77.0978
1024,32,128,4096,144.2067
1024,32,128,8192,278.4244
1024,32,128,16384,546.8598
1024,64,0,0,17.2713
1024,64,1,16,17.2717
1024,64,1,32,17.2720
1024,64,1,64,17.2727
1024,64,1,128,17.2740
1024,64,1,256,17.2767
1024,64,1,512,17.2820
1024,64,1,1024,17.2926
1024,64,1,2048,17.3139
1024,64,1,4096,17.3566
1024,64,1,8192,17.4418
1024,64,1,16384,17.6122
1024,64,2,16,17.2720
1024,64,2,32,17.2727
1024,64,2,64,17.2740
1024,64,2,128,17.2767
1024,64,2,256,17.2820
1024,64,2,512,17.2926
1024,64,2,1024,17.3139
1024,64,2,2048,17.3566
1024,64,2,4096,17.4418
1024,64,2,8192,17.6122
1024,64,2,16384,17.9531
1024,64,4,16,17.2727
1024,64,4,32,17.2740
1024,64,4,64,17.2767
1024,64,4,128,17.2820
1024,64,4,256,17.2926
1024,64,4,512,17.3139
1024,64,4,1024,17.3566
1024,64,4,2048,17.4418
1024,64,4,4096,17.6122
1024,64,4,8192,17.9531
1024,64,4,16384,26.2664
1024,64,8,16,17.2740
1024,64,8,32,17.2767
1024,64,8,64,17.2820
1024,64,8,128,17.2926
1024,64,8,256,17.3139
1024,64,8,512,17.3566
1024,64,8,1024,17.4418
1024,64,8,2048,17.6122
1024,64,8,4096,17.9531
1024,64,8,8192,26.2828
1024,64,8,16384,43.0600
1024,64,16,16,17.2767
1024,64,16,32,17.2820
1024,64,16,64,17.2926
1024,64,16,128,17.3139
1024,64,16,256,17.3566
1024,64,16,512,17.4418
1024,64,16,1024,17.6122
1024,64,16,2048,17.9531
1024,64,16,4096,26.3156
1024,64,16,8192,43.0928
1024,64,16,16384,76.6472
1024,64,32,16,17.2820
1024,64,32,32,17.2926
1024,64,32,64,17.3139
1024,64,32,128,17.3566
1024,64,32,256,17.4418
1024,64,32,512,17.6122
1024,64,32,1024,17.9925
1024,64,32,2048,26.3811
1024,64,32,4096,43.1583
1024,64,32,8192,76.7128
1024,64,32,16384,143.8216
1024,64,64,16,17.2926
1024,64,64,32,17.3139
1024,64,64,64,17.3566
1024,64,64,128,17.4418
1024,64,64,256,17.6122
1024,64,64,512,18.1236
1024,64,64,1024,26.5122
1024,64,64,2048,43.2894
1024,64,64,4096,76.8438
1024,64,64,8192,143.9527
1024,64,64,16384,278.1704
1024,64,128,16,17.3139
1024,64,128,32,17.3566
1024,64,128,64,17.4418
1024,64,128,128,17.6122
1024,64,128,256,18.3857
1024,64,128,512,26.7743
1024,64,128,1024,43.5516
1024,64,128,2048,77.1060
1024,64,128,4096,144.2148
1024,64,128,8192,278.4326
1024,64,128,16384,546.8680
1024,128,0,0,18.6348
1024,128,1,16,18.6351
1024,128,1,32,18.6355
1024,128,1,64,18.6361
1024,128,1,128,18.6375
1024,128,1,256,18.6401
1024,128,1,512,18.6455
1024,128,1,1024,18.6561
1024,128,1,2048,18.6774
1024,128,1,4096,18.7200
1024,128,1,8192,18.8053
1024,128,1,16384,18.9757
1024,128,2,16,18.6355
1024,128,2,32,18.6361
1024,128,2,64,18.6375
1024,128,2,128,18.6401
1024,128,2,256,18.6455
1024,128,2,512,18.6561
1024,128,2,1024,18.6774
1024,128,2,2048,18.7200
1024,128,2,4096,18.8053
1024,128,2,8192,18.9757
1024,128,2,16384,19.3166
1024,128,4,16,18.6361
1024,128,4,32,18.6375
1024,128,4,64,18.6401
1024,128,4,128,18.6455
1024,128,4,256,18.6561
1024,128,4,512,18.6774
1024,128,4,1024,18.7200
1024,128,4,2048,18.8053
1024,128,4,4096,18.9757
1024,128,4,8192,19.3166
1024,128,4,16384,26.2828
1024,128,8,16,18.6375
1024,128,8,32,18.6401
1024,128,8,64,18.6455
1024,128,8,128,18.6561
1024,128,8,256,18.6774
1024,128,8,512,18.7200
1024,128,8,1024,18.8053
1024,128,8,2048,18.9757
1024,128,8,4096,19.3166
1024,128,8,8192,26.2992
1024,128,8,16384,43.0764
1024,128,16,16,18.6401
1024,128,16,32,18.6455
1024,128,16,64,18.6561
1024,128,16,128,18.6774
1024,128,16,256,18.7200
1024,128,16,512,18.8053
1024,128,16,1024,18.9757
1024,128,16,2048,19.3166
1024,128,16,4096,26.3320
1024,128,16,8192,43.1092
1024,128,16,16384,76.6636
1024,128,32,16,18.6455
1024,128,32,32,18.6561
1024,128,32,64,18.6774
1024,128,32,128,18.7200
1024,128,32,256,18.8053
1024,128,32,512,18.9757
1024,128,32,1024,19.3166
1024,128,32,2048,26.3975
1024,128,32,4096,43.1747
1024,128,32,8192,76.7292
1024,128,32,16384,143.8380
1024,128,64,16,18.6561
1024,128,64,32,18.6774
1024,128,64,64,18.7200
1024,128,64,128,18.8053
1024,128,64,256,18.9757
1024,128,64,512,19.3166
1024,128,64,1024,26.5286
1024,128,64,2048,43.3058
1024,128,64,4096,76.8602
1024,128,64,8192,143.9691
1024,128,64,16384,278.1868
1024,128,128,16,18.6774
1024,128,128,32,18.7200
1024,128,128,64,18.8053
1024,128,128,128,18.9757
1024,128,128,256,19.3166
1024,128,128,512,26.7907
1024,128,128,1024,43.5679
1024,128,128,2048,77.1224
1024,128,128,4096,144.2312
1024,128,128,8192,278.4490
1024,128,128,16384,546.8844
1024,256,0,0,21.3618
1024,256,1,16,21.3621
1024,256,1,32,21.3624
1024,256,1,64,21.3631
1024,256,1,128,21.3644
1024,256,1,256,21.3671
1024,256,1,512,21.3724
1024,256,1,1024,21.3831
1024,256,1,2048,21.4044
1024,256,1,4096,21.4470
1024,256,1,8192,21.5322
1024,256,1,16384,21.7027
1024,256,2,16,21.3624
1024,256,2,32,21.3631
1024,256,2,64,21.3644
1024,256,2,128,21.3671
1024,256,2,256,21.3724
1024,256,2,512,21.3831
1024,256,2,1024,21.4044
1024,256,2,2048,21.4470
1024,256,2,4096,21.5322
1024,256,2,8192,21.7027
1024,256,2,16384,22.0435
1024,256,4,16,21.3631
1024,256,4,32,21.3644
1024,256,4,64,21.3671
1024,256,4,128,21.3724
1024,256,4,256,21.3831
1024,256,4,512,21.4044
1024,256,4,1024,21.4470
1024,256,4,2048,21.5322
1024,256,4,4096,21.7027
1024,256,4,8192,22.0435
1024,256,4,16384,26.3156
1024,256,8,16,21.3644
1024,256,8,32,21.3671
1024,256,8,64,21.3724
1024,256,8,128,21.3831
1024,256,8,256,21.4044
1024,256,8,512,21.4470
1024,256,8,1024,21.5322
1024,256,8,2048,21.7027
1024,256,8,4096,22.0435
1024,256,8,8192,26.3320
1024,256,8,16384,43.1092
1024,256,16,16,21.3671
1024,256,16,32,21.3724
1024,256,16,64,21.3831
1024,256,16,128,21.4044
1024,256,16,256,21.4470
1024,256,16,512,21.5322
1024,256,16,1024,21.7027
1024,256,16,2048,22.0435
1024,256,16,4096,26.3647
1024,256,16,8192,43.1420
1024,256,16,16384,76.6964
1024,256,32,16,21.3724
1024,256,32,32,21.3831
1024,256,32,64,21.4044
1024,256,32,128,21.4470
1024,256,32,256,21.5322
1024,256,32,512,21.7027
1024,256,32,1024,22.0435
1024,256,32,2048,26.4303
1024,256,32,4096,43.2075
1024,256,32,8192,76.7619
1024,256,32,16384,143.8708
1024,256,64,16,21.3831
1024,256,64,32,21.4044
1024,256,64,64,21.4470
1024,256,64,128,21.5322
1024,256,64,256,21.7027
1024,256,64,512,22.0435
1024,256,64,1024,26.5613
1024,256,64,2048,43.3386
1024,256,64,4096,76.8930
1024,256,64,8192,144.0019
1024,256,64,16384,278.2196
1024,256,128,16,21.4044
1024,256,128,32,21.4470
1024,256,128,64,21.5322
1024,256,128,128,21.7027
1024,256,128,256,22.0435
1024,256,128,512,26.8235
1024,256,128,1024,43.6007
1024,256,128,2048,77.1551
1024,256,128,4096,144.2640
1024,256,128,8192,278.4817
1024,256,128,16384,546.9172
1024,512,0,0,26.8157
1024,512,1,16,26.8160
1024,512,1,32,26.8164
1024,512,1,64,26.8170
1024,512,1,128,26.8184
1024,512,1,256,26.8210
1024,512,1,512,26.8264
1024,512,1,1024,26.8370
1024,512,1,2048,26.8583
1024,512,1,4096,26.9009
1024,512,1,8192,26.9861
1024,512,1,16384,27.1566
1024,512,2,16,26.8164
1024,512,2,32,26.8170
1024,512,2,64,26.8184
1024,512,2,128,26.8210
1024,512,2,256,26.8264
1024,512,2,512,26.8370
1024,512,2,1024,26.8583
1024,512,2,2048,26.9009
1024,512,2,4096,26.9861
1024,512,2,8192,27.1566
1024,512,2,16384,27.4974
1024,512,4,16,26.8170
1024,512,4,32,26.8184
1024,512,4,64,26.8210
1024,512,4,128,26.8264
1024,512,4,256,26.8370
1024,512,4,512,26.8583
1024,512,4,1024,26.9009
1024,512,4,2048,26.9861
1024,512,4,4096,27.1566
1024,512,4,8192,27.4974
1024,512,4,16384,28.1792
1024,512,8,16,26.8184
1024,512,8,32,26.8210
1024,512,8,64,26.8264
1024,512,8,128,26.8370
1024,512,8,256,26.8583
1024,512,8,512,26.9009
1024,512,8,1024,26.9861
1024,512,8,2048,27.1566
1024,512,8,4096,27.4974
1024,512,8,8192,28.1792
1024,512,8,16384,43.1747
1024,512,16,16,26.8210
1024,512,16,32,26.8264
1024,512,16,64,26.8370
1024,512,16,128,26.8583
1024,512,16,256,26.9009
1024,512,16,512,26.9861
1024,512,16,1024,27.1566
1024,512,16,2048,27.4974
1024,512,16,4096,28.1792
1024,512,16,8192,43.2075
1024,512,16,16384,76.7619
1024,512,32,16,26.8264
1024,512,32,32,26.8370
1024,512,32,64,26.8583
1024,512,32,128,26.9009
1024,512,32,256,26.9861
1024,512,32,512,27.1566
1024,512,32,1024,27.4974
1024,512,32,2048,28.1792
1024,512,32,4096,43.2730
1024,512,32,8192,76.8275
1024,512,32,16384,143.9363
1024,512,64,16,26.8370
1024,512,64,32,26.8583
1024,512,64,64,26.9009
1024,512,64,128,26.9861
1024,512,64,256,27.1566
1024,512,64,512,27.4974
1024,512,64,1024,28.1792
1024,512,64,2048,43.4041
1024,512,64,4096,76.9585
1024,512,64,8192,144.0674
1024,512,64,16384,278.2851
1024,512,128,16,26.8583
1024,512,128,32,26.9009
1024,512,128,64,26.9861
1024,512,128,128,27.1566
1024,512,128,256,27.4974
1024,512,128,512,28.1792
1024,512,128,1024,43.6662
1024,512,128,2048,77.2207
1024,512,128,4096,144.3295
1024,512,128,8192,278.5473
1024,512,128,16384,546.9827
1024,1024,0,0,37.7236
1024,1024,1,16,37.7239
1024,1024,1,32,37.7242
1024,1024,1,64,37.7249
1024,1024,1,128,37.7262
1024,1024,1,256,37.7289
1024,1024,1,512,37.7342
1024,1024,1,1024,37.7449
1024,1024,1,2048,37.7662
1024,1024,1,4096,37.8088
1024,1024,1,8192,37.8940
1024,1024,1,16384,38.0644
1024,1024,2,16,37.7242
1024,1024,2,32,37.7249
1024,1024,2,64,37.7262
1024,1024,2,128,37.7289
1024,1024,2,256,37.7342
1024,1024,2,512,37.7449
1024,1024,2,1024,37.7662
1024,1024,2,2048,37.8088
1024,1024,2,4096,37.8940
1024,1024,2,8192,38.0644
1024,1024,2,16384,38.4053
1024,1024,4,16,37.7249
1024,1024,4,32,37.7262
1024,1024,4,64,37.7289
1024,1024,4,128,37.7342
1024,1024,4,256,37.7449
1024,1024,4,512,37.7662
1024,1024,4,1024,37.8088
1024,1024,4,2048,37.8940
1024,1024,4,4096,38.0644
1024,1024,4,8192,38.4053
1024,1024,4,16384,39.0870
1024,1024,8,16,37.7262
1024,1024,8,32,37.7289
1024,1024,8,64,37.7342
1024,1024,8,128,37.7449
1024,1024,8,256,37.7662
1024,1024,8,512,37.8088
1024,1024,8,1024,37.8940
1024,1024,8,2048,38.0644
1024,1024,8,4096,38.4053
1024,1024,8,8192,39.0870
1024,1024,8,16384,43.3058
1024,1024,16,16,37.7289
1024,1024,16,32,37.7342
1024,1024,16,64,37.7449
1024,1024,16,128,37.7662
1024,1024,16,256,37.8088
1024,1024,16,512,37.8940
1024,1024,16,1024,38.0644
1024,1024,16,2048,38.4053
1024,1024,16,4096,39.0870
1024,1024,16,8192,43.3386
1024,1024,16,16384,76.8930
1024,1024,32,16,37.7342
1024,1024,32,32,37.7449
1024,1024,32,64,37.7662
1024,1024,32,128,37.8088
1024,1024,32,256,37.8940
1024,1024,32,512,38.0644
1024,1024,32,1024,38.4053
1024,1024,32,2048,39.0870
1024,1024,32,4096,43.4041
1024,1024,32,8192,76.9585
1024,1024,32,16384,144.0674
1024,1024,64,16,37.7449
1024,1024,64,32,37.7662
1024,1024,64,64,37.8088
1024,1024,64,128,37.8940
1024,1024,64,256,38.0644
1024,1024,64,512,38.4053
1024,1024,64,1024,39.0870
1024,1024,64,2048,43.5352
1024,1024,64,4096,77.0896
1024,1024,64,8192,144.1985
1024,1024,64,16384,278.4162
1024,1024,128,16,37.7662
1024,1024,128,32,37.8088
1024,1024,128,64,37.8940
1024,1024,128,128,38.0644
1024,1024,128,256,38.4053
1024,1024,128,512,39.0870
1024,1024,128,1024,43.7973
1024,1024,128,2048,77.3517
1024,1024,128,4096,144.4606
1024,1024,128,8192,278.6783
1024,1024,128,16384,547.1138
1024,2048,0,0,59.5393
1024,2048,1,16,59.5396
1024,2048,1,32,59.5399
1024,2048,1,64,59.5406
1024,2048,1,128,59.5419
1024,2048,1,256,59.5446
1024,2048,1,512,59.5499
1024,2048,1,1024,59.5606
1024,2048,1,2048,59.5819
1024,2048,1,4096,59.6245
1024,2048,1,8192,59.7097
1024,2048,1,16384,59.8801
1024,2048,2,16,59.5399
1024,2048,2,32,59.5406
1024,2048,2,64,59.5419
1024,2048,2,128,59.5446
1024,2048,2,256,59.5499
1024,2048,2,512,59.5606
1024,2048,2,1024,59.5819
1024,2048,2,2048,59.6245
1024,2048,2,4096,59.7097
1024,2048,2,8192,59.8801
1024,2048,2,16384,60.2210
1024,2048,4,16,59.5406
1024,2048,4,32,59.5419
1024,2048,4,64,59.5446
1024,2048,4,128,59.5499
1024,2048,4,256,59.5606
1024,2048,4,512,59.5819
1024,2048,4,1024,59.6245
1024,2048,4,2048,59.7097
1024,2048,4,4096,59.8801
1024,2048,4,8192,60.2210
1024,2048,4,16384,60.9027
1024,2048,8,16,59.5419
1024,2048,8,32,59.5446
1024,2048,8,64,59.5499
1024,2048,8,128,59.5606
1024,2048,8,256,59.5819
1024,2048,8,512,59.6245
1024,2048,8,1024,59.7097
1024,2048,8,2048,59.8801
1024,2048,8,4096,60.2210
1024,2048,8,8192,60.9027
1024,2048,8,16384,62.2662
1024,2048,16,16,59.5446
1024,2048,16,32,59.5499
1024,2048,16,64,59.5606
1024,2048,16,128,59.5819
1024,2048,16,256,59.6245
1024,2048,16,512,59.7097
1024,2048,16,1024,59.8801
1024,2048,16,2048,60.2210
1024,2048,16,4096,60.9027
1024,2048,16,8192,62.2662
1024,2048,16,16384,77.1551
1024,2048,32,16,59.5499
1024,2048,32,32,59.5606
1024,2048,32,64,59.5819
1024,2048,32,128,59.6245
1024,2048,32,256,59.7097
1024,2048,32,512,59.8801
1024,2048,32,1024,60.2210
1024,2048,32,2048,60.9027
1024,2048,32,4096,62.2662
1024,2048,32,8192,77.2207
1024,2048,32,16384,144.3295
1024,2048,64,16,59.5606
1024,2048,64,32,59.5819
1024,2048,64,64,59.6245
1024,2048,64,128,59.7097
1024,2048,64,256,59.8801
1024,2048,64,512,60.2210
1024,2048,64,1024,60.9027
1024,2048,64,2048,62.2662
1024,2048,64,4096,77.3517
1024,2048,64,8192,144.4606
1024,2048,64,16384,278.6783
1024,2048,128,16,59.5819
1024,2048,128,32,59.6245
1024,2048,128,64,59.7097
1024,2048,128,128,59.8801
1024,2048,128,256,60.2210
1024,2048,128,512,60.9027
1024,2048,128,1024,62.2662
1024,2048,128,2048,77.6139
1024,2048,128,4096,144.7228
1024,2048,128,8192,278.9405
1024,2048,128,16384,547.3759
1024,4096,0,0,103.1707
1024,4096,1,16,103.1710
1024,4096,1,32,103.1713
1024,4096,1,64,103.1720
1024,4096,1,128,103.1733
1024,4096,1,256,103.1760
1024,4096,1,512,103.1813
1024,4096,1,1024,103.1920
1024,4096,1,2048,103.2133
1024,4096,1,4096,103.2559
1024,4096,1,8192,103.3411
1024,4096,1,16384,103.5116
1024,4096,2,16,103.1713
1024,4096,2,32,103.1720
1024,4096,2,64,103.1733
1024,4096,2,128,103.1760
1024,4096,2,256,103.1813
1024,4096,2,512,103.1920
1024,4096,2,1024,103.2133
1024,4096,2,2048,103.2559
1024,4096,2,4096,103.3411
1024,4096,2,8192,103.5116
1024,4096,2,16384,103.8524
1024,4096,4,16,103.1720
1024,4096,4,32,103.1733
1024,4096,4,64,103.1760
1024,4096,4,128,103.1813
1024,4096,4,256,103.1920
1024,4096,4,512,103.2133
1024,4096,4,1024,103.2559
1024,4096,4,2048,103.3411
1024,4096,4,4096,103.5116
1024,4096,4,8192,103.8524
1024,4096,4,16384,104.5342
1024,4096,8,16,103.1733
1024,4096,8,32,103.1760
1024,4096,8,64,103.1813
1024,4096,8,128,103.1920
1024,4096,8,256,103.2133
1024,4096,8,512,103.2559
1024,4096,8,1024,103.3411
1024,4096,8,2048,103.5116
1024,4096,8,4096,103.8524
1024,4096,8,8192,104.5342
1024,4096,8,16384,105.8976
1024,4096,16,16,103.1760
1024,4096,16,32,103.1813
1024,4096,16,64,103.1920
1024,4096,16,128,103.2133
1024,4096,16,256,103.2559
1024,4096,16,512,103.3411
1024,4096,16,1024,103.5116
1024,4096,16,2048,103.8524
1024,4096,16,4096,104.5342
1024,4096,16,8192,105.8976
1024,4096,16,16384,108.6246
1024,4096,32,16,103.1813
1024,4096,32,32,103.1920
1024,4096,32,64,103.2133
1024,4096,32,128,103.2559
1024,4096,32,256,103.3411
1024,4096,32,512,103.5116
1024,4096,32,1024,103.8524
1024,4096,32,2048,104.5342
1024,4096,32,4096,105.8976
1024,4096,32,8192,108.6246
1024,4096,32,16384,144.8538
1024,4096,64,16,103.1920
1024,4096,64,32,103.2133
1024,4096,64,64,103.2559
1024,4096,64,128,103.3411
1024,4096,64,256,103.5116
1024,4096,64,512,103.8524
1024,4096,64,1024,104.5342
1024,4096,64,2048,105.8976
1024,4096,64,4096,108.6246
1024,4096,64,8192,144.9849
1024,4096,64,16384,279.2026
1024,4096,128,16,103.2133
1024,4096,128,32,103.2559
1024,4096,128,64,103.3411
1024,4096,128,128,103.5116
1024,4096,128,256,103.8524
1024,4096,128,512,104.5342
1024,4096,128,1024,105.8976
1024,4096,128,2048,108.6246
1024,4096,128,4096,145.2470
1024,4096,128,8192,279.4648
1024,4096,128,16384,547.9002
1024,8192,0,0,190.4335
1024,8192,1,16,190.4338
1024,8192,1,32,190.4342
1024,8192,1,64,190.4348
1024,8192,1,128,190.4362
1024,8192,1,256,190.4388
1024,8192,1,512,190.4442
1024,8192,1,1024,190.4548
1024,8192,1,2048,190.4761
1024,8192,1,4096,190.5187
1024,8192,1,8192,190.6039
1024,8192,1,16384,190.7744
1024,8192,2,16,190.4342
1024,8192,2,32,190.4348
1024,8192,2,64,190.4362
1024,8192,2,128,190.4388
1024,8192,2,256,190.4442
1024,8192,2,512,190.4548
1024,8192,2,1024,190.4761
1024,8192,2,2048,190.5187
1024,8192,2,4096,190.6039
1024,8192,2,8192,190.7744
1024,8192,2,16384,191.1152
1024,8192,4,16,190.4348
1024,8192,4,32,190.4362
1024,8192,4,64,190.4388
1024,8192,4,128,190.4442
1024,8192,4,256,190.4548
1024,8192,4,512,190.4761
1024,8192,4,1024,190.5187
1024,8192,4,2048,190.6039
1024,8192,4,4096,190.7744
1024,8192,4,8192,191.1152
1024,8192,4,16384,191.7970
1024,8192,8,16,190.4362
1024,8192,8,32,190.4388
1024,8192,8,64,190.4442
1024,8192,8,128,190.4548
1024,8192,8,256,190.4761
1024,8192,8,512,190.5187
1024,8192,8,1024,190.6039
1024,8192,8,2048,190.7744
1024,8192,8,4096,191.1152
1024,8192,8,8192,191.7970
1024,8192,8,16384,193.1605
1024,8192,16,16,190.4388
1024,8192,16,32,190.4442
1024,8192,16,64,190.4548
1024,8192,16,128,190.4761
1024,8192,16,256,190.5187
1024,8192,16,512,190.6039
1024,8192,16,1024,190.7744
1024,8192,16,2048,191.1152
1024,8192,16,4096,191.7970
1024,8192,16,8192,193.1605
1024,8192,16,16384,195.8874
1024,8192,32,16,190.4442
1024,8192,32,32,190.4548
1024,8192,32,64,190.4761
1024,8192,32,128,190.5187
1024,8192,32,256,190.6039
1024,8192,32,512,190.7744
1024,8192,32,1024,191.1152
1024,8192,32,2048,191.7970
1024,8192,32,4096,193.1605
1024,8192,32,8192,195.8874
1024,8192,32,16384,201.3414
1024,8192,64,16,190.4548
1024,8192,64,32,190.4761
1024,8192,64,64,190.5187
1024,8192,64,128,190.6039
1024,8192,64,256,190.7744
1024,8192,64,512,191.1152
1024,8192,64,1024,191.7970
1024,8192,64,2048,193.1605
1024,8192,64,4096,195.8874
1024,8192,64,8192,201.3414
1024,8192,64,16384,280.2512
1024,8192,128,16,190.4761
1024,8192,128,32,190.5187
1024,8192,128,64,190.6039
1024,8192,128,128,190.7744
1024,8192,128,256,191.1152
1024,8192,128,512,191.7970
1024,8192,128,1024,193.1605
1024,8192,128,2048,195.8874
1024,8192,128,4096,201.3414
1024,8192,128,8192,280.5133
1024,8192,128,16384,548.9488
1024,16384,0,0,364.9592
1024,16384,1,16,364.9595
1024,16384,1,32,364.9598
1024,16384,1,64,364.9605
1024,16384,1,128,364.9618
1024,16384,1,256,364.9645
1024,16384,1,512,364.9698
1024,16384,1,1024,364.9805
1024,16384,1,2048,365.0018
1024,16384,1,4096,365.0444
1024,16384,1,8192,365.1296
1024,16384,1,16384,365.3000
1024,16384,2,16,364.9598
1024,16384,2,32,364.9605
1024,16384,2,64,364.9618
1024,16384,2,128,364.9645
1024,16384,2,256,364.9698
1024,16384,2,512,364.9805
1024,16384,2,1024,365.0018
1024,16384,2,2048,365.0444
1024,16384,2,4096,365.1296
1024,16384,2,8192,365.3000
1024,16384,2,16384,365.6409
1024,16384,4,16,364.9605
1024,16384,4,32,364.9618
1024,16384,4,64,364.9645
1024,16384,4,128,364.9698
1024,16384,4,256,364.9805
1024,16384,4,512,365.0018
1024,16384,4,1024,365.0444
1024,16384,4,2048,365.1296
1024,16384,4,4096,365.3000
1024,16384,4,8192,365.6409
1024,16384,4,16384,366.3226
1024,16384,8,16,364.9618
1024,16384,8,32,364.9645
1024,16384,8,64,364.9698
1024,16384,8,128,364.9805
1024,16384,8,256,365.0018
1024,16384,8,512,365.0444
1024,16384,8,1024,365.1296
1024,16384,8,2048,365.3000
1024,16384,8,4096,365.6409
1024,16384,8,8192,366.3226
1024,16384,8,16384,367.6861
1024,16384,16,16,364.9645
1024,16384,16,32,364.9698
1024,16384,16,64,364.9805
1024,16384,16,128,365.0018
1024,16384,16,256,365.0444
1024,16384,16,512,365.1296
1024,16384,16,1024,365.3000
1024,16384,16,2048,365.6409
1024,16384,16,4096,366.3226
1024,16384,16,8192,367.6861
1024,16384,16,16384,370.4131
1024,16384,32,16,364.9698
1024,16384,32,32,364.9805
1024,16384,32,64,365.0018
1024,16384,32,128,365.0444
1024,16384,32,256,365.1296
1024,16384,32,512,365.3000
1024,16384,32,1024,365.6409
1024,16384,32,2048,366.3226
1024,16384,32,4096,367.6861
1024,16384,32,8192,370.4131
1024,16384,32,16384,375.8670
1024,16384,64,16,364.9805
1024,16384,64,32,365.0018
1024,16384,64,64,365.0444
1024,16384,64,128,365.1296
1024,16384,64,256,365.3000
1024,16384,64,512,365.6409
1024,16384,64,1024,366.3226
1024,16384,64,2048,367.6861
1024,16384,64,4096,370.4131
1024,16384,64,8192,375.8670
1024,16384,64,16384,386.7749
1024,16384,128,16,365.0018
1024,16384,128,32,365.0444
1024,16384,128,64,365.1296
1024,16384,128,128,365.3000
1024,16384,128,256,365.6409
1024,16384,128,512,366.3226
1024,16384,128,1024,367.6861
1024,16384,128,2048,370.4131
1024,16384,128,4096,375.8670
1024,16384,128,8192,386.7749
1024,16384,128,16384,551.0460
1384,0,0,0,24.9256
1384,0,1,512,24.9363
1384,0,1,768,24.9416
1384,0,1,1152,24.9496
1384,0,1,1728,24.9616
1384,0,1,2592,24.9795
1384,0,1,3888,25.0065
1384,0,1,5832,25.0469
1384,0,1,8748,25.1076
1384,0,1,13122,25.1986
1384,0,1,16384,25.2665
1384,0,2,512,24.9469
1384,0,2,768,24.9576
1384,0,2,1152,24.9735
1384,0,2,1728,24.9975
1384,0,2,2592,25.0335
1384,0,2,3888,25.0874
1384,0,2,5832,25.1683
1384,0,2,8748,25.2896
1384,0,2,13122,25.4716
1384,0,2,16384,25.6073
1384,0,4,512,24.9682
1384,0,4,768,24.9895
1384,0,4,1152,25.0215
1384,0,4,1728,25.0694
1384,0,4,2592,25.1413
1384,0,4,3888,25.2492
1384,0,4,5832,25.4109
1384,0,4,8748,25.6536
1384,0,4,13122,26.0176
1384,0,4,16384,27.8168
1384,0,8,512,25.0108
1384,0,8,768,25.0534
1384,0,8,1152,25.1173
1384,0,8,1728,25.2132
1384,0,8,2592,25.3570
1384,0,8,3888,25.5727
1384,0,8,5832,25.8963
1384,0,8,8748,28.9718
1384,0,8,13122,37.9298
1384,0,8,16384,44.6104
1384,0,16,512,25.0960
1384,0,16,768,25.1813
1384,0,16,1152,25.3091
1384,0,16,1728,25.5008
1384,0,16,2592,25.7884
1384,0,16,3888,27.0140
1384,0,16,5832,34.9766
1384,0,16,8748,46.9205
1384,0,16,13122,64.8364
1384,0,16,16384,78.1976
1384,0,32,512,25.2665
1384,0,32,768,25.4369
1384,0,32,1152,25.6926
1384,0,32,1728,26.0760
1384,0,32,2592,32.3879
1384,0,32,3888,43.0047
1384,0,32,5832,58.9300
1384,0,32,8748,82.8179
1384,0,32,13122,118.6497
1384,0,32,16384,145.3720
1384,0,64,512,25.6073
1384,0,64,768,25.9482
1384,0,64,1152,30.1597
1384,0,64,1728,39.5969
1384,0,64,2592,53.7526
1384,0,64,3888,74.9863
1384,0,64,5832,106.8368
1384,0,64,8748,154.6125
1384,0,64,13122,226.2762
1384,0,64,16384,279.7208
1384,0,128,512,28.3247
1384,0,128,768,36.7133
1384,0,128,1152,49.2962
1384,0,128,1728,68.1706
1384,0,128,2592,96.4821
1384,0,128,3888,138.9494
1384,0,128,5832,202.6504
1384,0,128,8748,298.2019
1384,0,128,13122,441.5292
1384,0,128,16384,548.4184
1384,512,0,0,39.6683
1384,512,1,512,39.6789
1384,512,1,768,39.6842
1384,512,1,1152,39.6922
1384,512,1,1728,39.7042
1384,512,1,2592,39.7222
1384,512,1,3888,39.7491
1384,512,1,5832,39.7896
1384,512,1,8748,39.8503
1384,512,1,13122,39.9413
1384,512,1,16384,40.0091
1384,512,2,512,39.6896
1384,512,2,768,39.7002
1384,512,2,1152,39.7162
1384,512,2,1728,39.7402
1384,512,2,2592,39.7761
1384,512,2,3888,39.8300
1384,512,2,5832,39.9109
1384,512,2,8748,40.0323
1384,512,2,13122,40.2143
1384,512,2,16384,40.3500
1384,512,4,512,39.7109
1384,512,4,768,39.7322
1384,512,4,1152,39.7641
1384,512,4,1728,39.8121
1384,512,4,2592,39.8840
1384,512,4,3888,39.9918
1384,512,4,5832,40.1536
1384,512,4,8748,40.3963
1384,512,4,13122,40.7603
1384,512,4,16384,41.0317
1384,512,8,512,39.7535
1384,512,8,768,39.7961
1384,512,8,1152,39.8600
1384,512,8,1728,39.9559
1384,512,8,2592,40.0997
1384,512,8,3888,40.3154
1384,512,8,5832,40.6389
1384,512,8,8748,41.1243
1384,512,8,13122,41.8523
1384,512,8,16384,44.7414
1384,512,16,512,39.8387
1384,512,16,768,39.9239
1384,512,16,1152,40.0517
1384,512,16,1728,40.2435
1384,512,16,2592,40.5311
1384,512,16,3888,40.9625
1384,512,16,5832,41.6096
1384,512,16,8748,47.0516
1384,512,16,13122,64.9675
1384,512,16,16384,78.3286
1384,512,32,512,40.0091
1384,512,32,768,40.1796
1384,512,32,1152,40.4352
1384,512,32,1728,40.8187
1384,512,32,2592,41.3939
1384,512,32,3888,43.1358
1384,512,32,5832,59.0611
1384,512,32,8748,82.9489
1384,512,32,13122,118.7807
1384,512,32,16384,145.5030
1384,512,64,512,40.3500
1384,512,64,768,40.6909
1384,512,64,1152,41.2022
1384,512,64,1728,41.9691
1384,512,64,2592,53.8837
1384,512,64,3888,75.1174
1384,512,64,5832,106.9679
1384,512,64,8748,154.7436
1384,512,64,13122,226.4072
1384,512,64,16384,279.8518
1384,512,128,512,41.0317
1384,512,128,768,41.7135
1384,512,128,1152,49.4273
1384,512,128,1728,68.3016
1384,512,128,2592,96.6132
1384,512,128,3888,139.0805
1384,512,128,5832,202.7815
1384,512,128,8748,298.3330
1384,512,128,13122,441.6602
1384,512,128,16384,548.5494
1384,768,0,0,47.0396
1384,768,1,512,47.0502
1384,768,1,768,47.0556
1384,768,1,1152,47.0635
1384,768,1,1728,47.0755
1384,768,1,2592,47.0935
1384,768,1,3888,47.1205
1384,768,1,5832,47.1609
1384,768,1,8748,47.2216
1384,768,1,13122,47.3126
1384,768,1,16384,47.3804
1384,768,2,512,47.0609
1384,768,2,768,47.0715
1384,768,2,1152,47.0875
1384,768,2,1728,47.1115
1384,768,2,2592,47.1474
1384,768,2,3888,47.2014
1384,768,2,5832,47.2822
1384,768,2,8748,47.4036
1384,768,2,13122,47.5856
1384,768,2,16384,47.7213
1384,768,4,512,47.0822
1384,768,4,768,47.1035
1384,768,4,1152,47.1354
1384,768,4,1728,47.1834
1384,768,4,2592,47.2553
1384,768,4,3888,47.3631
1384,768,4,5832,47.5249
1384,768,4,8748,47.7676
1384,768,4,13122,48.1316
1384,768,4,16384,48.4031
1384,768,8,512,47.1248
1384,768,8,768,47.1674
1384,768,8,1152,47.2313
1384,768,8,1728,47.3272
1384,768,8,2592,47.4710
1384,768,8,3888,47.6867
1384,768,8,5832,48.0103
1384,768,8,8748,48.4956
1384,768,8,13122,49.2236
1384,768,8,16384,49.7665
1384,768,16,512,47.2100
1384,768,16,768,47.2952
1384,768,16,1152,47.4231
1384,768,16,1728,47.6148
1384,768,16,2592,47.9024
1384,768,16,3888,48.3338
1384,768,16,5832,48.9809
1384,768,16,8748,49.9516
1384,768,16,13122,65.0330
1384,768,16,16384,78.3942
1384,768,32,512,47.3804
1384,768,32,768,47.5509
1384,768,32,1152,47.8065
1384,768,32,1728,48.1900
1384,768,32,2592,48.7652
1384,768,32,3888,49.6281
1384,768,32,5832,59.1266
1384,768,32,8748,83.0145
1384,768,32,13122,118.8463
1384,768,32,16384,145.5686
1384,768,64,512,47.7213
1384,768,64,768,48.0622
1384,768,64,1152,48.5735
1384,768,64,1728,49.3405
1384,768,64,2592,53.9492
1384,768,64,3888,75.1829
1384,768,64,5832,107.0334
1384,768,64,8748,154.8092
1384,768,64,13122,226.4728
1384,768,64,16384,279.9174
1384,768,128,512,48.4031
1384,768,128,768,49.0848
1384,768,128,1152,50.1074
1384,768,128,1728,68.3672
1384,768,128,2592,96.6787
1384,768,128,3888,139.1460
1384,768,128,5832,202.8470
1384,768,128,8748,298.3985
1384,768,128,13122,441.7258
1384,768,128,16384,548.6150
1384,1152,0,0,58.0966
1384,1152,1,512,58.1072
1384,1152,1,768,58.1125
1384,1152,1,1152,58.1205
1384,1152,1,1728,58.1325
1384,1152,1,2592,58.1505
1384,1152,1,3888,58.1774
1384,1152,1,5832,58.2179
1384,1152,1,8748,58.2786
1384,1152,1,13122,58.3696
1384,1152,1,16384,58.4374
1384,1152,2,512,58.1179
1384,1152,2,768,58.1285
1384,1152,2,1152,58.1445
1384,1152,2,1728,58.1685
1384,1152,2,2592,58.2044
1384,1152,2,3888,58.2583
1384,1152,2,5832,58.3392
1384,1152,2,8748,58.4606
1384,1152,2,13122,58.6426
1384,1152,2,16384,58.7783
1384,1152,4,512,58.1392
1384,1152,4,768,58.1605
1384,1152,4,1152,58.1924
1384,1152,4,1728,58.2404
1384,1152,4,2592,58.3123
1384,1152,4,3888,58.4201
1384,1152,4,5832,58.5819
1384,1152,4,8748,58.8246
1384,1152,4,13122,59.1886
1384,1152,4,16384,59.4600
1384,1152,8,512,58.1818
1384,1152,8,768,58.2244
1384,1152,8,1152,58.2883
1384,1152,8,1728,58.3842
1384,1152,8,2592,58.5280
1384,1152,8,3888,58.7437
1384,1152,8,5832,59.0672
1384,1152,8,8748,59.5526
1384,1152,8,13122,60.2806
1384,1152,8,16384,60.8235
1384,1152,16,512,58.2670
1384,1152,16,768,58.3522
1384,1152,16,1152,58.4800
1384,1152,16,1728,58.6718
1384,1152,16,2592,58.9594
1384,1152,16,3888,59.3908
1384,1152,16,5832,60.0379
1384,1152,16,8748,61.0086
1384,1152,16,13122,65.1313
1384,1152,16,16384,78.4925
1384,1152,32,512,58.4374
1384,1152,32,768,58.6079
1384,1152,32,1152,58.8635
1384,1152,32,1728,59.2470
1384,1152,32,2592,59.8222
1384,1152,32,3888,60.6850
1384,1152,32,5832,61.9793
1384,1152,32,8748,83.1128
1384,1152,32,13122,118.9446
1384,1152,32,16384,145.6669
1384,1152,64,512,58.7783
1384,1152,64,768,59.1192
1384,1152,64,1152,59.6305
1384,1152,64,1728,60.3974
1384,1152,64,2592,61.5479
1384,1152,64,3888,75.2812
1384,1152,64,5832,107.1317
1384,1152,64,8748,154.9075
1384,1152,64,13122,226.5711
1384,1152,64,16384,280.0157
1384,1152,128,512,59.4600
1384,1152,128,768,60.1418
1384,1152,128,1152,61.1644
1384,1152,128,1728,68.4655
1384,1152,128,2592,96.7770
1384,1152,128,3888,139.2444
1384,1152,128,5832,202.9453
1384,1152,128,8748,298.4968
1384,1152,128,13122,441.8241
1384,1152,128,16384,548.7133
1384,1728,0,0,74.6820
1384,1728,1,512,74.6927
1384,1728,1,768,74.6980
1384,1728,1,1152,74.7060
1384,1728,1,1728,74.7180
1384,1728,1,2592,74.7360
1384,1728,1,3888,74.7629
1384,1728,1,5832,74.8034
1384,1728,1,8748,74.8640
1384,1728,1,13122,74.9550
1384,1728,1,16384,75.0229
1384,1728,2,512,74.7033
1384,1728,2,768,74.7140
1384,1728,2,1152,74.7300
1384,1728,2,1728,74.7539
1384,1728,2,2592,74.7899
1384,1728,2,3888,74.8438
1384,1728,2,5832,74.9247
1384,1728,2,8748,75.0460
1384,1728,2,13122,75.2280
1384,1728,2,16384,75.3638
1384,1728,4,512,74.7246
1384,1728,4,768,74.7459
1384,1728,4,1152,74.7779
1384,1728,4,1728,74.8258
1384,1728,4,2592,74.8977
1384,1728,4,3888,75.0056
1384,1728,4,5832,75.1674
1384,1728,4,8748,75.4100
1384,1728,4,13122,75.7741
1384,1728,4,16384,76.0455
1384,1728,8,512,74.7673
1384,1728,8,768,74.8099
1384,1728,8,1152,74.8738
1384,1728,8,1728,74.9696
1384,1728,8,2592,75.1135
1384,1728,8,3888,75.3292
1384,1728,8,5832,75.6527
1384,1728,8,8748,76.1381
1384,1728,8,13122,76.8661
1384,1728,8,16384,77.4090
1384,1728,16,512,74.8525
1384,1728,16,768,74.9377
1384,1728,16,1152,75.0655
1384,1728,16,1728,75.2573
1384,1728,16,2592,75.5449
1384,1728,16,3888,75.9763
1384,1728,16,5832,76.6234
1384,1728,16,8748,77.5941
1384,1728,16,13122,79.0501
1384,1728,16,16384,80.1360
1384,1728,32,512,75.0229
1384,1728,32,768,75.1933
1384,1728,32,1152,75.4490
1384,1728,32,1728,75.8325
1384,1728,32,2592,76.4077
1384,1728,32,3888,77.2705
1384,1728,32,5832,78.5648
1384,1728,32,8748,83.2602
1384,1728,32,13122,119.0920
1384,1728,32,16384,145.8143
1384,1728,64,512,75.3638
1384,1728,64,768,75.7046
1384,1728,64,1152,76.2160
1384,1728,64,1728,76.9829
1384,1728,64,2592,78.1333
1384,1728,64,3888,79.8590
1384,1728,64,5832,107.2792
1384,1728,64,8748,155.0549
1384,1728,64,13122,226.7185
1384,1728,64,16384,280.1631
1384,1728,128,512,76.0455
1384,1728,128,768,76.7273
1384,1728,128,1152,77.7499
1384,1728,128,1728,79.2838
1384,1728,128,2592,96.9245
1384,1728,128,3888,139.3918
1384,1728,128,5832,203.0928
1384,1728,128,8748,298.6443
1384,1728,128,13122,441.9715
1384,1728,128,16384,548.8607
1384,2592,0,0,99.5603
1384,2592,1,512,99.5709
1384,2592,1,768,99.5762
1384,2592,1,1152,99.5842
1384,2592,1,1728,99.5962
1384,2592,1,2592,99.6142
1384,2592,1,3888,99.6411
1384,2592,1,5832,99.6816
1384,2592,1,8748,99.7423
1384,2592,1,13122,99.8333
1384,2592,1,16384,99.9011
1384,2592,2,512,99.5816
1384,2592,2,768,99.5922
1384,2592,2,1152,99.6082
1384,2592,2,1728,99.6322
1384,2592,2,2592,99.6681
1384,2592,2,3888,99.7220
1384,2592,2,5832,99.8029
1384,2592,2,8748,99.9243
1384,2592,2,13122,100.1063
1384,2592,2,16384,100.2420
1384,2592,4,512,99.6029
1384,2592,4,768,99.6242
1384,2592,4,1152,99.6561
1384,2592,4,1728,99.7041
1384,2592,4,2592,99.7760
1384,2592,4,3888,99.8838
1384,2592,4,5832,100.0456
1384,2592,4,8748,100.2883
1384,2592,4,13122,100.6523
1384,2592,4,16384,100.9237
1384,2592,8,512,99.6455
1384,2592,8,768,99.6881
1384,2592,8,1152,99.7520
1384,2592,8,1728,99.8479
1384,2592,8,2592,99.9917
1384,2592,8,3888,100.2074
1384,2592,8,5832,100.5309
1384,2592,8,8748,101.0163
1384,2592,8,13122,101.7443
1384,2592,8,16384,102.2872
1384,2592,16,512,99.7307
1384,2592,16,768,99.8159
1384,2592,16,1152,99.9437
1384,2592,16,1728,100.1355
1384,2592,16,2592,100.4231
1384,2592,16,3888,100.8545
1384,2592,16,5832,101.5016
1384,2592,16,8748,102.4723
1384,2592,16,13122,103.9283
1384,2592,16,16384,105.0142
1384,2592,32,512,99.9011
1384,2592,32,768,100.0716
1384,2592,32,1152,100.3272
1384,2592,32,1728,100.7107
1384,2592,32,2592,101.2859
1384,2592,32,3888,102.1487
1384,2592,32,5832,103.4430
1384,2592,32,8748,105.3843
1384,2592,32,13122,119.3132
1384,2592,32,16384,146.0355
1384,2592,64,512,100.2420
1384,2592,64,768,100.5829
1384,2592,64,1152,101.0942
1384,2592,64,1728,101.8611
1384,2592,64,2592,103.0116
1384,2592,64,3888,104.7372
1384,2592,64,5832,107.5004
1384,2592,64,8748,155.2761
1384,2592,64,13122,226.9397
1384,2592,64,16384,280.3843
1384,2592,128,512,100.9237
1384,2592,128,768,101.6055
1384,2592,128,1152,102.6281
1384,2592,128,1728,104.1620
1384,2592,128,2592,106.4629
1384,2592,128,3888,139.6130
1384,2592,128,5832,203.3140
1384,2592,128,8748,298.8655
1384,2592,128,13122,442.1927
1384,2592,128,16384,549.0819
1384,3888,0,0,136.8776
1384,3888,1,512,136.8882
1384,3888,1,768,136.8936
1384,3888,1,1152,136.9015
1384,3888,1,1728,136.9135
1384,3888,1,2592,136.9315
1384,3888,1,3888,136.9585
1384,3888,1,5832,136.9989
1384,3888,1,8748,137.0596
1384,3888,1,13122,137.1506
1384,3888,1,16384,137.2184
1384,3888,2,512,136.8989
1384,3888,2,768,136.9095
1384,3888,2,1152,136.9255
1384,3888,2,1728,136.9495
1384,3888,2,2592,136.9854
1384,3888,2,3888,137.0394
1384,3888,2,5832,137.1202
1384,3888,2,8748,137.2416
1384,3888,2,13122,137.4236
1384,3888,2,16384,137.5593
1384,3888,4,512,136.9202
1384,3888,4,768,136.9415
1384,3888,4,1152,136.9734
1384,3888,4,1728,137.0214
1384,3888,4,2592,137.0933
1384,3888,4,3888,137.2011
1384,3888,4,5832,137.3629
1384,3888,4,8748,137.6056
1384,3888,4,13122,137.9696
1384,3888,4,16384,138.2411
1384,3888,8,512,136.9628
1384,3888,8,768,137.0054
1384,3888,8,1152,137.0693
1384,3888,8,1728,137.1652
1384,3888,8,2592,137.3090
1384,3888,8,3888,137.5247
1384,3888,8,5832,137.8483
1384,3888,8,8748,138.3336
1384,3888,8,13122,139.0616
1384,3888,8,16384,139.6045
1384,3888,16,512,137.0480
1384,3888,16,768,137.1332
1384,3888,16,1152,137.2611
1384,3888,16,1728,137.4528
1384,3888,16,2592,137.7404
1384,3888,16,3888,138.1718
1384,3888,16,5832,138.8189
1384,3888,16,8748,139.7896
1384,3888,16,13122,141.2456
1384,3888,16,16384,142.3315
1384,3888,32,512,137.2184
1384,3888,32,768,137.3889
1384,3888,32,1152,137.6445
1384,3888,32,1728,138.0280
1384,3888,32,2592,138.6032
1384,3888,32,3888,139.4661
1384,3888,32,5832,140.7603
1384,3888,32,8748,142.7017
1384,3888,32,13122,145.6137
1384,3888,32,16384,147.7854
1384,3888,64,512,137.5593
1384,3888,64,768,137.9002
1384,3888,64,1152,138.4115
1384,3888,64,1728,139.1784
1384,3888,64,2592,140.3289
1384,3888,64,3888,142.0545
1384,3888,64,5832,144.6430
1384,3888,64,8748,155.6079
1384,3888,64,13122,227.2715
1384,3888,64,16384,280.7161
1384,3888,128,512,138.2411
1384,3888,128,768,138.9228
1384,3888,128,1152,139.9454
1384,3888,128,1728,141.4793
1384,3888,128,2592,143.7802
1384,3888,128,3888,147.2315
1384,3888,128,5832,203.6458
1384,3888,128,8748,299.1972
1384,3888,128,13122,442.5245
1384,3888,128,16384,549.4137
1384,5832,0,0,192.8536
1384,5832,1,512,192.8642
1384,5832,1,768,192.8695
1384,5832,1,1152,192.8775
1384,5832,1,1728,192.8895
1384,5832,1,2592,192.9075
1384,5832,1,3888,192.9344
1384,5832,1,5832,192.9749
1384,5832,1,8748,193.0356
1384,5832,1,13122,193.1266
1384,5832,1,16384,193.1944
1384,5832,2,512,192.8749
1384,5832,2,768,192.8855
1384,5832,2,1152,192.9015
1384,5832,2,1728,192.9255
1384,5832,2,2592,192.9614
1384,5832,2,3888,193.0153
1384,5832,2,5832,193.0962
1384,5832,2,8748,193.2176
1384,5832,2,13122,193.3996
1384,5832,2,16384,193.5353
1384,5832,4,512,192.8962
1384,5832,4,768,192.9175
1384,5832,4,1152,192.9494
1384,5832,4,1728,192.9974
1384,5832,4,2592,193.0693
1384,5832,4,3888,193.1771
1384,5832,4,5832,193.3389
1384,5832,4,8748,193.5816
1384,5832,4,13122,193.9456
1384,5832,4,16384,194.2170
1384,5832,8,512,192.9388
1384,5832,8,768,192.9814
1384,5832,8,1152,193.0453
1384,5832,8,1728,193.1412
1384,5832,8,2592,193.2850
1384,5832,8,3888,193.5007
1384,5832,8,5832,193.8242
1384,5832,8,8748,194.3096
1384,5832,8,13122,195.0376
1384,5832,8,16384,195.5805
1384,5832,16,512,193.0240
1384,5832,16,768,193.1092
1384,5832,16,1152,193.2370
1384,5832,16,1728,193.4288
1384,5832,16,2592,193.7164
1384,5832,16,3888,194.1478
1384,5832,16,5832,194.7949
1384,5832,16,8748,195.7656
1384,5832,16,13122,197.2216
1384,5832,16,16384,198.3075
1384,5832,32,512,193.1944
1384,5832,32,768,193.3649
1384,5832,32,1152,193.6205
1384,5832,32,1728,194.0040
1384,5832,32,2592,194.5792
1384,5832,32,3888,195.4420
1384,5832,32,5832,196.7363
1384,5832,32,8748,198.6776
1384,5832,32,13122,201.5897
1384,5832,32,16384,203.7614
1384,5832,64,512,193.5353
1384,5832,64,768,193.8762
1384,5832,64,1152,194.3875
1384,5832,64,1728,195.1544
1384,5832,64,2592,196.3049
1384,5832,64,3888,198.0305
1384,5832,64,5832,200.6190
1384,5832,64,8748,204.5017
1384,5832,64,13122,227.7692
1384,5832,64,16384,281.2138
1384,5832,128,512,194.2170
1384,5832,128,768,194.8988
1384,5832,128,1152,195.9214
1384,5832,128,1728,197.4553
1384,5832,128,2592,199.7562
1384,5832,128,3888,203.2075
1384,5832,128,5832,208.3845
1384,5832,128,8748,299.6949
1384,5832,128,13122,443.0221
1384,5832,128,16384,549.9114
1384,8748,0,0,276.8175
1384,8748,1,512,276.8282
1384,8748,1,768,276.8335
1384,8748,1,1152,276.8415
1384,8748,1,1728,276.8535
1384,8748,1,2592,276.8715
1384,8748,1,3888,276.8984
1384,8748,1,5832,276.9389
1384,8748,1,8748,276.9995
1384,8748,1,13122,277.0905
1384,8748,1,16384,277.1584
1384,8748,2,512,276.8388
1384,8748,2,768,276.8495
1384,8748,2,1152,276.8655
1384,8748,2,1728,276.8894
1384,8748,2,2592,276.9254
1384,8748,2,3888,276.9793
1384,8748,2,5832,277.0602
1384,8748,2,8748,277.1815
1384,8748,2,13122,277.3635
1384,8748,2,16384,277.4993
1384,8748,4,512,276.8601
1384,8748,4,768,276.8814
1384,8748,4,1152,276.9134
1384,8748,4,1728,276.9613
1384,8748,4,2592,277.0332
1384,8748,4,3888,277.1411
1384,8748,4,5832,277.3029
1384,8748,4,8748,277.5455
1384,8748,4,13122,277.9095
1384,8748,4,16384,278.1810
1384,8748,8,512,276.9027
1384,8748,8,768,276.9454
1384,8748,8,1152,277.0093
1384,8748,8,1728,277.1051
1384,8748,8,2592,277.2489
1384,8748,8,3888,277.4647
1384,8748,8,5832,277.7882
1384,8748,8,8748,278.2736
1384,8748,8,13122,279.0016
1384,8748,8,16384,279.5445
1384,8748,16,512,276.9880
1384,8748,16,768,277.0732
1384,8748,16,1152,277.2010
1384,8748,16,1728,277.3927
1384,8748,16,2592,277.6804
1384,8748,16,3888,278.1118
1384,8748,16,5832,278.7589
1384,8748,16,8748,279.7296
1384,8748,16,13122,281.1856
1384,8748,16,16384,282.2715
1384,8748,32,512,277.1584
1384,8748,32,768,277.3288
1384,8748,32,1152,277.5845
1384,8748,32,1728,277.9680
1384,8748,32,2592,278.5432
1384,8748,32,3888,279.4060
1384,8748,32,5832,280.7003
1384,8748,32,8748,282.6416
1384,8748,32,13122,285.5537
1384,8748,32,16384,287.7254
1384,8748,64,512,277.4993
1384,8748,64,768,277.8401
1384,8748,64,1152,278.3514
1384,8748,64,1728,279.1184
1384,8748,64,2592,280.2688
1384,8748,64,3888,281.9945
1384,8748,64,5832,284.5830
1384,8748,64,8748,288.4657
1384,8748,64,13122,294.2898
1384,8748,64,16384,298.6332
1384,8748,128,512,278.1810
1384,8748,128,768,278.8628
1384,8748,128,1152,279.8854
1384,8748,128,1728,281.4193
1384,8748,128,2592,283.7202
1384,8748,128,3888,287.1715
1384,8748,128,5832,292.3484
1384,8748,128,8748,300.4414
1384,8748,128,13122,443.7686
1384,8748,128,16384,550.6579
1384,13122,0,0,402.7635
1384,13122,1,512,402.7741
1384,13122,1,768,402.7795
1384,13122,1,1152,402.7875
1384,13122,1,1728,402.7994
1384,13122,1,2592,402.8174
1384,13122,1,3888,402.8444
1384,13122,1,5832,402.8848
1384,13122,1,8748,402.9455
1384,13122,1,13122,403.0365
1384,13122,1,16384,403.1044
1384,13122,2,512,402.7848
1384,13122,2,768,402.7954
1384,13122,2,1152,402.8114
1384,13122,2,1728,402.8354
1384,13122,2,2592,402.8713
1384,13122,2,3888,402.9253
1384,13122,2,5832,403.0062
1384,13122,2,8748,403.1275
1384,13122,2,13122,403.3095
1384,13122,2,16384,403.4452
1384,13122,4,512,402.8061
1384,13122,4,768,402.8274
1384,13122,4,1152,402.8594
1384,13122,4,1728,402.9073
1384,13122,4,2592,402.9792
1384,13122,4,3888,403.0871
1384,13122,4,5832,403.2488
1384,13122,4,8748,403.4915
1384,13122,4,13122,403.8555
1384,13122,4,16384,404.1270
1384,13122,8,512,402.8487
1384,13122,8,768,402.8913
1384,13122,8,1152,402.9552
1384,13122,8,1728,403.0511
1384,13122,8,2592,403.1949
1384,13122,8,3888,403.4106
1384,13122,8,5832,403.7342
1384,13122,8,8748,404.2195
1384,13122,8,13122,404.9475
1384,13122,8,16384,405.4905
1384,13122,16,512,402.9339
1384,13122,16,768,403.0191
1384,13122,16,1152,403.1470
1384,13122,16,1728,403.3387
1384,13122,16,2592,403.6263
1384,13122,16,3888,404.0577
1384,13122,16,5832,404.7049
1384,13122,16,8748,405.6755
1384,13122,16,13122,407.1316
1384,13122,16,16384,408.2174
1384,13122,32,512,403.1044
1384,13122,32,768,403.2748
1384,13122,32,1152,403.5304
1384,13122,32,1728,403.9139
1384,13122,32,2592,404.4891
1384,13122,32,3888,405.3520
1384,13122,32,5832,406.6462
1384,13122,32,8748,408.5876
1384,13122,32,13122,411.4996
1384,13122,32,16384,413.6713
1384,13122,64,512,403.4452
1384,13122,64,768,403.7861
1384,13122,64,1152,404.2974
1384,13122,64,1728,405.0644
1384,13122,64,2592,406.2148
1384,13122,64,3888,407.9405
1384,13122,64,5832,410.5289
1384,13122,64,8748,414.4117
1384,13122,64,13122,420.2358
1384,13122,64,16384,424.5792
1384,13122,128,512,404.1270
1384,13122,128,768,404.8087
1384,13122,128,1152,405.8313
1384,13122,128,1728,407.3652
1384,13122,128,2592,409.6661
1384,13122,128,3888,413.1174
1384,13122,128,5832,418.2944
1384,13122,128,8748,426.0599
1384,13122,128,13122,444.8884
1384,13122,128,16384,551.7776
1384,16384,0,0,496.6903
1384,16384,1,512,496.7009
1384,16384,1,768,496.7062
1384,16384,1,1152,496.7142
1384,16384,1,1728,496.7262
1384,16384,1,2592,496.7442
1384,16384,1,3888,496.7712
1384,16384,1,5832,496.8116
1384,16384,1,8748,496.8723
1384,16384,1,13122,496.9633
1384,16384,1,16384,497.0311
1384,16384,2,512,496.7116
1384,16384,2,768,496.7222
1384,16384,2,1152,496.7382
1384,16384,2,1728,496.7622
1384,16384,2,2592,496.7981
1384,16384,2,3888,496.8520
1384,16384,2,5832,496.9329
1384,16384,2,8748,497.0543
1384,16384,2,13122,497.2363
1384,16384,2,16384,497.3720
1384,16384,4,512,496.7329
1384,16384,4,768,496.7542
1384,16384,4,1152,496.7861
1384,16384,4,1728,496.8341
1384,16384,4,2592,496.9060
1384,16384,4,3888,497.0138
1384,16384,4,5832,497.1756
1384,16384,4,8748,497.4183
1384,16384,4,13122,497.7823
1384,16384,4,16384,498.0538
1384,16384,8,512,496.7755
1384,16384,8,768,496.8181
1384,16384,8,1152,496.8820
1384,16384,8,1728,496.9779
1384,16384,8,2592,497.1217
1384,16384,8,3888,497.3374
1384,16384,8,5832,497.6610
1384,16384,8,8748,498.1463
1384,16384,8,13122,498.8743
1384,16384,8,16384,499.4172
1384,16384,16,512,496.8607
1384,16384,16,768,496.9459
1384,16384,16,1152,497.0737
1384,16384,16,1728,497.2655
1384,16384,16,2592,497.5531
1384,16384,16,3888,497.9845
1384,16384,16,5832,498.6316
1384,16384,16,8748,499.6023
1384,16384,16,13122,501.0583
1384,16384,16,16384,502.1442
1384,16384,32,512,497.0311
1384,16384,32,768,497.2016
1384,16384,32,1152,497.4572
1384,16384,32,1728,497.8407
1384,16384,32,2592,498.4159
1384,16384,32,3888,499.2788
1384,16384,32,5832,500.5730
1384,16384,32,8748,502.5144
1384,16384,32,13122,505.4264
1384,16384,32,16384,507.5981
1384,16384,64,512,497.3720
1384,16384,64,768,497.7129
1384,16384,64,1152,498.2242
1384,16384,64,1728,498.9911
1384,16384,64,2592,500.1416
1384,16384,64,3888,501.8672
1384,16384,64,5832,504.4557
1384,16384,64,8748,508.3385
1384,16384,64,13122,514.1625
1384,16384,64,16384,518.5060
1384,16384,128,512,498.0538
1384,16384,128,768,498.7355
1384,16384,128,1152,499.7581
1384,16384,128,1728,501.2920
1384,16384,128,2592,503.5929
1384,16384,128,3888,507.0442
1384,16384,128,5832,512.2212
1384,16384,128,8748,519.9866
1384,16384,128,13122,531.6348
1384,16384,128,16384,552.6127
2048,0,0,0,48.6314
2048,0,1,16,48.6317
2048,0,1,32,48.6321
2048,0,1,64,48.6327
2048,0,1,128,48.6341
2048,0,1,256,48.6367
2048,0,1,512,48.6421
2048,0,1,1024,48.6527
2048,0,1,2048,48.6740
2048,0,1,4096,48.7166
2048,0,1,8192,48.8018
2048,0,1,16384,48.9723
2048,0,2,16,48.6321
2048,0,2,32,48.6327
2048,0,2,64,48.6341
2048,0,2,128,48.6367
2048,0,2,256,48.6421
2048,0,2,512,48.6527
2048,0,2,1024,48.6740
2048,0,2,2048,48.7166
2048,0,2,4096,48.8018
2048,0,2,8192,48.9723
2048,0,2,16384,49.3132
2048,0,4,16,48.6327
2048,0,4,32,48.6341
2048,0,4,64,48.6367
2048,0,4,128,48.6421
2048,0,4,256,48.6527
2048,0,4,512,48.6740
2048,0,4,1024,48.7166
2048,0,4,2048,48.8018
2048,0,4,4096,48.9723
2048,0,4,8192,49.3132
2048,0,4,16384,49.9949
2048,0,8,16,48.6341
2048,0,8,32,48.6367
2048,0,8,64,48.6421
2048,0,8,128,48.6527
2048,0,8,256,48.6740
2048,0,8,512,48.7166
2048,0,8,1024,48.8018
2048,0,8,2048,48.9723
2048,0,8,4096,49.3132
2048,0,8,8192,49.9949
2048,0,8,16384,51.3584
2048,0,16,16,48.6367
2048,0,16,32,48.6421
2048,0,16,64,48.6527
2048,0,16,128,48.6740
2048,0,16,256,48.7166
2048,0,16,512,48.8018
2048,0,16,1024,48.9723
2048,0,16,2048,49.3132
2048,0,16,4096,49.9949
2048,0,16,8192,51.3584
2048,0,16,16384,81.0873
2048,0,32,16,48.6421
2048,0,32,32,48.6527
2048,0,32,64,48.6740
2048,0,32,128,48.7166
2048,0,32,256,48.8018
2048,0,32,512,48.9723
2048,0,32,1024,49.3132
2048,0,32,2048,49.9949
2048,0,32,4096,51.3584
2048,0,32,8192,81.1528
2048,0,32,16384,148.2617
2048,0,64,16,48.6527
2048,0,64,32,48.6740
2048,0,64,64,48.7166
2048,0,64,128,48.8018
2048,0,64,256,48.9723
2048,0,64,512,49.3132
2048,0,64,1024,49.9949
2048,0,64,2048,51.3584
2048,0,64,4096,81.2839
2048,0,64,8192,148.3928
2048,0,64,16384,282.6105
2048,0,128,16,48.6740
2048,0,128,32,48.7166
2048,0,128,64,48.8018
2048,0,128,128,48.9723
2048,0,128,256,49.3132
2048,0,128,512,49.9949
2048,0,128,1024,51.3584
2048,0,128,2048,81.5460
2048,0,128,4096,148.6549
2048,0,128,8192,282.8726
2048,0,128,16384,551.3081
2048,16,0,0,49.3132
2048,16,1,16,49.3135
2048,16,1,32,49.3138
2048,16,1,64,49.3145
2048,16,1,128,49.3158
2048,16,1,256,49.3185
2048,16,1,512,49.3238
2048,16,1,1024,49.3345
2048,16,1,2048,49.3558
2048,16,1,4096,49.3984
2048,16,1,8192,49.4836
2048,16,1,16384,49.6540
2048,16,2,16,49.3138
2048,16,2,32,49.3145
2048,16,2,64,49.3158
2048,16,2,128,49.3185
2048,16,2,256,49.3238
2048,16,2,512,49.3345
2048,16,2,1024,49.3558
2048,16,2,2048,49.3984
2048,16,2,4096,49.4836
2048,16,2,8192,49.6540
2048,16,2,16384,49.9949
2048,16,4,16,49.3145
2048,16,4,32,49.3158
2048,16,4,64,49.3185
2048,16,4,128,49.3238
2048,16,4,256,49.3345
2048,16,4,512,49.3558
2048,16,4,1024,49.3984
2048,16,4,2048,49.4836
2048,16,4,4096,49.6540
2048,16,4,8192,49.9949
2048,16,4,16384,50.6766
2048,16,8,16,49.3158
2048,16,8,32,49.3185
2048,16,8,64,49.3238
2048,16,8,128,49.3345
2048,16,8,256,49.3558
2048,16,8,512,49.3984
2048,16,8,1024,49.4836
2048,16,8,2048,49.6540
2048,16,8,4096,49.9949
2048,16,8,8192,50.6766
2048,16,8,16384,52.0401
2048,16,16,16,49.3185
2048,16,16,32,49.3238
2048,16,16,64,49.3345
2048,16,16,128,49.3558
2048,16,16,256,49.3984
2048,16,16,512,49.4836
2048,16,16,1024,49.6540
2048,16,16,2048,49.9949
2048,16,16,4096,50.6766
2048,16,16,8192,52.0401
2048,16,16,16384,81.0914
2048,16,32,16,49.3238
2048,16,32,32,49.3345
2048,16,32,64,49.3558
2048,16,32,128,49.3984
2048,16,32,256,49.4836
2048,16,32,512,49.6540
2048,16,32,1024,49.9949
2048,16,32,2048,50.6766
2048,16,32,4096,52.0401
2048,16,32,8192,81.1569
2048,16,32,16384,148.2658
2048,16,64,16,49.3345
2048,16,64,32,49.3558
2048,16,64,64,49.3984
2048,16,64,128,49.4836
2048,16,64,256,49.6540
2048,16,64,512,49.9949
2048,16,64,1024,50.6766
2048,16,64,2048,52.0401
2048,16,64,4096,81.2880
2048,16,64,8192,148.3969
2048,16,64,16384,282.6146
2048,16,128,16,49.3558
2048,16,128,32,49.3984
2048,16,128,64,49.4836
2048,16,128,128,49.6540
2048,16,128,256,49.9949
2048,16,128,512,50.6766
2048,16,128,1024,52.0401
2048,16,128,2048,81.5501
2048,16,128,4096,148.6590
2048,16,128,8192,282.8767
2048,16,128,16384,551.3122
2048,32,0,0,49.9949
2048,32,1,16,49.9952
2048,32,1,32,49.9956
2048,32,1,64,49.9962
2048,32,1,128,49.9976
2048,32,1,256,50.0002
2048,32,1,512,50.0055
2048,32,1,1024,50.0162
2048,32,1,2048,50.0375
2048,32,1,4096,50.0801
2048,32,1,8192,50.1653
2048,32,1,16384,50.3358
2048,32,2,16,49.9956
2048,32,2,32,49.9962
2048,32,2,64,49.9976
2048,32,2,128,50.0002
2048,32,2,256,50.0055
2048,32,2,512,50.0162
2048,32,2,1024,50.0375
2048,32,2,2048,50.0801
2048,32,2,4096,50.1653
2048,32,2,8192,50.3358
2048,32,2,16384,50.6766
2048,32,4,16,49.9962
2048,32,4,32,49.9976
2048,32,4,64,50.0002
2048,32,4,128,50.0055
2048,32,4,256,50.0162
2048,32,4,512,50.0375
2048,32,4,1024,50.0801
2048,32,4,2048,50.1653
2048,32,4,4096,50.3358
2048,32,4,8192,50.6766
2048,32,4,16384,51.3584
2048,32,8,16,49.9976
2048,32,8,32,50.0002
2048,32,8,64,50.0055
2048,32,8,128,50.0162
2048,32,8,256,50.0375
2048,32,8,512,50.0801
2048,32,8,1024,50.1653
2048,32,8,2048,50.3358
2048,32,8,4096,50.6766
2048,32,8,8192,51.3584
2048,32,8,16384,52.7219
2048,32,16,16,50.0002
2048,32,16,32,50.0055
2048,32,16,64,50.0162
2048,32,16,128,50.0375
2048,32,16,256,50.0801
2048,32,16,512,50.1653
2048,32,16,1024,50.3358
2048,32,16,2048,50.6766
2048,32,16,4096,51.3584
2048,32,16,8192,52.7219
2048,32,16,16384,81.0955
2048,32,32,16,50.0055
2048,32,32,32,50.0162
2048,32,32,64,50.0375
2048,32,32,128,50.0801
2048,32,32,256,50.1653
2048,32,32,512,50.3358
2048,32,32,1024,50.6766
2048,32,32,2048,51.3584
2048,32,32,4096,52.7219
2048,32,32,8192,81.1610
2048,32,32,16384,148.2699
2048,32,64,16,50.0162
2048,32,64,32,50.0375
2048,32,64,64,50.0801
2048,32,64,128,50.1653
2048,32,64,256,50.3358
2048,32,64,512,50.6766
2048,32,64,1024,51.3584
2048,32,64,2048,52.7219
2048,32,64,4096,81.2921
2048,32,64,8192,148.4010
2048,32,64,16384,282.6187
2048,32,128,16,50.0375
2048,32,128,32,50.0801
2048,32,128,64,50.1653
2048,32,128,128,50.3358
2048,32,128,256,50.6766
2048,32,128,512,51.3584
2048,32,128,1024,52.7219
2048,32,128,2048,81.5542
2048,32,128,4096,148.6631
2048,32,128,8192,282.8808
2048,32,128,16384,551.3163
2048,64,0,0,51.3584
2048,64,1,16,51.3587
2048,64,1,32,51.3590
2048,64,1,64,51.3597
2048,64,1,128,51.3610
2048,64,1,256,51.3637
2048,64,1,512,51.3690
2048,64,1,1024,51.3797
2048,64,1,2048,51.4010
2048,64,1,4096,51.4436
2048,64,1,8192,51.5288
2048,64,1,16384,51.6992
2048,64,2,16,51.3590
2048,64,2,32,51.3597
2048,64,2,64,51.3610
2048,64,2,128,51.3637
2048,64,2,256,51.3690
2048,64,2,512,51.3797
2048,64,2,1024,51.4010
2048,64,2,2048,51.4436
2048,64,2,4096,51.5288
2048,64,2,8192,51.6992
2048,64,2,16384,52.0401
2048,64,4,16,51.3597
2048,64,4,32,51.3610
2048,64,4,64,51.3637
2048,64,4,128,51.3690
2048,64,4,256,51.3797
2048,64,4,512,51.4010
2048,64,4,1024,51.4436
2048,64,4,2048,51.5288
2048,64,4,4096,51.6992
2048,64,4,8192,52.0401
2048,64,4,16384,52.7219
2048,64,8,16,51.3610
2048,64,8,32,51.3637
2048,64,8,64,51.3690
2048,64,8,128,51.3797
2048,64,8,256,51.4010
2048,64,8,512,51.4436
2048,64,8,1024,51.5288
2048,64,8,2048,51.6992
2048,64,8,4096,52.0401
2048,64,8,8192,52.7219
2048,64,8,16384,54.0853
2048,64,16,16,51.3637
2048,64,16,32,51.3690
2048,64,16,64,51.3797
2048,64,16,128,51.4010
2048,64,16,256,51.4436
2048,64,16,512,51.5288
2048,64,16,1024,51.6992
2048,64,16,2048,52.0401
2048,64,16,4096,52.7219
2048,64,16,8192,54.0853
2048,64,16,16384,81.1037
2048,64,32,16,51.3690
2048,64,32,32,51.3797
2048,64,32,64,51.4010
2048,64,32,128,51.4436
2048,64,32,256,51.5288
2048,64,32,512,51.6992
2048,64,32,1024,52.0401
2048,64,32,2048,52.7219
2048,64,32,4096,54.0853
2048,64,32,8192,81.1692
2048,64,32,16384,148.2781
2048,64,64,16,51.3797
2048,64,64,32,51.4010
2048,64,64,64,51.4436
2048,64,64,128,51.5288
2048,64,64,256,51.6992
2048,64,64,512,52.0401
2048,64,64,1024,52.7219
2048,64,64,2048,54.0853
2048,64,64,4096,81.3003
2048,64,64,8192,148.4092
2048,64,64,16384,282.6269
2048,64,128,16,51.4010
2048,64,128,32,51.4436
2048,64,128,64,51.5288
2048,64,128,128,51.6992
2048,64,128,256,52.0401
2048,64,128,512,52.7219
2048,64,128,1024,54.0853
2048,64,128,2048,81.5624
2048,64,128,4096,148.6713
2048,64,128,8192,282.8890
2048,64,128,16384,551.3245
2048,128,0,0,54.0853
2048,128,1,16,54.0857
2048,128,1,32,54.0860
2048,128,1,64,54.0867
2048,128,1,128,54.0880
2048,128,1,256,54.0907
2048,128,1,512,54.0960
2048,128,1,1024,54.1066
2048,128,1,2048,54.1279
2048,128,1,4096,54.1706
2048,128,1,8192,54.2558
2048,128,1,16384,54.4262
2048,128,2,16,54.0860
2048,128,2,32,54.0867
2048,128,2,64,54.0880
2048,128,2,128,54.0907
2048,128,2,256,54.0960
2048,128,2,512,54.1066
2048,128,2,1024,54.1279
2048,128,2,2048,54.1706
2048,128,2,4096,54.2558
2048,128,2,8192,54.4262
2048,128,2,16384,54.7671
2048,128,4,16,54.0867
2048,128,4,32,54.0880
2048,128,4,64,54.0907
2048,128,4,128,54.0960
2048,128,4,256,54.1066
2048,128,4,512,54.1279
2048,128,4,1024,54.1706
2048,128,4,2048,54.2558
2048,128,4,4096,54.4262
2048,128,4,8192,54.7671
2048,128,4,16384,55.4488
2048,128,8,16,54.0880
2048,128,8,32,54.0907
2048,128,8,64,54.0960
2048,128,8,128,54.1066
2048,128,8,256,54.1279
2048,128,8,512,54.1706
2048,128,8,1024,54.2558
2048,128,8,2048,54.4262
2048,128,8,4096,54.7671
2048,128,8,8192,55.4488
2048,128,8,16384,56.8123
2048,128,16,16,54.0907
2048,128,16,32,54.0960
2048,128,16,64,54.1066
2048,128,16,128,54.1279
2048,128,16,256,54.1706
2048,128,16,512,54.2558
2048,128,16,1024,54.4262
2048,128,16,2048,54.7671
2048,128,16,4096,55.4488
2048,128,16,8192,56.8123
2048,128,16,16384,81.1201
2048,128,32,16,54.0960
2048,128,32,32,54.1066
2048,128,32,64,54.1279
2048,128,32,128,54.1706
2048,128,32,256,54.2558
2048,128,32,512,54.4262
2048,128,32,1024,54.7671
2048,128,32,2048,55.4488
2048,128,32,4096,56.8123
2048,128,32,8192,81.1856
2048,128,32,16384,148.2945
2048,128,64,16,54.1066
2048,128,64,32,54.1279
2048,128,64,64,54.1706
2048,128,64,128,54.2558
2048,128,64,256,54.4262
2048,128,64,512,54.7671
2048,128,64,1024,55.4488
2048,128,64,2048,56.8123
2048,128,64,4096,81.3167
2048,128,64,8192,148.4255
2048,128,64,16384,282.6433
2048,128,128,16,54.1279
2048,128,128,32,54.1706
2048,128,128,64,54.2558
2048,128,128,128,54.4262
2048,128,128,256,54.7671
2048,128,128,512,55.4488
2048,128,128,1024,56.8123
2048,128,128,2048,81.5788
2048,128,128,4096,148.6877
2048,128,128,8192,282.9054
2048,128,128,16384,551.3409
2048,256,0,0,59.5393
2048,256,1,16,59.5396
2048,256,1,32,59.5399
2048,256,1,64,59.5406
2048,256,1,128,59.5419
2048,256,1,256,59.5446
2048,256,1,512,59.5499
2048,256,1,1024,59.5606
2048,256,1,2048,59.5819
2048,256,1,4096,59.6245
2048,256,1,8192,59.7097
2048,256,1,16384,59.8801
2048,256,2,16,59.5399
2048,256,2,32,59.5406
2048,256,2,64,59.5419
2048,256,2,128,59.5446
2048,256,2,256,59.5499
2048,256,2,512,59.5606
2048,256,2,1024,59.5819
2048,256,2,2048,59.6245
2048,256,2,4096,59.7097
2048,256,2,8192,59.8801
2048,256,2,16384,60.2210
2048,256,4,16,59.5406
2048,256,4,32,59.5419
2048,256,4,64,59.5446
2048,256,4,128,59.5499
2048,256,4,256,59.5606
2048,256,4,512,59.5819
2048,256,4,1024,59.6245
2048,256,4,2048,59.7097
2048,256,4,4096,59.8801
2048,256,4,8192,60.2210
2048,256,4,16384,60.9027
2048,256,8,16,59.5419
2048,256,8,32,59.5446
2048,256,8,64,59.5499
2048,256,8,128,59.5606
2048,256,8,256,59.5819
2048,256,8,512,59.6245
2048,256,8,1024,59.7097
2048,256,8,2048,59.8801
2048,256,8,4096,60.2210
2048,256,8,8192,60.9027
2048,256,8,16384,62.2662
2048,256,16,16,59.5446
2048,256,16,32,59.5499
2048,256,16,64,59.5606
2048,256,16,128,59.5819
2048,256,16,256,59.6245
2048,256,16,512,59.7097
2048,256,16,1024,59.8801
2048,256,16,2048,60.2210
2048,256,16,4096,60.9027
2048,256,16,8192,62.2662
2048,256,16,16384,81.1528
2048,256,32,16,59.5499
2048,256,32,32,59.5606
2048,256,32,64,59.5819
2048,256,32,128,59.6245
2048,256,32,256,59.7097
2048,256,32,512,59.8801
2048,256,32,1024,60.2210
2048,256,32,2048,60.9027
2048,256,32,4096,62.2662
2048,256,32,8192,81.2184
2048,256,32,16384,148.3272
2048,256,64,16,59.5606
2048,256,64,32,59.5819
2048,256,64,64,59.6245
2048,256,64,128,59.7097
2048,256,64,256,59.8801
2048,256,64,512,60.2210
2048,256,64,1024,60.9027
2048,256,64,2048,62.2662
2048,256,64,4096,81.3494
2048,256,64,8192,148.4583
2048,256,64,16384,282.6760
2048,256,128,16,59.5819
2048,256,128,32,59.6245
2048,256,128,64,59.7097
2048,256,128,128,59.8801
2048,256,128,256,60.2210
2048,256,128,512,60.9027
2048,256,128,1024,62.2662
2048,256,128,2048,81.6116
2048,256,128,4096,148.7204
2048,256,128,8192,282.9382
2048,256,128,16384,551.3736
2048,512,0,0,70.4471
2048,512,1,16,70.4475
2048,512,1,32,70.4478
2048,512,1,64,70.4485
2048,512,1,128,70.4498
2048,512,1,256,70.4524
2048,512,1,512,70.4578
2048,512,1,1024,70.4684
2048,512,1,2048,70.4897
2048,512,1,4096,70.5323
2048,512,1,8192,70.6176
2048,512,1,16384,70.7880
2048,512,2,16,70.4478
2048,512,2,32,70.4485
2048,512,2,64,70.4498
2048,512,2,128,70.4524
2048,512,2,256,70.4578
2048,512,2,512,70.4684
2048,512,2,1024,70.4897
2048,512,2,2048,70.5323
2048,512,2,4096,70.6176
2048,512,2,8192,70.7880
2048,512,2,16384,71.1289
2048,512,4,16,70.4485
2048,512,4,32,70.4498
2048,512,4,64,70.4524
2048,512,4,128,70.4578
2048,512,4,256,70.4684
2048,512,4,512,70.4897
2048,512,4,1024,70.5323
2048,512,4,2048,70.6176
2048,512,4,4096,70.7880
2048,512,4,8192,71.1289
2048,512,4,16384,71.8106
2048,512,8,16,70.4498
2048,512,8,32,70.4524
2048,512,8,64,70.4578
2048,512,8,128,70.4684
2048,512,8,256,70.4897
2048,512,8,512,70.5323
2048,512,8,1024,70.6176
2048,512,8,2048,70.7880
2048,512,8,4096,71.1289
2048,512,8,8192,71.8106
2048,512,8,16384,73.1741
2048,512,16,16,70.4524
2048,512,16,32,70.4578
2048,512,16,64,70.4684
2048,512,16,128,70.4897
2048,512,16,256,70.5323
2048,512,16,512,70.6176
2048,512,16,1024,70.7880
2048,512,16,2048,71.1289
2048,512,16,4096,71.8106
2048,512,16,8192,73.1741
2048,512,16,16384,81.2184
2048,512,32,16,70.4578
2048,512,32,32,70.4684
2048,512,32,64,70.4897
2048,512,32,128,70.5323
2048,512,32,256,70.6176
2048,512,32,512,70.7880
2048,512,32,1024,71.1289
2048,512,32,2048,71.8106
2048,512,32,4096,73.1741
2048,512,32,8192,81.2839
2048,512,32,16384,148.3928
2048,512,64,16,70.4684
2048,512,64,32,70.4897
2048,512,64,64,70.5323
2048,512,64,128,70.6176
2048,512,64,256,70.7880
2048,512,64,512,71.1289
2048,512,64,1024,71.8106
2048,512,64,2048,73.1741
2048,512,64,4096,81.4150
2048,512,64,8192,148.5238
2048,512,64,16384,282.7416
2048,512,128,16,70.4897
2048,512,128,32,70.5323
2048,512,128,64,70.6176
2048,512,128,128,70.7880
2048,512,128,256,71.1289
2048,512,128,512,71.8106
2048,512,128,1024,73.1741
2048,512,128,2048,81.6771
2048,512,128,4096,148.7860
2048,512,128,8192,283.0037
2048,512,128,16384,551.4392
2048,768,0,0,81.3550
2048,1024,0,0,92.2628
2048,1024,1,16,92.2632
2048,1024,1,32,92.2635
2048,1024,1,64,92.2642
2048,1024,1,128,92.2655
2048,1024,1,256,92.2682
2048,1024,1,512,92.2735
2048,1024,1,1024,92.2841
2048,1024,1,2048,92.3054
2048,1024,1,4096,92.3480
2048,1024,1,8192,92.4333
2048,1024,1,16384,92.6037
2048,1024,2,16,92.2635
2048,1024,2,32,92.2642
2048,1024,2,64,92.2655
2048,1024,2,128,92.2682
2048,1024,2,256,92.2735
2048,1024,2,512,92.2841
2048,1024,2,1024,92.3054
2048,1024,2,2048,92.3480
2048,1024,2,4096,92.4333
2048,1024,2,8192,92.6037
2048,1024,2,16384,92.9446
2048,1024,4,16,92.2642
2048,1024,4,32,92.2655
2048,1024,4,64,92.2682
2048,1024,4,128,92.2735
2048,1024,4,256,92.2841
2048,1024,4,512,92.3054
2048,1024,4,1024,92.3480
2048,1024,4,2048,92.4333
2048,1024,4,4096,92.6037
2048,1024,4,8192,92.9446
2048,1024,4,16384,93.6263
2048,1024,8,16,92.2655
2048,1024,8,32,92.2682
2048,1024,8,64,92.2735
2048,1024,8,128,92.2841
2048,1024,8,256,92.3054
2048,1024,8,512,92.3480
2048,1024,8,1024,92.4333
2048,1024,8,2048,92.6037
2048,1024,8,4096,92.9446
2048,1024,8,8192,93.6263
2048,1024,8,16384,94.9898
2048,1024,16,16,92.2682
2048,1024,16,32,92.2735
2048,1024,16,64,92.2841
2048,1024,16,128,92.3054
2048,1024,16,256,92.3480
2048,1024,16,512,92.4333
2048,1024,16,1024,92.6037
2048,1024,16,2048,92.9446
2048,1024,16,4096,93.6263
2048,1024,16,8192,94.9898
2048,1024,16,16384,97.7168
2048,1024,32,16,92.2735
2048,1024,32,32,92.2841
2048,1024,32,64,92.3054
2048,1024,32,128,92.3480
2048,1024,32,256,92.4333
2048,1024,32,512,92.6037
2048,1024,32,1024,92.9446
2048,1024,32,2048,93.6263
2048,1024,32,4096,94.9898
2048,1024,32,8192,97.7168
2048,1024,32,16384,148.5238
2048,1024,64,16,92.2841
2048,1024,64,32,92.3054
2048,1024,64,64,92.3480
2048,1024,64,128,92.4333
2048,1024,64,256,92.6037
2048,1024,64,512,92.9446
2048,1024,64,1024,93.6263
2048,1024,64,2048,94.9898
2048,1024,64,4096,97.7168
2048,1024,64,8192,148.6549
2048,1024,64,16384,282.8726
2048,1024,128,16,92.3054
2048,1024,128,32,92.3480
2048,1024,128,64,92.4333
2048,1024,128,128,92.6037
2048,1024,128,256,92.9446
2048,1024,128,512,93.6263
2048,1024,128,1024,94.9898
2048,1024,128,2048,97.7168
2048,1024,128,4096,148.9171
2048,1024,128,8192,283.1348
2048,1024,128,16384,551.5702
2048,1152,0,0,97.7168
2048,1728,0,0,122.2594
2048,2048,0,0,135.8942
2048,2048,1,16,135.8946
2048,2048,1,32,135.8949
2048,2048,1,64,135.8956
2048,2048,1,128,135.8969
2048,2048,1,256,135.8996
2048,2048,1,512,135.9049
2048,2048,1,1024,135.9155
2048,2048,1,2048,135.9369
2048,2048,1,4096,135.9795
2048,2048,1,8192,136.0647
2048,2048,1,16384,136.2351
2048,2048,2,16,135.8949
2048,2048,2,32,135.8956
2048,2048,2,64,135.8969
2048,2048,2,128,135.8996
2048,2048,2,256,135.9049
2048,2048,2,512,135.9155
2048,2048,2,1024,135.9369
2048,2048,2,2048,135.9795
2048,2048,2,4096,136.0647
2048,2048,2,8192,136.2351
2048,2048,2,16384,136.5760
2048,2048,4,16,135.8956
2048,2048,4,32,135.8969
2048,2048,4,64,135.8996
2048,2048,4,128,135.9049
2048,2048,4,256,135.9155
2048,2048,4,512,135.9369
2048,2048,4,1024,135.9795
2048,2048,4,2048,136.0647
2048,2048,4,4096,136.2351
2048,2048,4,8192,136.5760
2048,2048,4,16384,137.2577
2048,2048,8,16,135.8969
2048,2048,8,32,135.8996
2048,2048,8,64,135.9049
2048,2048,8,128,135.9155
2048,2048,8,256,135.9369
2048,2048,8,512,135.9795
2048,2048,8,1024,136.0647
2048,2048,8,2048,136.2351
2048,2048,8,4096,136.5760
2048,2048,8,8192,137.2577
2048,2048,8,16384,138.6212
2048,2048,16,16,135.8996
2048,2048,16,32,135.9049
2048,2048,16,64,135.9155
2048,2048,16,128,135.9369
2048,2048,16,256,135.9795
2048,2048,16,512,136.0647
2048,2048,16,1024,136.2351
2048,2048,16,2048,136.5760
2048,2048,16,4096,137.2577
2048,2048,16,8192,138.6212
2048,2048,16,16384,141.3482
2048,2048,32,16,135.9049
2048,2048,32,32,135.9155
2048,2048,32,64,135.9369
2048,2048,32,128,135.9795
2048,2048,32,256,136.0647
2048,2048,32,512,136.2351
2048,2048,32,1024,136.5760
2048,2048,32,2048,137.2577
2048,2048,32,4096,138.6212
2048,2048,32,8192,141.3482
2048,2048,32,16384,148.7860
2048,2048,64,16,135.9155
2048,2048,64,32,135.9369
2048,2048,64,64,135.9795
2048,2048,64,128,136.0647
2048,2048,64,256,136.2351
2048,2048,64,512,136.5760
2048,2048,64,1024,137.2577
2048,2048,64,2048,138.6212
2048,2048,64,4096,141.3482
2048,2048,64,8192,148.9171
2048,2048,64,16384,283.1348
2048,2048,128,16,135.9369
2048,2048,128,32,135.9795
2048,2048,128,64,136.0647
2048,2048,128,128,136.2351
2048,2048,128,256,136.5760
2048,2048,128,512,137.2577
2048,2048,128,1024,138.6212
2048,2048,128,2048,141.3482
2048,2048,128,4096,149.1792
2048,2048,128,8192,283.3969
2048,2048,128,16384,551.8324
2048,2592,0,0,159.0734
2048,3888,0,0,214.2944
2048,4096,0,0,223.1571
2048,4096,1,16,223.1574
2048,4096,1,32,223.1577
2048,4096,1,64,223.1584
2048,4096,1,128,223.1597
2048,4096,1,256,223.1624
2048,4096,1,512,223.1677
2048,4096,1,1024,223.1784
2048,4096,1,2048,223.1997
2048,4096,1,4096,223.2423
2048,4096,1,8192,223.3275
2048,4096,1,16384,223.4979
2048,4096,2,16,223.1577
2048,4096,2,32,223.1584
2048,4096,2,64,223.1597
2048,4096,2,128,223.1624
2048,4096,2,256,223.1677
2048,4096,2,512,223.1784
2048,4096,2,1024,223.1997
2048,4096,2,2048,223.2423
2048,4096,2,4096,223.3275
2048,4096,2,8192,223.4979
2048,4096,2,16384,223.8388
2048,4096,4,16,223.1584
2048,4096,4,32,223.1597
2048,4096,4,64,223.1624
2048,4096,4,128,223.1677
2048,4096,4,256,223.1784
2048,4096,4,512,223.1997
2048,4096,4,1024,223.2423
2048,4096,4,2048,223.3275
2048,4096,4,4096,223.4979
2048,4096,4,8192,223.8388
2048,4096,4,16384,224.5206
2048,4096,8,16,223.1597
2048,4096,8,32,223.1624
2048,4096,8,64,223.1677
2048,4096,8,128,223.1784
2048,4096,8,256,223.1997
2048,4096,8,512,223.2423
2048,4096,8,1024,223.3275
2048,4096,8,2048,223.4979
2048,4096,8,4096,223.8388
2048,4096,8,8192,224.5206
2048,4096,8,16384,225.8840
2048,4096,16,16,223.1624
2048,4096,16,32,223.1677
2048,4096,16,64,223.1784
2048,4096,16,128,223.1997
2048,4096,16,256,223.2423
2048,4096,16,512,223.3275
2048,4096,16,1024,223.4979
2048,4096,16,2048,223.8388
2048,4096,16,4096,224.5206
2048,4096,16,8192,225.8840
2048,4096,16,16384,228.6110
2048,4096,32,16,223.1677
2048,4096,32,32,223.1784
2048,4096,32,64,223.1997
2048,4096,32,128,223.2423
2048,4096,32,256,223.3275
2048,4096,32,512,223.4979
2048,4096,32,1024,223.8388
2048,4096,32,2048,224.5206
2048,4096,32,4096,225.8840
2048,4096,32,8192,228.6110
2048,4096,32,16384,234.0649
2048,4096,64,16,223.1784
2048,4096,64,32,223.1997
2048,4096,64,64,223.2423
2048,4096,64,128,223.3275
2048,4096,64,256,223.4979
2048,4096,64,512,223.8388
2048,4096,64,1024,224.5206
2048,4096,64,2048,225.8840
2048,4096,64,4096,228.6110
2048,4096,64,8192,234.0649
2048,4096,64,16384,283.6591
2048,4096,128,16,223.1997
2048,4096,128,32,223.2423
2048,4096,128,64,223.3275
2048,4096,128,128,223.4979
2048,4096,128,256,223.8388
2048,4096,128,512,224.5206
2048,4096,128,1024,225.8840
2048,4096,128,2048,228.6110
2048,4096,128,4096,234.0649
2048,4096,128,8192,283.9212
2048,4096,128,16384,552.3567
2048,5832,0,0,297.1260
2048,8192,0,0,397.6827
2048,8192,1,16,397.6831
2048,8192,1,32,397.6834
2048,8192,1,64,397.6841
2048,8192,1,128,397.6854
2048,8192,1,256,397.6881
2048,8192,1,512,397.6934
2048,8192,1,1024,397.7040
2048,8192,1,2048,397.7253
2048,8192,1,4096,397.7679
2048,8192,1,8192,397.8532
2048,8192,1,16384,398.0236
2048,8192,2,16,397.6834
2048,8192,2,32,397.6841
2048,8192,2,64,397.6854
2048,8192,2,128,397.6881
2048,8192,2,256,397.6934
2048,8192,2,512,397.7040
2048,8192,2,1024,397.7253
2048,8192,2,2048,397.7679
2048,8192,2,4096,397.8532
2048,8192,2,8192,398.0236
2048,8192,2,16384,398.3645
2048,8192,4,16,397.6841
2048,8192,4,32,397.6854
2048,8192,4,64,397.6881
2048,8192,4,128,397.6934
2048,8192,4,256,397.7040
2048,8192,4,512,397.7253
2048,8192,4,1024,397.7679
2048,8192,4,2048,397.8532
2048,8192,4,4096,398.0236
2048,8192,4,8192,398.3645
2048,8192,4,16384,399.0462
2048,8192,8,16,397.6854
2048,8192,8,32,397.6881
2048,8192,8,64,397.6934
2048,8192,8,128,397.7040
2048,8192,8,256,397.7253
2048,8192,8,512,397.7679
2048,8192,8,1024,397.8532
2048,8192,8,2048,398.0236
2048,8192,8,4096,398.3645
2048,8192,8,8192,399.0462
2048,8192,8,16384,400.4097
2048,8192,16,16,397.6881
2048,8192,16,32,397.6934
2048,8192,16,64,397.7040
2048,8192,16,128,397.7253
2048,8192,16,256,397.7679
2048,8192,16,512,397.8532
2048,8192,16,1024,398.0236
2048,8192,16,2048,398.3645
2048,8192,16,4096,399.0462
2048,8192,16,8192,400.4097
2048,8192,16,16384,403.1367
2048,8192,32,16,397.6934
2048,8192,32,32,397.7040
2048,8192,32,64,397.7253
2048,8192,32,128,397.7679
2048,8192,32,256,397.8532
2048,8192,32,512,398.0236
2048,8192,32,1024,398.3645
2048,8192,32,2048,399.0462
2048,8192,32,4096,400.4097
2048,8192,32,8192,403.1367
2048,8192,32,16384,408.5906
2048,8192,64,16,397.7040
2048,8192,64,32,397.7253
2048,8192,64,64,397.7679
2048,8192,64,128,397.8532
2048,8192,64,256,398.0236
2048,8192,64,512,398.3645
2048,8192,64,1024,399.0462
2048,8192,64,2048,400.4097
2048,8192,64,4096,403.1367
2048,8192,64,8192,408.5906
2048,8192,64,16384,419.4984
2048,8192,128,16,397.7253
2048,8192,128,32,397.7679
2048,8192,128,64,397.8532
2048,8192,128,128,398.0236
2048,8192,128,256,398.3645
2048,8192,128,512,399.0462
2048,8192,128,1024,400.4097
2048,8192,128,2048,403.1367
2048,8192,128,4096,408.5906
2048,8192,128,8192,419.4984
2048,8192,128,16384,553.4052
2048,8748,0,0,421.3732
2048,13122,0,0,607.7441
2048,16384,0,0,746.7340
2048,16384,1,16,746.7344
2048,16384,1,32,746.7347
2048,16384,1,64,746.7354
2048,16384,1,128,746.7367
2048,16384,1,256,746.7394
2048,16384,1,512,746.7447
2048,16384,1,1024,746.7553
2048,16384,1,2048,746.7766
2048,16384,1,4096,746.8193
2048,16384,1,8192,746.9045
2048,16384,1,16384,747.0749
2048,16384,2,16,746.7347
2048,16384,2,32,746.7354
2048,16384,2,64,746.7367
2048,16384,2,128,746.7394
2048,16384,2,256,746.7447
2048,16384,2,512,746.7553
2048,16384,2,1024,746.7766
2048,16384,2,2048,746.8193
2048,16384,2,4096,746.9045
2048,16384,2,8192,747.0749
2048,16384,2,16384,747.4158
2048,16384,4,16,746.7354
2048,16384,4,32,746.7367
2048,16384,4,64,746.7394
2048,16384,4,128,746.7447
2048,16384,4,256,746.7553
2048,16384,4,512,746.7766
2048,16384,4,1024,746.8193
2048,16384,4,2048,746.9045
2048,16384,4,4096,747.0749
2048,16384,4,8192,747.4158
2048,16384,4,16384,748.0975
2048,16384,8,16,746.7367
2048,16384,8,32,746.7394
2048,16384,8,64,746.7447
2048,16384,8,128,746.7553
2048,16384,8,256,746.7766
2048,16384,8,512,746.8193
2048,16384,8,1024,746.9045
2048,16384,8,2048,747.0749
2048,16384,8,4096,747.4158
2048,16384,8,8192,748.0975
2048,16384,8,16384,749.4610
2048,16384,16,16,746.7394
2048,16384,16,32,746.7447
2048,16384,16,64,746.7553
2048,16384,16,128,746.7766
2048,16384,16,256,746.8193
2048,16384,16,512,746.9045
2048,16384,16,1024,747.0749
2048,16384,16,2048,747.4158
2048,16384,16,4096,748.0975
2048,16384,16,8192,749.4610
2048,16384,16,16384,752.1880
2048,16384,32,16,746.7447
2048,16384,32,32,746.7553
2048,16384,32,64,746.7766
2048,16384,32,128,746.8193
2048,16384,32,256,746.9045
2048,16384,32,512,747.0749
2048,16384,32,1024,747.4158
2048,16384,32,2048,748.0975
2048,16384,32,4096,749.4610
2048,16384,32,8192,752.1880
2048,16384,32,16384,757.6419
2048,16384,64,16,746.7553
2048,16384,64,32,746.7766
2048,16384,64,64,746.8193
2048,16384,64,128,746.9045
2048,16384,64,256,747.0749
2048,16384,64,512,747.4158
2048,16384,64,1024,748.0975
2048,16384,64,2048,749.4610
2048,16384,64,4096,752.1880
2048,16384,64,8192,757.6419
2048,16384,64,16384,768.5497
2048,16384,128,16,746.7766
2048,16384,128,32,746.8193
2048,16384,128,64,746.9045
2048,16384,128,128,747.0749
2048,16384,128,256,747.4158
2048,16384,128,512,748.0975
2048,16384,128,1024,749.4610
2048,16384,128,2048,752.1880
2048,16384,128,4096,757.6419
2048,16384,128,8192,768.5497
2048,16384,128,16384,790.3654
