prefill_chunk,kv_prefill,n_decode,kv_decode,time_us
0,0,1,16,5.0017
0,0,1,32,5.0028
0,0,1,64,5.0050
0,0,1,128,5.0094
0,0,1,256,5.0183
0,0,1,512,5.0361
0,0,1,768,5.0538
0,0,1,1024,5.0716
0,0,1,1152,5.0805
0,0,1,1728,5.1204
0,0,1,2048,5.1426
0,0,1,2592,5.1804
0,0,1,3888,5.2703
0,0,1,4096,5.2847
0,0,1,5832,5.4052
0,0,1,8192,5.5689
0,0,1,8748,5.6075
0,0,1,13122,5.9109
0,0,1,16384,6.1372
0,0,2,16,5.0033
0,0,2,32,5.0056
0,0,2,64,5.0100
0,0,2,128,5.0189
0,0,2,256,5.0366
0,0,2,512,5.0722
0,0,2,768,5.1077
0,0,2,1024,5.1432
0,0,2,1152,5.1610
0,0,2,1728,5.2409
0,0,2,2048,5.2853
0,0,2,2592,5.3608
0,0,2,3888,5.5406
0,0,2,4096,5.5694
0,0,2,5832,5.8103
0,0,2,8192,6.1378
0,0,2,8748,6.2149
0,0,2,13122,6.8218
0,0,2,16384,7.2744
0,0,4,16,5.0067
0,0,4,32,5.0111
0,0,4,64,5.0200
0,0,4,128,5.0377
0,0,4,256,5.0733
0,0,4,512,5.1443
0,0,4,768,5.2153
0,0,4,1024,5.2864
0,0,4,1152,5.3219
0,0,4,1728,5.4818
0,0,4,2048,5.5706
0,0,4,2592,5.7215
0,0,4,3888,6.0812
0,0,4,4096,6.1389
0,0,4,5832,6.6206
0,0,4,8192,7.2756
0,0,4,8748,7.4298
0,0,4,13122,8.6437
0,0,4,16384,9.5489
0,0,8,16,5.0133
0,0,8,32,5.0222
0,0,8,64,5.0400
0,0,8,128,5.0755
0,0,8,256,5.1465
0,0,8,512,5.2886
0,0,8,768,5.4307
0,0,8,1024,5.5728
0,0,8,1152,5.6438
0,0,8,1728,5.9635
0,0,8,2048,6.1411
0,0,8,2592,6.4430
0,0,8,3888,7.1623
0,0,8,4096,7.2778
0,0,8,5832,8.2413
0,0,8,8192,9.5511
0,0,8,8748,9.8597
0,0,8,13122,12.2873
0,0,8,16384,14.0978
0,0,16,16,5.0266
0,0,16,32,5.0444
0,0,16,64,5.0799
0,0,16,128,5.1510
0,0,16,256,5.2930
0,0,16,512,5.5772
0,0,16,768,5.8614
0,0,16,1024,6.1455
0,0,16,1152,6.2876
0,0,16,1728,6.9270
0,0,16,2048,7.2822
0,0,16,2592,7.8861
0,0,16,3888,9.3247
0,0,16,4096,9.5556
0,0,16,5832,11.4826
0,0,16,8192,14.1022
0,0,16,8748,14.7194
0,0,16,13122,19.5747
0,0,16,16384,23.1956
0,0,32,16,5.0533
0,0,32,32,5.0888
0,0,32,64,5.1598
0,0,32,128,5.3019
0,0,32,256,5.5861
0,0,32,512,6.1544
0,0,32,768,6.7228
0,0,32,1024,7.2911
0,0,32,1152,7.5753
0,0,32,1728,8.8540
0,0,32,2048,9.5644
0,0,32,2592,10.7721
0,0,32,3888,13.6493
0,0,32,4096,14.1111
0,0,32,5832,17.9651
0,0,32,8192,23.2044
0,0,32,8748,24.4388
0,0,32,13122,34.1493
0,0,32,16384,41.3911
0,0,64,16,5.1066
0,0,64,32,5.1776
0,0,64,64,5.3197
0,0,64,128,5.6039
0,0,64,256,6.1722
0,0,64,512,7.3089
0,0,64,768,8.4455
0,0,64,1024,9.5822
0,0,64,1152,10.1505
0,0,64,1728,12.7080
0,0,64,2048,14.1289
0,0,64,2592,16.5443
0,0,64,3888,22.2987
0,0,64,4096,23.2222
0,0,64,5832,30.9302
0,0,64,8192,41.4089
0,0,64,8748,43.8776
0,0,64,13122,63.2986
0,0,64,16384,77.7823
0,0,128,16,5.2131
0,0,128,32,5.3552
0,0,128,64,5.6394
0,0,128,128,6.2077
0,0,128,256,7.3444
0,0,128,512,9.6177
0,0,128,768,11.8910
0,0,128,1024,14.1644
0,0,128,1152,15.3011
0,0,128,1728,20.4161
0,0,128,2048,23.2577
0,0,128,2592,28.0886
0,0,128,3888,39.5973
0,0,128,4096,41.4444
0,0,128,5832,56.8605
0,0,128,8192,77.8178
0,0,128,8748,82.7552
0,0,128,13122,121.5972
0,0,128,16384,150.5645
0,0,256,16,5.4263
0,0,256,32,5.7104
0,0,256,64,6.2788
0,0,256,128,7.4154
0,0,256,256,9.6888
0,0,256,512,14.2354
0,0,256,768,18.7821
0,0,256,1024,23.3288
0,0,256,1152,25.6021
0,0,256,1728,35.8321
0,0,256,2048,41.5155
0,0,256,2592,51.1771
0,0,256,3888,74.1946
0,0,256,4096,77.8888
0,0,256,5832,108.7209
0,0,256,8192,150.6356
0,0,256,8748,160.5104
0,0,256,13122,238.1945
0,0,256,16384,296.1290
16,0,0,0,5.0100
16,0,1,16,5.0117
16,0,1,32,5.0128
16,0,1,64,5.0150
16,0,1,128,5.0194
16,0,1,256,5.0283
16,0,1,512,5.0461
16,0,1,768,5.0638
16,0,1,1024,5.0816
16,0,1,1152,5.0905
16,0,1,1728,5.1304
16,0,1,2048,5.1526
16,0,1,2592,5.1904
16,0,1,3888,5.2803
16,0,1,4096,5.2947
16,0,1,5832,5.4152
16,0,1,8192,5.5789
16,0,1,8748,5.6175
16,0,1,13122,5.9209
16,0,1,16384,6.1472
16,0,2,16,5.0133
16,0,2,32,5.0155
16,0,2,64,5.0200
16,0,2,128,5.0289
16,0,2,256,5.0466
16,0,2,512,5.0821
16,0,2,768,5.1177
16,0,2,1024,5.1532
16,0,2,1152,5.1709
16,0,2,1728,5.2509
16,0,2,2048,5.2953
16,0,2,2592,5.3707
16,0,2,3888,5.5506
16,0,2,4096,5.5794
16,0,2,5832,5.8203
16,0,2,8192,6.1478
16,0,2,8748,6.2249
16,0,2,13122,6.8318
16,0,2,16384,7.2844
16,0,4,16,5.0167
16,0,4,32,5.0211
16,0,4,64,5.0300
16,0,4,128,5.0477
16,0,4,256,5.0833
16,0,4,512,5.1543
16,0,4,768,5.2253
16,0,4,1024,5.2964
16,0,4,1152,5.3319
16,0,4,1728,5.4917
16,0,4,2048,5.5805
16,0,4,2592,5.7315
16,0,4,3888,6.0912
16,0,4,4096,6.1489
16,0,4,5832,6.6306
16,0,4,8192,7.2855
16,0,4,8748,7.4398
16,0,4,13122,8.6537
16,0,4,16384,9.5589
16,0,8,16,5.0233
16,0,8,32,5.0322
16,0,8,64,5.0500
16,0,8,128,5.0855
16,0,8,256,5.1565
16,0,8,512,5.2986
16,0,8,768,5.4407
16,0,8,1024,5.5828
16,0,8,1152,5.6538
16,0,8,1728,5.9735
16,0,8,2048,6.1511
16,0,8,2592,6.4530
16,0,8,3888,7.1723
16,0,8,4096,7.2878
16,0,8,5832,8.2513
16,0,8,8192,9.5611
16,0,8,8748,9.8697
16,0,8,13122,12.2973
16,0,8,16384,14.1078
16,0,16,16,5.0366
16,0,16,32,5.0544
16,0,16,64,5.0899
16,0,16,128,5.1610
16,0,16,256,5.3030
16,0,16,512,5.5872
16,0,16,768,5.8714
16,0,16,1024,6.1555
16,0,16,1152,6.2976
16,0,16,1728,6.9370
16,0,16,2048,7.2922
16,0,16,2592,7.8961
16,0,16,3888,9.3347
16,0,16,4096,9.5655
16,0,16,5832,11.4925
16,0,16,8192,14.1122
16,0,16,8748,14.7294
16,0,16,13122,19.5846
16,0,16,16384,23.2056
16,0,32,16,5.0633
16,0,32,32,5.0988
16,0,32,64,5.1698
16,0,32,128,5.3119
16,0,32,256,5.5961
16,0,32,512,6.1644
16,0,32,768,6.7328
16,0,32,1024,7.3011
16,0,32,1152,7.5853
16,0,32,1728,8.8640
16,0,32,2048,9.5744
16,0,32,2592,10.7821
16,0,32,3888,13.6593
16,0,32,4096,14.1211
16,0,32,5832,17.9751
16,0,32,8192,23.2144
16,0,32,8748,24.4488
16,0,32,13122,34.1593
16,0,32,16384,41.4011
16,0,64,16,5.1166
16,0,64,32,5.1876
16,0,64,64,5.3297
16,0,64,128,5.6138
16,0,64,256,6.1822
16,0,64,512,7.3188
16,0,64,768,8.4555
16,0,64,1024,9.5922
16,0,64,1152,10.1605
16,0,64,1728,12.7180
16,0,64,2048,14.1389
16,0,64,2592,16.5543
16,0,64,3888,22.3087
16,0,64,4096,23.2322
16,0,64,5832,30.9402
16,0,64,8192,41.4189
16,0,64,8748,43.8876
16,0,64,13122,63.3086
16,0,64,16384,77.7922
16,0,128,16,5.2231
16,0,128,32,5.3652
16,0,128,64,5.6494
16,0,128,128,6.2177
16,0,128,256,7.3544
16,0,128,512,9.6277
16,0,128,768,11.9010
16,0,128,1024,14.1744
16,0,128,1152,15.3110
16,0,128,1728,20.4260
16,0,128,2048,23.2677
16,0,128,2592,28.0986
16,0,128,3888,39.6073
16,0,128,4096,41.4544
16,0,128,5832,56.8705
16,0,128,8192,77.8278
16,0,128,8748,82.7652
16,0,128,13122,121.6072
16,0,128,16384,150.5745
16,16,0,0,5.0111
16,16,1,16,5.0128
16,16,1,32,5.0139
16,16,1,64,5.0161
16,16,1,128,5.0205
16,16,1,256,5.0294
16,16,1,512,5.0472
16,16,1,1024,5.0827
16,16,1,2048,5.1537
16,16,1,4096,5.2958
16,16,1,8192,5.5800
16,16,1,16384,6.1483
16,16,2,16,5.0144
16,16,2,32,5.0167
16,16,2,64,5.0211
16,16,2,128,5.0300
16,16,2,256,5.0477
16,16,2,512,5.0833
16,16,2,1024,5.1543
16,16,2,2048,5.2964
16,16,2,4096,5.5805
16,16,2,8192,6.1489
16,16,2,16384,7.2855
16,16,4,16,5.0178
16,16,4,32,5.0222
16,16,4,64,5.0311
16,16,4,128,5.0488
16,16,4,256,5.0844
16,16,4,512,5.1554
16,16,4,1024,5.2975
16,16,4,2048,5.5817
16,16,4,4096,6.1500
16,16,4,8192,7.2867
16,16,4,16384,9.5600
16,16,8,16,5.0244
16,16,8,32,5.0333
16,16,8,64,5.0511
16,16,8,128,5.0866
16,16,8,256,5.1576
16,16,8,512,5.2997
16,16,8,1024,5.5839
16,16,8,2048,6.1522
16,16,8,4096,7.2889
16,16,8,8192,9.5622
16,16,8,16384,14.1089
16,16,16,16,5.0377
16,16,16,32,5.0555
16,16,16,64,5.0910
16,16,16,128,5.1621
16,16,16,256,5.3041
16,16,16,512,5.5883
16,16,16,1024,6.1566
16,16,16,2048,7.2933
16,16,16,4096,9.5667
16,16,16,8192,14.1133
16,16,16,16384,23.2067
16,16,32,16,5.0644
16,16,32,32,5.0999
16,16,32,64,5.1709
16,16,32,128,5.3130
16,16,32,256,5.5972
16,16,32,512,6.1655
16,16,32,1024,7.3022
16,16,32,2048,9.5755
16,16,32,4096,14.1222
16,16,32,8192,23.2155
16,16,32,16384,41.4022
16,16,64,16,5.1177
16,16,64,32,5.1887
16,16,64,64,5.3308
16,16,64,128,5.6150
16,16,64,256,6.1833
16,16,64,512,7.3200
16,16,64,1024,9.5933
16,16,64,2048,14.1400
16,16,64,4096,23.2333
16,16,64,8192,41.4200
16,16,64,16384,77.7934
16,16,128,16,5.2242
16,16,128,32,5.3663
16,16,128,64,5.6505
16,16,128,128,6.2188
16,16,128,256,7.3555
16,16,128,512,9.6288
16,16,128,1024,14.1755
16,16,128,2048,23.2688
16,16,128,4096,41.4555
16,16,128,8192,77.8289
16,16,128,16384,150.5756
16,32,0,0,5.0122
16,32,1,16,5.0139
16,32,1,32,5.0150
16,32,1,64,5.0172
16,32,1,128,5.0216
16,32,1,256,5.0305
16,32,1,512,5.0483
16,32,1,1024,5.0838
16,32,1,2048,5.1548
16,32,1,4096,5.2969
16,32,1,8192,5.5811
16,32,1,16384,6.1494
16,32,2,16,5.0155
16,32,2,32,5.0178
16,32,2,64,5.0222
16,32,2,128,5.0311
16,32,2,256,5.0488
16,32,2,512,5.0844
16,32,2,1024,5.1554
16,32,2,2048,5.2975
16,32,2,4096,5.5817
16,32,2,8192,6.1500
16,32,2,16384,7.2867
16,32,4,16,5.0189
16,32,4,32,5.0233
16,32,4,64,5.0322
16,32,4,128,5.0500
16,32,4,256,5.0855
16,32,4,512,5.1565
16,32,4,1024,5.2986
16,32,4,2048,5.5828
16,32,4,4096,6.1511
16,32,4,8192,7.2878
16,32,4,16384,9.5611
16,32,8,16,5.0255
16,32,8,32,5.0344
16,32,8,64,5.0522
16,32,8,128,5.0877
16,32,8,256,5.1587
16,32,8,512,5.3008
16,32,8,1024,5.5850
16,32,8,2048,6.1533
16,32,8,4096,7.2900
16,32,8,8192,9.5633
16,32,8,16384,14.1100
16,32,16,16,5.0389
16,32,16,32,5.0566
16,32,16,64,5.0921
16,32,16,128,5.1632
16,32,16,256,5.3053
16,32,16,512,5.5894
16,32,16,1024,6.1578
16,32,16,2048,7.2944
16,32,16,4096,9.5678
16,32,16,8192,14.1144
16,32,16,16384,23.2078
16,32,32,16,5.0655
16,32,32,32,5.1010
16,32,32,64,5.1721
16,32,32,128,5.3141
16,32,32,256,5.5983
16,32,32,512,6.1666
16,32,32,1024,7.3033
16,32,32,2048,9.5766
16,32,32,4096,14.1233
16,32,32,8192,23.2167
16,32,32,16384,41.4033
16,32,64,16,5.1188
16,32,64,32,5.1898
16,32,64,64,5.3319
16,32,64,128,5.6161
16,32,64,256,6.1844
16,32,64,512,7.3211
16,32,64,1024,9.5944
16,32,64,2048,14.1411
16,32,64,4096,23.2344
16,32,64,8192,41.4211
16,32,64,16384,77.7945
16,32,128,16,5.2253
16,32,128,32,5.3674
16,32,128,64,5.6516
16,32,128,128,6.2199
16,32,128,256,7.3566
16,32,128,512,9.6299
16,32,128,1024,14.1766
16,32,128,2048,23.2699
16,32,128,4096,41.4566
16,32,128,8192,77.8300
16,32,128,16384,150.5767
16,64,0,0,5.0144
16,64,1,16,5.0161
16,64,1,32,5.0172
16,64,1,64,5.0194
16,64,1,128,5.0239
16,64,1,256,5.0327
16,64,1,512,5.0505
16,64,1,1024,5.0860
16,64,1,2048,5.1571
16,64,1,4096,5.2992
16,64,1,8192,5.5833
16,64,1,16384,6.1517
16,64,2,16,5.0178
16,64,2,32,5.0200
16,64,2,64,5.0244
16,64,2,128,5.0333
16,64,2,256,5.0511
16,64,2,512,5.0866
16,64,2,1024,5.1576
16,64,2,2048,5.2997
16,64,2,4096,5.5839
16,64,2,8192,6.1522
16,64,2,16384,7.2889
16,64,4,16,5.0211
16,64,4,32,5.0255
16,64,4,64,5.0344
16,64,4,128,5.0522
16,64,4,256,5.0877
16,64,4,512,5.1587
16,64,4,1024,5.3008
16,64,4,2048,5.5850
16,64,4,4096,6.1533
16,64,4,8192,7.2900
16,64,4,16384,9.5633
16,64,8,16,5.0278
16,64,8,32,5.0366
16,64,8,64,5.0544
16,64,8,128,5.0899
16,64,8,256,5.1610
16,64,8,512,5.3030
16,64,8,1024,5.5872
16,64,8,2048,6.1555
16,64,8,4096,7.2922
16,64,8,8192,9.5655
16,64,8,16384,14.1122
16,64,16,16,5.0411
16,64,16,32,5.0588
16,64,16,64,5.0944
16,64,16,128,5.1654
16,64,16,256,5.3075
16,64,16,512,5.5916
16,64,16,1024,6.1600
16,64,16,2048,7.2966
16,64,16,4096,9.5700
16,64,16,8192,14.1167
16,64,16,16384,23.2100
16,64,32,16,5.0677
16,64,32,32,5.1032
16,64,32,64,5.1743
16,64,32,128,5.3164
16,64,32,256,5.6005
16,64,32,512,6.1689
16,64,32,1024,7.3055
16,64,32,2048,9.5789
16,64,32,4096,14.1255
16,64,32,8192,23.2189
16,64,32,16384,41.4056
16,64,64,16,5.1210
16,64,64,32,5.1920
16,64,64,64,5.3341
16,64,64,128,5.6183
16,64,64,256,6.1866
16,64,64,512,7.3233
16,64,64,1024,9.5966
16,64,64,2048,14.1433
16,64,64,4096,23.2366
16,64,64,8192,41.4233
16,64,64,16384,77.7967
16,64,128,16,5.2276
16,64,128,32,5.3696
16,64,128,64,5.6538
16,64,128,128,6.2221
16,64,128,256,7.3588
16,64,128,512,9.6321
16,64,128,1024,14.1788
16,64,128,2048,23.2722
16,64,128,4096,41.4588
16,64,128,8192,77.8322
16,64,128,16384,150.5789
16,128,0,0,5.0189
16,128,1,16,5.0205
16,128,1,32,5.0216
16,128,1,64,5.0239
16,128,1,128,5.0283
16,128,1,256,5.0372
16,128,1,512,5.0549
16,128,1,1024,5.0905
16,128,1,2048,5.1615
16,128,1,4096,5.3036
16,128,1,8192,5.5878
16,128,1,16384,6.1561
16,128,2,16,5.0222
16,128,2,32,5.0244
16,128,2,64,5.0289
16,128,2,128,5.0377
16,128,2,256,5.0555
16,128,2,512,5.0910
16,128,2,1024,5.1621
16,128,2,2048,5.3041
16,128,2,4096,5.5883
16,128,2,8192,6.1566
16,128,2,16384,7.2933
16,128,4,16,5.0255
16,128,4,32,5.0300
16,128,4,64,5.0389
16,128,4,128,5.0566
16,128,4,256,5.0921
16,128,4,512,5.1632
16,128,4,1024,5.3053
16,128,4,2048,5.5894
16,128,4,4096,6.1578
16,128,4,8192,7.2944
16,128,4,16384,9.5678
16,128,8,16,5.0322
16,128,8,32,5.0411
16,128,8,64,5.0588
16,128,8,128,5.0944
16,128,8,256,5.1654
16,128,8,512,5.3075
16,128,8,1024,5.5916
16,128,8,2048,6.1600
16,128,8,4096,7.2966
16,128,8,8192,9.5700
16,128,8,16384,14.1167
16,128,16,16,5.0455
16,128,16,32,5.0633
16,128,16,64,5.0988
16,128,16,128,5.1698
16,128,16,256,5.3119
16,128,16,512,5.5961
16,128,16,1024,6.1644
16,128,16,2048,7.3011
16,128,16,4096,9.5744
16,128,16,8192,14.1211
16,128,16,16384,23.2144
16,128,32,16,5.0722
16,128,32,32,5.1077
16,128,32,64,5.1787
16,128,32,128,5.3208
16,128,32,256,5.6050
16,128,32,512,6.1733
16,128,32,1024,7.3100
16,128,32,2048,9.5833
16,128,32,4096,14.1300
16,128,32,8192,23.2233
16,128,32,16384,41.4100
16,128,64,16,5.1254
16,128,64,32,5.1965
16,128,64,64,5.3386
16,128,64,128,5.6227
16,128,64,256,6.1911
16,128,64,512,7.3277
16,128,64,1024,9.6011
16,128,64,2048,14.1477
16,128,64,4096,23.2411
16,128,64,8192,41.4278
16,128,64,16384,77.8011
16,128,128,16,5.2320
16,128,128,32,5.3741
16,128,128,64,5.6582
16,128,128,128,6.2266
16,128,128,256,7.3632
16,128,128,512,9.6366
16,128,128,1024,14.1833
16,128,128,2048,23.2766
16,128,128,4096,41.4633
16,128,128,8192,77.8366
16,128,128,16384,150.5834
16,256,0,0,5.0278
16,256,1,16,5.0294
16,256,1,32,5.0305
16,256,1,64,5.0327
16,256,1,128,5.0372
16,256,1,256,5.0461
16,256,1,512,5.0638
16,256,1,1024,5.0993
16,256,1,2048,5.1704
16,256,1,4096,5.3125
16,256,1,8192,5.5966
16,256,1,16384,6.1650
16,256,2,16,5.0311
16,256,2,32,5.0333
16,256,2,64,5.0377
16,256,2,128,5.0466
16,256,2,256,5.0644
16,256,2,512,5.0999
16,256,2,1024,5.1709
16,256,2,2048,5.3130
16,256,2,4096,5.5972
16,256,2,8192,6.1655
16,256,2,16384,7.3022
16,256,4,16,5.0344
16,256,4,32,5.0389
16,256,4,64,5.0477
16,256,4,128,5.0655
16,256,4,256,5.1010
16,256,4,512,5.1721
16,256,4,1024,5.3141
16,256,4,2048,5.5983
16,256,4,4096,6.1666
16,256,4,8192,7.3033
16,256,4,16384,9.5766
16,256,8,16,5.0411
16,256,8,32,5.0500
16,256,8,64,5.0677
16,256,8,128,5.1032
16,256,8,256,5.1743
16,256,8,512,5.3164
16,256,8,1024,5.6005
16,256,8,2048,6.1689
16,256,8,4096,7.3055
16,256,8,8192,9.5789
16,256,8,16384,14.1255
16,256,16,16,5.0544
16,256,16,32,5.0722
16,256,16,64,5.1077
16,256,16,128,5.1787
16,256,16,256,5.3208
16,256,16,512,5.6050
16,256,16,1024,6.1733
16,256,16,2048,7.3100
16,256,16,4096,9.5833
16,256,16,8192,14.1300
16,256,16,16384,23.2233
16,256,32,16,5.0810
16,256,32,32,5.1166
16,256,32,64,5.1876
16,256,32,128,5.3297
16,256,32,256,5.6138
16,256,32,512,6.1822
16,256,32,1024,7.3188
16,256,32,2048,9.5922
16,256,32,4096,14.1389
16,256,32,8192,23.2322
16,256,32,16384,41.4189
16,256,64,16,5.1343
16,256,64,32,5.2054
16,256,64,64,5.3474
16,256,64,128,5.6316
16,256,64,256,6.1999
16,256,64,512,7.3366
16,256,64,1024,9.6099
16,256,64,2048,14.1566
16,256,64,4096,23.2500
16,256,64,8192,41.4366
16,256,64,16384,77.8100
16,256,128,16,5.2409
16,256,128,32,5.3830
16,256,128,64,5.6671
16,256,128,128,6.2355
16,256,128,256,7.3721
16,256,128,512,9.6455
16,256,128,1024,14.1921
16,256,128,2048,23.2855
16,256,128,4096,41.4722
16,256,128,8192,77.8455
16,256,128,16384,150.5923
16,512,0,0,5.0455
16,512,1,16,5.0472
16,512,1,32,5.0483
16,512,1,64,5.0505
16,512,1,128,5.0549
16,512,1,256,5.0638
16,512,1,512,5.0816
16,512,1,768,5.0993
16,512,1,1024,5.1171
16,512,1,1152,5.1260
16,512,1,1728,5.1659
16,512,1,2048,5.1881
16,512,1,2592,5.2259
16,512,1,3888,5.3158
16,512,1,4096,5.3302
16,512,1,5832,5.4507
16,512,1,8192,5.6144
16,512,1,8748,5.6530
16,512,1,13122,5.9564
16,512,1,16384,6.1827
16,512,2,16,5.0488
16,512,2,32,5.0511
16,512,2,64,5.0555
16,512,2,128,5.0644
16,512,2,256,5.0821
16,512,2,512,5.1177
16,512,2,768,5.1532
16,512,2,1024,5.1887
16,512,2,1152,5.2065
16,512,2,1728,5.2864
16,512,2,2048,5.3308
16,512,2,2592,5.4063
16,512,2,3888,5.5861
16,512,2,4096,5.6150
16,512,2,5832,5.8558
16,512,2,8192,6.1833
16,512,2,8748,6.2604
16,512,2,13122,6.8673
16,512,2,16384,7.3200
16,512,4,16,5.0522
16,512,4,32,5.0566
16,512,4,64,5.0655
16,512,4,128,5.0833
16,512,4,256,5.1188
16,512,4,512,5.1898
16,512,4,768,5.2609
16,512,4,1024,5.3319
16,512,4,1152,5.3674
16,512,4,1728,5.5273
16,512,4,2048,5.6161
16,512,4,2592,5.7670
16,512,4,3888,6.1267
16,512,4,4096,6.1844
16,512,4,5832,6.6662
16,512,4,8192,7.3211
16,512,4,8748,7.4754
16,512,4,13122,8.6892
16,512,4,16384,9.5944
16,512,8,16,5.0588
16,512,8,32,5.0677
16,512,8,64,5.0855
16,512,8,128,5.1210
16,512,8,256,5.1920
16,512,8,512,5.3341
16,512,8,768,5.4762
16,512,8,1024,5.6183
16,512,8,1152,5.6893
16,512,8,1728,6.0090
16,512,8,2048,6.1866
16,512,8,2592,6.4885
16,512,8,3888,7.2078
16,512,8,4096,7.3233
16,512,8,5832,8.2868
16,512,8,8192,9.5966
16,512,8,8748,9.9052
16,512,8,13122,12.3328
16,512,8,16384,14.1433
16,512,16,16,5.0722
16,512,16,32,5.0899
16,512,16,64,5.1254
16,512,16,128,5.1965
16,512,16,256,5.3386
16,512,16,512,5.6227
16,512,16,768,5.9069
16,512,16,1024,6.1911
16,512,16,1152,6.3331
16,512,16,1728,6.9725
16,512,16,2048,7.3277
16,512,16,2592,7.9316
16,512,16,3888,9.3702
16,512,16,4096,9.6011
16,512,16,5832,11.5281
16,512,16,8192,14.1477
16,512,16,8748,14.7649
16,512,16,13122,19.6202
16,512,16,16384,23.2411
16,512,32,16,5.0988
16,512,32,32,5.1343
16,512,32,64,5.2054
16,512,32,128,5.3474
16,512,32,256,5.6316
16,512,32,512,6.1999
16,512,32,768,6.7683
16,512,32,1024,7.3366
16,512,32,1152,7.6208
16,512,32,1728,8.8995
16,512,32,2048,9.6099
16,512,32,2592,10.8177
16,512,32,3888,13.6948
16,512,32,4096,14.1566
16,512,32,5832,18.0106
16,512,32,8192,23.2500
16,512,32,8748,24.4843
16,512,32,13122,34.1948
16,512,32,16384,41.4366
16,512,64,16,5.1521
16,512,64,32,5.2231
16,512,64,64,5.3652
16,512,64,128,5.6494
16,512,64,256,6.2177
16,512,64,512,7.3544
16,512,64,768,8.4910
16,512,64,1024,9.6277
16,512,64,1152,10.1960
16,512,64,1728,12.7535
16,512,64,2048,14.1744
16,512,64,2592,16.5898
16,512,64,3888,22.3442
16,512,64,4096,23.2677
16,512,64,5832,30.9757
16,512,64,8192,41.4544
16,512,64,8748,43.9231
16,512,64,13122,63.3441
16,512,64,16384,77.8278
16,512,128,16,5.2586
16,512,128,32,5.4007
16,512,128,64,5.6849
16,512,128,128,6.2532
16,512,128,256,7.3899
16,512,128,512,9.6632
16,512,128,768,11.9366
16,512,128,1024,14.2099
16,512,128,1152,15.3466
16,512,128,1728,20.4616
16,512,128,2048,23.3032
16,512,128,2592,28.1341
16,512,128,3888,39.6428
16,512,128,4096,41.4899
16,512,128,5832,56.9060
16,512,128,8192,77.8633
16,512,128,8748,82.8007
16,512,128,13122,121.6428
16,512,128,16384,150.6100
16,768,0,0,5.0633
16,768,1,512,5.0993
16,768,1,768,5.1171
16,768,1,1152,5.1437
16,768,1,1728,5.1837
16,768,1,2592,5.2437
16,768,1,3888,5.3336
16,768,1,5832,5.4684
16,768,1,8748,5.6707
16,768,1,13122,5.9742
16,768,1,16384,6.2005
16,768,2,512,5.1354
16,768,2,768,5.1709
16,768,2,1152,5.2242
16,768,2,1728,5.3041
16,768,2,2592,5.4240
16,768,2,3888,5.6039
16,768,2,5832,5.8736
16,768,2,8748,6.2782
16,768,2,13122,6.8851
16,768,2,16384,7.3377
16,768,4,512,5.2076
16,768,4,768,5.2786
16,768,4,1152,5.3852
16,768,4,1728,5.5450
16,768,4,2592,5.7848
16,768,4,3888,6.1444
16,768,4,5832,6.6839
16,768,4,8748,7.4931
16,768,4,13122,8.7069
16,768,4,16384,9.6122
16,768,8,512,5.3519
16,768,8,768,5.4940
16,768,8,1152,5.7071
16,768,8,1728,6.0268
16,768,8,2592,6.5063
16,768,8,3888,7.2256
16,768,8,5832,8.3046
16,768,8,8748,9.9230
16,768,8,13122,12.3506
16,768,8,16384,14.1611
16,768,16,512,5.6405
16,768,16,768,5.9247
16,768,16,1152,6.3509
16,768,16,1728,6.9903
16,768,16,2592,7.9493
16,768,16,3888,9.3879
16,768,16,5832,11.5458
16,768,16,8748,14.7827
16,768,16,13122,19.6379
16,768,16,16384,23.2588
16,768,32,512,6.2177
16,768,32,768,6.7860
16,768,32,1152,7.6385
16,768,32,1728,8.9173
16,768,32,2592,10.8354
16,768,32,3888,13.7126
16,768,32,5832,18.0284
16,768,32,8748,24.5021
16,768,32,13122,34.2126
16,768,32,16384,41.4544
16,768,64,512,7.3721
16,768,64,768,8.5088
16,768,64,1152,10.2138
16,768,64,1728,12.7713
16,768,64,2592,16.6076
16,768,64,3888,22.3619
16,768,64,5832,30.9935
16,768,64,8748,43.9409
16,768,64,13122,63.3619
16,768,64,16384,77.8455
16,768,128,512,9.6810
16,768,128,768,11.9543
16,768,128,1152,15.3643
16,768,128,1728,20.4793
16,768,128,2592,28.1518
16,768,128,3888,39.6606
16,768,128,5832,56.9237
16,768,128,8748,82.8184
16,768,128,13122,121.6605
16,768,128,16384,150.6278
16,1024,0,0,5.0810
16,1024,1,16,5.0827
16,1024,1,32,5.0838
16,1024,1,64,5.0860
16,1024,1,128,5.0905
16,1024,1,256,5.0993
16,1024,1,512,5.1171
16,1024,1,1024,5.1526
16,1024,1,2048,5.2237
16,1024,1,4096,5.3658
16,1024,1,8192,5.6499
16,1024,1,16384,6.2183
16,1024,2,16,5.0844
16,1024,2,32,5.0866
16,1024,2,64,5.0910
16,1024,2,128,5.0999
16,1024,2,256,5.1177
16,1024,2,512,5.1532
16,1024,2,1024,5.2242
16,1024,2,2048,5.3663
16,1024,2,4096,5.6505
16,1024,2,8192,6.2188
16,1024,2,16384,7.3555
16,1024,4,16,5.0877
16,1024,4,32,5.0921
16,1024,4,64,5.1010
16,1024,4,128,5.1188
16,1024,4,256,5.1543
16,1024,4,512,5.2253
16,1024,4,1024,5.3674
16,1024,4,2048,5.6516
16,1024,4,4096,6.2199
16,1024,4,8192,7.3566
16,1024,4,16384,9.6299
16,1024,8,16,5.0944
16,1024,8,32,5.1032
16,1024,8,64,5.1210
16,1024,8,128,5.1565
16,1024,8,256,5.2276
16,1024,8,512,5.3696
16,1024,8,1024,5.6538
16,1024,8,2048,6.2221
16,1024,8,4096,7.3588
16,1024,8,8192,9.6321
16,1024,8,16384,14.1788
16,1024,16,16,5.1077
16,1024,16,32,5.1254
16,1024,16,64,5.1610
16,1024,16,128,5.2320
16,1024,16,256,5.3741
16,1024,16,512,5.6582
16,1024,16,1024,6.2266
16,1024,16,2048,7.3632
16,1024,16,4096,9.6366
16,1024,16,8192,14.1833
16,1024,16,16384,23.2766
16,1024,32,16,5.1343
16,1024,32,32,5.1698
16,1024,32,64,5.2409
16,1024,32,128,5.3830
16,1024,32,256,5.6671
16,1024,32,512,6.2355
16,1024,32,1024,7.3721
16,1024,32,2048,9.6455
16,1024,32,4096,14.1921
16,1024,32,8192,23.2855
16,1024,32,16384,41.4722
16,1024,64,16,5.1876
16,1024,64,32,5.2586
16,1024,64,64,5.4007
16,1024,64,128,5.6849
16,1024,64,256,6.2532
16,1024,64,512,7.3899
16,1024,64,1024,9.6632
16,1024,64,2048,14.2099
16,1024,64,4096,23.3032
16,1024,64,8192,41.4899
16,1024,64,16384,77.8633
16,1024,128,16,5.2942
16,1024,128,32,5.4362
16,1024,128,64,5.7204
16,1024,128,128,6.2887
16,1024,128,256,7.4254
16,1024,128,512,9.6987
16,1024,128,1024,14.2454
16,1024,128,2048,23.3388
16,1024,128,4096,41.5254
16,1024,128,8192,77.8988
16,1024,128,16384,150.6455
16,1152,0,0,5.0899
16,1152,1,512,5.1260
16,1152,1,768,5.1437
16,1152,1,1152,5.1704
16,1152,1,1728,5.2104
16,1152,1,2592,5.2703
16,1152,1,3888,5.3602
16,1152,1,5832,5.4951
16,1152,1,8748,5.6974
16,1152,1,13122,6.0008
16,1152,1,16384,6.2271
16,1152,2,512,5.1621
16,1152,2,768,5.1976
16,1152,2,1152,5.2509
16,1152,2,1728,5.3308
16,1152,2,2592,5.4507
16,1152,2,3888,5.6305
16,1152,2,5832,5.9002
16,1152,2,8748,6.3048
16,1152,2,13122,6.9117
16,1152,2,16384,7.3644
16,1152,4,512,5.2342
16,1152,4,768,5.3053
16,1152,4,1152,5.4118
16,1152,4,1728,5.5717
16,1152,4,2592,5.8114
16,1152,4,3888,6.1711
16,1152,4,5832,6.7106
16,1152,4,8748,7.5198
16,1152,4,13122,8.7336
16,1152,4,16384,9.6388
16,1152,8,512,5.3785
16,1152,8,768,5.5206
16,1152,8,1152,5.7337
16,1152,8,1728,6.0534
16,1152,8,2592,6.5329
16,1152,8,3888,7.2522
16,1152,8,5832,8.3312
16,1152,8,8748,9.9496
16,1152,8,13122,12.3772
16,1152,8,16384,14.1877
16,1152,16,512,5.6671
16,1152,16,768,5.9513
16,1152,16,1152,6.3775
16,1152,16,1728,7.0169
16,1152,16,2592,7.9760
16,1152,16,3888,9.4146
16,1152,16,5832,11.5725
16,1152,16,8748,14.8093
16,1152,16,13122,19.6646
16,1152,16,16384,23.2855
16,1152,32,512,6.2443
16,1152,32,768,6.8127
16,1152,32,1152,7.6652
16,1152,32,1728,8.9439
16,1152,32,2592,10.8621
16,1152,32,3888,13.7392
16,1152,32,5832,18.0550
16,1152,32,8748,24.5287
16,1152,32,13122,34.2392
16,1152,32,16384,41.4810
16,1152,64,512,7.3988
16,1152,64,768,8.5354
16,1152,64,1152,10.2404
16,1152,64,1728,12.7979
16,1152,64,2592,16.6342
16,1152,64,3888,22.3886
16,1152,64,5832,31.0201
16,1152,64,8748,43.9675
16,1152,64,13122,63.3885
16,1152,64,16384,77.8722
16,1152,128,512,9.7076
16,1152,128,768,11.9810
16,1152,128,1152,15.3910
16,1152,128,1728,20.5060
16,1152,128,2592,28.1785
16,1152,128,3888,39.6872
16,1152,128,5832,56.9504
16,1152,128,8748,82.8451
16,1152,128,13122,121.6872
16,1152,128,16384,150.6544
16,1728,0,0,5.1299
16,1728,1,512,5.1659
16,1728,1,768,5.1837
16,1728,1,1152,5.2104
16,1728,1,1728,5.2503
16,1728,1,2592,5.3103
16,1728,1,3888,5.4002
16,1728,1,5832,5.5350
16,1728,1,8748,5.7373
16,1728,1,13122,6.0408
16,1728,1,16384,6.2671
16,1728,2,512,5.2020
16,1728,2,768,5.2375
16,1728,2,1152,5.2908
16,1728,2,1728,5.3707
16,1728,2,2592,5.4906
16,1728,2,3888,5.6705
16,1728,2,5832,5.9402
16,1728,2,8748,6.3448
16,1728,2,13122,6.9517
16,1728,2,16384,7.4043
16,1728,4,512,5.2742
16,1728,4,768,5.3452
16,1728,4,1152,5.4518
16,1728,4,1728,5.6116
16,1728,4,2592,5.8514
16,1728,4,3888,6.2110
16,1728,4,5832,6.7505
16,1728,4,8748,7.5597
16,1728,4,13122,8.7735
16,1728,4,16384,9.6788
16,1728,8,512,5.4185
16,1728,8,768,5.5606
16,1728,8,1152,5.7737
16,1728,8,1728,6.0934
16,1728,8,2592,6.5729
16,1728,8,3888,7.2922
16,1728,8,5832,8.3712
16,1728,8,8748,9.9896
16,1728,8,13122,12.4172
16,1728,8,16384,14.2277
16,1728,16,512,5.7071
16,1728,16,768,5.9913
16,1728,16,1152,6.4175
16,1728,16,1728,7.0569
16,1728,16,2592,8.0159
16,1728,16,3888,9.4545
16,1728,16,5832,11.6124
16,1728,16,8748,14.8493
16,1728,16,13122,19.7045
16,1728,16,16384,23.3254
16,1728,32,512,6.2843
16,1728,32,768,6.8526
16,1728,32,1152,7.7051
16,1728,32,1728,8.9839
16,1728,32,2592,10.9020
16,1728,32,3888,13.7792
16,1728,32,5832,18.0950
16,1728,32,8748,24.5687
16,1728,32,13122,34.2792
16,1728,32,16384,41.5210
16,1728,64,512,7.4387
16,1728,64,768,8.5754
16,1728,64,1152,10.2804
16,1728,64,1728,12.8379
16,1728,64,2592,16.6742
16,1728,64,3888,22.4285
16,1728,64,5832,31.0601
16,1728,64,8748,44.0075
16,1728,64,13122,63.4285
16,1728,64,16384,77.9121
16,1728,128,512,9.7476
16,1728,128,768,12.0209
16,1728,128,1152,15.4309
16,1728,128,1728,20.5459
16,1728,128,2592,28.2184
16,1728,128,3888,39.7272
16,1728,128,5832,56.9903
16,1728,128,8748,82.8851
16,1728,128,13122,121.7271
16,1728,128,16384,150.6944
16,2048,0,0,5.1521
16,2048,1,16,5.1537
16,2048,1,32,5.1548
16,2048,1,64,5.1571
16,2048,1,128,5.1615
16,2048,1,256,5.1704
16,2048,1,512,5.1881
16,2048,1,1024,5.2237
16,2048,1,2048,5.2947
16,2048,1,4096,5.4368
16,2048,1,8192,5.7210
16,2048,1,16384,6.2893
16,2048,2,16,5.1554
16,2048,2,32,5.1576
16,2048,2,64,5.1621
16,2048,2,128,5.1709
16,2048,2,256,5.1887
16,2048,2,512,5.2242
16,2048,2,1024,5.2953
16,2048,2,2048,5.4374
16,2048,2,4096,5.7215
16,2048,2,8192,6.2899
16,2048,2,16384,7.4265
16,2048,4,16,5.1587
16,2048,4,32,5.1632
16,2048,4,64,5.1721
16,2048,4,128,5.1898
16,2048,4,256,5.2253
16,2048,4,512,5.2964
16,2048,4,1024,5.4385
16,2048,4,2048,5.7226
16,2048,4,4096,6.2910
16,2048,4,8192,7.4276
16,2048,4,16384,9.7010
16,2048,8,16,5.1654
16,2048,8,32,5.1743
16,2048,8,64,5.1920
16,2048,8,128,5.2276
16,2048,8,256,5.2986
16,2048,8,512,5.4407
16,2048,8,1024,5.7248
16,2048,8,2048,6.2932
16,2048,8,4096,7.4298
16,2048,8,8192,9.7032
16,2048,8,16384,14.2499
16,2048,16,16,5.1787
16,2048,16,32,5.1965
16,2048,16,64,5.2320
16,2048,16,128,5.3030
16,2048,16,256,5.4451
16,2048,16,512,5.7293
16,2048,16,1024,6.2976
16,2048,16,2048,7.4343
16,2048,16,4096,9.7076
16,2048,16,8192,14.2543
16,2048,16,16384,23.3476
16,2048,32,16,5.2054
16,2048,32,32,5.2409
16,2048,32,64,5.3119
16,2048,32,128,5.4540
16,2048,32,256,5.7382
16,2048,32,512,6.3065
16,2048,32,1024,7.4432
16,2048,32,2048,9.7165
16,2048,32,4096,14.2632
16,2048,32,8192,23.3565
16,2048,32,16384,41.5432
16,2048,64,16,5.2586
16,2048,64,32,5.3297
16,2048,64,64,5.4718
16,2048,64,128,5.7559
16,2048,64,256,6.3243
16,2048,64,512,7.4609
16,2048,64,1024,9.7343
16,2048,64,2048,14.2809
16,2048,64,4096,23.3743
16,2048,64,8192,41.5610
16,2048,64,16384,77.9343
16,2048,128,16,5.3652
16,2048,128,32,5.5073
16,2048,128,64,5.7914
16,2048,128,128,6.3598
16,2048,128,256,7.4965
16,2048,128,512,9.7698
16,2048,128,1024,14.3165
16,2048,128,2048,23.4098
16,2048,128,4096,41.5965
16,2048,128,8192,77.9699
16,2048,128,16384,150.7166
16,2592,0,0,5.1898
16,2592,1,512,5.2259
16,2592,1,768,5.2437
16,2592,1,1152,5.2703
16,2592,1,1728,5.3103
16,2592,1,2592,5.3702
16,2592,1,3888,5.4601
16,2592,1,5832,5.5950
16,2592,1,8748,5.7973
16,2592,1,13122,6.1007
16,2592,1,16384,6.3270
16,2592,2,512,5.2620
16,2592,2,768,5.2975
16,2592,2,1152,5.3508
16,2592,2,1728,5.4307
16,2592,2,2592,5.5506
16,2592,2,3888,5.7304
16,2592,2,5832,6.0001
16,2592,2,8748,6.4047
16,2592,2,13122,7.0116
16,2592,2,16384,7.4643
16,2592,4,512,5.3341
16,2592,4,768,5.4052
16,2592,4,1152,5.5117
16,2592,4,1728,5.6716
16,2592,4,2592,5.9113
16,2592,4,3888,6.2710
16,2592,4,5832,6.8105
16,2592,4,8748,7.6197
16,2592,4,13122,8.8335
16,2592,4,16384,9.7387
16,2592,8,512,5.4784
16,2592,8,768,5.6205
16,2592,8,1152,5.8336
16,2592,8,1728,6.1533
16,2592,8,2592,6.6328
16,2592,8,3888,7.3521
16,2592,8,5832,8.4311
16,2592,8,8748,10.0495
16,2592,8,13122,12.4771
16,2592,8,16384,14.2876
16,2592,16,512,5.7670
16,2592,16,768,6.0512
16,2592,16,1152,6.4774
16,2592,16,1728,7.1168
16,2592,16,2592,8.0759
16,2592,16,3888,9.5145
16,2592,16,5832,11.6724
16,2592,16,8748,14.9092
16,2592,16,13122,19.7645
16,2592,16,16384,23.3854
16,2592,32,512,6.3442
16,2592,32,768,6.9126
16,2592,32,1152,7.7651
16,2592,32,1728,9.0438
16,2592,32,2592,10.9620
16,2592,32,3888,13.8391
16,2592,32,5832,18.1549
16,2592,32,8748,24.6286
16,2592,32,13122,34.3391
16,2592,32,16384,41.5809
16,2592,64,512,7.4987
16,2592,64,768,8.6353
16,2592,64,1152,10.3403
16,2592,64,1728,12.8978
16,2592,64,2592,16.7341
16,2592,64,3888,22.4885
16,2592,64,5832,31.1200
16,2592,64,8748,44.0674
16,2592,64,13122,63.4884
16,2592,64,16384,77.9721
16,2592,128,512,9.8075
16,2592,128,768,12.0809
16,2592,128,1152,15.4909
16,2592,128,1728,20.6059
16,2592,128,2592,28.2784
16,2592,128,3888,39.7871
16,2592,128,5832,57.0503
16,2592,128,8748,82.9450
16,2592,128,13122,121.7871
16,2592,128,16384,150.7543
16,3888,0,0,5.2797
16,3888,1,512,5.3158
16,3888,1,768,5.3336
16,3888,1,1152,5.3602
16,3888,1,1728,5.4002
16,3888,1,2592,5.4601
16,3888,1,3888,5.5500
16,3888,1,5832,5.6849
16,3888,1,8748,5.8872
16,3888,1,13122,6.1906
16,3888,1,16384,6.4169
16,3888,2,512,5.3519
16,3888,2,768,5.3874
16,3888,2,1152,5.4407
16,3888,2,1728,5.5206
16,3888,2,2592,5.6405
16,3888,2,3888,5.8203
16,3888,2,5832,6.0900
16,3888,2,8748,6.4947
16,3888,2,13122,7.1016
16,3888,2,16384,7.5542
16,3888,4,512,5.4240
16,3888,4,768,5.4951
16,3888,4,1152,5.6016
16,3888,4,1728,5.7615
16,3888,4,2592,6.0012
16,3888,4,3888,6.3609
16,3888,4,5832,6.9004
16,3888,4,8748,7.7096
16,3888,4,13122,8.9234
16,3888,4,16384,9.8286
16,3888,8,512,5.5683
16,3888,8,768,5.7104
16,3888,8,1152,5.9235
16,3888,8,1728,6.2432
16,3888,8,2592,6.7228
16,3888,8,3888,7.4421
16,3888,8,5832,8.5210
16,3888,8,8748,10.1394
16,3888,8,13122,12.5671
16,3888,8,16384,14.3775
16,3888,16,512,5.8569
16,3888,16,768,6.1411
16,3888,16,1152,6.5674
16,3888,16,1728,7.2067
16,3888,16,2592,8.1658
16,3888,16,3888,9.6044
16,3888,16,5832,11.7623
16,3888,16,8748,14.9991
16,3888,16,13122,19.8544
16,3888,16,16384,23.4753
16,3888,32,512,6.4342
16,3888,32,768,7.0025
16,3888,32,1152,7.8550
16,3888,32,1728,9.1337
16,3888,32,2592,11.0519
16,3888,32,3888,13.9291
16,3888,32,5832,18.2448
16,3888,32,8748,24.7185
16,3888,32,13122,34.4290
16,3888,32,16384,41.6709
16,3888,64,512,7.5886
16,3888,64,768,8.7253
16,3888,64,1152,10.4303
16,3888,64,1728,12.9878
16,3888,64,2592,16.8240
16,3888,64,3888,22.5784
16,3888,64,5832,31.2100
16,3888,64,8748,44.1573
16,3888,64,13122,63.5784
16,3888,64,16384,78.0620
16,3888,128,512,9.8974
16,3888,128,768,12.1708
16,3888,128,1152,15.5808
16,3888,128,1728,20.6958
16,3888,128,2592,28.3683
16,3888,128,3888,39.8771
16,3888,128,5832,57.1402
16,3888,128,8748,83.0349
16,3888,128,13122,121.8770
16,3888,128,16384,150.8442
16,4096,0,0,5.2942
16,4096,1,16,5.2958
16,4096,1,32,5.2969
16,4096,1,64,5.2992
16,4096,1,128,5.3036
16,4096,1,256,5.3125
16,4096,1,512,5.3302
16,4096,1,1024,5.3658
16,4096,1,2048,5.4368
16,4096,1,4096,5.5789
16,4096,1,8192,5.8630
16,4096,1,16384,6.4314
16,4096,2,16,5.2975
16,4096,2,32,5.2997
16,4096,2,64,5.3041
16,4096,2,128,5.3130
16,4096,2,256,5.3308
16,4096,2,512,5.3663
16,4096,2,1024,5.4374
16,4096,2,2048,5.5794
16,4096,2,4096,5.8636
16,4096,2,8192,6.4319
16,4096,2,16384,7.5686
16,4096,4,16,5.3008
16,4096,4,32,5.3053
16,4096,4,64,5.3141
16,4096,4,128,5.3319
16,4096,4,256,5.3674
16,4096,4,512,5.4385
16,4096,4,1024,5.5805
16,4096,4,2048,5.8647
16,4096,4,4096,6.4330
16,4096,4,8192,7.5697
16,4096,4,16384,9.8430
16,4096,8,16,5.3075
16,4096,8,32,5.3164
16,4096,8,64,5.3341
16,4096,8,128,5.3696
16,4096,8,256,5.4407
16,4096,8,512,5.5828
16,4096,8,1024,5.8669
16,4096,8,2048,6.4353
16,4096,8,4096,7.5719
16,4096,8,8192,9.8453
16,4096,8,16384,14.3919
16,4096,16,16,5.3208
16,4096,16,32,5.3386
16,4096,16,64,5.3741
16,4096,16,128,5.4451
16,4096,16,256,5.5872
16,4096,16,512,5.8714
16,4096,16,1024,6.4397
16,4096,16,2048,7.5764
16,4096,16,4096,9.8497
16,4096,16,8192,14.3964
16,4096,16,16384,23.4897
16,4096,32,16,5.3474
16,4096,32,32,5.3830
16,4096,32,64,5.4540
16,4096,32,128,5.5961
16,4096,32,256,5.8803
16,4096,32,512,6.4486
16,4096,32,1024,7.5853
16,4096,32,2048,9.8586
16,4096,32,4096,14.4053
16,4096,32,8192,23.4986
16,4096,32,16384,41.6853
16,4096,64,16,5.4007
16,4096,64,32,5.4718
16,4096,64,64,5.6138
16,4096,64,128,5.8980
16,4096,64,256,6.4663
16,4096,64,512,7.6030
16,4096,64,1024,9.8763
16,4096,64,2048,14.4230
16,4096,64,4096,23.5164
16,4096,64,8192,41.7030
16,4096,64,16384,78.0764
16,4096,128,16,5.5073
16,4096,128,32,5.6494
16,4096,128,64,5.9335
16,4096,128,128,6.5019
16,4096,128,256,7.6385
16,4096,128,512,9.9119
16,4096,128,1024,14.4585
16,4096,128,2048,23.5519
16,4096,128,4096,41.7386
16,4096,128,8192,78.1119
16,4096,128,16384,150.8587
16,5832,0,0,5.4146
16,5832,1,512,5.4507
16,5832,1,768,5.4684
16,5832,1,1152,5.4951
16,5832,1,1728,5.5350
16,5832,1,2592,5.5950
16,5832,1,3888,5.6849
16,5832,1,5832,5.8198
16,5832,1,8748,6.0221
16,5832,1,13122,6.3255
16,5832,1,16384,6.5518
16,5832,2,512,5.4867
16,5832,2,768,5.5223
16,5832,2,1152,5.5755
16,5832,2,1728,5.6555
16,5832,2,2592,5.7754
16,5832,2,3888,5.9552
16,5832,2,5832,6.2249
16,5832,2,8748,6.6295
16,5832,2,13122,7.2364
16,5832,2,16384,7.6890
16,5832,4,512,5.5589
16,5832,4,768,5.6299
16,5832,4,1152,5.7365
16,5832,4,1728,5.8963
16,5832,4,2592,6.1361
16,5832,4,3888,6.4958
16,5832,4,5832,7.0352
16,5832,4,8748,7.8444
16,5832,4,13122,9.0583
16,5832,4,16384,9.9635
16,5832,8,512,5.7032
16,5832,8,768,5.8453
16,5832,8,1152,6.0584
16,5832,8,1728,6.3781
16,5832,8,2592,6.8576
16,5832,8,3888,7.5769
16,5832,8,5832,8.6559
16,5832,8,8748,10.2743
16,5832,8,13122,12.7019
16,5832,8,16384,14.5124
16,5832,16,512,5.9918
16,5832,16,768,6.2760
16,5832,16,1152,6.7022
16,5832,16,1728,7.3416
16,5832,16,2592,8.3007
16,5832,16,3888,9.7393
16,5832,16,5832,11.8972
16,5832,16,8748,15.1340
16,5832,16,13122,19.9893
16,5832,16,16384,23.6102
16,5832,32,512,6.5690
16,5832,32,768,7.1374
16,5832,32,1152,7.9899
16,5832,32,1728,9.2686
16,5832,32,2592,11.1867
16,5832,32,3888,14.0639
16,5832,32,5832,18.3797
16,5832,32,8748,24.8534
16,5832,32,13122,34.5639
16,5832,32,16384,41.8057
16,5832,64,512,7.7235
16,5832,64,768,8.8601
16,5832,64,1152,10.5651
16,5832,64,1728,13.1226
16,5832,64,2592,16.9589
16,5832,64,3888,22.7133
16,5832,64,5832,31.3448
16,5832,64,8748,44.2922
16,5832,64,13122,63.7132
16,5832,64,16384,78.1969
16,5832,128,512,10.0323
16,5832,128,768,12.3056
16,5832,128,1152,15.7156
16,5832,128,1728,20.8307
16,5832,128,2592,28.5032
16,5832,128,3888,40.0119
16,5832,128,5832,57.2751
16,5832,128,8748,83.1698
16,5832,128,13122,122.0118
16,5832,128,16384,150.9791
16,8192,0,0,5.5783
16,8192,1,16,5.5800
16,8192,1,32,5.5811
16,8192,1,64,5.5833
16,8192,1,128,5.5878
16,8192,1,256,5.5966
16,8192,1,512,5.6144
16,8192,1,1024,5.6499
16,8192,1,2048,5.7210
16,8192,1,4096,5.8630
16,8192,1,8192,6.1472
16,8192,1,16384,6.7155
16,8192,2,16,5.5817
16,8192,2,32,5.5839
16,8192,2,64,5.5883
16,8192,2,128,5.5972
16,8192,2,256,5.6150
16,8192,2,512,5.6505
16,8192,2,1024,5.7215
16,8192,2,2048,5.8636
16,8192,2,4096,6.1478
16,8192,2,8192,6.7161
16,8192,2,16384,7.8528
16,8192,4,16,5.5850
16,8192,4,32,5.5894
16,8192,4,64,5.5983
16,8192,4,128,5.6161
16,8192,4,256,5.6516
16,8192,4,512,5.7226
16,8192,4,1024,5.8647
16,8192,4,2048,6.1489
16,8192,4,4096,6.7172
16,8192,4,8192,7.8539
16,8192,4,16384,10.1272
16,8192,8,16,5.5916
16,8192,8,32,5.6005
16,8192,8,64,5.6183
16,8192,8,128,5.6538
16,8192,8,256,5.7248
16,8192,8,512,5.8669
16,8192,8,1024,6.1511
16,8192,8,2048,6.7194
16,8192,8,4096,7.8561
16,8192,8,8192,10.1294
16,8192,8,16384,14.6761
16,8192,16,16,5.6050
16,8192,16,32,5.6227
16,8192,16,64,5.6582
16,8192,16,128,5.7293
16,8192,16,256,5.8714
16,8192,16,512,6.1555
16,8192,16,1024,6.7239
16,8192,16,2048,7.8605
16,8192,16,4096,10.1339
16,8192,16,8192,14.6805
16,8192,16,16384,23.7739
16,8192,32,16,5.6316
16,8192,32,32,5.6671
16,8192,32,64,5.7382
16,8192,32,128,5.8803
16,8192,32,256,6.1644
16,8192,32,512,6.7328
16,8192,32,1024,7.8694
16,8192,32,2048,10.1428
16,8192,32,4096,14.6894
16,8192,32,8192,23.7828
16,8192,32,16384,41.9695
16,8192,64,16,5.6849
16,8192,64,32,5.7559
16,8192,64,64,5.8980
16,8192,64,128,6.1822
16,8192,64,256,6.7505
16,8192,64,512,7.8872
16,8192,64,1024,10.1605
16,8192,64,2048,14.7072
16,8192,64,4096,23.8005
16,8192,64,8192,41.9872
16,8192,64,16384,78.3606
16,8192,128,16,5.7914
16,8192,128,32,5.9335
16,8192,128,64,6.2177
16,8192,128,128,6.7860
16,8192,128,256,7.9227
16,8192,128,512,10.1960
16,8192,128,1024,14.7427
16,8192,128,2048,23.8360
16,8192,128,4096,42.0227
16,8192,128,8192,78.3961
16,8192,128,16384,151.1428
16,8748,0,0,5.6169
16,8748,1,512,5.6530
16,8748,1,768,5.6707
16,8748,1,1152,5.6974
16,8748,1,1728,5.7373
16,8748,1,2592,5.7973
16,8748,1,3888,5.8872
16,8748,1,5832,6.0221
16,8748,1,8748,6.2244
16,8748,1,13122,6.5278
16,8748,1,16384,6.7541
16,8748,2,512,5.6890
16,8748,2,768,5.7246
16,8748,2,1152,5.7779
16,8748,2,1728,5.8578
16,8748,2,2592,5.9777
16,8748,2,3888,6.1575
16,8748,2,5832,6.4272
16,8748,2,8748,6.8318
16,8748,2,13122,7.4387
16,8748,2,16384,7.8913
16,8748,4,512,5.7612
16,8748,4,768,5.8322
16,8748,4,1152,5.9388
16,8748,4,1728,6.0986
16,8748,4,2592,6.3384
16,8748,4,3888,6.6981
16,8748,4,5832,7.2375
16,8748,4,8748,8.0467
16,8748,4,13122,9.2606
16,8748,4,16384,10.1658
16,8748,8,512,5.9055
16,8748,8,768,6.0476
16,8748,8,1152,6.2607
16,8748,8,1728,6.5804
16,8748,8,2592,7.0599
16,8748,8,3888,7.7792
16,8748,8,5832,8.8582
16,8748,8,8748,10.4766
16,8748,8,13122,12.9042
16,8748,8,16384,14.7147
16,8748,16,512,6.1941
16,8748,16,768,6.4783
16,8748,16,1152,6.9045
16,8748,16,1728,7.5439
16,8748,16,2592,8.5030
16,8748,16,3888,9.9416
16,8748,16,5832,12.0995
16,8748,16,8748,15.3363
16,8748,16,13122,20.1916
16,8748,16,16384,23.8125
16,8748,32,512,6.7713
16,8748,32,768,7.3397
16,8748,32,1152,8.1922
16,8748,32,1728,9.4709
16,8748,32,2592,11.3890
16,8748,32,3888,14.2662
16,8748,32,5832,18.5820
16,8748,32,8748,25.0557
16,8748,32,13122,34.7662
16,8748,32,16384,42.0080
16,8748,64,512,7.9258
16,8748,64,768,9.0624
16,8748,64,1152,10.7674
16,8748,64,1728,13.3249
16,8748,64,2592,17.1612
16,8748,64,3888,22.9156
16,8748,64,5832,31.5471
16,8748,64,8748,44.4945
16,8748,64,13122,63.9155
16,8748,64,16384,78.3992
16,8748,128,512,10.2346
16,8748,128,768,12.5079
16,8748,128,1152,15.9179
16,8748,128,1728,21.0330
16,8748,128,2592,28.7055
16,8748,128,3888,40.2142
16,8748,128,5832,57.4774
16,8748,128,8748,83.3721
16,8748,128,13122,122.2141
16,8748,128,16384,151.1814
16,13122,0,0,5.9204
16,13122,1,512,5.9564
16,13122,1,768,5.9742
16,13122,1,1152,6.0008
16,13122,1,1728,6.0408
16,13122,1,2592,6.1007
16,13122,1,3888,6.1906
16,13122,1,5832,6.3255
16,13122,1,8748,6.5278
16,13122,1,13122,6.8313
16,13122,1,16384,7.0576
16,13122,2,512,5.9925
16,13122,2,768,6.0280
16,13122,2,1152,6.0813
16,13122,2,1728,6.1612
16,13122,2,2592,6.2811
16,13122,2,3888,6.4609
16,13122,2,5832,6.7307
16,13122,2,8748,7.1353
16,13122,2,13122,7.7422
16,13122,2,16384,8.1948
16,13122,4,512,6.0647
16,13122,4,768,6.1357
16,13122,4,1152,6.2423
16,13122,4,1728,6.4021
16,13122,4,2592,6.6419
16,13122,4,3888,7.0015
16,13122,4,5832,7.5410
16,13122,4,8748,8.3502
16,13122,4,13122,9.5640
16,13122,4,16384,10.4692
16,13122,8,512,6.2090
16,13122,8,768,6.3510
16,13122,8,1152,6.5642
16,13122,8,1728,6.8839
16,13122,8,2592,7.3634
16,13122,8,3888,8.0827
16,13122,8,5832,9.1616
16,13122,8,8748,10.7800
16,13122,8,13122,13.2077
16,13122,8,16384,15.0181
16,13122,16,512,6.4976
16,13122,16,768,6.7817
16,13122,16,1152,7.2080
16,13122,16,1728,7.8474
16,13122,16,2592,8.8064
16,13122,16,3888,10.2450
16,13122,16,5832,12.4029
16,13122,16,8748,15.6397
16,13122,16,13122,20.4950
16,13122,16,16384,24.1159
16,13122,32,512,7.0748
16,13122,32,768,7.6431
16,13122,32,1152,8.4956
16,13122,32,1728,9.7744
16,13122,32,2592,11.6925
16,13122,32,3888,14.5697
16,13122,32,5832,18.8855
16,13122,32,8748,25.3591
16,13122,32,13122,35.0697
16,13122,32,16384,42.3115
16,13122,64,512,8.2292
16,13122,64,768,9.3659
16,13122,64,1152,11.0709
16,13122,64,1728,13.6284
16,13122,64,2592,17.4646
16,13122,64,3888,23.2190
16,13122,64,5832,31.8506
16,13122,64,8748,44.7979
16,13122,64,13122,64.2190
16,13122,64,16384,78.7026
16,13122,128,512,10.5381
16,13122,128,768,12.8114
16,13122,128,1152,16.2214
16,13122,128,1728,21.3364
16,13122,128,2592,29.0089
16,13122,128,3888,40.5177
16,13122,128,5832,57.7808
16,13122,128,8748,83.6755
16,13122,128,13122,122.5176
16,13122,128,16384,151.4849
16,16384,0,0,6.1467
16,16384,1,16,6.1483
16,16384,1,32,6.1494
16,16384,1,64,6.1517
16,16384,1,128,6.1561
16,16384,1,256,6.1650
16,16384,1,512,6.1827
16,16384,1,768,6.2005
16,16384,1,1024,6.2183
16,16384,1,1152,6.2271
16,16384,1,1728,6.2671
16,16384,1,2048,6.2893
16,16384,1,2592,6.3270
16,16384,1,3888,6.4169
16,16384,1,4096,6.4314
16,16384,1,5832,6.5518
16,16384,1,8192,6.7155
16,16384,1,8748,6.7541
16,16384,1,13122,7.0576
16,16384,1,16384,7.2839
16,16384,2,16,6.1500
16,16384,2,32,6.1522
16,16384,2,64,6.1566
16,16384,2,128,6.1655
16,16384,2,256,6.1833
16,16384,2,512,6.2188
16,16384,2,768,6.2543
16,16384,2,1024,6.2899
16,16384,2,1152,6.3076
16,16384,2,1728,6.3875
16,16384,2,2048,6.4319
16,16384,2,2592,6.5074
16,16384,2,3888,6.6872
16,16384,2,4096,6.7161
16,16384,2,5832,6.9570
16,16384,2,8192,7.2844
16,16384,2,8748,7.3616
16,16384,2,13122,7.9685
16,16384,2,16384,8.4211
16,16384,4,16,6.1533
16,16384,4,32,6.1578
16,16384,4,64,6.1666
16,16384,4,128,6.1844
16,16384,4,256,6.2199
16,16384,4,512,6.2910
16,16384,4,768,6.3620
16,16384,4,1024,6.4330
16,16384,4,1152,6.4686
16,16384,4,1728,6.6284
16,16384,4,2048,6.7172
16,16384,4,2592,6.8682
16,16384,4,3888,7.2278
16,16384,4,4096,7.2855
16,16384,4,5832,7.7673
16,16384,4,8192,8.4222
16,16384,4,8748,8.5765
16,16384,4,13122,9.7903
16,16384,4,16384,10.6955
16,16384,8,16,6.1600
16,16384,8,32,6.1689
16,16384,8,64,6.1866
16,16384,8,128,6.2221
16,16384,8,256,6.2932
16,16384,8,512,6.4353
16,16384,8,768,6.5773
16,16384,8,1024,6.7194
16,16384,8,1152,6.7905
16,16384,8,1728,7.1102
16,16384,8,2048,7.2878
16,16384,8,2592,7.5897
16,16384,8,3888,8.3090
16,16384,8,4096,8.4244
16,16384,8,5832,9.3879
16,16384,8,8192,10.6978
16,16384,8,8748,11.0064
16,16384,8,13122,13.4340
16,16384,8,16384,15.2444
16,16384,16,16,6.1733
16,16384,16,32,6.1911
16,16384,16,64,6.2266
16,16384,16,128,6.2976
16,16384,16,256,6.4397
16,16384,16,512,6.7239
16,16384,16,768,7.0080
16,16384,16,1024,7.2922
16,16384,16,1152,7.4343
16,16384,16,1728,8.0737
16,16384,16,2048,8.4289
16,16384,16,2592,9.0327
16,16384,16,3888,10.4713
16,16384,16,4096,10.7022
16,16384,16,5832,12.6292
16,16384,16,8192,15.2489
16,16384,16,8748,15.8661
16,16384,16,13122,20.7213
16,16384,16,16384,24.3422
16,16384,32,16,6.1999
16,16384,32,32,6.2355
16,16384,32,64,6.3065
16,16384,32,128,6.4486
16,16384,32,256,6.7328
16,16384,32,512,7.3011
16,16384,32,768,7.8694
16,16384,32,1024,8.4378
16,16384,32,1152,8.7219
16,16384,32,1728,10.0007
16,16384,32,2048,10.7111
16,16384,32,2592,11.9188
16,16384,32,3888,14.7960
16,16384,32,4096,15.2578
16,16384,32,5832,19.1118
16,16384,32,8192,24.3511
16,16384,32,8748,25.5855
16,16384,32,13122,35.2960
16,16384,32,16384,42.5378
16,16384,64,16,6.2532
16,16384,64,32,6.3243
16,16384,64,64,6.4663
16,16384,64,128,6.7505
16,16384,64,256,7.3188
16,16384,64,512,8.4555
16,16384,64,768,9.5922
16,16384,64,1024,10.7288
16,16384,64,1152,11.2972
16,16384,64,1728,13.8547
16,16384,64,2048,15.2755
16,16384,64,2592,17.6909
16,16384,64,3888,23.4453
16,16384,64,4096,24.3689
16,16384,64,5832,32.0769
16,16384,64,8192,42.5555
16,16384,64,8748,45.0242
16,16384,64,13122,64.4453
16,16384,64,16384,78.9289
16,16384,128,16,6.3598
16,16384,128,32,6.5019
16,16384,128,64,6.7860
16,16384,128,128,7.3544
16,16384,128,256,8.4910
16,16384,128,512,10.7644
16,16384,128,768,13.0377
16,16384,128,1024,15.3110
16,16384,128,1152,16.4477
16,16384,128,1728,21.5627
16,16384,128,2048,24.4044
16,16384,128,2592,29.2352
16,16384,128,3888,40.7440
16,16384,128,4096,42.5911
16,16384,128,5832,58.0071
16,16384,128,8192,78.9644
16,16384,128,8748,83.9018
16,16384,128,13122,122.7439
16,16384,128,16384,151.7112
24,0,0,0,5.0150
24,0,1,512,5.0511
24,0,1,768,5.0688
24,0,1,1152,5.0955
24,0,1,1728,5.1354
24,0,1,2592,5.1954
24,0,1,3888,5.2853
24,0,1,5832,5.4201
24,0,1,8748,5.6224
24,0,1,13122,5.9259
24,0,1,16384,6.1522
24,0,2,512,5.0871
24,0,2,768,5.1227
24,0,2,1152,5.1759
24,0,2,1728,5.2559
24,0,2,2592,5.3757
24,0,2,3888,5.5556
24,0,2,5832,5.8253
24,0,2,8748,6.2299
24,0,2,13122,6.8368
24,0,2,16384,7.2894
24,0,4,512,5.1593
24,0,4,768,5.2303
24,0,4,1152,5.3369
24,0,4,1728,5.4967
24,0,4,2592,5.7365
24,0,4,3888,6.0962
24,0,4,5832,6.6356
24,0,4,8748,7.4448
24,0,4,13122,8.6586
24,0,4,16384,9.5639
24,0,8,512,5.3036
24,0,8,768,5.4457
24,0,8,1152,5.6588
24,0,8,1728,5.9785
24,0,8,2592,6.4580
24,0,8,3888,7.1773
24,0,8,5832,8.2563
24,0,8,8748,9.8747
24,0,8,13122,12.3023
24,0,8,16384,14.1128
24,0,16,512,5.5922
24,0,16,768,5.8764
24,0,16,1152,6.3026
24,0,16,1728,6.9420
24,0,16,2592,7.9011
24,0,16,3888,9.3397
24,0,16,5832,11.4975
24,0,16,8748,14.7344
24,0,16,13122,19.5896
24,0,16,16384,23.2105
24,0,32,512,6.1694
24,0,32,768,6.7377
24,0,32,1152,7.5902
24,0,32,1728,8.8690
24,0,32,2592,10.7871
24,0,32,3888,13.6643
24,0,32,5832,17.9801
24,0,32,8748,24.4538
24,0,32,13122,34.1643
24,0,32,16384,41.4061
24,0,64,512,7.3238
24,0,64,768,8.4605
24,0,64,1152,10.1655
24,0,64,1728,12.7230
24,0,64,2592,16.5593
24,0,64,3888,22.3136
24,0,64,5832,30.9452
24,0,64,8748,43.8926
24,0,64,13122,63.3136
24,0,64,16384,77.7972
24,0,128,512,9.6327
24,0,128,768,11.9060
24,0,128,1152,15.3160
24,0,128,1728,20.4310
24,0,128,2592,28.1035
24,0,128,3888,39.6123
24,0,128,5832,56.8755
24,0,128,8748,82.7702
24,0,128,13122,121.6122
24,0,128,16384,150.5795
24,512,0,0,5.0505
24,512,1,512,5.0866
24,512,1,768,5.1043
24,512,1,1152,5.1310
24,512,1,1728,5.1709
24,512,1,2592,5.2309
24,512,1,3888,5.3208
24,512,1,5832,5.4557
24,512,1,8748,5.6580
24,512,1,13122,5.9614
24,512,1,16384,6.1877
24,512,2,512,5.1227
24,512,2,768,5.1582
24,512,2,1152,5.2115
24,512,2,1728,5.2914
24,512,2,2592,5.4113
24,512,2,3888,5.5911
24,512,2,5832,5.8608
24,512,2,8748,6.2654
24,512,2,13122,6.8723
24,512,2,16384,7.3250
24,512,4,512,5.1948
24,512,4,768,5.2659
24,512,4,1152,5.3724
24,512,4,1728,5.5323
24,512,4,2592,5.7720
24,512,4,3888,6.1317
24,512,4,5832,6.6711
24,512,4,8748,7.4804
24,512,4,13122,8.6942
24,512,4,16384,9.5994
24,512,8,512,5.3391
24,512,8,768,5.4812
24,512,8,1152,5.6943
24,512,8,1728,6.0140
24,512,8,2592,6.4935
24,512,8,3888,7.2128
24,512,8,5832,8.2918
24,512,8,8748,9.9102
24,512,8,13122,12.3378
24,512,8,16384,14.1483
24,512,16,512,5.6277
24,512,16,768,5.9119
24,512,16,1152,6.3381
24,512,16,1728,6.9775
24,512,16,2592,7.9366
24,512,16,3888,9.3752
24,512,16,5832,11.5331
24,512,16,8748,14.7699
24,512,16,13122,19.6252
24,512,16,16384,23.2461
24,512,32,512,6.2049
24,512,32,768,6.7733
24,512,32,1152,7.6258
24,512,32,1728,8.9045
24,512,32,2592,10.8226
24,512,32,3888,13.6998
24,512,32,5832,18.0156
24,512,32,8748,24.4893
24,512,32,13122,34.1998
24,512,32,16384,41.4416
24,512,64,512,7.3594
24,512,64,768,8.4960
24,512,64,1152,10.2010
24,512,64,1728,12.7585
24,512,64,2592,16.5948
24,512,64,3888,22.3492
24,512,64,5832,30.9807
24,512,64,8748,43.9281
24,512,64,13122,63.3491
24,512,64,16384,77.8328
24,512,128,512,9.6682
24,512,128,768,11.9416
24,512,128,1152,15.3516
24,512,128,1728,20.4666
24,512,128,2592,28.1391
24,512,128,3888,39.6478
24,512,128,5832,56.9110
24,512,128,8748,82.8057
24,512,128,13122,121.6478
24,512,128,16384,150.6150
24,768,0,0,5.0683
24,768,1,512,5.1043
24,768,1,768,5.1221
24,768,1,1152,5.1487
24,768,1,1728,5.1887
24,768,1,2592,5.2486
24,768,1,3888,5.3386
24,768,1,5832,5.4734
24,768,1,8748,5.6757
24,768,1,13122,5.9792
24,768,1,16384,6.2055
24,768,2,512,5.1404
24,768,2,768,5.1759
24,768,2,1152,5.2292
24,768,2,1728,5.3091
24,768,2,2592,5.4290
24,768,2,3888,5.6088
24,768,2,5832,5.8786
24,768,2,8748,6.2832
24,768,2,13122,6.8901
24,768,2,16384,7.3427
24,768,4,512,5.2126
24,768,4,768,5.2836
24,768,4,1152,5.3902
24,768,4,1728,5.5500
24,768,4,2592,5.7898
24,768,4,3888,6.1494
24,768,4,5832,6.6889
24,768,4,8748,7.4981
24,768,4,13122,8.7119
24,768,4,16384,9.6172
24,768,8,512,5.3569
24,768,8,768,5.4990
24,768,8,1152,5.7121
24,768,8,1728,6.0318
24,768,8,2592,6.5113
24,768,8,3888,7.2306
24,768,8,5832,8.3095
24,768,8,8748,9.9280
24,768,8,13122,12.3556
24,768,8,16384,14.1660
24,768,16,512,5.6455
24,768,16,768,5.9296
24,768,16,1152,6.3559
24,768,16,1728,6.9953
24,768,16,2592,7.9543
24,768,16,3888,9.3929
24,768,16,5832,11.5508
24,768,16,8748,14.7877
24,768,16,13122,19.6429
24,768,16,16384,23.2638
24,768,32,512,6.2227
24,768,32,768,6.7910
24,768,32,1152,7.6435
24,768,32,1728,8.9223
24,768,32,2592,10.8404
24,768,32,3888,13.7176
24,768,32,5832,18.0334
24,768,32,8748,24.5071
24,768,32,13122,34.2176
24,768,32,16384,41.4594
24,768,64,512,7.3771
24,768,64,768,8.5138
24,768,64,1152,10.2188
24,768,64,1728,12.7763
24,768,64,2592,16.6125
24,768,64,3888,22.3669
24,768,64,5832,30.9985
24,768,64,8748,43.9459
24,768,64,13122,63.3669
24,768,64,16384,77.8505
24,768,128,512,9.6860
24,768,128,768,11.9593
24,768,128,1152,15.3693
24,768,128,1728,20.4843
24,768,128,2592,28.1568
24,768,128,3888,39.6656
24,768,128,5832,56.9287
24,768,128,8748,82.8234
24,768,128,13122,121.6655
24,768,128,16384,150.6328
24,1152,0,0,5.0949
24,1152,1,512,5.1310
24,1152,1,768,5.1487
24,1152,1,1152,5.1754
24,1152,1,1728,5.2153
24,1152,1,2592,5.2753
24,1152,1,3888,5.3652
24,1152,1,5832,5.5001
24,1152,1,8748,5.7024
24,1152,1,13122,6.0058
24,1152,1,16384,6.2321
24,1152,2,512,5.1671
24,1152,2,768,5.2026
24,1152,2,1152,5.2559
24,1152,2,1728,5.3358
24,1152,2,2592,5.4557
24,1152,2,3888,5.6355
24,1152,2,5832,5.9052
24,1152,2,8748,6.3098
24,1152,2,13122,6.9167
24,1152,2,16384,7.3694
24,1152,4,512,5.2392
24,1152,4,768,5.3103
24,1152,4,1152,5.4168
24,1152,4,1728,5.5767
24,1152,4,2592,5.8164
24,1152,4,3888,6.1761
24,1152,4,5832,6.7155
24,1152,4,8748,7.5248
24,1152,4,13122,8.7386
24,1152,4,16384,9.6438
24,1152,8,512,5.3835
24,1152,8,768,5.5256
24,1152,8,1152,5.7387
24,1152,8,1728,6.0584
24,1152,8,2592,6.5379
24,1152,8,3888,7.2572
24,1152,8,5832,8.3362
24,1152,8,8748,9.9546
24,1152,8,13122,12.3822
24,1152,8,16384,14.1927
24,1152,16,512,5.6721
24,1152,16,768,5.9563
24,1152,16,1152,6.3825
24,1152,16,1728,7.0219
24,1152,16,2592,7.9810
24,1152,16,3888,9.4196
24,1152,16,5832,11.5775
24,1152,16,8748,14.8143
24,1152,16,13122,19.6696
24,1152,16,16384,23.2905
24,1152,32,512,6.2493
24,1152,32,768,6.8177
24,1152,32,1152,7.6702
24,1152,32,1728,8.9489
24,1152,32,2592,10.8670
24,1152,32,3888,13.7442
24,1152,32,5832,18.0600
24,1152,32,8748,24.5337
24,1152,32,13122,34.2442
24,1152,32,16384,41.4860
24,1152,64,512,7.4038
24,1152,64,768,8.5404
24,1152,64,1152,10.2454
24,1152,64,1728,12.8029
24,1152,64,2592,16.6392
24,1152,64,3888,22.3936
24,1152,64,5832,31.0251
24,1152,64,8748,43.9725
24,1152,64,13122,63.3935
24,1152,64,16384,77.8772
24,1152,128,512,9.7126
24,1152,128,768,11.9860
24,1152,128,1152,15.3960
24,1152,128,1728,20.5110
24,1152,128,2592,28.1835
24,1152,128,3888,39.6922
24,1152,128,5832,56.9554
24,1152,128,8748,82.8501
24,1152,128,13122,121.6922
24,1152,128,16384,150.6594
24,1728,0,0,5.1349
24,1728,1,512,5.1709
24,1728,1,768,5.1887
24,1728,1,1152,5.2153
24,1728,1,1728,5.2553
24,1728,1,2592,5.3152
24,1728,1,3888,5.4052
24,1728,1,5832,5.5400
24,1728,1,8748,5.7423
24,1728,1,13122,6.0458
24,1728,1,16384,6.2721
24,1728,2,512,5.2070
24,1728,2,768,5.2425
24,1728,2,1152,5.2958
24,1728,2,1728,5.3757
24,1728,2,2592,5.4956
24,1728,2,3888,5.6755
24,1728,2,5832,5.9452
24,1728,2,8748,6.3498
24,1728,2,13122,6.9567
24,1728,2,16384,7.4093
24,1728,4,512,5.2792
24,1728,4,768,5.3502
24,1728,4,1152,5.4568
24,1728,4,1728,5.6166
24,1728,4,2592,5.8564
24,1728,4,3888,6.2160
24,1728,4,5832,6.7555
24,1728,4,8748,7.5647
24,1728,4,13122,8.7785
24,1728,4,16384,9.6838
24,1728,8,512,5.4235
24,1728,8,768,5.5656
24,1728,8,1152,5.7787
24,1728,8,1728,6.0984
24,1728,8,2592,6.5779
24,1728,8,3888,7.2972
24,1728,8,5832,8.3761
24,1728,8,8748,9.9946
24,1728,8,13122,12.4222
24,1728,8,16384,14.2327
24,1728,16,512,5.7121
24,1728,16,768,5.9962
24,1728,16,1152,6.4225
24,1728,16,1728,7.0619
24,1728,16,2592,8.0209
24,1728,16,3888,9.4595
24,1728,16,5832,11.6174
24,1728,16,8748,14.8543
24,1728,16,13122,19.7095
24,1728,16,16384,23.3304
24,1728,32,512,6.2893
24,1728,32,768,6.8576
24,1728,32,1152,7.7101
24,1728,32,1728,8.9889
24,1728,32,2592,10.9070
24,1728,32,3888,13.7842
24,1728,32,5832,18.1000
24,1728,32,8748,24.5737
24,1728,32,13122,34.2842
24,1728,32,16384,41.5260
24,1728,64,512,7.4437
24,1728,64,768,8.5804
24,1728,64,1152,10.2854
24,1728,64,1728,12.8429
24,1728,64,2592,16.6792
24,1728,64,3888,22.4335
24,1728,64,5832,31.0651
24,1728,64,8748,44.0125
24,1728,64,13122,63.4335
24,1728,64,16384,77.9171
24,1728,128,512,9.7526
24,1728,128,768,12.0259
24,1728,128,1152,15.4359
24,1728,128,1728,20.5509
24,1728,128,2592,28.2234
24,1728,128,3888,39.7322
24,1728,128,5832,56.9953
24,1728,128,8748,82.8900
24,1728,128,13122,121.7321
24,1728,128,16384,150.6994
24,2592,0,0,5.1948
24,2592,1,512,5.2309
24,2592,1,768,5.2486
24,2592,1,1152,5.2753
24,2592,1,1728,5.3152
24,2592,1,2592,5.3752
24,2592,1,3888,5.4651
24,2592,1,5832,5.6000
24,2592,1,8748,5.8023
24,2592,1,13122,6.1057
24,2592,1,16384,6.3320
24,2592,2,512,5.2670
24,2592,2,768,5.3025
24,2592,2,1152,5.3558
24,2592,2,1728,5.4357
24,2592,2,2592,5.5556
24,2592,2,3888,5.7354
24,2592,2,5832,6.0051
24,2592,2,8748,6.4097
24,2592,2,13122,7.0166
24,2592,2,16384,7.4693
24,2592,4,512,5.3391
24,2592,4,768,5.4102
24,2592,4,1152,5.5167
24,2592,4,1728,5.6766
24,2592,4,2592,5.9163
24,2592,4,3888,6.2760
24,2592,4,5832,6.8154
24,2592,4,8748,7.6247
24,2592,4,13122,8.8385
24,2592,4,16384,9.7437
24,2592,8,512,5.4834
24,2592,8,768,5.6255
24,2592,8,1152,5.8386
24,2592,8,1728,6.1583
24,2592,8,2592,6.6378
24,2592,8,3888,7.3571
24,2592,8,5832,8.4361
24,2592,8,8748,10.0545
24,2592,8,13122,12.4821
24,2592,8,16384,14.2926
24,2592,16,512,5.7720
24,2592,16,768,6.0562
24,2592,16,1152,6.4824
24,2592,16,1728,7.1218
24,2592,16,2592,8.0809
24,2592,16,3888,9.5195
24,2592,16,5832,11.6774
24,2592,16,8748,14.9142
24,2592,16,13122,19.7695
24,2592,16,16384,23.3904
24,2592,32,512,6.3492
24,2592,32,768,6.9176
24,2592,32,1152,7.7701
24,2592,32,1728,9.0488
24,2592,32,2592,10.9670
24,2592,32,3888,13.8441
24,2592,32,5832,18.1599
24,2592,32,8748,24.6336
24,2592,32,13122,34.3441
24,2592,32,16384,41.5859
24,2592,64,512,7.5037
24,2592,64,768,8.6403
24,2592,64,1152,10.3453
24,2592,64,1728,12.9028
24,2592,64,2592,16.7391
24,2592,64,3888,22.4935
24,2592,64,5832,31.1250
24,2592,64,8748,44.0724
24,2592,64,13122,63.4934
24,2592,64,16384,77.9771
24,2592,128,512,9.8125
24,2592,128,768,12.0859
24,2592,128,1152,15.4959
24,2592,128,1728,20.6109
24,2592,128,2592,28.2834
24,2592,128,3888,39.7921
24,2592,128,5832,57.0553
24,2592,128,8748,82.9500
24,2592,128,13122,121.7921
24,2592,128,16384,150.7593
24,3888,0,0,5.2847
24,3888,1,512,5.3208
24,3888,1,768,5.3386
24,3888,1,1152,5.3652
24,3888,1,1728,5.4052
24,3888,1,2592,5.4651
24,3888,1,3888,5.5550
24,3888,1,5832,5.6899
24,3888,1,8748,5.8922
24,3888,1,13122,6.1956
24,3888,1,16384,6.4219
24,3888,2,512,5.3569
24,3888,2,768,5.3924
24,3888,2,1152,5.4457
24,3888,2,1728,5.5256
24,3888,2,2592,5.6455
24,3888,2,3888,5.8253
24,3888,2,5832,6.0950
24,3888,2,8748,6.4996
24,3888,2,13122,7.1066
24,3888,2,16384,7.5592
24,3888,4,512,5.4290
24,3888,4,768,5.5001
24,3888,4,1152,5.6066
24,3888,4,1728,5.7665
24,3888,4,2592,6.0062
24,3888,4,3888,6.3659
24,3888,4,5832,6.9054
24,3888,4,8748,7.7146
24,3888,4,13122,8.9284
24,3888,4,16384,9.8336
24,3888,8,512,5.5733
24,3888,8,768,5.7154
24,3888,8,1152,5.9285
24,3888,8,1728,6.2482
24,3888,8,2592,6.7278
24,3888,8,3888,7.4471
24,3888,8,5832,8.5260
24,3888,8,8748,10.1444
24,3888,8,13122,12.5720
24,3888,8,16384,14.3825
24,3888,16,512,5.8619
24,3888,16,768,6.1461
24,3888,16,1152,6.5724
24,3888,16,1728,7.2117
24,3888,16,2592,8.1708
24,3888,16,3888,9.6094
24,3888,16,5832,11.7673
24,3888,16,8748,15.0041
24,3888,16,13122,19.8594
24,3888,16,16384,23.4803
24,3888,32,512,6.4392
24,3888,32,768,7.0075
24,3888,32,1152,7.8600
24,3888,32,1728,9.1387
24,3888,32,2592,11.0569
24,3888,32,3888,13.9341
24,3888,32,5832,18.2498
24,3888,32,8748,24.7235
24,3888,32,13122,34.4340
24,3888,32,16384,41.6759
24,3888,64,512,7.5936
24,3888,64,768,8.7302
24,3888,64,1152,10.4352
24,3888,64,1728,12.9928
24,3888,64,2592,16.8290
24,3888,64,3888,22.5834
24,3888,64,5832,31.2150
24,3888,64,8748,44.1623
24,3888,64,13122,63.5833
24,3888,64,16384,78.0670
24,3888,128,512,9.9024
24,3888,128,768,12.1758
24,3888,128,1152,15.5858
24,3888,128,1728,20.7008
24,3888,128,2592,28.3733
24,3888,128,3888,39.8820
24,3888,128,5832,57.1452
24,3888,128,8748,83.0399
24,3888,128,13122,121.8820
24,3888,128,16384,150.8492
24,5832,0,0,5.4196
24,5832,1,512,5.4557
24,5832,1,768,5.4734
24,5832,1,1152,5.5001
24,5832,1,1728,5.5400
24,5832,1,2592,5.6000
24,5832,1,3888,5.6899
24,5832,1,5832,5.8248
24,5832,1,8748,6.0271
24,5832,1,13122,6.3305
24,5832,1,16384,6.5568
24,5832,2,512,5.4917
24,5832,2,768,5.5273
24,5832,2,1152,5.5805
24,5832,2,1728,5.6605
24,5832,2,2592,5.7803
24,5832,2,3888,5.9602
24,5832,2,5832,6.2299
24,5832,2,8748,6.6345
24,5832,2,13122,7.2414
24,5832,2,16384,7.6940
24,5832,4,512,5.5639
24,5832,4,768,5.6349
24,5832,4,1152,5.7415
24,5832,4,1728,5.9013
24,5832,4,2592,6.1411
24,5832,4,3888,6.5008
24,5832,4,5832,7.0402
24,5832,4,8748,7.8494
24,5832,4,13122,9.0633
24,5832,4,16384,9.9685
24,5832,8,512,5.7082
24,5832,8,768,5.8503
24,5832,8,1152,6.0634
24,5832,8,1728,6.3831
24,5832,8,2592,6.8626
24,5832,8,3888,7.5819
24,5832,8,5832,8.6609
24,5832,8,8748,10.2793
24,5832,8,13122,12.7069
24,5832,8,16384,14.5174
24,5832,16,512,5.9968
24,5832,16,768,6.2810
24,5832,16,1152,6.7072
24,5832,16,1728,7.3466
24,5832,16,2592,8.3057
24,5832,16,3888,9.7443
24,5832,16,5832,11.9021
24,5832,16,8748,15.1390
24,5832,16,13122,19.9942
24,5832,16,16384,23.6152
24,5832,32,512,6.5740
24,5832,32,768,7.1424
24,5832,32,1152,7.9949
24,5832,32,1728,9.2736
24,5832,32,2592,11.1917
24,5832,32,3888,14.0689
24,5832,32,5832,18.3847
24,5832,32,8748,24.8584
24,5832,32,13122,34.5689
24,5832,32,16384,41.8107
24,5832,64,512,7.7284
24,5832,64,768,8.8651
24,5832,64,1152,10.5701
24,5832,64,1728,13.1276
24,5832,64,2592,16.9639
24,5832,64,3888,22.7183
24,5832,64,5832,31.3498
24,5832,64,8748,44.2972
24,5832,64,13122,63.7182
24,5832,64,16384,78.2018
24,5832,128,512,10.0373
24,5832,128,768,12.3106
24,5832,128,1152,15.7206
24,5832,128,1728,20.8356
24,5832,128,2592,28.5082
24,5832,128,3888,40.0169
24,5832,128,5832,57.2801
24,5832,128,8748,83.1748
24,5832,128,13122,122.0168
24,5832,128,16384,150.9841
24,8748,0,0,5.6219
24,8748,1,512,5.6580
24,8748,1,768,5.6757
24,8748,1,1152,5.7024
24,8748,1,1728,5.7423
24,8748,1,2592,5.8023
24,8748,1,3888,5.8922
24,8748,1,5832,6.0271
24,8748,1,8748,6.2294
24,8748,1,13122,6.5328
24,8748,1,16384,6.7591
24,8748,2,512,5.6940
24,8748,2,768,5.7296
24,8748,2,1152,5.7828
24,8748,2,1728,5.8628
24,8748,2,2592,5.9827
24,8748,2,3888,6.1625
24,8748,2,5832,6.4322
24,8748,2,8748,6.8368
24,8748,2,13122,7.4437
24,8748,2,16384,7.8963
24,8748,4,512,5.7662
24,8748,4,768,5.8372
24,8748,4,1152,5.9438
24,8748,4,1728,6.1036
24,8748,4,2592,6.3434
24,8748,4,3888,6.7031
24,8748,4,5832,7.2425
24,8748,4,8748,8.0517
24,8748,4,13122,9.2656
24,8748,4,16384,10.1708
24,8748,8,512,5.9105
24,8748,8,768,6.0526
24,8748,8,1152,6.2657
24,8748,8,1728,6.5854
24,8748,8,2592,7.0649
24,8748,8,3888,7.7842
24,8748,8,5832,8.8632
24,8748,8,8748,10.4816
24,8748,8,13122,12.9092
24,8748,8,16384,14.7197
24,8748,16,512,6.1991
24,8748,16,768,6.4833
24,8748,16,1152,6.9095
24,8748,16,1728,7.5489
24,8748,16,2592,8.5080
24,8748,16,3888,9.9466
24,8748,16,5832,12.1045
24,8748,16,8748,15.3413
24,8748,16,13122,20.1965
24,8748,16,16384,23.8175
24,8748,32,512,6.7763
24,8748,32,768,7.3447
24,8748,32,1152,8.1972
24,8748,32,1728,9.4759
24,8748,32,2592,11.3940
24,8748,32,3888,14.2712
24,8748,32,5832,18.5870
24,8748,32,8748,25.0607
24,8748,32,13122,34.7712
24,8748,32,16384,42.0130
24,8748,64,512,7.9307
24,8748,64,768,9.0674
24,8748,64,1152,10.7724
24,8748,64,1728,13.3299
24,8748,64,2592,17.1662
24,8748,64,3888,22.9206
24,8748,64,5832,31.5521
24,8748,64,8748,44.4995
24,8748,64,13122,63.9205
24,8748,64,16384,78.4041
24,8748,128,512,10.2396
24,8748,128,768,12.5129
24,8748,128,1152,15.9229
24,8748,128,1728,21.0379
24,8748,128,2592,28.7105
24,8748,128,3888,40.2192
24,8748,128,5832,57.4824
24,8748,128,8748,83.3771
24,8748,128,13122,122.2191
24,8748,128,16384,151.1864
24,13122,0,0,5.9253
24,13122,1,512,5.9614
24,13122,1,768,5.9792
24,13122,1,1152,6.0058
24,13122,1,1728,6.0458
24,13122,1,2592,6.1057
24,13122,1,3888,6.1956
24,13122,1,5832,6.3305
24,13122,1,8748,6.5328
24,13122,1,13122,6.8363
24,13122,1,16384,7.0626
24,13122,2,512,5.9975
24,13122,2,768,6.0330
24,13122,2,1152,6.0863
24,13122,2,1728,6.1662
24,13122,2,2592,6.2861
24,13122,2,3888,6.4659
24,13122,2,5832,6.7357
24,13122,2,8748,7.1403
24,13122,2,13122,7.7472
24,13122,2,16384,8.1998
24,13122,4,512,6.0696
24,13122,4,768,6.1407
24,13122,4,1152,6.2473
24,13122,4,1728,6.4071
24,13122,4,2592,6.6469
24,13122,4,3888,7.0065
24,13122,4,5832,7.5460
24,13122,4,8748,8.3552
24,13122,4,13122,9.5690
24,13122,4,16384,10.4742
24,13122,8,512,6.2140
24,13122,8,768,6.3560
24,13122,8,1152,6.5692
24,13122,8,1728,6.8888
24,13122,8,2592,7.3684
24,13122,8,3888,8.0877
24,13122,8,5832,9.1666
24,13122,8,8748,10.7850
24,13122,8,13122,13.2127
24,13122,8,16384,15.0231
24,13122,16,512,6.5026
24,13122,16,768,6.7867
24,13122,16,1152,7.2130
24,13122,16,1728,7.8524
24,13122,16,2592,8.8114
24,13122,16,3888,10.2500
24,13122,16,5832,12.4079
24,13122,16,8748,15.6447
24,13122,16,13122,20.5000
24,13122,16,16384,24.1209
24,13122,32,512,7.0798
24,13122,32,768,7.6481
24,13122,32,1152,8.5006
24,13122,32,1728,9.7794
24,13122,32,2592,11.6975
24,13122,32,3888,14.5747
24,13122,32,5832,18.8905
24,13122,32,8748,25.3641
24,13122,32,13122,35.0747
24,13122,32,16384,42.3165
24,13122,64,512,8.2342
24,13122,64,768,9.3709
24,13122,64,1152,11.0759
24,13122,64,1728,13.6334
24,13122,64,2592,17.4696
24,13122,64,3888,23.2240
24,13122,64,5832,31.8556
24,13122,64,8748,44.8029
24,13122,64,13122,64.2240
24,13122,64,16384,78.7076
24,13122,128,512,10.5431
24,13122,128,768,12.8164
24,13122,128,1152,16.2264
24,13122,128,1728,21.3414
24,13122,128,2592,29.0139
24,13122,128,3888,40.5227
24,13122,128,5832,57.7858
24,13122,128,8748,83.6805
24,13122,128,13122,122.5226
24,13122,128,16384,151.4899
24,16384,0,0,6.1517
24,16384,1,512,6.1877
24,16384,1,768,6.2055
24,16384,1,1152,6.2321
24,16384,1,1728,6.2721
24,16384,1,2592,6.3320
24,16384,1,3888,6.4219
24,16384,1,5832,6.5568
24,16384,1,8748,6.7591
24,16384,1,13122,7.0626
24,16384,1,16384,7.2889
24,16384,2,512,6.2238
24,16384,2,768,6.2593
24,16384,2,1152,6.3126
24,16384,2,1728,6.3925
24,16384,2,2592,6.5124
24,16384,2,3888,6.6922
24,16384,2,5832,6.9620
24,16384,2,8748,7.3666
24,16384,2,13122,7.9735
24,16384,2,16384,8.4261
24,16384,4,512,6.2960
24,16384,4,768,6.3670
24,16384,4,1152,6.4736
24,16384,4,1728,6.6334
24,16384,4,2592,6.8732
24,16384,4,3888,7.2328
24,16384,4,5832,7.7723
24,16384,4,8748,8.5815
24,16384,4,13122,9.7953
24,16384,4,16384,10.7005
24,16384,8,512,6.4403
24,16384,8,768,6.5823
24,16384,8,1152,6.7955
24,16384,8,1728,7.1152
24,16384,8,2592,7.5947
24,16384,8,3888,8.3140
24,16384,8,5832,9.3929
24,16384,8,8748,11.0114
24,16384,8,13122,13.4390
24,16384,8,16384,15.2494
24,16384,16,512,6.7289
24,16384,16,768,7.0130
24,16384,16,1152,7.4393
24,16384,16,1728,8.0787
24,16384,16,2592,9.0377
24,16384,16,3888,10.4763
24,16384,16,5832,12.6342
24,16384,16,8748,15.8711
24,16384,16,13122,20.7263
24,16384,16,16384,24.3472
24,16384,32,512,7.3061
24,16384,32,768,7.8744
24,16384,32,1152,8.7269
24,16384,32,1728,10.0057
24,16384,32,2592,11.9238
24,16384,32,3888,14.8010
24,16384,32,5832,19.1168
24,16384,32,8748,25.5904
24,16384,32,13122,35.3010
24,16384,32,16384,42.5428
24,16384,64,512,8.4605
24,16384,64,768,9.5972
24,16384,64,1152,11.3022
24,16384,64,1728,13.8597
24,16384,64,2592,17.6959
24,16384,64,3888,23.4503
24,16384,64,5832,32.0819
24,16384,64,8748,45.0292
24,16384,64,13122,64.4503
24,16384,64,16384,78.9339
24,16384,128,512,10.7694
24,16384,128,768,13.0427
24,16384,128,1152,16.4527
24,16384,128,1728,21.5677
24,16384,128,2592,29.2402
24,16384,128,3888,40.7490
24,16384,128,5832,58.0121
24,16384,128,8748,83.9068
24,16384,128,13122,122.7489
24,16384,128,16384,151.7162
32,0,0,0,5.0200
32,0,1,16,5.0216
32,0,1,32,5.0228
32,0,1,64,5.0250
32,0,1,128,5.0294
32,0,1,256,5.0383
32,0,1,512,5.0561
32,0,1,1024,5.0916
32,0,1,2048,5.1626
32,0,1,4096,5.3047
32,0,1,8192,5.5889
32,0,1,16384,6.1572
32,0,2,16,5.0233
32,0,2,32,5.0255
32,0,2,64,5.0300
32,0,2,128,5.0389
32,0,2,256,5.0566
32,0,2,512,5.0921
32,0,2,1024,5.1632
32,0,2,2048,5.3053
32,0,2,4096,5.5894
32,0,2,8192,6.1578
32,0,2,16384,7.2944
32,0,4,16,5.0266
32,0,4,32,5.0311
32,0,4,64,5.0400
32,0,4,128,5.0577
32,0,4,256,5.0932
32,0,4,512,5.1643
32,0,4,1024,5.3064
32,0,4,2048,5.5905
32,0,4,4096,6.1589
32,0,4,8192,7.2955
32,0,4,16384,9.5689
32,0,8,16,5.0333
32,0,8,32,5.0422
32,0,8,64,5.0599
32,0,8,128,5.0955
32,0,8,256,5.1665
32,0,8,512,5.3086
32,0,8,1024,5.5928
32,0,8,2048,6.1611
32,0,8,4096,7.2978
32,0,8,8192,9.5711
32,0,8,16384,14.1178
32,0,16,16,5.0466
32,0,16,32,5.0644
32,0,16,64,5.0999
32,0,16,128,5.1709
32,0,16,256,5.3130
32,0,16,512,5.5972
32,0,16,1024,6.1655
32,0,16,2048,7.3022
32,0,16,4096,9.5755
32,0,16,8192,14.1222
32,0,16,16384,23.2155
32,0,32,16,5.0733
32,0,32,32,5.1088
32,0,32,64,5.1798
32,0,32,128,5.3219
32,0,32,256,5.6061
32,0,32,512,6.1744
32,0,32,1024,7.3111
32,0,32,2048,9.5844
32,0,32,4096,14.1311
32,0,32,8192,23.2244
32,0,32,16384,41.4111
32,0,64,16,5.1265
32,0,64,32,5.1976
32,0,64,64,5.3397
32,0,64,128,5.6238
32,0,64,256,6.1922
32,0,64,512,7.3288
32,0,64,1024,9.6022
32,0,64,2048,14.1488
32,0,64,4096,23.2422
32,0,64,8192,41.4289
32,0,64,16384,77.8022
32,0,128,16,5.2331
32,0,128,32,5.3752
32,0,128,64,5.6594
32,0,128,128,6.2277
32,0,128,256,7.3644
32,0,128,512,9.6377
32,0,128,1024,14.1844
32,0,128,2048,23.2777
32,0,128,4096,41.4644
32,0,128,8192,77.8378
32,0,128,16384,150.5845
32,16,0,0,5.0211
32,16,1,16,5.0228
32,16,1,32,5.0239
32,16,1,64,5.0261
32,16,1,128,5.0305
32,16,1,256,5.0394
32,16,1,512,5.0572
32,16,1,1024,5.0927
32,16,1,2048,5.1637
32,16,1,4096,5.3058
32,16,1,8192,5.5900
32,16,1,16384,6.1583
32,16,2,16,5.0244
32,16,2,32,5.0266
32,16,2,64,5.0311
32,16,2,128,5.0400
32,16,2,256,5.0577
32,16,2,512,5.0932
32,16,2,1024,5.1643
32,16,2,2048,5.3064
32,16,2,4096,5.5905
32,16,2,8192,6.1589
32,16,2,16384,7.2955
32,16,4,16,5.0278
32,16,4,32,5.0322
32,16,4,64,5.0411
32,16,4,128,5.0588
32,16,4,256,5.0944
32,16,4,512,5.1654
32,16,4,1024,5.3075
32,16,4,2048,5.5916
32,16,4,4096,6.1600
32,16,4,8192,7.2966
32,16,4,16384,9.5700
32,16,8,16,5.0344
32,16,8,32,5.0433
32,16,8,64,5.0611
32,16,8,128,5.0966
32,16,8,256,5.1676
32,16,8,512,5.3097
32,16,8,1024,5.5939
32,16,8,2048,6.1622
32,16,8,4096,7.2989
32,16,8,8192,9.5722
32,16,8,16384,14.1189
32,16,16,16,5.0477
32,16,16,32,5.0655
32,16,16,64,5.1010
32,16,16,128,5.1721
32,16,16,256,5.3141
32,16,16,512,5.5983
32,16,16,1024,6.1666
32,16,16,2048,7.3033
32,16,16,4096,9.5766
32,16,16,8192,14.1233
32,16,16,16384,23.2167
32,16,32,16,5.0744
32,16,32,32,5.1099
32,16,32,64,5.1809
32,16,32,128,5.3230
32,16,32,256,5.6072
32,16,32,512,6.1755
32,16,32,1024,7.3122
32,16,32,2048,9.5855
32,16,32,4096,14.1322
32,16,32,8192,23.2255
32,16,32,16384,41.4122
32,16,64,16,5.1277
32,16,64,32,5.1987
32,16,64,64,5.3408
32,16,64,128,5.6249
32,16,64,256,6.1933
32,16,64,512,7.3299
32,16,64,1024,9.6033
32,16,64,2048,14.1500
32,16,64,4096,23.2433
32,16,64,8192,41.4300
32,16,64,16384,77.8033
32,16,128,16,5.2342
32,16,128,32,5.3763
32,16,128,64,5.6605
32,16,128,128,6.2288
32,16,128,256,7.3655
32,16,128,512,9.6388
32,16,128,1024,14.1855
32,16,128,2048,23.2788
32,16,128,4096,41.4655
32,16,128,8192,77.8389
32,16,128,16384,150.5856
32,32,0,0,5.0222
32,32,1,16,5.0239
32,32,1,32,5.0250
32,32,1,64,5.0272
32,32,1,128,5.0316
32,32,1,256,5.0405
32,32,1,512,5.0583
32,32,1,1024,5.0938
32,32,1,2048,5.1648
32,32,1,4096,5.3069
32,32,1,8192,5.5911
32,32,1,16384,6.1594
32,32,2,16,5.0255
32,32,2,32,5.0278
32,32,2,64,5.0322
32,32,2,128,5.0411
32,32,2,256,5.0588
32,32,2,512,5.0944
32,32,2,1024,5.1654
32,32,2,2048,5.3075
32,32,2,4096,5.5916
32,32,2,8192,6.1600
32,32,2,16384,7.2966
32,32,4,16,5.0289
32,32,4,32,5.0333
32,32,4,64,5.0422
32,32,4,128,5.0599
32,32,4,256,5.0955
32,32,4,512,5.1665
32,32,4,1024,5.3086
32,32,4,2048,5.5928
32,32,4,4096,6.1611
32,32,4,8192,7.2978
32,32,4,16384,9.5711
32,32,8,16,5.0355
32,32,8,32,5.0444
32,32,8,64,5.0622
32,32,8,128,5.0977
32,32,8,256,5.1687
32,32,8,512,5.3108
32,32,8,1024,5.5950
32,32,8,2048,6.1633
32,32,8,4096,7.3000
32,32,8,8192,9.5733
32,32,8,16384,14.1200
32,32,16,16,5.0488
32,32,16,32,5.0666
32,32,16,64,5.1021
32,32,16,128,5.1732
32,32,16,256,5.3152
32,32,16,512,5.5994
32,32,16,1024,6.1677
32,32,16,2048,7.3044
32,32,16,4096,9.5778
32,32,16,8192,14.1244
32,32,16,16384,23.2178
32,32,32,16,5.0755
32,32,32,32,5.1110
32,32,32,64,5.1820
32,32,32,128,5.3241
32,32,32,256,5.6083
32,32,32,512,6.1766
32,32,32,1024,7.3133
32,32,32,2048,9.5866
32,32,32,4096,14.1333
32,32,32,8192,23.2266
32,32,32,16384,41.4133
32,32,64,16,5.1288
32,32,64,32,5.1998
32,32,64,64,5.3419
32,32,64,128,5.6261
32,32,64,256,6.1944
32,32,64,512,7.3311
32,32,64,1024,9.6044
32,32,64,2048,14.1511
32,32,64,4096,23.2444
32,32,64,8192,41.4311
32,32,64,16384,77.8045
32,32,128,16,5.2353
32,32,128,32,5.3774
32,32,128,64,5.6616
32,32,128,128,6.2299
32,32,128,256,7.3666
32,32,128,512,9.6399
32,32,128,1024,14.1866
32,32,128,2048,23.2799
32,32,128,4096,41.4666
32,32,128,8192,77.8400
32,32,128,16384,150.5867
32,64,0,0,5.0244
32,64,1,16,5.0261
32,64,1,32,5.0272
32,64,1,64,5.0294
32,64,1,128,5.0339
32,64,1,256,5.0427
32,64,1,512,5.0605
32,64,1,1024,5.0960
32,64,1,2048,5.1671
32,64,1,4096,5.3091
32,64,1,8192,5.5933
32,64,1,16384,6.1616
32,64,2,16,5.0278
32,64,2,32,5.0300
32,64,2,64,5.0344
32,64,2,128,5.0433
32,64,2,256,5.0611
32,64,2,512,5.0966
32,64,2,1024,5.1676
32,64,2,2048,5.3097
32,64,2,4096,5.5939
32,64,2,8192,6.1622
32,64,2,16384,7.2989
32,64,4,16,5.0311
32,64,4,32,5.0355
32,64,4,64,5.0444
32,64,4,128,5.0622
32,64,4,256,5.0977
32,64,4,512,5.1687
32,64,4,1024,5.3108
32,64,4,2048,5.5950
32,64,4,4096,6.1633
32,64,4,8192,7.3000
32,64,4,16384,9.5733
32,64,8,16,5.0377
32,64,8,32,5.0466
32,64,8,64,5.0644
32,64,8,128,5.0999
32,64,8,256,5.1709
32,64,8,512,5.3130
32,64,8,1024,5.5972
32,64,8,2048,6.1655
32,64,8,4096,7.3022
32,64,8,8192,9.5755
32,64,8,16384,14.1222
32,64,16,16,5.0511
32,64,16,32,5.0688
32,64,16,64,5.1043
32,64,16,128,5.1754
32,64,16,256,5.3175
32,64,16,512,5.6016
32,64,16,1024,6.1700
32,64,16,2048,7.3066
32,64,16,4096,9.5800
32,64,16,8192,14.1266
32,64,16,16384,23.2200
32,64,32,16,5.0777
32,64,32,32,5.1132
32,64,32,64,5.1843
32,64,32,128,5.3263
32,64,32,256,5.6105
32,64,32,512,6.1788
32,64,32,1024,7.3155
32,64,32,2048,9.5889
32,64,32,4096,14.1355
32,64,32,8192,23.2289
32,64,32,16384,41.4155
32,64,64,16,5.1310
32,64,64,32,5.2020
32,64,64,64,5.3441
32,64,64,128,5.6283
32,64,64,256,6.1966
32,64,64,512,7.3333
32,64,64,1024,9.6066
32,64,64,2048,14.1533
32,64,64,4096,23.2466
32,64,64,8192,41.4333
32,64,64,16384,77.8067
32,64,128,16,5.2375
32,64,128,32,5.3796
32,64,128,64,5.6638
32,64,128,128,6.2321
32,64,128,256,7.3688
32,64,128,512,9.6421
32,64,128,1024,14.1888
32,64,128,2048,23.2821
32,64,128,4096,41.4688
32,64,128,8192,77.8422
32,64,128,16384,150.5889
32,128,0,0,5.0289
32,128,1,16,5.0305
32,128,1,32,5.0316
32,128,1,64,5.0339
32,128,1,128,5.0383
32,128,1,256,5.0472
32,128,1,512,5.0649
32,128,1,1024,5.1005
32,128,1,2048,5.1715
32,128,1,4096,5.3136
32,128,1,8192,5.5977
32,128,1,16384,6.1661
32,128,2,16,5.0322
32,128,2,32,5.0344
32,128,2,64,5.0389
32,128,2,128,5.0477
32,128,2,256,5.0655
32,128,2,512,5.1010
32,128,2,1024,5.1721
32,128,2,2048,5.3141
32,128,2,4096,5.5983
32,128,2,8192,6.1666
32,128,2,16384,7.3033
32,128,4,16,5.0355
32,128,4,32,5.0400
32,128,4,64,5.0488
32,128,4,128,5.0666
32,128,4,256,5.1021
32,128,4,512,5.1732
32,128,4,1024,5.3152
32,128,4,2048,5.5994
32,128,4,4096,6.1677
32,128,4,8192,7.3044
32,128,4,16384,9.5778
32,128,8,16,5.0422
32,128,8,32,5.0511
32,128,8,64,5.0688
32,128,8,128,5.1043
32,128,8,256,5.1754
32,128,8,512,5.3175
32,128,8,1024,5.6016
32,128,8,2048,6.1700
32,128,8,4096,7.3066
32,128,8,8192,9.5800
32,128,8,16384,14.1266
32,128,16,16,5.0555
32,128,16,32,5.0733
32,128,16,64,5.1088
32,128,16,128,5.1798
32,128,16,256,5.3219
32,128,16,512,5.6061
32,128,16,1024,6.1744
32,128,16,2048,7.3111
32,128,16,4096,9.5844
32,128,16,8192,14.1311
32,128,16,16384,23.2244
32,128,32,16,5.0821
32,128,32,32,5.1177
32,128,32,64,5.1887
32,128,32,128,5.3308
32,128,32,256,5.6150
32,128,32,512,6.1833
32,128,32,1024,7.3200
32,128,32,2048,9.5933
32,128,32,4096,14.1400
32,128,32,8192,23.2333
32,128,32,16384,41.4200
32,128,64,16,5.1354
32,128,64,32,5.2065
32,128,64,64,5.3485
32,128,64,128,5.6327
32,128,64,256,6.2010
32,128,64,512,7.3377
32,128,64,1024,9.6111
32,128,64,2048,14.1577
32,128,64,4096,23.2511
32,128,64,8192,41.4377
32,128,64,16384,77.8111
32,128,128,16,5.2420
32,128,128,32,5.3841
32,128,128,64,5.6682
32,128,128,128,6.2366
32,128,128,256,7.3732
32,128,128,512,9.6466
32,128,128,1024,14.1932
32,128,128,2048,23.2866
32,128,128,4096,41.4733
32,128,128,8192,77.8466
32,128,128,16384,150.5934
32,256,0,0,5.0377
32,256,1,16,5.0394
32,256,1,32,5.0405
32,256,1,64,5.0427
32,256,1,128,5.0472
32,256,1,256,5.0561
32,256,1,512,5.0738
32,256,1,1024,5.1093
32,256,1,2048,5.1804
32,256,1,4096,5.3225
32,256,1,8192,5.6066
32,256,1,16384,6.1750
32,256,2,16,5.0411
32,256,2,32,5.0433
32,256,2,64,5.0477
32,256,2,128,5.0566
32,256,2,256,5.0744
32,256,2,512,5.1099
32,256,2,1024,5.1809
32,256,2,2048,5.3230
32,256,2,4096,5.6072
32,256,2,8192,6.1755
32,256,2,16384,7.3122
32,256,4,16,5.0444
32,256,4,32,5.0488
32,256,4,64,5.0577
32,256,4,128,5.0755
32,256,4,256,5.1110
32,256,4,512,5.1820
32,256,4,1024,5.3241
32,256,4,2048,5.6083
32,256,4,4096,6.1766
32,256,4,8192,7.3133
32,256,4,16384,9.5866
32,256,8,16,5.0511
32,256,8,32,5.0599
32,256,8,64,5.0777
32,256,8,128,5.1132
32,256,8,256,5.1843
32,256,8,512,5.3263
32,256,8,1024,5.6105
32,256,8,2048,6.1788
32,256,8,4096,7.3155
32,256,8,8192,9.5889
32,256,8,16384,14.1355
32,256,16,16,5.0644
32,256,16,32,5.0821
32,256,16,64,5.1177
32,256,16,128,5.1887
32,256,16,256,5.3308
32,256,16,512,5.6150
32,256,16,1024,6.1833
32,256,16,2048,7.3200
32,256,16,4096,9.5933
32,256,16,8192,14.1400
32,256,16,16384,23.2333
32,256,32,16,5.0910
32,256,32,32,5.1265
32,256,32,64,5.1976
32,256,32,128,5.3397
32,256,32,256,5.6238
32,256,32,512,6.1922
32,256,32,1024,7.3288
32,256,32,2048,9.6022
32,256,32,4096,14.1488
32,256,32,8192,23.2422
32,256,32,16384,41.4289
32,256,64,16,5.1443
32,256,64,32,5.2153
32,256,64,64,5.3574
32,256,64,128,5.6416
32,256,64,256,6.2099
32,256,64,512,7.3466
32,256,64,1024,9.6199
32,256,64,2048,14.1666
32,256,64,4096,23.2599
32,256,64,8192,41.4466
32,256,64,16384,77.8200
32,256,128,16,5.2509
32,256,128,32,5.3929
32,256,128,64,5.6771
32,256,128,128,6.2455
32,256,128,256,7.3821
32,256,128,512,9.6555
32,256,128,1024,14.2021
32,256,128,2048,23.2955
32,256,128,4096,41.4822
32,256,128,8192,77.8555
32,256,128,16384,150.6023
32,512,0,0,5.0555
32,512,1,16,5.0572
32,512,1,32,5.0583
32,512,1,64,5.0605
32,512,1,128,5.0649
32,512,1,256,5.0738
32,512,1,512,5.0916
32,512,1,1024,5.1271
32,512,1,2048,5.1981
32,512,1,4096,5.3402
32,512,1,8192,5.6244
32,512,1,16384,6.1927
32,512,2,16,5.0588
32,512,2,32,5.0611
32,512,2,64,5.0655
32,512,2,128,5.0744
32,512,2,256,5.0921
32,512,2,512,5.1277
32,512,2,1024,5.1987
32,512,2,2048,5.3408
32,512,2,4096,5.6249
32,512,2,8192,6.1933
32,512,2,16384,7.3299
32,512,4,16,5.0622
32,512,4,32,5.0666
32,512,4,64,5.0755
32,512,4,128,5.0932
32,512,4,256,5.1288
32,512,4,512,5.1998
32,512,4,1024,5.3419
32,512,4,2048,5.6261
32,512,4,4096,6.1944
32,512,4,8192,7.3311
32,512,4,16384,9.6044
32,512,8,16,5.0688
32,512,8,32,5.0777
32,512,8,64,5.0955
32,512,8,128,5.1310
32,512,8,256,5.2020
32,512,8,512,5.3441
32,512,8,1024,5.6283
32,512,8,2048,6.1966
32,512,8,4096,7.3333
32,512,8,8192,9.6066
32,512,8,16384,14.1533
32,512,16,16,5.0821
32,512,16,32,5.0999
32,512,16,64,5.1354
32,512,16,128,5.2065
32,512,16,256,5.3485
32,512,16,512,5.6327
32,512,16,1024,6.2010
32,512,16,2048,7.3377
32,512,16,4096,9.6111
32,512,16,8192,14.1577
32,512,16,16384,23.2511
32,512,32,16,5.1088
32,512,32,32,5.1443
32,512,32,64,5.2153
32,512,32,128,5.3574
32,512,32,256,5.6416
32,512,32,512,6.2099
32,512,32,1024,7.3466
32,512,32,2048,9.6199
32,512,32,4096,14.1666
32,512,32,8192,23.2599
32,512,32,16384,41.4466
32,512,64,16,5.1621
32,512,64,32,5.2331
32,512,64,64,5.3752
32,512,64,128,5.6594
32,512,64,256,6.2277
32,512,64,512,7.3644
32,512,64,1024,9.6377
32,512,64,2048,14.1844
32,512,64,4096,23.2777
32,512,64,8192,41.4644
32,512,64,16384,77.8378
32,512,128,16,5.2686
32,512,128,32,5.4107
32,512,128,64,5.6949
32,512,128,128,6.2632
32,512,128,256,7.3999
32,512,128,512,9.6732
32,512,128,1024,14.2199
32,512,128,2048,23.3132
32,512,128,4096,41.4999
32,512,128,8192,77.8733
32,512,128,16384,150.6200
32,1024,0,0,5.0910
32,1024,1,16,5.0927
32,1024,1,32,5.0938
32,1024,1,64,5.0960
32,1024,1,128,5.1005
32,1024,1,256,5.1093
32,1024,1,512,5.1271
32,1024,1,1024,5.1626
32,1024,1,2048,5.2337
32,1024,1,4096,5.3757
32,1024,1,8192,5.6599
32,1024,1,16384,6.2282
32,1024,2,16,5.0944
32,1024,2,32,5.0966
32,1024,2,64,5.1010
32,1024,2,128,5.1099
32,1024,2,256,5.1277
32,1024,2,512,5.1632
32,1024,2,1024,5.2342
32,1024,2,2048,5.3763
32,1024,2,4096,5.6605
32,1024,2,8192,6.2288
32,1024,2,16384,7.3655
32,1024,4,16,5.0977
32,1024,4,32,5.1021
32,1024,4,64,5.1110
32,1024,4,128,5.1288
32,1024,4,256,5.1643
32,1024,4,512,5.2353
32,1024,4,1024,5.3774
32,1024,4,2048,5.6616
32,1024,4,4096,6.2299
32,1024,4,8192,7.3666
32,1024,4,16384,9.6399
32,1024,8,16,5.1043
32,1024,8,32,5.1132
32,1024,8,64,5.1310
32,1024,8,128,5.1665
32,1024,8,256,5.2375
32,1024,8,512,5.3796
32,1024,8,1024,5.6638
32,1024,8,2048,6.2321
32,1024,8,4096,7.3688
32,1024,8,8192,9.6421
32,1024,8,16384,14.1888
32,1024,16,16,5.1177
32,1024,16,32,5.1354
32,1024,16,64,5.1709
32,1024,16,128,5.2420
32,1024,16,256,5.3841
32,1024,16,512,5.6682
32,1024,16,1024,6.2366
32,1024,16,2048,7.3732
32,1024,16,4096,9.6466
32,1024,16,8192,14.1932
32,1024,16,16384,23.2866
32,1024,32,16,5.1443
32,1024,32,32,5.1798
32,1024,32,64,5.2509
32,1024,32,128,5.3929
32,1024,32,256,5.6771
32,1024,32,512,6.2455
32,1024,32,1024,7.3821
32,1024,32,2048,9.6555
32,1024,32,4096,14.2021
32,1024,32,8192,23.2955
32,1024,32,16384,41.4822
32,1024,64,16,5.1976
32,1024,64,32,5.2686
32,1024,64,64,5.4107
32,1024,64,128,5.6949
32,1024,64,256,6.2632
32,1024,64,512,7.3999
32,1024,64,1024,9.6732
32,1024,64,2048,14.2199
32,1024,64,4096,23.3132
32,1024,64,8192,41.4999
32,1024,64,16384,77.8733
32,1024,128,16,5.3041
32,1024,128,32,5.4462
32,1024,128,64,5.7304
32,1024,128,128,6.2987
32,1024,128,256,7.4354
32,1024,128,512,9.7087
32,1024,128,1024,14.2554
32,1024,128,2048,23.3487
32,1024,128,4096,41.5354
32,1024,128,8192,77.9088
32,1024,128,16384,150.6555
32,2048,0,0,5.1675
32,2048,1,16,5.1676
32,2048,1,32,5.1676
32,2048,1,64,5.1677
32,2048,1,128,5.1715
32,2048,1,256,5.1804
32,2048,1,512,5.1981
32,2048,1,1024,5.2337
32,2048,1,2048,5.3047
32,2048,1,4096,5.4468
32,2048,1,8192,5.7310
32,2048,1,16384,6.2993
32,2048,2,16,5.1676
32,2048,2,32,5.1677
32,2048,2,64,5.1721
32,2048,2,128,5.1809
32,2048,2,256,5.1987
32,2048,2,512,5.2342
32,2048,2,1024,5.3053
32,2048,2,2048,5.4473
32,2048,2,4096,5.7315
32,2048,2,8192,6.2998
32,2048,2,16384,7.4365
32,2048,4,16,5.1687
32,2048,4,32,5.1732
32,2048,4,64,5.1820
32,2048,4,128,5.1998
32,2048,4,256,5.2353
32,2048,4,512,5.3064
32,2048,4,1024,5.4485
32,2048,4,2048,5.7326
32,2048,4,4096,6.3010
32,2048,4,8192,7.4376
32,2048,4,16384,9.7110
32,2048,8,16,5.1754
32,2048,8,32,5.1843
32,2048,8,64,5.2020
32,2048,8,128,5.2375
32,2048,8,256,5.3086
32,2048,8,512,5.4507
32,2048,8,1024,5.7348
32,2048,8,2048,6.3032
32,2048,8,4096,7.4398
32,2048,8,8192,9.7132
32,2048,8,16384,14.2598
32,2048,16,16,5.1887
32,2048,16,32,5.2065
32,2048,16,64,5.2420
32,2048,16,128,5.3130
32,2048,16,256,5.4551
32,2048,16,512,5.7393
32,2048,16,1024,6.3076
32,2048,16,2048,7.4443
32,2048,16,4096,9.7176
32,2048,16,8192,14.2643
32,2048,16,16384,23.3576
32,2048,32,16,5.2153
32,2048,32,32,5.2509
32,2048,32,64,5.3219
32,2048,32,128,5.4640
32,2048,32,256,5.7482
32,2048,32,512,6.3165
32,2048,32,1024,7.4532
32,2048,32,2048,9.7265
32,2048,32,4096,14.2732
32,2048,32,8192,23.3665
32,2048,32,16384,41.5532
32,2048,64,16,5.2686
32,2048,64,32,5.3397
32,2048,64,64,5.4818
32,2048,64,128,5.7659
32,2048,64,256,6.3343
32,2048,64,512,7.4709
32,2048,64,1024,9.7443
32,2048,64,2048,14.2909
32,2048,64,4096,23.3843
32,2048,64,8192,41.5710
32,2048,64,16384,77.9443
32,2048,128,16,5.3752
32,2048,128,32,5.5173
32,2048,128,64,5.8014
32,2048,128,128,6.3698
32,2048,128,256,7.5064
32,2048,128,512,9.7798
32,2048,128,1024,14.3264
32,2048,128,2048,23.4198
32,2048,128,4096,41.6065
32,2048,128,8192,77.9798
32,2048,128,16384,150.7266
32,4096,0,0,5.3337
32,4096,1,16,5.3338
32,4096,1,32,5.3338
32,4096,1,64,5.3339
32,4096,1,128,5.3341
32,4096,1,256,5.3344
32,4096,1,512,5.3402
32,4096,1,1024,5.3757
32,4096,1,2048,5.4468
32,4096,1,4096,5.5889
32,4096,1,8192,5.8730
32,4096,1,16384,6.4414
32,4096,2,16,5.3338
32,4096,2,32,5.3339
32,4096,2,64,5.3341
32,4096,2,128,5.3344
32,4096,2,256,5.3408
32,4096,2,512,5.3763
32,4096,2,1024,5.4473
32,4096,2,2048,5.5894
32,4096,2,4096,5.8736
32,4096,2,8192,6.4419
32,4096,2,16384,7.5786
32,4096,4,16,5.3339
32,4096,4,32,5.3341
32,4096,4,64,5.3344
32,4096,4,128,5.3419
32,4096,4,256,5.3774
32,4096,4,512,5.4485
32,4096,4,1024,5.5905
32,4096,4,2048,5.8747
32,4096,4,4096,6.4430
32,4096,4,8192,7.5797
32,4096,4,16384,9.8530
32,4096,8,16,5.3341
32,4096,8,32,5.3344
32,4096,8,64,5.3441
32,4096,8,128,5.3796
32,4096,8,256,5.4507
32,4096,8,512,5.5928
32,4096,8,1024,5.8769
32,4096,8,2048,6.4453
32,4096,8,4096,7.5819
32,4096,8,8192,9.8553
32,4096,8,16384,14.4019
32,4096,16,16,5.3344
32,4096,16,32,5.3485
32,4096,16,64,5.3841
32,4096,16,128,5.4551
32,4096,16,256,5.5972
32,4096,16,512,5.8814
32,4096,16,1024,6.4497
32,4096,16,2048,7.5864
32,4096,16,4096,9.8597
32,4096,16,8192,14.4064
32,4096,16,16384,23.4997
32,4096,32,16,5.3574
32,4096,32,32,5.3929
32,4096,32,64,5.4640
32,4096,32,128,5.6061
32,4096,32,256,5.8902
32,4096,32,512,6.4586
32,4096,32,1024,7.5952
32,4096,32,2048,9.8686
32,4096,32,4096,14.4152
32,4096,32,8192,23.5086
32,4096,32,16384,41.6953
32,4096,64,16,5.4107
32,4096,64,32,5.4818
32,4096,64,64,5.6238
32,4096,64,128,5.9080
32,4096,64,256,6.4763
32,4096,64,512,7.6130
32,4096,64,1024,9.8863
32,4096,64,2048,14.4330
32,4096,64,4096,23.5264
32,4096,64,8192,41.7130
32,4096,64,16384,78.0864
32,4096,128,16,5.5173
32,4096,128,32,5.6594
32,4096,128,64,5.9435
32,4096,128,128,6.5119
32,4096,128,256,7.6485
32,4096,128,512,9.9219
32,4096,128,1024,14.4685
32,4096,128,2048,23.5619
32,4096,128,4096,41.7486
32,4096,128,8192,78.1219
32,4096,128,16384,150.8687
32,8192,0,0,5.6662
32,8192,1,16,5.6662
32,8192,1,32,5.6663
32,8192,1,64,5.6664
32,8192,1,128,5.6665
32,8192,1,256,5.6668
32,8192,1,512,5.6675
32,8192,1,1024,5.6688
32,8192,1,2048,5.7310
32,8192,1,4096,5.8730
32,8192,1,8192,6.1572
32,8192,1,16384,6.7255
32,8192,2,16,5.6663
32,8192,2,32,5.6664
32,8192,2,64,5.6665
32,8192,2,128,5.6668
32,8192,2,256,5.6675
32,8192,2,512,5.6688
32,8192,2,1024,5.7315
32,8192,2,2048,5.8736
32,8192,2,4096,6.1578
32,8192,2,8192,6.7261
32,8192,2,16384,7.8628
32,8192,4,16,5.6664
32,8192,4,32,5.6665
32,8192,4,64,5.6668
32,8192,4,128,5.6675
32,8192,4,256,5.6688
32,8192,4,512,5.7326
32,8192,4,1024,5.8747
32,8192,4,2048,6.1589
32,8192,4,4096,6.7272
32,8192,4,8192,7.8639
32,8192,4,16384,10.1372
32,8192,8,16,5.6665
32,8192,8,32,5.6668
32,8192,8,64,5.6675
32,8192,8,128,5.6688
32,8192,8,256,5.7348
32,8192,8,512,5.8769
32,8192,8,1024,6.1611
32,8192,8,2048,6.7294
32,8192,8,4096,7.8661
32,8192,8,8192,10.1394
32,8192,8,16384,14.6861
32,8192,16,16,5.6668
32,8192,16,32,5.6675
32,8192,16,64,5.6688
32,8192,16,128,5.7393
32,8192,16,256,5.8814
32,8192,16,512,6.1655
32,8192,16,1024,6.7339
32,8192,16,2048,7.8705
32,8192,16,4096,10.1439
32,8192,16,8192,14.6905
32,8192,16,16384,23.7839
32,8192,32,16,5.6675
32,8192,32,32,5.6771
32,8192,32,64,5.7482
32,8192,32,128,5.8902
32,8192,32,256,6.1744
32,8192,32,512,6.7427
32,8192,32,1024,7.8794
32,8192,32,2048,10.1527
32,8192,32,4096,14.6994
32,8192,32,8192,23.7928
32,8192,32,16384,41.9794
32,8192,64,16,5.6949
32,8192,64,32,5.7659
32,8192,64,64,5.9080
32,8192,64,128,6.1922
32,8192,64,256,6.7605
32,8192,64,512,7.8972
32,8192,64,1024,10.1705
32,8192,64,2048,14.7172
32,8192,64,4096,23.8105
32,8192,64,8192,41.9972
32,8192,64,16384,78.3706
32,8192,128,16,5.8014
32,8192,128,32,5.9435
32,8192,128,64,6.2277
32,8192,128,128,6.7960
32,8192,128,256,7.9327
32,8192,128,512,10.2060
32,8192,128,1024,14.7527
32,8192,128,2048,23.8460
32,8192,128,4096,42.0327
32,8192,128,8192,78.4061
32,8192,128,16384,151.1528
32,16384,0,0,6.3311
32,16384,1,16,6.3311
32,16384,1,32,6.3312
32,16384,1,64,6.3313
32,16384,1,128,6.3314
32,16384,1,256,6.3317
32,16384,1,512,6.3324
32,16384,1,1024,6.3337
32,16384,1,2048,6.3363
32,16384,1,4096,6.4414
32,16384,1,8192,6.7255
32,16384,1,16384,7.2939
32,16384,2,16,6.3312
32,16384,2,32,6.3313
32,16384,2,64,6.3314
32,16384,2,128,6.3317
32,16384,2,256,6.3324
32,16384,2,512,6.3337
32,16384,2,1024,6.3363
32,16384,2,2048,6.4419
32,16384,2,4096,6.7261
32,16384,2,8192,7.2944
32,16384,2,16384,8.4311
32,16384,4,16,6.3313
32,16384,4,32,6.3314
32,16384,4,64,6.3317
32,16384,4,128,6.3324
32,16384,4,256,6.3337
32,16384,4,512,6.3363
32,16384,4,1024,6.4430
32,16384,4,2048,6.7272
32,16384,4,4096,7.2955
32,16384,4,8192,8.4322
32,16384,4,16384,10.7055
32,16384,8,16,6.3314
32,16384,8,32,6.3317
32,16384,8,64,6.3324
32,16384,8,128,6.3337
32,16384,8,256,6.3363
32,16384,8,512,6.4453
32,16384,8,1024,6.7294
32,16384,8,2048,7.2978
32,16384,8,4096,8.4344
32,16384,8,8192,10.7078
32,16384,8,16384,15.2544
32,16384,16,16,6.3317
32,16384,16,32,6.3324
32,16384,16,64,6.3337
32,16384,16,128,6.3363
32,16384,16,256,6.4497
32,16384,16,512,6.7339
32,16384,16,1024,7.3022
32,16384,16,2048,8.4389
32,16384,16,4096,10.7122
32,16384,16,8192,15.2589
32,16384,16,16384,24.3522
32,16384,32,16,6.3324
32,16384,32,32,6.3337
32,16384,32,64,6.3363
32,16384,32,128,6.4586
32,16384,32,256,6.7427
32,16384,32,512,7.3111
32,16384,32,1024,8.4477
32,16384,32,2048,10.7211
32,16384,32,4096,15.2678
32,16384,32,8192,24.3611
32,16384,32,16384,42.5478
32,16384,64,16,6.3337
32,16384,64,32,6.3363
32,16384,64,64,6.4763
32,16384,64,128,6.7605
32,16384,64,256,7.3288
32,16384,64,512,8.4655
32,16384,64,1024,10.7388
32,16384,64,2048,15.2855
32,16384,64,4096,24.3789
32,16384,64,8192,42.5655
32,16384,64,16384,78.9389
32,16384,128,16,6.3698
32,16384,128,32,6.5119
32,16384,128,64,6.7960
32,16384,128,128,7.3644
32,16384,128,256,8.5010
32,16384,128,512,10.7744
32,16384,128,1024,15.3210
32,16384,128,2048,24.4144
32,16384,128,4096,42.6011
32,16384,128,8192,78.9744
32,16384,128,16384,151.7212
36,0,0,0,5.0225
36,0,1,512,5.0586
36,0,1,768,5.0763
36,0,1,1152,5.1030
36,0,1,1728,5.1429
36,0,1,2592,5.2029
36,0,1,3888,5.2928
36,0,1,5832,5.4276
36,0,1,8748,5.6299
36,0,1,13122,5.9334
36,0,1,16384,6.1597
36,0,2,512,5.0946
36,0,2,768,5.1302
36,0,2,1152,5.1834
36,0,2,1728,5.2634
36,0,2,2592,5.3832
36,0,2,3888,5.5631
36,0,2,5832,5.8328
36,0,2,8748,6.2374
36,0,2,13122,6.8443
36,0,2,16384,7.2969
36,0,4,512,5.1668
36,0,4,768,5.2378
36,0,4,1152,5.3444
36,0,4,1728,5.5042
36,0,4,2592,5.7440
36,0,4,3888,6.1036
36,0,4,5832,6.6431
36,0,4,8748,7.4523
36,0,4,13122,8.6661
36,0,4,16384,9.5714
36,0,8,512,5.3111
36,0,8,768,5.4532
36,0,8,1152,5.6663
36,0,8,1728,5.9860
36,0,8,2592,6.4655
36,0,8,3888,7.1848
36,0,8,5832,8.2638
36,0,8,8748,9.8822
36,0,8,13122,12.3098
36,0,8,16384,14.1203
36,0,16,512,5.5997
36,0,16,768,5.8839
36,0,16,1152,6.3101
36,0,16,1728,6.9495
36,0,16,2592,7.9085
36,0,16,3888,9.3471
36,0,16,5832,11.5050
36,0,16,8748,14.7419
36,0,16,13122,19.5971
36,0,16,16384,23.2180
36,0,32,512,6.1769
36,0,32,768,6.7452
36,0,32,1152,7.5977
36,0,32,1728,8.8765
36,0,32,2592,10.7946
36,0,32,3888,13.6718
36,0,32,5832,17.9876
36,0,32,8748,24.4613
36,0,32,13122,34.1718
36,0,32,16384,41.4136
36,0,64,512,7.3313
36,0,64,768,8.4680
36,0,64,1152,10.1730
36,0,64,1728,12.7305
36,0,64,2592,16.5668
36,0,64,3888,22.3211
36,0,64,5832,30.9527
36,0,64,8748,43.9001
36,0,64,13122,63.3211
36,0,64,16384,77.8047
36,0,128,512,9.6402
36,0,128,768,11.9135
36,0,128,1152,15.3235
36,0,128,1728,20.4385
36,0,128,2592,28.1110
36,0,128,3888,39.6198
36,0,128,5832,56.8829
36,0,128,8748,82.7777
36,0,128,13122,121.6197
36,0,128,16384,150.5870
36,512,0,0,5.0580
36,512,1,512,5.0941
36,512,1,768,5.1118
36,512,1,1152,5.1385
36,512,1,1728,5.1784
36,512,1,2592,5.2384
36,512,1,3888,5.3283
36,512,1,5832,5.4632
36,512,1,8748,5.6655
36,512,1,13122,5.9689
36,512,1,16384,6.1952
36,512,2,512,5.1302
36,512,2,768,5.1657
36,512,2,1152,5.2190
36,512,2,1728,5.2989
36,512,2,2592,5.4188
36,512,2,3888,5.5986
36,512,2,5832,5.8683
36,512,2,8748,6.2729
36,512,2,13122,6.8798
36,512,2,16384,7.3324
36,512,4,512,5.2023
36,512,4,768,5.2733
36,512,4,1152,5.3799
36,512,4,1728,5.5398
36,512,4,2592,5.7795
36,512,4,3888,6.1392
36,512,4,5832,6.6786
36,512,4,8748,7.4878
36,512,4,13122,8.7017
36,512,4,16384,9.6069
36,512,8,512,5.3466
36,512,8,768,5.4887
36,512,8,1152,5.7018
36,512,8,1728,6.0215
36,512,8,2592,6.5010
36,512,8,3888,7.2203
36,512,8,5832,8.2993
36,512,8,8748,9.9177
36,512,8,13122,12.3453
36,512,8,16384,14.1558
36,512,16,512,5.6352
36,512,16,768,5.9194
36,512,16,1152,6.3456
36,512,16,1728,6.9850
36,512,16,2592,7.9441
36,512,16,3888,9.3827
36,512,16,5832,11.5406
36,512,16,8748,14.7774
36,512,16,13122,19.6327
36,512,16,16384,23.2536
36,512,32,512,6.2124
36,512,32,768,6.7808
36,512,32,1152,7.6333
36,512,32,1728,8.9120
36,512,32,2592,10.8301
36,512,32,3888,13.7073
36,512,32,5832,18.0231
36,512,32,8748,24.4968
36,512,32,13122,34.2073
36,512,32,16384,41.4491
36,512,64,512,7.3669
36,512,64,768,8.5035
36,512,64,1152,10.2085
36,512,64,1728,12.7660
36,512,64,2592,16.6023
36,512,64,3888,22.3567
36,512,64,5832,30.9882
36,512,64,8748,43.9356
36,512,64,13122,63.3566
36,512,64,16384,77.8403
36,512,128,512,9.6757
36,512,128,768,11.9490
36,512,128,1152,15.3591
36,512,128,1728,20.4741
36,512,128,2592,28.1466
36,512,128,3888,39.6553
36,512,128,5832,56.9185
36,512,128,8748,82.8132
36,512,128,13122,121.6552
36,512,128,16384,150.6225
36,768,0,0,5.0758
36,768,1,512,5.1118
36,768,1,768,5.1296
36,768,1,1152,5.1562
36,768,1,1728,5.1962
36,768,1,2592,5.2561
36,768,1,3888,5.3461
36,768,1,5832,5.4809
36,768,1,8748,5.6832
36,768,1,13122,5.9867
36,768,1,16384,6.2130
36,768,2,512,5.1479
36,768,2,768,5.1834
36,768,2,1152,5.2367
36,768,2,1728,5.3166
36,768,2,2592,5.4365
36,768,2,3888,5.6163
36,768,2,5832,5.8861
36,768,2,8748,6.2907
36,768,2,13122,6.8976
36,768,2,16384,7.3502
36,768,4,512,5.2201
36,768,4,768,5.2911
36,768,4,1152,5.3977
36,768,4,1728,5.5575
36,768,4,2592,5.7973
36,768,4,3888,6.1569
36,768,4,5832,6.6964
36,768,4,8748,7.5056
36,768,4,13122,8.7194
36,768,4,16384,9.6247
36,768,8,512,5.3644
36,768,8,768,5.5064
36,768,8,1152,5.7196
36,768,8,1728,6.0393
36,768,8,2592,6.5188
36,768,8,3888,7.2381
36,768,8,5832,8.3170
36,768,8,8748,9.9355
36,768,8,13122,12.3631
36,768,8,16384,14.1735
36,768,16,512,5.6530
36,768,16,768,5.9371
36,768,16,1152,6.3634
36,768,16,1728,7.0028
36,768,16,2592,7.9618
36,768,16,3888,9.4004
36,768,16,5832,11.5583
36,768,16,8748,14.7952
36,768,16,13122,19.6504
36,768,16,16384,23.2713
36,768,32,512,6.2302
36,768,32,768,6.7985
36,768,32,1152,7.6510
36,768,32,1728,8.9298
36,768,32,2592,10.8479
36,768,32,3888,13.7251
36,768,32,5832,18.0409
36,768,32,8748,24.5146
36,768,32,13122,34.2251
36,768,32,16384,41.4669
36,768,64,512,7.3846
36,768,64,768,8.5213
36,768,64,1152,10.2263
36,768,64,1728,12.7838
36,768,64,2592,16.6200
36,768,64,3888,22.3744
36,768,64,5832,31.0060
36,768,64,8748,43.9533
36,768,64,13122,63.3744
36,768,64,16384,77.8580
36,768,128,512,9.6935
36,768,128,768,11.9668
36,768,128,1152,15.3768
36,768,128,1728,20.4918
36,768,128,2592,28.1643
36,768,128,3888,39.6731
36,768,128,5832,56.9362
36,768,128,8748,82.8309
36,768,128,13122,121.6730
36,768,128,16384,150.6403
36,1152,0,0,5.1068
36,1152,1,512,5.1385
36,1152,1,768,5.1562
36,1152,1,1152,5.1829
36,1152,1,1728,5.2228
36,1152,1,2592,5.2828
36,1152,1,3888,5.3727
36,1152,1,5832,5.5076
36,1152,1,8748,5.7099
36,1152,1,13122,6.0133
36,1152,1,16384,6.2396
36,1152,2,512,5.1746
36,1152,2,768,5.2101
36,1152,2,1152,5.2634
36,1152,2,1728,5.3433
36,1152,2,2592,5.4632
36,1152,2,3888,5.6430
36,1152,2,5832,5.9127
36,1152,2,8748,6.3173
36,1152,2,13122,6.9242
36,1152,2,16384,7.3768
36,1152,4,512,5.2467
36,1152,4,768,5.3177
36,1152,4,1152,5.4243
36,1152,4,1728,5.5842
36,1152,4,2592,5.8239
36,1152,4,3888,6.1836
36,1152,4,5832,6.7230
36,1152,4,8748,7.5322
36,1152,4,13122,8.7461
36,1152,4,16384,9.6513
36,1152,8,512,5.3910
36,1152,8,768,5.5331
36,1152,8,1152,5.7462
36,1152,8,1728,6.0659
36,1152,8,2592,6.5454
36,1152,8,3888,7.2647
36,1152,8,5832,8.3437
36,1152,8,8748,9.9621
36,1152,8,13122,12.3897
36,1152,8,16384,14.2002
36,1152,16,512,5.6796
36,1152,16,768,5.9638
36,1152,16,1152,6.3900
36,1152,16,1728,7.0294
36,1152,16,2592,7.9885
36,1152,16,3888,9.4271
36,1152,16,5832,11.5850
36,1152,16,8748,14.8218
36,1152,16,13122,19.6771
36,1152,16,16384,23.2980
36,1152,32,512,6.2568
36,1152,32,768,6.8252
36,1152,32,1152,7.6777
36,1152,32,1728,8.9564
36,1152,32,2592,10.8745
36,1152,32,3888,13.7517
36,1152,32,5832,18.0675
36,1152,32,8748,24.5412
36,1152,32,13122,34.2517
36,1152,32,16384,41.4935
36,1152,64,512,7.4113
36,1152,64,768,8.5479
36,1152,64,1152,10.2529
36,1152,64,1728,12.8104
36,1152,64,2592,16.6467
36,1152,64,3888,22.4011
36,1152,64,5832,31.0326
36,1152,64,8748,43.9800
36,1152,64,13122,63.4010
36,1152,64,16384,77.8847
36,1152,128,512,9.7201
36,1152,128,768,11.9934
36,1152,128,1152,15.4035
36,1152,128,1728,20.5185
36,1152,128,2592,28.1910
36,1152,128,3888,39.6997
36,1152,128,5832,56.9629
36,1152,128,8748,82.8576
36,1152,128,13122,121.6996
36,1152,128,16384,150.6669
36,1728,0,0,5.1594
36,1728,1,512,5.1784
36,1728,1,768,5.1962
36,1728,1,1152,5.2228
36,1728,1,1728,5.2628
36,1728,1,2592,5.3227
36,1728,1,3888,5.4127
36,1728,1,5832,5.5475
36,1728,1,8748,5.7498
36,1728,1,13122,6.0533
36,1728,1,16384,6.2796
36,1728,2,512,5.2145
36,1728,2,768,5.2500
36,1728,2,1152,5.3033
36,1728,2,1728,5.3832
36,1728,2,2592,5.5031
36,1728,2,3888,5.6829
36,1728,2,5832,5.9527
36,1728,2,8748,6.3573
36,1728,2,13122,6.9642
36,1728,2,16384,7.4168
36,1728,4,512,5.2867
36,1728,4,768,5.3577
36,1728,4,1152,5.4643
36,1728,4,1728,5.6241
36,1728,4,2592,5.8639
36,1728,4,3888,6.2235
36,1728,4,5832,6.7630
36,1728,4,8748,7.5722
36,1728,4,13122,8.7860
36,1728,4,16384,9.6913
36,1728,8,512,5.4310
36,1728,8,768,5.5731
36,1728,8,1152,5.7862
36,1728,8,1728,6.1059
36,1728,8,2592,6.5854
36,1728,8,3888,7.3047
36,1728,8,5832,8.3836
36,1728,8,8748,10.0021
36,1728,8,13122,12.4297
36,1728,8,16384,14.2401
36,1728,16,512,5.7196
36,1728,16,768,6.0037
36,1728,16,1152,6.4300
36,1728,16,1728,7.0694
36,1728,16,2592,8.0284
36,1728,16,3888,9.4670
36,1728,16,5832,11.6249
36,1728,16,8748,14.8618
36,1728,16,13122,19.7170
36,1728,16,16384,23.3379
36,1728,32,512,6.2968
36,1728,32,768,6.8651
36,1728,32,1152,7.7176
36,1728,32,1728,8.9964
36,1728,32,2592,10.9145
36,1728,32,3888,13.7917
36,1728,32,5832,18.1075
36,1728,32,8748,24.5812
36,1728,32,13122,34.2917
36,1728,32,16384,41.5335
36,1728,64,512,7.4512
36,1728,64,768,8.5879
36,1728,64,1152,10.2929
36,1728,64,1728,12.8504
36,1728,64,2592,16.6866
36,1728,64,3888,22.4410
36,1728,64,5832,31.0726
36,1728,64,8748,44.0200
36,1728,64,13122,63.4410
36,1728,64,16384,77.9246
36,1728,128,512,9.7601
36,1728,128,768,12.0334
36,1728,128,1152,15.4434
36,1728,128,1728,20.5584
36,1728,128,2592,28.2309
36,1728,128,3888,39.7397
36,1728,128,5832,57.0028
36,1728,128,8748,82.8975
36,1728,128,13122,121.7396
36,1728,128,16384,150.7069
36,2592,0,0,5.2383
36,2592,1,512,5.2396
36,2592,1,768,5.2561
36,2592,1,1152,5.2828
36,2592,1,1728,5.3227
36,2592,1,2592,5.3827
36,2592,1,3888,5.4726
36,2592,1,5832,5.6075
36,2592,1,8748,5.8098
36,2592,1,13122,6.1132
36,2592,1,16384,6.3395
36,2592,2,512,5.2745
36,2592,2,768,5.3100
36,2592,2,1152,5.3633
36,2592,2,1728,5.4432
36,2592,2,2592,5.5631
36,2592,2,3888,5.7429
36,2592,2,5832,6.0126
36,2592,2,8748,6.4172
36,2592,2,13122,7.0241
36,2592,2,16384,7.4767
36,2592,4,512,5.3466
36,2592,4,768,5.4176
36,2592,4,1152,5.5242
36,2592,4,1728,5.6841
36,2592,4,2592,5.9238
36,2592,4,3888,6.2835
36,2592,4,5832,6.8229
36,2592,4,8748,7.6322
36,2592,4,13122,8.8460
36,2592,4,16384,9.7512
36,2592,8,512,5.4909
36,2592,8,768,5.6330
36,2592,8,1152,5.8461
36,2592,8,1728,6.1658
36,2592,8,2592,6.6453
36,2592,8,3888,7.3646
36,2592,8,5832,8.4436
36,2592,8,8748,10.0620
36,2592,8,13122,12.4896
36,2592,8,16384,14.3001
36,2592,16,512,5.7795
36,2592,16,768,6.0637
36,2592,16,1152,6.4899
36,2592,16,1728,7.1293
36,2592,16,2592,8.0884
36,2592,16,3888,9.5270
36,2592,16,5832,11.6849
36,2592,16,8748,14.9217
36,2592,16,13122,19.7770
36,2592,16,16384,23.3979
36,2592,32,512,6.3567
36,2592,32,768,6.9251
36,2592,32,1152,7.7776
36,2592,32,1728,9.0563
36,2592,32,2592,10.9744
36,2592,32,3888,13.8516
36,2592,32,5832,18.1674
36,2592,32,8748,24.6411
36,2592,32,13122,34.3516
36,2592,32,16384,41.5934
36,2592,64,512,7.5112
36,2592,64,768,8.6478
36,2592,64,1152,10.3528
36,2592,64,1728,12.9103
36,2592,64,2592,16.7466
36,2592,64,3888,22.5010
36,2592,64,5832,31.1325
36,2592,64,8748,44.0799
36,2592,64,13122,63.5009
36,2592,64,16384,77.9846
36,2592,128,512,9.8200
36,2592,128,768,12.0934
36,2592,128,1152,15.5034
36,2592,128,1728,20.6184
36,2592,128,2592,28.2909
36,2592,128,3888,39.7996
36,2592,128,5832,57.0628
36,2592,128,8748,82.9575
36,2592,128,13122,121.7995
36,2592,128,16384,150.7668
36,3888,0,0,5.3567
36,3888,1,512,5.3580
36,3888,1,768,5.3586
36,3888,1,1152,5.3727
36,3888,1,1728,5.4127
36,3888,1,2592,5.4726
36,3888,1,3888,5.5625
36,3888,1,5832,5.6974
36,3888,1,8748,5.8997
36,3888,1,13122,6.2031
36,3888,1,16384,6.4294
36,3888,2,512,5.3644
36,3888,2,768,5.3999
36,3888,2,1152,5.4532
36,3888,2,1728,5.5331
36,3888,2,2592,5.6530
36,3888,2,3888,5.8328
36,3888,2,5832,6.1025
36,3888,2,8748,6.5071
36,3888,2,13122,7.1140
36,3888,2,16384,7.5667
36,3888,4,512,5.4365
36,3888,4,768,5.5076
36,3888,4,1152,5.6141
36,3888,4,1728,5.7740
36,3888,4,2592,6.0137
36,3888,4,3888,6.3734
36,3888,4,5832,6.9129
36,3888,4,8748,7.7221
36,3888,4,13122,8.9359
36,3888,4,16384,9.8411
36,3888,8,512,5.5808
36,3888,8,768,5.7229
36,3888,8,1152,5.9360
36,3888,8,1728,6.2557
36,3888,8,2592,6.7352
36,3888,8,3888,7.4545
36,3888,8,5832,8.5335
36,3888,8,8748,10.1519
36,3888,8,13122,12.5795
36,3888,8,16384,14.3900
36,3888,16,512,5.8694
36,3888,16,768,6.1536
36,3888,16,1152,6.5798
36,3888,16,1728,7.2192
36,3888,16,2592,8.1783
36,3888,16,3888,9.6169
36,3888,16,5832,11.7748
36,3888,16,8748,15.0116
36,3888,16,13122,19.8669
36,3888,16,16384,23.4878
36,3888,32,512,6.4466
36,3888,32,768,7.0150
36,3888,32,1152,7.8675
36,3888,32,1728,9.1462
36,3888,32,2592,11.0644
36,3888,32,3888,13.9415
36,3888,32,5832,18.2573
36,3888,32,8748,24.7310
36,3888,32,13122,34.4415
36,3888,32,16384,41.6833
36,3888,64,512,7.6011
36,3888,64,768,8.7377
36,3888,64,1152,10.4427
36,3888,64,1728,13.0002
36,3888,64,2592,16.8365
36,3888,64,3888,22.5909
36,3888,64,5832,31.2224
36,3888,64,8748,44.1698
36,3888,64,13122,63.5908
36,3888,64,16384,78.0745
36,3888,128,512,9.9099
36,3888,128,768,12.1833
36,3888,128,1152,15.5933
36,3888,128,1728,20.7083
36,3888,128,2592,28.3808
36,3888,128,3888,39.8895
36,3888,128,5832,57.1527
36,3888,128,8748,83.0474
36,3888,128,13122,121.8895
36,3888,128,16384,150.8567
36,5832,0,0,5.5342
36,5832,1,512,5.5355
36,5832,1,768,5.5361
36,5832,1,1152,5.5371
36,5832,1,1728,5.5475
36,5832,1,2592,5.6075
36,5832,1,3888,5.6974
36,5832,1,5832,5.8322
36,5832,1,8748,6.0345
36,5832,1,13122,6.3380
36,5832,1,16384,6.5643
36,5832,2,512,5.5368
36,5832,2,768,5.5381
36,5832,2,1152,5.5880
36,5832,2,1728,5.6680
36,5832,2,2592,5.7878
36,5832,2,3888,5.9677
36,5832,2,5832,6.2374
36,5832,2,8748,6.6420
36,5832,2,13122,7.2489
36,5832,2,16384,7.7015
36,5832,4,512,5.5714
36,5832,4,768,5.6424
36,5832,4,1152,5.7490
36,5832,4,1728,5.9088
36,5832,4,2592,6.1486
36,5832,4,3888,6.5082
36,5832,4,5832,7.0477
36,5832,4,8748,7.8569
36,5832,4,13122,9.0707
36,5832,4,16384,9.9760
36,5832,8,512,5.7157
36,5832,8,768,5.8578
36,5832,8,1152,6.0709
36,5832,8,1728,6.3906
36,5832,8,2592,6.8701
36,5832,8,3888,7.5894
36,5832,8,5832,8.6684
36,5832,8,8748,10.2868
36,5832,8,13122,12.7144
36,5832,8,16384,14.5249
36,5832,16,512,6.0043
36,5832,16,768,6.2885
36,5832,16,1152,6.7147
36,5832,16,1728,7.3541
36,5832,16,2592,8.3132
36,5832,16,3888,9.7517
36,5832,16,5832,11.9096
36,5832,16,8748,15.1465
36,5832,16,13122,20.0017
36,5832,16,16384,23.6226
36,5832,32,512,6.5815
36,5832,32,768,7.1498
36,5832,32,1152,8.0023
36,5832,32,1728,9.2811
36,5832,32,2592,11.1992
36,5832,32,3888,14.0764
36,5832,32,5832,18.3922
36,5832,32,8748,24.8659
36,5832,32,13122,34.5764
36,5832,32,16384,41.8182
36,5832,64,512,7.7359
36,5832,64,768,8.8726
36,5832,64,1152,10.5776
36,5832,64,1728,13.1351
36,5832,64,2592,16.9714
36,5832,64,3888,22.7257
36,5832,64,5832,31.3573
36,5832,64,8748,44.3047
36,5832,64,13122,63.7257
36,5832,64,16384,78.2093
36,5832,128,512,10.0448
36,5832,128,768,12.3181
36,5832,128,1152,15.7281
36,5832,128,1728,20.8431
36,5832,128,2592,28.5156
36,5832,128,3888,40.0244
36,5832,128,5832,57.2875
36,5832,128,8748,83.1823
36,5832,128,13122,122.0243
36,5832,128,16384,150.9916
36,8748,0,0,5.8004
36,8748,1,512,5.8017
36,8748,1,768,5.8024
36,8748,1,1152,5.8033
36,8748,1,1728,5.8048
36,8748,1,2592,5.8098
36,8748,1,3888,5.8997
36,8748,1,5832,6.0345
36,8748,1,8748,6.2368
36,8748,1,13122,6.5403
36,8748,1,16384,6.7666
36,8748,2,512,5.8030
36,8748,2,768,5.8043
36,8748,2,1152,5.8063
36,8748,2,1728,5.8703
36,8748,2,2592,5.9901
36,8748,2,3888,6.1700
36,8748,2,5832,6.4397
36,8748,2,8748,6.8443
36,8748,2,13122,7.4512
36,8748,2,16384,7.9038
36,8748,4,512,5.8056
36,8748,4,768,5.8447
36,8748,4,1152,5.9513
36,8748,4,1728,6.1111
36,8748,4,2592,6.3509
36,8748,4,3888,6.7106
36,8748,4,5832,7.2500
36,8748,4,8748,8.0592
36,8748,4,13122,9.2730
36,8748,4,16384,10.1783
36,8748,8,512,5.9180
36,8748,8,768,6.0601
36,8748,8,1152,6.2732
36,8748,8,1728,6.5929
36,8748,8,2592,7.0724
36,8748,8,3888,7.7917
36,8748,8,5832,8.8707
36,8748,8,8748,10.4891
36,8748,8,13122,12.9167
36,8748,8,16384,14.7272
36,8748,16,512,6.2066
36,8748,16,768,6.4908
36,8748,16,1152,6.9170
36,8748,16,1728,7.5564
36,8748,16,2592,8.5155
36,8748,16,3888,9.9541
36,8748,16,5832,12.1119
36,8748,16,8748,15.3488
36,8748,16,13122,20.2040
36,8748,16,16384,23.8249
36,8748,32,512,6.7838
36,8748,32,768,7.3521
36,8748,32,1152,8.2046
36,8748,32,1728,9.4834
36,8748,32,2592,11.4015
36,8748,32,3888,14.2787
36,8748,32,5832,18.5945
36,8748,32,8748,25.0682
36,8748,32,13122,34.7787
36,8748,32,16384,42.0205
36,8748,64,512,7.9382
36,8748,64,768,9.0749
36,8748,64,1152,10.7799
36,8748,64,1728,13.3374
36,8748,64,2592,17.1737
36,8748,64,3888,22.9280
36,8748,64,5832,31.5596
36,8748,64,8748,44.5070
36,8748,64,13122,63.9280
36,8748,64,16384,78.4116
36,8748,128,512,10.2471
36,8748,128,768,12.5204
36,8748,128,1152,15.9304
36,8748,128,1728,21.0454
36,8748,128,2592,28.7179
36,8748,128,3888,40.2267
36,8748,128,5832,57.4899
36,8748,128,8748,83.3846
36,8748,128,13122,122.2266
36,8748,128,16384,151.1939
36,13122,0,0,6.1998
36,13122,1,512,6.2011
36,13122,1,768,6.2018
36,13122,1,1152,6.2027
36,13122,1,1728,6.2042
36,13122,1,2592,6.2064
36,13122,1,3888,6.2097
36,13122,1,5832,6.3380
36,13122,1,8748,6.5403
36,13122,1,13122,6.8438
36,13122,1,16384,7.0701
36,13122,2,512,6.2024
36,13122,2,768,6.2037
36,13122,2,1152,6.2057
36,13122,2,1728,6.2086
36,13122,2,2592,6.2936
36,13122,2,3888,6.4734
36,13122,2,5832,6.7432
36,13122,2,8748,7.1478
36,13122,2,13122,7.7547
36,13122,2,16384,8.2073
36,13122,4,512,6.2050
36,13122,4,768,6.2076
36,13122,4,1152,6.2547
36,13122,4,1728,6.4146
36,13122,4,2592,6.6544
36,13122,4,3888,7.0140
36,13122,4,5832,7.5535
36,13122,4,8748,8.3627
36,13122,4,13122,9.5765
36,13122,4,16384,10.4817
36,13122,8,512,6.2214
36,13122,8,768,6.3635
36,13122,8,1152,6.5767
36,13122,8,1728,6.8963
36,13122,8,2592,7.3759
36,13122,8,3888,8.0952
36,13122,8,5832,9.1741
36,13122,8,8748,10.7925
36,13122,8,13122,13.2202
36,13122,8,16384,15.0306
36,13122,16,512,6.5101
36,13122,16,768,6.7942
36,13122,16,1152,7.2205
36,13122,16,1728,7.8598
36,13122,16,2592,8.8189
36,13122,16,3888,10.2575
36,13122,16,5832,12.4154
36,13122,16,8748,15.6522
36,13122,16,13122,20.5075
36,13122,16,16384,24.1284
36,13122,32,512,7.0873
36,13122,32,768,7.6556
36,13122,32,1152,8.5081
36,13122,32,1728,9.7869
36,13122,32,2592,11.7050
36,13122,32,3888,14.5822
36,13122,32,5832,18.8980
36,13122,32,8748,25.3716
36,13122,32,13122,35.0822
36,13122,32,16384,42.3240
36,13122,64,512,8.2417
36,13122,64,768,9.3784
36,13122,64,1152,11.0834
36,13122,64,1728,13.6409
36,13122,64,2592,17.4771
36,13122,64,3888,23.2315
36,13122,64,5832,31.8631
36,13122,64,8748,44.8104
36,13122,64,13122,64.2315
36,13122,64,16384,78.7151
36,13122,128,512,10.5506
36,13122,128,768,12.8239
36,13122,128,1152,16.2339
36,13122,128,1728,21.3489
36,13122,128,2592,29.0214
36,13122,128,3888,40.5302
36,13122,128,5832,57.7933
36,13122,128,8748,83.6880
36,13122,128,13122,122.5301
36,13122,128,16384,151.4974
36,16384,0,0,6.4977
36,16384,1,512,6.4990
36,16384,1,768,6.4996
36,16384,1,1152,6.5006
36,16384,1,1728,6.5020
36,16384,1,2592,6.5042
36,16384,1,3888,6.5075
36,16384,1,5832,6.5643
36,16384,1,8748,6.7666
36,16384,1,13122,7.0701
36,16384,1,16384,7.2964
36,16384,2,512,6.5003
36,16384,2,768,6.5016
36,16384,2,1152,6.5035
36,16384,2,1728,6.5064
36,16384,2,2592,6.5199
36,16384,2,3888,6.6997
36,16384,2,5832,6.9695
36,16384,2,8748,7.3741
36,16384,2,13122,7.9810
36,16384,2,16384,8.4336
36,16384,4,512,6.5029
36,16384,4,768,6.5055
36,16384,4,1152,6.5093
36,16384,4,1728,6.6409
36,16384,4,2592,6.8807
36,16384,4,3888,7.2403
36,16384,4,5832,7.7798
36,16384,4,8748,8.5890
36,16384,4,13122,9.8028
36,16384,4,16384,10.7080
36,16384,8,512,6.5081
36,16384,8,768,6.5898
36,16384,8,1152,6.8030
36,16384,8,1728,7.1226
36,16384,8,2592,7.6022
36,16384,8,3888,8.3215
36,16384,8,5832,9.4004
36,16384,8,8748,11.0188
36,16384,8,13122,13.4465
36,16384,8,16384,15.2569
36,16384,16,512,6.7364
36,16384,16,768,7.0205
36,16384,16,1152,7.4468
36,16384,16,1728,8.0862
36,16384,16,2592,9.0452
36,16384,16,3888,10.4838
36,16384,16,5832,12.6417
36,16384,16,8748,15.8785
36,16384,16,13122,20.7338
36,16384,16,16384,24.3547
36,16384,32,512,7.3136
36,16384,32,768,7.8819
36,16384,32,1152,8.7344
36,16384,32,1728,10.0132
36,16384,32,2592,11.9313
36,16384,32,3888,14.8085
36,16384,32,5832,19.1243
36,16384,32,8748,25.5979
36,16384,32,13122,35.3085
36,16384,32,16384,42.5503
36,16384,64,512,8.4680
36,16384,64,768,9.6047
36,16384,64,1152,11.3097
36,16384,64,1728,13.8672
36,16384,64,2592,17.7034
36,16384,64,3888,23.4578
36,16384,64,5832,32.0894
36,16384,64,8748,45.0367
36,16384,64,13122,64.4578
36,16384,64,16384,78.9414
36,16384,128,512,10.7769
36,16384,128,768,13.0502
36,16384,128,1152,16.4602
36,16384,128,1728,21.5752
36,16384,128,2592,29.2477
36,16384,128,3888,40.7565
36,16384,128,5832,58.0196
36,16384,128,8748,83.9143
36,16384,128,13122,122.7564
36,16384,128,16384,151.7237
54,0,0,0,5.0337
54,0,1,512,5.0698
54,0,1,768,5.0876
54,0,1,1152,5.1142
54,0,1,1728,5.1542
54,0,1,2592,5.2141
54,0,1,3888,5.3040
54,0,1,5832,5.4389
54,0,1,8748,5.6412
54,0,1,13122,5.9446
54,0,1,16384,6.1709
54,0,2,512,5.1059
54,0,2,768,5.1414
54,0,2,1152,5.1947
54,0,2,1728,5.2746
54,0,2,2592,5.3945
54,0,2,3888,5.5743
54,0,2,5832,5.8440
54,0,2,8748,6.2486
54,0,2,13122,6.8555
54,0,2,16384,7.3082
54,0,4,512,5.1780
54,0,4,768,5.2491
54,0,4,1152,5.3556
54,0,4,1728,5.5155
54,0,4,2592,5.7552
54,0,4,3888,6.1149
54,0,4,5832,6.6544
54,0,4,8748,7.4636
54,0,4,13122,8.6774
54,0,4,16384,9.5826
54,0,8,512,5.3223
54,0,8,768,5.4644
54,0,8,1152,5.6775
54,0,8,1728,5.9972
54,0,8,2592,6.4768
54,0,8,3888,7.1960
54,0,8,5832,8.2750
54,0,8,8748,9.8934
54,0,8,13122,12.3210
54,0,8,16384,14.1315
54,0,16,512,5.6109
54,0,16,768,5.8951
54,0,16,1152,6.3213
54,0,16,1728,6.9607
54,0,16,2592,7.9198
54,0,16,3888,9.3584
54,0,16,5832,11.5163
54,0,16,8748,14.7531
54,0,16,13122,19.6084
54,0,16,16384,23.2293
54,0,32,512,6.1881
54,0,32,768,6.7565
54,0,32,1152,7.6090
54,0,32,1728,8.8877
54,0,32,2592,10.8059
54,0,32,3888,13.6830
54,0,32,5832,17.9988
54,0,32,8748,24.4725
54,0,32,13122,34.1830
54,0,32,16384,41.4248
54,0,64,512,7.3426
54,0,64,768,8.4792
54,0,64,1152,10.1842
54,0,64,1728,12.7417
54,0,64,2592,16.5780
54,0,64,3888,22.3324
54,0,64,5832,30.9640
54,0,64,8748,43.9113
54,0,64,13122,63.3323
54,0,64,16384,77.8160
54,0,128,512,9.6514
54,0,128,768,11.9248
54,0,128,1152,15.3348
54,0,128,1728,20.4498
54,0,128,2592,28.1223
54,0,128,3888,39.6310
54,0,128,5832,56.8942
54,0,128,8748,82.7889
54,0,128,13122,121.6310
54,0,128,16384,150.5982
54,512,0,0,5.0738
54,512,1,512,5.1053
54,512,1,768,5.1231
54,512,1,1152,5.1497
54,512,1,1728,5.1897
54,512,1,2592,5.2496
54,512,1,3888,5.3395
54,512,1,5832,5.4744
54,512,1,8748,5.6767
54,512,1,13122,5.9802
54,512,1,16384,6.2065
54,512,2,512,5.1414
54,512,2,768,5.1769
54,512,2,1152,5.2302
54,512,2,1728,5.3101
54,512,2,2592,5.4300
54,512,2,3888,5.6098
54,512,2,5832,5.8796
54,512,2,8748,6.2842
54,512,2,13122,6.8911
54,512,2,16384,7.3437
54,512,4,512,5.2135
54,512,4,768,5.2846
54,512,4,1152,5.3911
54,512,4,1728,5.5510
54,512,4,2592,5.7908
54,512,4,3888,6.1504
54,512,4,5832,6.6899
54,512,4,8748,7.4991
54,512,4,13122,8.7129
54,512,4,16384,9.6181
54,512,8,512,5.3578
54,512,8,768,5.4999
54,512,8,1152,5.7131
54,512,8,1728,6.0327
54,512,8,2592,6.5123
54,512,8,3888,7.2316
54,512,8,5832,8.3105
54,512,8,8748,9.9289
54,512,8,13122,12.3566
54,512,8,16384,14.1670
54,512,16,512,5.6465
54,512,16,768,5.9306
54,512,16,1152,6.3569
54,512,16,1728,6.9962
54,512,16,2592,7.9553
54,512,16,3888,9.3939
54,512,16,5832,11.5518
54,512,16,8748,14.7886
54,512,16,13122,19.6439
54,512,16,16384,23.2648
54,512,32,512,6.2237
54,512,32,768,6.7920
54,512,32,1152,7.6445
54,512,32,1728,8.9233
54,512,32,2592,10.8414
54,512,32,3888,13.7186
54,512,32,5832,18.0344
54,512,32,8748,24.5080
54,512,32,13122,34.2185
54,512,32,16384,41.4604
54,512,64,512,7.3781
54,512,64,768,8.5148
54,512,64,1152,10.2198
54,512,64,1728,12.7773
54,512,64,2592,16.6135
54,512,64,3888,22.3679
54,512,64,5832,30.9995
54,512,64,8748,43.9468
54,512,64,13122,63.3679
54,512,64,16384,77.8515
54,512,128,512,9.6870
54,512,128,768,11.9603
54,512,128,1152,15.3703
54,512,128,1728,20.4853
54,512,128,2592,28.1578
54,512,128,3888,39.6666
54,512,128,5832,56.9297
54,512,128,8748,82.8244
54,512,128,13122,121.6665
54,512,128,16384,150.6338
54,768,0,0,5.1089
54,768,1,512,5.1231
54,768,1,768,5.1408
54,768,1,1152,5.1675
54,768,1,1728,5.2074
54,768,1,2592,5.2674
54,768,1,3888,5.3573
54,768,1,5832,5.4922
54,768,1,8748,5.6945
54,768,1,13122,5.9979
54,768,1,16384,6.2242
54,768,2,512,5.1592
54,768,2,768,5.1947
54,768,2,1152,5.2480
54,768,2,1728,5.3279
54,768,2,2592,5.4478
54,768,2,3888,5.6276
54,768,2,5832,5.8973
54,768,2,8748,6.3019
54,768,2,13122,6.9088
54,768,2,16384,7.3614
54,768,4,512,5.2313
54,768,4,768,5.3023
54,768,4,1152,5.4089
54,768,4,1728,5.5688
54,768,4,2592,5.8085
54,768,4,3888,6.1682
54,768,4,5832,6.7076
54,768,4,8748,7.5168
54,768,4,13122,8.7307
54,768,4,16384,9.6359
54,768,8,512,5.3756
54,768,8,768,5.5177
54,768,8,1152,5.7308
54,768,8,1728,6.0505
54,768,8,2592,6.5300
54,768,8,3888,7.2493
54,768,8,5832,8.3283
54,768,8,8748,9.9467
54,768,8,13122,12.3743
54,768,8,16384,14.1848
54,768,16,512,5.6642
54,768,16,768,5.9484
54,768,16,1152,6.3746
54,768,16,1728,7.0140
54,768,16,2592,7.9731
54,768,16,3888,9.4117
54,768,16,5832,11.5696
54,768,16,8748,14.8064
54,768,16,13122,19.6617
54,768,16,16384,23.2826
54,768,32,512,6.2414
54,768,32,768,6.8098
54,768,32,1152,7.6623
54,768,32,1728,8.9410
54,768,32,2592,10.8591
54,768,32,3888,13.7363
54,768,32,5832,18.0521
54,768,32,8748,24.5258
54,768,32,13122,34.2363
54,768,32,16384,41.4781
54,768,64,512,7.3959
54,768,64,768,8.5325
54,768,64,1152,10.2375
54,768,64,1728,12.7950
54,768,64,2592,16.6313
54,768,64,3888,22.3857
54,768,64,5832,31.0172
54,768,64,8748,43.9646
54,768,64,13122,63.3856
54,768,64,16384,77.8693
54,768,128,512,9.7047
54,768,128,768,11.9780
54,768,128,1152,15.3880
54,768,128,1728,20.5031
54,768,128,2592,28.1756
54,768,128,3888,39.6843
54,768,128,5832,56.9475
54,768,128,8748,82.8422
54,768,128,13122,121.6842
54,768,128,16384,150.6515
54,1152,0,0,5.1615
54,1152,1,512,5.1628
54,1152,1,768,5.1675
54,1152,1,1152,5.1941
54,1152,1,1728,5.2341
54,1152,1,2592,5.2940
54,1152,1,3888,5.3839
54,1152,1,5832,5.5188
54,1152,1,8748,5.7211
54,1152,1,13122,6.0246
54,1152,1,16384,6.2509
54,1152,2,512,5.1858
54,1152,2,768,5.2213
54,1152,2,1152,5.2746
54,1152,2,1728,5.3545
54,1152,2,2592,5.4744
54,1152,2,3888,5.6542
54,1152,2,5832,5.9240
54,1152,2,8748,6.3286
54,1152,2,13122,6.9355
54,1152,2,16384,7.3881
54,1152,4,512,5.2579
54,1152,4,768,5.3290
54,1152,4,1152,5.4355
54,1152,4,1728,5.5954
54,1152,4,2592,5.8352
54,1152,4,3888,6.1948
54,1152,4,5832,6.7343
54,1152,4,8748,7.5435
54,1152,4,13122,8.7573
54,1152,4,16384,9.6625
54,1152,8,512,5.4022
54,1152,8,768,5.5443
54,1152,8,1152,5.7575
54,1152,8,1728,6.0771
54,1152,8,2592,6.5567
54,1152,8,3888,7.2760
54,1152,8,5832,8.3549
54,1152,8,8748,9.9733
54,1152,8,13122,12.4010
54,1152,8,16384,14.2114
54,1152,16,512,5.6909
54,1152,16,768,5.9750
54,1152,16,1152,6.4013
54,1152,16,1728,7.0406
54,1152,16,2592,7.9997
54,1152,16,3888,9.4383
54,1152,16,5832,11.5962
54,1152,16,8748,14.8330
54,1152,16,13122,19.6883
54,1152,16,16384,23.3092
54,1152,32,512,6.2681
54,1152,32,768,6.8364
54,1152,32,1152,7.6889
54,1152,32,1728,8.9677
54,1152,32,2592,10.8858
54,1152,32,3888,13.7630
54,1152,32,5832,18.0788
54,1152,32,8748,24.5524
54,1152,32,13122,34.2630
54,1152,32,16384,41.5048
54,1152,64,512,7.4225
54,1152,64,768,8.5592
54,1152,64,1152,10.2642
54,1152,64,1728,12.8217
54,1152,64,2592,16.6579
54,1152,64,3888,22.4123
54,1152,64,5832,31.0439
54,1152,64,8748,43.9912
54,1152,64,13122,63.4123
54,1152,64,16384,77.8959
54,1152,128,512,9.7314
54,1152,128,768,12.0047
54,1152,128,1152,15.4147
54,1152,128,1728,20.5297
54,1152,128,2592,28.2022
54,1152,128,3888,39.7110
54,1152,128,5832,56.9741
54,1152,128,8748,82.8688
54,1152,128,13122,121.7109
54,1152,128,16384,150.6782
54,1728,0,0,5.2404
54,1728,1,512,5.2417
54,1728,1,768,5.2423
54,1728,1,1152,5.2433
54,1728,1,1728,5.2740
54,1728,1,2592,5.3340
54,1728,1,3888,5.4239
54,1728,1,5832,5.5588
54,1728,1,8748,5.7611
54,1728,1,13122,6.0645
54,1728,1,16384,6.2908
54,1728,2,512,5.2430
54,1728,2,768,5.2613
54,1728,2,1152,5.3146
54,1728,2,1728,5.3945
54,1728,2,2592,5.5144
54,1728,2,3888,5.6942
54,1728,2,5832,5.9639
54,1728,2,8748,6.3685
54,1728,2,13122,6.9754
54,1728,2,16384,7.4280
54,1728,4,512,5.2979
54,1728,4,768,5.3689
54,1728,4,1152,5.4755
54,1728,4,1728,5.6354
54,1728,4,2592,5.8751
54,1728,4,3888,6.2348
54,1728,4,5832,6.7742
54,1728,4,8748,7.5834
54,1728,4,13122,8.7973
54,1728,4,16384,9.7025
54,1728,8,512,5.4422
54,1728,8,768,5.5843
54,1728,8,1152,5.7974
54,1728,8,1728,6.1171
54,1728,8,2592,6.5966
54,1728,8,3888,7.3159
54,1728,8,5832,8.3949
54,1728,8,8748,10.0133
54,1728,8,13122,12.4409
54,1728,8,16384,14.2514
54,1728,16,512,5.7308
54,1728,16,768,6.0150
54,1728,16,1152,6.4412
54,1728,16,1728,7.0806
54,1728,16,2592,8.0397
54,1728,16,3888,9.4783
54,1728,16,5832,11.6362
54,1728,16,8748,14.8730
54,1728,16,13122,19.7283
54,1728,16,16384,23.3492
54,1728,32,512,6.3080
54,1728,32,768,6.8764
54,1728,32,1152,7.7289
54,1728,32,1728,9.0076
54,1728,32,2592,10.9257
54,1728,32,3888,13.8029
54,1728,32,5832,18.1187
54,1728,32,8748,24.5924
54,1728,32,13122,34.3029
54,1728,32,16384,41.5447
54,1728,64,512,7.4625
54,1728,64,768,8.5991
54,1728,64,1152,10.3041
54,1728,64,1728,12.8616
54,1728,64,2592,16.6979
54,1728,64,3888,22.4523
54,1728,64,5832,31.0838
54,1728,64,8748,44.0312
54,1728,64,13122,63.4522
54,1728,64,16384,77.9359
54,1728,128,512,9.7713
54,1728,128,768,12.0446
54,1728,128,1152,15.4547
54,1728,128,1728,20.5697
54,1728,128,2592,28.2422
54,1728,128,3888,39.7509
54,1728,128,5832,57.0141
54,1728,128,8748,82.9088
54,1728,128,13122,121.7508
54,1728,128,16384,150.7181
54,2592,0,0,5.3587
54,2592,1,512,5.3600
54,2592,1,768,5.3607
54,2592,1,1152,5.3616
54,2592,1,1728,5.3631
54,2592,1,2592,5.3939
54,2592,1,3888,5.4838
54,2592,1,5832,5.6187
54,2592,1,8748,5.8210
54,2592,1,13122,6.1245
54,2592,1,16384,6.3508
54,2592,2,512,5.3613
54,2592,2,768,5.3626
54,2592,2,1152,5.3745
54,2592,2,1728,5.4544
54,2592,2,2592,5.5743
54,2592,2,3888,5.7541
54,2592,2,5832,6.0239
54,2592,2,8748,6.4285
54,2592,2,13122,7.0354
54,2592,2,16384,7.4880
54,2592,4,512,5.3639
54,2592,4,768,5.4289
54,2592,4,1152,5.5354
54,2592,4,1728,5.6953
54,2592,4,2592,5.9351
54,2592,4,3888,6.2947
54,2592,4,5832,6.8342
54,2592,4,8748,7.6434
54,2592,4,13122,8.8572
54,2592,4,16384,9.7624
54,2592,8,512,5.5021
54,2592,8,768,5.6442
54,2592,8,1152,5.8574
54,2592,8,1728,6.1770
54,2592,8,2592,6.6566
54,2592,8,3888,7.3759
54,2592,8,5832,8.4548
54,2592,8,8748,10.0732
54,2592,8,13122,12.5009
54,2592,8,16384,14.3113
54,2592,16,512,5.7908
54,2592,16,768,6.0749
54,2592,16,1152,6.5012
54,2592,16,1728,7.1405
54,2592,16,2592,8.0996
54,2592,16,3888,9.5382
54,2592,16,5832,11.6961
54,2592,16,8748,14.9329
54,2592,16,13122,19.7882
54,2592,16,16384,23.4091
54,2592,32,512,6.3680
54,2592,32,768,6.9363
54,2592,32,1152,7.7888
54,2592,32,1728,9.0676
54,2592,32,2592,10.9857
54,2592,32,3888,13.8629
54,2592,32,5832,18.1787
54,2592,32,8748,24.6523
54,2592,32,13122,34.3629
54,2592,32,16384,41.6047
54,2592,64,512,7.5224
54,2592,64,768,8.6591
54,2592,64,1152,10.3641
54,2592,64,1728,12.9216
54,2592,64,2592,16.7578
54,2592,64,3888,22.5122
54,2592,64,5832,31.1438
54,2592,64,8748,44.0911
54,2592,64,13122,63.5122
54,2592,64,16384,77.9958
54,2592,128,512,9.8313
54,2592,128,768,12.1046
54,2592,128,1152,15.5146
54,2592,128,1728,20.6296
54,2592,128,2592,28.3021
54,2592,128,3888,39.8109
54,2592,128,5832,57.0740
54,2592,128,8748,82.9687
54,2592,128,13122,121.8108
54,2592,128,16384,150.7781
54,3888,0,0,5.5362
54,3888,1,512,5.5375
54,3888,1,768,5.5382
54,3888,1,1152,5.5391
54,3888,1,1728,5.5406
54,3888,1,2592,5.5428
54,3888,1,3888,5.5737
54,3888,1,5832,5.7086
54,3888,1,8748,5.9109
54,3888,1,13122,6.2144
54,3888,1,16384,6.4407
54,3888,2,512,5.5388
54,3888,2,768,5.5401
54,3888,2,1152,5.5421
54,3888,2,1728,5.5450
54,3888,2,2592,5.6642
54,3888,2,3888,5.8440
54,3888,2,5832,6.1138
54,3888,2,8748,6.5184
54,3888,2,13122,7.1253
54,3888,2,16384,7.5779
54,3888,4,512,5.5414
54,3888,4,768,5.5440
54,3888,4,1152,5.6254
54,3888,4,1728,5.7852
54,3888,4,2592,6.0250
54,3888,4,3888,6.3846
54,3888,4,5832,6.9241
54,3888,4,8748,7.7333
54,3888,4,13122,8.9471
54,3888,4,16384,9.8523
54,3888,8,512,5.5921
54,3888,8,768,5.7341
54,3888,8,1152,5.9473
54,3888,8,1728,6.2670
54,3888,8,2592,6.7465
54,3888,8,3888,7.4658
54,3888,8,5832,8.5447
54,3888,8,8748,10.1632
54,3888,8,13122,12.5908
54,3888,8,16384,14.4012
54,3888,16,512,5.8807
54,3888,16,768,6.1648
54,3888,16,1152,6.5911
54,3888,16,1728,7.2305
54,3888,16,2592,8.1895
54,3888,16,3888,9.6281
54,3888,16,5832,11.7860
54,3888,16,8748,15.0229
54,3888,16,13122,19.8781
54,3888,16,16384,23.4990
54,3888,32,512,6.4579
54,3888,32,768,7.0262
54,3888,32,1152,7.8787
54,3888,32,1728,9.1575
54,3888,32,2592,11.0756
54,3888,32,3888,13.9528
54,3888,32,5832,18.2686
54,3888,32,8748,24.7422
54,3888,32,13122,34.4528
54,3888,32,16384,41.6946
54,3888,64,512,7.6123
54,3888,64,768,8.7490
54,3888,64,1152,10.4540
54,3888,64,1728,13.0115
54,3888,64,2592,16.8477
54,3888,64,3888,22.6021
54,3888,64,5832,31.2337
54,3888,64,8748,44.1810
54,3888,64,13122,63.6021
54,3888,64,16384,78.0857
54,3888,128,512,9.9212
54,3888,128,768,12.1945
54,3888,128,1152,15.6045
54,3888,128,1728,20.7195
54,3888,128,2592,28.3920
54,3888,128,3888,39.9008
54,3888,128,5832,57.1639
54,3888,128,8748,83.0586
54,3888,128,13122,121.9007
54,3888,128,16384,150.8680
54,5832,0,0,5.8025
54,5832,1,512,5.8038
54,5832,1,768,5.8044
54,5832,1,1152,5.8054
54,5832,1,1728,5.8069
54,5832,1,2592,5.8090
54,5832,1,3888,5.8123
54,5832,1,5832,5.8435
54,5832,1,8748,6.0458
54,5832,1,13122,6.3492
54,5832,1,16384,6.5755
54,5832,2,512,5.8051
54,5832,2,768,5.8064
54,5832,2,1152,5.8083
54,5832,2,1728,5.8112
54,5832,2,2592,5.8156
54,5832,2,3888,5.9789
54,5832,2,5832,6.2486
54,5832,2,8748,6.6532
54,5832,2,13122,7.2602
54,5832,2,16384,7.7128
54,5832,4,512,5.8077
54,5832,4,768,5.8103
54,5832,4,1152,5.8142
54,5832,4,1728,5.9201
54,5832,4,2592,6.1598
54,5832,4,3888,6.5195
54,5832,4,5832,7.0590
54,5832,4,8748,7.8682
54,5832,4,13122,9.0820
54,5832,4,16384,9.9872
54,5832,8,512,5.8129
54,5832,8,768,5.8690
54,5832,8,1152,6.0821
54,5832,8,1728,6.4018
54,5832,8,2592,6.8814
54,5832,8,3888,7.6007
54,5832,8,5832,8.6796
54,5832,8,8748,10.2980
54,5832,8,13122,12.7256
54,5832,8,16384,14.5361
54,5832,16,512,6.0155
54,5832,16,768,6.2997
54,5832,16,1152,6.7260
54,5832,16,1728,7.3653
54,5832,16,2592,8.3244
54,5832,16,3888,9.7630
54,5832,16,5832,11.9209
54,5832,16,8748,15.1577
54,5832,16,13122,20.0130
54,5832,16,16384,23.6339
54,5832,32,512,6.5928
54,5832,32,768,7.1611
54,5832,32,1152,8.0136
54,5832,32,1728,9.2923
54,5832,32,2592,11.2105
54,5832,32,3888,14.0877
54,5832,32,5832,18.4034
54,5832,32,8748,24.8771
54,5832,32,13122,34.5876
54,5832,32,16384,41.8295
54,5832,64,512,7.7472
54,5832,64,768,8.8838
54,5832,64,1152,10.5888
54,5832,64,1728,13.1464
54,5832,64,2592,16.9826
54,5832,64,3888,22.7370
54,5832,64,5832,31.3686
54,5832,64,8748,44.3159
54,5832,64,13122,63.7369
54,5832,64,16384,78.2206
54,5832,128,512,10.0560
54,5832,128,768,12.3294
54,5832,128,1152,15.7394
54,5832,128,1728,20.8544
54,5832,128,2592,28.5269
54,5832,128,3888,40.0356
54,5832,128,5832,57.2988
54,5832,128,8748,83.1935
54,5832,128,13122,122.0356
54,5832,128,16384,151.0028
54,8748,0,0,6.2019
54,8748,1,512,6.2032
54,8748,1,768,6.2038
54,8748,1,1152,6.2048
54,8748,1,1728,6.2062
54,8748,1,2592,6.2084
54,8748,1,3888,6.2117
54,8748,1,5832,6.2167
54,8748,1,8748,6.2481
54,8748,1,13122,6.5515
54,8748,1,16384,6.7778
54,8748,2,512,6.2045
54,8748,2,768,6.2058
54,8748,2,1152,6.2077
54,8748,2,1728,6.2106
54,8748,2,2592,6.2150
54,8748,2,3888,6.2216
54,8748,2,5832,6.4509
54,8748,2,8748,6.8555
54,8748,2,13122,7.4625
54,8748,2,16384,7.9151
54,8748,4,512,6.2071
54,8748,4,768,6.2097
54,8748,4,1152,6.2136
54,8748,4,1728,6.2194
54,8748,4,2592,6.3621
54,8748,4,3888,6.7218
54,8748,4,5832,7.2613
54,8748,4,8748,8.0705
54,8748,4,13122,9.2843
54,8748,4,16384,10.1895
54,8748,8,512,6.2123
54,8748,8,768,6.2174
54,8748,8,1152,6.2844
54,8748,8,1728,6.6041
54,8748,8,2592,7.0837
54,8748,8,3888,7.8030
54,8748,8,5832,8.8819
54,8748,8,8748,10.5003
54,8748,8,13122,12.9280
54,8748,8,16384,14.7384
54,8748,16,512,6.2226
54,8748,16,768,6.5020
54,8748,16,1152,6.9283
54,8748,16,1728,7.5676
54,8748,16,2592,8.5267
54,8748,16,3888,9.9653
54,8748,16,5832,12.1232
54,8748,16,8748,15.3600
54,8748,16,13122,20.2153
54,8748,16,16384,23.8362
54,8748,32,512,6.7951
54,8748,32,768,7.3634
54,8748,32,1152,8.2159
54,8748,32,1728,9.4946
54,8748,32,2592,11.4128
54,8748,32,3888,14.2900
54,8748,32,5832,18.6057
54,8748,32,8748,25.0794
54,8748,32,13122,34.7899
54,8748,32,16384,42.0318
54,8748,64,512,7.9495
54,8748,64,768,9.0861
54,8748,64,1152,10.7912
54,8748,64,1728,13.3487
54,8748,64,2592,17.1849
54,8748,64,3888,22.9393
54,8748,64,5832,31.5709
54,8748,64,8748,44.5182
54,8748,64,13122,63.9392
54,8748,64,16384,78.4229
54,8748,128,512,10.2583
54,8748,128,768,12.5317
54,8748,128,1152,15.9417
54,8748,128,1728,21.0567
54,8748,128,2592,28.7292
54,8748,128,3888,40.2379
54,8748,128,5832,57.5011
54,8748,128,8748,83.3958
54,8748,128,13122,122.2379
54,8748,128,16384,151.2051
54,13122,0,0,6.8009
54,13122,1,512,6.8022
54,13122,1,768,6.8029
54,13122,1,1152,6.8039
54,13122,1,1728,6.8053
54,13122,1,2592,6.8075
54,13122,1,3888,6.8108
54,13122,1,5832,6.8157
54,13122,1,8748,6.8231
54,13122,1,13122,6.8550
54,13122,1,16384,7.0813
54,13122,2,512,6.8035
54,13122,2,768,6.8048
54,13122,2,1152,6.8068
54,13122,2,1728,6.8097
54,13122,2,2592,6.8141
54,13122,2,3888,6.8207
54,13122,2,5832,6.8305
54,13122,2,8748,7.1590
54,13122,2,13122,7.7659
54,13122,2,16384,8.2185
54,13122,4,512,6.8061
54,13122,4,768,6.8087
54,13122,4,1152,6.8126
54,13122,4,1728,6.8185
54,13122,4,2592,6.8272
54,13122,4,3888,7.0252
54,13122,4,5832,7.5647
54,13122,4,8748,8.3739
54,13122,4,13122,9.5877
54,13122,4,16384,10.4930
54,13122,8,512,6.8113
54,13122,8,768,6.8165
54,13122,8,1152,6.8243
54,13122,8,1728,6.9076
54,13122,8,2592,7.3871
54,13122,8,3888,8.1064
54,13122,8,5832,9.1854
54,13122,8,8748,10.8038
54,13122,8,13122,13.2314
54,13122,8,16384,15.0419
54,13122,16,512,6.8217
54,13122,16,768,6.8321
54,13122,16,1152,7.2317
54,13122,16,1728,7.8711
54,13122,16,2592,8.8301
54,13122,16,3888,10.2687
54,13122,16,5832,12.4266
54,13122,16,8748,15.6635
54,13122,16,13122,20.5187
54,13122,16,16384,24.1396
54,13122,32,512,7.0985
54,13122,32,768,7.6668
54,13122,32,1152,8.5193
54,13122,32,1728,9.7981
54,13122,32,2592,11.7162
54,13122,32,3888,14.5934
54,13122,32,5832,18.9092
54,13122,32,8748,25.3829
54,13122,32,13122,35.0934
54,13122,32,16384,42.3352
54,13122,64,512,8.2529
54,13122,64,768,9.3896
54,13122,64,1152,11.0946
54,13122,64,1728,13.6521
54,13122,64,2592,17.4884
54,13122,64,3888,23.2427
54,13122,64,5832,31.8743
54,13122,64,8748,44.8217
54,13122,64,13122,64.2427
54,13122,64,16384,78.7263
54,13122,128,512,10.5618
54,13122,128,768,12.8351
54,13122,128,1152,16.2451
54,13122,128,1728,21.3601
54,13122,128,2592,29.0326
54,13122,128,3888,40.5414
54,13122,128,5832,57.8045
54,13122,128,8748,83.6993
54,13122,128,13122,122.5413
54,13122,128,16384,151.5086
54,16384,0,0,7.2477
54,16384,1,512,7.2490
54,16384,1,768,7.2497
54,16384,1,1152,7.2506
54,16384,1,1728,7.2521
54,16384,1,2592,7.2543
54,16384,1,3888,7.2576
54,16384,1,5832,7.2625
54,16384,1,8748,7.2699
54,16384,1,13122,7.2810
54,16384,1,16384,7.3076
54,16384,2,512,7.2503
54,16384,2,768,7.2516
54,16384,2,1152,7.2536
54,16384,2,1728,7.2565
54,16384,2,2592,7.2609
54,16384,2,3888,7.2674
54,16384,2,5832,7.2773
54,16384,2,8748,7.3853
54,16384,2,13122,7.9922
54,16384,2,16384,8.4448
54,16384,4,512,7.2529
54,16384,4,768,7.2555
54,16384,4,1152,7.2594
54,16384,4,1728,7.2653
54,16384,4,2592,7.2740
54,16384,4,3888,7.2872
54,16384,4,5832,7.7910
54,16384,4,8748,8.6002
54,16384,4,13122,9.8140
54,16384,4,16384,10.7193
54,16384,8,512,7.2581
54,16384,8,768,7.2633
54,16384,8,1152,7.2711
54,16384,8,1728,7.2828
54,16384,8,2592,7.6134
54,16384,8,3888,8.3327
54,16384,8,5832,9.4117
54,16384,8,8748,11.0301
54,16384,8,13122,13.4577
54,16384,8,16384,15.2682
54,16384,16,512,7.2685
54,16384,16,768,7.2789
54,16384,16,1152,7.4580
54,16384,16,1728,8.0974
54,16384,16,2592,9.0565
54,16384,16,3888,10.4951
54,16384,16,5832,12.6529
54,16384,16,8748,15.8898
54,16384,16,13122,20.7450
54,16384,16,16384,24.3659
54,16384,32,512,7.3248
54,16384,32,768,7.8931
54,16384,32,1152,8.7456
54,16384,32,1728,10.0244
54,16384,32,2592,11.9425
54,16384,32,3888,14.8197
54,16384,32,5832,19.1355
54,16384,32,8748,25.6092
54,16384,32,13122,35.3197
54,16384,32,16384,42.5615
54,16384,64,512,8.4792
54,16384,64,768,9.6159
54,16384,64,1152,11.3209
54,16384,64,1728,13.8784
54,16384,64,2592,17.7147
54,16384,64,3888,23.4690
54,16384,64,5832,32.1006
54,16384,64,8748,45.0480
54,16384,64,13122,64.4690
54,16384,64,16384,78.9526
54,16384,128,512,10.7881
54,16384,128,768,13.0614
54,16384,128,1152,16.4714
54,16384,128,1728,21.5864
54,16384,128,2592,29.2589
54,16384,128,3888,40.7677
54,16384,128,5832,58.0309
54,16384,128,8748,83.9256
54,16384,128,13122,122.7676
54,16384,128,16384,151.7349
64,0,0,0,5.0400
64,0,1,16,5.0416
64,0,1,32,5.0427
64,0,1,64,5.0450
64,0,1,128,5.0494
64,0,1,256,5.0583
64,0,1,512,5.0760
64,0,1,1024,5.1116
64,0,1,2048,5.1826
64,0,1,4096,5.3247
64,0,1,8192,5.6088
64,0,1,16384,6.1772
64,0,2,16,5.0433
64,0,2,32,5.0455
64,0,2,64,5.0500
64,0,2,128,5.0588
64,0,2,256,5.0766
64,0,2,512,5.1121
64,0,2,1024,5.1832
64,0,2,2048,5.3252
64,0,2,4096,5.6094
64,0,2,8192,6.1777
64,0,2,16384,7.3144
64,0,4,16,5.0466
64,0,4,32,5.0511
64,0,4,64,5.0599
64,0,4,128,5.0777
64,0,4,256,5.1132
64,0,4,512,5.1843
64,0,4,1024,5.3263
64,0,4,2048,5.6105
64,0,4,4096,6.1788
64,0,4,8192,7.3155
64,0,4,16384,9.5889
64,0,8,16,5.0533
64,0,8,32,5.0622
64,0,8,64,5.0799
64,0,8,128,5.1154
64,0,8,256,5.1865
64,0,8,512,5.3286
64,0,8,1024,5.6127
64,0,8,2048,6.1811
64,0,8,4096,7.3177
64,0,8,8192,9.5911
64,0,8,16384,14.1377
64,0,16,16,5.0666
64,0,16,32,5.0844
64,0,16,64,5.1199
64,0,16,128,5.1909
64,0,16,256,5.3330
64,0,16,512,5.6172
64,0,16,1024,6.1855
64,0,16,2048,7.3222
64,0,16,4096,9.5955
64,0,16,8192,14.1422
64,0,16,16384,23.2355
64,0,32,16,5.0932
64,0,32,32,5.1288
64,0,32,64,5.1998
64,0,32,128,5.3419
64,0,32,256,5.6261
64,0,32,512,6.1944
64,0,32,1024,7.3311
64,0,32,2048,9.6044
64,0,32,4096,14.1511
64,0,32,8192,23.2444
64,0,32,16384,41.4311
64,0,64,16,5.1465
64,0,64,32,5.2176
64,0,64,64,5.3596
64,0,64,128,5.6438
64,0,64,256,6.2121
64,0,64,512,7.3488
64,0,64,1024,9.6222
64,0,64,2048,14.1688
64,0,64,4096,23.2622
64,0,64,8192,41.4488
64,0,64,16384,77.8222
64,0,128,16,5.2531
64,0,128,32,5.3952
64,0,128,64,5.6793
64,0,128,128,6.2477
64,0,128,256,7.3843
64,0,128,512,9.6577
64,0,128,1024,14.2043
64,0,128,2048,23.2977
64,0,128,4096,41.4844
64,0,128,8192,77.8577
64,0,128,16384,150.6045
64,16,0,0,5.0411
64,16,1,16,5.0427
64,16,1,32,5.0438
64,16,1,64,5.0461
64,16,1,128,5.0505
64,16,1,256,5.0594
64,16,1,512,5.0771
64,16,1,1024,5.1127
64,16,1,2048,5.1837
64,16,1,4096,5.3258
64,16,1,8192,5.6100
64,16,1,16384,6.1783
64,16,2,16,5.0444
64,16,2,32,5.0466
64,16,2,64,5.0511
64,16,2,128,5.0599
64,16,2,256,5.0777
64,16,2,512,5.1132
64,16,2,1024,5.1843
64,16,2,2048,5.3263
64,16,2,4096,5.6105
64,16,2,8192,6.1788
64,16,2,16384,7.3155
64,16,4,16,5.0477
64,16,4,32,5.0522
64,16,4,64,5.0611
64,16,4,128,5.0788
64,16,4,256,5.1143
64,16,4,512,5.1854
64,16,4,1024,5.3275
64,16,4,2048,5.6116
64,16,4,4096,6.1800
64,16,4,8192,7.3166
64,16,4,16384,9.5900
64,16,8,16,5.0544
64,16,8,32,5.0633
64,16,8,64,5.0810
64,16,8,128,5.1166
64,16,8,256,5.1876
64,16,8,512,5.3297
64,16,8,1024,5.6138
64,16,8,2048,6.1822
64,16,8,4096,7.3188
64,16,8,8192,9.5922
64,16,8,16384,14.1389
64,16,16,16,5.0677
64,16,16,32,5.0855
64,16,16,64,5.1210
64,16,16,128,5.1920
64,16,16,256,5.3341
64,16,16,512,5.6183
64,16,16,1024,6.1866
64,16,16,2048,7.3233
64,16,16,4096,9.5966
64,16,16,8192,14.1433
64,16,16,16384,23.2366
64,16,32,16,5.0944
64,16,32,32,5.1299
64,16,32,64,5.2009
64,16,32,128,5.3430
64,16,32,256,5.6272
64,16,32,512,6.1955
64,16,32,1024,7.3322
64,16,32,2048,9.6055
64,16,32,4096,14.1522
64,16,32,8192,23.2455
64,16,32,16384,41.4322
64,16,64,16,5.1476
64,16,64,32,5.2187
64,16,64,64,5.3608
64,16,64,128,5.6449
64,16,64,256,6.2133
64,16,64,512,7.3499
64,16,64,1024,9.6233
64,16,64,2048,14.1699
64,16,64,4096,23.2633
64,16,64,8192,41.4500
64,16,64,16384,77.8233
64,16,128,16,5.2542
64,16,128,32,5.3963
64,16,128,64,5.6804
64,16,128,128,6.2488
64,16,128,256,7.3854
64,16,128,512,9.6588
64,16,128,1024,14.2055
64,16,128,2048,23.2988
64,16,128,4096,41.4855
64,16,128,8192,77.8588
64,16,128,16384,150.6056
64,32,0,0,5.0422
64,32,1,16,5.0438
64,32,1,32,5.0450
64,32,1,64,5.0472
64,32,1,128,5.0516
64,32,1,256,5.0605
64,32,1,512,5.0783
64,32,1,1024,5.1138
64,32,1,2048,5.1848
64,32,1,4096,5.3269
64,32,1,8192,5.6111
64,32,1,16384,6.1794
64,32,2,16,5.0455
64,32,2,32,5.0477
64,32,2,64,5.0522
64,32,2,128,5.0611
64,32,2,256,5.0788
64,32,2,512,5.1143
64,32,2,1024,5.1854
64,32,2,2048,5.3275
64,32,2,4096,5.6116
64,32,2,8192,6.1800
64,32,2,16384,7.3166
64,32,4,16,5.0488
64,32,4,32,5.0533
64,32,4,64,5.0622
64,32,4,128,5.0799
64,32,4,256,5.1154
64,32,4,512,5.1865
64,32,4,1024,5.3286
64,32,4,2048,5.6127
64,32,4,4096,6.1811
64,32,4,8192,7.3177
64,32,4,16384,9.5911
64,32,8,16,5.0555
64,32,8,32,5.0644
64,32,8,64,5.0821
64,32,8,128,5.1177
64,32,8,256,5.1887
64,32,8,512,5.3308
64,32,8,1024,5.6150
64,32,8,2048,6.1833
64,32,8,4096,7.3200
64,32,8,8192,9.5933
64,32,8,16384,14.1400
64,32,16,16,5.0688
64,32,16,32,5.0866
64,32,16,64,5.1221
64,32,16,128,5.1931
64,32,16,256,5.3352
64,32,16,512,5.6194
64,32,16,1024,6.1877
64,32,16,2048,7.3244
64,32,16,4096,9.5977
64,32,16,8192,14.1444
64,32,16,16384,23.2377
64,32,32,16,5.0955
64,32,32,32,5.1310
64,32,32,64,5.2020
64,32,32,128,5.3441
64,32,32,256,5.6283
64,32,32,512,6.1966
64,32,32,1024,7.3333
64,32,32,2048,9.6066
64,32,32,4096,14.1533
64,32,32,8192,23.2466
64,32,32,16384,41.4333
64,32,64,16,5.1487
64,32,64,32,5.2198
64,32,64,64,5.3619
64,32,64,128,5.6460
64,32,64,256,6.2144
64,32,64,512,7.3510
64,32,64,1024,9.6244
64,32,64,2048,14.1710
64,32,64,4096,23.2644
64,32,64,8192,41.4511
64,32,64,16384,77.8244
64,32,128,16,5.2553
64,32,128,32,5.3974
64,32,128,64,5.6816
64,32,128,128,6.2499
64,32,128,256,7.3866
64,32,128,512,9.6599
64,32,128,1024,14.2066
64,32,128,2048,23.2999
64,32,128,4096,41.4866
64,32,128,8192,77.8600
64,32,128,16384,150.6067
64,64,0,0,5.0444
64,64,1,16,5.0461
64,64,1,32,5.0472
64,64,1,64,5.0494
64,64,1,128,5.0538
64,64,1,256,5.0627
64,64,1,512,5.0805
64,64,1,1024,5.1160
64,64,1,2048,5.1870
64,64,1,4096,5.3291
64,64,1,8192,5.6133
64,64,1,16384,6.1816
64,64,2,16,5.0477
64,64,2,32,5.0500
64,64,2,64,5.0544
64,64,2,128,5.0633
64,64,2,256,5.0810
64,64,2,512,5.1166
64,64,2,1024,5.1876
64,64,2,2048,5.3297
64,64,2,4096,5.6138
64,64,2,8192,6.1822
64,64,2,16384,7.3188
64,64,4,16,5.0511
64,64,4,32,5.0555
64,64,4,64,5.0644
64,64,4,128,5.0821
64,64,4,256,5.1177
64,64,4,512,5.1887
64,64,4,1024,5.3308
64,64,4,2048,5.6150
64,64,4,4096,6.1833
64,64,4,8192,7.3200
64,64,4,16384,9.5933
64,64,8,16,5.0577
64,64,8,32,5.0666
64,64,8,64,5.0844
64,64,8,128,5.1199
64,64,8,256,5.1909
64,64,8,512,5.3330
64,64,8,1024,5.6172
64,64,8,2048,6.1855
64,64,8,4096,7.3222
64,64,8,8192,9.5955
64,64,8,16384,14.1422
64,64,16,16,5.0710
64,64,16,32,5.0888
64,64,16,64,5.1243
64,64,16,128,5.1954
64,64,16,256,5.3374
64,64,16,512,5.6216
64,64,16,1024,6.1899
64,64,16,2048,7.3266
64,64,16,4096,9.6000
64,64,16,8192,14.1466
64,64,16,16384,23.2400
64,64,32,16,5.0977
64,64,32,32,5.1332
64,64,32,64,5.2042
64,64,32,128,5.3463
64,64,32,256,5.6305
64,64,32,512,6.1988
64,64,32,1024,7.3355
64,64,32,2048,9.6088
64,64,32,4096,14.1555
64,64,32,8192,23.2488
64,64,32,16384,41.4355
64,64,64,16,5.1510
64,64,64,32,5.2220
64,64,64,64,5.3641
64,64,64,128,5.6483
64,64,64,256,6.2166
64,64,64,512,7.3533
64,64,64,1024,9.6266
64,64,64,2048,14.1733
64,64,64,4096,23.2666
64,64,64,8192,41.4533
64,64,64,16384,77.8267
64,64,128,16,5.2575
64,64,128,32,5.3996
64,64,128,64,5.6838
64,64,128,128,6.2521
64,64,128,256,7.3888
64,64,128,512,9.6621
64,64,128,1024,14.2088
64,64,128,2048,23.3021
64,64,128,4096,41.4888
64,64,128,8192,77.8622
64,64,128,16384,150.6089
64,128,0,0,5.0488
64,128,1,16,5.0505
64,128,1,32,5.0516
64,128,1,64,5.0538
64,128,1,128,5.0583
64,128,1,256,5.0672
64,128,1,512,5.0849
64,128,1,1024,5.1204
64,128,1,2048,5.1915
64,128,1,4096,5.3336
64,128,1,8192,5.6177
64,128,1,16384,6.1861
64,128,2,16,5.0522
64,128,2,32,5.0544
64,128,2,64,5.0588
64,128,2,128,5.0677
64,128,2,256,5.0855
64,128,2,512,5.1210
64,128,2,1024,5.1920
64,128,2,2048,5.3341
64,128,2,4096,5.6183
64,128,2,8192,6.1866
64,128,2,16384,7.3233
64,128,4,16,5.0555
64,128,4,32,5.0599
64,128,4,64,5.0688
64,128,4,128,5.0866
64,128,4,256,5.1221
64,128,4,512,5.1931
64,128,4,1024,5.3352
64,128,4,2048,5.6194
64,128,4,4096,6.1877
64,128,4,8192,7.3244
64,128,4,16384,9.5977
64,128,8,16,5.0622
64,128,8,32,5.0710
64,128,8,64,5.0888
64,128,8,128,5.1243
64,128,8,256,5.1954
64,128,8,512,5.3374
64,128,8,1024,5.6216
64,128,8,2048,6.1899
64,128,8,4096,7.3266
64,128,8,8192,9.6000
64,128,8,16384,14.1466
64,128,16,16,5.0755
64,128,16,32,5.0932
64,128,16,64,5.1288
64,128,16,128,5.1998
64,128,16,256,5.3419
64,128,16,512,5.6261
64,128,16,1024,6.1944
64,128,16,2048,7.3311
64,128,16,4096,9.6044
64,128,16,8192,14.1511
64,128,16,16384,23.2444
64,128,32,16,5.1021
64,128,32,32,5.1376
64,128,32,64,5.2087
64,128,32,128,5.3508
64,128,32,256,5.6349
64,128,32,512,6.2033
64,128,32,1024,7.3399
64,128,32,2048,9.6133
64,128,32,4096,14.1599
64,128,32,8192,23.2533
64,128,32,16384,41.4400
64,128,64,16,5.1554
64,128,64,32,5.2264
64,128,64,64,5.3685
64,128,64,128,5.6527
64,128,64,256,6.2210
64,128,64,512,7.3577
64,128,64,1024,9.6310
64,128,64,2048,14.1777
64,128,64,4096,23.2710
64,128,64,8192,41.4577
64,128,64,16384,77.8311
64,128,128,16,5.2620
64,128,128,32,5.4040
64,128,128,64,5.6882
64,128,128,128,6.2566
64,128,128,256,7.3932
64,128,128,512,9.6666
64,128,128,1024,14.2132
64,128,128,2048,23.3066
64,128,128,4096,41.4933
64,128,128,8192,77.8666
64,128,128,16384,150.6134
64,256,0,0,5.0577
64,256,1,16,5.0594
64,256,1,32,5.0605
64,256,1,64,5.0627
64,256,1,128,5.0672
64,256,1,256,5.0760
64,256,1,512,5.0938
64,256,1,1024,5.1293
64,256,1,2048,5.2004
64,256,1,4096,5.3424
64,256,1,8192,5.6266
64,256,1,16384,6.1949
64,256,2,16,5.0611
64,256,2,32,5.0633
64,256,2,64,5.0677
64,256,2,128,5.0766
64,256,2,256,5.0944
64,256,2,512,5.1299
64,256,2,1024,5.2009
64,256,2,2048,5.3430
64,256,2,4096,5.6272
64,256,2,8192,6.1955
64,256,2,16384,7.3322
64,256,4,16,5.0644
64,256,4,32,5.0688
64,256,4,64,5.0777
64,256,4,128,5.0955
64,256,4,256,5.1310
64,256,4,512,5.2020
64,256,4,1024,5.3441
64,256,4,2048,5.6283
64,256,4,4096,6.1966
64,256,4,8192,7.3333
64,256,4,16384,9.6066
64,256,8,16,5.0710
64,256,8,32,5.0799
64,256,8,64,5.0977
64,256,8,128,5.1332
64,256,8,256,5.2042
64,256,8,512,5.3463
64,256,8,1024,5.6305
64,256,8,2048,6.1988
64,256,8,4096,7.3355
64,256,8,8192,9.6088
64,256,8,16384,14.1555
64,256,16,16,5.0844
64,256,16,32,5.1021
64,256,16,64,5.1376
64,256,16,128,5.2087
64,256,16,256,5.3508
64,256,16,512,5.6349
64,256,16,1024,6.2033
64,256,16,2048,7.3399
64,256,16,4096,9.6133
64,256,16,8192,14.1599
64,256,16,16384,23.2533
64,256,32,16,5.1110
64,256,32,32,5.1465
64,256,32,64,5.2176
64,256,32,128,5.3596
64,256,32,256,5.6438
64,256,32,512,6.2121
64,256,32,1024,7.3488
64,256,32,2048,9.6222
64,256,32,4096,14.1688
64,256,32,8192,23.2622
64,256,32,16384,41.4488
64,256,64,16,5.1643
64,256,64,32,5.2353
64,256,64,64,5.3774
64,256,64,128,5.6616
64,256,64,256,6.2299
64,256,64,512,7.3666
64,256,64,1024,9.6399
64,256,64,2048,14.1866
64,256,64,4096,23.2799
64,256,64,8192,41.4666
64,256,64,16384,77.8400
64,256,128,16,5.2708
64,256,128,32,5.4129
64,256,128,64,5.6971
64,256,128,128,6.2654
64,256,128,256,7.4021
64,256,128,512,9.6754
64,256,128,1024,14.2221
64,256,128,2048,23.3154
64,256,128,4096,41.5021
64,256,128,8192,77.8755
64,256,128,16384,150.6222
64,512,0,0,5.0883
64,512,1,16,5.0883
64,512,1,32,5.0884
64,512,1,64,5.0885
64,512,1,128,5.0886
64,512,1,256,5.0938
64,512,1,512,5.1116
64,512,1,1024,5.1471
64,512,1,2048,5.2181
64,512,1,4096,5.3602
64,512,1,8192,5.6444
64,512,1,16384,6.2127
64,512,2,16,5.0884
64,512,2,32,5.0885
64,512,2,64,5.0886
64,512,2,128,5.0944
64,512,2,256,5.1121
64,512,2,512,5.1476
64,512,2,1024,5.2187
64,512,2,2048,5.3608
64,512,2,4096,5.6449
64,512,2,8192,6.2133
64,512,2,16384,7.3499
64,512,4,16,5.0885
64,512,4,32,5.0886
64,512,4,64,5.0955
64,512,4,128,5.1132
64,512,4,256,5.1487
64,512,4,512,5.2198
64,512,4,1024,5.3619
64,512,4,2048,5.6460
64,512,4,4096,6.2144
64,512,4,8192,7.3510
64,512,4,16384,9.6244
64,512,8,16,5.0888
64,512,8,32,5.0977
64,512,8,64,5.1154
64,512,8,128,5.1510
64,512,8,256,5.2220
64,512,8,512,5.3641
64,512,8,1024,5.6483
64,512,8,2048,6.2166
64,512,8,4096,7.3533
64,512,8,8192,9.6266
64,512,8,16384,14.1733
64,512,16,16,5.1021
64,512,16,32,5.1199
64,512,16,64,5.1554
64,512,16,128,5.2264
64,512,16,256,5.3685
64,512,16,512,5.6527
64,512,16,1024,6.2210
64,512,16,2048,7.3577
64,512,16,4096,9.6310
64,512,16,8192,14.1777
64,512,16,16384,23.2710
64,512,32,16,5.1288
64,512,32,32,5.1643
64,512,32,64,5.2353
64,512,32,128,5.3774
64,512,32,256,5.6616
64,512,32,512,6.2299
64,512,32,1024,7.3666
64,512,32,2048,9.6399
64,512,32,4096,14.1866
64,512,32,8192,23.2799
64,512,32,16384,41.4666
64,512,64,16,5.1820
64,512,64,32,5.2531
64,512,64,64,5.3952
64,512,64,128,5.6793
64,512,64,256,6.2477
64,512,64,512,7.3843
64,512,64,1024,9.6577
64,512,64,2048,14.2043
64,512,64,4096,23.2977
64,512,64,8192,41.4844
64,512,64,16384,77.8577
64,512,128,16,5.2886
64,512,128,32,5.4307
64,512,128,64,5.7149
64,512,128,128,6.2832
64,512,128,256,7.4199
64,512,128,512,9.6932
64,512,128,1024,14.2399
64,512,128,2048,23.3332
64,512,128,4096,41.5199
64,512,128,8192,77.8933
64,512,128,16384,150.6400
64,1024,0,0,5.1714
64,1024,1,16,5.1715
64,1024,1,32,5.1715
64,1024,1,64,5.1716
64,1024,1,128,5.1717
64,1024,1,256,5.1721
64,1024,1,512,5.1727
64,1024,1,1024,5.1826
64,1024,1,2048,5.2536
64,1024,1,4096,5.3957
64,1024,1,8192,5.6799
64,1024,1,16384,6.2482
64,1024,2,16,5.1715
64,1024,2,32,5.1716
64,1024,2,64,5.1717
64,1024,2,128,5.1721
64,1024,2,256,5.1727
64,1024,2,512,5.1832
64,1024,2,1024,5.2542
64,1024,2,2048,5.3963
64,1024,2,4096,5.6804
64,1024,2,8192,6.2488
64,1024,2,16384,7.3854
64,1024,4,16,5.1716
64,1024,4,32,5.1717
64,1024,4,64,5.1721
64,1024,4,128,5.1727
64,1024,4,256,5.1843
64,1024,4,512,5.2553
64,1024,4,1024,5.3974
64,1024,4,2048,5.6816
64,1024,4,4096,6.2499
64,1024,4,8192,7.3866
64,1024,4,16384,9.6599
64,1024,8,16,5.1717
64,1024,8,32,5.1721
64,1024,8,64,5.1727
64,1024,8,128,5.1865
64,1024,8,256,5.2575
64,1024,8,512,5.3996
64,1024,8,1024,5.6838
64,1024,8,2048,6.2521
64,1024,8,4096,7.3888
64,1024,8,8192,9.6621
64,1024,8,16384,14.2088
64,1024,16,16,5.1721
64,1024,16,32,5.1727
64,1024,16,64,5.1909
64,1024,16,128,5.2620
64,1024,16,256,5.4040
64,1024,16,512,5.6882
64,1024,16,1024,6.2566
64,1024,16,2048,7.3932
64,1024,16,4096,9.6666
64,1024,16,8192,14.2132
64,1024,16,16384,23.3066
64,1024,32,16,5.1727
64,1024,32,32,5.1998
64,1024,32,64,5.2708
64,1024,32,128,5.4129
64,1024,32,256,5.6971
64,1024,32,512,6.2654
64,1024,32,1024,7.4021
64,1024,32,2048,9.6754
64,1024,32,4096,14.2221
64,1024,32,8192,23.3154
64,1024,32,16384,41.5021
64,1024,64,16,5.2176
64,1024,64,32,5.2886
64,1024,64,64,5.4307
64,1024,64,128,5.7149
64,1024,64,256,6.2832
64,1024,64,512,7.4199
64,1024,64,1024,9.6932
64,1024,64,2048,14.2399
64,1024,64,4096,23.3332
64,1024,64,8192,41.5199
64,1024,64,16384,77.8933
64,1024,128,16,5.3241
64,1024,128,32,5.4662
64,1024,128,64,5.7504
64,1024,128,128,6.3187
64,1024,128,256,7.4554
64,1024,128,512,9.7287
64,1024,128,1024,14.2754
64,1024,128,2048,23.3687
64,1024,128,4096,41.5554
64,1024,128,8192,77.9288
64,1024,128,16384,150.6755
64,2048,0,0,5.3376
64,2048,1,16,5.3377
64,2048,1,32,5.3377
64,2048,1,64,5.3378
64,2048,1,128,5.3380
64,2048,1,256,5.3383
64,2048,1,512,5.3389
64,2048,1,1024,5.3402
64,2048,1,2048,5.3428
64,2048,1,4096,5.4668
64,2048,1,8192,5.7509
64,2048,1,16384,6.3193
64,2048,2,16,5.3377
64,2048,2,32,5.3378
64,2048,2,64,5.3380
64,2048,2,128,5.3383
64,2048,2,256,5.3389
64,2048,2,512,5.3402
64,2048,2,1024,5.3428
64,2048,2,2048,5.4673
64,2048,2,4096,5.7515
64,2048,2,8192,6.3198
64,2048,2,16384,7.4565
64,2048,4,16,5.3378
64,2048,4,32,5.3380
64,2048,4,64,5.3383
64,2048,4,128,5.3389
64,2048,4,256,5.3402
64,2048,4,512,5.3428
64,2048,4,1024,5.4684
64,2048,4,2048,5.7526
64,2048,4,4096,6.3209
64,2048,4,8192,7.4576
64,2048,4,16384,9.7309
64,2048,8,16,5.3380
64,2048,8,32,5.3383
64,2048,8,64,5.3389
64,2048,8,128,5.3402
64,2048,8,256,5.3428
64,2048,8,512,5.4707
64,2048,8,1024,5.7548
64,2048,8,2048,6.3232
64,2048,8,4096,7.4598
64,2048,8,8192,9.7332
64,2048,8,16384,14.2798
64,2048,16,16,5.3383
64,2048,16,32,5.3389
64,2048,16,64,5.3402
64,2048,16,128,5.3428
64,2048,16,256,5.4751
64,2048,16,512,5.7593
64,2048,16,1024,6.3276
64,2048,16,2048,7.4643
64,2048,16,4096,9.7376
64,2048,16,8192,14.2843
64,2048,16,16384,23.3776
64,2048,32,16,5.3389
64,2048,32,32,5.3402
64,2048,32,64,5.3428
64,2048,32,128,5.4840
64,2048,32,256,5.7681
64,2048,32,512,6.3365
64,2048,32,1024,7.4731
64,2048,32,2048,9.7465
64,2048,32,4096,14.2931
64,2048,32,8192,23.3865
64,2048,32,16384,41.5732
64,2048,64,16,5.3402
64,2048,64,32,5.3596
64,2048,64,64,5.5017
64,2048,64,128,5.7859
64,2048,64,256,6.3542
64,2048,64,512,7.4909
64,2048,64,1024,9.7642
64,2048,64,2048,14.3109
64,2048,64,4096,23.4042
64,2048,64,8192,41.5909
64,2048,64,16384,77.9643
64,2048,128,16,5.3952
64,2048,128,32,5.5373
64,2048,128,64,5.8214
64,2048,128,128,6.3898
64,2048,128,256,7.5264
64,2048,128,512,9.7998
64,2048,128,1024,14.3464
64,2048,128,2048,23.4398
64,2048,128,4096,41.6265
64,2048,128,8192,77.9998
64,2048,128,16384,150.7466
64,4096,0,0,5.6701
64,4096,1,16,5.6701
64,4096,1,32,5.6702
64,4096,1,64,5.6703
64,4096,1,128,5.6704
64,4096,1,256,5.6707
64,4096,1,512,5.6714
64,4096,1,1024,5.6727
64,4096,1,2048,5.6753
64,4096,1,4096,5.6805
64,4096,1,8192,5.8930
64,4096,1,16384,6.4614
64,4096,2,16,5.6702
64,4096,2,32,5.6703
64,4096,2,64,5.6704
64,4096,2,128,5.6707
64,4096,2,256,5.6714
64,4096,2,512,5.6727
64,4096,2,1024,5.6753
64,4096,2,2048,5.6805
64,4096,2,4096,5.8936
64,4096,2,8192,6.4619
64,4096,2,16384,7.5986
64,4096,4,16,5.6703
64,4096,4,32,5.6704
64,4096,4,64,5.6707
64,4096,4,128,5.6714
64,4096,4,256,5.6727
64,4096,4,512,5.6753
64,4096,4,1024,5.6805
64,4096,4,2048,5.8947
64,4096,4,4096,6.4630
64,4096,4,8192,7.5997
64,4096,4,16384,9.8730
64,4096,8,16,5.6704
64,4096,8,32,5.6707
64,4096,8,64,5.6714
64,4096,8,128,5.6727
64,4096,8,256,5.6753
64,4096,8,512,5.6805
64,4096,8,1024,5.8969
64,4096,8,2048,6.4652
64,4096,8,4096,7.6019
64,4096,8,8192,9.8752
64,4096,8,16384,14.4219
64,4096,16,16,5.6707
64,4096,16,32,5.6714
64,4096,16,64,5.6727
64,4096,16,128,5.6753
64,4096,16,256,5.6805
64,4096,16,512,5.9013
64,4096,16,1024,6.4697
64,4096,16,2048,7.6063
64,4096,16,4096,9.8797
64,4096,16,8192,14.4264
64,4096,16,16384,23.5197
64,4096,32,16,5.6714
64,4096,32,32,5.6727
64,4096,32,64,5.6753
64,4096,32,128,5.6805
64,4096,32,256,5.9102
64,4096,32,512,6.4786
64,4096,32,1024,7.6152
64,4096,32,2048,9.8886
64,4096,32,4096,14.4352
64,4096,32,8192,23.5286
64,4096,32,16384,41.7153
64,4096,64,16,5.6727
64,4096,64,32,5.6753
64,4096,64,64,5.6805
64,4096,64,128,5.9280
64,4096,64,256,6.4963
64,4096,64,512,7.6330
64,4096,64,1024,9.9063
64,4096,64,2048,14.4530
64,4096,64,4096,23.5463
64,4096,64,8192,41.7330
64,4096,64,16384,78.1064
64,4096,128,16,5.6753
64,4096,128,32,5.6805
64,4096,128,64,5.9635
64,4096,128,128,6.5318
64,4096,128,256,7.6685
64,4096,128,512,9.9418
64,4096,128,1024,14.4885
64,4096,128,2048,23.5819
64,4096,128,4096,41.7685
64,4096,128,8192,78.1419
64,4096,128,16384,150.8886
64,8192,0,0,6.3350
64,8192,1,16,6.3350
64,8192,1,32,6.3351
64,8192,1,64,6.3352
64,8192,1,128,6.3353
64,8192,1,256,6.3356
64,8192,1,512,6.3363
64,8192,1,1024,6.3376
64,8192,1,2048,6.3402
64,8192,1,4096,6.3454
64,8192,1,8192,6.3558
64,8192,1,16384,6.7455
64,8192,2,16,6.3351
64,8192,2,32,6.3352
64,8192,2,64,6.3353
64,8192,2,128,6.3356
64,8192,2,256,6.3363
64,8192,2,512,6.3376
64,8192,2,1024,6.3402
64,8192,2,2048,6.3454
64,8192,2,4096,6.3558
64,8192,2,8192,6.7461
64,8192,2,16384,7.8827
64,8192,4,16,6.3352
64,8192,4,32,6.3353
64,8192,4,64,6.3356
64,8192,4,128,6.3363
64,8192,4,256,6.3376
64,8192,4,512,6.3402
64,8192,4,1024,6.3454
64,8192,4,2048,6.3558
64,8192,4,4096,6.7472
64,8192,4,8192,7.8839
64,8192,4,16384,10.1572
64,8192,8,16,6.3353
64,8192,8,32,6.3356
64,8192,8,64,6.3363
64,8192,8,128,6.3376
64,8192,8,256,6.3402
64,8192,8,512,6.3454
64,8192,8,1024,6.3558
64,8192,8,2048,6.7494
64,8192,8,4096,7.8861
64,8192,8,8192,10.1594
64,8192,8,16384,14.7061
64,8192,16,16,6.3356
64,8192,16,32,6.3363
64,8192,16,64,6.3376
64,8192,16,128,6.3402
64,8192,16,256,6.3454
64,8192,16,512,6.3558
64,8192,16,1024,6.7538
64,8192,16,2048,7.8905
64,8192,16,4096,10.1638
64,8192,16,8192,14.7105
64,8192,16,16384,23.8039
64,8192,32,16,6.3363
64,8192,32,32,6.3376
64,8192,32,64,6.3402
64,8192,32,128,6.3454
64,8192,32,256,6.3558
64,8192,32,512,6.7627
64,8192,32,1024,7.8994
64,8192,32,2048,10.1727
64,8192,32,4096,14.7194
64,8192,32,8192,23.8127
64,8192,32,16384,41.9994
64,8192,64,16,6.3376
64,8192,64,32,6.3402
64,8192,64,64,6.3454
64,8192,64,128,6.3558
64,8192,64,256,6.7805
64,8192,64,512,7.9172
64,8192,64,1024,10.1905
64,8192,64,2048,14.7372
64,8192,64,4096,23.8305
64,8192,64,8192,42.0172
64,8192,64,16384,78.3906
64,8192,128,16,6.3402
64,8192,128,32,6.3454
64,8192,128,64,6.3558
64,8192,128,128,6.8160
64,8192,128,256,7.9527
64,8192,128,512,10.2260
64,8192,128,1024,14.7727
64,8192,128,2048,23.8660
64,8192,128,4096,42.0527
64,8192,128,8192,78.4261
64,8192,128,16384,151.1728
64,16384,0,0,7.6648
64,16384,1,16,7.6648
64,16384,1,32,7.6649
64,16384,1,64,7.6649
64,16384,1,128,7.6651
64,16384,1,256,7.6654
64,16384,1,512,7.6661
64,16384,1,1024,7.6674
64,16384,1,2048,7.6700
64,16384,1,4096,7.6752
64,16384,1,8192,7.6856
64,16384,1,16384,7.7063
64,16384,2,16,7.6649
64,16384,2,32,7.6649
64,16384,2,64,7.6651
64,16384,2,128,7.6654
64,16384,2,256,7.6661
64,16384,2,512,7.6674
64,16384,2,1024,7.6700
64,16384,2,2048,7.6752
64,16384,2,4096,7.6856
64,16384,2,8192,7.7063
64,16384,2,16384,8.4511
64,16384,4,16,7.6649
64,16384,4,32,7.6651
64,16384,4,64,7.6654
64,16384,4,128,7.6661
64,16384,4,256,7.6674
64,16384,4,512,7.6700
64,16384,4,1024,7.6752
64,16384,4,2048,7.6856
64,16384,4,4096,7.7063
64,16384,4,8192,8.4522
64,16384,4,16384,10.7255
64,16384,8,16,7.6651
64,16384,8,32,7.6654
64,16384,8,64,7.6661
64,16384,8,128,7.6674
64,16384,8,256,7.6700
64,16384,8,512,7.6752
64,16384,8,1024,7.6856
64,16384,8,2048,7.7063
64,16384,8,4096,8.4544
64,16384,8,8192,10.7277
64,16384,8,16384,15.2744
64,16384,16,16,7.6654
64,16384,16,32,7.6661
64,16384,16,64,7.6674
64,16384,16,128,7.6700
64,16384,16,256,7.6752
64,16384,16,512,7.6856
64,16384,16,1024,7.7063
64,16384,16,2048,8.4588
64,16384,16,4096,10.7322
64,16384,16,8192,15.2789
64,16384,16,16384,24.3722
64,16384,32,16,7.6661
64,16384,32,32,7.6674
64,16384,32,64,7.6700
64,16384,32,128,7.6752
64,16384,32,256,7.6856
64,16384,32,512,7.7063
64,16384,32,1024,8.4677
64,16384,32,2048,10.7411
64,16384,32,4096,15.2877
64,16384,32,8192,24.3811
64,16384,32,16384,42.5678
64,16384,64,16,7.6674
64,16384,64,32,7.6700
64,16384,64,64,7.6752
64,16384,64,128,7.6856
64,16384,64,256,7.7063
64,16384,64,512,8.4855
64,16384,64,1024,10.7588
64,16384,64,2048,15.3055
64,16384,64,4096,24.3988
64,16384,64,8192,42.5855
64,16384,64,16384,78.9589
64,16384,128,16,7.6700
64,16384,128,32,7.6752
64,16384,128,64,7.6856
64,16384,128,128,7.7063
64,16384,128,256,8.5210
64,16384,128,512,10.7943
64,16384,128,1024,15.3410
64,16384,128,2048,24.4344
64,16384,128,4096,42.6210
64,16384,128,8192,78.9944
64,16384,128,16384,151.7411
81,0,0,0,5.0506
81,0,1,512,5.0867
81,0,1,768,5.1044
81,0,1,1152,5.1311
81,0,1,1728,5.1710
81,0,1,2592,5.2310
81,0,1,3888,5.3209
81,0,1,5832,5.4557
81,0,1,8748,5.6580
81,0,1,13122,5.9615
81,0,1,16384,6.1878
81,0,2,512,5.1227
81,0,2,768,5.1582
81,0,2,1152,5.2115
81,0,2,1728,5.2915
81,0,2,2592,5.4113
81,0,2,3888,5.5912
81,0,2,5832,5.8609
81,0,2,8748,6.2655
81,0,2,13122,6.8724
81,0,2,16384,7.3250
81,0,4,512,5.1949
81,0,4,768,5.2659
81,0,4,1152,5.3725
81,0,4,1728,5.5323
81,0,4,2592,5.7721
81,0,4,3888,6.1317
81,0,4,5832,6.6712
81,0,4,8748,7.4804
81,0,4,13122,8.6942
81,0,4,16384,9.5995
81,0,8,512,5.3392
81,0,8,768,5.4813
81,0,8,1152,5.6944
81,0,8,1728,6.0141
81,0,8,2592,6.4936
81,0,8,3888,7.2129
81,0,8,5832,8.2919
81,0,8,8748,9.9103
81,0,8,13122,12.3379
81,0,8,16384,14.1484
81,0,16,512,5.6278
81,0,16,768,5.9120
81,0,16,1152,6.3382
81,0,16,1728,6.9776
81,0,16,2592,7.9366
81,0,16,3888,9.3752
81,0,16,5832,11.5331
81,0,16,8748,14.7700
81,0,16,13122,19.6252
81,0,16,16384,23.2461
81,0,32,512,6.2050
81,0,32,768,6.7733
81,0,32,1152,7.6258
81,0,32,1728,8.9046
81,0,32,2592,10.8227
81,0,32,3888,13.6999
81,0,32,5832,18.0157
81,0,32,8748,24.4894
81,0,32,13122,34.1999
81,0,32,16384,41.4417
81,0,64,512,7.3594
81,0,64,768,8.4961
81,0,64,1152,10.2011
81,0,64,1728,12.7586
81,0,64,2592,16.5949
81,0,64,3888,22.3492
81,0,64,5832,30.9808
81,0,64,8748,43.9282
81,0,64,13122,63.3492
81,0,64,16384,77.8328
81,0,128,512,9.6683
81,0,128,768,11.9416
81,0,128,1152,15.3516
81,0,128,1728,20.4666
81,0,128,2592,28.1391
81,0,128,3888,39.6479
81,0,128,5832,56.9110
81,0,128,8748,82.8058
81,0,128,13122,121.6478
81,0,128,16384,150.6151
81,512,0,0,5.1135
81,512,1,512,5.1222
81,512,1,768,5.1399
81,512,1,1152,5.1666
81,512,1,1728,5.2065
81,512,1,2592,5.2665
81,512,1,3888,5.3564
81,512,1,5832,5.4913
81,512,1,8748,5.6936
81,512,1,13122,5.9970
81,512,1,16384,6.2233
81,512,2,512,5.1582
81,512,2,768,5.1938
81,512,2,1152,5.2471
81,512,2,1728,5.3270
81,512,2,2592,5.4469
81,512,2,3888,5.6267
81,512,2,5832,5.8964
81,512,2,8748,6.3010
81,512,2,13122,6.9079
81,512,2,16384,7.3605
81,512,4,512,5.2304
81,512,4,768,5.3014
81,512,4,1152,5.4080
81,512,4,1728,5.5678
81,512,4,2592,5.8076
81,512,4,3888,6.1673
81,512,4,5832,6.7067
81,512,4,8748,7.5159
81,512,4,13122,8.7298
81,512,4,16384,9.6350
81,512,8,512,5.3747
81,512,8,768,5.5168
81,512,8,1152,5.7299
81,512,8,1728,6.0496
81,512,8,2592,6.5291
81,512,8,3888,7.2484
81,512,8,5832,8.3274
81,512,8,8748,9.9458
81,512,8,13122,12.3734
81,512,8,16384,14.1839
81,512,16,512,5.6633
81,512,16,768,5.9475
81,512,16,1152,6.3737
81,512,16,1728,7.0131
81,512,16,2592,7.9722
81,512,16,3888,9.4108
81,512,16,5832,11.5687
81,512,16,8748,14.8055
81,512,16,13122,19.6608
81,512,16,16384,23.2817
81,512,32,512,6.2405
81,512,32,768,6.8089
81,512,32,1152,7.6614
81,512,32,1728,8.9401
81,512,32,2592,10.8582
81,512,32,3888,13.7354
81,512,32,5832,18.0512
81,512,32,8748,24.5249
81,512,32,13122,34.2354
81,512,32,16384,41.4772
81,512,64,512,7.3950
81,512,64,768,8.5316
81,512,64,1152,10.2366
81,512,64,1728,12.7941
81,512,64,2592,16.6304
81,512,64,3888,22.3848
81,512,64,5832,31.0163
81,512,64,8748,43.9637
81,512,64,13122,63.3847
81,512,64,16384,77.8684
81,512,128,512,9.7038
81,512,128,768,11.9771
81,512,128,1152,15.3871
81,512,128,1728,20.5022
81,512,128,2592,28.1747
81,512,128,3888,39.6834
81,512,128,5832,56.9466
81,512,128,8748,82.8413
81,512,128,13122,121.6833
81,512,128,16384,150.6506
81,768,0,0,5.1661
81,768,1,512,5.1674
81,768,1,768,5.1681
81,768,1,1152,5.1843
81,768,1,1728,5.2243
81,768,1,2592,5.2842
81,768,1,3888,5.3741
81,768,1,5832,5.5090
81,768,1,8748,5.7113
81,768,1,13122,6.0148
81,768,1,16384,6.2411
81,768,2,512,5.1760
81,768,2,768,5.2115
81,768,2,1152,5.2648
81,768,2,1728,5.3447
81,768,2,2592,5.4646
81,768,2,3888,5.6444
81,768,2,5832,5.9142
81,768,2,8748,6.3188
81,768,2,13122,6.9257
81,768,2,16384,7.3783
81,768,4,512,5.2482
81,768,4,768,5.3192
81,768,4,1152,5.4258
81,768,4,1728,5.5856
81,768,4,2592,5.8254
81,768,4,3888,6.1850
81,768,4,5832,6.7245
81,768,4,8748,7.5337
81,768,4,13122,8.7475
81,768,4,16384,9.6527
81,768,8,512,5.3925
81,768,8,768,5.5345
81,768,8,1152,5.7477
81,768,8,1728,6.0674
81,768,8,2592,6.5469
81,768,8,3888,7.2662
81,768,8,5832,8.3451
81,768,8,8748,9.9636
81,768,8,13122,12.3912
81,768,8,16384,14.2016
81,768,16,512,5.6811
81,768,16,768,5.9652
81,768,16,1152,6.3915
81,768,16,1728,7.0309
81,768,16,2592,7.9899
81,768,16,3888,9.4285
81,768,16,5832,11.5864
81,768,16,8748,14.8233
81,768,16,13122,19.6785
81,768,16,16384,23.2994
81,768,32,512,6.2583
81,768,32,768,6.8266
81,768,32,1152,7.6791
81,768,32,1728,8.9579
81,768,32,2592,10.8760
81,768,32,3888,13.7532
81,768,32,5832,18.0690
81,768,32,8748,24.5427
81,768,32,13122,34.2532
81,768,32,16384,41.4950
81,768,64,512,7.4127
81,768,64,768,8.5494
81,768,64,1152,10.2544
81,768,64,1728,12.8119
81,768,64,2592,16.6481
81,768,64,3888,22.4025
81,768,64,5832,31.0341
81,768,64,8748,43.9814
81,768,64,13122,63.4025
81,768,64,16384,77.8861
81,768,128,512,9.7216
81,768,128,768,11.9949
81,768,128,1152,15.4049
81,768,128,1728,20.5199
81,768,128,2592,28.1924
81,768,128,3888,39.7012
81,768,128,5832,56.9643
81,768,128,8748,82.8590
81,768,128,13122,121.7011
81,768,128,16384,150.6684
81,1152,0,0,5.2450
81,1152,1,512,5.2463
81,1152,1,768,5.2469
81,1152,1,1152,5.2479
81,1152,1,1728,5.2509
81,1152,1,2592,5.3109
81,1152,1,3888,5.4008
81,1152,1,5832,5.5357
81,1152,1,8748,5.7380
81,1152,1,13122,6.0414
81,1152,1,16384,6.2677
81,1152,2,512,5.2476
81,1152,2,768,5.2489
81,1152,2,1152,5.2915
81,1152,2,1728,5.3714
81,1152,2,2592,5.4913
81,1152,2,3888,5.6711
81,1152,2,5832,5.9408
81,1152,2,8748,6.3454
81,1152,2,13122,6.9523
81,1152,2,16384,7.4049
81,1152,4,512,5.2748
81,1152,4,768,5.3458
81,1152,4,1152,5.4524
81,1152,4,1728,5.6122
81,1152,4,2592,5.8520
81,1152,4,3888,6.2117
81,1152,4,5832,6.7511
81,1152,4,8748,7.5603
81,1152,4,13122,8.7742
81,1152,4,16384,9.6794
81,1152,8,512,5.4191
81,1152,8,768,5.5612
81,1152,8,1152,5.7743
81,1152,8,1728,6.0940
81,1152,8,2592,6.5735
81,1152,8,3888,7.2928
81,1152,8,5832,8.3718
81,1152,8,8748,9.9902
81,1152,8,13122,12.4178
81,1152,8,16384,14.2283
81,1152,16,512,5.7077
81,1152,16,768,5.9919
81,1152,16,1152,6.4181
81,1152,16,1728,7.0575
81,1152,16,2592,8.0166
81,1152,16,3888,9.4552
81,1152,16,5832,11.6131
81,1152,16,8748,14.8499
81,1152,16,13122,19.7052
81,1152,16,16384,23.3261
81,1152,32,512,6.2849
81,1152,32,768,6.8533
81,1152,32,1152,7.7058
81,1152,32,1728,8.9845
81,1152,32,2592,10.9026
81,1152,32,3888,13.7798
81,1152,32,5832,18.0956
81,1152,32,8748,24.5693
81,1152,32,13122,34.2798
81,1152,32,16384,41.5216
81,1152,64,512,7.4394
81,1152,64,768,8.5760
81,1152,64,1152,10.2810
81,1152,64,1728,12.8385
81,1152,64,2592,16.6748
81,1152,64,3888,22.4292
81,1152,64,5832,31.0607
81,1152,64,8748,44.0081
81,1152,64,13122,63.4291
81,1152,64,16384,77.9128
81,1152,128,512,9.7482
81,1152,128,768,12.0215
81,1152,128,1152,15.4315
81,1152,128,1728,20.5466
81,1152,128,2592,28.2191
81,1152,128,3888,39.7278
81,1152,128,5832,56.9910
81,1152,128,8748,82.8857
81,1152,128,13122,121.7277
81,1152,128,16384,150.6950
81,1728,0,0,5.3633
81,1728,1,512,5.3646
81,1728,1,768,5.3653
81,1728,1,1152,5.3663
81,1728,1,1728,5.3677
81,1728,1,2592,5.3699
81,1728,1,3888,5.4408
81,1728,1,5832,5.5756
81,1728,1,8748,5.7779
81,1728,1,13122,6.0814
81,1728,1,16384,6.3077
81,1728,2,512,5.3659
81,1728,2,768,5.3672
81,1728,2,1152,5.3692
81,1728,2,1728,5.4113
81,1728,2,2592,5.5312
81,1728,2,3888,5.7110
81,1728,2,5832,5.9808
81,1728,2,8748,6.3854
81,1728,2,13122,6.9923
81,1728,2,16384,7.4449
81,1728,4,512,5.3685
81,1728,4,768,5.3858
81,1728,4,1152,5.4924
81,1728,4,1728,5.6522
81,1728,4,2592,5.8920
81,1728,4,3888,6.2516
81,1728,4,5832,6.7911
81,1728,4,8748,7.6003
81,1728,4,13122,8.8141
81,1728,4,16384,9.7193
81,1728,8,512,5.4591
81,1728,8,768,5.6011
81,1728,8,1152,5.8143
81,1728,8,1728,6.1340
81,1728,8,2592,6.6135
81,1728,8,3888,7.3328
81,1728,8,5832,8.4117
81,1728,8,8748,10.0302
81,1728,8,13122,12.4578
81,1728,8,16384,14.2682
81,1728,16,512,5.7477
81,1728,16,768,6.0318
81,1728,16,1152,6.4581
81,1728,16,1728,7.0975
81,1728,16,2592,8.0565
81,1728,16,3888,9.4951
81,1728,16,5832,11.6530
81,1728,16,8748,14.8899
81,1728,16,13122,19.7451
81,1728,16,16384,23.3660
81,1728,32,512,6.3249
81,1728,32,768,6.8932
81,1728,32,1152,7.7457
81,1728,32,1728,9.0245
81,1728,32,2592,10.9426
81,1728,32,3888,13.8198
81,1728,32,5832,18.1356
81,1728,32,8748,24.6093
81,1728,32,13122,34.3198
81,1728,32,16384,41.5616
81,1728,64,512,7.4793
81,1728,64,768,8.6160
81,1728,64,1152,10.3210
81,1728,64,1728,12.8785
81,1728,64,2592,16.7147
81,1728,64,3888,22.4691
81,1728,64,5832,31.1007
81,1728,64,8748,44.0480
81,1728,64,13122,63.4691
81,1728,64,16384,77.9527
81,1728,128,512,9.7882
81,1728,128,768,12.0615
81,1728,128,1152,15.4715
81,1728,128,1728,20.5865
81,1728,128,2592,28.2590
81,1728,128,3888,39.7678
81,1728,128,5832,57.0309
81,1728,128,8748,82.9256
81,1728,128,13122,121.7677
81,1728,128,16384,150.7350
81,2592,0,0,5.5408
81,2592,1,512,5.5421
81,2592,1,768,5.5428
81,2592,1,1152,5.5438
81,2592,1,1728,5.5452
81,2592,1,2592,5.5474
81,2592,1,3888,5.5507
81,2592,1,5832,5.6356
81,2592,1,8748,5.8379
81,2592,1,13122,6.1413
81,2592,1,16384,6.3676
81,2592,2,512,5.5434
81,2592,2,768,5.5447
81,2592,2,1152,5.5467
81,2592,2,1728,5.5496
81,2592,2,2592,5.5912
81,2592,2,3888,5.7710
81,2592,2,5832,6.0407
81,2592,2,8748,6.4453
81,2592,2,13122,7.0522
81,2592,2,16384,7.5048
81,2592,4,512,5.5460
81,2592,4,768,5.5486
81,2592,4,1152,5.5525
81,2592,4,1728,5.7122
81,2592,4,2592,5.9519
81,2592,4,3888,6.3116
81,2592,4,5832,6.8510
81,2592,4,8748,7.6602
81,2592,4,13122,8.8741
81,2592,4,16384,9.7793
81,2592,8,512,5.5512
81,2592,8,768,5.6611
81,2592,8,1152,5.8742
81,2592,8,1728,6.1939
81,2592,8,2592,6.6734
81,2592,8,3888,7.3927
81,2592,8,5832,8.4717
81,2592,8,8748,10.0901
81,2592,8,13122,12.5177
81,2592,8,16384,14.3282
81,2592,16,512,5.8076
81,2592,16,768,6.0918
81,2592,16,1152,6.5180
81,2592,16,1728,7.1574
81,2592,16,2592,8.1165
81,2592,16,3888,9.5551
81,2592,16,5832,11.7130
81,2592,16,8748,14.9498
81,2592,16,13122,19.8051
81,2592,16,16384,23.4260
81,2592,32,512,6.3848
81,2592,32,768,6.9532
81,2592,32,1152,7.8057
81,2592,32,1728,9.0844
81,2592,32,2592,11.0025
81,2592,32,3888,13.8797
81,2592,32,5832,18.1955
81,2592,32,8748,24.6692
81,2592,32,13122,34.3797
81,2592,32,16384,41.6215
81,2592,64,512,7.5393
81,2592,64,768,8.6759
81,2592,64,1152,10.3809
81,2592,64,1728,12.9384
81,2592,64,2592,16.7747
81,2592,64,3888,22.5291
81,2592,64,5832,31.1606
81,2592,64,8748,44.1080
81,2592,64,13122,63.5290
81,2592,64,16384,78.0127
81,2592,128,512,9.8481
81,2592,128,768,12.1214
81,2592,128,1152,15.5315
81,2592,128,1728,20.6465
81,2592,128,2592,28.3190
81,2592,128,3888,39.8277
81,2592,128,5832,57.0909
81,2592,128,8748,82.9856
81,2592,128,13122,121.8276
81,2592,128,16384,150.7949
81,3888,0,0,5.8071
81,3888,1,512,5.8084
81,3888,1,768,5.8090
81,3888,1,1152,5.8100
81,3888,1,1728,5.8115
81,3888,1,2592,5.8137
81,3888,1,3888,5.8170
81,3888,1,5832,5.8219
81,3888,1,8748,5.9278
81,3888,1,13122,6.2312
81,3888,1,16384,6.4575
81,3888,2,512,5.8097
81,3888,2,768,5.8110
81,3888,2,1152,5.8129
81,3888,2,1728,5.8159
81,3888,2,2592,5.8202
81,3888,2,3888,5.8609
81,3888,2,5832,6.1306
81,3888,2,8748,6.5352
81,3888,2,13122,7.1421
81,3888,2,16384,7.5948
81,3888,4,512,5.8123
81,3888,4,768,5.8149
81,3888,4,1152,5.8188
81,3888,4,1728,5.8246
81,3888,4,2592,6.0418
81,3888,4,3888,6.4015
81,3888,4,5832,6.9410
81,3888,4,8748,7.7502
81,3888,4,13122,8.9640
81,3888,4,16384,9.8692
81,3888,8,512,5.8175
81,3888,8,768,5.8227
81,3888,8,1152,5.9641
81,3888,8,1728,6.2838
81,3888,8,2592,6.7633
81,3888,8,3888,7.4826
81,3888,8,5832,8.5616
81,3888,8,8748,10.1800
81,3888,8,13122,12.6076
81,3888,8,16384,14.4181
81,3888,16,512,5.8975
81,3888,16,768,6.1817
81,3888,16,1152,6.6079
81,3888,16,1728,7.2473
81,3888,16,2592,8.2064
81,3888,16,3888,9.6450
81,3888,16,5832,11.8029
81,3888,16,8748,15.0397
81,3888,16,13122,19.8950
81,3888,16,16384,23.5159
81,3888,32,512,6.4747
81,3888,32,768,7.0431
81,3888,32,1152,7.8956
81,3888,32,1728,9.1743
81,3888,32,2592,11.0925
81,3888,32,3888,13.9696
81,3888,32,5832,18.2854
81,3888,32,8748,24.7591
81,3888,32,13122,34.4696
81,3888,32,16384,41.7114
81,3888,64,512,7.6292
81,3888,64,768,8.7658
81,3888,64,1152,10.4708
81,3888,64,1728,13.0283
81,3888,64,2592,16.8646
81,3888,64,3888,22.6190
81,3888,64,5832,31.2505
81,3888,64,8748,44.1979
81,3888,64,13122,63.6189
81,3888,64,16384,78.1026
81,3888,128,512,9.9380
81,3888,128,768,12.2114
81,3888,128,1152,15.6214
81,3888,128,1728,20.7364
81,3888,128,2592,28.4089
81,3888,128,3888,39.9176
81,3888,128,5832,57.1808
81,3888,128,8748,83.0755
81,3888,128,13122,121.9176
81,3888,128,16384,150.8848
81,5832,0,0,6.2065
81,5832,1,512,6.2078
81,5832,1,768,6.2084
81,5832,1,1152,6.2094
81,5832,1,1728,6.2109
81,5832,1,2592,6.2131
81,5832,1,3888,6.2163
81,5832,1,5832,6.2213
81,5832,1,8748,6.2287
81,5832,1,13122,6.3661
81,5832,1,16384,6.5924
81,5832,2,512,6.2091
81,5832,2,768,6.2104
81,5832,2,1152,6.2123
81,5832,2,1728,6.2153
81,5832,2,2592,6.2196
81,5832,2,3888,6.2262
81,5832,2,5832,6.2655
81,5832,2,8748,6.6701
81,5832,2,13122,7.2770
81,5832,2,16384,7.7296
81,5832,4,512,6.2117
81,5832,4,768,6.2143
81,5832,4,1152,6.2182
81,5832,4,1728,6.2240
81,5832,4,2592,6.2328
81,5832,4,3888,6.5363
81,5832,4,5832,7.0758
81,5832,4,8748,7.8850
81,5832,4,13122,9.0988
81,5832,4,16384,10.0041
81,5832,8,512,6.2169
81,5832,8,768,6.2221
81,5832,8,1152,6.2299
81,5832,8,1728,6.4187
81,5832,8,2592,6.8982
81,5832,8,3888,7.6175
81,5832,8,5832,8.6965
81,5832,8,8748,10.3149
81,5832,8,13122,12.7425
81,5832,8,16384,14.5530
81,5832,16,512,6.2273
81,5832,16,768,6.3166
81,5832,16,1152,6.7428
81,5832,16,1728,7.3822
81,5832,16,2592,8.3413
81,5832,16,3888,9.7798
81,5832,16,5832,11.9377
81,5832,16,8748,15.1746
81,5832,16,13122,20.0298
81,5832,16,16384,23.6507
81,5832,32,512,6.6096
81,5832,32,768,7.1779
81,5832,32,1152,8.0304
81,5832,32,1728,9.3092
81,5832,32,2592,11.2273
81,5832,32,3888,14.1045
81,5832,32,5832,18.4203
81,5832,32,8748,24.8940
81,5832,32,13122,34.6045
81,5832,32,16384,41.8463
81,5832,64,512,7.7640
81,5832,64,768,8.9007
81,5832,64,1152,10.6057
81,5832,64,1728,13.1632
81,5832,64,2592,16.9995
81,5832,64,3888,22.7538
81,5832,64,5832,31.3854
81,5832,64,8748,44.3328
81,5832,64,13122,63.7538
81,5832,64,16384,78.2374
81,5832,128,512,10.0729
81,5832,128,768,12.3462
81,5832,128,1152,15.7562
81,5832,128,1728,20.8712
81,5832,128,2592,28.5437
81,5832,128,3888,40.0525
81,5832,128,5832,57.3156
81,5832,128,8748,83.2104
81,5832,128,13122,122.0524
81,5832,128,16384,151.0197
81,8748,0,0,6.8056
81,8748,1,512,6.8069
81,8748,1,768,6.8075
81,8748,1,1152,6.8085
81,8748,1,1728,6.8100
81,8748,1,2592,6.8121
81,8748,1,3888,6.8154
81,8748,1,5832,6.8204
81,8748,1,8748,6.8278
81,8748,1,13122,6.8389
81,8748,1,16384,6.8471
81,8748,2,512,6.8082
81,8748,2,768,6.8095
81,8748,2,1152,6.8114
81,8748,2,1728,6.8143
81,8748,2,2592,6.8187
81,8748,2,3888,6.8253
81,8748,2,5832,6.8352
81,8748,2,8748,6.8724
81,8748,2,13122,7.4793
81,8748,2,16384,7.9319
81,8748,4,512,6.8108
81,8748,4,768,6.8134
81,8748,4,1152,6.8173
81,8748,4,1728,6.8231
81,8748,4,2592,6.8319
81,8748,4,3888,6.8450
81,8748,4,5832,7.2781
81,8748,4,8748,8.0873
81,8748,4,13122,9.3011
81,8748,4,16384,10.2064
81,8748,8,512,6.8160
81,8748,8,768,6.8212
81,8748,8,1152,6.8289
81,8748,8,1728,6.8406
81,8748,8,2592,7.1005
81,8748,8,3888,7.8198
81,8748,8,5832,8.8988
81,8748,8,8748,10.5172
81,8748,8,13122,12.9448
81,8748,8,16384,14.7553
81,8748,16,512,6.8263
81,8748,16,768,6.8367
81,8748,16,1152,6.9451
81,8748,16,1728,7.5845
81,8748,16,2592,8.5436
81,8748,16,3888,9.9821
81,8748,16,5832,12.1400
81,8748,16,8748,15.3769
81,8748,16,13122,20.2321
81,8748,16,16384,23.8530
81,8748,32,512,6.8471
81,8748,32,768,7.3802
81,8748,32,1152,8.2327
81,8748,32,1728,9.5115
81,8748,32,2592,11.4296
81,8748,32,3888,14.3068
81,8748,32,5832,18.6226
81,8748,32,8748,25.0963
81,8748,32,13122,34.8068
81,8748,32,16384,42.0486
81,8748,64,512,7.9663
81,8748,64,768,9.1030
81,8748,64,1152,10.8080
81,8748,64,1728,13.3655
81,8748,64,2592,17.2018
81,8748,64,3888,22.9561
81,8748,64,5832,31.5877
81,8748,64,8748,44.5351
81,8748,64,13122,63.9561
81,8748,64,16384,78.4397
81,8748,128,512,10.2752
81,8748,128,768,12.5485
81,8748,128,1152,15.9585
81,8748,128,1728,21.0735
81,8748,128,2592,28.7460
81,8748,128,3888,40.2548
81,8748,128,5832,57.5179
81,8748,128,8748,83.4127
81,8748,128,13122,122.2547
81,8748,128,16384,151.2220
81,13122,0,0,7.7042
81,13122,1,512,7.7055
81,13122,1,768,7.7061
81,13122,1,1152,7.7071
81,13122,1,1728,7.7086
81,13122,1,2592,7.7108
81,13122,1,3888,7.7141
81,13122,1,5832,7.7190
81,13122,1,8748,7.7264
81,13122,1,13122,7.7375
81,13122,1,16384,7.7457
81,13122,2,512,7.7068
81,13122,2,768,7.7081
81,13122,2,1152,7.7100
81,13122,2,1728,7.7130
81,13122,2,2592,7.7173
81,13122,2,3888,7.7239
81,13122,2,5832,7.7338
81,13122,2,8748,7.7486
81,13122,2,13122,7.7828
81,13122,2,16384,8.2354
81,13122,4,512,7.7094
81,13122,4,768,7.7120
81,13122,4,1152,7.7159
81,13122,4,1728,7.7217
81,13122,4,2592,7.7305
81,13122,4,3888,7.7436
81,13122,4,5832,7.7634
81,13122,4,8748,8.3908
81,13122,4,13122,9.6046
81,13122,4,16384,10.5098
81,13122,8,512,7.7146
81,13122,8,768,7.7198
81,13122,8,1152,7.7276
81,13122,8,1728,7.7393
81,13122,8,2592,7.7568
81,13122,8,3888,8.1233
81,13122,8,5832,9.2022
81,13122,8,8748,10.8206
81,13122,8,13122,13.2483
81,13122,8,16384,15.0587
81,13122,16,512,7.7250
81,13122,16,768,7.7354
81,13122,16,1152,7.7509
81,13122,16,1728,7.8879
81,13122,16,2592,8.8470
81,13122,16,3888,10.2856
81,13122,16,5832,12.4435
81,13122,16,8748,15.6803
81,13122,16,13122,20.5356
81,13122,16,16384,24.1565
81,13122,32,512,7.7457
81,13122,32,768,7.7665
81,13122,32,1152,8.5362
81,13122,32,1728,9.8150
81,13122,32,2592,11.7331
81,13122,32,3888,14.6103
81,13122,32,5832,18.9261
81,13122,32,8748,25.3997
81,13122,32,13122,35.1102
81,13122,32,16384,42.3521
81,13122,64,512,8.2698
81,13122,64,768,9.4065
81,13122,64,1152,11.1115
81,13122,64,1728,13.6690
81,13122,64,2592,17.5052
81,13122,64,3888,23.2596
81,13122,64,5832,31.8912
81,13122,64,8748,44.8385
81,13122,64,13122,64.2596
81,13122,64,16384,78.7432
81,13122,128,512,10.5786
81,13122,128,768,12.8520
81,13122,128,1152,16.2620
81,13122,128,1728,21.3770
81,13122,128,2592,29.0495
81,13122,128,3888,40.5583
81,13122,128,5832,57.8214
81,13122,128,8748,83.7161
81,13122,128,13122,122.5582
81,13122,128,16384,151.5255
81,16384,0,0,8.3744
81,16384,1,512,8.3757
81,16384,1,768,8.3763
81,16384,1,1152,8.3773
81,16384,1,1728,8.3787
81,16384,1,2592,8.3809
81,16384,1,3888,8.3842
81,16384,1,5832,8.3892
81,16384,1,8748,8.3965
81,16384,1,13122,8.4076
81,16384,1,16384,8.4159
81,16384,2,512,8.3770
81,16384,2,768,8.3783
81,16384,2,1152,8.3802
81,16384,2,1728,8.3831
81,16384,2,2592,8.3875
81,16384,2,3888,8.3941
81,16384,2,5832,8.4039
81,16384,2,8748,8.4187
81,16384,2,13122,8.4409
81,16384,2,16384,8.4617
81,16384,4,512,8.3796
81,16384,4,768,8.3822
81,16384,4,1152,8.3860
81,16384,4,1728,8.3919
81,16384,4,2592,8.4007
81,16384,4,3888,8.4138
81,16384,4,5832,8.4335
81,16384,4,8748,8.6171
81,16384,4,13122,9.8309
81,16384,4,16384,10.7361
81,16384,8,512,8.3847
81,16384,8,768,8.3899
81,16384,8,1152,8.3977
81,16384,8,1728,8.4094
81,16384,8,2592,8.4270
81,16384,8,3888,8.4533
81,16384,8,5832,9.4285
81,16384,8,8748,11.0469
81,16384,8,13122,13.4746
81,16384,8,16384,15.2850
81,16384,16,512,8.3951
81,16384,16,768,8.4055
81,16384,16,1152,8.4211
81,16384,16,1728,8.4445
81,16384,16,2592,9.0733
81,16384,16,3888,10.5119
81,16384,16,5832,12.6698
81,16384,16,8748,15.9066
81,16384,16,13122,20.7619
81,16384,16,16384,24.3828
81,16384,32,512,8.4159
81,16384,32,768,8.4367
81,16384,32,1152,8.7625
81,16384,32,1728,10.0413
81,16384,32,2592,11.9594
81,16384,32,3888,14.8366
81,16384,32,5832,19.1524
81,16384,32,8748,25.6260
81,16384,32,13122,35.3366
81,16384,32,16384,42.5784
81,16384,64,512,8.4961
81,16384,64,768,9.6328
81,16384,64,1152,11.3378
81,16384,64,1728,13.8953
81,16384,64,2592,17.7315
81,16384,64,3888,23.4859
81,16384,64,5832,32.1175
81,16384,64,8748,45.0648
81,16384,64,13122,64.4859
81,16384,64,16384,78.9695
81,16384,128,512,10.8050
81,16384,128,768,13.0783
81,16384,128,1152,16.4883
81,16384,128,1728,21.6033
81,16384,128,2592,29.2758
81,16384,128,3888,40.7846
81,16384,128,5832,58.0477
81,16384,128,8748,83.9424
81,16384,128,13122,122.7845
81,16384,128,16384,151.7518
122,0,0,0,5.0762
122,0,1,512,5.1123
122,0,1,768,5.1300
122,0,1,1152,5.1567
122,0,1,1728,5.1966
122,0,1,2592,5.2566
122,0,1,3888,5.3465
122,0,1,5832,5.4813
122,0,1,8748,5.6836
122,0,1,13122,5.9871
122,0,1,16384,6.2134
122,0,2,512,5.1483
122,0,2,768,5.1838
122,0,2,1152,5.2371
122,0,2,1728,5.3171
122,0,2,2592,5.4369
122,0,2,3888,5.6168
122,0,2,5832,5.8865
122,0,2,8748,6.2911
122,0,2,13122,6.8980
122,0,2,16384,7.3506
122,0,4,512,5.2205
122,0,4,768,5.2915
122,0,4,1152,5.3981
122,0,4,1728,5.5579
122,0,4,2592,5.7977
122,0,4,3888,6.1573
122,0,4,5832,6.6968
122,0,4,8748,7.5060
122,0,4,13122,8.7198
122,0,4,16384,9.6251
122,0,8,512,5.3648
122,0,8,768,5.5069
122,0,8,1152,5.7200
122,0,8,1728,6.0397
122,0,8,2592,6.5192
122,0,8,3888,7.2385
122,0,8,5832,8.3175
122,0,8,8748,9.9359
122,0,8,13122,12.3635
122,0,8,16384,14.1740
122,0,16,512,5.6534
122,0,16,768,5.9376
122,0,16,1152,6.3638
122,0,16,1728,7.0032
122,0,16,2592,7.9622
122,0,16,3888,9.4008
122,0,16,5832,11.5587
122,0,16,8748,14.7956
122,0,16,13122,19.6508
122,0,16,16384,23.2717
122,0,32,512,6.2306
122,0,32,768,6.7989
122,0,32,1152,7.6514
122,0,32,1728,8.9302
122,0,32,2592,10.8483
122,0,32,3888,13.7255
122,0,32,5832,18.0413
122,0,32,8748,24.5150
122,0,32,13122,34.2255
122,0,32,16384,41.4673
122,0,64,512,7.3850
122,0,64,768,8.5217
122,0,64,1152,10.2267
122,0,64,1728,12.7842
122,0,64,2592,16.6205
122,0,64,3888,22.3748
122,0,64,5832,31.0064
122,0,64,8748,43.9538
122,0,64,13122,63.3748
122,0,64,16384,77.8584
122,0,128,512,9.6939
122,0,128,768,11.9672
122,0,128,1152,15.3772
122,0,128,1728,20.4922
122,0,128,2592,28.1647
122,0,128,3888,39.6735
122,0,128,5832,56.9366
122,0,128,8748,82.8314
122,0,128,13122,121.6734
122,0,128,16384,150.6407
122,512,0,0,5.1773
122,512,1,512,5.1786
122,512,1,768,5.1793
122,512,1,1152,5.1922
122,512,1,1728,5.2321
122,512,1,2592,5.2921
122,512,1,3888,5.3820
122,512,1,5832,5.5169
122,512,1,8748,5.7192
122,512,1,13122,6.0226
122,512,1,16384,6.2489
122,512,2,512,5.1838
122,512,2,768,5.2194
122,512,2,1152,5.2727
122,512,2,1728,5.3526
122,512,2,2592,5.4725
122,512,2,3888,5.6523
122,512,2,5832,5.9220
122,512,2,8748,6.3266
122,512,2,13122,6.9335
122,512,2,16384,7.3861
122,512,4,512,5.2560
122,512,4,768,5.3270
122,512,4,1152,5.4336
122,512,4,1728,5.5934
122,512,4,2592,5.8332
122,512,4,3888,6.1929
122,512,4,5832,6.7323
122,512,4,8748,7.5415
122,512,4,13122,8.7554
122,512,4,16384,9.6606
122,512,8,512,5.4003
122,512,8,768,5.5424
122,512,8,1152,5.7555
122,512,8,1728,6.0752
122,512,8,2592,6.5547
122,512,8,3888,7.2740
122,512,8,5832,8.3530
122,512,8,8748,9.9714
122,512,8,13122,12.3990
122,512,8,16384,14.2095
122,512,16,512,5.6889
122,512,16,768,5.9731
122,512,16,1152,6.3993
122,512,16,1728,7.0387
122,512,16,2592,7.9978
122,512,16,3888,9.4364
122,512,16,5832,11.5943
122,512,16,8748,14.8311
122,512,16,13122,19.6864
122,512,16,16384,23.3073
122,512,32,512,6.2661
122,512,32,768,6.8345
122,512,32,1152,7.6870
122,512,32,1728,8.9657
122,512,32,2592,10.8838
122,512,32,3888,13.7610
122,512,32,5832,18.0768
122,512,32,8748,24.5505
122,512,32,13122,34.2610
122,512,32,16384,41.5028
122,512,64,512,7.4206
122,512,64,768,8.5572
122,512,64,1152,10.2622
122,512,64,1728,12.8197
122,512,64,2592,16.6560
122,512,64,3888,22.4104
122,512,64,5832,31.0419
122,512,64,8748,43.9893
122,512,64,13122,63.4103
122,512,64,16384,77.8940
122,512,128,512,9.7294
122,512,128,768,12.0027
122,512,128,1152,15.4127
122,512,128,1728,20.5278
122,512,128,2592,28.2003
122,512,128,3888,39.7090
122,512,128,5832,56.9722
122,512,128,8748,82.8669
122,512,128,13122,121.7089
122,512,128,16384,150.6762
122,768,0,0,5.2565
122,768,1,512,5.2578
122,768,1,768,5.2585
122,768,1,1152,5.2594
122,768,1,1728,5.2609
122,768,1,2592,5.3098
122,768,1,3888,5.3997
122,768,1,5832,5.5346
122,768,1,8748,5.7369
122,768,1,13122,6.0404
122,768,1,16384,6.2667
122,768,2,512,5.2591
122,768,2,768,5.2604
122,768,2,1152,5.2904
122,768,2,1728,5.3703
122,768,2,2592,5.4902
122,768,2,3888,5.6700
122,768,2,5832,5.9398
122,768,2,8748,6.3444
122,768,2,13122,6.9513
122,768,2,16384,7.4039
122,768,4,512,5.2738
122,768,4,768,5.3448
122,768,4,1152,5.4514
122,768,4,1728,5.6112
122,768,4,2592,5.8510
122,768,4,3888,6.2106
122,768,4,5832,6.7501
122,768,4,8748,7.5593
122,768,4,13122,8.7731
122,768,4,16384,9.6783
122,768,8,512,5.4181
122,768,8,768,5.5601
122,768,8,1152,5.7733
122,768,8,1728,6.0930
122,768,8,2592,6.5725
122,768,8,3888,7.2918
122,768,8,5832,8.3707
122,768,8,8748,9.9892
122,768,8,13122,12.4168
122,768,8,16384,14.2272
122,768,16,512,5.7067
122,768,16,768,5.9908
122,768,16,1152,6.4171
122,768,16,1728,7.0565
122,768,16,2592,8.0155
122,768,16,3888,9.4541
122,768,16,5832,11.6120
122,768,16,8748,14.8489
122,768,16,13122,19.7041
122,768,16,16384,23.3250
122,768,32,512,6.2839
122,768,32,768,6.8522
122,768,32,1152,7.7047
122,768,32,1728,8.9835
122,768,32,2592,10.9016
122,768,32,3888,13.7788
122,768,32,5832,18.0946
122,768,32,8748,24.5683
122,768,32,13122,34.2788
122,768,32,16384,41.5206
122,768,64,512,7.4383
122,768,64,768,8.5750
122,768,64,1152,10.2800
122,768,64,1728,12.8375
122,768,64,2592,16.6737
122,768,64,3888,22.4281
122,768,64,5832,31.0597
122,768,64,8748,44.0070
122,768,64,13122,63.4281
122,768,64,16384,77.9117
122,768,128,512,9.7472
122,768,128,768,12.0205
122,768,128,1152,15.4305
122,768,128,1728,20.5455
122,768,128,2592,28.2180
122,768,128,3888,39.7268
122,768,128,5832,56.9899
122,768,128,8748,82.8846
122,768,128,13122,121.7267
122,768,128,16384,150.6940
122,1152,0,0,5.3753
122,1152,1,512,5.3766
122,1152,1,768,5.3773
122,1152,1,1152,5.3783
122,1152,1,1728,5.3797
122,1152,1,2592,5.3819
122,1152,1,3888,5.4264
122,1152,1,5832,5.5613
122,1152,1,8748,5.7636
122,1152,1,13122,6.0670
122,1152,1,16384,6.2933
122,1152,2,512,5.3779
122,1152,2,768,5.3792
122,1152,2,1152,5.3812
122,1152,2,1728,5.3970
122,1152,2,2592,5.5169
122,1152,2,3888,5.6967
122,1152,2,5832,5.9664
122,1152,2,8748,6.3710
122,1152,2,13122,6.9779
122,1152,2,16384,7.4305
122,1152,4,512,5.3805
122,1152,4,768,5.3831
122,1152,4,1152,5.4780
122,1152,4,1728,5.6378
122,1152,4,2592,5.8776
122,1152,4,3888,6.2373
122,1152,4,5832,6.7767
122,1152,4,8748,7.5859
122,1152,4,13122,8.7998
122,1152,4,16384,9.7050
122,1152,8,512,5.4447
122,1152,8,768,5.5868
122,1152,8,1152,5.7999
122,1152,8,1728,6.1196
122,1152,8,2592,6.5991
122,1152,8,3888,7.3184
122,1152,8,5832,8.3974
122,1152,8,8748,10.0158
122,1152,8,13122,12.4434
122,1152,8,16384,14.2539
122,1152,16,512,5.7333
122,1152,16,768,6.0175
122,1152,16,1152,6.4437
122,1152,16,1728,7.0831
122,1152,16,2592,8.0422
122,1152,16,3888,9.4808
122,1152,16,5832,11.6387
122,1152,16,8748,14.8755
122,1152,16,13122,19.7308
122,1152,16,16384,23.3517
122,1152,32,512,6.3105
122,1152,32,768,6.8789
122,1152,32,1152,7.7314
122,1152,32,1728,9.0101
122,1152,32,2592,10.9282
122,1152,32,3888,13.8054
122,1152,32,5832,18.1212
122,1152,32,8748,24.5949
122,1152,32,13122,34.3054
122,1152,32,16384,41.5472
122,1152,64,512,7.4650
122,1152,64,768,8.6016
122,1152,64,1152,10.3066
122,1152,64,1728,12.8641
122,1152,64,2592,16.7004
122,1152,64,3888,22.4548
122,1152,64,5832,31.0863
122,1152,64,8748,44.0337
122,1152,64,13122,63.4547
122,1152,64,16384,77.9384
122,1152,128,512,9.7738
122,1152,128,768,12.0471
122,1152,128,1152,15.4571
122,1152,128,1728,20.5722
122,1152,128,2592,28.2447
122,1152,128,3888,39.7534
122,1152,128,5832,57.0166
122,1152,128,8748,82.9113
122,1152,128,13122,121.7533
122,1152,128,16384,150.7206
122,1728,0,0,5.5536
122,1728,1,512,5.5549
122,1728,1,768,5.5555
122,1728,1,1152,5.5565
122,1728,1,1728,5.5580
122,1728,1,2592,5.5602
122,1728,1,3888,5.5634
122,1728,1,5832,5.6012
122,1728,1,8748,5.8035
122,1728,1,13122,6.1070
122,1728,1,16384,6.3333
122,1728,2,512,5.5562
122,1728,2,768,5.5575
122,1728,2,1152,5.5594
122,1728,2,1728,5.5624
122,1728,2,2592,5.5667
122,1728,2,3888,5.7366
122,1728,2,5832,6.0064
122,1728,2,8748,6.4110
122,1728,2,13122,7.0179
122,1728,2,16384,7.4705
122,1728,4,512,5.5588
122,1728,4,768,5.5614
122,1728,4,1152,5.5653
122,1728,4,1728,5.6778
122,1728,4,2592,5.9176
122,1728,4,3888,6.2772
122,1728,4,5832,6.8167
122,1728,4,8748,7.6259
122,1728,4,13122,8.8397
122,1728,4,16384,9.7449
122,1728,8,512,5.5640
122,1728,8,768,5.6267
122,1728,8,1152,5.8399
122,1728,8,1728,6.1596
122,1728,8,2592,6.6391
122,1728,8,3888,7.3584
122,1728,8,5832,8.4373
122,1728,8,8748,10.0558
122,1728,8,13122,12.4834
122,1728,8,16384,14.2938
122,1728,16,512,5.7733
122,1728,16,768,6.0574
122,1728,16,1152,6.4837
122,1728,16,1728,7.1231
122,1728,16,2592,8.0821
122,1728,16,3888,9.5207
122,1728,16,5832,11.6786
122,1728,16,8748,14.9155
122,1728,16,13122,19.7707
122,1728,16,16384,23.3916
122,1728,32,512,6.3505
122,1728,32,768,6.9188
122,1728,32,1152,7.7713
122,1728,32,1728,9.0501
122,1728,32,2592,10.9682
122,1728,32,3888,13.8454
122,1728,32,5832,18.1612
122,1728,32,8748,24.6349
122,1728,32,13122,34.3454
122,1728,32,16384,41.5872
122,1728,64,512,7.5049
122,1728,64,768,8.6416
122,1728,64,1152,10.3466
122,1728,64,1728,12.9041
122,1728,64,2592,16.7403
122,1728,64,3888,22.4947
122,1728,64,5832,31.1263
122,1728,64,8748,44.0736
122,1728,64,13122,63.4947
122,1728,64,16384,77.9783
122,1728,128,512,9.8138
122,1728,128,768,12.0871
122,1728,128,1152,15.4971
122,1728,128,1728,20.6121
122,1728,128,2592,28.2846
122,1728,128,3888,39.7934
122,1728,128,5832,57.0565
122,1728,128,8748,82.9512
122,1728,128,13122,121.7933
122,1728,128,16384,150.7606
122,2592,0,0,5.8209
122,2592,1,512,5.8222
122,2592,1,768,5.8229
122,2592,1,1152,5.8239
122,2592,1,1728,5.8253
122,2592,1,2592,5.8275
122,2592,1,3888,5.8308
122,2592,1,5832,5.8357
122,2592,1,8748,5.8635
122,2592,1,13122,6.1669
122,2592,1,16384,6.3932
122,2592,2,512,5.8235
122,2592,2,768,5.8248
122,2592,2,1152,5.8268
122,2592,2,1728,5.8297
122,2592,2,2592,5.8341
122,2592,2,3888,5.8407
122,2592,2,5832,6.0663
122,2592,2,8748,6.4709
122,2592,2,13122,7.0778
122,2592,2,16384,7.5304
122,2592,4,512,5.8261
122,2592,4,768,5.8287
122,2592,4,1152,5.8326
122,2592,4,1728,5.8385
122,2592,4,2592,5.9775
122,2592,4,3888,6.3372
122,2592,4,5832,6.8766
122,2592,4,8748,7.6858
122,2592,4,13122,8.8997
122,2592,4,16384,9.8049
122,2592,8,512,5.8313
122,2592,8,768,5.8365
122,2592,8,1152,5.8998
122,2592,8,1728,6.2195
122,2592,8,2592,6.6990
122,2592,8,3888,7.4183
122,2592,8,5832,8.4973
122,2592,8,8748,10.1157
122,2592,8,13122,12.5433
122,2592,8,16384,14.3538
122,2592,16,512,5.8417
122,2592,16,768,6.1174
122,2592,16,1152,6.5436
122,2592,16,1728,7.1830
122,2592,16,2592,8.1421
122,2592,16,3888,9.5807
122,2592,16,5832,11.7386
122,2592,16,8748,14.9754
122,2592,16,13122,19.8307
122,2592,16,16384,23.4516
122,2592,32,512,6.4104
122,2592,32,768,6.9788
122,2592,32,1152,7.8313
122,2592,32,1728,9.1100
122,2592,32,2592,11.0281
122,2592,32,3888,13.9053
122,2592,32,5832,18.2211
122,2592,32,8748,24.6948
122,2592,32,13122,34.4053
122,2592,32,16384,41.6471
122,2592,64,512,7.5649
122,2592,64,768,8.7015
122,2592,64,1152,10.4065
122,2592,64,1728,12.9640
122,2592,64,2592,16.8003
122,2592,64,3888,22.5547
122,2592,64,5832,31.1862
122,2592,64,8748,44.1336
122,2592,64,13122,63.5546
122,2592,64,16384,78.0383
122,2592,128,512,9.8737
122,2592,128,768,12.1470
122,2592,128,1152,15.5571
122,2592,128,1728,20.6721
122,2592,128,2592,28.3446
122,2592,128,3888,39.8533
122,2592,128,5832,57.1165
122,2592,128,8748,83.0112
122,2592,128,13122,121.8532
122,2592,128,16384,150.8205
122,3888,0,0,6.2220
122,3888,1,512,6.2233
122,3888,1,768,6.2239
122,3888,1,1152,6.2249
122,3888,1,1728,6.2264
122,3888,1,2592,6.2285
122,3888,1,3888,6.2318
122,3888,1,5832,6.2368
122,3888,1,8748,6.2442
122,3888,1,13122,6.2568
122,3888,1,16384,6.4831
122,3888,2,512,6.2246
122,3888,2,768,6.2259
122,3888,2,1152,6.2278
122,3888,2,1728,6.2307
122,3888,2,2592,6.2351
122,3888,2,3888,6.2417
122,3888,2,5832,6.2516
122,3888,2,8748,6.5608
122,3888,2,13122,7.1677
122,3888,2,16384,7.6204
122,3888,4,512,6.2272
122,3888,4,768,6.2298
122,3888,4,1152,6.2337
122,3888,4,1728,6.2395
122,3888,4,2592,6.2483
122,3888,4,3888,6.4271
122,3888,4,5832,6.9666
122,3888,4,8748,7.7758
122,3888,4,13122,8.9896
122,3888,4,16384,9.8948
122,3888,8,512,6.2324
122,3888,8,768,6.2376
122,3888,8,1152,6.2453
122,3888,8,1728,6.3094
122,3888,8,2592,6.7889
122,3888,8,3888,7.5082
122,3888,8,5832,8.5872
122,3888,8,8748,10.2056
122,3888,8,13122,12.6332
122,3888,8,16384,14.4437
122,3888,16,512,6.2428
122,3888,16,768,6.2531
122,3888,16,1152,6.6335
122,3888,16,1728,7.2729
122,3888,16,2592,8.2320
122,3888,16,3888,9.6706
122,3888,16,5832,11.8285
122,3888,16,8748,15.0653
122,3888,16,13122,19.9206
122,3888,16,16384,23.5415
122,3888,32,512,6.5003
122,3888,32,768,7.0687
122,3888,32,1152,7.9212
122,3888,32,1728,9.1999
122,3888,32,2592,11.1181
122,3888,32,3888,13.9952
122,3888,32,5832,18.3110
122,3888,32,8748,24.7847
122,3888,32,13122,34.4952
122,3888,32,16384,41.7370
122,3888,64,512,7.6548
122,3888,64,768,8.7914
122,3888,64,1152,10.4964
122,3888,64,1728,13.0539
122,3888,64,2592,16.8902
122,3888,64,3888,22.6446
122,3888,64,5832,31.2761
122,3888,64,8748,44.2235
122,3888,64,13122,63.6445
122,3888,64,16384,78.1282
122,3888,128,512,9.9636
122,3888,128,768,12.2370
122,3888,128,1152,15.6470
122,3888,128,1728,20.7620
122,3888,128,2592,28.4345
122,3888,128,3888,39.9432
122,3888,128,5832,57.2064
122,3888,128,8748,83.1011
122,3888,128,13122,121.9432
122,3888,128,16384,150.9104
122,5832,0,0,6.8235
122,5832,1,512,6.8248
122,5832,1,768,6.8255
122,5832,1,1152,6.8264
122,5832,1,1728,6.8279
122,5832,1,2592,6.8301
122,5832,1,3888,6.8334
122,5832,1,5832,6.8383
122,5832,1,8748,6.8457
122,5832,1,13122,6.8568
122,5832,1,16384,6.8651
122,5832,2,512,6.8261
122,5832,2,768,6.8274
122,5832,2,1152,6.8294
122,5832,2,1728,6.8323
122,5832,2,2592,6.8367
122,5832,2,3888,6.8432
122,5832,2,5832,6.8531
122,5832,2,8748,6.8679
122,5832,2,13122,7.3026
122,5832,2,16384,7.7552
122,5832,4,512,6.8287
122,5832,4,768,6.8313
122,5832,4,1152,6.8352
122,5832,4,1728,6.8411
122,5832,4,2592,6.8498
122,5832,4,3888,6.8630
122,5832,4,5832,7.1014
122,5832,4,8748,7.9106
122,5832,4,13122,9.1244
122,5832,4,16384,10.0297
122,5832,8,512,6.8339
122,5832,8,768,6.8391
122,5832,8,1152,6.8469
122,5832,8,1728,6.8586
122,5832,8,2592,6.9238
122,5832,8,3888,7.6431
122,5832,8,5832,8.7221
122,5832,8,8748,10.3405
122,5832,8,13122,12.7681
122,5832,8,16384,14.5786
122,5832,16,512,6.8443
122,5832,16,768,6.8547
122,5832,16,1152,6.8703
122,5832,16,1728,7.4078
122,5832,16,2592,8.3669
122,5832,16,3888,9.8054
122,5832,16,5832,11.9633
122,5832,16,8748,15.2002
122,5832,16,13122,20.0554
122,5832,16,16384,23.6763
122,5832,32,512,6.8651
122,5832,32,768,7.2035
122,5832,32,1152,8.0560
122,5832,32,1728,9.3348
122,5832,32,2592,11.2529
122,5832,32,3888,14.1301
122,5832,32,5832,18.4459
122,5832,32,8748,24.9196
122,5832,32,13122,34.6301
122,5832,32,16384,41.8719
122,5832,64,512,7.7896
122,5832,64,768,8.9263
122,5832,64,1152,10.6313
122,5832,64,1728,13.1888
122,5832,64,2592,17.0251
122,5832,64,3888,22.7794
122,5832,64,5832,31.4110
122,5832,64,8748,44.3584
122,5832,64,13122,63.7794
122,5832,64,16384,78.2630
122,5832,128,512,10.0985
122,5832,128,768,12.3718
122,5832,128,1152,15.7818
122,5832,128,1728,20.8968
122,5832,128,2592,28.5693
122,5832,128,3888,40.0781
122,5832,128,5832,57.3412
122,5832,128,8748,83.2360
122,5832,128,13122,122.0780
122,5832,128,16384,151.0453
122,8748,0,0,7.7258
122,8748,1,512,7.7271
122,8748,1,768,7.7278
122,8748,1,1152,7.7288
122,8748,1,1728,7.7302
122,8748,1,2592,7.7324
122,8748,1,3888,7.7357
122,8748,1,5832,7.7406
122,8748,1,8748,7.7480
122,8748,1,13122,7.7591
122,8748,1,16384,7.7674
122,8748,2,512,7.7284
122,8748,2,768,7.7297
122,8748,2,1152,7.7317
122,8748,2,1728,7.7346
122,8748,2,2592,7.7390
122,8748,2,3888,7.7456
122,8748,2,5832,7.7554
122,8748,2,8748,7.7702
122,8748,2,13122,7.7924
122,8748,2,16384,7.9575
122,8748,4,512,7.7310
122,8748,4,768,7.7336
122,8748,4,1152,7.7375
122,8748,4,1728,7.7434
122,8748,4,2592,7.7521
122,8748,4,3888,7.7653
122,8748,4,5832,7.7850
122,8748,4,8748,8.1129
122,8748,4,13122,9.3267
122,8748,4,16384,10.2320
122,8748,8,512,7.7362
122,8748,8,768,7.7414
122,8748,8,1152,7.7492
122,8748,8,1728,7.7609
122,8748,8,2592,7.7784
122,8748,8,3888,7.8454
122,8748,8,5832,8.9244
122,8748,8,8748,10.5428
122,8748,8,13122,12.9704
122,8748,8,16384,14.7809
122,8748,16,512,7.7466
122,8748,16,768,7.7570
122,8748,16,1152,7.7726
122,8748,16,1728,7.7960
122,8748,16,2592,8.5692
122,8748,16,3888,10.0077
122,8748,16,5832,12.1656
122,8748,16,8748,15.4025
122,8748,16,13122,20.2577
122,8748,16,16384,23.8786
122,8748,32,512,7.7674
122,8748,32,768,7.7882
122,8748,32,1152,8.2583
122,8748,32,1728,9.5371
122,8748,32,2592,11.4552
122,8748,32,3888,14.3324
122,8748,32,5832,18.6482
122,8748,32,8748,25.1219
122,8748,32,13122,34.8324
122,8748,32,16384,42.0742
122,8748,64,512,7.9919
122,8748,64,768,9.1286
122,8748,64,1152,10.8336
122,8748,64,1728,13.3911
122,8748,64,2592,17.2274
122,8748,64,3888,22.9817
122,8748,64,5832,31.6133
122,8748,64,8748,44.5607
122,8748,64,13122,63.9817
122,8748,64,16384,78.4653
122,8748,128,512,10.3008
122,8748,128,768,12.5741
122,8748,128,1152,15.9841
122,8748,128,1728,21.0991
122,8748,128,2592,28.7716
122,8748,128,3888,40.2804
122,8748,128,5832,57.5435
122,8748,128,8748,83.4383
122,8748,128,13122,122.2803
122,8748,128,16384,151.2476
122,13122,0,0,9.0793
122,13122,1,512,9.0806
122,13122,1,768,9.0813
122,13122,1,1152,9.0822
122,13122,1,1728,9.0837
122,13122,1,2592,9.0859
122,13122,1,3888,9.0892
122,13122,1,5832,9.0941
122,13122,1,8748,9.1015
122,13122,1,13122,9.1126
122,13122,1,16384,9.1209
122,13122,2,512,9.0819
122,13122,2,768,9.0832
122,13122,2,1152,9.0852
122,13122,2,1728,9.0881
122,13122,2,2592,9.0925
122,13122,2,3888,9.0990
122,13122,2,5832,9.1089
122,13122,2,8748,9.1237
122,13122,2,13122,9.1459
122,13122,2,16384,9.1624
122,13122,4,512,9.0845
122,13122,4,768,9.0871
122,13122,4,1152,9.0910
122,13122,4,1728,9.0969
122,13122,4,2592,9.1056
122,13122,4,3888,9.1188
122,13122,4,5832,9.1385
122,13122,4,8748,9.1681
122,13122,4,13122,9.6302
122,13122,4,16384,10.5354
122,13122,8,512,9.0897
122,13122,8,768,9.0949
122,13122,8,1152,9.1027
122,13122,8,1728,9.1144
122,13122,8,2592,9.1319
122,13122,8,3888,9.1582
122,13122,8,5832,9.2278
122,13122,8,8748,10.8462
122,13122,8,13122,13.2739
122,13122,8,16384,15.0843
122,13122,16,512,9.1001
122,13122,16,768,9.1105
122,13122,16,1152,9.1261
122,13122,16,1728,9.1495
122,13122,16,2592,9.1845
122,13122,16,3888,10.3112
122,13122,16,5832,12.4691
122,13122,16,8748,15.7059
122,13122,16,13122,20.5612
122,13122,16,16384,24.1821
122,13122,32,512,9.1209
122,13122,32,768,9.1417
122,13122,32,1152,9.1728
122,13122,32,1728,9.8406
122,13122,32,2592,11.7587
122,13122,32,3888,14.6359
122,13122,32,5832,18.9517
122,13122,32,8748,25.4253
122,13122,32,13122,35.1358
122,13122,32,16384,42.3777
122,13122,64,512,9.1624
122,13122,64,768,9.4321
122,13122,64,1152,11.1371
122,13122,64,1728,13.6946
122,13122,64,2592,17.5308
122,13122,64,3888,23.2852
122,13122,64,5832,31.9168
122,13122,64,8748,44.8641
122,13122,64,13122,64.2852
122,13122,64,16384,78.7688
122,13122,128,512,10.6042
122,13122,128,768,12.8776
122,13122,128,1152,16.2876
122,13122,128,1728,21.4026
122,13122,128,2592,29.0751
122,13122,128,3888,40.5839
122,13122,128,5832,57.8470
122,13122,128,8748,83.7417
122,13122,128,13122,122.5838
122,13122,128,16384,151.5511
122,16384,0,0,10.0887
122,16384,1,512,10.0900
122,16384,1,768,10.0907
122,16384,1,1152,10.0916
122,16384,1,1728,10.0931
122,16384,1,2592,10.0953
122,16384,1,3888,10.0986
122,16384,1,5832,10.1035
122,16384,1,8748,10.1109
122,16384,1,13122,10.1220
122,16384,1,16384,10.1303
122,16384,2,512,10.0913
122,16384,2,768,10.0926
122,16384,2,1152,10.0946
122,16384,2,1728,10.0975
122,16384,2,2592,10.1019
122,16384,2,3888,10.1084
122,16384,2,5832,10.1183
122,16384,2,8748,10.1331
122,16384,2,13122,10.1553
122,16384,2,16384,10.1718
122,16384,4,512,10.0939
122,16384,4,768,10.0965
122,16384,4,1152,10.1004
122,16384,4,1728,10.1062
122,16384,4,2592,10.1150
122,16384,4,3888,10.1282
122,16384,4,5832,10.1479
122,16384,4,8748,10.1775
122,16384,4,13122,10.2218
122,16384,4,16384,10.7617
122,16384,8,512,10.0991
122,16384,8,768,10.1043
122,16384,8,1152,10.1121
122,16384,8,1728,10.1238
122,16384,8,2592,10.1413
122,16384,8,3888,10.1676
122,16384,8,5832,10.2071
122,16384,8,8748,11.0725
122,16384,8,13122,13.5002
122,16384,8,16384,15.3106
122,16384,16,512,10.1095
122,16384,16,768,10.1199
122,16384,16,1152,10.1355
122,16384,16,1728,10.1588
122,16384,16,2592,10.1939
122,16384,16,3888,10.5375
122,16384,16,5832,12.6954
122,16384,16,8748,15.9322
122,16384,16,13122,20.7875
122,16384,16,16384,24.4084
122,16384,32,512,10.1303
122,16384,32,768,10.1510
122,16384,32,1152,10.1822
122,16384,32,1728,10.2290
122,16384,32,2592,11.9850
122,16384,32,3888,14.8622
122,16384,32,5832,19.1780
122,16384,32,8748,25.6516
122,16384,32,13122,35.3622
122,16384,32,16384,42.6040
122,16384,64,512,10.1718
122,16384,64,768,10.2134
122,16384,64,1152,11.3634
122,16384,64,1728,13.9209
122,16384,64,2592,17.7571
122,16384,64,3888,23.5115
122,16384,64,5832,32.1431
122,16384,64,8748,45.0904
122,16384,64,13122,64.5115
122,16384,64,16384,78.9951
122,16384,128,512,10.8306
122,16384,128,768,13.1039
122,16384,128,1152,16.5139
122,16384,128,1728,21.6289
122,16384,128,2592,29.3014
122,16384,128,3888,40.8102
122,16384,128,5832,58.0733
122,16384,128,8748,83.9680
122,16384,128,13122,122.8101
122,16384,128,16384,151.7774
128,0,0,0,5.0799
128,0,1,16,5.0816
128,0,1,32,5.0827
128,0,1,64,5.0849
128,0,1,128,5.0894
128,0,1,256,5.0982
128,0,1,512,5.1160
128,0,1,1024,5.1515
128,0,1,2048,5.2226
128,0,1,4096,5.3646
128,0,1,8192,5.6488
128,0,1,16384,6.2171
128,0,2,16,5.0833
128,0,2,32,5.0855
128,0,2,64,5.0899
128,0,2,128,5.0988
128,0,2,256,5.1166
128,0,2,512,5.1521
128,0,2,1024,5.2231
128,0,2,2048,5.3652
128,0,2,4096,5.6494
128,0,2,8192,6.2177
128,0,2,16384,7.3544
128,0,4,16,5.0866
128,0,4,32,5.0910
128,0,4,64,5.0999
128,0,4,128,5.1177
128,0,4,256,5.1532
128,0,4,512,5.2242
128,0,4,1024,5.3663
128,0,4,2048,5.6505
128,0,4,4096,6.2188
128,0,4,8192,7.3555
128,0,4,16384,9.6288
128,0,8,16,5.0932
128,0,8,32,5.1021
128,0,8,64,5.1199
128,0,8,128,5.1554
128,0,8,256,5.2264
128,0,8,512,5.3685
128,0,8,1024,5.6527
128,0,8,2048,6.2210
128,0,8,4096,7.3577
128,0,8,8192,9.6310
128,0,8,16384,14.1777
128,0,16,16,5.1066
128,0,16,32,5.1243
128,0,16,64,5.1598
128,0,16,128,5.2309
128,0,16,256,5.3730
128,0,16,512,5.6571
128,0,16,1024,6.2255
128,0,16,2048,7.3621
128,0,16,4096,9.6355
128,0,16,8192,14.1821
128,0,16,16384,23.2755
128,0,32,16,5.1332
128,0,32,32,5.1687
128,0,32,64,5.2398
128,0,32,128,5.3818
128,0,32,256,5.6660
128,0,32,512,6.2344
128,0,32,1024,7.3710
128,0,32,2048,9.6444
128,0,32,4096,14.1910
128,0,32,8192,23.2844
128,0,32,16384,41.4711
128,0,64,16,5.1865
128,0,64,32,5.2575
128,0,64,64,5.3996
128,0,64,128,5.6838
128,0,64,256,6.2521
128,0,64,512,7.3888
128,0,64,1024,9.6621
128,0,64,2048,14.2088
128,0,64,4096,23.3021
128,0,64,8192,41.4888
128,0,64,16384,77.8622
128,0,128,16,5.2930
128,0,128,32,5.4351
128,0,128,64,5.7193
128,0,128,128,6.2876
128,0,128,256,7.4243
128,0,128,512,9.6976
128,0,128,1024,14.2443
128,0,128,2048,23.3376
128,0,128,4096,41.5243
128,0,128,8192,77.8977
128,0,128,16384,150.6444
128,16,0,0,5.0810
128,16,1,16,5.0827
128,16,1,32,5.0838
128,16,1,64,5.0860
128,16,1,128,5.0905
128,16,1,256,5.0993
128,16,1,512,5.1171
128,16,1,1024,5.1526
128,16,1,2048,5.2237
128,16,1,4096,5.3658
128,16,1,8192,5.6499
128,16,1,16384,6.2183
128,16,2,16,5.0844
128,16,2,32,5.0866
128,16,2,64,5.0910
128,16,2,128,5.0999
128,16,2,256,5.1177
128,16,2,512,5.1532
128,16,2,1024,5.2242
128,16,2,2048,5.3663
128,16,2,4096,5.6505
128,16,2,8192,6.2188
128,16,2,16384,7.3555
128,16,4,16,5.0877
128,16,4,32,5.0921
128,16,4,64,5.1010
128,16,4,128,5.1188
128,16,4,256,5.1543
128,16,4,512,5.2253
128,16,4,1024,5.3674
128,16,4,2048,5.6516
128,16,4,4096,6.2199
128,16,4,8192,7.3566
128,16,4,16384,9.6299
128,16,8,16,5.0944
128,16,8,32,5.1032
128,16,8,64,5.1210
128,16,8,128,5.1565
128,16,8,256,5.2276
128,16,8,512,5.3696
128,16,8,1024,5.6538
128,16,8,2048,6.2221
128,16,8,4096,7.3588
128,16,8,8192,9.6321
128,16,8,16384,14.1788
128,16,16,16,5.1077
128,16,16,32,5.1254
128,16,16,64,5.1610
128,16,16,128,5.2320
128,16,16,256,5.3741
128,16,16,512,5.6582
128,16,16,1024,6.2266
128,16,16,2048,7.3632
128,16,16,4096,9.6366
128,16,16,8192,14.1833
128,16,16,16384,23.2766
128,16,32,16,5.1343
128,16,32,32,5.1698
128,16,32,64,5.2409
128,16,32,128,5.3830
128,16,32,256,5.6671
128,16,32,512,6.2355
128,16,32,1024,7.3721
128,16,32,2048,9.6455
128,16,32,4096,14.1921
128,16,32,8192,23.2855
128,16,32,16384,41.4722
128,16,64,16,5.1876
128,16,64,32,5.2586
128,16,64,64,5.4007
128,16,64,128,5.6849
128,16,64,256,6.2532
128,16,64,512,7.3899
128,16,64,1024,9.6632
128,16,64,2048,14.2099
128,16,64,4096,23.3032
128,16,64,8192,41.4899
128,16,64,16384,77.8633
128,16,128,16,5.2942
128,16,128,32,5.4362
128,16,128,64,5.7204
128,16,128,128,6.2887
128,16,128,256,7.4254
128,16,128,512,9.6987
128,16,128,1024,14.2454
128,16,128,2048,23.3388
128,16,128,4096,41.5254
128,16,128,8192,77.8988
128,16,128,16384,150.6455
128,32,0,0,5.0821
128,32,1,16,5.0838
128,32,1,32,5.0849
128,32,1,64,5.0871
128,32,1,128,5.0916
128,32,1,256,5.1005
128,32,1,512,5.1182
128,32,1,1024,5.1537
128,32,1,2048,5.2248
128,32,1,4096,5.3669
128,32,1,8192,5.6510
128,32,1,16384,6.2194
128,32,2,16,5.0855
128,32,2,32,5.0877
128,32,2,64,5.0921
128,32,2,128,5.1010
128,32,2,256,5.1188
128,32,2,512,5.1543
128,32,2,1024,5.2253
128,32,2,2048,5.3674
128,32,2,4096,5.6516
128,32,2,8192,6.2199
128,32,2,16384,7.3566
128,32,4,16,5.0888
128,32,4,32,5.0932
128,32,4,64,5.1021
128,32,4,128,5.1199
128,32,4,256,5.1554
128,32,4,512,5.2264
128,32,4,1024,5.3685
128,32,4,2048,5.6527
128,32,4,4096,6.2210
128,32,4,8192,7.3577
128,32,4,16384,9.6310
128,32,8,16,5.0955
128,32,8,32,5.1043
128,32,8,64,5.1221
128,32,8,128,5.1576
128,32,8,256,5.2287
128,32,8,512,5.3707
128,32,8,1024,5.6549
128,32,8,2048,6.2232
128,32,8,4096,7.3599
128,32,8,8192,9.6333
128,32,8,16384,14.1799
128,32,16,16,5.1088
128,32,16,32,5.1265
128,32,16,64,5.1621
128,32,16,128,5.2331
128,32,16,256,5.3752
128,32,16,512,5.6594
128,32,16,1024,6.2277
128,32,16,2048,7.3644
128,32,16,4096,9.6377
128,32,16,8192,14.1844
128,32,16,16384,23.2777
128,32,32,16,5.1354
128,32,32,32,5.1709
128,32,32,64,5.2420
128,32,32,128,5.3841
128,32,32,256,5.6682
128,32,32,512,6.2366
128,32,32,1024,7.3732
128,32,32,2048,9.6466
128,32,32,4096,14.1932
128,32,32,8192,23.2866
128,32,32,16384,41.4733
128,32,64,16,5.1887
128,32,64,32,5.2597
128,32,64,64,5.4018
128,32,64,128,5.6860
128,32,64,256,6.2543
128,32,64,512,7.3910
128,32,64,1024,9.6643
128,32,64,2048,14.2110
128,32,64,4096,23.3043
128,32,64,8192,41.4910
128,32,64,16384,77.8644
128,32,128,16,5.2953
128,32,128,32,5.4374
128,32,128,64,5.7215
128,32,128,128,6.2899
128,32,128,256,7.4265
128,32,128,512,9.6999
128,32,128,1024,14.2465
128,32,128,2048,23.3399
128,32,128,4096,41.5266
128,32,128,8192,77.8999
128,32,128,16384,150.6467
128,64,0,0,5.0844
128,64,1,16,5.0860
128,64,1,32,5.0871
128,64,1,64,5.0894
128,64,1,128,5.0938
128,64,1,256,5.1027
128,64,1,512,5.1204
128,64,1,1024,5.1560
128,64,1,2048,5.2270
128,64,1,4096,5.3691
128,64,1,8192,5.6533
128,64,1,16384,6.2216
128,64,2,16,5.0877
128,64,2,32,5.0899
128,64,2,64,5.0944
128,64,2,128,5.1032
128,64,2,256,5.1210
128,64,2,512,5.1565
128,64,2,1024,5.2276
128,64,2,2048,5.3696
128,64,2,4096,5.6538
128,64,2,8192,6.2221
128,64,2,16384,7.3588
128,64,4,16,5.0910
128,64,4,32,5.0955
128,64,4,64,5.1043
128,64,4,128,5.1221
128,64,4,256,5.1576
128,64,4,512,5.2287
128,64,4,1024,5.3707
128,64,4,2048,5.6549
128,64,4,4096,6.2232
128,64,4,8192,7.3599
128,64,4,16384,9.6333
128,64,8,16,5.0977
128,64,8,32,5.1066
128,64,8,64,5.1243
128,64,8,128,5.1598
128,64,8,256,5.2309
128,64,8,512,5.3730
128,64,8,1024,5.6571
128,64,8,2048,6.2255
128,64,8,4096,7.3621
128,64,8,8192,9.6355
128,64,8,16384,14.1821
128,64,16,16,5.1110
128,64,16,32,5.1288
128,64,16,64,5.1643
128,64,16,128,5.2353
128,64,16,256,5.3774
128,64,16,512,5.6616
128,64,16,1024,6.2299
128,64,16,2048,7.3666
128,64,16,4096,9.6399
128,64,16,8192,14.1866
128,64,16,16384,23.2799
128,64,32,16,5.1376
128,64,32,32,5.1732
128,64,32,64,5.2442
128,64,32,128,5.3863
128,64,32,256,5.6705
128,64,32,512,6.2388
128,64,32,1024,7.3755
128,64,32,2048,9.6488
128,64,32,4096,14.1955
128,64,32,8192,23.2888
128,64,32,16384,41.4755
128,64,64,16,5.1909
128,64,64,32,5.2620
128,64,64,64,5.4040
128,64,64,128,5.6882
128,64,64,256,6.2566
128,64,64,512,7.3932
128,64,64,1024,9.6666
128,64,64,2048,14.2132
128,64,64,4096,23.3066
128,64,64,8192,41.4933
128,64,64,16384,77.8666
128,64,128,16,5.2975
128,64,128,32,5.4396
128,64,128,64,5.7237
128,64,128,128,6.2921
128,64,128,256,7.4287
128,64,128,512,9.7021
128,64,128,1024,14.2487
128,64,128,2048,23.3421
128,64,128,4096,41.5288
128,64,128,8192,77.9021
128,64,128,16384,150.6489
128,128,0,0,5.0888
128,128,1,16,5.0905
128,128,1,32,5.0916
128,128,1,64,5.0938
128,128,1,128,5.0982
128,128,1,256,5.1071
128,128,1,512,5.1249
128,128,1,1024,5.1604
128,128,1,2048,5.2314
128,128,1,4096,5.3735
128,128,1,8192,5.6577
128,128,1,16384,6.2260
128,128,2,16,5.0921
128,128,2,32,5.0944
128,128,2,64,5.0988
128,128,2,128,5.1077
128,128,2,256,5.1254
128,128,2,512,5.1610
128,128,2,1024,5.2320
128,128,2,2048,5.3741
128,128,2,4096,5.6582
128,128,2,8192,6.2266
128,128,2,16384,7.3632
128,128,4,16,5.0955
128,128,4,32,5.0999
128,128,4,64,5.1088
128,128,4,128,5.1265
128,128,4,256,5.1621
128,128,4,512,5.2331
128,128,4,1024,5.3752
128,128,4,2048,5.6594
128,128,4,4096,6.2277
128,128,4,8192,7.3644
128,128,4,16384,9.6377
128,128,8,16,5.1021
128,128,8,32,5.1110
128,128,8,64,5.1288
128,128,8,128,5.1643
128,128,8,256,5.2353
128,128,8,512,5.3774
128,128,8,1024,5.6616
128,128,8,2048,6.2299
128,128,8,4096,7.3666
128,128,8,8192,9.6399
128,128,8,16384,14.1866
128,128,16,16,5.1154
128,128,16,32,5.1332
128,128,16,64,5.1687
128,128,16,128,5.2398
128,128,16,256,5.3818
128,128,16,512,5.6660
128,128,16,1024,6.2344
128,128,16,2048,7.3710
128,128,16,4096,9.6444
128,128,16,8192,14.1910
128,128,16,16384,23.2844
128,128,32,16,5.1421
128,128,32,32,5.1776
128,128,32,64,5.2486
128,128,32,128,5.3907
128,128,32,256,5.6749
128,128,32,512,6.2432
128,128,32,1024,7.3799
128,128,32,2048,9.6532
128,128,32,4096,14.1999
128,128,32,8192,23.2932
128,128,32,16384,41.4799
128,128,64,16,5.1954
128,128,64,32,5.2664
128,128,64,64,5.4085
128,128,64,128,5.6927
128,128,64,256,6.2610
128,128,64,512,7.3977
128,128,64,1024,9.6710
128,128,64,2048,14.2177
128,128,64,4096,23.3110
128,128,64,8192,41.4977
128,128,64,16384,77.8711
128,128,128,16,5.3019
128,128,128,32,5.4440
128,128,128,64,5.7282
128,128,128,128,6.2965
128,128,128,256,7.4332
128,128,128,512,9.7065
128,128,128,1024,14.2532
128,128,128,2048,23.3465
128,128,128,4096,41.5332
128,128,128,8192,77.9066
128,128,128,16384,150.6533
128,256,0,0,5.1039
128,256,1,16,5.1039
128,256,1,32,5.1040
128,256,1,64,5.1041
128,256,1,128,5.1071
128,256,1,256,5.1160
128,256,1,512,5.1338
128,256,1,1024,5.1693
128,256,1,2048,5.2403
128,256,1,4096,5.3824
128,256,1,8192,5.6666
128,256,1,16384,6.2349
128,256,2,16,5.1040
128,256,2,32,5.1041
128,256,2,64,5.1077
128,256,2,128,5.1166
128,256,2,256,5.1343
128,256,2,512,5.1698
128,256,2,1024,5.2409
128,256,2,2048,5.3830
128,256,2,4096,5.6671
128,256,2,8192,6.2355
128,256,2,16384,7.3721
128,256,4,16,5.1043
128,256,4,32,5.1088
128,256,4,64,5.1177
128,256,4,128,5.1354
128,256,4,256,5.1709
128,256,4,512,5.2420
128,256,4,1024,5.3841
128,256,4,2048,5.6682
128,256,4,4096,6.2366
128,256,4,8192,7.3732
128,256,4,16384,9.6466
128,256,8,16,5.1110
128,256,8,32,5.1199
128,256,8,64,5.1376
128,256,8,128,5.1732
128,256,8,256,5.2442
128,256,8,512,5.3863
128,256,8,1024,5.6705
128,256,8,2048,6.2388
128,256,8,4096,7.3755
128,256,8,8192,9.6488
128,256,8,16384,14.1955
128,256,16,16,5.1243
128,256,16,32,5.1421
128,256,16,64,5.1776
128,256,16,128,5.2486
128,256,16,256,5.3907
128,256,16,512,5.6749
128,256,16,1024,6.2432
128,256,16,2048,7.3799
128,256,16,4096,9.6532
128,256,16,8192,14.1999
128,256,16,16384,23.2932
128,256,32,16,5.1510
128,256,32,32,5.1865
128,256,32,64,5.2575
128,256,32,128,5.3996
128,256,32,256,5.6838
128,256,32,512,6.2521
128,256,32,1024,7.3888
128,256,32,2048,9.6621
128,256,32,4096,14.2088
128,256,32,8192,23.3021
128,256,32,16384,41.4888
128,256,64,16,5.2042
128,256,64,32,5.2753
128,256,64,64,5.4174
128,256,64,128,5.7015
128,256,64,256,6.2699
128,256,64,512,7.4065
128,256,64,1024,9.6799
128,256,64,2048,14.2265
128,256,64,4096,23.3199
128,256,64,8192,41.5066
128,256,64,16384,77.8799
128,256,128,16,5.3108
128,256,128,32,5.4529
128,256,128,64,5.7371
128,256,128,128,6.3054
128,256,128,256,7.4421
128,256,128,512,9.7154
128,256,128,1024,14.2621
128,256,128,2048,23.3554
128,256,128,4096,41.5421
128,256,128,8192,77.9155
128,256,128,16384,150.6622
128,512,0,0,5.1870
128,512,1,16,5.1870
128,512,1,32,5.1871
128,512,1,64,5.1872
128,512,1,128,5.1873
128,512,1,256,5.1877
128,512,1,512,5.1883
128,512,1,1024,5.1896
128,512,1,2048,5.2581
128,512,1,4096,5.4002
128,512,1,8192,5.6843
128,512,1,16384,6.2527
128,512,2,16,5.1871
128,512,2,32,5.1872
128,512,2,64,5.1873
128,512,2,128,5.1877
128,512,2,256,5.1883
128,512,2,512,5.1896
128,512,2,1024,5.2586
128,512,2,2048,5.4007
128,512,2,4096,5.6849
128,512,2,8192,6.2532
128,512,2,16384,7.3899
128,512,4,16,5.1872
128,512,4,32,5.1873
128,512,4,64,5.1877
128,512,4,128,5.1883
128,512,4,256,5.1896
128,512,4,512,5.2597
128,512,4,1024,5.4018
128,512,4,2048,5.6860
128,512,4,4096,6.2543
128,512,4,8192,7.3910
128,512,4,16384,9.6643
128,512,8,16,5.1873
128,512,8,32,5.1877
128,512,8,64,5.1883
128,512,8,128,5.1909
128,512,8,256,5.2620
128,512,8,512,5.4040
128,512,8,1024,5.6882
128,512,8,2048,6.2566
128,512,8,4096,7.3932
128,512,8,8192,9.6666
128,512,8,16384,14.2132
128,512,16,16,5.1877
128,512,16,32,5.1883
128,512,16,64,5.1954
128,512,16,128,5.2664
128,512,16,256,5.4085
128,512,16,512,5.6927
128,512,16,1024,6.2610
128,512,16,2048,7.3977
128,512,16,4096,9.6710
128,512,16,8192,14.2177
128,512,16,16384,23.3110
128,512,32,16,5.1883
128,512,32,32,5.2042
128,512,32,64,5.2753
128,512,32,128,5.4174
128,512,32,256,5.7015
128,512,32,512,6.2699
128,512,32,1024,7.4065
128,512,32,2048,9.6799
128,512,32,4096,14.2265
128,512,32,8192,23.3199
128,512,32,16384,41.5066
128,512,64,16,5.2220
128,512,64,32,5.2930
128,512,64,64,5.4351
128,512,64,128,5.7193
128,512,64,256,6.2876
128,512,64,512,7.4243
128,512,64,1024,9.6976
128,512,64,2048,14.2443
128,512,64,4096,23.3376
128,512,64,8192,41.5243
128,512,64,16384,77.8977
128,512,128,16,5.3286
128,512,128,32,5.4707
128,512,128,64,5.7548
128,512,128,128,6.3232
128,512,128,256,7.4598
128,512,128,512,9.7332
128,512,128,1024,14.2798
128,512,128,2048,23.3732
128,512,128,4096,41.5599
128,512,128,8192,77.9332
128,512,128,16384,150.6800
128,1024,0,0,5.3532
128,1024,1,16,5.3533
128,1024,1,32,5.3533
128,1024,1,64,5.3534
128,1024,1,128,5.3536
128,1024,1,256,5.3539
128,1024,1,512,5.3545
128,1024,1,1024,5.3558
128,1024,1,2048,5.3584
128,1024,1,4096,5.4357
128,1024,1,8192,5.7199
128,1024,1,16384,6.2882
128,1024,2,16,5.3533
128,1024,2,32,5.3534
128,1024,2,64,5.3536
128,1024,2,128,5.3539
128,1024,2,256,5.3545
128,1024,2,512,5.3558
128,1024,2,1024,5.3584
128,1024,2,2048,5.4362
128,1024,2,4096,5.7204
128,1024,2,8192,6.2887
128,1024,2,16384,7.4254
128,1024,4,16,5.3534
128,1024,4,32,5.3536
128,1024,4,64,5.3539
128,1024,4,128,5.3545
128,1024,4,256,5.3558
128,1024,4,512,5.3584
128,1024,4,1024,5.4374
128,1024,4,2048,5.7215
128,1024,4,4096,6.2899
128,1024,4,8192,7.4265
128,1024,4,16384,9.6999
128,1024,8,16,5.3536
128,1024,8,32,5.3539
128,1024,8,64,5.3545
128,1024,8,128,5.3558
128,1024,8,256,5.3584
128,1024,8,512,5.4396
128,1024,8,1024,5.7237
128,1024,8,2048,6.2921
128,1024,8,4096,7.4287
128,1024,8,8192,9.7021
128,1024,8,16384,14.2487
128,1024,16,16,5.3539
128,1024,16,32,5.3545
128,1024,16,64,5.3558
128,1024,16,128,5.3584
128,1024,16,256,5.4440
128,1024,16,512,5.7282
128,1024,16,1024,6.2965
128,1024,16,2048,7.4332
128,1024,16,4096,9.7065
128,1024,16,8192,14.2532
128,1024,16,16384,23.3465
128,1024,32,16,5.3545
128,1024,32,32,5.3558
128,1024,32,64,5.3584
128,1024,32,128,5.4529
128,1024,32,256,5.7371
128,1024,32,512,6.3054
128,1024,32,1024,7.4421
128,1024,32,2048,9.7154
128,1024,32,4096,14.2621
128,1024,32,8192,23.3554
128,1024,32,16384,41.5421
128,1024,64,16,5.3558
128,1024,64,32,5.3584
128,1024,64,64,5.4707
128,1024,64,128,5.7548
128,1024,64,256,6.3232
128,1024,64,512,7.4598
128,1024,64,1024,9.7332
128,1024,64,2048,14.2798
128,1024,64,4096,23.3732
128,1024,64,8192,41.5599
128,1024,64,16384,77.9332
128,1024,128,16,5.3641
128,1024,128,32,5.5062
128,1024,128,64,5.7903
128,1024,128,128,6.3587
128,1024,128,256,7.4953
128,1024,128,512,9.7687
128,1024,128,1024,14.3153
128,1024,128,2048,23.4087
128,1024,128,4096,41.5954
128,1024,128,8192,77.9687
128,1024,128,16384,150.7155
128,2048,0,0,5.6857
128,2048,1,16,5.6857
128,2048,1,32,5.6858
128,2048,1,64,5.6858
128,2048,1,128,5.6860
128,2048,1,256,5.6863
128,2048,1,512,5.6870
128,2048,1,1024,5.6883
128,2048,1,2048,5.6909
128,2048,1,4096,5.6961
128,2048,1,8192,5.7909
128,2048,1,16384,6.3592
128,2048,2,16,5.6858
128,2048,2,32,5.6858
128,2048,2,64,5.6860
128,2048,2,128,5.6863
128,2048,2,256,5.6870
128,2048,2,512,5.6883
128,2048,2,1024,5.6909
128,2048,2,2048,5.6961
128,2048,2,4096,5.7914
128,2048,2,8192,6.3598
128,2048,2,16384,7.4965
128,2048,4,16,5.6858
128,2048,4,32,5.6860
128,2048,4,64,5.6863
128,2048,4,128,5.6870
128,2048,4,256,5.6883
128,2048,4,512,5.6909
128,2048,4,1024,5.6961
128,2048,4,2048,5.7926
128,2048,4,4096,6.3609
128,2048,4,8192,7.4976
128,2048,4,16384,9.7709
128,2048,8,16,5.6860
128,2048,8,32,5.6863
128,2048,8,64,5.6870
128,2048,8,128,5.6883
128,2048,8,256,5.6909
128,2048,8,512,5.6961
128,2048,8,1024,5.7948
128,2048,8,2048,6.3631
128,2048,8,4096,7.4998
128,2048,8,8192,9.7731
128,2048,8,16384,14.3198
128,2048,16,16,5.6863
128,2048,16,32,5.6870
128,2048,16,64,5.6883
128,2048,16,128,5.6909
128,2048,16,256,5.6961
128,2048,16,512,5.7992
128,2048,16,1024,6.3676
128,2048,16,2048,7.5042
128,2048,16,4096,9.7776
128,2048,16,8192,14.3242
128,2048,16,16384,23.4176
128,2048,32,16,5.6870
128,2048,32,32,5.6883
128,2048,32,64,5.6909
128,2048,32,128,5.6961
128,2048,32,256,5.8081
128,2048,32,512,6.3764
128,2048,32,1024,7.5131
128,2048,32,2048,9.7864
128,2048,32,4096,14.3331
128,2048,32,8192,23.4264
128,2048,32,16384,41.6131
128,2048,64,16,5.6883
128,2048,64,32,5.6909
128,2048,64,64,5.6961
128,2048,64,128,5.8259
128,2048,64,256,6.3942
128,2048,64,512,7.5309
128,2048,64,1024,9.8042
128,2048,64,2048,14.3509
128,2048,64,4096,23.4442
128,2048,64,8192,41.6309
128,2048,64,16384,78.0043
128,2048,128,16,5.6909
128,2048,128,32,5.6961
128,2048,128,64,5.8614
128,2048,128,128,6.4297
128,2048,128,256,7.5664
128,2048,128,512,9.8397
128,2048,128,1024,14.3864
128,2048,128,2048,23.4797
128,2048,128,4096,41.6664
128,2048,128,8192,78.0398
128,2048,128,16384,150.7865
128,4096,0,0,6.3506
128,4096,1,16,6.3506
128,4096,1,32,6.3507
128,4096,1,64,6.3507
128,4096,1,128,6.3509
128,4096,1,256,6.3512
128,4096,1,512,6.3519
128,4096,1,1024,6.3532
128,4096,1,2048,6.3558
128,4096,1,4096,6.3610
128,4096,1,8192,6.3713
128,4096,1,16384,6.5013
128,4096,2,16,6.3507
128,4096,2,32,6.3507
128,4096,2,64,6.3509
128,4096,2,128,6.3512
128,4096,2,256,6.3519
128,4096,2,512,6.3532
128,4096,2,1024,6.3558
128,4096,2,2048,6.3610
128,4096,2,4096,6.3713
128,4096,2,8192,6.5019
128,4096,2,16384,7.6385
128,4096,4,16,6.3507
128,4096,4,32,6.3509
128,4096,4,64,6.3512
128,4096,4,128,6.3519
128,4096,4,256,6.3532
128,4096,4,512,6.3558
128,4096,4,1024,6.3610
128,4096,4,2048,6.3713
128,4096,4,4096,6.5030
128,4096,4,8192,7.6396
128,4096,4,16384,9.9130
128,4096,8,16,6.3509
128,4096,8,32,6.3512
128,4096,8,64,6.3519
128,4096,8,128,6.3532
128,4096,8,256,6.3558
128,4096,8,512,6.3610
128,4096,8,1024,6.3713
128,4096,8,2048,6.5052
128,4096,8,4096,7.6419
128,4096,8,8192,9.9152
128,4096,8,16384,14.4619
128,4096,16,16,6.3512
128,4096,16,32,6.3519
128,4096,16,64,6.3532
128,4096,16,128,6.3558
128,4096,16,256,6.3610
128,4096,16,512,6.3713
128,4096,16,1024,6.5096
128,4096,16,2048,7.6463
128,4096,16,4096,9.9196
128,4096,16,8192,14.4663
128,4096,16,16384,23.5597
128,4096,32,16,6.3519
128,4096,32,32,6.3532
128,4096,32,64,6.3558
128,4096,32,128,6.3610
128,4096,32,256,6.3713
128,4096,32,512,6.5185
128,4096,32,1024,7.6552
128,4096,32,2048,9.9285
128,4096,32,4096,14.4752
128,4096,32,8192,23.5685
128,4096,32,16384,41.7552
128,4096,64,16,6.3532
128,4096,64,32,6.3558
128,4096,64,64,6.3610
128,4096,64,128,6.3713
128,4096,64,256,6.5363
128,4096,64,512,7.6729
128,4096,64,1024,9.9463
128,4096,64,2048,14.4930
128,4096,64,4096,23.5863
128,4096,64,8192,41.7730
128,4096,64,16384,78.1463
128,4096,128,16,6.3558
128,4096,128,32,6.3610
128,4096,128,64,6.3713
128,4096,128,128,6.5718
128,4096,128,256,7.7085
128,4096,128,512,9.9818
128,4096,128,1024,14.5285
128,4096,128,2048,23.6218
128,4096,128,4096,41.8085
128,4096,128,8192,78.1819
128,4096,128,16384,150.9286
128,8192,0,0,7.6804
128,8192,1,16,7.6804
128,8192,1,32,7.6804
128,8192,1,64,7.6805
128,8192,1,128,7.6807
128,8192,1,256,7.6810
128,8192,1,512,7.6817
128,8192,1,1024,7.6830
128,8192,1,2048,7.6856
128,8192,1,4096,7.6908
128,8192,1,8192,7.7011
128,8192,1,16384,7.7219
128,8192,2,16,7.6804
128,8192,2,32,7.6805
128,8192,2,64,7.6807
128,8192,2,128,7.6810
128,8192,2,256,7.6817
128,8192,2,512,7.6830
128,8192,2,1024,7.6856
128,8192,2,2048,7.6908
128,8192,2,4096,7.7011
128,8192,2,8192,7.7219
128,8192,2,16384,7.9227
128,8192,4,16,7.6805
128,8192,4,32,7.6807
128,8192,4,64,7.6810
128,8192,4,128,7.6817
128,8192,4,256,7.6830
128,8192,4,512,7.6856
128,8192,4,1024,7.6908
128,8192,4,2048,7.7011
128,8192,4,4096,7.7219
128,8192,4,8192,7.9238
128,8192,4,16384,10.1971
128,8192,8,16,7.6807
128,8192,8,32,7.6810
128,8192,8,64,7.6817
128,8192,8,128,7.6830
128,8192,8,256,7.6856
128,8192,8,512,7.6908
128,8192,8,1024,7.7011
128,8192,8,2048,7.7219
128,8192,8,4096,7.9260
128,8192,8,8192,10.1994
128,8192,8,16384,14.7460
128,8192,16,16,7.6810
128,8192,16,32,7.6817
128,8192,16,64,7.6830
128,8192,16,128,7.6856
128,8192,16,256,7.6908
128,8192,16,512,7.7011
128,8192,16,1024,7.7219
128,8192,16,2048,7.9305
128,8192,16,4096,10.2038
128,8192,16,8192,14.7505
128,8192,16,16384,23.8438
128,8192,32,16,7.6817
128,8192,32,32,7.6830
128,8192,32,64,7.6856
128,8192,32,128,7.6908
128,8192,32,256,7.7011
128,8192,32,512,7.7219
128,8192,32,1024,7.9394
128,8192,32,2048,10.2127
128,8192,32,4096,14.7594
128,8192,32,8192,23.8527
128,8192,32,16384,42.0394
128,8192,64,16,7.6830
128,8192,64,32,7.6856
128,8192,64,64,7.6908
128,8192,64,128,7.7011
128,8192,64,256,7.7219
128,8192,64,512,7.9571
128,8192,64,1024,10.2304
128,8192,64,2048,14.7771
128,8192,64,4096,23.8705
128,8192,64,8192,42.0571
128,8192,64,16384,78.4305
128,8192,128,16,7.6856
128,8192,128,32,7.6908
128,8192,128,64,7.7011
128,8192,128,128,7.7219
128,8192,128,256,7.9926
128,8192,128,512,10.2660
128,8192,128,1024,14.8126
128,8192,128,2048,23.9060
128,8192,128,4096,42.0927
128,8192,128,8192,78.4660
128,8192,128,16384,151.2128
128,16384,0,0,10.3400
128,16384,1,16,10.3400
128,16384,1,32,10.3400
128,16384,1,64,10.3401
128,16384,1,128,10.3403
128,16384,1,256,10.3406
128,16384,1,512,10.3413
128,16384,1,1024,10.3425
128,16384,1,2048,10.3451
128,16384,1,4096,10.3503
128,16384,1,8192,10.3607
128,16384,1,16384,10.3815
128,16384,2,16,10.3400
128,16384,2,32,10.3401
128,16384,2,64,10.3403
128,16384,2,128,10.3406
128,16384,2,256,10.3413
128,16384,2,512,10.3425
128,16384,2,1024,10.3451
128,16384,2,2048,10.3503
128,16384,2,4096,10.3607
128,16384,2,8192,10.3815
128,16384,2,16384,10.4231
128,16384,4,16,10.3401
128,16384,4,32,10.3403
128,16384,4,64,10.3406
128,16384,4,128,10.3413
128,16384,4,256,10.3425
128,16384,4,512,10.3451
128,16384,4,1024,10.3503
128,16384,4,2048,10.3607
128,16384,4,4096,10.3815
128,16384,4,8192,10.4231
128,16384,4,16384,10.7655
128,16384,8,16,10.3403
128,16384,8,32,10.3406
128,16384,8,64,10.3413
128,16384,8,128,10.3425
128,16384,8,256,10.3451
128,16384,8,512,10.3503
128,16384,8,1024,10.3607
128,16384,8,2048,10.3815
128,16384,8,4096,10.4231
128,16384,8,8192,10.7677
128,16384,8,16384,15.3144
128,16384,16,16,10.3406
128,16384,16,32,10.3413
128,16384,16,64,10.3425
128,16384,16,128,10.3451
128,16384,16,256,10.3503
128,16384,16,512,10.3607
128,16384,16,1024,10.3815
128,16384,16,2048,10.4231
128,16384,16,4096,10.7721
128,16384,16,8192,15.3188
128,16384,16,16384,24.4122
128,16384,32,16,10.3413
128,16384,32,32,10.3425
128,16384,32,64,10.3451
128,16384,32,128,10.3503
128,16384,32,256,10.3607
128,16384,32,512,10.3815
128,16384,32,1024,10.4231
128,16384,32,2048,10.7810
128,16384,32,4096,15.3277
128,16384,32,8192,24.4210
128,16384,32,16384,42.6077
128,16384,64,16,10.3425
128,16384,64,32,10.3451
128,16384,64,64,10.3503
128,16384,64,128,10.3607
128,16384,64,256,10.3815
128,16384,64,512,10.4231
128,16384,64,1024,10.7988
128,16384,64,2048,15.3455
128,16384,64,4096,24.4388
128,16384,64,8192,42.6255
128,16384,64,16384,78.9988
128,16384,128,16,10.3451
128,16384,128,32,10.3503
128,16384,128,64,10.3607
128,16384,128,128,10.3815
128,16384,128,256,10.4231
128,16384,128,512,10.8343
128,16384,128,1024,15.3810
128,16384,128,2048,24.4743
128,16384,128,4096,42.6610
128,16384,128,8192,79.0344
128,16384,128,16384,151.7811
182,0,0,0,5.1136
182,0,1,512,5.1497
182,0,1,768,5.1675
182,0,1,1152,5.1941
182,0,1,1728,5.2341
182,0,1,2592,5.2940
182,0,1,3888,5.3839
182,0,1,5832,5.5188
182,0,1,8748,5.7211
182,0,1,13122,6.0246
182,0,1,16384,6.2509
182,0,2,512,5.1858
182,0,2,768,5.2213
182,0,2,1152,5.2746
182,0,2,1728,5.3545
182,0,2,2592,5.4744
182,0,2,3888,5.6542
182,0,2,5832,5.9240
182,0,2,8748,6.3286
182,0,2,13122,6.9355
182,0,2,16384,7.3881
182,0,4,512,5.2579
182,0,4,768,5.3290
182,0,4,1152,5.4355
182,0,4,1728,5.5954
182,0,4,2592,5.8352
182,0,4,3888,6.1948
182,0,4,5832,6.7343
182,0,4,8748,7.5435
182,0,4,13122,8.7573
182,0,4,16384,9.6625
182,0,8,512,5.4022
182,0,8,768,5.5443
182,0,8,1152,5.7575
182,0,8,1728,6.0771
182,0,8,2592,6.5567
182,0,8,3888,7.2760
182,0,8,5832,8.3549
182,0,8,8748,9.9733
182,0,8,13122,12.4010
182,0,8,16384,14.2114
182,0,16,512,5.6909
182,0,16,768,5.9750
182,0,16,1152,6.4013
182,0,16,1728,7.0406
182,0,16,2592,7.9997
182,0,16,3888,9.4383
182,0,16,5832,11.5962
182,0,16,8748,14.8330
182,0,16,13122,19.6883
182,0,16,16384,23.3092
182,0,32,512,6.2681
182,0,32,768,6.8364
182,0,32,1152,7.6889
182,0,32,1728,8.9677
182,0,32,2592,10.8858
182,0,32,3888,13.7630
182,0,32,5832,18.0788
182,0,32,8748,24.5524
182,0,32,13122,34.2630
182,0,32,16384,41.5048
182,0,64,512,7.4225
182,0,64,768,8.5592
182,0,64,1152,10.2642
182,0,64,1728,12.8217
182,0,64,2592,16.6579
182,0,64,3888,22.4123
182,0,64,5832,31.0439
182,0,64,8748,43.9912
182,0,64,13122,63.4123
182,0,64,16384,77.8959
182,0,128,512,9.7314
182,0,128,768,12.0047
182,0,128,1152,15.4147
182,0,128,1728,20.5297
182,0,128,2592,28.2022
182,0,128,3888,39.7110
182,0,128,5832,56.9741
182,0,128,8748,82.8688
182,0,128,13122,121.7109
182,0,128,16384,150.6782
182,512,0,0,5.2784
182,512,1,512,5.2797
182,512,1,768,5.2803
182,512,1,1152,5.2813
182,512,1,1728,5.2827
182,512,1,2592,5.3295
182,512,1,3888,5.4195
182,512,1,5832,5.5543
182,512,1,8748,5.7566
182,512,1,13122,6.0601
182,512,1,16384,6.2864
182,512,2,512,5.2810
182,512,2,768,5.2823
182,512,2,1152,5.3101
182,512,2,1728,5.3900
182,512,2,2592,5.5099
182,512,2,3888,5.6897
182,512,2,5832,5.9595
182,512,2,8748,6.3641
182,512,2,13122,6.9710
182,512,2,16384,7.4236
182,512,4,512,5.2935
182,512,4,768,5.3645
182,512,4,1152,5.4711
182,512,4,1728,5.6309
182,512,4,2592,5.8707
182,512,4,3888,6.2303
182,512,4,5832,6.7698
182,512,4,8748,7.5790
182,512,4,13122,8.7928
182,512,4,16384,9.6981
182,512,8,512,5.4378
182,512,8,768,5.5799
182,512,8,1152,5.7930
182,512,8,1728,6.1127
182,512,8,2592,6.5922
182,512,8,3888,7.3115
182,512,8,5832,8.3904
182,512,8,8748,10.0089
182,512,8,13122,12.4365
182,512,8,16384,14.2469
182,512,16,512,5.7264
182,512,16,768,6.0105
182,512,16,1152,6.4368
182,512,16,1728,7.0762
182,512,16,2592,8.0352
182,512,16,3888,9.4738
182,512,16,5832,11.6317
182,512,16,8748,14.8686
182,512,16,13122,19.7238
182,512,16,16384,23.3447
182,512,32,512,6.3036
182,512,32,768,6.8719
182,512,32,1152,7.7244
182,512,32,1728,9.0032
182,512,32,2592,10.9213
182,512,32,3888,13.7985
182,512,32,5832,18.1143
182,512,32,8748,24.5880
182,512,32,13122,34.2985
182,512,32,16384,41.5403
182,512,64,512,7.4580
182,512,64,768,8.5947
182,512,64,1152,10.2997
182,512,64,1728,12.8572
182,512,64,2592,16.6934
182,512,64,3888,22.4478
182,512,64,5832,31.0794
182,512,64,8748,44.0267
182,512,64,13122,63.4478
182,512,64,16384,77.9314
182,512,128,512,9.7669
182,512,128,768,12.0402
182,512,128,1152,15.4502
182,512,128,1728,20.5652
182,512,128,2592,28.2377
182,512,128,3888,39.7465
182,512,128,5832,57.0096
182,512,128,8748,82.9043
182,512,128,13122,121.7464
182,512,128,16384,150.7137
182,768,0,0,5.3965
182,768,1,512,5.3978
182,768,1,768,5.3985
182,768,1,1152,5.3995
182,768,1,1728,5.4009
182,768,1,2592,5.4031
182,768,1,3888,5.4372
182,768,1,5832,5.5721
182,768,1,8748,5.7744
182,768,1,13122,6.0778
182,768,1,16384,6.3041
182,768,2,512,5.3991
182,768,2,768,5.4004
182,768,2,1152,5.4024
182,768,2,1728,5.4078
182,768,2,2592,5.5277
182,768,2,3888,5.7075
182,768,2,5832,5.9772
182,768,2,8748,6.3818
182,768,2,13122,6.9888
182,768,2,16384,7.4414
182,768,4,512,5.4017
182,768,4,768,5.4043
182,768,4,1152,5.4888
182,768,4,1728,5.6487
182,768,4,2592,5.8884
182,768,4,3888,6.2481
182,768,4,5832,6.7876
182,768,4,8748,7.5968
182,768,4,13122,8.8106
182,768,4,16384,9.7158
182,768,8,512,5.4555
182,768,8,768,5.5976
182,768,8,1152,5.8107
182,768,8,1728,6.1304
182,768,8,2592,6.6100
182,768,8,3888,7.3293
182,768,8,5832,8.4082
182,768,8,8748,10.0266
182,768,8,13122,12.4542
182,768,8,16384,14.2647
182,768,16,512,5.7441
182,768,16,768,6.0283
182,768,16,1152,6.4546
182,768,16,1728,7.0939
182,768,16,2592,8.0530
182,768,16,3888,9.4916
182,768,16,5832,11.6495
182,768,16,8748,14.8863
182,768,16,13122,19.7416
182,768,16,16384,23.3625
182,768,32,512,6.3213
182,768,32,768,6.8897
182,768,32,1152,7.7422
182,768,32,1728,9.0209
182,768,32,2592,10.9391
182,768,32,3888,13.8163
182,768,32,5832,18.1320
182,768,32,8748,24.6057
182,768,32,13122,34.3162
182,768,32,16384,41.5580
182,768,64,512,7.4758
182,768,64,768,8.6124
182,768,64,1152,10.3174
182,768,64,1728,12.8749
182,768,64,2592,16.7112
182,768,64,3888,22.4656
182,768,64,5832,31.0972
182,768,64,8748,44.0445
182,768,64,13122,63.4655
182,768,64,16384,77.9492
182,768,128,512,9.7846
182,768,128,768,12.0580
182,768,128,1152,15.4680
182,768,128,1728,20.5830
182,768,128,2592,28.2555
182,768,128,3888,39.7642
182,768,128,5832,57.0274
182,768,128,8748,82.9221
182,768,128,13122,121.7642
182,768,128,16384,150.7314
182,1152,0,0,5.5738
182,1152,1,512,5.5751
182,1152,1,768,5.5757
182,1152,1,1152,5.5767
182,1152,1,1728,5.5782
182,1152,1,2592,5.5804
182,1152,1,3888,5.5837
182,1152,1,5832,5.5987
182,1152,1,8748,5.8010
182,1152,1,13122,6.1045
182,1152,1,16384,6.3308
182,1152,2,512,5.5764
182,1152,2,768,5.5777
182,1152,2,1152,5.5796
182,1152,2,1728,5.5826
182,1152,2,2592,5.5869
182,1152,2,3888,5.7341
182,1152,2,5832,6.0039
182,1152,2,8748,6.4085
182,1152,2,13122,7.0154
182,1152,2,16384,7.4680
182,1152,4,512,5.5790
182,1152,4,768,5.5816
182,1152,4,1152,5.5855
182,1152,4,1728,5.6753
182,1152,4,2592,5.9151
182,1152,4,3888,6.2747
182,1152,4,5832,6.8142
182,1152,4,8748,7.6234
182,1152,4,13122,8.8372
182,1152,4,16384,9.7425
182,1152,8,512,5.5842
182,1152,8,768,5.6243
182,1152,8,1152,5.8374
182,1152,8,1728,6.1571
182,1152,8,2592,6.6366
182,1152,8,3888,7.3559
182,1152,8,5832,8.4348
182,1152,8,8748,10.0533
182,1152,8,13122,12.4809
182,1152,8,16384,14.2913
182,1152,16,512,5.7708
182,1152,16,768,6.0549
182,1152,16,1152,6.4812
182,1152,16,1728,7.1206
182,1152,16,2592,8.0796
182,1152,16,3888,9.5182
182,1152,16,5832,11.6761
182,1152,16,8748,14.9130
182,1152,16,13122,19.7682
182,1152,16,16384,23.3891
182,1152,32,512,6.3480
182,1152,32,768,6.9163
182,1152,32,1152,7.7688
182,1152,32,1728,9.0476
182,1152,32,2592,10.9657
182,1152,32,3888,13.8429
182,1152,32,5832,18.1587
182,1152,32,8748,24.6324
182,1152,32,13122,34.3429
182,1152,32,16384,41.5847
182,1152,64,512,7.5024
182,1152,64,768,8.6391
182,1152,64,1152,10.3441
182,1152,64,1728,12.9016
182,1152,64,2592,16.7378
182,1152,64,3888,22.4922
182,1152,64,5832,31.1238
182,1152,64,8748,44.0712
182,1152,64,13122,63.4922
182,1152,64,16384,77.9758
182,1152,128,512,9.8113
182,1152,128,768,12.0846
182,1152,128,1152,15.4946
182,1152,128,1728,20.6096
182,1152,128,2592,28.2821
182,1152,128,3888,39.7909
182,1152,128,5832,57.0540
182,1152,128,8748,82.9487
182,1152,128,13122,121.7908
182,1152,128,16384,150.7581
182,1728,0,0,5.8397
182,1728,1,512,5.8410
182,1728,1,768,5.8416
182,1728,1,1152,5.8426
182,1728,1,1728,5.8441
182,1728,1,2592,5.8463
182,1728,1,3888,5.8496
182,1728,1,5832,5.8545
182,1728,1,8748,5.8619
182,1728,1,13122,6.1444
182,1728,1,16384,6.3707
182,1728,2,512,5.8423
182,1728,2,768,5.8436
182,1728,2,1152,5.8455
182,1728,2,1728,5.8485
182,1728,2,2592,5.8528
182,1728,2,3888,5.8594
182,1728,2,5832,6.0438
182,1728,2,8748,6.4484
182,1728,2,13122,7.0554
182,1728,2,16384,7.5080
182,1728,4,512,5.8449
182,1728,4,768,5.8475
182,1728,4,1152,5.8514
182,1728,4,1728,5.8572
182,1728,4,2592,5.9550
182,1728,4,3888,6.3147
182,1728,4,5832,6.8542
182,1728,4,8748,7.6634
182,1728,4,13122,8.8772
182,1728,4,16384,9.7824
182,1728,8,512,5.8501
182,1728,8,768,5.8553
182,1728,8,1152,5.8773
182,1728,8,1728,6.1970
182,1728,8,2592,6.6766
182,1728,8,3888,7.3959
182,1728,8,5832,8.4748
182,1728,8,8748,10.0932
182,1728,8,13122,12.5208
182,1728,8,16384,14.3313
182,1728,16,512,5.8605
182,1728,16,768,6.0949
182,1728,16,1152,6.5212
182,1728,16,1728,7.1605
182,1728,16,2592,8.1196
182,1728,16,3888,9.5582
182,1728,16,5832,11.7161
182,1728,16,8748,14.9529
182,1728,16,13122,19.8082
182,1728,16,16384,23.4291
182,1728,32,512,6.3880
182,1728,32,768,6.9563
182,1728,32,1152,7.8088
182,1728,32,1728,9.0875
182,1728,32,2592,11.0057
182,1728,32,3888,13.8829
182,1728,32,5832,18.1986
182,1728,32,8748,24.6723
182,1728,32,13122,34.3828
182,1728,32,16384,41.6247
182,1728,64,512,7.5424
182,1728,64,768,8.6790
182,1728,64,1152,10.3840
182,1728,64,1728,12.9416
182,1728,64,2592,16.7778
182,1728,64,3888,22.5322
182,1728,64,5832,31.1638
182,1728,64,8748,44.1111
182,1728,64,13122,63.5321
182,1728,64,16384,78.0158
182,1728,128,512,9.8512
182,1728,128,768,12.1246
182,1728,128,1152,15.5346
182,1728,128,1728,20.6496
182,1728,128,2592,28.3221
182,1728,128,3888,39.8308
182,1728,128,5832,57.0940
182,1728,128,8748,82.9887
182,1728,128,13122,121.8308
182,1728,128,16384,150.7980
182,2592,0,0,6.2385
182,2592,1,512,6.2398
182,2592,1,768,6.2405
182,2592,1,1152,6.2415
182,2592,1,1728,6.2429
182,2592,1,2592,6.2451
182,2592,1,3888,6.2484
182,2592,1,5832,6.2533
182,2592,1,8748,6.2607
182,2592,1,13122,6.2718
182,2592,1,16384,6.4307
182,2592,2,512,6.2411
182,2592,2,768,6.2424
182,2592,2,1152,6.2444
182,2592,2,1728,6.2473
182,2592,2,2592,6.2517
182,2592,2,3888,6.2583
182,2592,2,5832,6.2681
182,2592,2,8748,6.5084
182,2592,2,13122,7.1153
182,2592,2,16384,7.5679
182,2592,4,512,6.2437
182,2592,4,768,6.2463
182,2592,4,1152,6.2502
182,2592,4,1728,6.2561
182,2592,4,2592,6.2648
182,2592,4,3888,6.3746
182,2592,4,5832,6.9141
182,2592,4,8748,7.7233
182,2592,4,13122,8.9371
182,2592,4,16384,9.8424
182,2592,8,512,6.2489
182,2592,8,768,6.2541
182,2592,8,1152,6.2619
182,2592,8,1728,6.2736
182,2592,8,2592,6.7365
182,2592,8,3888,7.4558
182,2592,8,5832,8.5347
182,2592,8,8748,10.1532
182,2592,8,13122,12.5808
182,2592,8,16384,14.3912
182,2592,16,512,6.2593
182,2592,16,768,6.2697
182,2592,16,1152,6.5811
182,2592,16,1728,7.2205
182,2592,16,2592,8.1795
182,2592,16,3888,9.6181
182,2592,16,5832,11.7760
182,2592,16,8748,15.0129
182,2592,16,13122,19.8681
182,2592,16,16384,23.4890
182,2592,32,512,6.4479
182,2592,32,768,7.0162
182,2592,32,1152,7.8687
182,2592,32,1728,9.1475
182,2592,32,2592,11.0656
182,2592,32,3888,13.9428
182,2592,32,5832,18.2586
182,2592,32,8748,24.7323
182,2592,32,13122,34.4428
182,2592,32,16384,41.6846
182,2592,64,512,7.6023
182,2592,64,768,8.7390
182,2592,64,1152,10.4440
182,2592,64,1728,13.0015
182,2592,64,2592,16.8377
182,2592,64,3888,22.5921
182,2592,64,5832,31.2237
182,2592,64,8748,44.1711
182,2592,64,13122,63.5921
182,2592,64,16384,78.0757
182,2592,128,512,9.9112
182,2592,128,768,12.1845
182,2592,128,1152,15.5945
182,2592,128,1728,20.7095
182,2592,128,2592,28.3820
182,2592,128,3888,39.8908
182,2592,128,5832,57.1539
182,2592,128,8748,83.0486
182,2592,128,13122,121.8907
182,2592,128,16384,150.8580
182,3888,0,0,6.8368
182,3888,1,512,6.8381
182,3888,1,768,6.8387
182,3888,1,1152,6.8397
182,3888,1,1728,6.8412
182,3888,1,2592,6.8434
182,3888,1,3888,6.8467
182,3888,1,5832,6.8516
182,3888,1,8748,6.8590
182,3888,1,13122,6.8701
182,3888,1,16384,6.8783
182,3888,2,512,6.8394
182,3888,2,768,6.8407
182,3888,2,1152,6.8426
182,3888,2,1728,6.8456
182,3888,2,2592,6.8499
182,3888,2,3888,6.8565
182,3888,2,5832,6.8664
182,3888,2,8748,6.8812
182,3888,2,13122,7.2052
182,3888,2,16384,7.6578
182,3888,4,512,6.8420
182,3888,4,768,6.8446
182,3888,4,1152,6.8485
182,3888,4,1728,6.8543
182,3888,4,2592,6.8631
182,3888,4,3888,6.8762
182,3888,4,5832,7.0040
182,3888,4,8748,7.8132
182,3888,4,13122,9.0270
182,3888,4,16384,9.9323
182,3888,8,512,6.8472
182,3888,8,768,6.8524
182,3888,8,1152,6.8602
182,3888,8,1728,6.8719
182,3888,8,2592,6.8894
182,3888,8,3888,7.5457
182,3888,8,5832,8.6247
182,3888,8,8748,10.2431
182,3888,8,13122,12.6707
182,3888,8,16384,14.4812
182,3888,16,512,6.8576
182,3888,16,768,6.8680
182,3888,16,1152,6.8835
182,3888,16,1728,7.3104
182,3888,16,2592,8.2694
182,3888,16,3888,9.7080
182,3888,16,5832,11.8659
182,3888,16,8748,15.1028
182,3888,16,13122,19.9580
182,3888,16,16384,23.5789
182,3888,32,512,6.8783
182,3888,32,768,7.1061
182,3888,32,1152,7.9586
182,3888,32,1728,9.2374
182,3888,32,2592,11.1555
182,3888,32,3888,14.0327
182,3888,32,5832,18.3485
182,3888,32,8748,24.8222
182,3888,32,13122,34.5327
182,3888,32,16384,41.7745
182,3888,64,512,7.6922
182,3888,64,768,8.8289
182,3888,64,1152,10.5339
182,3888,64,1728,13.0914
182,3888,64,2592,16.9277
182,3888,64,3888,22.6820
182,3888,64,5832,31.3136
182,3888,64,8748,44.2610
182,3888,64,13122,63.6820
182,3888,64,16384,78.1656
182,3888,128,512,10.0011
182,3888,128,768,12.2744
182,3888,128,1152,15.6844
182,3888,128,1728,20.7994
182,3888,128,2592,28.4719
182,3888,128,3888,39.9807
182,3888,128,5832,57.2438
182,3888,128,8748,83.1386
182,3888,128,13122,121.9806
182,3888,128,16384,150.9479
182,5832,0,0,7.7342
182,5832,1,512,7.7355
182,5832,1,768,7.7361
182,5832,1,1152,7.7371
182,5832,1,1728,7.7386
182,5832,1,2592,7.7408
182,5832,1,3888,7.7440
182,5832,1,5832,7.7490
182,5832,1,8748,7.7564
182,5832,1,13122,7.7675
182,5832,1,16384,7.7757
182,5832,2,512,7.7368
182,5832,2,768,7.7381
182,5832,2,1152,7.7400
182,5832,2,1728,7.7429
182,5832,2,2592,7.7473
182,5832,2,3888,7.7539
182,5832,2,5832,7.7638
182,5832,2,8748,7.7786
182,5832,2,13122,7.8007
182,5832,2,16384,7.8173
182,5832,4,512,7.7394
182,5832,4,768,7.7420
182,5832,4,1152,7.7459
182,5832,4,1728,7.7517
182,5832,4,2592,7.7605
182,5832,4,3888,7.7736
182,5832,4,5832,7.7934
182,5832,4,8748,7.9481
182,5832,4,13122,9.1619
182,5832,4,16384,10.0671
182,5832,8,512,7.7446
182,5832,8,768,7.7498
182,5832,8,1152,7.7576
182,5832,8,1728,7.7692
182,5832,8,2592,7.7868
182,5832,8,3888,7.8131
182,5832,8,5832,8.7595
182,5832,8,8748,10.3779
182,5832,8,13122,12.8056
182,5832,8,16384,14.6160
182,5832,16,512,7.7550
182,5832,16,768,7.7653
182,5832,16,1152,7.7809
182,5832,16,1728,7.8043
182,5832,16,2592,8.4043
182,5832,16,3888,9.8429
182,5832,16,5832,12.0008
182,5832,16,8748,15.2376
182,5832,16,13122,20.0929
182,5832,16,16384,23.7138
182,5832,32,512,7.7757
182,5832,32,768,7.7965
182,5832,32,1152,8.0935
182,5832,32,1728,9.3723
182,5832,32,2592,11.2904
182,5832,32,3888,14.1676
182,5832,32,5832,18.4834
182,5832,32,8748,24.9570
182,5832,32,13122,34.6676
182,5832,32,16384,41.9094
182,5832,64,512,7.8271
182,5832,64,768,8.9638
182,5832,64,1152,10.6688
182,5832,64,1728,13.2263
182,5832,64,2592,17.0625
182,5832,64,3888,22.8169
182,5832,64,5832,31.4485
182,5832,64,8748,44.3958
182,5832,64,13122,63.8169
182,5832,64,16384,78.3005
182,5832,128,512,10.1360
182,5832,128,768,12.4093
182,5832,128,1152,15.8193
182,5832,128,1728,20.9343
182,5832,128,2592,28.6068
182,5832,128,3888,40.1156
182,5832,128,5832,57.3787
182,5832,128,8748,83.2734
182,5832,128,13122,122.1155
182,5832,128,16384,151.0828
182,8748,0,0,9.0803
182,8748,1,512,9.0816
182,8748,1,768,9.0822
182,8748,1,1152,9.0832
182,8748,1,1728,9.0847
182,8748,1,2592,9.0868
182,8748,1,3888,9.0901
182,8748,1,5832,9.0951
182,8748,1,8748,9.1025
182,8748,1,13122,9.1136
182,8748,1,16384,9.1218
182,8748,2,512,9.0829
182,8748,2,768,9.0842
182,8748,2,1152,9.0861
182,8748,2,1728,9.0890
182,8748,2,2592,9.0934
182,8748,2,3888,9.1000
182,8748,2,5832,9.1099
182,8748,2,8748,9.1246
182,8748,2,13122,9.1468
182,8748,2,16384,9.1634
182,8748,4,512,9.0855
182,8748,4,768,9.0881
182,8748,4,1152,9.0920
182,8748,4,1728,9.0978
182,8748,4,2592,9.1066
182,8748,4,3888,9.1197
182,8748,4,5832,9.1394
182,8748,4,8748,9.1690
182,8748,4,13122,9.3642
182,8748,4,16384,10.2694
182,8748,8,512,9.0907
182,8748,8,768,9.0959
182,8748,8,1152,9.1036
182,8748,8,1728,9.1153
182,8748,8,2592,9.1329
182,8748,8,3888,9.1592
182,8748,8,5832,9.1986
182,8748,8,8748,10.5802
182,8748,8,13122,13.0079
182,8748,8,16384,14.8183
182,8748,16,512,9.1010
182,8748,16,768,9.1114
182,8748,16,1152,9.1270
182,8748,16,1728,9.1504
182,8748,16,2592,9.1855
182,8748,16,3888,10.0452
182,8748,16,5832,12.2031
182,8748,16,8748,15.4399
182,8748,16,13122,20.2952
182,8748,16,16384,23.9161
182,8748,32,512,9.1218
182,8748,32,768,9.1426
182,8748,32,1152,9.1738
182,8748,32,1728,9.5746
182,8748,32,2592,11.4927
182,8748,32,3888,14.3699
182,8748,32,5832,18.6857
182,8748,32,8748,25.1593
182,8748,32,13122,34.8699
182,8748,32,16384,42.1117
182,8748,64,512,9.1634
182,8748,64,768,9.2049
182,8748,64,1152,10.8711
182,8748,64,1728,13.4286
182,8748,64,2592,17.2648
182,8748,64,3888,23.0192
182,8748,64,5832,31.6508
182,8748,64,8748,44.5981
182,8748,64,13122,64.0192
182,8748,64,16384,78.5028
182,8748,128,512,10.3383
182,8748,128,768,12.6116
182,8748,128,1152,16.0216
182,8748,128,1728,21.1366
182,8748,128,2592,28.8091
182,8748,128,3888,40.3179
182,8748,128,5832,57.5810
182,8748,128,8748,83.4757
182,8748,128,13122,122.3178
182,8748,128,16384,151.2851
182,13122,0,0,11.0994
182,13122,1,512,11.1007
182,13122,1,768,11.1013
182,13122,1,1152,11.1023
182,13122,1,1728,11.1038
182,13122,1,2592,11.1060
182,13122,1,3888,11.1093
182,13122,1,5832,11.1142
182,13122,1,8748,11.1216
182,13122,1,13122,11.1327
182,13122,1,16384,11.1410
182,13122,2,512,11.1020
182,13122,2,768,11.1033
182,13122,2,1152,11.1052
182,13122,2,1728,11.1082
182,13122,2,2592,11.1125
182,13122,2,3888,11.1191
182,13122,2,5832,11.1290
182,13122,2,8748,11.1438
182,13122,2,13122,11.1660
182,13122,2,16384,11.1825
182,13122,4,512,11.1046
182,13122,4,768,11.1072
182,13122,4,1152,11.1111
182,13122,4,1728,11.1169
182,13122,4,2592,11.1257
182,13122,4,3888,11.1388
182,13122,4,5832,11.1586
182,13122,4,8748,11.1882
182,13122,4,13122,11.2325
182,13122,4,16384,11.2656
182,13122,8,512,11.1098
182,13122,8,768,11.1150
182,13122,8,1152,11.1228
182,13122,8,1728,11.1345
182,13122,8,2592,11.1520
182,13122,8,3888,11.1783
182,13122,8,5832,11.2177
182,13122,8,8748,11.2769
182,13122,8,13122,13.3113
182,13122,8,16384,15.1218
182,13122,16,512,11.1202
182,13122,16,768,11.1306
182,13122,16,1152,11.1462
182,13122,16,1728,11.1695
182,13122,16,2592,11.2046
182,13122,16,3888,11.2572
182,13122,16,5832,12.5066
182,13122,16,8748,15.7434
182,13122,16,13122,20.5987
182,13122,16,16384,24.2196
182,13122,32,512,11.1410
182,13122,32,768,11.1617
182,13122,32,1152,11.1929
182,13122,32,1728,11.2397
182,13122,32,2592,11.7961
182,13122,32,3888,14.6733
182,13122,32,5832,18.9891
182,13122,32,8748,25.4628
182,13122,32,13122,35.1733
182,13122,32,16384,42.4151
182,13122,64,512,11.1825
182,13122,64,768,11.2241
182,13122,64,1152,11.2864
182,13122,64,1728,13.7320
182,13122,64,2592,17.5683
182,13122,64,3888,23.3227
182,13122,64,5832,31.9542
182,13122,64,8748,44.9016
182,13122,64,13122,64.3226
182,13122,64,16384,78.8063
182,13122,128,512,11.2656
182,13122,128,768,12.9150
182,13122,128,1152,16.3251
182,13122,128,1728,21.4401
182,13122,128,2592,29.1126
182,13122,128,3888,40.6213
182,13122,128,5832,57.8845
182,13122,128,8748,83.7792
182,13122,128,13122,122.6212
182,13122,128,16384,151.5885
182,16384,0,0,12.6052
182,16384,1,512,12.6065
182,16384,1,768,12.6072
182,16384,1,1152,12.6081
182,16384,1,1728,12.6096
182,16384,1,2592,12.6118
182,16384,1,3888,12.6151
182,16384,1,5832,12.6200
182,16384,1,8748,12.6274
182,16384,1,13122,12.6385
182,16384,1,16384,12.6468
182,16384,2,512,12.6078
182,16384,2,768,12.6091
182,16384,2,1152,12.6111
182,16384,2,1728,12.6140
182,16384,2,2592,12.6184
182,16384,2,3888,12.6249
182,16384,2,5832,12.6348
182,16384,2,8748,12.6496
182,16384,2,13122,12.6718
182,16384,2,16384,12.6883
182,16384,4,512,12.6104
182,16384,4,768,12.6130
182,16384,4,1152,12.6169
182,16384,4,1728,12.6227
182,16384,4,2592,12.6315
182,16384,4,3888,12.6447
182,16384,4,5832,12.6644
182,16384,4,8748,12.6940
182,16384,4,13122,12.7383
182,16384,4,16384,12.7714
182,16384,8,512,12.6156
182,16384,8,768,12.6208
182,16384,8,1152,12.6286
182,16384,8,1728,12.6403
182,16384,8,2592,12.6578
182,16384,8,3888,12.6841
182,16384,8,5832,12.7235
182,16384,8,8748,12.7827
182,16384,8,13122,13.5376
182,16384,8,16384,15.3481
182,16384,16,512,12.6260
182,16384,16,768,12.6364
182,16384,16,1152,12.6520
182,16384,16,1728,12.6753
182,16384,16,2592,12.7104
182,16384,16,3888,12.7630
182,16384,16,5832,12.8419
182,16384,16,8748,15.9697
182,16384,16,13122,20.8250
182,16384,16,16384,24.4459
182,16384,32,512,12.6468
182,16384,32,768,12.6675
182,16384,32,1152,12.6987
182,16384,32,1728,12.7455
182,16384,32,2592,12.8156
182,16384,32,3888,14.8996
182,16384,32,5832,19.2154
182,16384,32,8748,25.6891
182,16384,32,13122,35.3996
182,16384,32,16384,42.6414
182,16384,64,512,12.6883
182,16384,64,768,12.7299
182,16384,64,1152,12.7922
182,16384,64,1728,13.9583
182,16384,64,2592,17.7946
182,16384,64,3888,23.5490
182,16384,64,5832,32.1805
182,16384,64,8748,45.1279
182,16384,64,13122,64.5489
182,16384,64,16384,79.0326
182,16384,128,512,12.7714
182,16384,128,768,13.1414
182,16384,128,1152,16.5514
182,16384,128,1728,21.6664
182,16384,128,2592,29.3389
182,16384,128,3888,40.8476
182,16384,128,5832,58.1108
182,16384,128,8748,84.0055
182,16384,128,13122,122.8476
182,16384,128,16384,151.8148
256,0,0,0,5.1598
256,0,1,16,5.1615
256,0,1,32,5.1626
256,0,1,64,5.1648
256,0,1,128,5.1693
256,0,1,256,5.1782
256,0,1,512,5.1959
256,0,1,1024,5.2314
256,0,1,2048,5.3025
256,0,1,4096,5.4446
256,0,1,8192,5.7287
256,0,1,16384,6.2971
256,0,2,16,5.1632
256,0,2,32,5.1654
256,0,2,64,5.1698
256,0,2,128,5.1787
256,0,2,256,5.1965
256,0,2,512,5.2320
256,0,2,1024,5.3030
256,0,2,2048,5.4451
256,0,2,4096,5.7293
256,0,2,8192,6.2976
256,0,2,16384,7.4343
256,0,4,16,5.1665
256,0,4,32,5.1709
256,0,4,64,5.1798
256,0,4,128,5.1976
256,0,4,256,5.2331
256,0,4,512,5.3041
256,0,4,1024,5.4462
256,0,4,2048,5.7304
256,0,4,4096,6.2987
256,0,4,8192,7.4354
256,0,4,16384,9.7087
256,0,8,16,5.1732
256,0,8,32,5.1820
256,0,8,64,5.1998
256,0,8,128,5.2353
256,0,8,256,5.3064
256,0,8,512,5.4485
256,0,8,1024,5.7326
256,0,8,2048,6.3010
256,0,8,4096,7.4376
256,0,8,8192,9.7110
256,0,8,16384,14.2576
256,0,16,16,5.1865
256,0,16,32,5.2042
256,0,16,64,5.2398
256,0,16,128,5.3108
256,0,16,256,5.4529
256,0,16,512,5.7371
256,0,16,1024,6.3054
256,0,16,2048,7.4421
256,0,16,4096,9.7154
256,0,16,8192,14.2621
256,0,16,16384,23.3554
256,0,32,16,5.2131
256,0,32,32,5.2486
256,0,32,64,5.3197
256,0,32,128,5.4618
256,0,32,256,5.7459
256,0,32,512,6.3143
256,0,32,1024,7.4509
256,0,32,2048,9.7243
256,0,32,4096,14.2709
256,0,32,8192,23.3643
256,0,32,16384,41.5510
256,0,64,16,5.2664
256,0,64,32,5.3374
256,0,64,64,5.4795
256,0,64,128,5.7637
256,0,64,256,6.3320
256,0,64,512,7.4687
256,0,64,1024,9.7420
256,0,64,2048,14.2887
256,0,64,4096,23.3820
256,0,64,8192,41.5687
256,0,64,16384,77.9421
256,0,128,16,5.3730
256,0,128,32,5.5151
256,0,128,64,5.7992
256,0,128,128,6.3676
256,0,128,256,7.5042
256,0,128,512,9.7776
256,0,128,1024,14.3242
256,0,128,2048,23.4176
256,0,128,4096,41.6043
256,0,128,8192,77.9776
256,0,128,16384,150.7244
256,16,0,0,5.1610
256,16,1,16,5.1626
256,16,1,32,5.1637
256,16,1,64,5.1659
256,16,1,128,5.1704
256,16,1,256,5.1793
256,16,1,512,5.1970
256,16,1,1024,5.2326
256,16,1,2048,5.3036
256,16,1,4096,5.4457
256,16,1,8192,5.7298
256,16,1,16384,6.2982
256,16,2,16,5.1643
256,16,2,32,5.1665
256,16,2,64,5.1709
256,16,2,128,5.1798
256,16,2,256,5.1976
256,16,2,512,5.2331
256,16,2,1024,5.3041
256,16,2,2048,5.4462
256,16,2,4096,5.7304
256,16,2,8192,6.2987
256,16,2,16384,7.4354
256,16,4,16,5.1676
256,16,4,32,5.1721
256,16,4,64,5.1809
256,16,4,128,5.1987
256,16,4,256,5.2342
256,16,4,512,5.3053
256,16,4,1024,5.4473
256,16,4,2048,5.7315
256,16,4,4096,6.2998
256,16,4,8192,7.4365
256,16,4,16384,9.7098
256,16,8,16,5.1743
256,16,8,32,5.1832
256,16,8,64,5.2009
256,16,8,128,5.2364
256,16,8,256,5.3075
256,16,8,512,5.4496
256,16,8,1024,5.7337
256,16,8,2048,6.3021
256,16,8,4096,7.4387
256,16,8,8192,9.7121
256,16,8,16384,14.2587
256,16,16,16,5.1876
256,16,16,32,5.2054
256,16,16,64,5.2409
256,16,16,128,5.3119
256,16,16,256,5.4540
256,16,16,512,5.7382
256,16,16,1024,6.3065
256,16,16,2048,7.4432
256,16,16,4096,9.7165
256,16,16,8192,14.2632
256,16,16,16384,23.3565
256,16,32,16,5.2142
256,16,32,32,5.2498
256,16,32,64,5.3208
256,16,32,128,5.4629
256,16,32,256,5.7470
256,16,32,512,6.3154
256,16,32,1024,7.4520
256,16,32,2048,9.7254
256,16,32,4096,14.2721
256,16,32,8192,23.3654
256,16,32,16384,41.5521
256,16,64,16,5.2675
256,16,64,32,5.3386
256,16,64,64,5.4806
256,16,64,128,5.7648
256,16,64,256,6.3331
256,16,64,512,7.4698
256,16,64,1024,9.7431
256,16,64,2048,14.2898
256,16,64,4096,23.3832
256,16,64,8192,41.5698
256,16,64,16384,77.9432
256,16,128,16,5.3741
256,16,128,32,5.5162
256,16,128,64,5.8003
256,16,128,128,6.3687
256,16,128,256,7.5053
256,16,128,512,9.7787
256,16,128,1024,14.3253
256,16,128,2048,23.4187
256,16,128,4096,41.6054
256,16,128,8192,77.9787
256,16,128,16384,150.7255
256,32,0,0,5.1621
256,32,1,16,5.1637
256,32,1,32,5.1648
256,32,1,64,5.1671
256,32,1,128,5.1715
256,32,1,256,5.1804
256,32,1,512,5.1981
256,32,1,1024,5.2337
256,32,1,2048,5.3047
256,32,1,4096,5.4468
256,32,1,8192,5.7310
256,32,1,16384,6.2993
256,32,2,16,5.1654
256,32,2,32,5.1676
256,32,2,64,5.1721
256,32,2,128,5.1809
256,32,2,256,5.1987
256,32,2,512,5.2342
256,32,2,1024,5.3053
256,32,2,2048,5.4473
256,32,2,4096,5.7315
256,32,2,8192,6.2998
256,32,2,16384,7.4365
256,32,4,16,5.1687
256,32,4,32,5.1732
256,32,4,64,5.1820
256,32,4,128,5.1998
256,32,4,256,5.2353
256,32,4,512,5.3064
256,32,4,1024,5.4485
256,32,4,2048,5.7326
256,32,4,4096,6.3010
256,32,4,8192,7.4376
256,32,4,16384,9.7110
256,32,8,16,5.1754
256,32,8,32,5.1843
256,32,8,64,5.2020
256,32,8,128,5.2375
256,32,8,256,5.3086
256,32,8,512,5.4507
256,32,8,1024,5.7348
256,32,8,2048,6.3032
256,32,8,4096,7.4398
256,32,8,8192,9.7132
256,32,8,16384,14.2598
256,32,16,16,5.1887
256,32,16,32,5.2065
256,32,16,64,5.2420
256,32,16,128,5.3130
256,32,16,256,5.4551
256,32,16,512,5.7393
256,32,16,1024,6.3076
256,32,16,2048,7.4443
256,32,16,4096,9.7176
256,32,16,8192,14.2643
256,32,16,16384,23.3576
256,32,32,16,5.2153
256,32,32,32,5.2509
256,32,32,64,5.3219
256,32,32,128,5.4640
256,32,32,256,5.7482
256,32,32,512,6.3165
256,32,32,1024,7.4532
256,32,32,2048,9.7265
256,32,32,4096,14.2732
256,32,32,8192,23.3665
256,32,32,16384,41.5532
256,32,64,16,5.2686
256,32,64,32,5.3397
256,32,64,64,5.4818
256,32,64,128,5.7659
256,32,64,256,6.3343
256,32,64,512,7.4709
256,32,64,1024,9.7443
256,32,64,2048,14.2909
256,32,64,4096,23.3843
256,32,64,8192,41.5710
256,32,64,16384,77.9443
256,32,128,16,5.3752
256,32,128,32,5.5173
256,32,128,64,5.8014
256,32,128,128,6.3698
256,32,128,256,7.5064
256,32,128,512,9.7798
256,32,128,1024,14.3264
256,32,128,2048,23.4198
256,32,128,4096,41.6065
256,32,128,8192,77.9798
256,32,128,16384,150.7266
256,64,0,0,5.1643
256,64,1,16,5.1659
256,64,1,32,5.1671
256,64,1,64,5.1693
256,64,1,128,5.1737
256,64,1,256,5.1826
256,64,1,512,5.2004
256,64,1,1024,5.2359
256,64,1,2048,5.3069
256,64,1,4096,5.4490
256,64,1,8192,5.7332
256,64,1,16384,6.3015
256,64,2,16,5.1676
256,64,2,32,5.1698
256,64,2,64,5.1743
256,64,2,128,5.1832
256,64,2,256,5.2009
256,64,2,512,5.2364
256,64,2,1024,5.3075
256,64,2,2048,5.4496
256,64,2,4096,5.7337
256,64,2,8192,6.3021
256,64,2,16384,7.4387
256,64,4,16,5.1709
256,64,4,32,5.1754
256,64,4,64,5.1843
256,64,4,128,5.2020
256,64,4,256,5.2375
256,64,4,512,5.3086
256,64,4,1024,5.4507
256,64,4,2048,5.7348
256,64,4,4096,6.3032
256,64,4,8192,7.4398
256,64,4,16384,9.7132
256,64,8,16,5.1776
256,64,8,32,5.1865
256,64,8,64,5.2042
256,64,8,128,5.2398
256,64,8,256,5.3108
256,64,8,512,5.4529
256,64,8,1024,5.7371
256,64,8,2048,6.3054
256,64,8,4096,7.4421
256,64,8,8192,9.7154
256,64,8,16384,14.2621
256,64,16,16,5.1909
256,64,16,32,5.2087
256,64,16,64,5.2442
256,64,16,128,5.3152
256,64,16,256,5.4573
256,64,16,512,5.7415
256,64,16,1024,6.3098
256,64,16,2048,7.4465
256,64,16,4096,9.7198
256,64,16,8192,14.2665
256,64,16,16384,23.3598
256,64,32,16,5.2176
256,64,32,32,5.2531
256,64,32,64,5.3241
256,64,32,128,5.4662
256,64,32,256,5.7504
256,64,32,512,6.3187
256,64,32,1024,7.4554
256,64,32,2048,9.7287
256,64,32,4096,14.2754
256,64,32,8192,23.3687
256,64,32,16384,41.5554
256,64,64,16,5.2708
256,64,64,32,5.3419
256,64,64,64,5.4840
256,64,64,128,5.7681
256,64,64,256,6.3365
256,64,64,512,7.4731
256,64,64,1024,9.7465
256,64,64,2048,14.2931
256,64,64,4096,23.3865
256,64,64,8192,41.5732
256,64,64,16384,77.9465
256,64,128,16,5.3774
256,64,128,32,5.5195
256,64,128,64,5.8037
256,64,128,128,6.3720
256,64,128,256,7.5087
256,64,128,512,9.7820
256,64,128,1024,14.3287
256,64,128,2048,23.4220
256,64,128,4096,41.6087
256,64,128,8192,77.9821
256,64,128,16384,150.7288
256,128,0,0,5.1687
256,128,1,16,5.1704
256,128,1,32,5.1715
256,128,1,64,5.1737
256,128,1,128,5.1782
256,128,1,256,5.1870
256,128,1,512,5.2048
256,128,1,1024,5.2403
256,128,1,2048,5.3114
256,128,1,4096,5.4534
256,128,1,8192,5.7376
256,128,1,16384,6.3059
256,128,2,16,5.1721
256,128,2,32,5.1743
256,128,2,64,5.1787
256,128,2,128,5.1876
256,128,2,256,5.2054
256,128,2,512,5.2409
256,128,2,1024,5.3119
256,128,2,2048,5.4540
256,128,2,4096,5.7382
256,128,2,8192,6.3065
256,128,2,16384,7.4432
256,128,4,16,5.1754
256,128,4,32,5.1798
256,128,4,64,5.1887
256,128,4,128,5.2065
256,128,4,256,5.2420
256,128,4,512,5.3130
256,128,4,1024,5.4551
256,128,4,2048,5.7393
256,128,4,4096,6.3076
256,128,4,8192,7.4443
256,128,4,16384,9.7176
256,128,8,16,5.1820
256,128,8,32,5.1909
256,128,8,64,5.2087
256,128,8,128,5.2442
256,128,8,256,5.3152
256,128,8,512,5.4573
256,128,8,1024,5.7415
256,128,8,2048,6.3098
256,128,8,4096,7.4465
256,128,8,8192,9.7198
256,128,8,16384,14.2665
256,128,16,16,5.1954
256,128,16,32,5.2131
256,128,16,64,5.2486
256,128,16,128,5.3197
256,128,16,256,5.4618
256,128,16,512,5.7459
256,128,16,1024,6.3143
256,128,16,2048,7.4509
256,128,16,4096,9.7243
256,128,16,8192,14.2709
256,128,16,16384,23.3643
256,128,32,16,5.2220
256,128,32,32,5.2575
256,128,32,64,5.3286
256,128,32,128,5.4707
256,128,32,256,5.7548
256,128,32,512,6.3232
256,128,32,1024,7.4598
256,128,32,2048,9.7332
256,128,32,4096,14.2798
256,128,32,8192,23.3732
256,128,32,16384,41.5599
256,128,64,16,5.2753
256,128,64,32,5.3463
256,128,64,64,5.4884
256,128,64,128,5.7726
256,128,64,256,6.3409
256,128,64,512,7.4776
256,128,64,1024,9.7509
256,128,64,2048,14.2976
256,128,64,4096,23.3909
256,128,64,8192,41.5776
256,128,64,16384,77.9510
256,128,128,16,5.3818
256,128,128,32,5.5239
256,128,128,64,5.8081
256,128,128,128,6.3764
256,128,128,256,7.5131
256,128,128,512,9.7864
256,128,128,1024,14.3331
256,128,128,2048,23.4264
256,128,128,4096,41.6131
256,128,128,8192,77.9865
256,128,128,16384,150.7332
256,256,0,0,5.2493
256,256,1,16,5.2494
256,256,1,32,5.2494
256,256,1,64,5.2495
256,256,1,128,5.2497
256,256,1,256,5.2500
256,256,1,512,5.2506
256,256,1,1024,5.2519
256,256,1,2048,5.3202
256,256,1,4096,5.4623
256,256,1,8192,5.7465
256,256,1,16384,6.3148
256,256,2,16,5.2494
256,256,2,32,5.2495
256,256,2,64,5.2497
256,256,2,128,5.2500
256,256,2,256,5.2506
256,256,2,512,5.2519
256,256,2,1024,5.3208
256,256,2,2048,5.4629
256,256,2,4096,5.7470
256,256,2,8192,6.3154
256,256,2,16384,7.4520
256,256,4,16,5.2495
256,256,4,32,5.2497
256,256,4,64,5.2500
256,256,4,128,5.2506
256,256,4,256,5.2519
256,256,4,512,5.3219
256,256,4,1024,5.4640
256,256,4,2048,5.7482
256,256,4,4096,6.3165
256,256,4,8192,7.4532
256,256,4,16384,9.7265
256,256,8,16,5.2497
256,256,8,32,5.2500
256,256,8,64,5.2506
256,256,8,128,5.2531
256,256,8,256,5.3241
256,256,8,512,5.4662
256,256,8,1024,5.7504
256,256,8,2048,6.3187
256,256,8,4096,7.4554
256,256,8,8192,9.7287
256,256,8,16384,14.2754
256,256,16,16,5.2500
256,256,16,32,5.2506
256,256,16,64,5.2575
256,256,16,128,5.3286
256,256,16,256,5.4707
256,256,16,512,5.7548
256,256,16,1024,6.3232
256,256,16,2048,7.4598
256,256,16,4096,9.7332
256,256,16,8192,14.2798
256,256,16,16384,23.3732
256,256,32,16,5.2506
256,256,32,32,5.2664
256,256,32,64,5.3374
256,256,32,128,5.4795
256,256,32,256,5.7637
256,256,32,512,6.3320
256,256,32,1024,7.4687
256,256,32,2048,9.7420
256,256,32,4096,14.2887
256,256,32,8192,23.3820
256,256,32,16384,41.5687
256,256,64,16,5.2842
256,256,64,32,5.3552
256,256,64,64,5.4973
256,256,64,128,5.7815
256,256,64,256,6.3498
256,256,64,512,7.4865
256,256,64,1024,9.7598
256,256,64,2048,14.3065
256,256,64,4096,23.3998
256,256,64,8192,41.5865
256,256,64,16384,77.9599
256,256,128,16,5.3907
256,256,128,32,5.5328
256,256,128,64,5.8170
256,256,128,128,6.3853
256,256,128,256,7.5220
256,256,128,512,9.7953
256,256,128,1024,14.3420
256,256,128,2048,23.4353
256,256,128,4096,41.6220
256,256,128,8192,77.9954
256,256,128,16384,150.7421
256,512,0,0,5.4156
256,512,1,16,5.4156
256,512,1,32,5.4156
256,512,1,64,5.4157
256,512,1,128,5.4159
256,512,1,256,5.4162
256,512,1,512,5.4169
256,512,1,1024,5.4182
256,512,1,2048,5.4208
256,512,1,4096,5.4801
256,512,1,8192,5.7643
256,512,1,16384,6.3326
256,512,2,16,5.4156
256,512,2,32,5.4157
256,512,2,64,5.4159
256,512,2,128,5.4162
256,512,2,256,5.4169
256,512,2,512,5.4182
256,512,2,1024,5.4208
256,512,2,2048,5.4806
256,512,2,4096,5.7648
256,512,2,8192,6.3331
256,512,2,16384,7.4698
256,512,4,16,5.4157
256,512,4,32,5.4159
256,512,4,64,5.4162
256,512,4,128,5.4169
256,512,4,256,5.4182
256,512,4,512,5.4208
256,512,4,1024,5.4818
256,512,4,2048,5.7659
256,512,4,4096,6.3343
256,512,4,8192,7.4709
256,512,4,16384,9.7443
256,512,8,16,5.4159
256,512,8,32,5.4162
256,512,8,64,5.4169
256,512,8,128,5.4182
256,512,8,256,5.4208
256,512,8,512,5.4840
256,512,8,1024,5.7681
256,512,8,2048,6.3365
256,512,8,4096,7.4731
256,512,8,8192,9.7465
256,512,8,16384,14.2931
256,512,16,16,5.4162
256,512,16,32,5.4169
256,512,16,64,5.4182
256,512,16,128,5.4208
256,512,16,256,5.4884
256,512,16,512,5.7726
256,512,16,1024,6.3409
256,512,16,2048,7.4776
256,512,16,4096,9.7509
256,512,16,8192,14.2976
256,512,16,16384,23.3909
256,512,32,16,5.4169
256,512,32,32,5.4182
256,512,32,64,5.4208
256,512,32,128,5.4973
256,512,32,256,5.7815
256,512,32,512,6.3498
256,512,32,1024,7.4865
256,512,32,2048,9.7598
256,512,32,4096,14.3065
256,512,32,8192,23.3998
256,512,32,16384,41.5865
256,512,64,16,5.4182
256,512,64,32,5.4208
256,512,64,64,5.5151
256,512,64,128,5.7992
256,512,64,256,6.3676
256,512,64,512,7.5042
256,512,64,1024,9.7776
256,512,64,2048,14.3242
256,512,64,4096,23.4176
256,512,64,8192,41.6043
256,512,64,16384,77.9776
256,512,128,16,5.4208
256,512,128,32,5.5506
256,512,128,64,5.8347
256,512,128,128,6.4031
256,512,128,256,7.5397
256,512,128,512,9.8131
256,512,128,1024,14.3597
256,512,128,2048,23.4531
256,512,128,4096,41.6398
256,512,128,8192,78.0131
256,512,128,16384,150.7599
256,1024,0,0,5.7480
256,1024,1,16,5.7480
256,1024,1,32,5.7481
256,1024,1,64,5.7482
256,1024,1,128,5.7483
256,1024,1,256,5.7487
256,1024,1,512,5.7493
256,1024,1,1024,5.7506
256,1024,1,2048,5.7532
256,1024,1,4096,5.7584
256,1024,1,8192,5.7998
256,1024,1,16384,6.3681
256,1024,2,16,5.7481
256,1024,2,32,5.7482
256,1024,2,64,5.7483
256,1024,2,128,5.7487
256,1024,2,256,5.7493
256,1024,2,512,5.7506
256,1024,2,1024,5.7532
256,1024,2,2048,5.7584
256,1024,2,4096,5.8003
256,1024,2,8192,6.3687
256,1024,2,16384,7.5053
256,1024,4,16,5.7482
256,1024,4,32,5.7483
256,1024,4,64,5.7487
256,1024,4,128,5.7493
256,1024,4,256,5.7506
256,1024,4,512,5.7532
256,1024,4,1024,5.7584
256,1024,4,2048,5.8014
256,1024,4,4096,6.3698
256,1024,4,8192,7.5064
256,1024,4,16384,9.7798
256,1024,8,16,5.7483
256,1024,8,32,5.7487
256,1024,8,64,5.7493
256,1024,8,128,5.7506
256,1024,8,256,5.7532
256,1024,8,512,5.7584
256,1024,8,1024,5.8037
256,1024,8,2048,6.3720
256,1024,8,4096,7.5087
256,1024,8,8192,9.7820
256,1024,8,16384,14.3287
256,1024,16,16,5.7487
256,1024,16,32,5.7493
256,1024,16,64,5.7506
256,1024,16,128,5.7532
256,1024,16,256,5.7584
256,1024,16,512,5.8081
256,1024,16,1024,6.3764
256,1024,16,2048,7.5131
256,1024,16,4096,9.7864
256,1024,16,8192,14.3331
256,1024,16,16384,23.4264
256,1024,32,16,5.7493
256,1024,32,32,5.7506
256,1024,32,64,5.7532
256,1024,32,128,5.7584
256,1024,32,256,5.8170
256,1024,32,512,6.3853
256,1024,32,1024,7.5220
256,1024,32,2048,9.7953
256,1024,32,4096,14.3420
256,1024,32,8192,23.4353
256,1024,32,16384,41.6220
256,1024,64,16,5.7506
256,1024,64,32,5.7532
256,1024,64,64,5.7584
256,1024,64,128,5.8347
256,1024,64,256,6.4031
256,1024,64,512,7.5397
256,1024,64,1024,9.8131
256,1024,64,2048,14.3597
256,1024,64,4096,23.4531
256,1024,64,8192,41.6398
256,1024,64,16384,78.0131
256,1024,128,16,5.7532
256,1024,128,32,5.7584
256,1024,128,64,5.8703
256,1024,128,128,6.4386
256,1024,128,256,7.5753
256,1024,128,512,9.8486
256,1024,128,1024,14.3953
256,1024,128,2048,23.4886
256,1024,128,4096,41.6753
256,1024,128,8192,78.0487
256,1024,128,16384,150.7954
256,2048,0,0,6.4129
256,2048,1,16,6.4129
256,2048,1,32,6.4130
256,2048,1,64,6.4131
256,2048,1,128,6.4132
256,2048,1,256,6.4136
256,2048,1,512,6.4142
256,2048,1,1024,6.4155
256,2048,1,2048,6.4181
256,2048,1,4096,6.4233
256,2048,1,8192,6.4337
256,2048,1,16384,6.4545
256,2048,2,16,6.4130
256,2048,2,32,6.4131
256,2048,2,64,6.4132
256,2048,2,128,6.4136
256,2048,2,256,6.4142
256,2048,2,512,6.4155
256,2048,2,1024,6.4181
256,2048,2,2048,6.4233
256,2048,2,4096,6.4337
256,2048,2,8192,6.4545
256,2048,2,16384,7.5764
256,2048,4,16,6.4131
256,2048,4,32,6.4132
256,2048,4,64,6.4136
256,2048,4,128,6.4142
256,2048,4,256,6.4155
256,2048,4,512,6.4181
256,2048,4,1024,6.4233
256,2048,4,2048,6.4337
256,2048,4,4096,6.4545
256,2048,4,8192,7.5775
256,2048,4,16384,9.8508
256,2048,8,16,6.4132
256,2048,8,32,6.4136
256,2048,8,64,6.4142
256,2048,8,128,6.4155
256,2048,8,256,6.4181
256,2048,8,512,6.4233
256,2048,8,1024,6.4337
256,2048,8,2048,6.4545
256,2048,8,4096,7.5797
256,2048,8,8192,9.8530
256,2048,8,16384,14.3997
256,2048,16,16,6.4136
256,2048,16,32,6.4142
256,2048,16,64,6.4155
256,2048,16,128,6.4181
256,2048,16,256,6.4233
256,2048,16,512,6.4337
256,2048,16,1024,6.4545
256,2048,16,2048,7.5841
256,2048,16,4096,9.8575
256,2048,16,8192,14.4041
256,2048,16,16384,23.4975
256,2048,32,16,6.4142
256,2048,32,32,6.4155
256,2048,32,64,6.4181
256,2048,32,128,6.4233
256,2048,32,256,6.4337
256,2048,32,512,6.4564
256,2048,32,1024,7.5930
256,2048,32,2048,9.8664
256,2048,32,4096,14.4130
256,2048,32,8192,23.5064
256,2048,32,16384,41.6931
256,2048,64,16,6.4155
256,2048,64,32,6.4181
256,2048,64,64,6.4233
256,2048,64,128,6.4337
256,2048,64,256,6.4741
256,2048,64,512,7.6108
256,2048,64,1024,9.8841
256,2048,64,2048,14.4308
256,2048,64,4096,23.5241
256,2048,64,8192,41.7108
256,2048,64,16384,78.0842
256,2048,128,16,6.4181
256,2048,128,32,6.4233
256,2048,128,64,6.4337
256,2048,128,128,6.5096
256,2048,128,256,7.6463
256,2048,128,512,9.9196
256,2048,128,1024,14.4663
256,2048,128,2048,23.5597
256,2048,128,4096,41.7463
256,2048,128,8192,78.1197
256,2048,128,16384,150.8664
256,4096,0,0,7.7427
256,4096,1,16,7.7427
256,4096,1,32,7.7428
256,4096,1,64,7.7429
256,4096,1,128,7.7430
256,4096,1,256,7.7433
256,4096,1,512,7.7440
256,4096,1,1024,7.7453
256,4096,1,2048,7.7479
256,4096,1,4096,7.7531
256,4096,1,8192,7.7635
256,4096,1,16384,7.7843
256,4096,2,16,7.7428
256,4096,2,32,7.7429
256,4096,2,64,7.7430
256,4096,2,128,7.7433
256,4096,2,256,7.7440
256,4096,2,512,7.7453
256,4096,2,1024,7.7479
256,4096,2,2048,7.7531
256,4096,2,4096,7.7635
256,4096,2,8192,7.7843
256,4096,2,16384,7.8258
256,4096,4,16,7.7429
256,4096,4,32,7.7430
256,4096,4,64,7.7433
256,4096,4,128,7.7440
256,4096,4,256,7.7453
256,4096,4,512,7.7479
256,4096,4,1024,7.7531
256,4096,4,2048,7.7635
256,4096,4,4096,7.7843
256,4096,4,8192,7.8258
256,4096,4,16384,9.9929
256,4096,8,16,7.7430
256,4096,8,32,7.7433
256,4096,8,64,7.7440
256,4096,8,128,7.7453
256,4096,8,256,7.7479
256,4096,8,512,7.7531
256,4096,8,1024,7.7635
256,4096,8,2048,7.7843
256,4096,8,4096,7.8258
256,4096,8,8192,9.9951
256,4096,8,16384,14.5418
256,4096,16,16,7.7433
256,4096,16,32,7.7440
256,4096,16,64,7.7453
256,4096,16,128,7.7479
256,4096,16,256,7.7531
256,4096,16,512,7.7635
256,4096,16,1024,7.7843
256,4096,16,2048,7.8258
256,4096,16,4096,9.9996
256,4096,16,8192,14.5462
256,4096,16,16384,23.6396
256,4096,32,16,7.7440
256,4096,32,32,7.7453
256,4096,32,64,7.7479
256,4096,32,128,7.7531
256,4096,32,256,7.7635
256,4096,32,512,7.7843
256,4096,32,1024,7.8258
256,4096,32,2048,10.0084
256,4096,32,4096,14.5551
256,4096,32,8192,23.6485
256,4096,32,16384,41.8351
256,4096,64,16,7.7453
256,4096,64,32,7.7479
256,4096,64,64,7.7531
256,4096,64,128,7.7635
256,4096,64,256,7.7843
256,4096,64,512,7.8258
256,4096,64,1024,10.0262
256,4096,64,2048,14.5729
256,4096,64,4096,23.6662
256,4096,64,8192,41.8529
256,4096,64,16384,78.2263
256,4096,128,16,7.7479
256,4096,128,32,7.7531
256,4096,128,64,7.7635
256,4096,128,128,7.7843
256,4096,128,256,7.8258
256,4096,128,512,10.0617
256,4096,128,1024,14.6084
256,4096,128,2048,23.7017
256,4096,128,4096,41.8884
256,4096,128,8192,78.2618
256,4096,128,16384,151.0085
256,8192,0,0,10.4023
256,8192,1,16,10.4023
256,8192,1,32,10.4024
256,8192,1,64,10.4024
256,8192,1,128,10.4026
256,8192,1,256,10.4029
256,8192,1,512,10.4036
256,8192,1,1024,10.4049
256,8192,1,2048,10.4075
256,8192,1,4096,10.4127
256,8192,1,8192,10.4231
256,8192,1,16384,10.4438
256,8192,2,16,10.4024
256,8192,2,32,10.4024
256,8192,2,64,10.4026
256,8192,2,128,10.4029
256,8192,2,256,10.4036
256,8192,2,512,10.4049
256,8192,2,1024,10.4075
256,8192,2,2048,10.4127
256,8192,2,4096,10.4231
256,8192,2,8192,10.4438
256,8192,2,16384,10.4854
256,8192,4,16,10.4024
256,8192,4,32,10.4026
256,8192,4,64,10.4029
256,8192,4,128,10.4036
256,8192,4,256,10.4049
256,8192,4,512,10.4075
256,8192,4,1024,10.4127
256,8192,4,2048,10.4231
256,8192,4,4096,10.4438
256,8192,4,8192,10.4854
256,8192,4,16384,10.5685
256,8192,8,16,10.4026
256,8192,8,32,10.4029
256,8192,8,64,10.4036
256,8192,8,128,10.4049
256,8192,8,256,10.4075
256,8192,8,512,10.4127
256,8192,8,1024,10.4231
256,8192,8,2048,10.4438
256,8192,8,4096,10.4854
256,8192,8,8192,10.5685
256,8192,8,16384,14.8260
256,8192,16,16,10.4029
256,8192,16,32,10.4036
256,8192,16,64,10.4049
256,8192,16,128,10.4075
256,8192,16,256,10.4127
256,8192,16,512,10.4231
256,8192,16,1024,10.4438
256,8192,16,2048,10.4854
256,8192,16,4096,10.5685
256,8192,16,8192,14.8304
256,8192,16,16384,23.9237
256,8192,32,16,10.4036
256,8192,32,32,10.4049
256,8192,32,64,10.4075
256,8192,32,128,10.4127
256,8192,32,256,10.4231
256,8192,32,512,10.4438
256,8192,32,1024,10.4854
256,8192,32,2048,10.5685
256,8192,32,4096,14.8393
256,8192,32,8192,23.9326
256,8192,32,16384,42.1193
256,8192,64,16,10.4049
256,8192,64,32,10.4075
256,8192,64,64,10.4127
256,8192,64,128,10.4231
256,8192,64,256,10.4438
256,8192,64,512,10.4854
256,8192,64,1024,10.5685
256,8192,64,2048,14.8570
256,8192,64,4096,23.9504
256,8192,64,8192,42.1371
256,8192,64,16384,78.5104
256,8192,128,16,10.4075
256,8192,128,32,10.4127
256,8192,128,64,10.4231
256,8192,128,128,10.4438
256,8192,128,256,10.4854
256,8192,128,512,10.5685
256,8192,128,1024,14.8926
256,8192,128,2048,23.9859
256,8192,128,4096,42.1726
256,8192,128,8192,78.5460
256,8192,128,16384,151.2927
256,16384,0,0,15.7215
256,16384,1,16,15.7215
256,16384,1,32,15.7215
256,16384,1,64,15.7216
256,16384,1,128,15.7218
256,16384,1,256,15.7221
256,16384,1,512,15.7228
256,16384,1,1024,15.7241
256,16384,1,2048,15.7267
256,16384,1,4096,15.7318
256,16384,1,8192,15.7422
256,16384,1,16384,15.7630
256,16384,2,16,15.7215
256,16384,2,32,15.7216
256,16384,2,64,15.7218
256,16384,2,128,15.7221
256,16384,2,256,15.7228
256,16384,2,512,15.7241
256,16384,2,1024,15.7267
256,16384,2,2048,15.7318
256,16384,2,4096,15.7422
256,16384,2,8192,15.7630
256,16384,2,16384,15.8046
256,16384,4,16,15.7216
256,16384,4,32,15.7218
256,16384,4,64,15.7221
256,16384,4,128,15.7228
256,16384,4,256,15.7241
256,16384,4,512,15.7267
256,16384,4,1024,15.7318
256,16384,4,2048,15.7422
256,16384,4,4096,15.7630
256,16384,4,8192,15.8046
256,16384,4,16384,15.8877
256,16384,8,16,15.7218
256,16384,8,32,15.7221
256,16384,8,64,15.7228
256,16384,8,128,15.7241
256,16384,8,256,15.7267
256,16384,8,512,15.7318
256,16384,8,1024,15.7422
256,16384,8,2048,15.7630
256,16384,8,4096,15.8046
256,16384,8,8192,15.8877
256,16384,8,16384,16.0539
256,16384,16,16,15.7221
256,16384,16,32,15.7228
256,16384,16,64,15.7241
256,16384,16,128,15.7267
256,16384,16,256,15.7318
256,16384,16,512,15.7422
256,16384,16,1024,15.7630
256,16384,16,2048,15.8046
256,16384,16,4096,15.8877
256,16384,16,8192,16.0539
256,16384,16,16384,24.4921
256,16384,32,16,15.7228
256,16384,32,32,15.7241
256,16384,32,64,15.7267
256,16384,32,128,15.7318
256,16384,32,256,15.7422
256,16384,32,512,15.7630
256,16384,32,1024,15.8046
256,16384,32,2048,15.8877
256,16384,32,4096,16.0539
256,16384,32,8192,24.5010
256,16384,32,16384,42.6876
256,16384,64,16,15.7241
256,16384,64,32,15.7267
256,16384,64,64,15.7318
256,16384,64,128,15.7422
256,16384,64,256,15.7630
256,16384,64,512,15.8046
256,16384,64,1024,15.8877
256,16384,64,2048,16.0539
256,16384,64,4096,24.5187
256,16384,64,8192,42.7054
256,16384,64,16384,79.0788
256,16384,128,16,15.7267
256,16384,128,32,15.7318
256,16384,128,64,15.7422
256,16384,128,128,15.7630
256,16384,128,256,15.8046
256,16384,128,512,15.8877
256,16384,128,1024,16.0539
256,16384,128,2048,24.5542
256,16384,128,4096,42.7409
256,16384,128,8192,79.1143
256,16384,128,16384,151.8610
273,0,0,0,5.1705
273,0,1,512,5.2065
273,0,1,768,5.2243
273,0,1,1152,5.2509
273,0,1,1728,5.2909
273,0,1,2592,5.3508
273,0,1,3888,5.4408
273,0,1,5832,5.5756
273,0,1,8748,5.7779
273,0,1,13122,6.0814
273,0,1,16384,6.3077
273,0,2,512,5.2426
273,0,2,768,5.2781
273,0,2,1152,5.3314
273,0,2,1728,5.4113
273,0,2,2592,5.5312
273,0,2,3888,5.7110
273,0,2,5832,5.9808
273,0,2,8748,6.3854
273,0,2,13122,6.9923
273,0,2,16384,7.4449
273,0,4,512,5.3148
273,0,4,768,5.3858
273,0,4,1152,5.4924
273,0,4,1728,5.6522
273,0,4,2592,5.8920
273,0,4,3888,6.2516
273,0,4,5832,6.7911
273,0,4,8748,7.6003
273,0,4,13122,8.8141
273,0,4,16384,9.7193
273,0,8,512,5.4591
273,0,8,768,5.6011
273,0,8,1152,5.8143
273,0,8,1728,6.1340
273,0,8,2592,6.6135
273,0,8,3888,7.3328
273,0,8,5832,8.4117
273,0,8,8748,10.0302
273,0,8,13122,12.4578
273,0,8,16384,14.2682
273,0,16,512,5.7477
273,0,16,768,6.0318
273,0,16,1152,6.4581
273,0,16,1728,7.0975
273,0,16,2592,8.0565
273,0,16,3888,9.4951
273,0,16,5832,11.6530
273,0,16,8748,14.8899
273,0,16,13122,19.7451
273,0,16,16384,23.3660
273,0,32,512,6.3249
273,0,32,768,6.8932
273,0,32,1152,7.7457
273,0,32,1728,9.0245
273,0,32,2592,10.9426
273,0,32,3888,13.8198
273,0,32,5832,18.1356
273,0,32,8748,24.6093
273,0,32,13122,34.3198
273,0,32,16384,41.5616
273,0,64,512,7.4793
273,0,64,768,8.6160
273,0,64,1152,10.3210
273,0,64,1728,12.8785
273,0,64,2592,16.7147
273,0,64,3888,22.4691
273,0,64,5832,31.1007
273,0,64,8748,44.0480
273,0,64,13122,63.4691
273,0,64,16384,77.9527
273,0,128,512,9.7882
273,0,128,768,12.0615
273,0,128,1152,15.4715
273,0,128,1728,20.5865
273,0,128,2592,28.2590
273,0,128,3888,39.7678
273,0,128,5832,57.0309
273,0,128,8748,82.9256
273,0,128,13122,121.7677
273,0,128,16384,150.7350
273,512,0,0,5.4490
273,512,1,512,5.4503
273,512,1,768,5.4510
273,512,1,1152,5.4520
273,512,1,1728,5.4534
273,512,1,2592,5.4556
273,512,1,3888,5.4763
273,512,1,5832,5.6111
273,512,1,8748,5.8134
273,512,1,13122,6.1169
273,512,1,16384,6.3432
273,512,2,512,5.4516
273,512,2,768,5.4529
273,512,2,1152,5.4549
273,512,2,1728,5.4578
273,512,2,2592,5.5667
273,512,2,3888,5.7466
273,512,2,5832,6.0163
273,512,2,8748,6.4209
273,512,2,13122,7.0278
273,512,2,16384,7.4804
273,512,4,512,5.4542
273,512,4,768,5.4568
273,512,4,1152,5.5279
273,512,4,1728,5.6877
273,512,4,2592,5.9275
273,512,4,3888,6.2871
273,512,4,5832,6.8266
273,512,4,8748,7.6358
273,512,4,13122,8.8496
273,512,4,16384,9.7549
273,512,8,512,5.4946
273,512,8,768,5.6367
273,512,8,1152,5.8498
273,512,8,1728,6.1695
273,512,8,2592,6.6490
273,512,8,3888,7.3683
273,512,8,5832,8.4473
273,512,8,8748,10.0657
273,512,8,13122,12.4933
273,512,8,16384,14.3038
273,512,16,512,5.7832
273,512,16,768,6.0674
273,512,16,1152,6.4936
273,512,16,1728,7.1330
273,512,16,2592,8.0920
273,512,16,3888,9.5306
273,512,16,5832,11.6885
273,512,16,8748,14.9254
273,512,16,13122,19.7806
273,512,16,16384,23.4015
273,512,32,512,6.3604
273,512,32,768,6.9287
273,512,32,1152,7.7812
273,512,32,1728,9.0600
273,512,32,2592,10.9781
273,512,32,3888,13.8553
273,512,32,5832,18.1711
273,512,32,8748,24.6448
273,512,32,13122,34.3553
273,512,32,16384,41.5971
273,512,64,512,7.5148
273,512,64,768,8.6515
273,512,64,1152,10.3565
273,512,64,1728,12.9140
273,512,64,2592,16.7503
273,512,64,3888,22.5046
273,512,64,5832,31.1362
273,512,64,8748,44.0836
273,512,64,13122,63.5046
273,512,64,16384,77.9882
273,512,128,512,9.8237
273,512,128,768,12.0970
273,512,128,1152,15.5070
273,512,128,1728,20.6220
273,512,128,2592,28.2945
273,512,128,3888,39.8033
273,512,128,5832,57.0664
273,512,128,8748,82.9612
273,512,128,13122,121.8032
273,512,128,16384,150.7705
273,768,0,0,5.6263
273,768,1,512,5.6276
273,768,1,768,5.6283
273,768,1,1152,5.6292
273,768,1,1728,5.6307
273,768,1,2592,5.6329
273,768,1,3888,5.6362
273,768,1,5832,5.6411
273,768,1,8748,5.8312
273,768,1,13122,6.1347
273,768,1,16384,6.3610
273,768,2,512,5.6289
273,768,2,768,5.6302
273,768,2,1152,5.6321
273,768,2,1728,5.6351
273,768,2,2592,5.6395
273,768,2,3888,5.7643
273,768,2,5832,6.0341
273,768,2,8748,6.4387
273,768,2,13122,7.0456
273,768,2,16384,7.4982
273,768,4,512,5.6315
273,768,4,768,5.6341
273,768,4,1152,5.6380
273,768,4,1728,5.7055
273,768,4,2592,5.9453
273,768,4,3888,6.3049
273,768,4,5832,6.8444
273,768,4,8748,7.6536
273,768,4,13122,8.8674
273,768,4,16384,9.7726
273,768,8,512,5.6367
273,768,8,768,5.6544
273,768,8,1152,5.8676
273,768,8,1728,6.1872
273,768,8,2592,6.6668
273,768,8,3888,7.3861
273,768,8,5832,8.4650
273,768,8,8748,10.0834
273,768,8,13122,12.5111
273,768,8,16384,14.3215
273,768,16,512,5.8010
273,768,16,768,6.0851
273,768,16,1152,6.5114
273,768,16,1728,7.1507
273,768,16,2592,8.1098
273,768,16,3888,9.5484
273,768,16,5832,11.7063
273,768,16,8748,14.9431
273,768,16,13122,19.7984
273,768,16,16384,23.4193
273,768,32,512,6.3782
273,768,32,768,6.9465
273,768,32,1152,7.7990
273,768,32,1728,9.0778
273,768,32,2592,10.9959
273,768,32,3888,13.8731
273,768,32,5832,18.1889
273,768,32,8748,24.6625
273,768,32,13122,34.3731
273,768,32,16384,41.6149
273,768,64,512,7.5326
273,768,64,768,8.6693
273,768,64,1152,10.3743
273,768,64,1728,12.9318
273,768,64,2592,16.7680
273,768,64,3888,22.5224
273,768,64,5832,31.1540
273,768,64,8748,44.1013
273,768,64,13122,63.5224
273,768,64,16384,78.0060
273,768,128,512,9.8415
273,768,128,768,12.1148
273,768,128,1152,15.5248
273,768,128,1728,20.6398
273,768,128,2592,28.3123
273,768,128,3888,39.8211
273,768,128,5832,57.0842
273,768,128,8748,82.9789
273,768,128,13122,121.8210
273,768,128,16384,150.7883
273,1152,0,0,5.8922
273,1152,1,512,5.8935
273,1152,1,768,5.8941
273,1152,1,1152,5.8951
273,1152,1,1728,5.8966
273,1152,1,2592,5.8988
273,1152,1,3888,5.9021
273,1152,1,5832,5.9070
273,1152,1,8748,5.9144
273,1152,1,13122,6.1613
273,1152,1,16384,6.3876
273,1152,2,512,5.8948
273,1152,2,768,5.8961
273,1152,2,1152,5.8980
273,1152,2,1728,5.9010
273,1152,2,2592,5.9053
273,1152,2,3888,5.9119
273,1152,2,5832,6.0607
273,1152,2,8748,6.4653
273,1152,2,13122,7.0722
273,1152,2,16384,7.5248
273,1152,4,512,5.8974
273,1152,4,768,5.9000
273,1152,4,1152,5.9039
273,1152,4,1728,5.9097
273,1152,4,2592,5.9719
273,1152,4,3888,6.3315
273,1152,4,5832,6.8710
273,1152,4,8748,7.6802
273,1152,4,13122,8.8940
273,1152,4,16384,9.7993
273,1152,8,512,5.9026
273,1152,8,768,5.9078
273,1152,8,1152,5.9156
273,1152,8,1728,6.2139
273,1152,8,2592,6.6934
273,1152,8,3888,7.4127
273,1152,8,5832,8.4917
273,1152,8,8748,10.1101
273,1152,8,13122,12.5377
273,1152,8,16384,14.3482
273,1152,16,512,5.9130
273,1152,16,768,6.1118
273,1152,16,1152,6.5380
273,1152,16,1728,7.1774
273,1152,16,2592,8.1365
273,1152,16,3888,9.5750
273,1152,16,5832,11.7329
273,1152,16,8748,14.9698
273,1152,16,13122,19.8250
273,1152,16,16384,23.4459
273,1152,32,512,6.4048
273,1152,32,768,6.9731
273,1152,32,1152,7.8256
273,1152,32,1728,9.1044
273,1152,32,2592,11.0225
273,1152,32,3888,13.8997
273,1152,32,5832,18.2155
273,1152,32,8748,24.6892
273,1152,32,13122,34.3997
273,1152,32,16384,41.6415
273,1152,64,512,7.5592
273,1152,64,768,8.6959
273,1152,64,1152,10.4009
273,1152,64,1728,12.9584
273,1152,64,2592,16.7947
273,1152,64,3888,22.5490
273,1152,64,5832,31.1806
273,1152,64,8748,44.1280
273,1152,64,13122,63.5490
273,1152,64,16384,78.0326
273,1152,128,512,9.8681
273,1152,128,768,12.1414
273,1152,128,1152,15.5514
273,1152,128,1728,20.6664
273,1152,128,2592,28.3389
273,1152,128,3888,39.8477
273,1152,128,5832,57.1108
273,1152,128,8748,83.0056
273,1152,128,13122,121.8476
273,1152,128,16384,150.8149
273,1728,0,0,6.2910
273,1728,1,512,6.2923
273,1728,1,768,6.2930
273,1728,1,1152,6.2940
273,1728,1,1728,6.2954
273,1728,1,2592,6.2976
273,1728,1,3888,6.3009
273,1728,1,5832,6.3058
273,1728,1,8748,6.3132
273,1728,1,13122,6.3243
273,1728,1,16384,6.4276
273,1728,2,512,6.2936
273,1728,2,768,6.2949
273,1728,2,1152,6.2969
273,1728,2,1728,6.2998
273,1728,2,2592,6.3042
273,1728,2,3888,6.3108
273,1728,2,5832,6.3206
273,1728,2,8748,6.5053
273,1728,2,13122,7.1122
273,1728,2,16384,7.5648
273,1728,4,512,6.2962
273,1728,4,768,6.2988
273,1728,4,1152,6.3027
273,1728,4,1728,6.3086
273,1728,4,2592,6.3173
273,1728,4,3888,6.3715
273,1728,4,5832,6.9110
273,1728,4,8748,7.7202
273,1728,4,13122,8.9340
273,1728,4,16384,9.8392
273,1728,8,512,6.3014
273,1728,8,768,6.3066
273,1728,8,1152,6.3144
273,1728,8,1728,6.3261
273,1728,8,2592,6.7334
273,1728,8,3888,7.4527
273,1728,8,5832,8.5316
273,1728,8,8748,10.1500
273,1728,8,13122,12.5777
273,1728,8,16384,14.3881
273,1728,16,512,6.3118
273,1728,16,768,6.3222
273,1728,16,1152,6.5780
273,1728,16,1728,7.2173
273,1728,16,2592,8.1764
273,1728,16,3888,9.6150
273,1728,16,5832,11.7729
273,1728,16,8748,15.0097
273,1728,16,13122,19.8650
273,1728,16,16384,23.4859
273,1728,32,512,6.4448
273,1728,32,768,7.0131
273,1728,32,1152,7.8656
273,1728,32,1728,9.1444
273,1728,32,2592,11.0625
273,1728,32,3888,13.9397
273,1728,32,5832,18.2555
273,1728,32,8748,24.7291
273,1728,32,13122,34.4397
273,1728,32,16384,41.6815
273,1728,64,512,7.5992
273,1728,64,768,8.7359
273,1728,64,1152,10.4409
273,1728,64,1728,12.9984
273,1728,64,2592,16.8346
273,1728,64,3888,22.5890
273,1728,64,5832,31.2206
273,1728,64,8748,44.1679
273,1728,64,13122,63.5890
273,1728,64,16384,78.0726
273,1728,128,512,9.9081
273,1728,128,768,12.1814
273,1728,128,1152,15.5914
273,1728,128,1728,20.7064
273,1728,128,2592,28.3789
273,1728,128,3888,39.8877
273,1728,128,5832,57.1508
273,1728,128,8748,83.0455
273,1728,128,13122,121.8876
273,1728,128,16384,150.8549
273,2592,0,0,6.8893
273,2592,1,512,6.8906
273,2592,1,768,6.8912
273,2592,1,1152,6.8922
273,2592,1,1728,6.8937
273,2592,1,2592,6.8959
273,2592,1,3888,6.8992
273,2592,1,5832,6.9041
273,2592,1,8748,6.9115
273,2592,1,13122,6.9226
273,2592,1,16384,6.9309
273,2592,2,512,6.8919
273,2592,2,768,6.8932
273,2592,2,1152,6.8951
273,2592,2,1728,6.8981
273,2592,2,2592,6.9024
273,2592,2,3888,6.9090
273,2592,2,5832,6.9189
273,2592,2,8748,6.9337
273,2592,2,13122,7.1721
273,2592,2,16384,7.6247
273,2592,4,512,6.8945
273,2592,4,768,6.8971
273,2592,4,1152,6.9010
273,2592,4,1728,6.9068
273,2592,4,2592,6.9156
273,2592,4,3888,6.9287
273,2592,4,5832,6.9709
273,2592,4,8748,7.7801
273,2592,4,13122,8.9939
273,2592,4,16384,9.8992
273,2592,8,512,6.8997
273,2592,8,768,6.9049
273,2592,8,1152,6.9127
273,2592,8,1728,6.9244
273,2592,8,2592,6.9419
273,2592,8,3888,7.5126
273,2592,8,5832,8.5916
273,2592,8,8748,10.2100
273,2592,8,13122,12.6376
273,2592,8,16384,14.4481
273,2592,16,512,6.9101
273,2592,16,768,6.9205
273,2592,16,1152,6.9361
273,2592,16,1728,7.2773
273,2592,16,2592,8.2364
273,2592,16,3888,9.6749
273,2592,16,5832,11.8328
273,2592,16,8748,15.0697
273,2592,16,13122,19.9249
273,2592,16,16384,23.5458
273,2592,32,512,6.9309
273,2592,32,768,7.0730
273,2592,32,1152,7.9255
273,2592,32,1728,9.2043
273,2592,32,2592,11.1224
273,2592,32,3888,13.9996
273,2592,32,5832,18.3154
273,2592,32,8748,24.7891
273,2592,32,13122,34.4996
273,2592,32,16384,41.7414
273,2592,64,512,7.6591
273,2592,64,768,8.7958
273,2592,64,1152,10.5008
273,2592,64,1728,13.0583
273,2592,64,2592,16.8946
273,2592,64,3888,22.6489
273,2592,64,5832,31.2805
273,2592,64,8748,44.2279
273,2592,64,13122,63.6489
273,2592,64,16384,78.1325
273,2592,128,512,9.9680
273,2592,128,768,12.2413
273,2592,128,1152,15.6513
273,2592,128,1728,20.7663
273,2592,128,2592,28.4388
273,2592,128,3888,39.9476
273,2592,128,5832,57.2107
273,2592,128,8748,83.1055
273,2592,128,13122,121.9475
273,2592,128,16384,150.9148
273,3888,0,0,7.7867
273,3888,1,512,7.7880
273,3888,1,768,7.7886
273,3888,1,1152,7.7896
273,3888,1,1728,7.7911
273,3888,1,2592,7.7933
273,3888,1,3888,7.7966
273,3888,1,5832,7.8015
273,3888,1,8748,7.8089
273,3888,1,13122,7.8200
273,3888,1,16384,7.8282
273,3888,2,512,7.7893
273,3888,2,768,7.7906
273,3888,2,1152,7.7925
273,3888,2,1728,7.7955
273,3888,2,2592,7.7998
273,3888,2,3888,7.8064
273,3888,2,5832,7.8163
273,3888,2,8748,7.8311
273,3888,2,13122,7.8533
273,3888,2,16384,7.8698
273,3888,4,512,7.7919
273,3888,4,768,7.7945
273,3888,4,1152,7.7984
273,3888,4,1728,7.8042
273,3888,4,2592,7.8130
273,3888,4,3888,7.8261
273,3888,4,5832,7.8459
273,3888,4,8748,7.8754
273,3888,4,13122,9.0839
273,3888,4,16384,9.9891
273,3888,8,512,7.7971
273,3888,8,768,7.8023
273,3888,8,1152,7.8101
273,3888,8,1728,7.8218
273,3888,8,2592,7.8393
273,3888,8,3888,7.8656
273,3888,8,5832,8.6815
273,3888,8,8748,10.2999
273,3888,8,13122,12.7275
273,3888,8,16384,14.5380
273,3888,16,512,7.8075
273,3888,16,768,7.8179
273,3888,16,1152,7.8334
273,3888,16,1728,7.8568
273,3888,16,2592,8.3263
273,3888,16,3888,9.7649
273,3888,16,5832,11.9228
273,3888,16,8748,15.1596
273,3888,16,13122,20.0149
273,3888,16,16384,23.6358
273,3888,32,512,7.8282
273,3888,32,768,7.8490
273,3888,32,1152,8.0155
273,3888,32,1728,9.2942
273,3888,32,2592,11.2123
273,3888,32,3888,14.0895
273,3888,32,5832,18.4053
273,3888,32,8748,24.8790
273,3888,32,13122,34.5895
273,3888,32,16384,41.8313
273,3888,64,512,7.8698
273,3888,64,768,8.8857
273,3888,64,1152,10.5907
273,3888,64,1728,13.1482
273,3888,64,2592,16.9845
273,3888,64,3888,22.7389
273,3888,64,5832,31.3704
273,3888,64,8748,44.3178
273,3888,64,13122,63.7388
273,3888,64,16384,78.2225
273,3888,128,512,10.0579
273,3888,128,768,12.3312
273,3888,128,1152,15.7412
273,3888,128,1728,20.8563
273,3888,128,2592,28.5288
273,3888,128,3888,40.0375
273,3888,128,5832,57.3007
273,3888,128,8748,83.1954
273,3888,128,13122,122.0374
273,3888,128,16384,151.0047
273,5832,0,0,9.1328
273,5832,1,512,9.1341
273,5832,1,768,9.1347
273,5832,1,1152,9.1357
273,5832,1,1728,9.1372
273,5832,1,2592,9.1394
273,5832,1,3888,9.1426
273,5832,1,5832,9.1476
273,5832,1,8748,9.1550
273,5832,1,13122,9.1661
273,5832,1,16384,9.1743
273,5832,2,512,9.1354
273,5832,2,768,9.1367
273,5832,2,1152,9.1386
273,5832,2,1728,9.1415
273,5832,2,2592,9.1459
273,5832,2,3888,9.1525
273,5832,2,5832,9.1624
273,5832,2,8748,9.1772
273,5832,2,13122,9.1993
273,5832,2,16384,9.2159
273,5832,4,512,9.1380
273,5832,4,768,9.1406
273,5832,4,1152,9.1445
273,5832,4,1728,9.1503
273,5832,4,2592,9.1591
273,5832,4,3888,9.1722
273,5832,4,5832,9.1919
273,5832,4,8748,9.2215
273,5832,4,13122,9.2659
273,5832,4,16384,10.1240
273,5832,8,512,9.1432
273,5832,8,768,9.1484
273,5832,8,1152,9.1562
273,5832,8,1728,9.1678
273,5832,8,2592,9.1854
273,5832,8,3888,9.2117
273,5832,8,5832,9.2511
273,5832,8,8748,10.4348
273,5832,8,13122,12.8624
273,5832,8,16384,14.6728
273,5832,16,512,9.1536
273,5832,16,768,9.1639
273,5832,16,1152,9.1795
273,5832,16,1728,9.2029
273,5832,16,2592,9.2380
273,5832,16,3888,9.8997
273,5832,16,5832,12.0576
273,5832,16,8748,15.2945
273,5832,16,13122,20.1497
273,5832,16,16384,23.7706
273,5832,32,512,9.1743
273,5832,32,768,9.1951
273,5832,32,1152,9.2263
273,5832,32,1728,9.4291
273,5832,32,2592,11.3472
273,5832,32,3888,14.2244
273,5832,32,5832,18.5402
273,5832,32,8748,25.0139
273,5832,32,13122,34.7244
273,5832,32,16384,41.9662
273,5832,64,512,9.2159
273,5832,64,768,9.2574
273,5832,64,1152,10.7256
273,5832,64,1728,13.2831
273,5832,64,2592,17.1193
273,5832,64,3888,22.8737
273,5832,64,5832,31.5053
273,5832,64,8748,44.4527
273,5832,64,13122,63.8737
273,5832,64,16384,78.3573
273,5832,128,512,10.1928
273,5832,128,768,12.4661
273,5832,128,1152,15.8761
273,5832,128,1728,20.9911
273,5832,128,2592,28.6636
273,5832,128,3888,40.1724
273,5832,128,5832,57.4355
273,5832,128,8748,83.3302
273,5832,128,13122,122.1723
273,5832,128,16384,151.1396
273,8748,0,0,11.1519
273,8748,1,512,11.1532
273,8748,1,768,11.1539
273,8748,1,1152,11.1548
273,8748,1,1728,11.1563
273,8748,1,2592,11.1585
273,8748,1,3888,11.1618
273,8748,1,5832,11.1667
273,8748,1,8748,11.1741
273,8748,1,13122,11.1852
273,8748,1,16384,11.1935
273,8748,2,512,11.1545
273,8748,2,768,11.1558
273,8748,2,1152,11.1578
273,8748,2,1728,11.1607
273,8748,2,2592,11.1651
273,8748,2,3888,11.1716
273,8748,2,5832,11.1815
273,8748,2,8748,11.1963
273,8748,2,13122,11.2185
273,8748,2,16384,11.2350
273,8748,4,512,11.1571
273,8748,4,768,11.1597
273,8748,4,1152,11.1636
273,8748,4,1728,11.1694
273,8748,4,2592,11.1782
273,8748,4,3888,11.1914
273,8748,4,5832,11.2111
273,8748,4,8748,11.2407
273,8748,4,13122,11.2850
273,8748,4,16384,11.3181
273,8748,8,512,11.1623
273,8748,8,768,11.1675
273,8748,8,1152,11.1753
273,8748,8,1728,11.1870
273,8748,8,2592,11.2045
273,8748,8,3888,11.2308
273,8748,8,5832,11.2702
273,8748,8,8748,11.3294
273,8748,8,13122,13.0647
273,8748,8,16384,14.8751
273,8748,16,512,11.1727
273,8748,16,768,11.1831
273,8748,16,1152,11.1987
273,8748,16,1728,11.2220
273,8748,16,2592,11.2571
273,8748,16,3888,11.3097
273,8748,16,5832,12.2599
273,8748,16,8748,15.4968
273,8748,16,13122,20.3520
273,8748,16,16384,23.9729
273,8748,32,512,11.1935
273,8748,32,768,11.2142
273,8748,32,1152,11.2454
273,8748,32,1728,11.2922
273,8748,32,2592,11.5495
273,8748,32,3888,14.4267
273,8748,32,5832,18.7425
273,8748,32,8748,25.2162
273,8748,32,13122,34.9267
273,8748,32,16384,42.1685
273,8748,64,512,11.2350
273,8748,64,768,11.2766
273,8748,64,1152,11.3389
273,8748,64,1728,13.4854
273,8748,64,2592,17.3216
273,8748,64,3888,23.0760
273,8748,64,5832,31.7076
273,8748,64,8748,44.6550
273,8748,64,13122,64.0760
273,8748,64,16384,78.5596
273,8748,128,512,11.3181
273,8748,128,768,12.6684
273,8748,128,1152,16.0784
273,8748,128,1728,21.1934
273,8748,128,2592,28.8659
273,8748,128,3888,40.3747
273,8748,128,5832,57.6378
273,8748,128,8748,83.5325
273,8748,128,13122,122.3746
273,8748,128,16384,151.3419
273,13122,0,0,14.1806
273,13122,1,512,14.1819
273,13122,1,768,14.1826
273,13122,1,1152,14.1835
273,13122,1,1728,14.1850
273,13122,1,2592,14.1872
273,13122,1,3888,14.1905
273,13122,1,5832,14.1954
273,13122,1,8748,14.2028
273,13122,1,13122,14.2139
273,13122,1,16384,14.2222
273,13122,2,512,14.1832
273,13122,2,768,14.1845
273,13122,2,1152,14.1864
273,13122,2,1728,14.1894
273,13122,2,2592,14.1938
273,13122,2,3888,14.2003
273,13122,2,5832,14.2102
273,13122,2,8748,14.2250
273,13122,2,13122,14.2472
273,13122,2,16384,14.2637
273,13122,4,512,14.1858
273,13122,4,768,14.1884
273,13122,4,1152,14.1923
273,13122,4,1728,14.1981
273,13122,4,2592,14.2069
273,13122,4,3888,14.2201
273,13122,4,5832,14.2398
273,13122,4,8748,14.2694
273,13122,4,13122,14.3137
273,13122,4,16384,14.3468
273,13122,8,512,14.1910
273,13122,8,768,14.1962
273,13122,8,1152,14.2040
273,13122,8,1728,14.2157
273,13122,8,2592,14.2332
273,13122,8,3888,14.2595
273,13122,8,5832,14.2989
273,13122,8,8748,14.3581
273,13122,8,13122,14.4469
273,13122,8,16384,15.1786
273,13122,16,512,14.2014
273,13122,16,768,14.2118
273,13122,16,1152,14.2274
273,13122,16,1728,14.2507
273,13122,16,2592,14.2858
273,13122,16,3888,14.3384
273,13122,16,5832,14.4173
273,13122,16,8748,15.8002
273,13122,16,13122,20.6555
273,13122,16,16384,24.2764
273,13122,32,512,14.2222
273,13122,32,768,14.2429
273,13122,32,1152,14.2741
273,13122,32,1728,14.3209
273,13122,32,2592,14.3910
273,13122,32,3888,14.7302
273,13122,32,5832,19.0459
273,13122,32,8748,25.5196
273,13122,32,13122,35.2301
273,13122,32,16384,42.4719
273,13122,64,512,14.2637
273,13122,64,768,14.3053
273,13122,64,1152,14.3676
273,13122,64,1728,14.4611
273,13122,64,2592,17.6251
273,13122,64,3888,23.3795
273,13122,64,5832,32.0111
273,13122,64,8748,44.9584
273,13122,64,13122,64.3794
273,13122,64,16384,78.8631
273,13122,128,512,14.3468
273,13122,128,768,14.4299
273,13122,128,1152,16.3819
273,13122,128,1728,21.4969
273,13122,128,2592,29.1694
273,13122,128,3888,40.6781
273,13122,128,5832,57.9413
273,13122,128,8748,83.8360
273,13122,128,13122,122.6781
273,13122,128,16384,151.6453
273,16384,0,0,16.4393
273,16384,1,512,16.4406
273,16384,1,768,16.4413
273,16384,1,1152,16.4422
273,16384,1,1728,16.4437
273,16384,1,2592,16.4459
273,16384,1,3888,16.4492
273,16384,1,5832,16.4541
273,16384,1,8748,16.4615
273,16384,1,13122,16.4726
273,16384,1,16384,16.4809
273,16384,2,512,16.4419
273,16384,2,768,16.4432
273,16384,2,1152,16.4452
273,16384,2,1728,16.4481
273,16384,2,2592,16.4525
273,16384,2,3888,16.4590
273,16384,2,5832,16.4689
273,16384,2,8748,16.4837
273,16384,2,13122,16.5059
273,16384,2,16384,16.5224
273,16384,4,512,16.4445
273,16384,4,768,16.4471
273,16384,4,1152,16.4510
273,16384,4,1728,16.4568
273,16384,4,2592,16.4656
273,16384,4,3888,16.4788
273,16384,4,5832,16.4985
273,16384,4,8748,16.5281
273,16384,4,13122,16.5724
273,16384,4,16384,16.6055
273,16384,8,512,16.4497
273,16384,8,768,16.4549
273,16384,8,1152,16.4627
273,16384,8,1728,16.4744
273,16384,8,2592,16.4919
273,16384,8,3888,16.5182
273,16384,8,5832,16.5577
273,16384,8,8748,16.6168
273,16384,8,13122,16.7056
273,16384,8,16384,16.7718
273,16384,16,512,16.4601
273,16384,16,768,16.4705
273,16384,16,1152,16.4861
273,16384,16,1728,16.5094
273,16384,16,2592,16.5445
273,16384,16,3888,16.5971
273,16384,16,5832,16.6760
273,16384,16,8748,16.7943
273,16384,16,13122,20.8818
273,16384,16,16384,24.5027
273,16384,32,512,16.4809
273,16384,32,768,16.5017
273,16384,32,1152,16.5328
273,16384,32,1728,16.5796
273,16384,32,2592,16.6497
273,16384,32,3888,16.7549
273,16384,32,5832,19.2722
273,16384,32,8748,25.7459
273,16384,32,13122,35.4564
273,16384,32,16384,42.6983
273,16384,64,512,16.5224
273,16384,64,768,16.5640
273,16384,64,1152,16.6263
273,16384,64,1728,16.7198
273,16384,64,2592,17.8514
273,16384,64,3888,23.6058
273,16384,64,5832,32.2374
273,16384,64,8748,45.1847
273,16384,64,13122,64.6057
273,16384,64,16384,79.0894
273,16384,128,512,16.6055
273,16384,128,768,16.6887
273,16384,128,1152,16.8133
273,16384,128,1728,21.7232
273,16384,128,2592,29.3957
273,16384,128,3888,40.9045
273,16384,128,5832,58.1676
273,16384,128,8748,84.0623
273,16384,128,13122,122.9044
273,16384,128,16384,151.8716
410,0,0,0,5.2560
410,0,1,512,5.2921
410,0,1,768,5.3098
410,0,1,1152,5.3365
410,0,1,1728,5.3764
410,0,1,2592,5.4364
410,0,1,3888,5.5263
410,0,1,5832,5.6612
410,0,1,8748,5.8635
410,0,1,13122,6.1669
410,0,1,16384,6.3932
410,0,2,512,5.3282
410,0,2,768,5.3637
410,0,2,1152,5.4170
410,0,2,1728,5.4969
410,0,2,2592,5.6168
410,0,2,3888,5.7966
410,0,2,5832,6.0663
410,0,2,8748,6.4709
410,0,2,13122,7.0778
410,0,2,16384,7.5304
410,0,4,512,5.4003
410,0,4,768,5.4713
410,0,4,1152,5.5779
410,0,4,1728,5.7378
410,0,4,2592,5.9775
410,0,4,3888,6.3372
410,0,4,5832,6.8766
410,0,4,8748,7.6858
410,0,4,13122,8.8997
410,0,4,16384,9.8049
410,0,8,512,5.5446
410,0,8,768,5.6867
410,0,8,1152,5.8998
410,0,8,1728,6.2195
410,0,8,2592,6.6990
410,0,8,3888,7.4183
410,0,8,5832,8.4973
410,0,8,8748,10.1157
410,0,8,13122,12.5433
410,0,8,16384,14.3538
410,0,16,512,5.8332
410,0,16,768,6.1174
410,0,16,1152,6.5436
410,0,16,1728,7.1830
410,0,16,2592,8.1421
410,0,16,3888,9.5807
410,0,16,5832,11.7386
410,0,16,8748,14.9754
410,0,16,13122,19.8307
410,0,16,16384,23.4516
410,0,32,512,6.4104
410,0,32,768,6.9788
410,0,32,1152,7.8313
410,0,32,1728,9.1100
410,0,32,2592,11.0281
410,0,32,3888,13.9053
410,0,32,5832,18.2211
410,0,32,8748,24.6948
410,0,32,13122,34.4053
410,0,32,16384,41.6471
410,0,64,512,7.5649
410,0,64,768,8.7015
410,0,64,1152,10.4065
410,0,64,1728,12.9640
410,0,64,2592,16.8003
410,0,64,3888,22.5547
410,0,64,5832,31.1862
410,0,64,8748,44.1336
410,0,64,13122,63.5546
410,0,64,16384,78.0383
410,0,128,512,9.8737
410,0,128,768,12.1470
410,0,128,1152,15.5571
410,0,128,1728,20.6721
410,0,128,2592,28.3446
410,0,128,3888,39.8533
410,0,128,5832,57.1165
410,0,128,8748,83.0112
410,0,128,13122,121.8532
410,0,128,16384,150.8205
410,512,0,0,5.7456
410,512,1,512,5.7469
410,512,1,768,5.7476
410,512,1,1152,5.7485
410,512,1,1728,5.7500
410,512,1,2592,5.7522
410,512,1,3888,5.7555
410,512,1,5832,5.7604
410,512,1,8748,5.8990
410,512,1,13122,6.2024
410,512,1,16384,6.4287
410,512,2,512,5.7482
410,512,2,768,5.7495
410,512,2,1152,5.7515
410,512,2,1728,5.7544
410,512,2,2592,5.7588
410,512,2,3888,5.8321
410,512,2,5832,6.1018
410,512,2,8748,6.5064
410,512,2,13122,7.1134
410,512,2,16384,7.5660
410,512,4,512,5.7508
410,512,4,768,5.7534
410,512,4,1152,5.7573
410,512,4,1728,5.7733
410,512,4,2592,6.0130
410,512,4,3888,6.3727
410,512,4,5832,6.9122
410,512,4,8748,7.7214
410,512,4,13122,8.9352
410,512,4,16384,9.8404
410,512,8,512,5.7560
410,512,8,768,5.7612
410,512,8,1152,5.9353
410,512,8,1728,6.2550
410,512,8,2592,6.7346
410,512,8,3888,7.4539
410,512,8,5832,8.5328
410,512,8,8748,10.1512
410,512,8,13122,12.5788
410,512,8,16384,14.3893
410,512,16,512,5.8687
410,512,16,768,6.1529
410,512,16,1152,6.5792
410,512,16,1728,7.2185
410,512,16,2592,8.1776
410,512,16,3888,9.6162
410,512,16,5832,11.7741
410,512,16,8748,15.0109
410,512,16,13122,19.8662
410,512,16,16384,23.4871
410,512,32,512,6.4459
410,512,32,768,7.0143
410,512,32,1152,7.8668
410,512,32,1728,9.1455
410,512,32,2592,11.0637
410,512,32,3888,13.9409
410,512,32,5832,18.2566
410,512,32,8748,24.7303
410,512,32,13122,34.4408
410,512,32,16384,41.6826
410,512,64,512,7.6004
410,512,64,768,8.7370
410,512,64,1152,10.4420
410,512,64,1728,12.9995
410,512,64,2592,16.8358
410,512,64,3888,22.5902
410,512,64,5832,31.2218
410,512,64,8748,44.1691
410,512,64,13122,63.5901
410,512,64,16384,78.0738
410,512,128,512,9.9092
410,512,128,768,12.1826
410,512,128,1152,15.5926
410,512,128,1728,20.7076
410,512,128,2592,28.3801
410,512,128,3888,39.8888
410,512,128,5832,57.1520
410,512,128,8748,83.0467
410,512,128,13122,121.8888
410,512,128,16384,150.8560
410,768,0,0,6.0118
410,768,1,512,6.0131
410,768,1,768,6.0138
410,768,1,1152,6.0148
410,768,1,1728,6.0162
410,768,1,2592,6.0184
410,768,1,3888,6.0217
410,768,1,5832,6.0266
410,768,1,8748,6.0340
410,768,1,13122,6.2202
410,768,1,16384,6.4465
410,768,2,512,6.0144
410,768,2,768,6.0157
410,768,2,1152,6.0177
410,768,2,1728,6.0206
410,768,2,2592,6.0250
410,768,2,3888,6.0316
410,768,2,5832,6.1196
410,768,2,8748,6.5242
410,768,2,13122,7.1311
410,768,2,16384,7.5837
410,768,4,512,6.0170
410,768,4,768,6.0196
410,768,4,1152,6.0235
410,768,4,1728,6.0294
410,768,4,2592,6.0381
410,768,4,3888,6.3904
410,768,4,5832,6.9299
410,768,4,8748,7.7391
410,768,4,13122,8.9529
410,768,4,16384,9.8582
410,768,8,512,6.0222
410,768,8,768,6.0274
410,768,8,1152,6.0352
410,768,8,1728,6.2728
410,768,8,2592,6.7523
410,768,8,3888,7.4716
410,768,8,5832,8.5506
410,768,8,8748,10.1690
410,768,8,13122,12.5966
410,768,8,16384,14.4071
410,768,16,512,6.0326
410,768,16,768,6.1707
410,768,16,1152,6.5969
410,768,16,1728,7.2363
410,768,16,2592,8.1954
410,768,16,3888,9.6339
410,768,16,5832,11.7918
410,768,16,8748,15.0287
410,768,16,13122,19.8839
410,768,16,16384,23.5048
410,768,32,512,6.4637
410,768,32,768,7.0320
410,768,32,1152,7.8845
410,768,32,1728,9.1633
410,768,32,2592,11.0814
410,768,32,3888,13.9586
410,768,32,5832,18.2744
410,768,32,8748,24.7481
410,768,32,13122,34.4586
410,768,32,16384,41.7004
410,768,64,512,7.6181
410,768,64,768,8.7548
410,768,64,1152,10.4598
410,768,64,1728,13.0173
410,768,64,2592,16.8536
410,768,64,3888,22.6079
410,768,64,5832,31.2395
410,768,64,8748,44.1869
410,768,64,13122,63.6079
410,768,64,16384,78.0915
410,768,128,512,9.9270
410,768,128,768,12.2003
410,768,128,1152,15.6103
410,768,128,1728,20.7253
410,768,128,2592,28.3978
410,768,128,3888,39.9066
410,768,128,5832,57.1697
410,768,128,8748,83.0645
410,768,128,13122,121.9065
410,768,128,16384,150.8738
410,1152,0,0,6.4112
410,1152,1,512,6.4125
410,1152,1,768,6.4131
410,1152,1,1152,6.4141
410,1152,1,1728,6.4155
410,1152,1,2592,6.4177
410,1152,1,3888,6.4210
410,1152,1,5832,6.4260
410,1152,1,8748,6.4334
410,1152,1,13122,6.4444
410,1152,1,16384,6.4731
410,1152,2,512,6.4138
410,1152,2,768,6.4151
410,1152,2,1152,6.4170
410,1152,2,1728,6.4199
410,1152,2,2592,6.4243
410,1152,2,3888,6.4309
410,1152,2,5832,6.4408
410,1152,2,8748,6.5508
410,1152,2,13122,7.1578
410,1152,2,16384,7.6104
410,1152,4,512,6.4164
410,1152,4,768,6.4190
410,1152,4,1152,6.4229
410,1152,4,1728,6.4287
410,1152,4,2592,6.4375
410,1152,4,3888,6.4506
410,1152,4,5832,6.9566
410,1152,4,8748,7.7658
410,1152,4,13122,8.9796
410,1152,4,16384,9.8848
410,1152,8,512,6.4216
410,1152,8,768,6.4267
410,1152,8,1152,6.4345
410,1152,8,1728,6.4462
410,1152,8,2592,6.7790
410,1152,8,3888,7.4983
410,1152,8,5832,8.5772
410,1152,8,8748,10.1956
410,1152,8,13122,12.6232
410,1152,8,16384,14.4337
410,1152,16,512,6.4319
410,1152,16,768,6.4423
410,1152,16,1152,6.6236
410,1152,16,1728,7.2629
410,1152,16,2592,8.2220
410,1152,16,3888,9.6606
410,1152,16,5832,11.8185
410,1152,16,8748,15.0553
410,1152,16,13122,19.9106
410,1152,16,16384,23.5315
410,1152,32,512,6.4904
410,1152,32,768,7.0587
410,1152,32,1152,7.9112
410,1152,32,1728,9.1899
410,1152,32,2592,11.1081
410,1152,32,3888,13.9853
410,1152,32,5832,18.3010
410,1152,32,8748,24.7747
410,1152,32,13122,34.4852
410,1152,32,16384,41.7271
410,1152,64,512,7.6448
410,1152,64,768,8.7814
410,1152,64,1152,10.4864
410,1152,64,1728,13.0440
410,1152,64,2592,16.8802
410,1152,64,3888,22.6346
410,1152,64,5832,31.2662
410,1152,64,8748,44.2135
410,1152,64,13122,63.6345
410,1152,64,16384,78.1182
410,1152,128,512,9.9536
410,1152,128,768,12.2270
410,1152,128,1152,15.6370
410,1152,128,1728,20.7520
410,1152,128,2592,28.4245
410,1152,128,3888,39.9332
410,1152,128,5832,57.1964
410,1152,128,8748,83.0911
410,1152,128,13122,121.9332
410,1152,128,16384,150.9004
410,1728,0,0,7.0102
410,1728,1,512,7.0115
410,1728,1,768,7.0121
410,1728,1,1152,7.0131
410,1728,1,1728,7.0145
410,1728,1,2592,7.0167
410,1728,1,3888,7.0200
410,1728,1,5832,7.0249
410,1728,1,8748,7.0323
410,1728,1,13122,7.0434
410,1728,1,16384,7.0517
410,1728,2,512,7.0128
410,1728,2,768,7.0141
410,1728,2,1152,7.0160
410,1728,2,1728,7.0189
410,1728,2,2592,7.0233
410,1728,2,3888,7.0299
410,1728,2,5832,7.0397
410,1728,2,8748,7.0545
410,1728,2,13122,7.1977
410,1728,2,16384,7.6503
410,1728,4,512,7.0154
410,1728,4,768,7.0179
410,1728,4,1152,7.0218
410,1728,4,1728,7.0277
410,1728,4,2592,7.0365
410,1728,4,3888,7.0496
410,1728,4,5832,7.0693
410,1728,4,8748,7.8057
410,1728,4,13122,9.0195
410,1728,4,16384,9.9248
410,1728,8,512,7.0205
410,1728,8,768,7.0257
410,1728,8,1152,7.0335
410,1728,8,1728,7.0452
410,1728,8,2592,7.0628
410,1728,8,3888,7.5382
410,1728,8,5832,8.6172
410,1728,8,8748,10.2356
410,1728,8,13122,12.6632
410,1728,8,16384,14.4737
410,1728,16,512,7.0309
410,1728,16,768,7.0413
410,1728,16,1152,7.0569
410,1728,16,1728,7.3029
410,1728,16,2592,8.2620
410,1728,16,3888,9.7005
410,1728,16,5832,11.8584
410,1728,16,8748,15.0953
410,1728,16,13122,19.9505
410,1728,16,16384,23.5714
410,1728,32,512,7.0517
410,1728,32,768,7.0986
410,1728,32,1152,7.9511
410,1728,32,1728,9.2299
410,1728,32,2592,11.1480
410,1728,32,3888,14.0252
410,1728,32,5832,18.3410
410,1728,32,8748,24.8147
410,1728,32,13122,34.5252
410,1728,32,16384,41.7670
410,1728,64,512,7.6847
410,1728,64,768,8.8214
410,1728,64,1152,10.5264
410,1728,64,1728,13.0839
410,1728,64,2592,16.9202
410,1728,64,3888,22.6745
410,1728,64,5832,31.3061
410,1728,64,8748,44.2535
410,1728,64,13122,63.6745
410,1728,64,16384,78.1581
410,1728,128,512,9.9936
410,1728,128,768,12.2669
410,1728,128,1152,15.6769
410,1728,128,1728,20.7919
410,1728,128,2592,28.4644
410,1728,128,3888,39.9732
410,1728,128,5832,57.2363
410,1728,128,8748,83.1311
410,1728,128,13122,121.9731
410,1728,128,16384,150.9404
410,2592,0,0,7.9086
410,2592,1,512,7.9099
410,2592,1,768,7.9106
410,2592,1,1152,7.9116
410,2592,1,1728,7.9130
410,2592,1,2592,7.9152
410,2592,1,3888,7.9185
410,2592,1,5832,7.9234
410,2592,1,8748,7.9308
410,2592,1,13122,7.9419
410,2592,1,16384,7.9502
410,2592,2,512,7.9112
410,2592,2,768,7.9125
410,2592,2,1152,7.9145
410,2592,2,1728,7.9174
410,2592,2,2592,7.9218
410,2592,2,3888,7.9284
410,2592,2,5832,7.9382
410,2592,2,8748,7.9530
410,2592,2,13122,7.9752
410,2592,2,16384,7.9918
410,2592,4,512,7.9138
410,2592,4,768,7.9164
410,2592,4,1152,7.9203
410,2592,4,1728,7.9262
410,2592,4,2592,7.9349
410,2592,4,3888,7.9481
410,2592,4,5832,7.9678
410,2592,4,8748,7.9974
410,2592,4,13122,9.0795
410,2592,4,16384,9.9847
410,2592,8,512,7.9190
410,2592,8,768,7.9242
410,2592,8,1152,7.9320
410,2592,8,1728,7.9437
410,2592,8,2592,7.9612
410,2592,8,3888,7.9875
410,2592,8,5832,8.6771
410,2592,8,8748,10.2955
410,2592,8,13122,12.7232
410,2592,8,16384,14.5336
410,2592,16,512,7.9294
410,2592,16,768,7.9398
410,2592,16,1152,7.9554
410,2592,16,1728,7.9788
410,2592,16,2592,8.3219
410,2592,16,3888,9.7605
410,2592,16,5832,11.9184
410,2592,16,8748,15.1552
410,2592,16,13122,20.0105
410,2592,16,16384,23.6314
410,2592,32,512,7.9502
410,2592,32,768,7.9710
410,2592,32,1152,8.0111
410,2592,32,1728,9.2898
410,2592,32,2592,11.2080
410,2592,32,3888,14.0852
410,2592,32,5832,18.4009
410,2592,32,8748,24.8746
410,2592,32,13122,34.5851
410,2592,32,16384,41.8270
410,2592,64,512,7.9918
410,2592,64,768,8.8813
410,2592,64,1152,10.5864
410,2592,64,1728,13.1439
410,2592,64,2592,16.9801
410,2592,64,3888,22.7345
410,2592,64,5832,31.3661
410,2592,64,8748,44.3134
410,2592,64,13122,63.7344
410,2592,64,16384,78.2181
410,2592,128,512,10.0535
410,2592,128,768,12.3269
410,2592,128,1152,15.7369
410,2592,128,1728,20.8519
410,2592,128,2592,28.5244
410,2592,128,3888,40.0331
410,2592,128,5832,57.2963
410,2592,128,8748,83.1910
410,2592,128,13122,122.0331
410,2592,128,16384,151.0003
410,3888,0,0,9.2564
410,3888,1,512,9.2577
410,3888,1,768,9.2583
410,3888,1,1152,9.2593
410,3888,1,1728,9.2608
410,3888,1,2592,9.2629
410,3888,1,3888,9.2662
410,3888,1,5832,9.2712
410,3888,1,8748,9.2786
410,3888,1,13122,9.2897
410,3888,1,16384,9.2979
410,3888,2,512,9.2590
410,3888,2,768,9.2603
410,3888,2,1152,9.2622
410,3888,2,1728,9.2651
410,3888,2,2592,9.2695
410,3888,2,3888,9.2761
410,3888,2,5832,9.2860
410,3888,2,8748,9.3008
410,3888,2,13122,9.3229
410,3888,2,16384,9.3395
410,3888,4,512,9.2616
410,3888,4,768,9.2642
410,3888,4,1152,9.2681
410,3888,4,1728,9.2739
410,3888,4,2592,9.2827
410,3888,4,3888,9.2958
410,3888,4,5832,9.3155
410,3888,4,8748,9.3451
410,3888,4,13122,9.3895
410,3888,4,16384,10.0746
410,3888,8,512,9.2668
410,3888,8,768,9.2720
410,3888,8,1152,9.2798
410,3888,8,1728,9.2914
410,3888,8,2592,9.3090
410,3888,8,3888,9.3353
410,3888,8,5832,9.3747
410,3888,8,8748,10.3854
410,3888,8,13122,12.8131
410,3888,8,16384,14.6235
410,3888,16,512,9.2772
410,3888,16,768,9.2875
410,3888,16,1152,9.3031
410,3888,16,1728,9.3265
410,3888,16,2592,9.3616
410,3888,16,3888,9.8504
410,3888,16,5832,12.0083
410,3888,16,8748,15.2451
410,3888,16,13122,20.1004
410,3888,16,16384,23.7213
410,3888,32,512,9.2979
410,3888,32,768,9.3187
410,3888,32,1152,9.3499
410,3888,32,1728,9.3966
410,3888,32,2592,11.2979
410,3888,32,3888,14.1751
410,3888,32,5832,18.4909
410,3888,32,8748,24.9645
410,3888,32,13122,34.6750
410,3888,32,16384,41.9169
410,3888,64,512,9.3395
410,3888,64,768,9.3810
410,3888,64,1152,10.6763
410,3888,64,1728,13.2338
410,3888,64,2592,17.0700
410,3888,64,3888,22.8244
410,3888,64,5832,31.4560
410,3888,64,8748,44.4033
410,3888,64,13122,63.8244
410,3888,64,16384,78.3080
410,3888,128,512,10.1434
410,3888,128,768,12.4168
410,3888,128,1152,15.8268
410,3888,128,1728,20.9418
410,3888,128,2592,28.6143
410,3888,128,3888,40.1231
410,3888,128,5832,57.3862
410,3888,128,8748,83.2809
410,3888,128,13122,122.1230
410,3888,128,16384,151.0903
410,5832,0,0,11.2780
410,5832,1,512,11.2793
410,5832,1,768,11.2799
410,5832,1,1152,11.2809
410,5832,1,1728,11.2824
410,5832,1,2592,11.2845
410,5832,1,3888,11.2878
410,5832,1,5832,11.2928
410,5832,1,8748,11.3002
410,5832,1,13122,11.3113
410,5832,1,16384,11.3195
410,5832,2,512,11.2806
410,5832,2,768,11.2819
410,5832,2,1152,11.2838
410,5832,2,1728,11.2867
410,5832,2,2592,11.2911
410,5832,2,3888,11.2977
410,5832,2,5832,11.3076
410,5832,2,8748,11.3223
410,5832,2,13122,11.3445
410,5832,2,16384,11.3611
410,5832,4,512,11.2832
410,5832,4,768,11.2858
410,5832,4,1152,11.2897
410,5832,4,1728,11.2955
410,5832,4,2592,11.3043
410,5832,4,3888,11.3174
410,5832,4,5832,11.3371
410,5832,4,8748,11.3667
410,5832,4,13122,11.4111
410,5832,4,16384,11.4442
410,5832,8,512,11.2884
410,5832,8,768,11.2936
410,5832,8,1152,11.3013
410,5832,8,1728,11.3130
410,5832,8,2592,11.3306
410,5832,8,3888,11.3569
410,5832,8,5832,11.3963
410,5832,8,8748,11.4555
410,5832,8,13122,12.9479
410,5832,8,16384,14.7584
410,5832,16,512,11.2987
410,5832,16,768,11.3091
410,5832,16,1152,11.3247
410,5832,16,1728,11.3481
410,5832,16,2592,11.3832
410,5832,16,3888,11.4358
410,5832,16,5832,12.1432
410,5832,16,8748,15.3800
410,5832,16,13122,20.2353
410,5832,16,16384,23.8562
410,5832,32,512,11.3195
410,5832,32,768,11.3403
410,5832,32,1152,11.3715
410,5832,32,1728,11.4182
410,5832,32,2592,11.4883
410,5832,32,3888,14.3099
410,5832,32,5832,18.6257
410,5832,32,8748,25.0994
410,5832,32,13122,34.8099
410,5832,32,16384,42.0517
410,5832,64,512,11.3611
410,5832,64,768,11.4026
410,5832,64,1152,11.4650
410,5832,64,1728,13.3686
410,5832,64,2592,17.2049
410,5832,64,3888,22.9593
410,5832,64,5832,31.5908
410,5832,64,8748,44.5382
410,5832,64,13122,63.9592
410,5832,64,16384,78.4429
410,5832,128,512,11.4442
410,5832,128,768,12.5517
410,5832,128,1152,15.9617
410,5832,128,1728,21.0767
410,5832,128,2592,28.7492
410,5832,128,3888,40.2579
410,5832,128,5832,57.5211
410,5832,128,8748,83.4158
410,5832,128,13122,122.2579
410,5832,128,16384,151.2251
410,8748,0,0,14.3104
410,8748,1,512,14.3117
410,8748,1,768,14.3123
410,8748,1,1152,14.3133
410,8748,1,1728,14.3147
410,8748,1,2592,14.3169
410,8748,1,3888,14.3202
410,8748,1,5832,14.3252
410,8748,1,8748,14.3326
410,8748,1,13122,14.3436
410,8748,1,16384,14.3519
410,8748,2,512,14.3130
410,8748,2,768,14.3143
410,8748,2,1152,14.3162
410,8748,2,1728,14.3191
410,8748,2,2592,14.3235
410,8748,2,3888,14.3301
410,8748,2,5832,14.3400
410,8748,2,8748,14.3547
410,8748,2,13122,14.3769
410,8748,2,16384,14.3935
410,8748,4,512,14.3156
410,8748,4,768,14.3182
410,8748,4,1152,14.3221
410,8748,4,1728,14.3279
410,8748,4,2592,14.3367
410,8748,4,3888,14.3498
410,8748,4,5832,14.3695
410,8748,4,8748,14.3991
410,8748,4,13122,14.4435
410,8748,4,16384,14.4766
410,8748,8,512,14.3208
410,8748,8,768,14.3259
410,8748,8,1152,14.3337
410,8748,8,1728,14.3454
410,8748,8,2592,14.3630
410,8748,8,3888,14.3893
410,8748,8,5832,14.4287
410,8748,8,8748,14.4879
410,8748,8,13122,14.5766
410,8748,8,16384,14.9607
410,8748,16,512,14.3311
410,8748,16,768,14.3415
410,8748,16,1152,14.3571
410,8748,16,1728,14.3805
410,8748,16,2592,14.4156
410,8748,16,3888,14.4681
410,8748,16,5832,14.5470
410,8748,16,8748,15.5823
410,8748,16,13122,20.4376
410,8748,16,16384,24.0585
410,8748,32,512,14.3519
410,8748,32,768,14.3727
410,8748,32,1152,14.4039
410,8748,32,1728,14.4506
410,8748,32,2592,14.5207
410,8748,32,3888,14.6259
410,8748,32,5832,18.8280
410,8748,32,8748,25.3017
410,8748,32,13122,35.0122
410,8748,32,16384,42.2540
410,8748,64,512,14.3935
410,8748,64,768,14.4350
410,8748,64,1152,14.4974
410,8748,64,1728,14.5909
410,8748,64,2592,17.4072
410,8748,64,3888,23.1616
410,8748,64,5832,31.7931
410,8748,64,8748,44.7405
410,8748,64,13122,64.1615
410,8748,64,16384,78.6452
410,8748,128,512,14.4766
410,8748,128,768,14.5597
410,8748,128,1152,16.1640
410,8748,128,1728,21.2790
410,8748,128,2592,28.9515
410,8748,128,3888,40.4602
410,8748,128,5832,57.7234
410,8748,128,8748,83.6181
410,8748,128,13122,122.4602
410,8748,128,16384,151.4274
410,13122,0,0,18.8590
410,13122,1,512,18.8603
410,13122,1,768,18.8609
410,13122,1,1152,18.8619
410,13122,1,1728,18.8633
410,13122,1,2592,18.8655
410,13122,1,3888,18.8688
410,13122,1,5832,18.8737
410,13122,1,8748,18.8811
410,13122,1,13122,18.8922
410,13122,1,16384,18.9005
410,13122,2,512,18.8616
410,13122,2,768,18.8629
410,13122,2,1152,18.8648
410,13122,2,1728,18.8677
410,13122,2,2592,18.8721
410,13122,2,3888,18.8787
410,13122,2,5832,18.8885
410,13122,2,8748,18.9033
410,13122,2,13122,18.9255
410,13122,2,16384,18.9421
410,13122,4,512,18.8642
410,13122,4,768,18.8667
410,13122,4,1152,18.8706
410,13122,4,1728,18.8765
410,13122,4,2592,18.8853
410,13122,4,3888,18.8984
410,13122,4,5832,18.9181
410,13122,4,8748,18.9477
410,13122,4,13122,18.9921
410,13122,4,16384,19.0252
410,13122,8,512,18.8693
410,13122,8,768,18.8745
410,13122,8,1152,18.8823
410,13122,8,1728,18.8940
410,13122,8,2592,18.9116
410,13122,8,3888,18.9378
410,13122,8,5832,18.9773
410,13122,8,8748,19.0365
410,13122,8,13122,19.1252
410,13122,8,16384,19.1914
410,13122,16,512,18.8797
410,13122,16,768,18.8901
410,13122,16,1152,18.9057
410,13122,16,1728,18.9291
410,13122,16,2592,18.9641
410,13122,16,3888,19.0167
410,13122,16,5832,19.0956
410,13122,16,8748,19.2140
410,13122,16,13122,20.7410
410,13122,16,16384,24.3619
410,13122,32,512,18.9005
410,13122,32,768,18.9213
410,13122,32,1152,18.9525
410,13122,32,1728,18.9992
410,13122,32,2592,19.0693
410,13122,32,3888,19.1745
410,13122,32,5832,19.3323
410,13122,32,8748,25.6052
410,13122,32,13122,35.3157
410,13122,32,16384,42.5575
410,13122,64,512,18.9421
410,13122,64,768,18.9836
410,13122,64,1152,19.0460
410,13122,64,1728,19.1395
410,13122,64,2592,19.2797
410,13122,64,3888,23.4650
410,13122,64,5832,32.0966
410,13122,64,8748,45.0440
410,13122,64,13122,64.4650
410,13122,64,16384,78.9486
410,13122,128,512,19.0252
410,13122,128,768,19.1083
410,13122,128,1152,19.2330
410,13122,128,1728,21.5824
410,13122,128,2592,29.2549
410,13122,128,3888,40.7637
410,13122,128,5832,58.0268
410,13122,128,8748,83.9215
410,13122,128,13122,122.7636
410,13122,128,16384,151.7309
410,16384,0,0,22.2512
410,16384,1,512,22.2525
410,16384,1,768,22.2531
410,16384,1,1152,22.2541
410,16384,1,1728,22.2555
410,16384,1,2592,22.2577
410,16384,1,3888,22.2610
410,16384,1,5832,22.2660
410,16384,1,8748,22.2734
410,16384,1,13122,22.2844
410,16384,1,16384,22.2927
410,16384,2,512,22.2538
410,16384,2,768,22.2551
410,16384,2,1152,22.2570
410,16384,2,1728,22.2599
410,16384,2,2592,22.2643
410,16384,2,3888,22.2709
410,16384,2,5832,22.2807
410,16384,2,8748,22.2955
410,16384,2,13122,22.3177
410,16384,2,16384,22.3343
410,16384,4,512,22.2564
410,16384,4,768,22.2590
410,16384,4,1152,22.2629
410,16384,4,1728,22.2687
410,16384,4,2592,22.2775
410,16384,4,3888,22.2906
410,16384,4,5832,22.3103
410,16384,4,8748,22.3399
410,16384,4,13122,22.3843
410,16384,4,16384,22.4174
410,16384,8,512,22.2616
410,16384,8,768,22.2667
410,16384,8,1152,22.2745
410,16384,8,1728,22.2862
410,16384,8,2592,22.3038
410,16384,8,3888,22.3301
410,16384,8,5832,22.3695
410,16384,8,8748,22.4287
410,16384,8,13122,22.5174
410,16384,8,16384,22.5836
410,16384,16,512,22.2719
410,16384,16,768,22.2823
410,16384,16,1152,22.2979
410,16384,16,1728,22.3213
410,16384,16,2592,22.3564
410,16384,16,3888,22.4089
410,16384,16,5832,22.4878
410,16384,16,8748,22.6062
410,16384,16,13122,22.7837
410,16384,16,16384,24.5882
410,16384,32,512,22.2927
410,16384,32,768,22.3135
410,16384,32,1152,22.3447
410,16384,32,1728,22.3914
410,16384,32,2592,22.4615
410,16384,32,3888,22.5667
410,16384,32,5832,22.7245
410,16384,32,8748,25.8315
410,16384,32,13122,35.5420
410,16384,32,16384,42.7838
410,16384,64,512,22.3343
410,16384,64,768,22.3758
410,16384,64,1152,22.4382
410,16384,64,1728,22.5317
410,16384,64,2592,22.6719
410,16384,64,3888,23.6913
410,16384,64,5832,32.3229
410,16384,64,8748,45.2703
410,16384,64,13122,64.6913
410,16384,64,16384,79.1749
410,16384,128,512,22.4174
410,16384,128,768,22.5005
410,16384,128,1152,22.6252
410,16384,128,1728,22.8122
410,16384,128,2592,29.4812
410,16384,128,3888,40.9900
410,16384,128,5832,58.2531
410,16384,128,8748,84.1478
410,16384,128,13122,122.9899
410,16384,128,16384,151.9572
512,0,0,0,5.3324
512,0,1,16,5.3325
512,0,1,32,5.3325
512,0,1,64,5.3326
512,0,1,128,5.3328
512,0,1,256,5.3380
512,0,1,512,5.3558
512,0,1,1024,5.3913
512,0,1,2048,5.4623
512,0,1,4096,5.6044
512,0,1,8192,5.8886
512,0,1,16384,6.4569
512,0,2,16,5.3325
512,0,2,32,5.3326
512,0,2,64,5.3328
512,0,2,128,5.3386
512,0,2,256,5.3563
512,0,2,512,5.3918
512,0,2,1024,5.4629
512,0,2,2048,5.6050
512,0,2,4096,5.8891
512,0,2,8192,6.4575
512,0,2,16384,7.5941
512,0,4,16,5.3326
512,0,4,32,5.3328
512,0,4,64,5.3397
512,0,4,128,5.3574
512,0,4,256,5.3929
512,0,4,512,5.4640
512,0,4,1024,5.6061
512,0,4,2048,5.8902
512,0,4,4096,6.4586
512,0,4,8192,7.5952
512,0,4,16384,9.8686
512,0,8,16,5.3330
512,0,8,32,5.3419
512,0,8,64,5.3596
512,0,8,128,5.3952
512,0,8,256,5.4662
512,0,8,512,5.6083
512,0,8,1024,5.8925
512,0,8,2048,6.4608
512,0,8,4096,7.5975
512,0,8,8192,9.8708
512,0,8,16384,14.4175
512,0,16,16,5.3463
512,0,16,32,5.3641
512,0,16,64,5.3996
512,0,16,128,5.4707
512,0,16,256,5.6127
512,0,16,512,5.8969
512,0,16,1024,6.4652
512,0,16,2048,7.6019
512,0,16,4096,9.8752
512,0,16,8192,14.4219
512,0,16,16384,23.5153
512,0,32,16,5.3730
512,0,32,32,5.4085
512,0,32,64,5.4795
512,0,32,128,5.6216
512,0,32,256,5.9058
512,0,32,512,6.4741
512,0,32,1024,7.6108
512,0,32,2048,9.8841
512,0,32,4096,14.4308
512,0,32,8192,23.5241
512,0,32,16384,41.7108
512,0,64,16,5.4263
512,0,64,32,5.4973
512,0,64,64,5.6394
512,0,64,128,5.9235
512,0,64,256,6.4919
512,0,64,512,7.6285
512,0,64,1024,9.9019
512,0,64,2048,14.4486
512,0,64,4096,23.5419
512,0,64,8192,41.7286
512,0,64,16384,78.1019
512,0,128,16,5.5328
512,0,128,32,5.6749
512,0,128,64,5.9591
512,0,128,128,6.5274
512,0,128,256,7.6641
512,0,128,512,9.9374
512,0,128,1024,14.4841
512,0,128,2048,23.5774
512,0,128,4096,41.7641
512,0,128,8192,78.1375
512,0,128,16384,150.8842
512,16,0,0,5.3532
512,16,1,16,5.3533
512,16,1,32,5.3533
512,16,1,64,5.3534
512,16,1,128,5.3536
512,16,1,256,5.3539
512,16,1,512,5.3569
512,16,1,1024,5.3924
512,16,1,2048,5.4634
512,16,1,4096,5.6055
512,16,1,8192,5.8897
512,16,1,16384,6.4580
512,16,2,16,5.3533
512,16,2,32,5.3534
512,16,2,64,5.3536
512,16,2,128,5.3539
512,16,2,256,5.3574
512,16,2,512,5.3929
512,16,2,1024,5.4640
512,16,2,2048,5.6061
512,16,2,4096,5.8902
512,16,2,8192,6.4586
512,16,2,16384,7.5952
512,16,4,16,5.3534
512,16,4,32,5.3536
512,16,4,64,5.3539
512,16,4,128,5.3585
512,16,4,256,5.3941
512,16,4,512,5.4651
512,16,4,1024,5.6072
512,16,4,2048,5.8914
512,16,4,4096,6.4597
512,16,4,8192,7.5964
512,16,4,16384,9.8697
512,16,8,16,5.3536
512,16,8,32,5.3539
512,16,8,64,5.3608
512,16,8,128,5.3963
512,16,8,256,5.4673
512,16,8,512,5.6094
512,16,8,1024,5.8936
512,16,8,2048,6.4619
512,16,8,4096,7.5986
512,16,8,8192,9.8719
512,16,8,16384,14.4186
512,16,16,16,5.3539
512,16,16,32,5.3652
512,16,16,64,5.4007
512,16,16,128,5.4718
512,16,16,256,5.6138
512,16,16,512,5.8980
512,16,16,1024,6.4663
512,16,16,2048,7.6030
512,16,16,4096,9.8763
512,16,16,8192,14.4230
512,16,16,16384,23.5164
512,16,32,16,5.3741
512,16,32,32,5.4096
512,16,32,64,5.4806
512,16,32,128,5.6227
512,16,32,256,5.9069
512,16,32,512,6.4752
512,16,32,1024,7.6119
512,16,32,2048,9.8852
512,16,32,4096,14.4319
512,16,32,8192,23.5252
512,16,32,16384,41.7119
512,16,64,16,5.4274
512,16,64,32,5.4984
512,16,64,64,5.6405
512,16,64,128,5.9247
512,16,64,256,6.4930
512,16,64,512,7.6297
512,16,64,1024,9.9030
512,16,64,2048,14.4497
512,16,64,4096,23.5430
512,16,64,8192,41.7297
512,16,64,16384,78.1031
512,16,128,16,5.5339
512,16,128,32,5.6760
512,16,128,64,5.9602
512,16,128,128,6.5285
512,16,128,256,7.6652
512,16,128,512,9.9385
512,16,128,1024,14.4852
512,16,128,2048,23.5785
512,16,128,4096,41.7652
512,16,128,8192,78.1386
512,16,128,16384,150.8853
512,32,0,0,5.3740
512,32,1,16,5.3740
512,32,1,32,5.3741
512,32,1,64,5.3742
512,32,1,128,5.3743
512,32,1,256,5.3747
512,32,1,512,5.3753
512,32,1,1024,5.3935
512,32,1,2048,5.4645
512,32,1,4096,5.6066
512,32,1,8192,5.8908
512,32,1,16384,6.4591
512,32,2,16,5.3741
512,32,2,32,5.3742
512,32,2,64,5.3743
512,32,2,128,5.3747
512,32,2,256,5.3753
512,32,2,512,5.3941
512,32,2,1024,5.4651
512,32,2,2048,5.6072
512,32,2,4096,5.8914
512,32,2,8192,6.4597
512,32,2,16384,7.5964
512,32,4,16,5.3742
512,32,4,32,5.3743
512,32,4,64,5.3747
512,32,4,128,5.3753
512,32,4,256,5.3952
512,32,4,512,5.4662
512,32,4,1024,5.6083
512,32,4,2048,5.8925
512,32,4,4096,6.4608
512,32,4,8192,7.5975
512,32,4,16384,9.8708
512,32,8,16,5.3743
512,32,8,32,5.3747
512,32,8,64,5.3753
512,32,8,128,5.3974
512,32,8,256,5.4684
512,32,8,512,5.6105
512,32,8,1024,5.8947
512,32,8,2048,6.4630
512,32,8,4096,7.5997
512,32,8,8192,9.8730
512,32,8,16384,14.4197
512,32,16,16,5.3747
512,32,16,32,5.3753
512,32,16,64,5.4018
512,32,16,128,5.4729
512,32,16,256,5.6150
512,32,16,512,5.8991
512,32,16,1024,6.4675
512,32,16,2048,7.6041
512,32,16,4096,9.8775
512,32,16,8192,14.4241
512,32,16,16384,23.5175
512,32,32,16,5.3753
512,32,32,32,5.4107
512,32,32,64,5.4818
512,32,32,128,5.6238
512,32,32,256,5.9080
512,32,32,512,6.4763
512,32,32,1024,7.6130
512,32,32,2048,9.8863
512,32,32,4096,14.4330
512,32,32,8192,23.5264
512,32,32,16384,41.7130
512,32,64,16,5.4285
512,32,64,32,5.4995
512,32,64,64,5.6416
512,32,64,128,5.9258
512,32,64,256,6.4941
512,32,64,512,7.6308
512,32,64,1024,9.9041
512,32,64,2048,14.4508
512,32,64,4096,23.5441
512,32,64,8192,41.7308
512,32,64,16384,78.1042
512,32,128,16,5.5350
512,32,128,32,5.6771
512,32,128,64,5.9613
512,32,128,128,6.5296
512,32,128,256,7.6663
512,32,128,512,9.9396
512,32,128,1024,14.4863
512,32,128,2048,23.5796
512,32,128,4096,41.7663
512,32,128,8192,78.1397
512,32,128,16384,150.8864
512,64,0,0,5.4156
512,64,1,16,5.4156
512,64,1,32,5.4156
512,64,1,64,5.4157
512,64,1,128,5.4159
512,64,1,256,5.4162
512,64,1,512,5.4169
512,64,1,1024,5.4182
512,64,1,2048,5.4668
512,64,1,4096,5.6088
512,64,1,8192,5.8930
512,64,1,16384,6.4614
512,64,2,16,5.4156
512,64,2,32,5.4157
512,64,2,64,5.4159
512,64,2,128,5.4162
512,64,2,256,5.4169
512,64,2,512,5.4182
512,64,2,1024,5.4673
512,64,2,2048,5.6094
512,64,2,4096,5.8936
512,64,2,8192,6.4619
512,64,2,16384,7.5986
512,64,4,16,5.4157
512,64,4,32,5.4159
512,64,4,64,5.4162
512,64,4,128,5.4169
512,64,4,256,5.4182
512,64,4,512,5.4684
512,64,4,1024,5.6105
512,64,4,2048,5.8947
512,64,4,4096,6.4630
512,64,4,8192,7.5997
512,64,4,16384,9.8730
512,64,8,16,5.4159
512,64,8,32,5.4162
512,64,8,64,5.4169
512,64,8,128,5.4182
512,64,8,256,5.4707
512,64,8,512,5.6127
512,64,8,1024,5.8969
512,64,8,2048,6.4652
512,64,8,4096,7.6019
512,64,8,8192,9.8752
512,64,8,16384,14.4219
512,64,16,16,5.4162
512,64,16,32,5.4169
512,64,16,64,5.4182
512,64,16,128,5.4751
512,64,16,256,5.6172
512,64,16,512,5.9013
512,64,16,1024,6.4697
512,64,16,2048,7.6063
512,64,16,4096,9.8797
512,64,16,8192,14.4264
512,64,16,16384,23.5197
512,64,32,16,5.4169
512,64,32,32,5.4182
512,64,32,64,5.4840
512,64,32,128,5.6261
512,64,32,256,5.9102
512,64,32,512,6.4786
512,64,32,1024,7.6152
512,64,32,2048,9.8886
512,64,32,4096,14.4352
512,64,32,8192,23.5286
512,64,32,16384,41.7153
512,64,64,16,5.4307
512,64,64,32,5.5017
512,64,64,64,5.6438
512,64,64,128,5.9280
512,64,64,256,6.4963
512,64,64,512,7.6330
512,64,64,1024,9.9063
512,64,64,2048,14.4530
512,64,64,4096,23.5463
512,64,64,8192,41.7330
512,64,64,16384,78.1064
512,64,128,16,5.5373
512,64,128,32,5.6793
512,64,128,64,5.9635
512,64,128,128,6.5318
512,64,128,256,7.6685
512,64,128,512,9.9418
512,64,128,1024,14.4885
512,64,128,2048,23.5819
512,64,128,4096,41.7685
512,64,128,8192,78.1419
512,64,128,16384,150.8886
512,128,0,0,5.4987
512,128,1,16,5.4987
512,128,1,32,5.4988
512,128,1,64,5.4988
512,128,1,128,5.4990
512,128,1,256,5.4993
512,128,1,512,5.5000
512,128,1,1024,5.5013
512,128,1,2048,5.5039
512,128,1,4096,5.6133
512,128,1,8192,5.8975
512,128,1,16384,6.4658
512,128,2,16,5.4988
512,128,2,32,5.4988
512,128,2,64,5.4990
512,128,2,128,5.4993
512,128,2,256,5.5000
512,128,2,512,5.5013
512,128,2,1024,5.5039
512,128,2,2048,5.6138
512,128,2,4096,5.8980
512,128,2,8192,6.4663
512,128,2,16384,7.6030
512,128,4,16,5.4988
512,128,4,32,5.4990
512,128,4,64,5.4993
512,128,4,128,5.5000
512,128,4,256,5.5013
512,128,4,512,5.5039
512,128,4,1024,5.6150
512,128,4,2048,5.8991
512,128,4,4096,6.4675
512,128,4,8192,7.6041
512,128,4,16384,9.8775
512,128,8,16,5.4990
512,128,8,32,5.4993
512,128,8,64,5.5000
512,128,8,128,5.5013
512,128,8,256,5.5039
512,128,8,512,5.6172
512,128,8,1024,5.9013
512,128,8,2048,6.4697
512,128,8,4096,7.6063
512,128,8,8192,9.8797
512,128,8,16384,14.4264
512,128,16,16,5.4993
512,128,16,32,5.5000
512,128,16,64,5.5013
512,128,16,128,5.5039
512,128,16,256,5.6216
512,128,16,512,5.9058
512,128,16,1024,6.4741
512,128,16,2048,7.6108
512,128,16,4096,9.8841
512,128,16,8192,14.4308
512,128,16,16384,23.5241
512,128,32,16,5.5000
512,128,32,32,5.5013
512,128,32,64,5.5039
512,128,32,128,5.6305
512,128,32,256,5.9147
512,128,32,512,6.4830
512,128,32,1024,7.6197
512,128,32,2048,9.8930
512,128,32,4096,14.4397
512,128,32,8192,23.5330
512,128,32,16384,41.7197
512,128,64,16,5.5013
512,128,64,32,5.5062
512,128,64,64,5.6483
512,128,64,128,5.9324
512,128,64,256,6.5008
512,128,64,512,7.6374
512,128,64,1024,9.9108
512,128,64,2048,14.4574
512,128,64,4096,23.5508
512,128,64,8192,41.7375
512,128,64,16384,78.1108
512,128,128,16,5.5417
512,128,128,32,5.6838
512,128,128,64,5.9679
512,128,128,128,6.5363
512,128,128,256,7.6729
512,128,128,512,9.9463
512,128,128,1024,14.4930
512,128,128,2048,23.5863
512,128,128,4096,41.7730
512,128,128,8192,78.1463
512,128,128,16384,150.8931
512,256,0,0,5.6649
512,256,1,16,5.6649
512,256,1,32,5.6650
512,256,1,64,5.6651
512,256,1,128,5.6652
512,256,1,256,5.6655
512,256,1,512,5.6662
512,256,1,1024,5.6675
512,256,1,2048,5.6701
512,256,1,4096,5.6753
512,256,1,8192,5.9063
512,256,1,16384,6.4747
512,256,2,16,5.6650
512,256,2,32,5.6651
512,256,2,64,5.6652
512,256,2,128,5.6655
512,256,2,256,5.6662
512,256,2,512,5.6675
512,256,2,1024,5.6701
512,256,2,2048,5.6753
512,256,2,4096,5.9069
512,256,2,8192,6.4752
512,256,2,16384,7.6119
512,256,4,16,5.6651
512,256,4,32,5.6652
512,256,4,64,5.6655
512,256,4,128,5.6662
512,256,4,256,5.6675
512,256,4,512,5.6701
512,256,4,1024,5.6753
512,256,4,2048,5.9080
512,256,4,4096,6.4763
512,256,4,8192,7.6130
512,256,4,16384,9.8863
512,256,8,16,5.6652
512,256,8,32,5.6655
512,256,8,64,5.6662
512,256,8,128,5.6675
512,256,8,256,5.6701
512,256,8,512,5.6753
512,256,8,1024,5.9102
512,256,8,2048,6.4786
512,256,8,4096,7.6152
512,256,8,8192,9.8886
512,256,8,16384,14.4352
512,256,16,16,5.6655
512,256,16,32,5.6662
512,256,16,64,5.6675
512,256,16,128,5.6701
512,256,16,256,5.6753
512,256,16,512,5.9147
512,256,16,1024,6.4830
512,256,16,2048,7.6197
512,256,16,4096,9.8930
512,256,16,8192,14.4397
512,256,16,16384,23.5330
512,256,32,16,5.6662
512,256,32,32,5.6675
512,256,32,64,5.6701
512,256,32,128,5.6753
512,256,32,256,5.9235
512,256,32,512,6.4919
512,256,32,1024,7.6285
512,256,32,2048,9.9019
512,256,32,4096,14.4486
512,256,32,8192,23.5419
512,256,32,16384,41.7286
512,256,64,16,5.6675
512,256,64,32,5.6701
512,256,64,64,5.6753
512,256,64,128,5.9413
512,256,64,256,6.5096
512,256,64,512,7.6463
512,256,64,1024,9.9196
512,256,64,2048,14.4663
512,256,64,4096,23.5597
512,256,64,8192,41.7463
512,256,64,16384,78.1197
512,256,128,16,5.6701
512,256,128,32,5.6927
512,256,128,64,5.9768
512,256,128,128,6.5452
512,256,128,256,7.6818
512,256,128,512,9.9552
512,256,128,1024,14.5018
512,256,128,2048,23.5952
512,256,128,4096,41.7819
512,256,128,8192,78.1552
512,256,128,16384,150.9020
512,512,0,0,5.9973
512,512,1,16,5.9974
512,512,1,32,5.9974
512,512,1,64,5.9975
512,512,1,128,5.9977
512,512,1,256,5.9980
512,512,1,512,5.9986
512,512,1,1024,5.9999
512,512,1,2048,6.0025
512,512,1,4096,6.0077
512,512,1,8192,6.0181
512,512,1,16384,6.4924
512,512,2,16,5.9974
512,512,2,32,5.9975
512,512,2,64,5.9977
512,512,2,128,5.9980
512,512,2,256,5.9986
512,512,2,512,5.9999
512,512,2,1024,6.0025
512,512,2,2048,6.0077
512,512,2,4096,6.0181
512,512,2,8192,6.4930
512,512,2,16384,7.6297
512,512,4,16,5.9975
512,512,4,32,5.9977
512,512,4,64,5.9980
512,512,4,128,5.9986
512,512,4,256,5.9999
512,512,4,512,6.0025
512,512,4,1024,6.0077
512,512,4,2048,6.0181
512,512,4,4096,6.4941
512,512,4,8192,7.6308
512,512,4,16384,9.9041
512,512,8,16,5.9977
512,512,8,32,5.9980
512,512,8,64,5.9986
512,512,8,128,5.9999
512,512,8,256,6.0025
512,512,8,512,6.0077
512,512,8,1024,6.0181
512,512,8,2048,6.4963
512,512,8,4096,7.6330
512,512,8,8192,9.9063
512,512,8,16384,14.4530
512,512,16,16,5.9980
512,512,16,32,5.9986
512,512,16,64,5.9999
512,512,16,128,6.0025
512,512,16,256,6.0077
512,512,16,512,6.0181
512,512,16,1024,6.5008
512,512,16,2048,7.6374
512,512,16,4096,9.9108
512,512,16,8192,14.4574
512,512,16,16384,23.5508
512,512,32,16,5.9986
512,512,32,32,5.9999
512,512,32,64,6.0025
512,512,32,128,6.0077
512,512,32,256,6.0181
512,512,32,512,6.5096
512,512,32,1024,7.6463
512,512,32,2048,9.9196
512,512,32,4096,14.4663
512,512,32,8192,23.5597
512,512,32,16384,41.7463
512,512,64,16,5.9999
512,512,64,32,6.0025
512,512,64,64,6.0077
512,512,64,128,6.0181
512,512,64,256,6.5274
512,512,64,512,7.6641
512,512,64,1024,9.9374
512,512,64,2048,14.4841
512,512,64,4096,23.5774
512,512,64,8192,41.7641
512,512,64,16384,78.1375
512,512,128,16,6.0025
512,512,128,32,6.0077
512,512,128,64,6.0181
512,512,128,128,6.5629
512,512,128,256,7.6996
512,512,128,512,9.9729
512,512,128,1024,14.5196
512,512,128,2048,23.6129
512,512,128,4096,41.7996
512,512,128,8192,78.1730
512,512,128,16384,150.9197
512,1024,0,0,6.6622
512,1024,1,16,6.6623
512,1024,1,32,6.6623
512,1024,1,64,6.6624
512,1024,1,128,6.6626
512,1024,1,256,6.6629
512,1024,1,512,6.6635
512,1024,1,1024,6.6648
512,1024,1,2048,6.6674
512,1024,1,4096,6.6726
512,1024,1,8192,6.6830
512,1024,1,16384,6.7038
512,1024,2,16,6.6623
512,1024,2,32,6.6624
512,1024,2,64,6.6626
512,1024,2,128,6.6629
512,1024,2,256,6.6635
512,1024,2,512,6.6648
512,1024,2,1024,6.6674
512,1024,2,2048,6.6726
512,1024,2,4096,6.6830
512,1024,2,8192,6.7038
512,1024,2,16384,7.6652
512,1024,4,16,6.6624
512,1024,4,32,6.6626
512,1024,4,64,6.6629
512,1024,4,128,6.6635
512,1024,4,256,6.6648
512,1024,4,512,6.6674
512,1024,4,1024,6.6726
512,1024,4,2048,6.6830
512,1024,4,4096,6.7038
512,1024,4,8192,7.6663
512,1024,4,16384,9.9396
512,1024,8,16,6.6626
512,1024,8,32,6.6629
512,1024,8,64,6.6635
512,1024,8,128,6.6648
512,1024,8,256,6.6674
512,1024,8,512,6.6726
512,1024,8,1024,6.6830
512,1024,8,2048,6.7038
512,1024,8,4096,7.6685
512,1024,8,8192,9.9418
512,1024,8,16384,14.4885
512,1024,16,16,6.6629
512,1024,16,32,6.6635
512,1024,16,64,6.6648
512,1024,16,128,6.6674
512,1024,16,256,6.6726
512,1024,16,512,6.6830
512,1024,16,1024,6.7038
512,1024,16,2048,7.6729
512,1024,16,4096,9.9463
512,1024,16,8192,14.4930
512,1024,16,16384,23.5863
512,1024,32,16,6.6635
512,1024,32,32,6.6648
512,1024,32,64,6.6674
512,1024,32,128,6.6726
512,1024,32,256,6.6830
512,1024,32,512,6.7038
512,1024,32,1024,7.6818
512,1024,32,2048,9.9552
512,1024,32,4096,14.5018
512,1024,32,8192,23.5952
512,1024,32,16384,41.7819
512,1024,64,16,6.6648
512,1024,64,32,6.6674
512,1024,64,64,6.6726
512,1024,64,128,6.6830
512,1024,64,256,6.7038
512,1024,64,512,7.6996
512,1024,64,1024,9.9729
512,1024,64,2048,14.5196
512,1024,64,4096,23.6129
512,1024,64,8192,41.7996
512,1024,64,16384,78.1730
512,1024,128,16,6.6674
512,1024,128,32,6.6726
512,1024,128,64,6.6830
512,1024,128,128,6.7038
512,1024,128,256,7.7351
512,1024,128,512,10.0084
512,1024,128,1024,14.5551
512,1024,128,2048,23.6485
512,1024,128,4096,41.8351
512,1024,128,8192,78.2085
512,1024,128,16384,150.9552
512,2048,0,0,7.9920
512,2048,1,16,7.9921
512,2048,1,32,7.9921
512,2048,1,64,7.9922
512,2048,1,128,7.9924
512,2048,1,256,7.9927
512,2048,1,512,7.9933
512,2048,1,1024,7.9946
512,2048,1,2048,7.9972
512,2048,1,4096,8.0024
512,2048,1,8192,8.0128
512,2048,1,16384,8.0336
512,2048,2,16,7.9921
512,2048,2,32,7.9922
512,2048,2,64,7.9924
512,2048,2,128,7.9927
512,2048,2,256,7.9933
512,2048,2,512,7.9946
512,2048,2,1024,7.9972
512,2048,2,2048,8.0024
512,2048,2,4096,8.0128
512,2048,2,8192,8.0336
512,2048,2,16384,8.0751
512,2048,4,16,7.9922
512,2048,4,32,7.9924
512,2048,4,64,7.9927
512,2048,4,128,7.9933
512,2048,4,256,7.9946
512,2048,4,512,7.9972
512,2048,4,1024,8.0024
512,2048,4,2048,8.0128
512,2048,4,4096,8.0336
512,2048,4,8192,8.0751
512,2048,4,16384,10.0107
512,2048,8,16,7.9924
512,2048,8,32,7.9927
512,2048,8,64,7.9933
512,2048,8,128,7.9946
512,2048,8,256,7.9972
512,2048,8,512,8.0024
512,2048,8,1024,8.0128
512,2048,8,2048,8.0336
512,2048,8,4096,8.0751
512,2048,8,8192,10.0129
512,2048,8,16384,14.5596
512,2048,16,16,7.9927
512,2048,16,32,7.9933
512,2048,16,64,7.9946
512,2048,16,128,7.9972
512,2048,16,256,8.0024
512,2048,16,512,8.0128
512,2048,16,1024,8.0336
512,2048,16,2048,8.0751
512,2048,16,4096,10.0173
512,2048,16,8192,14.5640
512,2048,16,16384,23.6573
512,2048,32,16,7.9933
512,2048,32,32,7.9946
512,2048,32,64,7.9972
512,2048,32,128,8.0024
512,2048,32,256,8.0128
512,2048,32,512,8.0336
512,2048,32,1024,8.0751
512,2048,32,2048,10.0262
512,2048,32,4096,14.5729
512,2048,32,8192,23.6662
512,2048,32,16384,41.8529
512,2048,64,16,7.9946
512,2048,64,32,7.9972
512,2048,64,64,8.0024
512,2048,64,128,8.0128
512,2048,64,256,8.0336
512,2048,64,512,8.0751
512,2048,64,1024,10.0440
512,2048,64,2048,14.5906
512,2048,64,4096,23.6840
512,2048,64,8192,41.8707
512,2048,64,16384,78.2440
512,2048,128,16,7.9972
512,2048,128,32,8.0024
512,2048,128,64,8.0128
512,2048,128,128,8.0336
512,2048,128,256,8.0751
512,2048,128,512,10.0795
512,2048,128,1024,14.6262
512,2048,128,2048,23.7195
512,2048,128,4096,41.9062
512,2048,128,8192,78.2795
512,2048,128,16384,151.0263
512,4096,0,0,10.6516
512,4096,1,16,10.6517
512,4096,1,32,10.6517
512,4096,1,64,10.6518
512,4096,1,128,10.6519
512,4096,1,256,10.6523
512,4096,1,512,10.6529
512,4096,1,1024,10.6542
512,4096,1,2048,10.6568
512,4096,1,4096,10.6620
512,4096,1,8192,10.6724
512,4096,1,16384,10.6932
512,4096,2,16,10.6517
512,4096,2,32,10.6518
512,4096,2,64,10.6519
512,4096,2,128,10.6523
512,4096,2,256,10.6529
512,4096,2,512,10.6542
512,4096,2,1024,10.6568
512,4096,2,2048,10.6620
512,4096,2,4096,10.6724
512,4096,2,8192,10.6932
512,4096,2,16384,10.7347
512,4096,4,16,10.6518
512,4096,4,32,10.6519
512,4096,4,64,10.6523
512,4096,4,128,10.6529
512,4096,4,256,10.6542
512,4096,4,512,10.6568
512,4096,4,1024,10.6620
512,4096,4,2048,10.6724
512,4096,4,4096,10.6932
512,4096,4,8192,10.7347
512,4096,4,16384,10.8178
512,4096,8,16,10.6519
512,4096,8,32,10.6523
512,4096,8,64,10.6529
512,4096,8,128,10.6542
512,4096,8,256,10.6568
512,4096,8,512,10.6620
512,4096,8,1024,10.6724
512,4096,8,2048,10.6932
512,4096,8,4096,10.7347
512,4096,8,8192,10.8178
512,4096,8,16384,14.7016
512,4096,16,16,10.6523
512,4096,16,32,10.6529
512,4096,16,64,10.6542
512,4096,16,128,10.6568
512,4096,16,256,10.6620
512,4096,16,512,10.6724
512,4096,16,1024,10.6932
512,4096,16,2048,10.7347
512,4096,16,4096,10.8178
512,4096,16,8192,14.7061
512,4096,16,16384,23.7994
512,4096,32,16,10.6529
512,4096,32,32,10.6542
512,4096,32,64,10.6568
512,4096,32,128,10.6620
512,4096,32,256,10.6724
512,4096,32,512,10.6932
512,4096,32,1024,10.7347
512,4096,32,2048,10.8178
512,4096,32,4096,14.7150
512,4096,32,8192,23.8083
512,4096,32,16384,41.9950
512,4096,64,16,10.6542
512,4096,64,32,10.6568
512,4096,64,64,10.6620
512,4096,64,128,10.6724
512,4096,64,256,10.6932
512,4096,64,512,10.7347
512,4096,64,1024,10.8178
512,4096,64,2048,14.7327
512,4096,64,4096,23.8261
512,4096,64,8192,42.0127
512,4096,64,16384,78.3861
512,4096,128,16,10.6568
512,4096,128,32,10.6620
512,4096,128,64,10.6724
512,4096,128,128,10.6932
512,4096,128,256,10.7347
512,4096,128,512,10.8178
512,4096,128,1024,14.7682
512,4096,128,2048,23.8616
512,4096,128,4096,42.0483
512,4096,128,8192,78.4216
512,4096,128,16384,151.1684
512,8192,0,0,15.9708
512,8192,1,16,15.9708
512,8192,1,32,15.9709
512,8192,1,64,15.9710
512,8192,1,128,15.9711
512,8192,1,256,15.9714
512,8192,1,512,15.9721
512,8192,1,1024,15.9734
512,8192,1,2048,15.9760
512,8192,1,4096,15.9812
512,8192,1,8192,15.9916
512,8192,1,16384,16.0124
512,8192,2,16,15.9709
512,8192,2,32,15.9710
512,8192,2,64,15.9711
512,8192,2,128,15.9714
512,8192,2,256,15.9721
512,8192,2,512,15.9734
512,8192,2,1024,15.9760
512,8192,2,2048,15.9812
512,8192,2,4096,15.9916
512,8192,2,8192,16.0124
512,8192,2,16384,16.0539
512,8192,4,16,15.9710
512,8192,4,32,15.9711
512,8192,4,64,15.9714
512,8192,4,128,15.9721
512,8192,4,256,15.9734
512,8192,4,512,15.9760
512,8192,4,1024,15.9812
512,8192,4,2048,15.9916
512,8192,4,4096,16.0124
512,8192,4,8192,16.0539
512,8192,4,16384,16.1370
512,8192,8,16,15.9711
512,8192,8,32,15.9714
512,8192,8,64,15.9721
512,8192,8,128,15.9734
512,8192,8,256,15.9760
512,8192,8,512,15.9812
512,8192,8,1024,15.9916
512,8192,8,2048,16.0124
512,8192,8,4096,16.0539
512,8192,8,8192,16.1370
512,8192,8,16384,16.3032
512,8192,16,16,15.9714
512,8192,16,32,15.9721
512,8192,16,64,15.9734
512,8192,16,128,15.9760
512,8192,16,256,15.9812
512,8192,16,512,15.9916
512,8192,16,1024,16.0124
512,8192,16,2048,16.0539
512,8192,16,4096,16.1370
512,8192,16,8192,16.3032
512,8192,16,16384,24.0836
512,8192,32,16,15.9721
512,8192,32,32,15.9734
512,8192,32,64,15.9760
512,8192,32,128,15.9812
512,8192,32,256,15.9916
512,8192,32,512,16.0124
512,8192,32,1024,16.0539
512,8192,32,2048,16.1370
512,8192,32,4096,16.3032
512,8192,32,8192,24.0925
512,8192,32,16384,42.2792
512,8192,64,16,15.9734
512,8192,64,32,15.9760
512,8192,64,64,15.9812
512,8192,64,128,15.9916
512,8192,64,256,16.0124
512,8192,64,512,16.0539
512,8192,64,1024,16.1370
512,8192,64,2048,16.3032
512,8192,64,4096,24.1102
512,8192,64,8192,42.2969
512,8192,64,16384,78.6703
512,8192,128,16,15.9760
512,8192,128,32,15.9812
512,8192,128,64,15.9916
512,8192,128,128,16.0124
512,8192,128,256,16.0539
512,8192,128,512,16.1370
512,8192,128,1024,16.3032
512,8192,128,2048,24.1457
512,8192,128,4096,42.3324
512,8192,128,8192,78.7058
512,8192,128,16384,151.4525
512,16384,0,0,26.6091
512,16384,1,16,26.6092
512,16384,1,32,26.6092
512,16384,1,64,26.6093
512,16384,1,128,26.6095
512,16384,1,256,26.6098
512,16384,1,512,26.6104
512,16384,1,1024,26.6117
512,16384,1,2048,26.6143
512,16384,1,4096,26.6195
512,16384,1,8192,26.6299
512,16384,1,16384,26.6507
512,16384,2,16,26.6092
512,16384,2,32,26.6093
512,16384,2,64,26.6095
512,16384,2,128,26.6098
512,16384,2,256,26.6104
512,16384,2,512,26.6117
512,16384,2,1024,26.6143
512,16384,2,2048,26.6195
512,16384,2,4096,26.6299
512,16384,2,8192,26.6507
512,16384,2,16384,26.6923
512,16384,4,16,26.6093
512,16384,4,32,26.6095
512,16384,4,64,26.6098
512,16384,4,128,26.6104
512,16384,4,256,26.6117
512,16384,4,512,26.6143
512,16384,4,1024,26.6195
512,16384,4,2048,26.6299
512,16384,4,4096,26.6507
512,16384,4,8192,26.6923
512,16384,4,16384,26.7754
512,16384,8,16,26.6095
512,16384,8,32,26.6098
512,16384,8,64,26.6104
512,16384,8,128,26.6117
512,16384,8,256,26.6143
512,16384,8,512,26.6195
512,16384,8,1024,26.6299
512,16384,8,2048,26.6507
512,16384,8,4096,26.6923
512,16384,8,8192,26.7754
512,16384,8,16384,26.9416
512,16384,16,16,26.6098
512,16384,16,32,26.6104
512,16384,16,64,26.6117
512,16384,16,128,26.6143
512,16384,16,256,26.6195
512,16384,16,512,26.6299
512,16384,16,1024,26.6507
512,16384,16,2048,26.6923
512,16384,16,4096,26.7754
512,16384,16,8192,26.9416
512,16384,16,16384,27.2740
512,16384,32,16,26.6104
512,16384,32,32,26.6117
512,16384,32,64,26.6143
512,16384,32,128,26.6195
512,16384,32,256,26.6299
512,16384,32,512,26.6507
512,16384,32,1024,26.6923
512,16384,32,2048,26.7754
512,16384,32,4096,26.9416
512,16384,32,8192,27.2740
512,16384,32,16384,42.8475
512,16384,64,16,26.6117
512,16384,64,32,26.6143
512,16384,64,64,26.6195
512,16384,64,128,26.6299
512,16384,64,256,26.6507
512,16384,64,512,26.6923
512,16384,64,1024,26.7754
512,16384,64,2048,26.9416
512,16384,64,4096,27.2740
512,16384,64,8192,42.8652
512,16384,64,16384,79.2386
512,16384,128,16,26.6143
512,16384,128,32,26.6195
512,16384,128,64,26.6299
512,16384,128,128,26.6507
512,16384,128,256,26.6923
512,16384,128,512,26.7754
512,16384,128,1024,26.9416
512,16384,128,2048,27.2740
512,16384,128,4096,42.9008
512,16384,128,8192,79.2741
512,16384,128,16384,152.0209
615,0,0,0,5.4797
615,0,1,512,5.4810
615,0,1,768,5.4816
615,0,1,1152,5.4826
615,0,1,1728,5.5044
615,0,1,2592,5.5644
615,0,1,3888,5.6543
615,0,1,5832,5.7892
615,0,1,8748,5.9915
615,0,1,13122,6.2949
615,0,1,16384,6.5212
615,0,2,512,5.4823
615,0,2,768,5.4917
615,0,2,1152,5.5450
615,0,2,1728,5.6249
615,0,2,2592,5.7448
615,0,2,3888,5.9246
615,0,2,5832,6.1943
615,0,2,8748,6.5989
615,0,2,13122,7.2058
615,0,2,16384,7.6584
615,0,4,512,5.5283
615,0,4,768,5.5993
615,0,4,1152,5.7059
615,0,4,1728,5.8658
615,0,4,2592,6.1055
615,0,4,3888,6.4652
615,0,4,5832,7.0046
615,0,4,8748,7.8138
615,0,4,13122,9.0277
615,0,4,16384,9.9329
615,0,8,512,5.6726
615,0,8,768,5.8147
615,0,8,1152,6.0278
615,0,8,1728,6.3475
615,0,8,2592,6.8270
615,0,8,3888,7.5463
615,0,8,5832,8.6253
615,0,8,8748,10.2437
615,0,8,13122,12.6713
615,0,8,16384,14.4818
615,0,16,512,5.9612
615,0,16,768,6.2454
615,0,16,1152,6.6716
615,0,16,1728,7.3110
615,0,16,2592,8.2701
615,0,16,3888,9.7087
615,0,16,5832,11.8666
615,0,16,8748,15.1034
615,0,16,13122,19.9587
615,0,16,16384,23.5796
615,0,32,512,6.5384
615,0,32,768,7.1068
615,0,32,1152,7.9593
615,0,32,1728,9.2380
615,0,32,2592,11.1561
615,0,32,3888,14.0333
615,0,32,5832,18.3491
615,0,32,8748,24.8228
615,0,32,13122,34.5333
615,0,32,16384,41.7751
615,0,64,512,7.6929
615,0,64,768,8.8295
615,0,64,1152,10.5345
615,0,64,1728,13.0920
615,0,64,2592,16.9283
615,0,64,3888,22.6827
615,0,64,5832,31.3142
615,0,64,8748,44.2616
615,0,64,13122,63.6826
615,0,64,16384,78.1663
615,0,128,512,10.0017
615,0,128,768,12.2750
615,0,128,1152,15.6851
615,0,128,1728,20.8001
615,0,128,2592,28.4726
615,0,128,3888,39.9813
615,0,128,5832,57.2445
615,0,128,8748,83.1392
615,0,128,13122,121.9812
615,0,128,16384,150.9485
615,512,0,0,6.2783
615,512,1,512,6.2796
615,512,1,768,6.2803
615,512,1,1152,6.2812
615,512,1,1728,6.2827
615,512,1,2592,6.2849
615,512,1,3888,6.2882
615,512,1,5832,6.2931
615,512,1,8748,6.3005
615,512,1,13122,6.3304
615,512,1,16384,6.5567
615,512,2,512,6.2809
615,512,2,768,6.2822
615,512,2,1152,6.2842
615,512,2,1728,6.2871
615,512,2,2592,6.2915
615,512,2,3888,6.2980
615,512,2,5832,6.3079
615,512,2,8748,6.6344
615,512,2,13122,7.2414
615,512,2,16384,7.6940
615,512,4,512,6.2835
615,512,4,768,6.2861
615,512,4,1152,6.2900
615,512,4,1728,6.2958
615,512,4,2592,6.3046
615,512,4,3888,6.5007
615,512,4,5832,7.0402
615,512,4,8748,7.8494
615,512,4,13122,9.0632
615,512,4,16384,9.9684
615,512,8,512,6.2887
615,512,8,768,6.2939
615,512,8,1152,6.3017
615,512,8,1728,6.3830
615,512,8,2592,6.8626
615,512,8,3888,7.5819
615,512,8,5832,8.6608
615,512,8,8748,10.2792
615,512,8,13122,12.7068
615,512,8,16384,14.5173
615,512,16,512,6.2991
615,512,16,768,6.3095
615,512,16,1152,6.7072
615,512,16,1728,7.3465
615,512,16,2592,8.3056
615,512,16,3888,9.7442
615,512,16,5832,11.9021
615,512,16,8748,15.1389
615,512,16,13122,19.9942
615,512,16,16384,23.6151
615,512,32,512,6.5739
615,512,32,768,7.1423
615,512,32,1152,7.9948
615,512,32,1728,9.2735
615,512,32,2592,11.1917
615,512,32,3888,14.0689
615,512,32,5832,18.3846
615,512,32,8748,24.8583
615,512,32,13122,34.5688
615,512,32,16384,41.8106
615,512,64,512,7.7284
615,512,64,768,8.8650
615,512,64,1152,10.5700
615,512,64,1728,13.1275
615,512,64,2592,16.9638
615,512,64,3888,22.7182
615,512,64,5832,31.3498
615,512,64,8748,44.2971
615,512,64,13122,63.7181
615,512,64,16384,78.2018
615,512,128,512,10.0372
615,512,128,768,12.3106
615,512,128,1152,15.7206
615,512,128,1728,20.8356
615,512,128,2592,28.5081
615,512,128,3888,40.0168
615,512,128,5832,57.2800
615,512,128,8748,83.1747
615,512,128,13122,122.0168
615,512,128,16384,150.9840
615,768,0,0,6.6776
615,768,1,512,6.6789
615,768,1,768,6.6796
615,768,1,1152,6.6806
615,768,1,1728,6.6820
615,768,1,2592,6.6842
615,768,1,3888,6.6875
615,768,1,5832,6.6924
615,768,1,8748,6.6998
615,768,1,13122,6.7109
615,768,1,16384,6.7192
615,768,2,512,6.6802
615,768,2,768,6.6815
615,768,2,1152,6.6835
615,768,2,1728,6.6864
615,768,2,2592,6.6908
615,768,2,3888,6.6974
615,768,2,5832,6.7072
615,768,2,8748,6.7220
615,768,2,13122,7.2591
615,768,2,16384,7.7117
615,768,4,512,6.6828
615,768,4,768,6.6854
615,768,4,1152,6.6893
615,768,4,1728,6.6952
615,768,4,2592,6.7039
615,768,4,3888,6.7171
615,768,4,5832,7.0579
615,768,4,8748,7.8671
615,768,4,13122,9.0809
615,768,4,16384,9.9862
615,768,8,512,6.6880
615,768,8,768,6.6932
615,768,8,1152,6.7010
615,768,8,1728,6.7127
615,768,8,2592,6.8803
615,768,8,3888,7.5996
615,768,8,5832,8.6786
615,768,8,8748,10.2970
615,768,8,13122,12.7246
615,768,8,16384,14.5351
615,768,16,512,6.6984
615,768,16,768,6.7088
615,768,16,1152,6.7249
615,768,16,1728,7.3643
615,768,16,2592,8.3234
615,768,16,3888,9.7619
615,768,16,5832,11.9198
615,768,16,8748,15.1567
615,768,16,13122,20.0119
615,768,16,16384,23.6328
615,768,32,512,6.7192
615,768,32,768,7.1600
615,768,32,1152,8.0125
615,768,32,1728,9.2913
615,768,32,2592,11.2094
615,768,32,3888,14.0866
615,768,32,5832,18.4024
615,768,32,8748,24.8761
615,768,32,13122,34.5866
615,768,32,16384,41.8284
615,768,64,512,7.7461
615,768,64,768,8.8828
615,768,64,1152,10.5878
615,768,64,1728,13.1453
615,768,64,2592,16.9816
615,768,64,3888,22.7359
615,768,64,5832,31.3675
615,768,64,8748,44.3149
615,768,64,13122,63.7359
615,768,64,16384,78.2195
615,768,128,512,10.0550
615,768,128,768,12.3283
615,768,128,1152,15.7383
615,768,128,1728,20.8533
615,768,128,2592,28.5258
615,768,128,3888,40.0346
615,768,128,5832,57.2977
615,768,128,8748,83.1925
615,768,128,13122,122.0345
615,768,128,16384,151.0018
615,1152,0,0,7.2766
615,1152,1,512,7.2779
615,1152,1,768,7.2786
615,1152,1,1152,7.2796
615,1152,1,1728,7.2810
615,1152,1,2592,7.2832
615,1152,1,3888,7.2865
615,1152,1,5832,7.2914
615,1152,1,8748,7.2988
615,1152,1,13122,7.3099
615,1152,1,16384,7.3182
615,1152,2,512,7.2792
615,1152,2,768,7.2805
615,1152,2,1152,7.2825
615,1152,2,1728,7.2854
615,1152,2,2592,7.2898
615,1152,2,3888,7.2964
615,1152,2,5832,7.3062
615,1152,2,8748,7.3210
615,1152,2,13122,7.3432
615,1152,2,16384,7.7384
615,1152,4,512,7.2818
615,1152,4,768,7.2844
615,1152,4,1152,7.2883
615,1152,4,1728,7.2942
615,1152,4,2592,7.3029
615,1152,4,3888,7.3161
615,1152,4,5832,7.3358
615,1152,4,8748,7.8938
615,1152,4,13122,9.1076
615,1152,4,16384,10.0128
615,1152,8,512,7.2870
615,1152,8,768,7.2922
615,1152,8,1152,7.3000
615,1152,8,1728,7.3117
615,1152,8,2592,7.3292
615,1152,8,3888,7.6263
615,1152,8,5832,8.7052
615,1152,8,8748,10.3236
615,1152,8,13122,12.7512
615,1152,8,16384,14.5617
615,1152,16,512,7.2974
615,1152,16,768,7.3078
615,1152,16,1152,7.3234
615,1152,16,1728,7.3909
615,1152,16,2592,8.3500
615,1152,16,3888,9.7886
615,1152,16,5832,11.9465
615,1152,16,8748,15.1833
615,1152,16,13122,20.0386
615,1152,16,16384,23.6595
615,1152,32,512,7.3182
615,1152,32,768,7.3390
615,1152,32,1152,8.0392
615,1152,32,1728,9.3179
615,1152,32,2592,11.2361
615,1152,32,3888,14.1133
615,1152,32,5832,18.4290
615,1152,32,8748,24.9027
615,1152,32,13122,34.6132
615,1152,32,16384,41.8551
615,1152,64,512,7.7728
615,1152,64,768,8.9094
615,1152,64,1152,10.6144
615,1152,64,1728,13.1720
615,1152,64,2592,17.0082
615,1152,64,3888,22.7626
615,1152,64,5832,31.3942
615,1152,64,8748,44.3415
615,1152,64,13122,63.7625
615,1152,64,16384,78.2462
615,1152,128,512,10.0816
615,1152,128,768,12.3550
615,1152,128,1152,15.7650
615,1152,128,1728,20.8800
615,1152,128,2592,28.5525
615,1152,128,3888,40.0612
615,1152,128,5832,57.3244
615,1152,128,8748,83.2191
615,1152,128,13122,122.0612
615,1152,128,16384,151.0284
615,1728,0,0,8.1751
615,1728,1,512,8.1764
615,1728,1,768,8.1771
615,1728,1,1152,8.1780
615,1728,1,1728,8.1795
615,1728,1,2592,8.1817
615,1728,1,3888,8.1850
615,1728,1,5832,8.1899
615,1728,1,8748,8.1973
615,1728,1,13122,8.2084
615,1728,1,16384,8.2167
615,1728,2,512,8.1777
615,1728,2,768,8.1790
615,1728,2,1152,8.1810
615,1728,2,1728,8.1839
615,1728,2,2592,8.1883
615,1728,2,3888,8.1948
615,1728,2,5832,8.2047
615,1728,2,8748,8.2195
615,1728,2,13122,8.2417
615,1728,2,16384,8.2582
615,1728,4,512,8.1803
615,1728,4,768,8.1829
615,1728,4,1152,8.1868
615,1728,4,1728,8.1927
615,1728,4,2592,8.2014
615,1728,4,3888,8.2146
615,1728,4,5832,8.2343
615,1728,4,8748,8.2639
615,1728,4,13122,9.1475
615,1728,4,16384,10.0528
615,1728,8,512,8.1855
615,1728,8,768,8.1907
615,1728,8,1152,8.1985
615,1728,8,1728,8.2102
615,1728,8,2592,8.2277
615,1728,8,3888,8.2540
615,1728,8,5832,8.7452
615,1728,8,8748,10.3636
615,1728,8,13122,12.7912
615,1728,8,16384,14.6017
615,1728,16,512,8.1959
615,1728,16,768,8.2063
615,1728,16,1152,8.2219
615,1728,16,1728,8.2452
615,1728,16,2592,8.3900
615,1728,16,3888,9.8285
615,1728,16,5832,11.9864
615,1728,16,8748,15.2233
615,1728,16,13122,20.0785
615,1728,16,16384,23.6994
615,1728,32,512,8.2167
615,1728,32,768,8.2375
615,1728,32,1152,8.2686
615,1728,32,1728,9.3579
615,1728,32,2592,11.2760
615,1728,32,3888,14.1532
615,1728,32,5832,18.4690
615,1728,32,8748,24.9427
615,1728,32,13122,34.6532
615,1728,32,16384,41.8950
615,1728,64,512,8.2582
615,1728,64,768,8.9494
615,1728,64,1152,10.6544
615,1728,64,1728,13.2119
615,1728,64,2592,17.0482
615,1728,64,3888,22.8025
615,1728,64,5832,31.4341
615,1728,64,8748,44.3815
615,1728,64,13122,63.8025
615,1728,64,16384,78.2861
615,1728,128,512,10.1216
615,1728,128,768,12.3949
615,1728,128,1152,15.8049
615,1728,128,1728,20.9199
615,1728,128,2592,28.5924
615,1728,128,3888,40.1012
615,1728,128,5832,57.3643
615,1728,128,8748,83.2591
615,1728,128,13122,122.1011
615,1728,128,16384,151.0684
615,2592,0,0,9.5229
615,2592,1,512,9.5242
615,2592,1,768,9.5248
615,2592,1,1152,9.5258
615,2592,1,1728,9.5272
615,2592,1,2592,9.5294
615,2592,1,3888,9.5327
615,2592,1,5832,9.5376
615,2592,1,8748,9.5450
615,2592,1,13122,9.5561
615,2592,1,16384,9.5644
615,2592,2,512,9.5255
615,2592,2,768,9.5267
615,2592,2,1152,9.5287
615,2592,2,1728,9.5316
615,2592,2,2592,9.5360
615,2592,2,3888,9.5426
615,2592,2,5832,9.5524
615,2592,2,8748,9.5672
615,2592,2,13122,9.5894
615,2592,2,16384,9.6060
615,2592,4,512,9.5280
615,2592,4,768,9.5306
615,2592,4,1152,9.5345
615,2592,4,1728,9.5404
615,2592,4,2592,9.5492
615,2592,4,3888,9.5623
615,2592,4,5832,9.5820
615,2592,4,8748,9.6116
615,2592,4,13122,9.6560
615,2592,4,16384,10.1127
615,2592,8,512,9.5332
615,2592,8,768,9.5384
615,2592,8,1152,9.5462
615,2592,8,1728,9.5579
615,2592,8,2592,9.5754
615,2592,8,3888,9.6017
615,2592,8,5832,9.6412
615,2592,8,8748,10.4235
615,2592,8,13122,12.8512
615,2592,8,16384,14.6616
615,2592,16,512,9.5436
615,2592,16,768,9.5540
615,2592,16,1152,9.5696
615,2592,16,1728,9.5930
615,2592,16,2592,9.6280
615,2592,16,3888,9.8885
615,2592,16,5832,12.0464
615,2592,16,8748,15.2832
615,2592,16,13122,20.1385
615,2592,16,16384,23.7594
615,2592,32,512,9.5644
615,2592,32,768,9.5852
615,2592,32,1152,9.6164
615,2592,32,1728,9.6631
615,2592,32,2592,11.3360
615,2592,32,3888,14.2132
615,2592,32,5832,18.5289
615,2592,32,8748,25.0026
615,2592,32,13122,34.7131
615,2592,32,16384,41.9550
615,2592,64,512,9.6060
615,2592,64,768,9.6475
615,2592,64,1152,10.7144
615,2592,64,1728,13.2719
615,2592,64,2592,17.1081
615,2592,64,3888,22.8625
615,2592,64,5832,31.4941
615,2592,64,8748,44.4414
615,2592,64,13122,63.8624
615,2592,64,16384,78.3461
615,2592,128,512,10.1815
615,2592,128,768,12.4549
615,2592,128,1152,15.8649
615,2592,128,1728,20.9799
615,2592,128,2592,28.6524
615,2592,128,3888,40.1611
615,2592,128,5832,57.4243
615,2592,128,8748,83.3190
615,2592,128,13122,122.1611
615,2592,128,16384,151.1283
615,3888,0,0,11.5445
615,3888,1,512,11.5457
615,3888,1,768,11.5464
615,3888,1,1152,11.5474
615,3888,1,1728,11.5488
615,3888,1,2592,11.5510
615,3888,1,3888,11.5543
615,3888,1,5832,11.5592
615,3888,1,8748,11.5666
615,3888,1,13122,11.5777
615,3888,1,16384,11.5860
615,3888,2,512,11.5470
615,3888,2,768,11.5483
615,3888,2,1152,11.5503
615,3888,2,1728,11.5532
615,3888,2,2592,11.5576
615,3888,2,3888,11.5642
615,3888,2,5832,11.5740
615,3888,2,8748,11.5888
615,3888,2,13122,11.6110
615,3888,2,16384,11.6276
615,3888,4,512,11.5496
615,3888,4,768,11.5522
615,3888,4,1152,11.5561
615,3888,4,1728,11.5620
615,3888,4,2592,11.5707
615,3888,4,3888,11.5839
615,3888,4,5832,11.6036
615,3888,4,8748,11.6332
615,3888,4,13122,11.6776
615,3888,4,16384,11.7107
615,3888,8,512,11.5548
615,3888,8,768,11.5600
615,3888,8,1152,11.5678
615,3888,8,1728,11.5795
615,3888,8,2592,11.5970
615,3888,8,3888,11.6233
615,3888,8,5832,11.6628
615,3888,8,8748,11.7220
615,3888,8,13122,12.9411
615,3888,8,16384,14.7515
615,3888,16,512,11.5652
615,3888,16,768,11.5756
615,3888,16,1152,11.5912
615,3888,16,1728,11.6146
615,3888,16,2592,11.6496
615,3888,16,3888,11.7022
615,3888,16,5832,12.1363
615,3888,16,8748,15.3731
615,3888,16,13122,20.2284
615,3888,16,16384,23.8493
615,3888,32,512,11.5860
615,3888,32,768,11.6068
615,3888,32,1152,11.6380
615,3888,32,1728,11.6847
615,3888,32,2592,11.7548
615,3888,32,3888,14.3031
615,3888,32,5832,18.6189
615,3888,32,8748,25.0925
615,3888,32,13122,34.8030
615,3888,32,16384,42.0449
615,3888,64,512,11.6276
615,3888,64,768,11.6691
615,3888,64,1152,11.7315
615,3888,64,1728,13.3618
615,3888,64,2592,17.1980
615,3888,64,3888,22.9524
615,3888,64,5832,31.5840
615,3888,64,8748,44.5313
615,3888,64,13122,63.9524
615,3888,64,16384,78.4360
615,3888,128,512,11.7107
615,3888,128,768,12.5448
615,3888,128,1152,15.9548
615,3888,128,1728,21.0698
615,3888,128,2592,28.7423
615,3888,128,3888,40.2511
615,3888,128,5832,57.5142
615,3888,128,8748,83.4089
615,3888,128,13122,122.2510
615,3888,128,16384,151.2183
615,5832,0,0,14.5768
615,5832,1,512,14.5781
615,5832,1,768,14.5788
615,5832,1,1152,14.5798
615,5832,1,1728,14.5812
615,5832,1,2592,14.5834
615,5832,1,3888,14.5867
615,5832,1,5832,14.5916
615,5832,1,8748,14.5990
615,5832,1,13122,14.6101
615,5832,1,16384,14.6184
615,5832,2,512,14.5794
615,5832,2,768,14.5807
615,5832,2,1152,14.5827
615,5832,2,1728,14.5856
615,5832,2,2592,14.5900
615,5832,2,3888,14.5966
615,5832,2,5832,14.6064
615,5832,2,8748,14.6212
615,5832,2,13122,14.6434
615,5832,2,16384,14.6600
615,5832,4,512,14.5820
615,5832,4,768,14.5846
615,5832,4,1152,14.5885
615,5832,4,1728,14.5944
615,5832,4,2592,14.6031
615,5832,4,3888,14.6163
615,5832,4,5832,14.6360
615,5832,4,8748,14.6656
615,5832,4,13122,14.7100
615,5832,4,16384,14.7431
615,5832,8,512,14.5872
615,5832,8,768,14.5924
615,5832,8,1152,14.6002
615,5832,8,1728,14.6119
615,5832,8,2592,14.6294
615,5832,8,3888,14.6557
615,5832,8,5832,14.6952
615,5832,8,8748,14.7544
615,5832,8,13122,14.8431
615,5832,8,16384,14.9093
615,5832,16,512,14.5976
615,5832,16,768,14.6080
615,5832,16,1152,14.6236
615,5832,16,1728,14.6470
615,5832,16,2592,14.6820
615,5832,16,3888,14.7346
615,5832,16,5832,14.8135
615,5832,16,8748,15.5080
615,5832,16,13122,20.3633
615,5832,16,16384,23.9842
615,5832,32,512,14.6184
615,5832,32,768,14.6392
615,5832,32,1152,14.6703
615,5832,32,1728,14.7171
615,5832,32,2592,14.7872
615,5832,32,3888,14.8924
615,5832,32,5832,18.7537
615,5832,32,8748,25.2274
615,5832,32,13122,34.9379
615,5832,32,16384,42.1797
615,5832,64,512,14.6600
615,5832,64,768,14.7015
615,5832,64,1152,14.7638
615,5832,64,1728,14.8573
615,5832,64,2592,17.3329
615,5832,64,3888,23.0873
615,5832,64,5832,31.7188
615,5832,64,8748,44.6662
615,5832,64,13122,64.0872
615,5832,64,16384,78.5709
615,5832,128,512,14.7431
615,5832,128,768,14.8262
615,5832,128,1152,16.0897
615,5832,128,1728,21.2047
615,5832,128,2592,28.8772
615,5832,128,3888,40.3859
615,5832,128,5832,57.6491
615,5832,128,8748,83.5438
615,5832,128,13122,122.3859
615,5832,128,16384,151.3531
615,8748,0,0,19.1254
615,8748,1,512,19.1267
615,8748,1,768,19.1274
615,8748,1,1152,19.1284
615,8748,1,1728,19.1298
615,8748,1,2592,19.1320
615,8748,1,3888,19.1353
615,8748,1,5832,19.1402
615,8748,1,8748,19.1476
615,8748,1,13122,19.1587
615,8748,1,16384,19.1670
615,8748,2,512,19.1280
615,8748,2,768,19.1293
615,8748,2,1152,19.1313
615,8748,2,1728,19.1342
615,8748,2,2592,19.1386
615,8748,2,3888,19.1452
615,8748,2,5832,19.1550
615,8748,2,8748,19.1698
615,8748,2,13122,19.1920
615,8748,2,16384,19.2085
615,8748,4,512,19.1306
615,8748,4,768,19.1332
615,8748,4,1152,19.1371
615,8748,4,1728,19.1430
615,8748,4,2592,19.1517
615,8748,4,3888,19.1649
615,8748,4,5832,19.1846
615,8748,4,8748,19.2142
615,8748,4,13122,19.2586
615,8748,4,16384,19.2917
615,8748,8,512,19.1358
615,8748,8,768,19.1410
615,8748,8,1152,19.1488
615,8748,8,1728,19.1605
615,8748,8,2592,19.1780
615,8748,8,3888,19.2043
615,8748,8,5832,19.2438
615,8748,8,8748,19.3029
615,8748,8,13122,19.3917
615,8748,8,16384,19.4579
615,8748,16,512,19.1462
615,8748,16,768,19.1566
615,8748,16,1152,19.1722
615,8748,16,1728,19.1956
615,8748,16,2592,19.2306
615,8748,16,3888,19.2832
615,8748,16,5832,19.3621
615,8748,16,8748,19.4804
615,8748,16,13122,20.5656
615,8748,16,16384,24.1865
615,8748,32,512,19.1670
615,8748,32,768,19.1878
615,8748,32,1152,19.2189
615,8748,32,1728,19.2657
615,8748,32,2592,19.3358
615,8748,32,3888,19.4410
615,8748,32,5832,19.5988
615,8748,32,8748,25.4297
615,8748,32,13122,35.1402
615,8748,32,16384,42.3820
615,8748,64,512,19.2085
615,8748,64,768,19.2501
615,8748,64,1152,19.3124
615,8748,64,1728,19.4059
615,8748,64,2592,19.5462
615,8748,64,3888,23.2896
615,8748,64,5832,31.9211
615,8748,64,8748,44.8685
615,8748,64,13122,64.2895
615,8748,64,16384,78.7732
615,8748,128,512,19.2917
615,8748,128,768,19.3748
615,8748,128,1152,19.4994
615,8748,128,1728,21.4070
615,8748,128,2592,29.0795
615,8748,128,3888,40.5882
615,8748,128,5832,57.8514
615,8748,128,8748,83.7461
615,8748,128,13122,122.5882
615,8748,128,16384,151.5554
615,13122,0,0,25.9483
615,13122,1,512,25.9496
615,13122,1,768,25.9503
615,13122,1,1152,25.9512
615,13122,1,1728,25.9527
615,13122,1,2592,25.9549
615,13122,1,3888,25.9582
615,13122,1,5832,25.9631
615,13122,1,8748,25.9705
615,13122,1,13122,25.9816
615,13122,1,16384,25.9899
615,13122,2,512,25.9509
615,13122,2,768,25.9522
615,13122,2,1152,25.9542
615,13122,2,1728,25.9571
615,13122,2,2592,25.9615
615,13122,2,3888,25.9680
615,13122,2,5832,25.9779
615,13122,2,8748,25.9927
615,13122,2,13122,26.0149
615,13122,2,16384,26.0314
615,13122,4,512,25.9535
615,13122,4,768,25.9561
615,13122,4,1152,25.9600
615,13122,4,1728,25.9659
615,13122,4,2592,25.9746
615,13122,4,3888,25.9878
615,13122,4,5832,26.0075
615,13122,4,8748,26.0371
615,13122,4,13122,26.0815
615,13122,4,16384,26.1145
615,13122,8,512,25.9587
615,13122,8,768,25.9639
615,13122,8,1152,25.9717
615,13122,8,1728,25.9834
615,13122,8,2592,26.0009
615,13122,8,3888,26.0272
615,13122,8,5832,26.0667
615,13122,8,8748,26.1258
615,13122,8,13122,26.2146
615,13122,8,16384,26.2808
615,13122,16,512,25.9691
615,13122,16,768,25.9795
615,13122,16,1152,25.9951
615,13122,16,1728,26.0184
615,13122,16,2592,26.0535
615,13122,16,3888,26.1061
615,13122,16,5832,26.1850
615,13122,16,8748,26.3033
615,13122,16,13122,26.4808
615,13122,16,16384,26.6132
615,13122,32,512,25.9899
615,13122,32,768,26.0107
615,13122,32,1152,26.0418
615,13122,32,1728,26.0886
615,13122,32,2592,26.1587
615,13122,32,3888,26.2639
615,13122,32,5832,26.4217
615,13122,32,8748,26.6583
615,13122,32,13122,35.4437
615,13122,32,16384,42.6855
615,13122,64,512,26.0314
615,13122,64,768,26.0730
615,13122,64,1152,26.1353
615,13122,64,1728,26.2288
615,13122,64,2592,26.3691
615,13122,64,3888,26.5795
615,13122,64,5832,32.2246
615,13122,64,8748,45.1720
615,13122,64,13122,64.5930
615,13122,64,16384,79.0766
615,13122,128,512,26.1145
615,13122,128,768,26.1977
615,13122,128,1152,26.3223
615,13122,128,1728,26.5093
615,13122,128,2592,29.3829
615,13122,128,3888,40.8917
615,13122,128,5832,58.1548
615,13122,128,8748,84.0495
615,13122,128,13122,122.8916
615,13122,128,16384,151.8589
615,16384,0,0,31.0366
615,16384,1,512,31.0379
615,16384,1,768,31.0386
615,16384,1,1152,31.0396
615,16384,1,1728,31.0410
615,16384,1,2592,31.0432
615,16384,1,3888,31.0465
615,16384,1,5832,31.0514
615,16384,1,8748,31.0588
615,16384,1,13122,31.0699
615,16384,1,16384,31.0782
615,16384,2,512,31.0392
615,16384,2,768,31.0405
615,16384,2,1152,31.0425
615,16384,2,1728,31.0454
615,16384,2,2592,31.0498
615,16384,2,3888,31.0564
615,16384,2,5832,31.0662
615,16384,2,8748,31.0810
615,16384,2,13122,31.1032
615,16384,2,16384,31.1197
615,16384,4,512,31.0418
615,16384,4,768,31.0444
615,16384,4,1152,31.0483
615,16384,4,1728,31.0542
615,16384,4,2592,31.0629
615,16384,4,3888,31.0761
615,16384,4,5832,31.0958
615,16384,4,8748,31.1254
615,16384,4,13122,31.1698
615,16384,4,16384,31.2029
615,16384,8,512,31.0470
615,16384,8,768,31.0522
615,16384,8,1152,31.0600
615,16384,8,1728,31.0717
615,16384,8,2592,31.0892
615,16384,8,3888,31.1155
615,16384,8,5832,31.1550
615,16384,8,8748,31.2141
615,16384,8,13122,31.3029
615,16384,8,16384,31.3691
615,16384,16,512,31.0574
615,16384,16,768,31.0678
615,16384,16,1152,31.0834
615,16384,16,1728,31.1068
615,16384,16,2592,31.1418
615,16384,16,3888,31.1944
615,16384,16,5832,31.2733
615,16384,16,8748,31.3916
615,16384,16,13122,31.5691
615,16384,16,16384,31.7015
615,16384,32,512,31.0782
615,16384,32,768,31.0990
615,16384,32,1152,31.1301
615,16384,32,1728,31.1769
615,16384,32,2592,31.2470
615,16384,32,3888,31.3522
615,16384,32,5832,31.5100
615,16384,32,8748,31.7467
615,16384,32,13122,35.6700
615,16384,32,16384,42.9118
615,16384,64,512,31.1197
615,16384,64,768,31.1613
615,16384,64,1152,31.2236
615,16384,64,1728,31.3171
615,16384,64,2592,31.4574
615,16384,64,3888,31.6678
615,16384,64,5832,32.4509
615,16384,64,8748,45.3983
615,16384,64,13122,64.8193
615,16384,64,16384,79.3029
615,16384,128,512,31.2029
615,16384,128,768,31.2860
615,16384,128,1152,31.4106
615,16384,128,1728,31.5976
615,16384,128,2592,31.8781
615,16384,128,3888,41.1180
615,16384,128,5832,58.3811
615,16384,128,8748,84.2758
615,16384,128,13122,123.1179
615,16384,128,16384,152.0852
923,0,0,0,6.0804
923,0,1,512,6.0817
923,0,1,768,6.0824
923,0,1,1152,6.0833
923,0,1,1728,6.0848
923,0,1,2592,6.0870
923,0,1,3888,6.0903
923,0,1,5832,6.0952
923,0,1,8748,6.1838
923,0,1,13122,6.4872
923,0,1,16384,6.7135
923,0,2,512,6.0830
923,0,2,768,6.0843
923,0,2,1152,6.0863
923,0,2,1728,6.0892
923,0,2,2592,6.0936
923,0,2,3888,6.1169
923,0,2,5832,6.3866
923,0,2,8748,6.7912
923,0,2,13122,7.3981
923,0,2,16384,7.8508
923,0,4,512,6.0856
923,0,4,768,6.0882
923,0,4,1152,6.0921
923,0,4,1728,6.0979
923,0,4,2592,6.2978
923,0,4,3888,6.6575
923,0,4,5832,7.1970
923,0,4,8748,8.0062
923,0,4,13122,9.2200
923,0,4,16384,10.1252
923,0,8,512,6.0908
923,0,8,768,6.0960
923,0,8,1152,6.2201
923,0,8,1728,6.5398
923,0,8,2592,7.0193
923,0,8,3888,7.7386
923,0,8,5832,8.8176
923,0,8,8748,10.4360
923,0,8,13122,12.8636
923,0,8,16384,14.6741
923,0,16,512,6.1535
923,0,16,768,6.4377
923,0,16,1152,6.8639
923,0,16,1728,7.5033
923,0,16,2592,8.4624
923,0,16,3888,9.9010
923,0,16,5832,12.0589
923,0,16,8748,15.2957
923,0,16,13122,20.1510
923,0,16,16384,23.7719
923,0,32,512,6.7307
923,0,32,768,7.2991
923,0,32,1152,8.1516
923,0,32,1728,9.4303
923,0,32,2592,11.3485
923,0,32,3888,14.2256
923,0,32,5832,18.5414
923,0,32,8748,25.0151
923,0,32,13122,34.7256
923,0,32,16384,41.9674
923,0,64,512,7.8852
923,0,64,768,9.0218
923,0,64,1152,10.7268
923,0,64,1728,13.2843
923,0,64,2592,17.1206
923,0,64,3888,22.8750
923,0,64,5832,31.5065
923,0,64,8748,44.4539
923,0,64,13122,63.8749
923,0,64,16384,78.3586
923,0,128,512,10.1940
923,0,128,768,12.4674
923,0,128,1152,15.8774
923,0,128,1728,20.9924
923,0,128,2592,28.6649
923,0,128,3888,40.1736
923,0,128,5832,57.4368
923,0,128,8748,83.3315
923,0,128,13122,122.1736
923,0,128,16384,151.1408
923,512,0,0,7.2790
923,512,1,512,7.2803
923,512,1,768,7.2810
923,512,1,1152,7.2820
923,512,1,1728,7.2834
923,512,1,2592,7.2856
923,512,1,3888,7.2889
923,512,1,5832,7.2938
923,512,1,8748,7.3012
923,512,1,13122,7.3123
923,512,1,16384,7.3206
923,512,2,512,7.2816
923,512,2,768,7.2829
923,512,2,1152,7.2849
923,512,2,1728,7.2878
923,512,2,2592,7.2922
923,512,2,3888,7.2988
923,512,2,5832,7.3086
923,512,2,8748,7.3234
923,512,2,13122,7.4337
923,512,2,16384,7.8863
923,512,4,512,7.2842
923,512,4,768,7.2868
923,512,4,1152,7.2907
923,512,4,1728,7.2966
923,512,4,2592,7.3053
923,512,4,3888,7.3185
923,512,4,5832,7.3382
923,512,4,8748,8.0417
923,512,4,13122,9.2555
923,512,4,16384,10.1607
923,512,8,512,7.2894
923,512,8,768,7.2946
923,512,8,1152,7.3024
923,512,8,1728,7.3141
923,512,8,2592,7.3316
923,512,8,3888,7.7742
923,512,8,5832,8.8531
923,512,8,8748,10.4715
923,512,8,13122,12.8992
923,512,8,16384,14.7096
923,512,16,512,7.2998
923,512,16,768,7.3102
923,512,16,1152,7.3258
923,512,16,1728,7.5388
923,512,16,2592,8.4979
923,512,16,3888,9.9365
923,512,16,5832,12.0944
923,512,16,8748,15.3312
923,512,16,13122,20.1865
923,512,16,16384,23.8074
923,512,32,512,7.3206
923,512,32,768,7.3414
923,512,32,1152,8.1871
923,512,32,1728,9.4658
923,512,32,2592,11.3840
923,512,32,3888,14.2612
923,512,32,5832,18.5769
923,512,32,8748,25.0506
923,512,32,13122,34.7611
923,512,32,16384,42.0030
923,512,64,512,7.9207
923,512,64,768,9.0574
923,512,64,1152,10.7624
923,512,64,1728,13.3199
923,512,64,2592,17.1561
923,512,64,3888,22.9105
923,512,64,5832,31.5421
923,512,64,8748,44.4894
923,512,64,13122,63.9105
923,512,64,16384,78.3941
923,512,128,512,10.2295
923,512,128,768,12.5029
923,512,128,1152,15.9129
923,512,128,1728,21.0279
923,512,128,2592,28.7004
923,512,128,3888,40.2092
923,512,128,5832,57.4723
923,512,128,8748,83.3670
923,512,128,13122,122.2091
923,512,128,16384,151.1763
923,768,0,0,7.8784
923,768,1,512,7.8797
923,768,1,768,7.8803
923,768,1,1152,7.8813
923,768,1,1728,7.8827
923,768,1,2592,7.8849
923,768,1,3888,7.8882
923,768,1,5832,7.8931
923,768,1,8748,7.9005
923,768,1,13122,7.9116
923,768,1,16384,7.9199
923,768,2,512,7.8810
923,768,2,768,7.8823
923,768,2,1152,7.8842
923,768,2,1728,7.8871
923,768,2,2592,7.8915
923,768,2,3888,7.8981
923,768,2,5832,7.9079
923,768,2,8748,7.9227
923,768,2,13122,7.9449
923,768,2,16384,7.9615
923,768,4,512,7.8836
923,768,4,768,7.8861
923,768,4,1152,7.8900
923,768,4,1728,7.8959
923,768,4,2592,7.9047
923,768,4,3888,7.9178
923,768,4,5832,7.9375
923,768,4,8748,8.0594
923,768,4,13122,9.2733
923,768,4,16384,10.1785
923,768,8,512,7.8887
923,768,8,768,7.8939
923,768,8,1152,7.9017
923,768,8,1728,7.9134
923,768,8,2592,7.9310
923,768,8,3888,7.9572
923,768,8,5832,8.8709
923,768,8,8748,10.4893
923,768,8,13122,12.9169
923,768,8,16384,14.7274
923,768,16,512,7.8991
923,768,16,768,7.9095
923,768,16,1152,7.9251
923,768,16,1728,7.9485
923,768,16,2592,8.5157
923,768,16,3888,9.9543
923,768,16,5832,12.1122
923,768,16,8748,15.3490
923,768,16,13122,20.2042
923,768,16,16384,23.8252
923,768,32,512,7.9199
923,768,32,768,7.9407
923,768,32,1152,8.2049
923,768,32,1728,9.4836
923,768,32,2592,11.4017
923,768,32,3888,14.2789
923,768,32,5832,18.5947
923,768,32,8748,25.0684
923,768,32,13122,34.7789
923,768,32,16384,42.0207
923,768,64,512,7.9615
923,768,64,768,9.0751
923,768,64,1152,10.7801
923,768,64,1728,13.3376
923,768,64,2592,17.1739
923,768,64,3888,22.9283
923,768,64,5832,31.5598
923,768,64,8748,44.5072
923,768,64,13122,63.9282
923,768,64,16384,78.4119
923,768,128,512,10.2473
923,768,128,768,12.5206
923,768,128,1152,15.9306
923,768,128,1728,21.0456
923,768,128,2592,28.7182
923,768,128,3888,40.2269
923,768,128,5832,57.4901
923,768,128,8748,83.3848
923,768,128,13122,122.2268
923,768,128,16384,151.1941
923,1152,0,0,8.7773
923,1152,1,512,8.7786
923,1152,1,768,8.7793
923,1152,1,1152,8.7803
923,1152,1,1728,8.7817
923,1152,1,2592,8.7839
923,1152,1,3888,8.7872
923,1152,1,5832,8.7921
923,1152,1,8748,8.7995
923,1152,1,13122,8.8106
923,1152,1,16384,8.8189
923,1152,2,512,8.7799
923,1152,2,768,8.7812
923,1152,2,1152,8.7832
923,1152,2,1728,8.7861
923,1152,2,2592,8.7905
923,1152,2,3888,8.7971
923,1152,2,5832,8.8069
923,1152,2,8748,8.8217
923,1152,2,13122,8.8439
923,1152,2,16384,8.8604
923,1152,4,512,8.7825
923,1152,4,768,8.7851
923,1152,4,1152,8.7890
923,1152,4,1728,8.7949
923,1152,4,2592,8.8036
923,1152,4,3888,8.8168
923,1152,4,5832,8.8365
923,1152,4,8748,8.8661
923,1152,4,13122,9.2999
923,1152,4,16384,10.2051
923,1152,8,512,8.7877
923,1152,8,768,8.7929
923,1152,8,1152,8.8007
923,1152,8,1728,8.8124
923,1152,8,2592,8.8299
923,1152,8,3888,8.8562
923,1152,8,5832,8.8975
923,1152,8,8748,10.5159
923,1152,8,13122,12.9436
923,1152,8,16384,14.7540
923,1152,16,512,8.7981
923,1152,16,768,8.8085
923,1152,16,1152,8.8241
923,1152,16,1728,8.8475
923,1152,16,2592,8.8825
923,1152,16,3888,9.9809
923,1152,16,5832,12.1388
923,1152,16,8748,15.3756
923,1152,16,13122,20.2309
923,1152,16,16384,23.8518
923,1152,32,512,8.8189
923,1152,32,768,8.8397
923,1152,32,1152,8.8708
923,1152,32,1728,9.5102
923,1152,32,2592,11.4284
923,1152,32,3888,14.3056
923,1152,32,5832,18.6214
923,1152,32,8748,25.0950
923,1152,32,13122,34.8055
923,1152,32,16384,42.0474
923,1152,64,512,8.8604
923,1152,64,768,9.1018
923,1152,64,1152,10.8068
923,1152,64,1728,13.3643
923,1152,64,2592,17.2005
923,1152,64,3888,22.9549
923,1152,64,5832,31.5865
923,1152,64,8748,44.5338
923,1152,64,13122,63.9549
923,1152,64,16384,78.4385
923,1152,128,512,10.2739
923,1152,128,768,12.5473
923,1152,128,1152,15.9573
923,1152,128,1728,21.0723
923,1152,128,2592,28.7448
923,1152,128,3888,40.2536
923,1152,128,5832,57.5167
923,1152,128,8748,83.4114
923,1152,128,13122,122.2535
923,1152,128,16384,151.2207
923,1728,0,0,10.1258
923,1728,1,512,10.1271
923,1728,1,768,10.1277
923,1728,1,1152,10.1287
923,1728,1,1728,10.1302
923,1728,1,2592,10.1324
923,1728,1,3888,10.1357
923,1728,1,5832,10.1406
923,1728,1,8748,10.1480
923,1728,1,13122,10.1591
923,1728,1,16384,10.1673
923,1728,2,512,10.1284
923,1728,2,768,10.1297
923,1728,2,1152,10.1316
923,1728,2,1728,10.1346
923,1728,2,2592,10.1389
923,1728,2,3888,10.1455
923,1728,2,5832,10.1554
923,1728,2,8748,10.1702
923,1728,2,13122,10.1924
923,1728,2,16384,10.2089
923,1728,4,512,10.1310
923,1728,4,768,10.1336
923,1728,4,1152,10.1375
923,1728,4,1728,10.1433
923,1728,4,2592,10.1521
923,1728,4,3888,10.1652
923,1728,4,5832,10.1850
923,1728,4,8748,10.2145
923,1728,4,13122,10.2589
923,1728,4,16384,10.2920
923,1728,8,512,10.1362
923,1728,8,768,10.1414
923,1728,8,1152,10.1492
923,1728,8,1728,10.1609
923,1728,8,2592,10.1784
923,1728,8,3888,10.2047
923,1728,8,5832,10.2441
923,1728,8,8748,10.5559
923,1728,8,13122,12.9835
923,1728,8,16384,14.7940
923,1728,16,512,10.1466
923,1728,16,768,10.1570
923,1728,16,1152,10.1725
923,1728,16,1728,10.1959
923,1728,16,2592,10.2310
923,1728,16,3888,10.2836
923,1728,16,5832,12.1788
923,1728,16,8748,15.4156
923,1728,16,13122,20.2709
923,1728,16,16384,23.8918
923,1728,32,512,10.1673
923,1728,32,768,10.1881
923,1728,32,1152,10.2193
923,1728,32,1728,10.2660
923,1728,32,2592,11.4683
923,1728,32,3888,14.3455
923,1728,32,5832,18.6613
923,1728,32,8748,25.1350
923,1728,32,13122,34.8455
923,1728,32,16384,42.0873
923,1728,64,512,10.2089
923,1728,64,768,10.2505
923,1728,64,1152,10.8467
923,1728,64,1728,13.4042
923,1728,64,2592,17.2405
923,1728,64,3888,22.9949
923,1728,64,5832,31.6264
923,1728,64,8748,44.5738
923,1728,64,13122,63.9948
923,1728,64,16384,78.4785
923,1728,128,512,10.3139
923,1728,128,768,12.5872
923,1728,128,1152,15.9972
923,1728,128,1728,21.1123
923,1728,128,2592,28.7848
923,1728,128,3888,40.2935
923,1728,128,5832,57.5567
923,1728,128,8748,83.4514
923,1728,128,13122,122.2934
923,1728,128,16384,151.2607
923,2592,0,0,12.1485
923,2592,1,512,12.1498
923,2592,1,768,12.1504
923,2592,1,1152,12.1514
923,2592,1,1728,12.1529
923,2592,1,2592,12.1551
923,2592,1,3888,12.1583
923,2592,1,5832,12.1633
923,2592,1,8748,12.1707
923,2592,1,13122,12.1818
923,2592,1,16384,12.1900
923,2592,2,512,12.1511
923,2592,2,768,12.1524
923,2592,2,1152,12.1543
923,2592,2,1728,12.1572
923,2592,2,2592,12.1616
923,2592,2,3888,12.1682
923,2592,2,5832,12.1781
923,2592,2,8748,12.1929
923,2592,2,13122,12.2150
923,2592,2,16384,12.2316
923,2592,4,512,12.1537
923,2592,4,768,12.1563
923,2592,4,1152,12.1602
923,2592,4,1728,12.1660
923,2592,4,2592,12.1748
923,2592,4,3888,12.1879
923,2592,4,5832,12.2077
923,2592,4,8748,12.2372
923,2592,4,13122,12.2816
923,2592,4,16384,12.3147
923,2592,8,512,12.1589
923,2592,8,768,12.1641
923,2592,8,1152,12.1719
923,2592,8,1728,12.1835
923,2592,8,2592,12.2011
923,2592,8,3888,12.2274
923,2592,8,5832,12.2668
923,2592,8,8748,12.3260
923,2592,8,13122,13.0435
923,2592,8,16384,14.8539
923,2592,16,512,12.1693
923,2592,16,768,12.1797
923,2592,16,1152,12.1952
923,2592,16,1728,12.2186
923,2592,16,2592,12.2537
923,2592,16,3888,12.3063
923,2592,16,5832,12.3852
923,2592,16,8748,15.4755
923,2592,16,13122,20.3308
923,2592,16,16384,23.9517
923,2592,32,512,12.1900
923,2592,32,768,12.2108
923,2592,32,1152,12.2420
923,2592,32,1728,12.2887
923,2592,32,2592,12.3589
923,2592,32,3888,14.4055
923,2592,32,5832,18.7213
923,2592,32,8748,25.1949
923,2592,32,13122,34.9054
923,2592,32,16384,42.1473
923,2592,64,512,12.2316
923,2592,64,768,12.2732
923,2592,64,1152,12.3355
923,2592,64,1728,13.4642
923,2592,64,2592,17.3004
923,2592,64,3888,23.0548
923,2592,64,5832,31.6864
923,2592,64,8748,44.6337
923,2592,64,13122,64.0548
923,2592,64,16384,78.5384
923,2592,128,512,12.3147
923,2592,128,768,12.6472
923,2592,128,1152,16.0572
923,2592,128,1728,21.1722
923,2592,128,2592,28.8447
923,2592,128,3888,40.3535
923,2592,128,5832,57.6166
923,2592,128,8748,83.5113
923,2592,128,13122,122.3534
923,2592,128,16384,151.3207
923,3888,0,0,15.1825
923,3888,1,512,15.1838
923,3888,1,768,15.1845
923,3888,1,1152,15.1854
923,3888,1,1728,15.1869
923,3888,1,2592,15.1891
923,3888,1,3888,15.1924
923,3888,1,5832,15.1973
923,3888,1,8748,15.2047
923,3888,1,13122,15.2158
923,3888,1,16384,15.2241
923,3888,2,512,15.1851
923,3888,2,768,15.1864
923,3888,2,1152,15.1884
923,3888,2,1728,15.1913
923,3888,2,2592,15.1957
923,3888,2,3888,15.2022
923,3888,2,5832,15.2121
923,3888,2,8748,15.2269
923,3888,2,13122,15.2491
923,3888,2,16384,15.2656
923,3888,4,512,15.1877
923,3888,4,768,15.1903
923,3888,4,1152,15.1942
923,3888,4,1728,15.2001
923,3888,4,2592,15.2088
923,3888,4,3888,15.2220
923,3888,4,5832,15.2417
923,3888,4,8748,15.2713
923,3888,4,13122,15.3157
923,3888,4,16384,15.3487
923,3888,8,512,15.1929
923,3888,8,768,15.1981
923,3888,8,1152,15.2059
923,3888,8,1728,15.2176
923,3888,8,2592,15.2351
923,3888,8,3888,15.2614
923,3888,8,5832,15.3009
923,3888,8,8748,15.3600
923,3888,8,13122,15.4488
923,3888,8,16384,15.5150
923,3888,16,512,15.2033
923,3888,16,768,15.2137
923,3888,16,1152,15.2293
923,3888,16,1728,15.2526
923,3888,16,2592,15.2877
923,3888,16,3888,15.3403
923,3888,16,5832,15.4192
923,3888,16,8748,15.5654
923,3888,16,13122,20.4207
923,3888,16,16384,24.0416
923,3888,32,512,15.2241
923,3888,32,768,15.2449
923,3888,32,1152,15.2760
923,3888,32,1728,15.3228
923,3888,32,2592,15.3929
923,3888,32,3888,15.4981
923,3888,32,5832,18.8112
923,3888,32,8748,25.2848
923,3888,32,13122,34.9954
923,3888,32,16384,42.2372
923,3888,64,512,15.2656
923,3888,64,768,15.3072
923,3888,64,1152,15.3695
923,3888,64,1728,15.4630
923,3888,64,2592,17.3903
923,3888,64,3888,23.1447
923,3888,64,5832,31.7763
923,3888,64,8748,44.7236
923,3888,64,13122,64.1447
923,3888,64,16384,78.6283
923,3888,128,512,15.3487
923,3888,128,768,15.4319
923,3888,128,1152,16.1471
923,3888,128,1728,21.2621
923,3888,128,2592,28.9346
923,3888,128,3888,40.4434
923,3888,128,5832,57.7065
923,3888,128,8748,83.6012
923,3888,128,13122,122.4433
923,3888,128,16384,151.4106
923,5832,0,0,19.7336
923,5832,1,512,19.7349
923,5832,1,768,19.7355
923,5832,1,1152,19.7365
923,5832,1,1728,19.7380
923,5832,1,2592,19.7402
923,5832,1,3888,19.7434
923,5832,1,5832,19.7484
923,5832,1,8748,19.7558
923,5832,1,13122,19.7669
923,5832,1,16384,19.7751
923,5832,2,512,19.7362
923,5832,2,768,19.7375
923,5832,2,1152,19.7394
923,5832,2,1728,19.7423
923,5832,2,2592,19.7467
923,5832,2,3888,19.7533
923,5832,2,5832,19.7632
923,5832,2,8748,19.7780
923,5832,2,13122,19.8001
923,5832,2,16384,19.8167
923,5832,4,512,19.7388
923,5832,4,768,19.7414
923,5832,4,1152,19.7453
923,5832,4,1728,19.7511
923,5832,4,2592,19.7599
923,5832,4,3888,19.7730
923,5832,4,5832,19.7927
923,5832,4,8748,19.8223
923,5832,4,13122,19.8667
923,5832,4,16384,19.8998
923,5832,8,512,19.7440
923,5832,8,768,19.7492
923,5832,8,1152,19.7570
923,5832,8,1728,19.7686
923,5832,8,2592,19.7862
923,5832,8,3888,19.8125
923,5832,8,5832,19.8519
923,5832,8,8748,19.9111
923,5832,8,13122,19.9998
923,5832,8,16384,20.0660
923,5832,16,512,19.7544
923,5832,16,768,19.7647
923,5832,16,1152,19.7803
923,5832,16,1728,19.8037
923,5832,16,2592,19.8388
923,5832,16,3888,19.8914
923,5832,16,5832,19.9703
923,5832,16,8748,20.0886
923,5832,16,13122,20.5556
923,5832,16,16384,24.1765
923,5832,32,512,19.7751
923,5832,32,768,19.7959
923,5832,32,1152,19.8271
923,5832,32,1728,19.8738
923,5832,32,2592,19.9440
923,5832,32,3888,20.0491
923,5832,32,5832,20.2069
923,5832,32,8748,25.4197
923,5832,32,13122,35.1302
923,5832,32,16384,42.3720
923,5832,64,512,19.8167
923,5832,64,768,19.8582
923,5832,64,1152,19.9206
923,5832,64,1728,20.0141
923,5832,64,2592,20.1543
923,5832,64,3888,23.2796
923,5832,64,5832,31.9112
923,5832,64,8748,44.8585
923,5832,64,13122,64.2795
923,5832,64,16384,78.7632
923,5832,128,512,19.8998
923,5832,128,768,19.9829
923,5832,128,1152,20.1076
923,5832,128,1728,21.3970
923,5832,128,2592,29.0695
923,5832,128,3888,40.5782
923,5832,128,5832,57.8414
923,5832,128,8748,83.7361
923,5832,128,13122,122.5782
923,5832,128,16384,151.5454
923,8748,0,0,26.5602
923,8748,1,512,26.5615
923,8748,1,768,26.5621
923,8748,1,1152,26.5631
923,8748,1,1728,26.5645
923,8748,1,2592,26.5667
923,8748,1,3888,26.5700
923,8748,1,5832,26.5750
923,8748,1,8748,26.5824
923,8748,1,13122,26.5934
923,8748,1,16384,26.6017
923,8748,2,512,26.5628
923,8748,2,768,26.5641
923,8748,2,1152,26.5660
923,8748,2,1728,26.5689
923,8748,2,2592,26.5733
923,8748,2,3888,26.5799
923,8748,2,5832,26.5897
923,8748,2,8748,26.6045
923,8748,2,13122,26.6267
923,8748,2,16384,26.6433
923,8748,4,512,26.5654
923,8748,4,768,26.5680
923,8748,4,1152,26.5719
923,8748,4,1728,26.5777
923,8748,4,2592,26.5865
923,8748,4,3888,26.5996
923,8748,4,5832,26.6193
923,8748,4,8748,26.6489
923,8748,4,13122,26.6933
923,8748,4,16384,26.7264
923,8748,8,512,26.5706
923,8748,8,768,26.5757
923,8748,8,1152,26.5835
923,8748,8,1728,26.5952
923,8748,8,2592,26.6128
923,8748,8,3888,26.6391
923,8748,8,5832,26.6785
923,8748,8,8748,26.7377
923,8748,8,13122,26.8264
923,8748,8,16384,26.8926
923,8748,16,512,26.5809
923,8748,16,768,26.5913
923,8748,16,1152,26.6069
923,8748,16,1728,26.6303
923,8748,16,2592,26.6654
923,8748,16,3888,26.7179
923,8748,16,5832,26.7968
923,8748,16,8748,26.9152
923,8748,16,13122,27.0927
923,8748,16,16384,27.2251
923,8748,32,512,26.6017
923,8748,32,768,26.6225
923,8748,32,1152,26.6537
923,8748,32,1728,26.7004
923,8748,32,2592,26.7705
923,8748,32,3888,26.8757
923,8748,32,5832,27.0335
923,8748,32,8748,27.2702
923,8748,32,13122,35.3325
923,8748,32,16384,42.5743
923,8748,64,512,26.6433
923,8748,64,768,26.6848
923,8748,64,1152,26.7472
923,8748,64,1728,26.8407
923,8748,64,2592,26.9809
923,8748,64,3888,27.1913
923,8748,64,5832,32.1135
923,8748,64,8748,45.0608
923,8748,64,13122,64.4818
923,8748,64,16384,78.9655
923,8748,128,512,26.7264
923,8748,128,768,26.8095
923,8748,128,1152,26.9342
923,8748,128,1728,27.1212
923,8748,128,2592,29.2718
923,8748,128,3888,40.7805
923,8748,128,5832,58.0437
923,8748,128,8748,83.9384
923,8748,128,13122,122.7805
923,8748,128,16384,151.7477
923,13122,0,0,36.8000
923,13122,1,512,36.8013
923,13122,1,768,36.8020
923,13122,1,1152,36.8030
923,13122,1,1728,36.8044
923,13122,1,2592,36.8066
923,13122,1,3888,36.8099
923,13122,1,5832,36.8148
923,13122,1,8748,36.8222
923,13122,1,13122,36.8333
923,13122,1,16384,36.8416
923,13122,2,512,36.8026
923,13122,2,768,36.8039
923,13122,2,1152,36.8059
923,13122,2,1728,36.8088
923,13122,2,2592,36.8132
923,13122,2,3888,36.8198
923,13122,2,5832,36.8296
923,13122,2,8748,36.8444
923,13122,2,13122,36.8666
923,13122,2,16384,36.8832
923,13122,4,512,36.8052
923,13122,4,768,36.8078
923,13122,4,1152,36.8117
923,13122,4,1728,36.8176
923,13122,4,2592,36.8263
923,13122,4,3888,36.8395
923,13122,4,5832,36.8592
923,13122,4,8748,36.8888
923,13122,4,13122,36.9332
923,13122,4,16384,36.9663
923,13122,8,512,36.8104
923,13122,8,768,36.8156
923,13122,8,1152,36.8234
923,13122,8,1728,36.8351
923,13122,8,2592,36.8526
923,13122,8,3888,36.8789
923,13122,8,5832,36.9184
923,13122,8,8748,36.9775
923,13122,8,13122,37.0663
923,13122,8,16384,37.1325
923,13122,16,512,36.8208
923,13122,16,768,36.8312
923,13122,16,1152,36.8468
923,13122,16,1728,36.8702
923,13122,16,2592,36.9052
923,13122,16,3888,36.9578
923,13122,16,5832,37.0367
923,13122,16,8748,37.1551
923,13122,16,13122,37.3326
923,13122,16,16384,37.4649
923,13122,32,512,36.8416
923,13122,32,768,36.8624
923,13122,32,1152,36.8935
923,13122,32,1728,36.9403
923,13122,32,2592,37.0104
923,13122,32,3888,37.1156
923,13122,32,5832,37.2734
923,13122,32,8748,37.5101
923,13122,32,13122,37.8651
923,13122,32,16384,42.8778
923,13122,64,512,36.8832
923,13122,64,768,36.9247
923,13122,64,1152,36.9870
923,13122,64,1728,37.0805
923,13122,64,2592,37.2208
923,13122,64,3888,37.4312
923,13122,64,5832,37.7467
923,13122,64,8748,45.3643
923,13122,64,13122,64.7853
923,13122,64,16384,79.2689
923,13122,128,512,36.9663
923,13122,128,768,37.0494
923,13122,128,1152,37.1740
923,13122,128,1728,37.3610
923,13122,128,2592,37.6416
923,13122,128,3888,41.0840
923,13122,128,5832,58.3471
923,13122,128,8748,84.2419
923,13122,128,13122,123.0839
923,13122,128,16384,152.0512
923,16384,0,0,44.4366
923,16384,1,512,44.4379
923,16384,1,768,44.4386
923,16384,1,1152,44.4396
923,16384,1,1728,44.4410
923,16384,1,2592,44.4432
923,16384,1,3888,44.4465
923,16384,1,5832,44.4514
923,16384,1,8748,44.4588
923,16384,1,13122,44.4699
923,16384,1,16384,44.4782
923,16384,2,512,44.4392
923,16384,2,768,44.4405
923,16384,2,1152,44.4425
923,16384,2,1728,44.4454
923,16384,2,2592,44.4498
923,16384,2,3888,44.4564
923,16384,2,5832,44.4662
923,16384,2,8748,44.4810
923,16384,2,13122,44.5032
923,16384,2,16384,44.5198
923,16384,4,512,44.4418
923,16384,4,768,44.4444
923,16384,4,1152,44.4483
923,16384,4,1728,44.4542
923,16384,4,2592,44.4629
923,16384,4,3888,44.4761
923,16384,4,5832,44.4958
923,16384,4,8748,44.5254
923,16384,4,13122,44.5698
923,16384,4,16384,44.6029
923,16384,8,512,44.4470
923,16384,8,768,44.4522
923,16384,8,1152,44.4600
923,16384,8,1728,44.4717
923,16384,8,2592,44.4892
923,16384,8,3888,44.5155
923,16384,8,5832,44.5550
923,16384,8,8748,44.6141
923,16384,8,13122,44.7029
923,16384,8,16384,44.7691
923,16384,16,512,44.4574
923,16384,16,768,44.4678
923,16384,16,1152,44.4834
923,16384,16,1728,44.5068
923,16384,16,2592,44.5418
923,16384,16,3888,44.5944
923,16384,16,5832,44.6733
923,16384,16,8748,44.7917
923,16384,16,13122,44.9692
923,16384,16,16384,45.1015
923,16384,32,512,44.4782
923,16384,32,768,44.4990
923,16384,32,1152,44.5301
923,16384,32,1728,44.5769
923,16384,32,2592,44.6470
923,16384,32,3888,44.7522
923,16384,32,5832,44.9100
923,16384,32,8748,45.1467
923,16384,32,13122,45.5017
923,16384,32,16384,45.7664
923,16384,64,512,44.5198
923,16384,64,768,44.5613
923,16384,64,1152,44.6236
923,16384,64,1728,44.7171
923,16384,64,2592,44.8574
923,16384,64,3888,45.0678
923,16384,64,5832,45.3833
923,16384,64,8748,45.8567
923,16384,64,13122,65.0116
923,16384,64,16384,79.4952
923,16384,128,512,44.6029
923,16384,128,768,44.6860
923,16384,128,1152,44.8106
923,16384,128,1728,44.9976
923,16384,128,2592,45.2782
923,16384,128,3888,45.6989
923,16384,128,5832,58.5734
923,16384,128,8748,84.4682
923,16384,128,13122,123.3102
923,16384,128,16384,152.2775
1024,0,0,0,6.3298
1024,0,1,16,6.3298
1024,0,1,32,6.3299
1024,0,1,64,6.3300
1024,0,1,128,6.3301
1024,0,1,256,6.3304
1024,0,1,512,6.3311
1024,0,1,1024,6.3324
1024,0,1,2048,6.3350
1024,0,1,4096,6.3402
1024,0,1,8192,6.3506
1024,0,1,16384,6.7766
1024,0,2,16,6.3299
1024,0,2,32,6.3300
1024,0,2,64,6.3301
1024,0,2,128,6.3304
1024,0,2,256,6.3311
1024,0,2,512,6.3324
1024,0,2,1024,6.3350
1024,0,2,2048,6.3402
1024,0,2,4096,6.3506
1024,0,2,8192,6.7772
1024,0,2,16384,7.9138
1024,0,4,16,6.3300
1024,0,4,32,6.3301
1024,0,4,64,6.3304
1024,0,4,128,6.3311
1024,0,4,256,6.3324
1024,0,4,512,6.3350
1024,0,4,1024,6.3402
1024,0,4,2048,6.3506
1024,0,4,4096,6.7783
1024,0,4,8192,7.9149
1024,0,4,16384,10.1883
1024,0,8,16,6.3301
1024,0,8,32,6.3304
1024,0,8,64,6.3311
1024,0,8,128,6.3324
1024,0,8,256,6.3350
1024,0,8,512,6.3402
1024,0,8,1024,6.3506
1024,0,8,2048,6.7805
1024,0,8,4096,7.9172
1024,0,8,8192,10.1905
1024,0,8,16384,14.7372
1024,0,16,16,6.3304
1024,0,16,32,6.3311
1024,0,16,64,6.3324
1024,0,16,128,6.3350
1024,0,16,256,6.3402
1024,0,16,512,6.3506
1024,0,16,1024,6.7849
1024,0,16,2048,7.9216
1024,0,16,4096,10.1949
1024,0,16,8192,14.7416
1024,0,16,16384,23.8349
1024,0,32,16,6.3311
1024,0,32,32,6.3324
1024,0,32,64,6.3350
1024,0,32,128,6.3402
1024,0,32,256,6.3506
1024,0,32,512,6.7938
1024,0,32,1024,7.9305
1024,0,32,2048,10.2038
1024,0,32,4096,14.7505
1024,0,32,8192,23.8438
1024,0,32,16384,42.0305
1024,0,64,16,6.3324
1024,0,64,32,6.3350
1024,0,64,64,6.3402
1024,0,64,128,6.3506
1024,0,64,256,6.8116
1024,0,64,512,7.9482
1024,0,64,1024,10.2216
1024,0,64,2048,14.7682
1024,0,64,4096,23.8616
1024,0,64,8192,42.0483
1024,0,64,16384,78.4216
1024,0,128,16,6.3350
1024,0,128,32,6.3402
1024,0,128,64,6.3506
1024,0,128,128,6.8471
1024,0,128,256,7.9838
1024,0,128,512,10.2571
1024,0,128,1024,14.8038
1024,0,128,2048,23.8971
1024,0,128,4096,42.0838
1024,0,128,8192,78.4572
1024,0,128,16384,151.2039
1024,16,0,0,6.3713
1024,16,1,16,6.3714
1024,16,1,32,6.3714
1024,16,1,64,6.3715
1024,16,1,128,6.3717
1024,16,1,256,6.3720
1024,16,1,512,6.3726
1024,16,1,1024,6.3739
1024,16,1,2048,6.3765
1024,16,1,4096,6.3817
1024,16,1,8192,6.3921
1024,16,1,16384,6.7777
1024,16,2,16,6.3714
1024,16,2,32,6.3715
1024,16,2,64,6.3717
1024,16,2,128,6.3720
1024,16,2,256,6.3726
1024,16,2,512,6.3739
1024,16,2,1024,6.3765
1024,16,2,2048,6.3817
1024,16,2,4096,6.3921
1024,16,2,8192,6.7783
1024,16,2,16384,7.9149
1024,16,4,16,6.3715
1024,16,4,32,6.3717
1024,16,4,64,6.3720
1024,16,4,128,6.3726
1024,16,4,256,6.3739
1024,16,4,512,6.3765
1024,16,4,1024,6.3817
1024,16,4,2048,6.3921
1024,16,4,4096,6.7794
1024,16,4,8192,7.9160
1024,16,4,16384,10.1894
1024,16,8,16,6.3717
1024,16,8,32,6.3720
1024,16,8,64,6.3726
1024,16,8,128,6.3739
1024,16,8,256,6.3765
1024,16,8,512,6.3817
1024,16,8,1024,6.3921
1024,16,8,2048,6.7816
1024,16,8,4096,7.9183
1024,16,8,8192,10.1916
1024,16,8,16384,14.7383
1024,16,16,16,6.3720
1024,16,16,32,6.3726
1024,16,16,64,6.3739
1024,16,16,128,6.3765
1024,16,16,256,6.3817
1024,16,16,512,6.3921
1024,16,16,1024,6.7860
1024,16,16,2048,7.9227
1024,16,16,4096,10.1960
1024,16,16,8192,14.7427
1024,16,16,16384,23.8360
1024,16,32,16,6.3726
1024,16,32,32,6.3739
1024,16,32,64,6.3765
1024,16,32,128,6.3817
1024,16,32,256,6.3921
1024,16,32,512,6.7949
1024,16,32,1024,7.9316
1024,16,32,2048,10.2049
1024,16,32,4096,14.7516
1024,16,32,8192,23.8449
1024,16,32,16384,42.0316
1024,16,64,16,6.3739
1024,16,64,32,6.3765
1024,16,64,64,6.3817
1024,16,64,128,6.3921
1024,16,64,256,6.8127
1024,16,64,512,7.9493
1024,16,64,1024,10.2227
1024,16,64,2048,14.7693
1024,16,64,4096,23.8627
1024,16,64,8192,42.0494
1024,16,64,16384,78.4227
1024,16,128,16,6.3765
1024,16,128,32,6.3817
1024,16,128,64,6.3921
1024,16,128,128,6.8482
1024,16,128,256,7.9849
1024,16,128,512,10.2582
1024,16,128,1024,14.8049
1024,16,128,2048,23.8982
1024,16,128,4096,42.0849
1024,16,128,8192,78.4583
1024,16,128,16384,151.2050
1024,32,0,0,6.4129
1024,32,1,16,6.4129
1024,32,1,32,6.4130
1024,32,1,64,6.4131
1024,32,1,128,6.4132
1024,32,1,256,6.4136
1024,32,1,512,6.4142
1024,32,1,1024,6.4155
1024,32,1,2048,6.4181
1024,32,1,4096,6.4233
1024,32,1,8192,6.4337
1024,32,1,16384,6.7788
1024,32,2,16,6.4130
1024,32,2,32,6.4131
1024,32,2,64,6.4132
1024,32,2,128,6.4136
1024,32,2,256,6.4142
1024,32,2,512,6.4155
1024,32,2,1024,6.4181
1024,32,2,2048,6.4233
1024,32,2,4096,6.4337
1024,32,2,8192,6.7794
1024,32,2,16384,7.9160
1024,32,4,16,6.4131
1024,32,4,32,6.4132
1024,32,4,64,6.4136
1024,32,4,128,6.4142
1024,32,4,256,6.4155
1024,32,4,512,6.4181
1024,32,4,1024,6.4233
1024,32,4,2048,6.4337
1024,32,4,4096,6.7805
1024,32,4,8192,7.9172
1024,32,4,16384,10.1905
1024,32,8,16,6.4132
1024,32,8,32,6.4136
1024,32,8,64,6.4142
1024,32,8,128,6.4155
1024,32,8,256,6.4181
1024,32,8,512,6.4233
1024,32,8,1024,6.4337
1024,32,8,2048,6.7827
1024,32,8,4096,7.9194
1024,32,8,8192,10.1927
1024,32,8,16384,14.7394
1024,32,16,16,6.4136
1024,32,16,32,6.4142
1024,32,16,64,6.4155
1024,32,16,128,6.4181
1024,32,16,256,6.4233
1024,32,16,512,6.4337
1024,32,16,1024,6.7871
1024,32,16,2048,7.9238
1024,32,16,4096,10.1971
1024,32,16,8192,14.7438
1024,32,16,16384,23.8372
1024,32,32,16,6.4142
1024,32,32,32,6.4155
1024,32,32,64,6.4181
1024,32,32,128,6.4233
1024,32,32,256,6.4337
1024,32,32,512,6.7960
1024,32,32,1024,7.9327
1024,32,32,2048,10.2060
1024,32,32,4096,14.7527
1024,32,32,8192,23.8460
1024,32,32,16384,42.0327
1024,32,64,16,6.4155
1024,32,64,32,6.4181
1024,32,64,64,6.4233
1024,32,64,128,6.4337
1024,32,64,256,6.8138
1024,32,64,512,7.9505
1024,32,64,1024,10.2238
1024,32,64,2048,14.7705
1024,32,64,4096,23.8638
1024,32,64,8192,42.0505
1024,32,64,16384,78.4239
1024,32,128,16,6.4181
1024,32,128,32,6.4233
1024,32,128,64,6.4337
1024,32,128,128,6.8493
1024,32,128,256,7.9860
1024,32,128,512,10.2593
1024,32,128,1024,14.8060
1024,32,128,2048,23.8993
1024,32,128,4096,42.0860
1024,32,128,8192,78.4594
1024,32,128,16384,151.2061
1024,64,0,0,6.4960
1024,64,1,16,6.4961
1024,64,1,32,6.4961
1024,64,1,64,6.4962
1024,64,1,128,6.4963
1024,64,1,256,6.4967
1024,64,1,512,6.4973
1024,64,1,1024,6.4986
1024,64,1,2048,6.5012
1024,64,1,4096,6.5064
1024,64,1,8192,6.5168
1024,64,1,16384,6.7810
1024,64,2,16,6.4961
1024,64,2,32,6.4962
1024,64,2,64,6.4963
1024,64,2,128,6.4967
1024,64,2,256,6.4973
1024,64,2,512,6.4986
1024,64,2,1024,6.5012
1024,64,2,2048,6.5064
1024,64,2,4096,6.5168
1024,64,2,8192,6.7816
1024,64,2,16384,7.9183
1024,64,4,16,6.4962
1024,64,4,32,6.4963
1024,64,4,64,6.4967
1024,64,4,128,6.4973
1024,64,4,256,6.4986
1024,64,4,512,6.5012
1024,64,4,1024,6.5064
1024,64,4,2048,6.5168
1024,64,4,4096,6.7827
1024,64,4,8192,7.9194
1024,64,4,16384,10.1927
1024,64,8,16,6.4963
1024,64,8,32,6.4967
1024,64,8,64,6.4973
1024,64,8,128,6.4986
1024,64,8,256,6.5012
1024,64,8,512,6.5064
1024,64,8,1024,6.5168
1024,64,8,2048,6.7849
1024,64,8,4096,7.9216
1024,64,8,8192,10.1949
1024,64,8,16384,14.7416
1024,64,16,16,6.4967
1024,64,16,32,6.4973
1024,64,16,64,6.4986
1024,64,16,128,6.5012
1024,64,16,256,6.5064
1024,64,16,512,6.5168
1024,64,16,1024,6.7894
1024,64,16,2048,7.9260
1024,64,16,4096,10.1994
1024,64,16,8192,14.7460
1024,64,16,16384,23.8394
1024,64,32,16,6.4973
1024,64,32,32,6.4986
1024,64,32,64,6.5012
1024,64,32,128,6.5064
1024,64,32,256,6.5168
1024,64,32,512,6.7982
1024,64,32,1024,7.9349
1024,64,32,2048,10.2082
1024,64,32,4096,14.7549
1024,64,32,8192,23.8483
1024,64,32,16384,42.0349
1024,64,64,16,6.4986
1024,64,64,32,6.5012
1024,64,64,64,6.5064
1024,64,64,128,6.5168
1024,64,64,256,6.8160
1024,64,64,512,7.9527
1024,64,64,1024,10.2260
1024,64,64,2048,14.7727
1024,64,64,4096,23.8660
1024,64,64,8192,42.0527
1024,64,64,16384,78.4261
1024,64,128,16,6.5012
1024,64,128,32,6.5064
1024,64,128,64,6.5168
1024,64,128,128,6.8515
1024,64,128,256,7.9882
1024,64,128,512,10.2615
1024,64,128,1024,14.8082
1024,64,128,2048,23.9015
1024,64,128,4096,42.0882
1024,64,128,8192,78.4616
1024,64,128,16384,151.2083
1024,128,0,0,6.6622
1024,128,1,16,6.6623
1024,128,1,32,6.6623
1024,128,1,64,6.6624
1024,128,1,128,6.6626
1024,128,1,256,6.6629
1024,128,1,512,6.6635
1024,128,1,1024,6.6648
1024,128,1,2048,6.6674
1024,128,1,4096,6.6726
1024,128,1,8192,6.6830
1024,128,1,16384,6.7855
1024,128,2,16,6.6623
1024,128,2,32,6.6624
1024,128,2,64,6.6626
1024,128,2,128,6.6629
1024,128,2,256,6.6635
1024,128,2,512,6.6648
1024,128,2,1024,6.6674
1024,128,2,2048,6.6726
1024,128,2,4096,6.6830
1024,128,2,8192,6.7860
1024,128,2,16384,7.9227
1024,128,4,16,6.6624
1024,128,4,32,6.6626
1024,128,4,64,6.6629
1024,128,4,128,6.6635
1024,128,4,256,6.6648
1024,128,4,512,6.6674
1024,128,4,1024,6.6726
1024,128,4,2048,6.6830
1024,128,4,4096,6.7871
1024,128,4,8192,7.9238
1024,128,4,16384,10.1971
1024,128,8,16,6.6626
1024,128,8,32,6.6629
1024,128,8,64,6.6635
1024,128,8,128,6.6648
1024,128,8,256,6.6674
1024,128,8,512,6.6726
1024,128,8,1024,6.6830
1024,128,8,2048,6.7894
1024,128,8,4096,7.9260
1024,128,8,8192,10.1994
1024,128,8,16384,14.7460
1024,128,16,16,6.6629
1024,128,16,32,6.6635
1024,128,16,64,6.6648
1024,128,16,128,6.6674
1024,128,16,256,6.6726
1024,128,16,512,6.6830
1024,128,16,1024,6.7938
1024,128,16,2048,7.9305
1024,128,16,4096,10.2038
1024,128,16,8192,14.7505
1024,128,16,16384,23.8438
1024,128,32,16,6.6635
1024,128,32,32,6.6648
1024,128,32,64,6.6674
1024,128,32,128,6.6726
1024,128,32,256,6.6830
1024,128,32,512,6.8027
1024,128,32,1024,7.9394
1024,128,32,2048,10.2127
1024,128,32,4096,14.7594
1024,128,32,8192,23.8527
1024,128,32,16384,42.0394
1024,128,64,16,6.6648
1024,128,64,32,6.6674
1024,128,64,64,6.6726
1024,128,64,128,6.6830
1024,128,64,256,6.8204
1024,128,64,512,7.9571
1024,128,64,1024,10.2304
1024,128,64,2048,14.7771
1024,128,64,4096,23.8705
1024,128,64,8192,42.0571
1024,128,64,16384,78.4305
1024,128,128,16,6.6674
1024,128,128,32,6.6726
1024,128,128,64,6.6830
1024,128,128,128,6.8560
1024,128,128,256,7.9926
1024,128,128,512,10.2660
1024,128,128,1024,14.8126
1024,128,128,2048,23.9060
1024,128,128,4096,42.0927
1024,128,128,8192,78.4660
1024,128,128,16384,151.2128
1024,256,0,0,6.9947
1024,256,1,16,6.9947
1024,256,1,32,6.9948
1024,256,1,64,6.9949
1024,256,1,128,6.9950
1024,256,1,256,6.9953
1024,256,1,512,6.9960
1024,256,1,1024,6.9973
1024,256,1,2048,6.9999
1024,256,1,4096,7.0051
1024,256,1,8192,7.0155
1024,256,1,16384,7.0362
1024,256,2,16,6.9948
1024,256,2,32,6.9949
1024,256,2,64,6.9950
1024,256,2,128,6.9953
1024,256,2,256,6.9960
1024,256,2,512,6.9973
1024,256,2,1024,6.9999
1024,256,2,2048,7.0051
1024,256,2,4096,7.0155
1024,256,2,8192,7.0362
1024,256,2,16384,7.9316
1024,256,4,16,6.9949
1024,256,4,32,6.9950
1024,256,4,64,6.9953
1024,256,4,128,6.9960
1024,256,4,256,6.9973
1024,256,4,512,6.9999
1024,256,4,1024,7.0051
1024,256,4,2048,7.0155
1024,256,4,4096,7.0362
1024,256,4,8192,7.9327
1024,256,4,16384,10.2060
1024,256,8,16,6.9950
1024,256,8,32,6.9953
1024,256,8,64,6.9960
1024,256,8,128,6.9973
1024,256,8,256,6.9999
1024,256,8,512,7.0051
1024,256,8,1024,7.0155
1024,256,8,2048,7.0362
1024,256,8,4096,7.9349
1024,256,8,8192,10.2082
1024,256,8,16384,14.7549
1024,256,16,16,6.9953
1024,256,16,32,6.9960
1024,256,16,64,6.9973
1024,256,16,128,6.9999
1024,256,16,256,7.0051
1024,256,16,512,7.0155
1024,256,16,1024,7.0362
1024,256,16,2048,7.9394
1024,256,16,4096,10.2127
1024,256,16,8192,14.7594
1024,256,16,16384,23.8527
1024,256,32,16,6.9960
1024,256,32,32,6.9973
1024,256,32,64,6.9999
1024,256,32,128,7.0051
1024,256,32,256,7.0155
1024,256,32,512,7.0362
1024,256,32,1024,7.9482
1024,256,32,2048,10.2216
1024,256,32,4096,14.7682
1024,256,32,8192,23.8616
1024,256,32,16384,42.0483
1024,256,64,16,6.9973
1024,256,64,32,6.9999
1024,256,64,64,7.0051
1024,256,64,128,7.0155
1024,256,64,256,7.0362
1024,256,64,512,7.9660
1024,256,64,1024,10.2393
1024,256,64,2048,14.7860
1024,256,64,4096,23.8793
1024,256,64,8192,42.0660
1024,256,64,16384,78.4394
1024,256,128,16,6.9999
1024,256,128,32,7.0051
1024,256,128,64,7.0155
1024,256,128,128,7.0362
1024,256,128,256,8.0015
1024,256,128,512,10.2748
1024,256,128,1024,14.8215
1024,256,128,2048,23.9149
1024,256,128,4096,42.1015
1024,256,128,8192,78.4749
1024,256,128,16384,151.2216
1024,512,0,0,7.6596
1024,512,1,16,7.6596
1024,512,1,32,7.6597
1024,512,1,64,7.6597
1024,512,1,128,7.6599
1024,512,1,256,7.6602
1024,512,1,512,7.6609
1024,512,1,1024,7.6622
1024,512,1,2048,7.6648
1024,512,1,4096,7.6700
1024,512,1,8192,7.6804
1024,512,1,16384,7.7011
1024,512,2,16,7.6597
1024,512,2,32,7.6597
1024,512,2,64,7.6599
1024,512,2,128,7.6602
1024,512,2,256,7.6609
1024,512,2,512,7.6622
1024,512,2,1024,7.6648
1024,512,2,2048,7.6700
1024,512,2,4096,7.6804
1024,512,2,8192,7.7011
1024,512,2,16384,7.9493
1024,512,4,16,7.6597
1024,512,4,32,7.6599
1024,512,4,64,7.6602
1024,512,4,128,7.6609
1024,512,4,256,7.6622
1024,512,4,512,7.6648
1024,512,4,1024,7.6700
1024,512,4,2048,7.6804
1024,512,4,4096,7.7011
1024,512,4,8192,7.9505
1024,512,4,16384,10.2238
1024,512,8,16,7.6599
1024,512,8,32,7.6602
1024,512,8,64,7.6609
1024,512,8,128,7.6622
1024,512,8,256,7.6648
1024,512,8,512,7.6700
1024,512,8,1024,7.6804
1024,512,8,2048,7.7011
1024,512,8,4096,7.9527
1024,512,8,8192,10.2260
1024,512,8,16384,14.7727
1024,512,16,16,7.6602
1024,512,16,32,7.6609
1024,512,16,64,7.6622
1024,512,16,128,7.6648
1024,512,16,256,7.6700
1024,512,16,512,7.6804
1024,512,16,1024,7.7011
1024,512,16,2048,7.9571
1024,512,16,4096,10.2304
1024,512,16,8192,14.7771
1024,512,16,16384,23.8705
1024,512,32,16,7.6609
1024,512,32,32,7.6622
1024,512,32,64,7.6648
1024,512,32,128,7.6700
1024,512,32,256,7.6804
1024,512,32,512,7.7011
1024,512,32,1024,7.9660
1024,512,32,2048,10.2393
1024,512,32,4096,14.7860
1024,512,32,8192,23.8793
1024,512,32,16384,42.0660
1024,512,64,16,7.6622
1024,512,64,32,7.6648
1024,512,64,64,7.6700
1024,512,64,128,7.6804
1024,512,64,256,7.7011
1024,512,64,512,7.9838
1024,512,64,1024,10.2571
1024,512,64,2048,14.8038
1024,512,64,4096,23.8971
1024,512,64,8192,42.0838
1024,512,64,16384,78.4572
1024,512,128,16,7.6648
1024,512,128,32,7.6700
1024,512,128,64,7.6804
1024,512,128,128,7.7011
1024,512,128,256,8.0193
1024,512,128,512,10.2926
1024,512,128,1024,14.8393
1024,512,128,2048,23.9326
1024,512,128,4096,42.1193
1024,512,128,8192,78.4927
1024,512,128,16384,151.2394
1024,1024,0,0,8.9894
1024,1024,1,16,8.9894
1024,1024,1,32,8.9895
1024,1024,1,64,8.9895
1024,1024,1,128,8.9897
1024,1024,1,256,8.9900
1024,1024,1,512,8.9907
1024,1024,1,1024,8.9920
1024,1024,1,2048,8.9946
1024,1024,1,4096,8.9998
1024,1024,1,8192,9.0102
1024,1024,1,16384,9.0309
1024,1024,2,16,8.9895
1024,1024,2,32,8.9895
1024,1024,2,64,8.9897
1024,1024,2,128,8.9900
1024,1024,2,256,8.9907
1024,1024,2,512,8.9920
1024,1024,2,1024,8.9946
1024,1024,2,2048,8.9998
1024,1024,2,4096,9.0102
1024,1024,2,8192,9.0309
1024,1024,2,16384,9.0725
1024,1024,4,16,8.9895
1024,1024,4,32,8.9897
1024,1024,4,64,8.9900
1024,1024,4,128,8.9907
1024,1024,4,256,8.9920
1024,1024,4,512,8.9946
1024,1024,4,1024,8.9998
1024,1024,4,2048,9.0102
1024,1024,4,4096,9.0309
1024,1024,4,8192,9.0725
1024,1024,4,16384,10.2593
1024,1024,8,16,8.9897
1024,1024,8,32,8.9900
1024,1024,8,64,8.9907
1024,1024,8,128,8.9920
1024,1024,8,256,8.9946
1024,1024,8,512,8.9998
1024,1024,8,1024,9.0102
1024,1024,8,2048,9.0309
1024,1024,8,4096,9.0725
1024,1024,8,8192,10.2615
1024,1024,8,16384,14.8082
1024,1024,16,16,8.9900
1024,1024,16,32,8.9907
1024,1024,16,64,8.9920
1024,1024,16,128,8.9946
1024,1024,16,256,8.9998
1024,1024,16,512,9.0102
1024,1024,16,1024,9.0309
1024,1024,16,2048,9.0725
1024,1024,16,4096,10.2660
1024,1024,16,8192,14.8126
1024,1024,16,16384,23.9060
1024,1024,32,16,8.9907
1024,1024,32,32,8.9920
1024,1024,32,64,8.9946
1024,1024,32,128,8.9998
1024,1024,32,256,9.0102
1024,1024,32,512,9.0309
1024,1024,32,1024,9.0725
1024,1024,32,2048,10.2748
1024,1024,32,4096,14.8215
1024,1024,32,8192,23.9149
1024,1024,32,16384,42.1015
1024,1024,64,16,8.9920
1024,1024,64,32,8.9946
1024,1024,64,64,8.9998
1024,1024,64,128,9.0102
1024,1024,64,256,9.0309
1024,1024,64,512,9.0725
1024,1024,64,1024,10.2926
1024,1024,64,2048,14.8393
1024,1024,64,4096,23.9326
1024,1024,64,8192,42.1193
1024,1024,64,16384,78.4927
1024,1024,128,16,8.9946
1024,1024,128,32,8.9998
1024,1024,128,64,9.0102
1024,1024,128,128,9.0309
1024,1024,128,256,9.0725
1024,1024,128,512,10.3281
1024,1024,128,1024,14.8748
1024,1024,128,2048,23.9681
1024,1024,128,4096,42.1548
1024,1024,128,8192,78.5282
1024,1024,128,16384,151.2749
1024,2048,0,0,11.6490
1024,2048,1,16,11.6490
1024,2048,1,32,11.6490
1024,2048,1,64,11.6491
1024,2048,1,128,11.6493
1024,2048,1,256,11.6496
1024,2048,1,512,11.6503
1024,2048,1,1024,11.6516
1024,2048,1,2048,11.6542
1024,2048,1,4096,11.6594
1024,2048,1,8192,11.6697
1024,2048,1,16384,11.6905
1024,2048,2,16,11.6490
1024,2048,2,32,11.6491
1024,2048,2,64,11.6493
1024,2048,2,128,11.6496
1024,2048,2,256,11.6503
1024,2048,2,512,11.6516
1024,2048,2,1024,11.6542
1024,2048,2,2048,11.6594
1024,2048,2,4096,11.6697
1024,2048,2,8192,11.6905
1024,2048,2,16384,11.7321
1024,2048,4,16,11.6491
1024,2048,4,32,11.6493
1024,2048,4,64,11.6496
1024,2048,4,128,11.6503
1024,2048,4,256,11.6516
1024,2048,4,512,11.6542
1024,2048,4,1024,11.6594
1024,2048,4,2048,11.6697
1024,2048,4,4096,11.6905
1024,2048,4,8192,11.7321
1024,2048,4,16384,11.8152
1024,2048,8,16,11.6493
1024,2048,8,32,11.6496
1024,2048,8,64,11.6503
1024,2048,8,128,11.6516
1024,2048,8,256,11.6542
1024,2048,8,512,11.6594
1024,2048,8,1024,11.6697
1024,2048,8,2048,11.6905
1024,2048,8,4096,11.7321
1024,2048,8,8192,11.8152
1024,2048,8,16384,14.8792
1024,2048,16,16,11.6496
1024,2048,16,32,11.6503
1024,2048,16,64,11.6516
1024,2048,16,128,11.6542
1024,2048,16,256,11.6594
1024,2048,16,512,11.6697
1024,2048,16,1024,11.6905
1024,2048,16,2048,11.7321
1024,2048,16,4096,11.8152
1024,2048,16,8192,14.8837
1024,2048,16,16384,23.9770
1024,2048,32,16,11.6503
1024,2048,32,32,11.6516
1024,2048,32,64,11.6542
1024,2048,32,128,11.6594
1024,2048,32,256,11.6697
1024,2048,32,512,11.6905
1024,2048,32,1024,11.7321
1024,2048,32,2048,11.8152
1024,2048,32,4096,14.8926
1024,2048,32,8192,23.9859
1024,2048,32,16384,42.1726
1024,2048,64,16,11.6516
1024,2048,64,32,11.6542
1024,2048,64,64,11.6594
1024,2048,64,128,11.6697
1024,2048,64,256,11.6905
1024,2048,64,512,11.7321
1024,2048,64,1024,11.8152
1024,2048,64,2048,14.9103
1024,2048,64,4096,24.0037
1024,2048,64,8192,42.1903
1024,2048,64,16384,78.5637
1024,2048,128,16,11.6542
1024,2048,128,32,11.6594
1024,2048,128,64,11.6697
1024,2048,128,128,11.6905
1024,2048,128,256,11.7321
1024,2048,128,512,11.8152
1024,2048,128,1024,14.9458
1024,2048,128,2048,24.0392
1024,2048,128,4096,42.2259
1024,2048,128,8192,78.5992
1024,2048,128,16384,151.3460
1024,4096,0,0,16.9681
1024,4096,1,16,16.9682
1024,4096,1,32,16.9682
1024,4096,1,64,16.9683
1024,4096,1,128,16.9685
1024,4096,1,256,16.9688
1024,4096,1,512,16.9694
1024,4096,1,1024,16.9707
1024,4096,1,2048,16.9733
1024,4096,1,4096,16.9785
1024,4096,1,8192,16.9889
1024,4096,1,16384,17.0097
1024,4096,2,16,16.9682
1024,4096,2,32,16.9683
1024,4096,2,64,16.9685
1024,4096,2,128,16.9688
1024,4096,2,256,16.9694
1024,4096,2,512,16.9707
1024,4096,2,1024,16.9733
1024,4096,2,2048,16.9785
1024,4096,2,4096,16.9889
1024,4096,2,8192,17.0097
1024,4096,2,16384,17.0513
1024,4096,4,16,16.9683
1024,4096,4,32,16.9685
1024,4096,4,64,16.9688
1024,4096,4,128,16.9694
1024,4096,4,256,16.9707
1024,4096,4,512,16.9733
1024,4096,4,1024,16.9785
1024,4096,4,2048,16.9889
1024,4096,4,4096,17.0097
1024,4096,4,8192,17.0513
1024,4096,4,16384,17.1344
1024,4096,8,16,16.9685
1024,4096,8,32,16.9688
1024,4096,8,64,16.9694
1024,4096,8,128,16.9707
1024,4096,8,256,16.9733
1024,4096,8,512,16.9785
1024,4096,8,1024,16.9889
1024,4096,8,2048,17.0097
1024,4096,8,4096,17.0513
1024,4096,8,8192,17.1344
1024,4096,8,16384,17.3006
1024,4096,16,16,16.9688
1024,4096,16,32,16.9694
1024,4096,16,64,16.9707
1024,4096,16,128,16.9733
1024,4096,16,256,16.9785
1024,4096,16,512,16.9889
1024,4096,16,1024,17.0097
1024,4096,16,2048,17.0513
1024,4096,16,4096,17.1344
1024,4096,16,8192,17.3006
1024,4096,16,16384,24.1191
1024,4096,32,16,16.9694
1024,4096,32,32,16.9707
1024,4096,32,64,16.9733
1024,4096,32,128,16.9785
1024,4096,32,256,16.9889
1024,4096,32,512,17.0097
1024,4096,32,1024,17.0513
1024,4096,32,2048,17.1344
1024,4096,32,4096,17.3006
1024,4096,32,8192,24.1280
1024,4096,32,16384,42.3147
1024,4096,64,16,16.9707
1024,4096,64,32,16.9733
1024,4096,64,64,16.9785
1024,4096,64,128,16.9889
1024,4096,64,256,17.0097
1024,4096,64,512,17.0513
1024,4096,64,1024,17.1344
1024,4096,64,2048,17.3006
1024,4096,64,4096,24.1457
1024,4096,64,8192,42.3324
1024,4096,64,16384,78.7058
1024,4096,128,16,16.9733
1024,4096,128,32,16.9785
1024,4096,128,64,16.9889
1024,4096,128,128,17.0097
1024,4096,128,256,17.0513
1024,4096,128,512,17.1344
1024,4096,128,1024,17.3006
1024,4096,128,2048,24.1813
1024,4096,128,4096,42.3680
1024,4096,128,8192,78.7413
1024,4096,128,16384,151.4881
1024,8192,0,0,27.6065
1024,8192,1,16,27.6065
1024,8192,1,32,27.6066
1024,8192,1,64,27.6067
1024,8192,1,128,27.6068
1024,8192,1,256,27.6071
1024,8192,1,512,27.6078
1024,8192,1,1024,27.6091
1024,8192,1,2048,27.6117
1024,8192,1,4096,27.6169
1024,8192,1,8192,27.6273
1024,8192,1,16384,27.6480
1024,8192,2,16,27.6066
1024,8192,2,32,27.6067
1024,8192,2,64,27.6068
1024,8192,2,128,27.6071
1024,8192,2,256,27.6078
1024,8192,2,512,27.6091
1024,8192,2,1024,27.6117
1024,8192,2,2048,27.6169
1024,8192,2,4096,27.6273
1024,8192,2,8192,27.6480
1024,8192,2,16384,27.6896
1024,8192,4,16,27.6067
1024,8192,4,32,27.6068
1024,8192,4,64,27.6071
1024,8192,4,128,27.6078
1024,8192,4,256,27.6091
1024,8192,4,512,27.6117
1024,8192,4,1024,27.6169
1024,8192,4,2048,27.6273
1024,8192,4,4096,27.6480
1024,8192,4,8192,27.6896
1024,8192,4,16384,27.7727
1024,8192,8,16,27.6068
1024,8192,8,32,27.6071
1024,8192,8,64,27.6078
1024,8192,8,128,27.6091
1024,8192,8,256,27.6117
1024,8192,8,512,27.6169
1024,8192,8,1024,27.6273
1024,8192,8,2048,27.6480
1024,8192,8,4096,27.6896
1024,8192,8,8192,27.7727
1024,8192,8,16384,27.9389
1024,8192,16,16,27.6071
1024,8192,16,32,27.6078
1024,8192,16,64,27.6091
1024,8192,16,128,27.6117
1024,8192,16,256,27.6169
1024,8192,16,512,27.6273
1024,8192,16,1024,27.6480
1024,8192,16,2048,27.6896
1024,8192,16,4096,27.7727
1024,8192,16,8192,27.9389
1024,8192,16,16384,28.2714
1024,8192,32,16,27.6078
1024,8192,32,32,27.6091
1024,8192,32,64,27.6117
1024,8192,32,128,27.6169
1024,8192,32,256,27.6273
1024,8192,32,512,27.6480
1024,8192,32,1024,27.6896
1024,8192,32,2048,27.7727
1024,8192,32,4096,27.9389
1024,8192,32,8192,28.2714
1024,8192,32,16384,42.5988
1024,8192,64,16,27.6091
1024,8192,64,32,27.6117
1024,8192,64,64,27.6169
1024,8192,64,128,27.6273
1024,8192,64,256,27.6480
1024,8192,64,512,27.6896
1024,8192,64,1024,27.7727
1024,8192,64,2048,27.9389
1024,8192,64,4096,28.2714
1024,8192,64,8192,42.6166
1024,8192,64,16384,78.9900
1024,8192,128,16,27.6117
1024,8192,128,32,27.6169
1024,8192,128,64,27.6273
1024,8192,128,128,27.6480
1024,8192,128,256,27.6896
1024,8192,128,512,27.7727
1024,8192,128,1024,27.9389
1024,8192,128,2048,28.2714
1024,8192,128,4096,42.6521
1024,8192,128,8192,79.0255
1024,8192,128,16384,151.7722
1024,16384,0,0,48.8832
1024,16384,1,16,48.8832
1024,16384,1,32,48.8833
1024,16384,1,64,48.8834
1024,16384,1,128,48.8835
1024,16384,1,256,48.8838
1024,16384,1,512,48.8845
1024,16384,1,1024,48.8858
1024,16384,1,2048,48.8884
1024,16384,1,4096,48.8936
1024,16384,1,8192,48.9040
1024,16384,1,16384,48.9247
1024,16384,2,16,48.8833
1024,16384,2,32,48.8834
1024,16384,2,64,48.8835
1024,16384,2,128,48.8838
1024,16384,2,256,48.8845
1024,16384,2,512,48.8858
1024,16384,2,1024,48.8884
1024,16384,2,2048,48.8936
1024,16384,2,4096,48.9040
1024,16384,2,8192,48.9247
1024,16384,2,16384,48.9663
1024,16384,4,16,48.8834
1024,16384,4,32,48.8835
1024,16384,4,64,48.8838
1024,16384,4,128,48.8845
1024,16384,4,256,48.8858
1024,16384,4,512,48.8884
1024,16384,4,1024,48.8936
1024,16384,4,2048,48.9040
1024,16384,4,4096,48.9247
1024,16384,4,8192,48.9663
1024,16384,4,16384,49.0494
1024,16384,8,16,48.8835
1024,16384,8,32,48.8838
1024,16384,8,64,48.8845
1024,16384,8,128,48.8858
1024,16384,8,256,48.8884
1024,16384,8,512,48.8936
1024,16384,8,1024,48.9040
1024,16384,8,2048,48.9247
1024,16384,8,4096,48.9663
1024,16384,8,8192,49.0494
1024,16384,8,16384,49.2156
1024,16384,16,16,48.8838
1024,16384,16,32,48.8845
1024,16384,16,64,48.8858
1024,16384,16,128,48.8884
1024,16384,16,256,48.8936
1024,16384,16,512,48.9040
1024,16384,16,1024,48.9247
1024,16384,16,2048,48.9663
1024,16384,16,4096,49.0494
1024,16384,16,8192,49.2156
1024,16384,16,16384,49.5481
1024,16384,32,16,48.8845
1024,16384,32,32,48.8858
1024,16384,32,64,48.8884
1024,16384,32,128,48.8936
1024,16384,32,256,48.9040
1024,16384,32,512,48.9247
1024,16384,32,1024,48.9663
1024,16384,32,2048,49.0494
1024,16384,32,4096,49.2156
1024,16384,32,8192,49.5481
1024,16384,32,16384,50.2130
1024,16384,64,16,48.8858
1024,16384,64,32,48.8884
1024,16384,64,64,48.8936
1024,16384,64,128,48.9040
1024,16384,64,256,48.9247
1024,16384,64,512,48.9663
1024,16384,64,1024,49.0494
1024,16384,64,2048,49.2156
1024,16384,64,4096,49.5481
1024,16384,64,8192,50.2130
1024,16384,64,16384,79.5583
1024,16384,128,16,48.8884
1024,16384,128,32,48.8936
1024,16384,128,64,48.9040
1024,16384,128,128,48.9247
1024,16384,128,256,48.9663
1024,16384,128,512,49.0494
1024,16384,128,1024,49.2156
1024,16384,128,2048,49.5481
1024,16384,128,4096,50.2130
1024,16384,128,8192,79.5938
1024,16384,128,16384,152.3406
1384,0,0,0,7.4292
1384,0,1,512,7.4305
1384,0,1,768,7.4311
1384,0,1,1152,7.4321
1384,0,1,1728,7.4335
1384,0,1,2592,7.4357
1384,0,1,3888,7.4390
1384,0,1,5832,7.4440
1384,0,1,8748,7.4514
1384,0,1,13122,7.4624
1384,0,1,16384,7.4707
1384,0,2,512,7.4318
1384,0,2,768,7.4331
1384,0,2,1152,7.4350
1384,0,2,1728,7.4379
1384,0,2,2592,7.4423
1384,0,2,3888,7.4489
1384,0,2,5832,7.4587
1384,0,2,8748,7.4735
1384,0,2,13122,7.6860
1384,0,2,16384,8.1386
1384,0,4,512,7.4344
1384,0,4,768,7.4370
1384,0,4,1152,7.4408
1384,0,4,1728,7.4467
1384,0,4,2592,7.4555
1384,0,4,3888,7.4686
1384,0,4,5832,7.4883
1384,0,4,8748,8.2940
1384,0,4,13122,9.5078
1384,0,4,16384,10.4130
1384,0,8,512,7.4396
1384,0,8,768,7.4447
1384,0,8,1152,7.4525
1384,0,8,1728,7.4642
1384,0,8,2592,7.4818
1384,0,8,3888,8.0265
1384,0,8,5832,9.1054
1384,0,8,8748,10.7239
1384,0,8,13122,13.1515
1384,0,8,16384,14.9619
1384,0,16,512,7.4499
1384,0,16,768,7.4603
1384,0,16,1152,7.4759
1384,0,16,1728,7.7912
1384,0,16,2592,8.7502
1384,0,16,3888,10.1888
1384,0,16,5832,12.3467
1384,0,16,8748,15.5836
1384,0,16,13122,20.4388
1384,0,16,16384,24.0597
1384,0,32,512,7.4707
1384,0,32,768,7.5869
1384,0,32,1152,8.4394
1384,0,32,1728,9.7182
1384,0,32,2592,11.6363
1384,0,32,3888,14.5135
1384,0,32,5832,18.8293
1384,0,32,8748,25.3030
1384,0,32,13122,35.0135
1384,0,32,16384,42.2553
1384,0,64,512,8.1730
1384,0,64,768,9.3097
1384,0,64,1152,11.0147
1384,0,64,1728,13.5722
1384,0,64,2592,17.4084
1384,0,64,3888,23.1628
1384,0,64,5832,31.7944
1384,0,64,8748,44.7417
1384,0,64,13122,64.1628
1384,0,64,16384,78.6464
1384,0,128,512,10.4819
1384,0,128,768,12.7552
1384,0,128,1152,16.1652
1384,0,128,1728,21.2802
1384,0,128,2592,28.9527
1384,0,128,3888,40.4615
1384,0,128,5832,57.7246
1384,0,128,8748,83.6193
1384,0,128,13122,122.4614
1384,0,128,16384,151.4287
1384,512,0,0,9.2265
1384,512,1,512,9.2278
1384,512,1,768,9.2284
1384,512,1,1152,9.2294
1384,512,1,1728,9.2308
1384,512,1,2592,9.2330
1384,512,1,3888,9.2363
1384,512,1,5832,9.2413
1384,512,1,8748,9.2486
1384,512,1,13122,9.2597
1384,512,1,16384,9.2680
1384,512,2,512,9.2291
1384,512,2,768,9.2304
1384,512,2,1152,9.2323
1384,512,2,1728,9.2352
1384,512,2,2592,9.2396
1384,512,2,3888,9.2462
1384,512,2,5832,9.2560
1384,512,2,8748,9.2708
1384,512,2,13122,9.2930
1384,512,2,16384,9.3096
1384,512,4,512,9.2317
1384,512,4,768,9.2343
1384,512,4,1152,9.2381
1384,512,4,1728,9.2440
1384,512,4,2592,9.2528
1384,512,4,3888,9.2659
1384,512,4,5832,9.2856
1384,512,4,8748,9.3152
1384,512,4,13122,9.5433
1384,512,4,16384,10.4486
1384,512,8,512,9.2369
1384,512,8,768,9.2420
1384,512,8,1152,9.2498
1384,512,8,1728,9.2615
1384,512,8,2592,9.2791
1384,512,8,3888,9.3054
1384,512,8,5832,9.3448
1384,512,8,8748,10.7594
1384,512,8,13122,13.1870
1384,512,8,16384,14.9975
1384,512,16,512,9.2472
1384,512,16,768,9.2576
1384,512,16,1152,9.2732
1384,512,16,1728,9.2966
1384,512,16,2592,9.3316
1384,512,16,3888,10.2243
1384,512,16,5832,12.3822
1384,512,16,8748,15.6191
1384,512,16,13122,20.4743
1384,512,16,16384,24.0952
1384,512,32,512,9.2680
1384,512,32,768,9.2888
1384,512,32,1152,9.3200
1384,512,32,1728,9.7537
1384,512,32,2592,11.6718
1384,512,32,3888,14.5490
1384,512,32,5832,18.8648
1384,512,32,8748,25.3385
1384,512,32,13122,35.0490
1384,512,32,16384,42.2908
1384,512,64,512,9.3096
1384,512,64,768,9.3511
1384,512,64,1152,11.0502
1384,512,64,1728,13.6077
1384,512,64,2592,17.4440
1384,512,64,3888,23.1983
1384,512,64,5832,31.8299
1384,512,64,8748,44.7773
1384,512,64,13122,64.1983
1384,512,64,16384,78.6819
1384,512,128,512,10.5174
1384,512,128,768,12.7907
1384,512,128,1152,16.2007
1384,512,128,1728,21.3157
1384,512,128,2592,28.9882
1384,512,128,3888,40.4970
1384,512,128,5832,57.7601
1384,512,128,8748,83.6549
1384,512,128,13122,122.4969
1384,512,128,16384,151.4642
1384,768,0,0,10.1251
1384,768,1,512,10.1264
1384,768,1,768,10.1271
1384,768,1,1152,10.1280
1384,768,1,1728,10.1295
1384,768,1,2592,10.1317
1384,768,1,3888,10.1350
1384,768,1,5832,10.1399
1384,768,1,8748,10.1473
1384,768,1,13122,10.1584
1384,768,1,16384,10.1667
1384,768,2,512,10.1277
1384,768,2,768,10.1290
1384,768,2,1152,10.1310
1384,768,2,1728,10.1339
1384,768,2,2592,10.1383
1384,768,2,3888,10.1448
1384,768,2,5832,10.1547
1384,768,2,8748,10.1695
1384,768,2,13122,10.1917
1384,768,2,16384,10.2082
1384,768,4,512,10.1303
1384,768,4,768,10.1329
1384,768,4,1152,10.1368
1384,768,4,1728,10.1426
1384,768,4,2592,10.1514
1384,768,4,3888,10.1646
1384,768,4,5832,10.1843
1384,768,4,8748,10.2139
1384,768,4,13122,10.2582
1384,768,4,16384,10.4663
1384,768,8,512,10.1355
1384,768,8,768,10.1407
1384,768,8,1152,10.1485
1384,768,8,1728,10.1602
1384,768,8,2592,10.1777
1384,768,8,3888,10.2040
1384,768,8,5832,10.2434
1384,768,8,8748,10.7771
1384,768,8,13122,13.2048
1384,768,8,16384,15.0152
1384,768,16,512,10.1459
1384,768,16,768,10.1563
1384,768,16,1152,10.1719
1384,768,16,1728,10.1952
1384,768,16,2592,10.2303
1384,768,16,3888,10.2829
1384,768,16,5832,12.4000
1384,768,16,8748,15.6368
1384,768,16,13122,20.4921
1384,768,16,16384,24.1130
1384,768,32,512,10.1667
1384,768,32,768,10.1874
1384,768,32,1152,10.2186
1384,768,32,1728,10.2654
1384,768,32,2592,11.6896
1384,768,32,3888,14.5668
1384,768,32,5832,18.8826
1384,768,32,8748,25.3562
1384,768,32,13122,35.0667
1384,768,32,16384,42.3086
1384,768,64,512,10.2082
1384,768,64,768,10.2498
1384,768,64,1152,11.0680
1384,768,64,1728,13.6255
1384,768,64,2592,17.4617
1384,768,64,3888,23.2161
1384,768,64,5832,31.8477
1384,768,64,8748,44.7950
1384,768,64,13122,64.2161
1384,768,64,16384,78.6997
1384,768,128,512,10.5352
1384,768,128,768,12.8085
1384,768,128,1152,16.2185
1384,768,128,1728,21.3335
1384,768,128,2592,29.0060
1384,768,128,3888,40.5148
1384,768,128,5832,57.7779
1384,768,128,8748,83.6726
1384,768,128,13122,122.5147
1384,768,128,16384,151.4820
1384,1152,0,0,11.4731
1384,1152,1,512,11.4744
1384,1152,1,768,11.4750
1384,1152,1,1152,11.4760
1384,1152,1,1728,11.4775
1384,1152,1,2592,11.4797
1384,1152,1,3888,11.4829
1384,1152,1,5832,11.4879
1384,1152,1,8748,11.4953
1384,1152,1,13122,11.5064
1384,1152,1,16384,11.5146
1384,1152,2,512,11.4757
1384,1152,2,768,11.4770
1384,1152,2,1152,11.4789
1384,1152,2,1728,11.4819
1384,1152,2,2592,11.4862
1384,1152,2,3888,11.4928
1384,1152,2,5832,11.5027
1384,1152,2,8748,11.5175
1384,1152,2,13122,11.5396
1384,1152,2,16384,11.5562
1384,1152,4,512,11.4783
1384,1152,4,768,11.4809
1384,1152,4,1152,11.4848
1384,1152,4,1728,11.4906
1384,1152,4,2592,11.4994
1384,1152,4,3888,11.5125
1384,1152,4,5832,11.5323
1384,1152,4,8748,11.5618
1384,1152,4,13122,11.6062
1384,1152,4,16384,11.6393
1384,1152,8,512,11.4835
1384,1152,8,768,11.4887
1384,1152,8,1152,11.4965
1384,1152,8,1728,11.5081
1384,1152,8,2592,11.5257
1384,1152,8,3888,11.5520
1384,1152,8,5832,11.5914
1384,1152,8,8748,11.6506
1384,1152,8,13122,13.2314
1384,1152,8,16384,15.0419
1384,1152,16,512,11.4939
1384,1152,16,768,11.5043
1384,1152,16,1152,11.5198
1384,1152,16,1728,11.5432
1384,1152,16,2592,11.5783
1384,1152,16,3888,11.6309
1384,1152,16,5832,12.4266
1384,1152,16,8748,15.6635
1384,1152,16,13122,20.5187
1384,1152,16,16384,24.1396
1384,1152,32,512,11.5146
1384,1152,32,768,11.5354
1384,1152,32,1152,11.5666
1384,1152,32,1728,11.6133
1384,1152,32,2592,11.7162
1384,1152,32,3888,14.5934
1384,1152,32,5832,18.9092
1384,1152,32,8748,25.3829
1384,1152,32,13122,35.0934
1384,1152,32,16384,42.3352
1384,1152,64,512,11.5562
1384,1152,64,768,11.5978
1384,1152,64,1152,11.6601
1384,1152,64,1728,13.6521
1384,1152,64,2592,17.4884
1384,1152,64,3888,23.2427
1384,1152,64,5832,31.8743
1384,1152,64,8748,44.8217
1384,1152,64,13122,64.2427
1384,1152,64,16384,78.7263
1384,1152,128,512,11.6393
1384,1152,128,768,12.8351
1384,1152,128,1152,16.2451
1384,1152,128,1728,21.3601
1384,1152,128,2592,29.0326
1384,1152,128,3888,40.5414
1384,1152,128,5832,57.8045
1384,1152,128,8748,83.6993
1384,1152,128,13122,122.5413
1384,1152,128,16384,151.5086
1384,1728,0,0,13.4950
1384,1728,1,512,13.4963
1384,1728,1,768,13.4970
1384,1728,1,1152,13.4980
1384,1728,1,1728,13.4994
1384,1728,1,2592,13.5016
1384,1728,1,3888,13.5049
1384,1728,1,5832,13.5098
1384,1728,1,8748,13.5172
1384,1728,1,13122,13.5283
1384,1728,1,16384,13.5366
1384,1728,2,512,13.4976
1384,1728,2,768,13.4989
1384,1728,2,1152,13.5009
1384,1728,2,1728,13.5038
1384,1728,2,2592,13.5082
1384,1728,2,3888,13.5148
1384,1728,2,5832,13.5246
1384,1728,2,8748,13.5394
1384,1728,2,13122,13.5616
1384,1728,2,16384,13.5782
1384,1728,4,512,13.5002
1384,1728,4,768,13.5028
1384,1728,4,1152,13.5067
1384,1728,4,1728,13.5126
1384,1728,4,2592,13.5213
1384,1728,4,3888,13.5345
1384,1728,4,5832,13.5542
1384,1728,4,8748,13.5838
1384,1728,4,13122,13.6282
1384,1728,4,16384,13.6613
1384,1728,8,512,13.5054
1384,1728,8,768,13.5106
1384,1728,8,1152,13.5184
1384,1728,8,1728,13.5301
1384,1728,8,2592,13.5476
1384,1728,8,3888,13.5739
1384,1728,8,5832,13.6134
1384,1728,8,8748,13.6726
1384,1728,8,13122,13.7613
1384,1728,8,16384,15.0818
1384,1728,16,512,13.5158
1384,1728,16,768,13.5262
1384,1728,16,1152,13.5418
1384,1728,16,1728,13.5652
1384,1728,16,2592,13.6002
1384,1728,16,3888,13.6528
1384,1728,16,5832,13.7317
1384,1728,16,8748,15.7034
1384,1728,16,13122,20.5587
1384,1728,16,16384,24.1796
1384,1728,32,512,13.5366
1384,1728,32,768,13.5574
1384,1728,32,1152,13.5885
1384,1728,32,1728,13.6353
1384,1728,32,2592,13.7054
1384,1728,32,3888,14.6334
1384,1728,32,5832,18.9492
1384,1728,32,8748,25.4228
1384,1728,32,13122,35.1334
1384,1728,32,16384,42.3752
1384,1728,64,512,13.5782
1384,1728,64,768,13.6197
1384,1728,64,1152,13.6820
1384,1728,64,1728,13.7756
1384,1728,64,2592,17.5283
1384,1728,64,3888,23.2827
1384,1728,64,5832,31.9143
1384,1728,64,8748,44.8616
1384,1728,64,13122,64.2827
1384,1728,64,16384,78.7663
1384,1728,128,512,13.6613
1384,1728,128,768,13.7444
1384,1728,128,1152,16.2851
1384,1728,128,1728,21.4001
1384,1728,128,2592,29.0726
1384,1728,128,3888,40.5814
1384,1728,128,5832,57.8445
1384,1728,128,8748,83.7392
1384,1728,128,13122,122.5813
1384,1728,128,16384,151.5486
1384,2592,0,0,16.5280
1384,2592,1,512,16.5293
1384,2592,1,768,16.5299
1384,2592,1,1152,16.5309
1384,2592,1,1728,16.5324
1384,2592,1,2592,16.5346
1384,2592,1,3888,16.5379
1384,2592,1,5832,16.5428
1384,2592,1,8748,16.5502
1384,2592,1,13122,16.5613
1384,2592,1,16384,16.5695
1384,2592,2,512,16.5306
1384,2592,2,768,16.5319
1384,2592,2,1152,16.5338
1384,2592,2,1728,16.5368
1384,2592,2,2592,16.5411
1384,2592,2,3888,16.5477
1384,2592,2,5832,16.5576
1384,2592,2,8748,16.5724
1384,2592,2,13122,16.5946
1384,2592,2,16384,16.6111
1384,2592,4,512,16.5332
1384,2592,4,768,16.5358
1384,2592,4,1152,16.5397
1384,2592,4,1728,16.5455
1384,2592,4,2592,16.5543
1384,2592,4,3888,16.5674
1384,2592,4,5832,16.5872
1384,2592,4,8748,16.6167
1384,2592,4,13122,16.6611
1384,2592,4,16384,16.6942
1384,2592,8,512,16.5384
1384,2592,8,768,16.5436
1384,2592,8,1152,16.5514
1384,2592,8,1728,16.5631
1384,2592,8,2592,16.5806
1384,2592,8,3888,16.6069
1384,2592,8,5832,16.6463
1384,2592,8,8748,16.7055
1384,2592,8,13122,16.7942
1384,2592,8,16384,16.8604
1384,2592,16,512,16.5488
1384,2592,16,768,16.5592
1384,2592,16,1152,16.5747
1384,2592,16,1728,16.5981
1384,2592,16,2592,16.6332
1384,2592,16,3888,16.6858
1384,2592,16,5832,16.7647
1384,2592,16,8748,16.8830
1384,2592,16,13122,20.6186
1384,2592,16,16384,24.2395
1384,2592,32,512,16.5695
1384,2592,32,768,16.5903
1384,2592,32,1152,16.6215
1384,2592,32,1728,16.6682
1384,2592,32,2592,16.7384
1384,2592,32,3888,16.8436
1384,2592,32,5832,19.0091
1384,2592,32,8748,25.4828
1384,2592,32,13122,35.1933
1384,2592,32,16384,42.4351
1384,2592,64,512,16.6111
1384,2592,64,768,16.6527
1384,2592,64,1152,16.7150
1384,2592,64,1728,16.8085
1384,2592,64,2592,17.5883
1384,2592,64,3888,23.3426
1384,2592,64,5832,31.9742
1384,2592,64,8748,44.9216
1384,2592,64,13122,64.3426
1384,2592,64,16384,78.8262
1384,2592,128,512,16.6942
1384,2592,128,768,16.7773
1384,2592,128,1152,16.9020
1384,2592,128,1728,21.4600
1384,2592,128,2592,29.1325
1384,2592,128,3888,40.6413
1384,2592,128,5832,57.9044
1384,2592,128,8748,83.7992
1384,2592,128,13122,122.6412
1384,2592,128,16384,151.6085
1384,3888,0,0,21.0774
1384,3888,1,512,21.0787
1384,3888,1,768,21.0794
1384,3888,1,1152,21.0803
1384,3888,1,1728,21.0818
1384,3888,1,2592,21.0840
1384,3888,1,3888,21.0873
1384,3888,1,5832,21.0922
1384,3888,1,8748,21.0996
1384,3888,1,13122,21.1107
1384,3888,1,16384,21.1190
1384,3888,2,512,21.0800
1384,3888,2,768,21.0813
1384,3888,2,1152,21.0832
1384,3888,2,1728,21.0862
1384,3888,2,2592,21.0906
1384,3888,2,3888,21.0971
1384,3888,2,5832,21.1070
1384,3888,2,8748,21.1218
1384,3888,2,13122,21.1440
1384,3888,2,16384,21.1605
1384,3888,4,512,21.0826
1384,3888,4,768,21.0852
1384,3888,4,1152,21.0891
1384,3888,4,1728,21.0949
1384,3888,4,2592,21.1037
1384,3888,4,3888,21.1168
1384,3888,4,5832,21.1366
1384,3888,4,8748,21.1662
1384,3888,4,13122,21.2105
1384,3888,4,16384,21.2436
1384,3888,8,512,21.0878
1384,3888,8,768,21.0930
1384,3888,8,1152,21.1008
1384,3888,8,1728,21.1125
1384,3888,8,2592,21.1300
1384,3888,8,3888,21.1563
1384,3888,8,5832,21.1957
1384,3888,8,8748,21.2549
1384,3888,8,13122,21.3437
1384,3888,8,16384,21.4099
1384,3888,16,512,21.0982
1384,3888,16,768,21.1086
1384,3888,16,1152,21.1242
1384,3888,16,1728,21.1475
1384,3888,16,2592,21.1826
1384,3888,16,3888,21.2352
1384,3888,16,5832,21.3141
1384,3888,16,8748,21.4324
1384,3888,16,13122,21.6099
1384,3888,16,16384,24.3295
1384,3888,32,512,21.1190
1384,3888,32,768,21.1397
1384,3888,32,1152,21.1709
1384,3888,32,1728,21.2177
1384,3888,32,2592,21.2878
1384,3888,32,3888,21.3930
1384,3888,32,5832,21.5508
1384,3888,32,8748,25.5727
1384,3888,32,13122,35.2832
1384,3888,32,16384,42.5250
1384,3888,64,512,21.1605
1384,3888,64,768,21.2021
1384,3888,64,1152,21.2644
1384,3888,64,1728,21.3579
1384,3888,64,2592,21.4982
1384,3888,64,3888,23.4326
1384,3888,64,5832,32.0641
1384,3888,64,8748,45.0115
1384,3888,64,13122,64.4325
1384,3888,64,16384,78.9161
1384,3888,128,512,21.2436
1384,3888,128,768,21.3267
1384,3888,128,1152,21.4514
1384,3888,128,1728,21.6384
1384,3888,128,2592,29.2225
1384,3888,128,3888,40.7312
1384,3888,128,5832,57.9944
1384,3888,128,8748,83.8891
1384,3888,128,13122,122.7311
1384,3888,128,16384,151.6984
1384,5832,0,0,27.9015
1384,5832,1,512,27.9028
1384,5832,1,768,27.9035
1384,5832,1,1152,27.9044
1384,5832,1,1728,27.9059
1384,5832,1,2592,27.9081
1384,5832,1,3888,27.9114
1384,5832,1,5832,27.9163
1384,5832,1,8748,27.9237
1384,5832,1,13122,27.9348
1384,5832,1,16384,27.9431
1384,5832,2,512,27.9041
1384,5832,2,768,27.9054
1384,5832,2,1152,27.9074
1384,5832,2,1728,27.9103
1384,5832,2,2592,27.9147
1384,5832,2,3888,27.9212
1384,5832,2,5832,27.9311
1384,5832,2,8748,27.9459
1384,5832,2,13122,27.9681
1384,5832,2,16384,27.9846
1384,5832,4,512,27.9067
1384,5832,4,768,27.9093
1384,5832,4,1152,27.9132
1384,5832,4,1728,27.9191
1384,5832,4,2592,27.9278
1384,5832,4,3888,27.9410
1384,5832,4,5832,27.9607
1384,5832,4,8748,27.9903
1384,5832,4,13122,28.0347
1384,5832,4,16384,28.0677
1384,5832,8,512,27.9119
1384,5832,8,768,27.9171
1384,5832,8,1152,27.9249
1384,5832,8,1728,27.9366
1384,5832,8,2592,27.9541
1384,5832,8,3888,27.9804
1384,5832,8,5832,28.0199
1384,5832,8,8748,28.0790
1384,5832,8,13122,28.1678
1384,5832,8,16384,28.2340
1384,5832,16,512,27.9223
1384,5832,16,768,27.9327
1384,5832,16,1152,27.9483
1384,5832,16,1728,27.9716
1384,5832,16,2592,28.0067
1384,5832,16,3888,28.0593
1384,5832,16,5832,28.1382
1384,5832,16,8748,28.2565
1384,5832,16,13122,28.4340
1384,5832,16,16384,28.5664
1384,5832,32,512,27.9431
1384,5832,32,768,27.9639
1384,5832,32,1152,27.9950
1384,5832,32,1728,28.0418
1384,5832,32,2592,28.1119
1384,5832,32,3888,28.2171
1384,5832,32,5832,28.3749
1384,5832,32,8748,28.6115
1384,5832,32,13122,35.4181
1384,5832,32,16384,42.6599
1384,5832,64,512,27.9846
1384,5832,64,768,28.0262
1384,5832,64,1152,28.0885
1384,5832,64,1728,28.1820
1384,5832,64,2592,28.3223
1384,5832,64,3888,28.5327
1384,5832,64,5832,32.1990
1384,5832,64,8748,45.1464
1384,5832,64,13122,64.5674
1384,5832,64,16384,79.0510
1384,5832,128,512,28.0677
1384,5832,128,768,28.1509
1384,5832,128,1152,28.2755
1384,5832,128,1728,28.4625
1384,5832,128,2592,29.3573
1384,5832,128,3888,40.8661
1384,5832,128,5832,58.1292
1384,5832,128,8748,84.0239
1384,5832,128,13122,122.8660
1384,5832,128,16384,151.8333
1384,8748,0,0,38.1377
1384,8748,1,512,38.1390
1384,8748,1,768,38.1397
1384,8748,1,1152,38.1406
1384,8748,1,1728,38.1421
1384,8748,1,2592,38.1443
1384,8748,1,3888,38.1476
1384,8748,1,5832,38.1525
1384,8748,1,8748,38.1599
1384,8748,1,13122,38.1710
1384,8748,1,16384,38.1793
1384,8748,2,512,38.1403
1384,8748,2,768,38.1416
1384,8748,2,1152,38.1435
1384,8748,2,1728,38.1465
1384,8748,2,2592,38.1509
1384,8748,2,3888,38.1574
1384,8748,2,5832,38.1673
1384,8748,2,8748,38.1821
1384,8748,2,13122,38.2043
1384,8748,2,16384,38.2208
1384,8748,4,512,38.1429
1384,8748,4,768,38.1455
1384,8748,4,1152,38.1494
1384,8748,4,1728,38.1552
1384,8748,4,2592,38.1640
1384,8748,4,3888,38.1771
1384,8748,4,5832,38.1969
1384,8748,4,8748,38.2265
1384,8748,4,13122,38.2708
1384,8748,4,16384,38.3039
1384,8748,8,512,38.1481
1384,8748,8,768,38.1533
1384,8748,8,1152,38.1611
1384,8748,8,1728,38.1728
1384,8748,8,2592,38.1903
1384,8748,8,3888,38.2166
1384,8748,8,5832,38.2560
1384,8748,8,8748,38.3152
1384,8748,8,13122,38.4040
1384,8748,8,16384,38.4702
1384,8748,16,512,38.1585
1384,8748,16,768,38.1689
1384,8748,16,1152,38.1845
1384,8748,16,1728,38.2078
1384,8748,16,2592,38.2429
1384,8748,16,3888,38.2955
1384,8748,16,5832,38.3744
1384,8748,16,8748,38.4927
1384,8748,16,13122,38.6702
1384,8748,16,16384,38.8026
1384,8748,32,512,38.1793
1384,8748,32,768,38.2000
1384,8748,32,1152,38.2312
1384,8748,32,1728,38.2780
1384,8748,32,2592,38.3481
1384,8748,32,3888,38.4533
1384,8748,32,5832,38.6111
1384,8748,32,8748,38.8477
1384,8748,32,13122,39.2027
1384,8748,32,16384,42.8622
1384,8748,64,512,38.2208
1384,8748,64,768,38.2624
1384,8748,64,1152,38.3247
1384,8748,64,1728,38.4182
1384,8748,64,2592,38.5585
1384,8748,64,3888,38.7688
1384,8748,64,5832,39.0844
1384,8748,64,8748,45.3487
1384,8748,64,13122,64.7697
1384,8748,64,16384,79.2533
1384,8748,128,512,38.3039
1384,8748,128,768,38.3870
1384,8748,128,1152,38.5117
1384,8748,128,1728,38.6987
1384,8748,128,2592,38.9792
1384,8748,128,3888,41.0684
1384,8748,128,5832,58.3315
1384,8748,128,8748,84.2262
1384,8748,128,13122,123.0683
1384,8748,128,16384,152.0356
1384,13122,0,0,53.4920
1384,13122,1,512,53.4933
1384,13122,1,768,53.4939
1384,13122,1,1152,53.4949
1384,13122,1,1728,53.4964
1384,13122,1,2592,53.4985
1384,13122,1,3888,53.5018
1384,13122,1,5832,53.5068
1384,13122,1,8748,53.5142
1384,13122,1,13122,53.5253
1384,13122,1,16384,53.5335
1384,13122,2,512,53.4946
1384,13122,2,768,53.4959
1384,13122,2,1152,53.4978
1384,13122,2,1728,53.5007
1384,13122,2,2592,53.5051
1384,13122,2,3888,53.5117
1384,13122,2,5832,53.5216
1384,13122,2,8748,53.5363
1384,13122,2,13122,53.5585
1384,13122,2,16384,53.5751
1384,13122,4,512,53.4972
1384,13122,4,768,53.4998
1384,13122,4,1152,53.5037
1384,13122,4,1728,53.5095
1384,13122,4,2592,53.5183
1384,13122,4,3888,53.5314
1384,13122,4,5832,53.5511
1384,13122,4,8748,53.5807
1384,13122,4,13122,53.6251
1384,13122,4,16384,53.6582
1384,13122,8,512,53.5024
1384,13122,8,768,53.5076
1384,13122,8,1152,53.5153
1384,13122,8,1728,53.5270
1384,13122,8,2592,53.5446
1384,13122,8,3888,53.5709
1384,13122,8,5832,53.6103
1384,13122,8,8748,53.6695
1384,13122,8,13122,53.7582
1384,13122,8,16384,53.8244
1384,13122,16,512,53.5128
1384,13122,16,768,53.5231
1384,13122,16,1152,53.5387
1384,13122,16,1728,53.5621
1384,13122,16,2592,53.5972
1384,13122,16,3888,53.6498
1384,13122,16,5832,53.7286
1384,13122,16,8748,53.8470
1384,13122,16,13122,54.0245
1384,13122,16,16384,54.1569
1384,13122,32,512,53.5335
1384,13122,32,768,53.5543
1384,13122,32,1152,53.5855
1384,13122,32,1728,53.6322
1384,13122,32,2592,53.7024
1384,13122,32,3888,53.8075
1384,13122,32,5832,53.9653
1384,13122,32,8748,54.2020
1384,13122,32,13122,54.5570
1384,13122,32,16384,54.8218
1384,13122,64,512,53.5751
1384,13122,64,768,53.6166
1384,13122,64,1152,53.6790
1384,13122,64,1728,53.7725
1384,13122,64,2592,53.9127
1384,13122,64,3888,54.1231
1384,13122,64,5832,54.4387
1384,13122,64,8748,54.9120
1384,13122,64,13122,65.0731
1384,13122,64,16384,79.5568
1384,13122,128,512,53.6582
1384,13122,128,768,53.7413
1384,13122,128,1152,53.8660
1384,13122,128,1728,54.0530
1384,13122,128,2592,54.3335
1384,13122,128,3888,54.7542
1384,13122,128,5832,58.6350
1384,13122,128,8748,84.5297
1384,13122,128,13122,123.3718
1384,13122,128,16384,152.3390
1384,16384,0,0,64.9427
1384,16384,1,512,64.9440
1384,16384,1,768,64.9447
1384,16384,1,1152,64.9457
1384,16384,1,1728,64.9471
1384,16384,1,2592,64.9493
1384,16384,1,3888,64.9526
1384,16384,1,5832,64.9575
1384,16384,1,8748,64.9649
1384,16384,1,13122,64.9760
1384,16384,1,16384,64.9843
1384,16384,2,512,64.9453
1384,16384,2,768,64.9466
1384,16384,2,1152,64.9486
1384,16384,2,1728,64.9515
1384,16384,2,2592,64.9559
1384,16384,2,3888,64.9625
1384,16384,2,5832,64.9723
1384,16384,2,8748,64.9871
1384,16384,2,13122,65.0093
1384,16384,2,16384,65.0258
1384,16384,4,512,64.9479
1384,16384,4,768,64.9505
1384,16384,4,1152,64.9544
1384,16384,4,1728,64.9603
1384,16384,4,2592,64.9690
1384,16384,4,3888,64.9822
1384,16384,4,5832,65.0019
1384,16384,4,8748,65.0315
1384,16384,4,13122,65.0759
1384,16384,4,16384,65.1090
1384,16384,8,512,64.9531
1384,16384,8,768,64.9583
1384,16384,8,1152,64.9661
1384,16384,8,1728,64.9778
1384,16384,8,2592,64.9953
1384,16384,8,3888,65.0216
1384,16384,8,5832,65.0611
1384,16384,8,8748,65.1202
1384,16384,8,13122,65.2090
1384,16384,8,16384,65.2752
1384,16384,16,512,64.9635
1384,16384,16,768,64.9739
1384,16384,16,1152,64.9895
1384,16384,16,1728,65.0129
1384,16384,16,2592,65.0479
1384,16384,16,3888,65.1005
1384,16384,16,5832,65.1794
1384,16384,16,8748,65.2977
1384,16384,16,13122,65.4753
1384,16384,16,16384,65.6076
1384,16384,32,512,64.9843
1384,16384,32,768,65.0051
1384,16384,32,1152,65.0362
1384,16384,32,1728,65.0830
1384,16384,32,2592,65.1531
1384,16384,32,3888,65.2583
1384,16384,32,5832,65.4161
1384,16384,32,8748,65.6528
1384,16384,32,13122,66.0078
1384,16384,32,16384,66.2725
1384,16384,64,512,65.0258
1384,16384,64,768,65.0674
1384,16384,64,1152,65.1297
1384,16384,64,1728,65.2232
1384,16384,64,2592,65.3635
1384,16384,64,3888,65.5739
1384,16384,64,5832,65.8894
1384,16384,64,8748,66.3628
1384,16384,64,13122,67.0728
1384,16384,64,16384,79.7831
1384,16384,128,512,65.1090
1384,16384,128,768,65.1921
1384,16384,128,1152,65.3167
1384,16384,128,1728,65.5037
1384,16384,128,2592,65.7842
1384,16384,128,3888,66.2050
1384,16384,128,5832,66.8361
1384,16384,128,8748,84.7560
1384,16384,128,13122,123.5981
1384,16384,128,16384,152.5653
2048,0,0,0,10.3192
2048,0,1,16,10.3192
2048,0,1,32,10.3193
2048,0,1,64,10.3193
2048,0,1,128,10.3195
2048,0,1,256,10.3198
2048,0,1,512,10.3205
2048,0,1,1024,10.3218
2048,0,1,2048,10.3244
2048,0,1,4096,10.3296
2048,0,1,8192,10.3400
2048,0,1,16384,10.3607
2048,0,2,16,10.3193
2048,0,2,32,10.3193
2048,0,2,64,10.3195
2048,0,2,128,10.3198
2048,0,2,256,10.3205
2048,0,2,512,10.3218
2048,0,2,1024,10.3244
2048,0,2,2048,10.3296
2048,0,2,4096,10.3400
2048,0,2,8192,10.3607
2048,0,2,16384,10.4023
2048,0,4,16,10.3193
2048,0,4,32,10.3195
2048,0,4,64,10.3198
2048,0,4,128,10.3205
2048,0,4,256,10.3218
2048,0,4,512,10.3244
2048,0,4,1024,10.3296
2048,0,4,2048,10.3400
2048,0,4,4096,10.3607
2048,0,4,8192,10.4023
2048,0,4,16384,10.8276
2048,0,8,16,10.3195
2048,0,8,32,10.3198
2048,0,8,64,10.3205
2048,0,8,128,10.3218
2048,0,8,256,10.3244
2048,0,8,512,10.3296
2048,0,8,1024,10.3400
2048,0,8,2048,10.3607
2048,0,8,4096,10.4023
2048,0,8,8192,10.8299
2048,0,8,16384,15.3765
2048,0,16,16,10.3198
2048,0,16,32,10.3205
2048,0,16,64,10.3218
2048,0,16,128,10.3244
2048,0,16,256,10.3296
2048,0,16,512,10.3400
2048,0,16,1024,10.3607
2048,0,16,2048,10.4023
2048,0,16,4096,10.8343
2048,0,16,8192,15.3810
2048,0,16,16384,24.4743
2048,0,32,16,10.3205
2048,0,32,32,10.3218
2048,0,32,64,10.3244
2048,0,32,128,10.3296
2048,0,32,256,10.3400
2048,0,32,512,10.3607
2048,0,32,1024,10.4023
2048,0,32,2048,10.8432
2048,0,32,4096,15.3899
2048,0,32,8192,24.4832
2048,0,32,16384,42.6699
2048,0,64,16,10.3218
2048,0,64,32,10.3244
2048,0,64,64,10.3296
2048,0,64,128,10.3400
2048,0,64,256,10.3607
2048,0,64,512,10.4023
2048,0,64,1024,10.8609
2048,0,64,2048,15.4076
2048,0,64,4096,24.5010
2048,0,64,8192,42.6876
2048,0,64,16384,79.0610
2048,0,128,16,10.3244
2048,0,128,32,10.3296
2048,0,128,64,10.3400
2048,0,128,128,10.3607
2048,0,128,256,10.4023
2048,0,128,512,10.8965
2048,0,128,1024,15.4431
2048,0,128,2048,24.5365
2048,0,128,4096,42.7232
2048,0,128,8192,79.0965
2048,0,128,16384,151.8433
2048,16,0,0,10.4023
2048,16,1,16,10.4023
2048,16,1,32,10.4024
2048,16,1,64,10.4024
2048,16,1,128,10.4026
2048,16,1,256,10.4029
2048,16,1,512,10.4036
2048,16,1,1024,10.4049
2048,16,1,2048,10.4075
2048,16,1,4096,10.4127
2048,16,1,8192,10.4231
2048,16,1,16384,10.4438
2048,16,2,16,10.4024
2048,16,2,32,10.4024
2048,16,2,64,10.4026
2048,16,2,128,10.4029
2048,16,2,256,10.4036
2048,16,2,512,10.4049
2048,16,2,1024,10.4075
2048,16,2,2048,10.4127
2048,16,2,4096,10.4231
2048,16,2,8192,10.4438
2048,16,2,16384,10.4854
2048,16,4,16,10.4024
2048,16,4,32,10.4026
2048,16,4,64,10.4029
2048,16,4,128,10.4036
2048,16,4,256,10.4049
2048,16,4,512,10.4075
2048,16,4,1024,10.4127
2048,16,4,2048,10.4231
2048,16,4,4096,10.4438
2048,16,4,8192,10.4854
2048,16,4,16384,10.8288
2048,16,8,16,10.4026
2048,16,8,32,10.4029
2048,16,8,64,10.4036
2048,16,8,128,10.4049
2048,16,8,256,10.4075
2048,16,8,512,10.4127
2048,16,8,1024,10.4231
2048,16,8,2048,10.4438
2048,16,8,4096,10.4854
2048,16,8,8192,10.8310
2048,16,8,16384,15.3776
2048,16,16,16,10.4029
2048,16,16,32,10.4036
2048,16,16,64,10.4049
2048,16,16,128,10.4075
2048,16,16,256,10.4127
2048,16,16,512,10.4231
2048,16,16,1024,10.4438
2048,16,16,2048,10.4854
2048,16,16,4096,10.8354
2048,16,16,8192,15.3821
2048,16,16,16384,24.4754
2048,16,32,16,10.4036
2048,16,32,32,10.4049
2048,16,32,64,10.4075
2048,16,32,128,10.4127
2048,16,32,256,10.4231
2048,16,32,512,10.4438
2048,16,32,1024,10.4854
2048,16,32,2048,10.8443
2048,16,32,4096,15.3910
2048,16,32,8192,24.4843
2048,16,32,16384,42.6710
2048,16,64,16,10.4049
2048,16,64,32,10.4075
2048,16,64,64,10.4127
2048,16,64,128,10.4231
2048,16,64,256,10.4438
2048,16,64,512,10.4854
2048,16,64,1024,10.8621
2048,16,64,2048,15.4087
2048,16,64,4096,24.5021
2048,16,64,8192,42.6888
2048,16,64,16384,79.0621
2048,16,128,16,10.4075
2048,16,128,32,10.4127
2048,16,128,64,10.4231
2048,16,128,128,10.4438
2048,16,128,256,10.4854
2048,16,128,512,10.8976
2048,16,128,1024,15.4442
2048,16,128,2048,24.5376
2048,16,128,4096,42.7243
2048,16,128,8192,79.0976
2048,16,128,16384,151.8444
2048,32,0,0,10.4854
2048,32,1,16,10.4854
2048,32,1,32,10.4855
2048,32,1,64,10.4856
2048,32,1,128,10.4857
2048,32,1,256,10.4860
2048,32,1,512,10.4867
2048,32,1,1024,10.4880
2048,32,1,2048,10.4906
2048,32,1,4096,10.4958
2048,32,1,8192,10.5062
2048,32,1,16384,10.5270
2048,32,2,16,10.4855
2048,32,2,32,10.4856
2048,32,2,64,10.4857
2048,32,2,128,10.4860
2048,32,2,256,10.4867
2048,32,2,512,10.4880
2048,32,2,1024,10.4906
2048,32,2,2048,10.4958
2048,32,2,4096,10.5062
2048,32,2,8192,10.5270
2048,32,2,16384,10.5685
2048,32,4,16,10.4856
2048,32,4,32,10.4857
2048,32,4,64,10.4860
2048,32,4,128,10.4867
2048,32,4,256,10.4880
2048,32,4,512,10.4906
2048,32,4,1024,10.4958
2048,32,4,2048,10.5062
2048,32,4,4096,10.5270
2048,32,4,8192,10.5685
2048,32,4,16384,10.8299
2048,32,8,16,10.4857
2048,32,8,32,10.4860
2048,32,8,64,10.4867
2048,32,8,128,10.4880
2048,32,8,256,10.4906
2048,32,8,512,10.4958
2048,32,8,1024,10.5062
2048,32,8,2048,10.5270
2048,32,8,4096,10.5685
2048,32,8,8192,10.8321
2048,32,8,16384,15.3788
2048,32,16,16,10.4860
2048,32,16,32,10.4867
2048,32,16,64,10.4880
2048,32,16,128,10.4906
2048,32,16,256,10.4958
2048,32,16,512,10.5062
2048,32,16,1024,10.5270
2048,32,16,2048,10.5685
2048,32,16,4096,10.8365
2048,32,16,8192,15.3832
2048,32,16,16384,24.4765
2048,32,32,16,10.4867
2048,32,32,32,10.4880
2048,32,32,64,10.4906
2048,32,32,128,10.4958
2048,32,32,256,10.5062
2048,32,32,512,10.5270
2048,32,32,1024,10.5685
2048,32,32,2048,10.8454
2048,32,32,4096,15.3921
2048,32,32,8192,24.4854
2048,32,32,16384,42.6721
2048,32,64,16,10.4880
2048,32,64,32,10.4906
2048,32,64,64,10.4958
2048,32,64,128,10.5062
2048,32,64,256,10.5270
2048,32,64,512,10.5685
2048,32,64,1024,10.8632
2048,32,64,2048,15.4098
2048,32,64,4096,24.5032
2048,32,64,8192,42.6899
2048,32,64,16384,79.0632
2048,32,128,16,10.4906
2048,32,128,32,10.4958
2048,32,128,64,10.5062
2048,32,128,128,10.5270
2048,32,128,256,10.5685
2048,32,128,512,10.8987
2048,32,128,1024,15.4454
2048,32,128,2048,24.5387
2048,32,128,4096,42.7254
2048,32,128,8192,79.0987
2048,32,128,16384,151.8455
2048,64,0,0,10.6516
2048,64,1,16,10.6517
2048,64,1,32,10.6517
2048,64,1,64,10.6518
2048,64,1,128,10.6519
2048,64,1,256,10.6523
2048,64,1,512,10.6529
2048,64,1,1024,10.6542
2048,64,1,2048,10.6568
2048,64,1,4096,10.6620
2048,64,1,8192,10.6724
2048,64,1,16384,10.6932
2048,64,2,16,10.6517
2048,64,2,32,10.6518
2048,64,2,64,10.6519
2048,64,2,128,10.6523
2048,64,2,256,10.6529
2048,64,2,512,10.6542
2048,64,2,1024,10.6568
2048,64,2,2048,10.6620
2048,64,2,4096,10.6724
2048,64,2,8192,10.6932
2048,64,2,16384,10.7347
2048,64,4,16,10.6518
2048,64,4,32,10.6519
2048,64,4,64,10.6523
2048,64,4,128,10.6529
2048,64,4,256,10.6542
2048,64,4,512,10.6568
2048,64,4,1024,10.6620
2048,64,4,2048,10.6724
2048,64,4,4096,10.6932
2048,64,4,8192,10.7347
2048,64,4,16384,10.8321
2048,64,8,16,10.6519
2048,64,8,32,10.6523
2048,64,8,64,10.6529
2048,64,8,128,10.6542
2048,64,8,256,10.6568
2048,64,8,512,10.6620
2048,64,8,1024,10.6724
2048,64,8,2048,10.6932
2048,64,8,4096,10.7347
2048,64,8,8192,10.8343
2048,64,8,16384,15.3810
2048,64,16,16,10.6523
2048,64,16,32,10.6529
2048,64,16,64,10.6542
2048,64,16,128,10.6568
2048,64,16,256,10.6620
2048,64,16,512,10.6724
2048,64,16,1024,10.6932
2048,64,16,2048,10.7347
2048,64,16,4096,10.8387
2048,64,16,8192,15.3854
2048,64,16,16384,24.4788
2048,64,32,16,10.6529
2048,64,32,32,10.6542
2048,64,32,64,10.6568
2048,64,32,128,10.6620
2048,64,32,256,10.6724
2048,64,32,512,10.6932
2048,64,32,1024,10.7347
2048,64,32,2048,10.8476
2048,64,32,4096,15.3943
2048,64,32,8192,24.4876
2048,64,32,16384,42.6743
2048,64,64,16,10.6542
2048,64,64,32,10.6568
2048,64,64,64,10.6620
2048,64,64,128,10.6724
2048,64,64,256,10.6932
2048,64,64,512,10.7347
2048,64,64,1024,10.8654
2048,64,64,2048,15.4121
2048,64,64,4096,24.5054
2048,64,64,8192,42.6921
2048,64,64,16384,79.0654
2048,64,128,16,10.6568
2048,64,128,32,10.6620
2048,64,128,64,10.6724
2048,64,128,128,10.6932
2048,64,128,256,10.7347
2048,64,128,512,10.9009
2048,64,128,1024,15.4476
2048,64,128,2048,24.5409
2048,64,128,4096,42.7276
2048,64,128,8192,79.1010
2048,64,128,16384,151.8477
2048,128,0,0,10.9841
2048,128,1,16,10.9841
2048,128,1,32,10.9842
2048,128,1,64,10.9842
2048,128,1,128,10.9844
2048,128,1,256,10.9847
2048,128,1,512,10.9854
2048,128,1,1024,10.9867
2048,128,1,2048,10.9893
2048,128,1,4096,10.9945
2048,128,1,8192,11.0048
2048,128,1,16384,11.0256
2048,128,2,16,10.9842
2048,128,2,32,10.9842
2048,128,2,64,10.9844
2048,128,2,128,10.9847
2048,128,2,256,10.9854
2048,128,2,512,10.9867
2048,128,2,1024,10.9893
2048,128,2,2048,10.9945
2048,128,2,4096,11.0048
2048,128,2,8192,11.0256
2048,128,2,16384,11.0672
2048,128,4,16,10.9842
2048,128,4,32,10.9844
2048,128,4,64,10.9847
2048,128,4,128,10.9854
2048,128,4,256,10.9867
2048,128,4,512,10.9893
2048,128,4,1024,10.9945
2048,128,4,2048,11.0048
2048,128,4,4096,11.0256
2048,128,4,8192,11.0672
2048,128,4,16384,11.1503
2048,128,8,16,10.9844
2048,128,8,32,10.9847
2048,128,8,64,10.9854
2048,128,8,128,10.9867
2048,128,8,256,10.9893
2048,128,8,512,10.9945
2048,128,8,1024,11.0048
2048,128,8,2048,11.0256
2048,128,8,4096,11.0672
2048,128,8,8192,11.1503
2048,128,8,16384,15.3854
2048,128,16,16,10.9847
2048,128,16,32,10.9854
2048,128,16,64,10.9867
2048,128,16,128,10.9893
2048,128,16,256,10.9945
2048,128,16,512,11.0048
2048,128,16,1024,11.0256
2048,128,16,2048,11.0672
2048,128,16,4096,11.1503
2048,128,16,8192,15.3899
2048,128,16,16384,24.4832
2048,128,32,16,10.9854
2048,128,32,32,10.9867
2048,128,32,64,10.9893
2048,128,32,128,10.9945
2048,128,32,256,11.0048
2048,128,32,512,11.0256
2048,128,32,1024,11.0672
2048,128,32,2048,11.1503
2048,128,32,4096,15.3987
2048,128,32,8192,24.4921
2048,128,32,16384,42.6788
2048,128,64,16,10.9867
2048,128,64,32,10.9893
2048,128,64,64,10.9945
2048,128,64,128,11.0048
2048,128,64,256,11.0256
2048,128,64,512,11.0672
2048,128,64,1024,11.1503
2048,128,64,2048,15.4165
2048,128,64,4096,24.5098
2048,128,64,8192,42.6965
2048,128,64,16384,79.0699
2048,128,128,16,10.9893
2048,128,128,32,10.9945
2048,128,128,64,11.0048
2048,128,128,128,11.0256
2048,128,128,256,11.0672
2048,128,128,512,11.1503
2048,128,128,1024,15.4520
2048,128,128,2048,24.5454
2048,128,128,4096,42.7320
2048,128,128,8192,79.1054
2048,128,128,16384,151.8521
2048,256,0,0,11.6490
2048,256,1,16,11.6490
2048,256,1,32,11.6490
2048,256,1,64,11.6491
2048,256,1,128,11.6493
2048,256,1,256,11.6496
2048,256,1,512,11.6503
2048,256,1,1024,11.6516
2048,256,1,2048,11.6542
2048,256,1,4096,11.6594
2048,256,1,8192,11.6697
2048,256,1,16384,11.6905
2048,256,2,16,11.6490
2048,256,2,32,11.6491
2048,256,2,64,11.6493
2048,256,2,128,11.6496
2048,256,2,256,11.6503
2048,256,2,512,11.6516
2048,256,2,1024,11.6542
2048,256,2,2048,11.6594
2048,256,2,4096,11.6697
2048,256,2,8192,11.6905
2048,256,2,16384,11.7321
2048,256,4,16,11.6491
2048,256,4,32,11.6493
2048,256,4,64,11.6496
2048,256,4,128,11.6503
2048,256,4,256,11.6516
2048,256,4,512,11.6542
2048,256,4,1024,11.6594
2048,256,4,2048,11.6697
2048,256,4,4096,11.6905
2048,256,4,8192,11.7321
2048,256,4,16384,11.8152
2048,256,8,16,11.6493
2048,256,8,32,11.6496
2048,256,8,64,11.6503
2048,256,8,128,11.6516
2048,256,8,256,11.6542
2048,256,8,512,11.6594
2048,256,8,1024,11.6697
2048,256,8,2048,11.6905
2048,256,8,4096,11.7321
2048,256,8,8192,11.8152
2048,256,8,16384,15.3943
2048,256,16,16,11.6496
2048,256,16,32,11.6503
2048,256,16,64,11.6516
2048,256,16,128,11.6542
2048,256,16,256,11.6594
2048,256,16,512,11.6697
2048,256,16,1024,11.6905
2048,256,16,2048,11.7321
2048,256,16,4096,11.8152
2048,256,16,8192,15.3987
2048,256,16,16384,24.4921
2048,256,32,16,11.6503
2048,256,32,32,11.6516
2048,256,32,64,11.6542
2048,256,32,128,11.6594
2048,256,32,256,11.6697
2048,256,32,512,11.6905
2048,256,32,1024,11.7321
2048,256,32,2048,11.8152
2048,256,32,4096,15.4076
2048,256,32,8192,24.5010
2048,256,32,16384,42.6876
2048,256,64,16,11.6516
2048,256,64,32,11.6542
2048,256,64,64,11.6594
2048,256,64,128,11.6697
2048,256,64,256,11.6905
2048,256,64,512,11.7321
2048,256,64,1024,11.8152
2048,256,64,2048,15.4254
2048,256,64,4096,24.5187
2048,256,64,8192,42.7054
2048,256,64,16384,79.0788
2048,256,128,16,11.6542
2048,256,128,32,11.6594
2048,256,128,64,11.6697
2048,256,128,128,11.6905
2048,256,128,256,11.7321
2048,256,128,512,11.8152
2048,256,128,1024,15.4609
2048,256,128,2048,24.5542
2048,256,128,4096,42.7409
2048,256,128,8192,79.1143
2048,256,128,16384,151.8610
2048,512,0,0,12.9788
2048,512,1,16,12.9788
2048,512,1,32,12.9788
2048,512,1,64,12.9789
2048,512,1,128,12.9791
2048,512,1,256,12.9794
2048,512,1,512,12.9801
2048,512,1,1024,12.9814
2048,512,1,2048,12.9840
2048,512,1,4096,12.9892
2048,512,1,8192,12.9995
2048,512,1,16384,13.0203
2048,512,2,16,12.9788
2048,512,2,32,12.9789
2048,512,2,64,12.9791
2048,512,2,128,12.9794
2048,512,2,256,12.9801
2048,512,2,512,12.9814
2048,512,2,1024,12.9840
2048,512,2,2048,12.9892
2048,512,2,4096,12.9995
2048,512,2,8192,13.0203
2048,512,2,16384,13.0619
2048,512,4,16,12.9789
2048,512,4,32,12.9791
2048,512,4,64,12.9794
2048,512,4,128,12.9801
2048,512,4,256,12.9814
2048,512,4,512,12.9840
2048,512,4,1024,12.9892
2048,512,4,2048,12.9995
2048,512,4,4096,13.0203
2048,512,4,8192,13.0619
2048,512,4,16384,13.1450
2048,512,8,16,12.9791
2048,512,8,32,12.9794
2048,512,8,64,12.9801
2048,512,8,128,12.9814
2048,512,8,256,12.9840
2048,512,8,512,12.9892
2048,512,8,1024,12.9995
2048,512,8,2048,13.0203
2048,512,8,4096,13.0619
2048,512,8,8192,13.1450
2048,512,8,16384,15.4121
2048,512,16,16,12.9794
2048,512,16,32,12.9801
2048,512,16,64,12.9814
2048,512,16,128,12.9840
2048,512,16,256,12.9892
2048,512,16,512,12.9995
2048,512,16,1024,13.0203
2048,512,16,2048,13.0619
2048,512,16,4096,13.1450
2048,512,16,8192,15.4165
2048,512,16,16384,24.5098
2048,512,32,16,12.9801
2048,512,32,32,12.9814
2048,512,32,64,12.9840
2048,512,32,128,12.9892
2048,512,32,256,12.9995
2048,512,32,512,13.0203
2048,512,32,1024,13.0619
2048,512,32,2048,13.1450
2048,512,32,4096,15.4254
2048,512,32,8192,24.5187
2048,512,32,16384,42.7054
2048,512,64,16,12.9814
2048,512,64,32,12.9840
2048,512,64,64,12.9892
2048,512,64,128,12.9995
2048,512,64,256,13.0203
2048,512,64,512,13.0619
2048,512,64,1024,13.1450
2048,512,64,2048,15.4431
2048,512,64,4096,24.5365
2048,512,64,8192,42.7232
2048,512,64,16384,79.0965
2048,512,128,16,12.9840
2048,512,128,32,12.9892
2048,512,128,64,12.9995
2048,512,128,128,13.0203
2048,512,128,256,13.0619
2048,512,128,512,13.1450
2048,512,128,1024,15.4787
2048,512,128,2048,24.5720
2048,512,128,4096,42.7587
2048,512,128,8192,79.1320
2048,512,128,16384,151.8788
2048,768,0,0,14.3086
2048,1024,0,0,15.6383
2048,1024,1,16,15.6384
2048,1024,1,32,15.6384
2048,1024,1,64,15.6385
2048,1024,1,128,15.6387
2048,1024,1,256,15.6390
2048,1024,1,512,15.6396
2048,1024,1,1024,15.6409
2048,1024,1,2048,15.6435
2048,1024,1,4096,15.6487
2048,1024,1,8192,15.6591
2048,1024,1,16384,15.6799
2048,1024,2,16,15.6384
2048,1024,2,32,15.6385
2048,1024,2,64,15.6387
2048,1024,2,128,15.6390
2048,1024,2,256,15.6396
2048,1024,2,512,15.6409
2048,1024,2,1024,15.6435
2048,1024,2,2048,15.6487
2048,1024,2,4096,15.6591
2048,1024,2,8192,15.6799
2048,1024,2,16384,15.7215
2048,1024,4,16,15.6385
2048,1024,4,32,15.6387
2048,1024,4,64,15.6390
2048,1024,4,128,15.6396
2048,1024,4,256,15.6409
2048,1024,4,512,15.6435
2048,1024,4,1024,15.6487
2048,1024,4,2048,15.6591
2048,1024,4,4096,15.6799
2048,1024,4,8192,15.7215
2048,1024,4,16384,15.8046
2048,1024,8,16,15.6387
2048,1024,8,32,15.6390
2048,1024,8,64,15.6396
2048,1024,8,128,15.6409
2048,1024,8,256,15.6435
2048,1024,8,512,15.6487
2048,1024,8,1024,15.6591
2048,1024,8,2048,15.6799
2048,1024,8,4096,15.7215
2048,1024,8,8192,15.8046
2048,1024,8,16384,15.9708
2048,1024,16,16,15.6390
2048,1024,16,32,15.6396
2048,1024,16,64,15.6409
2048,1024,16,128,15.6435
2048,1024,16,256,15.6487
2048,1024,16,512,15.6591
2048,1024,16,1024,15.6799
2048,1024,16,2048,15.7215
2048,1024,16,4096,15.8046
2048,1024,16,8192,15.9708
2048,1024,16,16384,24.5454
2048,1024,32,16,15.6396
2048,1024,32,32,15.6409
2048,1024,32,64,15.6435
2048,1024,32,128,15.6487
2048,1024,32,256,15.6591
2048,1024,32,512,15.6799
2048,1024,32,1024,15.7215
2048,1024,32,2048,15.8046
2048,1024,32,4096,15.9708
2048,1024,32,8192,24.5542
2048,1024,32,16384,42.7409
2048,1024,64,16,15.6409
2048,1024,64,32,15.6435
2048,1024,64,64,15.6487
2048,1024,64,128,15.6591
2048,1024,64,256,15.6799
2048,1024,64,512,15.7215
2048,1024,64,1024,15.8046
2048,1024,64,2048,15.9708
2048,1024,64,4096,24.5720
2048,1024,64,8192,42.7587
2048,1024,64,16384,79.1320
2048,1024,128,16,15.6435
2048,1024,128,32,15.6487
2048,1024,128,64,15.6591
2048,1024,128,128,15.6799
2048,1024,128,256,15.7215
2048,1024,128,512,15.8046
2048,1024,128,1024,15.9708
2048,1024,128,2048,24.6075
2048,1024,128,4096,42.7942
2048,1024,128,8192,79.1676
2048,1024,128,16384,151.9143
2048,1152,0,0,16.3032
2048,1728,0,0,19.2953
2048,2048,0,0,20.9575
2048,2048,1,16,20.9576
2048,2048,1,32,20.9576
2048,2048,1,64,20.9577
2048,2048,1,128,20.9578
2048,2048,1,256,20.9582
2048,2048,1,512,20.9588
2048,2048,1,1024,20.9601
2048,2048,1,2048,20.9627
2048,2048,1,4096,20.9679
2048,2048,1,8192,20.9783
2048,2048,1,16384,20.9991
2048,2048,2,16,20.9576
2048,2048,2,32,20.9577
2048,2048,2,64,20.9578
2048,2048,2,128,20.9582
2048,2048,2,256,20.9588
2048,2048,2,512,20.9601
2048,2048,2,1024,20.9627
2048,2048,2,2048,20.9679
2048,2048,2,4096,20.9783
2048,2048,2,8192,20.9991
2048,2048,2,16384,21.0406
2048,2048,4,16,20.9577
2048,2048,4,32,20.9578
2048,2048,4,64,20.9582
2048,2048,4,128,20.9588
2048,2048,4,256,20.9601
2048,2048,4,512,20.9627
2048,2048,4,1024,20.9679
2048,2048,4,2048,20.9783
2048,2048,4,4096,20.9991
2048,2048,4,8192,21.0406
2048,2048,4,16384,21.1237
2048,2048,8,16,20.9578
2048,2048,8,32,20.9582
2048,2048,8,64,20.9588
2048,2048,8,128,20.9601
2048,2048,8,256,20.9627
2048,2048,8,512,20.9679
2048,2048,8,1024,20.9783
2048,2048,8,2048,20.9991
2048,2048,8,4096,21.0406
2048,2048,8,8192,21.1237
2048,2048,8,16384,21.2900
2048,2048,16,16,20.9582
2048,2048,16,32,20.9588
2048,2048,16,64,20.9601
2048,2048,16,128,20.9627
2048,2048,16,256,20.9679
2048,2048,16,512,20.9783
2048,2048,16,1024,20.9991
2048,2048,16,2048,21.0406
2048,2048,16,4096,21.1237
2048,2048,16,8192,21.2900
2048,2048,16,16384,24.6164
2048,2048,32,16,20.9588
2048,2048,32,32,20.9601
2048,2048,32,64,20.9627
2048,2048,32,128,20.9679
2048,2048,32,256,20.9783
2048,2048,32,512,20.9991
2048,2048,32,1024,21.0406
2048,2048,32,2048,21.1237
2048,2048,32,4096,21.2900
2048,2048,32,8192,24.6253
2048,2048,32,16384,42.8120
2048,2048,64,16,20.9601
2048,2048,64,32,20.9627
2048,2048,64,64,20.9679
2048,2048,64,128,20.9783
2048,2048,64,256,20.9991
2048,2048,64,512,21.0406
2048,2048,64,1024,21.1237
2048,2048,64,2048,21.2900
2048,2048,64,4096,24.6430
2048,2048,64,8192,42.8297
2048,2048,64,16384,79.2031
2048,2048,128,16,20.9627
2048,2048,128,32,20.9679
2048,2048,128,64,20.9783
2048,2048,128,128,20.9991
2048,2048,128,256,21.0406
2048,2048,128,512,21.1237
2048,2048,128,1024,21.2900
2048,2048,128,2048,24.6786
2048,2048,128,4096,42.8652
2048,2048,128,8192,79.2386
2048,2048,128,16384,151.9853
2048,2592,0,0,23.7833
2048,3888,0,0,30.5154
2048,4096,0,0,31.5959
2048,4096,1,16,31.5959
2048,4096,1,32,31.5960
2048,4096,1,64,31.5960
2048,4096,1,128,31.5962
2048,4096,1,256,31.5965
2048,4096,1,512,31.5972
2048,4096,1,1024,31.5985
2048,4096,1,2048,31.6011
2048,4096,1,4096,31.6063
2048,4096,1,8192,31.6166
2048,4096,1,16384,31.6374
2048,4096,2,16,31.5960
2048,4096,2,32,31.5960
2048,4096,2,64,31.5962
2048,4096,2,128,31.5965
2048,4096,2,256,31.5972
2048,4096,2,512,31.5985
2048,4096,2,1024,31.6011
2048,4096,2,2048,31.6063
2048,4096,2,4096,31.6166
2048,4096,2,8192,31.6374
2048,4096,2,16384,31.6790
2048,4096,4,16,31.5960
2048,4096,4,32,31.5962
2048,4096,4,64,31.5965
2048,4096,4,128,31.5972
2048,4096,4,256,31.5985
2048,4096,4,512,31.6011
2048,4096,4,1024,31.6063
2048,4096,4,2048,31.6166
2048,4096,4,4096,31.6374
2048,4096,4,8192,31.6790
2048,4096,4,16384,31.7621
2048,4096,8,16,31.5962
2048,4096,8,32,31.5965
2048,4096,8,64,31.5972
2048,4096,8,128,31.5985
2048,4096,8,256,31.6011
2048,4096,8,512,31.6063
2048,4096,8,1024,31.6166
2048,4096,8,2048,31.6374
2048,4096,8,4096,31.6790
2048,4096,8,8192,31.7621
2048,4096,8,16384,31.9283
2048,4096,16,16,31.5965
2048,4096,16,32,31.5972
2048,4096,16,64,31.5985
2048,4096,16,128,31.6011
2048,4096,16,256,31.6063
2048,4096,16,512,31.6166
2048,4096,16,1024,31.6374
2048,4096,16,2048,31.6790
2048,4096,16,4096,31.7621
2048,4096,16,8192,31.9283
2048,4096,16,16384,32.2608
2048,4096,32,16,31.5972
2048,4096,32,32,31.5985
2048,4096,32,64,31.6011
2048,4096,32,128,31.6063
2048,4096,32,256,31.6166
2048,4096,32,512,31.6374
2048,4096,32,1024,31.6790
2048,4096,32,2048,31.7621
2048,4096,32,4096,31.9283
2048,4096,32,8192,32.2608
2048,4096,32,16384,42.9540
2048,4096,64,16,31.5985
2048,4096,64,32,31.6011
2048,4096,64,64,31.6063
2048,4096,64,128,31.6166
2048,4096,64,256,31.6374
2048,4096,64,512,31.6790
2048,4096,64,1024,31.7621
2048,4096,64,2048,31.9283
2048,4096,64,4096,32.2608
2048,4096,64,8192,42.9718
2048,4096,64,16384,79.3452
2048,4096,128,16,31.6011
2048,4096,128,32,31.6063
2048,4096,128,64,31.6166
2048,4096,128,128,31.6374
2048,4096,128,256,31.6790
2048,4096,128,512,31.7621
2048,4096,128,1024,31.9283
2048,4096,128,2048,32.2608
2048,4096,128,4096,43.0073
2048,4096,128,8192,79.3807
2048,4096,128,16384,152.1274
2048,5832,0,0,40.6135
2048,8192,0,0,52.8726
2048,8192,1,16,52.8726
2048,8192,1,32,52.8726
2048,8192,1,64,52.8727
2048,8192,1,128,52.8729
2048,8192,1,256,52.8732
2048,8192,1,512,52.8739
2048,8192,1,1024,52.8752
2048,8192,1,2048,52.8778
2048,8192,1,4096,52.8830
2048,8192,1,8192,52.8933
2048,8192,1,16384,52.9141
2048,8192,2,16,52.8726
2048,8192,2,32,52.8727
2048,8192,2,64,52.8729
2048,8192,2,128,52.8732
2048,8192,2,256,52.8739
2048,8192,2,512,52.8752
2048,8192,2,1024,52.8778
2048,8192,2,2048,52.8830
2048,8192,2,4096,52.8933
2048,8192,2,8192,52.9141
2048,8192,2,16384,52.9557
2048,8192,4,16,52.8727
2048,8192,4,32,52.8729
2048,8192,4,64,52.8732
2048,8192,4,128,52.8739
2048,8192,4,256,52.8752
2048,8192,4,512,52.8778
2048,8192,4,1024,52.8830
2048,8192,4,2048,52.8933
2048,8192,4,4096,52.9141
2048,8192,4,8192,52.9557
2048,8192,4,16384,53.0388
2048,8192,8,16,52.8729
2048,8192,8,32,52.8732
2048,8192,8,64,52.8739
2048,8192,8,128,52.8752
2048,8192,8,256,52.8778
2048,8192,8,512,52.8830
2048,8192,8,1024,52.8933
2048,8192,8,2048,52.9141
2048,8192,8,4096,52.9557
2048,8192,8,8192,53.0388
2048,8192,8,16384,53.2050
2048,8192,16,16,52.8732
2048,8192,16,32,52.8739
2048,8192,16,64,52.8752
2048,8192,16,128,52.8778
2048,8192,16,256,52.8830
2048,8192,16,512,52.8933
2048,8192,16,1024,52.9141
2048,8192,16,2048,52.9557
2048,8192,16,4096,53.0388
2048,8192,16,8192,53.2050
2048,8192,16,16384,53.5375
2048,8192,32,16,52.8739
2048,8192,32,32,52.8752
2048,8192,32,64,52.8778
2048,8192,32,128,52.8830
2048,8192,32,256,52.8933
2048,8192,32,512,52.9141
2048,8192,32,1024,52.9557
2048,8192,32,2048,53.0388
2048,8192,32,4096,53.2050
2048,8192,32,8192,53.5375
2048,8192,32,16384,54.2024
2048,8192,64,16,52.8752
2048,8192,64,32,52.8778
2048,8192,64,64,52.8830
2048,8192,64,128,52.8933
2048,8192,64,256,52.9141
2048,8192,64,512,52.9557
2048,8192,64,1024,53.0388
2048,8192,64,2048,53.2050
2048,8192,64,4096,53.5375
2048,8192,64,8192,54.2024
2048,8192,64,16384,79.6293
2048,8192,128,16,52.8778
2048,8192,128,32,52.8830
2048,8192,128,64,52.8933
2048,8192,128,128,52.9141
2048,8192,128,256,52.9557
2048,8192,128,512,53.0388
2048,8192,128,1024,53.2050
2048,8192,128,2048,53.5375
2048,8192,128,4096,54.2024
2048,8192,128,8192,79.6649
2048,8192,128,16384,152.4116
2048,8748,0,0,55.7607
2048,13122,0,0,78.4815
2048,16384,0,0,95.4260
2048,16384,1,16,95.4260
2048,16384,1,32,95.4260
2048,16384,1,64,95.4261
2048,16384,1,128,95.4263
2048,16384,1,256,95.4266
2048,16384,1,512,95.4273
2048,16384,1,1024,95.4286
2048,16384,1,2048,95.4312
2048,16384,1,4096,95.4364
2048,16384,1,8192,95.4467
2048,16384,1,16384,95.4675
2048,16384,2,16,95.4260
2048,16384,2,32,95.4261
2048,16384,2,64,95.4263
2048,16384,2,128,95.4266
2048,16384,2,256,95.4273
2048,16384,2,512,95.4286
2048,16384,2,1024,95.4312
2048,16384,2,2048,95.4364
2048,16384,2,4096,95.4467
2048,16384,2,8192,95.4675
2048,16384,2,16384,95.5091
2048,16384,4,16,95.4261
2048,16384,4,32,95.4263
2048,16384,4,64,95.4266
2048,16384,4,128,95.4273
2048,16384,4,256,95.4286
2048,16384,4,512,95.4312
2048,16384,4,1024,95.4364
2048,16384,4,2048,95.4467
2048,16384,4,4096,95.4675
2048,16384,4,8192,95.5091
2048,16384,4,16384,95.5922
2048,16384,8,16,95.4263
2048,16384,8,32,95.4266
2048,16384,8,64,95.4273
2048,16384,8,128,95.4286
2048,16384,8,256,95.4312
2048,16384,8,512,95.4364
2048,16384,8,1024,95.4467
2048,16384,8,2048,95.4675
2048,16384,8,4096,95.5091
2048,16384,8,8192,95.5922
2048,16384,8,16384,95.7584
2048,16384,16,16,95.4266
2048,16384,16,32,95.4273
2048,16384,16,64,95.4286
2048,16384,16,128,95.4312
2048,16384,16,256,95.4364
2048,16384,16,512,95.4467
2048,16384,16,1024,95.4675
2048,16384,16,2048,95.5091
2048,16384,16,4096,95.5922
2048,16384,16,8192,95.7584
2048,16384,16,16384,96.0909
2048,16384,32,16,95.4273
2048,16384,32,32,95.4286
2048,16384,32,64,95.4312
2048,16384,32,128,95.4364
2048,16384,32,256,95.4467
2048,16384,32,512,95.4675
2048,16384,32,1024,95.5091
2048,16384,32,2048,95.5922
2048,16384,32,4096,95.7584
2048,16384,32,8192,96.0909
2048,16384,32,16384,96.7558
2048,16384,64,16,95.4286
2048,16384,64,32,95.4312
2048,16384,64,64,95.4364
2048,16384,64,128,95.4467
2048,16384,64,256,95.4675
2048,16384,64,512,95.5091
2048,16384,64,1024,95.5922
2048,16384,64,2048,95.7584
2048,16384,64,4096,96.0909
2048,16384,64,8192,96.7558
2048,16384,64,16384,98.0856
2048,16384,128,16,95.4312
2048,16384,128,32,95.4364
2048,16384,128,64,95.4467
2048,16384,128,128,95.4675
2048,16384,128,256,95.5091
2048,16384,128,512,95.5922
2048,16384,128,1024,95.7584
2048,16384,128,2048,96.0909
2048,16384,128,4096,96.7558
2048,16384,128,8192,98.0856
2048,16384,128,16384,152.9799
