prefill_chunk,kv_prefill,n_decode,kv_decode,time_us
0,0,1,16,12.0433
0,0,1,32,11.914
0,0,1,64,12.0637
0,0,1,128,13.5467
0,0,1,256,14.5283
0,0,1,512,16.1067
0,0,1,1024,17.6213
0,0,1,2048,17.5363
0,0,1,4096,18.272
0,0,1,8192,21.302
0,0,1,16384,26.944
0,0,2,16,12.0317
0,0,2,32,11.8623
0,0,2,64,11.968
0,0,2,128,13.8133
0,0,2,256,14.5497
0,0,2,512,16.597
0,0,2,1024,17.547
0,0,2,2048,16.949
0,0,2,4096,20.2987
0,0,2,8192,25.0347
0,0,2,16384,36.5333
0,0,4,16,12.1923
0,0,4,32,12.2777
0,0,4,64,12.3737
0,0,4,128,14.016
0,0,4,256,14.816
0,0,4,512,16.8323
0,0,4,1024,18.0373
0,0,4,2048,19.6057
0,0,4,4096,24.619
0,0,4,8192,34.8907
0,0,4,16384,52.7683
0,0,8,16,12.9813
0,0,8,32,12.9813
0,0,8,64,13.088
0,0,8,128,14.336
0,0,8,256,15.5637
0,0,8,512,17.3653
0,0,8,1024,19.382
0,0,8,2048,25.0877
0,0,8,4096,35.019
0,0,8,8192,53.2597
0,0,8,16384,87.4887
0,0,16,16,13.6743
0,0,16,32,13.5577
0,0,16,64,13.6857
0,0,16,128,15.148
0,0,16,256,16.128
0,0,16,512,19.6913
0,0,16,1024,25.697
0,0,16,2048,36.2243
0,0,16,4096,55.8837
0,0,16,8192,100.982
0,0,16,16384,175.959
0,0,32,16,13.6327
0,0,32,32,13.5787
0,0,32,64,13.7713
0,0,32,128,15.7983
0,0,32,256,18.2613
0,0,32,512,32.022
0,0,32,1024,44.1493
0,0,32,2048,66.7207
0,0,32,4096,104.886
0,0,32,8192,180.205
0,0,32,16384,333.263
0,0,64,16,17.707
0,0,64,32,18.08
0,0,64,64,19.531
0,0,64,128,24.6933
0,0,64,256,30.3043
0,0,64,512,46.763
0,0,64,1024,71.094
0,0,64,2048,109.473
0,0,64,4096,185.015
0,0,64,8192,338.819
0,0,64,16384,641.074
0,0,128,16,21.8133
0,0,128,32,22.326
0,0,128,64,25.0457
0,0,128,128,31.372
0,0,128,256,42.4637
0,0,128,512,64.9507
0,0,128,1024,100.321
0,0,128,2048,165.261
0,0,128,4096,301.678
0,0,128,8192,578.556
0,0,128,16384,1142.69
0,0,256,16,29.4933
0,0,256,32,29.995
0,0,256,64,32.4697
0,0,256,128,45.142
0,0,256,256,64.1823
0,0,256,512,103.393
0,0,256,1024,166.348
0,0,256,2048,299.236
0,0,256,4096,571.388
0,0,256,8192,1116.92
0,0,256,16384,2201.25
16,0,0,0,15.6693
16,0,1,16,15.563
16,0,1,32,15.541
16,0,1,64,15.4347
16,0,1,128,16.9927
16,0,1,256,18.6347
16,0,1,512,18.7953
16,0,1,1024,19.3067
16,0,1,2048,19.7973
16,0,1,4096,21.3543
16,0,1,8192,23.2113
16,0,1,16384,28.192
16,0,2,16,14.881
16,0,2,32,14.9013
16,0,2,64,15.008
16,0,2,128,16.2027
16,0,2,256,18.0473
16,0,2,512,19.1677
16,0,2,1024,19.4773
16,0,2,2048,19.9573
16,0,2,4096,22.272
16,0,2,8192,26.6137
16,0,2,16384,38.3367
16,0,4,16,15.5093
16,0,4,32,15.531
16,0,4,64,15.5203
16,0,4,128,17.109
16,0,4,256,18.71
16,0,4,512,19.2647
16,0,4,1024,20.054
16,0,4,2048,21.152
16,0,4,4096,25.76
16,0,4,8192,36.4173
16,0,4,16384,55.6807
16,0,8,16,15.2213
16,0,8,32,15.1367
16,0,8,64,15.403
16,0,8,128,17.1523
16,0,8,256,18.5063
16,0,8,512,19.958
16,0,8,1024,21.2057
16,0,8,2048,26.3363
16,0,8,4096,36.705
16,0,8,8192,56.1603
16,0,8,16384,90.6577
16,0,16,16,15.488
16,0,16,32,15.5527
16,0,16,64,15.563
16,0,16,128,17.483
16,0,16,256,18.6457
16,0,16,512,21.035
16,0,16,1024,27.0297
16,0,16,2048,38.102
16,0,16,4096,57.771
16,0,16,8192,109.857
16,0,16,16384,193.378
16,0,32,16,15.5733
16,0,32,32,15.67
16,0,32,64,15.957
16,0,32,128,17.292
16,0,32,256,19.6807
16,0,32,512,34.1877
16,0,32,1024,47.1477
16,0,32,2048,73.43
16,0,32,4096,116.162
16,0,32,8192,198.712
16,0,32,16384,366.287
16,0,64,16,21.3553
16,0,64,32,21.6
16,0,64,64,22.187
16,0,64,128,27.3927
16,0,64,256,33.5687
16,0,64,512,53.622
16,0,64,1024,77.0143
16,0,64,2048,120.151
16,0,64,4096,205.208
16,0,64,8192,374.031
16,0,64,16384,707.742
16,0,128,16,26.5503
16,0,128,32,27.073
16,0,128,64,28.107
16,0,128,128,33.462
16,0,128,256,45.2067
16,0,128,512,71.606
16,0,128,1024,108.258
16,0,128,2048,176.387
16,0,128,4096,316.847
16,0,128,8192,605.831
16,0,128,16384,1182.49
16,16,0,0,15.6487
16,16,1,16,15.616
16,16,1,32,15.6267
16,16,1,64,15.424
16,16,1,128,16.8533
16,16,1,256,18.528
16,16,1,512,19.3497
16,16,1,1024,19.3067
16,16,1,2048,19.6053
16,16,1,4096,21.2697
16,16,1,8192,23.2117
16,16,1,16384,28.8
16,16,2,16,14.9657
16,16,2,32,15.008
16,16,2,64,14.8697
16,16,2,128,16.384
16,16,2,256,18.059
16,16,2,512,18.9333
16,16,2,1024,19.4667
16,16,2,2048,20.448
16,16,2,4096,22.4
16,16,2,8192,26.8793
16,16,2,16384,38.3797
16,16,4,16,15.4137
16,16,4,32,15.4137
16,16,4,64,15.6373
16,16,4,128,16.832
16,16,4,256,18.7633
16,16,4,512,18.9653
16,16,4,1024,20.1067
16,16,4,2048,21.142
16,16,4,4096,26.4743
16,16,4,8192,36.8213
16,16,4,16384,55.7237
16,16,8,16,15.1363
16,16,8,32,15.264
16,16,8,64,15.2107
16,16,8,128,17.056
16,16,8,256,18.3683
16,16,8,512,20.375
16,16,8,1024,21.3553
16,16,8,2048,26.3473
16,16,8,4096,36.395
16,16,8,8192,56.801
16,16,8,16384,90.582
16,16,16,16,15.5417
16,16,16,32,15.4343
16,16,16,64,15.691
16,16,16,128,17.536
16,16,16,256,18.7413
16,16,16,512,21.365
16,16,16,1024,27.019
16,16,16,2048,38.1337
16,16,16,4096,57.953
16,16,16,8192,110.839
16,16,16,16384,195.117
16,16,32,16,15.7333
16,16,32,32,15.6377
16,16,32,64,15.9157
16,16,32,128,17.3017
16,16,32,256,20.074
16,16,32,512,33.344
16,16,32,1024,48.3313
16,16,32,2048,73.1317
16,16,32,4096,115.606
16,16,32,8192,198.243
16,16,32,16384,366.607
16,16,64,16,21.1203
16,16,64,32,21.7277
16,16,64,64,22.4753
16,16,64,128,27.0393
16,16,64,256,34.454
16,16,64,512,51.371
16,16,64,1024,78.0173
16,16,64,2048,119.852
16,16,64,4096,204.365
16,16,64,8192,373.456
16,16,64,16384,708.553
16,16,128,16,26.539
16,16,128,32,27.136
16,16,128,64,27.9897
16,16,128,128,34.6883
16,16,128,256,45.0033
16,16,128,512,71.7553
16,16,128,1024,107.553
16,16,128,2048,177.549
16,16,128,4096,316.079
16,16,128,8192,605.405
16,16,128,16384,1185.64
16,32,0,0,15.5093
16,32,1,16,15.4243
16,32,1,32,15.4993
16,32,1,64,15.659
16,32,1,128,16.9603
16,32,1,256,18.5493
16,32,1,512,19.2853
16,32,1,1024,19.3703
16,32,1,2048,19.776
16,32,1,4096,21.3977
16,32,1,8192,23.0503
16,32,1,16384,28.5867
16,32,2,16,15.062
16,32,2,32,15.126
16,32,2,64,15.0403
16,32,2,128,16.3097
16,32,2,256,17.9097
16,32,2,512,19.1047
16,32,2,1024,19.136
16,32,2,2048,20.4693
16,32,2,4096,22.4637
16,32,2,8192,26.496
16,32,2,16384,38.091
16,32,4,16,15.574
16,32,4,32,15.573
16,32,4,64,15.4673
16,32,4,128,17.002
16,32,4,256,18.5287
16,32,4,512,19.371
16,32,4,1024,19.968
16,32,4,2048,21.2477
16,32,4,4096,26.059
16,32,4,8192,36.9927
16,32,4,16384,55.819
16,32,8,16,15.1477
16,32,8,32,15.1897
16,32,8,64,15.2857
16,32,8,128,17.1843
16,32,8,256,18.4533
16,32,8,512,20.128
16,32,8,1024,21.1633
16,32,8,2048,26.24
16,32,8,4096,36.5873
16,32,8,8192,55.4457
16,32,8,16384,90.401
16,32,16,16,15.7013
16,32,16,32,15.552
16,32,16,64,15.744
16,32,16,128,17.4617
16,32,16,256,18.8053
16,32,16,512,21.8563
16,32,16,1024,27.2633
16,32,16,2048,38.1247
16,32,16,4096,57.7283
16,32,16,8192,111.148
16,32,16,16384,192.589
16,32,32,16,15.67
16,32,32,32,15.605
16,32,32,64,16.021
16,32,32,128,17.206
16,32,32,256,19.841
16,32,32,512,33.6643
16,32,32,1024,47.723
16,32,32,2048,73.2383
16,32,32,4096,116.236
16,32,32,8192,199.704
16,32,32,16384,366.949
16,32,64,16,21.2273
16,32,64,32,21.6317
16,32,64,64,22.079
16,32,64,128,26.987
16,32,64,256,33.867
16,32,64,512,52.2033
16,32,64,1024,78.241
16,32,64,2048,122.071
16,32,64,4096,206.083
16,32,64,8192,373.636
16,32,64,16384,710.559
16,32,128,16,26.4433
16,32,128,32,27.2537
16,32,128,64,27.8727
16,32,128,128,34.7733
16,32,128,256,44.6297
16,32,128,512,72.3107
16,32,128,1024,107.414
16,32,128,2048,176.845
16,32,128,4096,316.985
16,32,128,8192,604.028
16,32,128,16384,1185.73
16,64,0,0,15.6483
16,64,1,16,15.456
16,64,1,32,15.5943
16,64,1,64,15.5627
16,64,1,128,16.7793
16,64,1,256,18.592
16,64,1,512,18.8693
16,64,1,1024,19.5633
16,64,1,2048,19.776
16,64,1,4096,21.3763
16,64,1,8192,23.168
16,64,1,16384,28.5123
16,64,2,16,14.848
16,64,2,32,14.9123
16,64,2,64,15.0083
16,64,2,128,16.3953
16,64,2,256,18.1013
16,64,2,512,19.2963
16,64,2,1024,19.7227
16,64,2,2048,20.2663
16,64,2,4096,22.3363
16,64,2,8192,26.784
16,64,2,16384,37.0667
16,64,4,16,15.403
16,64,4,32,15.5733
16,64,4,64,15.552
16,64,4,128,17.078
16,64,4,256,18.6027
16,64,4,512,19.2863
16,64,4,1024,19.84
16,64,4,2048,21.206
16,64,4,4096,25.8243
16,64,4,8192,36.9177
16,64,4,16384,55.766
16,64,8,16,15.392
16,64,8,32,15.2
16,64,8,64,15.1467
16,64,8,128,17.216
16,64,8,256,18.5283
16,64,8,512,20.5443
16,64,8,1024,21.3653
16,64,8,2048,26.2613
16,64,8,4096,36.427
16,64,8,8192,55.8617
16,64,8,16384,90.2627
16,64,16,16,15.3813
16,64,16,32,15.5633
16,64,16,64,15.7547
16,64,16,128,17.547
16,64,16,256,18.6667
16,64,16,512,21.27
16,64,16,1024,27.2853
16,64,16,2048,38.049
16,64,16,4096,56.8437
16,64,16,8192,111.436
16,64,16,16384,195.917
16,64,32,16,15.52
16,64,32,32,15.7653
16,64,32,64,15.7443
16,64,32,128,17.163
16,64,32,256,20.1177
16,64,32,512,33.611
16,64,32,1024,47.958
16,64,32,2048,73.8997
16,64,32,4096,115.052
16,64,32,8192,199.309
16,64,32,16384,367.183
16,64,64,16,21.4297
16,64,64,32,21.5893
16,64,64,64,21.9523
16,64,64,128,26.869
16,64,64,256,34.6457
16,64,64,512,52.1497
16,64,64,1024,78.3477
16,64,64,2048,120.556
16,64,64,4096,203.725
16,64,64,8192,373.754
16,64,64,16384,706.41
16,64,128,16,26.4213
16,64,128,32,27.4353
16,64,128,64,27.9357
16,64,128,128,34.3257
16,64,128,256,44.8967
16,64,128,512,72.043
16,64,128,1024,106.839
16,64,128,2048,176.706
16,64,128,4096,318.767
16,64,128,8192,603.954
16,64,128,16384,1189.02
16,128,0,0,17.323
16,128,1,16,17.227
16,128,1,32,17.259
16,128,1,64,17.3123
16,128,1,128,17.3333
16,128,1,256,18.4217
16,128,1,512,20.9387
16,128,1,1024,20.1177
16,128,1,2048,19.936
16,128,1,4096,21.4197
16,128,1,8192,23.4673
16,128,1,16384,28.5663
16,128,2,16,16.704
16,128,2,32,16.833
16,128,2,64,16.5973
16,128,2,128,16.7253
16,128,2,256,17.9843
16,128,2,512,20.7683
16,128,2,1024,19.8187
16,128,2,2048,20.4163
16,128,2,4096,22.2083
16,128,2,8192,27.36
16,128,2,16384,37.6967
16,128,4,16,17.1317
16,128,4,32,17.1737
16,128,4,64,17.3333
16,128,4,128,17.2693
16,128,4,256,18.6353
16,128,4,512,21.6643
16,128,4,1024,20.6617
16,128,4,2048,21.3973
16,128,4,4096,26.4323
16,128,4,8192,37.1207
16,128,4,16384,55.7873
16,128,8,16,16.843
16,128,8,32,16.8533
16,128,8,64,16.8747
16,128,8,128,16.9707
16,128,8,256,18.5923
16,128,8,512,21.1523
16,128,8,1024,21.6433
16,128,8,2048,27.0827
16,128,8,4096,36.8757
16,128,8,8192,56.5017
16,128,8,16384,91.5853
16,128,16,16,16.8857
16,128,16,32,17.0027
16,128,16,64,16.9383
16,128,16,128,17.3973
16,128,16,256,18.7527
16,128,16,512,21.44
16,128,16,1024,27.1577
16,128,16,2048,38.6453
16,128,16,4096,57.0357
16,128,16,8192,111.244
16,128,16,16384,194.637
16,128,32,16,17.0347
16,128,32,32,16.907
16,128,32,64,17.3337
16,128,32,128,17.0663
16,128,32,256,20.16
16,128,32,512,35.094
16,128,32,1024,48.6397
16,128,32,2048,71.841
16,128,32,4096,115.02
16,128,32,8192,200.536
16,128,32,16384,366.522
16,128,64,16,21.3653
16,128,64,32,21.3127
16,128,64,64,22.39
16,128,64,128,27.424
16,128,64,256,34.6037
16,128,64,512,51.361
16,128,64,1024,77.1953
16,128,64,2048,120.556
16,128,64,4096,204.036
16,128,64,8192,372.399
16,128,64,16384,705.46
16,128,128,16,26.325
16,128,128,32,26.9437
16,128,128,64,27.8613
16,128,128,128,35.222
16,128,128,256,45.4083
16,128,128,512,70.6667
16,128,128,1024,106.593
16,128,128,2048,177.357
16,128,128,4096,318.788
16,128,128,8192,605.053
16,128,128,16384,1181.09
16,256,0,0,18.88
16,256,1,16,18.9023
16,256,1,32,18.8907
16,256,1,64,18.838
16,256,1,128,18.9867
16,256,1,256,18.8797
16,256,1,512,19.5313
16,256,1,1024,19.7653
16,256,1,2048,19.776
16,256,1,4096,21.291
16,256,1,8192,23.616
16,256,1,16384,28.5973
16,256,2,16,18.2613
16,256,2,32,18.3787
16,256,2,64,18.2613
16,256,2,128,18.3147
16,256,2,256,18.3787
16,256,2,512,21.9303
16,256,2,1024,19.9473
16,256,2,2048,20.6613
16,256,2,4096,22.9653
16,256,2,8192,27.403
16,256,2,16384,36.8853
16,256,4,16,18.8803
16,256,4,32,18.869
16,256,4,64,18.8907
16,256,4,128,18.9447
16,256,4,256,18.9013
16,256,4,512,21.259
16,256,4,1024,20.8747
16,256,4,2048,22.4747
16,256,4,4096,26.4007
16,256,4,8192,37.5687
16,256,4,16384,55.7127
16,256,8,16,18.464
16,256,8,32,18.3683
16,256,8,64,18.464
16,256,8,128,18.5387
16,256,8,256,18.474
16,256,8,512,21.537
16,256,8,1024,21.9313
16,256,8,2048,26.7203
16,256,8,4096,37.2483
16,256,8,8192,55.7867
16,256,8,16384,91.4037
16,256,16,16,18.752
16,256,16,32,18.4647
16,256,16,64,18.6773
16,256,16,128,18.7097
16,256,16,256,18.6347
16,256,16,512,22.1333
16,256,16,1024,27.0943
16,256,16,2048,38.507
16,256,16,4096,57.4297
16,256,16,8192,111.969
16,256,16,16384,194.882
16,256,32,16,18.699
16,256,32,32,18.6773
16,256,32,64,18.7523
16,256,32,128,18.5287
16,256,32,256,20.2343
16,256,32,512,35.1687
16,256,32,1024,47.6163
16,256,32,2048,72.6727
16,256,32,4096,115.724
16,256,32,8192,199.864
16,256,32,16384,367.045
16,256,64,16,21.1527
16,256,64,32,21.5687
16,256,64,64,22.3997
16,256,64,128,27.6057
16,256,64,256,34.88
16,256,64,512,52.5447
16,256,64,1024,76.673
16,256,64,2048,121.388
16,256,64,4096,203.714
16,256,64,8192,372.784
16,256,64,16384,707.507
16,256,128,16,26.3467
16,256,128,32,27.1367
16,256,128,64,27.8507
16,256,128,128,35.5093
16,256,128,256,46.3047
16,256,128,512,70.272
16,256,128,1024,106.497
16,256,128,2048,176.268
16,256,128,4096,318.244
16,256,128,8192,604.306
16,256,128,16384,1187.61
16,512,0,0,21.269
16,512,1,16,19.9893
16,512,1,32,21.6007
16,512,1,64,20.949
16,512,1,128,21.1203
16,512,1,256,20.6933
16,512,1,512,21.6323
16,512,1,1024,20.032
16,512,1,2048,20.161
16,512,1,4096,21.334
16,512,1,8192,24.6187
16,512,1,16384,29.0883
16,512,2,16,21.8347
16,512,2,32,21.9947
16,512,2,64,21.0023
16,512,2,128,21.8983
16,512,2,256,21.1647
16,512,2,512,22.1333
16,512,2,1024,20.257
16,512,2,2048,20.448
16,512,2,4096,23.6057
16,512,2,8192,28.3843
16,512,2,16384,38.603
16,512,4,16,23.3067
16,512,4,32,22.784
16,512,4,64,23.0083
16,512,4,128,22.378
16,512,4,256,22.571
16,512,4,512,22.1977
16,512,4,1024,21.238
16,512,4,2048,23.6267
16,512,4,4096,26.5817
16,512,4,8192,38.4437
16,512,4,16384,55.083
16,512,8,16,22.4213
16,512,8,32,22.465
16,512,8,64,22.2403
16,512,8,128,22.176
16,512,8,256,22.5173
16,512,8,512,22.4753
16,512,8,1024,22.9227
16,512,8,2048,27.8193
16,512,8,4096,37.174
16,512,8,8192,56.033
16,512,8,16384,90.988
16,512,16,16,21.1733
16,512,16,32,20.9493
16,512,16,64,21.5147
16,512,16,128,20.9927
16,512,16,256,22.2187
16,512,16,512,22.3893
16,512,16,1024,27.648
16,512,16,2048,38.7843
16,512,16,4096,57.5153
16,512,16,8192,111.426
16,512,16,16384,194.776
16,512,32,16,22.6893
16,512,32,32,22.7633
16,512,32,64,22.6983
16,512,32,128,22.421
16,512,32,256,29.569
16,512,32,512,36.4053
16,512,32,1024,50.0057
16,512,32,2048,71.6167
16,512,32,4096,115.574
16,512,32,8192,197.794
16,512,32,16384,367.663
16,512,64,16,26.464
16,512,64,32,26.9013
16,512,64,64,29.099
16,512,64,128,32.7793
16,512,64,256,39.6277
16,512,64,512,52.5127
16,512,64,1024,76.897
16,512,64,2048,120.588
16,512,64,4096,204.898
16,512,64,8192,372.185
16,512,64,16384,704.733
16,512,128,16,31.2853
16,512,128,32,31.7023
16,512,128,64,33.3233
16,512,128,128,40.513
16,512,128,256,51.7657
16,512,128,512,72.0973
16,512,128,1024,106.359
16,512,128,2048,177.272
16,512,128,4096,318.585
16,512,128,8192,605.33
16,512,128,16384,1180.84
16,1024,0,0,23.0613
16,1024,1,16,22.966
16,1024,1,32,23.1897
16,1024,1,64,23.0187
16,1024,1,128,21.76
16,1024,1,256,22.6987
16,1024,1,512,22.4643
16,1024,1,1024,22.464
16,1024,1,2048,20.7677
16,1024,1,4096,21.5573
16,1024,1,8192,25.1527
16,1024,1,16384,30.5607
16,1024,2,16,23.4993
16,1024,2,32,23.6903
16,1024,2,64,23.403
16,1024,2,128,22.8383
16,1024,2,256,22.8907
16,1024,2,512,21.5583
16,1024,2,1024,22.635
16,1024,2,2048,21.2697
16,1024,2,4096,24.7257
16,1024,2,8192,29.7717
16,1024,2,16384,37.408
16,1024,4,16,23.1263
16,1024,4,32,23.1367
16,1024,4,64,22.987
16,1024,4,128,22.9867
16,1024,4,256,23.6487
16,1024,4,512,23.3287
16,1024,4,1024,22.6347
16,1024,4,2048,24.1073
16,1024,4,4096,28.715
16,1024,4,8192,37.4947
16,1024,4,16384,55.0507
16,1024,8,16,23.1687
16,1024,8,32,22.9973
16,1024,8,64,23.1153
16,1024,8,128,23.306
16,1024,8,256,23.4883
16,1024,8,512,23.6273
16,1024,8,1024,23.7973
16,1024,8,2048,27.8833
16,1024,8,4096,38.058
16,1024,8,8192,57.6017
16,1024,8,16384,90.582
16,1024,16,16,22.5067
16,1024,16,32,22.3367
16,1024,16,64,22.1443
16,1024,16,128,22.4857
16,1024,16,256,22.912
16,1024,16,512,22.945
16,1024,16,1024,29.1847
16,1024,16,2048,39.627
16,1024,16,4096,58.3373
16,1024,16,8192,113.313
16,1024,16,16384,194.328
16,1024,32,16,23.0507
16,1024,32,32,23.6273
16,1024,32,64,23.7453
16,1024,32,128,23.541
16,1024,32,256,25.942
16,1024,32,512,36.2243
16,1024,32,1024,48.6733
16,1024,32,2048,74.4007
16,1024,32,4096,116.076
16,1024,32,8192,200.11
16,1024,32,16384,367.844
16,1024,64,16,28.3093
16,1024,64,32,27.797
16,1024,64,64,28.9603
16,1024,64,128,32.5977
16,1024,64,256,40.6293
16,1024,64,512,53.9523
16,1024,64,1024,79.308
16,1024,64,2048,120.705
16,1024,64,4096,205.176
16,1024,64,8192,372.986
16,1024,64,16384,708.318
16,1024,128,16,31.6267
16,1024,128,32,32.054
16,1024,128,64,33.3227
16,1024,128,128,41.2167
16,1024,128,256,52.097
16,1024,128,512,72.929
16,1024,128,1024,108.62
16,1024,128,2048,176.972
16,1024,128,4096,318.841
16,1024,128,8192,601.607
16,1024,128,16384,1180.88
16,2048,0,0,23.3173
16,2048,1,16,22.6993
16,2048,1,32,22.2937
16,2048,1,64,22.432
16,2048,1,128,22.389
16,2048,1,256,22.9653
16,2048,1,512,22.827
16,2048,1,1024,22.8487
16,2048,1,2048,22.614
16,2048,1,4096,21.7817
16,2048,1,8192,26.5717
16,2048,1,16384,30.795
16,2048,2,16,23.4987
16,2048,2,32,23.7123
16,2048,2,64,23.446
16,2048,2,128,23.4883
16,2048,2,256,24.128
16,2048,2,512,23.8833
16,2048,2,1024,24.235
16,2048,2,2048,23.8937
16,2048,2,4096,25.5253
16,2048,2,8192,29.3227
16,2048,2,16384,38.0803
16,2048,4,16,23.6273
16,2048,4,32,22.6027
16,2048,4,64,23.2213
16,2048,4,128,23.947
16,2048,4,256,23.606
16,2048,4,512,23.2963
16,2048,4,1024,24.3527
16,2048,4,2048,24.2777
16,2048,4,4096,29.5363
16,2048,4,8192,38.3477
16,2048,4,16384,56.3527
16,2048,8,16,23.2747
16,2048,8,32,23.4563
16,2048,8,64,23.136
16,2048,8,128,23.041
16,2048,8,256,23.5733
16,2048,8,512,24.1497
16,2048,8,1024,24.4373
16,2048,8,2048,28.6833
16,2048,8,4096,38.987
16,2048,8,8192,56.8757
16,2048,8,16384,91.468
16,2048,16,16,22.5173
16,2048,16,32,22.8483
16,2048,16,64,23.008
16,2048,16,128,22.9013
16,2048,16,256,23.3813
16,2048,16,512,24.5337
16,2048,16,1024,31.3707
16,2048,16,2048,40.2563
16,2048,16,4096,58.9233
16,2048,16,8192,111.01
16,2048,16,16384,195.618
16,2048,32,16,24.16
16,2048,32,32,24.2987
16,2048,32,64,24.672
16,2048,32,128,24.3953
16,2048,32,256,27.1253
16,2048,32,512,36.9177
16,2048,32,1024,49.6963
16,2048,32,2048,74.764
16,2048,32,4096,116.023
16,2048,32,8192,201.112
16,2048,32,16384,367.62
16,2048,64,16,27.628
16,2048,64,32,27.4567
16,2048,64,64,29.0033
16,2048,64,128,34.966
16,2048,64,256,40.3203
16,2048,64,512,53.5153
16,2048,64,1024,79.9373
16,2048,64,2048,120.279
16,2048,64,4096,205.368
16,2048,64,8192,373.754
16,2048,64,16384,704.798
16,2048,128,16,32.0427
16,2048,128,32,32.267
16,2048,128,64,34.3257
16,2048,128,128,43.0407
16,2048,128,256,52.907
16,2048,128,512,73.1103
16,2048,128,1024,108.46
16,2048,128,2048,177.923
16,2048,128,4096,318.479
16,2048,128,8192,605.308
16,2048,128,16384,1186.79
16,4096,0,0,23.1997
16,4096,1,16,23.3283
16,4096,1,32,23.6913
16,4096,1,64,22.592
16,4096,1,128,22.198
16,4096,1,256,23.158
16,4096,1,512,23.477
16,4096,1,1024,23.606
16,4096,1,2048,23.9367
16,4096,1,4096,24.3413
16,4096,1,8192,26.7847
16,4096,1,16384,32.555
16,4096,2,16,24.3523
16,4096,2,32,24.5977
16,4096,2,64,24.2783
16,4096,2,128,24.608
16,4096,2,256,23.8297
16,4096,2,512,24.3417
16,4096,2,1024,24.7903
16,4096,2,2048,25.2693
16,4096,2,4096,28.235
16,4096,2,8192,31.0197
16,4096,2,16384,40.7257
16,4096,4,16,24.704
16,4096,4,32,24.7793
16,4096,4,64,24.9283
16,4096,4,128,24.8543
16,4096,4,256,24.971
16,4096,4,512,25.0033
16,4096,4,1024,24.918
16,4096,4,2048,26.3467
16,4096,4,4096,30.9767
16,4096,4,8192,41.1953
16,4096,4,16384,57.2163
16,4096,8,16,24.3097
16,4096,8,32,24.1493
16,4096,8,64,24.4803
16,4096,8,128,24.651
16,4096,8,256,24.7473
16,4096,8,512,24.609
16,4096,8,1024,27.008
16,4096,8,2048,32.2563
16,4096,8,4096,41.6857
16,4096,8,8192,58.6783
16,4096,8,16384,116.993
16,4096,16,16,24.289
16,4096,16,32,23.8627
16,4096,16,64,24.1707
16,4096,16,128,24.4703
16,4096,16,256,24.96
16,4096,16,512,27.467
16,4096,16,1024,33.312
16,4096,16,2048,42.0807
16,4096,16,4096,60.4277
16,4096,16,8192,112.204
16,4096,16,16384,194.808
16,4096,32,16,25.5357
16,4096,32,32,25.6963
16,4096,32,64,25.8667
16,4096,32,128,26.923
16,4096,32,256,28.3523
16,4096,32,512,37.7073
16,4096,32,1024,50.2623
16,4096,32,2048,75.2753
16,4096,32,4096,116.588
16,4096,32,8192,199.214
16,4096,32,16384,366.32
16,4096,64,16,29.238
16,4096,64,32,29.718
16,4096,64,64,30.9017
16,4096,64,128,33.7073
16,4096,64,256,40.5977
16,4096,64,512,53.824
16,4096,64,1024,80.0437
16,4096,64,2048,120.919
16,4096,64,4096,205.23
16,4096,64,8192,372.793
16,4096,64,16384,712.852
16,4096,128,16,34.2943
16,4096,128,32,34.625
16,4096,128,64,35.755
16,4096,128,128,44.0433
16,4096,128,256,53.121
16,4096,128,512,73.1633
16,4096,128,1024,108.342
16,4096,128,2048,176.386
16,4096,128,4096,317.465
16,4096,128,8192,603.313
16,4096,128,16384,1184.76
16,8192,0,0,26.9863
16,8192,1,16,26.6567
16,8192,1,32,26.4323
16,8192,1,64,26.528
16,8192,1,128,26.571
16,8192,1,256,26.2833
16,8192,1,512,26.5177
16,8192,1,1024,26.5287
16,8192,1,2048,26.5283
16,8192,1,4096,28.8757
16,8192,1,8192,29.0567
16,8192,1,16384,35.5203
16,8192,2,16,26.9227
16,8192,2,32,26.828
16,8192,2,64,26.7207
16,8192,2,128,27.2213
16,8192,2,256,26.9337
16,8192,2,512,27.4773
16,8192,2,1024,27.2747
16,8192,2,2048,28.0537
16,8192,2,4096,30.1547
16,8192,2,8192,34.0487
16,8192,2,16384,43.35
16,8192,4,16,26.6567
16,8192,4,32,26.7733
16,8192,4,64,26.7633
16,8192,4,128,26.8587
16,8192,4,256,26.7843
16,8192,4,512,27.051
16,8192,4,1024,29.088
16,8192,4,2048,29.888
16,8192,4,4096,35.1363
16,8192,4,8192,42.8057
16,8192,4,16384,59.4667
16,8192,8,16,27.1153
16,8192,8,32,27.051
16,8192,8,64,26.9653
16,8192,8,128,27.2863
16,8192,8,256,27.627
16,8192,8,512,27.4557
16,8192,8,1024,30.251
16,8192,8,2048,35.659
16,8192,8,4096,43.0943
16,8192,8,8192,62.358
16,8192,8,16384,94.1027
16,8192,16,16,26.4853
16,8192,16,32,26.699
16,8192,16,64,26.5707
16,8192,16,128,28.5663
16,8192,16,256,28.6937
16,8192,16,512,30.4213
16,8192,16,1024,35.563
16,8192,16,2048,55.787
16,8192,16,4096,63.073
16,8192,16,8192,95.9473
16,8192,16,16384,196.471
16,8192,32,16,31.2647
16,8192,32,32,30.6667
16,8192,32,64,31.659
16,8192,32,128,29.5367
16,8192,32,256,33.632
16,8192,32,512,37.2163
16,8192,32,1024,51.596
16,8192,32,2048,75.4143
16,8192,32,4096,117.826
16,8192,32,8192,198.765
16,8192,32,16384,367.311
16,8192,64,16,30.4003
16,8192,64,32,30.8903
16,8192,64,64,31.9687
16,8192,64,128,36.1393
16,8192,64,256,42.7847
16,8192,64,512,55.4037
16,8192,64,1024,79.4783
16,8192,64,2048,122.114
16,8192,64,4096,206.062
16,8192,64,8192,373.605
16,8192,64,16384,707.667
16,8192,128,16,35.6063
16,8192,128,32,36.3413
16,8192,128,64,38.1977
16,8192,128,128,43.339
16,8192,128,256,54.668
16,8192,128,512,74.3153
16,8192,128,1024,108.972
16,8192,128,2048,177.09
16,8192,128,4096,318.479
16,8192,128,8192,603.869
16,8192,128,16384,1191
16,16384,0,0,33.473
16,16384,1,16,33.1737
16,16384,1,32,33.5257
16,16384,1,64,33.248
16,16384,1,128,33.5363
16,16384,1,256,33.291
16,16384,1,512,33.59
16,16384,1,1024,34.0593
16,16384,1,2048,34.3573
16,16384,1,4096,32.683
16,16384,1,8192,35.0937
16,16384,1,16384,39.1257
16,16384,2,16,33.643
16,16384,2,32,34.2297
16,16384,2,64,33.5787
16,16384,2,128,33.974
16,16384,2,256,33.579
16,16384,2,512,33.952
16,16384,2,1024,35.6693
16,16384,2,2048,33.761
16,16384,2,4096,35.755
16,16384,2,8192,39.649
16,16384,2,16384,47.67
16,16384,4,16,33.5047
16,16384,4,32,34.0597
16,16384,4,64,33.5683
16,16384,4,128,34.1123
16,16384,4,256,34.3147
16,16384,4,512,34.486
16,16384,4,1024,33.739
16,16384,4,2048,36.1713
16,16384,4,4096,40.481
16,16384,4,8192,49.153
16,16384,4,16384,64.6197
16,16384,8,16,33.5573
16,16384,8,32,33.931
16,16384,8,64,34.6037
16,16384,8,128,34.24
16,16384,8,256,35.4033
16,16384,8,512,34.0593
16,16384,8,1024,36.801
16,16384,8,2048,40.9177
16,16384,8,4096,52.375
16,16384,8,8192,65.4193
16,16384,8,16384,101.121
16,16384,16,16,33.6533
16,16384,16,32,33.728
16,16384,16,64,33.867
16,16384,16,128,32.961
16,16384,16,256,34.5393
16,16384,16,512,37.7073
16,16384,16,1024,43.232
16,16384,16,2048,57.9203
16,16384,16,4096,85.8353
16,16384,16,8192,100.844
16,16384,16,16384,168.013
16,16384,32,16,34.4427
16,16384,32,32,35.403
16,16384,32,64,36.0863
16,16384,32,128,39.0827
16,16384,32,256,43.0517
16,16384,32,512,46.4533
16,16384,32,1024,54.8693
16,16384,32,2048,76.332
16,16384,32,4096,118.508
16,16384,32,8192,200.28
16,16384,32,16384,367.354
16,16384,64,16,40.5443
16,16384,64,32,42.187
16,16384,64,64,42.4853
16,16384,64,128,46.1123
16,16384,64,256,46.4327
16,16384,64,512,58.8273
16,16384,64,1024,81.1427
16,16384,64,2048,122.849
16,16384,64,4096,207.405
16,16384,64,8192,375.013
16,16384,64,16384,708.351
16,16384,128,16,42.8917
16,16384,128,32,45.5367
16,16384,128,64,45.909
16,16384,128,128,51.734
16,16384,128,256,57.5683
16,16384,128,512,74.9663
16,16384,128,1024,111.18
16,16384,128,2048,179.565
16,16384,128,4096,322.596
16,16384,128,8192,604.327
16,16384,128,16384,1192.19
32,0,0,0,15.6053
32,0,1,16,14.955
32,0,1,32,15.072
32,0,1,64,15.072
32,0,1,128,16.5337
32,0,1,256,18.123
32,0,1,512,19.648
32,0,1,1024,20.1713
32,0,1,2048,20.7577
32,0,1,4096,22.379
32,0,1,8192,24.1497
32,0,1,16384,29.5587
32,0,2,16,15.019
32,0,2,32,14.944
32,0,2,64,14.9653
32,0,2,128,16.4803
32,0,2,256,18.069
32,0,2,512,19.3067
32,0,2,1024,20.4483
32,0,2,2048,21.0027
32,0,2,4096,22.1437
32,0,2,8192,27.3067
32,0,2,16384,37.27
32,0,4,16,14.9227
32,0,4,32,15.019
32,0,4,64,15.1257
32,0,4,128,16.6297
32,0,4,256,18.1447
32,0,4,512,19.702
32,0,4,1024,20.651
32,0,4,2048,21.6527
32,0,4,4096,26.7747
32,0,4,8192,37.483
32,0,4,16384,57.3227
32,0,8,16,15.446
32,0,8,32,15.446
32,0,8,64,15.4353
32,0,8,128,17.397
32,0,8,256,18.8053
32,0,8,512,20.4487
32,0,8,1024,21.8667
32,0,8,2048,26.7737
32,0,8,4096,36.6407
32,0,8,8192,56.6833
32,0,8,16384,91.4137
32,0,16,16,15.5953
32,0,16,32,15.6803
32,0,16,64,15.648
32,0,16,128,17.4297
32,0,16,256,18.7947
32,0,16,512,21.9307
32,0,16,1024,27.467
32,0,16,2048,38.603
32,0,16,4096,57.782
32,0,16,8192,111.116
32,0,16,16384,195.032
32,0,32,16,15.84
32,0,32,32,15.9043
32,0,32,64,15.9577
32,0,32,128,17.291
32,0,32,256,20.5337
32,0,32,512,33.9407
32,0,32,1024,48.0113
32,0,32,2048,72.7793
32,0,32,4096,115.169
32,0,32,8192,198.68
32,0,32,16384,366.575
32,0,64,16,21.1527
32,0,64,32,21.632
32,0,64,64,22.2407
32,0,64,128,27.4347
32,0,64,256,33.7387
32,0,64,512,51.6387
32,0,64,1024,77.6547
32,0,64,2048,120.097
32,0,64,4096,204.92
32,0,64,8192,373.209
32,0,64,16384,702.185
32,0,128,16,26.5283
32,0,128,32,27.648
32,0,128,64,27.8293
32,0,128,128,34.795
32,0,128,256,44.3417
32,0,128,512,71.2757
32,0,128,1024,106.817
32,0,128,2048,176.172
32,0,128,4096,316.196
32,0,128,8192,605.82
32,0,128,16384,1180.95
32,16,0,0,15.638
32,16,1,16,15.0827
32,16,1,32,14.9547
32,16,1,64,15.0297
32,16,1,128,16.4373
32,16,1,256,18.198
32,16,1,512,19.4993
32,16,1,1024,19.9683
32,16,1,2048,20.6297
32,16,1,4096,22.3893
32,16,1,8192,24.0647
32,16,1,16384,29.472
32,16,2,16,15.0297
32,16,2,32,15.0507
32,16,2,64,15.0937
32,16,2,128,16.598
32,16,2,256,18.0267
32,16,2,512,19.147
32,16,2,1024,20.405
32,16,2,2048,20.9603
32,16,2,4096,22.677
32,16,2,8192,27.19
32,16,2,16384,38.0587
32,16,4,16,15.008
32,16,4,32,14.9127
32,16,4,64,15.1253
32,16,4,128,16.6193
32,16,4,256,18.2513
32,16,4,512,19.2427
32,16,4,1024,20.7147
32,16,4,2048,21.643
32,16,4,4096,26.592
32,16,4,8192,37.152
32,16,4,16384,56.331
32,16,8,16,15.5843
32,16,8,32,15.435
32,16,8,64,15.2967
32,16,8,128,17.2583
32,16,8,256,18.7093
32,16,8,512,20.5977
32,16,8,1024,21.3977
32,16,8,2048,26.7733
32,16,8,4096,36.5657
32,16,8,8192,56.7467
32,16,8,16384,91.8623
32,16,16,16,15.4247
32,16,16,32,15.6803
32,16,16,64,15.6487
32,16,16,128,17.6217
32,16,16,256,18.891
32,16,16,512,21.675
32,16,16,1024,27.499
32,16,16,2048,38.4857
32,16,16,4096,57.387
32,16,16,8192,111.778
32,16,16,16384,193.378
32,16,32,16,15.616
32,16,32,32,15.7543
32,16,32,64,16.075
32,16,32,128,17.238
32,16,32,256,20.011
32,16,32,512,34.1337
32,16,32,1024,46.8483
32,16,32,2048,72.833
32,16,32,4096,115.618
32,16,32,8192,197.954
32,16,32,16384,366.757
32,16,64,16,21.3333
32,16,64,32,21.5687
32,16,64,64,22.358
32,16,64,128,27.5417
32,16,64,256,33.5047
32,16,64,512,51.649
32,16,64,1024,77.0033
32,16,64,2048,119.436
32,16,64,4096,205.069
32,16,64,8192,372.484
32,16,64,16384,708.553
32,16,128,16,26.4967
32,16,128,32,27.435
32,16,128,64,27.8937
32,16,128,128,34.8693
32,16,128,256,43.7543
32,16,128,512,70.9333
32,16,128,1024,106.625
32,16,128,2048,176.183
32,16,128,4096,318.617
32,16,128,8192,602.792
32,16,128,16384,1178.55
32,32,0,0,15.6907
32,32,1,16,15.104
32,32,1,32,15.0187
32,32,1,64,15.1363
32,32,1,128,16.384
32,32,1,256,18.2943
32,32,1,512,19.4997
32,32,1,1024,20.128
32,32,1,2048,20.6293
32,32,1,4096,21.92
32,32,1,8192,24.235
32,32,1,16384,29.867
32,32,2,16,15.126
32,32,2,32,14.987
32,32,2,64,15.072
32,32,2,128,16.5867
32,32,2,256,18.0587
32,32,2,512,19.4133
32,32,2,1024,20.1603
32,32,2,2048,21.185
32,32,2,4096,22.5927
32,32,2,8192,27.2963
32,32,2,16384,38.0693
32,32,4,16,14.966
32,32,4,32,14.9873
32,32,4,64,15.1573
32,32,4,128,16.6077
32,32,4,256,18.1653
32,32,4,512,19.861
32,32,4,1024,20.6083
32,32,4,2048,21.9627
32,32,4,4096,26.8907
32,32,4,8192,37.28
32,32,4,16384,56.491
32,32,8,16,15.3707
32,32,8,32,15.3813
32,32,8,64,15.584
32,32,8,128,17.3767
32,32,8,256,18.6243
32,32,8,512,20.704
32,32,8,1024,21.7287
32,32,8,2048,27.1257
32,32,8,4096,37.046
32,32,8,8192,56.513
32,32,8,16384,91.0947
32,32,16,16,15.6163
32,32,16,32,15.6907
32,32,16,64,15.669
32,32,16,128,17.5573
32,32,16,256,18.7947
32,32,16,512,21.91
32,32,16,1024,27.669
32,32,16,2048,39.009
32,32,16,4096,57.5363
32,32,16,8192,112.801
32,32,16,16384,195.682
32,32,32,16,15.7117
32,32,32,32,15.8187
32,32,32,64,15.8927
32,32,32,128,17.291
32,32,32,256,20.555
32,32,32,512,33.3543
32,32,32,1024,47.6593
32,32,32,2048,72.7583
32,32,32,4096,115.191
32,32,32,8192,199.224
32,32,32,16384,366.031
32,32,64,16,21.3227
32,32,64,32,21.632
32,32,64,64,22.144
32,32,64,128,27.36
32,32,64,256,34.219
32,32,64,512,50.5177
32,32,64,1024,77.3023
32,32,64,2048,120.46
32,32,64,4096,204.375
32,32,64,8192,372.676
32,32,64,16384,708.157
32,32,128,16,26.5177
32,32,128,32,26.9017
32,32,128,64,28.1597
32,32,128,128,34.07
32,32,128,256,44.3103
32,32,128,512,71.894
32,32,128,1024,106.668
32,32,128,2048,176.759
32,32,128,4096,318.062
32,32,128,8192,608.967
32,32,128,16384,1183.43
32,64,0,0,15.723
32,64,1,16,15.019
32,64,1,32,15.029
32,64,1,64,15.1467
32,64,1,128,16.5013
32,64,1,256,18.1017
32,64,1,512,19.478
32,64,1,1024,20.2883
32,64,1,2048,20.4907
32,64,1,4096,22.0167
32,64,1,8192,24.2773
32,64,1,16384,29.899
32,64,2,16,14.923
32,64,2,32,15.1353
32,64,2,64,15.0933
32,64,2,128,16.48
32,64,2,256,18.1337
32,64,2,512,19.4243
32,64,2,1024,20.4273
32,64,2,2048,21.0453
32,64,2,4096,22.5393
32,64,2,8192,26.9227
32,64,2,16384,37.451
32,64,4,16,15.0403
32,64,4,32,15.03
32,64,4,64,15.008
32,64,4,128,16.6087
32,64,4,256,18.1973
32,64,4,512,19.627
32,64,4,1024,20.833
32,64,4,2048,21.7493
32,64,4,4096,26.571
32,64,4,8192,37.2587
32,64,4,16384,56.203
32,64,8,16,15.4137
32,64,8,32,15.6373
32,64,8,64,15.477
32,64,8,128,17.344
32,64,8,256,18.7517
32,64,8,512,20.2243
32,64,8,1024,21.739
32,64,8,2048,26.7837
32,64,8,4096,37.248
32,64,8,8192,57.2483
32,64,8,16384,90.486
32,64,16,16,15.6593
32,64,16,32,15.6057
32,64,16,64,15.8087
32,64,16,128,17.6647
32,64,16,256,18.795
32,64,16,512,21.653
32,64,16,1024,27.2967
32,64,16,2048,38.4743
32,64,16,4096,57.4943
32,64,16,8192,111.926
32,64,16,16384,194.882
32,64,32,16,15.7333
32,64,32,32,15.712
32,64,32,64,16.1173
32,64,32,128,17.494
32,64,32,256,20.267
32,64,32,512,33.078
32,64,32,1024,48.3743
32,64,32,2048,73.6113
32,64,32,4096,116.332
32,64,32,8192,200.131
32,64,32,16384,366.832
32,64,64,16,21.3017
32,64,64,32,21.76
32,64,64,64,22.6877
32,64,64,128,26.7843
32,64,64,256,33.4293
32,64,64,512,52.0003
32,64,64,1024,77.3343
32,64,64,2048,119.927
32,64,64,4096,204.418
32,64,64,8192,373.509
32,64,64,16384,708.147
32,64,128,16,26.9017
32,64,128,32,27.4137
32,64,128,64,28.075
32,64,128,128,33.8777
32,64,128,256,44.534
32,64,128,512,71.66
32,64,128,1024,106.924
32,64,128,2048,175.416
32,64,128,4096,317.668
32,64,128,8192,606.653
32,64,128,16384,1179.75
32,128,0,0,17.4297
32,128,1,16,16.7677
32,128,1,32,16.7783
32,128,1,64,16.736
32,128,1,128,16.7367
32,128,1,256,18.0903
32,128,1,512,20.4693
32,128,1,1024,19.957
32,128,1,2048,20.6407
32,128,1,4096,21.6433
32,128,1,8192,24.2667
32,128,1,16384,29.547
32,128,2,16,16.629
32,128,2,32,16.8107
32,128,2,64,16.9077
32,128,2,128,16.864
32,128,2,256,18.0697
32,128,2,512,21.696
32,128,2,1024,20.448
32,128,2,2048,20.885
32,128,2,4096,22.72
32,128,2,8192,27.627
32,128,2,16384,38.3153
32,128,4,16,16.7253
32,128,4,32,16.8
32,128,4,64,16.7893
32,128,4,128,16.7357
32,128,4,256,18.23
32,128,4,512,21.1203
32,128,4,1024,20.875
32,128,4,2048,21.9623
32,128,4,4096,27.147
32,128,4,8192,38.208
32,128,4,16384,56.4273
32,128,8,16,17.0027
32,128,8,32,16.9387
32,128,8,64,16.8643
32,128,8,128,17.334
32,128,8,256,18.667
32,128,8,512,22.859
32,128,8,1024,21.9837
32,128,8,2048,27.3493
32,128,8,4096,37.696
32,128,8,8192,56.779
32,128,8,16384,92.609
32,128,16,16,17.045
32,128,16,32,16.9493
32,128,16,64,16.9177
32,128,16,128,17.344
32,128,16,256,18.656
32,128,16,512,21.9523
32,128,16,1024,28.0113
32,128,16,2048,38.4753
32,128,16,4096,57.7287
32,128,16,8192,111.49
32,128,16,16384,196.749
32,128,32,16,17.2483
32,128,32,32,17.3127
32,128,32,64,17.3653
32,128,32,128,17.0777
32,128,32,256,20.1497
32,128,32,512,35.6803
32,128,32,1024,48.982
32,128,32,2048,72.4387
32,128,32,4096,115.084
32,128,32,8192,198.05
32,128,32,16384,366.543
32,128,64,16,21.3017
32,128,64,32,21.5153
32,128,64,64,22.3793
32,128,64,128,27.8517
32,128,64,256,34.155
32,128,64,512,52.7577
32,128,64,1024,76.8223
32,128,64,2048,120.663
32,128,64,4096,204.845
32,128,64,8192,373.615
32,128,64,16384,703.656
32,128,128,16,26.411
32,128,128,32,27.2967
32,128,128,64,28.192
32,128,128,128,35.414
32,128,128,256,45.3877
32,128,128,512,71.073
32,128,128,1024,106.519
32,128,128,2048,176.845
32,128,128,4096,315.95
32,128,128,8192,606.45
32,128,128,16384,1188.84
32,256,0,0,19.0403
32,256,1,16,18.3683
32,256,1,32,18.4423
32,256,1,64,18.4217
32,256,1,128,18.315
32,256,1,256,18.4213
32,256,1,512,22.5493
32,256,1,1024,20.064
32,256,1,2048,20.5977
32,256,1,4096,22.059
32,256,1,8192,24.267
32,256,1,16384,29.1733
32,256,2,16,18.379
32,256,2,32,18.4097
32,256,2,64,18.4537
32,256,2,128,18.443
32,256,2,256,18.3897
32,256,2,512,22.0053
32,256,2,1024,20.5547
32,256,2,2048,21.3867
32,256,2,4096,24.3523
32,256,2,8192,27.8077
32,256,2,16384,37.749
32,256,4,16,18.368
32,256,4,32,18.3893
32,256,4,64,18.5177
32,256,4,128,18.3573
32,256,4,256,18.464
32,256,4,512,21.8457
32,256,4,1024,20.9287
32,256,4,2048,23.7333
32,256,4,4096,27.158
32,256,4,8192,37.1733
32,256,4,16384,56.9187
32,256,8,16,18.613
32,256,8,32,18.464
32,256,8,64,18.774
32,256,8,128,18.5067
32,256,8,256,18.7743
32,256,8,512,21.8777
32,256,8,1024,23.307
32,256,8,2048,27.179
32,256,8,4096,37.7713
32,256,8,8192,55.979
32,256,8,16384,94.817
32,256,16,16,18.5067
32,256,16,32,18.613
32,256,16,64,18.5603
32,256,16,128,18.678
32,256,16,256,18.997
32,256,16,512,23.8507
32,256,16,1024,28.3097
32,256,16,2048,38.3363
32,256,16,4096,57.2157
32,256,16,8192,111.34
32,256,16,16384,193.773
32,256,32,16,18.6453
32,256,32,32,18.827
32,256,32,64,19.254
32,256,32,128,18.742
32,256,32,256,20.2457
32,256,32,512,35.7337
32,256,32,1024,47.9147
32,256,32,2048,72.8113
32,256,32,4096,115.149
32,256,32,8192,198.765
32,256,32,16384,365.583
32,256,64,16,21.1203
32,256,64,32,21.5253
32,256,64,64,22.3577
32,256,64,128,27.627
32,256,64,256,34.6883
32,256,64,512,52.0213
32,256,64,1024,75.596
32,256,64,2048,120.001
32,256,64,4096,203.597
32,256,64,8192,371.78
32,256,64,16384,706.163
32,256,128,16,26.902
32,256,128,32,27.1363
32,256,128,64,28.1493
32,256,128,128,35.3923
32,256,128,256,46.1237
32,256,128,512,71.3183
32,256,128,1024,105.046
32,256,128,2048,175.917
32,256,128,4096,316.378
32,256,128,8192,606.834
32,256,128,16384,1180.59
32,512,0,0,20.1503
32,512,1,16,22.3263
32,512,1,32,20.769
32,512,1,64,22.4323
32,512,1,128,20.8213
32,512,1,256,22.2613
32,512,1,512,21.6213
32,512,1,1024,20.6827
32,512,1,2048,20.7043
32,512,1,4096,22.2833
32,512,1,8192,24.2567
32,512,1,16384,29.5147
32,512,2,16,21.7067
32,512,2,32,22.1977
32,512,2,64,22.241
32,512,2,128,22.293
32,512,2,256,22.1773
32,512,2,512,21.9633
32,512,2,1024,20.9817
32,512,2,2048,21.3333
32,512,2,4096,24.8217
32,512,2,8192,29.5787
32,512,2,16384,38.177
32,512,4,16,22.016
32,512,4,32,21.995
32,512,4,64,22.0373
32,512,4,128,21.6537
32,512,4,256,22.0697
32,512,4,512,21.6213
32,512,4,1024,21.2907
32,512,4,2048,24.0537
32,512,4,4096,27.2437
32,512,4,8192,37.76
32,512,4,16384,56.929
32,512,8,16,22.8053
32,512,8,32,21.3123
32,512,8,64,22.6673
32,512,8,128,22.9873
32,512,8,256,22.7423
32,512,8,512,24.8323
32,512,8,1024,24.2347
32,512,8,2048,27.894
32,512,8,4096,37.5587
32,512,8,8192,56.7473
32,512,8,16384,99.6387
32,512,16,16,22.902
32,512,16,32,23.0723
32,512,16,64,22.987
32,512,16,128,24.309
32,512,16,256,23.2653
32,512,16,512,24.875
32,512,16,1024,27.9897
32,512,16,2048,39.4567
32,512,16,4096,57.7287
32,512,16,8192,111.543
32,512,16,16384,194.05
32,512,32,16,22.7527
32,512,32,32,22.8163
32,512,32,64,22.432
32,512,32,128,22.4963
32,512,32,256,24.694
32,512,32,512,37.2157
32,512,32,1024,49.2383
32,512,32,2048,72.3733
32,512,32,4096,115.693
32,512,32,8192,198.466
32,512,32,16384,366.608
32,512,64,16,26.8053
32,512,64,32,27.616
32,512,64,64,28.9497
32,512,64,128,32.5543
32,512,64,256,38.8593
32,512,64,512,51.9363
32,512,64,1024,76.4057
32,512,64,2048,119.436
32,512,64,4096,203.725
32,512,64,8192,373.061
32,512,64,16384,705.172
32,512,128,16,31.2113
32,512,128,32,31.179
32,512,128,64,33.035
32,512,128,128,40.0643
32,512,128,256,50.902
32,512,128,512,73.1213
32,512,128,1024,106.38
32,512,128,2048,174.935
32,512,128,4096,318.116
32,512,128,8192,605.831
32,512,128,16384,1184.3
32,1024,0,0,23.051
32,1024,1,16,22.0803
32,1024,1,32,23.3933
32,1024,1,64,23.36
32,1024,1,128,23.125
32,1024,1,256,23.3923
32,1024,1,512,22.9653
32,1024,1,1024,23.1043
32,1024,1,2048,21.2693
32,1024,1,4096,22.795
32,1024,1,8192,24.6297
32,1024,1,16384,29.3337
32,1024,2,16,22.8587
32,1024,2,32,22.8373
32,1024,2,64,22.9873
32,1024,2,128,22.816
32,1024,2,256,22.252
32,1024,2,512,22.9237
32,1024,2,1024,22.4957
32,1024,2,2048,23.9897
32,1024,2,4096,24.6403
32,1024,2,8192,29.622
32,1024,2,16384,38.3257
32,1024,4,16,22.891
32,1024,4,32,22.7207
32,1024,4,64,22.901
32,1024,4,128,22.891
32,1024,4,256,22.3467
32,1024,4,512,22.4637
32,1024,4,1024,23.7867
32,1024,4,2048,24.117
32,1024,4,4096,30.7093
32,1024,4,8192,37.7923
32,1024,4,16384,56.449
32,1024,8,16,23.5417
32,1024,8,32,22.9973
32,1024,8,64,23.4023
32,1024,8,128,23.627
32,1024,8,256,23.68
32,1024,8,512,24.128
32,1024,8,1024,23.5307
32,1024,8,2048,28.864
32,1024,8,4096,38.2513
32,1024,8,8192,55.9467
32,1024,8,16384,104.812
32,1024,16,16,23.2213
32,1024,16,32,23.6053
32,1024,16,64,23.6057
32,1024,16,128,22.9767
32,1024,16,256,24.1173
32,1024,16,512,30.1117
32,1024,16,1024,30.262
32,1024,16,2048,39.8083
32,1024,16,4096,58.8273
32,1024,16,8192,113.687
32,1024,16,16384,195.064
32,1024,32,16,22.0273
32,1024,32,32,22.0167
32,1024,32,64,22.8057
32,1024,32,128,23.755
32,1024,32,256,24.9067
32,1024,32,512,36.4053
32,1024,32,1024,49.654
32,1024,32,2048,73.516
32,1024,32,4096,115.628
32,1024,32,8192,197.196
32,1024,32,16384,366.213
32,1024,64,16,26.9867
32,1024,64,32,27.9043
32,1024,64,64,27.894
32,1024,64,128,31.9583
32,1024,64,256,38.571
32,1024,64,512,53.4403
32,1024,64,1024,77.014
32,1024,64,2048,119.789
32,1024,64,4096,202.979
32,1024,64,8192,371.748
32,1024,64,16384,709.779
32,1024,128,16,31.712
32,1024,128,32,32.0533
32,1024,128,64,33.2807
32,1024,128,128,40.5767
32,1024,128,256,51.329
32,1024,128,512,71.5313
32,1024,128,1024,108.449
32,1024,128,2048,174.914
32,1024,128,4096,317.796
32,1024,128,8192,603.506
32,1024,128,16384,1188.49
32,2048,0,0,23.19
32,2048,1,16,23.8613
32,2048,1,32,24.107
32,2048,1,64,24.0853
32,2048,1,128,23.873
32,2048,1,256,24.0003
32,2048,1,512,23.904
32,2048,1,1024,24.053
32,2048,1,2048,24.3737
32,2048,1,4096,25.3123
32,2048,1,8192,24.886
32,2048,1,16384,30.176
32,2048,2,16,23.52
32,2048,2,32,23.4887
32,2048,2,64,23.627
32,2048,2,128,23.5307
32,2048,2,256,23.8193
32,2048,2,512,23.7973
32,2048,2,1024,24.352
32,2048,2,2048,24.544
32,2048,2,4096,27.1467
32,2048,2,8192,30.1343
32,2048,2,16384,38.7737
32,2048,4,16,23.4883
32,2048,4,32,23.52
32,2048,4,64,23.52
32,2048,4,128,23.6593
32,2048,4,256,23.7227
32,2048,4,512,23.744
32,2048,4,1024,24.352
32,2048,4,2048,26.6243
32,2048,4,4096,30.326
32,2048,4,8192,38.827
32,2048,4,16384,57.227
32,2048,8,16,24.1497
32,2048,8,32,24.1923
32,2048,8,64,24.2027
32,2048,8,128,24.2883
32,2048,8,256,24.661
32,2048,8,512,25.43
32,2048,8,1024,27.6487
32,2048,8,2048,30.838
32,2048,8,4096,41.3553
32,2048,8,8192,58.208
32,2048,8,16384,114.807
32,2048,16,16,24.1387
32,2048,16,32,24.331
32,2048,16,64,24.16
32,2048,16,128,24.939
32,2048,16,256,25.0673
32,2048,16,512,25.8777
32,2048,16,1024,35.3607
32,2048,16,2048,41.0257
32,2048,16,4096,59.8097
32,2048,16,8192,110.732
32,2048,16,16384,194.573
32,2048,32,16,23.5627
32,2048,32,32,23.83
32,2048,32,64,23.7223
32,2048,32,128,26.731
32,2048,32,256,26.7627
32,2048,32,512,35.5527
32,2048,32,1024,49.8247
32,2048,32,2048,74.2193
32,2048,32,4096,114.839
32,2048,32,8192,197.144
32,2048,32,16384,368.165
32,2048,64,16,28.139
32,2048,64,32,28
32,2048,64,64,28.79
32,2048,64,128,31.947
32,2048,64,256,38.891
32,2048,64,512,53.249
32,2048,64,1024,79.0837
32,2048,64,2048,118.561
32,2048,64,4096,202.818
32,2048,64,8192,371.983
32,2048,64,16384,709.076
32,2048,128,16,33.355
32,2048,128,32,33.8887
32,2048,128,64,34.1973
32,2048,128,128,43.0293
32,2048,128,256,52.0113
32,2048,128,512,71.3177
32,2048,128,1024,106.476
32,2048,128,2048,176.888
32,2048,128,4096,315.151
32,2048,128,8192,602.77
32,2048,128,16384,1186.78
32,4096,0,0,26.1767
32,4096,1,16,26.6667
32,4096,1,32,26.7837
32,4096,1,64,26.9233
32,4096,1,128,26.614
32,4096,1,256,26.5067
32,4096,1,512,26.838
32,4096,1,1024,26.7523
32,4096,1,2048,26.4427
32,4096,1,4096,27.9687
32,4096,1,8192,28.3413
32,4096,1,16384,30.6673
32,4096,2,16,25.8983
32,4096,2,32,25.8137
32,4096,2,64,26.1977
32,4096,2,128,26.0693
32,4096,2,256,25.9307
32,4096,2,512,26.1123
32,4096,2,1024,26.6027
32,4096,2,2048,28.672
32,4096,2,4096,28.5447
32,4096,2,8192,32.4277
32,4096,2,16384,40.7473
32,4096,4,16,26.091
32,4096,4,32,25.9857
32,4096,4,64,26.0267
32,4096,4,128,26.0483
32,4096,4,256,25.995
32,4096,4,512,26.2187
32,4096,4,1024,28.939
32,4096,4,2048,27.009
32,4096,4,4096,32.288
32,4096,4,8192,40.4593
32,4096,4,16384,58.4543
32,4096,8,16,26.6247
32,4096,8,32,26.9117
32,4096,8,64,26.891
32,4096,8,128,27.1043
32,4096,8,256,27.7973
32,4096,8,512,26.6777
32,4096,8,1024,29.376
32,4096,8,2048,37.2907
32,4096,8,4096,40.2663
32,4096,8,8192,61.5157
32,4096,8,16384,91.5853
32,4096,16,16,26.2293
32,4096,16,32,26.2183
32,4096,16,64,26.336
32,4096,16,128,29.5897
32,4096,16,256,26.8483
32,4096,16,512,29.27
32,4096,16,1024,34.1763
32,4096,16,2048,53.2493
32,4096,16,4096,61.655
32,4096,16,8192,94.7533
32,4096,16,16384,192.172
32,4096,32,16,28.032
32,4096,32,32,28.171
32,4096,32,64,28.5553
32,4096,32,128,26.6457
32,4096,32,256,28.928
32,4096,32,512,34.87
32,4096,32,1024,49.0567
32,4096,32,2048,74.1987
32,4096,32,4096,115.105
32,4096,32,8192,196.087
32,4096,32,16384,362.724
32,4096,64,16,27.8407
32,4096,64,32,27.872
32,4096,64,64,28.4277
32,4096,64,128,31.798
32,4096,64,256,39.862
32,4096,64,512,53.2383
32,4096,64,1024,78.945
32,4096,64,2048,120.716
32,4096,64,4096,202.36
32,4096,64,8192,370.042
32,4096,64,16384,706.377
32,4096,128,16,34.0273
32,4096,128,32,34.731
32,4096,128,64,35.5527
32,4096,128,128,40.7577
32,4096,128,256,52.5877
32,4096,128,512,73.398
32,4096,128,1024,106.892
32,4096,128,2048,174.946
32,4096,128,4096,315.343
32,4096,128,8192,607.005
32,4096,128,16384,1184.46
32,8192,0,0,30.08
32,8192,1,16,30.443
32,8192,1,32,30.465
32,8192,1,64,30.6883
32,8192,1,128,30.091
32,8192,1,256,30.5177
32,8192,1,512,30.3687
32,8192,1,1024,31.627
32,8192,1,2048,31.808
32,8192,1,4096,29.622
32,8192,1,8192,30.507
32,8192,1,16384,33.0673
32,8192,2,16,30.6457
32,8192,2,32,30.326
32,8192,2,64,30.3153
32,8192,2,128,30.134
32,8192,2,256,30.2507
32,8192,2,512,30.4963
32,8192,2,1024,33.227
32,8192,2,2048,29.2163
32,8192,2,4096,30.5183
32,8192,2,8192,34.4753
32,8192,2,16384,44.1177
32,8192,4,16,30.07
32,8192,4,32,30.0053
32,8192,4,64,30.1337
32,8192,4,128,29.8777
32,8192,4,256,31.168
32,8192,4,512,31.2747
32,8192,4,1024,29.1417
32,8192,4,2048,30.871
32,8192,4,4096,34.7633
32,8192,4,8192,44.704
32,8192,4,16384,62.1667
32,8192,8,16,30.1447
32,8192,8,32,30.2513
32,8192,8,64,30.2297
32,8192,8,128,30.0377
32,8192,8,256,33.1103
32,8192,8,512,30.1013
32,8192,8,1024,34.4863
32,8192,8,2048,35.542
32,8192,8,4096,48.8643
32,8192,8,8192,61.8237
32,8192,8,16384,95.2543
32,8192,16,16,27.5307
32,8192,16,32,27.435
32,8192,16,64,27.6273
32,8192,16,128,29.4937
32,8192,16,256,29.9633
32,8192,16,512,32.3097
32,8192,16,1024,38.411
32,8192,16,2048,53.323
32,8192,16,4096,82.838
32,8192,16,8192,98.4013
32,8192,16,16384,165.047
32,8192,32,16,29.2907
32,8192,32,32,29.0567
32,8192,32,64,29.7393
32,8192,32,128,32.6193
32,8192,32,256,37.0133
32,8192,32,512,38.6877
32,8192,32,1024,49.312
32,8192,32,2048,73.7187
32,8192,32,4096,115.062
32,8192,32,8192,196.386
32,8192,32,16384,361.252
32,8192,64,16,35.0197
32,8192,64,32,35.4987
32,8192,64,64,36.896
32,8192,64,128,40.556
32,8192,64,256,41.3657
32,8192,64,512,53.8567
32,8192,64,1024,77.9633
32,8192,64,2048,119.201
32,8192,64,4096,202.2
32,8192,64,8192,366.34
32,8192,64,16384,703.326
32,8192,128,16,38.7953
32,8192,128,32,38.7527
32,8192,128,64,40.32
32,8192,128,128,46.5603
32,8192,128,256,53.0143
32,8192,128,512,72.0973
32,8192,128,1024,106.775
32,8192,128,2048,174.541
32,8192,128,4096,313.827
32,8192,128,8192,600.871
32,8192,128,16384,1182.73
32,16384,0,0,34.8603
32,16384,1,16,35.0403
32,16384,1,32,35.051
32,16384,1,64,34.816
32,16384,1,128,35.264
32,16384,1,256,35.168
32,16384,1,512,35.1793
32,16384,1,1024,35.1147
32,16384,1,2048,35.5517
32,16384,1,4096,36.0223
32,16384,1,8192,36.5023
32,16384,1,16384,40.385
32,16384,2,16,34.805
32,16384,2,32,34.6457
32,16384,2,64,34.9233
32,16384,2,128,35.2213
32,16384,2,256,34.8263
32,16384,2,512,34.977
32,16384,2,1024,35.5947
32,16384,2,2048,36.235
32,16384,2,4096,36.2137
32,16384,2,8192,40.6937
32,16384,2,16384,48.79
32,16384,4,16,35.0947
32,16384,4,32,34.8057
32,16384,4,64,35.0933
32,16384,4,128,34.774
32,16384,4,256,34.8803
32,16384,4,512,36.1927
32,16384,4,1024,35.6913
32,16384,4,2048,37.5153
32,16384,4,4096,41.7713
32,16384,4,8192,49.9953
32,16384,4,16384,66.39
32,16384,8,16,35.755
32,16384,8,32,36.2887
32,16384,8,64,36.054
32,16384,8,128,36.1497
32,16384,8,256,36.2777
32,16384,8,512,37.7817
32,16384,8,1024,38.7843
32,16384,8,2048,44.523
32,16384,8,4096,50.0807
32,16384,8,8192,85.1847
32,16384,8,16384,130.636
32,16384,16,16,36.4273
32,16384,16,32,36.4377
32,16384,16,64,36.7253
32,16384,16,128,36.6937
32,16384,16,256,38.102
32,16384,16,512,38.9977
32,16384,16,1024,43.4453
32,16384,16,2048,57.5793
32,16384,16,4096,81.5263
32,16384,16,8192,135.426
32,16384,16,16384,168.76
32,16384,32,16,34.8053
32,16384,32,32,34.9127
32,16384,32,64,35.8293
32,16384,32,128,37.5597
32,16384,32,256,40.3847
32,16384,32,512,49.3977
32,16384,32,1024,57.0033
32,16384,32,2048,74.785
32,16384,32,4096,115.041
32,16384,32,8192,196.226
32,16384,32,16384,362.116
32,16384,64,16,42.091
32,16384,64,32,43.03
32,16384,64,64,43.6703
32,16384,64,128,43.6593
32,16384,64,256,52.3527
32,16384,64,512,61.0257
32,16384,64,1024,77.9313
32,16384,64,2048,119.5
32,16384,64,4096,201.773
32,16384,64,8192,367.47
32,16384,64,16384,693.598
32,16384,128,16,43.4357
32,16384,128,32,44.3207
32,16384,128,64,45.76
32,16384,128,128,52.6837
32,16384,128,256,64.1823
32,16384,128,512,84.907
32,16384,128,1024,108.535
32,16384,128,2048,177.336
32,16384,128,4096,316.548
32,16384,128,8192,599.027
32,16384,128,16384,1177.99
64,0,0,0,15.115
64,0,1,16,15.2533
64,0,1,32,15.285
64,0,1,64,15.1467
64,0,1,128,16.6187
64,0,1,256,18.2617
64,0,1,512,19.7657
64,0,1,1024,20.224
64,0,1,2048,20.512
64,0,1,4096,22.5703
64,0,1,8192,26.454
64,0,1,16384,35.275
64,0,2,16,15.232
64,0,2,32,15.3493
64,0,2,64,15.3067
64,0,2,128,16.758
64,0,2,256,18.4007
64,0,2,512,20.203
64,0,2,1024,20.0217
64,0,2,2048,20.8857
64,0,2,4096,23.3283
64,0,2,8192,28.0963
64,0,2,16384,38.4437
64,0,4,16,15.5203
64,0,4,32,15.4133
64,0,4,64,15.4033
64,0,4,128,17.013
64,0,4,256,18.571
64,0,4,512,20.5657
64,0,4,1024,20.481
64,0,4,2048,21.91
64,0,4,4096,27.0617
64,0,4,8192,37.8033
64,0,4,16384,56.16
64,0,8,16,15.8617
64,0,8,32,15.723
64,0,8,64,15.8297
64,0,8,128,17.227
64,0,8,256,18.678
64,0,8,512,23.1043
64,0,8,1024,21.5037
64,0,8,2048,27.051
64,0,8,4096,37.6433
64,0,8,8192,56.9383
64,0,8,16384,95.6063
64,0,16,16,15.8293
64,0,16,32,15.9893
64,0,16,64,16.0753
64,0,16,128,17.8253
64,0,16,256,19.0617
64,0,16,512,21.952
64,0,16,1024,27.4667
64,0,16,2048,38.6347
64,0,16,4096,58.4213
64,0,16,8192,112.546
64,0,16,16384,194.114
64,0,32,16,15.979
64,0,32,32,16.0963
64,0,32,64,16.2563
64,0,32,128,17.3977
64,0,32,256,20.4913
64,0,32,512,33.75
64,0,32,1024,47.1907
64,0,32,2048,72.652
64,0,32,4096,116.183
64,0,32,8192,198.509
64,0,32,16384,366.574
64,0,64,16,21.4937
64,0,64,32,21.5147
64,0,64,64,22.252
64,0,64,128,27.307
64,0,64,256,34.1233
64,0,64,512,50.7423
64,0,64,1024,77.0353
64,0,64,2048,119.073
64,0,64,4096,203.138
64,0,64,8192,372.367
64,0,64,16384,708.499
64,0,128,16,26.8263
64,0,128,32,27.1683
64,0,128,64,27.9683
64,0,128,128,33.7493
64,0,128,256,44.4167
64,0,128,512,72.139
64,0,128,1024,106.092
64,0,128,2048,176.664
64,0,128,4096,316.452
64,0,128,8192,599.506
64,0,128,16384,1189.11
64,16,0,0,15.03
64,16,1,16,15.232
64,16,1,32,15.2207
64,16,1,64,15.1893
64,16,1,128,16.6087
64,16,1,256,18.283
64,16,1,512,19.776
64,16,1,1024,19.9253
64,16,1,2048,20.63
64,16,1,4096,22.8377
64,16,1,8192,26.2723
64,16,1,16384,35.2743
64,16,2,16,15.254
64,16,2,32,15.1367
64,16,2,64,15.2323
64,16,2,128,16.8433
64,16,2,256,18.219
64,16,2,512,19.6907
64,16,2,1024,20.0537
64,16,2,2048,21.1843
64,16,2,4096,23.371
64,16,2,8192,28.096
64,16,2,16384,38.5717
64,16,4,16,15.5947
64,16,4,32,15.4457
64,16,4,64,15.5843
64,16,4,128,17.014
64,16,4,256,18.5813
64,16,4,512,20.4263
64,16,4,1024,20.3847
64,16,4,2048,21.8357
64,16,4,4096,27.1793
64,16,4,8192,37.3863
64,16,4,16384,56.224
64,16,8,16,15.8827
64,16,8,32,15.808
64,16,8,64,15.8937
64,16,8,128,17.3227
64,16,8,256,18.7733
64,16,8,512,23.275
64,16,8,1024,21.6113
64,16,8,2048,27.2863
64,16,8,4096,37.5257
64,16,8,8192,56.769
64,16,8,16384,94.3057
64,16,16,16,15.947
64,16,16,32,15.8397
64,16,16,64,15.9677
64,16,16,128,17.6853
64,16,16,256,19.0077
64,16,16,512,22.144
64,16,16,1024,27.904
64,16,16,2048,38.8063
64,16,16,4096,58.806
64,16,16,8192,112.705
64,16,16,16384,195.127
64,16,32,16,16.1813
64,16,32,32,16.107
64,16,32,64,16.288
64,16,32,128,17.387
64,16,32,256,20.256
64,16,32,512,33.9843
64,16,32,1024,47.147
64,16,32,2048,72.876
64,16,32,4096,116.012
64,16,32,8192,198.37
64,16,32,16384,368.836
64,16,64,16,21.387
64,16,64,32,21.7597
64,16,64,64,22.1337
64,16,64,128,26.624
64,16,64,256,34.251
64,16,64,512,51.3393
64,16,64,1024,76.822
64,16,64,2048,120.577
64,16,64,4096,203.65
64,16,64,8192,373.359
64,16,64,16384,712.681
64,16,128,16,26.3683
64,16,128,32,26.9443
64,16,128,64,27.883
64,16,128,128,33.8667
64,16,128,256,44.875
64,16,128,512,71.3077
64,16,128,1024,106.401
64,16,128,2048,176.707
64,16,128,4096,316.665
64,16,128,8192,604.893
64,16,128,16384,1183.35
64,32,0,0,15.2217
64,32,1,16,15.04
64,32,1,32,15.2007
64,32,1,64,15.3387
64,32,1,128,16.704
64,32,1,256,18.294
64,32,1,512,19.659
64,32,1,1024,19.9043
64,32,1,2048,20.63
64,32,1,4096,22.6027
64,32,1,8192,26.5397
64,32,1,16384,35.4567
64,32,2,16,15.2107
64,32,2,32,15.0083
64,32,2,64,15.1787
64,32,2,128,16.7147
64,32,2,256,18.304
64,32,2,512,19.2
64,32,2,1024,20.427
64,32,2,2048,20.8647
64,32,2,4096,23.264
64,32,2,8192,28.0107
64,32,2,16384,38.432
64,32,4,16,15.4987
64,32,4,32,15.4993
64,32,4,64,15.4663
64,32,4,128,16.96
64,32,4,256,18.5703
64,32,4,512,20.2673
64,32,4,1024,20.5013
64,32,4,2048,21.7707
64,32,4,4096,27.2747
64,32,4,8192,37.526
64,32,4,16384,56.31
64,32,8,16,15.744
64,32,8,32,15.9573
64,32,8,64,15.9157
64,32,8,128,17.205
64,32,8,256,18.709
64,32,8,512,22.9877
64,32,8,1024,21.6003
64,32,8,2048,27.1683
64,32,8,4096,37.6003
64,32,8,8192,57.0673
64,32,8,16384,95.137
64,32,16,16,15.893
64,32,16,32,16.0217
64,32,16,64,15.99
64,32,16,128,17.6957
64,32,16,256,19.0617
64,32,16,512,21.7923
64,32,16,1024,27.7237
64,32,16,2048,38.6987
64,32,16,4096,58.2833
64,32,16,8192,112.449
64,32,16,16384,194.082
64,32,32,16,16.0317
64,32,32,32,16.0103
64,32,32,64,16.299
64,32,32,128,17.4613
64,32,32,256,20.48
64,32,32,512,33.3767
64,32,32,1024,47.7873
64,32,32,2048,73.0033
64,32,32,4096,116.609
64,32,32,8192,199.704
64,32,32,16384,368.943
64,32,64,16,21.6213
64,32,64,32,21.6107
64,32,64,64,22.4317
64,32,64,128,26.2293
64,32,64,256,34.1653
64,32,64,512,50.7523
64,32,64,1024,77.5267
64,32,64,2048,120.503
64,32,64,4096,203.255
64,32,64,8192,372.164
64,32,64,16384,706.067
64,32,128,16,26.6773
64,32,128,32,27.0933
64,32,128,64,28.0107
64,32,128,128,33.2377
64,32,128,256,45.067
64,32,128,512,69.7713
64,32,128,1024,107.254
64,32,128,2048,176.717
64,32,128,4096,317.753
64,32,128,8192,605.544
64,32,128,16384,1186.2
64,64,0,0,15.072
64,64,1,16,15.2753
64,64,1,32,15.296
64,64,1,64,15.211
64,64,1,128,16.6723
64,64,1,256,18.2833
64,64,1,512,19.883
64,64,1,1024,19.9893
64,64,1,2048,20.6617
64,64,1,4096,22.848
64,64,1,8192,26.4543
64,64,1,16384,35.339
64,64,2,16,15.2427
64,64,2,32,15.2423
64,64,2,64,15.243
64,64,2,128,16.7897
64,64,2,256,18.3897
64,64,2,512,20.2033
64,64,2,1024,20.5767
64,64,2,2048,20.8333
64,64,2,4096,23.2213
64,64,2,8192,28.0867
64,64,2,16384,38.7743
64,64,4,16,15.3597
64,64,4,32,15.5307
64,64,4,64,15.6057
64,64,4,128,16.896
64,64,4,256,18.6243
64,64,4,512,20.512
64,64,4,1024,20.5013
64,64,4,2048,21.718
64,64,4,4096,27.3283
64,64,4,8192,37.7073
64,64,4,16384,57.1317
64,64,8,16,15.776
64,64,8,32,15.926
64,64,8,64,15.9893
64,64,8,128,17.237
64,64,8,256,18.816
64,64,8,512,23.051
64,64,8,1024,21.5787
64,64,8,2048,27.286
64,64,8,4096,37.8883
64,64,8,8192,57.1637
64,64,8,16384,95.937
64,64,16,16,15.9257
64,64,16,32,16.0853
64,64,16,64,15.9257
64,64,16,128,17.8987
64,64,16,256,18.9547
64,64,16,512,22.0373
64,64,16,1024,27.745
64,64,16,2048,38.923
64,64,16,4096,57.9527
64,64,16,8192,110.7
64,64,16,16384,196.706
64,64,32,16,15.9467
64,64,32,32,16.0963
64,64,32,64,16.3207
64,64,32,128,17.472
64,64,32,256,20.4907
64,64,32,512,33.4937
64,64,32,1024,48.1183
64,64,32,2048,72.6303
64,64,32,4096,115.394
64,64,32,8192,199.885
64,64,32,16384,365.264
64,64,64,16,21.4507
64,64,64,32,21.7393
64,64,64,64,22.3787
64,64,64,128,27.4993
64,64,64,256,34.5713
64,64,64,512,50.5177
64,64,64,1024,77.1317
64,64,64,2048,120.758
64,64,64,4096,203.651
64,64,64,8192,370.681
64,64,64,16384,706.281
64,64,128,16,26.5717
64,64,128,32,27.1043
64,64,128,64,27.84
64,64,128,128,34.0057
64,64,128,256,45.3237
64,64,128,512,70.166
64,64,128,1024,107.116
64,64,128,2048,177.357
64,64,128,4096,317.56
64,64,128,8192,604.711
64,64,128,16384,1184.36
64,128,0,0,16.9393
64,128,1,16,16.9497
64,128,1,32,17.013
64,128,1,64,17.013
64,128,1,128,16.928
64,128,1,256,18.326
64,128,1,512,22.07
64,128,1,1024,20.544
64,128,1,2048,20.896
64,128,1,4096,23.0303
64,128,1,8192,26.4427
64,128,1,16384,35.3177
64,128,2,16,16.8317
64,128,2,32,16.97
64,128,2,64,16.928
64,128,2,128,16.9067
64,128,2,256,18.176
64,128,2,512,22.379
64,128,2,1024,20.8427
64,128,2,2048,21.248
64,128,2,4096,23.1893
64,128,2,8192,28.1817
64,128,2,16384,38.1123
64,128,4,16,17.2053
64,128,4,32,17.1633
64,128,4,64,17.2267
64,128,4,128,17.3123
64,128,4,256,18.5063
64,128,4,512,23.349
64,128,4,1024,21.5257
64,128,4,2048,22.2193
64,128,4,4096,27.094
64,128,4,8192,38.1977
64,128,4,16384,56.6617
64,128,8,16,17.472
64,128,8,32,17.525
64,128,8,64,17.621
64,128,8,128,17.739
64,128,8,256,18.667
64,128,8,512,24.8643
64,128,8,1024,21.5687
64,128,8,2048,27.2967
64,128,8,4096,38.1127
64,128,8,8192,56.6403
64,128,8,16384,99.5317
64,128,16,16,17.643
64,128,16,32,17.633
64,128,16,64,17.6967
64,128,16,128,17.6533
64,128,16,256,19.009
64,128,16,512,22.5077
64,128,16,1024,27.819
64,128,16,2048,39.4137
64,128,16,4096,58.582
64,128,16,8192,111.788
64,128,16,16384,195.628
64,128,32,16,17.568
64,128,32,32,17.6643
64,128,32,64,17.8563
64,128,32,128,17.504
64,128,32,256,20.576
64,128,32,512,35.8723
64,128,32,1024,48.225
64,128,32,2048,73.814
64,128,32,4096,116.055
64,128,32,8192,198.008
64,128,32,16384,368.133
64,128,64,16,21.6217
64,128,64,32,21.7503
64,128,64,64,22.2933
64,128,64,128,27.392
64,128,64,256,34.2827
64,128,64,512,51.2007
64,128,64,1024,76.0437
64,128,64,2048,119.937
64,128,64,4096,202.221
64,128,64,8192,369.658
64,128,64,16384,708.893
64,128,128,16,26.5927
64,128,128,32,27.0617
64,128,128,64,28.3307
64,128,128,128,35.1367
64,128,128,256,45.121
64,128,128,512,70.5713
64,128,128,1024,106.028
64,128,128,2048,176.045
64,128,128,4096,315.524
64,128,128,8192,602.568
64,128,128,16384,1193.37
64,256,0,0,18.443
64,256,1,16,18.5707
64,256,1,32,18.4007
64,256,1,64,18.528
64,256,1,128,18.528
64,256,1,256,18.5177
64,256,1,512,21.0993
64,256,1,1024,20.5337
64,256,1,2048,20.5653
64,256,1,4096,22.816
64,256,1,8192,26.5493
64,256,1,16384,35.4463
64,256,2,16,18.475
64,256,2,32,18.539
64,256,2,64,18.5817
64,256,2,128,18.5607
64,256,2,256,18.5387
64,256,2,512,22.017
64,256,2,1024,20.9707
64,256,2,2048,21.3547
64,256,2,4096,23.5953
64,256,2,8192,28.129
64,256,2,16384,38.262
64,256,4,16,18.869
64,256,4,32,18.8377
64,256,4,64,18.88
64,256,4,128,18.8057
64,256,4,256,18.8583
64,256,4,512,23.52
64,256,4,1024,22.038
64,256,4,2048,25.4933
64,256,4,4096,27.5307
64,256,4,8192,37.7283
64,256,4,16384,56.566
64,256,8,16,18.9337
64,256,8,32,18.9443
64,256,8,64,19.0933
64,256,8,128,19.0613
64,256,8,256,19.1053
64,256,8,512,23.3813
64,256,8,1024,24.2667
64,256,8,2048,27.2963
64,256,8,4096,38.5283
64,256,8,8192,56.9717
64,256,8,16384,101.1
64,256,16,16,19.05
64,256,16,32,19.1043
64,256,16,64,19.1897
64,256,16,128,18.9977
64,256,16,256,19.147
64,256,16,512,24.1383
64,256,16,1024,28.2137
64,256,16,2048,39.3387
64,256,16,4096,58.9337
64,256,16,8192,112.172
64,256,16,16384,196.088
64,256,32,16,19.275
64,256,32,32,19.2427
64,256,32,64,19.2113
64,256,32,128,19.0297
64,256,32,256,20.4693
64,256,32,512,35.2853
64,256,32,1024,47.094
64,256,32,2048,72.4917
64,256,32,4096,114.945
64,256,32,8192,199.842
64,256,32,16384,367.237
64,256,64,16,21.4397
64,256,64,32,21.6217
64,256,64,64,22.2503
64,256,64,128,27.5637
64,256,64,256,34.6563
64,256,64,512,49.9527
64,256,64,1024,75.7557
64,256,64,2048,118.177
64,256,64,4096,202.456
64,256,64,8192,370.778
64,256,64,16384,707.166
64,256,128,16,26.7317
64,256,128,32,27.0723
64,256,128,64,27.873
64,256,128,128,35.3177
64,256,128,256,46.2513
64,256,128,512,70.8807
64,256,128,1024,103.937
64,256,128,2048,174.989
64,256,128,4096,315.673
64,256,128,8192,602.472
64,256,128,16384,1186.64
64,512,0,0,22.3787
64,512,1,16,22.1767
64,512,1,32,22.219
64,512,1,64,22.5497
64,512,1,128,22.4
64,512,1,256,22.432
64,512,1,512,21.9733
64,512,1,1024,20.811
64,512,1,2048,21.515
64,512,1,4096,22.977
64,512,1,8192,26.3787
64,512,1,16384,35.5417
64,512,2,16,22.7413
64,512,2,32,22.5393
64,512,2,64,21.717
64,512,2,128,22.9653
64,512,2,256,23.2103
64,512,2,512,22.9763
64,512,2,1024,21.9527
64,512,2,2048,24.4373
64,512,2,4096,23.8187
64,512,2,8192,27.894
64,512,2,16384,37.995
64,512,4,16,23.4347
64,512,4,32,23.168
64,512,4,64,23.5733
64,512,4,128,24.0643
64,512,4,256,22.9333
64,512,4,512,24.4487
64,512,4,1024,24.7047
64,512,4,2048,26.1977
64,512,4,4096,29.4937
64,512,4,8192,38.1653
64,512,4,16384,56.1927
64,512,8,16,23.062
64,512,8,32,23.0827
64,512,8,64,22.9227
64,512,8,128,23.3277
64,512,8,256,24.106
64,512,8,512,23.5733
64,512,8,1024,25.0237
64,512,8,2048,28.278
64,512,8,4096,38.8277
64,512,8,8192,58.2403
64,512,8,16384,103.596
64,512,16,16,24.1283
64,512,16,32,23.7657
64,512,16,64,24.3207
64,512,16,128,24.6933
64,512,16,256,24.2027
64,512,16,512,30.4757
64,512,16,1024,29.2697
64,512,16,2048,39.424
64,512,16,4096,58.9133
64,512,16,8192,112.491
64,512,16,16384,193.442
64,512,32,16,23.4987
64,512,32,32,23.424
64,512,32,64,23.5947
64,512,32,128,24.9817
64,512,32,256,26.6027
64,512,32,512,37.8563
64,512,32,1024,47.712
64,512,32,2048,72.4803
64,512,32,4096,115.415
64,512,32,8192,198.265
64,512,32,16384,365.743
64,512,64,16,27.2427
64,512,64,32,27.872
64,512,64,64,28.971
64,512,64,128,32.4487
64,512,64,256,38.123
64,512,64,512,51.5637
64,512,64,1024,76.4487
64,512,64,2048,119.618
64,512,64,4096,204.033
64,512,64,8192,371.449
64,512,64,16384,702.59
64,512,128,16,31.755
64,512,128,32,31.7437
64,512,128,64,33.259
64,512,128,128,39.8727
64,512,128,256,51.7027
64,512,128,512,72.853
64,512,128,1024,105.793
64,512,128,2048,174.755
64,512,128,4096,314.863
64,512,128,8192,607.197
64,512,128,16384,1186.8
64,1024,0,0,23.702
64,1024,1,16,23.4773
64,1024,1,32,23.0827
64,1024,1,64,23.5627
64,1024,1,128,23.413
64,1024,1,256,23.5413
64,1024,1,512,23.339
64,1024,1,1024,22.8277
64,1024,1,2048,24.256
64,1024,1,4096,23.232
64,1024,1,8192,26.72
64,1024,1,16384,35.339
64,1024,2,16,23.9143
64,1024,2,32,23.8937
64,1024,2,64,23.8087
64,1024,2,128,23.8827
64,1024,2,256,23.9367
64,1024,2,512,23.7343
64,1024,2,1024,24.8537
64,1024,2,2048,25.2377
64,1024,2,4096,24.8113
64,1024,2,8192,28.3207
64,1024,2,16384,38.401
64,1024,4,16,24.4273
64,1024,4,32,24.4263
64,1024,4,64,24.3843
64,1024,4,128,24.3313
64,1024,4,256,24.2777
64,1024,4,512,24.5117
64,1024,4,1024,25.9307
64,1024,4,2048,27.019
64,1024,4,4096,28.342
64,1024,4,8192,39.093
64,1024,4,16384,57.089
64,1024,8,16,23.6157
64,1024,8,32,23.744
64,1024,8,64,23.3813
64,1024,8,128,24.8217
64,1024,8,256,24.0957
64,1024,8,512,24.32
64,1024,8,1024,26.4743
64,1024,8,2048,28.598
64,1024,8,4096,39.1047
64,1024,8,8192,56.9823
64,1024,8,16384,108.513
64,1024,16,16,24.684
64,1024,16,32,24.5543
64,1024,16,64,24.2133
64,1024,16,128,25.621
64,1024,16,256,25.5793
64,1024,16,512,25.7607
64,1024,16,1024,37.195
64,1024,16,2048,40.7573
64,1024,16,4096,59.179
64,1024,16,8192,110.518
64,1024,16,16384,193.368
64,1024,32,16,23.851
64,1024,32,32,24.2453
64,1024,32,64,24.288
64,1024,32,128,26.24
64,1024,32,256,26.1653
64,1024,32,512,35.371
64,1024,32,1024,49.291
64,1024,32,2048,73.3663
64,1024,32,4096,116.012
64,1024,32,8192,198.851
64,1024,32,16384,367.514
64,1024,64,16,27.7767
64,1024,64,32,27.8833
64,1024,64,64,28.832
64,1024,64,128,32.0117
64,1024,64,256,38.0803
64,1024,64,512,52.0113
64,1024,64,1024,77.121
64,1024,64,2048,117.537
64,1024,64,4096,202.829
64,1024,64,8192,371.268
64,1024,64,16384,709.694
64,1024,128,16,32.384
64,1024,128,32,32.7153
64,1024,128,64,34.155
64,1024,128,128,40.5873
64,1024,128,256,50.8493
64,1024,128,512,71.6803
64,1024,128,1024,106.625
64,1024,128,2048,174.776
64,1024,128,4096,317.177
64,1024,128,8192,600.583
64,1024,128,16384,1180.46
64,2048,0,0,26.1553
64,2048,1,16,25.5897
64,2048,1,32,26.1333
64,2048,1,64,26.0373
64,2048,1,128,26.0587
64,2048,1,256,25.952
64,2048,1,512,26.0063
64,2048,1,1024,26.774
64,2048,1,2048,26.3363
64,2048,1,4096,26.2727
64,2048,1,8192,26.7517
64,2048,1,16384,35.5627
64,2048,2,16,26.3793
64,2048,2,32,26.3687
64,2048,2,64,25.291
64,2048,2,128,25.7283
64,2048,2,256,26.4643
64,2048,2,512,26.2407
64,2048,2,1024,26.496
64,2048,2,2048,27.2857
64,2048,2,4096,28.5557
64,2048,2,8192,30.0163
64,2048,2,16384,39.8087
64,2048,4,16,26.9547
64,2048,4,32,26.9333
64,2048,4,64,26.934
64,2048,4,128,27.3393
64,2048,4,256,26.7417
64,2048,4,512,27.5957
64,2048,4,1024,26.8803
64,2048,4,2048,28.182
64,2048,4,4096,30.5073
64,2048,4,8192,39.0403
64,2048,4,16384,57.7613
64,2048,8,16,25.728
64,2048,8,32,25.7173
64,2048,8,64,25.984
64,2048,8,128,27.1907
64,2048,8,256,26.8163
64,2048,8,512,25.9947
64,2048,8,1024,28.15
64,2048,8,2048,36.214
64,2048,8,4096,39.9683
64,2048,8,8192,58.134
64,2048,8,16384,92.47
64,2048,16,16,26.6673
64,2048,16,32,26.784
64,2048,16,64,26.6997
64,2048,16,128,27.531
64,2048,16,256,27.6487
64,2048,16,512,28.4057
64,2048,16,1024,33.312
64,2048,16,2048,52.4703
64,2048,16,4096,60.204
64,2048,16,8192,94.0283
64,2048,16,16384,191.266
64,2048,32,16,28.736
64,2048,32,32,28.4807
64,2048,32,64,29.376
64,2048,32,128,26.4537
64,2048,32,256,29.1413
64,2048,32,512,33.6003
64,2048,32,1024,48.5233
64,2048,32,2048,73.5583
64,2048,32,4096,113.953
64,2048,32,8192,197.975
64,2048,32,16384,365.711
64,2048,64,16,27.478
64,2048,64,32,27.3613
64,2048,64,64,28.8963
64,2048,64,128,31.6807
64,2048,64,256,38.859
64,2048,64,512,51.9797
64,2048,64,1024,78.4537
64,2048,64,2048,118.636
64,2048,64,4096,201.09
64,2048,64,8192,370.085
64,2048,64,16384,704.552
64,2048,128,16,33.9737
64,2048,128,32,34.123
64,2048,128,64,35.691
64,2048,128,128,41.7383
64,2048,128,256,51.9473
64,2048,128,512,70.8063
64,2048,128,1024,106.028
64,2048,128,2048,175.768
64,2048,128,4096,314.692
64,2048,128,8192,603.698
64,2048,128,16384,1191.87
64,4096,0,0,30.4217
64,4096,1,16,30.1667
64,4096,1,32,30.485
64,4096,1,64,30.838
64,4096,1,128,30.379
64,4096,1,256,30.39
64,4096,1,512,30.6777
64,4096,1,1024,30.8587
64,4096,1,2048,30.07
64,4096,1,4096,29.3017
64,4096,1,8192,29.622
64,4096,1,16384,35.4987
64,4096,2,16,30.3257
64,4096,2,32,30.6027
64,4096,2,64,29.9843
64,4096,2,128,30.3363
64,4096,2,256,30.7953
64,4096,2,512,30.2403
64,4096,2,1024,30.976
64,4096,2,2048,29.1843
64,4096,2,4096,30.528
64,4096,2,8192,31.819
64,4096,2,16384,40.651
64,4096,4,16,30.7523
64,4096,4,32,31.019
64,4096,4,64,30.9553
64,4096,4,128,30.9973
64,4096,4,256,31.296
64,4096,4,512,30.6987
64,4096,4,1024,29.2587
64,4096,4,2048,30.9973
64,4096,4,4096,32.2247
64,4096,4,8192,41.1527
64,4096,4,16384,59.5737
64,4096,8,16,30.0913
64,4096,8,32,30.0693
64,4096,8,64,30.102
64,4096,8,128,29.771
64,4096,8,256,28.2987
64,4096,8,512,28.3413
64,4096,8,1024,32.4273
64,4096,8,2048,32.9287
64,4096,8,4096,54.262
64,4096,8,8192,59.926
64,4096,8,16384,92.2677
64,4096,16,16,28.011
64,4096,16,32,27.947
64,4096,16,64,27.5517
64,4096,16,128,29.1527
64,4096,16,256,29.2907
64,4096,16,512,31.766
64,4096,16,1024,36.278
64,4096,16,2048,51.4467
64,4096,16,4096,80.6517
64,4096,16,8192,95.105
64,4096,16,16384,161.09
64,4096,32,16,28.544
64,4096,32,32,28.5223
64,4096,32,64,28.566
64,4096,32,128,31.1263
64,4096,32,256,36.3847
64,4096,32,512,37.664
64,4096,32,1024,46.8373
64,4096,32,2048,72.876
64,4096,32,4096,113.558
64,4096,32,8192,193.719
64,4096,32,16384,362.426
64,4096,64,16,33.2483
64,4096,64,32,34.5923
64,4096,64,64,34.8063
64,4096,64,128,34.229
64,4096,64,256,39.915
64,4096,64,512,52.3093
64,4096,64,1024,76.267
64,4096,64,2048,118.699
64,4096,64,4096,198.34
64,4096,64,8192,365.764
64,4096,64,16384,698.387
64,4096,128,16,37.547
64,4096,128,32,38.5407
64,4096,128,64,38.443
64,4096,128,128,43.915
64,4096,128,256,54.7
64,4096,128,512,71.6803
64,4096,128,1024,105.921
64,4096,128,2048,173.581
64,4096,128,4096,314.819
64,4096,128,8192,598.343
64,4096,128,16384,1185.23
64,8192,0,0,35.094
64,8192,1,16,35.105
64,8192,1,32,35.0083
64,8192,1,64,35.0083
64,8192,1,128,35.083
64,8192,1,256,34.977
64,8192,1,512,35.435
64,8192,1,1024,35.286
64,8192,1,2048,35.221
64,8192,1,4096,35.031
64,8192,1,8192,35.8087
64,8192,1,16384,36.6517
64,8192,2,16,35.1573
64,8192,2,32,35.1043
64,8192,2,64,34.987
64,8192,2,128,34.859
64,8192,2,256,35.2537
64,8192,2,512,35.3813
64,8192,2,1024,35.243
64,8192,2,2048,34.774
64,8192,2,4096,36.363
64,8192,2,8192,37.035
64,8192,2,16384,44.2673
64,8192,4,16,35.8297
64,8192,4,32,35.8193
64,8192,4,64,36.0437
64,8192,4,128,36.0643
64,8192,4,256,36
64,8192,4,512,35.8077
64,8192,4,1024,35.5943
64,8192,4,2048,35.7337
64,8192,4,4096,38.8053
64,8192,4,8192,46.4327
64,8192,4,16384,61.9427
64,8192,8,16,34.5703
64,8192,8,32,34.7843
64,8192,8,64,34.849
64,8192,8,128,34.72
64,8192,8,256,34.8377
64,8192,8,512,34.5817
64,8192,8,1024,35.0617
64,8192,8,2048,40.982
64,8192,8,4096,45.174
64,8192,8,8192,85.281
64,8192,8,16384,127.542
64,8192,16,16,35.499
64,8192,16,32,35.521
64,8192,16,64,35.4997
64,8192,16,128,34.848
64,8192,16,256,33.568
64,8192,16,512,36.7573
64,8192,16,1024,41.26
64,8192,16,2048,52.5983
64,8192,16,4096,78.5283
64,8192,16,8192,131.298
64,8192,16,16384,165.132
64,8192,32,16,32.7897
64,8192,32,32,33.238
64,8192,32,64,33.847
64,8192,32,128,35.9147
64,8192,32,256,35.915
64,8192,32,512,44.384
64,8192,32,1024,53.153
64,8192,32,2048,71.894
64,8192,32,4096,111.522
64,8192,32,8192,192.493
64,8192,32,16384,357.135
64,8192,64,16,39.0833
64,8192,64,32,39.0723
64,8192,64,64,39.9257
64,8192,64,128,38.9547
64,8192,64,256,48.2777
64,8192,64,512,54.976
64,8192,64,1024,75.2543
64,8192,64,2048,116.706
64,8192,64,4096,198.253
64,8192,64,8192,362.287
64,8192,64,16384,701.257
64,8192,128,16,42.0487
64,8192,128,32,42.1973
64,8192,128,64,43.136
64,8192,128,128,49.6433
64,8192,128,256,59.798
64,8192,128,512,80.6307
64,8192,128,1024,108.929
64,8192,128,2048,176.215
64,8192,128,4096,310.392
64,8192,128,8192,598.738
64,8192,128,16384,1178.52
64,16384,0,0,43.958
64,16384,1,16,43.883
64,16384,1,32,44.0323
64,16384,1,64,43.51
64,16384,1,128,43.6377
64,16384,1,256,44.171
64,16384,1,512,44.0547
64,16384,1,1024,44.2453
64,16384,1,2048,44.651
64,16384,1,4096,44.5547
64,16384,1,8192,45.078
64,16384,1,16384,46.7737
64,16384,2,16,44.47
64,16384,2,32,44.1713
64,16384,2,64,44.278
64,16384,2,128,43.9157
64,16384,2,256,44.299
64,16384,2,512,44.352
64,16384,2,1024,44.352
64,16384,2,2048,44.5657
64,16384,2,4096,45.1847
64,16384,2,8192,47.6383
64,16384,2,16384,52.2887
64,16384,4,16,44.47
64,16384,4,32,44.8113
64,16384,4,64,44.683
64,16384,4,128,44.5653
64,16384,4,256,44.725
64,16384,4,512,44.8543
64,16384,4,1024,44.7363
64,16384,4,2048,45.7713
64,16384,4,4096,48.832
64,16384,4,8192,55.4777
64,16384,4,16384,67.1047
64,16384,8,16,44.3523
64,16384,8,32,44.3637
64,16384,8,64,44.5123
64,16384,8,128,44.3633
64,16384,8,256,44.619
64,16384,8,512,44.2667
64,16384,8,1024,45.494
64,16384,8,2048,48.6403
64,16384,8,4096,68.9503
64,16384,8,8192,92.353
64,16384,8,16384,139.362
64,16384,16,16,44.811
64,16384,16,32,44.9397
64,16384,16,64,44.9177
64,16384,16,128,44.523
64,16384,16,256,45.164
64,16384,16,512,47.7873
64,16384,16,1024,50.7533
64,16384,16,2048,62.0803
64,16384,16,4096,97.0253
64,16384,16,8192,124.94
64,16384,16,16384,232.813
64,16384,32,16,44.7257
64,16384,32,32,44.9933
64,16384,32,64,44.4063
64,16384,32,128,46.3687
64,16384,32,256,47.0617
64,16384,32,512,52.086
64,16384,32,1024,66.284
64,16384,32,2048,101.249
64,16384,32,4096,111.51
64,16384,32,8192,189.272
64,16384,32,16384,353.156
64,16384,64,16,45.035
64,16384,64,32,45.451
64,16384,64,64,46.176
64,16384,64,128,48.8323
64,16384,64,256,59.8933
64,16384,64,512,66.9127
64,16384,64,1024,82.6143
64,16384,64,2048,114.775
64,16384,64,4096,194.776
64,16384,64,8192,356.389
64,16384,64,16384,691.934
64,16384,128,16,52.171
64,16384,128,32,52.3847
64,16384,128,64,52.715
64,16384,128,128,60.2773
64,16384,128,256,69.1523
64,16384,128,512,83.233
64,16384,128,1024,125.025
64,16384,128,2048,179.116
64,16384,128,4096,311.47
64,16384,128,8192,593.138
64,16384,128,16384,1169.52
128,0,0,0,15.9787
128,0,1,16,15.9043
128,0,1,32,15.8933
128,0,1,64,16.0107
128,0,1,128,17.216
128,0,1,256,18.699
128,0,1,512,19.723
128,0,1,1024,20.2457
128,0,1,2048,21.5467
128,0,1,4096,27.1473
128,0,1,8192,34.251
128,0,1,16384,49.9957
128,0,2,16,16.2027
128,0,2,32,16.245
128,0,2,64,16.1927
128,0,2,128,17.4933
128,0,2,256,18.785
128,0,2,512,20.608
128,0,2,1024,20.8537
128,0,2,2048,22.4963
128,0,2,4096,27.8083
128,0,2,8192,35.0517
128,0,2,16384,51.3827
128,0,4,16,16.1283
128,0,4,32,16.1183
128,0,4,64,16.1073
128,0,4,128,17.5043
128,0,4,256,18.8163
128,0,4,512,20.4803
128,0,4,1024,21.0563
128,0,4,2048,22.87
128,0,4,4096,29.4413
128,0,4,8192,39.4887
128,0,4,16384,59.02
128,0,8,16,16.3093
128,0,8,32,16.203
128,0,8,64,16.1813
128,0,8,128,17.5257
128,0,8,256,18.9663
128,0,8,512,21.942
128,0,8,1024,22.368
128,0,8,2048,27.9577
128,0,8,4096,38.4967
128,0,8,8192,58.3047
128,0,8,16384,97.0787
128,0,16,16,16.373
128,0,16,32,16.384
128,0,16,64,16.5013
128,0,16,128,18.016
128,0,16,256,19.2217
128,0,16,512,22.0377
128,0,16,1024,28.5127
128,0,16,2048,39.6383
128,0,16,4096,59.3603
128,0,16,8192,113.058
128,0,16,16384,196.984
128,0,32,16,16.4373
128,0,32,32,16.5767
128,0,32,64,16.6827
128,0,32,128,17.5467
128,0,32,256,20.7257
128,0,32,512,33.408
128,0,32,1024,47.4457
128,0,32,2048,73.5157
128,0,32,4096,115.97
128,0,32,8192,201.283
128,0,32,16384,368.953
128,0,64,16,21.5577
128,0,64,32,22.1233
128,0,64,64,22.4213
128,0,64,128,26.5607
128,0,64,256,33.3547
128,0,64,512,49.4193
128,0,64,1024,76.3957
128,0,64,2048,119.97
128,0,64,4096,204.898
128,0,64,8192,373.562
128,0,64,16384,707.774
128,0,128,16,26.9657
128,0,128,32,27.2213
128,0,128,64,28.363
128,0,128,128,34.0063
128,0,128,256,44.5127
128,0,128,512,69.686
128,0,128,1024,107.51
128,0,128,2048,176.898
128,0,128,4096,318.959
128,0,128,8192,605.052
128,0,128,16384,1184.36
128,16,0,0,17.174
128,16,1,16,17.088
128,16,1,32,17.2157
128,16,1,64,17.1627
128,16,1,128,17.185
128,16,1,256,18.805
128,16,1,512,22.123
128,16,1,1024,20.6837
128,16,1,2048,22.486
128,16,1,4096,27.8293
128,16,1,8192,33.9847
128,16,1,16384,50.2727
128,16,2,16,17.3013
128,16,2,32,17.1947
128,16,2,64,17.3233
128,16,2,128,17.4293
128,16,2,256,18.923
128,16,2,512,21.568
128,16,2,1024,22.3043
128,16,2,2048,23.6377
128,16,2,4096,27.584
128,16,2,8192,34.8057
128,16,2,16384,51.4137
128,16,4,16,17.0557
128,16,4,32,17.2477
128,16,4,64,17.184
128,16,4,128,17.4717
128,16,4,256,18.976
128,16,4,512,22.5707
128,16,4,1024,20.8323
128,16,4,2048,22.731
128,16,4,4096,28.8967
128,16,4,8192,38.8593
128,16,4,16384,59.4147
128,16,8,16,17.1837
128,16,8,32,17.376
128,16,8,64,17.366
128,16,8,128,17.4723
128,16,8,256,18.8907
128,16,8,512,21.0993
128,16,8,1024,22.2837
128,16,8,2048,28.0423
128,16,8,4096,37.761
128,16,8,8192,57.6433
128,16,8,16384,97.793
128,16,16,16,17.291
128,16,16,32,17.5467
128,16,16,64,17.5463
128,16,16,128,17.974
128,16,16,256,19.2227
128,16,16,512,22.944
128,16,16,1024,28.9387
128,16,16,2048,39.498
128,16,16,4096,59.3923
128,16,16,8192,112.651
128,16,16,16384,196.141
128,16,32,16,17.4827
128,16,32,32,17.301
128,16,32,64,17.7817
128,16,32,128,17.4723
128,16,32,256,20.4587
128,16,32,512,33.2693
128,16,32,1024,47.35
128,16,32,2048,74.0063
128,16,32,4096,116.47
128,16,32,8192,201.005
128,16,32,16384,368.154
128,16,64,16,21.5357
128,16,64,32,21.6107
128,16,64,64,22.4213
128,16,64,128,26.6243
128,16,64,256,33.6323
128,16,64,512,49.4837
128,16,64,1024,77.1637
128,16,64,2048,120.812
128,16,64,4096,203.426
128,16,64,8192,372.399
128,16,64,16384,706.952
128,16,128,16,26.9653
128,16,128,32,27.2967
128,16,128,64,28.2563
128,16,128,128,33.323
128,16,128,256,43.2643
128,16,128,512,69.6013
128,16,128,1024,105.602
128,16,128,2048,177.09
128,16,128,4096,317.54
128,16,128,8192,604.221
128,16,128,16384,1182.98
128,32,0,0,17.2057
128,32,1,16,17.0133
128,32,1,32,17.196
128,32,1,64,17.109
128,32,1,128,17.2053
128,32,1,256,18.731
128,32,1,512,21.7707
128,32,1,1024,20.8963
128,32,1,2048,22.7307
128,32,1,4096,27.8723
128,32,1,8192,34.1227
128,32,1,16384,50.0167
128,32,2,16,17.1947
128,32,2,32,17.2483
128,32,2,64,17.3863
128,32,2,128,17.6003
128,32,2,256,18.9437
128,32,2,512,21.0777
128,32,2,1024,22.3363
128,32,2,2048,23.403
128,32,2,4096,27.7123
128,32,2,8192,34.9127
128,32,2,16384,51.6813
128,32,4,16,17.1837
128,32,4,32,17.1413
128,32,4,64,17.248
128,32,4,128,17.43
128,32,4,256,18.8917
128,32,4,512,22.08
128,32,4,1024,21.216
128,32,4,2048,22.752
128,32,4,4096,29.2377
128,32,4,8192,39.2003
128,32,4,16384,59.1693
128,32,8,16,17.2693
128,32,8,32,17.2163
128,32,8,64,17.291
128,32,8,128,17.5587
128,32,8,256,19.0083
128,32,8,512,21.333
128,32,8,1024,22.379
128,32,8,2048,28.0327
128,32,8,4096,38.496
128,32,8,8192,58.2513
128,32,8,16384,99.5313
128,32,16,16,17.4403
128,32,16,32,17.4083
128,32,16,64,17.3233
128,32,16,128,17.867
128,32,16,256,19.1257
128,32,16,512,23.126
128,32,16,1024,28.267
128,32,16,2048,39.4247
128,32,16,4096,59.563
128,32,16,8192,112.599
128,32,16,16384,196.302
128,32,32,16,17.4613
128,32,32,32,17.5473
128,32,32,64,17.4403
128,32,32,128,17.537
128,32,32,256,20.5333
128,32,32,512,34.1013
128,32,32,1024,48.0227
128,32,32,2048,73.2917
128,32,32,4096,115.788
128,32,32,8192,200.3
128,32,32,16384,366.959
128,32,64,16,21.717
128,32,64,32,21.8563
128,32,64,64,22.4533
128,32,64,128,26.891
128,32,64,256,34.1443
128,32,64,512,49.6423
128,32,64,1024,77.0997
128,32,64,2048,120.247
128,32,64,4096,204.11
128,32,64,8192,372.581
128,32,64,16384,705.545
128,32,128,16,26.891
128,32,128,32,27.4347
128,32,128,64,28.1387
128,32,128,128,33.8243
128,32,128,256,43.99
128,32,128,512,70.6993
128,32,128,1024,105.399
128,32,128,2048,177.143
128,32,128,4096,318.884
128,32,128,8192,606.972
128,32,128,16384,1186.42
128,64,0,0,17.4617
128,64,1,16,17.653
128,64,1,32,17.6217
128,64,1,64,17.6
128,64,1,128,17.728
128,64,1,256,18.8163
128,64,1,512,21.5043
128,64,1,1024,21.4507
128,64,1,2048,22.5917
128,64,1,4096,27.958
128,64,1,8192,34.0057
128,64,1,16384,50.1437
128,64,2,16,17.931
128,64,2,32,17.867
128,64,2,64,17.8137
128,64,2,128,17.9627
128,64,2,256,18.8913
128,64,2,512,21.8987
128,64,2,1024,22.3147
128,64,2,2048,23.5943
128,64,2,4096,27.6697
128,64,2,8192,35.1147
128,64,2,16384,51.691
128,64,4,16,17.8023
128,64,4,32,17.7383
128,64,4,64,17.8033
128,64,4,128,17.8243
128,64,4,256,18.9013
128,64,4,512,22.261
128,64,4,1024,21.5787
128,64,4,2048,22.667
128,64,4,4096,29.5897
128,64,4,8192,39.254
128,64,4,16384,59.691
128,64,8,16,17.8133
128,64,8,32,17.8353
128,64,8,64,17.803
128,64,8,128,17.9633
128,64,8,256,19.0197
128,64,8,512,21.4833
128,64,8,1024,22.6457
128,64,8,2048,28.1183
128,64,8,4096,39.126
128,64,8,8192,58.0917
128,64,8,16384,97.9103
128,64,16,16,17.899
128,64,16,32,17.9733
128,64,16,64,17.9623
128,64,16,128,17.888
128,64,16,256,19.029
128,64,16,512,23.2963
128,64,16,1024,28.6943
128,64,16,2048,40.1607
128,64,16,4096,59.2003
128,64,16,8192,112.428
128,64,16,16384,197.25
128,64,32,16,18.0167
128,64,32,32,18.1127
128,64,32,64,18.027
128,64,32,128,17.8347
128,64,32,256,20.8967
128,64,32,512,33.7603
128,64,32,1024,47.062
128,64,32,2048,73.6973
128,64,32,4096,116.716
128,64,32,8192,200.12
128,64,32,16384,368.176
128,64,64,16,21.4297
128,64,64,32,21.6533
128,64,64,64,22.5067
128,64,64,128,26.784
128,64,64,256,33.366
128,64,64,512,48.9607
128,64,64,1024,76.748
128,64,64,2048,119.821
128,64,64,4096,203.309
128,64,64,8192,371.375
128,64,64,16384,704.616
128,64,128,16,26.891
128,64,128,32,27.168
128,64,128,64,28.1177
128,64,128,128,34.3467
128,64,128,256,44.3207
128,64,128,512,69.8573
128,64,128,1024,103.35
128,64,128,2048,177.292
128,64,128,4096,317.828
128,64,128,8192,605.735
128,64,128,16384,1181.34
128,128,0,0,17.6957
128,128,1,16,17.7603
128,128,1,32,17.664
128,128,1,64,17.548
128,128,1,128,18.1553
128,128,1,256,18.7527
128,128,1,512,23.552
128,128,1,1024,22.2943
128,128,1,2048,22.9123
128,128,1,4096,28.0323
128,128,1,8192,34.3153
128,128,1,16384,50.2083
128,128,2,16,18.0053
128,128,2,32,18.038
128,128,2,64,18.1227
128,128,2,128,18.1337
128,128,2,256,19.072
128,128,2,512,23.776
128,128,2,1024,22.2087
128,128,2,2048,23.8293
128,128,2,4096,27.8083
128,128,2,8192,35.0937
128,128,2,16384,51.947
128,128,4,16,18.016
128,128,4,32,18.027
128,128,4,64,17.9847
128,128,4,128,18.112
128,128,4,256,19.0933
128,128,4,512,23.5633
128,128,4,1024,21.995
128,128,4,2048,22.9027
128,128,4,4096,29.2807
128,128,4,8192,39.2007
128,128,4,16384,60.118
128,128,8,16,18.0693
128,128,8,32,18.134
128,128,8,64,18.0907
128,128,8,128,18.2937
128,128,8,256,19.1573
128,128,8,512,21.632
128,128,8,1024,23.5843
128,128,8,2048,28.0113
128,128,8,4096,38.902
128,128,8,8192,57.6327
128,128,8,16384,100.929
128,128,16,16,18.1653
128,128,16,32,17.9737
128,128,16,64,18.155
128,128,16,128,18.2083
128,128,16,256,19.1577
128,128,16,512,23.541
128,128,16,1024,28.3307
128,128,16,2048,39.7123
128,128,16,4096,60.15
128,128,16,8192,112.162
128,128,16,16384,197.251
128,128,32,16,18.1767
128,128,32,32,18.1977
128,128,32,64,18.4527
128,128,32,128,18.176
128,128,32,256,20.738
128,128,32,512,34.9443
128,128,32,1024,47.0303
128,128,32,2048,72.78
128,128,32,4096,115.5
128,128,32,8192,201.261
128,128,32,16384,368.357
128,128,64,16,21.8243
128,128,64,32,21.9733
128,128,64,64,22.571
128,128,64,128,27.424
128,128,64,256,33.9737
128,128,64,512,49.4507
128,128,64,1024,75.5423
128,128,64,2048,119.137
128,128,64,4096,203.266
128,128,64,8192,371.599
128,128,64,16384,710.441
128,128,128,16,26.956
128,128,128,32,27.1897
128,128,128,64,28.1393
128,128,128,128,35.2747
128,128,128,256,43.3283
128,128,128,512,70.689
128,128,128,1024,104.535
128,128,128,2048,175.128
128,128,128,4096,316.985
128,128,128,8192,602.002
128,128,128,16384,1191.33
128,256,0,0,19.2217
128,256,1,16,19.1577
128,256,1,32,19.1683
128,256,1,64,19.2637
128,256,1,128,19.2437
128,256,1,256,19.3073
128,256,1,512,24.0967
128,256,1,1024,23.147
128,256,1,2048,22.9977
128,256,1,4096,28.053
128,256,1,8192,35.233
128,256,1,16384,50.1447
128,256,2,16,19.5203
128,256,2,32,19.3707
128,256,2,64,19.5417
128,256,2,128,19.5947
128,256,2,256,19.573
128,256,2,512,24.064
128,256,2,1024,23.2647
128,256,2,2048,24.3627
128,256,2,4096,29.184
128,256,2,8192,35.072
128,256,2,16384,51.6483
128,256,4,16,19.3383
128,256,4,32,19.4447
128,256,4,64,19.467
128,256,4,128,19.4033
128,256,4,256,19.4667
128,256,4,512,25.099
128,256,4,1024,24.9387
128,256,4,2048,25.515
128,256,4,4096,28.8867
128,256,4,8192,39.4563
128,256,4,16384,60.1927
128,256,8,16,19.4883
128,256,8,32,19.264
128,256,8,64,19.4137
128,256,8,128,19.3497
128,256,8,256,19.563
128,256,8,512,25.2813
128,256,8,1024,25.3557
128,256,8,2048,28.2357
128,256,8,4096,39.094
128,256,8,8192,58.337
128,256,8,16384,100.63
128,256,16,16,19.53
128,256,16,32,19.467
128,256,16,64,19.584
128,256,16,128,19.5627
128,256,16,256,19.6483
128,256,16,512,23.5953
128,256,16,1024,28.4483
128,256,16,2048,40.406
128,256,16,4096,59.67
128,256,16,8192,111.788
128,256,16,16384,197.112
128,256,32,16,19.4673
128,256,32,32,19.531
128,256,32,64,19.765
128,256,32,128,19.5197
128,256,32,256,20.907
128,256,32,512,35.8943
128,256,32,1024,47.1267
128,256,32,2048,71.8403
128,256,32,4096,115.671
128,256,32,8192,199.863
128,256,32,16384,367.823
128,256,64,16,21.5577
128,256,64,32,21.568
128,256,64,64,22.2397
128,256,64,128,27.5953
128,256,64,256,33.4407
128,256,64,512,49.3553
128,256,64,1024,75.466
128,256,64,2048,118.945
128,256,64,4096,203.117
128,256,64,8192,373.189
128,256,64,16384,707.912
128,256,128,16,26.784
128,256,128,32,27.4343
128,256,128,64,28.0117
128,256,128,128,34.8697
128,256,128,256,45.5903
128,256,128,512,70.934
128,256,128,1024,103.734
128,256,128,2048,175.757
128,256,128,4096,316.73
128,256,128,8192,605.181
128,256,128,16384,1180.49
128,512,0,0,25.7713
128,512,1,16,26.0267
128,512,1,32,26.1333
128,512,1,64,25.0887
128,512,1,128,25.3233
128,512,1,256,26.411
128,512,1,512,24.4583
128,512,1,1024,24.8003
128,512,1,2048,23.7233
128,512,1,4096,28.3623
128,512,1,8192,35.1573
128,512,1,16384,50.9447
128,512,2,16,26.5817
128,512,2,32,26.2293
128,512,2,64,24.8857
128,512,2,128,25.9307
128,512,2,256,26.6463
128,512,2,512,26.774
128,512,2,1024,24.619
128,512,2,2048,25.3337
128,512,2,4096,28.928
128,512,2,8192,36.2773
128,512,2,16384,51.4247
128,512,4,16,26.507
128,512,4,32,26.6557
128,512,4,64,26.4957
128,512,4,128,26.6573
128,512,4,256,24.896
128,512,4,512,24.865
128,512,4,1024,25.387
128,512,4,2048,26.3893
128,512,4,4096,30.3257
128,512,4,8192,39.1793
128,512,4,16384,59.158
128,512,8,16,27.1043
128,512,8,32,27.2853
128,512,8,64,27.1043
128,512,8,128,26.6457
128,512,8,256,26.6563
128,512,8,512,26.528
128,512,8,1024,27.381
128,512,8,2048,29.9313
128,512,8,4096,38.369
128,512,8,8192,58.977
128,512,8,16384,103.03
128,512,16,16,24.8217
128,512,16,32,24.6823
128,512,16,64,24.9177
128,512,16,128,25.0563
128,512,16,256,25.472
128,512,16,512,26.5393
128,512,16,1024,37.558
128,512,16,2048,40.1617
128,512,16,4096,59.9797
128,512,16,8192,111.532
128,512,16,16384,195.97
128,512,32,16,25.5043
128,512,32,32,25.2807
128,512,32,64,25.899
128,512,32,128,25.92
128,512,32,256,27.8727
128,512,32,512,38.4323
128,512,32,1024,48.545
128,512,32,2048,71.4353
128,512,32,4096,114.647
128,512,32,8192,199.043
128,512,32,16384,366.788
128,512,64,16,27.3393
128,512,64,32,27.4347
128,512,64,64,28.4163
128,512,64,128,32.7677
128,512,64,256,36.395
128,512,64,512,50.059
128,512,64,1024,74.4437
128,512,64,2048,118.017
128,512,64,4096,203.362
128,512,64,8192,369.999
128,512,64,16384,703.796
128,512,128,16,34.123
128,512,128,32,33.8887
128,512,128,64,34.9873
128,512,128,128,40.9287
128,512,128,256,50.8377
128,512,128,512,72.5873
128,512,128,1024,103.137
128,512,128,2048,173.581
128,512,128,4096,316.911
128,512,128,8192,604.637
128,512,128,16384,1184.36
128,1024,0,0,25.6643
128,1024,1,16,26.5603
128,1024,1,32,26.6137
128,1024,1,64,26.7203
128,1024,1,128,26.688
128,1024,1,256,26.261
128,1024,1,512,26.9013
128,1024,1,1024,26.5817
128,1024,1,2048,25.3123
128,1024,1,4096,28.224
128,1024,1,8192,35.392
128,1024,1,16384,51.4783
128,1024,2,16,26.5173
128,1024,2,32,26.4003
128,1024,2,64,26.753
128,1024,2,128,26.9873
128,1024,2,256,26.3257
128,1024,2,512,27.2107
128,1024,2,1024,26.9127
128,1024,2,2048,27.2
128,1024,2,4096,28.8533
128,1024,2,8192,36.3203
128,1024,2,16384,52.9603
128,1024,4,16,26.5703
128,1024,4,32,26.5597
128,1024,4,64,26.5607
128,1024,4,128,26.9973
128,1024,4,256,26.4537
128,1024,4,512,26.71
128,1024,4,1024,28.1813
128,1024,4,2048,27.2217
128,1024,4,4096,30.859
128,1024,4,8192,40.9497
128,1024,4,16384,60.5233
128,1024,8,16,27.584
128,1024,8,32,27.5203
128,1024,8,64,27.7557
128,1024,8,128,27.6273
128,1024,8,256,27.6593
128,1024,8,512,28.2667
128,1024,8,1024,29.483
128,1024,8,2048,31.179
128,1024,8,4096,40.128
128,1024,8,8192,59.286
128,1024,8,16384,93.5587
128,1024,16,16,27.115
128,1024,16,32,26.6457
128,1024,16,64,26.6877
128,1024,16,128,27.0197
128,1024,16,256,27.7133
128,1024,16,512,27.733
128,1024,16,1024,31.3813
128,1024,16,2048,50.572
128,1024,16,4096,59.5417
128,1024,16,8192,94.9023
128,1024,16,16384,194.231
128,1024,32,16,26.8797
128,1024,32,32,26.9873
128,1024,32,64,27.2107
128,1024,32,128,26.9117
128,1024,32,256,29.7387
128,1024,32,512,33.6317
128,1024,32,1024,49.2703
128,1024,32,2048,72.0647
128,1024,32,4096,113.324
128,1024,32,8192,199.341
128,1024,32,16384,366.159
128,1024,64,16,28.406
128,1024,64,32,28.5983
128,1024,64,64,28.768
128,1024,64,128,33.152
128,1024,64,256,38.9447
128,1024,64,512,51.371
128,1024,64,1024,75.4567
128,1024,64,2048,117.634
128,1024,64,4096,202.413
128,1024,64,8192,372.239
128,1024,64,16384,710.974
128,1024,128,16,37.4613
128,1024,128,32,37.6223
128,1024,128,64,38.3577
128,1024,128,128,41.5907
128,1024,128,256,51.7873
128,1024,128,512,70.9123
128,1024,128,1024,107.543
128,1024,128,2048,173.666
128,1024,128,4096,315.364
128,1024,128,8192,608.06
128,1024,128,16384,1186.49
128,2048,0,0,29.3873
128,2048,1,16,29.8133
128,2048,1,32,29.8663
128,2048,1,64,29.8247
128,2048,1,128,29.8773
128,2048,1,256,29.7067
128,2048,1,512,29.28
128,2048,1,1024,29.8353
128,2048,1,2048,29.3977
128,2048,1,4096,28.683
128,2048,1,8192,36.0533
128,2048,1,16384,51.8627
128,2048,2,16,29.8023
128,2048,2,32,29.7923
128,2048,2,64,29.8773
128,2048,2,128,29.8667
128,2048,2,256,30.5817
128,2048,2,512,29.718
128,2048,2,1024,30.4647
128,2048,2,2048,30.3253
128,2048,2,4096,29.536
128,2048,2,8192,36.5653
128,2048,2,16384,54.1233
128,2048,4,16,29.675
128,2048,4,32,29.7813
128,2048,4,64,29.9093
128,2048,4,128,29.7823
128,2048,4,256,30.305
128,2048,4,512,30.0693
128,2048,4,1024,30.1013
128,2048,4,2048,33.4937
128,2048,4,4096,32.5343
128,2048,4,8192,41.6753
128,2048,4,16384,61.0567
128,2048,8,16,30.3787
128,2048,8,32,30.3147
128,2048,8,64,30.667
128,2048,8,128,30.5393
128,2048,8,256,30.8273
128,2048,8,512,31.2
128,2048,8,1024,32.213
128,2048,8,2048,33.3333
128,2048,8,4096,52.459
128,2048,8,8192,60.609
128,2048,8,16384,92.4277
128,2048,16,16,27.4457
128,2048,16,32,27.8513
128,2048,16,64,27.7333
128,2048,16,128,30.5717
128,2048,16,256,30.6027
128,2048,16,512,30.806
128,2048,16,1024,35.2217
128,2048,16,2048,51.0193
128,2048,16,4096,76.8863
128,2048,16,8192,95.0413
128,2048,16,16384,162.477
128,2048,32,16,29.3547
128,2048,32,32,29.3123
128,2048,32,64,29.632
128,2048,32,128,31.648
128,2048,32,256,35.297
128,2048,32,512,37.6117
128,2048,32,1024,46.977
128,2048,32,2048,71.5423
128,2048,32,4096,112.065
128,2048,32,8192,195.384
128,2048,32,16384,365.189
128,2048,64,16,34.4327
128,2048,64,32,34.859
128,2048,64,64,35.8293
128,2048,64,128,34.091
128,2048,64,256,39.5307
128,2048,64,512,52.2243
128,2048,64,1024,74.4117
128,2048,64,2048,116.609
128,2048,64,4096,199.938
128,2048,64,8192,368.111
128,2048,64,16384,705.673
128,2048,128,16,38.8913
128,2048,128,32,38.8803
128,2048,128,64,39.6163
128,2048,128,128,46.0803
128,2048,128,256,52.128
128,2048,128,512,70.1877
128,2048,128,1024,105.73
128,2048,128,2048,170.402
128,2048,128,4096,312.153
128,2048,128,8192,604.263
128,2048,128,16384,1188.91
128,4096,0,0,34.3893
128,4096,1,16,34.848
128,4096,1,32,34.592
128,4096,1,64,34.8167
128,4096,1,128,34.6883
128,4096,1,256,34.379
128,4096,1,512,34.507
128,4096,1,1024,34.6457
128,4096,1,2048,34.528
128,4096,1,4096,34.5923
128,4096,1,8192,35.84
128,4096,1,16384,53.4407
128,4096,2,16,35.115
128,4096,2,32,35.1583
128,4096,2,64,35.0717
128,4096,2,128,35.1367
128,4096,2,256,35.4563
128,4096,2,512,35.1573
128,4096,2,1024,35.0507
128,4096,2,2048,35.104
128,4096,2,4096,35.4353
128,4096,2,8192,37.0667
128,4096,2,16384,54.369
128,4096,4,16,34.9763
128,4096,4,32,34.881
128,4096,4,64,34.9123
128,4096,4,128,35.0517
128,4096,4,256,35.083
128,4096,4,512,35.1147
128,4096,4,1024,34.912
128,4096,4,2048,35.6487
128,4096,4,4096,47.3283
128,4096,4,8192,44.16
128,4096,4,16384,63.446
128,4096,8,16,35.808
128,4096,8,32,35.8503
128,4096,8,64,35.904
128,4096,8,128,35.5307
128,4096,8,256,35.787
128,4096,8,512,35.6807
128,4096,8,1024,36.587
128,4096,8,2048,45.632
128,4096,8,4096,45.75
128,4096,8,8192,80.7367
128,4096,8,16384,97.1533
128,4096,16,16,35.2647
128,4096,16,32,35.4893
128,4096,16,64,35.4243
128,4096,16,128,33.9623
128,4096,16,256,36.2563
128,4096,16,512,35.99
128,4096,16,1024,44.0863
128,4096,16,2048,50.475
128,4096,16,4096,76.5447
128,4096,16,8192,120.834
128,4096,16,16384,162.967
128,4096,32,16,33.2693
128,4096,32,32,33.3977
128,4096,32,64,33.2583
128,4096,32,128,36.171
128,4096,32,256,35.2323
128,4096,32,512,44.7683
128,4096,32,1024,53.131
128,4096,32,2048,71.8193
128,4096,32,4096,111.521
128,4096,32,8192,190.082
128,4096,32,16384,357.775
128,4096,64,16,39.0833
128,4096,64,32,39.0513
128,4096,64,64,39.8087
128,4096,64,128,42.2833
128,4096,64,256,47.7657
128,4096,64,512,53.7187
128,4096,64,1024,74.785
128,4096,64,2048,114.284
128,4096,64,4096,195.074
128,4096,64,8192,362.33
128,4096,64,16384,700.382
128,4096,128,16,45.7917
128,4096,128,32,46.0267
128,4096,128,64,46.2297
128,4096,128,128,49.419
128,4096,128,256,58.2833
128,4096,128,512,78.8803
128,4096,128,1024,106.924
128,4096,128,2048,173.793
128,4096,128,4096,307.715
128,4096,128,8192,599.154
128,4096,128,16384,1181.44
128,8192,0,0,43.691
128,8192,1,16,44.4803
128,8192,1,32,43.7443
128,8192,1,64,44.0327
128,8192,1,128,44.1067
128,8192,1,256,43.841
128,8192,1,512,44.3313
128,8192,1,1024,44.0747
128,8192,1,2048,43.616
128,8192,1,4096,44.3307
128,8192,1,8192,43.9473
128,8192,1,16384,53.312
128,8192,2,16,44.1817
128,8192,2,32,44.0217
128,8192,2,64,44.395
128,8192,2,128,44.3947
128,8192,2,256,44.395
128,8192,2,512,43.9043
128,8192,2,1024,44.1933
128,8192,2,2048,44.5663
128,8192,2,4096,44.5763
128,8192,2,8192,48.9823
128,8192,2,16384,55.9577
128,8192,4,16,44.299
128,8192,4,32,44.1603
128,8192,4,64,44.2887
128,8192,4,128,44.1813
128,8192,4,256,44.15
128,8192,4,512,44.065
128,8192,4,1024,44.1823
128,8192,4,2048,44.459
128,8192,4,4096,48.0003
128,8192,4,8192,75.2853
128,8192,4,16384,92.673
128,8192,8,16,44.6943
128,8192,8,32,44.972
128,8192,8,64,44.9717
128,8192,8,128,44.897
128,8192,8,256,45.014
128,8192,8,512,45.024
128,8192,8,1024,45.2597
128,8192,8,2048,48.6737
128,8192,8,4096,68.6407
128,8192,8,8192,90.7207
128,8192,8,16384,127.158
128,8192,16,16,44.491
128,8192,16,32,44.417
128,8192,16,64,44.706
128,8192,16,128,44.4373
128,8192,16,256,44.7263
128,8192,16,512,42.444
128,8192,16,1024,49.174
128,8192,16,2048,60.8643
128,8192,16,4096,91.0197
128,8192,16,8192,120.951
128,8192,16,16384,211.491
128,8192,32,16,44.9923
128,8192,32,32,45.0353
128,8192,32,64,44.822
128,8192,32,128,47.0833
128,8192,32,256,50.081
128,8192,32,512,50.283
128,8192,32,1024,62.9657
128,8192,32,2048,94.785
128,8192,32,4096,110.273
128,8192,32,8192,182.018
128,8192,32,16384,347.812
128,8192,64,16,47.382
128,8192,64,32,47.7663
128,8192,64,64,48.4803
128,8192,64,128,47.8833
128,8192,64,256,58.5293
128,8192,64,512,64.3523
128,8192,64,1024,81.1103
128,8192,64,2048,115.02
128,8192,64,4096,187.608
128,8192,64,8192,352.783
128,8192,64,16384,686.547
128,8192,128,16,53.6537
128,8192,128,32,53.7397
128,8192,128,64,53.9313
128,8192,128,128,61.7813
128,8192,128,256,67.7877
128,8192,128,512,80.7583
128,8192,128,1024,123.788
128,8192,128,2048,176.109
128,8192,128,4096,321.06
128,8192,128,8192,591.751
128,8192,128,16384,1177.32
128,16384,0,0,60.0653
128,16384,1,16,60.9393
128,16384,1,32,61.2383
128,16384,1,64,60.9073
128,16384,1,128,61.0677
128,16384,1,256,61.2597
128,16384,1,512,61.1637
128,16384,1,1024,60.747
128,16384,1,2048,61.174
128,16384,1,4096,84.961
128,16384,1,8192,65.9633
128,16384,1,16384,66.6997
128,16384,2,16,61.4417
128,16384,2,32,61.302
128,16384,2,64,61.686
128,16384,2,128,61.7503
128,16384,2,256,61.547
128,16384,2,512,61.387
128,16384,2,1024,58.5827
128,16384,2,2048,85.622
128,16384,2,4096,65.953
128,16384,2,8192,66.71
128,16384,2,16384,102.199
128,16384,4,16,61.6853
128,16384,4,32,61.355
128,16384,4,64,61.1213
128,16384,4,128,61.5793
128,16384,4,256,61.142
128,16384,4,512,62.1237
128,16384,4,1024,70.6033
128,16384,4,2048,66.251
128,16384,4,4096,67.329
128,16384,4,8192,102.861
128,16384,4,16384,121.474
128,16384,8,16,61.814
128,16384,8,32,62.1447
128,16384,8,64,62.187
128,16384,8,128,59.8937
128,16384,8,256,59.5107
128,16384,8,512,63.595
128,16384,8,1024,67.1057
128,16384,8,2048,68.5133
128,16384,8,4096,76.385
128,16384,8,8192,108.972
128,16384,8,16384,149.623
128,16384,16,16,61.345
128,16384,16,32,61.4517
128,16384,16,64,60.6723
128,16384,16,128,65.2277
128,16384,16,256,67.4243
128,16384,16,512,66.753
128,16384,16,1024,67.425
128,16384,16,2048,75.9793
128,16384,16,4096,93.3463
128,16384,16,8192,151.756
128,16384,16,16384,205.187
128,16384,32,16,64.5237
128,16384,32,32,64.3317
128,16384,32,64,64.5027
128,16384,32,128,67.467
128,16384,32,256,67.7443
128,16384,32,512,72.94
128,16384,32,1024,78.5393
128,16384,32,2048,95.5637
128,16384,32,4096,155.095
128,16384,32,8192,183.181
128,16384,32,16384,326.948
128,16384,64,16,65.4723
128,16384,64,32,65.4943
128,16384,64,64,65.996
128,16384,64,128,71.9157
128,16384,64,256,74.0703
128,16384,64,512,78.4757
128,16384,64,1024,98.3373
128,16384,64,2048,132.407
128,16384,64,4096,186.306
128,16384,64,8192,331.055
128,16384,64,16384,671.443
128,16384,128,16,71.958
128,16384,128,32,71.8943
128,16384,128,64,72.737
128,16384,128,128,80.7797
128,16384,128,256,83.4247
128,16384,128,512,97.527
128,16384,128,1024,119.735
128,16384,128,2048,199.949
128,16384,128,4096,313.337
128,16384,128,8192,599.346
128,16384,128,16384,1151.45
256,0,0,0,18.571
256,0,1,16,18.2407
256,0,1,32,18.4637
256,0,1,64,18.4963
256,0,1,128,18.4753
256,0,1,256,19.2007
256,0,1,512,23.467
256,0,1,1024,24.384
256,0,1,2048,29.376
256,0,1,4096,26.1333
256,0,1,8192,34.806
256,0,1,16384,50.8703
256,0,2,16,18.5927
256,0,2,32,18.4743
256,0,2,64,18.4323
256,0,2,128,17.8773
256,0,2,256,19.286
256,0,2,512,23.776
256,0,2,1024,24.843
256,0,2,2048,27.6797
256,0,2,4096,27.8617
256,0,2,8192,36.1817
256,0,2,16384,52.5767
256,0,4,16,18.1123
256,0,4,32,18.2397
256,0,4,64,18.294
256,0,4,128,18.1117
256,0,4,256,19.1367
256,0,4,512,23.093
256,0,4,1024,23.6697
256,0,4,2048,29.1953
256,0,4,4096,30.1123
256,0,4,8192,40.128
256,0,4,16384,61.5367
256,0,8,16,18.2827
256,0,8,32,18.3997
256,0,8,64,18.3257
256,0,8,128,18.2723
256,0,8,256,19.104
256,0,8,512,23.7867
256,0,8,1024,24.48
256,0,8,2048,31.0947
256,0,8,4096,41.9847
256,0,8,8192,62.966
256,0,8,16384,97.0463
256,0,16,16,18.3577
256,0,16,32,18.0693
256,0,16,64,18.507
256,0,16,128,18.0803
256,0,16,256,19.0187
256,0,16,512,24.0963
256,0,16,1024,34.9333
256,0,16,2048,44.7683
256,0,16,4096,64.48
256,0,16,8192,115.052
256,0,16,16384,196.056
256,0,32,16,18.2517
256,0,32,32,18.592
256,0,32,64,18.2933
256,0,32,128,18.2087
256,0,32,256,20.7897
256,0,32,512,34.976
256,0,32,1024,47.0617
256,0,32,2048,74.5077
256,0,32,4096,116.94
256,0,32,8192,201.017
256,0,32,16384,369.839
256,0,64,16,21.7173
256,0,64,32,22.0697
256,0,64,64,22.944
256,0,64,128,26.4853
256,0,64,256,31.8827
256,0,64,512,49.526
256,0,64,1024,76.6517
256,0,64,2048,119.67
256,0,64,4096,203.842
256,0,64,8192,375.834
256,0,64,16384,708.392
256,0,128,16,27.0517
256,0,128,32,27.7223
256,0,128,64,28.7043
256,0,128,128,33.7183
256,0,128,256,41.8993
256,0,128,512,68.1923
256,0,128,1024,107.83
256,0,128,2048,177.783
256,0,128,4096,319.641
256,0,128,8192,605.437
256,0,128,16384,1184.93
256,16,0,0,19.1573
256,16,1,16,19.5523
256,16,1,32,19.125
256,16,1,64,19.2323
256,16,1,128,19.3713
256,16,1,256,19.1053
256,16,1,512,24.2993
256,16,1,1024,24.416
256,16,1,2048,29.568
256,16,1,4096,28.128
256,16,1,8192,34.9123
256,16,1,16384,51.0303
256,16,2,16,19.1147
256,16,2,32,19.296
256,16,2,64,19.286
256,16,2,128,19.104
256,16,2,256,19.4557
256,16,2,512,24.907
256,16,2,1024,24.8537
256,16,2,2048,29.9947
256,16,2,4096,27.349
256,16,2,8192,36.3627
256,16,2,16384,52.9923
256,16,4,16,19.3067
256,16,4,32,19.1153
256,16,4,64,19.0297
256,16,4,128,19.0717
256,16,4,256,19.1897
256,16,4,512,25.1843
256,16,4,1024,25.6213
256,16,4,2048,28.9393
256,16,4,4096,30.785
256,16,4,8192,41.7817
256,16,4,16384,61.8143
256,16,8,16,19.1797
256,16,8,32,19.2753
256,16,8,64,19.2107
256,16,8,128,19.115
256,16,8,256,19.2537
256,16,8,512,24.555
256,16,8,1024,24.2143
256,16,8,2048,30.955
256,16,8,4096,39.1047
256,16,8,8192,63.51
256,16,8,16384,95.5747
256,16,16,16,19.0187
256,16,16,32,19.1683
256,16,16,64,19.1253
256,16,16,128,19.04
256,16,16,256,19.0723
256,16,16,512,25.1957
256,16,16,1024,35.4027
256,16,16,2048,44.747
256,16,16,4096,64.1503
256,16,16,8192,113.953
256,16,16,16384,199.896
256,16,32,16,19.0293
256,16,32,32,19.19
256,16,32,64,19.2533
256,16,32,128,18.934
256,16,32,256,21.035
256,16,32,512,31.371
256,16,32,1024,46.9447
256,16,32,2048,75.1267
256,16,32,4096,117.516
256,16,32,8192,202.829
256,16,32,16384,368.121
256,16,64,16,21.9737
256,16,64,32,22.1553
256,16,64,64,23.1043
256,16,64,128,26.4853
256,16,64,256,31.4453
256,16,64,512,49.6963
256,16,64,1024,76.3957
256,16,64,2048,120.428
256,16,64,4096,202.552
256,16,64,8192,376.048
256,16,64,16384,709.107
256,16,128,16,27.2327
256,16,128,32,27.414
256,16,128,64,28.5973
256,16,128,128,33.9413
256,16,128,256,41.1417
256,16,128,512,69.174
256,16,128,1024,106.754
256,16,128,2048,177.943
256,16,128,4096,319.3
256,16,128,8192,607.666
256,16,128,16384,1186.41
256,32,0,0,19.2107
256,32,1,16,19.211
256,32,1,32,19.574
256,32,1,64,19.168
256,32,1,128,19.5207
256,32,1,256,19.488
256,32,1,512,24.32
256,32,1,1024,24.5543
256,32,1,2048,29.2483
256,32,1,4096,28.0437
256,32,1,8192,34.72
256,32,1,16384,51.0627
256,32,2,16,19.147
256,32,2,32,19.4877
256,32,2,64,19.4357
256,32,2,128,19.136
256,32,2,256,19.296
256,32,2,512,25.248
256,32,2,1024,25.0137
256,32,2,2048,29.9097
256,32,2,4096,27.9463
256,32,2,8192,36.1173
256,32,2,16384,52.481
256,32,4,16,19.211
256,32,4,32,19.04
256,32,4,64,19.169
256,32,4,128,19.2537
256,32,4,256,19.1143
256,32,4,512,25.0773
256,32,4,1024,26.0373
256,32,4,2048,29.3227
256,32,4,4096,29.9517
256,32,4,8192,41.686
256,32,4,16384,62.7957
256,32,8,16,19.136
256,32,8,32,19.264
256,32,8,64,19.264
256,32,8,128,19.1693
256,32,8,256,19.4453
256,32,8,512,24.4803
256,32,8,1024,24.9923
256,32,8,2048,31.201
256,32,8,4096,39.3067
256,32,8,8192,61.889
256,32,8,16384,95.212
256,32,16,16,19.3177
256,32,16,32,19.2963
256,32,16,64,19.318
256,32,16,128,19.2
256,32,16,256,19.019
256,32,16,512,25.0557
256,32,16,1024,35.0083
256,32,16,2048,45.654
256,32,16,4096,66.1343
256,32,16,8192,114.38
256,32,16,16384,199.789
256,32,32,16,19.1787
256,32,32,32,19.1257
256,32,32,64,19.424
256,32,32,128,18.9337
256,32,32,256,21.163
256,32,32,512,31.734
256,32,32,1024,47.8297
256,32,32,2048,75.0843
256,32,32,4096,117.729
256,32,32,8192,200.739
256,32,32,16384,369.37
256,32,64,16,21.995
256,32,64,32,21.963
256,32,64,64,22.9233
256,32,64,128,26.2403
256,32,64,256,32.15
256,32,64,512,49.014
256,32,64,1024,75.233
256,32,64,2048,118.945
256,32,64,4096,203.011
256,32,64,8192,372.218
256,32,64,16384,706.665
256,32,128,16,27.04
256,32,128,32,27.392
256,32,128,64,28.64
256,32,128,128,33.824
256,32,128,256,42.3257
256,32,128,512,69.8997
256,32,128,1024,103.98
256,32,128,2048,176.536
256,32,128,4096,319.268
256,32,128,8192,606.205
256,32,128,16384,1182.8
256,64,0,0,19.9037
256,64,1,16,20.0647
256,64,1,32,19.8183
256,64,1,64,20.2027
256,64,1,128,19.7973
256,64,1,256,19.7447
256,64,1,512,24.6183
256,64,1,1024,24.5333
256,64,1,2048,29.5573
256,64,1,4096,28.096
256,64,1,8192,34.7527
256,64,1,16384,50.8487
256,64,2,16,20.118
256,64,2,32,19.6593
256,64,2,64,19.755
256,64,2,128,19.9253
256,64,2,256,19.99
256,64,2,512,25.056
256,64,2,1024,25.184
256,64,2,2048,30.379
256,64,2,4096,27.393
256,64,2,8192,36.6183
256,64,2,16384,53.0357
256,64,4,16,19.691
256,64,4,32,19.7653
256,64,4,64,19.8193
256,64,4,128,19.7013
256,64,4,256,19.8187
256,64,4,512,25.739
256,64,4,1024,25.782
256,64,4,2048,28.7043
256,64,4,4096,29.7387
256,64,4,8192,41.3227
256,64,4,16384,62.0803
256,64,8,16,19.9257
256,64,8,32,19.862
256,64,8,64,19.68
256,64,8,128,19.9157
256,64,8,256,19.8183
256,64,8,512,25.1207
256,64,8,1024,25.0773
256,64,8,2048,31.4993
256,64,8,4096,38.827
256,64,8,8192,63.6913
256,64,8,16384,94.9557
256,64,16,16,19.8187
256,64,16,32,19.637
256,64,16,64,19.893
256,64,16,128,19.8727
256,64,16,256,19.8297
256,64,16,512,25.0563
256,64,16,1024,35.126
256,64,16,2048,45.7923
256,64,16,4096,64.4707
256,64,16,8192,113.516
256,64,16,16384,198.178
256,64,32,16,19.8193
256,64,32,32,20.032
256,64,32,64,19.8403
256,64,32,128,19.4773
256,64,32,256,21.184
256,64,32,512,31.7977
256,64,32,1024,46.7517
256,64,32,2048,74.646
256,64,32,4096,117.911
256,64,32,8192,201.74
256,64,32,16384,369.956
256,64,64,16,21.8453
256,64,64,32,21.8987
256,64,64,64,22.8167
256,64,64,128,26.571
256,64,64,256,32.4157
256,64,64,512,49.5467
256,64,64,1024,76.7163
256,64,64,2048,119.062
256,64,64,4096,205.069
256,64,64,8192,373.615
256,64,64,16384,707.208
256,64,128,16,27.1587
256,64,128,32,27.563
256,64,128,64,28.3833
256,64,128,128,33.771
256,64,128,256,41.8883
256,64,128,512,69.6867
256,64,128,1024,105.58
256,64,128,2048,177.272
256,64,128,4096,318.468
256,64,128,8192,609.906
256,64,128,16384,1187.32
256,128,0,0,19.9577
256,128,1,16,20.288
256,128,1,32,19.936
256,128,1,64,20.0967
256,128,1,128,20.256
256,128,1,256,20.0103
256,128,1,512,25.7707
256,128,1,1024,24.619
256,128,1,2048,29.6647
256,128,1,4096,28.0003
256,128,1,8192,34.7627
256,128,1,16384,51.1893
256,128,2,16,19.947
256,128,2,32,19.5843
256,128,2,64,19.9037
256,128,2,128,19.968
256,128,2,256,20.0003
256,128,2,512,26.4967
256,128,2,1024,25.2493
256,128,2,2048,30.4647
256,128,2,4096,27.3287
256,128,2,8192,36.395
256,128,2,16384,53.452
256,128,4,16,19.6903
256,128,4,32,19.9257
256,128,4,64,19.5093
256,128,4,128,19.841
256,128,4,256,19.5633
256,128,4,512,27.083
256,128,4,1024,26.08
256,128,4,2048,29.814
256,128,4,4096,29.9737
256,128,4,8192,41.6117
256,128,4,16384,61.3243
256,128,8,16,19.6487
256,128,8,32,19.6373
256,128,8,64,19.7653
256,128,8,128,19.52
256,128,8,256,19.616
256,128,8,512,26.2297
256,128,8,1024,25.7607
256,128,8,2048,31.051
256,128,8,4096,40.203
256,128,8,8192,65.355
256,128,8,16384,97.7503
256,128,16,16,19.5737
256,128,16,32,19.637
256,128,16,64,19.819
256,128,16,128,19.5637
256,128,16,256,19.51
256,128,16,512,24.843
256,128,16,1024,36.8747
256,128,16,2048,47.8513
256,128,16,4096,66.9877
256,128,16,8192,114.327
256,128,16,16384,196.439
256,128,32,16,19.8197
256,128,32,32,19.8937
256,128,32,64,19.8403
256,128,32,128,19.584
256,128,32,256,20.6613
256,128,32,512,31.2333
256,128,32,1024,48.193
256,128,32,2048,72.8757
256,128,32,4096,116.193
256,128,32,8192,201.122
256,128,32,16384,368.943
256,128,64,16,21.867
256,128,64,32,22.08
256,128,64,64,22.315
256,128,64,128,26.6667
256,128,64,256,32.0103
256,128,64,512,49.3233
256,128,64,1024,74.6883
256,128,64,2048,117.91
256,128,64,4096,202.978
256,128,64,8192,371.301
256,128,64,16384,710.078
256,128,128,16,27.318
256,128,128,32,27.382
256,128,128,64,28.396
256,128,128,128,34.3043
256,128,128,256,43.7653
256,128,128,512,70.1237
256,128,128,1024,103.116
256,128,128,2048,178.072
256,128,128,4096,318.628
256,128,128,8192,607.943
256,128,128,16384,1181.33
256,256,0,0,21.5577
256,256,1,16,21.7603
256,256,1,32,21.5573
256,256,1,64,21.4197
256,256,1,128,21.793
256,256,1,256,21.28
256,256,1,512,27.02
256,256,1,1024,25.653
256,256,1,2048,29.8237
256,256,1,4096,28.3207
256,256,1,8192,36.9177
256,256,1,16384,51.3713
256,256,2,16,21.3543
256,256,2,32,21.4933
256,256,2,64,21.558
256,256,2,128,21.3863
256,256,2,256,21.526
256,256,2,512,27.0517
256,256,2,1024,25.9633
256,256,2,2048,30.4013
256,256,2,4096,29.1097
256,256,2,8192,36.4273
256,256,2,16384,53.0357
256,256,4,16,21.2907
256,256,4,32,21.2587
256,256,4,64,21.2693
256,256,4,128,21.4297
256,256,4,256,21.2373
256,256,4,512,27.9677
256,256,4,1024,26.1983
256,256,4,2048,30.5163
256,256,4,4096,29.7607
256,256,4,8192,41.3657
256,256,4,16384,62.539
256,256,8,16,21.3657
256,256,8,32,21.184
256,256,8,64,21.611
256,256,8,128,21.4507
256,256,8,256,21.269
256,256,8,512,25.675
256,256,8,1024,26.1447
256,256,8,2048,31.1473
256,256,8,4096,39.5207
256,256,8,8192,64.961
256,256,8,16384,99.777
256,256,16,16,21.1837
256,256,16,32,21.2373
256,256,16,64,21.2803
256,256,16,128,21.408
256,256,16,256,21.2377
256,256,16,512,34.049
256,256,16,1024,30.3683
256,256,16,2048,49.3343
256,256,16,4096,68.844
256,256,16,8192,101.516
256,256,16,16384,198.105
256,256,32,16,21.3547
256,256,32,32,21.387
256,256,32,64,21.3553
256,256,32,128,21.4613
256,256,32,256,21.6213
256,256,32,512,31.532
256,256,32,1024,48.79
256,256,32,2048,72.203
256,256,32,4096,116.033
256,256,32,8192,200.077
256,256,32,16384,368.644
256,256,64,16,21.7923
256,256,64,32,21.941
256,256,64,64,22.5493
256,256,64,128,26.8163
256,256,64,256,32.7363
256,256,64,512,50.4973
256,256,64,1024,71.649
256,256,64,2048,117.622
256,256,64,4096,203.202
256,256,64,8192,370.607
256,256,64,16384,708.008
256,256,128,16,27.723
256,256,128,32,28.042
256,256,128,64,29.0567
256,256,128,128,34.4427
256,256,128,256,44.5127
256,256,128,512,70.486
256,256,128,1024,102.913
256,256,128,2048,175.416
256,256,128,4096,318.137
256,256,128,8192,606.002
256,256,128,16384,1182.79
256,512,0,0,27.232
256,512,1,16,28.15
256,512,1,32,28.107
256,512,1,64,27.9683
256,512,1,128,28.3737
256,512,1,256,27.3497
256,512,1,512,27.9043
256,512,1,1024,28.78
256,512,1,2048,29.8457
256,512,1,4096,28.224
256,512,1,8192,36.928
256,512,1,16384,53.387
256,512,2,16,28.459
256,512,2,32,28.0967
256,512,2,64,28.3523
256,512,2,128,28.63
256,512,2,256,28.3303
256,512,2,512,28.886
256,512,2,1024,29.3863
256,512,2,2048,30.464
256,512,2,4096,28.7897
256,512,2,8192,38.049
256,512,2,16384,53.472
256,512,4,16,28.2883
256,512,4,32,28.3407
256,512,4,64,28.523
256,512,4,128,29.1627
256,512,4,256,29.547
256,512,4,512,29.1957
256,512,4,1024,29.91
256,512,4,2048,30.4747
256,512,4,4096,40.6403
256,512,4,8192,41.6
256,512,4,16384,60.9823
256,512,8,16,29.099
256,512,8,32,28.683
256,512,8,64,28.6617
256,512,8,128,28.0217
256,512,8,256,29.0567
256,512,8,512,28.6087
256,512,8,1024,29.44
256,512,8,2048,32.907
256,512,8,4096,39.0937
256,512,8,8192,68.9397
256,512,8,16384,103.03
256,512,16,16,29.473
256,512,16,32,29.419
256,512,16,64,29.365
256,512,16,128,29.3873
256,512,16,256,29.5047
256,512,16,512,35.2113
256,512,16,1024,41.227
256,512,16,2048,52.214
256,512,16,4096,70.5827
256,512,16,8192,104.62
256,512,16,16384,194.925
256,512,32,16,27.819
256,512,32,32,28.213
256,512,32,64,28.054
256,512,32,128,31.957
256,512,32,256,36.939
256,512,32,512,42.7843
256,512,32,1024,49.462
256,512,32,2048,70.326
256,512,32,4096,115.297
256,512,32,8192,197.826
256,512,32,16384,366.809
256,512,64,16,33.8567
256,512,64,32,33.7817
256,512,64,64,34.017
256,512,64,128,35.7867
256,512,64,256,37.835
256,512,64,512,50.6043
256,512,64,1024,71.126
256,512,64,2048,117.026
256,512,64,4096,200.621
256,512,64,8192,372.058
256,512,64,16384,705.288
256,512,128,16,40.3103
256,512,128,32,40.6723
256,512,128,64,41.1737
256,512,128,128,40.3417
256,512,128,256,50.2933
256,512,128,512,71.8837
256,512,128,1024,104.354
256,512,128,2048,174.338
256,512,128,4096,316.921
256,512,128,8192,605.469
256,512,128,16384,1183.34
256,1024,0,0,29.504
256,1024,1,16,29.9413
256,1024,1,32,29.899
256,1024,1,64,29.9417
256,1024,1,128,29.931
256,1024,1,256,29.9307
256,1024,1,512,29.931
256,1024,1,1024,29.8463
256,1024,1,2048,30.6027
256,1024,1,4096,28.7473
256,1024,1,8192,36.9817
256,1024,1,16384,54.2507
256,1024,2,16,30.965
256,1024,2,32,31.0617
256,1024,2,64,30.6993
256,1024,2,128,30.7847
256,1024,2,256,30.774
256,1024,2,512,30.87
256,1024,2,1024,30.9767
256,1024,2,2048,30.7207
256,1024,2,4096,32.6503
256,1024,2,8192,38.518
256,1024,2,16384,56.8433
256,1024,4,16,31.1047
256,1024,4,32,31.1043
256,1024,4,64,30.998
256,1024,4,128,31.0617
256,1024,4,256,31.1253
256,1024,4,512,31.2433
256,1024,4,1024,35.4457
256,1024,4,2048,30.7207
256,1024,4,4096,32.2773
256,1024,4,8192,56.257
256,1024,4,16384,62.027
256,1024,8,16,30.5067
256,1024,8,32,30.3473
256,1024,8,64,30.635
256,1024,8,128,30.5707
256,1024,8,256,30.6027
256,1024,8,512,35.2537
256,1024,8,1024,32.2667
256,1024,8,2048,32.555
256,1024,8,4096,54.6137
256,1024,8,8192,59.7553
256,1024,8,16384,107.682
256,1024,16,16,29.632
256,1024,16,32,30.3467
256,1024,16,64,29.9
256,1024,16,128,33.8673
256,1024,16,256,32.9393
256,1024,16,512,32.9497
256,1024,16,1024,43.7767
256,1024,16,2048,59.297
256,1024,16,4096,78.06
256,1024,16,8192,108.662
256,1024,16,16384,170.85
256,1024,32,16,33.6753
256,1024,32,32,33.8667
256,1024,32,64,33.8777
256,1024,32,128,31.8083
256,1024,32,256,36.0213
256,1024,32,512,45.6753
256,1024,32,1024,59.4033
256,1024,32,2048,71.979
256,1024,32,4096,112.033
256,1024,32,8192,195.992
256,1024,32,16384,363.951
256,1024,64,16,35.542
256,1024,64,32,35.7867
256,1024,64,64,37.3017
256,1024,64,128,39.2003
256,1024,64,256,42.8163
256,1024,64,512,51.3607
256,1024,64,1024,71.6597
256,1024,64,2048,113.612
256,1024,64,4096,199.16
256,1024,64,8192,368.282
256,1024,64,16384,714.259
256,1024,128,16,40.971
256,1024,128,32,41.2807
256,1024,128,64,41.8143
256,1024,128,128,48.534
256,1024,128,256,54.7317
256,1024,128,512,70.838
256,1024,128,1024,106.615
256,1024,128,2048,173.997
256,1024,128,4096,319.418
256,1024,128,8192,610.76
256,1024,128,16384,1189.19
256,2048,0,0,34.806
256,2048,1,16,34.9977
256,2048,1,32,35.179
256,2048,1,64,35.0407
256,2048,1,128,34.9553
256,2048,1,256,34.806
256,2048,1,512,34.955
256,2048,1,1024,34.6037
256,2048,1,2048,34.5287
256,2048,1,4096,32.6297
256,2048,1,8192,37.7507
256,2048,1,16384,54.9557
256,2048,2,16,35.467
256,2048,2,32,35.0187
256,2048,2,64,35.3603
256,2048,2,128,35.211
256,2048,2,256,35.254
256,2048,2,512,35.307
256,2048,2,1024,35.1253
256,2048,2,2048,35.0187
256,2048,2,4096,48.4693
256,2048,2,8192,38.1347
256,2048,2,16384,58.0913
256,2048,4,16,35.2003
256,2048,4,32,35.4457
256,2048,4,64,35.4133
256,2048,4,128,35.0403
256,2048,4,256,35.3073
256,2048,4,512,35.3607
256,2048,4,1024,35.36
256,2048,4,2048,46.4647
256,2048,4,4096,40.0223
256,2048,4,8192,45.1843
256,2048,4,16384,85.6333
256,2048,8,16,35.137
256,2048,8,32,34.8697
256,2048,8,64,35.052
256,2048,8,128,35.062
256,2048,8,256,35.0613
256,2048,8,512,35.1787
256,2048,8,1024,43.2533
256,2048,8,2048,39.4563
256,2048,8,4096,45.0353
256,2048,8,8192,75.5637
256,2048,8,16384,95.18
256,2048,16,16,35.2223
256,2048,16,32,35.424
256,2048,16,64,35.2643
256,2048,16,128,34.2187
256,2048,16,256,35.5093
256,2048,16,512,44.161
256,2048,16,1024,38.976
256,2048,16,2048,63.6597
256,2048,16,4096,73.3767
256,2048,16,8192,120.439
256,2048,16,16384,184.12
256,2048,32,16,37.0773
256,2048,32,32,37.3337
256,2048,32,64,37.4517
256,2048,32,128,40.396
256,2048,32,256,42.9977
256,2048,32,512,45.8567
256,2048,32,1024,66.8373
256,2048,32,2048,84.8757
256,2048,32,4096,108.193
256,2048,32,8192,190.648
256,2048,32,16384,358.127
256,2048,64,16,40.129
256,2048,64,32,40.3847
256,2048,64,64,41.2703
256,2048,64,128,40.8113
256,2048,64,256,48.7793
256,2048,64,512,58.4433
256,2048,64,1024,75.2757
256,2048,64,2048,109.004
256,2048,64,4096,193.261
256,2048,64,8192,360.388
256,2048,64,16384,703.326
256,2048,128,16,47.0513
256,2048,128,32,47.4563
256,2048,128,64,47.1577
256,2048,128,128,50.263
256,2048,128,256,62.9027
256,2048,128,512,79.0943
256,2048,128,1024,106.508
256,2048,128,2048,173.037
256,2048,128,4096,310.169
256,2048,128,8192,599.282
256,2048,128,16384,1193.86
256,4096,0,0,51.6697
256,4096,1,16,52.0223
256,4096,1,32,52.3637
256,4096,1,64,52.438
256,4096,1,128,51.9687
256,4096,1,256,51.947
256,4096,1,512,51.798
256,4096,1,1024,56.6197
256,4096,1,2048,55.8933
256,4096,1,4096,44.6407
256,4096,1,8192,44.918
256,4096,1,16384,56.2683
256,4096,2,16,53.0467
256,4096,2,32,52.406
256,4096,2,64,52.3207
256,4096,2,128,52.9173
256,4096,2,256,52.4267
256,4096,2,512,52.278
256,4096,2,1024,57.0463
256,4096,2,2048,45.5367
256,4096,2,4096,45.5153
256,4096,2,8192,71.595
256,4096,2,16384,82.9767
256,4096,4,16,52.9283
256,4096,4,32,52.534
256,4096,4,64,52.9713
256,4096,4,128,52.854
256,4096,4,256,53.0667
256,4096,4,512,52.4703
256,4096,4,1024,45.761
256,4096,4,2048,46.0173
256,4096,4,4096,67.7977
256,4096,4,8192,73.1743
256,4096,4,16384,95.5423
256,4096,8,16,52.406
256,4096,8,32,52.747
256,4096,8,64,51.862
256,4096,8,128,52.1603
256,4096,8,256,52.1607
256,4096,8,512,45.697
256,4096,8,1024,45.3127
256,4096,8,2048,59.051
256,4096,8,4096,70.2823
256,4096,8,8192,91.9907
256,4096,8,16384,115.191
256,4096,16,16,53.2377
256,4096,16,32,53.206
256,4096,16,64,52.715
256,4096,16,128,45.6327
256,4096,16,256,45.771
256,4096,16,512,44.2773
256,4096,16,1024,60.8967
256,4096,16,2048,68.2033
256,4096,16,4096,95.041
256,4096,16,8192,110.38
256,4096,16,16384,207.459
256,4096,32,16,45.6
256,4096,32,32,45.5683
256,4096,32,64,45.7813
256,4096,32,128,48.022
256,4096,32,256,51.0297
256,4096,32,512,57.5797
256,4096,32,1024,65.7497
256,4096,32,2048,97.111
256,4096,32,4096,113.548
256,4096,32,8192,182.381
256,4096,32,16384,345.882
256,4096,64,16,49.697
256,4096,64,32,49.4837
256,4096,64,64,49.952
256,4096,64,128,52.1393
256,4096,64,256,56.1283
256,4096,64,512,65.259
256,4096,64,1024,84.236
256,4096,64,2048,114.326
256,4096,64,4096,179.352
256,4096,64,8192,349.935
256,4096,64,16384,691.07
256,4096,128,16,56.406
256,4096,128,32,56.8963
256,4096,128,64,57.0247
256,4096,128,128,62.752
256,4096,128,256,69.6757
256,4096,128,512,82.561
256,4096,128,1024,116.599
256,4096,128,2048,173.923
256,4096,128,4096,308.43
256,4096,128,8192,591.687
256,4096,128,16384,1181.23
256,8192,0,0,81.9967
256,8192,1,16,82.668
256,8192,1,32,83.062
256,8192,1,64,82.7107
256,8192,1,128,82.8383
256,8192,1,256,82.5937
256,8192,1,512,82.668
256,8192,1,1024,82.5397
256,8192,1,2048,85.9
256,8192,1,4096,65.5903
256,8192,1,8192,65.633
256,8192,1,16384,66.6777
256,8192,2,16,83.3077
256,8192,2,32,82.7423
256,8192,2,64,82.8803
256,8192,2,128,83.1897
256,8192,2,256,83.4567
256,8192,2,512,82.6143
256,8192,2,1024,83.3397
256,8192,2,2048,66.304
256,8192,2,4096,66.3157
256,8192,2,8192,67.4253
256,8192,2,16384,114.55
256,8192,4,16,83.3077
256,8192,4,32,83.073
256,8192,4,64,83.3823
256,8192,4,128,83.201
256,8192,4,256,83.628
256,8192,4,512,83.4253
256,8192,4,1024,66.8063
256,8192,4,2048,66.9127
256,8192,4,4096,67.4987
256,8192,4,8192,107.542
256,8192,4,16384,117.825
256,8192,8,16,82.7953
256,8192,8,32,83.052
256,8192,8,64,82.8593
256,8192,8,128,82.689
256,8192,8,256,83.1797
256,8192,8,512,66.4007
256,8192,8,1024,66.582
256,8192,8,2048,67.1363
256,8192,8,4096,90.401
256,8192,8,8192,110.86
256,8192,8,16384,151.34
256,8192,16,16,83.6063
256,8192,16,32,84.5673
256,8192,16,64,83.19
256,8192,16,128,83.67
256,8192,16,256,67.2213
256,8192,16,512,67.19
256,8192,16,1024,67.7017
256,8192,16,2048,91.7127
256,8192,16,4096,104.033
256,8192,16,8192,153.356
256,8192,16,16384,187.341
256,8192,32,16,84.2357
256,8192,32,32,84.4917
256,8192,32,64,84.0437
256,8192,32,128,67.3283
256,8192,32,256,67.9153
256,8192,32,512,72.0223
256,8192,32,1024,86.166
256,8192,32,2048,105.014
256,8192,32,4096,156.631
256,8192,32,8192,185.794
256,8192,32,16384,321.988
256,8192,64,16,66.987
256,8192,64,32,67.4247
256,8192,64,64,67.82
256,8192,64,128,73.1957
256,8192,64,256,75.6593
256,8192,64,512,81.1103
256,8192,64,1024,100.416
256,8192,64,2048,131.564
256,8192,64,4096,187.48
256,8192,64,8192,323.855
256,8192,64,16384,663.208
256,8192,128,16,73.8993
256,8192,128,32,73.4197
256,8192,128,64,73.761
256,8192,128,128,82.6143
256,8192,128,256,88.481
256,8192,128,512,104.364
256,8192,128,1024,127.383
256,8192,128,2048,193.111
256,8192,128,4096,310.713
256,8192,128,8192,581.052
256,8192,128,16384,1166.18
256,16384,0,0,139.298
256,16384,1,16,139.991
256,16384,1,32,140.652
256,16384,1,64,140.279
256,16384,1,128,139.393
256,16384,1,256,139.863
256,16384,1,512,139.756
256,16384,1,1024,140.311
256,16384,1,2048,139.692
256,16384,1,4096,144.396
256,16384,1,8192,143.98
256,16384,1,16384,164.599
256,16384,2,16,140.386
256,16384,2,32,140.375
256,16384,2,64,140.685
256,16384,2,128,140.525
256,16384,2,256,140.898
256,16384,2,512,139.948
256,16384,2,1024,141.1
256,16384,2,2048,140.663
256,16384,2,4096,144.792
256,16384,2,8192,147.714
256,16384,2,16384,107.969
256,16384,4,16,140.322
256,16384,4,32,140.908
256,16384,4,64,140.375
256,16384,4,128,140.674
256,16384,4,256,140.396
256,16384,4,512,140.428
256,16384,4,1024,140.535
256,16384,4,2048,140.845
256,16384,4,4096,147.489
256,16384,4,8192,108.417
256,16384,4,16384,182.722
256,16384,8,16,139.96
256,16384,8,32,139.841
256,16384,8,64,140.493
256,16384,8,128,140.46
256,16384,8,256,140.29
256,16384,8,512,140.14
256,16384,8,1024,140.844
256,16384,8,2048,141.26
256,16384,8,4096,107.926
256,16384,8,8192,148.151
256,16384,8,16384,187.127
256,16384,16,16,140.588
256,16384,16,32,140.556
256,16384,16,64,140.673
256,16384,16,128,141.42
256,16384,16,256,140.855
256,16384,16,512,141.292
256,16384,16,1024,141.058
256,16384,16,2048,107.916
256,16384,16,4096,149.153
256,16384,16,8192,173.41
256,16384,16,16384,267.779
256,16384,32,16,141.495
256,16384,32,32,141.484
256,16384,32,64,141.581
256,16384,32,128,141.836
256,16384,32,256,141.975
256,16384,32,512,107.532
256,16384,32,1024,108.449
256,16384,32,2048,137.847
256,16384,32,4096,174.583
256,16384,32,8192,270.904
256,16384,32,16384,329.551
256,16384,64,16,142.391
256,16384,64,32,143.105
256,16384,64,64,142.328
256,16384,64,128,143.138
256,16384,64,256,107.831
256,16384,64,512,116.502
256,16384,64,1024,129.057
256,16384,64,2048,162.348
256,16384,64,4096,216.696
256,16384,64,8192,330.489
256,16384,64,16384,610.354
256,16384,128,16,142.797
256,16384,128,32,142.998
256,16384,128,64,143.084
256,16384,128,128,115.084
256,16384,128,256,118.231
256,16384,128,512,137.218
256,16384,128,1024,168.312
256,16384,128,2048,204.867
256,16384,128,4096,341.113
256,16384,128,8192,588.008
256,16384,128,16384,1131.75
512,0,0,0,21.5787
512,0,1,16,21.568
512,0,1,32,21.4933
512,0,1,64,21.5043
512,0,1,128,21.6113
512,0,1,256,21.6007
512,0,1,512,36.512
512,0,1,1024,37.355
512,0,1,2048,39.158
512,0,1,4096,30.7413
512,0,1,8192,41.0667
512,0,1,16384,64.3847
512,0,2,16,21.4513
512,0,2,32,21.472
512,0,2,64,21.515
512,0,2,128,21.5467
512,0,2,256,21.643
512,0,2,512,37.771
512,0,2,1024,37.4403
512,0,2,2048,26.9227
512,0,2,4096,31.6587
512,0,2,8192,42.86
512,0,2,16384,66.6143
512,0,4,16,21.462
512,0,4,32,21.6
512,0,4,64,21.397
512,0,4,128,21.4303
512,0,4,256,21.376
512,0,4,512,36.8537
512,0,4,1024,27.137
512,0,4,2048,27.392
512,0,4,4096,33.632
512,0,4,8192,47.7127
512,0,4,16384,73.644
512,0,8,16,21.5893
512,0,8,32,21.5573
512,0,8,64,21.5153
512,0,8,128,21.3017
512,0,8,256,21.6653
512,0,8,512,26.72
512,0,8,1024,27.3927
512,0,8,2048,32.5333
512,0,8,4096,47.222
512,0,8,8192,67.8193
512,0,8,16384,101.622
512,0,16,16,21.5577
512,0,16,32,21.601
512,0,16,64,21.6853
512,0,16,128,21.5687
512,0,16,256,21.6217
512,0,16,512,28.587
512,0,16,1024,38.3897
512,0,16,2048,47.2433
512,0,16,4096,69.217
512,0,16,8192,102.006
512,0,16,16384,168.044
512,0,32,16,22.048
512,0,32,32,22.1547
512,0,32,64,22.1123
512,0,32,128,24.3203
512,0,32,256,26.368
512,0,32,512,35.8833
512,0,32,1024,48.203
512,0,32,2048,72.3207
512,0,32,4096,118.081
512,0,32,8192,198.904
512,0,32,16384,367.024
512,0,64,16,24.4807
512,0,64,32,24.705
512,0,64,64,24.6613
512,0,64,128,26.7413
512,0,64,256,31.6377
512,0,64,512,49.9853
512,0,64,1024,78.0273
512,0,64,2048,120.556
512,0,64,4096,205.186
512,0,64,8192,375.354
512,0,64,16384,709.384
512,0,128,16,31.4567
512,0,128,32,31.8077
512,0,128,64,32.0647
512,0,128,128,35.5203
512,0,128,256,43.9903
512,0,128,512,70.9777
512,0,128,1024,109.164
512,0,128,2048,181.293
512,0,128,4096,321.294
512,0,128,8192,615.293
512,0,128,16384,1192.9
512,16,0,0,29.4297
512,16,1,16,33.4717
512,16,1,32,33.4403
512,16,1,64,33.302
512,16,1,128,35.1043
512,16,1,256,37.259
512,16,1,512,36.7577
512,16,1,1024,36.992
512,16,1,2048,39.147
512,16,1,4096,44.2673
512,16,1,8192,41.483
512,16,1,16384,64.3537
512,16,2,16,34.4107
512,16,2,32,34.8483
512,16,2,64,34.3157
512,16,2,128,35.8613
512,16,2,256,37.7497
512,16,2,512,37.835
512,16,2,1024,37.7603
512,16,2,2048,39.9263
512,16,2,4096,31.745
512,16,2,8192,42.9237
512,16,2,16384,66.8163
512,16,4,16,34.0697
512,16,4,32,34.1653
512,16,4,64,34.315
512,16,4,128,35.5627
512,16,4,256,37.4513
512,16,4,512,37.6537
512,16,4,1024,37.269
512,16,4,2048,28.512
512,16,4,4096,33.835
512,16,4,8192,47.3177
512,16,4,16384,73.6113
512,16,8,16,34.3047
512,16,8,32,34.5287
512,16,8,64,34.7307
512,16,8,128,36.4063
512,16,8,256,38.1867
512,16,8,512,38.1653
512,16,8,1024,28.7253
512,16,8,2048,32.256
512,16,8,4096,49.43
512,16,8,8192,68.4593
512,16,8,16384,100.95
512,16,16,16,34.6667
512,16,16,32,34.6563
512,16,16,64,34.5493
512,16,16,128,36.566
512,16,16,256,27.1043
512,16,16,512,28.576
512,16,16,1024,39.6383
512,16,16,2048,49.622
512,16,16,4096,68.4377
512,16,16,8192,102.838
512,16,16,16384,169.527
512,16,32,16,35.915
512,16,32,32,36.1387
512,16,32,64,36.139
512,16,32,128,29.3863
512,16,32,256,30.784
512,16,32,512,35.6273
512,16,32,1024,48.299
512,16,32,2048,73.6433
512,16,32,4096,115.255
512,16,32,8192,199.522
512,16,32,16384,371.354
512,16,64,16,29.9097
512,16,64,32,30.0917
512,16,64,64,30.08
512,16,64,128,32.5557
512,16,64,256,37.5257
512,16,64,512,51.809
512,16,64,1024,77.8883
512,16,64,2048,120.994
512,16,64,4096,205.923
512,16,64,8192,374.073
512,16,64,16384,711.646
512,16,128,16,37.7073
512,16,128,32,38.5387
512,16,128,64,38.7947
512,16,128,128,43.115
512,16,128,256,52.662
512,16,128,512,71.382
512,16,128,1024,108.182
512,16,128,2048,179.959
512,16,128,4096,323.289
512,16,128,8192,613.479
512,16,128,16384,1181.41
512,32,0,0,34.507
512,32,1,16,35.3497
512,32,1,32,34.6563
512,32,1,64,35.0517
512,32,1,128,35.136
512,32,1,256,36.5013
512,32,1,512,37.4617
512,32,1,1024,37.1207
512,32,1,2048,38.8813
512,32,1,4096,44.4487
512,32,1,8192,41.3767
512,32,1,16384,64.2137
512,32,2,16,36.4697
512,32,2,32,35.9043
512,32,2,64,36.5017
512,32,2,128,36.0213
512,32,2,256,37.7497
512,32,2,512,38.017
512,32,2,1024,37.6867
512,32,2,2048,39.7013
512,32,2,4096,31.7877
512,32,2,8192,42.8383
512,32,2,16384,66.636
512,32,4,16,35.4247
512,32,4,32,35.1477
512,32,4,64,35.1893
512,32,4,128,36.0213
512,32,4,256,37.4723
512,32,4,512,37.7607
512,32,4,1024,37.451
512,32,4,2048,28.2673
512,32,4,4096,33.3873
512,32,4,8192,47.573
512,32,4,16384,73.3123
512,32,8,16,35.968
512,32,8,32,35.8407
512,32,8,64,35.82
512,32,8,128,36.2027
512,32,8,256,38.145
512,32,8,512,37.7497
512,32,8,1024,28.3943
512,32,8,2048,32.6297
512,32,8,4096,48.8857
512,32,8,8192,67.9793
512,32,8,16384,102.017
512,32,16,16,35.4037
512,32,16,32,35.2433
512,32,16,64,35.4453
512,32,16,128,36.3633
512,32,16,256,27.349
512,32,16,512,28.79
512,32,16,1024,39.4567
512,32,16,2048,50.3147
512,32,16,4096,68.214
512,32,16,8192,103.255
512,32,16,16384,170.413
512,32,32,16,36.3957
512,32,32,32,36.1817
512,32,32,64,36.384
512,32,32,128,30.2617
512,32,32,256,32.1813
512,32,32,512,36.2033
512,32,32,1024,49.1003
512,32,32,2048,73.2597
512,32,32,4096,118.839
512,32,32,8192,199.437
512,32,32,16384,365.476
512,32,64,16,30.411
512,32,64,32,30.2297
512,32,64,64,30.5497
512,32,64,128,32.6503
512,32,64,256,37.42
512,32,64,512,50.1227
512,32,64,1024,77.4513
512,32,64,2048,120.492
512,32,64,4096,204.76
512,32,64,8192,373.061
512,32,64,16384,711.561
512,32,128,16,38.0267
512,32,128,32,38.2293
512,32,128,64,39.6053
512,32,128,128,44.7897
512,32,128,256,51.8513
512,32,128,512,70.7743
512,32,128,1024,109.078
512,32,128,2048,181.528
512,32,128,4096,323.033
512,32,128,8192,610.973
512,32,128,16384,1186.88
512,64,0,0,34.9123
512,64,1,16,34.5927
512,64,1,32,34.9557
512,64,1,64,35.083
512,64,1,128,35.083
512,64,1,256,36.939
512,64,1,512,37.0887
512,64,1,1024,37.1093
512,64,1,2048,38.7527
512,64,1,4096,44.107
512,64,1,8192,41.5897
512,64,1,16384,64.747
512,64,2,16,36.2677
512,64,2,32,36.2243
512,64,2,64,36.406
512,64,2,128,36.0533
512,64,2,256,38.1227
512,64,2,512,37.5687
512,64,2,1024,37.867
512,64,2,2048,40.31
512,64,2,4096,31.531
512,64,2,8192,43.1367
512,64,2,16384,67.307
512,64,4,16,35.5743
512,64,4,32,35.2647
512,64,4,64,35.393
512,64,4,128,35.9157
512,64,4,256,37.6223
512,64,4,512,37.3763
512,64,4,1024,37.536
512,64,4,2048,29.024
512,64,4,4096,33.59
512,64,4,8192,47.585
512,64,4,16384,73.0677
512,64,8,16,35.9573
512,64,8,32,35.1573
512,64,8,64,35.5843
512,64,8,128,36.0427
512,64,8,256,37.953
512,64,8,512,37.9427
512,64,8,1024,28.8857
512,64,8,2048,32.4487
512,64,8,4096,49.5363
512,64,8,8192,67.9897
512,64,8,16384,102.231
512,64,16,16,34.9553
512,64,16,32,35.9477
512,64,16,64,35.072
512,64,16,128,36.1507
512,64,16,256,27.6597
512,64,16,512,28.7793
512,64,16,1024,39.7023
512,64,16,2048,50.4323
512,64,16,4096,69.5053
512,64,16,8192,102.806
512,64,16,16384,171.48
512,64,32,16,36.1927
512,64,32,32,36.4907
512,64,32,64,36.4803
512,64,32,128,30.528
512,64,32,256,31.915
512,64,32,512,36.555
512,64,32,1024,49.1097
512,64,32,2048,71.9897
512,64,32,4096,116.535
512,64,32,8192,200.493
512,64,32,16384,372.826
512,64,64,16,31.499
512,64,64,32,31.4243
512,64,64,64,31.765
512,64,64,128,33.6543
512,64,64,256,38.4743
512,64,64,512,50.1657
512,64,64,1024,76.897
512,64,64,2048,119.756
512,64,64,4096,205.709
512,64,64,8192,372.591
512,64,64,16384,711.422
512,64,128,16,39.2327
512,64,128,32,39.851
512,64,128,64,39.8937
512,64,128,128,43.6167
512,64,128,256,53.227
512,64,128,512,71.4357
512,64,128,1024,109.185
512,64,128,2048,183.181
512,64,128,4096,326.532
512,64,128,8192,613.565
512,64,128,16384,1184.64
512,128,0,0,35.115
512,128,1,16,35.4887
512,128,1,32,35.1257
512,128,1,64,35.328
512,128,1,128,35.3177
512,128,1,256,37.078
512,128,1,512,36.821
512,128,1,1024,37.0567
512,128,1,2048,38.5707
512,128,1,4096,44.4163
512,128,1,8192,41.7077
512,128,1,16384,64.5553
512,128,2,16,36.854
512,128,2,32,36.3743
512,128,2,64,36.7687
512,128,2,128,36.2883
512,128,2,256,37.5793
512,128,2,512,37.633
512,128,2,1024,38.1333
512,128,2,2048,40.0957
512,128,2,4096,31.648
512,128,2,8192,43.0937
512,128,2,16384,66.9227
512,128,4,16,36.1173
512,128,4,32,35.7453
512,128,4,64,36.032
512,128,4,128,35.9047
512,128,4,256,37.6967
512,128,4,512,37.7073
512,128,4,1024,40.1497
512,128,4,2048,29.4183
512,128,4,4096,33.8453
512,128,4,8192,47.8193
512,128,4,16384,72.9397
512,128,8,16,36.0537
512,128,8,32,36.1813
512,128,8,64,36.31
512,128,8,128,36.3627
512,128,8,256,37.835
512,128,8,512,39.7337
512,128,8,1024,29.3333
512,128,8,2048,32.843
512,128,8,4096,49.4407
512,128,8,8192,69.3123
512,128,8,16384,103.415
512,128,16,16,36.651
512,128,16,32,36.3097
512,128,16,64,36.609
512,128,16,128,38.6027
512,128,16,256,27.841
512,128,16,512,28.641
512,128,16,1024,39.926
512,128,16,2048,51.5313
512,128,16,4096,69.7927
512,128,16,8192,103.404
512,128,16,16384,171.629
512,128,32,16,36.7257
512,128,32,32,36.811
512,128,32,64,36.9497
512,128,32,128,30.0163
512,128,32,256,33.174
512,128,32,512,37.867
512,128,32,1024,49.6647
512,128,32,2048,72.7267
512,128,32,4096,115.414
512,128,32,8192,200.002
512,128,32,16384,365.593
512,128,64,16,31.4677
512,128,64,32,31.478
512,128,64,64,31.7547
512,128,64,128,33.323
512,128,64,256,38.997
512,128,64,512,51.4773
512,128,64,1024,76.534
512,128,64,2048,117.142
512,128,64,4096,203.405
512,128,64,8192,373.039
512,128,64,16384,707.391
512,128,128,16,39.6377
512,128,128,32,39.7977
512,128,128,64,40.2777
512,128,128,128,45.824
512,128,128,256,54.0163
512,128,128,512,70.9237
512,128,128,1024,108.972
512,128,128,2048,181.186
512,128,128,4096,324.303
512,128,128,8192,613.01
512,128,128,16384,1191.62
512,256,0,0,36.6727
512,256,1,16,37.7497
512,256,1,32,36.928
512,256,1,64,38.0487
512,256,1,128,37.0883
512,256,1,256,38.9027
512,256,1,512,39.2223
512,256,1,1024,38.977
512,256,1,2048,42.8377
512,256,1,4096,46.6567
512,256,1,8192,57.995
512,256,1,16384,64.9503
512,256,2,16,38.976
512,256,2,32,38.8267
512,256,2,64,38.7843
512,256,2,128,37.9733
512,256,2,256,39.584
512,256,2,512,39.958
512,256,2,1024,43.9573
512,256,2,2048,44.203
512,256,2,4096,47.8953
512,256,2,8192,43.0727
512,256,2,16384,67.4567
512,256,4,16,37.217
512,256,4,32,37.1737
512,256,4,64,37.8353
512,256,4,128,37.7497
512,256,4,256,39.4887
512,256,4,512,43.5523
512,256,4,1024,43.3717
512,256,4,2048,30.7097
512,256,4,4096,33.4197
512,256,4,8192,48.0963
512,256,4,16384,73.579
512,256,8,16,38.5393
512,256,8,32,37.3123
512,256,8,64,38.5927
512,256,8,128,37.985
512,256,8,256,39.905
512,256,8,512,43.7443
512,256,8,1024,30.603
512,256,8,2048,32.971
512,256,8,4096,51.9367
512,256,8,8192,69.601
512,256,8,16384,104.14
512,256,16,16,38.3783
512,256,16,32,37.6
512,256,16,64,37.9957
512,256,16,128,38.582
512,256,16,256,39.851
512,256,16,512,29.3977
512,256,16,1024,41.3863
512,256,16,2048,54.0063
512,256,16,4096,69.2707
512,256,16,8192,102.838
512,256,16,16384,172.674
512,256,32,16,38.081
512,256,32,32,38.048
512,256,32,64,37.8783
512,256,32,128,39.4243
512,256,32,256,33.7703
512,256,32,512,39.6063
512,256,32,1024,52.2777
512,256,32,2048,71.777
512,256,32,4096,113.814
512,256,32,8192,199.139
512,256,32,16384,367.62
512,256,64,16,44.8113
512,256,64,32,44.4807
512,256,64,64,45.0777
512,256,64,128,36.4593
512,256,64,256,39.0827
512,256,64,512,51.3393
512,256,64,1024,75.5217
512,256,64,2048,117.698
512,256,64,4096,203.042
512,256,64,8192,371.898
512,256,64,16384,706.835
512,256,128,16,39.6277
512,256,128,32,40.085
512,256,128,64,40.374
512,256,128,128,45.8027
512,256,128,256,54.8697
512,256,128,512,73.9103
512,256,128,1024,106.636
512,256,128,2048,180.674
512,256,128,4096,322.671
512,256,128,8192,612.338
512,256,128,16384,1189.48
512,512,0,0,41.0247
512,512,1,16,40.3097
512,512,1,32,41.2163
512,512,1,64,40.8327
512,512,1,128,40.8323
512,512,1,256,40.5023
512,512,1,512,44.2993
512,512,1,1024,44.5557
512,512,1,2048,46.3263
512,512,1,4096,48.1927
512,512,1,8192,59.4037
512,512,1,16384,65.6333
512,512,2,16,42.0913
512,512,2,32,42.5817
512,512,2,64,42.1547
512,512,2,128,42.529
512,512,2,256,41.4723
512,512,2,512,44.9717
512,512,2,1024,45.024
512,512,2,2048,47.0727
512,512,2,4096,49.547
512,512,2,8192,43.1793
512,512,2,16384,68.171
512,512,4,16,41.494
512,512,4,32,41.59
512,512,4,64,41.4083
512,512,4,128,41.91
512,512,4,256,41.419
512,512,4,512,45.1743
512,512,4,1024,44.8643
512,512,4,2048,47.3287
512,512,4,4096,34.603
512,512,4,8192,48.0643
512,512,4,16384,74.081
512,512,8,16,41.8997
512,512,8,32,41.5573
512,512,8,64,41.419
512,512,8,128,41.1097
512,512,8,256,41.4837
512,512,8,512,45.056
512,512,8,1024,45.8353
512,512,8,2048,34.4963
512,512,8,4096,44.865
512,512,8,8192,71.6277
512,512,8,16384,104.587
512,512,16,16,42.1333
512,512,16,32,41.579
512,512,16,64,42.5393
512,512,16,128,41.4187
512,512,16,256,41.8357
512,512,16,512,45.9093
512,512,16,1024,42.774
512,512,16,2048,56.4483
512,512,16,4096,70.4007
512,512,16,8192,103.681
512,512,16,16384,173.399
512,512,32,16,42.0373
512,512,32,32,42.3477
512,512,32,64,42.422
512,512,32,128,41.3227
512,512,32,256,43.1907
512,512,32,512,43.1153
512,512,32,1024,55.563
512,512,32,2048,69.4413
512,512,32,4096,113.367
512,512,32,8192,197.474
512,512,32,16384,366.682
512,512,64,16,46.4653
512,512,64,32,46.753
512,512,64,64,47.1687
512,512,64,128,38.9337
512,512,64,256,42.0803
512,512,64,512,52.6093
512,512,64,1024,72.9717
512,512,64,2048,116.406
512,512,64,4096,199.693
512,512,64,8192,368.57
512,512,64,16384,699.145
512,512,128,16,42.2087
512,512,128,32,42.9227
512,512,128,64,43.0623
512,512,128,128,49.0997
512,512,128,256,58.518
512,512,128,512,76.5767
512,512,128,1024,106.177
512,512,128,2048,180.322
512,512,128,4096,324.154
512,512,128,8192,620.232
512,512,128,16384,1196.46
512,1024,0,0,48.758
512,1024,1,16,48.4373
512,1024,1,32,48.6827
512,1024,1,64,48.7367
512,1024,1,128,48.5447
512,1024,1,256,49.1737
512,1024,1,512,48.299
512,1024,1,1024,48.171
512,1024,1,2048,50.3897
512,1024,1,4096,56.2033
512,1024,1,8192,63.6273
512,1024,1,16384,86.4967
512,1024,2,16,50.2407
512,1024,2,32,49.729
512,1024,2,64,49.985
512,1024,2,128,50.6773
512,1024,2,256,50.1447
512,1024,2,512,49.6753
512,1024,2,1024,49.4617
512,1024,2,2048,56.4917
512,1024,2,4096,57.1523
512,1024,2,8192,64.9827
512,1024,2,16384,69.2383
512,1024,4,16,49.302
512,1024,4,32,49.2487
512,1024,4,64,49.8783
512,1024,4,128,49.3233
512,1024,4,256,49.046
512,1024,4,512,49.099
512,1024,4,1024,56.7903
512,1024,4,2048,56.993
512,1024,4,4096,57.8783
512,1024,4,8192,49.0563
512,1024,4,16384,75.126
512,1024,8,16,49.2063
512,1024,8,32,49.4187
512,1024,8,64,49.6323
512,1024,8,128,49.451
512,1024,8,256,49.6643
512,1024,8,512,49.537
512,1024,8,1024,57.2693
512,1024,8,2048,57.569
512,1024,8,4096,45.963
512,1024,8,8192,82.7423
512,1024,8,16384,108.353
512,1024,16,16,49.9527
512,1024,16,32,50.0693
512,1024,16,64,49.697
512,1024,16,128,49.8457
512,1024,16,256,49.654
512,1024,16,512,49.9523
512,1024,16,1024,58.6247
512,1024,16,2048,63.2967
512,1024,16,4096,84.6723
512,1024,16,8192,105.537
512,1024,16,16384,173.848
512,1024,32,16,50.1343
512,1024,32,32,50.1547
512,1024,32,64,49.7067
512,1024,32,128,50.1023
512,1024,32,256,50.0377
512,1024,32,512,54.1987
512,1024,32,1024,62.1347
512,1024,32,2048,83.6177
512,1024,32,4096,110.529
512,1024,32,8192,195.362
512,1024,32,16384,367.066
512,1024,64,16,50.9123
512,1024,64,32,50.1123
512,1024,64,64,50.4853
512,1024,64,128,52.577
512,1024,64,256,46.1343
512,1024,64,512,58.166
512,1024,64,1024,73.548
512,1024,64,2048,112.492
512,1024,64,4096,196.6
512,1024,64,8192,361.519
512,1024,64,16384,695.198
512,1024,128,16,57.313
512,1024,128,32,57.6963
512,1024,128,64,57.2917
512,1024,128,128,53.633
512,1024,128,256,60.343
512,1024,128,512,77.835
512,1024,128,1024,109.665
512,1024,128,2048,178.605
512,1024,128,4096,321.657
512,1024,128,8192,611.709
512,1024,128,16384,1194.2
512,2048,0,0,65.9847
512,2048,1,16,66.667
512,2048,1,32,66.5823
512,2048,1,64,66.2403
512,2048,1,128,65.8037
512,2048,1,256,66.2297
512,2048,1,512,65.793
512,2048,1,1024,66.0483
512,2048,1,2048,65.6437
512,2048,1,4096,69.1843
512,2048,1,8192,72.6303
512,2048,1,16384,95.414
512,2048,2,16,67.3607
512,2048,2,32,67.4463
512,2048,2,64,67.7443
512,2048,2,128,67.7557
512,2048,2,256,67.51
512,2048,2,512,67.7987
512,2048,2,1024,66.9023
512,2048,2,2048,66.7303
512,2048,2,4096,69.7927
512,2048,2,8192,73.8997
512,2048,2,16384,97.612
512,2048,4,16,66.4547
512,2048,4,32,66.4643
512,2048,4,64,66.9557
512,2048,4,128,66.7103
512,2048,4,256,66.71
512,2048,4,512,66.7943
512,2048,4,1024,66.8053
512,2048,4,2048,65.986
512,2048,4,4096,70.0593
512,2048,4,8192,82.9557
512,2048,4,16384,76.1397
512,2048,8,16,66.4223
512,2048,8,32,67.0833
512,2048,8,64,67.2537
512,2048,8,128,66.23
512,2048,8,256,66.39
512,2048,8,512,67.4673
512,2048,8,1024,66.4963
512,2048,8,2048,66.6453
512,2048,8,4096,83.2223
512,2048,8,8192,71.9893
512,2048,8,16384,127.564
512,2048,16,16,67.3603
512,2048,16,32,66.5287
512,2048,16,64,67.734
512,2048,16,128,67.681
512,2048,16,256,67.5203
512,2048,16,512,67.564
512,2048,16,1024,67.137
512,2048,16,2048,83.8093
512,2048,16,4096,96.1293
512,2048,16,8192,129.324
512,2048,16,16384,178.061
512,2048,32,16,67.126
512,2048,32,32,67.275
512,2048,32,64,67.5
512,2048,32,128,67.6053
512,2048,32,256,67.712
512,2048,32,512,67.276
512,2048,32,1024,74.2303
512,2048,32,2048,95.8517
512,2048,32,4096,127.617
512,2048,32,8192,191.085
512,2048,32,16384,361.072
512,2048,64,16,68.8973
512,2048,64,32,68.0437
512,2048,64,64,67.393
512,2048,64,128,68.3847
512,2048,64,256,67.436
512,2048,64,512,81.4517
512,2048,64,1024,84.108
512,2048,64,2048,112.214
512,2048,64,4096,192.941
512,2048,64,8192,357.626
512,2048,64,16384,683.635
512,2048,128,16,68.9707
512,2048,128,32,68.1933
512,2048,128,64,68.1933
512,2048,128,128,71.937
512,2048,128,256,69.1317
512,2048,128,512,81.3773
512,2048,128,1024,114.284
512,2048,128,2048,180.184
512,2048,128,4096,318.905
512,2048,128,8192,624.285
512,2048,128,16384,1195.44
512,4096,0,0,93.922
512,4096,1,16,94.9663
512,4096,1,32,95.4783
512,4096,1,64,94.9667
512,4096,1,128,94.6463
512,4096,1,256,94.721
512,4096,1,512,94.8923
512,4096,1,1024,95.4783
512,4096,1,2048,94.4113
512,4096,1,4096,94.401
512,4096,1,8192,103.798
512,4096,1,16384,110.796
512,4096,2,16,95.5423
512,4096,2,32,96.0007
512,4096,2,64,95.8727
512,4096,2,128,96.6197
512,4096,2,256,95.9793
512,4096,2,512,96.2883
512,4096,2,1024,96.417
512,4096,2,2048,94.977
512,4096,2,4096,95.7983
512,4096,2,8192,104.631
512,4096,2,16384,113.175
512,4096,4,16,95.3187
512,4096,4,32,94.9353
512,4096,4,64,95.788
512,4096,4,128,95.2227
512,4096,4,256,95.9387
512,4096,4,512,95.6497
512,4096,4,1024,96.1617
512,4096,4,2048,95.0523
512,4096,4,4096,95.735
512,4096,4,8192,107.286
512,4096,4,16384,127.906
512,4096,8,16,95.1257
512,4096,8,32,95.3183
512,4096,8,64,95.916
512,4096,8,128,95.6593
512,4096,8,256,95.468
512,4096,8,512,95.7773
512,4096,8,1024,95.9697
512,4096,8,2048,95.82
512,4096,8,4096,98.3057
512,4096,8,8192,127.863
512,4096,8,16384,111.414
512,4096,16,16,95.8937
512,4096,16,32,96.172
512,4096,16,64,96.0123
512,4096,16,128,95.8833
512,4096,16,256,96.524
512,4096,16,512,95.3713
512,4096,16,1024,96.0117
512,4096,16,2048,99.1587
512,4096,16,4096,128.535
512,4096,16,8192,153.239
512,4096,16,16384,187.49
512,4096,32,16,95.446
512,4096,32,32,96.14
512,4096,32,64,96.2143
512,4096,32,128,96.0767
512,4096,32,256,95.9157
512,4096,32,512,95.9797
512,4096,32,1024,98.4117
512,4096,32,2048,110.55
512,4096,32,4096,153.484
512,4096,32,8192,180.567
512,4096,32,16384,347.909
512,4096,64,16,96.3313
512,4096,64,32,95.8837
512,4096,64,64,95.8303
512,4096,64,128,96.5127
512,4096,64,256,96.5453
512,4096,64,512,101.462
512,4096,64,1024,118.572
512,4096,64,2048,129.858
512,4096,64,4096,185.218
512,4096,64,8192,347.545
512,4096,64,16384,676.67
512,4096,128,16,97.0667
512,4096,128,32,97.302
512,4096,128,64,97.9217
512,4096,128,128,98.1023
512,4096,128,256,99.948
512,4096,128,512,118.881
512,4096,128,1024,125.666
512,4096,128,2048,192.984
512,4096,128,4096,318.991
512,4096,128,8192,601.629
512,4096,128,16384,1211.1
512,8192,0,0,151.799
512,8192,1,16,152.343
512,8192,1,32,152.109
512,8192,1,64,152.301
512,8192,1,128,152.482
512,8192,1,256,152.183
512,8192,1,512,152.002
512,8192,1,1024,152.663
512,8192,1,2048,151.874
512,8192,1,4096,152.109
512,8192,1,8192,151.276
512,8192,1,16384,169.357
512,8192,2,16,153.186
512,8192,2,32,154.092
512,8192,2,64,153.09
512,8192,2,128,153.666
512,8192,2,256,153.72
512,8192,2,512,153.602
512,8192,2,1024,153.911
512,8192,2,2048,153.463
512,8192,2,4096,152.951
512,8192,2,8192,153.058
512,8192,2,16384,171.426
512,8192,4,16,152.865
512,8192,4,32,152.141
512,8192,4,64,152.503
512,8192,4,128,153.005
512,8192,4,256,152.45
512,8192,4,512,153.4
512,8192,4,1024,153.047
512,8192,4,2048,153.079
512,8192,4,4096,153.357
512,8192,4,8192,154.38
512,8192,4,16384,172.803
512,8192,8,16,153.005
512,8192,8,32,153.089
512,8192,8,64,153.036
512,8192,8,128,153.047
512,8192,8,256,152.855
512,8192,8,512,153.143
512,8192,8,1024,152.652
512,8192,8,2048,153.527
512,8192,8,4096,154.081
512,8192,8,8192,156.908
512,8192,8,16384,181.933
512,8192,16,16,152.61
512,8192,16,32,152.738
512,8192,16,64,153.122
512,8192,16,128,152.983
512,8192,16,256,153.293
512,8192,16,512,152.717
512,8192,16,1024,153.164
512,8192,16,2048,154.018
512,8192,16,4096,157.633
512,8192,16,8192,175.949
512,8192,16,16384,268.366
512,8192,32,16,152.588
512,8192,32,32,152.663
512,8192,32,64,153.165
512,8192,32,128,152.514
512,8192,32,256,153.122
512,8192,32,512,153.325
512,8192,32,1024,156.163
512,8192,32,2048,160.866
512,8192,32,4096,177.154
512,8192,32,8192,267.459
512,8192,32,16384,323.375
512,8192,64,16,153.494
512,8192,64,32,153.985
512,8192,64,64,153.922
512,8192,64,128,153.709
512,8192,64,256,154.305
512,8192,64,512,158.999
512,8192,64,1024,164.439
512,8192,64,2048,186.861
512,8192,64,4096,216.195
512,8192,64,8192,326.383
512,8192,64,16384,653.16
512,8192,128,16,154.541
512,8192,128,32,154.573
512,8192,128,64,155.682
512,8192,128,128,155.693
512,8192,128,256,158.21
512,8192,128,512,165.389
512,8192,128,1024,183.266
512,8192,128,2048,203.064
512,8192,128,4096,337.487
512,8192,128,8192,598.514
512,8192,128,16384,1199.25
512,16384,0,0,265.593
512,16384,1,16,264.76
512,16384,1,32,264.931
512,16384,1,64,264.984
512,16384,1,128,265.634
512,16384,1,256,265.624
512,16384,1,512,265.731
512,16384,1,1024,265.529
512,16384,1,2048,266.222
512,16384,1,4096,266.211
512,16384,1,8192,264.313
512,16384,1,16384,266.115
512,16384,2,16,266.692
512,16384,2,32,266.488
512,16384,2,64,266.948
512,16384,2,128,265.902
512,16384,2,256,267.065
512,16384,2,512,266.712
512,16384,2,1024,266.275
512,16384,2,2048,267.033
512,16384,2,4096,267.512
512,16384,2,8192,265.965
512,16384,2,16384,266.456
512,16384,4,16,265.999
512,16384,4,32,265.112
512,16384,4,64,265.528
512,16384,4,128,266.061
512,16384,4,256,265.742
512,16384,4,512,265.912
512,16384,4,1024,265.357
512,16384,4,2048,265.795
512,16384,4,4096,265.614
512,16384,4,8192,265.88
512,16384,4,16384,266.616
512,16384,8,16,265.614
512,16384,8,32,265.646
512,16384,8,64,265.315
512,16384,8,128,265.113
512,16384,8,256,266.115
512,16384,8,512,265.934
512,16384,8,1024,266.104
512,16384,8,2048,266.158
512,16384,8,4096,266.862
512,16384,8,8192,266.681
512,16384,8,16384,269.155
512,16384,16,16,265.443
512,16384,16,32,265.955
512,16384,16,64,265.454
512,16384,16,128,266.82
512,16384,16,256,266.019
512,16384,16,512,265.998
512,16384,16,1024,265.69
512,16384,16,2048,265.913
512,16384,16,4096,266.35
512,16384,16,8192,268.739
512,16384,16,16384,300.015
512,16384,32,16,265.88
512,16384,32,32,266.723
512,16384,32,64,265.902
512,16384,32,128,266.328
512,16384,32,256,267.246
512,16384,32,512,266.136
512,16384,32,1024,268.377
512,16384,32,2048,271.31
512,16384,32,4096,274.702
512,16384,32,8192,302.115
512,16384,32,16384,494.118
512,16384,64,16,267.267
512,16384,64,32,267.022
512,16384,64,64,267.118
512,16384,64,128,266.787
512,16384,64,256,266.659
512,16384,64,512,271.652
512,16384,64,1024,277.806
512,16384,64,2048,285.658
512,16384,64,4096,322.095
512,16384,64,8192,385.722
512,16384,64,16384,608.925
512,16384,128,16,268.312
512,16384,128,32,268.003
512,16384,128,64,267.375
512,16384,128,128,268.856
512,16384,128,256,270.297
512,16384,128,512,276.878
512,16384,128,1024,288.718
512,16384,128,2048,311.257
512,16384,128,4096,349.999
512,16384,128,8192,626.471
512,16384,128,16384,1154.38
1024,0,0,0,30.88
1024,0,1,16,30.688
1024,0,1,32,30.731
1024,0,1,64,30.6457
1024,0,1,128,30.6247
1024,0,1,256,30.6667
1024,0,1,512,33.2377
1024,0,1,1024,40.1173
1024,0,1,2048,55.094
1024,0,1,4096,83.0623
1024,0,1,8192,136.727
1024,0,1,16384,245.454
1024,0,2,16,30.656
1024,0,2,32,30.5603
1024,0,2,64,30.5707
1024,0,2,128,30.5817
1024,0,2,256,30.774
1024,0,2,512,33.1737
1024,0,2,1024,40.2997
1024,0,2,2048,55.5207
1024,0,2,4096,82.5183
1024,0,2,8192,137.517
1024,0,2,16384,245.315
1024,0,4,16,30.7417
1024,0,4,32,30.6457
1024,0,4,64,30.7203
1024,0,4,128,30.5283
1024,0,4,256,31.0297
1024,0,4,512,34.5497
1024,0,4,1024,41.452
1024,0,4,2048,56.353
1024,0,4,4096,83.7663
1024,0,4,8192,137.944
1024,0,4,16384,246.648
1024,0,8,16,30.549
1024,0,8,32,30.7527
1024,0,8,64,30.6677
1024,0,8,128,30.624
1024,0,8,256,31.2437
1024,0,8,512,34.6137
1024,0,8,1024,42.0167
1024,0,8,2048,57.2703
1024,0,8,4096,84.641
1024,0,8,8192,139.147
1024,0,8,16384,247.597
1024,0,16,16,30.6983
1024,0,16,32,30.688
1024,0,16,64,30.849
1024,0,16,128,31.2003
1024,0,16,256,32.9923
1024,0,16,512,36.4377
1024,0,16,1024,44.0543
1024,0,16,2048,59.8623
1024,0,16,4096,88.961
1024,0,16,8192,143.713
1024,0,16,16384,250.638
1024,0,32,16,32.6723
1024,0,32,32,32.7793
1024,0,32,64,32.7257
1024,0,32,128,34.5383
1024,0,32,256,35.872
1024,0,32,512,41.4507
1024,0,32,1024,53.8993
1024,0,32,2048,75.393
1024,0,32,4096,109.985
1024,0,32,8192,179.437
1024,0,32,16384,315.107
1024,0,64,16,35.4453
1024,0,64,32,35.5627
1024,0,64,64,35.7763
1024,0,64,128,38.5713
1024,0,64,256,42.827
1024,0,64,512,58.4223
1024,0,64,1024,83.6917
1024,0,64,2048,127.191
1024,0,64,4096,209.677
1024,0,64,8192,373.828
1024,0,64,16384,707.668
1024,0,128,16,42.411
1024,0,128,32,42.2517
1024,0,128,64,42.923
1024,0,128,128,46.6783
1024,0,128,256,58.4117
1024,0,128,512,81.3023
1024,0,128,1024,117.196
1024,0,128,2048,187.565
1024,0,128,4096,330.661
1024,0,128,8192,610.567
1024,0,128,16384,1190.65
1024,16,0,0,31.808
1024,16,1,16,32.075
1024,16,1,32,31.8293
1024,16,1,64,31.809
1024,16,1,128,32.096
1024,16,1,256,31.9147
1024,16,1,512,33.2803
1024,16,1,1024,40.256
1024,16,1,2048,55.2757
1024,16,1,4096,82.86
1024,16,1,8192,136.759
1024,16,1,16384,245.283
1024,16,2,16,32.1393
1024,16,2,32,31.9583
1024,16,2,64,31.9153
1024,16,2,128,32.1287
1024,16,2,256,31.9473
1024,16,2,512,34.4853
1024,16,2,1024,41.366
1024,16,2,2048,56.4807
1024,16,2,4096,84.0547
1024,16,2,8192,138.317
1024,16,2,16384,246.499
1024,16,4,16,31.873
1024,16,4,32,32.0853
1024,16,4,64,31.8827
1024,16,4,128,31.9793
1024,16,4,256,31.9143
1024,16,4,512,34.3147
1024,16,4,1024,41.568
1024,16,4,2048,56.5977
1024,16,4,4096,84.3527
1024,16,4,8192,138.424
1024,16,4,16384,247.353
1024,16,8,16,31.9793
1024,16,8,32,31.968
1024,16,8,64,32.1493
1024,16,8,128,32.0217
1024,16,8,256,31.819
1024,16,8,512,34.4647
1024,16,8,1024,41.9313
1024,16,8,2048,57.0673
1024,16,8,4096,84.823
1024,16,8,8192,138.967
1024,16,8,16384,248.429
1024,16,16,16,32.0223
1024,16,16,32,31.8187
1024,16,16,64,32.0007
1024,16,16,128,32.0113
1024,16,16,256,32.982
1024,16,16,512,36.48
1024,16,16,1024,44.3317
1024,16,16,2048,61.612
1024,16,16,4096,89.2063
1024,16,16,8192,142.957
1024,16,16,16384,252.515
1024,16,32,16,32.9713
1024,16,32,32,32.5973
1024,16,32,64,33.1847
1024,16,32,128,34.8053
1024,16,32,256,36.1727
1024,16,32,512,41.7397
1024,16,32,1024,54.049
1024,16,32,2048,75.489
1024,16,32,4096,111.991
1024,16,32,8192,180.108
1024,16,32,16384,316.58
1024,16,64,16,35.7977
1024,16,64,32,36.161
1024,16,64,64,35.9153
1024,16,64,128,39.265
1024,16,64,256,43.9467
1024,16,64,512,57.7603
1024,16,64,1024,84.5663
1024,16,64,2048,129.228
1024,16,64,4096,212.941
1024,16,64,8192,374.052
1024,16,64,16384,710.579
1024,16,128,16,42.774
1024,16,128,32,43.084
1024,16,128,64,43.2227
1024,16,128,128,47.414
1024,16,128,256,58.1127
1024,16,128,512,80.8437
1024,16,128,1024,117.623
1024,16,128,2048,188.258
1024,16,128,4096,330.095
1024,16,128,8192,616.093
1024,16,128,16384,1193.44
1024,32,0,0,32.1817
1024,32,1,16,32.1177
1024,32,1,32,31.9477
1024,32,1,64,32.1387
1024,32,1,128,31.915
1024,32,1,256,32.0003
1024,32,1,512,34.1343
1024,32,1,1024,41.376
1024,32,1,2048,56.3107
1024,32,1,4096,83.8623
1024,32,1,8192,137.709
1024,32,1,16384,246.233
1024,32,2,16,31.905
1024,32,2,32,32.15
1024,32,2,64,31.9573
1024,32,2,128,32.1923
1024,32,2,256,31.9483
1024,32,2,512,34.2617
1024,32,2,1024,41.7077
1024,32,2,2048,56.4167
1024,32,2,4096,83.99
1024,32,2,8192,137.89
1024,32,2,16384,246.456
1024,32,4,16,31.744
1024,32,4,32,31.8407
1024,32,4,64,32.0753
1024,32,4,128,32.032
1024,32,4,256,31.8303
1024,32,4,512,34.443
1024,32,4,1024,41.43
1024,32,4,2048,56.3843
1024,32,4,4096,84.0543
1024,32,4,8192,138.112
1024,32,4,16384,247.672
1024,32,8,16,31.936
1024,32,8,32,32.0007
1024,32,8,64,31.9997
1024,32,8,128,31.8293
1024,32,8,256,32.1603
1024,32,8,512,34.593
1024,32,8,1024,41.8673
1024,32,8,2048,56.9287
1024,32,8,4096,84.534
1024,32,8,8192,139.34
1024,32,8,16384,248.014
1024,32,16,16,31.904
1024,32,16,32,31.979
1024,32,16,64,31.9577
1024,32,16,128,32.096
1024,32,16,256,33.2063
1024,32,16,512,36.2033
1024,32,16,1024,44.5017
1024,32,16,2048,60.7797
1024,32,16,4096,88.8543
1024,32,16,8192,144.012
1024,32,16,16384,253.699
1024,32,32,16,34.2303
1024,32,32,32,33.9833
1024,32,32,64,34.2397
1024,32,32,128,35.862
1024,32,32,256,37.4837
1024,32,32,512,41.6113
1024,32,32,1024,54.8163
1024,32,32,2048,76.7577
1024,32,32,4096,110.668
1024,32,32,8192,180.503
1024,32,32,16384,314.382
1024,32,64,16,36.7367
1024,32,64,32,36.7793
1024,32,64,64,36.822
1024,32,64,128,39.243
1024,32,64,256,43.8193
1024,32,64,512,58.9023
1024,32,64,1024,83.6067
1024,32,64,2048,130.113
1024,32,64,4096,211.245
1024,32,64,8192,378.298
1024,32,64,16384,705.577
1024,32,128,16,43.0827
1024,32,128,32,43.0723
1024,32,128,64,43.702
1024,32,128,128,47.724
1024,32,128,256,59.841
1024,32,128,512,80.9077
1024,32,128,1024,118.743
1024,32,128,2048,189.922
1024,32,128,4096,329.199
1024,32,128,8192,615.09
1024,32,128,16384,1193.46
1024,64,0,0,32.2993
1024,64,1,16,32.2883
1024,64,1,32,32.2357
1024,64,1,64,32.1607
1024,64,1,128,32.331
1024,64,1,256,32.2883
1024,64,1,512,34.219
1024,64,1,1024,41.2377
1024,64,1,2048,56.6827
1024,64,1,4096,84.3523
1024,64,1,8192,137.591
1024,64,1,16384,246.691
1024,64,2,16,32.3417
1024,64,2,32,32.2133
1024,64,2,64,32.3847
1024,64,2,128,32.192
1024,64,2,256,32.3207
1024,64,2,512,34.1337
1024,64,2,1024,41.4837
1024,64,2,2048,56.7257
1024,64,2,4096,84.3427
1024,64,2,8192,137.965
1024,64,2,16384,246.595
1024,64,4,16,32.096
1024,64,4,32,32.1927
1024,64,4,64,32.086
1024,64,4,128,32.2347
1024,64,4,256,32.2347
1024,64,4,512,34.454
1024,64,4,1024,41.7283
1024,64,4,2048,56.9283
1024,64,4,4096,84.257
1024,64,4,8192,138.765
1024,64,4,16384,248.109
1024,64,8,16,32.3207
1024,64,8,32,32.171
1024,64,8,64,32.2777
1024,64,8,128,32.0003
1024,64,8,256,32.5447
1024,64,8,512,35.776
1024,64,8,1024,43.1363
1024,64,8,2048,58.1023
1024,64,8,4096,85.729
1024,64,8,8192,140.237
1024,64,8,16384,249.101
1024,64,16,16,32.1707
1024,64,16,32,32.1917
1024,64,16,64,32.3527
1024,64,16,128,32.8117
1024,64,16,256,34.528
1024,64,16,512,37.419
1024,64,16,1024,45.7393
1024,64,16,2048,62.2407
1024,64,16,4096,89.8677
1024,64,16,8192,144.13
1024,64,16,16384,252.878
1024,64,32,16,34.3047
1024,64,32,32,34.123
1024,64,32,64,34.3153
1024,64,32,128,35.403
1024,64,32,256,37.2163
1024,64,32,512,42.5393
1024,64,32,1024,54.998
1024,64,32,2048,76.9077
1024,64,32,4096,113.047
1024,64,32,8192,180.685
1024,64,32,16384,317.358
1024,64,64,16,36.6407
1024,64,64,32,36.6517
1024,64,64,64,37.355
1024,64,64,128,38.955
1024,64,64,256,45.4727
1024,64,64,512,59.745
1024,64,64,1024,85.3023
1024,64,64,2048,129.741
1024,64,64,4096,212.685
1024,64,64,8192,375.513
1024,64,64,16384,708.808
1024,64,128,16,42.603
1024,64,128,32,42.9977
1024,64,128,64,43.5203
1024,64,128,128,48.7153
1024,64,128,256,59.7977
1024,64,128,512,81.3767
1024,64,128,1024,117.452
1024,64,128,2048,189.667
1024,64,128,4096,330.99
1024,64,128,8192,614.876
1024,64,128,16384,1193.34
1024,128,0,0,32.4373
1024,128,1,16,32.3843
1024,128,1,32,32.363
1024,128,1,64,32.299
1024,128,1,128,32.32
1024,128,1,256,32.278
1024,128,1,512,34.3363
1024,128,1,1024,41.4513
1024,128,1,2048,57.0353
1024,128,1,4096,84.0543
1024,128,1,8192,139.01
1024,128,1,16384,246.776
1024,128,2,16,32.2993
1024,128,2,32,32.235
1024,128,2,64,32.4593
1024,128,2,128,32.501
1024,128,2,256,32.3097
1024,128,2,512,34.5077
1024,128,2,1024,41.9107
1024,128,2,2048,57.2277
1024,128,2,4096,84.6833
1024,128,2,8192,139.149
1024,128,2,16384,247.608
1024,128,4,16,32.331
1024,128,4,32,32.203
1024,128,4,64,32.3737
1024,128,4,128,32.3947
1024,128,4,256,32.7047
1024,128,4,512,35.5207
1024,128,4,1024,43.2533
1024,128,4,2048,58.572
1024,128,4,4096,85.7717
1024,128,4,8192,140.343
1024,128,4,16384,248.142
1024,128,8,16,32.2773
1024,128,8,32,32.2033
1024,128,8,64,32.4593
1024,128,8,128,32.5337
1024,128,8,256,32.6403
1024,128,8,512,35.9263
1024,128,8,1024,43.2327
1024,128,8,2048,58.934
1024,128,8,4096,86.316
1024,128,8,8192,141.164
1024,128,8,16384,250.414
1024,128,16,16,32.278
1024,128,16,32,32.5337
1024,128,16,64,32.5873
1024,128,16,128,32.768
1024,128,16,256,34.358
1024,128,16,512,38.048
1024,128,16,1024,45.984
1024,128,16,2048,62.5177
1024,128,16,4096,91.1687
1024,128,16,8192,144.983
1024,128,16,16384,254.766
1024,128,32,16,35.8513
1024,128,32,32,35.968
1024,128,32,64,35.8933
1024,128,32,128,37.7503
1024,128,32,256,39.157
1024,128,32,512,44.0433
1024,128,32,1024,56.214
1024,128,32,2048,78.1133
1024,128,32,4096,112.929
1024,128,32,8192,181.826
1024,128,32,16384,319.556
1024,128,64,16,37.5683
1024,128,64,32,37.6327
1024,128,64,64,37.4833
1024,128,64,128,40.8443
1024,128,64,256,44.0327
1024,128,64,512,61.249
1024,128,64,1024,85.473
1024,128,64,2048,130.061
1024,128,64,4096,214.392
1024,128,64,8192,380.068
1024,128,64,16384,704.809
1024,128,128,16,44.544
1024,128,128,32,44.491
1024,128,128,64,44.8327
1024,128,128,128,49.291
1024,128,128,256,59.4567
1024,128,128,512,82.4337
1024,128,128,1024,119.415
1024,128,128,2048,190.242
1024,128,128,4096,330.276
1024,128,128,8192,617.981
1024,128,128,16384,1198.49
1024,256,0,0,34.1333
1024,256,1,16,34.123
1024,256,1,32,33.7923
1024,256,1,64,33.9417
1024,256,1,128,33.7817
1024,256,1,256,33.995
1024,256,1,512,35.8943
1024,256,1,1024,42.7313
1024,256,1,2048,58.6357
1024,256,1,4096,86.2093
1024,256,1,8192,140.407
1024,256,1,16384,248.76
1024,256,2,16,33.9843
1024,256,2,32,34.2297
1024,256,2,64,34.1663
1024,256,2,128,33.8887
1024,256,2,256,34.0487
1024,256,2,512,35.8617
1024,256,2,1024,43.243
1024,256,2,2048,59.0087
1024,256,2,4096,86.7317
1024,256,2,8192,140.952
1024,256,2,16384,249.401
1024,256,4,16,33.9637
1024,256,4,32,34.2617
1024,256,4,64,33.974
1024,256,4,128,34.2083
1024,256,4,256,34.368
1024,256,4,512,37.654
1024,256,4,1024,45.227
1024,256,4,2048,60.288
1024,256,4,4096,87.9687
1024,256,4,8192,142.892
1024,256,4,16384,250.627
1024,256,8,16,34.1877
1024,256,8,32,33.8773
1024,256,8,64,34.1553
1024,256,8,128,33.868
1024,256,8,256,34.166
1024,256,8,512,37.504
1024,256,8,1024,45.281
1024,256,8,2048,60.822
1024,256,8,4096,88.7477
1024,256,8,8192,142.807
1024,256,8,16384,251.779
1024,256,16,16,34.0903
1024,256,16,32,34.0803
1024,256,16,64,34.1127
1024,256,16,128,34.603
1024,256,16,256,36.1493
1024,256,16,512,39.4453
1024,256,16,1024,48.0537
1024,256,16,2048,64.1287
1024,256,16,4096,92.6197
1024,256,16,8192,147.597
1024,256,16,16384,255.32
1024,256,32,16,37.387
1024,256,32,32,37.174
1024,256,32,64,37.27
1024,256,32,128,39.03
1024,256,32,256,40.8963
1024,256,32,512,45.8787
1024,256,32,1024,58.4217
1024,256,32,2048,79.1587
1024,256,32,4096,114.54
1024,256,32,8192,182.754
1024,256,32,16384,317.839
1024,256,64,16,39.7877
1024,256,64,32,39.799
1024,256,64,64,39.9677
1024,256,64,128,42.2943
1024,256,64,256,45.2597
1024,256,64,512,61.4517
1024,256,64,1024,86.2513
1024,256,64,2048,130.85
1024,256,64,4096,213.73
1024,256,64,8192,377.657
1024,256,64,16384,713.694
1024,256,128,16,46.1443
1024,256,128,32,46.5183
1024,256,128,64,47.232
1024,256,128,128,51.3393
1024,256,128,256,63.083
1024,256,128,512,84.652
1024,256,128,1024,120.844
1024,256,128,2048,192.803
1024,256,128,4096,334.394
1024,256,128,8192,617.651
1024,256,128,16384,1201.49
1024,512,0,0,40.1283
1024,512,1,16,40.1287
1024,512,1,32,40.032
1024,512,1,64,40.3733
1024,512,1,128,39.99
1024,512,1,256,40.1177
1024,512,1,512,40.3843
1024,512,1,1024,46.848
1024,512,1,2048,62.625
1024,512,1,4096,90.9027
1024,512,1,8192,144.599
1024,512,1,16384,253.486
1024,512,2,16,40.4053
1024,512,2,32,40.075
1024,512,2,64,40.107
1024,512,2,128,40.299
1024,512,2,256,40.3103
1024,512,2,512,40.406
1024,512,2,1024,47.2013
1024,512,2,2048,63.2863
1024,512,2,4096,90.731
1024,512,2,8192,144.919
1024,512,2,16384,254.009
1024,512,4,16,40.118
1024,512,4,32,40.384
1024,512,4,64,40.3517
1024,512,4,128,40.448
1024,512,4,256,39.915
1024,512,4,512,41.558
1024,512,4,1024,49.1417
1024,512,4,2048,64.469
1024,512,4,4096,92.417
1024,512,4,8192,146.711
1024,512,4,16384,255.074
1024,512,8,16,40.406
1024,512,8,32,40.5663
1024,512,8,64,40.1293
1024,512,8,128,40.3627
1024,512,8,256,40.0967
1024,512,8,512,41.1953
1024,512,8,1024,49.5893
1024,512,8,2048,65.003
1024,512,8,4096,92.9933
1024,512,8,8192,147.095
1024,512,8,16384,255.842
1024,512,16,16,40.14
1024,512,16,32,40.2457
1024,512,16,64,40.4593
1024,512,16,128,40.2247
1024,512,16,256,40.1723
1024,512,16,512,43.1367
1024,512,16,1024,51.841
1024,512,16,2048,68.438
1024,512,16,4096,97.068
1024,512,16,8192,151.287
1024,512,16,16384,260.206
1024,512,32,16,40.5653
1024,512,32,32,40.5123
1024,512,32,64,40.9287
1024,512,32,128,42.6783
1024,512,32,256,45.1107
1024,512,32,512,49.6007
1024,512,32,1024,61.761
1024,512,32,2048,82.7213
1024,512,32,4096,117.324
1024,512,32,8192,184.834
1024,512,32,16384,324.302
1024,512,64,16,44.0647
1024,512,64,32,44.2673
1024,512,64,64,44.5233
1024,512,64,128,46.8917
1024,512,64,256,51.4887
1024,512,64,512,64.246
1024,512,64,1024,89.1317
1024,512,64,2048,133.559
1024,512,64,4096,219.352
1024,512,64,8192,383.184
1024,512,64,16384,714.867
1024,512,128,16,50.8167
1024,512,128,32,51.467
1024,512,128,64,51.6373
1024,512,128,128,56.5873
1024,512,128,256,66.209
1024,512,128,512,85.8467
1024,512,128,1024,122.049
1024,512,128,2048,194.711
1024,512,128,4096,337.136
1024,512,128,8192,617.768
1024,512,128,16384,1207.18
1024,1024,0,0,56.6823
1024,1024,1,16,56.118
1024,1024,1,32,56.566
1024,1024,1,64,56.161
1024,1024,1,128,56.1827
1024,1024,1,256,56.4273
1024,1024,1,512,56.47
1024,1024,1,1024,56.4913
1024,1024,1,2048,71.692
1024,1024,1,4096,99.1693
1024,1024,1,8192,153.057
1024,1024,1,16384,261.688
1024,1024,2,16,56.2457
1024,1024,2,32,56.0217
1024,1024,2,64,56.107
1024,1024,2,128,56.4163
1024,1024,2,256,56.4167
1024,1024,2,512,56.4597
1024,1024,2,1024,56.9393
1024,1024,2,2048,71.606
1024,1024,2,4096,99.3407
1024,1024,2,8192,153.399
1024,1024,2,16384,261.592
1024,1024,4,16,56.652
1024,1024,4,32,56.267
1024,1024,4,64,55.9157
1024,1024,4,128,56.4697
1024,1024,4,256,55.9263
1024,1024,4,512,56.2243
1024,1024,4,1024,57.5257
1024,1024,4,2048,73.313
1024,1024,4,4096,100.79
1024,1024,4,8192,154.722
1024,1024,4,16384,262.755
1024,1024,8,16,56.108
1024,1024,8,32,56.2777
1024,1024,8,64,56.001
1024,1024,8,128,55.9897
1024,1024,8,256,56.6937
1024,1024,8,512,56.2467
1024,1024,8,1024,57.8137
1024,1024,8,2048,73.8357
1024,1024,8,4096,100.94
1024,1024,8,8192,155.031
1024,1024,8,16384,264.632
1024,1024,16,16,56.0543
1024,1024,16,32,56.47
1024,1024,16,64,56.2463
1024,1024,16,128,56.768
1024,1024,16,256,56.3527
1024,1024,16,512,56.7257
1024,1024,16,1024,59.8197
1024,1024,16,2048,76.459
1024,1024,16,4096,104.439
1024,1024,16,8192,159.49
1024,1024,16,16384,267.139
1024,1024,32,16,57.056
1024,1024,32,32,56.438
1024,1024,32,64,57.067
1024,1024,32,128,56.8323
1024,1024,32,256,56.8867
1024,1024,32,512,56.6407
1024,1024,32,1024,69.4403
1024,1024,32,2048,89.5053
1024,1024,32,4096,123.757
1024,1024,32,8192,193.367
1024,1024,32,16384,328.676
1024,1024,64,16,56.6727
1024,1024,64,32,56.6517
1024,1024,64,64,56.7683
1024,1024,64,128,56.6087
1024,1024,64,256,59.702
1024,1024,64,512,71.756
1024,1024,64,1024,94.07
1024,1024,64,2048,138.626
1024,1024,64,4096,222.392
1024,1024,64,8192,389.178
1024,1024,64,16384,715.188
1024,1024,128,16,59.9267
1024,1024,128,32,59.958
1024,1024,128,64,60.4063
1024,1024,128,128,66.5283
1024,1024,128,256,76.053
1024,1024,128,512,93.484
1024,1024,128,1024,128.109
1024,1024,128,2048,200.002
1024,1024,128,4096,342.319
1024,1024,128,8192,624.2
1024,1024,128,16384,1211.01
1024,2048,0,0,88.2677
1024,2048,1,16,87.7983
1024,2048,1,32,88.3743
1024,2048,1,64,88.012
1024,2048,1,128,87.8627
1024,2048,1,256,87.9377
1024,2048,1,512,87.649
1024,2048,1,1024,87.596
1024,2048,1,2048,88.2887
1024,2048,1,4096,114.721
1024,2048,1,8192,169.047
1024,2048,1,16384,277.368
1024,2048,2,16,88.1937
1024,2048,2,32,88.374
1024,2048,2,64,88.3
1024,2048,2,128,87.703
1024,2048,2,256,87.8943
1024,2048,2,512,87.6067
1024,2048,2,1024,87.7663
1024,2048,2,2048,88.161
1024,2048,2,4096,114.871
1024,2048,2,8192,168.898
1024,2048,2,16384,277.625
1024,2048,4,16,87.489
1024,2048,4,32,87.479
1024,2048,4,64,87.7237
1024,2048,4,128,87.628
1024,2048,4,256,87.8837
1024,2048,4,512,87.9803
1024,2048,4,1024,87.8943
1024,2048,4,2048,89.0463
1024,2048,4,4096,115.457
1024,2048,4,8192,170.21
1024,2048,4,16384,278.126
1024,2048,8,16,88.0333
1024,2048,8,32,87.916
1024,2048,8,64,87.7237
1024,2048,8,128,87.873
1024,2048,8,256,88.0333
1024,2048,8,512,87.3823
1024,2048,8,1024,88.2363
1024,2048,8,2048,89.27
1024,2048,8,4096,115.862
1024,2048,8,8192,170.786
1024,2048,8,16384,279.982
1024,2048,16,16,87.575
1024,2048,16,32,87.7557
1024,2048,16,64,87.8733
1024,2048,16,128,88.1183
1024,2048,16,256,88.0543
1024,2048,16,512,88.1397
1024,2048,16,1024,87.9253
1024,2048,16,2048,92.78
1024,2048,16,4096,121.206
1024,2048,16,8192,174.424
1024,2048,16,16384,284.462
1024,2048,32,16,88.3423
1024,2048,32,32,88.033
1024,2048,32,64,88.6307
1024,2048,32,128,88.225
1024,2048,32,256,88.3423
1024,2048,32,512,88.545
1024,2048,32,1024,89.249
1024,2048,32,2048,107.041
1024,2048,32,4096,141.964
1024,2048,32,8192,211.492
1024,2048,32,16384,347.279
1024,2048,64,16,88.3107
1024,2048,64,32,88.2897
1024,2048,64,64,88.1933
1024,2048,64,128,88.7147
1024,2048,64,256,88.6737
1024,2048,64,512,88.897
1024,2048,64,1024,111.17
1024,2048,64,2048,152.034
1024,2048,64,4096,238.009
1024,2048,64,8192,402.778
1024,2048,64,16384,734.303
1024,2048,128,16,88.8223
1024,2048,128,32,88.6407
1024,2048,128,64,88.7263
1024,2048,128,128,88.8437
1024,2048,128,256,92.1297
1024,2048,128,512,109.239
1024,2048,128,1024,146.433
1024,2048,128,2048,214.648
1024,2048,128,4096,357.444
1024,2048,128,8192,642.45
1024,2048,128,16384,1226.7
1024,4096,0,0,142.594
1024,4096,1,16,143.095
1024,4096,1,32,142.721
1024,4096,1,64,142.849
1024,4096,1,128,142.913
1024,4096,1,256,142.636
1024,4096,1,512,142.519
1024,4096,1,1024,142.477
1024,4096,1,2048,142.434
1024,4096,1,4096,143.169
1024,4096,1,8192,197.186
1024,4096,1,16384,304.814
1024,4096,2,16,143.009
1024,4096,2,32,142.583
1024,4096,2,64,143.085
1024,4096,2,128,143.053
1024,4096,2,256,142.605
1024,4096,2,512,142.882
1024,4096,2,1024,142.53
1024,4096,2,2048,142.465
1024,4096,2,4096,143.628
1024,4096,2,8192,197.762
1024,4096,2,16384,305.828
1024,4096,4,16,142.509
1024,4096,4,32,143.116
1024,4096,4,64,143.084
1024,4096,4,128,142.774
1024,4096,4,256,143.01
1024,4096,4,512,142.722
1024,4096,4,1024,142.828
1024,4096,4,2048,142.498
1024,4096,4,4096,144.012
1024,4096,4,8192,198.285
1024,4096,4,16384,306.436
1024,4096,8,16,142.646
1024,4096,8,32,142.423
1024,4096,8,64,142.082
1024,4096,8,128,142.583
1024,4096,8,256,143.084
1024,4096,8,512,142.924
1024,4096,8,1024,142.273
1024,4096,8,2048,142.849
1024,4096,8,4096,144.653
1024,4096,8,8192,198.627
1024,4096,8,16384,307.14
1024,4096,16,16,142.359
1024,4096,16,32,142.679
1024,4096,16,64,142.828
1024,4096,16,128,143.149
1024,4096,16,256,143.074
1024,4096,16,512,143.192
1024,4096,16,1024,142.7
1024,4096,16,2048,143.458
1024,4096,16,4096,149.175
1024,4096,16,8192,204.354
1024,4096,16,16384,312.921
1024,4096,32,16,143.052
1024,4096,32,32,143.138
1024,4096,32,64,143.564
1024,4096,32,128,143.426
1024,4096,32,256,143.362
1024,4096,32,512,143.064
1024,4096,32,1024,145.462
1024,4096,32,2048,148.941
1024,4096,32,4096,172.781
1024,4096,32,8192,241.678
1024,4096,32,16384,376.72
1024,4096,64,16,143.052
1024,4096,64,32,142.967
1024,4096,64,64,142.934
1024,4096,64,128,143.329
1024,4096,64,256,143.33
1024,4096,64,512,145.292
1024,4096,64,1024,152.514
1024,4096,64,2048,183.266
1024,4096,64,4096,259.128
1024,4096,64,8192,428.955
1024,4096,64,16384,766.409
1024,4096,128,16,143.544
1024,4096,128,32,143.672
1024,4096,128,64,143.522
1024,4096,128,128,143.692
1024,4096,128,256,143.746
1024,4096,128,512,149.293
1024,4096,128,1024,173.624
1024,4096,128,2048,244.237
1024,4096,128,4096,384.037
1024,4096,128,8192,672.638
1024,4096,128,16384,1250.78
1024,8192,0,0,251.736
1024,8192,1,16,250.232
1024,8192,1,32,251.139
1024,8192,1,64,250.979
1024,8192,1,128,251.864
1024,8192,1,256,250.221
1024,8192,1,512,249.827
1024,8192,1,1024,250.19
1024,8192,1,2048,250.68
1024,8192,1,4096,251.939
1024,8192,1,8192,251.064
1024,8192,1,16384,360.399
1024,8192,2,16,250.67
1024,8192,2,32,250.967
1024,8192,2,64,250.307
1024,8192,2,128,250.956
1024,8192,2,256,251.459
1024,8192,2,512,251.214
1024,8192,2,1024,251.374
1024,8192,2,2048,250.382
1024,8192,2,4096,250.744
1024,8192,2,8192,253.113
1024,8192,2,16384,360.687
1024,8192,4,16,250.989
1024,8192,4,32,250.819
1024,8192,4,64,251.823
1024,8192,4,128,250.701
1024,8192,4,256,250.883
1024,8192,4,512,250.701
1024,8192,4,1024,250.967
1024,8192,4,2048,250.872
1024,8192,4,4096,251.779
1024,8192,4,8192,252.536
1024,8192,4,16384,361.722
1024,8192,8,16,250.744
1024,8192,8,32,251.757
1024,8192,8,64,250.488
1024,8192,8,128,251.107
1024,8192,8,256,250.744
1024,8192,8,512,251.139
1024,8192,8,1024,250.574
1024,8192,8,2048,250.701
1024,8192,8,4096,251.054
1024,8192,8,8192,253.24
1024,8192,8,16384,362.457
1024,8192,16,16,250.509
1024,8192,16,32,251.15
1024,8192,16,64,251.117
1024,8192,16,128,251.587
1024,8192,16,256,250.573
1024,8192,16,512,250.893
1024,8192,16,1024,251.224
1024,8192,16,2048,251.811
1024,8192,16,4096,251.512
1024,8192,16,8192,257.635
1024,8192,16,16384,366.362
1024,8192,32,16,250.68
1024,8192,32,32,251.897
1024,8192,32,64,251.545
1024,8192,32,128,251.203
1024,8192,32,256,250.936
1024,8192,32,512,251.704
1024,8192,32,1024,253.422
1024,8192,32,2048,257.006
1024,8192,32,4096,261.635
1024,8192,32,8192,296.302
1024,8192,32,16384,432.826
1024,8192,64,16,252.035
1024,8192,64,32,251.352
1024,8192,64,64,252.077
1024,8192,64,128,251.427
1024,8192,64,256,252.259
1024,8192,64,512,252.323
1024,8192,64,1024,260.152
1024,8192,64,2048,269.688
1024,8192,64,4096,316.537
1024,8192,64,8192,471.792
1024,8192,64,16384,801.908
1024,8192,128,16,251.939
1024,8192,128,32,251.704
1024,8192,128,64,251.672
1024,8192,128,128,251.523
1024,8192,128,256,252.409
1024,8192,128,512,256.706
1024,8192,128,1024,265.881
1024,8192,128,2048,298.542
1024,8192,128,4096,438.577
1024,8192,128,8192,717.865
1024,8192,128,16384,1304.72
1024,16384,0,0,464.272
1024,16384,1,16,463.6
1024,16384,1,32,464.944
1024,16384,1,64,462.555
1024,16384,1,128,463.909
1024,16384,1,256,464.091
1024,16384,1,512,465.125
1024,16384,1,1024,465.242
1024,16384,1,2048,465.402
1024,16384,1,4096,464.933
1024,16384,1,8192,463.504
1024,16384,1,16384,466.416
1024,16384,2,16,464.954
1024,16384,2,32,463.386
1024,16384,2,64,464.197
1024,16384,2,128,464.794
1024,16384,2,256,465.595
1024,16384,2,512,465.274
1024,16384,2,1024,464.401
1024,16384,2,2048,464.486
1024,16384,2,4096,464.678
1024,16384,2,8192,463.825
1024,16384,2,16384,467.472
1024,16384,4,16,463.835
1024,16384,4,32,464.518
1024,16384,4,64,464.688
1024,16384,4,128,463.76
1024,16384,4,256,464.432
1024,16384,4,512,464.155
1024,16384,4,1024,464.603
1024,16384,4,2048,464.326
1024,16384,4,4096,464.805
1024,16384,4,8192,463.963
1024,16384,4,16384,468.752
1024,16384,8,16,465.339
1024,16384,8,32,464.517
1024,16384,8,64,464.998
1024,16384,8,128,463.782
1024,16384,8,256,465.595
1024,16384,8,512,464.645
1024,16384,8,1024,463.322
1024,16384,8,2048,464.401
1024,16384,8,4096,465.306
1024,16384,8,8192,464.24
1024,16384,8,16384,469.445
1024,16384,16,16,464.166
1024,16384,16,32,464.784
1024,16384,16,64,465.659
1024,16384,16,128,464.87
1024,16384,16,256,464.037
1024,16384,16,512,464.454
1024,16384,16,1024,463.942
1024,16384,16,2048,465.04
1024,16384,16,4096,464.23
1024,16384,16,8192,463.814
1024,16384,16,16384,471.963
1024,16384,32,16,464.624
1024,16384,32,32,463.825
1024,16384,32,64,465.307
1024,16384,32,128,464.976
1024,16384,32,256,464.327
1024,16384,32,512,466.128
1024,16384,32,1024,466.801
1024,16384,32,2048,470.588
1024,16384,32,4096,474.918
1024,16384,32,8192,482.576
1024,16384,32,16384,538.076
1024,16384,64,16,465.286
1024,16384,64,32,465.254
1024,16384,64,64,464.987
1024,16384,64,128,464.07
1024,16384,64,256,464.805
1024,16384,64,512,467.515
1024,16384,64,1024,473.446
1024,16384,64,2048,478.725
1024,16384,64,4096,493.745
1024,16384,64,8192,568.668
1024,16384,64,16384,877.675
1024,16384,128,16,466.011
1024,16384,128,32,465.029
1024,16384,128,64,465.829
1024,16384,128,128,465.573
1024,16384,128,256,466.266
1024,16384,128,512,470.235
1024,16384,128,1024,477.307
1024,16384,128,2048,492.507
1024,16384,128,4096,546.353
1024,16384,128,8192,836.106
1024,16384,128,16384,1389.07
2048,0,0,0,68.673
2048,0,1,16,68.4383
2048,0,1,32,68.0437
2048,0,1,64,67.9577
2048,0,1,128,68.406
2048,0,1,256,69.025
2048,0,1,512,71.916
2048,0,1,1024,79.9793
2048,0,1,2048,93.7507
2048,0,1,4096,121.122
2048,0,1,8192,175.917
2048,0,1,16384,283.907
2048,0,2,16,68.2667
2048,0,2,32,68.1177
2048,0,2,64,67.9473
2048,0,2,128,68.075
2048,0,2,256,68.5977
2048,0,2,512,73.579
2048,0,2,1024,80.4173
2048,0,2,2048,94.07
2048,0,2,4096,120.951
2048,0,2,8192,174.584
2048,0,2,16384,283.897
2048,0,4,16,68.2997
2048,0,4,32,68.544
2048,0,4,64,68.7267
2048,0,4,128,68.0863
2048,0,4,256,70.7423
2048,0,4,512,73.9853
2048,0,4,1024,80.9607
2048,0,4,2048,94.2523
2048,0,4,4096,121.153
2048,0,4,8192,175.565
2048,0,4,16384,284.824
2048,0,8,16,68.108
2048,0,8,32,68.278
2048,0,8,64,68.6093
2048,0,8,128,68.3847
2048,0,8,256,69.1207
2048,0,8,512,73.2277
2048,0,8,1024,80.5773
2048,0,8,2048,95.1697
2048,0,8,4096,121.72
2048,0,8,8192,176.588
2048,0,8,16384,284.761
2048,0,16,16,68.4067
2048,0,16,32,68.7157
2048,0,16,64,68.3957
2048,0,16,128,68.3203
2048,0,16,256,70.2197
2048,0,16,512,73.7823
2048,0,16,1024,81.664
2048,0,16,2048,97.2293
2048,0,16,4096,125.75
2048,0,16,8192,180.951
2048,0,16,16384,289.529
2048,0,32,16,68.9713
2048,0,32,32,69.1853
2048,0,32,64,69.2167
2048,0,32,128,69.6223
2048,0,32,256,71.8303
2048,0,32,512,77.4837
2048,0,32,1024,89.0033
2048,0,32,2048,111.105
2048,0,32,4096,148.546
2048,0,32,8192,216.61
2048,0,32,16384,351.183
2048,0,64,16,74.145
2048,0,64,32,73.9847
2048,0,64,64,74.2737
2048,0,64,128,77.2593
2048,0,64,256,81.388
2048,0,64,512,94.0817
2048,0,64,1024,120.684
2048,0,64,2048,165.154
2048,0,64,4096,247.395
2048,0,64,8192,417.466
2048,0,64,16384,747.946
2048,0,128,16,78.892
2048,0,128,32,79.201
2048,0,128,64,80.0007
2048,0,128,128,85.5907
2048,0,128,256,94.7743
2048,0,128,512,117.505
2048,0,128,1024,155.735
2048,0,128,2048,225.016
2048,0,128,4096,367.376
2048,0,128,8192,651.581
2048,0,128,16384,1231.55
2048,16,0,0,68.7153
2048,16,1,16,69.2167
2048,16,1,32,68.7577
2048,16,1,64,69.11
2048,16,1,128,69.1637
2048,16,1,256,69.7283
2048,16,1,512,73.6117
2048,16,1,1024,80.7257
2048,16,1,2048,94.593
2048,16,1,4096,121.601
2048,16,1,8192,175.277
2048,16,1,16384,283.705
2048,16,2,16,68.63
2048,16,2,32,68.7687
2048,16,2,64,68.9717
2048,16,2,128,68.9393
2048,16,2,256,69.8567
2048,16,2,512,73.5367
2048,16,2,1024,80.6083
2048,16,2,2048,94.678
2048,16,2,4096,121.559
2048,16,2,8192,175.522
2048,16,2,16384,283.823
2048,16,4,16,69.0993
2048,16,4,32,69.185
2048,16,4,64,69.0567
2048,16,4,128,68.9817
2048,16,4,256,70.0917
2048,16,4,512,73.4417
2048,16,4,1024,80.5457
2048,16,4,2048,94.6783
2048,16,4,4096,122.039
2048,16,4,8192,175.906
2048,16,4,16384,284.836
2048,16,8,16,68.459
2048,16,8,32,68.7907
2048,16,8,64,69.0143
2048,16,8,128,68.6617
2048,16,8,256,70.0273
2048,16,8,512,73.6117
2048,16,8,1024,81.2277
2048,16,8,2048,95.2227
2048,16,8,4096,121.623
2048,16,8,8192,176.269
2048,16,8,16384,285.156
2048,16,16,16,69.2173
2048,16,16,32,69.1207
2048,16,16,64,68.875
2048,16,16,128,69.2063
2048,16,16,256,70.017
2048,16,16,512,73.985
2048,16,16,1024,82.1447
2048,16,16,2048,98.2413
2048,16,16,4096,127.479
2048,16,16,8192,181.72
2048,16,16,16384,290.467
2048,16,32,16,69.441
2048,16,32,32,69.5477
2048,16,32,64,69.6013
2048,16,32,128,70.3473
2048,16,32,256,71.1267
2048,16,32,512,78.3153
2048,16,32,1024,89.7927
2048,16,32,2048,112.578
2048,16,32,4096,149.773
2048,16,32,8192,217.059
2048,16,32,16384,354.832
2048,16,64,16,73.814
2048,16,64,32,73.9317
2048,16,64,64,74.8273
2048,16,64,128,78.0067
2048,16,64,256,82.2947
2048,16,64,512,95.5317
2048,16,64,1024,121.953
2048,16,64,2048,165.431
2048,16,64,4096,249.486
2048,16,64,8192,415.194
2048,16,64,16384,744.746
2048,16,128,16,80.524
2048,16,128,32,80.5877
2048,16,128,64,80.5877
2048,16,128,128,86.6463
2048,16,128,256,95.404
2048,16,128,512,117.463
2048,16,128,1024,156.237
2048,16,128,2048,228.013
2048,16,128,4096,367.013
2048,16,128,8192,651.966
2048,16,128,16384,1230.34
2048,32,0,0,70.337
2048,32,1,16,70.4653
2048,32,1,32,70.2197
2048,32,1,64,70.3477
2048,32,1,128,70.3267
2048,32,1,256,69.9203
2048,32,1,512,73.377
2048,32,1,1024,80.8653
2048,32,1,2048,94.3057
2048,32,1,4096,121.345
2048,32,1,8192,175.725
2048,32,1,16384,284.782
2048,32,2,16,70.049
2048,32,2,32,70.124
2048,32,2,64,69.995
2048,32,2,128,70.3367
2048,32,2,256,70.5073
2048,32,2,512,73.4197
2048,32,2,1024,81.217
2048,32,2,2048,94.3477
2048,32,2,4096,121.356
2048,32,2,8192,176.749
2048,32,2,16384,284.569
2048,32,4,16,70.572
2048,32,4,32,70.7207
2048,32,4,64,70.5503
2048,32,4,128,70.198
2048,32,4,256,70.4643
2048,32,4,512,74.209
2048,32,4,1024,81.3027
2048,32,4,2048,96.5233
2048,32,4,4096,122.519
2048,32,4,8192,177.25
2048,32,4,16384,285.113
2048,32,8,16,70.7637
2048,32,8,32,70.0273
2048,32,8,64,70.2083
2048,32,8,128,70.5607
2048,32,8,256,70.1237
2048,32,8,512,73.8467
2048,32,8,1024,81.473
2048,32,8,2048,95.148
2048,32,8,4096,121.559
2048,32,8,8192,176.365
2048,32,8,16384,285.454
2048,32,16,16,70.3583
2048,32,16,32,70.3687
2048,32,16,64,70.827
2048,32,16,128,70.5823
2048,32,16,256,70.5933
2048,32,16,512,74.262
2048,32,16,1024,82.3687
2048,32,16,2048,98.7427
2048,32,16,4096,127.703
2048,32,16,8192,182.317
2048,32,16,16384,290.776
2048,32,32,16,70.572
2048,32,32,32,71.2753
2048,32,32,64,71.2123
2048,32,32,128,71.4357
2048,32,32,256,72.7157
2048,32,32,512,78.2197
2048,32,32,1024,89.7833
2048,32,32,2048,112.738
2048,32,32,4096,149.591
2048,32,32,8192,218.189
2048,32,32,16384,353.786
2048,32,64,16,73.8247
2048,32,64,32,74.155
2048,32,64,64,74.358
2048,32,64,128,77.7613
2048,32,64,256,81.8247
2048,32,64,512,95.052
2048,32,64,1024,121.303
2048,32,64,2048,166.573
2048,32,64,4096,250.136
2048,32,64,8192,416.347
2048,32,64,16384,745.043
2048,32,128,16,79.8623
2048,32,128,32,80.3427
2048,32,128,64,80.727
2048,32,128,128,86.059
2048,32,128,256,94.2943
2048,32,128,512,117.687
2048,32,128,1024,155.767
2048,32,128,2048,228.28
2048,32,128,4096,367.344
2048,32,128,8192,653.203
2048,32,128,16384,1231.87
2048,64,0,0,71.4257
2048,64,1,16,71.019
2048,64,1,32,70.817
2048,64,1,64,71.3607
2048,64,1,128,70.7093
2048,64,1,256,70.6993
2048,64,1,512,74.049
2048,64,1,1024,81.8677
2048,64,1,2048,96.5667
2048,64,1,4096,122.38
2048,64,1,8192,176.685
2048,64,1,16384,285.027
2048,64,2,16,70.7847
2048,64,2,32,71.2863
2048,64,2,64,71.4247
2048,64,2,128,71.2327
2048,64,2,256,71.4043
2048,64,2,512,73.814
2048,64,2,1024,82.081
2048,64,2,2048,95.7133
2048,64,2,4096,122.764
2048,64,2,8192,176.567
2048,64,2,16384,285.603
2048,64,4,16,71.244
2048,64,4,32,71.094
2048,64,4,64,70.8383
2048,64,4,128,71.0407
2048,64,4,256,71.4143
2048,64,4,512,74.8057
2048,64,4,1024,81.537
2048,64,4,2048,95.3177
2048,64,4,4096,122.497
2048,64,4,8192,177.165
2048,64,4,16384,286.073
2048,64,8,16,70.7103
2048,64,8,32,70.7747
2048,64,8,64,70.9453
2048,64,8,128,71.1693
2048,64,8,256,71.9903
2048,64,8,512,75.681
2048,64,8,1024,82.9667
2048,64,8,2048,95.959
2048,64,8,4096,123.927
2048,64,8,8192,177.655
2048,64,8,16384,284.857
2048,64,16,16,70.913
2048,64,16,32,70.689
2048,64,16,64,70.9877
2048,64,16,128,70.55
2048,64,16,256,72.2357
2048,64,16,512,75.6067
2048,64,16,1024,83.0087
2048,64,16,2048,99.6493
2048,64,16,4096,128.342
2048,64,16,8192,182.733
2048,64,16,16384,291.204
2048,64,32,16,71.4353
2048,64,32,32,71.585
2048,64,32,64,71.414
2048,64,32,128,72.0223
2048,64,32,256,73.1207
2048,64,32,512,79.521
2048,64,32,1024,90.945
2048,64,32,2048,113.687
2048,64,32,4096,150.754
2048,64,32,8192,217.838
2048,64,32,16384,354.735
2048,64,64,16,75.66
2048,64,64,32,76.2037
2048,64,64,64,76.161
2048,64,64,128,79.3927
2048,64,64,256,83.1907
2048,64,64,512,96.8653
2048,64,64,1024,122.476
2048,64,64,2048,167.17
2048,64,64,4096,248.856
2048,64,64,8192,418.533
2048,64,64,16384,750.089
2048,64,128,16,81.3343
2048,64,128,32,81.3243
2048,64,128,64,82.4757
2048,64,128,128,88.1187
2048,64,128,256,96.1717
2048,64,128,512,118.966
2048,64,128,1024,156.973
2048,64,128,2048,228.76
2048,64,128,4096,368.367
2048,64,128,8192,653.48
2048,64,128,16384,1234.79
2048,128,0,0,73.0567
2048,128,1,16,73.11
2048,128,1,32,73.0677
2048,128,1,64,72.9813
2048,128,1,128,73.0463
2048,128,1,256,73.419
2048,128,1,512,76.0863
2048,128,1,1024,83.7453
2048,128,1,2048,97.2383
2048,128,1,4096,124.63
2048,128,1,8192,178.509
2048,128,1,16384,287.065
2048,128,2,16,73.3873
2048,128,2,32,73.217
2048,128,2,64,73.27
2048,128,2,128,73.3233
2048,128,2,256,73.3023
2048,128,2,512,77.2277
2048,128,2,1024,83.691
2048,128,2,2048,97.6223
2048,128,2,4096,124.747
2048,128,2,8192,178.914
2048,128,2,16384,287.491
2048,128,4,16,73.6333
2048,128,4,32,73.4513
2048,128,4,64,73.3767
2048,128,4,128,73.313
2048,128,4,256,73.5897
2048,128,4,512,77.601
2048,128,4,1024,83.969
2048,128,4,2048,97.8677
2048,128,4,4096,125.452
2048,128,4,8192,179.362
2048,128,4,16384,287.993
2048,128,8,16,72.9403
2048,128,8,32,73.292
2048,128,8,64,73.4303
2048,128,8,128,73.3023
2048,128,8,256,73.7503
2048,128,8,512,77.7823
2048,128,8,1024,84.6517
2048,128,8,2048,98.5503
2048,128,8,4096,125.431
2048,128,8,8192,180.034
2048,128,8,16384,288.675
2048,128,16,16,72.641
2048,128,16,32,72.939
2048,128,16,64,72.8113
2048,128,16,128,73.0673
2048,128,16,256,74.2937
2048,128,16,512,77.9533
2048,128,16,1024,85.633
2048,128,16,2048,101.74
2048,128,16,4096,130.659
2048,128,16,8192,184.941
2048,128,16,16384,293.198
2048,128,32,16,73.4087
2048,128,32,32,73.5367
2048,128,32,64,73.4193
2048,128,32,128,73.9743
2048,128,32,256,75.0303
2048,128,32,512,81.5157
2048,128,32,1024,93.6017
2048,128,32,2048,116.353
2048,128,32,4096,152.599
2048,128,32,8192,220.675
2048,128,32,16384,354.65
2048,128,64,16,78.1987
2048,128,64,32,78.2303
2048,128,64,64,78.7313
2048,128,64,128,81.558
2048,128,64,256,85.4197
2048,128,64,512,97.7823
2048,128,64,1024,123.863
2048,128,64,2048,169.549
2048,128,64,4096,252.344
2048,128,64,8192,420.325
2048,128,64,16384,754.644
2048,128,128,16,83.179
2048,128,128,32,83.4247
2048,128,128,64,84.2463
2048,128,128,128,90.305
2048,128,128,256,99.234
2048,128,128,512,120.045
2048,128,128,1024,159.085
2048,128,128,2048,230.829
2048,128,128,4096,371.493
2048,128,128,8192,660.595
2048,128,128,16384,1236.98
2048,256,0,0,78.5717
2048,256,1,16,78.6683
2048,256,1,32,78.8063
2048,256,1,64,78.5503
2048,256,1,128,78.4327
2048,256,1,256,78.5397
2048,256,1,512,80.1507
2048,256,1,1024,87.1793
2048,256,1,2048,101.026
2048,256,1,4096,127.702
2048,256,1,8192,182.275
2048,256,1,16384,290.542
2048,256,2,16,78.7103
2048,256,2,32,78.923
2048,256,2,64,78.667
2048,256,2,128,78.7637
2048,256,2,256,78.657
2048,256,2,512,81.1113
2048,256,2,1024,87.745
2048,256,2,2048,101.121
2048,256,2,4096,128.535
2048,256,2,8192,182.669
2048,256,2,16384,291.278
2048,256,4,16,78.806
2048,256,4,32,78.764
2048,256,4,64,78.624
2048,256,4,128,78.892
2048,256,4,256,78.7527
2048,256,4,512,80.9503
2048,256,4,1024,88.0543
2048,256,4,2048,101.794
2048,256,4,4096,129.005
2048,256,4,8192,182.819
2048,256,4,16384,292.11
2048,256,8,16,78.412
2048,256,8,32,78.9447
2048,256,8,64,78.3477
2048,256,8,128,78.3473
2048,256,8,256,78.721
2048,256,8,512,81.281
2048,256,8,1024,88.2787
2048,256,8,2048,102.145
2048,256,8,4096,129.346
2048,256,8,8192,183.842
2048,256,8,16384,291.641
2048,256,16,16,78.465
2048,256,16,32,78.081
2048,256,16,64,78.4973
2048,256,16,128,78.5287
2048,256,16,256,78.6793
2048,256,16,512,81.3557
2048,256,16,1024,89.4307
2048,256,16,2048,105.409
2048,256,16,4096,134.124
2048,256,16,8192,188.92
2048,256,16,16384,297.742
2048,256,32,16,79.2433
2048,256,32,32,78.998
2048,256,32,64,78.945
2048,256,32,128,79.04
2048,256,32,256,79.4033
2048,256,32,512,85.7297
2048,256,32,1024,97.3343
2048,256,32,2048,120.78
2048,256,32,4096,156.738
2048,256,32,8192,224.953
2048,256,32,16384,360.057
2048,256,64,16,81.057
2048,256,64,32,81.4303
2048,256,64,64,82.0173
2048,256,64,128,85.569
2048,256,64,256,89.6437
2048,256,64,512,102.22
2048,256,64,1024,127.149
2048,256,64,2048,172.589
2048,256,64,4096,256.995
2048,256,64,8192,423.493
2048,256,64,16384,752.159
2048,256,128,16,86.7963
2048,256,128,32,87.756
2048,256,128,64,88.13
2048,256,128,128,95.127
2048,256,128,256,104.023
2048,256,128,512,125.058
2048,256,128,1024,161.762
2048,256,128,2048,233.464
2048,256,128,4096,374.415
2048,256,128,8192,656.339
2048,256,128,16384,1242.9
2048,512,0,0,90.0067
2048,512,1,16,89.8143
2048,512,1,32,89.7077
2048,512,1,64,89.6867
2048,512,1,128,89.58
2048,512,1,256,89.356
2048,512,1,512,89.1207
2048,512,1,1024,94.9237
2048,512,1,2048,108.609
2048,512,1,4096,135.234
2048,512,1,8192,189.335
2048,512,1,16384,298.297
2048,512,2,16,89.74
2048,512,2,32,89.6973
2048,512,2,64,89.6757
2048,512,2,128,89.7187
2048,512,2,256,89.537
2048,512,2,512,89.836
2048,512,2,1024,94.7647
2048,512,2,2048,108.588
2048,512,2,4096,135.298
2048,512,2,8192,189.741
2048,512,2,16384,298.073
2048,512,4,16,89.687
2048,512,4,32,89.3447
2048,512,4,64,89.697
2048,512,4,128,89.4523
2048,512,4,256,89.6543
2048,512,4,512,90.0383
2048,512,4,1024,95.67
2048,512,4,2048,109.036
2048,512,4,4096,135.874
2048,512,4,8192,189.933
2048,512,4,16384,299.054
2048,512,8,16,89.5487
2048,512,8,32,90.0917
2048,512,8,64,89.729
2048,512,8,128,90.0173
2048,512,8,256,89.7077
2048,512,8,512,89.7183
2048,512,8,1024,95.436
2048,512,8,2048,109.452
2048,512,8,4096,136.418
2048,512,8,8192,190.648
2048,512,8,16384,299.598
2048,512,16,16,89.4103
2048,512,16,32,89.27
2048,512,16,64,89.3557
2048,512,16,128,89.388
2048,512,16,256,89.698
2048,512,16,512,89.0677
2048,512,16,1024,97.058
2048,512,16,2048,113.569
2048,512,16,4096,142.647
2048,512,16,8192,196.504
2048,512,16,16384,305.188
2048,512,32,16,90.465
2048,512,32,32,89.772
2048,512,32,64,89.8253
2048,512,32,128,90.3587
2048,512,32,256,90.582
2048,512,32,512,94.3583
2048,512,32,1024,106.081
2048,512,32,2048,128.471
2048,512,32,4096,164.973
2048,512,32,8192,233.465
2048,512,32,16384,370.148
2048,512,64,16,90.3053
2048,512,64,32,90.412
2048,512,64,64,90.4863
2048,512,64,128,92.5663
2048,512,64,256,98.2627
2048,512,64,512,110.924
2048,512,64,1024,135.191
2048,512,64,2048,179.597
2048,512,64,4096,264.28
2048,512,64,8192,428.474
2048,512,64,16384,763.552
2048,512,128,16,95.799
2048,512,128,32,95.5213
2048,512,128,64,96.4813
2048,512,128,128,101.89
2048,512,128,256,113.442
2048,512,128,512,134.06
2048,512,128,1024,168.194
2048,512,128,2048,241.155
2048,512,128,4096,382.608
2048,512,128,8192,668.681
2048,512,128,16384,1243.91
2048,1024,0,0,111.692
2048,1024,1,16,111.628
2048,1024,1,32,111.639
2048,1024,1,64,111.373
2048,1024,1,128,111.126
2048,1024,1,256,111.308
2048,1024,1,512,111.713
2048,1024,1,1024,111.372
2048,1024,1,2048,123.777
2048,1024,1,4096,150.295
2048,1024,1,8192,204.472
2048,1024,1,16384,313.017
2048,1024,2,16,111.244
2048,1024,2,32,111.095
2048,1024,2,64,111.265
2048,1024,2,128,111.298
2048,1024,2,256,111.223
2048,1024,2,512,111.372
2048,1024,2,1024,111.425
2048,1024,2,2048,123.98
2048,1024,2,4096,150.839
2048,1024,2,8192,205.133
2048,1024,2,16384,312.676
2048,1024,4,16,111.852
2048,1024,4,32,111.234
2048,1024,4,64,111.649
2048,1024,4,128,111.052
2048,1024,4,256,111.414
2048,1024,4,512,111.254
2048,1024,4,1024,111.447
2048,1024,4,2048,123.725
2048,1024,4,4096,151.021
2048,1024,4,8192,204.653
2048,1024,4,16384,314.318
2048,1024,8,16,111.276
2048,1024,8,32,111.201
2048,1024,8,64,111.147
2048,1024,8,128,111.746
2048,1024,8,256,111.329
2048,1024,8,512,111.425
2048,1024,8,1024,111.414
2048,1024,8,2048,124.098
2048,1024,8,4096,151.607
2048,1024,8,8192,205.208
2048,1024,8,16384,313.881
2048,1024,16,16,111.265
2048,1024,16,32,110.957
2048,1024,16,64,111.18
2048,1024,16,128,111.169
2048,1024,16,256,111.116
2048,1024,16,512,111.18
2048,1024,16,1024,112.289
2048,1024,16,2048,128.567
2048,1024,16,4096,157.005
2048,1024,16,8192,211.629
2048,1024,16,16384,319.577
2048,1024,32,16,111.766
2048,1024,32,32,111.436
2048,1024,32,64,111.777
2048,1024,32,128,111.959
2048,1024,32,256,111.692
2048,1024,32,512,112.109
2048,1024,32,1024,121.058
2048,1024,32,2048,143.437
2048,1024,32,4096,180.642
2048,1024,32,8192,247.8
2048,1024,32,16384,384.794
2048,1024,64,16,112.023
2048,1024,64,32,111.851
2048,1024,64,64,112.226
2048,1024,64,128,111.885
2048,1024,64,256,112.854
2048,1024,64,512,126.519
2048,1024,64,1024,147.756
2048,1024,64,2048,193.101
2048,1024,64,4096,276.239
2048,1024,64,8192,443.515
2048,1024,64,16384,772.607
2048,1024,128,16,112.322
2048,1024,128,32,112.609
2048,1024,128,64,112.599
2048,1024,128,128,117.345
2048,1024,128,256,127.148
2048,1024,128,512,149.772
2048,1024,128,1024,183.522
2048,1024,128,2048,252.665
2048,1024,128,4096,395.429
2048,1024,128,8192,682.27
2048,1024,128,16384,1269.87
2048,2048,0,0,153.495
2048,2048,1,16,153.208
2048,2048,1,32,153.474
2048,2048,1,64,153.186
2048,2048,1,128,153.069
2048,2048,1,256,153.186
2048,2048,1,512,153.293
2048,2048,1,1024,153.282
2048,2048,1,2048,153.09
2048,2048,1,4096,179.18
2048,2048,1,8192,233.187
2048,2048,1,16384,342.03
2048,2048,2,16,153.346
2048,2048,2,32,153.431
2048,2048,2,64,153.581
2048,2048,2,128,153.517
2048,2048,2,256,153.218
2048,2048,2,512,153.282
2048,2048,2,1024,153.165
2048,2048,2,2048,153.154
2048,2048,2,4096,179.213
2048,2048,2,8192,233.41
2048,2048,2,16384,341.722
2048,2048,4,16,153.367
2048,2048,4,32,152.653
2048,2048,4,64,153.079
2048,2048,4,128,153.229
2048,2048,4,256,153.272
2048,2048,4,512,152.695
2048,2048,4,1024,153.634
2048,2048,4,2048,152.769
2048,2048,4,4096,179.554
2048,2048,4,8192,233.186
2048,2048,4,16384,342.468
2048,2048,8,16,153.314
2048,2048,8,32,153.41
2048,2048,8,64,153.154
2048,2048,8,128,153.697
2048,2048,8,256,152.94
2048,2048,8,512,153.549
2048,2048,8,1024,153.505
2048,2048,8,2048,153.24
2048,2048,8,4096,179.928
2048,2048,8,8192,234.179
2048,2048,8,16384,342.724
2048,2048,16,16,153.313
2048,2048,16,32,153.463
2048,2048,16,64,153.378
2048,2048,16,128,153.474
2048,2048,16,256,153.805
2048,2048,16,512,153.26
2048,2048,16,1024,153.346
2048,2048,16,2048,157.708
2048,2048,16,4096,186.316
2048,2048,16,8192,239.971
2048,2048,16,16384,348.548
2048,2048,32,16,153.73
2048,2048,32,32,153.474
2048,2048,32,64,153.378
2048,2048,32,128,153.88
2048,2048,32,256,153.623
2048,2048,32,512,153.644
2048,2048,32,1024,156.632
2048,2048,32,2048,172.855
2048,2048,32,4096,209.015
2048,2048,32,8192,276.429
2048,2048,32,16384,413.243
2048,2048,64,16,154.125
2048,2048,64,32,153.784
2048,2048,64,64,153.719
2048,2048,64,128,153.741
2048,2048,64,256,154.167
2048,2048,64,512,157.484
2048,2048,64,1024,176.845
2048,2048,64,2048,215.278
2048,2048,64,4096,299.673
2048,2048,64,8192,468.87
2048,2048,64,16384,800.085
2048,2048,128,16,154.381
2048,2048,128,32,154.669
2048,2048,128,64,154.754
2048,2048,128,128,155.137
2048,2048,128,256,158.455
2048,2048,128,512,178.691
2048,2048,128,1024,212.249
2048,2048,128,2048,278.552
2048,2048,128,4096,421.734
2048,2048,128,8192,710.484
2048,2048,128,16384,1289.42
2048,4096,0,0,238.766
2048,4096,1,16,237.997
2048,4096,1,32,238.264
2048,4096,1,64,238.552
2048,4096,1,128,238.542
2048,4096,1,256,238.158
2048,4096,1,512,238.477
2048,4096,1,1024,238.317
2048,4096,1,2048,238.189
2048,4096,1,4096,238.648
2048,4096,1,8192,291.865
2048,4096,1,16384,399.759
2048,4096,2,16,238.392
2048,4096,2,32,238.126
2048,4096,2,64,238.35
2048,4096,2,128,238.296
2048,4096,2,256,238.286
2048,4096,2,512,238.179
2048,4096,2,1024,238.392
2048,4096,2,2048,238.562
2048,4096,2,4096,238.275
2048,4096,2,8192,291.908
2048,4096,2,16384,400.473
2048,4096,4,16,238.254
2048,4096,4,32,238.563
2048,4096,4,64,238.19
2048,4096,4,128,238.434
2048,4096,4,256,238.52
2048,4096,4,512,238.851
2048,4096,4,1024,238.381
2048,4096,4,2048,238.147
2048,4096,4,4096,238.829
2048,4096,4,8192,292.26
2048,4096,4,16384,400.452
2048,4096,8,16,237.87
2048,4096,8,32,238.424
2048,4096,8,64,238.638
2048,4096,8,128,238.584
2048,4096,8,256,238.563
2048,4096,8,512,238.275
2048,4096,8,1024,238.862
2048,4096,8,2048,238.169
2048,4096,8,4096,238.553
2048,4096,8,8192,293.006
2048,4096,8,16384,401.307
2048,4096,16,16,238.723
2048,4096,16,32,238.563
2048,4096,16,64,238.69
2048,4096,16,128,238.062
2048,4096,16,256,238.755
2048,4096,16,512,238.275
2048,4096,16,1024,238.745
2048,4096,16,2048,238.563
2048,4096,16,4096,244.387
2048,4096,16,8192,299.151
2048,4096,16,16384,406.619
2048,4096,32,16,238.105
2048,4096,32,32,238.904
2048,4096,32,64,239.054
2048,4096,32,128,238.776
2048,4096,32,256,239.182
2048,4096,32,512,239.374
2048,4096,32,1024,242.136
2048,4096,32,2048,249.454
2048,4096,32,4096,268.334
2048,4096,32,8192,338.842
2048,4096,32,16384,471.707
2048,4096,64,16,239.192
2048,4096,64,32,239.075
2048,4096,64,64,239.587
2048,4096,64,128,239.384
2048,4096,64,256,239.533
2048,4096,64,512,243.331
2048,4096,64,1024,247.384
2048,4096,64,2048,272.462
2048,4096,64,4096,352.57
2048,4096,64,8192,521.798
2048,4096,64,16384,861.206
2048,4096,128,16,240.11
2048,4096,128,32,240.035
2048,4096,128,64,239.875
2048,4096,128,128,240.301
2048,4096,128,256,241.112
2048,4096,128,512,248.899
2048,4096,128,1024,271.459
2048,4096,128,2048,343.418
2048,4096,128,4096,481.382
2048,4096,128,8192,768.938
2048,4096,128,16384,1353.21
2048,8192,0,0,399.225
2048,8192,1,16,400.229
2048,8192,1,32,399.973
2048,8192,1,64,399.397
2048,8192,1,128,399.525
2048,8192,1,256,399.962
2048,8192,1,512,400.336
2048,8192,1,1024,400.591
2048,8192,1,2048,399.375
2048,8192,1,4096,400.357
2048,8192,1,8192,401.69
2048,8192,1,16384,509.766
2048,8192,2,16,400.208
2048,8192,2,32,399.973
2048,8192,2,64,400.389
2048,8192,2,128,400.154
2048,8192,2,256,400.922
2048,8192,2,512,400.047
2048,8192,2,1024,400.432
2048,8192,2,2048,400.688
2048,8192,2,4096,400.613
2048,8192,2,8192,401.637
2048,8192,2,16384,510.395
2048,8192,4,16,400.314
2048,8192,4,32,400.506
2048,8192,4,64,400.432
2048,8192,4,128,400.335
2048,8192,4,256,400.539
2048,8192,4,512,399.78
2048,8192,4,1024,401.359
2048,8192,4,2048,400.591
2048,8192,4,4096,400.421
2048,8192,4,8192,402.085
2048,8192,4,16384,510.758
2048,8192,8,16,400.527
2048,8192,8,32,399.311
2048,8192,8,64,400.741
2048,8192,8,128,400.346
2048,8192,8,256,401.157
2048,8192,8,512,400.047
2048,8192,8,1024,399.77
2048,8192,8,2048,398.906
2048,8192,8,4096,400.88
2048,8192,8,8192,403.162
2048,8192,8,16384,511.366
2048,8192,16,16,400.901
2048,8192,16,32,400.005
2048,8192,16,64,400.335
2048,8192,16,128,399.045
2048,8192,16,256,399.407
2048,8192,16,512,399.856
2048,8192,16,1024,399.12
2048,8192,16,2048,399.216
2048,8192,16,4096,401.018
2048,8192,16,8192,407.685
2048,8192,16,16384,515.856
2048,8192,32,16,401.082
2048,8192,32,32,400.709
2048,8192,32,64,401.583
2048,8192,32,128,401.157
2048,8192,32,256,401.69
2048,8192,32,512,401.584
2048,8192,32,1024,402.203
2048,8192,32,2048,406.01
2048,8192,32,4096,411.323
2048,8192,32,8192,447.654
2048,8192,32,16384,584.252
2048,8192,64,16,401.711
2048,8192,64,32,400.581
2048,8192,64,64,402.81
2048,8192,64,128,401.84
2048,8192,64,256,401.818
2048,8192,64,512,403.642
2048,8192,64,1024,409.584
2048,8192,64,2048,415.109
2048,8192,64,4096,461.093
2048,8192,64,8192,610.386
2048,8192,64,16384,952.502
2048,8192,128,16,402.053
2048,8192,128,32,401.552
2048,8192,128,64,402.042
2048,8192,128,128,402.223
2048,8192,128,256,402.469
2048,8192,128,512,410.277
2048,8192,128,1024,415.621
2048,8192,128,2048,448.603
2048,8192,128,4096,588.669
2048,8192,128,8192,865.248
2048,8192,128,16384,1459.21
2048,16384,0,0,718.836
2048,16384,1,16,720.424
2048,16384,1,32,718.515
2048,16384,1,64,718.825
2048,16384,1,128,719.763
2048,16384,1,256,716.445
2048,16384,1,512,720.52
2048,16384,1,1024,719.773
2048,16384,1,2048,718.685
2048,16384,1,4096,717.876
2048,16384,1,8192,719.134
2048,16384,1,16384,722.631
2048,16384,2,16,720.542
2048,16384,2,32,717.865
2048,16384,2,64,718.739
2048,16384,2,128,720.916
2048,16384,2,256,720.073
2048,16384,2,512,720.072
2048,16384,2,1024,721.544
2048,16384,2,2048,719.667
2048,16384,2,4096,720.904
2048,16384,2,8192,720.189
2048,16384,2,16384,725.001
2048,16384,4,16,718.014
2048,16384,4,32,720.969
2048,16384,4,64,719.059
2048,16384,4,128,719.144
2048,16384,4,256,720.435
2048,16384,4,512,717.491
2048,16384,4,1024,720.905
2048,16384,4,2048,718.515
2048,16384,4,4096,719.422
2048,16384,4,8192,719.827
2048,16384,4,16384,726.536
2048,16384,8,16,718.558
2048,16384,8,32,719.145
2048,16384,8,64,719.07
2048,16384,8,128,720.328
2048,16384,8,256,718.473
2048,16384,8,512,720.84
2048,16384,8,1024,720.029
2048,16384,8,2048,720.275
2048,16384,8,4096,717.918
2048,16384,8,8192,718.494
2048,16384,8,16384,726.609
2048,16384,16,16,718.131
2048,16384,16,32,719.806
2048,16384,16,64,719.038
2048,16384,16,128,720.488
2048,16384,16,256,719.678
2048,16384,16,512,721.48
2048,16384,16,1024,721
2048,16384,16,2048,720.361
2048,16384,16,4096,719.774
2048,16384,16,8192,718.004
2048,16384,16,16384,728.339
2048,16384,32,16,719.698
2048,16384,32,32,719.976
2048,16384,32,64,720.67
2048,16384,32,128,718.932
2048,16384,32,256,720.19
2048,16384,32,512,720.904
2048,16384,32,1024,721.162
2048,16384,32,2048,721.406
2048,16384,32,4096,721.277
2048,16384,32,8192,727.604
2048,16384,32,16384,797.588
2048,16384,64,16,720.958
2048,16384,64,32,720.905
2048,16384,64,64,720.926
2048,16384,64,128,719.646
2048,16384,64,256,718.131
2048,16384,64,512,719.689
2048,16384,64,1024,722.046
2048,16384,64,2048,731.828
2048,16384,64,4096,737.353
2048,16384,64,8192,815.583
2048,16384,64,16384,1117.47
2048,16384,128,16,719.507
2048,16384,128,32,720.883
2048,16384,128,64,720.905
2048,16384,128,128,721.128
2048,16384,128,256,719.795
2048,16384,128,512,723.454
2048,16384,128,1024,725.79
2048,16384,128,2048,742.857
2048,16384,128,4096,795.263
2048,16384,128,8192,1073.34
2048,16384,128,16384,1641.45
