prefill_chunk,kv_prefill,n_decode,kv_decode,time_us
0,0,1,16,5.0011
0,0,1,32,5.0021
0,0,1,64,5.0042
0,0,1,128,5.0083
0,0,1,256,5.0164
0,0,1,512,5.0328
0,0,1,768,5.0492
0,0,1,1024,5.0656
0,0,1,1152,5.0738
0,0,1,1728,5.1107
0,0,1,2048,5.1311
0,0,1,2592,5.1660
0,0,1,3888,5.2489
0,0,1,4096,5.2622
0,0,1,5832,5.3733
0,0,1,8192,5.5244
0,0,1,8748,5.5599
0,0,1,13122,5.8399
0,0,1,16384,6.0486
0,0,2,16,5.0022
0,0,2,32,5.0042
0,0,2,64,5.0083
0,0,2,128,5.0165
0,0,2,256,5.0329
0,0,2,512,5.0657
0,0,2,768,5.0984
0,0,2,1024,5.1312
0,0,2,1152,5.1476
0,0,2,1728,5.2213
0,0,2,2048,5.2623
0,0,2,2592,5.3319
0,0,2,3888,5.4978
0,0,2,4096,5.5244
0,0,2,5832,5.7466
0,0,2,8192,6.0487
0,0,2,8748,6.1199
0,0,2,13122,6.6797
0,0,2,16384,7.0973
0,0,4,16,5.0044
0,0,4,32,5.0084
0,0,4,64,5.0166
0,0,4,128,5.0330
0,0,4,256,5.0658
0,0,4,512,5.1313
0,0,4,768,5.1969
0,0,4,1024,5.2624
0,0,4,1152,5.2952
0,0,4,1728,5.4426
0,0,4,2048,5.5245
0,0,4,2592,5.6638
0,0,4,3888,5.9956
0,0,4,4096,6.0488
0,0,4,5832,6.4932
0,0,4,8192,7.0974
0,0,4,8748,7.2397
0,0,4,13122,8.3595
0,0,4,16384,9.1946
0,0,8,16,5.0087
0,0,8,32,5.0169
0,0,8,64,5.0333
0,0,8,128,5.0660
0,0,8,256,5.1316
0,0,8,512,5.2627
0,0,8,768,5.3937
0,0,8,1024,5.5248
0,0,8,1152,5.5903
0,0,8,1728,5.8852
0,0,8,2048,6.0491
0,0,8,2592,6.3276
0,0,8,3888,6.9912
0,0,8,4096,7.0977
0,0,8,5832,7.9865
0,0,8,8192,9.1948
0,0,8,8748,9.4795
0,0,8,13122,11.7190
0,0,8,16384,13.3891
0,0,16,16,5.0174
0,0,16,32,5.0338
0,0,16,64,5.0666
0,0,16,128,5.1321
0,0,16,256,5.2632
0,0,16,512,5.5253
0,0,16,768,5.7875
0,0,16,1024,6.0496
0,0,16,1152,6.1807
0,0,16,1728,6.7705
0,0,16,2048,7.0982
0,0,16,2592,7.6552
0,0,16,3888,8.9823
0,0,16,4096,9.1953
0,0,16,5832,10.9730
0,0,16,8192,13.3896
0,0,16,8748,13.9590
0,0,16,13122,18.4380
0,0,16,16384,21.7782
0,0,32,16,5.0348
0,0,32,32,5.0676
0,0,32,64,5.1331
0,0,32,128,5.2642
0,0,32,256,5.5263
0,0,32,512,6.0506
0,0,32,768,6.5749
0,0,32,1024,7.0992
0,0,32,1152,7.3613
0,0,32,1728,8.5410
0,0,32,2048,9.1964
0,0,32,2592,10.3105
0,0,32,3888,12.9647
0,0,32,4096,13.3907
0,0,32,5832,16.9460
0,0,32,8192,21.7793
0,0,32,8748,22.9180
0,0,32,13122,31.8759
0,0,32,16384,38.5565
0,0,64,16,5.0696
0,0,64,32,5.1352
0,0,64,64,5.2662
0,0,64,128,5.5284
0,0,64,256,6.0527
0,0,64,512,7.1012
0,0,64,768,8.1498
0,0,64,1024,9.1984
0,0,64,1152,9.7227
0,0,64,1728,12.0820
0,0,64,2048,13.3927
0,0,64,2592,15.6209
0,0,64,3888,20.9293
0,0,64,4096,21.7813
0,0,64,5832,28.8920
0,0,64,8192,38.5585
0,0,64,8748,40.8359
0,0,64,13122,58.7518
0,0,64,16384,72.1130
0,0,128,16,5.1393
0,0,128,32,5.2703
0,0,128,64,5.5325
0,0,128,128,6.0568
0,0,128,256,7.1053
0,0,128,512,9.2025
0,0,128,768,11.2996
0,0,128,1024,13.3968
0,0,128,1152,14.4454
0,0,128,1728,19.1640
0,0,128,2048,21.7854
0,0,128,2592,26.2419
0,0,128,3888,36.8587
0,0,128,4096,38.5626
0,0,128,5832,52.7839
0,0,128,8192,72.1171
0,0,128,8748,76.6718
0,0,128,13122,112.5036
0,0,128,16384,139.2259
0,0,256,16,5.2785
0,0,256,32,5.5407
0,0,256,64,6.0650
0,0,256,128,7.1135
0,0,256,256,9.2107
0,0,256,512,13.4050
0,0,256,768,17.5993
0,0,256,1024,21.7936
0,0,256,1152,23.8908
0,0,256,1728,33.3279
0,0,256,2048,38.5708
0,0,256,2592,47.4837
0,0,256,3888,68.7174
0,0,256,4096,72.1252
0,0,256,5832,100.5679
0,0,256,8192,139.2341
0,0,256,8748,148.3436
0,0,256,13122,220.0072
0,0,256,16384,273.4518
16,0,0,0,5.0020
16,0,1,16,5.0031
16,0,1,32,5.0042
16,0,1,64,5.0062
16,0,1,128,5.0103
16,0,1,256,5.0185
16,0,1,512,5.0349
16,0,1,768,5.0513
16,0,1,1024,5.0676
16,0,1,1152,5.0758
16,0,1,1728,5.1127
16,0,1,2048,5.1332
16,0,1,2592,5.1680
16,0,1,3888,5.2509
16,0,1,4096,5.2643
16,0,1,5832,5.3754
16,0,1,8192,5.5264
16,0,1,8748,5.5620
16,0,1,13122,5.8419
16,0,1,16384,6.0507
16,0,2,16,5.0042
16,0,2,32,5.0063
16,0,2,64,5.0104
16,0,2,128,5.0186
16,0,2,256,5.0349
16,0,2,512,5.0677
16,0,2,768,5.1005
16,0,2,1024,5.1332
16,0,2,1152,5.1496
16,0,2,1728,5.2234
16,0,2,2048,5.2643
16,0,2,2592,5.3340
16,0,2,3888,5.4998
16,0,2,4096,5.5265
16,0,2,5832,5.7487
16,0,2,8192,6.0508
16,0,2,8748,6.1219
16,0,2,13122,6.6818
16,0,2,16384,7.0993
16,0,4,16,5.0064
16,0,4,32,5.0105
16,0,4,64,5.0187
16,0,4,128,5.0351
16,0,4,256,5.0678
16,0,4,512,5.1334
16,0,4,768,5.1989
16,0,4,1024,5.2644
16,0,4,1152,5.2972
16,0,4,1728,5.4447
16,0,4,2048,5.5266
16,0,4,2592,5.6659
16,0,4,3888,5.9976
16,0,4,4096,6.0509
16,0,4,5832,6.4953
16,0,4,8192,7.0995
16,0,4,8748,7.2418
16,0,4,13122,8.3615
16,0,4,16384,9.1966
16,0,8,16,5.0108
16,0,8,32,5.0189
16,0,8,64,5.0353
16,0,8,128,5.0681
16,0,8,256,5.1336
16,0,8,512,5.2647
16,0,8,768,5.3958
16,0,8,1024,5.5268
16,0,8,1152,5.5924
16,0,8,1728,5.8873
16,0,8,2048,6.0511
16,0,8,2592,6.3297
16,0,8,3888,6.9932
16,0,8,4096,7.0997
16,0,8,5832,7.9885
16,0,8,8192,9.1969
16,0,8,8748,9.4815
16,0,8,13122,11.7210
16,0,8,16384,13.3912
16,0,16,16,5.0195
16,0,16,32,5.0358
16,0,16,64,5.0686
16,0,16,128,5.1341
16,0,16,256,5.2652
16,0,16,512,5.5274
16,0,16,768,5.7895
16,0,16,1024,6.0516
16,0,16,1152,6.1827
16,0,16,1728,6.7725
16,0,16,2048,7.1002
16,0,16,2592,7.6573
16,0,16,3888,8.9844
16,0,16,4096,9.1974
16,0,16,5832,10.9750
16,0,16,8192,13.3917
16,0,16,8748,13.9610
16,0,16,13122,18.4400
16,0,16,16384,21.7803
16,0,32,16,5.0369
16,0,32,32,5.0696
16,0,32,64,5.1352
16,0,32,128,5.2662
16,0,32,256,5.5284
16,0,32,512,6.0527
16,0,32,768,6.5770
16,0,32,1024,7.1012
16,0,32,1152,7.3634
16,0,32,1728,8.5430
16,0,32,2048,9.1984
16,0,32,2592,10.3125
16,0,32,3888,12.9667
16,0,32,4096,13.3927
16,0,32,5832,16.9480
16,0,32,8192,21.7813
16,0,32,8748,22.9200
16,0,32,13122,31.8780
16,0,32,16384,38.5585
16,0,64,16,5.0717
16,0,64,32,5.1372
16,0,64,64,5.2683
16,0,64,128,5.5304
16,0,64,256,6.0547
16,0,64,512,7.1033
16,0,64,768,8.1519
16,0,64,1024,9.2004
16,0,64,1152,9.7247
16,0,64,1728,12.0840
16,0,64,2048,13.3948
16,0,64,2592,15.6230
16,0,64,3888,20.9314
16,0,64,4096,21.7834
16,0,64,5832,28.8940
16,0,64,8192,38.5606
16,0,64,8748,40.8380
16,0,64,13122,58.7539
16,0,64,16384,72.1150
16,0,128,16,5.1413
16,0,128,32,5.2724
16,0,128,64,5.5345
16,0,128,128,6.0588
16,0,128,256,7.1074
16,0,128,512,9.2045
16,0,128,768,11.3017
16,0,128,1024,13.3988
16,0,128,1152,14.4474
16,0,128,1728,19.1660
16,0,128,2048,21.7875
16,0,128,2592,26.2439
16,0,128,3888,36.8607
16,0,128,4096,38.5647
16,0,128,5832,52.7860
16,0,128,8192,72.1191
16,0,128,8748,76.6739
16,0,128,13122,112.5057
16,0,128,16384,139.2280
16,16,0,0,5.0031
16,16,1,16,5.0042
16,16,1,32,5.0052
16,16,1,64,5.0072
16,16,1,128,5.0113
16,16,1,256,5.0195
16,16,1,512,5.0359
16,16,1,1024,5.0687
16,16,1,2048,5.1342
16,16,1,4096,5.2653
16,16,1,8192,5.5274
16,16,1,16384,6.0517
16,16,2,16,5.0052
16,16,2,32,5.0073
16,16,2,64,5.0114
16,16,2,128,5.0196
16,16,2,256,5.0360
16,16,2,512,5.0687
16,16,2,1024,5.1343
16,16,2,2048,5.2653
16,16,2,4096,5.5275
16,16,2,8192,6.0518
16,16,2,16384,7.1004
16,16,4,16,5.0074
16,16,4,32,5.0115
16,16,4,64,5.0197
16,16,4,128,5.0361
16,16,4,256,5.0689
16,16,4,512,5.1344
16,16,4,1024,5.2655
16,16,4,2048,5.5276
16,16,4,4096,6.0519
16,16,4,8192,7.1005
16,16,4,16384,9.1976
16,16,8,16,5.0118
16,16,8,32,5.0200
16,16,8,64,5.0364
16,16,8,128,5.0691
16,16,8,256,5.1347
16,16,8,512,5.2657
16,16,8,1024,5.5279
16,16,8,2048,6.0522
16,16,8,4096,7.1007
16,16,8,8192,9.1979
16,16,8,16384,13.3922
16,16,16,16,5.0205
16,16,16,32,5.0369
16,16,16,64,5.0696
16,16,16,128,5.1352
16,16,16,256,5.2662
16,16,16,512,5.5284
16,16,16,1024,6.0527
16,16,16,2048,7.1012
16,16,16,4096,9.1984
16,16,16,8192,13.3927
16,16,16,16384,21.7813
16,16,32,16,5.0379
16,16,32,32,5.0707
16,16,32,64,5.1362
16,16,32,128,5.2673
16,16,32,256,5.5294
16,16,32,512,6.0537
16,16,32,1024,7.1023
16,16,32,2048,9.1994
16,16,32,4096,13.3937
16,16,32,8192,21.7823
16,16,32,16384,38.5596
16,16,64,16,5.0727
16,16,64,32,5.1382
16,16,64,64,5.2693
16,16,64,128,5.5315
16,16,64,256,6.0557
16,16,64,512,7.1043
16,16,64,1024,9.2015
16,16,64,2048,13.3958
16,16,64,4096,21.7844
16,16,64,8192,38.5616
16,16,64,16384,72.1160
16,16,128,16,5.1423
16,16,128,32,5.2734
16,16,128,64,5.5356
16,16,128,128,6.0598
16,16,128,256,7.1084
16,16,128,512,9.2056
16,16,128,1024,13.3999
16,16,128,2048,21.7885
16,16,128,4096,38.5657
16,16,128,8192,72.1201
16,16,128,16384,139.2290
16,32,0,0,5.0041
16,32,1,16,5.0052
16,32,1,32,5.0062
16,32,1,64,5.0083
16,32,1,128,5.0124
16,32,1,256,5.0205
16,32,1,512,5.0369
16,32,1,1024,5.0697
16,32,1,2048,5.1352
16,32,1,4096,5.2663
16,32,1,8192,5.5284
16,32,1,16384,6.0527
16,32,2,16,5.0063
16,32,2,32,5.0083
16,32,2,64,5.0124
16,32,2,128,5.0206
16,32,2,256,5.0370
16,32,2,512,5.0698
16,32,2,1024,5.1353
16,32,2,2048,5.2664
16,32,2,4096,5.5285
16,32,2,8192,6.0528
16,32,2,16384,7.1014
16,32,4,16,5.0084
16,32,4,32,5.0125
16,32,4,64,5.0207
16,32,4,128,5.0371
16,32,4,256,5.0699
16,32,4,512,5.1354
16,32,4,1024,5.2665
16,32,4,2048,5.5286
16,32,4,4096,6.0529
16,32,4,8192,7.1015
16,32,4,16384,9.1987
16,32,8,16,5.0128
16,32,8,32,5.0210
16,32,8,64,5.0374
16,32,8,128,5.0701
16,32,8,256,5.1357
16,32,8,512,5.2668
16,32,8,1024,5.5289
16,32,8,2048,6.0532
16,32,8,4096,7.1018
16,32,8,8192,9.1989
16,32,8,16384,13.3932
16,32,16,16,5.0215
16,32,16,32,5.0379
16,32,16,64,5.0707
16,32,16,128,5.1362
16,32,16,256,5.2673
16,32,16,512,5.5294
16,32,16,1024,6.0537
16,32,16,2048,7.1023
16,32,16,4096,9.1994
16,32,16,8192,13.3937
16,32,16,16384,21.7823
16,32,32,16,5.0389
16,32,32,32,5.0717
16,32,32,64,5.1372
16,32,32,128,5.2683
16,32,32,256,5.5304
16,32,32,512,6.0547
16,32,32,1024,7.1033
16,32,32,2048,9.2004
16,32,32,4096,13.3948
16,32,32,8192,21.7834
16,32,32,16384,38.5606
16,32,64,16,5.0737
16,32,64,32,5.1393
16,32,64,64,5.2703
16,32,64,128,5.5325
16,32,64,256,6.0568
16,32,64,512,7.1053
16,32,64,1024,9.2025
16,32,64,2048,13.3968
16,32,64,4096,21.7854
16,32,64,8192,38.5626
16,32,64,16384,72.1171
16,32,128,16,5.1434
16,32,128,32,5.2744
16,32,128,64,5.5366
16,32,128,128,6.0609
16,32,128,256,7.1094
16,32,128,512,9.2066
16,32,128,1024,13.4009
16,32,128,2048,21.7895
16,32,128,4096,38.5667
16,32,128,8192,72.1212
16,32,128,16384,139.2300
16,64,0,0,5.0061
16,64,1,16,5.0072
16,64,1,32,5.0083
16,64,1,64,5.0103
16,64,1,128,5.0144
16,64,1,256,5.0226
16,64,1,512,5.0390
16,64,1,1024,5.0717
16,64,1,2048,5.1373
16,64,1,4096,5.2684
16,64,1,8192,5.5305
16,64,1,16384,6.0548
16,64,2,16,5.0083
16,64,2,32,5.0104
16,64,2,64,5.0145
16,64,2,128,5.0227
16,64,2,256,5.0390
16,64,2,512,5.0718
16,64,2,1024,5.1373
16,64,2,2048,5.2684
16,64,2,4096,5.5306
16,64,2,8192,6.0548
16,64,2,16384,7.1034
16,64,4,16,5.0105
16,64,4,32,5.0146
16,64,4,64,5.0228
16,64,4,128,5.0392
16,64,4,256,5.0719
16,64,4,512,5.1375
16,64,4,1024,5.2685
16,64,4,2048,5.5307
16,64,4,4096,6.0550
16,64,4,8192,7.1036
16,64,4,16384,9.2007
16,64,8,16,5.0148
16,64,8,32,5.0230
16,64,8,64,5.0394
16,64,8,128,5.0722
16,64,8,256,5.1377
16,64,8,512,5.2688
16,64,8,1024,5.5309
16,64,8,2048,6.0552
16,64,8,4096,7.1038
16,64,8,8192,9.2010
16,64,8,16384,13.3953
16,64,16,16,5.0236
16,64,16,32,5.0399
16,64,16,64,5.0727
16,64,16,128,5.1382
16,64,16,256,5.2693
16,64,16,512,5.5315
16,64,16,1024,6.0557
16,64,16,2048,7.1043
16,64,16,4096,9.2015
16,64,16,8192,13.3958
16,64,16,16384,21.7844
16,64,32,16,5.0410
16,64,32,32,5.0737
16,64,32,64,5.1393
16,64,32,128,5.2703
16,64,32,256,5.5325
16,64,32,512,6.0568
16,64,32,1024,7.1053
16,64,32,2048,9.2025
16,64,32,4096,13.3968
16,64,32,8192,21.7854
16,64,32,16384,38.5626
16,64,64,16,5.0758
16,64,64,32,5.1413
16,64,64,64,5.2724
16,64,64,128,5.5345
16,64,64,256,6.0588
16,64,64,512,7.1074
16,64,64,1024,9.2045
16,64,64,2048,13.3988
16,64,64,4096,21.7875
16,64,64,8192,38.5647
16,64,64,16384,72.1191
16,64,128,16,5.1454
16,64,128,32,5.2765
16,64,128,64,5.5386
16,64,128,128,6.0629
16,64,128,256,7.1115
16,64,128,512,9.2086
16,64,128,1024,13.4029
16,64,128,2048,21.7916
16,64,128,4096,38.5688
16,64,128,8192,72.1232
16,64,128,16384,139.2321
16,128,0,0,5.0102
16,128,1,16,5.0113
16,128,1,32,5.0124
16,128,1,64,5.0144
16,128,1,128,5.0185
16,128,1,256,5.0267
16,128,1,512,5.0431
16,128,1,1024,5.0758
16,128,1,2048,5.1414
16,128,1,4096,5.2724
16,128,1,8192,5.5346
16,128,1,16384,6.0589
16,128,2,16,5.0124
16,128,2,32,5.0145
16,128,2,64,5.0186
16,128,2,128,5.0268
16,128,2,256,5.0431
16,128,2,512,5.0759
16,128,2,1024,5.1414
16,128,2,2048,5.2725
16,128,2,4096,5.5347
16,128,2,8192,6.0589
16,128,2,16384,7.1075
16,128,4,16,5.0146
16,128,4,32,5.0187
16,128,4,64,5.0269
16,128,4,128,5.0433
16,128,4,256,5.0760
16,128,4,512,5.1416
16,128,4,1024,5.2726
16,128,4,2048,5.5348
16,128,4,4096,6.0591
16,128,4,8192,7.1076
16,128,4,16384,9.2048
16,128,8,16,5.0189
16,128,8,32,5.0271
16,128,8,64,5.0435
16,128,8,128,5.0763
16,128,8,256,5.1418
16,128,8,512,5.2729
16,128,8,1024,5.5350
16,128,8,2048,6.0593
16,128,8,4096,7.1079
16,128,8,8192,9.2051
16,128,8,16384,13.3994
16,128,16,16,5.0276
16,128,16,32,5.0440
16,128,16,64,5.0768
16,128,16,128,5.1423
16,128,16,256,5.2734
16,128,16,512,5.5356
16,128,16,1024,6.0598
16,128,16,2048,7.1084
16,128,16,4096,9.2056
16,128,16,8192,13.3999
16,128,16,16384,21.7885
16,128,32,16,5.0451
16,128,32,32,5.0778
16,128,32,64,5.1434
16,128,32,128,5.2744
16,128,32,256,5.5366
16,128,32,512,6.0609
16,128,32,1024,7.1094
16,128,32,2048,9.2066
16,128,32,4096,13.4009
16,128,32,8192,21.7895
16,128,32,16384,38.5667
16,128,64,16,5.0799
16,128,64,32,5.1454
16,128,64,64,5.2765
16,128,64,128,5.5386
16,128,64,256,6.0629
16,128,64,512,7.1115
16,128,64,1024,9.2086
16,128,64,2048,13.4029
16,128,64,4096,21.7916
16,128,64,8192,38.5688
16,128,64,16384,72.1232
16,128,128,16,5.1495
16,128,128,32,5.2806
16,128,128,64,5.5427
16,128,128,128,6.0670
16,128,128,256,7.1156
16,128,128,512,9.2127
16,128,128,1024,13.4070
16,128,128,2048,21.7956
16,128,128,4096,38.5729
16,128,128,8192,72.1273
16,128,128,16384,139.2362
16,256,0,0,5.0184
16,256,1,16,5.0195
16,256,1,32,5.0205
16,256,1,64,5.0226
16,256,1,128,5.0267
16,256,1,256,5.0349
16,256,1,512,5.0513
16,256,1,1024,5.0840
16,256,1,2048,5.1496
16,256,1,4096,5.2806
16,256,1,8192,5.5428
16,256,1,16384,6.0671
16,256,2,16,5.0206
16,256,2,32,5.0227
16,256,2,64,5.0268
16,256,2,128,5.0349
16,256,2,256,5.0513
16,256,2,512,5.0841
16,256,2,1024,5.1496
16,256,2,2048,5.2807
16,256,2,4096,5.5428
16,256,2,8192,6.0671
16,256,2,16384,7.1157
16,256,4,16,5.0228
16,256,4,32,5.0269
16,256,4,64,5.0351
16,256,4,128,5.0515
16,256,4,256,5.0842
16,256,4,512,5.1498
16,256,4,1024,5.2808
16,256,4,2048,5.5430
16,256,4,4096,6.0673
16,256,4,8192,7.1158
16,256,4,16384,9.2130
16,256,8,16,5.0271
16,256,8,32,5.0353
16,256,8,64,5.0517
16,256,8,128,5.0845
16,256,8,256,5.1500
16,256,8,512,5.2811
16,256,8,1024,5.5432
16,256,8,2048,6.0675
16,256,8,4096,7.1161
16,256,8,8192,9.2132
16,256,8,16384,13.4076
16,256,16,16,5.0358
16,256,16,32,5.0522
16,256,16,64,5.0850
16,256,16,128,5.1505
16,256,16,256,5.2816
16,256,16,512,5.5437
16,256,16,1024,6.0680
16,256,16,2048,7.1166
16,256,16,4096,9.2138
16,256,16,8192,13.4081
16,256,16,16384,21.7967
16,256,32,16,5.0532
16,256,32,32,5.0860
16,256,32,64,5.1516
16,256,32,128,5.2826
16,256,32,256,5.5448
16,256,32,512,6.0691
16,256,32,1024,7.1176
16,256,32,2048,9.2148
16,256,32,4096,13.4091
16,256,32,8192,21.7977
16,256,32,16384,38.5749
16,256,64,16,5.0881
16,256,64,32,5.1536
16,256,64,64,5.2847
16,256,64,128,5.5468
16,256,64,256,6.0711
16,256,64,512,7.1197
16,256,64,1024,9.2168
16,256,64,2048,13.4111
16,256,64,4096,21.7997
16,256,64,8192,38.5770
16,256,64,16384,72.1314
16,256,128,16,5.1577
16,256,128,32,5.2888
16,256,128,64,5.5509
16,256,128,128,6.0752
16,256,128,256,7.1238
16,256,128,512,9.2209
16,256,128,1024,13.4152
16,256,128,2048,21.8038
16,256,128,4096,38.5811
16,256,128,8192,72.1355
16,256,128,16384,139.2444
16,512,0,0,5.0348
16,512,1,16,5.0359
16,512,1,32,5.0369
16,512,1,64,5.0390
16,512,1,128,5.0431
16,512,1,256,5.0513
16,512,1,512,5.0676
16,512,1,768,5.0840
16,512,1,1024,5.1004
16,512,1,1152,5.1086
16,512,1,1728,5.1455
16,512,1,2048,5.1660
16,512,1,2592,5.2008
16,512,1,3888,5.2837
16,512,1,4096,5.2970
16,512,1,5832,5.4081
16,512,1,8192,5.5592
16,512,1,8748,5.5948
16,512,1,13122,5.8747
16,512,1,16384,6.0835
16,512,2,16,5.0370
16,512,2,32,5.0390
16,512,2,64,5.0431
16,512,2,128,5.0513
16,512,2,256,5.0677
16,512,2,512,5.1005
16,512,2,768,5.1332
16,512,2,1024,5.1660
16,512,2,1152,5.1824
16,512,2,1728,5.2561
16,512,2,2048,5.2971
16,512,2,2592,5.3667
16,512,2,3888,5.5326
16,512,2,4096,5.5592
16,512,2,5832,5.7814
16,512,2,8192,6.0835
16,512,2,8748,6.1547
16,512,2,13122,6.7146
16,512,2,16384,7.1321
16,512,4,16,5.0392
16,512,4,32,5.0433
16,512,4,64,5.0515
16,512,4,128,5.0678
16,512,4,256,5.1006
16,512,4,512,5.1661
16,512,4,768,5.2317
16,512,4,1024,5.2972
16,512,4,1152,5.3300
16,512,4,1728,5.4774
16,512,4,2048,5.5594
16,512,4,2592,5.6986
16,512,4,3888,6.0304
16,512,4,4096,6.0836
16,512,4,5832,6.5281
16,512,4,8192,7.1322
16,512,4,8748,7.2746
16,512,4,13122,8.3943
16,512,4,16384,9.2294
16,512,8,16,5.0435
16,512,8,32,5.0517
16,512,8,64,5.0681
16,512,8,128,5.1009
16,512,8,256,5.1664
16,512,8,512,5.2975
16,512,8,768,5.4285
16,512,8,1024,5.5596
16,512,8,1152,5.6252
16,512,8,1728,5.9201
16,512,8,2048,6.0839
16,512,8,2592,6.3624
16,512,8,3888,7.0260
16,512,8,4096,7.1325
16,512,8,5832,8.0213
16,512,8,8192,9.2296
16,512,8,8748,9.5143
16,512,8,13122,11.7538
16,512,8,16384,13.4239
16,512,16,16,5.0522
16,512,16,32,5.0686
16,512,16,64,5.1014
16,512,16,128,5.1669
16,512,16,256,5.2980
16,512,16,512,5.5601
16,512,16,768,5.8223
16,512,16,1024,6.0844
16,512,16,1152,6.2155
16,512,16,1728,6.8053
16,512,16,2048,7.1330
16,512,16,2592,7.6900
16,512,16,3888,9.0172
16,512,16,4096,9.2301
16,512,16,5832,11.0078
16,512,16,8192,13.4244
16,512,16,8748,13.9938
16,512,16,13122,18.4728
16,512,16,16384,21.8131
16,512,32,16,5.0696
16,512,32,32,5.1024
16,512,32,64,5.1679
16,512,32,128,5.2990
16,512,32,256,5.5612
16,512,32,512,6.0854
16,512,32,768,6.6097
16,512,32,1024,7.1340
16,512,32,1152,7.3962
16,512,32,1728,8.5758
16,512,32,2048,9.2312
16,512,32,2592,10.3453
16,512,32,3888,12.9995
16,512,32,4096,13.4255
16,512,32,5832,16.9808
16,512,32,8192,21.8141
16,512,32,8748,22.9528
16,512,32,13122,31.9107
16,512,32,16384,38.5913
16,512,64,16,5.1044
16,512,64,32,5.1700
16,512,64,64,5.3011
16,512,64,128,5.5632
16,512,64,256,6.0875
16,512,64,512,7.1361
16,512,64,768,8.1846
16,512,64,1024,9.2332
16,512,64,1152,9.7575
16,512,64,1728,12.1168
16,512,64,2048,13.4275
16,512,64,2592,15.6557
16,512,64,3888,20.9642
16,512,64,4096,21.8161
16,512,64,5832,28.9268
16,512,64,8192,38.5933
16,512,64,8748,40.8707
16,512,64,13122,58.7866
16,512,64,16384,72.1478
16,512,128,16,5.1741
16,512,128,32,5.3052
16,512,128,64,5.5673
16,512,128,128,6.0916
16,512,128,256,7.1402
16,512,128,512,9.2373
16,512,128,768,11.3345
16,512,128,1024,13.4316
16,512,128,1152,14.4802
16,512,128,1728,19.1988
16,512,128,2048,21.8202
16,512,128,2592,26.2767
16,512,128,3888,36.8935
16,512,128,4096,38.5974
16,512,128,5832,52.8188
16,512,128,8192,72.1519
16,512,128,8748,76.7066
16,512,128,13122,112.5384
16,512,128,16384,139.2607
16,768,0,0,5.0512
16,768,1,512,5.0840
16,768,1,768,5.1004
16,768,1,1152,5.1250
16,768,1,1728,5.1619
16,768,1,2592,5.2172
16,768,1,3888,5.3001
16,768,1,5832,5.4245
16,768,1,8748,5.6111
16,768,1,13122,5.8911
16,768,1,16384,6.0998
16,768,2,512,5.1169
16,768,2,768,5.1496
16,768,2,1152,5.1988
16,768,2,1728,5.2725
16,768,2,2592,5.3831
16,768,2,3888,5.5490
16,768,2,5832,5.7978
16,768,2,8748,6.1711
16,768,2,13122,6.7309
16,768,2,16384,7.1485
16,768,4,512,5.1825
16,768,4,768,5.2481
16,768,4,1152,5.3464
16,768,4,1728,5.4938
16,768,4,2592,5.7150
16,768,4,3888,6.0468
16,768,4,5832,6.5444
16,768,4,8748,7.2909
16,768,4,13122,8.4107
16,768,4,16384,9.2458
16,768,8,512,5.3139
16,768,8,768,5.4449
16,768,8,1152,5.6415
16,768,8,1728,5.9364
16,768,8,2592,6.3788
16,768,8,3888,7.0424
16,768,8,5832,8.0377
16,768,8,8748,9.5307
16,768,8,13122,11.7702
16,768,8,16384,13.4403
16,768,16,512,5.5765
16,768,16,768,5.8387
16,768,16,1152,6.2319
16,768,16,1728,6.8217
16,768,16,2592,7.7064
16,768,16,3888,9.0335
16,768,16,5832,11.0242
16,768,16,8748,14.0102
16,768,16,13122,18.4892
16,768,16,16384,21.8294
16,768,32,512,6.1018
16,768,32,768,6.6261
16,768,32,1152,7.4125
16,768,32,1728,8.5922
16,768,32,2592,10.3617
16,768,32,3888,13.0159
16,768,32,5832,16.9972
16,768,32,8748,22.9692
16,768,32,13122,31.9271
16,768,32,16384,38.6077
16,768,64,512,7.1524
16,768,64,768,8.2010
16,768,64,1152,9.7739
16,768,64,1728,12.1332
16,768,64,2592,15.6721
16,768,64,3888,20.9805
16,768,64,5832,28.9432
16,768,64,8748,40.8871
16,768,64,13122,58.8030
16,768,64,16384,72.1642
16,768,128,512,9.2537
16,768,128,768,11.3508
16,768,128,1152,14.4966
16,768,128,1728,19.2152
16,768,128,2592,26.2931
16,768,128,3888,36.9099
16,768,128,5832,52.8351
16,768,128,8748,76.7230
16,768,128,13122,112.5548
16,768,128,16384,139.2771
16,1024,0,0,5.0676
16,1024,1,16,5.0687
16,1024,1,32,5.0697
16,1024,1,64,5.0717
16,1024,1,128,5.0758
16,1024,1,256,5.0840
16,1024,1,512,5.1004
16,1024,1,1024,5.1332
16,1024,1,2048,5.1987
16,1024,1,4096,5.3298
16,1024,1,8192,5.5919
16,1024,1,16384,6.1162
16,1024,2,16,5.0698
16,1024,2,32,5.0718
16,1024,2,64,5.0759
16,1024,2,128,5.0841
16,1024,2,256,5.1005
16,1024,2,512,5.1332
16,1024,2,1024,5.1988
16,1024,2,2048,5.3299
16,1024,2,4096,5.5920
16,1024,2,8192,6.1163
16,1024,2,16384,7.1649
16,1024,4,16,5.0719
16,1024,4,32,5.0760
16,1024,4,64,5.0842
16,1024,4,128,5.1006
16,1024,4,256,5.1334
16,1024,4,512,5.1989
16,1024,4,1024,5.3300
16,1024,4,2048,5.5921
16,1024,4,4096,6.1164
16,1024,4,8192,7.1650
16,1024,4,16384,9.2621
16,1024,8,16,5.0763
16,1024,8,32,5.0845
16,1024,8,64,5.1009
16,1024,8,128,5.1336
16,1024,8,256,5.1992
16,1024,8,512,5.3302
16,1024,8,1024,5.5924
16,1024,8,2048,6.1167
16,1024,8,4096,7.1652
16,1024,8,8192,9.2624
16,1024,8,16384,13.4567
16,1024,16,16,5.0850
16,1024,16,32,5.1014
16,1024,16,64,5.1341
16,1024,16,128,5.1997
16,1024,16,256,5.3308
16,1024,16,512,5.5929
16,1024,16,1024,6.1172
16,1024,16,2048,7.1658
16,1024,16,4096,9.2629
16,1024,16,8192,13.4572
16,1024,16,16384,21.8458
16,1024,32,16,5.1024
16,1024,32,32,5.1352
16,1024,32,64,5.2007
16,1024,32,128,5.3318
16,1024,32,256,5.5939
16,1024,32,512,6.1182
16,1024,32,1024,7.1668
16,1024,32,2048,9.2639
16,1024,32,4096,13.4582
16,1024,32,8192,21.8468
16,1024,32,16384,38.6241
16,1024,64,16,5.1372
16,1024,64,32,5.2028
16,1024,64,64,5.3338
16,1024,64,128,5.5960
16,1024,64,256,6.1203
16,1024,64,512,7.1688
16,1024,64,1024,9.2660
16,1024,64,2048,13.4603
16,1024,64,4096,21.8489
16,1024,64,8192,38.6261
16,1024,64,16384,72.1805
16,1024,128,16,5.2068
16,1024,128,32,5.3379
16,1024,128,64,5.6001
16,1024,128,128,6.1244
16,1024,128,256,7.1729
16,1024,128,512,9.2701
16,1024,128,1024,13.4644
16,1024,128,2048,21.8530
16,1024,128,4096,38.6302
16,1024,128,8192,72.1846
16,1024,128,16384,139.2935
16,1152,0,0,5.0758
16,1152,1,512,5.1086
16,1152,1,768,5.1250
16,1152,1,1152,5.1496
16,1152,1,1728,5.1864
16,1152,1,2592,5.2417
16,1152,1,3888,5.3247
16,1152,1,5832,5.4491
16,1152,1,8748,5.6357
16,1152,1,13122,5.9156
16,1152,1,16384,6.1244
16,1152,2,512,5.1414
16,1152,2,768,5.1742
16,1152,2,1152,5.2234
16,1152,2,1728,5.2971
16,1152,2,2592,5.4077
16,1152,2,3888,5.5736
16,1152,2,5832,5.8224
16,1152,2,8748,6.1956
16,1152,2,13122,6.7555
16,1152,2,16384,7.1731
16,1152,4,512,5.2071
16,1152,4,768,5.2726
16,1152,4,1152,5.3709
16,1152,4,1728,5.5184
16,1152,4,2592,5.7396
16,1152,4,3888,6.0714
16,1152,4,5832,6.5690
16,1152,4,8748,7.3155
16,1152,4,13122,8.4353
16,1152,4,16384,9.2703
16,1152,8,512,5.3384
16,1152,8,768,5.4695
16,1152,8,1152,5.6661
16,1152,8,1728,5.9610
16,1152,8,2592,6.4034
16,1152,8,3888,7.0669
16,1152,8,5832,8.0623
16,1152,8,8748,9.5553
16,1152,8,13122,11.7948
16,1152,8,16384,13.4649
16,1152,16,512,5.6011
16,1152,16,768,5.8632
16,1152,16,1152,6.2564
16,1152,16,1728,6.8463
16,1152,16,2592,7.7310
16,1152,16,3888,9.0581
16,1152,16,5832,11.0488
16,1152,16,8748,14.0348
16,1152,16,13122,18.5137
16,1152,16,16384,21.8540
16,1152,32,512,6.1264
16,1152,32,768,6.6507
16,1152,32,1152,7.4371
16,1152,32,1728,8.6168
16,1152,32,2592,10.3862
16,1152,32,3888,13.0404
16,1152,32,5832,17.0218
16,1152,32,8748,22.9937
16,1152,32,13122,31.9517
16,1152,32,16384,38.6323
16,1152,64,512,7.1770
16,1152,64,768,8.2256
16,1152,64,1152,9.7985
16,1152,64,1728,12.1578
16,1152,64,2592,15.6967
16,1152,64,3888,21.0051
16,1152,64,5832,28.9677
16,1152,64,8748,40.9117
16,1152,64,13122,58.8276
16,1152,64,16384,72.1887
16,1152,128,512,9.2783
16,1152,128,768,11.3754
16,1152,128,1152,14.5212
16,1152,128,1728,19.2397
16,1152,128,2592,26.3176
16,1152,128,3888,36.9345
16,1152,128,5832,52.8597
16,1152,128,8748,76.7476
16,1152,128,13122,112.5794
16,1152,128,16384,139.3017
16,1728,0,0,5.1126
16,1728,1,512,5.1455
16,1728,1,768,5.1619
16,1728,1,1152,5.1864
16,1728,1,1728,5.2233
16,1728,1,2592,5.2786
16,1728,1,3888,5.3615
16,1728,1,5832,5.4860
16,1728,1,8748,5.6726
16,1728,1,13122,5.9525
16,1728,1,16384,6.1613
16,1728,2,512,5.1783
16,1728,2,768,5.2111
16,1728,2,1152,5.2602
16,1728,2,1728,5.3340
16,1728,2,2592,5.4445
16,1728,2,3888,5.6104
16,1728,2,5832,5.8593
16,1728,2,8748,6.2325
16,1728,2,13122,6.7924
16,1728,2,16384,7.2099
16,1728,4,512,5.2440
16,1728,4,768,5.3095
16,1728,4,1152,5.4078
16,1728,4,1728,5.5553
16,1728,4,2592,5.7764
16,1728,4,3888,6.1082
16,1728,4,5832,6.6059
16,1728,4,8748,7.3524
16,1728,4,13122,8.4721
16,1728,4,16384,9.3072
16,1728,8,512,5.3753
16,1728,8,768,5.5064
16,1728,8,1152,5.7030
16,1728,8,1728,5.9979
16,1728,8,2592,6.4403
16,1728,8,3888,7.1038
16,1728,8,5832,8.0991
16,1728,8,8748,9.5921
16,1728,8,13122,11.8316
16,1728,8,16384,13.5018
16,1728,16,512,5.6380
16,1728,16,768,5.9001
16,1728,16,1152,6.2933
16,1728,16,1728,6.8831
16,1728,16,2592,7.7679
16,1728,16,3888,9.0950
16,1728,16,5832,11.0856
16,1728,16,8748,14.0716
16,1728,16,13122,18.5506
16,1728,16,16384,21.8909
16,1728,32,512,6.1633
16,1728,32,768,6.6876
16,1728,32,1152,7.4740
16,1728,32,1728,8.6536
16,1728,32,2592,10.4231
16,1728,32,3888,13.0773
16,1728,32,5832,17.0586
16,1728,32,8748,23.0306
16,1728,32,13122,31.9885
16,1728,32,16384,38.6691
16,1728,64,512,7.2139
16,1728,64,768,8.2625
16,1728,64,1152,9.8353
16,1728,64,1728,12.1946
16,1728,64,2592,15.7336
16,1728,64,3888,21.0420
16,1728,64,5832,29.0046
16,1728,64,8748,40.9485
16,1728,64,13122,58.8644
16,1728,64,16384,72.2256
16,1728,128,512,9.3151
16,1728,128,768,11.4123
16,1728,128,1152,14.5580
16,1728,128,1728,19.2766
16,1728,128,2592,26.3545
16,1728,128,3888,36.9713
16,1728,128,5832,52.8966
16,1728,128,8748,76.7844
16,1728,128,13122,112.6163
16,1728,128,16384,139.3386
16,2048,0,0,5.1331
16,2048,1,16,5.1342
16,2048,1,32,5.1352
16,2048,1,64,5.1373
16,2048,1,128,5.1414
16,2048,1,256,5.1496
16,2048,1,512,5.1660
16,2048,1,1024,5.1987
16,2048,1,2048,5.2643
16,2048,1,4096,5.3953
16,2048,1,8192,5.6575
16,2048,1,16384,6.1818
16,2048,2,16,5.1353
16,2048,2,32,5.1373
16,2048,2,64,5.1414
16,2048,2,128,5.1496
16,2048,2,256,5.1660
16,2048,2,512,5.1988
16,2048,2,1024,5.2643
16,2048,2,2048,5.3954
16,2048,2,4096,5.6575
16,2048,2,8192,6.1818
16,2048,2,16384,7.2304
16,2048,4,16,5.1375
16,2048,4,32,5.1416
16,2048,4,64,5.1498
16,2048,4,128,5.1661
16,2048,4,256,5.1989
16,2048,4,512,5.2644
16,2048,4,1024,5.3955
16,2048,4,2048,5.6577
16,2048,4,4096,6.1820
16,2048,4,8192,7.2305
16,2048,4,16384,9.3277
16,2048,8,16,5.1418
16,2048,8,32,5.1500
16,2048,8,64,5.1664
16,2048,8,128,5.1992
16,2048,8,256,5.2647
16,2048,8,512,5.3958
16,2048,8,1024,5.6579
16,2048,8,2048,6.1822
16,2048,8,4096,7.2308
16,2048,8,8192,9.3279
16,2048,8,16384,13.5222
16,2048,16,16,5.1505
16,2048,16,32,5.1669
16,2048,16,64,5.1997
16,2048,16,128,5.2652
16,2048,16,256,5.3963
16,2048,16,512,5.6584
16,2048,16,1024,6.1827
16,2048,16,2048,7.2313
16,2048,16,4096,9.3284
16,2048,16,8192,13.5228
16,2048,16,16384,21.9114
16,2048,32,16,5.1679
16,2048,32,32,5.2007
16,2048,32,64,5.2662
16,2048,32,128,5.3973
16,2048,32,256,5.6595
16,2048,32,512,6.1837
16,2048,32,1024,7.2323
16,2048,32,2048,9.3295
16,2048,32,4096,13.5238
16,2048,32,8192,21.9124
16,2048,32,16384,38.6896
16,2048,64,16,5.2028
16,2048,64,32,5.2683
16,2048,64,64,5.3994
16,2048,64,128,5.6615
16,2048,64,256,6.1858
16,2048,64,512,7.2344
16,2048,64,1024,9.3315
16,2048,64,2048,13.5258
16,2048,64,4096,21.9144
16,2048,64,8192,38.6916
16,2048,64,16384,72.2461
16,2048,128,16,5.2724
16,2048,128,32,5.4035
16,2048,128,64,5.6656
16,2048,128,128,6.1899
16,2048,128,256,7.2385
16,2048,128,512,9.3356
16,2048,128,1024,13.5299
16,2048,128,2048,21.9185
16,2048,128,4096,38.6957
16,2048,128,8192,72.2502
16,2048,128,16384,139.3590
16,2592,0,0,5.1679
16,2592,1,512,5.2008
16,2592,1,768,5.2172
16,2592,1,1152,5.2417
16,2592,1,1728,5.2786
16,2592,1,2592,5.3339
16,2592,1,3888,5.4168
16,2592,1,5832,5.5412
16,2592,1,8748,5.7279
16,2592,1,13122,6.0078
16,2592,1,16384,6.2166
16,2592,2,512,5.2336
16,2592,2,768,5.2664
16,2592,2,1152,5.3155
16,2592,2,1728,5.3892
16,2592,2,2592,5.4998
16,2592,2,3888,5.6657
16,2592,2,5832,5.9146
16,2592,2,8748,6.2878
16,2592,2,13122,6.8477
16,2592,2,16384,7.2652
16,2592,4,512,5.2993
16,2592,4,768,5.3648
16,2592,4,1152,5.4631
16,2592,4,1728,5.6106
16,2592,4,2592,5.8317
16,2592,4,3888,6.1635
16,2592,4,5832,6.6612
16,2592,4,8748,7.4077
16,2592,4,13122,8.5274
16,2592,4,16384,9.3625
16,2592,8,512,5.4306
16,2592,8,768,5.5617
16,2592,8,1152,5.7583
16,2592,8,1728,6.0532
16,2592,8,2592,6.4956
16,2592,8,3888,7.1591
16,2592,8,5832,8.1544
16,2592,8,8748,9.6474
16,2592,8,13122,11.8869
16,2592,8,16384,13.5571
16,2592,16,512,5.6932
16,2592,16,768,5.9554
16,2592,16,1152,6.3486
16,2592,16,1728,6.9384
16,2592,16,2592,7.8232
16,2592,16,3888,9.1503
16,2592,16,5832,11.1409
16,2592,16,8748,14.1269
16,2592,16,13122,18.6059
16,2592,16,16384,21.9462
16,2592,32,512,6.2186
16,2592,32,768,6.7428
16,2592,32,1152,7.5293
16,2592,32,1728,8.7089
16,2592,32,2592,10.4784
16,2592,32,3888,13.1326
16,2592,32,5832,17.1139
16,2592,32,8748,23.0859
16,2592,32,13122,32.0438
16,2592,32,16384,38.7244
16,2592,64,512,7.2692
16,2592,64,768,8.3178
16,2592,64,1152,9.8906
16,2592,64,1728,12.2499
16,2592,64,2592,15.7889
16,2592,64,3888,21.0973
16,2592,64,5832,29.0599
16,2592,64,8748,41.0038
16,2592,64,13122,58.9197
16,2592,64,16384,72.2809
16,2592,128,512,9.3704
16,2592,128,768,11.4676
16,2592,128,1152,14.6133
16,2592,128,1728,19.3319
16,2592,128,2592,26.4098
16,2592,128,3888,37.0266
16,2592,128,5832,52.9519
16,2592,128,8748,76.8397
16,2592,128,13122,112.6716
16,2592,128,16384,139.3939
16,3888,0,0,5.2509
16,3888,1,512,5.2837
16,3888,1,768,5.3001
16,3888,1,1152,5.3247
16,3888,1,1728,5.3615
16,3888,1,2592,5.4168
16,3888,1,3888,5.4998
16,3888,1,5832,5.6242
16,3888,1,8748,5.8108
16,3888,1,13122,6.0908
16,3888,1,16384,6.2995
16,3888,2,512,5.3165
16,3888,2,768,5.3493
16,3888,2,1152,5.3985
16,3888,2,1728,5.4722
16,3888,2,2592,5.5828
16,3888,2,3888,5.7487
16,3888,2,5832,5.9975
16,3888,2,8748,6.3708
16,3888,2,13122,6.9306
16,3888,2,16384,7.3482
16,3888,4,512,5.3822
16,3888,4,768,5.4477
16,3888,4,1152,5.5460
16,3888,4,1728,5.6935
16,3888,4,2592,5.9147
16,3888,4,3888,6.2465
16,3888,4,5832,6.7441
16,3888,4,8748,7.4906
16,3888,4,13122,8.6104
16,3888,4,16384,9.4454
16,3888,8,512,5.5135
16,3888,8,768,5.6446
16,3888,8,1152,5.8412
16,3888,8,1728,6.1361
16,3888,8,2592,6.5785
16,3888,8,3888,7.2420
16,3888,8,5832,8.2374
16,3888,8,8748,9.7304
16,3888,8,13122,11.9699
16,3888,8,16384,13.6400
16,3888,16,512,5.7762
16,3888,16,768,6.0383
16,3888,16,1152,6.4316
16,3888,16,1728,7.0214
16,3888,16,2592,7.9061
16,3888,16,3888,9.2332
16,3888,16,5832,11.2239
16,3888,16,8748,14.2099
16,3888,16,13122,18.6888
16,3888,16,16384,22.0291
16,3888,32,512,6.3015
16,3888,32,768,6.8258
16,3888,32,1152,7.6122
16,3888,32,1728,8.7919
16,3888,32,2592,10.5613
16,3888,32,3888,13.2156
16,3888,32,5832,17.1969
16,3888,32,8748,23.1688
16,3888,32,13122,32.1268
16,3888,32,16384,38.8074
16,3888,64,512,7.3521
16,3888,64,768,8.4007
16,3888,64,1152,9.9736
16,3888,64,1728,12.3329
16,3888,64,2592,15.8718
16,3888,64,3888,21.1802
16,3888,64,5832,29.1428
16,3888,64,8748,41.0868
16,3888,64,13122,59.0027
16,3888,64,16384,72.3638
16,3888,128,512,9.4534
16,3888,128,768,11.5505
16,3888,128,1152,14.6963
16,3888,128,1728,19.4148
16,3888,128,2592,26.4927
16,3888,128,3888,37.1096
16,3888,128,5832,53.0348
16,3888,128,8748,76.9227
16,3888,128,13122,112.7545
16,3888,128,16384,139.4768
16,4096,0,0,5.2642
16,4096,1,16,5.2653
16,4096,1,32,5.2663
16,4096,1,64,5.2684
16,4096,1,128,5.2724
16,4096,1,256,5.2806
16,4096,1,512,5.2970
16,4096,1,1024,5.3298
16,4096,1,2048,5.3953
16,4096,1,4096,5.5264
16,4096,1,8192,5.7885
16,4096,1,16384,6.3128
16,4096,2,16,5.2664
16,4096,2,32,5.2684
16,4096,2,64,5.2725
16,4096,2,128,5.2807
16,4096,2,256,5.2971
16,4096,2,512,5.3299
16,4096,2,1024,5.3954
16,4096,2,2048,5.5265
16,4096,2,4096,5.7886
16,4096,2,8192,6.3129
16,4096,2,16384,7.3615
16,4096,4,16,5.2685
16,4096,4,32,5.2726
16,4096,4,64,5.2808
16,4096,4,128,5.2972
16,4096,4,256,5.3300
16,4096,4,512,5.3955
16,4096,4,1024,5.5266
16,4096,4,2048,5.7887
16,4096,4,4096,6.3130
16,4096,4,8192,7.3616
16,4096,4,16384,9.4588
16,4096,8,16,5.2729
16,4096,8,32,5.2811
16,4096,8,64,5.2975
16,4096,8,128,5.3302
16,4096,8,256,5.3958
16,4096,8,512,5.5268
16,4096,8,1024,5.7890
16,4096,8,2048,6.3133
16,4096,8,4096,7.3619
16,4096,8,8192,9.4590
16,4096,8,16384,13.6533
16,4096,16,16,5.2816
16,4096,16,32,5.2980
16,4096,16,64,5.3308
16,4096,16,128,5.3963
16,4096,16,256,5.5274
16,4096,16,512,5.7895
16,4096,16,1024,6.3138
16,4096,16,2048,7.3624
16,4096,16,4096,9.4595
16,4096,16,8192,13.6538
16,4096,16,16384,22.0424
16,4096,32,16,5.2990
16,4096,32,32,5.3318
16,4096,32,64,5.3973
16,4096,32,128,5.5284
16,4096,32,256,5.7905
16,4096,32,512,6.3148
16,4096,32,1024,7.3634
16,4096,32,2048,9.4605
16,4096,32,4096,13.6548
16,4096,32,8192,22.0435
16,4096,32,16384,38.8207
16,4096,64,16,5.3338
16,4096,64,32,5.3994
16,4096,64,64,5.5304
16,4096,64,128,5.7926
16,4096,64,256,6.3169
16,4096,64,512,7.3654
16,4096,64,1024,9.4626
16,4096,64,2048,13.6569
16,4096,64,4096,22.0455
16,4096,64,8192,38.8227
16,4096,64,16384,72.3772
16,4096,128,16,5.4035
16,4096,128,32,5.5345
16,4096,128,64,5.7967
16,4096,128,128,6.3210
16,4096,128,256,7.3695
16,4096,128,512,9.4667
16,4096,128,1024,13.6610
16,4096,128,2048,22.0496
16,4096,128,4096,38.8268
16,4096,128,8192,72.3812
16,4096,128,16384,139.4901
16,5832,0,0,5.3753
16,5832,1,512,5.4081
16,5832,1,768,5.4245
16,5832,1,1152,5.4491
16,5832,1,1728,5.4860
16,5832,1,2592,5.5412
16,5832,1,3888,5.6242
16,5832,1,5832,5.7486
16,5832,1,8748,5.9352
16,5832,1,13122,6.2152
16,5832,1,16384,6.4239
16,5832,2,512,5.4410
16,5832,2,768,5.4737
16,5832,2,1152,5.5229
16,5832,2,1728,5.5966
16,5832,2,2592,5.7072
16,5832,2,3888,5.8731
16,5832,2,5832,6.1219
16,5832,2,8748,6.4952
16,5832,2,13122,7.0550
16,5832,2,16384,7.4726
16,5832,4,512,5.5066
16,5832,4,768,5.5722
16,5832,4,1152,5.6705
16,5832,4,1728,5.8179
16,5832,4,2592,6.0391
16,5832,4,3888,6.3709
16,5832,4,5832,6.8685
16,5832,4,8748,7.6150
16,5832,4,13122,8.7348
16,5832,4,16384,9.5699
16,5832,8,512,5.6380
16,5832,8,768,5.7690
16,5832,8,1152,5.9656
16,5832,8,1728,6.2605
16,5832,8,2592,6.7029
16,5832,8,3888,7.3665
16,5832,8,5832,8.3618
16,5832,8,8748,9.8548
16,5832,8,13122,12.0943
16,5832,8,16384,13.7644
16,5832,16,512,5.9006
16,5832,16,768,6.1628
16,5832,16,1152,6.5560
16,5832,16,1728,7.1458
16,5832,16,2592,8.0305
16,5832,16,3888,9.3576
16,5832,16,5832,11.3483
16,5832,16,8748,14.3343
16,5832,16,13122,18.8132
16,5832,16,16384,22.1535
16,5832,32,512,6.4259
16,5832,32,768,6.9502
16,5832,32,1152,7.7366
16,5832,32,1728,8.9163
16,5832,32,2592,10.6858
16,5832,32,3888,13.3400
16,5832,32,5832,17.3213
16,5832,32,8748,23.2932
16,5832,32,13122,32.2512
16,5832,32,16384,38.9318
16,5832,64,512,7.4765
16,5832,64,768,8.5251
16,5832,64,1152,10.0980
16,5832,64,1728,12.4573
16,5832,64,2592,15.9962
16,5832,64,3888,21.3046
16,5832,64,5832,29.2673
16,5832,64,8748,41.2112
16,5832,64,13122,59.1271
16,5832,64,16384,72.4883
16,5832,128,512,9.5778
16,5832,128,768,11.6749
16,5832,128,1152,14.8207
16,5832,128,1728,19.5393
16,5832,128,2592,26.6172
16,5832,128,3888,37.2340
16,5832,128,5832,53.1592
16,5832,128,8748,77.0471
16,5832,128,13122,112.8789
16,5832,128,16384,139.6012
16,8192,0,0,5.5263
16,8192,1,16,5.5274
16,8192,1,32,5.5284
16,8192,1,64,5.5305
16,8192,1,128,5.5346
16,8192,1,256,5.5428
16,8192,1,512,5.5592
16,8192,1,1024,5.5919
16,8192,1,2048,5.6575
16,8192,1,4096,5.7885
16,8192,1,8192,6.0507
16,8192,1,16384,6.5750
16,8192,2,16,5.5285
16,8192,2,32,5.5306
16,8192,2,64,5.5347
16,8192,2,128,5.5428
16,8192,2,256,5.5592
16,8192,2,512,5.5920
16,8192,2,1024,5.6575
16,8192,2,2048,5.7886
16,8192,2,4096,6.0508
16,8192,2,8192,6.5750
16,8192,2,16384,7.6236
16,8192,4,16,5.5307
16,8192,4,32,5.5348
16,8192,4,64,5.5430
16,8192,4,128,5.5594
16,8192,4,256,5.5921
16,8192,4,512,5.6577
16,8192,4,1024,5.7887
16,8192,4,2048,6.0509
16,8192,4,4096,6.5752
16,8192,4,8192,7.6237
16,8192,4,16384,9.7209
16,8192,8,16,5.5350
16,8192,8,32,5.5432
16,8192,8,64,5.5596
16,8192,8,128,5.5924
16,8192,8,256,5.6579
16,8192,8,512,5.7890
16,8192,8,1024,6.0511
16,8192,8,2048,6.5754
16,8192,8,4096,7.6240
16,8192,8,8192,9.7212
16,8192,8,16384,13.9155
16,8192,16,16,5.5437
16,8192,16,32,5.5601
16,8192,16,64,5.5929
16,8192,16,128,5.6584
16,8192,16,256,5.7895
16,8192,16,512,6.0516
16,8192,16,1024,6.5759
16,8192,16,2048,7.6245
16,8192,16,4096,9.7217
16,8192,16,8192,13.9160
16,8192,16,16384,22.3046
16,8192,32,16,5.5612
16,8192,32,32,5.5939
16,8192,32,64,5.6595
16,8192,32,128,5.7905
16,8192,32,256,6.0527
16,8192,32,512,6.5770
16,8192,32,1024,7.6255
16,8192,32,2048,9.7227
16,8192,32,4096,13.9170
16,8192,32,8192,22.3056
16,8192,32,16384,39.0828
16,8192,64,16,5.5960
16,8192,64,32,5.6615
16,8192,64,64,5.7926
16,8192,64,128,6.0547
16,8192,64,256,6.5790
16,8192,64,512,7.6276
16,8192,64,1024,9.7247
16,8192,64,2048,13.9190
16,8192,64,4096,22.3076
16,8192,64,8192,39.0849
16,8192,64,16384,72.6393
16,8192,128,16,5.6656
16,8192,128,32,5.7967
16,8192,128,64,6.0588
16,8192,128,128,6.5831
16,8192,128,256,7.6317
16,8192,128,512,9.7288
16,8192,128,1024,13.9231
16,8192,128,2048,22.3117
16,8192,128,4096,39.0890
16,8192,128,8192,72.6434
16,8192,128,16384,139.7523
16,8748,0,0,5.5619
16,8748,1,512,5.5948
16,8748,1,768,5.6111
16,8748,1,1152,5.6357
16,8748,1,1728,5.6726
16,8748,1,2592,5.7279
16,8748,1,3888,5.8108
16,8748,1,5832,5.9352
16,8748,1,8748,6.1219
16,8748,1,13122,6.4018
16,8748,1,16384,6.6106
16,8748,2,512,5.6276
16,8748,2,768,5.6604
16,8748,2,1152,5.7095
16,8748,2,1728,5.7832
16,8748,2,2592,5.8938
16,8748,2,3888,6.0597
16,8748,2,5832,6.3085
16,8748,2,8748,6.6818
16,8748,2,13122,7.2417
16,8748,2,16384,7.6592
16,8748,4,512,5.6932
16,8748,4,768,5.7588
16,8748,4,1152,5.8571
16,8748,4,1728,6.0045
16,8748,4,2592,6.2257
16,8748,4,3888,6.5575
16,8748,4,5832,7.0552
16,8748,4,8748,7.8017
16,8748,4,13122,8.9214
16,8748,4,16384,9.7565
16,8748,8,512,5.8246
16,8748,8,768,5.9556
16,8748,8,1152,6.1523
16,8748,8,1728,6.4472
16,8748,8,2592,6.8895
16,8748,8,3888,7.5531
16,8748,8,5832,8.5484
16,8748,8,8748,10.0414
16,8748,8,13122,12.2809
16,8748,8,16384,13.9510
16,8748,16,512,6.0872
16,8748,16,768,6.3494
16,8748,16,1152,6.7426
16,8748,16,1728,7.3324
16,8748,16,2592,8.2172
16,8748,16,3888,9.5443
16,8748,16,5832,11.5349
16,8748,16,8748,14.5209
16,8748,16,13122,18.9999
16,8748,16,16384,22.3402
16,8748,32,512,6.6125
16,8748,32,768,7.1368
16,8748,32,1152,7.9233
16,8748,32,1728,9.1029
16,8748,32,2592,10.8724
16,8748,32,3888,13.5266
16,8748,32,5832,17.5079
16,8748,32,8748,23.4799
16,8748,32,13122,32.4378
16,8748,32,16384,39.1184
16,8748,64,512,7.6632
16,8748,64,768,8.7117
16,8748,64,1152,10.2846
16,8748,64,1728,12.6439
16,8748,64,2592,16.1828
16,8748,64,3888,21.4913
16,8748,64,5832,29.4539
16,8748,64,8748,41.3978
16,8748,64,13122,59.3137
16,8748,64,16384,72.6749
16,8748,128,512,9.7644
16,8748,128,768,11.8616
16,8748,128,1152,15.0073
16,8748,128,1728,19.7259
16,8748,128,2592,26.8038
16,8748,128,3888,37.4206
16,8748,128,5832,53.3459
16,8748,128,8748,77.2337
16,8748,128,13122,113.0655
16,8748,128,16384,139.7878
16,13122,0,0,5.8419
16,13122,1,512,5.8747
16,13122,1,768,5.8911
16,13122,1,1152,5.9156
16,13122,1,1728,5.9525
16,13122,1,2592,6.0078
16,13122,1,3888,6.0908
16,13122,1,5832,6.2152
16,13122,1,8748,6.4018
16,13122,1,13122,6.6817
16,13122,1,16384,6.8905
16,13122,2,512,5.9075
16,13122,2,768,5.9403
16,13122,2,1152,5.9894
16,13122,2,1728,6.0632
16,13122,2,2592,6.1738
16,13122,2,3888,6.3396
16,13122,2,5832,6.5885
16,13122,2,8748,6.9617
16,13122,2,13122,7.5216
16,13122,2,16384,7.9391
16,13122,4,512,5.9732
16,13122,4,768,6.0387
16,13122,4,1152,6.1370
16,13122,4,1728,6.2845
16,13122,4,2592,6.5057
16,13122,4,3888,6.8374
16,13122,4,5832,7.3351
16,13122,4,8748,8.0816
16,13122,4,13122,9.2013
16,13122,4,16384,10.0364
16,13122,8,512,6.1045
16,13122,8,768,6.2356
16,13122,8,1152,6.4322
16,13122,8,1728,6.7271
16,13122,8,2592,7.1695
16,13122,8,3888,7.8330
16,13122,8,5832,8.8284
16,13122,8,8748,10.3213
16,13122,8,13122,12.5608
16,13122,8,16384,14.2310
16,13122,16,512,6.3672
16,13122,16,768,6.6293
16,13122,16,1152,7.0225
16,13122,16,1728,7.6124
16,13122,16,2592,8.4971
16,13122,16,3888,9.8242
16,13122,16,5832,11.8148
16,13122,16,8748,14.8008
16,13122,16,13122,19.2798
16,13122,16,16384,22.6201
16,13122,32,512,6.8925
16,13122,32,768,7.4168
16,13122,32,1152,8.2032
16,13122,32,1728,9.3828
16,13122,32,2592,11.1523
16,13122,32,3888,13.8065
16,13122,32,5832,17.7878
16,13122,32,8748,23.7598
16,13122,32,13122,32.7178
16,13122,32,16384,39.3983
16,13122,64,512,7.9431
16,13122,64,768,8.9917
16,13122,64,1152,10.5645
16,13122,64,1728,12.9238
16,13122,64,2592,16.4628
16,13122,64,3888,21.7712
16,13122,64,5832,29.7338
16,13122,64,8748,41.6778
16,13122,64,13122,59.5937
16,13122,64,16384,72.9548
16,13122,128,512,10.0444
16,13122,128,768,12.1415
16,13122,128,1152,15.2872
16,13122,128,1728,20.0058
16,13122,128,2592,27.0837
16,13122,128,3888,37.7005
16,13122,128,5832,53.6258
16,13122,128,8748,77.5137
16,13122,128,13122,113.3455
16,13122,128,16384,140.0678
16,16384,0,0,6.0506
16,16384,1,16,6.0517
16,16384,1,32,6.0527
16,16384,1,64,6.0548
16,16384,1,128,6.0589
16,16384,1,256,6.0671
16,16384,1,512,6.0835
16,16384,1,768,6.0998
16,16384,1,1024,6.1162
16,16384,1,1152,6.1244
16,16384,1,1728,6.1613
16,16384,1,2048,6.1818
16,16384,1,2592,6.2166
16,16384,1,3888,6.2995
16,16384,1,4096,6.3128
16,16384,1,5832,6.4239
16,16384,1,8192,6.5750
16,16384,1,8748,6.6106
16,16384,1,13122,6.8905
16,16384,1,16384,7.0993
16,16384,2,16,6.0528
16,16384,2,32,6.0548
16,16384,2,64,6.0589
16,16384,2,128,6.0671
16,16384,2,256,6.0835
16,16384,2,512,6.1163
16,16384,2,768,6.1491
16,16384,2,1024,6.1818
16,16384,2,1152,6.1982
16,16384,2,1728,6.2719
16,16384,2,2048,6.3129
16,16384,2,2592,6.3825
16,16384,2,3888,6.5484
16,16384,2,4096,6.5750
16,16384,2,5832,6.7972
16,16384,2,8192,7.0993
16,16384,2,8748,7.1705
16,16384,2,13122,7.7304
16,16384,2,16384,8.1479
16,16384,4,16,6.0550
16,16384,4,32,6.0591
16,16384,4,64,6.0673
16,16384,4,128,6.0836
16,16384,4,256,6.1164
16,16384,4,512,6.1820
16,16384,4,768,6.2475
16,16384,4,1024,6.3130
16,16384,4,1152,6.3458
16,16384,4,1728,6.4932
16,16384,4,2048,6.5752
16,16384,4,2592,6.7144
16,16384,4,3888,7.0462
16,16384,4,4096,7.0995
16,16384,4,5832,7.5439
16,16384,4,8192,8.1480
16,16384,4,8748,8.2904
16,16384,4,13122,9.4101
16,16384,4,16384,10.2452
16,16384,8,16,6.0593
16,16384,8,32,6.0675
16,16384,8,64,6.0839
16,16384,8,128,6.1167
16,16384,8,256,6.1822
16,16384,8,512,6.3133
16,16384,8,768,6.4444
16,16384,8,1024,6.5754
16,16384,8,1152,6.6410
16,16384,8,1728,6.9359
16,16384,8,2048,7.0997
16,16384,8,2592,7.3782
16,16384,8,3888,8.0418
16,16384,8,4096,8.1483
16,16384,8,5832,9.0371
16,16384,8,8192,10.2454
16,16384,8,8748,10.5301
16,16384,8,13122,12.7696
16,16384,8,16384,14.4397
16,16384,16,16,6.0680
16,16384,16,32,6.0844
16,16384,16,64,6.1172
16,16384,16,128,6.1827
16,16384,16,256,6.3138
16,16384,16,512,6.5759
16,16384,16,768,6.8381
16,16384,16,1024,7.1002
16,16384,16,1152,7.2313
16,16384,16,1728,7.8211
16,16384,16,2048,8.1488
16,16384,16,2592,8.7059
16,16384,16,3888,10.0330
16,16384,16,4096,10.2460
16,16384,16,5832,12.0236
16,16384,16,8192,14.4403
16,16384,16,8748,15.0096
16,16384,16,13122,19.4886
16,16384,16,16384,22.8289
16,16384,32,16,6.0854
16,16384,32,32,6.1182
16,16384,32,64,6.1837
16,16384,32,128,6.3148
16,16384,32,256,6.5770
16,16384,32,512,7.1012
16,16384,32,768,7.6255
16,16384,32,1024,8.1498
16,16384,32,1152,8.4120
16,16384,32,1728,9.5916
16,16384,32,2048,10.2470
16,16384,32,2592,11.3611
16,16384,32,3888,14.0153
16,16384,32,4096,14.4413
16,16384,32,5832,17.9966
16,16384,32,8192,22.8299
16,16384,32,8748,23.9686
16,16384,32,13122,32.9265
16,16384,32,16384,39.6071
16,16384,64,16,6.1203
16,16384,64,32,6.1858
16,16384,64,64,6.3169
16,16384,64,128,6.5790
16,16384,64,256,7.1033
16,16384,64,512,8.1519
16,16384,64,768,9.2004
16,16384,64,1024,10.2490
16,16384,64,1152,10.7733
16,16384,64,1728,13.1326
16,16384,64,2048,14.4433
16,16384,64,2592,16.6716
16,16384,64,3888,21.9800
16,16384,64,4096,22.8319
16,16384,64,5832,29.9426
16,16384,64,8192,39.6092
16,16384,64,8748,41.8865
16,16384,64,13122,59.8024
16,16384,64,16384,73.1636
16,16384,128,16,6.1899
16,16384,128,32,6.3210
16,16384,128,64,6.5831
16,16384,128,128,7.1074
16,16384,128,256,8.1560
16,16384,128,512,10.2531
16,16384,128,768,12.3503
16,16384,128,1024,14.4474
16,16384,128,1152,15.4960
16,16384,128,1728,20.2146
16,16384,128,2048,22.8360
16,16384,128,2592,27.2925
16,16384,128,3888,37.9093
16,16384,128,4096,39.6132
16,16384,128,5832,53.8346
16,16384,128,8192,73.1677
16,16384,128,8748,77.7224
16,16384,128,13122,113.5542
16,16384,128,16384,140.2765
24,0,0,0,5.0031
24,0,1,512,5.0359
24,0,1,768,5.0523
24,0,1,1152,5.0769
24,0,1,1728,5.1137
24,0,1,2592,5.1690
24,0,1,3888,5.2520
24,0,1,5832,5.3764
24,0,1,8748,5.5630
24,0,1,13122,5.8429
24,0,1,16384,6.0517
24,0,2,512,5.0687
24,0,2,768,5.1015
24,0,2,1152,5.1507
24,0,2,1728,5.2244
24,0,2,2592,5.3350
24,0,2,3888,5.5009
24,0,2,5832,5.7497
24,0,2,8748,6.1229
24,0,2,13122,6.6828
24,0,2,16384,7.1004
24,0,4,512,5.1344
24,0,4,768,5.1999
24,0,4,1152,5.2982
24,0,4,1728,5.4457
24,0,4,2592,5.6669
24,0,4,3888,5.9987
24,0,4,5832,6.4963
24,0,4,8748,7.2428
24,0,4,13122,8.3626
24,0,4,16384,9.1976
24,0,8,512,5.2657
24,0,8,768,5.3968
24,0,8,1152,5.5934
24,0,8,1728,5.8883
24,0,8,2592,6.3307
24,0,8,3888,6.9942
24,0,8,5832,7.9896
24,0,8,8748,9.4826
24,0,8,13122,11.7220
24,0,8,16384,13.3922
24,0,16,512,5.5284
24,0,16,768,5.7905
24,0,16,1152,6.1837
24,0,16,1728,6.7736
24,0,16,2592,7.6583
24,0,16,3888,8.9854
24,0,16,5832,10.9761
24,0,16,8748,13.9620
24,0,16,13122,18.4410
24,0,16,16384,21.7813
24,0,32,512,6.0537
24,0,32,768,6.5780
24,0,32,1152,7.3644
24,0,32,1728,8.5441
24,0,32,2592,10.3135
24,0,32,3888,12.9677
24,0,32,5832,16.9491
24,0,32,8748,22.9210
24,0,32,13122,31.8790
24,0,32,16384,38.5596
24,0,64,512,7.1043
24,0,64,768,8.1529
24,0,64,1152,9.7258
24,0,64,1728,12.0851
24,0,64,2592,15.6240
24,0,64,3888,20.9324
24,0,64,5832,28.8950
24,0,64,8748,40.8390
24,0,64,13122,58.7549
24,0,64,16384,72.1160
24,0,128,512,9.2056
24,0,128,768,11.3027
24,0,128,1152,14.4484
24,0,128,1728,19.1670
24,0,128,2592,26.2449
24,0,128,3888,36.8618
24,0,128,5832,52.7870
24,0,128,8748,76.6749
24,0,128,13122,112.5067
24,0,128,16384,139.2290
24,512,0,0,5.0358
24,512,1,512,5.0687
24,512,1,768,5.0851
24,512,1,1152,5.1096
24,512,1,1728,5.1465
24,512,1,2592,5.2018
24,512,1,3888,5.2847
24,512,1,5832,5.4092
24,512,1,8748,5.5958
24,512,1,13122,5.8757
24,512,1,16384,6.0845
24,512,2,512,5.1015
24,512,2,768,5.1343
24,512,2,1152,5.1834
24,512,2,1728,5.2572
24,512,2,2592,5.3677
24,512,2,3888,5.5336
24,512,2,5832,5.7825
24,512,2,8748,6.1557
24,512,2,13122,6.7156
24,512,2,16384,7.1331
24,512,4,512,5.1672
24,512,4,768,5.2327
24,512,4,1152,5.3310
24,512,4,1728,5.4785
24,512,4,2592,5.6996
24,512,4,3888,6.0314
24,512,4,5832,6.5291
24,512,4,8748,7.2756
24,512,4,13122,8.3953
24,512,4,16384,9.2304
24,512,8,512,5.2985
24,512,8,768,5.4296
24,512,8,1152,5.6262
24,512,8,1728,5.9211
24,512,8,2592,6.3635
24,512,8,3888,7.0270
24,512,8,5832,8.0223
24,512,8,8748,9.5153
24,512,8,13122,11.7548
24,512,8,16384,13.4250
24,512,16,512,5.5612
24,512,16,768,5.8233
24,512,16,1152,6.2165
24,512,16,1728,6.8063
24,512,16,2592,7.6911
24,512,16,3888,9.0182
24,512,16,5832,11.0088
24,512,16,8748,13.9948
24,512,16,13122,18.4738
24,512,16,16384,21.8141
24,512,32,512,6.0865
24,512,32,768,6.6108
24,512,32,1152,7.3972
24,512,32,1728,8.5768
24,512,32,2592,10.3463
24,512,32,3888,13.0005
24,512,32,5832,16.9818
24,512,32,8748,22.9538
24,512,32,13122,31.9117
24,512,32,16384,38.5923
24,512,64,512,7.1371
24,512,64,768,8.1857
24,512,64,1152,9.7585
24,512,64,1728,12.1178
24,512,64,2592,15.6568
24,512,64,3888,20.9652
24,512,64,5832,28.9278
24,512,64,8748,40.8717
24,512,64,13122,58.7876
24,512,64,16384,72.1488
24,512,128,512,9.2383
24,512,128,768,11.3355
24,512,128,1152,14.4812
24,512,128,1728,19.1998
24,512,128,2592,26.2777
24,512,128,3888,36.8945
24,512,128,5832,52.8198
24,512,128,8748,76.7076
24,512,128,13122,112.5395
24,512,128,16384,139.2618
24,768,0,0,5.0522
24,768,1,512,5.0851
24,768,1,768,5.1014
24,768,1,1152,5.1260
24,768,1,1728,5.1629
24,768,1,2592,5.2182
24,768,1,3888,5.3011
24,768,1,5832,5.4255
24,768,1,8748,5.6122
24,768,1,13122,5.8921
24,768,1,16384,6.1009
24,768,2,512,5.1179
24,768,2,768,5.1507
24,768,2,1152,5.1998
24,768,2,1728,5.2735
24,768,2,2592,5.3841
24,768,2,3888,5.5500
24,768,2,5832,5.7988
24,768,2,8748,6.1721
24,768,2,13122,6.7320
24,768,2,16384,7.1495
24,768,4,512,5.1836
24,768,4,768,5.2491
24,768,4,1152,5.3474
24,768,4,1728,5.4948
24,768,4,2592,5.7160
24,768,4,3888,6.0478
24,768,4,5832,6.5455
24,768,4,8748,7.2920
24,768,4,13122,8.4117
24,768,4,16384,9.2468
24,768,8,512,5.3149
24,768,8,768,5.4460
24,768,8,1152,5.6426
24,768,8,1728,5.9375
24,768,8,2592,6.3798
24,768,8,3888,7.0434
24,768,8,5832,8.0387
24,768,8,8748,9.5317
24,768,8,13122,11.7712
24,768,8,16384,13.4413
24,768,16,512,5.5775
24,768,16,768,5.8397
24,768,16,1152,6.2329
24,768,16,1728,6.8227
24,768,16,2592,7.7075
24,768,16,3888,9.0346
24,768,16,5832,11.0252
24,768,16,8748,14.0112
24,768,16,13122,18.4902
24,768,16,16384,21.8305
24,768,32,512,6.1028
24,768,32,768,6.6271
24,768,32,1152,7.4136
24,768,32,1728,8.5932
24,768,32,2592,10.3627
24,768,32,3888,13.0169
24,768,32,5832,16.9982
24,768,32,8748,22.9702
24,768,32,13122,31.9281
24,768,32,16384,38.6087
24,768,64,512,7.1535
24,768,64,768,8.2020
24,768,64,1152,9.7749
24,768,64,1728,12.1342
24,768,64,2592,15.6732
24,768,64,3888,20.9816
24,768,64,5832,28.9442
24,768,64,8748,40.8881
24,768,64,13122,58.8040
24,768,64,16384,72.1652
24,768,128,512,9.2547
24,768,128,768,11.3519
24,768,128,1152,14.4976
24,768,128,1728,19.2162
24,768,128,2592,26.2941
24,768,128,3888,36.9109
24,768,128,5832,52.8362
24,768,128,8748,76.7240
24,768,128,13122,112.5558
24,768,128,16384,139.2781
24,1152,0,0,5.0768
24,1152,1,512,5.1096
24,1152,1,768,5.1260
24,1152,1,1152,5.1506
24,1152,1,1728,5.1875
24,1152,1,2592,5.2428
24,1152,1,3888,5.3257
24,1152,1,5832,5.4501
24,1152,1,8748,5.6367
24,1152,1,13122,5.9167
24,1152,1,16384,6.1254
24,1152,2,512,5.1425
24,1152,2,768,5.1752
24,1152,2,1152,5.2244
24,1152,2,1728,5.2981
24,1152,2,2592,5.4087
24,1152,2,3888,5.5746
24,1152,2,5832,5.8234
24,1152,2,8748,6.1967
24,1152,2,13122,6.7565
24,1152,2,16384,7.1741
24,1152,4,512,5.2081
24,1152,4,768,5.2737
24,1152,4,1152,5.3720
24,1152,4,1728,5.5194
24,1152,4,2592,5.7406
24,1152,4,3888,6.0724
24,1152,4,5832,6.5700
24,1152,4,8748,7.3165
24,1152,4,13122,8.4363
24,1152,4,16384,9.2714
24,1152,8,512,5.3395
24,1152,8,768,5.4705
24,1152,8,1152,5.6671
24,1152,8,1728,5.9620
24,1152,8,2592,6.4044
24,1152,8,3888,7.0680
24,1152,8,5832,8.0633
24,1152,8,8748,9.5563
24,1152,8,13122,11.7958
24,1152,8,16384,13.4659
24,1152,16,512,5.6021
24,1152,16,768,5.8643
24,1152,16,1152,6.2575
24,1152,16,1728,6.8473
24,1152,16,2592,7.7320
24,1152,16,3888,9.0591
24,1152,16,5832,11.0498
24,1152,16,8748,14.0358
24,1152,16,13122,18.5148
24,1152,16,16384,21.8550
24,1152,32,512,6.1274
24,1152,32,768,6.6517
24,1152,32,1152,7.4381
24,1152,32,1728,8.6178
24,1152,32,2592,10.3873
24,1152,32,3888,13.0415
24,1152,32,5832,17.0228
24,1152,32,8748,22.9948
24,1152,32,13122,31.9527
24,1152,32,16384,38.6333
24,1152,64,512,7.1780
24,1152,64,768,8.2266
24,1152,64,1152,9.7995
24,1152,64,1728,12.1588
24,1152,64,2592,15.6977
24,1152,64,3888,21.0061
24,1152,64,5832,28.9688
24,1152,64,8748,40.9127
24,1152,64,13122,58.8286
24,1152,64,16384,72.1898
24,1152,128,512,9.2793
24,1152,128,768,11.3764
24,1152,128,1152,14.5222
24,1152,128,1728,19.2408
24,1152,128,2592,26.3187
24,1152,128,3888,36.9355
24,1152,128,5832,52.8607
24,1152,128,8748,76.7486
24,1152,128,13122,112.5804
24,1152,128,16384,139.3027
24,1728,0,0,5.1137
24,1728,1,512,5.1465
24,1728,1,768,5.1629
24,1728,1,1152,5.1875
24,1728,1,1728,5.2243
24,1728,1,2592,5.2796
24,1728,1,3888,5.3626
24,1728,1,5832,5.4870
24,1728,1,8748,5.6736
24,1728,1,13122,5.9535
24,1728,1,16384,6.1623
24,1728,2,512,5.1793
24,1728,2,768,5.2121
24,1728,2,1152,5.2612
24,1728,2,1728,5.3350
24,1728,2,2592,5.4456
24,1728,2,3888,5.6115
24,1728,2,5832,5.8603
24,1728,2,8748,6.2335
24,1728,2,13122,6.7934
24,1728,2,16384,7.2109
24,1728,4,512,5.2450
24,1728,4,768,5.3105
24,1728,4,1152,5.4088
24,1728,4,1728,5.5563
24,1728,4,2592,5.7775
24,1728,4,3888,6.1092
24,1728,4,5832,6.6069
24,1728,4,8748,7.3534
24,1728,4,13122,8.4732
24,1728,4,16384,9.3082
24,1728,8,512,5.3763
24,1728,8,768,5.5074
24,1728,8,1152,5.7040
24,1728,8,1728,5.9989
24,1728,8,2592,6.4413
24,1728,8,3888,7.1048
24,1728,8,5832,8.1002
24,1728,8,8748,9.5932
24,1728,8,13122,11.8326
24,1728,8,16384,13.5028
24,1728,16,512,5.6390
24,1728,16,768,5.9011
24,1728,16,1152,6.2943
24,1728,16,1728,6.8842
24,1728,16,2592,7.7689
24,1728,16,3888,9.0960
24,1728,16,5832,11.0867
24,1728,16,8748,14.0726
24,1728,16,13122,18.5516
24,1728,16,16384,21.8919
24,1728,32,512,6.1643
24,1728,32,768,6.6886
24,1728,32,1152,7.4750
24,1728,32,1728,8.6547
24,1728,32,2592,10.4241
24,1728,32,3888,13.0783
24,1728,32,5832,17.0596
24,1728,32,8748,23.0316
24,1728,32,13122,31.9896
24,1728,32,16384,38.6701
24,1728,64,512,7.2149
24,1728,64,768,8.2635
24,1728,64,1152,9.8364
24,1728,64,1728,12.1956
24,1728,64,2592,15.7346
24,1728,64,3888,21.0430
24,1728,64,5832,29.0056
24,1728,64,8748,40.9496
24,1728,64,13122,58.8655
24,1728,64,16384,72.2266
24,1728,128,512,9.3162
24,1728,128,768,11.4133
24,1728,128,1152,14.5590
24,1728,128,1728,19.2776
24,1728,128,2592,26.3555
24,1728,128,3888,36.9724
24,1728,128,5832,52.8976
24,1728,128,8748,76.7855
24,1728,128,13122,112.6173
24,1728,128,16384,139.3396
24,2592,0,0,5.1690
24,2592,1,512,5.2018
24,2592,1,768,5.2182
24,2592,1,1152,5.2428
24,2592,1,1728,5.2796
24,2592,1,2592,5.3349
24,2592,1,3888,5.4179
24,2592,1,5832,5.5423
24,2592,1,8748,5.7289
24,2592,1,13122,6.0088
24,2592,1,16384,6.2176
24,2592,2,512,5.2346
24,2592,2,768,5.2674
24,2592,2,1152,5.3165
24,2592,2,1728,5.3903
24,2592,2,2592,5.5009
24,2592,2,3888,5.6668
24,2592,2,5832,5.9156
24,2592,2,8748,6.2888
24,2592,2,13122,6.8487
24,2592,2,16384,7.2662
24,2592,4,512,5.3003
24,2592,4,768,5.3658
24,2592,4,1152,5.4641
24,2592,4,1728,5.6116
24,2592,4,2592,5.8328
24,2592,4,3888,6.1645
24,2592,4,5832,6.6622
24,2592,4,8748,7.4087
24,2592,4,13122,8.5284
24,2592,4,16384,9.3635
24,2592,8,512,5.4316
24,2592,8,768,5.5627
24,2592,8,1152,5.7593
24,2592,8,1728,6.0542
24,2592,8,2592,6.4966
24,2592,8,3888,7.1601
24,2592,8,5832,8.1555
24,2592,8,8748,9.6484
24,2592,8,13122,11.8879
24,2592,8,16384,13.5581
24,2592,16,512,5.6943
24,2592,16,768,5.9564
24,2592,16,1152,6.3496
24,2592,16,1728,6.9395
24,2592,16,2592,7.8242
24,2592,16,3888,9.1513
24,2592,16,5832,11.1420
24,2592,16,8748,14.1279
24,2592,16,13122,18.6069
24,2592,16,16384,21.9472
24,2592,32,512,6.2196
24,2592,32,768,6.7439
24,2592,32,1152,7.5303
24,2592,32,1728,8.7100
24,2592,32,2592,10.4794
24,2592,32,3888,13.1336
24,2592,32,5832,17.1149
24,2592,32,8748,23.0869
24,2592,32,13122,32.0449
24,2592,32,16384,38.7254
24,2592,64,512,7.2702
24,2592,64,768,8.3188
24,2592,64,1152,9.8916
24,2592,64,1728,12.2509
24,2592,64,2592,15.7899
24,2592,64,3888,21.0983
24,2592,64,5832,29.0609
24,2592,64,8748,41.0049
24,2592,64,13122,58.9208
24,2592,64,16384,72.2819
24,2592,128,512,9.3715
24,2592,128,768,11.4686
24,2592,128,1152,14.6143
24,2592,128,1728,19.3329
24,2592,128,2592,26.4108
24,2592,128,3888,37.0276
24,2592,128,5832,52.9529
24,2592,128,8748,76.8408
24,2592,128,13122,112.6726
24,2592,128,16384,139.3949
24,3888,0,0,5.2519
24,3888,1,512,5.2847
24,3888,1,768,5.3011
24,3888,1,1152,5.3257
24,3888,1,1728,5.3626
24,3888,1,2592,5.4179
24,3888,1,3888,5.5008
24,3888,1,5832,5.6252
24,3888,1,8748,5.8118
24,3888,1,13122,6.0918
24,3888,1,16384,6.3005
24,3888,2,512,5.3176
24,3888,2,768,5.3503
24,3888,2,1152,5.3995
24,3888,2,1728,5.4732
24,3888,2,2592,5.5838
24,3888,2,3888,5.7497
24,3888,2,5832,5.9985
24,3888,2,8748,6.3718
24,3888,2,13122,6.9316
24,3888,2,16384,7.3492
24,3888,4,512,5.3832
24,3888,4,768,5.4488
24,3888,4,1152,5.5471
24,3888,4,1728,5.6945
24,3888,4,2592,5.9157
24,3888,4,3888,6.2475
24,3888,4,5832,6.7452
24,3888,4,8748,7.4916
24,3888,4,13122,8.6114
24,3888,4,16384,9.4465
24,3888,8,512,5.5146
24,3888,8,768,5.6456
24,3888,8,1152,5.8422
24,3888,8,1728,6.1372
24,3888,8,2592,6.5795
24,3888,8,3888,7.2431
24,3888,8,5832,8.2384
24,3888,8,8748,9.7314
24,3888,8,13122,11.9709
24,3888,8,16384,13.6410
24,3888,16,512,5.7772
24,3888,16,768,6.0394
24,3888,16,1152,6.4326
24,3888,16,1728,7.0224
24,3888,16,2592,7.9071
24,3888,16,3888,9.2342
24,3888,16,5832,11.2249
24,3888,16,8748,14.2109
24,3888,16,13122,18.6899
24,3888,16,16384,22.0301
24,3888,32,512,6.3025
24,3888,32,768,6.8268
24,3888,32,1152,7.6132
24,3888,32,1728,8.7929
24,3888,32,2592,10.5624
24,3888,32,3888,13.2166
24,3888,32,5832,17.1979
24,3888,32,8748,23.1699
24,3888,32,13122,32.1278
24,3888,32,16384,38.8084
24,3888,64,512,7.3532
24,3888,64,768,8.4017
24,3888,64,1152,9.9746
24,3888,64,1728,12.3339
24,3888,64,2592,15.8728
24,3888,64,3888,21.1812
24,3888,64,5832,29.1439
24,3888,64,8748,41.0878
24,3888,64,13122,59.0037
24,3888,64,16384,72.3649
24,3888,128,512,9.4544
24,3888,128,768,11.5516
24,3888,128,1152,14.6973
24,3888,128,1728,19.4159
24,3888,128,2592,26.4938
24,3888,128,3888,37.1106
24,3888,128,5832,53.0358
24,3888,128,8748,76.9237
24,3888,128,13122,112.7555
24,3888,128,16384,139.4778
24,5832,0,0,5.3763
24,5832,1,512,5.4092
24,5832,1,768,5.4255
24,5832,1,1152,5.4501
24,5832,1,1728,5.4870
24,5832,1,2592,5.5423
24,5832,1,3888,5.6252
24,5832,1,5832,5.7496
24,5832,1,8748,5.9363
24,5832,1,13122,6.2162
24,5832,1,16384,6.4250
24,5832,2,512,5.4420
24,5832,2,768,5.4748
24,5832,2,1152,5.5239
24,5832,2,1728,5.5976
24,5832,2,2592,5.7082
24,5832,2,3888,5.8741
24,5832,2,5832,6.1229
24,5832,2,8748,6.4962
24,5832,2,13122,7.0561
24,5832,2,16384,7.4736
24,5832,4,512,5.5076
24,5832,4,768,5.5732
24,5832,4,1152,5.6715
24,5832,4,1728,5.8189
24,5832,4,2592,6.0401
24,5832,4,3888,6.3719
24,5832,4,5832,6.8696
24,5832,4,8748,7.6161
24,5832,4,13122,8.7358
24,5832,4,16384,9.5709
24,5832,8,512,5.6390
24,5832,8,768,5.7700
24,5832,8,1152,5.9667
24,5832,8,1728,6.2616
24,5832,8,2592,6.7039
24,5832,8,3888,7.3675
24,5832,8,5832,8.3628
24,5832,8,8748,9.8558
24,5832,8,13122,12.0953
24,5832,8,16384,13.7654
24,5832,16,512,5.9016
24,5832,16,768,6.1638
24,5832,16,1152,6.5570
24,5832,16,1728,7.1468
24,5832,16,2592,8.0316
24,5832,16,3888,9.3587
24,5832,16,5832,11.3493
24,5832,16,8748,14.3353
24,5832,16,13122,18.8143
24,5832,16,16384,22.1546
24,5832,32,512,6.4269
24,5832,32,768,6.9512
24,5832,32,1152,7.7377
24,5832,32,1728,8.9173
24,5832,32,2592,10.6868
24,5832,32,3888,13.3410
24,5832,32,5832,17.3223
24,5832,32,8748,23.2943
24,5832,32,13122,32.2522
24,5832,32,16384,38.9328
24,5832,64,512,7.4776
24,5832,64,768,8.5261
24,5832,64,1152,10.0990
24,5832,64,1728,12.4583
24,5832,64,2592,15.9972
24,5832,64,3888,21.3057
24,5832,64,5832,29.2683
24,5832,64,8748,41.2122
24,5832,64,13122,59.1281
24,5832,64,16384,72.4893
24,5832,128,512,9.5788
24,5832,128,768,11.6760
24,5832,128,1152,14.8217
24,5832,128,1728,19.5403
24,5832,128,2592,26.6182
24,5832,128,3888,37.2350
24,5832,128,5832,53.1603
24,5832,128,8748,77.0481
24,5832,128,13122,112.8799
24,5832,128,16384,139.6022
24,8748,0,0,5.5629
24,8748,1,512,5.5958
24,8748,1,768,5.6122
24,8748,1,1152,5.6367
24,8748,1,1728,5.6736
24,8748,1,2592,5.7289
24,8748,1,3888,5.8118
24,8748,1,5832,5.9363
24,8748,1,8748,6.1229
24,8748,1,13122,6.4028
24,8748,1,16384,6.6116
24,8748,2,512,5.6286
24,8748,2,768,5.6614
24,8748,2,1152,5.7105
24,8748,2,1728,5.7843
24,8748,2,2592,5.8948
24,8748,2,3888,6.0607
24,8748,2,5832,6.3096
24,8748,2,8748,6.6828
24,8748,2,13122,7.2427
24,8748,2,16384,7.6602
24,8748,4,512,5.6943
24,8748,4,768,5.7598
24,8748,4,1152,5.8581
24,8748,4,1728,6.0056
24,8748,4,2592,6.2268
24,8748,4,3888,6.5585
24,8748,4,5832,7.0562
24,8748,4,8748,7.8027
24,8748,4,13122,8.9224
24,8748,4,16384,9.7575
24,8748,8,512,5.8256
24,8748,8,768,5.9567
24,8748,8,1152,6.1533
24,8748,8,1728,6.4482
24,8748,8,2592,6.8906
24,8748,8,3888,7.5541
24,8748,8,5832,8.5494
24,8748,8,8748,10.0424
24,8748,8,13122,12.2819
24,8748,8,16384,13.9521
24,8748,16,512,6.0883
24,8748,16,768,6.3504
24,8748,16,1152,6.7436
24,8748,16,1728,7.3334
24,8748,16,2592,8.2182
24,8748,16,3888,9.5453
24,8748,16,5832,11.5359
24,8748,16,8748,14.5219
24,8748,16,13122,19.0009
24,8748,16,16384,22.3412
24,8748,32,512,6.6136
24,8748,32,768,7.1379
24,8748,32,1152,7.9243
24,8748,32,1728,9.1039
24,8748,32,2592,10.8734
24,8748,32,3888,13.5276
24,8748,32,5832,17.5089
24,8748,32,8748,23.4809
24,8748,32,13122,32.4388
24,8748,32,16384,39.1194
24,8748,64,512,7.6642
24,8748,64,768,8.7128
24,8748,64,1152,10.2856
24,8748,64,1728,12.6449
24,8748,64,2592,16.1839
24,8748,64,3888,21.4923
24,8748,64,5832,29.4549
24,8748,64,8748,41.3988
24,8748,64,13122,59.3148
24,8748,64,16384,72.6759
24,8748,128,512,9.7654
24,8748,128,768,11.8626
24,8748,128,1152,15.0083
24,8748,128,1728,19.7269
24,8748,128,2592,26.8048
24,8748,128,3888,37.4216
24,8748,128,5832,53.3469
24,8748,128,8748,77.2348
24,8748,128,13122,113.0666
24,8748,128,16384,139.7889
24,13122,0,0,5.8429
24,13122,1,512,5.8757
24,13122,1,768,5.8921
24,13122,1,1152,5.9167
24,13122,1,1728,5.9535
24,13122,1,2592,6.0088
24,13122,1,3888,6.0918
24,13122,1,5832,6.2162
24,13122,1,8748,6.4028
24,13122,1,13122,6.6828
24,13122,1,16384,6.8915
24,13122,2,512,5.9085
24,13122,2,768,5.9413
24,13122,2,1152,5.9905
24,13122,2,1728,6.0642
24,13122,2,2592,6.1748
24,13122,2,3888,6.3407
24,13122,2,5832,6.5895
24,13122,2,8748,6.9628
24,13122,2,13122,7.5226
24,13122,2,16384,7.9402
24,13122,4,512,5.9742
24,13122,4,768,6.0397
24,13122,4,1152,6.1380
24,13122,4,1728,6.2855
24,13122,4,2592,6.5067
24,13122,4,3888,6.8385
24,13122,4,5832,7.3361
24,13122,4,8748,8.0826
24,13122,4,13122,9.2024
24,13122,4,16384,10.0374
24,13122,8,512,6.1055
24,13122,8,768,6.2366
24,13122,8,1152,6.4332
24,13122,8,1728,6.7281
24,13122,8,2592,7.1705
24,13122,8,3888,7.8340
24,13122,8,5832,8.8294
24,13122,8,8748,10.3224
24,13122,8,13122,12.5619
24,13122,8,16384,14.2320
24,13122,16,512,6.3682
24,13122,16,768,6.6303
24,13122,16,1152,7.0236
24,13122,16,1728,7.6134
24,13122,16,2592,8.4981
24,13122,16,3888,9.8252
24,13122,16,5832,11.8159
24,13122,16,8748,14.8019
24,13122,16,13122,19.2808
24,13122,16,16384,22.6211
24,13122,32,512,6.8935
24,13122,32,768,7.4178
24,13122,32,1152,8.2042
24,13122,32,1728,9.3839
24,13122,32,2592,11.1533
24,13122,32,3888,13.8076
24,13122,32,5832,17.7889
24,13122,32,8748,23.7608
24,13122,32,13122,32.7188
24,13122,32,16384,39.3994
24,13122,64,512,7.9441
24,13122,64,768,8.9927
24,13122,64,1152,10.5656
24,13122,64,1728,12.9249
24,13122,64,2592,16.4638
24,13122,64,3888,21.7722
24,13122,64,5832,29.7348
24,13122,64,8748,41.6788
24,13122,64,13122,59.5947
24,13122,64,16384,72.9558
24,13122,128,512,10.0454
24,13122,128,768,12.1425
24,13122,128,1152,15.2883
24,13122,128,1728,20.0068
24,13122,128,2592,27.0847
24,13122,128,3888,37.7016
24,13122,128,5832,53.6268
24,13122,128,8748,77.5147
24,13122,128,13122,113.3465
24,13122,128,16384,140.0688
24,16384,0,0,6.0516
24,16384,1,512,6.0845
24,16384,1,768,6.1009
24,16384,1,1152,6.1254
24,16384,1,1728,6.1623
24,16384,1,2592,6.2176
24,16384,1,3888,6.3005
24,16384,1,5832,6.4250
24,16384,1,8748,6.6116
24,16384,1,13122,6.8915
24,16384,1,16384,7.1003
24,16384,2,512,6.1173
24,16384,2,768,6.1501
24,16384,2,1152,6.1992
24,16384,2,1728,6.2730
24,16384,2,2592,6.3836
24,16384,2,3888,6.5494
24,16384,2,5832,6.7983
24,16384,2,8748,7.1715
24,16384,2,13122,7.7314
24,16384,2,16384,8.1489
24,16384,4,512,6.1830
24,16384,4,768,6.2485
24,16384,4,1152,6.3468
24,16384,4,1728,6.4943
24,16384,4,2592,6.7155
24,16384,4,3888,7.0472
24,16384,4,5832,7.5449
24,16384,4,8748,8.2914
24,16384,4,13122,9.4111
24,16384,4,16384,10.2462
24,16384,8,512,6.3143
24,16384,8,768,6.4454
24,16384,8,1152,6.6420
24,16384,8,1728,6.9369
24,16384,8,2592,7.3793
24,16384,8,3888,8.0428
24,16384,8,5832,9.0381
24,16384,8,8748,10.5311
24,16384,8,13122,12.7706
24,16384,8,16384,14.4408
24,16384,16,512,6.5770
24,16384,16,768,6.8391
24,16384,16,1152,7.2323
24,16384,16,1728,7.8221
24,16384,16,2592,8.7069
24,16384,16,3888,10.0340
24,16384,16,5832,12.0246
24,16384,16,8748,15.0106
24,16384,16,13122,19.4896
24,16384,16,16384,22.8299
24,16384,32,512,7.1023
24,16384,32,768,7.6266
24,16384,32,1152,8.4130
24,16384,32,1728,9.5926
24,16384,32,2592,11.3621
24,16384,32,3888,14.0163
24,16384,32,5832,17.9976
24,16384,32,8748,23.9696
24,16384,32,13122,32.9276
24,16384,32,16384,39.6081
24,16384,64,512,8.1529
24,16384,64,768,9.2015
24,16384,64,1152,10.7743
24,16384,64,1728,13.1336
24,16384,64,2592,16.6726
24,16384,64,3888,21.9810
24,16384,64,5832,29.9436
24,16384,64,8748,41.8876
24,16384,64,13122,59.8035
24,16384,64,16384,73.1646
24,16384,128,512,10.2541
24,16384,128,768,12.3513
24,16384,128,1152,15.4970
24,16384,128,1728,20.2156
24,16384,128,2592,27.2935
24,16384,128,3888,37.9103
24,16384,128,5832,53.8356
24,16384,128,8748,77.7235
24,16384,128,13122,113.5553
24,16384,128,16384,140.2776
32,0,0,0,5.0041
32,0,1,16,5.0052
32,0,1,32,5.0062
32,0,1,64,5.0083
32,0,1,128,5.0124
32,0,1,256,5.0205
32,0,1,512,5.0369
32,0,1,1024,5.0697
32,0,1,2048,5.1352
32,0,1,4096,5.2663
32,0,1,8192,5.5284
32,0,1,16384,6.0527
32,0,2,16,5.0063
32,0,2,32,5.0083
32,0,2,64,5.0124
32,0,2,128,5.0206
32,0,2,256,5.0370
32,0,2,512,5.0698
32,0,2,1024,5.1353
32,0,2,2048,5.2664
32,0,2,4096,5.5285
32,0,2,8192,6.0528
32,0,2,16384,7.1014
32,0,4,16,5.0084
32,0,4,32,5.0125
32,0,4,64,5.0207
32,0,4,128,5.0371
32,0,4,256,5.0699
32,0,4,512,5.1354
32,0,4,1024,5.2665
32,0,4,2048,5.5286
32,0,4,4096,6.0529
32,0,4,8192,7.1015
32,0,4,16384,9.1987
32,0,8,16,5.0128
32,0,8,32,5.0210
32,0,8,64,5.0374
32,0,8,128,5.0701
32,0,8,256,5.1357
32,0,8,512,5.2668
32,0,8,1024,5.5289
32,0,8,2048,6.0532
32,0,8,4096,7.1018
32,0,8,8192,9.1989
32,0,8,16384,13.3932
32,0,16,16,5.0215
32,0,16,32,5.0379
32,0,16,64,5.0707
32,0,16,128,5.1362
32,0,16,256,5.2673
32,0,16,512,5.5294
32,0,16,1024,6.0537
32,0,16,2048,7.1023
32,0,16,4096,9.1994
32,0,16,8192,13.3937
32,0,16,16384,21.7823
32,0,32,16,5.0389
32,0,32,32,5.0717
32,0,32,64,5.1372
32,0,32,128,5.2683
32,0,32,256,5.5304
32,0,32,512,6.0547
32,0,32,1024,7.1033
32,0,32,2048,9.2004
32,0,32,4096,13.3948
32,0,32,8192,21.7834
32,0,32,16384,38.5606
32,0,64,16,5.0737
32,0,64,32,5.1393
32,0,64,64,5.2703
32,0,64,128,5.5325
32,0,64,256,6.0568
32,0,64,512,7.1053
32,0,64,1024,9.2025
32,0,64,2048,13.3968
32,0,64,4096,21.7854
32,0,64,8192,38.5626
32,0,64,16384,72.1171
32,0,128,16,5.1434
32,0,128,32,5.2744
32,0,128,64,5.5366
32,0,128,128,6.0609
32,0,128,256,7.1094
32,0,128,512,9.2066
32,0,128,1024,13.4009
32,0,128,2048,21.7895
32,0,128,4096,38.5667
32,0,128,8192,72.1212
32,0,128,16384,139.2300
32,16,0,0,5.0051
32,16,1,16,5.0062
32,16,1,32,5.0072
32,16,1,64,5.0093
32,16,1,128,5.0134
32,16,1,256,5.0216
32,16,1,512,5.0380
32,16,1,1024,5.0707
32,16,1,2048,5.1363
32,16,1,4096,5.2673
32,16,1,8192,5.5295
32,16,1,16384,6.0538
32,16,2,16,5.0073
32,16,2,32,5.0093
32,16,2,64,5.0134
32,16,2,128,5.0216
32,16,2,256,5.0380
32,16,2,512,5.0708
32,16,2,1024,5.1363
32,16,2,2048,5.2674
32,16,2,4096,5.5295
32,16,2,8192,6.0538
32,16,2,16384,7.1024
32,16,4,16,5.0095
32,16,4,32,5.0136
32,16,4,64,5.0218
32,16,4,128,5.0381
32,16,4,256,5.0709
32,16,4,512,5.1364
32,16,4,1024,5.2675
32,16,4,2048,5.5297
32,16,4,4096,6.0540
32,16,4,8192,7.1025
32,16,4,16384,9.1997
32,16,8,16,5.0138
32,16,8,32,5.0220
32,16,8,64,5.0384
32,16,8,128,5.0712
32,16,8,256,5.1367
32,16,8,512,5.2678
32,16,8,1024,5.5299
32,16,8,2048,6.0542
32,16,8,4096,7.1028
32,16,8,8192,9.1999
32,16,8,16384,13.3942
32,16,16,16,5.0225
32,16,16,32,5.0389
32,16,16,64,5.0717
32,16,16,128,5.1372
32,16,16,256,5.2683
32,16,16,512,5.5304
32,16,16,1024,6.0547
32,16,16,2048,7.1033
32,16,16,4096,9.2004
32,16,16,8192,13.3948
32,16,16,16384,21.7834
32,16,32,16,5.0399
32,16,32,32,5.0727
32,16,32,64,5.1382
32,16,32,128,5.2693
32,16,32,256,5.5315
32,16,32,512,6.0557
32,16,32,1024,7.1043
32,16,32,2048,9.2015
32,16,32,4096,13.3958
32,16,32,8192,21.7844
32,16,32,16384,38.5616
32,16,64,16,5.0748
32,16,64,32,5.1403
32,16,64,64,5.2714
32,16,64,128,5.5335
32,16,64,256,6.0578
32,16,64,512,7.1064
32,16,64,1024,9.2035
32,16,64,2048,13.3978
32,16,64,4096,21.7864
32,16,64,8192,38.5636
32,16,64,16384,72.1181
32,16,128,16,5.1444
32,16,128,32,5.2755
32,16,128,64,5.5376
32,16,128,128,6.0619
32,16,128,256,7.1105
32,16,128,512,9.2076
32,16,128,1024,13.4019
32,16,128,2048,21.7905
32,16,128,4096,38.5677
32,16,128,8192,72.1222
32,16,128,16384,139.2310
32,32,0,0,5.0061
32,32,1,16,5.0072
32,32,1,32,5.0083
32,32,1,64,5.0103
32,32,1,128,5.0144
32,32,1,256,5.0226
32,32,1,512,5.0390
32,32,1,1024,5.0717
32,32,1,2048,5.1373
32,32,1,4096,5.2684
32,32,1,8192,5.5305
32,32,1,16384,6.0548
32,32,2,16,5.0083
32,32,2,32,5.0104
32,32,2,64,5.0145
32,32,2,128,5.0227
32,32,2,256,5.0390
32,32,2,512,5.0718
32,32,2,1024,5.1373
32,32,2,2048,5.2684
32,32,2,4096,5.5306
32,32,2,8192,6.0548
32,32,2,16384,7.1034
32,32,4,16,5.0105
32,32,4,32,5.0146
32,32,4,64,5.0228
32,32,4,128,5.0392
32,32,4,256,5.0719
32,32,4,512,5.1375
32,32,4,1024,5.2685
32,32,4,2048,5.5307
32,32,4,4096,6.0550
32,32,4,8192,7.1036
32,32,4,16384,9.2007
32,32,8,16,5.0148
32,32,8,32,5.0230
32,32,8,64,5.0394
32,32,8,128,5.0722
32,32,8,256,5.1377
32,32,8,512,5.2688
32,32,8,1024,5.5309
32,32,8,2048,6.0552
32,32,8,4096,7.1038
32,32,8,8192,9.2010
32,32,8,16384,13.3953
32,32,16,16,5.0236
32,32,16,32,5.0399
32,32,16,64,5.0727
32,32,16,128,5.1382
32,32,16,256,5.2693
32,32,16,512,5.5315
32,32,16,1024,6.0557
32,32,16,2048,7.1043
32,32,16,4096,9.2015
32,32,16,8192,13.3958
32,32,16,16384,21.7844
32,32,32,16,5.0410
32,32,32,32,5.0737
32,32,32,64,5.1393
32,32,32,128,5.2703
32,32,32,256,5.5325
32,32,32,512,6.0568
32,32,32,1024,7.1053
32,32,32,2048,9.2025
32,32,32,4096,13.3968
32,32,32,8192,21.7854
32,32,32,16384,38.5626
32,32,64,16,5.0758
32,32,64,32,5.1413
32,32,64,64,5.2724
32,32,64,128,5.5345
32,32,64,256,6.0588
32,32,64,512,7.1074
32,32,64,1024,9.2045
32,32,64,2048,13.3988
32,32,64,4096,21.7875
32,32,64,8192,38.5647
32,32,64,16384,72.1191
32,32,128,16,5.1454
32,32,128,32,5.2765
32,32,128,64,5.5386
32,32,128,128,6.0629
32,32,128,256,7.1115
32,32,128,512,9.2086
32,32,128,1024,13.4029
32,32,128,2048,21.7916
32,32,128,4096,38.5688
32,32,128,8192,72.1232
32,32,128,16384,139.2321
32,64,0,0,5.0082
32,64,1,16,5.0093
32,64,1,32,5.0103
32,64,1,64,5.0124
32,64,1,128,5.0164
32,64,1,256,5.0246
32,64,1,512,5.0410
32,64,1,1024,5.0738
32,64,1,2048,5.1393
32,64,1,4096,5.2704
32,64,1,8192,5.5325
32,64,1,16384,6.0568
32,64,2,16,5.0104
32,64,2,32,5.0124
32,64,2,64,5.0165
32,64,2,128,5.0247
32,64,2,256,5.0411
32,64,2,512,5.0739
32,64,2,1024,5.1394
32,64,2,2048,5.2705
32,64,2,4096,5.5326
32,64,2,8192,6.0569
32,64,2,16384,7.1055
32,64,4,16,5.0125
32,64,4,32,5.0166
32,64,4,64,5.0248
32,64,4,128,5.0412
32,64,4,256,5.0740
32,64,4,512,5.1395
32,64,4,1024,5.2706
32,64,4,2048,5.5327
32,64,4,4096,6.0570
32,64,4,8192,7.1056
32,64,4,16384,9.2028
32,64,8,16,5.0169
32,64,8,32,5.0251
32,64,8,64,5.0415
32,64,8,128,5.0742
32,64,8,256,5.1398
32,64,8,512,5.2708
32,64,8,1024,5.5330
32,64,8,2048,6.0573
32,64,8,4096,7.1059
32,64,8,8192,9.2030
32,64,8,16384,13.3973
32,64,16,16,5.0256
32,64,16,32,5.0420
32,64,16,64,5.0748
32,64,16,128,5.1403
32,64,16,256,5.2714
32,64,16,512,5.5335
32,64,16,1024,6.0578
32,64,16,2048,7.1064
32,64,16,4096,9.2035
32,64,16,8192,13.3978
32,64,16,16384,21.7864
32,64,32,16,5.0430
32,64,32,32,5.0758
32,64,32,64,5.1413
32,64,32,128,5.2724
32,64,32,256,5.5345
32,64,32,512,6.0588
32,64,32,1024,7.1074
32,64,32,2048,9.2045
32,64,32,4096,13.3988
32,64,32,8192,21.7875
32,64,32,16384,38.5647
32,64,64,16,5.0778
32,64,64,32,5.1434
32,64,64,64,5.2744
32,64,64,128,5.5366
32,64,64,256,6.0609
32,64,64,512,7.1094
32,64,64,1024,9.2066
32,64,64,2048,13.4009
32,64,64,4096,21.7895
32,64,64,8192,38.5667
32,64,64,16384,72.1212
32,64,128,16,5.1475
32,64,128,32,5.2785
32,64,128,64,5.5407
32,64,128,128,6.0650
32,64,128,256,7.1135
32,64,128,512,9.2107
32,64,128,1024,13.4050
32,64,128,2048,21.7936
32,64,128,4096,38.5708
32,64,128,8192,72.1252
32,64,128,16384,139.2341
32,128,0,0,5.0123
32,128,1,16,5.0134
32,128,1,32,5.0144
32,128,1,64,5.0164
32,128,1,128,5.0205
32,128,1,256,5.0287
32,128,1,512,5.0451
32,128,1,1024,5.0779
32,128,1,2048,5.1434
32,128,1,4096,5.2745
32,128,1,8192,5.5366
32,128,1,16384,6.0609
32,128,2,16,5.0145
32,128,2,32,5.0165
32,128,2,64,5.0206
32,128,2,128,5.0288
32,128,2,256,5.0452
32,128,2,512,5.0780
32,128,2,1024,5.1435
32,128,2,2048,5.2746
32,128,2,4096,5.5367
32,128,2,8192,6.0610
32,128,2,16384,7.1096
32,128,4,16,5.0166
32,128,4,32,5.0207
32,128,4,64,5.0289
32,128,4,128,5.0453
32,128,4,256,5.0781
32,128,4,512,5.1436
32,128,4,1024,5.2747
32,128,4,2048,5.5368
32,128,4,4096,6.0611
32,128,4,8192,7.1097
32,128,4,16384,9.2068
32,128,8,16,5.0210
32,128,8,32,5.0292
32,128,8,64,5.0456
32,128,8,128,5.0783
32,128,8,256,5.1439
32,128,8,512,5.2749
32,128,8,1024,5.5371
32,128,8,2048,6.0614
32,128,8,4096,7.1100
32,128,8,8192,9.2071
32,128,8,16384,13.4014
32,128,16,16,5.0297
32,128,16,32,5.0461
32,128,16,64,5.0788
32,128,16,128,5.1444
32,128,16,256,5.2755
32,128,16,512,5.5376
32,128,16,1024,6.0619
32,128,16,2048,7.1105
32,128,16,4096,9.2076
32,128,16,8192,13.4019
32,128,16,16384,21.7905
32,128,32,16,5.0471
32,128,32,32,5.0799
32,128,32,64,5.1454
32,128,32,128,5.2765
32,128,32,256,5.5386
32,128,32,512,6.0629
32,128,32,1024,7.1115
32,128,32,2048,9.2086
32,128,32,4096,13.4029
32,128,32,8192,21.7916
32,128,32,16384,38.5688
32,128,64,16,5.0819
32,128,64,32,5.1475
32,128,64,64,5.2785
32,128,64,128,5.5407
32,128,64,256,6.0650
32,128,64,512,7.1135
32,128,64,1024,9.2107
32,128,64,2048,13.4050
32,128,64,4096,21.7936
32,128,64,8192,38.5708
32,128,64,16384,72.1252
32,128,128,16,5.1516
32,128,128,32,5.2826
32,128,128,64,5.5448
32,128,128,128,6.0691
32,128,128,256,7.1176
32,128,128,512,9.2148
32,128,128,1024,13.4091
32,128,128,2048,21.7977
32,128,128,4096,38.5749
32,128,128,8192,72.1293
32,128,128,16384,139.2382
32,256,0,0,5.0205
32,256,1,16,5.0216
32,256,1,32,5.0226
32,256,1,64,5.0246
32,256,1,128,5.0287
32,256,1,256,5.0369
32,256,1,512,5.0533
32,256,1,1024,5.0861
32,256,1,2048,5.1516
32,256,1,4096,5.2827
32,256,1,8192,5.5448
32,256,1,16384,6.0691
32,256,2,16,5.0227
32,256,2,32,5.0247
32,256,2,64,5.0288
32,256,2,128,5.0370
32,256,2,256,5.0534
32,256,2,512,5.0861
32,256,2,1024,5.1517
32,256,2,2048,5.2828
32,256,2,4096,5.5449
32,256,2,8192,6.0692
32,256,2,16384,7.1178
32,256,4,16,5.0248
32,256,4,32,5.0289
32,256,4,64,5.0371
32,256,4,128,5.0535
32,256,4,256,5.0863
32,256,4,512,5.1518
32,256,4,1024,5.2829
32,256,4,2048,5.5450
32,256,4,4096,6.0693
32,256,4,8192,7.1179
32,256,4,16384,9.2150
32,256,8,16,5.0292
32,256,8,32,5.0374
32,256,8,64,5.0538
32,256,8,128,5.0865
32,256,8,256,5.1521
32,256,8,512,5.2831
32,256,8,1024,5.5453
32,256,8,2048,6.0696
32,256,8,4096,7.1181
32,256,8,8192,9.2153
32,256,8,16384,13.4096
32,256,16,16,5.0379
32,256,16,32,5.0543
32,256,16,64,5.0870
32,256,16,128,5.1526
32,256,16,256,5.2836
32,256,16,512,5.5458
32,256,16,1024,6.0701
32,256,16,2048,7.1187
32,256,16,4096,9.2158
32,256,16,8192,13.4101
32,256,16,16384,21.7987
32,256,32,16,5.0553
32,256,32,32,5.0881
32,256,32,64,5.1536
32,256,32,128,5.2847
32,256,32,256,5.5468
32,256,32,512,6.0711
32,256,32,1024,7.1197
32,256,32,2048,9.2168
32,256,32,4096,13.4111
32,256,32,8192,21.7997
32,256,32,16384,38.5770
32,256,64,16,5.0901
32,256,64,32,5.1556
32,256,64,64,5.2867
32,256,64,128,5.5489
32,256,64,256,6.0732
32,256,64,512,7.1217
32,256,64,1024,9.2189
32,256,64,2048,13.4132
32,256,64,4096,21.8018
32,256,64,8192,38.5790
32,256,64,16384,72.1334
32,256,128,16,5.1597
32,256,128,32,5.2908
32,256,128,64,5.5530
32,256,128,128,6.0772
32,256,128,256,7.1258
32,256,128,512,9.2230
32,256,128,1024,13.4173
32,256,128,2048,21.8059
32,256,128,4096,38.5831
32,256,128,8192,72.1375
32,256,128,16384,139.2464
32,512,0,0,5.0369
32,512,1,16,5.0380
32,512,1,32,5.0390
32,512,1,64,5.0410
32,512,1,128,5.0451
32,512,1,256,5.0533
32,512,1,512,5.0697
32,512,1,1024,5.1025
32,512,1,2048,5.1680
32,512,1,4096,5.2991
32,512,1,8192,5.5612
32,512,1,16384,6.0855
32,512,2,16,5.0390
32,512,2,32,5.0411
32,512,2,64,5.0452
32,512,2,128,5.0534
32,512,2,256,5.0698
32,512,2,512,5.1025
32,512,2,1024,5.1681
32,512,2,2048,5.2991
32,512,2,4096,5.5613
32,512,2,8192,6.0856
32,512,2,16384,7.1341
32,512,4,16,5.0412
32,512,4,32,5.0453
32,512,4,64,5.0535
32,512,4,128,5.0699
32,512,4,256,5.1027
32,512,4,512,5.1682
32,512,4,1024,5.2993
32,512,4,2048,5.5614
32,512,4,4096,6.0857
32,512,4,8192,7.1343
32,512,4,16384,9.2314
32,512,8,16,5.0456
32,512,8,32,5.0538
32,512,8,64,5.0701
32,512,8,128,5.1029
32,512,8,256,5.1684
32,512,8,512,5.2995
32,512,8,1024,5.5617
32,512,8,2048,6.0860
32,512,8,4096,7.1345
32,512,8,8192,9.2317
32,512,8,16384,13.4260
32,512,16,16,5.0543
32,512,16,32,5.0707
32,512,16,64,5.1034
32,512,16,128,5.1690
32,512,16,256,5.3000
32,512,16,512,5.5622
32,512,16,1024,6.0865
32,512,16,2048,7.1350
32,512,16,4096,9.2322
32,512,16,8192,13.4265
32,512,16,16384,21.8151
32,512,32,16,5.0717
32,512,32,32,5.1044
32,512,32,64,5.1700
32,512,32,128,5.3011
32,512,32,256,5.5632
32,512,32,512,6.0875
32,512,32,1024,7.1361
32,512,32,2048,9.2332
32,512,32,4096,13.4275
32,512,32,8192,21.8161
32,512,32,16384,38.5933
32,512,64,16,5.1065
32,512,64,32,5.1720
32,512,64,64,5.3031
32,512,64,128,5.5652
32,512,64,256,6.0895
32,512,64,512,7.1381
32,512,64,1024,9.2353
32,512,64,2048,13.4296
32,512,64,4096,21.8182
32,512,64,8192,38.5954
32,512,64,16384,72.1498
32,512,128,16,5.1761
32,512,128,32,5.3072
32,512,128,64,5.5693
32,512,128,128,6.0936
32,512,128,256,7.1422
32,512,128,512,9.2394
32,512,128,1024,13.4337
32,512,128,2048,21.8223
32,512,128,4096,38.5995
32,512,128,8192,72.1539
32,512,128,16384,139.2628
32,1024,0,0,5.0696
32,1024,1,16,5.0707
32,1024,1,32,5.0717
32,1024,1,64,5.0738
32,1024,1,128,5.0779
32,1024,1,256,5.0861
32,1024,1,512,5.1025
32,1024,1,1024,5.1352
32,1024,1,2048,5.2008
32,1024,1,4096,5.3318
32,1024,1,8192,5.5940
32,1024,1,16384,6.1183
32,1024,2,16,5.0718
32,1024,2,32,5.0739
32,1024,2,64,5.0780
32,1024,2,128,5.0861
32,1024,2,256,5.1025
32,1024,2,512,5.1353
32,1024,2,1024,5.2008
32,1024,2,2048,5.3319
32,1024,2,4096,5.5940
32,1024,2,8192,6.1183
32,1024,2,16384,7.1669
32,1024,4,16,5.0740
32,1024,4,32,5.0781
32,1024,4,64,5.0863
32,1024,4,128,5.1027
32,1024,4,256,5.1354
32,1024,4,512,5.2010
32,1024,4,1024,5.3320
32,1024,4,2048,5.5942
32,1024,4,4096,6.1185
32,1024,4,8192,7.1670
32,1024,4,16384,9.2642
32,1024,8,16,5.0783
32,1024,8,32,5.0865
32,1024,8,64,5.1029
32,1024,8,128,5.1357
32,1024,8,256,5.2012
32,1024,8,512,5.3323
32,1024,8,1024,5.5944
32,1024,8,2048,6.1187
32,1024,8,4096,7.1673
32,1024,8,8192,9.2644
32,1024,8,16384,13.4588
32,1024,16,16,5.0870
32,1024,16,32,5.1034
32,1024,16,64,5.1362
32,1024,16,128,5.2017
32,1024,16,256,5.3328
32,1024,16,512,5.5949
32,1024,16,1024,6.1192
32,1024,16,2048,7.1678
32,1024,16,4096,9.2650
32,1024,16,8192,13.4593
32,1024,16,16384,21.8479
32,1024,32,16,5.1044
32,1024,32,32,5.1372
32,1024,32,64,5.2028
32,1024,32,128,5.3338
32,1024,32,256,5.5960
32,1024,32,512,6.1203
32,1024,32,1024,7.1688
32,1024,32,2048,9.2660
32,1024,32,4096,13.4603
32,1024,32,8192,21.8489
32,1024,32,16384,38.6261
32,1024,64,16,5.1393
32,1024,64,32,5.2048
32,1024,64,64,5.3359
32,1024,64,128,5.5980
32,1024,64,256,6.1223
32,1024,64,512,7.1709
32,1024,64,1024,9.2680
32,1024,64,2048,13.4623
32,1024,64,4096,21.8509
32,1024,64,8192,38.6282
32,1024,64,16384,72.1826
32,1024,128,16,5.2089
32,1024,128,32,5.3400
32,1024,128,64,5.6021
32,1024,128,128,6.1264
32,1024,128,256,7.1750
32,1024,128,512,9.2721
32,1024,128,1024,13.4664
32,1024,128,2048,21.8550
32,1024,128,4096,38.6323
32,1024,128,8192,72.1867
32,1024,128,16384,139.2956
32,2048,0,0,5.1352
32,2048,1,16,5.1363
32,2048,1,32,5.1373
32,2048,1,64,5.1393
32,2048,1,128,5.1434
32,2048,1,256,5.1516
32,2048,1,512,5.1680
32,2048,1,1024,5.2008
32,2048,1,2048,5.2663
32,2048,1,4096,5.3974
32,2048,1,8192,5.6595
32,2048,1,16384,6.1838
32,2048,2,16,5.1373
32,2048,2,32,5.1394
32,2048,2,64,5.1435
32,2048,2,128,5.1517
32,2048,2,256,5.1681
32,2048,2,512,5.2008
32,2048,2,1024,5.2664
32,2048,2,2048,5.3974
32,2048,2,4096,5.6596
32,2048,2,8192,6.1839
32,2048,2,16384,7.2324
32,2048,4,16,5.1395
32,2048,4,32,5.1436
32,2048,4,64,5.1518
32,2048,4,128,5.1682
32,2048,4,256,5.2010
32,2048,4,512,5.2665
32,2048,4,1024,5.3976
32,2048,4,2048,5.6597
32,2048,4,4096,6.1840
32,2048,4,8192,7.2326
32,2048,4,16384,9.3297
32,2048,8,16,5.1439
32,2048,8,32,5.1521
32,2048,8,64,5.1684
32,2048,8,128,5.2012
32,2048,8,256,5.2668
32,2048,8,512,5.3978
32,2048,8,1024,5.6600
32,2048,8,2048,6.1843
32,2048,8,4096,7.2328
32,2048,8,8192,9.3300
32,2048,8,16384,13.5243
32,2048,16,16,5.1526
32,2048,16,32,5.1690
32,2048,16,64,5.2017
32,2048,16,128,5.2673
32,2048,16,256,5.3983
32,2048,16,512,5.6605
32,2048,16,1024,6.1848
32,2048,16,2048,7.2333
32,2048,16,4096,9.3305
32,2048,16,8192,13.5248
32,2048,16,16384,21.9134
32,2048,32,16,5.1700
32,2048,32,32,5.2028
32,2048,32,64,5.2683
32,2048,32,128,5.3994
32,2048,32,256,5.6615
32,2048,32,512,6.1858
32,2048,32,1024,7.2344
32,2048,32,2048,9.3315
32,2048,32,4096,13.5258
32,2048,32,8192,21.9144
32,2048,32,16384,38.6916
32,2048,64,16,5.2048
32,2048,64,32,5.2703
32,2048,64,64,5.4014
32,2048,64,128,5.6636
32,2048,64,256,6.1878
32,2048,64,512,7.2364
32,2048,64,1024,9.3336
32,2048,64,2048,13.5279
32,2048,64,4096,21.9165
32,2048,64,8192,38.6937
32,2048,64,16384,72.2481
32,2048,128,16,5.2744
32,2048,128,32,5.4055
32,2048,128,64,5.6676
32,2048,128,128,6.1919
32,2048,128,256,7.2405
32,2048,128,512,9.3377
32,2048,128,1024,13.5320
32,2048,128,2048,21.9206
32,2048,128,4096,38.6978
32,2048,128,8192,72.2522
32,2048,128,16384,139.3611
32,4096,0,0,5.2662
32,4096,1,16,5.2673
32,4096,1,32,5.2684
32,4096,1,64,5.2704
32,4096,1,128,5.2745
32,4096,1,256,5.2827
32,4096,1,512,5.2991
32,4096,1,1024,5.3318
32,4096,1,2048,5.3974
32,4096,1,4096,5.5284
32,4096,1,8192,5.7906
32,4096,1,16384,6.3149
32,4096,2,16,5.2684
32,4096,2,32,5.2705
32,4096,2,64,5.2746
32,4096,2,128,5.2828
32,4096,2,256,5.2991
32,4096,2,512,5.3319
32,4096,2,1024,5.3974
32,4096,2,2048,5.5285
32,4096,2,4096,5.7907
32,4096,2,8192,6.3149
32,4096,2,16384,7.3635
32,4096,4,16,5.2706
32,4096,4,32,5.2747
32,4096,4,64,5.2829
32,4096,4,128,5.2993
32,4096,4,256,5.3320
32,4096,4,512,5.3976
32,4096,4,1024,5.5286
32,4096,4,2048,5.7908
32,4096,4,4096,6.3151
32,4096,4,8192,7.3636
32,4096,4,16384,9.4608
32,4096,8,16,5.2749
32,4096,8,32,5.2831
32,4096,8,64,5.2995
32,4096,8,128,5.3323
32,4096,8,256,5.3978
32,4096,8,512,5.5289
32,4096,8,1024,5.7910
32,4096,8,2048,6.3153
32,4096,8,4096,7.3639
32,4096,8,8192,9.4611
32,4096,8,16384,13.6554
32,4096,16,16,5.2836
32,4096,16,32,5.3000
32,4096,16,64,5.3328
32,4096,16,128,5.3983
32,4096,16,256,5.5294
32,4096,16,512,5.7916
32,4096,16,1024,6.3158
32,4096,16,2048,7.3644
32,4096,16,4096,9.4616
32,4096,16,8192,13.6559
32,4096,16,16384,22.0445
32,4096,32,16,5.3011
32,4096,32,32,5.3338
32,4096,32,64,5.3994
32,4096,32,128,5.5304
32,4096,32,256,5.7926
32,4096,32,512,6.3169
32,4096,32,1024,7.3654
32,4096,32,2048,9.4626
32,4096,32,4096,13.6569
32,4096,32,8192,22.0455
32,4096,32,16384,38.8227
32,4096,64,16,5.3359
32,4096,64,32,5.4014
32,4096,64,64,5.5325
32,4096,64,128,5.7946
32,4096,64,256,6.3189
32,4096,64,512,7.3675
32,4096,64,1024,9.4646
32,4096,64,2048,13.6589
32,4096,64,4096,22.0476
32,4096,64,8192,38.8248
32,4096,64,16384,72.3792
32,4096,128,16,5.4055
32,4096,128,32,5.5366
32,4096,128,64,5.7987
32,4096,128,128,6.3230
32,4096,128,256,7.3716
32,4096,128,512,9.4687
32,4096,128,1024,13.6630
32,4096,128,2048,22.0516
32,4096,128,4096,38.8289
32,4096,128,8192,72.3833
32,4096,128,16384,139.4922
32,8192,0,0,5.5284
32,8192,1,16,5.5295
32,8192,1,32,5.5305
32,8192,1,64,5.5325
32,8192,1,128,5.5366
32,8192,1,256,5.5448
32,8192,1,512,5.5612
32,8192,1,1024,5.5940
32,8192,1,2048,5.6595
32,8192,1,4096,5.7906
32,8192,1,8192,6.0527
32,8192,1,16384,6.5770
32,8192,2,16,5.5306
32,8192,2,32,5.5326
32,8192,2,64,5.5367
32,8192,2,128,5.5449
32,8192,2,256,5.5613
32,8192,2,512,5.5940
32,8192,2,1024,5.6596
32,8192,2,2048,5.7907
32,8192,2,4096,6.0528
32,8192,2,8192,6.5771
32,8192,2,16384,7.6257
32,8192,4,16,5.5327
32,8192,4,32,5.5368
32,8192,4,64,5.5450
32,8192,4,128,5.5614
32,8192,4,256,5.5942
32,8192,4,512,5.6597
32,8192,4,1024,5.7908
32,8192,4,2048,6.0529
32,8192,4,4096,6.5772
32,8192,4,8192,7.6258
32,8192,4,16384,9.7229
32,8192,8,16,5.5371
32,8192,8,32,5.5453
32,8192,8,64,5.5617
32,8192,8,128,5.5944
32,8192,8,256,5.6600
32,8192,8,512,5.7910
32,8192,8,1024,6.0532
32,8192,8,2048,6.5775
32,8192,8,4096,7.6260
32,8192,8,8192,9.7232
32,8192,8,16384,13.9175
32,8192,16,16,5.5458
32,8192,16,32,5.5622
32,8192,16,64,5.5949
32,8192,16,128,5.6605
32,8192,16,256,5.7916
32,8192,16,512,6.0537
32,8192,16,1024,6.5780
32,8192,16,2048,7.6266
32,8192,16,4096,9.7237
32,8192,16,8192,13.9180
32,8192,16,16384,22.3066
32,8192,32,16,5.5632
32,8192,32,32,5.5960
32,8192,32,64,5.6615
32,8192,32,128,5.7926
32,8192,32,256,6.0547
32,8192,32,512,6.5790
32,8192,32,1024,7.6276
32,8192,32,2048,9.7247
32,8192,32,4096,13.9190
32,8192,32,8192,22.3076
32,8192,32,16384,39.0849
32,8192,64,16,5.5980
32,8192,64,32,5.6636
32,8192,64,64,5.7946
32,8192,64,128,6.0568
32,8192,64,256,6.5811
32,8192,64,512,7.6296
32,8192,64,1024,9.7268
32,8192,64,2048,13.9211
32,8192,64,4096,22.3097
32,8192,64,8192,39.0869
32,8192,64,16384,72.6413
32,8192,128,16,5.6676
32,8192,128,32,5.7987
32,8192,128,64,6.0609
32,8192,128,128,6.5852
32,8192,128,256,7.6337
32,8192,128,512,9.7309
32,8192,128,1024,13.9252
32,8192,128,2048,22.3138
32,8192,128,4096,39.0910
32,8192,128,8192,72.6454
32,8192,128,16384,139.7543
32,16384,0,0,6.0527
32,16384,1,16,6.0538
32,16384,1,32,6.0548
32,16384,1,64,6.0568
32,16384,1,128,6.0609
32,16384,1,256,6.0691
32,16384,1,512,6.0855
32,16384,1,1024,6.1183
32,16384,1,2048,6.1838
32,16384,1,4096,6.3149
32,16384,1,8192,6.5770
32,16384,1,16384,7.1013
32,16384,2,16,6.0548
32,16384,2,32,6.0569
32,16384,2,64,6.0610
32,16384,2,128,6.0692
32,16384,2,256,6.0856
32,16384,2,512,6.1183
32,16384,2,1024,6.1839
32,16384,2,2048,6.3149
32,16384,2,4096,6.5771
32,16384,2,8192,7.1014
32,16384,2,16384,8.1500
32,16384,4,16,6.0570
32,16384,4,32,6.0611
32,16384,4,64,6.0693
32,16384,4,128,6.0857
32,16384,4,256,6.1185
32,16384,4,512,6.1840
32,16384,4,1024,6.3151
32,16384,4,2048,6.5772
32,16384,4,4096,7.1015
32,16384,4,8192,8.1501
32,16384,4,16384,10.2472
32,16384,8,16,6.0614
32,16384,8,32,6.0696
32,16384,8,64,6.0860
32,16384,8,128,6.1187
32,16384,8,256,6.1843
32,16384,8,512,6.3153
32,16384,8,1024,6.5775
32,16384,8,2048,7.1018
32,16384,8,4096,8.1503
32,16384,8,8192,10.2475
32,16384,8,16384,14.4418
32,16384,16,16,6.0701
32,16384,16,32,6.0865
32,16384,16,64,6.1192
32,16384,16,128,6.1848
32,16384,16,256,6.3158
32,16384,16,512,6.5780
32,16384,16,1024,7.1023
32,16384,16,2048,8.1508
32,16384,16,4096,10.2480
32,16384,16,8192,14.4423
32,16384,16,16384,22.8309
32,16384,32,16,6.0875
32,16384,32,32,6.1203
32,16384,32,64,6.1858
32,16384,32,128,6.3169
32,16384,32,256,6.5790
32,16384,32,512,7.1033
32,16384,32,1024,8.1519
32,16384,32,2048,10.2490
32,16384,32,4096,14.4433
32,16384,32,8192,22.8319
32,16384,32,16384,39.6092
32,16384,64,16,6.1223
32,16384,64,32,6.1878
32,16384,64,64,6.3189
32,16384,64,128,6.5811
32,16384,64,256,7.1053
32,16384,64,512,8.1539
32,16384,64,1024,10.2511
32,16384,64,2048,14.4454
32,16384,64,4096,22.8340
32,16384,64,8192,39.6112
32,16384,64,16384,73.1656
32,16384,128,16,6.1919
32,16384,128,32,6.3230
32,16384,128,64,6.5852
32,16384,128,128,7.1094
32,16384,128,256,8.1580
32,16384,128,512,10.2552
32,16384,128,1024,14.4495
32,16384,128,2048,22.8381
32,16384,128,4096,39.6153
32,16384,128,8192,73.1697
32,16384,128,16384,140.2786
36,0,0,0,5.0046
36,0,1,512,5.0374
36,0,1,768,5.0538
36,0,1,1152,5.0784
36,0,1,1728,5.1153
36,0,1,2592,5.1706
36,0,1,3888,5.2535
36,0,1,5832,5.3779
36,0,1,8748,5.5645
36,0,1,13122,5.8445
36,0,1,16384,6.0532
36,0,2,512,5.0703
36,0,2,768,5.1030
36,0,2,1152,5.1522
36,0,2,1728,5.2259
36,0,2,2592,5.3365
36,0,2,3888,5.5024
36,0,2,5832,5.7512
36,0,2,8748,6.1245
36,0,2,13122,6.6844
36,0,2,16384,7.1019
36,0,4,512,5.1359
36,0,4,768,5.2015
36,0,4,1152,5.2998
36,0,4,1728,5.4472
36,0,4,2592,5.6684
36,0,4,3888,6.0002
36,0,4,5832,6.4979
36,0,4,8748,7.2444
36,0,4,13122,8.3641
36,0,4,16384,9.1992
36,0,8,512,5.2673
36,0,8,768,5.3983
36,0,8,1152,5.5949
36,0,8,1728,5.8899
36,0,8,2592,6.3322
36,0,8,3888,6.9958
36,0,8,5832,7.9911
36,0,8,8748,9.4841
36,0,8,13122,11.7236
36,0,8,16384,13.3937
36,0,16,512,5.5299
36,0,16,768,5.7921
36,0,16,1152,6.1853
36,0,16,1728,6.7751
36,0,16,2592,7.6598
36,0,16,3888,8.9869
36,0,16,5832,10.9776
36,0,16,8748,13.9636
36,0,16,13122,18.4426
36,0,16,16384,21.7828
36,0,32,512,6.0552
36,0,32,768,6.5795
36,0,32,1152,7.3660
36,0,32,1728,8.5456
36,0,32,2592,10.3151
36,0,32,3888,12.9693
36,0,32,5832,16.9506
36,0,32,8748,22.9226
36,0,32,13122,31.8805
36,0,32,16384,38.5611
36,0,64,512,7.1059
36,0,64,768,8.1544
36,0,64,1152,9.7273
36,0,64,1728,12.0866
36,0,64,2592,15.6255
36,0,64,3888,20.9340
36,0,64,5832,28.8966
36,0,64,8748,40.8405
36,0,64,13122,58.7564
36,0,64,16384,72.1176
36,0,128,512,9.2071
36,0,128,768,11.3043
36,0,128,1152,14.4500
36,0,128,1728,19.1686
36,0,128,2592,26.2465
36,0,128,3888,36.8633
36,0,128,5832,52.7885
36,0,128,8748,76.6764
36,0,128,13122,112.5082
36,0,128,16384,139.2305
36,512,0,0,5.0374
36,512,1,512,5.0702
36,512,1,768,5.0866
36,512,1,1152,5.1112
36,512,1,1728,5.1480
36,512,1,2592,5.2033
36,512,1,3888,5.2863
36,512,1,5832,5.4107
36,512,1,8748,5.5973
36,512,1,13122,5.8772
36,512,1,16384,6.0860
36,512,2,512,5.1030
36,512,2,768,5.1358
36,512,2,1152,5.1850
36,512,2,1728,5.2587
36,512,2,2592,5.3693
36,512,2,3888,5.5352
36,512,2,5832,5.7840
36,512,2,8748,6.1572
36,512,2,13122,6.7171
36,512,2,16384,7.1347
36,512,4,512,5.1687
36,512,4,768,5.2342
36,512,4,1152,5.3325
36,512,4,1728,5.4800
36,512,4,2592,5.7012
36,512,4,3888,6.0330
36,512,4,5832,6.5306
36,512,4,8748,7.2771
36,512,4,13122,8.3969
36,512,4,16384,9.2319
36,512,8,512,5.3000
36,512,8,768,5.4311
36,512,8,1152,5.6277
36,512,8,1728,5.9226
36,512,8,2592,6.3650
36,512,8,3888,7.0285
36,512,8,5832,8.0239
36,512,8,8748,9.5169
36,512,8,13122,11.7564
36,512,8,16384,13.4265
36,512,16,512,5.5627
36,512,16,768,5.8248
36,512,16,1152,6.2180
36,512,16,1728,6.8079
36,512,16,2592,7.6926
36,512,16,3888,9.0197
36,512,16,5832,11.0104
36,512,16,8748,13.9964
36,512,16,13122,18.4753
36,512,16,16384,21.8156
36,512,32,512,6.0880
36,512,32,768,6.6123
36,512,32,1152,7.3987
36,512,32,1728,8.5784
36,512,32,2592,10.3478
36,512,32,3888,13.0020
36,512,32,5832,16.9834
36,512,32,8748,22.9553
36,512,32,13122,31.9133
36,512,32,16384,38.5939
36,512,64,512,7.1386
36,512,64,768,8.1872
36,512,64,1152,9.7601
36,512,64,1728,12.1194
36,512,64,2592,15.6583
36,512,64,3888,20.9667
36,512,64,5832,28.9293
36,512,64,8748,40.8733
36,512,64,13122,58.7892
36,512,64,16384,72.1503
36,512,128,512,9.2399
36,512,128,768,11.3370
36,512,128,1152,14.4828
36,512,128,1728,19.2013
36,512,128,2592,26.2792
36,512,128,3888,36.8961
36,512,128,5832,52.8213
36,512,128,8748,76.7092
36,512,128,13122,112.5410
36,512,128,16384,139.2633
36,768,0,0,5.0538
36,768,1,512,5.0866
36,768,1,768,5.1030
36,768,1,1152,5.1276
36,768,1,1728,5.1644
36,768,1,2592,5.2197
36,768,1,3888,5.3027
36,768,1,5832,5.4271
36,768,1,8748,5.6137
36,768,1,13122,5.8936
36,768,1,16384,6.1024
36,768,2,512,5.1194
36,768,2,768,5.1522
36,768,2,1152,5.2013
36,768,2,1728,5.2751
36,768,2,2592,5.3857
36,768,2,3888,5.5516
36,768,2,5832,5.8004
36,768,2,8748,6.1736
36,768,2,13122,6.7335
36,768,2,16384,7.1510
36,768,4,512,5.1851
36,768,4,768,5.2506
36,768,4,1152,5.3489
36,768,4,1728,5.4964
36,768,4,2592,5.7176
36,768,4,3888,6.0493
36,768,4,5832,6.5470
36,768,4,8748,7.2935
36,768,4,13122,8.4132
36,768,4,16384,9.2483
36,768,8,512,5.3164
36,768,8,768,5.4475
36,768,8,1152,5.6441
36,768,8,1728,5.9390
36,768,8,2592,6.3814
36,768,8,3888,7.0449
36,768,8,5832,8.0403
36,768,8,8748,9.5332
36,768,8,13122,11.7727
36,768,8,16384,13.4429
36,768,16,512,5.5791
36,768,16,768,5.8412
36,768,16,1152,6.2344
36,768,16,1728,6.8243
36,768,16,2592,7.7090
36,768,16,3888,9.0361
36,768,16,5832,11.0268
36,768,16,8748,14.0127
36,768,16,13122,18.4917
36,768,16,16384,21.8320
36,768,32,512,6.1044
36,768,32,768,6.6287
36,768,32,1152,7.4151
36,768,32,1728,8.5948
36,768,32,2592,10.3642
36,768,32,3888,13.0184
36,768,32,5832,16.9997
36,768,32,8748,22.9717
36,768,32,13122,31.9297
36,768,32,16384,38.6102
36,768,64,512,7.1550
36,768,64,768,8.2036
36,768,64,1152,9.7764
36,768,64,1728,12.1357
36,768,64,2592,15.6747
36,768,64,3888,20.9831
36,768,64,5832,28.9457
36,768,64,8748,40.8897
36,768,64,13122,58.8056
36,768,64,16384,72.1667
36,768,128,512,9.2563
36,768,128,768,11.3534
36,768,128,1152,14.4991
36,768,128,1728,19.2177
36,768,128,2592,26.2956
36,768,128,3888,36.9124
36,768,128,5832,52.8377
36,768,128,8748,76.7256
36,768,128,13122,112.5574
36,768,128,16384,139.2797
36,1152,0,0,5.0783
36,1152,1,512,5.1112
36,1152,1,768,5.1276
36,1152,1,1152,5.1521
36,1152,1,1728,5.1890
36,1152,1,2592,5.2443
36,1152,1,3888,5.3272
36,1152,1,5832,5.4516
36,1152,1,8748,5.6383
36,1152,1,13122,5.9182
36,1152,1,16384,6.1270
36,1152,2,512,5.1440
36,1152,2,768,5.1768
36,1152,2,1152,5.2259
36,1152,2,1728,5.2996
36,1152,2,2592,5.4102
36,1152,2,3888,5.5761
36,1152,2,5832,5.8250
36,1152,2,8748,6.1982
36,1152,2,13122,6.7581
36,1152,2,16384,7.1756
36,1152,4,512,5.2097
36,1152,4,768,5.2752
36,1152,4,1152,5.3735
36,1152,4,1728,5.5210
36,1152,4,2592,5.7421
36,1152,4,3888,6.0739
36,1152,4,5832,6.5716
36,1152,4,8748,7.3181
36,1152,4,13122,8.4378
36,1152,4,16384,9.2729
36,1152,8,512,5.3410
36,1152,8,768,5.4721
36,1152,8,1152,5.6687
36,1152,8,1728,5.9636
36,1152,8,2592,6.4060
36,1152,8,3888,7.0695
36,1152,8,5832,8.0648
36,1152,8,8748,9.5578
36,1152,8,13122,11.7973
36,1152,8,16384,13.4675
36,1152,16,512,5.6036
36,1152,16,768,5.8658
36,1152,16,1152,6.2590
36,1152,16,1728,6.8488
36,1152,16,2592,7.7336
36,1152,16,3888,9.0607
36,1152,16,5832,11.0513
36,1152,16,8748,14.0373
36,1152,16,13122,18.5163
36,1152,16,16384,21.8566
36,1152,32,512,6.1290
36,1152,32,768,6.6532
36,1152,32,1152,7.4397
36,1152,32,1728,8.6193
36,1152,32,2592,10.3888
36,1152,32,3888,13.0430
36,1152,32,5832,17.0243
36,1152,32,8748,22.9963
36,1152,32,13122,31.9542
36,1152,32,16384,38.6348
36,1152,64,512,7.1796
36,1152,64,768,8.2282
36,1152,64,1152,9.8010
36,1152,64,1728,12.1603
36,1152,64,2592,15.6993
36,1152,64,3888,21.0077
36,1152,64,5832,28.9703
36,1152,64,8748,40.9142
36,1152,64,13122,58.8301
36,1152,64,16384,72.1913
36,1152,128,512,9.2808
36,1152,128,768,11.3780
36,1152,128,1152,14.5237
36,1152,128,1728,19.2423
36,1152,128,2592,26.3202
36,1152,128,3888,36.9370
36,1152,128,5832,52.8623
36,1152,128,8748,76.7501
36,1152,128,13122,112.5820
36,1152,128,16384,139.3043
36,1728,0,0,5.1152
36,1728,1,512,5.1480
36,1728,1,768,5.1644
36,1728,1,1152,5.1890
36,1728,1,1728,5.2259
36,1728,1,2592,5.2812
36,1728,1,3888,5.3641
36,1728,1,5832,5.4885
36,1728,1,8748,5.6751
36,1728,1,13122,5.9551
36,1728,1,16384,6.1638
36,1728,2,512,5.1809
36,1728,2,768,5.2136
36,1728,2,1152,5.2628
36,1728,2,1728,5.3365
36,1728,2,2592,5.4471
36,1728,2,3888,5.6130
36,1728,2,5832,5.8618
36,1728,2,8748,6.2351
36,1728,2,13122,6.7949
36,1728,2,16384,7.2125
36,1728,4,512,5.2465
36,1728,4,768,5.3121
36,1728,4,1152,5.4104
36,1728,4,1728,5.5578
36,1728,4,2592,5.7790
36,1728,4,3888,6.1108
36,1728,4,5832,6.6084
36,1728,4,8748,7.3549
36,1728,4,13122,8.4747
36,1728,4,16384,9.3098
36,1728,8,512,5.3779
36,1728,8,768,5.5089
36,1728,8,1152,5.7055
36,1728,8,1728,6.0004
36,1728,8,2592,6.4428
36,1728,8,3888,7.1064
36,1728,8,5832,8.1017
36,1728,8,8748,9.5947
36,1728,8,13122,11.8342
36,1728,8,16384,13.5043
36,1728,16,512,5.6405
36,1728,16,768,5.9027
36,1728,16,1152,6.2959
36,1728,16,1728,6.8857
36,1728,16,2592,7.7704
36,1728,16,3888,9.0975
36,1728,16,5832,11.0882
36,1728,16,8748,14.0742
36,1728,16,13122,18.5532
36,1728,16,16384,21.8934
36,1728,32,512,6.1658
36,1728,32,768,6.6901
36,1728,32,1152,7.4765
36,1728,32,1728,8.6562
36,1728,32,2592,10.4257
36,1728,32,3888,13.0799
36,1728,32,5832,17.0612
36,1728,32,8748,23.0332
36,1728,32,13122,31.9911
36,1728,32,16384,38.6717
36,1728,64,512,7.2164
36,1728,64,768,8.2650
36,1728,64,1152,9.8379
36,1728,64,1728,12.1972
36,1728,64,2592,15.7361
36,1728,64,3888,21.0445
36,1728,64,5832,29.0072
36,1728,64,8748,40.9511
36,1728,64,13122,58.8670
36,1728,64,16384,72.2282
36,1728,128,512,9.3177
36,1728,128,768,11.4148
36,1728,128,1152,14.5606
36,1728,128,1728,19.2792
36,1728,128,2592,26.3571
36,1728,128,3888,36.9739
36,1728,128,5832,52.8991
36,1728,128,8748,76.7870
36,1728,128,13122,112.6188
36,1728,128,16384,139.3411
36,2592,0,0,5.1705
36,2592,1,512,5.2033
36,2592,1,768,5.2197
36,2592,1,1152,5.2443
36,2592,1,1728,5.2812
36,2592,1,2592,5.3364
36,2592,1,3888,5.4194
36,2592,1,5832,5.5438
36,2592,1,8748,5.7304
36,2592,1,13122,6.0104
36,2592,1,16384,6.2191
36,2592,2,512,5.2362
36,2592,2,768,5.2689
36,2592,2,1152,5.3181
36,2592,2,1728,5.3918
36,2592,2,2592,5.5024
36,2592,2,3888,5.6683
36,2592,2,5832,5.9171
36,2592,2,8748,6.2904
36,2592,2,13122,6.8502
36,2592,2,16384,7.2678
36,2592,4,512,5.3018
36,2592,4,768,5.3674
36,2592,4,1152,5.4657
36,2592,4,1728,5.6131
36,2592,4,2592,5.8343
36,2592,4,3888,6.1661
36,2592,4,5832,6.6637
36,2592,4,8748,7.4102
36,2592,4,13122,8.5300
36,2592,4,16384,9.3651
36,2592,8,512,5.4332
36,2592,8,768,5.5642
36,2592,8,1152,5.7608
36,2592,8,1728,6.0557
36,2592,8,2592,6.4981
36,2592,8,3888,7.1617
36,2592,8,5832,8.1570
36,2592,8,8748,9.6500
36,2592,8,13122,11.8895
36,2592,8,16384,13.5596
36,2592,16,512,5.6958
36,2592,16,768,5.9580
36,2592,16,1152,6.3512
36,2592,16,1728,6.9410
36,2592,16,2592,7.8257
36,2592,16,3888,9.1528
36,2592,16,5832,11.1435
36,2592,16,8748,14.1295
36,2592,16,13122,18.6084
36,2592,16,16384,21.9487
36,2592,32,512,6.2211
36,2592,32,768,6.7454
36,2592,32,1152,7.5318
36,2592,32,1728,8.7115
36,2592,32,2592,10.4810
36,2592,32,3888,13.1352
36,2592,32,5832,17.1165
36,2592,32,8748,23.0884
36,2592,32,13122,32.0464
36,2592,32,16384,38.7270
36,2592,64,512,7.2717
36,2592,64,768,8.3203
36,2592,64,1152,9.8932
36,2592,64,1728,12.2525
36,2592,64,2592,15.7914
36,2592,64,3888,21.0998
36,2592,64,5832,29.0625
36,2592,64,8748,41.0064
36,2592,64,13122,58.9223
36,2592,64,16384,72.2835
36,2592,128,512,9.3730
36,2592,128,768,11.4701
36,2592,128,1152,14.6159
36,2592,128,1728,19.3345
36,2592,128,2592,26.4124
36,2592,128,3888,37.0292
36,2592,128,5832,52.9544
36,2592,128,8748,76.8423
36,2592,128,13122,112.6741
36,2592,128,16384,139.3964
36,3888,0,0,5.2534
36,3888,1,512,5.2863
36,3888,1,768,5.3027
36,3888,1,1152,5.3272
36,3888,1,1728,5.3641
36,3888,1,2592,5.4194
36,3888,1,3888,5.5023
36,3888,1,5832,5.6268
36,3888,1,8748,5.8134
36,3888,1,13122,6.0933
36,3888,1,16384,6.3021
36,3888,2,512,5.3191
36,3888,2,768,5.3519
36,3888,2,1152,5.4010
36,3888,2,1728,5.4748
36,3888,2,2592,5.5853
36,3888,2,3888,5.7512
36,3888,2,5832,6.0001
36,3888,2,8748,6.3733
36,3888,2,13122,6.9332
36,3888,2,16384,7.3507
36,3888,4,512,5.3848
36,3888,4,768,5.4503
36,3888,4,1152,5.5486
36,3888,4,1728,5.6961
36,3888,4,2592,5.9172
36,3888,4,3888,6.2490
36,3888,4,5832,6.7467
36,3888,4,8748,7.4932
36,3888,4,13122,8.6129
36,3888,4,16384,9.4480
36,3888,8,512,5.5161
36,3888,8,768,5.6472
36,3888,8,1152,5.8438
36,3888,8,1728,6.1387
36,3888,8,2592,6.5811
36,3888,8,3888,7.2446
36,3888,8,5832,8.2399
36,3888,8,8748,9.7329
36,3888,8,13122,11.9724
36,3888,8,16384,13.6426
36,3888,16,512,5.7788
36,3888,16,768,6.0409
36,3888,16,1152,6.4341
36,3888,16,1728,7.0239
36,3888,16,2592,7.9087
36,3888,16,3888,9.2358
36,3888,16,5832,11.2264
36,3888,16,8748,14.2124
36,3888,16,13122,18.6914
36,3888,16,16384,22.0317
36,3888,32,512,6.3041
36,3888,32,768,6.8284
36,3888,32,1152,7.6148
36,3888,32,1728,8.7944
36,3888,32,2592,10.5639
36,3888,32,3888,13.2181
36,3888,32,5832,17.1994
36,3888,32,8748,23.1714
36,3888,32,13122,32.1293
36,3888,32,16384,38.8099
36,3888,64,512,7.3547
36,3888,64,768,8.4033
36,3888,64,1152,9.9761
36,3888,64,1728,12.3354
36,3888,64,2592,15.8744
36,3888,64,3888,21.1828
36,3888,64,5832,29.1454
36,3888,64,8748,41.0893
36,3888,64,13122,59.0052
36,3888,64,16384,72.3664
36,3888,128,512,9.4559
36,3888,128,768,11.5531
36,3888,128,1152,14.6988
36,3888,128,1728,19.4174
36,3888,128,2592,26.4953
36,3888,128,3888,37.1121
36,3888,128,5832,53.0374
36,3888,128,8748,76.9252
36,3888,128,13122,112.7571
36,3888,128,16384,139.4794
36,5832,0,0,5.3779
36,5832,1,512,5.4107
36,5832,1,768,5.4271
36,5832,1,1152,5.4516
36,5832,1,1728,5.4885
36,5832,1,2592,5.5438
36,5832,1,3888,5.6268
36,5832,1,5832,5.7512
36,5832,1,8748,5.9378
36,5832,1,13122,6.2177
36,5832,1,16384,6.4265
36,5832,2,512,5.4435
36,5832,2,768,5.4763
36,5832,2,1152,5.5254
36,5832,2,1728,5.5992
36,5832,2,2592,5.7098
36,5832,2,3888,5.8756
36,5832,2,5832,6.1245
36,5832,2,8748,6.4977
36,5832,2,13122,7.0576
36,5832,2,16384,7.4751
36,5832,4,512,5.5092
36,5832,4,768,5.5747
36,5832,4,1152,5.6730
36,5832,4,1728,5.8205
36,5832,4,2592,6.0417
36,5832,4,3888,6.3734
36,5832,4,5832,6.8711
36,5832,4,8748,7.6176
36,5832,4,13122,8.7373
36,5832,4,16384,9.5724
36,5832,8,512,5.6405
36,5832,8,768,5.7716
36,5832,8,1152,5.9682
36,5832,8,1728,6.2631
36,5832,8,2592,6.7055
36,5832,8,3888,7.3690
36,5832,8,5832,8.3644
36,5832,8,8748,9.8573
36,5832,8,13122,12.0968
36,5832,8,16384,13.7670
36,5832,16,512,5.9032
36,5832,16,768,6.1653
36,5832,16,1152,6.5585
36,5832,16,1728,7.1484
36,5832,16,2592,8.0331
36,5832,16,3888,9.3602
36,5832,16,5832,11.3508
36,5832,16,8748,14.3368
36,5832,16,13122,18.8158
36,5832,16,16384,22.1561
36,5832,32,512,6.4285
36,5832,32,768,6.9528
36,5832,32,1152,7.7392
36,5832,32,1728,8.9188
36,5832,32,2592,10.6883
36,5832,32,3888,13.3425
36,5832,32,5832,17.3238
36,5832,32,8748,23.2958
36,5832,32,13122,32.2538
36,5832,32,16384,38.9343
36,5832,64,512,7.4791
36,5832,64,768,8.5277
36,5832,64,1152,10.1005
36,5832,64,1728,12.4598
36,5832,64,2592,15.9988
36,5832,64,3888,21.3072
36,5832,64,5832,29.2698
36,5832,64,8748,41.2138
36,5832,64,13122,59.1297
36,5832,64,16384,72.4908
36,5832,128,512,9.5804
36,5832,128,768,11.6775
36,5832,128,1152,14.8232
36,5832,128,1728,19.5418
36,5832,128,2592,26.6197
36,5832,128,3888,37.2365
36,5832,128,5832,53.1618
36,5832,128,8748,77.0497
36,5832,128,13122,112.8815
36,5832,128,16384,139.6038
36,8748,0,0,5.5645
36,8748,1,512,5.5973
36,8748,1,768,5.6137
36,8748,1,1152,5.6383
36,8748,1,1728,5.6751
36,8748,1,2592,5.7304
36,8748,1,3888,5.8134
36,8748,1,5832,5.9378
36,8748,1,8748,6.1244
36,8748,1,13122,6.4044
36,8748,1,16384,6.6131
36,8748,2,512,5.6301
36,8748,2,768,5.6629
36,8748,2,1152,5.7121
36,8748,2,1728,5.7858
36,8748,2,2592,5.8964
36,8748,2,3888,6.0623
36,8748,2,5832,6.3111
36,8748,2,8748,6.6844
36,8748,2,13122,7.2442
36,8748,2,16384,7.6618
36,8748,4,512,5.6958
36,8748,4,768,5.7613
36,8748,4,1152,5.8596
36,8748,4,1728,6.0071
36,8748,4,2592,6.2283
36,8748,4,3888,6.5601
36,8748,4,5832,7.0577
36,8748,4,8748,7.8042
36,8748,4,13122,8.9240
36,8748,4,16384,9.7590
36,8748,8,512,5.8271
36,8748,8,768,5.9582
36,8748,8,1152,6.1548
36,8748,8,1728,6.4497
36,8748,8,2592,6.8921
36,8748,8,3888,7.5556
36,8748,8,5832,8.5510
36,8748,8,8748,10.0440
36,8748,8,13122,12.2835
36,8748,8,16384,13.9536
36,8748,16,512,6.0898
36,8748,16,768,6.3519
36,8748,16,1152,6.7452
36,8748,16,1728,7.3350
36,8748,16,2592,8.2197
36,8748,16,3888,9.5468
36,8748,16,5832,11.5375
36,8748,16,8748,14.5235
36,8748,16,13122,19.0024
36,8748,16,16384,22.3427
36,8748,32,512,6.6151
36,8748,32,768,7.1394
36,8748,32,1152,7.9258
36,8748,32,1728,9.1055
36,8748,32,2592,10.8749
36,8748,32,3888,13.5292
36,8748,32,5832,17.5105
36,8748,32,8748,23.4824
36,8748,32,13122,32.4404
36,8748,32,16384,39.1210
36,8748,64,512,7.6657
36,8748,64,768,8.7143
36,8748,64,1152,10.2872
36,8748,64,1728,12.6465
36,8748,64,2592,16.1854
36,8748,64,3888,21.4938
36,8748,64,5832,29.4564
36,8748,64,8748,41.4004
36,8748,64,13122,59.3163
36,8748,64,16384,72.6774
36,8748,128,512,9.7670
36,8748,128,768,11.8641
36,8748,128,1152,15.0099
36,8748,128,1728,19.7284
36,8748,128,2592,26.8063
36,8748,128,3888,37.4232
36,8748,128,5832,53.3484
36,8748,128,8748,77.2363
36,8748,128,13122,113.0681
36,8748,128,16384,139.7904
36,13122,0,0,5.8444
36,13122,1,512,5.8772
36,13122,1,768,5.8936
36,13122,1,1152,5.9182
36,13122,1,1728,5.9551
36,13122,1,2592,6.0104
36,13122,1,3888,6.0933
36,13122,1,5832,6.2177
36,13122,1,8748,6.4044
36,13122,1,13122,6.6843
36,13122,1,16384,6.8931
36,13122,2,512,5.9101
36,13122,2,768,5.9428
36,13122,2,1152,5.9920
36,13122,2,1728,6.0657
36,13122,2,2592,6.1763
36,13122,2,3888,6.3422
36,13122,2,5832,6.5910
36,13122,2,8748,6.9643
36,13122,2,13122,7.5242
36,13122,2,16384,7.9417
36,13122,4,512,5.9757
36,13122,4,768,6.0413
36,13122,4,1152,6.1396
36,13122,4,1728,6.2870
36,13122,4,2592,6.5082
36,13122,4,3888,6.8400
36,13122,4,5832,7.3377
36,13122,4,8748,8.0842
36,13122,4,13122,9.2039
36,13122,4,16384,10.0390
36,13122,8,512,6.1071
36,13122,8,768,6.2381
36,13122,8,1152,6.4348
36,13122,8,1728,6.7297
36,13122,8,2592,7.1720
36,13122,8,3888,7.8356
36,13122,8,5832,8.8309
36,13122,8,8748,10.3239
36,13122,8,13122,12.5634
36,13122,8,16384,14.2335
36,13122,16,512,6.3697
36,13122,16,768,6.6319
36,13122,16,1152,7.0251
36,13122,16,1728,7.6149
36,13122,16,2592,8.4996
36,13122,16,3888,9.8268
36,13122,16,5832,11.8174
36,13122,16,8748,14.8034
36,13122,16,13122,19.2824
36,13122,16,16384,22.6227
36,13122,32,512,6.8950
36,13122,32,768,7.4193
36,13122,32,1152,8.2058
36,13122,32,1728,9.3854
36,13122,32,2592,11.1549
36,13122,32,3888,13.8091
36,13122,32,5832,17.7904
36,13122,32,8748,23.7624
36,13122,32,13122,32.7203
36,13122,32,16384,39.4009
36,13122,64,512,7.9457
36,13122,64,768,8.9942
36,13122,64,1152,10.5671
36,13122,64,1728,12.9264
36,13122,64,2592,16.4653
36,13122,64,3888,21.7738
36,13122,64,5832,29.7364
36,13122,64,8748,41.6803
36,13122,64,13122,59.5962
36,13122,64,16384,72.9574
36,13122,128,512,10.0469
36,13122,128,768,12.1441
36,13122,128,1152,15.2898
36,13122,128,1728,20.0084
36,13122,128,2592,27.0863
36,13122,128,3888,37.7031
36,13122,128,5832,53.6284
36,13122,128,8748,77.5162
36,13122,128,13122,113.3480
36,13122,128,16384,140.0703
36,16384,0,0,6.0532
36,16384,1,512,6.0860
36,16384,1,768,6.1024
36,16384,1,1152,6.1270
36,16384,1,1728,6.1638
36,16384,1,2592,6.2191
36,16384,1,3888,6.3021
36,16384,1,5832,6.4265
36,16384,1,8748,6.6131
36,16384,1,13122,6.8931
36,16384,1,16384,7.1018
36,16384,2,512,6.1188
36,16384,2,768,6.1516
36,16384,2,1152,6.2008
36,16384,2,1728,6.2745
36,16384,2,2592,6.3851
36,16384,2,3888,6.5510
36,16384,2,5832,6.7998
36,16384,2,8748,7.1731
36,16384,2,13122,7.7329
36,16384,2,16384,8.1505
36,16384,4,512,6.1845
36,16384,4,768,6.2500
36,16384,4,1152,6.3484
36,16384,4,1728,6.4958
36,16384,4,2592,6.7170
36,16384,4,3888,7.0488
36,16384,4,5832,7.5464
36,16384,4,8748,8.2929
36,16384,4,13122,9.4127
36,16384,4,16384,10.2477
36,16384,8,512,6.3158
36,16384,8,768,6.4469
36,16384,8,1152,6.6435
36,16384,8,1728,6.9384
36,16384,8,2592,7.3808
36,16384,8,3888,8.0444
36,16384,8,5832,9.0397
36,16384,8,8748,10.5327
36,16384,8,13122,12.7722
36,16384,8,16384,14.4423
36,16384,16,512,6.5785
36,16384,16,768,6.8406
36,16384,16,1152,7.2339
36,16384,16,1728,7.8237
36,16384,16,2592,8.7084
36,16384,16,3888,10.0355
36,16384,16,5832,12.0262
36,16384,16,8748,15.0122
36,16384,16,13122,19.4911
36,16384,16,16384,22.8314
36,16384,32,512,7.1038
36,16384,32,768,7.6281
36,16384,32,1152,8.4145
36,16384,32,1728,9.5942
36,16384,32,2592,11.3636
36,16384,32,3888,14.0179
36,16384,32,5832,17.9992
36,16384,32,8748,23.9711
36,16384,32,13122,32.9291
36,16384,32,16384,39.6097
36,16384,64,512,8.1544
36,16384,64,768,9.2030
36,16384,64,1152,10.7759
36,16384,64,1728,13.1352
36,16384,64,2592,16.6741
36,16384,64,3888,21.9825
36,16384,64,5832,29.9452
36,16384,64,8748,41.8891
36,16384,64,13122,59.8050
36,16384,64,16384,73.1661
36,16384,128,512,10.2557
36,16384,128,768,12.3528
36,16384,128,1152,15.4986
36,16384,128,1728,20.2172
36,16384,128,2592,27.2950
36,16384,128,3888,37.9119
36,16384,128,5832,53.8371
36,16384,128,8748,77.7250
36,16384,128,13122,113.5568
36,16384,128,16384,140.2791
54,0,0,0,5.0069
54,0,1,512,5.0397
54,0,1,768,5.0561
54,0,1,1152,5.0807
54,0,1,1728,5.1176
54,0,1,2592,5.1729
54,0,1,3888,5.2558
54,0,1,5832,5.3802
54,0,1,8748,5.5668
54,0,1,13122,5.8468
54,0,1,16384,6.0556
54,0,2,512,5.0726
54,0,2,768,5.1053
54,0,2,1152,5.1545
54,0,2,1728,5.2282
54,0,2,2592,5.3388
54,0,2,3888,5.5047
54,0,2,5832,5.7535
54,0,2,8748,6.1268
54,0,2,13122,6.6867
54,0,2,16384,7.1042
54,0,4,512,5.1382
54,0,4,768,5.2038
54,0,4,1152,5.3021
54,0,4,1728,5.4495
54,0,4,2592,5.6707
54,0,4,3888,6.0025
54,0,4,5832,6.5002
54,0,4,8748,7.2467
54,0,4,13122,8.3664
54,0,4,16384,9.2015
54,0,8,512,5.2696
54,0,8,768,5.4006
54,0,8,1152,5.5972
54,0,8,1728,5.8922
54,0,8,2592,6.3345
54,0,8,3888,6.9981
54,0,8,5832,7.9934
54,0,8,8748,9.4864
54,0,8,13122,11.7259
54,0,8,16384,13.3960
54,0,16,512,5.5322
54,0,16,768,5.7944
54,0,16,1152,6.1876
54,0,16,1728,6.7774
54,0,16,2592,7.6621
54,0,16,3888,8.9892
54,0,16,5832,10.9799
54,0,16,8748,13.9659
54,0,16,13122,18.4449
54,0,16,16384,21.7852
54,0,32,512,6.0575
54,0,32,768,6.5818
54,0,32,1152,7.3683
54,0,32,1728,8.5479
54,0,32,2592,10.3174
54,0,32,3888,12.9716
54,0,32,5832,16.9529
54,0,32,8748,22.9249
54,0,32,13122,31.8828
54,0,32,16384,38.5634
54,0,64,512,7.1082
54,0,64,768,8.1567
54,0,64,1152,9.7296
54,0,64,1728,12.0889
54,0,64,2592,15.6278
54,0,64,3888,20.9363
54,0,64,5832,28.8989
54,0,64,8748,40.8428
54,0,64,13122,58.7587
54,0,64,16384,72.1199
54,0,128,512,9.2094
54,0,128,768,11.3066
54,0,128,1152,14.4523
54,0,128,1728,19.1709
54,0,128,2592,26.2488
54,0,128,3888,36.8656
54,0,128,5832,52.7908
54,0,128,8748,76.6787
54,0,128,13122,112.5105
54,0,128,16384,139.2328
54,512,0,0,5.0397
54,512,1,512,5.0725
54,512,1,768,5.0889
54,512,1,1152,5.1135
54,512,1,1728,5.1503
54,512,1,2592,5.2056
54,512,1,3888,5.2886
54,512,1,5832,5.4130
54,512,1,8748,5.5996
54,512,1,13122,5.8796
54,512,1,16384,6.0883
54,512,2,512,5.1053
54,512,2,768,5.1381
54,512,2,1152,5.1873
54,512,2,1728,5.2610
54,512,2,2592,5.3716
54,512,2,3888,5.5375
54,512,2,5832,5.7863
54,512,2,8748,6.1596
54,512,2,13122,6.7194
54,512,2,16384,7.1370
54,512,4,512,5.1710
54,512,4,768,5.2365
54,512,4,1152,5.3348
54,512,4,1728,5.4823
54,512,4,2592,5.7035
54,512,4,3888,6.0353
54,512,4,5832,6.5329
54,512,4,8748,7.2794
54,512,4,13122,8.3992
54,512,4,16384,9.2342
54,512,8,512,5.3023
54,512,8,768,5.4334
54,512,8,1152,5.6300
54,512,8,1728,5.9249
54,512,8,2592,6.3673
54,512,8,3888,7.0308
54,512,8,5832,8.0262
54,512,8,8748,9.5192
54,512,8,13122,11.7587
54,512,8,16384,13.4288
54,512,16,512,5.5650
54,512,16,768,5.8271
54,512,16,1152,6.2204
54,512,16,1728,6.8102
54,512,16,2592,7.6949
54,512,16,3888,9.0220
54,512,16,5832,11.0127
54,512,16,8748,13.9987
54,512,16,13122,18.4776
54,512,16,16384,21.8179
54,512,32,512,6.0903
54,512,32,768,6.6146
54,512,32,1152,7.4010
54,512,32,1728,8.5807
54,512,32,2592,10.3501
54,512,32,3888,13.0044
54,512,32,5832,16.9857
54,512,32,8748,22.9576
54,512,32,13122,31.9156
54,512,32,16384,38.5962
54,512,64,512,7.1409
54,512,64,768,8.1895
54,512,64,1152,9.7624
54,512,64,1728,12.1217
54,512,64,2592,15.6606
54,512,64,3888,20.9690
54,512,64,5832,28.9316
54,512,64,8748,40.8756
54,512,64,13122,58.7915
54,512,64,16384,72.1526
54,512,128,512,9.2422
54,512,128,768,11.3393
54,512,128,1152,14.4851
54,512,128,1728,19.2036
54,512,128,2592,26.2815
54,512,128,3888,36.8984
54,512,128,5832,52.8236
54,512,128,8748,76.7115
54,512,128,13122,112.5433
54,512,128,16384,139.2656
54,768,0,0,5.0561
54,768,1,512,5.0889
54,768,1,768,5.1053
54,768,1,1152,5.1299
54,768,1,1728,5.1667
54,768,1,2592,5.2220
54,768,1,3888,5.3050
54,768,1,5832,5.4294
54,768,1,8748,5.6160
54,768,1,13122,5.8959
54,768,1,16384,6.1047
54,768,2,512,5.1217
54,768,2,768,5.1545
54,768,2,1152,5.2036
54,768,2,1728,5.2774
54,768,2,2592,5.3880
54,768,2,3888,5.5539
54,768,2,5832,5.8027
54,768,2,8748,6.1759
54,768,2,13122,6.7358
54,768,2,16384,7.1533
54,768,4,512,5.1874
54,768,4,768,5.2529
54,768,4,1152,5.3512
54,768,4,1728,5.4987
54,768,4,2592,5.7199
54,768,4,3888,6.0516
54,768,4,5832,6.5493
54,768,4,8748,7.2958
54,768,4,13122,8.4156
54,768,4,16384,9.2506
54,768,8,512,5.3187
54,768,8,768,5.4498
54,768,8,1152,5.6464
54,768,8,1728,5.9413
54,768,8,2592,6.3837
54,768,8,3888,7.0472
54,768,8,5832,8.0426
54,768,8,8748,9.5356
54,768,8,13122,11.7750
54,768,8,16384,13.4452
54,768,16,512,5.5814
54,768,16,768,5.8435
54,768,16,1152,6.2367
54,768,16,1728,6.8266
54,768,16,2592,7.7113
54,768,16,3888,9.0384
54,768,16,5832,11.0291
54,768,16,8748,14.0150
54,768,16,13122,18.4940
54,768,16,16384,21.8343
54,768,32,512,6.1067
54,768,32,768,6.6310
54,768,32,1152,7.4174
54,768,32,1728,8.5971
54,768,32,2592,10.3665
54,768,32,3888,13.0207
54,768,32,5832,17.0020
54,768,32,8748,22.9740
54,768,32,13122,31.9320
54,768,32,16384,38.6125
54,768,64,512,7.1573
54,768,64,768,8.2059
54,768,64,1152,9.7788
54,768,64,1728,12.1380
54,768,64,2592,15.6770
54,768,64,3888,20.9854
54,768,64,5832,28.9480
54,768,64,8748,40.8920
54,768,64,13122,58.8079
54,768,64,16384,72.1690
54,768,128,512,9.2586
54,768,128,768,11.3557
54,768,128,1152,14.5014
54,768,128,1728,19.2200
54,768,128,2592,26.2979
54,768,128,3888,36.9148
54,768,128,5832,52.8400
54,768,128,8748,76.7279
54,768,128,13122,112.5597
54,768,128,16384,139.2820
54,1152,0,0,5.0806
54,1152,1,512,5.1135
54,1152,1,768,5.1299
54,1152,1,1152,5.1544
54,1152,1,1728,5.1913
54,1152,1,2592,5.2466
54,1152,1,3888,5.3295
54,1152,1,5832,5.4540
54,1152,1,8748,5.6406
54,1152,1,13122,5.9205
54,1152,1,16384,6.1293
54,1152,2,512,5.1463
54,1152,2,768,5.1791
54,1152,2,1152,5.2282
54,1152,2,1728,5.3020
54,1152,2,2592,5.4125
54,1152,2,3888,5.5784
54,1152,2,5832,5.8273
54,1152,2,8748,6.2005
54,1152,2,13122,6.7604
54,1152,2,16384,7.1779
54,1152,4,512,5.2120
54,1152,4,768,5.2775
54,1152,4,1152,5.3758
54,1152,4,1728,5.5233
54,1152,4,2592,5.7444
54,1152,4,3888,6.0762
54,1152,4,5832,6.5739
54,1152,4,8748,7.3204
54,1152,4,13122,8.4401
54,1152,4,16384,9.2752
54,1152,8,512,5.3433
54,1152,8,768,5.4744
54,1152,8,1152,5.6710
54,1152,8,1728,5.9659
54,1152,8,2592,6.4083
54,1152,8,3888,7.0718
54,1152,8,5832,8.0671
54,1152,8,8748,9.5601
54,1152,8,13122,11.7996
54,1152,8,16384,13.4698
54,1152,16,512,5.6060
54,1152,16,768,5.8681
54,1152,16,1152,6.2613
54,1152,16,1728,6.8511
54,1152,16,2592,7.7359
54,1152,16,3888,9.0630
54,1152,16,5832,11.0536
54,1152,16,8748,14.0396
54,1152,16,13122,18.5186
54,1152,16,16384,21.8589
54,1152,32,512,6.1313
54,1152,32,768,6.6556
54,1152,32,1152,7.4420
54,1152,32,1728,8.6216
54,1152,32,2592,10.3911
54,1152,32,3888,13.0453
54,1152,32,5832,17.0266
54,1152,32,8748,22.9986
54,1152,32,13122,31.9565
54,1152,32,16384,38.6371
54,1152,64,512,7.1819
54,1152,64,768,8.2305
54,1152,64,1152,9.8033
54,1152,64,1728,12.1626
54,1152,64,2592,15.7016
54,1152,64,3888,21.0100
54,1152,64,5832,28.9726
54,1152,64,8748,40.9165
54,1152,64,13122,58.8324
54,1152,64,16384,72.1936
54,1152,128,512,9.2831
54,1152,128,768,11.3803
54,1152,128,1152,14.5260
54,1152,128,1728,19.2446
54,1152,128,2592,26.3225
54,1152,128,3888,36.9393
54,1152,128,5832,52.8646
54,1152,128,8748,76.7524
54,1152,128,13122,112.5843
54,1152,128,16384,139.3066
54,1728,0,0,5.1175
54,1728,1,512,5.1503
54,1728,1,768,5.1667
54,1728,1,1152,5.1913
54,1728,1,1728,5.2282
54,1728,1,2592,5.2835
54,1728,1,3888,5.3664
54,1728,1,5832,5.4908
54,1728,1,8748,5.6774
54,1728,1,13122,5.9574
54,1728,1,16384,6.1661
54,1728,2,512,5.1832
54,1728,2,768,5.2159
54,1728,2,1152,5.2651
54,1728,2,1728,5.3388
54,1728,2,2592,5.4494
54,1728,2,3888,5.6153
54,1728,2,5832,5.8641
54,1728,2,8748,6.2374
54,1728,2,13122,6.7972
54,1728,2,16384,7.2148
54,1728,4,512,5.2488
54,1728,4,768,5.3144
54,1728,4,1152,5.4127
54,1728,4,1728,5.5601
54,1728,4,2592,5.7813
54,1728,4,3888,6.1131
54,1728,4,5832,6.6108
54,1728,4,8748,7.3572
54,1728,4,13122,8.4770
54,1728,4,16384,9.3121
54,1728,8,512,5.3802
54,1728,8,768,5.5112
54,1728,8,1152,5.7078
54,1728,8,1728,6.0028
54,1728,8,2592,6.4451
54,1728,8,3888,7.1087
54,1728,8,5832,8.1040
54,1728,8,8748,9.5970
54,1728,8,13122,11.8365
54,1728,8,16384,13.5066
54,1728,16,512,5.6428
54,1728,16,768,5.9050
54,1728,16,1152,6.2982
54,1728,16,1728,6.8880
54,1728,16,2592,7.7727
54,1728,16,3888,9.0998
54,1728,16,5832,11.0905
54,1728,16,8748,14.0765
54,1728,16,13122,18.5555
54,1728,16,16384,21.8957
54,1728,32,512,6.1681
54,1728,32,768,6.6924
54,1728,32,1152,7.4788
54,1728,32,1728,8.6585
54,1728,32,2592,10.4280
54,1728,32,3888,13.0822
54,1728,32,5832,17.0635
54,1728,32,8748,23.0355
54,1728,32,13122,31.9934
54,1728,32,16384,38.6740
54,1728,64,512,7.2188
54,1728,64,768,8.2673
54,1728,64,1152,9.8402
54,1728,64,1728,12.1995
54,1728,64,2592,15.7384
54,1728,64,3888,21.0468
54,1728,64,5832,29.0095
54,1728,64,8748,40.9534
54,1728,64,13122,58.8693
54,1728,64,16384,72.2305
54,1728,128,512,9.3200
54,1728,128,768,11.4172
54,1728,128,1152,14.5629
54,1728,128,1728,19.2815
54,1728,128,2592,26.3594
54,1728,128,3888,36.9762
54,1728,128,5832,52.9014
54,1728,128,8748,76.7893
54,1728,128,13122,112.6211
54,1728,128,16384,139.3434
54,2592,0,0,5.1728
54,2592,1,512,5.2056
54,2592,1,768,5.2220
54,2592,1,1152,5.2466
54,2592,1,1728,5.2835
54,2592,1,2592,5.3388
54,2592,1,3888,5.4217
54,2592,1,5832,5.5461
54,2592,1,8748,5.7327
54,2592,1,13122,6.0127
54,2592,1,16384,6.2214
54,2592,2,512,5.2385
54,2592,2,768,5.2712
54,2592,2,1152,5.3204
54,2592,2,1728,5.3941
54,2592,2,2592,5.5047
54,2592,2,3888,5.6706
54,2592,2,5832,5.9194
54,2592,2,8748,6.2927
54,2592,2,13122,6.8525
54,2592,2,16384,7.2701
54,2592,4,512,5.3041
54,2592,4,768,5.3697
54,2592,4,1152,5.4680
54,2592,4,1728,5.6154
54,2592,4,2592,5.8366
54,2592,4,3888,6.1684
54,2592,4,5832,6.6660
54,2592,4,8748,7.4125
54,2592,4,13122,8.5323
54,2592,4,16384,9.3674
54,2592,8,512,5.4355
54,2592,8,768,5.5665
54,2592,8,1152,5.7631
54,2592,8,1728,6.0580
54,2592,8,2592,6.5004
54,2592,8,3888,7.1640
54,2592,8,5832,8.1593
54,2592,8,8748,9.6523
54,2592,8,13122,11.8918
54,2592,8,16384,13.5619
54,2592,16,512,5.6981
54,2592,16,768,5.9603
54,2592,16,1152,6.3535
54,2592,16,1728,6.9433
54,2592,16,2592,7.8280
54,2592,16,3888,9.1551
54,2592,16,5832,11.1458
54,2592,16,8748,14.1318
54,2592,16,13122,18.6108
54,2592,16,16384,21.9510
54,2592,32,512,6.2234
54,2592,32,768,6.7477
54,2592,32,1152,7.5341
54,2592,32,1728,8.7138
54,2592,32,2592,10.4833
54,2592,32,3888,13.1375
54,2592,32,5832,17.1188
54,2592,32,8748,23.0908
54,2592,32,13122,32.0487
54,2592,32,16384,38.7293
54,2592,64,512,7.2740
54,2592,64,768,8.3226
54,2592,64,1152,9.8955
54,2592,64,1728,12.2548
54,2592,64,2592,15.7937
54,2592,64,3888,21.1021
54,2592,64,5832,29.0648
54,2592,64,8748,41.0087
54,2592,64,13122,58.9246
54,2592,64,16384,72.2858
54,2592,128,512,9.3753
54,2592,128,768,11.4724
54,2592,128,1152,14.6182
54,2592,128,1728,19.3368
54,2592,128,2592,26.4147
54,2592,128,3888,37.0315
54,2592,128,5832,52.9567
54,2592,128,8748,76.8446
54,2592,128,13122,112.6764
54,2592,128,16384,139.3987
54,3888,0,0,5.2557
54,3888,1,512,5.2886
54,3888,1,768,5.3050
54,3888,1,1152,5.3295
54,3888,1,1728,5.3664
54,3888,1,2592,5.4217
54,3888,1,3888,5.5046
54,3888,1,5832,5.6291
54,3888,1,8748,5.8157
54,3888,1,13122,6.0956
54,3888,1,16384,6.3044
54,3888,2,512,5.3214
54,3888,2,768,5.3542
54,3888,2,1152,5.4033
54,3888,2,1728,5.4771
54,3888,2,2592,5.5876
54,3888,2,3888,5.7535
54,3888,2,5832,6.0024
54,3888,2,8748,6.3756
54,3888,2,13122,6.9355
54,3888,2,16384,7.3530
54,3888,4,512,5.3871
54,3888,4,768,5.4526
54,3888,4,1152,5.5509
54,3888,4,1728,5.6984
54,3888,4,2592,5.9196
54,3888,4,3888,6.2513
54,3888,4,5832,6.7490
54,3888,4,8748,7.4955
54,3888,4,13122,8.6152
54,3888,4,16384,9.4503
54,3888,8,512,5.5184
54,3888,8,768,5.6495
54,3888,8,1152,5.8461
54,3888,8,1728,6.1410
54,3888,8,2592,6.5834
54,3888,8,3888,7.2469
54,3888,8,5832,8.2422
54,3888,8,8748,9.7352
54,3888,8,13122,11.9747
54,3888,8,16384,13.6449
54,3888,16,512,5.7811
54,3888,16,768,6.0432
54,3888,16,1152,6.4364
54,3888,16,1728,7.0262
54,3888,16,2592,7.9110
54,3888,16,3888,9.2381
54,3888,16,5832,11.2287
54,3888,16,8748,14.2147
54,3888,16,13122,18.6937
54,3888,16,16384,22.0340
54,3888,32,512,6.3064
54,3888,32,768,6.8307
54,3888,32,1152,7.6171
54,3888,32,1728,8.7967
54,3888,32,2592,10.5662
54,3888,32,3888,13.2204
54,3888,32,5832,17.2017
54,3888,32,8748,23.1737
54,3888,32,13122,32.1316
54,3888,32,16384,38.8122
54,3888,64,512,7.3570
54,3888,64,768,8.4056
54,3888,64,1152,9.9784
54,3888,64,1728,12.3377
54,3888,64,2592,15.8767
54,3888,64,3888,21.1851
54,3888,64,5832,29.1477
54,3888,64,8748,41.0916
54,3888,64,13122,59.0076
54,3888,64,16384,72.3687
54,3888,128,512,9.4582
54,3888,128,768,11.5554
54,3888,128,1152,14.7011
54,3888,128,1728,19.4197
54,3888,128,2592,26.4976
54,3888,128,3888,37.1144
54,3888,128,5832,53.0397
54,3888,128,8748,76.9276
54,3888,128,13122,112.7594
54,3888,128,16384,139.4817
54,5832,0,0,5.3802
54,5832,1,512,5.4130
54,5832,1,768,5.4294
54,5832,1,1152,5.4540
54,5832,1,1728,5.4908
54,5832,1,2592,5.5461
54,5832,1,3888,5.6291
54,5832,1,5832,5.7535
54,5832,1,8748,5.9401
54,5832,1,13122,6.2200
54,5832,1,16384,6.4288
54,5832,2,512,5.4458
54,5832,2,768,5.4786
54,5832,2,1152,5.5277
54,5832,2,1728,5.6015
54,5832,2,2592,5.7121
54,5832,2,3888,5.8780
54,5832,2,5832,6.1268
54,5832,2,8748,6.5000
54,5832,2,13122,7.0599
54,5832,2,16384,7.4774
54,5832,4,512,5.5115
54,5832,4,768,5.5770
54,5832,4,1152,5.6753
54,5832,4,1728,5.8228
54,5832,4,2592,6.0440
54,5832,4,3888,6.3757
54,5832,4,5832,6.8734
54,5832,4,8748,7.6199
54,5832,4,13122,8.7396
54,5832,4,16384,9.5747
54,5832,8,512,5.6428
54,5832,8,768,5.7739
54,5832,8,1152,5.9705
54,5832,8,1728,6.2654
54,5832,8,2592,6.7078
54,5832,8,3888,7.3713
54,5832,8,5832,8.3667
54,5832,8,8748,9.8596
54,5832,8,13122,12.0991
54,5832,8,16384,13.7693
54,5832,16,512,5.9055
54,5832,16,768,6.1676
54,5832,16,1152,6.5608
54,5832,16,1728,7.1507
54,5832,16,2592,8.0354
54,5832,16,3888,9.3625
54,5832,16,5832,11.3532
54,5832,16,8748,14.3391
54,5832,16,13122,18.8181
54,5832,16,16384,22.1584
54,5832,32,512,6.4308
54,5832,32,768,6.9551
54,5832,32,1152,7.7415
54,5832,32,1728,8.9212
54,5832,32,2592,10.6906
54,5832,32,3888,13.3448
54,5832,32,5832,17.3261
54,5832,32,8748,23.2981
54,5832,32,13122,32.2561
54,5832,32,16384,38.9366
54,5832,64,512,7.4814
54,5832,64,768,8.5300
54,5832,64,1152,10.1028
54,5832,64,1728,12.4621
54,5832,64,2592,16.0011
54,5832,64,3888,21.3095
54,5832,64,5832,29.2721
54,5832,64,8748,41.2161
54,5832,64,13122,59.1320
54,5832,64,16384,72.4931
54,5832,128,512,9.5827
54,5832,128,768,11.6798
54,5832,128,1152,14.8255
54,5832,128,1728,19.5441
54,5832,128,2592,26.6220
54,5832,128,3888,37.2388
54,5832,128,5832,53.1641
54,5832,128,8748,77.0520
54,5832,128,13122,112.8838
54,5832,128,16384,139.6061
54,8748,0,0,5.5668
54,8748,1,512,5.5996
54,8748,1,768,5.6160
54,8748,1,1152,5.6406
54,8748,1,1728,5.6774
54,8748,1,2592,5.7327
54,8748,1,3888,5.8157
54,8748,1,5832,5.9401
54,8748,1,8748,6.1267
54,8748,1,13122,6.4067
54,8748,1,16384,6.6154
54,8748,2,512,5.6324
54,8748,2,768,5.6652
54,8748,2,1152,5.7144
54,8748,2,1728,5.7881
54,8748,2,2592,5.8987
54,8748,2,3888,6.0646
54,8748,2,5832,6.3134
54,8748,2,8748,6.6867
54,8748,2,13122,7.2465
54,8748,2,16384,7.6641
54,8748,4,512,5.6981
54,8748,4,768,5.7636
54,8748,4,1152,5.8620
54,8748,4,1728,6.0094
54,8748,4,2592,6.2306
54,8748,4,3888,6.5624
54,8748,4,5832,7.0600
54,8748,4,8748,7.8065
54,8748,4,13122,8.9263
54,8748,4,16384,9.7613
54,8748,8,512,5.8294
54,8748,8,768,5.9605
54,8748,8,1152,6.1571
54,8748,8,1728,6.4520
54,8748,8,2592,6.8944
54,8748,8,3888,7.5580
54,8748,8,5832,8.5533
54,8748,8,8748,10.0463
54,8748,8,13122,12.2858
54,8748,8,16384,13.9559
54,8748,16,512,6.0921
54,8748,16,768,6.3542
54,8748,16,1152,6.7475
54,8748,16,1728,7.3373
54,8748,16,2592,8.2220
54,8748,16,3888,9.5491
54,8748,16,5832,11.5398
54,8748,16,8748,14.5258
54,8748,16,13122,19.0047
54,8748,16,16384,22.3450
54,8748,32,512,6.6174
54,8748,32,768,7.1417
54,8748,32,1152,7.9281
54,8748,32,1728,9.1078
54,8748,32,2592,10.8772
54,8748,32,3888,13.5315
54,8748,32,5832,17.5128
54,8748,32,8748,23.4847
54,8748,32,13122,32.4427
54,8748,32,16384,39.1233
54,8748,64,512,7.6680
54,8748,64,768,8.7166
54,8748,64,1152,10.2895
54,8748,64,1728,12.6488
54,8748,64,2592,16.1877
54,8748,64,3888,21.4961
54,8748,64,5832,29.4588
54,8748,64,8748,41.4027
54,8748,64,13122,59.3186
54,8748,64,16384,72.6797
54,8748,128,512,9.7693
54,8748,128,768,11.8664
54,8748,128,1152,15.0122
54,8748,128,1728,19.7308
54,8748,128,2592,26.8086
54,8748,128,3888,37.4255
54,8748,128,5832,53.3507
54,8748,128,8748,77.2386
54,8748,128,13122,113.0704
54,8748,128,16384,139.7927
54,13122,0,0,5.8467
54,13122,1,512,5.8796
54,13122,1,768,5.8959
54,13122,1,1152,5.9205
54,13122,1,1728,5.9574
54,13122,1,2592,6.0127
54,13122,1,3888,6.0956
54,13122,1,5832,6.2200
54,13122,1,8748,6.4067
54,13122,1,13122,6.6866
54,13122,1,16384,6.8954
54,13122,2,512,5.9124
54,13122,2,768,5.9452
54,13122,2,1152,5.9943
54,13122,2,1728,6.0680
54,13122,2,2592,6.1786
54,13122,2,3888,6.3445
54,13122,2,5832,6.5933
54,13122,2,8748,6.9666
54,13122,2,13122,7.5265
54,13122,2,16384,7.9440
54,13122,4,512,5.9780
54,13122,4,768,6.0436
54,13122,4,1152,6.1419
54,13122,4,1728,6.2893
54,13122,4,2592,6.5105
54,13122,4,3888,6.8423
54,13122,4,5832,7.3400
54,13122,4,8748,8.0865
54,13122,4,13122,9.2062
54,13122,4,16384,10.0413
54,13122,8,512,6.1094
54,13122,8,768,6.2404
54,13122,8,1152,6.4371
54,13122,8,1728,6.7320
54,13122,8,2592,7.1743
54,13122,8,3888,7.8379
54,13122,8,5832,8.8332
54,13122,8,8748,10.3262
54,13122,8,13122,12.5657
54,13122,8,16384,14.2358
54,13122,16,512,6.3720
54,13122,16,768,6.6342
54,13122,16,1152,7.0274
54,13122,16,1728,7.6172
54,13122,16,2592,8.5020
54,13122,16,3888,9.8291
54,13122,16,5832,11.8197
54,13122,16,8748,14.8057
54,13122,16,13122,19.2847
54,13122,16,16384,22.6250
54,13122,32,512,6.8973
54,13122,32,768,7.4216
54,13122,32,1152,8.2081
54,13122,32,1728,9.3877
54,13122,32,2592,11.1572
54,13122,32,3888,13.8114
54,13122,32,5832,17.7927
54,13122,32,8748,23.7647
54,13122,32,13122,32.7226
54,13122,32,16384,39.4032
54,13122,64,512,7.9480
54,13122,64,768,8.9965
54,13122,64,1152,10.5694
54,13122,64,1728,12.9287
54,13122,64,2592,16.4676
54,13122,64,3888,21.7761
54,13122,64,5832,29.7387
54,13122,64,8748,41.6826
54,13122,64,13122,59.5985
54,13122,64,16384,72.9597
54,13122,128,512,10.0492
54,13122,128,768,12.1464
54,13122,128,1152,15.2921
54,13122,128,1728,20.0107
54,13122,128,2592,27.0886
54,13122,128,3888,37.7054
54,13122,128,5832,53.6307
54,13122,128,8748,77.5185
54,13122,128,13122,113.3503
54,13122,128,16384,140.0726
54,16384,0,0,6.0555
54,16384,1,512,6.0883
54,16384,1,768,6.1047
54,16384,1,1152,6.1293
54,16384,1,1728,6.1661
54,16384,1,2592,6.2214
54,16384,1,3888,6.3044
54,16384,1,5832,6.4288
54,16384,1,8748,6.6154
54,16384,1,13122,6.8954
54,16384,1,16384,7.1041
54,16384,2,512,6.1212
54,16384,2,768,6.1539
54,16384,2,1152,6.2031
54,16384,2,1728,6.2768
54,16384,2,2592,6.3874
54,16384,2,3888,6.5533
54,16384,2,5832,6.8021
54,16384,2,8748,7.1754
54,16384,2,13122,7.7352
54,16384,2,16384,8.1528
54,16384,4,512,6.1868
54,16384,4,768,6.2524
54,16384,4,1152,6.3507
54,16384,4,1728,6.4981
54,16384,4,2592,6.7193
54,16384,4,3888,7.0511
54,16384,4,5832,7.5487
54,16384,4,8748,8.2952
54,16384,4,13122,9.4150
54,16384,4,16384,10.2500
54,16384,8,512,6.3181
54,16384,8,768,6.4492
54,16384,8,1152,6.6458
54,16384,8,1728,6.9407
54,16384,8,2592,7.3831
54,16384,8,3888,8.0467
54,16384,8,5832,9.0420
54,16384,8,8748,10.5350
54,16384,8,13122,12.7745
54,16384,8,16384,14.4446
54,16384,16,512,6.5808
54,16384,16,768,6.8429
54,16384,16,1152,7.2362
54,16384,16,1728,7.8260
54,16384,16,2592,8.7107
54,16384,16,3888,10.0378
54,16384,16,5832,12.0285
54,16384,16,8748,15.0145
54,16384,16,13122,19.4934
54,16384,16,16384,22.8337
54,16384,32,512,7.1061
54,16384,32,768,7.6304
54,16384,32,1152,8.4168
54,16384,32,1728,9.5965
54,16384,32,2592,11.3660
54,16384,32,3888,14.0202
54,16384,32,5832,18.0015
54,16384,32,8748,23.9734
54,16384,32,13122,32.9314
54,16384,32,16384,39.6120
54,16384,64,512,8.1567
54,16384,64,768,9.2053
54,16384,64,1152,10.7782
54,16384,64,1728,13.1375
54,16384,64,2592,16.6764
54,16384,64,3888,21.9848
54,16384,64,5832,29.9475
54,16384,64,8748,41.8914
54,16384,64,13122,59.8073
54,16384,64,16384,73.1684
54,16384,128,512,10.2580
54,16384,128,768,12.3551
54,16384,128,1152,15.5009
54,16384,128,1728,20.2195
54,16384,128,2592,27.2973
54,16384,128,3888,37.9142
54,16384,128,5832,53.8394
54,16384,128,8748,77.7273
54,16384,128,13122,113.5591
54,16384,128,16384,140.2814
64,0,0,0,5.0082
64,0,1,16,5.0093
64,0,1,32,5.0103
64,0,1,64,5.0124
64,0,1,128,5.0164
64,0,1,256,5.0246
64,0,1,512,5.0410
64,0,1,1024,5.0738
64,0,1,2048,5.1393
64,0,1,4096,5.2704
64,0,1,8192,5.5325
64,0,1,16384,6.0568
64,0,2,16,5.0104
64,0,2,32,5.0124
64,0,2,64,5.0165
64,0,2,128,5.0247
64,0,2,256,5.0411
64,0,2,512,5.0739
64,0,2,1024,5.1394
64,0,2,2048,5.2705
64,0,2,4096,5.5326
64,0,2,8192,6.0569
64,0,2,16384,7.1055
64,0,4,16,5.0125
64,0,4,32,5.0166
64,0,4,64,5.0248
64,0,4,128,5.0412
64,0,4,256,5.0740
64,0,4,512,5.1395
64,0,4,1024,5.2706
64,0,4,2048,5.5327
64,0,4,4096,6.0570
64,0,4,8192,7.1056
64,0,4,16384,9.2028
64,0,8,16,5.0169
64,0,8,32,5.0251
64,0,8,64,5.0415
64,0,8,128,5.0742
64,0,8,256,5.1398
64,0,8,512,5.2708
64,0,8,1024,5.5330
64,0,8,2048,6.0573
64,0,8,4096,7.1059
64,0,8,8192,9.2030
64,0,8,16384,13.3973
64,0,16,16,5.0256
64,0,16,32,5.0420
64,0,16,64,5.0748
64,0,16,128,5.1403
64,0,16,256,5.2714
64,0,16,512,5.5335
64,0,16,1024,6.0578
64,0,16,2048,7.1064
64,0,16,4096,9.2035
64,0,16,8192,13.3978
64,0,16,16384,21.7864
64,0,32,16,5.0430
64,0,32,32,5.0758
64,0,32,64,5.1413
64,0,32,128,5.2724
64,0,32,256,5.5345
64,0,32,512,6.0588
64,0,32,1024,7.1074
64,0,32,2048,9.2045
64,0,32,4096,13.3988
64,0,32,8192,21.7875
64,0,32,16384,38.5647
64,0,64,16,5.0778
64,0,64,32,5.1434
64,0,64,64,5.2744
64,0,64,128,5.5366
64,0,64,256,6.0609
64,0,64,512,7.1094
64,0,64,1024,9.2066
64,0,64,2048,13.4009
64,0,64,4096,21.7895
64,0,64,8192,38.5667
64,0,64,16384,72.1212
64,0,128,16,5.1475
64,0,128,32,5.2785
64,0,128,64,5.5407
64,0,128,128,6.0650
64,0,128,256,7.1135
64,0,128,512,9.2107
64,0,128,1024,13.4050
64,0,128,2048,21.7936
64,0,128,4096,38.5708
64,0,128,8192,72.1252
64,0,128,16384,139.2341
64,16,0,0,5.0092
64,16,1,16,5.0103
64,16,1,32,5.0113
64,16,1,64,5.0134
64,16,1,128,5.0175
64,16,1,256,5.0257
64,16,1,512,5.0420
64,16,1,1024,5.0748
64,16,1,2048,5.1404
64,16,1,4096,5.2714
64,16,1,8192,5.5336
64,16,1,16384,6.0579
64,16,2,16,5.0114
64,16,2,32,5.0134
64,16,2,64,5.0175
64,16,2,128,5.0257
64,16,2,256,5.0421
64,16,2,512,5.0749
64,16,2,1024,5.1404
64,16,2,2048,5.2715
64,16,2,4096,5.5336
64,16,2,8192,6.0579
64,16,2,16384,7.1065
64,16,4,16,5.0136
64,16,4,32,5.0177
64,16,4,64,5.0259
64,16,4,128,5.0422
64,16,4,256,5.0750
64,16,4,512,5.1405
64,16,4,1024,5.2716
64,16,4,2048,5.5338
64,16,4,4096,6.0580
64,16,4,8192,7.1066
64,16,4,16384,9.2038
64,16,8,16,5.0179
64,16,8,32,5.0261
64,16,8,64,5.0425
64,16,8,128,5.0753
64,16,8,256,5.1408
64,16,8,512,5.2719
64,16,8,1024,5.5340
64,16,8,2048,6.0583
64,16,8,4096,7.1069
64,16,8,8192,9.2040
64,16,8,16384,13.3983
64,16,16,16,5.0266
64,16,16,32,5.0430
64,16,16,64,5.0758
64,16,16,128,5.1413
64,16,16,256,5.2724
64,16,16,512,5.5345
64,16,16,1024,6.0588
64,16,16,2048,7.1074
64,16,16,4096,9.2045
64,16,16,8192,13.3988
64,16,16,16384,21.7875
64,16,32,16,5.0440
64,16,32,32,5.0768
64,16,32,64,5.1423
64,16,32,128,5.2734
64,16,32,256,5.5356
64,16,32,512,6.0598
64,16,32,1024,7.1084
64,16,32,2048,9.2056
64,16,32,4096,13.3999
64,16,32,8192,21.7885
64,16,32,16384,38.5657
64,16,64,16,5.0788
64,16,64,32,5.1444
64,16,64,64,5.2755
64,16,64,128,5.5376
64,16,64,256,6.0619
64,16,64,512,7.1105
64,16,64,1024,9.2076
64,16,64,2048,13.4019
64,16,64,4096,21.7905
64,16,64,8192,38.5677
64,16,64,16384,72.1222
64,16,128,16,5.1485
64,16,128,32,5.2796
64,16,128,64,5.5417
64,16,128,128,6.0660
64,16,128,256,7.1146
64,16,128,512,9.2117
64,16,128,1024,13.4060
64,16,128,2048,21.7946
64,16,128,4096,38.5718
64,16,128,8192,72.1263
64,16,128,16384,139.2351
64,32,0,0,5.0102
64,32,1,16,5.0113
64,32,1,32,5.0124
64,32,1,64,5.0144
64,32,1,128,5.0185
64,32,1,256,5.0267
64,32,1,512,5.0431
64,32,1,1024,5.0758
64,32,1,2048,5.1414
64,32,1,4096,5.2724
64,32,1,8192,5.5346
64,32,1,16384,6.0589
64,32,2,16,5.0124
64,32,2,32,5.0145
64,32,2,64,5.0186
64,32,2,128,5.0268
64,32,2,256,5.0431
64,32,2,512,5.0759
64,32,2,1024,5.1414
64,32,2,2048,5.2725
64,32,2,4096,5.5347
64,32,2,8192,6.0589
64,32,2,16384,7.1075
64,32,4,16,5.0146
64,32,4,32,5.0187
64,32,4,64,5.0269
64,32,4,128,5.0433
64,32,4,256,5.0760
64,32,4,512,5.1416
64,32,4,1024,5.2726
64,32,4,2048,5.5348
64,32,4,4096,6.0591
64,32,4,8192,7.1076
64,32,4,16384,9.2048
64,32,8,16,5.0189
64,32,8,32,5.0271
64,32,8,64,5.0435
64,32,8,128,5.0763
64,32,8,256,5.1418
64,32,8,512,5.2729
64,32,8,1024,5.5350
64,32,8,2048,6.0593
64,32,8,4096,7.1079
64,32,8,8192,9.2051
64,32,8,16384,13.3994
64,32,16,16,5.0276
64,32,16,32,5.0440
64,32,16,64,5.0768
64,32,16,128,5.1423
64,32,16,256,5.2734
64,32,16,512,5.5356
64,32,16,1024,6.0598
64,32,16,2048,7.1084
64,32,16,4096,9.2056
64,32,16,8192,13.3999
64,32,16,16384,21.7885
64,32,32,16,5.0451
64,32,32,32,5.0778
64,32,32,64,5.1434
64,32,32,128,5.2744
64,32,32,256,5.5366
64,32,32,512,6.0609
64,32,32,1024,7.1094
64,32,32,2048,9.2066
64,32,32,4096,13.4009
64,32,32,8192,21.7895
64,32,32,16384,38.5667
64,32,64,16,5.0799
64,32,64,32,5.1454
64,32,64,64,5.2765
64,32,64,128,5.5386
64,32,64,256,6.0629
64,32,64,512,7.1115
64,32,64,1024,9.2086
64,32,64,2048,13.4029
64,32,64,4096,21.7916
64,32,64,8192,38.5688
64,32,64,16384,72.1232
64,32,128,16,5.1495
64,32,128,32,5.2806
64,32,128,64,5.5427
64,32,128,128,6.0670
64,32,128,256,7.1156
64,32,128,512,9.2127
64,32,128,1024,13.4070
64,32,128,2048,21.7956
64,32,128,4096,38.5729
64,32,128,8192,72.1273
64,32,128,16384,139.2362
64,64,0,0,5.0123
64,64,1,16,5.0134
64,64,1,32,5.0144
64,64,1,64,5.0164
64,64,1,128,5.0205
64,64,1,256,5.0287
64,64,1,512,5.0451
64,64,1,1024,5.0779
64,64,1,2048,5.1434
64,64,1,4096,5.2745
64,64,1,8192,5.5366
64,64,1,16384,6.0609
64,64,2,16,5.0145
64,64,2,32,5.0165
64,64,2,64,5.0206
64,64,2,128,5.0288
64,64,2,256,5.0452
64,64,2,512,5.0780
64,64,2,1024,5.1435
64,64,2,2048,5.2746
64,64,2,4096,5.5367
64,64,2,8192,6.0610
64,64,2,16384,7.1096
64,64,4,16,5.0166
64,64,4,32,5.0207
64,64,4,64,5.0289
64,64,4,128,5.0453
64,64,4,256,5.0781
64,64,4,512,5.1436
64,64,4,1024,5.2747
64,64,4,2048,5.5368
64,64,4,4096,6.0611
64,64,4,8192,7.1097
64,64,4,16384,9.2068
64,64,8,16,5.0210
64,64,8,32,5.0292
64,64,8,64,5.0456
64,64,8,128,5.0783
64,64,8,256,5.1439
64,64,8,512,5.2749
64,64,8,1024,5.5371
64,64,8,2048,6.0614
64,64,8,4096,7.1100
64,64,8,8192,9.2071
64,64,8,16384,13.4014
64,64,16,16,5.0297
64,64,16,32,5.0461
64,64,16,64,5.0788
64,64,16,128,5.1444
64,64,16,256,5.2755
64,64,16,512,5.5376
64,64,16,1024,6.0619
64,64,16,2048,7.1105
64,64,16,4096,9.2076
64,64,16,8192,13.4019
64,64,16,16384,21.7905
64,64,32,16,5.0471
64,64,32,32,5.0799
64,64,32,64,5.1454
64,64,32,128,5.2765
64,64,32,256,5.5386
64,64,32,512,6.0629
64,64,32,1024,7.1115
64,64,32,2048,9.2086
64,64,32,4096,13.4029
64,64,32,8192,21.7916
64,64,32,16384,38.5688
64,64,64,16,5.0819
64,64,64,32,5.1475
64,64,64,64,5.2785
64,64,64,128,5.5407
64,64,64,256,6.0650
64,64,64,512,7.1135
64,64,64,1024,9.2107
64,64,64,2048,13.4050
64,64,64,4096,21.7936
64,64,64,8192,38.5708
64,64,64,16384,72.1252
64,64,128,16,5.1516
64,64,128,32,5.2826
64,64,128,64,5.5448
64,64,128,128,6.0691
64,64,128,256,7.1176
64,64,128,512,9.2148
64,64,128,1024,13.4091
64,64,128,2048,21.7977
64,64,128,4096,38.5749
64,64,128,8192,72.1293
64,64,128,16384,139.2382
64,128,0,0,5.0164
64,128,1,16,5.0175
64,128,1,32,5.0185
64,128,1,64,5.0205
64,128,1,128,5.0246
64,128,1,256,5.0328
64,128,1,512,5.0492
64,128,1,1024,5.0820
64,128,1,2048,5.1475
64,128,1,4096,5.2786
64,128,1,8192,5.5407
64,128,1,16384,6.0650
64,128,2,16,5.0186
64,128,2,32,5.0206
64,128,2,64,5.0247
64,128,2,128,5.0329
64,128,2,256,5.0493
64,128,2,512,5.0820
64,128,2,1024,5.1476
64,128,2,2048,5.2787
64,128,2,4096,5.5408
64,128,2,8192,6.0651
64,128,2,16384,7.1137
64,128,4,16,5.0207
64,128,4,32,5.0248
64,128,4,64,5.0330
64,128,4,128,5.0494
64,128,4,256,5.0822
64,128,4,512,5.1477
64,128,4,1024,5.2788
64,128,4,2048,5.5409
64,128,4,4096,6.0652
64,128,4,8192,7.1138
64,128,4,16384,9.2109
64,128,8,16,5.0251
64,128,8,32,5.0333
64,128,8,64,5.0497
64,128,8,128,5.0824
64,128,8,256,5.1480
64,128,8,512,5.2790
64,128,8,1024,5.5412
64,128,8,2048,6.0655
64,128,8,4096,7.1140
64,128,8,8192,9.2112
64,128,8,16384,13.4055
64,128,16,16,5.0338
64,128,16,32,5.0502
64,128,16,64,5.0829
64,128,16,128,5.1485
64,128,16,256,5.2796
64,128,16,512,5.5417
64,128,16,1024,6.0660
64,128,16,2048,7.1146
64,128,16,4096,9.2117
64,128,16,8192,13.4060
64,128,16,16384,21.7946
64,128,32,16,5.0512
64,128,32,32,5.0840
64,128,32,64,5.1495
64,128,32,128,5.2806
64,128,32,256,5.5427
64,128,32,512,6.0670
64,128,32,1024,7.1156
64,128,32,2048,9.2127
64,128,32,4096,13.4070
64,128,32,8192,21.7956
64,128,32,16384,38.5729
64,128,64,16,5.0860
64,128,64,32,5.1516
64,128,64,64,5.2826
64,128,64,128,5.5448
64,128,64,256,6.0691
64,128,64,512,7.1176
64,128,64,1024,9.2148
64,128,64,2048,13.4091
64,128,64,4096,21.7977
64,128,64,8192,38.5749
64,128,64,16384,72.1293
64,128,128,16,5.1556
64,128,128,32,5.2867
64,128,128,64,5.5489
64,128,128,128,6.0732
64,128,128,256,7.1217
64,128,128,512,9.2189
64,128,128,1024,13.4132
64,128,128,2048,21.8018
64,128,128,4096,38.5790
64,128,128,8192,72.1334
64,128,128,16384,139.2423
64,256,0,0,5.0246
64,256,1,16,5.0257
64,256,1,32,5.0267
64,256,1,64,5.0287
64,256,1,128,5.0328
64,256,1,256,5.0410
64,256,1,512,5.0574
64,256,1,1024,5.0902
64,256,1,2048,5.1557
64,256,1,4096,5.2868
64,256,1,8192,5.5489
64,256,1,16384,6.0732
64,256,2,16,5.0268
64,256,2,32,5.0288
64,256,2,64,5.0329
64,256,2,128,5.0411
64,256,2,256,5.0575
64,256,2,512,5.0902
64,256,2,1024,5.1558
64,256,2,2048,5.2868
64,256,2,4096,5.5490
64,256,2,8192,6.0733
64,256,2,16384,7.1219
64,256,4,16,5.0289
64,256,4,32,5.0330
64,256,4,64,5.0412
64,256,4,128,5.0576
64,256,4,256,5.0904
64,256,4,512,5.1559
64,256,4,1024,5.2870
64,256,4,2048,5.5491
64,256,4,4096,6.0734
64,256,4,8192,7.1220
64,256,4,16384,9.2191
64,256,8,16,5.0333
64,256,8,32,5.0415
64,256,8,64,5.0579
64,256,8,128,5.0906
64,256,8,256,5.1562
64,256,8,512,5.2872
64,256,8,1024,5.5494
64,256,8,2048,6.0737
64,256,8,4096,7.1222
64,256,8,8192,9.2194
64,256,8,16384,13.4137
64,256,16,16,5.0420
64,256,16,32,5.0584
64,256,16,64,5.0911
64,256,16,128,5.1567
64,256,16,256,5.2877
64,256,16,512,5.5499
64,256,16,1024,6.0742
64,256,16,2048,7.1228
64,256,16,4096,9.2199
64,256,16,8192,13.4142
64,256,16,16384,21.8028
64,256,32,16,5.0594
64,256,32,32,5.0922
64,256,32,64,5.1577
64,256,32,128,5.2888
64,256,32,256,5.5509
64,256,32,512,6.0752
64,256,32,1024,7.1238
64,256,32,2048,9.2209
64,256,32,4096,13.4152
64,256,32,8192,21.8038
64,256,32,16384,38.5811
64,256,64,16,5.0942
64,256,64,32,5.1597
64,256,64,64,5.2908
64,256,64,128,5.5530
64,256,64,256,6.0772
64,256,64,512,7.1258
64,256,64,1024,9.2230
64,256,64,2048,13.4173
64,256,64,4096,21.8059
64,256,64,8192,38.5831
64,256,64,16384,72.1375
64,256,128,16,5.1638
64,256,128,32,5.2949
64,256,128,64,5.5571
64,256,128,128,6.0813
64,256,128,256,7.1299
64,256,128,512,9.2271
64,256,128,1024,13.4214
64,256,128,2048,21.8100
64,256,128,4096,38.5872
64,256,128,8192,72.1416
64,256,128,16384,139.2505
64,512,0,0,5.0410
64,512,1,16,5.0420
64,512,1,32,5.0431
64,512,1,64,5.0451
64,512,1,128,5.0492
64,512,1,256,5.0574
64,512,1,512,5.0738
64,512,1,1024,5.1066
64,512,1,2048,5.1721
64,512,1,4096,5.3032
64,512,1,8192,5.5653
64,512,1,16384,6.0896
64,512,2,16,5.0431
64,512,2,32,5.0452
64,512,2,64,5.0493
64,512,2,128,5.0575
64,512,2,256,5.0739
64,512,2,512,5.1066
64,512,2,1024,5.1722
64,512,2,2048,5.3032
64,512,2,4096,5.5654
64,512,2,8192,6.0897
64,512,2,16384,7.1382
64,512,4,16,5.0453
64,512,4,32,5.0494
64,512,4,64,5.0576
64,512,4,128,5.0740
64,512,4,256,5.1068
64,512,4,512,5.1723
64,512,4,1024,5.3034
64,512,4,2048,5.5655
64,512,4,4096,6.0898
64,512,4,8192,7.1384
64,512,4,16384,9.2355
64,512,8,16,5.0497
64,512,8,32,5.0579
64,512,8,64,5.0742
64,512,8,128,5.1070
64,512,8,256,5.1725
64,512,8,512,5.3036
64,512,8,1024,5.5658
64,512,8,2048,6.0900
64,512,8,4096,7.1386
64,512,8,8192,9.2358
64,512,8,16384,13.4301
64,512,16,16,5.0584
64,512,16,32,5.0748
64,512,16,64,5.1075
64,512,16,128,5.1731
64,512,16,256,5.3041
64,512,16,512,5.5663
64,512,16,1024,6.0906
64,512,16,2048,7.1391
64,512,16,4096,9.2363
64,512,16,8192,13.4306
64,512,16,16384,21.8192
64,512,32,16,5.0758
64,512,32,32,5.1085
64,512,32,64,5.1741
64,512,32,128,5.3052
64,512,32,256,5.5673
64,512,32,512,6.0916
64,512,32,1024,7.1402
64,512,32,2048,9.2373
64,512,32,4096,13.4316
64,512,32,8192,21.8202
64,512,32,16384,38.5974
64,512,64,16,5.1106
64,512,64,32,5.1761
64,512,64,64,5.3072
64,512,64,128,5.5693
64,512,64,256,6.0936
64,512,64,512,7.1422
64,512,64,1024,9.2394
64,512,64,2048,13.4337
64,512,64,4096,21.8223
64,512,64,8192,38.5995
64,512,64,16384,72.1539
64,512,128,16,5.1802
64,512,128,32,5.3113
64,512,128,64,5.5734
64,512,128,128,6.0977
64,512,128,256,7.1463
64,512,128,512,9.2435
64,512,128,1024,13.4378
64,512,128,2048,21.8264
64,512,128,4096,38.6036
64,512,128,8192,72.1580
64,512,128,16384,139.2669
64,1024,0,0,5.0737
64,1024,1,16,5.0748
64,1024,1,32,5.0758
64,1024,1,64,5.0779
64,1024,1,128,5.0820
64,1024,1,256,5.0902
64,1024,1,512,5.1066
64,1024,1,1024,5.1393
64,1024,1,2048,5.2049
64,1024,1,4096,5.3359
64,1024,1,8192,5.5981
64,1024,1,16384,6.1224
64,1024,2,16,5.0759
64,1024,2,32,5.0780
64,1024,2,64,5.0820
64,1024,2,128,5.0902
64,1024,2,256,5.1066
64,1024,2,512,5.1394
64,1024,2,1024,5.2049
64,1024,2,2048,5.3360
64,1024,2,4096,5.5981
64,1024,2,8192,6.1224
64,1024,2,16384,7.1710
64,1024,4,16,5.0781
64,1024,4,32,5.0822
64,1024,4,64,5.0904
64,1024,4,128,5.1068
64,1024,4,256,5.1395
64,1024,4,512,5.2051
64,1024,4,1024,5.3361
64,1024,4,2048,5.5983
64,1024,4,4096,6.1226
64,1024,4,8192,7.1711
64,1024,4,16384,9.2683
64,1024,8,16,5.0824
64,1024,8,32,5.0906
64,1024,8,64,5.1070
64,1024,8,128,5.1398
64,1024,8,256,5.2053
64,1024,8,512,5.3364
64,1024,8,1024,5.5985
64,1024,8,2048,6.1228
64,1024,8,4096,7.1714
64,1024,8,8192,9.2685
64,1024,8,16384,13.4628
64,1024,16,16,5.0911
64,1024,16,32,5.1075
64,1024,16,64,5.1403
64,1024,16,128,5.2058
64,1024,16,256,5.3369
64,1024,16,512,5.5990
64,1024,16,1024,6.1233
64,1024,16,2048,7.1719
64,1024,16,4096,9.2691
64,1024,16,8192,13.4634
64,1024,16,16384,21.8520
64,1024,32,16,5.1085
64,1024,32,32,5.1413
64,1024,32,64,5.2068
64,1024,32,128,5.3379
64,1024,32,256,5.6001
64,1024,32,512,6.1244
64,1024,32,1024,7.1729
64,1024,32,2048,9.2701
64,1024,32,4096,13.4644
64,1024,32,8192,21.8530
64,1024,32,16384,38.6302
64,1024,64,16,5.1434
64,1024,64,32,5.2089
64,1024,64,64,5.3400
64,1024,64,128,5.6021
64,1024,64,256,6.1264
64,1024,64,512,7.1750
64,1024,64,1024,9.2721
64,1024,64,2048,13.4664
64,1024,64,4096,21.8550
64,1024,64,8192,38.6323
64,1024,64,16384,72.1867
64,1024,128,16,5.2130
64,1024,128,32,5.3441
64,1024,128,64,5.6062
64,1024,128,128,6.1305
64,1024,128,256,7.1791
64,1024,128,512,9.2762
64,1024,128,1024,13.4705
64,1024,128,2048,21.8591
64,1024,128,4096,38.6364
64,1024,128,8192,72.1908
64,1024,128,16384,139.2996
64,2048,0,0,5.1393
64,2048,1,16,5.1404
64,2048,1,32,5.1414
64,2048,1,64,5.1434
64,2048,1,128,5.1475
64,2048,1,256,5.1557
64,2048,1,512,5.1721
64,2048,1,1024,5.2049
64,2048,1,2048,5.2704
64,2048,1,4096,5.4015
64,2048,1,8192,5.6636
64,2048,1,16384,6.1879
64,2048,2,16,5.1414
64,2048,2,32,5.1435
64,2048,2,64,5.1476
64,2048,2,128,5.1558
64,2048,2,256,5.1722
64,2048,2,512,5.2049
64,2048,2,1024,5.2705
64,2048,2,2048,5.4015
64,2048,2,4096,5.6637
64,2048,2,8192,6.1880
64,2048,2,16384,7.2365
64,2048,4,16,5.1436
64,2048,4,32,5.1477
64,2048,4,64,5.1559
64,2048,4,128,5.1723
64,2048,4,256,5.2051
64,2048,4,512,5.2706
64,2048,4,1024,5.4017
64,2048,4,2048,5.6638
64,2048,4,4096,6.1881
64,2048,4,8192,7.2367
64,2048,4,16384,9.3338
64,2048,8,16,5.1480
64,2048,8,32,5.1562
64,2048,8,64,5.1725
64,2048,8,128,5.2053
64,2048,8,256,5.2708
64,2048,8,512,5.4019
64,2048,8,1024,5.6641
64,2048,8,2048,6.1884
64,2048,8,4096,7.2369
64,2048,8,8192,9.3341
64,2048,8,16384,13.5284
64,2048,16,16,5.1567
64,2048,16,32,5.1731
64,2048,16,64,5.2058
64,2048,16,128,5.2714
64,2048,16,256,5.4024
64,2048,16,512,5.6646
64,2048,16,1024,6.1889
64,2048,16,2048,7.2374
64,2048,16,4096,9.3346
64,2048,16,8192,13.5289
64,2048,16,16384,21.9175
64,2048,32,16,5.1741
64,2048,32,32,5.2068
64,2048,32,64,5.2724
64,2048,32,128,5.4035
64,2048,32,256,5.6656
64,2048,32,512,6.1899
64,2048,32,1024,7.2385
64,2048,32,2048,9.3356
64,2048,32,4096,13.5299
64,2048,32,8192,21.9185
64,2048,32,16384,38.6957
64,2048,64,16,5.2089
64,2048,64,32,5.2744
64,2048,64,64,5.4055
64,2048,64,128,5.6676
64,2048,64,256,6.1919
64,2048,64,512,7.2405
64,2048,64,1024,9.3377
64,2048,64,2048,13.5320
64,2048,64,4096,21.9206
64,2048,64,8192,38.6978
64,2048,64,16384,72.2522
64,2048,128,16,5.2785
64,2048,128,32,5.4096
64,2048,128,64,5.6717
64,2048,128,128,6.1960
64,2048,128,256,7.2446
64,2048,128,512,9.3418
64,2048,128,1024,13.5361
64,2048,128,2048,21.9247
64,2048,128,4096,38.7019
64,2048,128,8192,72.2563
64,2048,128,16384,139.3652
64,4096,0,0,5.2703
64,4096,1,16,5.2714
64,4096,1,32,5.2724
64,4096,1,64,5.2745
64,4096,1,128,5.2786
64,4096,1,256,5.2868
64,4096,1,512,5.3032
64,4096,1,1024,5.3359
64,4096,1,2048,5.4015
64,4096,1,4096,5.5325
64,4096,1,8192,5.7947
64,4096,1,16384,6.3190
64,4096,2,16,5.2725
64,4096,2,32,5.2746
64,4096,2,64,5.2787
64,4096,2,128,5.2868
64,4096,2,256,5.3032
64,4096,2,512,5.3360
64,4096,2,1024,5.4015
64,4096,2,2048,5.5326
64,4096,2,4096,5.7948
64,4096,2,8192,6.3190
64,4096,2,16384,7.3676
64,4096,4,16,5.2747
64,4096,4,32,5.2788
64,4096,4,64,5.2870
64,4096,4,128,5.3034
64,4096,4,256,5.3361
64,4096,4,512,5.4017
64,4096,4,1024,5.5327
64,4096,4,2048,5.7949
64,4096,4,4096,6.3192
64,4096,4,8192,7.3677
64,4096,4,16384,9.4649
64,4096,8,16,5.2790
64,4096,8,32,5.2872
64,4096,8,64,5.3036
64,4096,8,128,5.3364
64,4096,8,256,5.4019
64,4096,8,512,5.5330
64,4096,8,1024,5.7951
64,4096,8,2048,6.3194
64,4096,8,4096,7.3680
64,4096,8,8192,9.4652
64,4096,8,16384,13.6595
64,4096,16,16,5.2877
64,4096,16,32,5.3041
64,4096,16,64,5.3369
64,4096,16,128,5.4024
64,4096,16,256,5.5335
64,4096,16,512,5.7956
64,4096,16,1024,6.3199
64,4096,16,2048,7.3685
64,4096,16,4096,9.4657
64,4096,16,8192,13.6600
64,4096,16,16384,22.0486
64,4096,32,16,5.3052
64,4096,32,32,5.3379
64,4096,32,64,5.4035
64,4096,32,128,5.5345
64,4096,32,256,5.7967
64,4096,32,512,6.3210
64,4096,32,1024,7.3695
64,4096,32,2048,9.4667
64,4096,32,4096,13.6610
64,4096,32,8192,22.0496
64,4096,32,16384,38.8268
64,4096,64,16,5.3400
64,4096,64,32,5.4055
64,4096,64,64,5.5366
64,4096,64,128,5.7987
64,4096,64,256,6.3230
64,4096,64,512,7.3716
64,4096,64,1024,9.4687
64,4096,64,2048,13.6630
64,4096,64,4096,22.0516
64,4096,64,8192,38.8289
64,4096,64,16384,72.3833
64,4096,128,16,5.4096
64,4096,128,32,5.5407
64,4096,128,64,5.8028
64,4096,128,128,6.3271
64,4096,128,256,7.3757
64,4096,128,512,9.4728
64,4096,128,1024,13.6671
64,4096,128,2048,22.0557
64,4096,128,4096,38.8330
64,4096,128,8192,72.3874
64,4096,128,16384,139.4963
64,8192,0,0,5.5325
64,8192,1,16,5.5336
64,8192,1,32,5.5346
64,8192,1,64,5.5366
64,8192,1,128,5.5407
64,8192,1,256,5.5489
64,8192,1,512,5.5653
64,8192,1,1024,5.5981
64,8192,1,2048,5.6636
64,8192,1,4096,5.7947
64,8192,1,8192,6.0568
64,8192,1,16384,6.5811
64,8192,2,16,5.5347
64,8192,2,32,5.5367
64,8192,2,64,5.5408
64,8192,2,128,5.5490
64,8192,2,256,5.5654
64,8192,2,512,5.5981
64,8192,2,1024,5.6637
64,8192,2,2048,5.7948
64,8192,2,4096,6.0569
64,8192,2,8192,6.5812
64,8192,2,16384,7.6298
64,8192,4,16,5.5368
64,8192,4,32,5.5409
64,8192,4,64,5.5491
64,8192,4,128,5.5655
64,8192,4,256,5.5983
64,8192,4,512,5.6638
64,8192,4,1024,5.7949
64,8192,4,2048,6.0570
64,8192,4,4096,6.5813
64,8192,4,8192,7.6299
64,8192,4,16384,9.7270
64,8192,8,16,5.5412
64,8192,8,32,5.5494
64,8192,8,64,5.5658
64,8192,8,128,5.5985
64,8192,8,256,5.6641
64,8192,8,512,5.7951
64,8192,8,1024,6.0573
64,8192,8,2048,6.5816
64,8192,8,4096,7.6301
64,8192,8,8192,9.7273
64,8192,8,16384,13.9216
64,8192,16,16,5.5499
64,8192,16,32,5.5663
64,8192,16,64,5.5990
64,8192,16,128,5.6646
64,8192,16,256,5.7956
64,8192,16,512,6.0578
64,8192,16,1024,6.5821
64,8192,16,2048,7.6307
64,8192,16,4096,9.7278
64,8192,16,8192,13.9221
64,8192,16,16384,22.3107
64,8192,32,16,5.5673
64,8192,32,32,5.6001
64,8192,32,64,5.6656
64,8192,32,128,5.7967
64,8192,32,256,6.0588
64,8192,32,512,6.5831
64,8192,32,1024,7.6317
64,8192,32,2048,9.7288
64,8192,32,4096,13.9231
64,8192,32,8192,22.3117
64,8192,32,16384,39.0890
64,8192,64,16,5.6021
64,8192,64,32,5.6676
64,8192,64,64,5.7987
64,8192,64,128,6.0609
64,8192,64,256,6.5852
64,8192,64,512,7.6337
64,8192,64,1024,9.7309
64,8192,64,2048,13.9252
64,8192,64,4096,22.3138
64,8192,64,8192,39.0910
64,8192,64,16384,72.6454
64,8192,128,16,5.6717
64,8192,128,32,5.8028
64,8192,128,64,6.0650
64,8192,128,128,6.5892
64,8192,128,256,7.6378
64,8192,128,512,9.7350
64,8192,128,1024,13.9293
64,8192,128,2048,22.3179
64,8192,128,4096,39.0951
64,8192,128,8192,72.6495
64,8192,128,16384,139.7584
64,16384,0,0,6.0568
64,16384,1,16,6.0579
64,16384,1,32,6.0589
64,16384,1,64,6.0609
64,16384,1,128,6.0650
64,16384,1,256,6.0732
64,16384,1,512,6.0896
64,16384,1,1024,6.1224
64,16384,1,2048,6.1879
64,16384,1,4096,6.3190
64,16384,1,8192,6.5811
64,16384,1,16384,7.1054
64,16384,2,16,6.0589
64,16384,2,32,6.0610
64,16384,2,64,6.0651
64,16384,2,128,6.0733
64,16384,2,256,6.0897
64,16384,2,512,6.1224
64,16384,2,1024,6.1880
64,16384,2,2048,6.3190
64,16384,2,4096,6.5812
64,16384,2,8192,7.1055
64,16384,2,16384,8.1540
64,16384,4,16,6.0611
64,16384,4,32,6.0652
64,16384,4,64,6.0734
64,16384,4,128,6.0898
64,16384,4,256,6.1226
64,16384,4,512,6.1881
64,16384,4,1024,6.3192
64,16384,4,2048,6.5813
64,16384,4,4096,7.1056
64,16384,4,8192,8.1542
64,16384,4,16384,10.2513
64,16384,8,16,6.0655
64,16384,8,32,6.0737
64,16384,8,64,6.0900
64,16384,8,128,6.1228
64,16384,8,256,6.1884
64,16384,8,512,6.3194
64,16384,8,1024,6.5816
64,16384,8,2048,7.1059
64,16384,8,4096,8.1544
64,16384,8,8192,10.2516
64,16384,8,16384,14.4459
64,16384,16,16,6.0742
64,16384,16,32,6.0906
64,16384,16,64,6.1233
64,16384,16,128,6.1889
64,16384,16,256,6.3199
64,16384,16,512,6.5821
64,16384,16,1024,7.1064
64,16384,16,2048,8.1549
64,16384,16,4096,10.2521
64,16384,16,8192,14.4464
64,16384,16,16384,22.8350
64,16384,32,16,6.0916
64,16384,32,32,6.1244
64,16384,32,64,6.1899
64,16384,32,128,6.3210
64,16384,32,256,6.5831
64,16384,32,512,7.1074
64,16384,32,1024,8.1560
64,16384,32,2048,10.2531
64,16384,32,4096,14.4474
64,16384,32,8192,22.8360
64,16384,32,16384,39.6132
64,16384,64,16,6.1264
64,16384,64,32,6.1919
64,16384,64,64,6.3230
64,16384,64,128,6.5852
64,16384,64,256,7.1094
64,16384,64,512,8.1580
64,16384,64,1024,10.2552
64,16384,64,2048,14.4495
64,16384,64,4096,22.8381
64,16384,64,8192,39.6153
64,16384,64,16384,73.1697
64,16384,128,16,6.1960
64,16384,128,32,6.3271
64,16384,128,64,6.5892
64,16384,128,128,7.1135
64,16384,128,256,8.1621
64,16384,128,512,10.2593
64,16384,128,1024,14.4536
64,16384,128,2048,22.8422
64,16384,128,4096,39.6194
64,16384,128,8192,73.1738
64,16384,128,16384,140.2827
81,0,0,0,5.0104
81,0,1,512,5.0432
81,0,1,768,5.0596
81,0,1,1152,5.0842
81,0,1,1728,5.1210
81,0,1,2592,5.1763
81,0,1,3888,5.2593
81,0,1,5832,5.3837
81,0,1,8748,5.5703
81,0,1,13122,5.8502
81,0,1,16384,6.0590
81,0,2,512,5.0760
81,0,2,768,5.1088
81,0,2,1152,5.1580
81,0,2,1728,5.2317
81,0,2,2592,5.3423
81,0,2,3888,5.5082
81,0,2,5832,5.7570
81,0,2,8748,6.1302
81,0,2,13122,6.6901
81,0,2,16384,7.1076
81,0,4,512,5.1417
81,0,4,768,5.2072
81,0,4,1152,5.3055
81,0,4,1728,5.4530
81,0,4,2592,5.6742
81,0,4,3888,6.0060
81,0,4,5832,6.5036
81,0,4,8748,7.2501
81,0,4,13122,8.3699
81,0,4,16384,9.2049
81,0,8,512,5.2730
81,0,8,768,5.4041
81,0,8,1152,5.6007
81,0,8,1728,5.8956
81,0,8,2592,6.3380
81,0,8,3888,7.0015
81,0,8,5832,7.9969
81,0,8,8748,9.4899
81,0,8,13122,11.7293
81,0,8,16384,13.3995
81,0,16,512,5.5357
81,0,16,768,5.7978
81,0,16,1152,6.1910
81,0,16,1728,6.7809
81,0,16,2592,7.6656
81,0,16,3888,8.9927
81,0,16,5832,10.9834
81,0,16,8748,13.9693
81,0,16,13122,18.4483
81,0,16,16384,21.7886
81,0,32,512,6.0610
81,0,32,768,6.5853
81,0,32,1152,7.3717
81,0,32,1728,8.5514
81,0,32,2592,10.3208
81,0,32,3888,12.9750
81,0,32,5832,16.9564
81,0,32,8748,22.9283
81,0,32,13122,31.8863
81,0,32,16384,38.5668
81,0,64,512,7.1116
81,0,64,768,8.1602
81,0,64,1152,9.7331
81,0,64,1728,12.0924
81,0,64,2592,15.6313
81,0,64,3888,20.9397
81,0,64,5832,28.9023
81,0,64,8748,40.8463
81,0,64,13122,58.7622
81,0,64,16384,72.1233
81,0,128,512,9.2129
81,0,128,768,11.3100
81,0,128,1152,14.4557
81,0,128,1728,19.1743
81,0,128,2592,26.2522
81,0,128,3888,36.8691
81,0,128,5832,52.7943
81,0,128,8748,76.6822
81,0,128,13122,112.5140
81,0,128,16384,139.2363
81,512,0,0,5.0431
81,512,1,512,5.0760
81,512,1,768,5.0924
81,512,1,1152,5.1169
81,512,1,1728,5.1538
81,512,1,2592,5.2091
81,512,1,3888,5.2920
81,512,1,5832,5.4164
81,512,1,8748,5.6031
81,512,1,13122,5.8830
81,512,1,16384,6.0918
81,512,2,512,5.1088
81,512,2,768,5.1416
81,512,2,1152,5.1907
81,512,2,1728,5.2644
81,512,2,2592,5.3750
81,512,2,3888,5.5409
81,512,2,5832,5.7898
81,512,2,8748,6.1630
81,512,2,13122,6.7229
81,512,2,16384,7.1404
81,512,4,512,5.1745
81,512,4,768,5.2400
81,512,4,1152,5.3383
81,512,4,1728,5.4858
81,512,4,2592,5.7069
81,512,4,3888,6.0387
81,512,4,5832,6.5364
81,512,4,8748,7.2829
81,512,4,13122,8.4026
81,512,4,16384,9.2377
81,512,8,512,5.3058
81,512,8,768,5.4369
81,512,8,1152,5.6335
81,512,8,1728,5.9284
81,512,8,2592,6.3708
81,512,8,3888,7.0343
81,512,8,5832,8.0296
81,512,8,8748,9.5226
81,512,8,13122,11.7621
81,512,8,16384,13.4323
81,512,16,512,5.5684
81,512,16,768,5.8306
81,512,16,1152,6.2238
81,512,16,1728,6.8136
81,512,16,2592,7.6984
81,512,16,3888,9.0255
81,512,16,5832,11.0161
81,512,16,8748,14.0021
81,512,16,13122,18.4811
81,512,16,16384,21.8214
81,512,32,512,6.0938
81,512,32,768,6.6180
81,512,32,1152,7.4045
81,512,32,1728,8.5841
81,512,32,2592,10.3536
81,512,32,3888,13.0078
81,512,32,5832,16.9891
81,512,32,8748,22.9611
81,512,32,13122,31.9190
81,512,32,16384,38.5996
81,512,64,512,7.1444
81,512,64,768,8.1930
81,512,64,1152,9.7658
81,512,64,1728,12.1251
81,512,64,2592,15.6641
81,512,64,3888,20.9725
81,512,64,5832,28.9351
81,512,64,8748,40.8790
81,512,64,13122,58.7949
81,512,64,16384,72.1561
81,512,128,512,9.2456
81,512,128,768,11.3428
81,512,128,1152,14.4885
81,512,128,1728,19.2071
81,512,128,2592,26.2850
81,512,128,3888,36.9018
81,512,128,5832,52.8271
81,512,128,8748,76.7149
81,512,128,13122,112.5468
81,512,128,16384,139.2691
81,768,0,0,5.0595
81,768,1,512,5.0924
81,768,1,768,5.1087
81,768,1,1152,5.1333
81,768,1,1728,5.1702
81,768,1,2592,5.2255
81,768,1,3888,5.3084
81,768,1,5832,5.4328
81,768,1,8748,5.6195
81,768,1,13122,5.8994
81,768,1,16384,6.1082
81,768,2,512,5.1252
81,768,2,768,5.1580
81,768,2,1152,5.2071
81,768,2,1728,5.2808
81,768,2,2592,5.3914
81,768,2,3888,5.5573
81,768,2,5832,5.8061
81,768,2,8748,6.1794
81,768,2,13122,6.7393
81,768,2,16384,7.1568
81,768,4,512,5.1908
81,768,4,768,5.2564
81,768,4,1152,5.3547
81,768,4,1728,5.5021
81,768,4,2592,5.7233
81,768,4,3888,6.0551
81,768,4,5832,6.5528
81,768,4,8748,7.2993
81,768,4,13122,8.4190
81,768,4,16384,9.2541
81,768,8,512,5.3222
81,768,8,768,5.4532
81,768,8,1152,5.6499
81,768,8,1728,5.9448
81,768,8,2592,6.3871
81,768,8,3888,7.0507
81,768,8,5832,8.0460
81,768,8,8748,9.5390
81,768,8,13122,11.7785
81,768,8,16384,13.4486
81,768,16,512,5.5848
81,768,16,768,5.8470
81,768,16,1152,6.2402
81,768,16,1728,6.8300
81,768,16,2592,7.7148
81,768,16,3888,9.0419
81,768,16,5832,11.0325
81,768,16,8748,14.0185
81,768,16,13122,18.4975
81,768,16,16384,21.8378
81,768,32,512,6.1101
81,768,32,768,6.6344
81,768,32,1152,7.4209
81,768,32,1728,8.6005
81,768,32,2592,10.3700
81,768,32,3888,13.0242
81,768,32,5832,17.0055
81,768,32,8748,22.9775
81,768,32,13122,31.9354
81,768,32,16384,38.6160
81,768,64,512,7.1608
81,768,64,768,8.2093
81,768,64,1152,9.7822
81,768,64,1728,12.1415
81,768,64,2592,15.6804
81,768,64,3888,20.9889
81,768,64,5832,28.9515
81,768,64,8748,40.8954
81,768,64,13122,58.8113
81,768,64,16384,72.1725
81,768,128,512,9.2620
81,768,128,768,11.3592
81,768,128,1152,14.5049
81,768,128,1728,19.2235
81,768,128,2592,26.3014
81,768,128,3888,36.9182
81,768,128,5832,52.8435
81,768,128,8748,76.7313
81,768,128,13122,112.5631
81,768,128,16384,139.2854
81,1152,0,0,5.0841
81,1152,1,512,5.1169
81,1152,1,768,5.1333
81,1152,1,1152,5.1579
81,1152,1,1728,5.1948
81,1152,1,2592,5.2500
81,1152,1,3888,5.3330
81,1152,1,5832,5.4574
81,1152,1,8748,5.6440
81,1152,1,13122,5.9240
81,1152,1,16384,6.1327
81,1152,2,512,5.1498
81,1152,2,768,5.1825
81,1152,2,1152,5.2317
81,1152,2,1728,5.3054
81,1152,2,2592,5.4160
81,1152,2,3888,5.5819
81,1152,2,5832,5.8307
81,1152,2,8748,6.2040
81,1152,2,13122,6.7638
81,1152,2,16384,7.1814
81,1152,4,512,5.2154
81,1152,4,768,5.2810
81,1152,4,1152,5.3793
81,1152,4,1728,5.5267
81,1152,4,2592,5.7479
81,1152,4,3888,6.0797
81,1152,4,5832,6.5773
81,1152,4,8748,7.3238
81,1152,4,13122,8.4436
81,1152,4,16384,9.2787
81,1152,8,512,5.3468
81,1152,8,768,5.4778
81,1152,8,1152,5.6744
81,1152,8,1728,5.9693
81,1152,8,2592,6.4117
81,1152,8,3888,7.0753
81,1152,8,5832,8.0706
81,1152,8,8748,9.5636
81,1152,8,13122,11.8031
81,1152,8,16384,13.4732
81,1152,16,512,5.6094
81,1152,16,768,5.8716
81,1152,16,1152,6.2648
81,1152,16,1728,6.8546
81,1152,16,2592,7.7393
81,1152,16,3888,9.0664
81,1152,16,5832,11.0571
81,1152,16,8748,14.0431
81,1152,16,13122,18.5220
81,1152,16,16384,21.8623
81,1152,32,512,6.1347
81,1152,32,768,6.6590
81,1152,32,1152,7.4454
81,1152,32,1728,8.6251
81,1152,32,2592,10.3946
81,1152,32,3888,13.0488
81,1152,32,5832,17.0301
81,1152,32,8748,23.0020
81,1152,32,13122,31.9600
81,1152,32,16384,38.6406
81,1152,64,512,7.1853
81,1152,64,768,8.2339
81,1152,64,1152,9.8068
81,1152,64,1728,12.1661
81,1152,64,2592,15.7050
81,1152,64,3888,21.0134
81,1152,64,5832,28.9761
81,1152,64,8748,40.9200
81,1152,64,13122,58.8359
81,1152,64,16384,72.1971
81,1152,128,512,9.2866
81,1152,128,768,11.3837
81,1152,128,1152,14.5295
81,1152,128,1728,19.2481
81,1152,128,2592,26.3260
81,1152,128,3888,36.9428
81,1152,128,5832,52.8680
81,1152,128,8748,76.7559
81,1152,128,13122,112.5877
81,1152,128,16384,139.3100
81,1728,0,0,5.1210
81,1728,1,512,5.1538
81,1728,1,768,5.1702
81,1728,1,1152,5.1948
81,1728,1,1728,5.2316
81,1728,1,2592,5.2869
81,1728,1,3888,5.3699
81,1728,1,5832,5.4943
81,1728,1,8748,5.6809
81,1728,1,13122,5.9608
81,1728,1,16384,6.1696
81,1728,2,512,5.1866
81,1728,2,768,5.2194
81,1728,2,1152,5.2685
81,1728,2,1728,5.3423
81,1728,2,2592,5.4529
81,1728,2,3888,5.6188
81,1728,2,5832,5.8676
81,1728,2,8748,6.2408
81,1728,2,13122,6.8007
81,1728,2,16384,7.2182
81,1728,4,512,5.2523
81,1728,4,768,5.3178
81,1728,4,1152,5.4161
81,1728,4,1728,5.5636
81,1728,4,2592,5.7848
81,1728,4,3888,6.1165
81,1728,4,5832,6.6142
81,1728,4,8748,7.3607
81,1728,4,13122,8.4804
81,1728,4,16384,9.3155
81,1728,8,512,5.3836
81,1728,8,768,5.5147
81,1728,8,1152,5.7113
81,1728,8,1728,6.0062
81,1728,8,2592,6.4486
81,1728,8,3888,7.1121
81,1728,8,5832,8.1075
81,1728,8,8748,9.6004
81,1728,8,13122,11.8399
81,1728,8,16384,13.5101
81,1728,16,512,5.6463
81,1728,16,768,5.9084
81,1728,16,1152,6.3016
81,1728,16,1728,6.8915
81,1728,16,2592,7.7762
81,1728,16,3888,9.1033
81,1728,16,5832,11.0940
81,1728,16,8748,14.0799
81,1728,16,13122,18.5589
81,1728,16,16384,21.8992
81,1728,32,512,6.1716
81,1728,32,768,6.6959
81,1728,32,1152,7.4823
81,1728,32,1728,8.6620
81,1728,32,2592,10.4314
81,1728,32,3888,13.0856
81,1728,32,5832,17.0669
81,1728,32,8748,23.0389
81,1728,32,13122,31.9969
81,1728,32,16384,38.6774
81,1728,64,512,7.2222
81,1728,64,768,8.2708
81,1728,64,1152,9.8436
81,1728,64,1728,12.2029
81,1728,64,2592,15.7419
81,1728,64,3888,21.0503
81,1728,64,5832,29.0129
81,1728,64,8748,40.9569
81,1728,64,13122,58.8728
81,1728,64,16384,72.2339
81,1728,128,512,9.3235
81,1728,128,768,11.4206
81,1728,128,1152,14.5663
81,1728,128,1728,19.2849
81,1728,128,2592,26.3628
81,1728,128,3888,36.9796
81,1728,128,5832,52.9049
81,1728,128,8748,76.7928
81,1728,128,13122,112.6246
81,1728,128,16384,139.3469
81,2592,0,0,5.1763
81,2592,1,512,5.2091
81,2592,1,768,5.2255
81,2592,1,1152,5.2500
81,2592,1,1728,5.2869
81,2592,1,2592,5.3422
81,2592,1,3888,5.4252
81,2592,1,5832,5.5496
81,2592,1,8748,5.7362
81,2592,1,13122,6.0161
81,2592,1,16384,6.2249
81,2592,2,512,5.2419
81,2592,2,768,5.2747
81,2592,2,1152,5.3238
81,2592,2,1728,5.3976
81,2592,2,2592,5.5082
81,2592,2,3888,5.6740
81,2592,2,5832,5.9229
81,2592,2,8748,6.2961
81,2592,2,13122,6.8560
81,2592,2,16384,7.2735
81,2592,4,512,5.3076
81,2592,4,768,5.3731
81,2592,4,1152,5.4714
81,2592,4,1728,5.6189
81,2592,4,2592,5.8401
81,2592,4,3888,6.1718
81,2592,4,5832,6.6695
81,2592,4,8748,7.4160
81,2592,4,13122,8.5357
81,2592,4,16384,9.3708
81,2592,8,512,5.4389
81,2592,8,768,5.5700
81,2592,8,1152,5.7666
81,2592,8,1728,6.0615
81,2592,8,2592,6.5039
81,2592,8,3888,7.1674
81,2592,8,5832,8.1628
81,2592,8,8748,9.6557
81,2592,8,13122,11.8952
81,2592,8,16384,13.5654
81,2592,16,512,5.7016
81,2592,16,768,5.9637
81,2592,16,1152,6.3569
81,2592,16,1728,6.9468
81,2592,16,2592,7.8315
81,2592,16,3888,9.1586
81,2592,16,5832,11.1492
81,2592,16,8748,14.1352
81,2592,16,13122,18.6142
81,2592,16,16384,21.9545
81,2592,32,512,6.2269
81,2592,32,768,6.7512
81,2592,32,1152,7.5376
81,2592,32,1728,8.7172
81,2592,32,2592,10.4867
81,2592,32,3888,13.1409
81,2592,32,5832,17.1222
81,2592,32,8748,23.0942
81,2592,32,13122,32.0522
81,2592,32,16384,38.7327
81,2592,64,512,7.2775
81,2592,64,768,8.3261
81,2592,64,1152,9.8989
81,2592,64,1728,12.2582
81,2592,64,2592,15.7972
81,2592,64,3888,21.1056
81,2592,64,5832,29.0682
81,2592,64,8748,41.0122
81,2592,64,13122,58.9281
81,2592,64,16384,72.2892
81,2592,128,512,9.3788
81,2592,128,768,11.4759
81,2592,128,1152,14.6216
81,2592,128,1728,19.3402
81,2592,128,2592,26.4181
81,2592,128,3888,37.0349
81,2592,128,5832,52.9602
81,2592,128,8748,76.8481
81,2592,128,13122,112.6799
81,2592,128,16384,139.4022
81,3888,0,0,5.2592
81,3888,1,512,5.2920
81,3888,1,768,5.3084
81,3888,1,1152,5.3330
81,3888,1,1728,5.3699
81,3888,1,2592,5.4252
81,3888,1,3888,5.5081
81,3888,1,5832,5.6325
81,3888,1,8748,5.8191
81,3888,1,13122,6.0991
81,3888,1,16384,6.3078
81,3888,2,512,5.3249
81,3888,2,768,5.3576
81,3888,2,1152,5.4068
81,3888,2,1728,5.4805
81,3888,2,2592,5.5911
81,3888,2,3888,5.7570
81,3888,2,5832,6.0058
81,3888,2,8748,6.3791
81,3888,2,13122,6.9389
81,3888,2,16384,7.3565
81,3888,4,512,5.3905
81,3888,4,768,5.4561
81,3888,4,1152,5.5544
81,3888,4,1728,5.7018
81,3888,4,2592,5.9230
81,3888,4,3888,6.2548
81,3888,4,5832,6.7524
81,3888,4,8748,7.4989
81,3888,4,13122,8.6187
81,3888,4,16384,9.4538
81,3888,8,512,5.5219
81,3888,8,768,5.6529
81,3888,8,1152,5.8495
81,3888,8,1728,6.1444
81,3888,8,2592,6.5868
81,3888,8,3888,7.2504
81,3888,8,5832,8.2457
81,3888,8,8748,9.7387
81,3888,8,13122,11.9782
81,3888,8,16384,13.6483
81,3888,16,512,5.7845
81,3888,16,768,6.0467
81,3888,16,1152,6.4399
81,3888,16,1728,7.0297
81,3888,16,2592,7.9144
81,3888,16,3888,9.2415
81,3888,16,5832,11.2322
81,3888,16,8748,14.2182
81,3888,16,13122,18.6972
81,3888,16,16384,22.0374
81,3888,32,512,6.3098
81,3888,32,768,6.8341
81,3888,32,1152,7.6205
81,3888,32,1728,8.8002
81,3888,32,2592,10.5697
81,3888,32,3888,13.2239
81,3888,32,5832,17.2052
81,3888,32,8748,23.1772
81,3888,32,13122,32.1351
81,3888,32,16384,38.8157
81,3888,64,512,7.3604
81,3888,64,768,8.4090
81,3888,64,1152,9.9819
81,3888,64,1728,12.3412
81,3888,64,2592,15.8801
81,3888,64,3888,21.1885
81,3888,64,5832,29.1512
81,3888,64,8748,41.0951
81,3888,64,13122,59.0110
81,3888,64,16384,72.3722
81,3888,128,512,9.4617
81,3888,128,768,11.5588
81,3888,128,1152,14.7046
81,3888,128,1728,19.4232
81,3888,128,2592,26.5011
81,3888,128,3888,37.1179
81,3888,128,5832,53.0431
81,3888,128,8748,76.9310
81,3888,128,13122,112.7628
81,3888,128,16384,139.4851
81,5832,0,0,5.3836
81,5832,1,512,5.4164
81,5832,1,768,5.4328
81,5832,1,1152,5.4574
81,5832,1,1728,5.4943
81,5832,1,2592,5.5496
81,5832,1,3888,5.6325
81,5832,1,5832,5.7569
81,5832,1,8748,5.9436
81,5832,1,13122,6.2235
81,5832,1,16384,6.4323
81,5832,2,512,5.4493
81,5832,2,768,5.4820
81,5832,2,1152,5.5312
81,5832,2,1728,5.6049
81,5832,2,2592,5.7155
81,5832,2,3888,5.8814
81,5832,2,5832,6.1302
81,5832,2,8748,6.5035
81,5832,2,13122,7.0634
81,5832,2,16384,7.4809
81,5832,4,512,5.5149
81,5832,4,768,5.5805
81,5832,4,1152,5.6788
81,5832,4,1728,5.8262
81,5832,4,2592,6.0474
81,5832,4,3888,6.3792
81,5832,4,5832,6.8769
81,5832,4,8748,7.6234
81,5832,4,13122,8.7431
81,5832,4,16384,9.5782
81,5832,8,512,5.6463
81,5832,8,768,5.7773
81,5832,8,1152,5.9740
81,5832,8,1728,6.2689
81,5832,8,2592,6.7112
81,5832,8,3888,7.3748
81,5832,8,5832,8.3701
81,5832,8,8748,9.8631
81,5832,8,13122,12.1026
81,5832,8,16384,13.7727
81,5832,16,512,5.9089
81,5832,16,768,6.1711
81,5832,16,1152,6.5643
81,5832,16,1728,7.1541
81,5832,16,2592,8.0388
81,5832,16,3888,9.3660
81,5832,16,5832,11.3566
81,5832,16,8748,14.3426
81,5832,16,13122,18.8216
81,5832,16,16384,22.1619
81,5832,32,512,6.4342
81,5832,32,768,6.9585
81,5832,32,1152,7.7450
81,5832,32,1728,8.9246
81,5832,32,2592,10.6941
81,5832,32,3888,13.3483
81,5832,32,5832,17.3296
81,5832,32,8748,23.3016
81,5832,32,13122,32.2595
81,5832,32,16384,38.9401
81,5832,64,512,7.4849
81,5832,64,768,8.5334
81,5832,64,1152,10.1063
81,5832,64,1728,12.4656
81,5832,64,2592,16.0045
81,5832,64,3888,21.3130
81,5832,64,5832,29.2756
81,5832,64,8748,41.2195
81,5832,64,13122,59.1354
81,5832,64,16384,72.4966
81,5832,128,512,9.5861
81,5832,128,768,11.6833
81,5832,128,1152,14.8290
81,5832,128,1728,19.5476
81,5832,128,2592,26.6255
81,5832,128,3888,37.2423
81,5832,128,5832,53.1676
81,5832,128,8748,77.0554
81,5832,128,13122,112.8872
81,5832,128,16384,139.6095
81,8748,0,0,5.5702
81,8748,1,512,5.6031
81,8748,1,768,5.6195
81,8748,1,1152,5.6440
81,8748,1,1728,5.6809
81,8748,1,2592,5.7362
81,8748,1,3888,5.8191
81,8748,1,5832,5.9436
81,8748,1,8748,6.1302
81,8748,1,13122,6.4101
81,8748,1,16384,6.6189
81,8748,2,512,5.6359
81,8748,2,768,5.6687
81,8748,2,1152,5.7178
81,8748,2,1728,5.7916
81,8748,2,2592,5.9021
81,8748,2,3888,6.0680
81,8748,2,5832,6.3169
81,8748,2,8748,6.6901
81,8748,2,13122,7.2500
81,8748,2,16384,7.6675
81,8748,4,512,5.7016
81,8748,4,768,5.7671
81,8748,4,1152,5.8654
81,8748,4,1728,6.0129
81,8748,4,2592,6.2340
81,8748,4,3888,6.5658
81,8748,4,5832,7.0635
81,8748,4,8748,7.8100
81,8748,4,13122,8.9297
81,8748,4,16384,9.7648
81,8748,8,512,5.8329
81,8748,8,768,5.9640
81,8748,8,1152,6.1606
81,8748,8,1728,6.4555
81,8748,8,2592,6.8979
81,8748,8,3888,7.5614
81,8748,8,5832,8.5567
81,8748,8,8748,10.0497
81,8748,8,13122,12.2892
81,8748,8,16384,13.9594
81,8748,16,512,6.0956
81,8748,16,768,6.3577
81,8748,16,1152,6.7509
81,8748,16,1728,7.3407
81,8748,16,2592,8.2255
81,8748,16,3888,9.5526
81,8748,16,5832,11.5432
81,8748,16,8748,14.5292
81,8748,16,13122,19.0082
81,8748,16,16384,22.3485
81,8748,32,512,6.6209
81,8748,32,768,7.1452
81,8748,32,1152,7.9316
81,8748,32,1728,9.1112
81,8748,32,2592,10.8807
81,8748,32,3888,13.5349
81,8748,32,5832,17.5162
81,8748,32,8748,23.4882
81,8748,32,13122,32.4461
81,8748,32,16384,39.1267
81,8748,64,512,7.6715
81,8748,64,768,8.7201
81,8748,64,1152,10.2929
81,8748,64,1728,12.6522
81,8748,64,2592,16.1912
81,8748,64,3888,21.4996
81,8748,64,5832,29.4622
81,8748,64,8748,41.4061
81,8748,64,13122,59.3220
81,8748,64,16384,72.6832
81,8748,128,512,9.7727
81,8748,128,768,11.8699
81,8748,128,1152,15.0156
81,8748,128,1728,19.7342
81,8748,128,2592,26.8121
81,8748,128,3888,37.4289
81,8748,128,5832,53.3542
81,8748,128,8748,77.2420
81,8748,128,13122,113.0739
81,8748,128,16384,139.7962
81,13122,0,0,5.8502
81,13122,1,512,5.8830
81,13122,1,768,5.8994
81,13122,1,1152,5.9240
81,13122,1,1728,5.9608
81,13122,1,2592,6.0161
81,13122,1,3888,6.0991
81,13122,1,5832,6.2235
81,13122,1,8748,6.4101
81,13122,1,13122,6.6900
81,13122,1,16384,6.8988
81,13122,2,512,5.9158
81,13122,2,768,5.9486
81,13122,2,1152,5.9978
81,13122,2,1728,6.0715
81,13122,2,2592,6.1821
81,13122,2,3888,6.3480
81,13122,2,5832,6.5968
81,13122,2,8748,6.9700
81,13122,2,13122,7.5299
81,13122,2,16384,7.9475
81,13122,4,512,5.9815
81,13122,4,768,6.0470
81,13122,4,1152,6.1453
81,13122,4,1728,6.2928
81,13122,4,2592,6.5140
81,13122,4,3888,6.8458
81,13122,4,5832,7.3434
81,13122,4,8748,8.0899
81,13122,4,13122,9.2097
81,13122,4,16384,10.0447
81,13122,8,512,6.1128
81,13122,8,768,6.2439
81,13122,8,1152,6.4405
81,13122,8,1728,6.7354
81,13122,8,2592,7.1778
81,13122,8,3888,7.8413
81,13122,8,5832,8.8367
81,13122,8,8748,10.3297
81,13122,8,13122,12.5692
81,13122,8,16384,14.2393
81,13122,16,512,6.3755
81,13122,16,768,6.6376
81,13122,16,1152,7.0308
81,13122,16,1728,7.6207
81,13122,16,2592,8.5054
81,13122,16,3888,9.8325
81,13122,16,5832,11.8232
81,13122,16,8748,14.8092
81,13122,16,13122,19.2881
81,13122,16,16384,22.6284
81,13122,32,512,6.9008
81,13122,32,768,7.4251
81,13122,32,1152,8.2115
81,13122,32,1728,9.3912
81,13122,32,2592,11.1606
81,13122,32,3888,13.8148
81,13122,32,5832,17.7962
81,13122,32,8748,23.7681
81,13122,32,13122,32.7261
81,13122,32,16384,39.4067
81,13122,64,512,7.9514
81,13122,64,768,9.0000
81,13122,64,1152,10.5729
81,13122,64,1728,12.9322
81,13122,64,2592,16.4711
81,13122,64,3888,21.7795
81,13122,64,5832,29.7421
81,13122,64,8748,41.6861
81,13122,64,13122,59.6020
81,13122,64,16384,72.9631
81,13122,128,512,10.0527
81,13122,128,768,12.1498
81,13122,128,1152,15.2956
81,13122,128,1728,20.0141
81,13122,128,2592,27.0920
81,13122,128,3888,37.7089
81,13122,128,5832,53.6341
81,13122,128,8748,77.5220
81,13122,128,13122,113.3538
81,13122,128,16384,140.0761
81,16384,0,0,6.0589
81,16384,1,512,6.0918
81,16384,1,768,6.1082
81,16384,1,1152,6.1327
81,16384,1,1728,6.1696
81,16384,1,2592,6.2249
81,16384,1,3888,6.3078
81,16384,1,5832,6.4323
81,16384,1,8748,6.6189
81,16384,1,13122,6.8988
81,16384,1,16384,7.1076
81,16384,2,512,6.1246
81,16384,2,768,6.1574
81,16384,2,1152,6.2065
81,16384,2,1728,6.2803
81,16384,2,2592,6.3908
81,16384,2,3888,6.5567
81,16384,2,5832,6.8056
81,16384,2,8748,7.1788
81,16384,2,13122,7.7387
81,16384,2,16384,8.1562
81,16384,4,512,6.1903
81,16384,4,768,6.2558
81,16384,4,1152,6.3541
81,16384,4,1728,6.5016
81,16384,4,2592,6.7228
81,16384,4,3888,7.0545
81,16384,4,5832,7.5522
81,16384,4,8748,8.2987
81,16384,4,13122,9.4184
81,16384,4,16384,10.2535
81,16384,8,512,6.3216
81,16384,8,768,6.4527
81,16384,8,1152,6.6493
81,16384,8,1728,6.9442
81,16384,8,2592,7.3866
81,16384,8,3888,8.0501
81,16384,8,5832,9.0454
81,16384,8,8748,10.5384
81,16384,8,13122,12.7779
81,16384,8,16384,14.4481
81,16384,16,512,6.5843
81,16384,16,768,6.8464
81,16384,16,1152,7.2396
81,16384,16,1728,7.8294
81,16384,16,2592,8.7142
81,16384,16,3888,10.0413
81,16384,16,5832,12.0319
81,16384,16,8748,15.0179
81,16384,16,13122,19.4969
81,16384,16,16384,22.8372
81,16384,32,512,7.1096
81,16384,32,768,7.6339
81,16384,32,1152,8.4203
81,16384,32,1728,9.5999
81,16384,32,2592,11.3694
81,16384,32,3888,14.0236
81,16384,32,5832,18.0049
81,16384,32,8748,23.9769
81,16384,32,13122,32.9348
81,16384,32,16384,39.6154
81,16384,64,512,8.1602
81,16384,64,768,9.2088
81,16384,64,1152,10.7816
81,16384,64,1728,13.1409
81,16384,64,2592,16.6799
81,16384,64,3888,21.9883
81,16384,64,5832,29.9509
81,16384,64,8748,41.8948
81,16384,64,13122,59.8108
81,16384,64,16384,73.1719
81,16384,128,512,10.2614
81,16384,128,768,12.3586
81,16384,128,1152,15.5043
81,16384,128,1728,20.2229
81,16384,128,2592,27.3008
81,16384,128,3888,37.9176
81,16384,128,5832,53.8429
81,16384,128,8748,77.7308
81,16384,128,13122,113.5626
81,16384,128,16384,140.2849
122,0,0,0,5.0156
122,0,1,512,5.0484
122,0,1,768,5.0648
122,0,1,1152,5.0894
122,0,1,1728,5.1263
122,0,1,2592,5.1816
122,0,1,3888,5.2645
122,0,1,5832,5.3889
122,0,1,8748,5.5756
122,0,1,13122,5.8555
122,0,1,16384,6.0643
122,0,2,512,5.0813
122,0,2,768,5.1140
122,0,2,1152,5.1632
122,0,2,1728,5.2369
122,0,2,2592,5.3475
122,0,2,3888,5.5134
122,0,2,5832,5.7622
122,0,2,8748,6.1355
122,0,2,13122,6.6954
122,0,2,16384,7.1129
122,0,4,512,5.1469
122,0,4,768,5.2125
122,0,4,1152,5.3108
122,0,4,1728,5.4582
122,0,4,2592,5.6794
122,0,4,3888,6.0112
122,0,4,5832,6.5089
122,0,4,8748,7.2554
122,0,4,13122,8.3751
122,0,4,16384,9.2102
122,0,8,512,5.2783
122,0,8,768,5.4093
122,0,8,1152,5.6060
122,0,8,1728,5.9009
122,0,8,2592,6.3432
122,0,8,3888,7.0068
122,0,8,5832,8.0021
122,0,8,8748,9.4951
122,0,8,13122,11.7346
122,0,8,16384,13.4047
122,0,16,512,5.5409
122,0,16,768,5.8031
122,0,16,1152,6.1963
122,0,16,1728,6.7861
122,0,16,2592,7.6708
122,0,16,3888,8.9980
122,0,16,5832,10.9886
122,0,16,8748,13.9746
122,0,16,13122,18.4536
122,0,16,16384,21.7939
122,0,32,512,6.0662
122,0,32,768,6.5905
122,0,32,1152,7.3770
122,0,32,1728,8.5566
122,0,32,2592,10.3261
122,0,32,3888,12.9803
122,0,32,5832,16.9616
122,0,32,8748,22.9336
122,0,32,13122,31.8915
122,0,32,16384,38.5721
122,0,64,512,7.1169
122,0,64,768,8.1654
122,0,64,1152,9.7383
122,0,64,1728,12.0976
122,0,64,2592,15.6365
122,0,64,3888,20.9450
122,0,64,5832,28.9076
122,0,64,8748,40.8515
122,0,64,13122,58.7674
122,0,64,16384,72.1286
122,0,128,512,9.2181
122,0,128,768,11.3153
122,0,128,1152,14.4610
122,0,128,1728,19.1796
122,0,128,2592,26.2575
122,0,128,3888,36.8743
122,0,128,5832,52.7996
122,0,128,8748,76.6874
122,0,128,13122,112.5192
122,0,128,16384,139.2415
122,512,0,0,5.0484
122,512,1,512,5.0812
122,512,1,768,5.0976
122,512,1,1152,5.1222
122,512,1,1728,5.1590
122,512,1,2592,5.2143
122,512,1,3888,5.2973
122,512,1,5832,5.4217
122,512,1,8748,5.6083
122,512,1,13122,5.8883
122,512,1,16384,6.0970
122,512,2,512,5.1140
122,512,2,768,5.1468
122,512,2,1152,5.1960
122,512,2,1728,5.2697
122,512,2,2592,5.3803
122,512,2,3888,5.5462
122,512,2,5832,5.7950
122,512,2,8748,6.1683
122,512,2,13122,6.7281
122,512,2,16384,7.1457
122,512,4,512,5.1797
122,512,4,768,5.2452
122,512,4,1152,5.3436
122,512,4,1728,5.4910
122,512,4,2592,5.7122
122,512,4,3888,6.0440
122,512,4,5832,6.5416
122,512,4,8748,7.2881
122,512,4,13122,8.4079
122,512,4,16384,9.2429
122,512,8,512,5.3110
122,512,8,768,5.4421
122,512,8,1152,5.6387
122,512,8,1728,5.9336
122,512,8,2592,6.3760
122,512,8,3888,7.0396
122,512,8,5832,8.0349
122,512,8,8748,9.5279
122,512,8,13122,11.7674
122,512,8,16384,13.4375
122,512,16,512,5.5737
122,512,16,768,5.8358
122,512,16,1152,6.2291
122,512,16,1728,6.8189
122,512,16,2592,7.7036
122,512,16,3888,9.0307
122,512,16,5832,11.0214
122,512,16,8748,14.0074
122,512,16,13122,18.4863
122,512,16,16384,21.8266
122,512,32,512,6.0990
122,512,32,768,6.6233
122,512,32,1152,7.4097
122,512,32,1728,8.5894
122,512,32,2592,10.3588
122,512,32,3888,13.0131
122,512,32,5832,16.9944
122,512,32,8748,22.9663
122,512,32,13122,31.9243
122,512,32,16384,38.6049
122,512,64,512,7.1496
122,512,64,768,8.1982
122,512,64,1152,9.7711
122,512,64,1728,12.1304
122,512,64,2592,15.6693
122,512,64,3888,20.9777
122,512,64,5832,28.9404
122,512,64,8748,40.8843
122,512,64,13122,58.8002
122,512,64,16384,72.1613
122,512,128,512,9.2509
122,512,128,768,11.3480
122,512,128,1152,14.4938
122,512,128,1728,19.2124
122,512,128,2592,26.2902
122,512,128,3888,36.9071
122,512,128,5832,52.8323
122,512,128,8748,76.7202
122,512,128,13122,112.5520
122,512,128,16384,139.2743
122,768,0,0,5.0648
122,768,1,512,5.0976
122,768,1,768,5.1140
122,768,1,1152,5.1386
122,768,1,1728,5.1754
122,768,1,2592,5.2307
122,768,1,3888,5.3137
122,768,1,5832,5.4381
122,768,1,8748,5.6247
122,768,1,13122,5.9046
122,768,1,16384,6.1134
122,768,2,512,5.1304
122,768,2,768,5.1632
122,768,2,1152,5.2124
122,768,2,1728,5.2861
122,768,2,2592,5.3967
122,768,2,3888,5.5626
122,768,2,5832,5.8114
122,768,2,8748,6.1846
122,768,2,13122,6.7445
122,768,2,16384,7.1620
122,768,4,512,5.1961
122,768,4,768,5.2616
122,768,4,1152,5.3599
122,768,4,1728,5.5074
122,768,4,2592,5.7286
122,768,4,3888,6.0604
122,768,4,5832,6.5580
122,768,4,8748,7.3045
122,768,4,13122,8.4243
122,768,4,16384,9.2593
122,768,8,512,5.3274
122,768,8,768,5.4585
122,768,8,1152,5.6551
122,768,8,1728,5.9500
122,768,8,2592,6.3924
122,768,8,3888,7.0559
122,768,8,5832,8.0513
122,768,8,8748,9.5443
122,768,8,13122,11.7837
122,768,8,16384,13.4539
122,768,16,512,5.5901
122,768,16,768,5.8522
122,768,16,1152,6.2454
122,768,16,1728,6.8353
122,768,16,2592,7.7200
122,768,16,3888,9.0471
122,768,16,5832,11.0378
122,768,16,8748,14.0237
122,768,16,13122,18.5027
122,768,16,16384,21.8430
122,768,32,512,6.1154
122,768,32,768,6.6397
122,768,32,1152,7.4261
122,768,32,1728,8.6058
122,768,32,2592,10.3752
122,768,32,3888,13.0294
122,768,32,5832,17.0108
122,768,32,8748,22.9827
122,768,32,13122,31.9407
122,768,32,16384,38.6212
122,768,64,512,7.1660
122,768,64,768,8.2146
122,768,64,1152,9.7875
122,768,64,1728,12.1468
122,768,64,2592,15.6857
122,768,64,3888,20.9941
122,768,64,5832,28.9567
122,768,64,8748,40.9007
122,768,64,13122,58.8166
122,768,64,16384,72.1777
122,768,128,512,9.2673
122,768,128,768,11.3644
122,768,128,1152,14.5101
122,768,128,1728,19.2287
122,768,128,2592,26.3066
122,768,128,3888,36.9235
122,768,128,5832,52.8487
122,768,128,8748,76.7366
122,768,128,13122,112.5684
122,768,128,16384,139.2907
122,1152,0,0,5.0893
122,1152,1,512,5.1222
122,1152,1,768,5.1386
122,1152,1,1152,5.1631
122,1152,1,1728,5.2000
122,1152,1,2592,5.2553
122,1152,1,3888,5.3382
122,1152,1,5832,5.4627
122,1152,1,8748,5.6493
122,1152,1,13122,5.9292
122,1152,1,16384,6.1380
122,1152,2,512,5.1550
122,1152,2,768,5.1878
122,1152,2,1152,5.2369
122,1152,2,1728,5.3107
122,1152,2,2592,5.4212
122,1152,2,3888,5.5871
122,1152,2,5832,5.8360
122,1152,2,8748,6.2092
122,1152,2,13122,6.7691
122,1152,2,16384,7.1866
122,1152,4,512,5.2207
122,1152,4,768,5.2862
122,1152,4,1152,5.3845
122,1152,4,1728,5.5320
122,1152,4,2592,5.7532
122,1152,4,3888,6.0849
122,1152,4,5832,6.5826
122,1152,4,8748,7.3291
122,1152,4,13122,8.4488
122,1152,4,16384,9.2839
122,1152,8,512,5.3520
122,1152,8,768,5.4831
122,1152,8,1152,5.6797
122,1152,8,1728,5.9746
122,1152,8,2592,6.4170
122,1152,8,3888,7.0805
122,1152,8,5832,8.0758
122,1152,8,8748,9.5688
122,1152,8,13122,11.8083
122,1152,8,16384,13.4785
122,1152,16,512,5.6147
122,1152,16,768,5.8768
122,1152,16,1152,6.2700
122,1152,16,1728,6.8598
122,1152,16,2592,7.7446
122,1152,16,3888,9.0717
122,1152,16,5832,11.0623
122,1152,16,8748,14.0483
122,1152,16,13122,18.5273
122,1152,16,16384,21.8676
122,1152,32,512,6.1400
122,1152,32,768,6.6643
122,1152,32,1152,7.4507
122,1152,32,1728,8.6303
122,1152,32,2592,10.3998
122,1152,32,3888,13.0540
122,1152,32,5832,17.0353
122,1152,32,8748,23.0073
122,1152,32,13122,31.9652
122,1152,32,16384,38.6458
122,1152,64,512,7.1906
122,1152,64,768,8.2392
122,1152,64,1152,9.8120
122,1152,64,1728,12.1713
122,1152,64,2592,15.7103
122,1152,64,3888,21.0187
122,1152,64,5832,28.9813
122,1152,64,8748,40.9252
122,1152,64,13122,58.8412
122,1152,64,16384,72.2023
122,1152,128,512,9.2918
122,1152,128,768,11.3890
122,1152,128,1152,14.5347
122,1152,128,1728,19.2533
122,1152,128,2592,26.3312
122,1152,128,3888,36.9480
122,1152,128,5832,52.8733
122,1152,128,8748,76.7612
122,1152,128,13122,112.5930
122,1152,128,16384,139.3153
122,1728,0,0,5.1262
122,1728,1,512,5.1590
122,1728,1,768,5.1754
122,1728,1,1152,5.2000
122,1728,1,1728,5.2369
122,1728,1,2592,5.2922
122,1728,1,3888,5.3751
122,1728,1,5832,5.4995
122,1728,1,8748,5.6861
122,1728,1,13122,5.9661
122,1728,1,16384,6.1748
122,1728,2,512,5.1919
122,1728,2,768,5.2246
122,1728,2,1152,5.2738
122,1728,2,1728,5.3475
122,1728,2,2592,5.4581
122,1728,2,3888,5.6240
122,1728,2,5832,5.8728
122,1728,2,8748,6.2461
122,1728,2,13122,6.8060
122,1728,2,16384,7.2235
122,1728,4,512,5.2575
122,1728,4,768,5.3231
122,1728,4,1152,5.4214
122,1728,4,1728,5.5688
122,1728,4,2592,5.7900
122,1728,4,3888,6.1218
122,1728,4,5832,6.6195
122,1728,4,8748,7.3660
122,1728,4,13122,8.4857
122,1728,4,16384,9.3208
122,1728,8,512,5.3889
122,1728,8,768,5.5199
122,1728,8,1152,5.7165
122,1728,8,1728,6.0115
122,1728,8,2592,6.4538
122,1728,8,3888,7.1174
122,1728,8,5832,8.1127
122,1728,8,8748,9.6057
122,1728,8,13122,11.8452
122,1728,8,16384,13.5153
122,1728,16,512,5.6515
122,1728,16,768,5.9137
122,1728,16,1152,6.3069
122,1728,16,1728,6.8967
122,1728,16,2592,7.7814
122,1728,16,3888,9.1085
122,1728,16,5832,11.0992
122,1728,16,8748,14.0852
122,1728,16,13122,18.5642
122,1728,16,16384,21.9044
122,1728,32,512,6.1768
122,1728,32,768,6.7011
122,1728,32,1152,7.4876
122,1728,32,1728,8.6672
122,1728,32,2592,10.4367
122,1728,32,3888,13.0909
122,1728,32,5832,17.0722
122,1728,32,8748,23.0442
122,1728,32,13122,32.0021
122,1728,32,16384,38.6827
122,1728,64,512,7.2275
122,1728,64,768,8.2760
122,1728,64,1152,9.8489
122,1728,64,1728,12.2082
122,1728,64,2592,15.7471
122,1728,64,3888,21.0556
122,1728,64,5832,29.0182
122,1728,64,8748,40.9621
122,1728,64,13122,58.8780
122,1728,64,16384,72.2392
122,1728,128,512,9.3287
122,1728,128,768,11.4259
122,1728,128,1152,14.5716
122,1728,128,1728,19.2902
122,1728,128,2592,26.3681
122,1728,128,3888,36.9849
122,1728,128,5832,52.9101
122,1728,128,8748,76.7980
122,1728,128,13122,112.6298
122,1728,128,16384,139.3521
122,2592,0,0,5.1815
122,2592,1,512,5.2143
122,2592,1,768,5.2307
122,2592,1,1152,5.2553
122,2592,1,1728,5.2922
122,2592,1,2592,5.3475
122,2592,1,3888,5.4304
122,2592,1,5832,5.5548
122,2592,1,8748,5.7414
122,2592,1,13122,6.0214
122,2592,1,16384,6.2301
122,2592,2,512,5.2472
122,2592,2,768,5.2799
122,2592,2,1152,5.3291
122,2592,2,1728,5.4028
122,2592,2,2592,5.5134
122,2592,2,3888,5.6793
122,2592,2,5832,5.9281
122,2592,2,8748,6.3014
122,2592,2,13122,6.8612
122,2592,2,16384,7.2788
122,2592,4,512,5.3128
122,2592,4,768,5.3784
122,2592,4,1152,5.4767
122,2592,4,1728,5.6241
122,2592,4,2592,5.8453
122,2592,4,3888,6.1771
122,2592,4,5832,6.6748
122,2592,4,8748,7.4212
122,2592,4,13122,8.5410
122,2592,4,16384,9.3761
122,2592,8,512,5.4442
122,2592,8,768,5.5752
122,2592,8,1152,5.7718
122,2592,8,1728,6.0668
122,2592,8,2592,6.5091
122,2592,8,3888,7.1727
122,2592,8,5832,8.1680
122,2592,8,8748,9.6610
122,2592,8,13122,11.9005
122,2592,8,16384,13.5706
122,2592,16,512,5.7068
122,2592,16,768,5.9690
122,2592,16,1152,6.3622
122,2592,16,1728,6.9520
122,2592,16,2592,7.8367
122,2592,16,3888,9.1638
122,2592,16,5832,11.1545
122,2592,16,8748,14.1405
122,2592,16,13122,18.6195
122,2592,16,16384,21.9597
122,2592,32,512,6.2321
122,2592,32,768,6.7564
122,2592,32,1152,7.5428
122,2592,32,1728,8.7225
122,2592,32,2592,10.4920
122,2592,32,3888,13.1462
122,2592,32,5832,17.1275
122,2592,32,8748,23.0995
122,2592,32,13122,32.0574
122,2592,32,16384,38.7380
122,2592,64,512,7.2828
122,2592,64,768,8.3313
122,2592,64,1152,9.9042
122,2592,64,1728,12.2635
122,2592,64,2592,15.8024
122,2592,64,3888,21.1108
122,2592,64,5832,29.0735
122,2592,64,8748,41.0174
122,2592,64,13122,58.9333
122,2592,64,16384,72.2945
122,2592,128,512,9.3840
122,2592,128,768,11.4812
122,2592,128,1152,14.6269
122,2592,128,1728,19.3455
122,2592,128,2592,26.4234
122,2592,128,3888,37.0402
122,2592,128,5832,52.9654
122,2592,128,8748,76.8533
122,2592,128,13122,112.6851
122,2592,128,16384,139.4074
122,3888,0,0,5.2644
122,3888,1,512,5.2973
122,3888,1,768,5.3137
122,3888,1,1152,5.3382
122,3888,1,1728,5.3751
122,3888,1,2592,5.4304
122,3888,1,3888,5.5133
122,3888,1,5832,5.6378
122,3888,1,8748,5.8244
122,3888,1,13122,6.1043
122,3888,1,16384,6.3131
122,3888,2,512,5.3301
122,3888,2,768,5.3629
122,3888,2,1152,5.4120
122,3888,2,1728,5.4858
122,3888,2,2592,5.5964
122,3888,2,3888,5.7622
122,3888,2,5832,6.0111
122,3888,2,8748,6.3843
122,3888,2,13122,6.9442
122,3888,2,16384,7.3617
122,3888,4,512,5.3958
122,3888,4,768,5.4613
122,3888,4,1152,5.5596
122,3888,4,1728,5.7071
122,3888,4,2592,5.9283
122,3888,4,3888,6.2600
122,3888,4,5832,6.7577
122,3888,4,8748,7.5042
122,3888,4,13122,8.6239
122,3888,4,16384,9.4590
122,3888,8,512,5.5271
122,3888,8,768,5.6582
122,3888,8,1152,5.8548
122,3888,8,1728,6.1497
122,3888,8,2592,6.5921
122,3888,8,3888,7.2556
122,3888,8,5832,8.2509
122,3888,8,8748,9.7439
122,3888,8,13122,11.9834
122,3888,8,16384,13.6536
122,3888,16,512,5.7898
122,3888,16,768,6.0519
122,3888,16,1152,6.4451
122,3888,16,1728,7.0349
122,3888,16,2592,7.9197
122,3888,16,3888,9.2468
122,3888,16,5832,11.2374
122,3888,16,8748,14.2234
122,3888,16,13122,18.7024
122,3888,16,16384,22.0427
122,3888,32,512,6.3151
122,3888,32,768,6.8394
122,3888,32,1152,7.6258
122,3888,32,1728,8.8054
122,3888,32,2592,10.5749
122,3888,32,3888,13.2291
122,3888,32,5832,17.2104
122,3888,32,8748,23.1824
122,3888,32,13122,32.1404
122,3888,32,16384,38.8209
122,3888,64,512,7.3657
122,3888,64,768,8.4143
122,3888,64,1152,9.9871
122,3888,64,1728,12.3464
122,3888,64,2592,15.8854
122,3888,64,3888,21.1938
122,3888,64,5832,29.1564
122,3888,64,8748,41.1004
122,3888,64,13122,59.0163
122,3888,64,16384,72.3774
122,3888,128,512,9.4669
122,3888,128,768,11.5641
122,3888,128,1152,14.7098
122,3888,128,1728,19.4284
122,3888,128,2592,26.5063
122,3888,128,3888,37.1231
122,3888,128,5832,53.0484
122,3888,128,8748,76.9363
122,3888,128,13122,112.7681
122,3888,128,16384,139.4904
122,5832,0,0,5.3889
122,5832,1,512,5.4217
122,5832,1,768,5.4381
122,5832,1,1152,5.4627
122,5832,1,1728,5.4995
122,5832,1,2592,5.5548
122,5832,1,3888,5.6378
122,5832,1,5832,5.7622
122,5832,1,8748,5.9488
122,5832,1,13122,6.2287
122,5832,1,16384,6.4375
122,5832,2,512,5.4545
122,5832,2,768,5.4873
122,5832,2,1152,5.5364
122,5832,2,1728,5.6102
122,5832,2,2592,5.7208
122,5832,2,3888,5.8867
122,5832,2,5832,6.1355
122,5832,2,8748,6.5087
122,5832,2,13122,7.0686
122,5832,2,16384,7.4861
122,5832,4,512,5.5202
122,5832,4,768,5.5857
122,5832,4,1152,5.6840
122,5832,4,1728,5.8315
122,5832,4,2592,6.0527
122,5832,4,3888,6.3844
122,5832,4,5832,6.8821
122,5832,4,8748,7.6286
122,5832,4,13122,8.7484
122,5832,4,16384,9.5834
122,5832,8,512,5.6515
122,5832,8,768,5.7826
122,5832,8,1152,5.9792
122,5832,8,1728,6.2741
122,5832,8,2592,6.7165
122,5832,8,3888,7.3800
122,5832,8,5832,8.3754
122,5832,8,8748,9.8684
122,5832,8,13122,12.1078
122,5832,8,16384,13.7780
122,5832,16,512,5.9142
122,5832,16,768,6.1763
122,5832,16,1152,6.5695
122,5832,16,1728,7.1594
122,5832,16,2592,8.0441
122,5832,16,3888,9.3712
122,5832,16,5832,11.3619
122,5832,16,8748,14.3478
122,5832,16,13122,18.8268
122,5832,16,16384,22.1671
122,5832,32,512,6.4395
122,5832,32,768,6.9638
122,5832,32,1152,7.7502
122,5832,32,1728,8.9299
122,5832,32,2592,10.6993
122,5832,32,3888,13.3535
122,5832,32,5832,17.3348
122,5832,32,8748,23.3068
122,5832,32,13122,32.2648
122,5832,32,16384,38.9453
122,5832,64,512,7.4901
122,5832,64,768,8.5387
122,5832,64,1152,10.1116
122,5832,64,1728,12.4708
122,5832,64,2592,16.0098
122,5832,64,3888,21.3182
122,5832,64,5832,29.2808
122,5832,64,8748,41.2248
122,5832,64,13122,59.1407
122,5832,64,16384,72.5018
122,5832,128,512,9.5914
122,5832,128,768,11.6885
122,5832,128,1152,14.8342
122,5832,128,1728,19.5528
122,5832,128,2592,26.6307
122,5832,128,3888,37.2476
122,5832,128,5832,53.1728
122,5832,128,8748,77.0607
122,5832,128,13122,112.8925
122,5832,128,16384,139.6148
122,8748,0,0,5.5755
122,8748,1,512,5.6083
122,8748,1,768,5.6247
122,8748,1,1152,5.6493
122,8748,1,1728,5.6861
122,8748,1,2592,5.7414
122,8748,1,3888,5.8244
122,8748,1,5832,5.9488
122,8748,1,8748,6.1354
122,8748,1,13122,6.4154
122,8748,1,16384,6.6241
122,8748,2,512,5.6412
122,8748,2,768,5.6739
122,8748,2,1152,5.7231
122,8748,2,1728,5.7968
122,8748,2,2592,5.9074
122,8748,2,3888,6.0733
122,8748,2,5832,6.3221
122,8748,2,8748,6.6954
122,8748,2,13122,7.2552
122,8748,2,16384,7.6728
122,8748,4,512,5.7068
122,8748,4,768,5.7724
122,8748,4,1152,5.8707
122,8748,4,1728,6.0181
122,8748,4,2592,6.2393
122,8748,4,3888,6.5711
122,8748,4,5832,7.0687
122,8748,4,8748,7.8152
122,8748,4,13122,8.9350
122,8748,4,16384,9.7700
122,8748,8,512,5.8381
122,8748,8,768,5.9692
122,8748,8,1152,6.1658
122,8748,8,1728,6.4607
122,8748,8,2592,6.9031
122,8748,8,3888,7.5667
122,8748,8,5832,8.5620
122,8748,8,8748,10.0550
122,8748,8,13122,12.2945
122,8748,8,16384,13.9646
122,8748,16,512,6.1008
122,8748,16,768,6.3629
122,8748,16,1152,6.7562
122,8748,16,1728,7.3460
122,8748,16,2592,8.2307
122,8748,16,3888,9.5578
122,8748,16,5832,11.5485
122,8748,16,8748,14.5345
122,8748,16,13122,19.0134
122,8748,16,16384,22.3537
122,8748,32,512,6.6261
122,8748,32,768,7.1504
122,8748,32,1152,7.9368
122,8748,32,1728,9.1165
122,8748,32,2592,10.8860
122,8748,32,3888,13.5402
122,8748,32,5832,17.5215
122,8748,32,8748,23.4934
122,8748,32,13122,32.4514
122,8748,32,16384,39.1320
122,8748,64,512,7.6767
122,8748,64,768,8.7253
122,8748,64,1152,10.2982
122,8748,64,1728,12.6575
122,8748,64,2592,16.1964
122,8748,64,3888,21.5048
122,8748,64,5832,29.4675
122,8748,64,8748,41.4114
122,8748,64,13122,59.3273
122,8748,64,16384,72.6884
122,8748,128,512,9.7780
122,8748,128,768,11.8751
122,8748,128,1152,15.0209
122,8748,128,1728,19.7395
122,8748,128,2592,26.8173
122,8748,128,3888,37.4342
122,8748,128,5832,53.3594
122,8748,128,8748,77.2473
122,8748,128,13122,113.0791
122,8748,128,16384,139.8014
122,13122,0,0,5.8554
122,13122,1,512,5.8883
122,13122,1,768,5.9046
122,13122,1,1152,5.9292
122,13122,1,1728,5.9661
122,13122,1,2592,6.0214
122,13122,1,3888,6.1043
122,13122,1,5832,6.2287
122,13122,1,8748,6.4154
122,13122,1,13122,6.6953
122,13122,1,16384,6.9041
122,13122,2,512,5.9211
122,13122,2,768,5.9539
122,13122,2,1152,6.0030
122,13122,2,1728,6.0767
122,13122,2,2592,6.1873
122,13122,2,3888,6.3532
122,13122,2,5832,6.6020
122,13122,2,8748,6.9753
122,13122,2,13122,7.5352
122,13122,2,16384,7.9527
122,13122,4,512,5.9868
122,13122,4,768,6.0523
122,13122,4,1152,6.1506
122,13122,4,1728,6.2980
122,13122,4,2592,6.5192
122,13122,4,3888,6.8510
122,13122,4,5832,7.3487
122,13122,4,8748,8.0952
122,13122,4,13122,9.2149
122,13122,4,16384,10.0500
122,13122,8,512,6.1181
122,13122,8,768,6.2492
122,13122,8,1152,6.4458
122,13122,8,1728,6.7407
122,13122,8,2592,7.1830
122,13122,8,3888,7.8466
122,13122,8,5832,8.8419
122,13122,8,8748,10.3349
122,13122,8,13122,12.5744
122,13122,8,16384,14.2445
122,13122,16,512,6.3807
122,13122,16,768,6.6429
122,13122,16,1152,7.0361
122,13122,16,1728,7.6259
122,13122,16,2592,8.5107
122,13122,16,3888,9.8378
122,13122,16,5832,11.8284
122,13122,16,8748,14.8144
122,13122,16,13122,19.2934
122,13122,16,16384,22.6337
122,13122,32,512,6.9060
122,13122,32,768,7.4303
122,13122,32,1152,8.2168
122,13122,32,1728,9.3964
122,13122,32,2592,11.1659
122,13122,32,3888,13.8201
122,13122,32,5832,17.8014
122,13122,32,8748,23.7734
122,13122,32,13122,32.7313
122,13122,32,16384,39.4119
122,13122,64,512,7.9567
122,13122,64,768,9.0052
122,13122,64,1152,10.5781
122,13122,64,1728,12.9374
122,13122,64,2592,16.4764
122,13122,64,3888,21.7848
122,13122,64,5832,29.7474
122,13122,64,8748,41.6913
122,13122,64,13122,59.6072
122,13122,64,16384,72.9684
122,13122,128,512,10.0579
122,13122,128,768,12.1551
122,13122,128,1152,15.3008
122,13122,128,1728,20.0194
122,13122,128,2592,27.0973
122,13122,128,3888,37.7141
122,13122,128,5832,53.6394
122,13122,128,8748,77.5272
122,13122,128,13122,113.3590
122,13122,128,16384,140.0813
122,16384,0,0,6.0642
122,16384,1,512,6.0970
122,16384,1,768,6.1134
122,16384,1,1152,6.1380
122,16384,1,1728,6.1748
122,16384,1,2592,6.2301
122,16384,1,3888,6.3131
122,16384,1,5832,6.4375
122,16384,1,8748,6.6241
122,16384,1,13122,6.9041
122,16384,1,16384,7.1128
122,16384,2,512,6.1299
122,16384,2,768,6.1626
122,16384,2,1152,6.2118
122,16384,2,1728,6.2855
122,16384,2,2592,6.3961
122,16384,2,3888,6.5620
122,16384,2,5832,6.8108
122,16384,2,8748,7.1841
122,16384,2,13122,7.7439
122,16384,2,16384,8.1615
122,16384,4,512,6.1955
122,16384,4,768,6.2611
122,16384,4,1152,6.3594
122,16384,4,1728,6.5068
122,16384,4,2592,6.7280
122,16384,4,3888,7.0598
122,16384,4,5832,7.5574
122,16384,4,8748,8.3039
122,16384,4,13122,9.4237
122,16384,4,16384,10.2588
122,16384,8,512,6.3268
122,16384,8,768,6.4579
122,16384,8,1152,6.6545
122,16384,8,1728,6.9494
122,16384,8,2592,7.3918
122,16384,8,3888,8.0554
122,16384,8,5832,9.0507
122,16384,8,8748,10.5437
122,16384,8,13122,12.7832
122,16384,8,16384,14.4533
122,16384,16,512,6.5895
122,16384,16,768,6.8516
122,16384,16,1152,7.2449
122,16384,16,1728,7.8347
122,16384,16,2592,8.7194
122,16384,16,3888,10.0465
122,16384,16,5832,12.0372
122,16384,16,8748,15.0232
122,16384,16,13122,19.5021
122,16384,16,16384,22.8424
122,16384,32,512,7.1148
122,16384,32,768,7.6391
122,16384,32,1152,8.4255
122,16384,32,1728,9.6052
122,16384,32,2592,11.3747
122,16384,32,3888,14.0289
122,16384,32,5832,18.0102
122,16384,32,8748,23.9821
122,16384,32,13122,32.9401
122,16384,32,16384,39.6207
122,16384,64,512,8.1654
122,16384,64,768,9.2140
122,16384,64,1152,10.7869
122,16384,64,1728,13.1462
122,16384,64,2592,16.6851
122,16384,64,3888,21.9935
122,16384,64,5832,29.9562
122,16384,64,8748,41.9001
122,16384,64,13122,59.8160
122,16384,64,16384,73.1772
122,16384,128,512,10.2667
122,16384,128,768,12.3638
122,16384,128,1152,15.5096
122,16384,128,1728,20.2282
122,16384,128,2592,27.3060
122,16384,128,3888,37.9229
122,16384,128,5832,53.8481
122,16384,128,8748,77.7360
122,16384,128,13122,113.5678
122,16384,128,16384,140.2901
128,0,0,0,5.0164
128,0,1,16,5.0175
128,0,1,32,5.0185
128,0,1,64,5.0205
128,0,1,128,5.0246
128,0,1,256,5.0328
128,0,1,512,5.0492
128,0,1,1024,5.0820
128,0,1,2048,5.1475
128,0,1,4096,5.2786
128,0,1,8192,5.5407
128,0,1,16384,6.0650
128,0,2,16,5.0186
128,0,2,32,5.0206
128,0,2,64,5.0247
128,0,2,128,5.0329
128,0,2,256,5.0493
128,0,2,512,5.0820
128,0,2,1024,5.1476
128,0,2,2048,5.2787
128,0,2,4096,5.5408
128,0,2,8192,6.0651
128,0,2,16384,7.1137
128,0,4,16,5.0207
128,0,4,32,5.0248
128,0,4,64,5.0330
128,0,4,128,5.0494
128,0,4,256,5.0822
128,0,4,512,5.1477
128,0,4,1024,5.2788
128,0,4,2048,5.5409
128,0,4,4096,6.0652
128,0,4,8192,7.1138
128,0,4,16384,9.2109
128,0,8,16,5.0251
128,0,8,32,5.0333
128,0,8,64,5.0497
128,0,8,128,5.0824
128,0,8,256,5.1480
128,0,8,512,5.2790
128,0,8,1024,5.5412
128,0,8,2048,6.0655
128,0,8,4096,7.1140
128,0,8,8192,9.2112
128,0,8,16384,13.4055
128,0,16,16,5.0338
128,0,16,32,5.0502
128,0,16,64,5.0829
128,0,16,128,5.1485
128,0,16,256,5.2796
128,0,16,512,5.5417
128,0,16,1024,6.0660
128,0,16,2048,7.1146
128,0,16,4096,9.2117
128,0,16,8192,13.4060
128,0,16,16384,21.7946
128,0,32,16,5.0512
128,0,32,32,5.0840
128,0,32,64,5.1495
128,0,32,128,5.2806
128,0,32,256,5.5427
128,0,32,512,6.0670
128,0,32,1024,7.1156
128,0,32,2048,9.2127
128,0,32,4096,13.4070
128,0,32,8192,21.7956
128,0,32,16384,38.5729
128,0,64,16,5.0860
128,0,64,32,5.1516
128,0,64,64,5.2826
128,0,64,128,5.5448
128,0,64,256,6.0691
128,0,64,512,7.1176
128,0,64,1024,9.2148
128,0,64,2048,13.4091
128,0,64,4096,21.7977
128,0,64,8192,38.5749
128,0,64,16384,72.1293
128,0,128,16,5.1556
128,0,128,32,5.2867
128,0,128,64,5.5489
128,0,128,128,6.0732
128,0,128,256,7.1217
128,0,128,512,9.2189
128,0,128,1024,13.4132
128,0,128,2048,21.8018
128,0,128,4096,38.5790
128,0,128,8192,72.1334
128,0,128,16384,139.2423
128,16,0,0,5.0174
128,16,1,16,5.0185
128,16,1,32,5.0195
128,16,1,64,5.0216
128,16,1,128,5.0257
128,16,1,256,5.0339
128,16,1,512,5.0502
128,16,1,1024,5.0830
128,16,1,2048,5.1485
128,16,1,4096,5.2796
128,16,1,8192,5.5418
128,16,1,16384,6.0660
128,16,2,16,5.0196
128,16,2,32,5.0216
128,16,2,64,5.0257
128,16,2,128,5.0339
128,16,2,256,5.0503
128,16,2,512,5.0831
128,16,2,1024,5.1486
128,16,2,2048,5.2797
128,16,2,4096,5.5418
128,16,2,8192,6.0661
128,16,2,16384,7.1147
128,16,4,16,5.0218
128,16,4,32,5.0259
128,16,4,64,5.0340
128,16,4,128,5.0504
128,16,4,256,5.0832
128,16,4,512,5.1487
128,16,4,1024,5.2798
128,16,4,2048,5.5420
128,16,4,4096,6.0662
128,16,4,8192,7.1148
128,16,4,16384,9.2120
128,16,8,16,5.0261
128,16,8,32,5.0343
128,16,8,64,5.0507
128,16,8,128,5.0835
128,16,8,256,5.1490
128,16,8,512,5.2801
128,16,8,1024,5.5422
128,16,8,2048,6.0665
128,16,8,4096,7.1151
128,16,8,8192,9.2122
128,16,8,16384,13.4065
128,16,16,16,5.0348
128,16,16,32,5.0512
128,16,16,64,5.0840
128,16,16,128,5.1495
128,16,16,256,5.2806
128,16,16,512,5.5427
128,16,16,1024,6.0670
128,16,16,2048,7.1156
128,16,16,4096,9.2127
128,16,16,8192,13.4070
128,16,16,16384,21.7956
128,16,32,16,5.0522
128,16,32,32,5.0850
128,16,32,64,5.1505
128,16,32,128,5.2816
128,16,32,256,5.5437
128,16,32,512,6.0680
128,16,32,1024,7.1166
128,16,32,2048,9.2138
128,16,32,4096,13.4081
128,16,32,8192,21.7967
128,16,32,16384,38.5739
128,16,64,16,5.0870
128,16,64,32,5.1526
128,16,64,64,5.2836
128,16,64,128,5.5458
128,16,64,256,6.0701
128,16,64,512,7.1187
128,16,64,1024,9.2158
128,16,64,2048,13.4101
128,16,64,4096,21.7987
128,16,64,8192,38.5759
128,16,64,16384,72.1304
128,16,128,16,5.1567
128,16,128,32,5.2877
128,16,128,64,5.5499
128,16,128,128,6.0742
128,16,128,256,7.1228
128,16,128,512,9.2199
128,16,128,1024,13.4142
128,16,128,2048,21.8028
128,16,128,4096,38.5800
128,16,128,8192,72.1345
128,16,128,16384,139.2433
128,32,0,0,5.0184
128,32,1,16,5.0195
128,32,1,32,5.0205
128,32,1,64,5.0226
128,32,1,128,5.0267
128,32,1,256,5.0349
128,32,1,512,5.0513
128,32,1,1024,5.0840
128,32,1,2048,5.1496
128,32,1,4096,5.2806
128,32,1,8192,5.5428
128,32,1,16384,6.0671
128,32,2,16,5.0206
128,32,2,32,5.0227
128,32,2,64,5.0268
128,32,2,128,5.0349
128,32,2,256,5.0513
128,32,2,512,5.0841
128,32,2,1024,5.1496
128,32,2,2048,5.2807
128,32,2,4096,5.5428
128,32,2,8192,6.0671
128,32,2,16384,7.1157
128,32,4,16,5.0228
128,32,4,32,5.0269
128,32,4,64,5.0351
128,32,4,128,5.0515
128,32,4,256,5.0842
128,32,4,512,5.1498
128,32,4,1024,5.2808
128,32,4,2048,5.5430
128,32,4,4096,6.0673
128,32,4,8192,7.1158
128,32,4,16384,9.2130
128,32,8,16,5.0271
128,32,8,32,5.0353
128,32,8,64,5.0517
128,32,8,128,5.0845
128,32,8,256,5.1500
128,32,8,512,5.2811
128,32,8,1024,5.5432
128,32,8,2048,6.0675
128,32,8,4096,7.1161
128,32,8,8192,9.2132
128,32,8,16384,13.4076
128,32,16,16,5.0358
128,32,16,32,5.0522
128,32,16,64,5.0850
128,32,16,128,5.1505
128,32,16,256,5.2816
128,32,16,512,5.5437
128,32,16,1024,6.0680
128,32,16,2048,7.1166
128,32,16,4096,9.2138
128,32,16,8192,13.4081
128,32,16,16384,21.7967
128,32,32,16,5.0532
128,32,32,32,5.0860
128,32,32,64,5.1516
128,32,32,128,5.2826
128,32,32,256,5.5448
128,32,32,512,6.0691
128,32,32,1024,7.1176
128,32,32,2048,9.2148
128,32,32,4096,13.4091
128,32,32,8192,21.7977
128,32,32,16384,38.5749
128,32,64,16,5.0881
128,32,64,32,5.1536
128,32,64,64,5.2847
128,32,64,128,5.5468
128,32,64,256,6.0711
128,32,64,512,7.1197
128,32,64,1024,9.2168
128,32,64,2048,13.4111
128,32,64,4096,21.7997
128,32,64,8192,38.5770
128,32,64,16384,72.1314
128,32,128,16,5.1577
128,32,128,32,5.2888
128,32,128,64,5.5509
128,32,128,128,6.0752
128,32,128,256,7.1238
128,32,128,512,9.2209
128,32,128,1024,13.4152
128,32,128,2048,21.8038
128,32,128,4096,38.5811
128,32,128,8192,72.1355
128,32,128,16384,139.2444
128,64,0,0,5.0205
128,64,1,16,5.0216
128,64,1,32,5.0226
128,64,1,64,5.0246
128,64,1,128,5.0287
128,64,1,256,5.0369
128,64,1,512,5.0533
128,64,1,1024,5.0861
128,64,1,2048,5.1516
128,64,1,4096,5.2827
128,64,1,8192,5.5448
128,64,1,16384,6.0691
128,64,2,16,5.0227
128,64,2,32,5.0247
128,64,2,64,5.0288
128,64,2,128,5.0370
128,64,2,256,5.0534
128,64,2,512,5.0861
128,64,2,1024,5.1517
128,64,2,2048,5.2828
128,64,2,4096,5.5449
128,64,2,8192,6.0692
128,64,2,16384,7.1178
128,64,4,16,5.0248
128,64,4,32,5.0289
128,64,4,64,5.0371
128,64,4,128,5.0535
128,64,4,256,5.0863
128,64,4,512,5.1518
128,64,4,1024,5.2829
128,64,4,2048,5.5450
128,64,4,4096,6.0693
128,64,4,8192,7.1179
128,64,4,16384,9.2150
128,64,8,16,5.0292
128,64,8,32,5.0374
128,64,8,64,5.0538
128,64,8,128,5.0865
128,64,8,256,5.1521
128,64,8,512,5.2831
128,64,8,1024,5.5453
128,64,8,2048,6.0696
128,64,8,4096,7.1181
128,64,8,8192,9.2153
128,64,8,16384,13.4096
128,64,16,16,5.0379
128,64,16,32,5.0543
128,64,16,64,5.0870
128,64,16,128,5.1526
128,64,16,256,5.2836
128,64,16,512,5.5458
128,64,16,1024,6.0701
128,64,16,2048,7.1187
128,64,16,4096,9.2158
128,64,16,8192,13.4101
128,64,16,16384,21.7987
128,64,32,16,5.0553
128,64,32,32,5.0881
128,64,32,64,5.1536
128,64,32,128,5.2847
128,64,32,256,5.5468
128,64,32,512,6.0711
128,64,32,1024,7.1197
128,64,32,2048,9.2168
128,64,32,4096,13.4111
128,64,32,8192,21.7997
128,64,32,16384,38.5770
128,64,64,16,5.0901
128,64,64,32,5.1556
128,64,64,64,5.2867
128,64,64,128,5.5489
128,64,64,256,6.0732
128,64,64,512,7.1217
128,64,64,1024,9.2189
128,64,64,2048,13.4132
128,64,64,4096,21.8018
128,64,64,8192,38.5790
128,64,64,16384,72.1334
128,64,128,16,5.1597
128,64,128,32,5.2908
128,64,128,64,5.5530
128,64,128,128,6.0772
128,64,128,256,7.1258
128,64,128,512,9.2230
128,64,128,1024,13.4173
128,64,128,2048,21.8059
128,64,128,4096,38.5831
128,64,128,8192,72.1375
128,64,128,16384,139.2464
128,128,0,0,5.0246
128,128,1,16,5.0257
128,128,1,32,5.0267
128,128,1,64,5.0287
128,128,1,128,5.0328
128,128,1,256,5.0410
128,128,1,512,5.0574
128,128,1,1024,5.0902
128,128,1,2048,5.1557
128,128,1,4096,5.2868
128,128,1,8192,5.5489
128,128,1,16384,6.0732
128,128,2,16,5.0268
128,128,2,32,5.0288
128,128,2,64,5.0329
128,128,2,128,5.0411
128,128,2,256,5.0575
128,128,2,512,5.0902
128,128,2,1024,5.1558
128,128,2,2048,5.2868
128,128,2,4096,5.5490
128,128,2,8192,6.0733
128,128,2,16384,7.1219
128,128,4,16,5.0289
128,128,4,32,5.0330
128,128,4,64,5.0412
128,128,4,128,5.0576
128,128,4,256,5.0904
128,128,4,512,5.1559
128,128,4,1024,5.2870
128,128,4,2048,5.5491
128,128,4,4096,6.0734
128,128,4,8192,7.1220
128,128,4,16384,9.2191
128,128,8,16,5.0333
128,128,8,32,5.0415
128,128,8,64,5.0579
128,128,8,128,5.0906
128,128,8,256,5.1562
128,128,8,512,5.2872
128,128,8,1024,5.5494
128,128,8,2048,6.0737
128,128,8,4096,7.1222
128,128,8,8192,9.2194
128,128,8,16384,13.4137
128,128,16,16,5.0420
128,128,16,32,5.0584
128,128,16,64,5.0911
128,128,16,128,5.1567
128,128,16,256,5.2877
128,128,16,512,5.5499
128,128,16,1024,6.0742
128,128,16,2048,7.1228
128,128,16,4096,9.2199
128,128,16,8192,13.4142
128,128,16,16384,21.8028
128,128,32,16,5.0594
128,128,32,32,5.0922
128,128,32,64,5.1577
128,128,32,128,5.2888
128,128,32,256,5.5509
128,128,32,512,6.0752
128,128,32,1024,7.1238
128,128,32,2048,9.2209
128,128,32,4096,13.4152
128,128,32,8192,21.8038
128,128,32,16384,38.5811
128,128,64,16,5.0942
128,128,64,32,5.1597
128,128,64,64,5.2908
128,128,64,128,5.5530
128,128,64,256,6.0772
128,128,64,512,7.1258
128,128,64,1024,9.2230
128,128,64,2048,13.4173
128,128,64,4096,21.8059
128,128,64,8192,38.5831
128,128,64,16384,72.1375
128,128,128,16,5.1638
128,128,128,32,5.2949
128,128,128,64,5.5571
128,128,128,128,6.0813
128,128,128,256,7.1299
128,128,128,512,9.2271
128,128,128,1024,13.4214
128,128,128,2048,21.8100
128,128,128,4096,38.5872
128,128,128,8192,72.1416
128,128,128,16384,139.2505
128,256,0,0,5.0328
128,256,1,16,5.0339
128,256,1,32,5.0349
128,256,1,64,5.0369
128,256,1,128,5.0410
128,256,1,256,5.0492
128,256,1,512,5.0656
128,256,1,1024,5.0984
128,256,1,2048,5.1639
128,256,1,4096,5.2950
128,256,1,8192,5.5571
128,256,1,16384,6.0814
128,256,2,16,5.0349
128,256,2,32,5.0370
128,256,2,64,5.0411
128,256,2,128,5.0493
128,256,2,256,5.0657
128,256,2,512,5.0984
128,256,2,1024,5.1640
128,256,2,2048,5.2950
128,256,2,4096,5.5572
128,256,2,8192,6.0815
128,256,2,16384,7.1300
128,256,4,16,5.0371
128,256,4,32,5.0412
128,256,4,64,5.0494
128,256,4,128,5.0658
128,256,4,256,5.0986
128,256,4,512,5.1641
128,256,4,1024,5.2952
128,256,4,2048,5.5573
128,256,4,4096,6.0816
128,256,4,8192,7.1302
128,256,4,16384,9.2273
128,256,8,16,5.0415
128,256,8,32,5.0497
128,256,8,64,5.0660
128,256,8,128,5.0988
128,256,8,256,5.1644
128,256,8,512,5.2954
128,256,8,1024,5.5576
128,256,8,2048,6.0819
128,256,8,4096,7.1304
128,256,8,8192,9.2276
128,256,8,16384,13.4219
128,256,16,16,5.0502
128,256,16,32,5.0666
128,256,16,64,5.0993
128,256,16,128,5.1649
128,256,16,256,5.2959
128,256,16,512,5.5581
128,256,16,1024,6.0824
128,256,16,2048,7.1309
128,256,16,4096,9.2281
128,256,16,8192,13.4224
128,256,16,16384,21.8110
128,256,32,16,5.0676
128,256,32,32,5.1004
128,256,32,64,5.1659
128,256,32,128,5.2970
128,256,32,256,5.5591
128,256,32,512,6.0834
128,256,32,1024,7.1320
128,256,32,2048,9.2291
128,256,32,4096,13.4234
128,256,32,8192,21.8120
128,256,32,16384,38.5892
128,256,64,16,5.1024
128,256,64,32,5.1679
128,256,64,64,5.2990
128,256,64,128,5.5612
128,256,64,256,6.0854
128,256,64,512,7.1340
128,256,64,1024,9.2312
128,256,64,2048,13.4255
128,256,64,4096,21.8141
128,256,64,8192,38.5913
128,256,64,16384,72.1457
128,256,128,16,5.1720
128,256,128,32,5.3031
128,256,128,64,5.5652
128,256,128,128,6.0895
128,256,128,256,7.1381
128,256,128,512,9.2353
128,256,128,1024,13.4296
128,256,128,2048,21.8182
128,256,128,4096,38.5954
128,256,128,8192,72.1498
128,256,128,16384,139.2587
128,512,0,0,5.0492
128,512,1,16,5.0502
128,512,1,32,5.0513
128,512,1,64,5.0533
128,512,1,128,5.0574
128,512,1,256,5.0656
128,512,1,512,5.0820
128,512,1,1024,5.1148
128,512,1,2048,5.1803
128,512,1,4096,5.3114
128,512,1,8192,5.5735
128,512,1,16384,6.0978
128,512,2,16,5.0513
128,512,2,32,5.0534
128,512,2,64,5.0575
128,512,2,128,5.0657
128,512,2,256,5.0820
128,512,2,512,5.1148
128,512,2,1024,5.1804
128,512,2,2048,5.3114
128,512,2,4096,5.5736
128,512,2,8192,6.0979
128,512,2,16384,7.1464
128,512,4,16,5.0535
128,512,4,32,5.0576
128,512,4,64,5.0658
128,512,4,128,5.0822
128,512,4,256,5.1149
128,512,4,512,5.1805
128,512,4,1024,5.3116
128,512,4,2048,5.5737
128,512,4,4096,6.0980
128,512,4,8192,7.1466
128,512,4,16384,9.2437
128,512,8,16,5.0579
128,512,8,32,5.0660
128,512,8,64,5.0824
128,512,8,128,5.1152
128,512,8,256,5.1807
128,512,8,512,5.3118
128,512,8,1024,5.5740
128,512,8,2048,6.0982
128,512,8,4096,7.1468
128,512,8,8192,9.2440
128,512,8,16384,13.4383
128,512,16,16,5.0666
128,512,16,32,5.0829
128,512,16,64,5.1157
128,512,16,128,5.1812
128,512,16,256,5.3123
128,512,16,512,5.5745
128,512,16,1024,6.0988
128,512,16,2048,7.1473
128,512,16,4096,9.2445
128,512,16,8192,13.4388
128,512,16,16384,21.8274
128,512,32,16,5.0840
128,512,32,32,5.1167
128,512,32,64,5.1823
128,512,32,128,5.3133
128,512,32,256,5.5755
128,512,32,512,6.0998
128,512,32,1024,7.1484
128,512,32,2048,9.2455
128,512,32,4096,13.4398
128,512,32,8192,21.8284
128,512,32,16384,38.6056
128,512,64,16,5.1188
128,512,64,32,5.1843
128,512,64,64,5.3154
128,512,64,128,5.5775
128,512,64,256,6.1018
128,512,64,512,7.1504
128,512,64,1024,9.2476
128,512,64,2048,13.4419
128,512,64,4096,21.8305
128,512,64,8192,38.6077
128,512,64,16384,72.1621
128,512,128,16,5.1884
128,512,128,32,5.3195
128,512,128,64,5.5816
128,512,128,128,6.1059
128,512,128,256,7.1545
128,512,128,512,9.2516
128,512,128,1024,13.4460
128,512,128,2048,21.8346
128,512,128,4096,38.6118
128,512,128,8192,72.1662
128,512,128,16384,139.2751
128,1024,0,0,5.0819
128,1024,1,16,5.0830
128,1024,1,32,5.0840
128,1024,1,64,5.0861
128,1024,1,128,5.0902
128,1024,1,256,5.0984
128,1024,1,512,5.1148
128,1024,1,1024,5.1475
128,1024,1,2048,5.2131
128,1024,1,4096,5.3441
128,1024,1,8192,5.6063
128,1024,1,16384,6.1306
128,1024,2,16,5.0841
128,1024,2,32,5.0861
128,1024,2,64,5.0902
128,1024,2,128,5.0984
128,1024,2,256,5.1148
128,1024,2,512,5.1476
128,1024,2,1024,5.2131
128,1024,2,2048,5.3442
128,1024,2,4096,5.6063
128,1024,2,8192,6.1306
128,1024,2,16384,7.1792
128,1024,4,16,5.0863
128,1024,4,32,5.0904
128,1024,4,64,5.0986
128,1024,4,128,5.1149
128,1024,4,256,5.1477
128,1024,4,512,5.2132
128,1024,4,1024,5.3443
128,1024,4,2048,5.6065
128,1024,4,4096,6.1308
128,1024,4,8192,7.1793
128,1024,4,16384,9.2765
128,1024,8,16,5.0906
128,1024,8,32,5.0988
128,1024,8,64,5.1152
128,1024,8,128,5.1480
128,1024,8,256,5.2135
128,1024,8,512,5.3446
128,1024,8,1024,5.6067
128,1024,8,2048,6.1310
128,1024,8,4096,7.1796
128,1024,8,8192,9.2767
128,1024,8,16384,13.4710
128,1024,16,16,5.0993
128,1024,16,32,5.1157
128,1024,16,64,5.1485
128,1024,16,128,5.2140
128,1024,16,256,5.3451
128,1024,16,512,5.6072
128,1024,16,1024,6.1315
128,1024,16,2048,7.1801
128,1024,16,4096,9.2772
128,1024,16,8192,13.4716
128,1024,16,16384,21.8602
128,1024,32,16,5.1167
128,1024,32,32,5.1495
128,1024,32,64,5.2150
128,1024,32,128,5.3461
128,1024,32,256,5.6083
128,1024,32,512,6.1325
128,1024,32,1024,7.1811
128,1024,32,2048,9.2783
128,1024,32,4096,13.4726
128,1024,32,8192,21.8612
128,1024,32,16384,38.6384
128,1024,64,16,5.1516
128,1024,64,32,5.2171
128,1024,64,64,5.3482
128,1024,64,128,5.6103
128,1024,64,256,6.1346
128,1024,64,512,7.1832
128,1024,64,1024,9.2803
128,1024,64,2048,13.4746
128,1024,64,4096,21.8632
128,1024,64,8192,38.6404
128,1024,64,16384,72.1949
128,1024,128,16,5.2212
128,1024,128,32,5.3523
128,1024,128,64,5.6144
128,1024,128,128,6.1387
128,1024,128,256,7.1873
128,1024,128,512,9.2844
128,1024,128,1024,13.4787
128,1024,128,2048,21.8673
128,1024,128,4096,38.6445
128,1024,128,8192,72.1990
128,1024,128,16384,139.3078
128,2048,0,0,5.1475
128,2048,1,16,5.1485
128,2048,1,32,5.1496
128,2048,1,64,5.1516
128,2048,1,128,5.1557
128,2048,1,256,5.1639
128,2048,1,512,5.1803
128,2048,1,1024,5.2131
128,2048,1,2048,5.2786
128,2048,1,4096,5.4097
128,2048,1,8192,5.6718
128,2048,1,16384,6.1961
128,2048,2,16,5.1496
128,2048,2,32,5.1517
128,2048,2,64,5.1558
128,2048,2,128,5.1640
128,2048,2,256,5.1804
128,2048,2,512,5.2131
128,2048,2,1024,5.2787
128,2048,2,2048,5.4097
128,2048,2,4096,5.6719
128,2048,2,8192,6.1962
128,2048,2,16384,7.2447
128,2048,4,16,5.1518
128,2048,4,32,5.1559
128,2048,4,64,5.1641
128,2048,4,128,5.1805
128,2048,4,256,5.2132
128,2048,4,512,5.2788
128,2048,4,1024,5.4099
128,2048,4,2048,5.6720
128,2048,4,4096,6.1963
128,2048,4,8192,7.2449
128,2048,4,16384,9.3420
128,2048,8,16,5.1562
128,2048,8,32,5.1644
128,2048,8,64,5.1807
128,2048,8,128,5.2135
128,2048,8,256,5.2790
128,2048,8,512,5.4101
128,2048,8,1024,5.6723
128,2048,8,2048,6.1965
128,2048,8,4096,7.2451
128,2048,8,8192,9.3423
128,2048,8,16384,13.5366
128,2048,16,16,5.1649
128,2048,16,32,5.1812
128,2048,16,64,5.2140
128,2048,16,128,5.2796
128,2048,16,256,5.4106
128,2048,16,512,5.6728
128,2048,16,1024,6.1971
128,2048,16,2048,7.2456
128,2048,16,4096,9.3428
128,2048,16,8192,13.5371
128,2048,16,16384,21.9257
128,2048,32,16,5.1823
128,2048,32,32,5.2150
128,2048,32,64,5.2806
128,2048,32,128,5.4116
128,2048,32,256,5.6738
128,2048,32,512,6.1981
128,2048,32,1024,7.2467
128,2048,32,2048,9.3438
128,2048,32,4096,13.5381
128,2048,32,8192,21.9267
128,2048,32,16384,38.7039
128,2048,64,16,5.2171
128,2048,64,32,5.2826
128,2048,64,64,5.4137
128,2048,64,128,5.6758
128,2048,64,256,6.2001
128,2048,64,512,7.2487
128,2048,64,1024,9.3459
128,2048,64,2048,13.5402
128,2048,64,4096,21.9288
128,2048,64,8192,38.7060
128,2048,64,16384,72.2604
128,2048,128,16,5.2867
128,2048,128,32,5.4178
128,2048,128,64,5.6799
128,2048,128,128,6.2042
128,2048,128,256,7.2528
128,2048,128,512,9.3500
128,2048,128,1024,13.5443
128,2048,128,2048,21.9329
128,2048,128,4096,38.7101
128,2048,128,8192,72.2645
128,2048,128,16384,139.3734
128,4096,0,0,5.2785
128,4096,1,16,5.2796
128,4096,1,32,5.2806
128,4096,1,64,5.2827
128,4096,1,128,5.2868
128,4096,1,256,5.2950
128,4096,1,512,5.3114
128,4096,1,1024,5.3441
128,4096,1,2048,5.4097
128,4096,1,4096,5.5407
128,4096,1,8192,5.8029
128,4096,1,16384,6.3272
128,4096,2,16,5.2807
128,4096,2,32,5.2828
128,4096,2,64,5.2868
128,4096,2,128,5.2950
128,4096,2,256,5.3114
128,4096,2,512,5.3442
128,4096,2,1024,5.4097
128,4096,2,2048,5.5408
128,4096,2,4096,5.8029
128,4096,2,8192,6.3272
128,4096,2,16384,7.3758
128,4096,4,16,5.2829
128,4096,4,32,5.2870
128,4096,4,64,5.2952
128,4096,4,128,5.3116
128,4096,4,256,5.3443
128,4096,4,512,5.4099
128,4096,4,1024,5.5409
128,4096,4,2048,5.8031
128,4096,4,4096,6.3274
128,4096,4,8192,7.3759
128,4096,4,16384,9.4731
128,4096,8,16,5.2872
128,4096,8,32,5.2954
128,4096,8,64,5.3118
128,4096,8,128,5.3446
128,4096,8,256,5.4101
128,4096,8,512,5.5412
128,4096,8,1024,5.8033
128,4096,8,2048,6.3276
128,4096,8,4096,7.3762
128,4096,8,8192,9.4733
128,4096,8,16384,13.6676
128,4096,16,16,5.2959
128,4096,16,32,5.3123
128,4096,16,64,5.3451
128,4096,16,128,5.4106
128,4096,16,256,5.5417
128,4096,16,512,5.8038
128,4096,16,1024,6.3281
128,4096,16,2048,7.3767
128,4096,16,4096,9.4739
128,4096,16,8192,13.6682
128,4096,16,16384,22.0568
128,4096,32,16,5.3133
128,4096,32,32,5.3461
128,4096,32,64,5.4116
128,4096,32,128,5.5427
128,4096,32,256,5.8049
128,4096,32,512,6.3292
128,4096,32,1024,7.3777
128,4096,32,2048,9.4749
128,4096,32,4096,13.6692
128,4096,32,8192,22.0578
128,4096,32,16384,38.8350
128,4096,64,16,5.3482
128,4096,64,32,5.4137
128,4096,64,64,5.5448
128,4096,64,128,5.8069
128,4096,64,256,6.3312
128,4096,64,512,7.3798
128,4096,64,1024,9.4769
128,4096,64,2048,13.6712
128,4096,64,4096,22.0598
128,4096,64,8192,38.8371
128,4096,64,16384,72.3915
128,4096,128,16,5.4178
128,4096,128,32,5.5489
128,4096,128,64,5.8110
128,4096,128,128,6.3353
128,4096,128,256,7.3839
128,4096,128,512,9.4810
128,4096,128,1024,13.6753
128,4096,128,2048,22.0639
128,4096,128,4096,38.8412
128,4096,128,8192,72.3956
128,4096,128,16384,139.5044
128,8192,0,0,5.5407
128,8192,1,16,5.5418
128,8192,1,32,5.5428
128,8192,1,64,5.5448
128,8192,1,128,5.5489
128,8192,1,256,5.5571
128,8192,1,512,5.5735
128,8192,1,1024,5.6063
128,8192,1,2048,5.6718
128,8192,1,4096,5.8029
128,8192,1,8192,6.0650
128,8192,1,16384,6.5893
128,8192,2,16,5.5428
128,8192,2,32,5.5449
128,8192,2,64,5.5490
128,8192,2,128,5.5572
128,8192,2,256,5.5736
128,8192,2,512,5.6063
128,8192,2,1024,5.6719
128,8192,2,2048,5.8029
128,8192,2,4096,6.0651
128,8192,2,8192,6.5894
128,8192,2,16384,7.6380
128,8192,4,16,5.5450
128,8192,4,32,5.5491
128,8192,4,64,5.5573
128,8192,4,128,5.5737
128,8192,4,256,5.6065
128,8192,4,512,5.6720
128,8192,4,1024,5.8031
128,8192,4,2048,6.0652
128,8192,4,4096,6.5895
128,8192,4,8192,7.6381
128,8192,4,16384,9.7352
128,8192,8,16,5.5494
128,8192,8,32,5.5576
128,8192,8,64,5.5740
128,8192,8,128,5.6067
128,8192,8,256,5.6723
128,8192,8,512,5.8033
128,8192,8,1024,6.0655
128,8192,8,2048,6.5898
128,8192,8,4096,7.6383
128,8192,8,8192,9.7355
128,8192,8,16384,13.9298
128,8192,16,16,5.5581
128,8192,16,32,5.5745
128,8192,16,64,5.6072
128,8192,16,128,5.6728
128,8192,16,256,5.8038
128,8192,16,512,6.0660
128,8192,16,1024,6.5903
128,8192,16,2048,7.6388
128,8192,16,4096,9.7360
128,8192,16,8192,13.9303
128,8192,16,16384,22.3189
128,8192,32,16,5.5755
128,8192,32,32,5.6083
128,8192,32,64,5.6738
128,8192,32,128,5.8049
128,8192,32,256,6.0670
128,8192,32,512,6.5913
128,8192,32,1024,7.6399
128,8192,32,2048,9.7370
128,8192,32,4096,13.9313
128,8192,32,8192,22.3199
128,8192,32,16384,39.0972
128,8192,64,16,5.6103
128,8192,64,32,5.6758
128,8192,64,64,5.8069
128,8192,64,128,6.0691
128,8192,64,256,6.5933
128,8192,64,512,7.6419
128,8192,64,1024,9.7391
128,8192,64,2048,13.9334
128,8192,64,4096,22.3220
128,8192,64,8192,39.0992
128,8192,64,16384,72.6536
128,8192,128,16,5.6799
128,8192,128,32,5.8110
128,8192,128,64,6.0732
128,8192,128,128,6.5974
128,8192,128,256,7.6460
128,8192,128,512,9.7432
128,8192,128,1024,13.9375
128,8192,128,2048,22.3261
128,8192,128,4096,39.1033
128,8192,128,8192,72.6577
128,8192,128,16384,139.7666
128,16384,0,0,6.0650
128,16384,1,16,6.0660
128,16384,1,32,6.0671
128,16384,1,64,6.0691
128,16384,1,128,6.0732
128,16384,1,256,6.0814
128,16384,1,512,6.0978
128,16384,1,1024,6.1306
128,16384,1,2048,6.1961
128,16384,1,4096,6.3272
128,16384,1,8192,6.5893
128,16384,1,16384,7.1136
128,16384,2,16,6.0671
128,16384,2,32,6.0692
128,16384,2,64,6.0733
128,16384,2,128,6.0815
128,16384,2,256,6.0979
128,16384,2,512,6.1306
128,16384,2,1024,6.1962
128,16384,2,2048,6.3272
128,16384,2,4096,6.5894
128,16384,2,8192,7.1137
128,16384,2,16384,8.1622
128,16384,4,16,6.0693
128,16384,4,32,6.0734
128,16384,4,64,6.0816
128,16384,4,128,6.0980
128,16384,4,256,6.1308
128,16384,4,512,6.1963
128,16384,4,1024,6.3274
128,16384,4,2048,6.5895
128,16384,4,4096,7.1138
128,16384,4,8192,8.1624
128,16384,4,16384,10.2595
128,16384,8,16,6.0737
128,16384,8,32,6.0819
128,16384,8,64,6.0982
128,16384,8,128,6.1310
128,16384,8,256,6.1965
128,16384,8,512,6.3276
128,16384,8,1024,6.5898
128,16384,8,2048,7.1140
128,16384,8,4096,8.1626
128,16384,8,8192,10.2598
128,16384,8,16384,14.4541
128,16384,16,16,6.0824
128,16384,16,32,6.0988
128,16384,16,64,6.1315
128,16384,16,128,6.1971
128,16384,16,256,6.3281
128,16384,16,512,6.5903
128,16384,16,1024,7.1146
128,16384,16,2048,8.1631
128,16384,16,4096,10.2603
128,16384,16,8192,14.4546
128,16384,16,16384,22.8432
128,16384,32,16,6.0998
128,16384,32,32,6.1325
128,16384,32,64,6.1981
128,16384,32,128,6.3292
128,16384,32,256,6.5913
128,16384,32,512,7.1156
128,16384,32,1024,8.1642
128,16384,32,2048,10.2613
128,16384,32,4096,14.4556
128,16384,32,8192,22.8442
128,16384,32,16384,39.6214
128,16384,64,16,6.1346
128,16384,64,32,6.2001
128,16384,64,64,6.3312
128,16384,64,128,6.5933
128,16384,64,256,7.1176
128,16384,64,512,8.1662
128,16384,64,1024,10.2634
128,16384,64,2048,14.4577
128,16384,64,4096,22.8463
128,16384,64,8192,39.6235
128,16384,64,16384,73.1779
128,16384,128,16,6.2042
128,16384,128,32,6.3353
128,16384,128,64,6.5974
128,16384,128,128,7.1217
128,16384,128,256,8.1703
128,16384,128,512,10.2675
128,16384,128,1024,14.4618
128,16384,128,2048,22.8504
128,16384,128,4096,39.6276
128,16384,128,8192,73.1820
128,16384,128,16384,140.2909
182,0,0,0,5.0233
182,0,1,512,5.0561
182,0,1,768,5.0725
182,0,1,1152,5.0971
182,0,1,1728,5.1340
182,0,1,2592,5.1892
182,0,1,3888,5.2722
182,0,1,5832,5.3966
182,0,1,8748,5.5832
182,0,1,13122,5.8632
182,0,1,16384,6.0719
182,0,2,512,5.0890
182,0,2,768,5.1217
182,0,2,1152,5.1709
182,0,2,1728,5.2446
182,0,2,2592,5.3552
182,0,2,3888,5.5211
182,0,2,5832,5.7699
182,0,2,8748,6.1432
182,0,2,13122,6.7030
182,0,2,16384,7.1206
182,0,4,512,5.1546
182,0,4,768,5.2202
182,0,4,1152,5.3185
182,0,4,1728,5.4659
182,0,4,2592,5.6871
182,0,4,3888,6.0189
182,0,4,5832,6.5165
182,0,4,8748,7.2630
182,0,4,13122,8.3828
182,0,4,16384,9.2179
182,0,8,512,5.2860
182,0,8,768,5.4170
182,0,8,1152,5.6136
182,0,8,1728,5.9085
182,0,8,2592,6.3509
182,0,8,3888,7.0145
182,0,8,5832,8.0098
182,0,8,8748,9.5028
182,0,8,13122,11.7423
182,0,8,16384,13.4124
182,0,16,512,5.5486
182,0,16,768,5.8108
182,0,16,1152,6.2040
182,0,16,1728,6.7938
182,0,16,2592,7.6785
182,0,16,3888,9.0056
182,0,16,5832,10.9963
182,0,16,8748,13.9823
182,0,16,13122,18.4612
182,0,16,16384,21.8015
182,0,32,512,6.0739
182,0,32,768,6.5982
182,0,32,1152,7.3846
182,0,32,1728,8.5643
182,0,32,2592,10.3338
182,0,32,3888,12.9880
182,0,32,5832,16.9693
182,0,32,8748,22.9412
182,0,32,13122,31.8992
182,0,32,16384,38.5798
182,0,64,512,7.1245
182,0,64,768,8.1731
182,0,64,1152,9.7460
182,0,64,1728,12.1053
182,0,64,2592,15.6442
182,0,64,3888,20.9526
182,0,64,5832,28.9153
182,0,64,8748,40.8592
182,0,64,13122,58.7751
182,0,64,16384,72.1363
182,0,128,512,9.2258
182,0,128,768,11.3229
182,0,128,1152,14.4687
182,0,128,1728,19.1873
182,0,128,2592,26.2652
182,0,128,3888,36.8820
182,0,128,5832,52.8072
182,0,128,8748,76.6951
182,0,128,13122,112.5269
182,0,128,16384,139.2492
182,512,0,0,5.0561
182,512,1,512,5.0889
182,512,1,768,5.1053
182,512,1,1152,5.1299
182,512,1,1728,5.1667
182,512,1,2592,5.2220
182,512,1,3888,5.3050
182,512,1,5832,5.4294
182,512,1,8748,5.6160
182,512,1,13122,5.8959
182,512,1,16384,6.1047
182,512,2,512,5.1217
182,512,2,768,5.1545
182,512,2,1152,5.2036
182,512,2,1728,5.2774
182,512,2,2592,5.3880
182,512,2,3888,5.5539
182,512,2,5832,5.8027
182,512,2,8748,6.1759
182,512,2,13122,6.7358
182,512,2,16384,7.1533
182,512,4,512,5.1874
182,512,4,768,5.2529
182,512,4,1152,5.3512
182,512,4,1728,5.4987
182,512,4,2592,5.7199
182,512,4,3888,6.0516
182,512,4,5832,6.5493
182,512,4,8748,7.2958
182,512,4,13122,8.4156
182,512,4,16384,9.2506
182,512,8,512,5.3187
182,512,8,768,5.4498
182,512,8,1152,5.6464
182,512,8,1728,5.9413
182,512,8,2592,6.3837
182,512,8,3888,7.0472
182,512,8,5832,8.0426
182,512,8,8748,9.5356
182,512,8,13122,11.7750
182,512,8,16384,13.4452
182,512,16,512,5.5814
182,512,16,768,5.8435
182,512,16,1152,6.2367
182,512,16,1728,6.8266
182,512,16,2592,7.7113
182,512,16,3888,9.0384
182,512,16,5832,11.0291
182,512,16,8748,14.0150
182,512,16,13122,18.4940
182,512,16,16384,21.8343
182,512,32,512,6.1067
182,512,32,768,6.6310
182,512,32,1152,7.4174
182,512,32,1728,8.5971
182,512,32,2592,10.3665
182,512,32,3888,13.0207
182,512,32,5832,17.0020
182,512,32,8748,22.9740
182,512,32,13122,31.9320
182,512,32,16384,38.6125
182,512,64,512,7.1573
182,512,64,768,8.2059
182,512,64,1152,9.7788
182,512,64,1728,12.1380
182,512,64,2592,15.6770
182,512,64,3888,20.9854
182,512,64,5832,28.9480
182,512,64,8748,40.8920
182,512,64,13122,58.8079
182,512,64,16384,72.1690
182,512,128,512,9.2586
182,512,128,768,11.3557
182,512,128,1152,14.5014
182,512,128,1728,19.2200
182,512,128,2592,26.2979
182,512,128,3888,36.9148
182,512,128,5832,52.8400
182,512,128,8748,76.7279
182,512,128,13122,112.5597
182,512,128,16384,139.2820
182,768,0,0,5.0724
182,768,1,512,5.1053
182,768,1,768,5.1217
182,768,1,1152,5.1462
182,768,1,1728,5.1831
182,768,1,2592,5.2384
182,768,1,3888,5.3213
182,768,1,5832,5.4458
182,768,1,8748,5.6324
182,768,1,13122,5.9123
182,768,1,16384,6.1211
182,768,2,512,5.1381
182,768,2,768,5.1709
182,768,2,1152,5.2200
182,768,2,1728,5.2938
182,768,2,2592,5.4044
182,768,2,3888,5.5702
182,768,2,5832,5.8191
182,768,2,8748,6.1923
182,768,2,13122,6.7522
182,768,2,16384,7.1697
182,768,4,512,5.2038
182,768,4,768,5.2693
182,768,4,1152,5.3676
182,768,4,1728,5.5151
182,768,4,2592,5.7363
182,768,4,3888,6.0680
182,768,4,5832,6.5657
182,768,4,8748,7.3122
182,768,4,13122,8.4319
182,768,4,16384,9.2670
182,768,8,512,5.3351
182,768,8,768,5.4662
182,768,8,1152,5.6628
182,768,8,1728,5.9577
182,768,8,2592,6.4001
182,768,8,3888,7.0636
182,768,8,5832,8.0589
182,768,8,8748,9.5519
182,768,8,13122,11.7914
182,768,8,16384,13.4616
182,768,16,512,5.5978
182,768,16,768,5.8599
182,768,16,1152,6.2531
182,768,16,1728,6.8429
182,768,16,2592,7.7277
182,768,16,3888,9.0548
182,768,16,5832,11.0454
182,768,16,8748,14.0314
182,768,16,13122,18.5104
182,768,16,16384,21.8507
182,768,32,512,6.1231
182,768,32,768,6.6474
182,768,32,1152,7.4338
182,768,32,1728,8.6134
182,768,32,2592,10.3829
182,768,32,3888,13.0371
182,768,32,5832,17.0184
182,768,32,8748,22.9904
182,768,32,13122,31.9484
182,768,32,16384,38.6289
182,768,64,512,7.1737
182,768,64,768,8.2223
182,768,64,1152,9.7951
182,768,64,1728,12.1544
182,768,64,2592,15.6934
182,768,64,3888,21.0018
182,768,64,5832,28.9644
182,768,64,8748,40.9084
182,768,64,13122,58.8243
182,768,64,16384,72.1854
182,768,128,512,9.2749
182,768,128,768,11.3721
182,768,128,1152,14.5178
182,768,128,1728,19.2364
182,768,128,2592,26.3143
182,768,128,3888,36.9311
182,768,128,5832,52.8564
182,768,128,8748,76.7443
182,768,128,13122,112.5761
182,768,128,16384,139.2984
182,1152,0,0,5.0970
182,1152,1,512,5.1299
182,1152,1,768,5.1462
182,1152,1,1152,5.1708
182,1152,1,1728,5.2077
182,1152,1,2592,5.2630
182,1152,1,3888,5.3459
182,1152,1,5832,5.4703
182,1152,1,8748,5.6570
182,1152,1,13122,5.9369
182,1152,1,16384,6.1457
182,1152,2,512,5.1627
182,1152,2,768,5.1955
182,1152,2,1152,5.2446
182,1152,2,1728,5.3183
182,1152,2,2592,5.4289
182,1152,2,3888,5.5948
182,1152,2,5832,5.8436
182,1152,2,8748,6.2169
182,1152,2,13122,6.7768
182,1152,2,16384,7.1943
182,1152,4,512,5.2284
182,1152,4,768,5.2939
182,1152,4,1152,5.3922
182,1152,4,1728,5.5396
182,1152,4,2592,5.7608
182,1152,4,3888,6.0926
182,1152,4,5832,6.5903
182,1152,4,8748,7.3368
182,1152,4,13122,8.4565
182,1152,4,16384,9.2916
182,1152,8,512,5.3597
182,1152,8,768,5.4908
182,1152,8,1152,5.6874
182,1152,8,1728,5.9823
182,1152,8,2592,6.4246
182,1152,8,3888,7.0882
182,1152,8,5832,8.0835
182,1152,8,8748,9.5765
182,1152,8,13122,11.8160
182,1152,8,16384,13.4861
182,1152,16,512,5.6223
182,1152,16,768,5.8845
182,1152,16,1152,6.2777
182,1152,16,1728,6.8675
182,1152,16,2592,7.7523
182,1152,16,3888,9.0794
182,1152,16,5832,11.0700
182,1152,16,8748,14.0560
182,1152,16,13122,18.5350
182,1152,16,16384,21.8753
182,1152,32,512,6.1476
182,1152,32,768,6.6719
182,1152,32,1152,7.4584
182,1152,32,1728,8.6380
182,1152,32,2592,10.4075
182,1152,32,3888,13.0617
182,1152,32,5832,17.0430
182,1152,32,8748,23.0150
182,1152,32,13122,31.9729
182,1152,32,16384,38.6535
182,1152,64,512,7.1983
182,1152,64,768,8.2468
182,1152,64,1152,9.8197
182,1152,64,1728,12.1790
182,1152,64,2592,15.7180
182,1152,64,3888,21.0264
182,1152,64,5832,28.9890
182,1152,64,8748,40.9329
182,1152,64,13122,58.8488
182,1152,64,16384,72.2100
182,1152,128,512,9.2995
182,1152,128,768,11.3967
182,1152,128,1152,14.5424
182,1152,128,1728,19.2610
182,1152,128,2592,26.3389
182,1152,128,3888,36.9557
182,1152,128,5832,52.8810
182,1152,128,8748,76.7688
182,1152,128,13122,112.6006
182,1152,128,16384,139.3229
182,1728,0,0,5.1339
182,1728,1,512,5.1667
182,1728,1,768,5.1831
182,1728,1,1152,5.2077
182,1728,1,1728,5.2445
182,1728,1,2592,5.2998
182,1728,1,3888,5.3828
182,1728,1,5832,5.5072
182,1728,1,8748,5.6938
182,1728,1,13122,5.9738
182,1728,1,16384,6.1825
182,1728,2,512,5.1996
182,1728,2,768,5.2323
182,1728,2,1152,5.2815
182,1728,2,1728,5.3552
182,1728,2,2592,5.4658
182,1728,2,3888,5.6317
182,1728,2,5832,5.8805
182,1728,2,8748,6.2538
182,1728,2,13122,6.8136
182,1728,2,16384,7.2312
182,1728,4,512,5.2652
182,1728,4,768,5.3308
182,1728,4,1152,5.4291
182,1728,4,1728,5.5765
182,1728,4,2592,5.7977
182,1728,4,3888,6.1295
182,1728,4,5832,6.6271
182,1728,4,8748,7.3736
182,1728,4,13122,8.4934
182,1728,4,16384,9.3284
182,1728,8,512,5.3965
182,1728,8,768,5.5276
182,1728,8,1152,5.7242
182,1728,8,1728,6.0191
182,1728,8,2592,6.4615
182,1728,8,3888,7.1251
182,1728,8,5832,8.1204
182,1728,8,8748,9.6134
182,1728,8,13122,11.8529
182,1728,8,16384,13.5230
182,1728,16,512,5.6592
182,1728,16,768,5.9213
182,1728,16,1152,6.3146
182,1728,16,1728,6.9044
182,1728,16,2592,7.7891
182,1728,16,3888,9.1162
182,1728,16,5832,11.1069
182,1728,16,8748,14.0929
182,1728,16,13122,18.5718
182,1728,16,16384,21.9121
182,1728,32,512,6.1845
182,1728,32,768,6.7088
182,1728,32,1152,7.4952
182,1728,32,1728,8.6749
182,1728,32,2592,10.4444
182,1728,32,3888,13.0986
182,1728,32,5832,17.0799
182,1728,32,8748,23.0518
182,1728,32,13122,32.0098
182,1728,32,16384,38.6904
182,1728,64,512,7.2351
182,1728,64,768,8.2837
182,1728,64,1152,9.8566
182,1728,64,1728,12.2159
182,1728,64,2592,15.7548
182,1728,64,3888,21.0632
182,1728,64,5832,29.0259
182,1728,64,8748,40.9698
182,1728,64,13122,58.8857
182,1728,64,16384,72.2468
182,1728,128,512,9.3364
182,1728,128,768,11.4335
182,1728,128,1152,14.5793
182,1728,128,1728,19.2979
182,1728,128,2592,26.3757
182,1728,128,3888,36.9926
182,1728,128,5832,52.9178
182,1728,128,8748,76.8057
182,1728,128,13122,112.6375
182,1728,128,16384,139.3598
182,2592,0,0,5.1892
182,2592,1,512,5.2220
182,2592,1,768,5.2384
182,2592,1,1152,5.2630
182,2592,1,1728,5.2998
182,2592,1,2592,5.3551
182,2592,1,3888,5.4381
182,2592,1,5832,5.5625
182,2592,1,8748,5.7491
182,2592,1,13122,6.0291
182,2592,1,16384,6.2378
182,2592,2,512,5.2548
182,2592,2,768,5.2876
182,2592,2,1152,5.3368
182,2592,2,1728,5.4105
182,2592,2,2592,5.5211
182,2592,2,3888,5.6870
182,2592,2,5832,5.9358
182,2592,2,8748,6.3091
182,2592,2,13122,6.8689
182,2592,2,16384,7.2865
182,2592,4,512,5.3205
182,2592,4,768,5.3860
182,2592,4,1152,5.4844
182,2592,4,1728,5.6318
182,2592,4,2592,5.8530
182,2592,4,3888,6.1848
182,2592,4,5832,6.6824
182,2592,4,8748,7.4289
182,2592,4,13122,8.5487
182,2592,4,16384,9.3837
182,2592,8,512,5.4518
182,2592,8,768,5.5829
182,2592,8,1152,5.7795
182,2592,8,1728,6.0744
182,2592,8,2592,6.5168
182,2592,8,3888,7.1804
182,2592,8,5832,8.1757
182,2592,8,8748,9.6687
182,2592,8,13122,11.9082
182,2592,8,16384,13.5783
182,2592,16,512,5.7145
182,2592,16,768,5.9766
182,2592,16,1152,6.3699
182,2592,16,1728,6.9597
182,2592,16,2592,7.8444
182,2592,16,3888,9.1715
182,2592,16,5832,11.1622
182,2592,16,8748,14.1482
182,2592,16,13122,18.6271
182,2592,16,16384,21.9674
182,2592,32,512,6.2398
182,2592,32,768,6.7641
182,2592,32,1152,7.5505
182,2592,32,1728,8.7302
182,2592,32,2592,10.4996
182,2592,32,3888,13.1539
182,2592,32,5832,17.1352
182,2592,32,8748,23.1071
182,2592,32,13122,32.0651
182,2592,32,16384,38.7457
182,2592,64,512,7.2904
182,2592,64,768,8.3390
182,2592,64,1152,9.9119
182,2592,64,1728,12.2712
182,2592,64,2592,15.8101
182,2592,64,3888,21.1185
182,2592,64,5832,29.0812
182,2592,64,8748,41.0251
182,2592,64,13122,58.9410
182,2592,64,16384,72.3021
182,2592,128,512,9.3917
182,2592,128,768,11.4888
182,2592,128,1152,14.6346
182,2592,128,1728,19.3532
182,2592,128,2592,26.4310
182,2592,128,3888,37.0479
182,2592,128,5832,52.9731
182,2592,128,8748,76.8610
182,2592,128,13122,112.6928
182,2592,128,16384,139.4151
182,3888,0,0,5.2721
182,3888,1,512,5.3050
182,3888,1,768,5.3213
182,3888,1,1152,5.3459
182,3888,1,1728,5.3828
182,3888,1,2592,5.4381
182,3888,1,3888,5.5210
182,3888,1,5832,5.6454
182,3888,1,8748,5.8321
182,3888,1,13122,6.1120
182,3888,1,16384,6.3208
182,3888,2,512,5.3378
182,3888,2,768,5.3706
182,3888,2,1152,5.4197
182,3888,2,1728,5.4934
182,3888,2,2592,5.6040
182,3888,2,3888,5.7699
182,3888,2,5832,6.0188
182,3888,2,8748,6.3920
182,3888,2,13122,6.9519
182,3888,2,16384,7.3694
182,3888,4,512,5.4035
182,3888,4,768,5.4690
182,3888,4,1152,5.5673
182,3888,4,1728,5.7148
182,3888,4,2592,5.9359
182,3888,4,3888,6.2677
182,3888,4,5832,6.7654
182,3888,4,8748,7.5119
182,3888,4,13122,8.6316
182,3888,4,16384,9.4667
182,3888,8,512,5.5348
182,3888,8,768,5.6659
182,3888,8,1152,5.8625
182,3888,8,1728,6.1574
182,3888,8,2592,6.5997
182,3888,8,3888,7.2633
182,3888,8,5832,8.2586
182,3888,8,8748,9.7516
182,3888,8,13122,11.9911
182,3888,8,16384,13.6612
182,3888,16,512,5.7974
182,3888,16,768,6.0596
182,3888,16,1152,6.4528
182,3888,16,1728,7.0426
182,3888,16,2592,7.9274
182,3888,16,3888,9.2545
182,3888,16,5832,11.2451
182,3888,16,8748,14.2311
182,3888,16,13122,18.7101
182,3888,16,16384,22.0504
182,3888,32,512,6.3228
182,3888,32,768,6.8470
182,3888,32,1152,7.6335
182,3888,32,1728,8.8131
182,3888,32,2592,10.5826
182,3888,32,3888,13.2368
182,3888,32,5832,17.2181
182,3888,32,8748,23.1901
182,3888,32,13122,32.1480
182,3888,32,16384,38.8286
182,3888,64,512,7.3734
182,3888,64,768,8.4220
182,3888,64,1152,9.9948
182,3888,64,1728,12.3541
182,3888,64,2592,15.8931
182,3888,64,3888,21.2015
182,3888,64,5832,29.1641
182,3888,64,8748,41.1080
182,3888,64,13122,59.0239
182,3888,64,16384,72.3851
182,3888,128,512,9.4746
182,3888,128,768,11.5718
182,3888,128,1152,14.7175
182,3888,128,1728,19.4361
182,3888,128,2592,26.5140
182,3888,128,3888,37.1308
182,3888,128,5832,53.0561
182,3888,128,8748,76.9439
182,3888,128,13122,112.7757
182,3888,128,16384,139.4980
182,5832,0,0,5.3965
182,5832,1,512,5.4294
182,5832,1,768,5.4458
182,5832,1,1152,5.4703
182,5832,1,1728,5.5072
182,5832,1,2592,5.5625
182,5832,1,3888,5.6454
182,5832,1,5832,5.7699
182,5832,1,8748,5.9565
182,5832,1,13122,6.2364
182,5832,1,16384,6.4452
182,5832,2,512,5.4622
182,5832,2,768,5.4950
182,5832,2,1152,5.5441
182,5832,2,1728,5.6179
182,5832,2,2592,5.7284
182,5832,2,3888,5.8943
182,5832,2,5832,6.1432
182,5832,2,8748,6.5164
182,5832,2,13122,7.0763
182,5832,2,16384,7.4938
182,5832,4,512,5.5279
182,5832,4,768,5.5934
182,5832,4,1152,5.6917
182,5832,4,1728,5.8392
182,5832,4,2592,6.0604
182,5832,4,3888,6.3921
182,5832,4,5832,6.8898
182,5832,4,8748,7.6363
182,5832,4,13122,8.7560
182,5832,4,16384,9.5911
182,5832,8,512,5.6592
182,5832,8,768,5.7903
182,5832,8,1152,5.9869
182,5832,8,1728,6.2818
182,5832,8,2592,6.7242
182,5832,8,3888,7.3877
182,5832,8,5832,8.3830
182,5832,8,8748,9.8760
182,5832,8,13122,12.1155
182,5832,8,16384,13.7857
182,5832,16,512,5.9219
182,5832,16,768,6.1840
182,5832,16,1152,6.5772
182,5832,16,1728,7.1670
182,5832,16,2592,8.0518
182,5832,16,3888,9.3789
182,5832,16,5832,11.3695
182,5832,16,8748,14.3555
182,5832,16,13122,18.8345
182,5832,16,16384,22.1748
182,5832,32,512,6.4472
182,5832,32,768,6.9715
182,5832,32,1152,7.7579
182,5832,32,1728,8.9375
182,5832,32,2592,10.7070
182,5832,32,3888,13.3612
182,5832,32,5832,17.3425
182,5832,32,8748,23.3145
182,5832,32,13122,32.2724
182,5832,32,16384,38.9530
182,5832,64,512,7.4978
182,5832,64,768,8.5464
182,5832,64,1152,10.1192
182,5832,64,1728,12.4785
182,5832,64,2592,16.0175
182,5832,64,3888,21.3259
182,5832,64,5832,29.2885
182,5832,64,8748,41.2324
182,5832,64,13122,59.1484
182,5832,64,16384,72.5095
182,5832,128,512,9.5990
182,5832,128,768,11.6962
182,5832,128,1152,14.8419
182,5832,128,1728,19.5605
182,5832,128,2592,26.6384
182,5832,128,3888,37.2552
182,5832,128,5832,53.1805
182,5832,128,8748,77.0684
182,5832,128,13122,112.9002
182,5832,128,16384,139.6225
182,8748,0,0,5.5832
182,8748,1,512,5.6160
182,8748,1,768,5.6324
182,8748,1,1152,5.6570
182,8748,1,1728,5.6938
182,8748,1,2592,5.7491
182,8748,1,3888,5.8321
182,8748,1,5832,5.9565
182,8748,1,8748,6.1431
182,8748,1,13122,6.4230
182,8748,1,16384,6.6318
182,8748,2,512,5.6488
182,8748,2,768,5.6816
182,8748,2,1152,5.7308
182,8748,2,1728,5.8045
182,8748,2,2592,5.9151
182,8748,2,3888,6.0810
182,8748,2,5832,6.3298
182,8748,2,8748,6.7030
182,8748,2,13122,7.2629
182,8748,2,16384,7.6804
182,8748,4,512,5.7145
182,8748,4,768,5.7800
182,8748,4,1152,5.8783
182,8748,4,1728,6.0258
182,8748,4,2592,6.2470
182,8748,4,3888,6.5788
182,8748,4,5832,7.0764
182,8748,4,8748,7.8229
182,8748,4,13122,8.9427
182,8748,4,16384,9.7777
182,8748,8,512,5.8458
182,8748,8,768,5.9769
182,8748,8,1152,6.1735
182,8748,8,1728,6.4684
182,8748,8,2592,6.9108
182,8748,8,3888,7.5743
182,8748,8,5832,8.5697
182,8748,8,8748,10.0627
182,8748,8,13122,12.3021
182,8748,8,16384,13.9723
182,8748,16,512,6.1085
182,8748,16,768,6.3706
182,8748,16,1152,6.7638
182,8748,16,1728,7.3537
182,8748,16,2592,8.2384
182,8748,16,3888,9.5655
182,8748,16,5832,11.5562
182,8748,16,8748,14.5421
182,8748,16,13122,19.0211
182,8748,16,16384,22.3614
182,8748,32,512,6.6338
182,8748,32,768,7.1581
182,8748,32,1152,7.9445
182,8748,32,1728,9.1242
182,8748,32,2592,10.8936
182,8748,32,3888,13.5478
182,8748,32,5832,17.5292
182,8748,32,8748,23.5011
182,8748,32,13122,32.4591
182,8748,32,16384,39.1396
182,8748,64,512,7.6844
182,8748,64,768,8.7330
182,8748,64,1152,10.3059
182,8748,64,1728,12.6652
182,8748,64,2592,16.2041
182,8748,64,3888,21.5125
182,8748,64,5832,29.4751
182,8748,64,8748,41.4191
182,8748,64,13122,59.3350
182,8748,64,16384,72.6961
182,8748,128,512,9.7857
182,8748,128,768,11.8828
182,8748,128,1152,15.0285
182,8748,128,1728,19.7471
182,8748,128,2592,26.8250
182,8748,128,3888,37.4419
182,8748,128,5832,53.3671
182,8748,128,8748,77.2550
182,8748,128,13122,113.0868
182,8748,128,16384,139.8091
182,13122,0,0,5.8631
182,13122,1,512,5.8959
182,13122,1,768,5.9123
182,13122,1,1152,5.9369
182,13122,1,1728,5.9738
182,13122,1,2592,6.0291
182,13122,1,3888,6.1120
182,13122,1,5832,6.2364
182,13122,1,8748,6.4230
182,13122,1,13122,6.7030
182,13122,1,16384,6.9117
182,13122,2,512,5.9288
182,13122,2,768,5.9615
182,13122,2,1152,6.0107
182,13122,2,1728,6.0844
182,13122,2,2592,6.1950
182,13122,2,3888,6.3609
182,13122,2,5832,6.6097
182,13122,2,8748,6.9830
182,13122,2,13122,7.5428
182,13122,2,16384,7.9604
182,13122,4,512,5.9944
182,13122,4,768,6.0600
182,13122,4,1152,6.1583
182,13122,4,1728,6.3057
182,13122,4,2592,6.5269
182,13122,4,3888,6.8587
182,13122,4,5832,7.3564
182,13122,4,8748,8.1028
182,13122,4,13122,9.2226
182,13122,4,16384,10.0577
182,13122,8,512,6.1258
182,13122,8,768,6.2568
182,13122,8,1152,6.4534
182,13122,8,1728,6.7484
182,13122,8,2592,7.1907
182,13122,8,3888,7.8543
182,13122,8,5832,8.8496
182,13122,8,8748,10.3426
182,13122,8,13122,12.5821
182,13122,8,16384,14.2522
182,13122,16,512,6.3884
182,13122,16,768,6.6506
182,13122,16,1152,7.0438
182,13122,16,1728,7.6336
182,13122,16,2592,8.5183
182,13122,16,3888,9.8454
182,13122,16,5832,11.8361
182,13122,16,8748,14.8221
182,13122,16,13122,19.3011
182,13122,16,16384,22.6413
182,13122,32,512,6.9137
182,13122,32,768,7.4380
182,13122,32,1152,8.2244
182,13122,32,1728,9.4041
182,13122,32,2592,11.1736
182,13122,32,3888,13.8278
182,13122,32,5832,17.8091
182,13122,32,8748,23.7811
182,13122,32,13122,32.7390
182,13122,32,16384,39.4196
182,13122,64,512,7.9644
182,13122,64,768,9.0129
182,13122,64,1152,10.5858
182,13122,64,1728,12.9451
182,13122,64,2592,16.4840
182,13122,64,3888,21.7924
182,13122,64,5832,29.7551
182,13122,64,8748,41.6990
182,13122,64,13122,59.6149
182,13122,64,16384,72.9761
182,13122,128,512,10.0656
182,13122,128,768,12.1628
182,13122,128,1152,15.3085
182,13122,128,1728,20.0271
182,13122,128,2592,27.1050
182,13122,128,3888,37.7218
182,13122,128,5832,53.6470
182,13122,128,8748,77.5349
182,13122,128,13122,113.3667
182,13122,128,16384,140.0890
182,16384,0,0,6.0719
182,16384,1,512,6.1047
182,16384,1,768,6.1211
182,16384,1,1152,6.1457
182,16384,1,1728,6.1825
182,16384,1,2592,6.2378
182,16384,1,3888,6.3208
182,16384,1,5832,6.4452
182,16384,1,8748,6.6318
182,16384,1,13122,6.9117
182,16384,1,16384,7.1205
182,16384,2,512,6.1375
182,16384,2,768,6.1703
182,16384,2,1152,6.2195
182,16384,2,1728,6.2932
182,16384,2,2592,6.4038
182,16384,2,3888,6.5697
182,16384,2,5832,6.8185
182,16384,2,8748,7.1917
182,16384,2,13122,7.7516
182,16384,2,16384,8.1692
182,16384,4,512,6.2032
182,16384,4,768,6.2687
182,16384,4,1152,6.3670
182,16384,4,1728,6.5145
182,16384,4,2592,6.7357
182,16384,4,3888,7.0675
182,16384,4,5832,7.5651
182,16384,4,8748,8.3116
182,16384,4,13122,9.4314
182,16384,4,16384,10.2664
182,16384,8,512,6.3345
182,16384,8,768,6.4656
182,16384,8,1152,6.6622
182,16384,8,1728,6.9571
182,16384,8,2592,7.3995
182,16384,8,3888,8.0630
182,16384,8,5832,9.0584
182,16384,8,8748,10.5514
182,16384,8,13122,12.7908
182,16384,8,16384,14.4610
182,16384,16,512,6.5972
182,16384,16,768,6.8593
182,16384,16,1152,7.2525
182,16384,16,1728,7.8424
182,16384,16,2592,8.7271
182,16384,16,3888,10.0542
182,16384,16,5832,12.0449
182,16384,16,8748,15.0308
182,16384,16,13122,19.5098
182,16384,16,16384,22.8501
182,16384,32,512,7.1225
182,16384,32,768,7.6468
182,16384,32,1152,8.4332
182,16384,32,1728,9.6129
182,16384,32,2592,11.3823
182,16384,32,3888,14.0365
182,16384,32,5832,18.0179
182,16384,32,8748,23.9898
182,16384,32,13122,32.9478
182,16384,32,16384,39.6284
182,16384,64,512,8.1731
182,16384,64,768,9.2217
182,16384,64,1152,10.7946
182,16384,64,1728,13.1539
182,16384,64,2592,16.6928
182,16384,64,3888,22.0012
182,16384,64,5832,29.9638
182,16384,64,8748,41.9078
182,16384,64,13122,59.8237
182,16384,64,16384,73.1848
182,16384,128,512,10.2744
182,16384,128,768,12.3715
182,16384,128,1152,15.5172
182,16384,128,1728,20.2358
182,16384,128,2592,27.3137
182,16384,128,3888,37.9306
182,16384,128,5832,53.8558
182,16384,128,8748,77.7437
182,16384,128,13122,113.5755
182,16384,128,16384,140.2978
256,0,0,0,5.0328
256,0,1,16,5.0339
256,0,1,32,5.0349
256,0,1,64,5.0369
256,0,1,128,5.0410
256,0,1,256,5.0492
256,0,1,512,5.0656
256,0,1,1024,5.0984
256,0,1,2048,5.1639
256,0,1,4096,5.2950
256,0,1,8192,5.5571
256,0,1,16384,6.0814
256,0,2,16,5.0349
256,0,2,32,5.0370
256,0,2,64,5.0411
256,0,2,128,5.0493
256,0,2,256,5.0657
256,0,2,512,5.0984
256,0,2,1024,5.1640
256,0,2,2048,5.2950
256,0,2,4096,5.5572
256,0,2,8192,6.0815
256,0,2,16384,7.1300
256,0,4,16,5.0371
256,0,4,32,5.0412
256,0,4,64,5.0494
256,0,4,128,5.0658
256,0,4,256,5.0986
256,0,4,512,5.1641
256,0,4,1024,5.2952
256,0,4,2048,5.5573
256,0,4,4096,6.0816
256,0,4,8192,7.1302
256,0,4,16384,9.2273
256,0,8,16,5.0415
256,0,8,32,5.0497
256,0,8,64,5.0660
256,0,8,128,5.0988
256,0,8,256,5.1644
256,0,8,512,5.2954
256,0,8,1024,5.5576
256,0,8,2048,6.0819
256,0,8,4096,7.1304
256,0,8,8192,9.2276
256,0,8,16384,13.4219
256,0,16,16,5.0502
256,0,16,32,5.0666
256,0,16,64,5.0993
256,0,16,128,5.1649
256,0,16,256,5.2959
256,0,16,512,5.5581
256,0,16,1024,6.0824
256,0,16,2048,7.1309
256,0,16,4096,9.2281
256,0,16,8192,13.4224
256,0,16,16384,21.8110
256,0,32,16,5.0676
256,0,32,32,5.1004
256,0,32,64,5.1659
256,0,32,128,5.2970
256,0,32,256,5.5591
256,0,32,512,6.0834
256,0,32,1024,7.1320
256,0,32,2048,9.2291
256,0,32,4096,13.4234
256,0,32,8192,21.8120
256,0,32,16384,38.5892
256,0,64,16,5.1024
256,0,64,32,5.1679
256,0,64,64,5.2990
256,0,64,128,5.5612
256,0,64,256,6.0854
256,0,64,512,7.1340
256,0,64,1024,9.2312
256,0,64,2048,13.4255
256,0,64,4096,21.8141
256,0,64,8192,38.5913
256,0,64,16384,72.1457
256,0,128,16,5.1720
256,0,128,32,5.3031
256,0,128,64,5.5652
256,0,128,128,6.0895
256,0,128,256,7.1381
256,0,128,512,9.2353
256,0,128,1024,13.4296
256,0,128,2048,21.8182
256,0,128,4096,38.5954
256,0,128,8192,72.1498
256,0,128,16384,139.2587
256,16,0,0,5.0338
256,16,1,16,5.0349
256,16,1,32,5.0359
256,16,1,64,5.0380
256,16,1,128,5.0420
256,16,1,256,5.0502
256,16,1,512,5.0666
256,16,1,1024,5.0994
256,16,1,2048,5.1649
256,16,1,4096,5.2960
256,16,1,8192,5.5581
256,16,1,16384,6.0824
256,16,2,16,5.0360
256,16,2,32,5.0380
256,16,2,64,5.0421
256,16,2,128,5.0503
256,16,2,256,5.0667
256,16,2,512,5.0995
256,16,2,1024,5.1650
256,16,2,2048,5.2961
256,16,2,4096,5.5582
256,16,2,8192,6.0825
256,16,2,16384,7.1311
256,16,4,16,5.0381
256,16,4,32,5.0422
256,16,4,64,5.0504
256,16,4,128,5.0668
256,16,4,256,5.0996
256,16,4,512,5.1651
256,16,4,1024,5.2962
256,16,4,2048,5.5583
256,16,4,4096,6.0826
256,16,4,8192,7.1312
256,16,4,16384,9.2284
256,16,8,16,5.0425
256,16,8,32,5.0507
256,16,8,64,5.0671
256,16,8,128,5.0998
256,16,8,256,5.1654
256,16,8,512,5.2964
256,16,8,1024,5.5586
256,16,8,2048,6.0829
256,16,8,4096,7.1315
256,16,8,8192,9.2286
256,16,8,16384,13.4229
256,16,16,16,5.0512
256,16,16,32,5.0676
256,16,16,64,5.1004
256,16,16,128,5.1659
256,16,16,256,5.2970
256,16,16,512,5.5591
256,16,16,1024,6.0834
256,16,16,2048,7.1320
256,16,16,4096,9.2291
256,16,16,8192,13.4234
256,16,16,16384,21.8120
256,16,32,16,5.0686
256,16,32,32,5.1014
256,16,32,64,5.1669
256,16,32,128,5.2980
256,16,32,256,5.5601
256,16,32,512,6.0844
256,16,32,1024,7.1330
256,16,32,2048,9.2301
256,16,32,4096,13.4244
256,16,32,8192,21.8131
256,16,32,16384,38.5903
256,16,64,16,5.1034
256,16,64,32,5.1690
256,16,64,64,5.3000
256,16,64,128,5.5622
256,16,64,256,6.0865
256,16,64,512,7.1350
256,16,64,1024,9.2322
256,16,64,2048,13.4265
256,16,64,4096,21.8151
256,16,64,8192,38.5923
256,16,64,16384,72.1468
256,16,128,16,5.1731
256,16,128,32,5.3041
256,16,128,64,5.5663
256,16,128,128,6.0906
256,16,128,256,7.1391
256,16,128,512,9.2363
256,16,128,1024,13.4306
256,16,128,2048,21.8192
256,16,128,4096,38.5964
256,16,128,8192,72.1508
256,16,128,16384,139.2597
256,32,0,0,5.0348
256,32,1,16,5.0359
256,32,1,32,5.0369
256,32,1,64,5.0390
256,32,1,128,5.0431
256,32,1,256,5.0513
256,32,1,512,5.0676
256,32,1,1024,5.1004
256,32,1,2048,5.1660
256,32,1,4096,5.2970
256,32,1,8192,5.5592
256,32,1,16384,6.0835
256,32,2,16,5.0370
256,32,2,32,5.0390
256,32,2,64,5.0431
256,32,2,128,5.0513
256,32,2,256,5.0677
256,32,2,512,5.1005
256,32,2,1024,5.1660
256,32,2,2048,5.2971
256,32,2,4096,5.5592
256,32,2,8192,6.0835
256,32,2,16384,7.1321
256,32,4,16,5.0392
256,32,4,32,5.0433
256,32,4,64,5.0515
256,32,4,128,5.0678
256,32,4,256,5.1006
256,32,4,512,5.1661
256,32,4,1024,5.2972
256,32,4,2048,5.5594
256,32,4,4096,6.0836
256,32,4,8192,7.1322
256,32,4,16384,9.2294
256,32,8,16,5.0435
256,32,8,32,5.0517
256,32,8,64,5.0681
256,32,8,128,5.1009
256,32,8,256,5.1664
256,32,8,512,5.2975
256,32,8,1024,5.5596
256,32,8,2048,6.0839
256,32,8,4096,7.1325
256,32,8,8192,9.2296
256,32,8,16384,13.4239
256,32,16,16,5.0522
256,32,16,32,5.0686
256,32,16,64,5.1014
256,32,16,128,5.1669
256,32,16,256,5.2980
256,32,16,512,5.5601
256,32,16,1024,6.0844
256,32,16,2048,7.1330
256,32,16,4096,9.2301
256,32,16,8192,13.4244
256,32,16,16384,21.8131
256,32,32,16,5.0696
256,32,32,32,5.1024
256,32,32,64,5.1679
256,32,32,128,5.2990
256,32,32,256,5.5612
256,32,32,512,6.0854
256,32,32,1024,7.1340
256,32,32,2048,9.2312
256,32,32,4096,13.4255
256,32,32,8192,21.8141
256,32,32,16384,38.5913
256,32,64,16,5.1044
256,32,64,32,5.1700
256,32,64,64,5.3011
256,32,64,128,5.5632
256,32,64,256,6.0875
256,32,64,512,7.1361
256,32,64,1024,9.2332
256,32,64,2048,13.4275
256,32,64,4096,21.8161
256,32,64,8192,38.5933
256,32,64,16384,72.1478
256,32,128,16,5.1741
256,32,128,32,5.3052
256,32,128,64,5.5673
256,32,128,128,6.0916
256,32,128,256,7.1402
256,32,128,512,9.2373
256,32,128,1024,13.4316
256,32,128,2048,21.8202
256,32,128,4096,38.5974
256,32,128,8192,72.1519
256,32,128,16384,139.2607
256,64,0,0,5.0369
256,64,1,16,5.0380
256,64,1,32,5.0390
256,64,1,64,5.0410
256,64,1,128,5.0451
256,64,1,256,5.0533
256,64,1,512,5.0697
256,64,1,1024,5.1025
256,64,1,2048,5.1680
256,64,1,4096,5.2991
256,64,1,8192,5.5612
256,64,1,16384,6.0855
256,64,2,16,5.0390
256,64,2,32,5.0411
256,64,2,64,5.0452
256,64,2,128,5.0534
256,64,2,256,5.0698
256,64,2,512,5.1025
256,64,2,1024,5.1681
256,64,2,2048,5.2991
256,64,2,4096,5.5613
256,64,2,8192,6.0856
256,64,2,16384,7.1341
256,64,4,16,5.0412
256,64,4,32,5.0453
256,64,4,64,5.0535
256,64,4,128,5.0699
256,64,4,256,5.1027
256,64,4,512,5.1682
256,64,4,1024,5.2993
256,64,4,2048,5.5614
256,64,4,4096,6.0857
256,64,4,8192,7.1343
256,64,4,16384,9.2314
256,64,8,16,5.0456
256,64,8,32,5.0538
256,64,8,64,5.0701
256,64,8,128,5.1029
256,64,8,256,5.1684
256,64,8,512,5.2995
256,64,8,1024,5.5617
256,64,8,2048,6.0860
256,64,8,4096,7.1345
256,64,8,8192,9.2317
256,64,8,16384,13.4260
256,64,16,16,5.0543
256,64,16,32,5.0707
256,64,16,64,5.1034
256,64,16,128,5.1690
256,64,16,256,5.3000
256,64,16,512,5.5622
256,64,16,1024,6.0865
256,64,16,2048,7.1350
256,64,16,4096,9.2322
256,64,16,8192,13.4265
256,64,16,16384,21.8151
256,64,32,16,5.0717
256,64,32,32,5.1044
256,64,32,64,5.1700
256,64,32,128,5.3011
256,64,32,256,5.5632
256,64,32,512,6.0875
256,64,32,1024,7.1361
256,64,32,2048,9.2332
256,64,32,4096,13.4275
256,64,32,8192,21.8161
256,64,32,16384,38.5933
256,64,64,16,5.1065
256,64,64,32,5.1720
256,64,64,64,5.3031
256,64,64,128,5.5652
256,64,64,256,6.0895
256,64,64,512,7.1381
256,64,64,1024,9.2353
256,64,64,2048,13.4296
256,64,64,4096,21.8182
256,64,64,8192,38.5954
256,64,64,16384,72.1498
256,64,128,16,5.1761
256,64,128,32,5.3072
256,64,128,64,5.5693
256,64,128,128,6.0936
256,64,128,256,7.1422
256,64,128,512,9.2394
256,64,128,1024,13.4337
256,64,128,2048,21.8223
256,64,128,4096,38.5995
256,64,128,8192,72.1539
256,64,128,16384,139.2628
256,128,0,0,5.0410
256,128,1,16,5.0420
256,128,1,32,5.0431
256,128,1,64,5.0451
256,128,1,128,5.0492
256,128,1,256,5.0574
256,128,1,512,5.0738
256,128,1,1024,5.1066
256,128,1,2048,5.1721
256,128,1,4096,5.3032
256,128,1,8192,5.5653
256,128,1,16384,6.0896
256,128,2,16,5.0431
256,128,2,32,5.0452
256,128,2,64,5.0493
256,128,2,128,5.0575
256,128,2,256,5.0739
256,128,2,512,5.1066
256,128,2,1024,5.1722
256,128,2,2048,5.3032
256,128,2,4096,5.5654
256,128,2,8192,6.0897
256,128,2,16384,7.1382
256,128,4,16,5.0453
256,128,4,32,5.0494
256,128,4,64,5.0576
256,128,4,128,5.0740
256,128,4,256,5.1068
256,128,4,512,5.1723
256,128,4,1024,5.3034
256,128,4,2048,5.5655
256,128,4,4096,6.0898
256,128,4,8192,7.1384
256,128,4,16384,9.2355
256,128,8,16,5.0497
256,128,8,32,5.0579
256,128,8,64,5.0742
256,128,8,128,5.1070
256,128,8,256,5.1725
256,128,8,512,5.3036
256,128,8,1024,5.5658
256,128,8,2048,6.0900
256,128,8,4096,7.1386
256,128,8,8192,9.2358
256,128,8,16384,13.4301
256,128,16,16,5.0584
256,128,16,32,5.0748
256,128,16,64,5.1075
256,128,16,128,5.1731
256,128,16,256,5.3041
256,128,16,512,5.5663
256,128,16,1024,6.0906
256,128,16,2048,7.1391
256,128,16,4096,9.2363
256,128,16,8192,13.4306
256,128,16,16384,21.8192
256,128,32,16,5.0758
256,128,32,32,5.1085
256,128,32,64,5.1741
256,128,32,128,5.3052
256,128,32,256,5.5673
256,128,32,512,6.0916
256,128,32,1024,7.1402
256,128,32,2048,9.2373
256,128,32,4096,13.4316
256,128,32,8192,21.8202
256,128,32,16384,38.5974
256,128,64,16,5.1106
256,128,64,32,5.1761
256,128,64,64,5.3072
256,128,64,128,5.5693
256,128,64,256,6.0936
256,128,64,512,7.1422
256,128,64,1024,9.2394
256,128,64,2048,13.4337
256,128,64,4096,21.8223
256,128,64,8192,38.5995
256,128,64,16384,72.1539
256,128,128,16,5.1802
256,128,128,32,5.3113
256,128,128,64,5.5734
256,128,128,128,6.0977
256,128,128,256,7.1463
256,128,128,512,9.2435
256,128,128,1024,13.4378
256,128,128,2048,21.8264
256,128,128,4096,38.6036
256,128,128,8192,72.1580
256,128,128,16384,139.2669
256,256,0,0,5.0492
256,256,1,16,5.0502
256,256,1,32,5.0513
256,256,1,64,5.0533
256,256,1,128,5.0574
256,256,1,256,5.0656
256,256,1,512,5.0820
256,256,1,1024,5.1148
256,256,1,2048,5.1803
256,256,1,4096,5.3114
256,256,1,8192,5.5735
256,256,1,16384,6.0978
256,256,2,16,5.0513
256,256,2,32,5.0534
256,256,2,64,5.0575
256,256,2,128,5.0657
256,256,2,256,5.0820
256,256,2,512,5.1148
256,256,2,1024,5.1804
256,256,2,2048,5.3114
256,256,2,4096,5.5736
256,256,2,8192,6.0979
256,256,2,16384,7.1464
256,256,4,16,5.0535
256,256,4,32,5.0576
256,256,4,64,5.0658
256,256,4,128,5.0822
256,256,4,256,5.1149
256,256,4,512,5.1805
256,256,4,1024,5.3116
256,256,4,2048,5.5737
256,256,4,4096,6.0980
256,256,4,8192,7.1466
256,256,4,16384,9.2437
256,256,8,16,5.0579
256,256,8,32,5.0660
256,256,8,64,5.0824
256,256,8,128,5.1152
256,256,8,256,5.1807
256,256,8,512,5.3118
256,256,8,1024,5.5740
256,256,8,2048,6.0982
256,256,8,4096,7.1468
256,256,8,8192,9.2440
256,256,8,16384,13.4383
256,256,16,16,5.0666
256,256,16,32,5.0829
256,256,16,64,5.1157
256,256,16,128,5.1812
256,256,16,256,5.3123
256,256,16,512,5.5745
256,256,16,1024,6.0988
256,256,16,2048,7.1473
256,256,16,4096,9.2445
256,256,16,8192,13.4388
256,256,16,16384,21.8274
256,256,32,16,5.0840
256,256,32,32,5.1167
256,256,32,64,5.1823
256,256,32,128,5.3133
256,256,32,256,5.5755
256,256,32,512,6.0998
256,256,32,1024,7.1484
256,256,32,2048,9.2455
256,256,32,4096,13.4398
256,256,32,8192,21.8284
256,256,32,16384,38.6056
256,256,64,16,5.1188
256,256,64,32,5.1843
256,256,64,64,5.3154
256,256,64,128,5.5775
256,256,64,256,6.1018
256,256,64,512,7.1504
256,256,64,1024,9.2476
256,256,64,2048,13.4419
256,256,64,4096,21.8305
256,256,64,8192,38.6077
256,256,64,16384,72.1621
256,256,128,16,5.1884
256,256,128,32,5.3195
256,256,128,64,5.5816
256,256,128,128,6.1059
256,256,128,256,7.1545
256,256,128,512,9.2516
256,256,128,1024,13.4460
256,256,128,2048,21.8346
256,256,128,4096,38.6118
256,256,128,8192,72.1662
256,256,128,16384,139.2751
256,512,0,0,5.0655
256,512,1,16,5.0666
256,512,1,32,5.0676
256,512,1,64,5.0697
256,512,1,128,5.0738
256,512,1,256,5.0820
256,512,1,512,5.0984
256,512,1,1024,5.1311
256,512,1,2048,5.1967
256,512,1,4096,5.3277
256,512,1,8192,5.5899
256,512,1,16384,6.1142
256,512,2,16,5.0677
256,512,2,32,5.0698
256,512,2,64,5.0739
256,512,2,128,5.0820
256,512,2,256,5.0984
256,512,2,512,5.1312
256,512,2,1024,5.1967
256,512,2,2048,5.3278
256,512,2,4096,5.5900
256,512,2,8192,6.1142
256,512,2,16384,7.1628
256,512,4,16,5.0699
256,512,4,32,5.0740
256,512,4,64,5.0822
256,512,4,128,5.0986
256,512,4,256,5.1313
256,512,4,512,5.1969
256,512,4,1024,5.3279
256,512,4,2048,5.5901
256,512,4,4096,6.1144
256,512,4,8192,7.1629
256,512,4,16384,9.2601
256,512,8,16,5.0742
256,512,8,32,5.0824
256,512,8,64,5.0988
256,512,8,128,5.1316
256,512,8,256,5.1971
256,512,8,512,5.3282
256,512,8,1024,5.5903
256,512,8,2048,6.1146
256,512,8,4096,7.1632
256,512,8,8192,9.2604
256,512,8,16384,13.4547
256,512,16,16,5.0829
256,512,16,32,5.0993
256,512,16,64,5.1321
256,512,16,128,5.1976
256,512,16,256,5.3287
256,512,16,512,5.5908
256,512,16,1024,6.1151
256,512,16,2048,7.1637
256,512,16,4096,9.2609
256,512,16,8192,13.4552
256,512,16,16384,21.8438
256,512,32,16,5.1004
256,512,32,32,5.1331
256,512,32,64,5.1987
256,512,32,128,5.3297
256,512,32,256,5.5919
256,512,32,512,6.1162
256,512,32,1024,7.1647
256,512,32,2048,9.2619
256,512,32,4096,13.4562
256,512,32,8192,21.8448
256,512,32,16384,38.6220
256,512,64,16,5.1352
256,512,64,32,5.2007
256,512,64,64,5.3318
256,512,64,128,5.5939
256,512,64,256,6.1182
256,512,64,512,7.1668
256,512,64,1024,9.2639
256,512,64,2048,13.4582
256,512,64,4096,21.8468
256,512,64,8192,38.6241
256,512,64,16384,72.1785
256,512,128,16,5.2048
256,512,128,32,5.3359
256,512,128,64,5.5980
256,512,128,128,6.1223
256,512,128,256,7.1709
256,512,128,512,9.2680
256,512,128,1024,13.4623
256,512,128,2048,21.8509
256,512,128,4096,38.6282
256,512,128,8192,72.1826
256,512,128,16384,139.2915
256,1024,0,0,5.0983
256,1024,1,16,5.0994
256,1024,1,32,5.1004
256,1024,1,64,5.1025
256,1024,1,128,5.1066
256,1024,1,256,5.1148
256,1024,1,512,5.1311
256,1024,1,1024,5.1639
256,1024,1,2048,5.2294
256,1024,1,4096,5.3605
256,1024,1,8192,5.6227
256,1024,1,16384,6.1469
256,1024,2,16,5.1005
256,1024,2,32,5.1025
256,1024,2,64,5.1066
256,1024,2,128,5.1148
256,1024,2,256,5.1312
256,1024,2,512,5.1640
256,1024,2,1024,5.2295
256,1024,2,2048,5.3606
256,1024,2,4096,5.6227
256,1024,2,8192,6.1470
256,1024,2,16384,7.1956
256,1024,4,16,5.1027
256,1024,4,32,5.1068
256,1024,4,64,5.1149
256,1024,4,128,5.1313
256,1024,4,256,5.1641
256,1024,4,512,5.2296
256,1024,4,1024,5.3607
256,1024,4,2048,5.6228
256,1024,4,4096,6.1471
256,1024,4,8192,7.1957
256,1024,4,16384,9.2929
256,1024,8,16,5.1070
256,1024,8,32,5.1152
256,1024,8,64,5.1316
256,1024,8,128,5.1644
256,1024,8,256,5.2299
256,1024,8,512,5.3610
256,1024,8,1024,5.6231
256,1024,8,2048,6.1474
256,1024,8,4096,7.1960
256,1024,8,8192,9.2931
256,1024,8,16384,13.4874
256,1024,16,16,5.1157
256,1024,16,32,5.1321
256,1024,16,64,5.1649
256,1024,16,128,5.2304
256,1024,16,256,5.3615
256,1024,16,512,5.6236
256,1024,16,1024,6.1479
256,1024,16,2048,7.1965
256,1024,16,4096,9.2936
256,1024,16,8192,13.4879
256,1024,16,16384,21.8765
256,1024,32,16,5.1331
256,1024,32,32,5.1659
256,1024,32,64,5.2314
256,1024,32,128,5.3625
256,1024,32,256,5.6246
256,1024,32,512,6.1489
256,1024,32,1024,7.1975
256,1024,32,2048,9.2947
256,1024,32,4096,13.4890
256,1024,32,8192,21.8776
256,1024,32,16384,38.6548
256,1024,64,16,5.1679
256,1024,64,32,5.2335
256,1024,64,64,5.3645
256,1024,64,128,5.6267
256,1024,64,256,6.1510
256,1024,64,512,7.1996
256,1024,64,1024,9.2967
256,1024,64,2048,13.4910
256,1024,64,4096,21.8796
256,1024,64,8192,38.6568
256,1024,64,16384,72.2113
256,1024,128,16,5.2376
256,1024,128,32,5.3686
256,1024,128,64,5.6308
256,1024,128,128,6.1551
256,1024,128,256,7.2036
256,1024,128,512,9.3008
256,1024,128,1024,13.4951
256,1024,128,2048,21.8837
256,1024,128,4096,38.6609
256,1024,128,8192,72.2154
256,1024,128,16384,139.3242
256,2048,0,0,5.1811
256,2048,1,16,5.1811
256,2048,1,32,5.1811
256,2048,1,64,5.1811
256,2048,1,128,5.1811
256,2048,1,256,5.1812
256,2048,1,512,5.1967
256,2048,1,1024,5.2294
256,2048,1,2048,5.2950
256,2048,1,4096,5.4260
256,2048,1,8192,5.6882
256,2048,1,16384,6.2125
256,2048,2,16,5.1811
256,2048,2,32,5.1811
256,2048,2,64,5.1811
256,2048,2,128,5.1812
256,2048,2,256,5.1967
256,2048,2,512,5.2295
256,2048,2,1024,5.2950
256,2048,2,2048,5.4261
256,2048,2,4096,5.6883
256,2048,2,8192,6.2125
256,2048,2,16384,7.2611
256,2048,4,16,5.1811
256,2048,4,32,5.1811
256,2048,4,64,5.1812
256,2048,4,128,5.1969
256,2048,4,256,5.2296
256,2048,4,512,5.2952
256,2048,4,1024,5.4262
256,2048,4,2048,5.6884
256,2048,4,4096,6.2127
256,2048,4,8192,7.2612
256,2048,4,16384,9.3584
256,2048,8,16,5.1811
256,2048,8,32,5.1812
256,2048,8,64,5.1971
256,2048,8,128,5.2299
256,2048,8,256,5.2954
256,2048,8,512,5.4265
256,2048,8,1024,5.6886
256,2048,8,2048,6.2129
256,2048,8,4096,7.2615
256,2048,8,8192,9.3587
256,2048,8,16384,13.5530
256,2048,16,16,5.1812
256,2048,16,32,5.1976
256,2048,16,64,5.2304
256,2048,16,128,5.2959
256,2048,16,256,5.4270
256,2048,16,512,5.6892
256,2048,16,1024,6.2134
256,2048,16,2048,7.2620
256,2048,16,4096,9.3592
256,2048,16,8192,13.5535
256,2048,16,16384,21.9421
256,2048,32,16,5.1987
256,2048,32,32,5.2314
256,2048,32,64,5.2970
256,2048,32,128,5.4280
256,2048,32,256,5.6902
256,2048,32,512,6.2145
256,2048,32,1024,7.2630
256,2048,32,2048,9.3602
256,2048,32,4096,13.5545
256,2048,32,8192,21.9431
256,2048,32,16384,38.7203
256,2048,64,16,5.2335
256,2048,64,32,5.2990
256,2048,64,64,5.4301
256,2048,64,128,5.6922
256,2048,64,256,6.2165
256,2048,64,512,7.2651
256,2048,64,1024,9.3622
256,2048,64,2048,13.5565
256,2048,64,4096,21.9452
256,2048,64,8192,38.7224
256,2048,64,16384,72.2768
256,2048,128,16,5.3031
256,2048,128,32,5.4342
256,2048,128,64,5.6963
256,2048,128,128,6.2206
256,2048,128,256,7.2692
256,2048,128,512,9.3663
256,2048,128,1024,13.5606
256,2048,128,2048,21.9492
256,2048,128,4096,38.7265
256,2048,128,8192,72.2809
256,2048,128,16384,139.3898
256,4096,0,0,5.3515
256,4096,1,16,5.3515
256,4096,1,32,5.3515
256,4096,1,64,5.3515
256,4096,1,128,5.3516
256,4096,1,256,5.3516
256,4096,1,512,5.3517
256,4096,1,1024,5.3605
256,4096,1,2048,5.4260
256,4096,1,4096,5.5571
256,4096,1,8192,5.8193
256,4096,1,16384,6.3436
256,4096,2,16,5.3515
256,4096,2,32,5.3515
256,4096,2,64,5.3516
256,4096,2,128,5.3516
256,4096,2,256,5.3517
256,4096,2,512,5.3606
256,4096,2,1024,5.4261
256,4096,2,2048,5.5572
256,4096,2,4096,5.8193
256,4096,2,8192,6.3436
256,4096,2,16384,7.3922
256,4096,4,16,5.3515
256,4096,4,32,5.3516
256,4096,4,64,5.3516
256,4096,4,128,5.3517
256,4096,4,256,5.3607
256,4096,4,512,5.4262
256,4096,4,1024,5.5573
256,4096,4,2048,5.8195
256,4096,4,4096,6.3437
256,4096,4,8192,7.3923
256,4096,4,16384,9.4895
256,4096,8,16,5.3516
256,4096,8,32,5.3516
256,4096,8,64,5.3517
256,4096,8,128,5.3610
256,4096,8,256,5.4265
256,4096,8,512,5.5576
256,4096,8,1024,5.8197
256,4096,8,2048,6.3440
256,4096,8,4096,7.3926
256,4096,8,8192,9.4897
256,4096,8,16384,13.6840
256,4096,16,16,5.3516
256,4096,16,32,5.3517
256,4096,16,64,5.3615
256,4096,16,128,5.4270
256,4096,16,256,5.5581
256,4096,16,512,5.8202
256,4096,16,1024,6.3445
256,4096,16,2048,7.3931
256,4096,16,4096,9.4902
256,4096,16,8192,13.6845
256,4096,16,16384,22.0732
256,4096,32,16,5.3517
256,4096,32,32,5.3625
256,4096,32,64,5.4280
256,4096,32,128,5.5591
256,4096,32,256,5.8212
256,4096,32,512,6.3455
256,4096,32,1024,7.3941
256,4096,32,2048,9.4913
256,4096,32,4096,13.6856
256,4096,32,8192,22.0742
256,4096,32,16384,38.8514
256,4096,64,16,5.3645
256,4096,64,32,5.4301
256,4096,64,64,5.5612
256,4096,64,128,5.8233
256,4096,64,256,6.3476
256,4096,64,512,7.3962
256,4096,64,1024,9.4933
256,4096,64,2048,13.6876
256,4096,64,4096,22.0762
256,4096,64,8192,38.8534
256,4096,64,16384,72.4079
256,4096,128,16,5.4342
256,4096,128,32,5.5652
256,4096,128,64,5.8274
256,4096,128,128,6.3517
256,4096,128,256,7.4003
256,4096,128,512,9.4974
256,4096,128,1024,13.6917
256,4096,128,2048,22.0803
256,4096,128,4096,38.8575
256,4096,128,8192,72.4120
256,4096,128,16384,139.5208
256,8192,0,0,5.6924
256,8192,1,16,5.6924
256,8192,1,32,5.6924
256,8192,1,64,5.6924
256,8192,1,128,5.6924
256,8192,1,256,5.6925
256,8192,1,512,5.6926
256,8192,1,1024,5.6927
256,8192,1,2048,5.6931
256,8192,1,4096,5.8193
256,8192,1,8192,6.0814
256,8192,1,16384,6.6057
256,8192,2,16,5.6924
256,8192,2,32,5.6924
256,8192,2,64,5.6924
256,8192,2,128,5.6925
256,8192,2,256,5.6926
256,8192,2,512,5.6927
256,8192,2,1024,5.6931
256,8192,2,2048,5.8193
256,8192,2,4096,6.0815
256,8192,2,8192,6.6058
256,8192,2,16384,7.6543
256,8192,4,16,5.6924
256,8192,4,32,5.6924
256,8192,4,64,5.6925
256,8192,4,128,5.6926
256,8192,4,256,5.6927
256,8192,4,512,5.6931
256,8192,4,1024,5.8195
256,8192,4,2048,6.0816
256,8192,4,4096,6.6059
256,8192,4,8192,7.6545
256,8192,4,16384,9.7516
256,8192,8,16,5.6924
256,8192,8,32,5.6925
256,8192,8,64,5.6926
256,8192,8,128,5.6927
256,8192,8,256,5.6931
256,8192,8,512,5.8197
256,8192,8,1024,6.0819
256,8192,8,2048,6.6061
256,8192,8,4096,7.6547
256,8192,8,8192,9.7519
256,8192,8,16384,13.9462
256,8192,16,16,5.6925
256,8192,16,32,5.6926
256,8192,16,64,5.6927
256,8192,16,128,5.6931
256,8192,16,256,5.8202
256,8192,16,512,6.0824
256,8192,16,1024,6.6067
256,8192,16,2048,7.6552
256,8192,16,4096,9.7524
256,8192,16,8192,13.9467
256,8192,16,16384,22.3353
256,8192,32,16,5.6926
256,8192,32,32,5.6927
256,8192,32,64,5.6931
256,8192,32,128,5.8212
256,8192,32,256,6.0834
256,8192,32,512,6.6077
256,8192,32,1024,7.6563
256,8192,32,2048,9.7534
256,8192,32,4096,13.9477
256,8192,32,8192,22.3363
256,8192,32,16384,39.1135
256,8192,64,16,5.6927
256,8192,64,32,5.6931
256,8192,64,64,5.8233
256,8192,64,128,6.0854
256,8192,64,256,6.6097
256,8192,64,512,7.6583
256,8192,64,1024,9.7555
256,8192,64,2048,13.9498
256,8192,64,4096,22.3384
256,8192,64,8192,39.1156
256,8192,64,16384,72.6700
256,8192,128,16,5.6963
256,8192,128,32,5.8274
256,8192,128,64,6.0895
256,8192,128,128,6.6138
256,8192,128,256,7.6624
256,8192,128,512,9.7596
256,8192,128,1024,13.9539
256,8192,128,2048,22.3425
256,8192,128,4096,39.1197
256,8192,128,8192,72.6741
256,8192,128,16384,139.7830
256,16384,0,0,6.3741
256,16384,1,16,6.3741
256,16384,1,32,6.3741
256,16384,1,64,6.3742
256,16384,1,128,6.3742
256,16384,1,256,6.3742
256,16384,1,512,6.3743
256,16384,1,1024,6.3745
256,16384,1,2048,6.3748
256,16384,1,4096,6.3755
256,16384,1,8192,6.6057
256,16384,1,16384,7.1300
256,16384,2,16,6.3741
256,16384,2,32,6.3742
256,16384,2,64,6.3742
256,16384,2,128,6.3742
256,16384,2,256,6.3743
256,16384,2,512,6.3745
256,16384,2,1024,6.3748
256,16384,2,2048,6.3755
256,16384,2,4096,6.6058
256,16384,2,8192,7.1300
256,16384,2,16384,8.1786
256,16384,4,16,6.3742
256,16384,4,32,6.3742
256,16384,4,64,6.3742
256,16384,4,128,6.3743
256,16384,4,256,6.3745
256,16384,4,512,6.3748
256,16384,4,1024,6.3755
256,16384,4,2048,6.6059
256,16384,4,4096,7.1302
256,16384,4,8192,8.1788
256,16384,4,16384,10.2759
256,16384,8,16,6.3742
256,16384,8,32,6.3742
256,16384,8,64,6.3743
256,16384,8,128,6.3745
256,16384,8,256,6.3748
256,16384,8,512,6.3755
256,16384,8,1024,6.6061
256,16384,8,2048,7.1304
256,16384,8,4096,8.1790
256,16384,8,8192,10.2762
256,16384,8,16384,14.4705
256,16384,16,16,6.3742
256,16384,16,32,6.3743
256,16384,16,64,6.3745
256,16384,16,128,6.3748
256,16384,16,256,6.3755
256,16384,16,512,6.6067
256,16384,16,1024,7.1309
256,16384,16,2048,8.1795
256,16384,16,4096,10.2767
256,16384,16,8192,14.4710
256,16384,16,16384,22.8596
256,16384,32,16,6.3743
256,16384,32,32,6.3745
256,16384,32,64,6.3748
256,16384,32,128,6.3755
256,16384,32,256,6.6077
256,16384,32,512,7.1320
256,16384,32,1024,8.1805
256,16384,32,2048,10.2777
256,16384,32,4096,14.4720
256,16384,32,8192,22.8606
256,16384,32,16384,39.6378
256,16384,64,16,6.3745
256,16384,64,32,6.3748
256,16384,64,64,6.3755
256,16384,64,128,6.6097
256,16384,64,256,7.1340
256,16384,64,512,8.1826
256,16384,64,1024,10.2797
256,16384,64,2048,14.4740
256,16384,64,4096,22.8627
256,16384,64,8192,39.6399
256,16384,64,16384,73.1943
256,16384,128,16,6.3748
256,16384,128,32,6.3755
256,16384,128,64,6.6138
256,16384,128,128,7.1381
256,16384,128,256,8.1867
256,16384,128,512,10.2838
256,16384,128,1024,14.4781
256,16384,128,2048,22.8668
256,16384,128,4096,39.6440
256,16384,128,8192,73.1984
256,16384,128,16384,140.3073
273,0,0,0,5.0349
273,0,1,512,5.0678
273,0,1,768,5.0842
273,0,1,1152,5.1087
273,0,1,1728,5.1456
273,0,1,2592,5.2009
273,0,1,3888,5.2838
273,0,1,5832,5.4083
273,0,1,8748,5.5949
273,0,1,13122,5.8748
273,0,1,16384,6.0836
273,0,2,512,5.1006
273,0,2,768,5.1334
273,0,2,1152,5.1825
273,0,2,1728,5.2563
273,0,2,2592,5.3668
273,0,2,3888,5.5327
273,0,2,5832,5.7816
273,0,2,8748,6.1548
273,0,2,13122,6.7147
273,0,2,16384,7.1322
273,0,4,512,5.1663
273,0,4,768,5.2318
273,0,4,1152,5.3301
273,0,4,1728,5.4776
273,0,4,2592,5.6988
273,0,4,3888,6.0305
273,0,4,5832,6.5282
273,0,4,8748,7.2747
273,0,4,13122,8.3944
273,0,4,16384,9.2295
273,0,8,512,5.2976
273,0,8,768,5.4287
273,0,8,1152,5.6253
273,0,8,1728,5.9202
273,0,8,2592,6.3626
273,0,8,3888,7.0261
273,0,8,5832,8.0214
273,0,8,8748,9.5144
273,0,8,13122,11.7539
273,0,8,16384,13.4241
273,0,16,512,5.5603
273,0,16,768,5.8224
273,0,16,1152,6.2156
273,0,16,1728,6.8054
273,0,16,2592,7.6902
273,0,16,3888,9.0173
273,0,16,5832,11.0079
273,0,16,8748,13.9939
273,0,16,13122,18.4729
273,0,16,16384,21.8132
273,0,32,512,6.0856
273,0,32,768,6.6099
273,0,32,1152,7.3963
273,0,32,1728,8.5759
273,0,32,2592,10.3454
273,0,32,3888,12.9996
273,0,32,5832,16.9809
273,0,32,8748,22.9529
273,0,32,13122,31.9108
273,0,32,16384,38.5914
273,0,64,512,7.1362
273,0,64,768,8.1848
273,0,64,1152,9.7576
273,0,64,1728,12.1169
273,0,64,2592,15.6559
273,0,64,3888,20.9643
273,0,64,5832,28.9269
273,0,64,8748,40.8708
273,0,64,13122,58.7868
273,0,64,16384,72.1479
273,0,128,512,9.2374
273,0,128,768,11.3346
273,0,128,1152,14.4803
273,0,128,1728,19.1989
273,0,128,2592,26.2768
273,0,128,3888,36.8936
273,0,128,5832,52.8189
273,0,128,8748,76.7068
273,0,128,13122,112.5386
273,0,128,16384,139.2609
273,512,0,0,5.0677
273,512,1,512,5.1005
273,512,1,768,5.1169
273,512,1,1152,5.1415
273,512,1,1728,5.1784
273,512,1,2592,5.2337
273,512,1,3888,5.3166
273,512,1,5832,5.4410
273,512,1,8748,5.6276
273,512,1,13122,5.9076
273,512,1,16384,6.1164
273,512,2,512,5.1334
273,512,2,768,5.1661
273,512,2,1152,5.2153
273,512,2,1728,5.2890
273,512,2,2592,5.3996
273,512,2,3888,5.5655
273,512,2,5832,5.8143
273,512,2,8748,6.1876
273,512,2,13122,6.7475
273,512,2,16384,7.1650
273,512,4,512,5.1990
273,512,4,768,5.2646
273,512,4,1152,5.3629
273,512,4,1728,5.5103
273,512,4,2592,5.7315
273,512,4,3888,6.0633
273,512,4,5832,6.5610
273,512,4,8748,7.3075
273,512,4,13122,8.4272
273,512,4,16384,9.2623
273,512,8,512,5.3304
273,512,8,768,5.4614
273,512,8,1152,5.6580
273,512,8,1728,5.9530
273,512,8,2592,6.3953
273,512,8,3888,7.0589
273,512,8,5832,8.0542
273,512,8,8748,9.5472
273,512,8,13122,11.7867
273,512,8,16384,13.4568
273,512,16,512,5.5930
273,512,16,768,5.8552
273,512,16,1152,6.2484
273,512,16,1728,6.8382
273,512,16,2592,7.7229
273,512,16,3888,9.0500
273,512,16,5832,11.0407
273,512,16,8748,14.0267
273,512,16,13122,18.5057
273,512,16,16384,21.8460
273,512,32,512,6.1183
273,512,32,768,6.6426
273,512,32,1152,7.4291
273,512,32,1728,8.6087
273,512,32,2592,10.3782
273,512,32,3888,13.0324
273,512,32,5832,17.0137
273,512,32,8748,22.9857
273,512,32,13122,31.9436
273,512,32,16384,38.6242
273,512,64,512,7.1690
273,512,64,768,8.2175
273,512,64,1152,9.7904
273,512,64,1728,12.1497
273,512,64,2592,15.6886
273,512,64,3888,20.9971
273,512,64,5832,28.9597
273,512,64,8748,40.9036
273,512,64,13122,58.8195
273,512,64,16384,72.1807
273,512,128,512,9.2702
273,512,128,768,11.3674
273,512,128,1152,14.5131
273,512,128,1728,19.2317
273,512,128,2592,26.3096
273,512,128,3888,36.9264
273,512,128,5832,52.8516
273,512,128,8748,76.7395
273,512,128,13122,112.5713
273,512,128,16384,139.2936
273,768,0,0,5.0841
273,768,1,512,5.1169
273,768,1,768,5.1333
273,768,1,1152,5.1579
273,768,1,1728,5.1948
273,768,1,2592,5.2500
273,768,1,3888,5.3330
273,768,1,5832,5.4574
273,768,1,8748,5.6440
273,768,1,13122,5.9240
273,768,1,16384,6.1327
273,768,2,512,5.1498
273,768,2,768,5.1825
273,768,2,1152,5.2317
273,768,2,1728,5.3054
273,768,2,2592,5.4160
273,768,2,3888,5.5819
273,768,2,5832,5.8307
273,768,2,8748,6.2040
273,768,2,13122,6.7638
273,768,2,16384,7.1814
273,768,4,512,5.2154
273,768,4,768,5.2810
273,768,4,1152,5.3793
273,768,4,1728,5.5267
273,768,4,2592,5.7479
273,768,4,3888,6.0797
273,768,4,5832,6.5773
273,768,4,8748,7.3238
273,768,4,13122,8.4436
273,768,4,16384,9.2787
273,768,8,512,5.3468
273,768,8,768,5.4778
273,768,8,1152,5.6744
273,768,8,1728,5.9693
273,768,8,2592,6.4117
273,768,8,3888,7.0753
273,768,8,5832,8.0706
273,768,8,8748,9.5636
273,768,8,13122,11.8031
273,768,8,16384,13.4732
273,768,16,512,5.6094
273,768,16,768,5.8716
273,768,16,1152,6.2648
273,768,16,1728,6.8546
273,768,16,2592,7.7393
273,768,16,3888,9.0664
273,768,16,5832,11.0571
273,768,16,8748,14.0431
273,768,16,13122,18.5220
273,768,16,16384,21.8623
273,768,32,512,6.1347
273,768,32,768,6.6590
273,768,32,1152,7.4454
273,768,32,1728,8.6251
273,768,32,2592,10.3946
273,768,32,3888,13.0488
273,768,32,5832,17.0301
273,768,32,8748,23.0020
273,768,32,13122,31.9600
273,768,32,16384,38.6406
273,768,64,512,7.1853
273,768,64,768,8.2339
273,768,64,1152,9.8068
273,768,64,1728,12.1661
273,768,64,2592,15.7050
273,768,64,3888,21.0134
273,768,64,5832,28.9761
273,768,64,8748,40.9200
273,768,64,13122,58.8359
273,768,64,16384,72.1971
273,768,128,512,9.2866
273,768,128,768,11.3837
273,768,128,1152,14.5295
273,768,128,1728,19.2481
273,768,128,2592,26.3260
273,768,128,3888,36.9428
273,768,128,5832,52.8680
273,768,128,8748,76.7559
273,768,128,13122,112.5877
273,768,128,16384,139.3100
273,1152,0,0,5.1144
273,1152,1,512,5.1415
273,1152,1,768,5.1579
273,1152,1,1152,5.1825
273,1152,1,1728,5.2193
273,1152,1,2592,5.2746
273,1152,1,3888,5.3576
273,1152,1,5832,5.4820
273,1152,1,8748,5.6686
273,1152,1,13122,5.9485
273,1152,1,16384,6.1573
273,1152,2,512,5.1743
273,1152,2,768,5.2071
273,1152,2,1152,5.2563
273,1152,2,1728,5.3300
273,1152,2,2592,5.4406
273,1152,2,3888,5.6065
273,1152,2,5832,5.8553
273,1152,2,8748,6.2285
273,1152,2,13122,6.7884
273,1152,2,16384,7.2060
273,1152,4,512,5.2400
273,1152,4,768,5.3055
273,1152,4,1152,5.4038
273,1152,4,1728,5.5513
273,1152,4,2592,5.7725
273,1152,4,3888,6.1043
273,1152,4,5832,6.6019
273,1152,4,8748,7.3484
273,1152,4,13122,8.4682
273,1152,4,16384,9.3032
273,1152,8,512,5.3713
273,1152,8,768,5.5024
273,1152,8,1152,5.6990
273,1152,8,1728,5.9939
273,1152,8,2592,6.4363
273,1152,8,3888,7.0998
273,1152,8,5832,8.0952
273,1152,8,8748,9.5882
273,1152,8,13122,11.8276
273,1152,8,16384,13.4978
273,1152,16,512,5.6340
273,1152,16,768,5.8961
273,1152,16,1152,6.2893
273,1152,16,1728,6.8792
273,1152,16,2592,7.7639
273,1152,16,3888,9.0910
273,1152,16,5832,11.0817
273,1152,16,8748,14.0676
273,1152,16,13122,18.5466
273,1152,16,16384,21.8869
273,1152,32,512,6.1593
273,1152,32,768,6.6836
273,1152,32,1152,7.4700
273,1152,32,1728,8.6497
273,1152,32,2592,10.4191
273,1152,32,3888,13.0733
273,1152,32,5832,17.0547
273,1152,32,8748,23.0266
273,1152,32,13122,31.9846
273,1152,32,16384,38.6652
273,1152,64,512,7.2099
273,1152,64,768,8.2585
273,1152,64,1152,9.8314
273,1152,64,1728,12.1907
273,1152,64,2592,15.7296
273,1152,64,3888,21.0380
273,1152,64,5832,29.0006
273,1152,64,8748,40.9446
273,1152,64,13122,58.8605
273,1152,64,16384,72.2216
273,1152,128,512,9.3112
273,1152,128,768,11.4083
273,1152,128,1152,14.5540
273,1152,128,1728,19.2726
273,1152,128,2592,26.3505
273,1152,128,3888,36.9674
273,1152,128,5832,52.8926
273,1152,128,8748,76.7805
273,1152,128,13122,112.6123
273,1152,128,16384,139.3346
273,1728,0,0,5.1655
273,1728,1,512,5.1784
273,1728,1,768,5.1948
273,1728,1,1152,5.2193
273,1728,1,1728,5.2562
273,1728,1,2592,5.3115
273,1728,1,3888,5.3944
273,1728,1,5832,5.5188
273,1728,1,8748,5.7055
273,1728,1,13122,5.9854
273,1728,1,16384,6.1942
273,1728,2,512,5.2112
273,1728,2,768,5.2440
273,1728,2,1152,5.2931
273,1728,2,1728,5.3668
273,1728,2,2592,5.4774
273,1728,2,3888,5.6433
273,1728,2,5832,5.8922
273,1728,2,8748,6.2654
273,1728,2,13122,6.8253
273,1728,2,16384,7.2428
273,1728,4,512,5.2769
273,1728,4,768,5.3424
273,1728,4,1152,5.4407
273,1728,4,1728,5.5882
273,1728,4,2592,5.8093
273,1728,4,3888,6.1411
273,1728,4,5832,6.6388
273,1728,4,8748,7.3853
273,1728,4,13122,8.5050
273,1728,4,16384,9.3401
273,1728,8,512,5.4082
273,1728,8,768,5.5393
273,1728,8,1152,5.7359
273,1728,8,1728,6.0308
273,1728,8,2592,6.4732
273,1728,8,3888,7.1367
273,1728,8,5832,8.1320
273,1728,8,8748,9.6250
273,1728,8,13122,11.8645
273,1728,8,16384,13.5347
273,1728,16,512,5.6708
273,1728,16,768,5.9330
273,1728,16,1152,6.3262
273,1728,16,1728,6.9160
273,1728,16,2592,7.8008
273,1728,16,3888,9.1279
273,1728,16,5832,11.1185
273,1728,16,8748,14.1045
273,1728,16,13122,18.5835
273,1728,16,16384,21.9238
273,1728,32,512,6.1962
273,1728,32,768,6.7204
273,1728,32,1152,7.5069
273,1728,32,1728,8.6865
273,1728,32,2592,10.4560
273,1728,32,3888,13.1102
273,1728,32,5832,17.0915
273,1728,32,8748,23.0635
273,1728,32,13122,32.0214
273,1728,32,16384,38.7020
273,1728,64,512,7.2468
273,1728,64,768,8.2954
273,1728,64,1152,9.8682
273,1728,64,1728,12.2275
273,1728,64,2592,15.7665
273,1728,64,3888,21.0749
273,1728,64,5832,29.0375
273,1728,64,8748,40.9814
273,1728,64,13122,58.8973
273,1728,64,16384,72.2585
273,1728,128,512,9.3480
273,1728,128,768,11.4452
273,1728,128,1152,14.5909
273,1728,128,1728,19.3095
273,1728,128,2592,26.3874
273,1728,128,3888,37.0042
273,1728,128,5832,52.9295
273,1728,128,8748,76.8173
273,1728,128,13122,112.6492
273,1728,128,16384,139.3715
273,2592,0,0,5.2421
273,2592,1,512,5.2423
273,2592,1,768,5.2500
273,2592,1,1152,5.2746
273,2592,1,1728,5.3115
273,2592,1,2592,5.3668
273,2592,1,3888,5.4497
273,2592,1,5832,5.5741
273,2592,1,8748,5.7608
273,2592,1,13122,6.0407
273,2592,1,16384,6.2495
273,2592,2,512,5.2665
273,2592,2,768,5.2993
273,2592,2,1152,5.3484
273,2592,2,1728,5.4221
273,2592,2,2592,5.5327
273,2592,2,3888,5.6986
273,2592,2,5832,5.9475
273,2592,2,8748,6.3207
273,2592,2,13122,6.8806
273,2592,2,16384,7.2981
273,2592,4,512,5.3322
273,2592,4,768,5.3977
273,2592,4,1152,5.4960
273,2592,4,1728,5.6435
273,2592,4,2592,5.8646
273,2592,4,3888,6.1964
273,2592,4,5832,6.6941
273,2592,4,8748,7.4406
273,2592,4,13122,8.5603
273,2592,4,16384,9.3954
273,2592,8,512,5.4635
273,2592,8,768,5.5946
273,2592,8,1152,5.7912
273,2592,8,1728,6.0861
273,2592,8,2592,6.5284
273,2592,8,3888,7.1920
273,2592,8,5832,8.1873
273,2592,8,8748,9.6803
273,2592,8,13122,11.9198
273,2592,8,16384,13.5900
273,2592,16,512,5.7261
273,2592,16,768,5.9883
273,2592,16,1152,6.3815
273,2592,16,1728,6.9713
273,2592,16,2592,7.8561
273,2592,16,3888,9.1832
273,2592,16,5832,11.1738
273,2592,16,8748,14.1598
273,2592,16,13122,18.6388
273,2592,16,16384,21.9791
273,2592,32,512,6.2515
273,2592,32,768,6.7757
273,2592,32,1152,7.5622
273,2592,32,1728,8.7418
273,2592,32,2592,10.5113
273,2592,32,3888,13.1655
273,2592,32,5832,17.1468
273,2592,32,8748,23.1188
273,2592,32,13122,32.0767
273,2592,32,16384,38.7573
273,2592,64,512,7.3021
273,2592,64,768,8.3507
273,2592,64,1152,9.9235
273,2592,64,1728,12.2828
273,2592,64,2592,15.8218
273,2592,64,3888,21.1302
273,2592,64,5832,29.0928
273,2592,64,8748,41.0367
273,2592,64,13122,58.9526
273,2592,64,16384,72.3138
273,2592,128,512,9.4033
273,2592,128,768,11.5005
273,2592,128,1152,14.6462
273,2592,128,1728,19.3648
273,2592,128,2592,26.4427
273,2592,128,3888,37.0595
273,2592,128,5832,52.9848
273,2592,128,8748,76.8726
273,2592,128,13122,112.7044
273,2592,128,16384,139.4268
273,3888,0,0,5.3572
273,3888,1,512,5.3573
273,3888,1,768,5.3574
273,3888,1,1152,5.3576
273,3888,1,1728,5.3944
273,3888,1,2592,5.4497
273,3888,1,3888,5.5327
273,3888,1,5832,5.6571
273,3888,1,8748,5.8437
273,3888,1,13122,6.1236
273,3888,1,16384,6.3324
273,3888,2,512,5.3575
273,3888,2,768,5.3822
273,3888,2,1152,5.4314
273,3888,2,1728,5.5051
273,3888,2,2592,5.6157
273,3888,2,3888,5.7816
273,3888,2,5832,6.0304
273,3888,2,8748,6.4036
273,3888,2,13122,6.9635
273,3888,2,16384,7.3811
273,3888,4,512,5.4151
273,3888,4,768,5.4806
273,3888,4,1152,5.5789
273,3888,4,1728,5.7264
273,3888,4,2592,5.9476
273,3888,4,3888,6.2794
273,3888,4,5832,6.7770
273,3888,4,8748,7.5235
273,3888,4,13122,8.6433
273,3888,4,16384,9.4783
273,3888,8,512,5.5464
273,3888,8,768,5.6775
273,3888,8,1152,5.8741
273,3888,8,1728,6.1690
273,3888,8,2592,6.6114
273,3888,8,3888,7.2749
273,3888,8,5832,8.2703
273,3888,8,8748,9.7633
273,3888,8,13122,12.0028
273,3888,8,16384,13.6729
273,3888,16,512,5.8091
273,3888,16,768,6.0712
273,3888,16,1152,6.4644
273,3888,16,1728,7.0543
273,3888,16,2592,7.9390
273,3888,16,3888,9.2661
273,3888,16,5832,11.2568
273,3888,16,8748,14.2428
273,3888,16,13122,18.7217
273,3888,16,16384,22.0620
273,3888,32,512,6.3344
273,3888,32,768,6.8587
273,3888,32,1152,7.6451
273,3888,32,1728,8.8248
273,3888,32,2592,10.5942
273,3888,32,3888,13.2484
273,3888,32,5832,17.2298
273,3888,32,8748,23.2017
273,3888,32,13122,32.1597
273,3888,32,16384,38.8403
273,3888,64,512,7.3850
273,3888,64,768,8.4336
273,3888,64,1152,10.0065
273,3888,64,1728,12.3658
273,3888,64,2592,15.9047
273,3888,64,3888,21.2131
273,3888,64,5832,29.1757
273,3888,64,8748,41.1197
273,3888,64,13122,59.0356
273,3888,64,16384,72.3967
273,3888,128,512,9.4863
273,3888,128,768,11.5834
273,3888,128,1152,14.7292
273,3888,128,1728,19.4477
273,3888,128,2592,26.5256
273,3888,128,3888,37.1425
273,3888,128,5832,53.0677
273,3888,128,8748,76.9556
273,3888,128,13122,112.7874
273,3888,128,16384,139.5097
273,5832,0,0,5.5297
273,5832,1,512,5.5299
273,5832,1,768,5.5299
273,5832,1,1152,5.5301
273,5832,1,1728,5.5302
273,5832,1,2592,5.5741
273,5832,1,3888,5.6571
273,5832,1,5832,5.7815
273,5832,1,8748,5.9681
273,5832,1,13122,6.2481
273,5832,1,16384,6.4568
273,5832,2,512,5.5300
273,5832,2,768,5.5302
273,5832,2,1152,5.5558
273,5832,2,1728,5.6295
273,5832,2,2592,5.7401
273,5832,2,3888,5.9060
273,5832,2,5832,6.1548
273,5832,2,8748,6.5281
273,5832,2,13122,7.0879
273,5832,2,16384,7.5055
273,5832,4,512,5.5395
273,5832,4,768,5.6051
273,5832,4,1152,5.7034
273,5832,4,1728,5.8508
273,5832,4,2592,6.0720
273,5832,4,3888,6.4038
273,5832,4,5832,6.9014
273,5832,4,8748,7.6479
273,5832,4,13122,8.7677
273,5832,4,16384,9.6028
273,5832,8,512,5.6708
273,5832,8,768,5.8019
273,5832,8,1152,5.9985
273,5832,8,1728,6.2934
273,5832,8,2592,6.7358
273,5832,8,3888,7.3994
273,5832,8,5832,8.3947
273,5832,8,8748,9.8877
273,5832,8,13122,12.1272
273,5832,8,16384,13.7973
273,5832,16,512,5.9335
273,5832,16,768,6.1956
273,5832,16,1152,6.5889
273,5832,16,1728,7.1787
273,5832,16,2592,8.0634
273,5832,16,3888,9.3905
273,5832,16,5832,11.3812
273,5832,16,8748,14.3672
273,5832,16,13122,18.8461
273,5832,16,16384,22.1864
273,5832,32,512,6.4588
273,5832,32,768,6.9831
273,5832,32,1152,7.7695
273,5832,32,1728,8.9492
273,5832,32,2592,10.7187
273,5832,32,3888,13.3729
273,5832,32,5832,17.3542
273,5832,32,8748,23.3261
273,5832,32,13122,32.2841
273,5832,32,16384,38.9647
273,5832,64,512,7.5094
273,5832,64,768,8.5580
273,5832,64,1152,10.1309
273,5832,64,1728,12.4902
273,5832,64,2592,16.0291
273,5832,64,3888,21.3375
273,5832,64,5832,29.3002
273,5832,64,8748,41.2441
273,5832,64,13122,59.1600
273,5832,64,16384,72.5212
273,5832,128,512,9.6107
273,5832,128,768,11.7078
273,5832,128,1152,14.8536
273,5832,128,1728,19.5722
273,5832,128,2592,26.6500
273,5832,128,3888,37.2669
273,5832,128,5832,53.1921
273,5832,128,8748,77.0800
273,5832,128,13122,112.9118
273,5832,128,16384,139.6341
273,8748,0,0,5.7885
273,8748,1,512,5.7886
273,8748,1,768,5.7887
273,8748,1,1152,5.7888
273,8748,1,1728,5.7890
273,8748,1,2592,5.7893
273,8748,1,3888,5.8437
273,8748,1,5832,5.9681
273,8748,1,8748,6.1548
273,8748,1,13122,6.4347
273,8748,1,16384,6.6435
273,8748,2,512,5.7888
273,8748,2,768,5.7890
273,8748,2,1152,5.7892
273,8748,2,1728,5.8161
273,8748,2,2592,5.9267
273,8748,2,3888,6.0926
273,8748,2,5832,6.3414
273,8748,2,8748,6.7147
273,8748,2,13122,7.2746
273,8748,2,16384,7.6921
273,8748,4,512,5.7891
273,8748,4,768,5.7917
273,8748,4,1152,5.8900
273,8748,4,1728,6.0374
273,8748,4,2592,6.2586
273,8748,4,3888,6.5904
273,8748,4,5832,7.0881
273,8748,4,8748,7.8346
273,8748,4,13122,8.9543
273,8748,4,16384,9.7894
273,8748,8,512,5.8575
273,8748,8,768,5.9885
273,8748,8,1152,6.1852
273,8748,8,1728,6.4801
273,8748,8,2592,6.9224
273,8748,8,3888,7.5860
273,8748,8,5832,8.5813
273,8748,8,8748,10.0743
273,8748,8,13122,12.3138
273,8748,8,16384,13.9839
273,8748,16,512,6.1201
273,8748,16,768,6.3823
273,8748,16,1152,6.7755
273,8748,16,1728,7.3653
273,8748,16,2592,8.2500
273,8748,16,3888,9.5772
273,8748,16,5832,11.5678
273,8748,16,8748,14.5538
273,8748,16,13122,19.0328
273,8748,16,16384,22.3731
273,8748,32,512,6.6454
273,8748,32,768,7.1697
273,8748,32,1152,7.9562
273,8748,32,1728,9.1358
273,8748,32,2592,10.9053
273,8748,32,3888,13.5595
273,8748,32,5832,17.5408
273,8748,32,8748,23.5128
273,8748,32,13122,32.4707
273,8748,32,16384,39.1513
273,8748,64,512,7.6961
273,8748,64,768,8.7446
273,8748,64,1152,10.3175
273,8748,64,1728,12.6768
273,8748,64,2592,16.2157
273,8748,64,3888,21.5242
273,8748,64,5832,29.4868
273,8748,64,8748,41.4307
273,8748,64,13122,59.3466
273,8748,64,16384,72.7078
273,8748,128,512,9.7973
273,8748,128,768,11.8945
273,8748,128,1152,15.0402
273,8748,128,1728,19.7588
273,8748,128,2592,26.8367
273,8748,128,3888,37.4535
273,8748,128,5832,53.3788
273,8748,128,8748,77.2666
273,8748,128,13122,113.0984
273,8748,128,16384,139.8207
273,13122,0,0,6.1766
273,13122,1,512,6.1768
273,13122,1,768,6.1769
273,13122,1,1152,6.1770
273,13122,1,1728,6.1772
273,13122,1,2592,6.1775
273,13122,1,3888,6.1779
273,13122,1,5832,6.2481
273,13122,1,8748,6.4347
273,13122,1,13122,6.7146
273,13122,1,16384,6.9234
273,13122,2,512,6.1770
273,13122,2,768,6.1771
273,13122,2,1152,6.1774
273,13122,2,1728,6.1778
273,13122,2,2592,6.2067
273,13122,2,3888,6.3725
273,13122,2,5832,6.6214
273,13122,2,8748,6.9946
273,13122,2,13122,7.5545
273,13122,2,16384,7.9720
273,13122,4,512,6.1773
273,13122,4,768,6.1776
273,13122,4,1152,6.1781
273,13122,4,1728,6.3174
273,13122,4,2592,6.5386
273,13122,4,3888,6.8703
273,13122,4,5832,7.3680
273,13122,4,8748,8.1145
273,13122,4,13122,9.2342
273,13122,4,16384,10.0693
273,13122,8,512,6.1780
273,13122,8,768,6.2685
273,13122,8,1152,6.4651
273,13122,8,1728,6.7600
273,13122,8,2592,7.2024
273,13122,8,3888,7.8659
273,13122,8,5832,8.8612
273,13122,8,8748,10.3542
273,13122,8,13122,12.5937
273,13122,8,16384,14.2639
273,13122,16,512,6.4001
273,13122,16,768,6.6622
273,13122,16,1152,7.0554
273,13122,16,1728,7.6452
273,13122,16,2592,8.5300
273,13122,16,3888,9.8571
273,13122,16,5832,11.8477
273,13122,16,8748,14.8337
273,13122,16,13122,19.3127
273,13122,16,16384,22.6530
273,13122,32,512,6.9254
273,13122,32,768,7.4497
273,13122,32,1152,8.2361
273,13122,32,1728,9.4157
273,13122,32,2592,11.1852
273,13122,32,3888,13.8394
273,13122,32,5832,17.8207
273,13122,32,8748,23.7927
273,13122,32,13122,32.7507
273,13122,32,16384,39.4312
273,13122,64,512,7.9760
273,13122,64,768,9.0246
273,13122,64,1152,10.5974
273,13122,64,1728,12.9567
273,13122,64,2592,16.4957
273,13122,64,3888,21.8041
273,13122,64,5832,29.7667
273,13122,64,8748,41.7107
273,13122,64,13122,59.6266
273,13122,64,16384,72.9877
273,13122,128,512,10.0772
273,13122,128,768,12.1744
273,13122,128,1152,15.3201
273,13122,128,1728,20.0387
273,13122,128,2592,27.1166
273,13122,128,3888,37.7334
273,13122,128,5832,53.6587
273,13122,128,8748,77.5466
273,13122,128,13122,113.3784
273,13122,128,16384,140.1007
273,16384,0,0,6.4661
273,16384,1,512,6.4663
273,16384,1,768,6.4664
273,16384,1,1152,6.4665
273,16384,1,1728,6.4667
273,16384,1,2592,6.4670
273,16384,1,3888,6.4674
273,16384,1,5832,6.4680
273,16384,1,8748,6.6435
273,16384,1,13122,6.9234
273,16384,1,16384,7.1322
273,16384,2,512,6.4665
273,16384,2,768,6.4666
273,16384,2,1152,6.4669
273,16384,2,1728,6.4673
273,16384,2,2592,6.4678
273,16384,2,3888,6.5813
273,16384,2,5832,6.8301
273,16384,2,8748,7.2034
273,16384,2,13122,7.7633
273,16384,2,16384,8.1808
273,16384,4,512,6.4668
273,16384,4,768,6.4671
273,16384,4,1152,6.4676
273,16384,4,1728,6.5261
273,16384,4,2592,6.7473
273,16384,4,3888,7.0791
273,16384,4,5832,7.5768
273,16384,4,8748,8.3233
273,16384,4,13122,9.4430
273,16384,4,16384,10.2781
273,16384,8,512,6.4675
273,16384,8,768,6.4772
273,16384,8,1152,6.6739
273,16384,8,1728,6.9688
273,16384,8,2592,7.4111
273,16384,8,3888,8.0747
273,16384,8,5832,9.0700
273,16384,8,8748,10.5630
273,16384,8,13122,12.8025
273,16384,8,16384,14.4726
273,16384,16,512,6.6088
273,16384,16,768,6.8710
273,16384,16,1152,7.2642
273,16384,16,1728,7.8540
273,16384,16,2592,8.7388
273,16384,16,3888,10.0659
273,16384,16,5832,12.0565
273,16384,16,8748,15.0425
273,16384,16,13122,19.5215
273,16384,16,16384,22.8618
273,16384,32,512,7.1341
273,16384,32,768,7.6584
273,16384,32,1152,8.4449
273,16384,32,1728,9.6245
273,16384,32,2592,11.3940
273,16384,32,3888,14.0482
273,16384,32,5832,18.0295
273,16384,32,8748,24.0015
273,16384,32,13122,32.9594
273,16384,32,16384,39.6400
273,16384,64,512,8.1848
273,16384,64,768,9.2333
273,16384,64,1152,10.8062
273,16384,64,1728,13.1655
273,16384,64,2592,16.7044
273,16384,64,3888,22.0129
273,16384,64,5832,29.9755
273,16384,64,8748,41.9194
273,16384,64,13122,59.8353
273,16384,64,16384,73.1965
273,16384,128,512,10.2860
273,16384,128,768,12.3832
273,16384,128,1152,15.5289
273,16384,128,1728,20.2475
273,16384,128,2592,27.3254
273,16384,128,3888,37.9422
273,16384,128,5832,53.8675
273,16384,128,8748,77.7553
273,16384,128,13122,113.5871
273,16384,128,16384,140.3094
410,0,0,0,5.0525
410,0,1,512,5.0853
410,0,1,768,5.1017
410,0,1,1152,5.1263
410,0,1,1728,5.1631
410,0,1,2592,5.2184
410,0,1,3888,5.3014
410,0,1,5832,5.4258
410,0,1,8748,5.6124
410,0,1,13122,5.8924
410,0,1,16384,6.1011
410,0,2,512,5.1181
410,0,2,768,5.1509
410,0,2,1152,5.2001
410,0,2,1728,5.2738
410,0,2,2592,5.3844
410,0,2,3888,5.5503
410,0,2,5832,5.7991
410,0,2,8748,6.1724
410,0,2,13122,6.7322
410,0,2,16384,7.1498
410,0,4,512,5.1838
410,0,4,768,5.2493
410,0,4,1152,5.3476
410,0,4,1728,5.4951
410,0,4,2592,5.7163
410,0,4,3888,6.0481
410,0,4,5832,6.5457
410,0,4,8748,7.2922
410,0,4,13122,8.4120
410,0,4,16384,9.2470
410,0,8,512,5.3151
410,0,8,768,5.4462
410,0,8,1152,5.6428
410,0,8,1728,5.9377
410,0,8,2592,6.3801
410,0,8,3888,7.0436
410,0,8,5832,8.0390
410,0,8,8748,9.5320
410,0,8,13122,11.7715
410,0,8,16384,13.4416
410,0,16,512,5.5778
410,0,16,768,5.8399
410,0,16,1152,6.2332
410,0,16,1728,6.8230
410,0,16,2592,7.7077
410,0,16,3888,9.0348
410,0,16,5832,11.0255
410,0,16,8748,14.0115
410,0,16,13122,18.4904
410,0,16,16384,21.8307
410,0,32,512,6.1031
410,0,32,768,6.6274
410,0,32,1152,7.4138
410,0,32,1728,8.5935
410,0,32,2592,10.3629
410,0,32,3888,13.0172
410,0,32,5832,16.9985
410,0,32,8748,22.9704
410,0,32,13122,31.9284
410,0,32,16384,38.6090
410,0,64,512,7.1537
410,0,64,768,8.2023
410,0,64,1152,9.7752
410,0,64,1728,12.1345
410,0,64,2592,15.6734
410,0,64,3888,20.9818
410,0,64,5832,28.9444
410,0,64,8748,40.8884
410,0,64,13122,58.8043
410,0,64,16384,72.1654
410,0,128,512,9.2550
410,0,128,768,11.3521
410,0,128,1152,14.4979
410,0,128,1728,19.2164
410,0,128,2592,26.2943
410,0,128,3888,36.9112
410,0,128,5832,52.8364
410,0,128,8748,76.7243
410,0,128,13122,112.5561
410,0,128,16384,139.2784
410,512,0,0,5.0956
410,512,1,512,5.1181
410,512,1,768,5.1345
410,512,1,1152,5.1590
410,512,1,1728,5.1959
410,512,1,2592,5.2512
410,512,1,3888,5.3341
410,512,1,5832,5.4586
410,512,1,8748,5.6452
410,512,1,13122,5.9251
410,512,1,16384,6.1339
410,512,2,512,5.1509
410,512,2,768,5.1837
410,512,2,1152,5.2328
410,512,2,1728,5.3066
410,512,2,2592,5.4172
410,512,2,3888,5.5830
410,512,2,5832,5.8319
410,512,2,8748,6.2051
410,512,2,13122,6.7650
410,512,2,16384,7.1825
410,512,4,512,5.2166
410,512,4,768,5.2821
410,512,4,1152,5.3804
410,512,4,1728,5.5279
410,512,4,2592,5.7491
410,512,4,3888,6.0808
410,512,4,5832,6.5785
410,512,4,8748,7.3250
410,512,4,13122,8.4447
410,512,4,16384,9.2798
410,512,8,512,5.3479
410,512,8,768,5.4790
410,512,8,1152,5.6756
410,512,8,1728,5.9705
410,512,8,2592,6.4129
410,512,8,3888,7.0764
410,512,8,5832,8.0717
410,512,8,8748,9.5647
410,512,8,13122,11.8042
410,512,8,16384,13.4744
410,512,16,512,5.6106
410,512,16,768,5.8727
410,512,16,1152,6.2659
410,512,16,1728,6.8557
410,512,16,2592,7.7405
410,512,16,3888,9.0676
410,512,16,5832,11.0582
410,512,16,8748,14.0442
410,512,16,13122,18.5232
410,512,16,16384,21.8635
410,512,32,512,6.1359
410,512,32,768,6.6602
410,512,32,1152,7.4466
410,512,32,1728,8.6262
410,512,32,2592,10.3957
410,512,32,3888,13.0499
410,512,32,5832,17.0312
410,512,32,8748,23.0032
410,512,32,13122,31.9612
410,512,32,16384,38.6417
410,512,64,512,7.1865
410,512,64,768,8.2351
410,512,64,1152,9.8079
410,512,64,1728,12.1672
410,512,64,2592,15.7062
410,512,64,3888,21.0146
410,512,64,5832,28.9772
410,512,64,8748,40.9212
410,512,64,13122,58.8371
410,512,64,16384,72.1982
410,512,128,512,9.2877
410,512,128,768,11.3849
410,512,128,1152,14.5306
410,512,128,1728,19.2492
410,512,128,2592,26.3271
410,512,128,3888,36.9439
410,512,128,5832,52.8692
410,512,128,8748,76.7571
410,512,128,13122,112.5889
410,512,128,16384,139.3112
410,768,0,0,5.1297
410,768,1,512,5.1345
410,768,1,768,5.1508
410,768,1,1152,5.1754
410,768,1,1728,5.2123
410,768,1,2592,5.2676
410,768,1,3888,5.3505
410,768,1,5832,5.4749
410,768,1,8748,5.6616
410,768,1,13122,5.9415
410,768,1,16384,6.1503
410,768,2,512,5.1673
410,768,2,768,5.2001
410,768,2,1152,5.2492
410,768,2,1728,5.3229
410,768,2,2592,5.4335
410,768,2,3888,5.5994
410,768,2,5832,5.8483
410,768,2,8748,6.2215
410,768,2,13122,6.7814
410,768,2,16384,7.1989
410,768,4,512,5.2330
410,768,4,768,5.2985
410,768,4,1152,5.3968
410,768,4,1728,5.5443
410,768,4,2592,5.7654
410,768,4,3888,6.0972
410,768,4,5832,6.5949
410,768,4,8748,7.3414
410,768,4,13122,8.4611
410,768,4,16384,9.2962
410,768,8,512,5.3643
410,768,8,768,5.4954
410,768,8,1152,5.6920
410,768,8,1728,5.9869
410,768,8,2592,6.4292
410,768,8,3888,7.0928
410,768,8,5832,8.0881
410,768,8,8748,9.5811
410,768,8,13122,11.8206
410,768,8,16384,13.4908
410,768,16,512,5.6269
410,768,16,768,5.8891
410,768,16,1152,6.2823
410,768,16,1728,6.8721
410,768,16,2592,7.7569
410,768,16,3888,9.0840
410,768,16,5832,11.0746
410,768,16,8748,14.0606
410,768,16,13122,18.5396
410,768,16,16384,21.8799
410,768,32,512,6.1523
410,768,32,768,6.6765
410,768,32,1152,7.4630
410,768,32,1728,8.6426
410,768,32,2592,10.4121
410,768,32,3888,13.0663
410,768,32,5832,17.0476
410,768,32,8748,23.0196
410,768,32,13122,31.9775
410,768,32,16384,38.6581
410,768,64,512,7.2029
410,768,64,768,8.2515
410,768,64,1152,9.8243
410,768,64,1728,12.1836
410,768,64,2592,15.7226
410,768,64,3888,21.0310
410,768,64,5832,28.9936
410,768,64,8748,40.9375
410,768,64,13122,58.8534
410,768,64,16384,72.2146
410,768,128,512,9.3041
410,768,128,768,11.4013
410,768,128,1152,14.5470
410,768,128,1728,19.2656
410,768,128,2592,26.3435
410,768,128,3888,36.9603
410,768,128,5832,52.8856
410,768,128,8748,76.7734
410,768,128,13122,112.6052
410,768,128,16384,139.3276
410,1152,0,0,5.1809
410,1152,1,512,5.1810
410,1152,1,768,5.1811
410,1152,1,1152,5.2000
410,1152,1,1728,5.2369
410,1152,1,2592,5.2922
410,1152,1,3888,5.3751
410,1152,1,5832,5.4995
410,1152,1,8748,5.6861
410,1152,1,13122,5.9661
410,1152,1,16384,6.1748
410,1152,2,512,5.1919
410,1152,2,768,5.2246
410,1152,2,1152,5.2738
410,1152,2,1728,5.3475
410,1152,2,2592,5.4581
410,1152,2,3888,5.6240
410,1152,2,5832,5.8728
410,1152,2,8748,6.2461
410,1152,2,13122,6.8060
410,1152,2,16384,7.2235
410,1152,4,512,5.2575
410,1152,4,768,5.3231
410,1152,4,1152,5.4214
410,1152,4,1728,5.5688
410,1152,4,2592,5.7900
410,1152,4,3888,6.1218
410,1152,4,5832,6.6195
410,1152,4,8748,7.3660
410,1152,4,13122,8.4857
410,1152,4,16384,9.3208
410,1152,8,512,5.3889
410,1152,8,768,5.5199
410,1152,8,1152,5.7165
410,1152,8,1728,6.0115
410,1152,8,2592,6.4538
410,1152,8,3888,7.1174
410,1152,8,5832,8.1127
410,1152,8,8748,9.6057
410,1152,8,13122,11.8452
410,1152,8,16384,13.5153
410,1152,16,512,5.6515
410,1152,16,768,5.9137
410,1152,16,1152,6.3069
410,1152,16,1728,6.8967
410,1152,16,2592,7.7814
410,1152,16,3888,9.1085
410,1152,16,5832,11.0992
410,1152,16,8748,14.0852
410,1152,16,13122,18.5642
410,1152,16,16384,21.9044
410,1152,32,512,6.1768
410,1152,32,768,6.7011
410,1152,32,1152,7.4876
410,1152,32,1728,8.6672
410,1152,32,2592,10.4367
410,1152,32,3888,13.0909
410,1152,32,5832,17.0722
410,1152,32,8748,23.0442
410,1152,32,13122,32.0021
410,1152,32,16384,38.6827
410,1152,64,512,7.2275
410,1152,64,768,8.2760
410,1152,64,1152,9.8489
410,1152,64,1728,12.2082
410,1152,64,2592,15.7471
410,1152,64,3888,21.0556
410,1152,64,5832,29.0182
410,1152,64,8748,40.9621
410,1152,64,13122,58.8780
410,1152,64,16384,72.2392
410,1152,128,512,9.3287
410,1152,128,768,11.4259
410,1152,128,1152,14.5716
410,1152,128,1728,19.2902
410,1152,128,2592,26.3681
410,1152,128,3888,36.9849
410,1152,128,5832,52.9101
410,1152,128,8748,76.7980
410,1152,128,13122,112.6298
410,1152,128,16384,139.3521
410,1728,0,0,5.2576
410,1728,1,512,5.2578
410,1728,1,768,5.2579
410,1728,1,1152,5.2580
410,1728,1,1728,5.2737
410,1728,1,2592,5.3290
410,1728,1,3888,5.4120
410,1728,1,5832,5.5364
410,1728,1,8748,5.7230
410,1728,1,13122,6.0029
410,1728,1,16384,6.2117
410,1728,2,512,5.2580
410,1728,2,768,5.2615
410,1728,2,1152,5.3107
410,1728,2,1728,5.3844
410,1728,2,2592,5.4950
410,1728,2,3888,5.6609
410,1728,2,5832,5.9097
410,1728,2,8748,6.2829
410,1728,2,13122,6.8428
410,1728,2,16384,7.2604
410,1728,4,512,5.2944
410,1728,4,768,5.3599
410,1728,4,1152,5.4582
410,1728,4,1728,5.6057
410,1728,4,2592,5.8269
410,1728,4,3888,6.1587
410,1728,4,5832,6.6563
410,1728,4,8748,7.4028
410,1728,4,13122,8.5226
410,1728,4,16384,9.3576
410,1728,8,512,5.4257
410,1728,8,768,5.5568
410,1728,8,1152,5.7534
410,1728,8,1728,6.0483
410,1728,8,2592,6.4907
410,1728,8,3888,7.1542
410,1728,8,5832,8.1496
410,1728,8,8748,9.6426
410,1728,8,13122,11.8820
410,1728,8,16384,13.5522
410,1728,16,512,5.6884
410,1728,16,768,5.9505
410,1728,16,1152,6.3437
410,1728,16,1728,6.9336
410,1728,16,2592,7.8183
410,1728,16,3888,9.1454
410,1728,16,5832,11.1361
410,1728,16,8748,14.1220
410,1728,16,13122,18.6010
410,1728,16,16384,21.9413
410,1728,32,512,6.2137
410,1728,32,768,6.7380
410,1728,32,1152,7.5244
410,1728,32,1728,8.7041
410,1728,32,2592,10.4735
410,1728,32,3888,13.1277
410,1728,32,5832,17.1091
410,1728,32,8748,23.0810
410,1728,32,13122,32.0390
410,1728,32,16384,38.7196
410,1728,64,512,7.2643
410,1728,64,768,8.3129
410,1728,64,1152,9.8858
410,1728,64,1728,12.2451
410,1728,64,2592,15.7840
410,1728,64,3888,21.0924
410,1728,64,5832,29.0550
410,1728,64,8748,40.9990
410,1728,64,13122,58.9149
410,1728,64,16384,72.2760
410,1728,128,512,9.3656
410,1728,128,768,11.4627
410,1728,128,1152,14.6084
410,1728,128,1728,19.3270
410,1728,128,2592,26.4049
410,1728,128,3888,37.0218
410,1728,128,5832,52.9470
410,1728,128,8748,76.8349
410,1728,128,13122,112.6667
410,1728,128,16384,139.3890
410,2592,0,0,5.3728
410,2592,1,512,5.3730
410,2592,1,768,5.3730
410,2592,1,1152,5.3732
410,2592,1,1728,5.3734
410,2592,1,2592,5.3843
410,2592,1,3888,5.4673
410,2592,1,5832,5.5917
410,2592,1,8748,5.7783
410,2592,1,13122,6.0582
410,2592,1,16384,6.2670
410,2592,2,512,5.3731
410,2592,2,768,5.3733
410,2592,2,1152,5.3735
410,2592,2,1728,5.4397
410,2592,2,2592,5.5503
410,2592,2,3888,5.7162
410,2592,2,5832,5.9650
410,2592,2,8748,6.3382
410,2592,2,13122,6.8981
410,2592,2,16384,7.3156
410,2592,4,512,5.3735
410,2592,4,768,5.4152
410,2592,4,1152,5.5135
410,2592,4,1728,5.6610
410,2592,4,2592,5.8822
410,2592,4,3888,6.2140
410,2592,4,5832,6.7116
410,2592,4,8748,7.4581
410,2592,4,13122,8.5779
410,2592,4,16384,9.4129
410,2592,8,512,5.4810
410,2592,8,768,5.6121
410,2592,8,1152,5.8087
410,2592,8,1728,6.1036
410,2592,8,2592,6.5460
410,2592,8,3888,7.2095
410,2592,8,5832,8.2049
410,2592,8,8748,9.6979
410,2592,8,13122,11.9373
410,2592,8,16384,13.6075
410,2592,16,512,5.7437
410,2592,16,768,6.0058
410,2592,16,1152,6.3990
410,2592,16,1728,6.9889
410,2592,16,2592,7.8736
410,2592,16,3888,9.2007
410,2592,16,5832,11.1914
410,2592,16,8748,14.1773
410,2592,16,13122,18.6563
410,2592,16,16384,21.9966
410,2592,32,512,6.2690
410,2592,32,768,6.7933
410,2592,32,1152,7.5797
410,2592,32,1728,8.7594
410,2592,32,2592,10.5288
410,2592,32,3888,13.1830
410,2592,32,5832,17.1644
410,2592,32,8748,23.1363
410,2592,32,13122,32.0943
410,2592,32,16384,38.7748
410,2592,64,512,7.3196
410,2592,64,768,8.3682
410,2592,64,1152,9.9411
410,2592,64,1728,12.3004
410,2592,64,2592,15.8393
410,2592,64,3888,21.1477
410,2592,64,5832,29.1103
410,2592,64,8748,41.0543
410,2592,64,13122,58.9702
410,2592,64,16384,72.3313
410,2592,128,512,9.4209
410,2592,128,768,11.5180
410,2592,128,1152,14.6637
410,2592,128,1728,19.3823
410,2592,128,2592,26.4602
410,2592,128,3888,37.0771
410,2592,128,5832,53.0023
410,2592,128,8748,76.8902
410,2592,128,13122,112.7220
410,2592,128,16384,139.4443
410,3888,0,0,5.5455
410,3888,1,512,5.5457
410,3888,1,768,5.5458
410,3888,1,1152,5.5459
410,3888,1,1728,5.5461
410,3888,1,2592,5.5464
410,3888,1,3888,5.5502
410,3888,1,5832,5.6746
410,3888,1,8748,5.8612
410,3888,1,13122,6.1412
410,3888,1,16384,6.3500
410,3888,2,512,5.5459
410,3888,2,768,5.5460
410,3888,2,1152,5.5463
410,3888,2,1728,5.5466
410,3888,2,2592,5.6332
410,3888,2,3888,5.7991
410,3888,2,5832,6.0479
410,3888,2,8748,6.4212
410,3888,2,13122,6.9811
410,3888,2,16384,7.3986
410,3888,4,512,5.5462
410,3888,4,768,5.5465
410,3888,4,1152,5.5965
410,3888,4,1728,5.7439
410,3888,4,2592,5.9651
410,3888,4,3888,6.2969
410,3888,4,5832,6.7946
410,3888,4,8748,7.5411
410,3888,4,13122,8.6608
410,3888,4,16384,9.4959
410,3888,8,512,5.5640
410,3888,8,768,5.6950
410,3888,8,1152,5.8916
410,3888,8,1728,6.1866
410,3888,8,2592,6.6289
410,3888,8,3888,7.2925
410,3888,8,5832,8.2878
410,3888,8,8748,9.7808
410,3888,8,13122,12.0203
410,3888,8,16384,13.6904
410,3888,16,512,5.8266
410,3888,16,768,6.0888
410,3888,16,1152,6.4820
410,3888,16,1728,7.0718
410,3888,16,2592,7.9565
410,3888,16,3888,9.2836
410,3888,16,5832,11.2743
410,3888,16,8748,14.2603
410,3888,16,13122,18.7393
410,3888,16,16384,22.0796
410,3888,32,512,6.3519
410,3888,32,768,6.8762
410,3888,32,1152,7.6627
410,3888,32,1728,8.8423
410,3888,32,2592,10.6118
410,3888,32,3888,13.2660
410,3888,32,5832,17.2473
410,3888,32,8748,23.2193
410,3888,32,13122,32.1772
410,3888,32,16384,38.8578
410,3888,64,512,7.4026
410,3888,64,768,8.4511
410,3888,64,1152,10.0240
410,3888,64,1728,12.3833
410,3888,64,2592,15.9222
410,3888,64,3888,21.2307
410,3888,64,5832,29.1933
410,3888,64,8748,41.1372
410,3888,64,13122,59.0531
410,3888,64,16384,72.4143
410,3888,128,512,9.5038
410,3888,128,768,11.6010
410,3888,128,1152,14.7467
410,3888,128,1728,19.4653
410,3888,128,2592,26.5432
410,3888,128,3888,37.1600
410,3888,128,5832,53.0852
410,3888,128,8748,76.9731
410,3888,128,13122,112.8049
410,3888,128,16384,139.5272
410,5832,0,0,5.8046
410,5832,1,512,5.8048
410,5832,1,768,5.8049
410,5832,1,1152,5.8050
410,5832,1,1728,5.8052
410,5832,1,2592,5.8055
410,5832,1,3888,5.8059
410,5832,1,5832,5.8065
410,5832,1,8748,5.9857
410,5832,1,13122,6.2656
410,5832,1,16384,6.4744
410,5832,2,512,5.8050
410,5832,2,768,5.8051
410,5832,2,1152,5.8054
410,5832,2,1728,5.8058
410,5832,2,2592,5.8063
410,5832,2,3888,5.9235
410,5832,2,5832,6.1724
410,5832,2,8748,6.5456
410,5832,2,13122,7.1055
410,5832,2,16384,7.5230
410,5832,4,512,5.8053
410,5832,4,768,5.8056
410,5832,4,1152,5.8061
410,5832,4,1728,5.8684
410,5832,4,2592,6.0895
410,5832,4,3888,6.4213
410,5832,4,5832,6.9190
410,5832,4,8748,7.6655
410,5832,4,13122,8.7852
410,5832,4,16384,9.6203
410,5832,8,512,5.8060
410,5832,8,768,5.8195
410,5832,8,1152,6.0161
410,5832,8,1728,6.3110
410,5832,8,2592,6.7533
410,5832,8,3888,7.4169
410,5832,8,5832,8.4122
410,5832,8,8748,9.9052
410,5832,8,13122,12.1447
410,5832,8,16384,13.8148
410,5832,16,512,5.9510
410,5832,16,768,6.2132
410,5832,16,1152,6.6064
410,5832,16,1728,7.1962
410,5832,16,2592,8.0810
410,5832,16,3888,9.4081
410,5832,16,5832,11.3987
410,5832,16,8748,14.3847
410,5832,16,13122,18.8637
410,5832,16,16384,22.2040
410,5832,32,512,6.4764
410,5832,32,768,7.0006
410,5832,32,1152,7.7871
410,5832,32,1728,8.9667
410,5832,32,2592,10.7362
410,5832,32,3888,13.3904
410,5832,32,5832,17.3717
410,5832,32,8748,23.3437
410,5832,32,13122,32.3016
410,5832,32,16384,38.9822
410,5832,64,512,7.5270
410,5832,64,768,8.5756
410,5832,64,1152,10.1484
410,5832,64,1728,12.5077
410,5832,64,2592,16.0467
410,5832,64,3888,21.3551
410,5832,64,5832,29.3177
410,5832,64,8748,41.2616
410,5832,64,13122,59.1775
410,5832,64,16384,72.5387
410,5832,128,512,9.6282
410,5832,128,768,11.7254
410,5832,128,1152,14.8711
410,5832,128,1728,19.5897
410,5832,128,2592,26.6676
410,5832,128,3888,37.2844
410,5832,128,5832,53.2097
410,5832,128,8748,77.0975
410,5832,128,13122,112.9293
410,5832,128,16384,139.6516
410,8748,0,0,6.1933
410,8748,1,512,6.1934
410,8748,1,768,6.1935
410,8748,1,1152,6.1937
410,8748,1,1728,6.1938
410,8748,1,2592,6.1941
410,8748,1,3888,6.1945
410,8748,1,5832,6.1952
410,8748,1,8748,6.1961
410,8748,1,13122,6.4522
410,8748,1,16384,6.6610
410,8748,2,512,6.1936
410,8748,2,768,6.1938
410,8748,2,1152,6.1940
410,8748,2,1728,6.1944
410,8748,2,2592,6.1950
410,8748,2,3888,6.1958
410,8748,2,5832,6.3590
410,8748,2,8748,6.7322
410,8748,2,13122,7.2921
410,8748,2,16384,7.7096
410,8748,4,512,6.1939
410,8748,4,768,6.1943
410,8748,4,1152,6.1948
410,8748,4,1728,6.1955
410,8748,4,2592,6.2762
410,8748,4,3888,6.6079
410,8748,4,5832,7.1056
410,8748,4,8748,7.8521
410,8748,4,13122,8.9718
410,8748,4,16384,9.8069
410,8748,8,512,6.1946
410,8748,8,768,6.1953
410,8748,8,1152,6.2027
410,8748,8,1728,6.4976
410,8748,8,2592,6.9400
410,8748,8,3888,7.6035
410,8748,8,5832,8.5988
410,8748,8,8748,10.0918
410,8748,8,13122,12.3313
410,8748,8,16384,14.0015
410,8748,16,512,6.1959
410,8748,16,768,6.3998
410,8748,16,1152,6.7930
410,8748,16,1728,7.3828
410,8748,16,2592,8.2676
410,8748,16,3888,9.5947
410,8748,16,5832,11.5853
410,8748,16,8748,14.5713
410,8748,16,13122,19.0503
410,8748,16,16384,22.3906
410,8748,32,512,6.6630
410,8748,32,768,7.1873
410,8748,32,1152,7.9737
410,8748,32,1728,9.1533
410,8748,32,2592,10.9228
410,8748,32,3888,13.5770
410,8748,32,5832,17.5583
410,8748,32,8748,23.5303
410,8748,32,13122,32.4883
410,8748,32,16384,39.1688
410,8748,64,512,7.7136
410,8748,64,768,8.7622
410,8748,64,1152,10.3350
410,8748,64,1728,12.6943
410,8748,64,2592,16.2333
410,8748,64,3888,21.5417
410,8748,64,5832,29.5043
410,8748,64,8748,41.4483
410,8748,64,13122,59.3642
410,8748,64,16384,72.7253
410,8748,128,512,9.8148
410,8748,128,768,11.9120
410,8748,128,1152,15.0577
410,8748,128,1728,19.7763
410,8748,128,2592,26.8542
410,8748,128,3888,37.4710
410,8748,128,5832,53.3963
410,8748,128,8748,77.2842
410,8748,128,13122,113.1160
410,8748,128,16384,139.8383
410,13122,0,0,6.7763
410,13122,1,512,6.7764
410,13122,1,768,6.7765
410,13122,1,1152,6.7766
410,13122,1,1728,6.7768
410,13122,1,2592,6.7771
410,13122,1,3888,6.7775
410,13122,1,5832,6.7782
410,13122,1,8748,6.7791
410,13122,1,13122,6.7805
410,13122,1,16384,6.9409
410,13122,2,512,6.7766
410,13122,2,768,6.7768
410,13122,2,1152,6.7770
410,13122,2,1728,6.7774
410,13122,2,2592,6.7779
410,13122,2,3888,6.7788
410,13122,2,5832,6.7800
410,13122,2,8748,7.0122
410,13122,2,13122,7.5720
410,13122,2,16384,7.9896
410,13122,4,512,6.7769
410,13122,4,768,6.7773
410,13122,4,1152,6.7778
410,13122,4,1728,6.7785
410,13122,4,2592,6.7796
410,13122,4,3888,6.8879
410,13122,4,5832,7.3855
410,13122,4,8748,8.1320
410,13122,4,13122,9.2518
410,13122,4,16384,10.0868
410,13122,8,512,6.7776
410,13122,8,768,6.7783
410,13122,8,1152,6.7793
410,13122,8,1728,6.7808
410,13122,8,2592,7.2199
410,13122,8,3888,7.8835
410,13122,8,5832,8.8788
410,13122,8,8748,10.3718
410,13122,8,13122,12.6113
410,13122,8,16384,14.2814
410,13122,16,512,6.7789
410,13122,16,768,6.7803
410,13122,16,1152,7.0730
410,13122,16,1728,7.6628
410,13122,16,2592,8.5475
410,13122,16,3888,9.8746
410,13122,16,5832,11.8653
410,13122,16,8748,14.8513
410,13122,16,13122,19.3302
410,13122,16,16384,22.6705
410,13122,32,512,6.9429
410,13122,32,768,7.4672
410,13122,32,1152,8.2536
410,13122,32,1728,9.4333
410,13122,32,2592,11.2028
410,13122,32,3888,13.8570
410,13122,32,5832,17.8383
410,13122,32,8748,23.8102
410,13122,32,13122,32.7682
410,13122,32,16384,39.4488
410,13122,64,512,7.9935
410,13122,64,768,9.0421
410,13122,64,1152,10.6150
410,13122,64,1728,12.9743
410,13122,64,2592,16.5132
410,13122,64,3888,21.8216
410,13122,64,5832,29.7843
410,13122,64,8748,41.7282
410,13122,64,13122,59.6441
410,13122,64,16384,73.0052
410,13122,128,512,10.0948
410,13122,128,768,12.1919
410,13122,128,1152,15.3377
410,13122,128,1728,20.0563
410,13122,128,2592,27.1341
410,13122,128,3888,37.7510
410,13122,128,5832,53.6762
410,13122,128,8748,77.5641
410,13122,128,13122,113.3959
410,13122,128,16384,140.1182
410,16384,0,0,7.2110
410,16384,1,512,7.2112
410,16384,1,768,7.2113
410,16384,1,1152,7.2114
410,16384,1,1728,7.2116
410,16384,1,2592,7.2119
410,16384,1,3888,7.2123
410,16384,1,5832,7.2129
410,16384,1,8748,7.2139
410,16384,1,13122,7.2153
410,16384,1,16384,7.2164
410,16384,2,512,7.2114
410,16384,2,768,7.2115
410,16384,2,1152,7.2118
410,16384,2,1728,7.2121
410,16384,2,2592,7.2127
410,16384,2,3888,7.2136
410,16384,2,5832,7.2148
410,16384,2,8748,7.2209
410,16384,2,13122,7.7808
410,16384,2,16384,8.1983
410,16384,4,512,7.2117
410,16384,4,768,7.2120
410,16384,4,1152,7.2125
410,16384,4,1728,7.2133
410,16384,4,2592,7.2144
410,16384,4,3888,7.2161
410,16384,4,5832,7.5943
410,16384,4,8748,8.3408
410,16384,4,13122,9.4605
410,16384,4,16384,10.2956
410,16384,8,512,7.2124
410,16384,8,768,7.2130
410,16384,8,1152,7.2140
410,16384,8,1728,7.2155
410,16384,8,2592,7.4287
410,16384,8,3888,8.0922
410,16384,8,5832,9.0876
410,16384,8,8748,10.5805
410,16384,8,13122,12.8200
410,16384,8,16384,14.4902
410,16384,16,512,7.2137
410,16384,16,768,7.2150
410,16384,16,1152,7.2817
410,16384,16,1728,7.8716
410,16384,16,2592,8.7563
410,16384,16,3888,10.0834
410,16384,16,5832,12.0740
410,16384,16,8748,15.0600
410,16384,16,13122,19.5390
410,16384,16,16384,22.8793
410,16384,32,512,7.2164
410,16384,32,768,7.6760
410,16384,32,1152,8.4624
410,16384,32,1728,9.6420
410,16384,32,2592,11.4115
410,16384,32,3888,14.0657
410,16384,32,5832,18.0470
410,16384,32,8748,24.0190
410,16384,32,13122,32.9770
410,16384,32,16384,39.6575
410,16384,64,512,8.2023
410,16384,64,768,9.2509
410,16384,64,1152,10.8237
410,16384,64,1728,13.1830
410,16384,64,2592,16.7220
410,16384,64,3888,22.0304
410,16384,64,5832,29.9930
410,16384,64,8748,41.9370
410,16384,64,13122,59.8529
410,16384,64,16384,73.2140
410,16384,128,512,10.3036
410,16384,128,768,12.4007
410,16384,128,1152,15.5464
410,16384,128,1728,20.2650
410,16384,128,2592,27.3429
410,16384,128,3888,37.9597
410,16384,128,5832,53.8850
410,16384,128,8748,77.7729
410,16384,128,13122,113.6047
410,16384,128,16384,140.3270
512,0,0,0,5.0655
512,0,1,16,5.0666
512,0,1,32,5.0676
512,0,1,64,5.0697
512,0,1,128,5.0738
512,0,1,256,5.0820
512,0,1,512,5.0984
512,0,1,1024,5.1311
512,0,1,2048,5.1967
512,0,1,4096,5.3277
512,0,1,8192,5.5899
512,0,1,16384,6.1142
512,0,2,16,5.0677
512,0,2,32,5.0698
512,0,2,64,5.0739
512,0,2,128,5.0820
512,0,2,256,5.0984
512,0,2,512,5.1312
512,0,2,1024,5.1967
512,0,2,2048,5.3278
512,0,2,4096,5.5900
512,0,2,8192,6.1142
512,0,2,16384,7.1628
512,0,4,16,5.0699
512,0,4,32,5.0740
512,0,4,64,5.0822
512,0,4,128,5.0986
512,0,4,256,5.1313
512,0,4,512,5.1969
512,0,4,1024,5.3279
512,0,4,2048,5.5901
512,0,4,4096,6.1144
512,0,4,8192,7.1629
512,0,4,16384,9.2601
512,0,8,16,5.0742
512,0,8,32,5.0824
512,0,8,64,5.0988
512,0,8,128,5.1316
512,0,8,256,5.1971
512,0,8,512,5.3282
512,0,8,1024,5.5903
512,0,8,2048,6.1146
512,0,8,4096,7.1632
512,0,8,8192,9.2604
512,0,8,16384,13.4547
512,0,16,16,5.0829
512,0,16,32,5.0993
512,0,16,64,5.1321
512,0,16,128,5.1976
512,0,16,256,5.3287
512,0,16,512,5.5908
512,0,16,1024,6.1151
512,0,16,2048,7.1637
512,0,16,4096,9.2609
512,0,16,8192,13.4552
512,0,16,16384,21.8438
512,0,32,16,5.1004
512,0,32,32,5.1331
512,0,32,64,5.1987
512,0,32,128,5.3297
512,0,32,256,5.5919
512,0,32,512,6.1162
512,0,32,1024,7.1647
512,0,32,2048,9.2619
512,0,32,4096,13.4562
512,0,32,8192,21.8448
512,0,32,16384,38.6220
512,0,64,16,5.1352
512,0,64,32,5.2007
512,0,64,64,5.3318
512,0,64,128,5.5939
512,0,64,256,6.1182
512,0,64,512,7.1668
512,0,64,1024,9.2639
512,0,64,2048,13.4582
512,0,64,4096,21.8468
512,0,64,8192,38.6241
512,0,64,16384,72.1785
512,0,128,16,5.2048
512,0,128,32,5.3359
512,0,128,64,5.5980
512,0,128,128,6.1223
512,0,128,256,7.1709
512,0,128,512,9.2680
512,0,128,1024,13.4623
512,0,128,2048,21.8509
512,0,128,4096,38.6282
512,0,128,8192,72.1826
512,0,128,16384,139.2915
512,16,0,0,5.0666
512,16,1,16,5.0676
512,16,1,32,5.0687
512,16,1,64,5.0707
512,16,1,128,5.0748
512,16,1,256,5.0830
512,16,1,512,5.0994
512,16,1,1024,5.1322
512,16,1,2048,5.1977
512,16,1,4096,5.3288
512,16,1,8192,5.5909
512,16,1,16384,6.1152
512,16,2,16,5.0687
512,16,2,32,5.0708
512,16,2,64,5.0749
512,16,2,128,5.0831
512,16,2,256,5.0995
512,16,2,512,5.1322
512,16,2,1024,5.1978
512,16,2,2048,5.3288
512,16,2,4096,5.5910
512,16,2,8192,6.1153
512,16,2,16384,7.1638
512,16,4,16,5.0709
512,16,4,32,5.0750
512,16,4,64,5.0832
512,16,4,128,5.0996
512,16,4,256,5.1324
512,16,4,512,5.1979
512,16,4,1024,5.3290
512,16,4,2048,5.5911
512,16,4,4096,6.1154
512,16,4,8192,7.1640
512,16,4,16384,9.2611
512,16,8,16,5.0753
512,16,8,32,5.0835
512,16,8,64,5.0998
512,16,8,128,5.1326
512,16,8,256,5.1981
512,16,8,512,5.3292
512,16,8,1024,5.5914
512,16,8,2048,6.1156
512,16,8,4096,7.1642
512,16,8,8192,9.2614
512,16,8,16384,13.4557
512,16,16,16,5.0840
512,16,16,32,5.1004
512,16,16,64,5.1331
512,16,16,128,5.1987
512,16,16,256,5.3297
512,16,16,512,5.5919
512,16,16,1024,6.1162
512,16,16,2048,7.1647
512,16,16,4096,9.2619
512,16,16,8192,13.4562
512,16,16,16384,21.8448
512,16,32,16,5.1014
512,16,32,32,5.1341
512,16,32,64,5.1997
512,16,32,128,5.3308
512,16,32,256,5.5929
512,16,32,512,6.1172
512,16,32,1024,7.1658
512,16,32,2048,9.2629
512,16,32,4096,13.4572
512,16,32,8192,21.8458
512,16,32,16384,38.6230
512,16,64,16,5.1362
512,16,64,32,5.2017
512,16,64,64,5.3328
512,16,64,128,5.5949
512,16,64,256,6.1192
512,16,64,512,7.1678
512,16,64,1024,9.2650
512,16,64,2048,13.4593
512,16,64,4096,21.8479
512,16,64,8192,38.6251
512,16,64,16384,72.1795
512,16,128,16,5.2058
512,16,128,32,5.3369
512,16,128,64,5.5990
512,16,128,128,6.1233
512,16,128,256,7.1719
512,16,128,512,9.2691
512,16,128,1024,13.4634
512,16,128,2048,21.8520
512,16,128,4096,38.6292
512,16,128,8192,72.1836
512,16,128,16384,139.2925
512,32,0,0,5.0676
512,32,1,16,5.0687
512,32,1,32,5.0697
512,32,1,64,5.0717
512,32,1,128,5.0758
512,32,1,256,5.0840
512,32,1,512,5.1004
512,32,1,1024,5.1332
512,32,1,2048,5.1987
512,32,1,4096,5.3298
512,32,1,8192,5.5919
512,32,1,16384,6.1162
512,32,2,16,5.0698
512,32,2,32,5.0718
512,32,2,64,5.0759
512,32,2,128,5.0841
512,32,2,256,5.1005
512,32,2,512,5.1332
512,32,2,1024,5.1988
512,32,2,2048,5.3299
512,32,2,4096,5.5920
512,32,2,8192,6.1163
512,32,2,16384,7.1649
512,32,4,16,5.0719
512,32,4,32,5.0760
512,32,4,64,5.0842
512,32,4,128,5.1006
512,32,4,256,5.1334
512,32,4,512,5.1989
512,32,4,1024,5.3300
512,32,4,2048,5.5921
512,32,4,4096,6.1164
512,32,4,8192,7.1650
512,32,4,16384,9.2621
512,32,8,16,5.0763
512,32,8,32,5.0845
512,32,8,64,5.1009
512,32,8,128,5.1336
512,32,8,256,5.1992
512,32,8,512,5.3302
512,32,8,1024,5.5924
512,32,8,2048,6.1167
512,32,8,4096,7.1652
512,32,8,8192,9.2624
512,32,8,16384,13.4567
512,32,16,16,5.0850
512,32,16,32,5.1014
512,32,16,64,5.1341
512,32,16,128,5.1997
512,32,16,256,5.3308
512,32,16,512,5.5929
512,32,16,1024,6.1172
512,32,16,2048,7.1658
512,32,16,4096,9.2629
512,32,16,8192,13.4572
512,32,16,16384,21.8458
512,32,32,16,5.1024
512,32,32,32,5.1352
512,32,32,64,5.2007
512,32,32,128,5.3318
512,32,32,256,5.5939
512,32,32,512,6.1182
512,32,32,1024,7.1668
512,32,32,2048,9.2639
512,32,32,4096,13.4582
512,32,32,8192,21.8468
512,32,32,16384,38.6241
512,32,64,16,5.1372
512,32,64,32,5.2028
512,32,64,64,5.3338
512,32,64,128,5.5960
512,32,64,256,6.1203
512,32,64,512,7.1688
512,32,64,1024,9.2660
512,32,64,2048,13.4603
512,32,64,4096,21.8489
512,32,64,8192,38.6261
512,32,64,16384,72.1805
512,32,128,16,5.2068
512,32,128,32,5.3379
512,32,128,64,5.6001
512,32,128,128,6.1244
512,32,128,256,7.1729
512,32,128,512,9.2701
512,32,128,1024,13.4644
512,32,128,2048,21.8530
512,32,128,4096,38.6302
512,32,128,8192,72.1846
512,32,128,16384,139.2935
512,64,0,0,5.0696
512,64,1,16,5.0707
512,64,1,32,5.0717
512,64,1,64,5.0738
512,64,1,128,5.0779
512,64,1,256,5.0861
512,64,1,512,5.1025
512,64,1,1024,5.1352
512,64,1,2048,5.2008
512,64,1,4096,5.3318
512,64,1,8192,5.5940
512,64,1,16384,6.1183
512,64,2,16,5.0718
512,64,2,32,5.0739
512,64,2,64,5.0780
512,64,2,128,5.0861
512,64,2,256,5.1025
512,64,2,512,5.1353
512,64,2,1024,5.2008
512,64,2,2048,5.3319
512,64,2,4096,5.5940
512,64,2,8192,6.1183
512,64,2,16384,7.1669
512,64,4,16,5.0740
512,64,4,32,5.0781
512,64,4,64,5.0863
512,64,4,128,5.1027
512,64,4,256,5.1354
512,64,4,512,5.2010
512,64,4,1024,5.3320
512,64,4,2048,5.5942
512,64,4,4096,6.1185
512,64,4,8192,7.1670
512,64,4,16384,9.2642
512,64,8,16,5.0783
512,64,8,32,5.0865
512,64,8,64,5.1029
512,64,8,128,5.1357
512,64,8,256,5.2012
512,64,8,512,5.3323
512,64,8,1024,5.5944
512,64,8,2048,6.1187
512,64,8,4096,7.1673
512,64,8,8192,9.2644
512,64,8,16384,13.4588
512,64,16,16,5.0870
512,64,16,32,5.1034
512,64,16,64,5.1362
512,64,16,128,5.2017
512,64,16,256,5.3328
512,64,16,512,5.5949
512,64,16,1024,6.1192
512,64,16,2048,7.1678
512,64,16,4096,9.2650
512,64,16,8192,13.4593
512,64,16,16384,21.8479
512,64,32,16,5.1044
512,64,32,32,5.1372
512,64,32,64,5.2028
512,64,32,128,5.3338
512,64,32,256,5.5960
512,64,32,512,6.1203
512,64,32,1024,7.1688
512,64,32,2048,9.2660
512,64,32,4096,13.4603
512,64,32,8192,21.8489
512,64,32,16384,38.6261
512,64,64,16,5.1393
512,64,64,32,5.2048
512,64,64,64,5.3359
512,64,64,128,5.5980
512,64,64,256,6.1223
512,64,64,512,7.1709
512,64,64,1024,9.2680
512,64,64,2048,13.4623
512,64,64,4096,21.8509
512,64,64,8192,38.6282
512,64,64,16384,72.1826
512,64,128,16,5.2089
512,64,128,32,5.3400
512,64,128,64,5.6021
512,64,128,128,6.1264
512,64,128,256,7.1750
512,64,128,512,9.2721
512,64,128,1024,13.4664
512,64,128,2048,21.8550
512,64,128,4096,38.6323
512,64,128,8192,72.1867
512,64,128,16384,139.2956
512,128,0,0,5.0737
512,128,1,16,5.0748
512,128,1,32,5.0758
512,128,1,64,5.0779
512,128,1,128,5.0820
512,128,1,256,5.0902
512,128,1,512,5.1066
512,128,1,1024,5.1393
512,128,1,2048,5.2049
512,128,1,4096,5.3359
512,128,1,8192,5.5981
512,128,1,16384,6.1224
512,128,2,16,5.0759
512,128,2,32,5.0780
512,128,2,64,5.0820
512,128,2,128,5.0902
512,128,2,256,5.1066
512,128,2,512,5.1394
512,128,2,1024,5.2049
512,128,2,2048,5.3360
512,128,2,4096,5.5981
512,128,2,8192,6.1224
512,128,2,16384,7.1710
512,128,4,16,5.0781
512,128,4,32,5.0822
512,128,4,64,5.0904
512,128,4,128,5.1068
512,128,4,256,5.1395
512,128,4,512,5.2051
512,128,4,1024,5.3361
512,128,4,2048,5.5983
512,128,4,4096,6.1226
512,128,4,8192,7.1711
512,128,4,16384,9.2683
512,128,8,16,5.0824
512,128,8,32,5.0906
512,128,8,64,5.1070
512,128,8,128,5.1398
512,128,8,256,5.2053
512,128,8,512,5.3364
512,128,8,1024,5.5985
512,128,8,2048,6.1228
512,128,8,4096,7.1714
512,128,8,8192,9.2685
512,128,8,16384,13.4628
512,128,16,16,5.0911
512,128,16,32,5.1075
512,128,16,64,5.1403
512,128,16,128,5.2058
512,128,16,256,5.3369
512,128,16,512,5.5990
512,128,16,1024,6.1233
512,128,16,2048,7.1719
512,128,16,4096,9.2691
512,128,16,8192,13.4634
512,128,16,16384,21.8520
512,128,32,16,5.1085
512,128,32,32,5.1413
512,128,32,64,5.2068
512,128,32,128,5.3379
512,128,32,256,5.6001
512,128,32,512,6.1244
512,128,32,1024,7.1729
512,128,32,2048,9.2701
512,128,32,4096,13.4644
512,128,32,8192,21.8530
512,128,32,16384,38.6302
512,128,64,16,5.1434
512,128,64,32,5.2089
512,128,64,64,5.3400
512,128,64,128,5.6021
512,128,64,256,6.1264
512,128,64,512,7.1750
512,128,64,1024,9.2721
512,128,64,2048,13.4664
512,128,64,4096,21.8550
512,128,64,8192,38.6323
512,128,64,16384,72.1867
512,128,128,16,5.2130
512,128,128,32,5.3441
512,128,128,64,5.6062
512,128,128,128,6.1305
512,128,128,256,7.1791
512,128,128,512,9.2762
512,128,128,1024,13.4705
512,128,128,2048,21.8591
512,128,128,4096,38.6364
512,128,128,8192,72.1908
512,128,128,16384,139.2996
512,256,0,0,5.0852
512,256,1,16,5.0852
512,256,1,32,5.0852
512,256,1,64,5.0861
512,256,1,128,5.0902
512,256,1,256,5.0984
512,256,1,512,5.1148
512,256,1,1024,5.1475
512,256,1,2048,5.2131
512,256,1,4096,5.3441
512,256,1,8192,5.6063
512,256,1,16384,6.1306
512,256,2,16,5.0852
512,256,2,32,5.0861
512,256,2,64,5.0902
512,256,2,128,5.0984
512,256,2,256,5.1148
512,256,2,512,5.1476
512,256,2,1024,5.2131
512,256,2,2048,5.3442
512,256,2,4096,5.6063
512,256,2,8192,6.1306
512,256,2,16384,7.1792
512,256,4,16,5.0863
512,256,4,32,5.0904
512,256,4,64,5.0986
512,256,4,128,5.1149
512,256,4,256,5.1477
512,256,4,512,5.2132
512,256,4,1024,5.3443
512,256,4,2048,5.6065
512,256,4,4096,6.1308
512,256,4,8192,7.1793
512,256,4,16384,9.2765
512,256,8,16,5.0906
512,256,8,32,5.0988
512,256,8,64,5.1152
512,256,8,128,5.1480
512,256,8,256,5.2135
512,256,8,512,5.3446
512,256,8,1024,5.6067
512,256,8,2048,6.1310
512,256,8,4096,7.1796
512,256,8,8192,9.2767
512,256,8,16384,13.4710
512,256,16,16,5.0993
512,256,16,32,5.1157
512,256,16,64,5.1485
512,256,16,128,5.2140
512,256,16,256,5.3451
512,256,16,512,5.6072
512,256,16,1024,6.1315
512,256,16,2048,7.1801
512,256,16,4096,9.2772
512,256,16,8192,13.4716
512,256,16,16384,21.8602
512,256,32,16,5.1167
512,256,32,32,5.1495
512,256,32,64,5.2150
512,256,32,128,5.3461
512,256,32,256,5.6083
512,256,32,512,6.1325
512,256,32,1024,7.1811
512,256,32,2048,9.2783
512,256,32,4096,13.4726
512,256,32,8192,21.8612
512,256,32,16384,38.6384
512,256,64,16,5.1516
512,256,64,32,5.2171
512,256,64,64,5.3482
512,256,64,128,5.6103
512,256,64,256,6.1346
512,256,64,512,7.1832
512,256,64,1024,9.2803
512,256,64,2048,13.4746
512,256,64,4096,21.8632
512,256,64,8192,38.6404
512,256,64,16384,72.1949
512,256,128,16,5.2212
512,256,128,32,5.3523
512,256,128,64,5.6144
512,256,128,128,6.1387
512,256,128,256,7.1873
512,256,128,512,9.2844
512,256,128,1024,13.4787
512,256,128,2048,21.8673
512,256,128,4096,38.6445
512,256,128,8192,72.1990
512,256,128,16384,139.3078
512,512,0,0,5.1278
512,512,1,16,5.1278
512,512,1,32,5.1278
512,512,1,64,5.1278
512,512,1,128,5.1279
512,512,1,256,5.1279
512,512,1,512,5.1311
512,512,1,1024,5.1639
512,512,1,2048,5.2294
512,512,1,4096,5.3605
512,512,1,8192,5.6227
512,512,1,16384,6.1469
512,512,2,16,5.1278
512,512,2,32,5.1278
512,512,2,64,5.1279
512,512,2,128,5.1279
512,512,2,256,5.1312
512,512,2,512,5.1640
512,512,2,1024,5.2295
512,512,2,2048,5.3606
512,512,2,4096,5.6227
512,512,2,8192,6.1470
512,512,2,16384,7.1956
512,512,4,16,5.1278
512,512,4,32,5.1279
512,512,4,64,5.1279
512,512,4,128,5.1313
512,512,4,256,5.1641
512,512,4,512,5.2296
512,512,4,1024,5.3607
512,512,4,2048,5.6228
512,512,4,4096,6.1471
512,512,4,8192,7.1957
512,512,4,16384,9.2929
512,512,8,16,5.1279
512,512,8,32,5.1279
512,512,8,64,5.1316
512,512,8,128,5.1644
512,512,8,256,5.2299
512,512,8,512,5.3610
512,512,8,1024,5.6231
512,512,8,2048,6.1474
512,512,8,4096,7.1960
512,512,8,8192,9.2931
512,512,8,16384,13.4874
512,512,16,16,5.1279
512,512,16,32,5.1321
512,512,16,64,5.1649
512,512,16,128,5.2304
512,512,16,256,5.3615
512,512,16,512,5.6236
512,512,16,1024,6.1479
512,512,16,2048,7.1965
512,512,16,4096,9.2936
512,512,16,8192,13.4879
512,512,16,16384,21.8765
512,512,32,16,5.1331
512,512,32,32,5.1659
512,512,32,64,5.2314
512,512,32,128,5.3625
512,512,32,256,5.6246
512,512,32,512,6.1489
512,512,32,1024,7.1975
512,512,32,2048,9.2947
512,512,32,4096,13.4890
512,512,32,8192,21.8776
512,512,32,16384,38.6548
512,512,64,16,5.1679
512,512,64,32,5.2335
512,512,64,64,5.3645
512,512,64,128,5.6267
512,512,64,256,6.1510
512,512,64,512,7.1996
512,512,64,1024,9.2967
512,512,64,2048,13.4910
512,512,64,4096,21.8796
512,512,64,8192,38.6568
512,512,64,16384,72.2113
512,512,128,16,5.2376
512,512,128,32,5.3686
512,512,128,64,5.6308
512,512,128,128,6.1551
512,512,128,256,7.2036
512,512,128,512,9.3008
512,512,128,1024,13.4951
512,512,128,2048,21.8837
512,512,128,4096,38.6609
512,512,128,8192,72.2154
512,512,128,16384,139.3242
512,1024,0,0,5.2130
512,1024,1,16,5.2130
512,1024,1,32,5.2131
512,1024,1,64,5.2131
512,1024,1,128,5.2131
512,1024,1,256,5.2131
512,1024,1,512,5.2132
512,1024,1,1024,5.2134
512,1024,1,2048,5.2622
512,1024,1,4096,5.3933
512,1024,1,8192,5.6554
512,1024,1,16384,6.1797
512,1024,2,16,5.2131
512,1024,2,32,5.2131
512,1024,2,64,5.2131
512,1024,2,128,5.2131
512,1024,2,256,5.2132
512,1024,2,512,5.2134
512,1024,2,1024,5.2623
512,1024,2,2048,5.3933
512,1024,2,4096,5.6555
512,1024,2,8192,6.1798
512,1024,2,16384,7.2284
512,1024,4,16,5.2131
512,1024,4,32,5.2131
512,1024,4,64,5.2131
512,1024,4,128,5.2132
512,1024,4,256,5.2134
512,1024,4,512,5.2624
512,1024,4,1024,5.3935
512,1024,4,2048,5.6556
512,1024,4,4096,6.1799
512,1024,4,8192,7.2285
512,1024,4,16384,9.3256
512,1024,8,16,5.2131
512,1024,8,32,5.2131
512,1024,8,64,5.2132
512,1024,8,128,5.2134
512,1024,8,256,5.2627
512,1024,8,512,5.3937
512,1024,8,1024,5.6559
512,1024,8,2048,6.1802
512,1024,8,4096,7.2287
512,1024,8,8192,9.3259
512,1024,8,16384,13.5202
512,1024,16,16,5.2131
512,1024,16,32,5.2132
512,1024,16,64,5.2134
512,1024,16,128,5.2632
512,1024,16,256,5.3942
512,1024,16,512,5.6564
512,1024,16,1024,6.1807
512,1024,16,2048,7.2292
512,1024,16,4096,9.3264
512,1024,16,8192,13.5207
512,1024,16,16384,21.9093
512,1024,32,16,5.2132
512,1024,32,32,5.2134
512,1024,32,64,5.2642
512,1024,32,128,5.3953
512,1024,32,256,5.6574
512,1024,32,512,6.1817
512,1024,32,1024,7.2303
512,1024,32,2048,9.3274
512,1024,32,4096,13.5217
512,1024,32,8192,21.9103
512,1024,32,16384,38.6876
512,1024,64,16,5.2134
512,1024,64,32,5.2662
512,1024,64,64,5.3973
512,1024,64,128,5.6595
512,1024,64,256,6.1837
512,1024,64,512,7.2323
512,1024,64,1024,9.3295
512,1024,64,2048,13.5238
512,1024,64,4096,21.9124
512,1024,64,8192,38.6896
512,1024,64,16384,72.2440
512,1024,128,16,5.2703
512,1024,128,32,5.4014
512,1024,128,64,5.6636
512,1024,128,128,6.1878
512,1024,128,256,7.2364
512,1024,128,512,9.3336
512,1024,128,1024,13.5279
512,1024,128,2048,21.9165
512,1024,128,4096,38.6937
512,1024,128,8192,72.2481
512,1024,128,16384,139.3570
512,2048,0,0,5.3835
512,2048,1,16,5.3835
512,2048,1,32,5.3835
512,2048,1,64,5.3835
512,2048,1,128,5.3835
512,2048,1,256,5.3836
512,2048,1,512,5.3836
512,2048,1,1024,5.3838
512,2048,1,2048,5.3841
512,2048,1,4096,5.4588
512,2048,1,8192,5.7210
512,2048,1,16384,6.2452
512,2048,2,16,5.3835
512,2048,2,32,5.3835
512,2048,2,64,5.3835
512,2048,2,128,5.3836
512,2048,2,256,5.3836
512,2048,2,512,5.3838
512,2048,2,1024,5.3841
512,2048,2,2048,5.4589
512,2048,2,4096,5.7210
512,2048,2,8192,6.2453
512,2048,2,16384,7.2939
512,2048,4,16,5.3835
512,2048,4,32,5.3835
512,2048,4,64,5.3836
512,2048,4,128,5.3836
512,2048,4,256,5.3838
512,2048,4,512,5.3841
512,2048,4,1024,5.4590
512,2048,4,2048,5.7212
512,2048,4,4096,6.2454
512,2048,4,8192,7.2940
512,2048,4,16384,9.3912
512,2048,8,16,5.3835
512,2048,8,32,5.3836
512,2048,8,64,5.3836
512,2048,8,128,5.3838
512,2048,8,256,5.3841
512,2048,8,512,5.4593
512,2048,8,1024,5.7214
512,2048,8,2048,6.2457
512,2048,8,4096,7.2943
512,2048,8,8192,9.3914
512,2048,8,16384,13.5857
512,2048,16,16,5.3836
512,2048,16,32,5.3836
512,2048,16,64,5.3838
512,2048,16,128,5.3841
512,2048,16,256,5.4598
512,2048,16,512,5.7219
512,2048,16,1024,6.2462
512,2048,16,2048,7.2948
512,2048,16,4096,9.3919
512,2048,16,8192,13.5862
512,2048,16,16384,21.9748
512,2048,32,16,5.3836
512,2048,32,32,5.3838
512,2048,32,64,5.3841
512,2048,32,128,5.4608
512,2048,32,256,5.7229
512,2048,32,512,6.2472
512,2048,32,1024,7.2958
512,2048,32,2048,9.3930
512,2048,32,4096,13.5873
512,2048,32,8192,21.9759
512,2048,32,16384,38.7531
512,2048,64,16,5.3838
512,2048,64,32,5.3841
512,2048,64,64,5.4628
512,2048,64,128,5.7250
512,2048,64,256,6.2493
512,2048,64,512,7.2979
512,2048,64,1024,9.3950
512,2048,64,2048,13.5893
512,2048,64,4096,21.9779
512,2048,64,8192,38.7551
512,2048,64,16384,72.3096
512,2048,128,16,5.3841
512,2048,128,32,5.4669
512,2048,128,64,5.7291
512,2048,128,128,6.2534
512,2048,128,256,7.3020
512,2048,128,512,9.3991
512,2048,128,1024,13.5934
512,2048,128,2048,21.9820
512,2048,128,4096,38.7592
512,2048,128,8192,72.3137
512,2048,128,16384,139.4225
512,4096,0,0,5.7243
512,4096,1,16,5.7244
512,4096,1,32,5.7244
512,4096,1,64,5.7244
512,4096,1,128,5.7244
512,4096,1,256,5.7244
512,4096,1,512,5.7245
512,4096,1,1024,5.7247
512,4096,1,2048,5.7250
512,4096,1,4096,5.7257
512,4096,1,8192,5.8520
512,4096,1,16384,6.3763
512,4096,2,16,5.7244
512,4096,2,32,5.7244
512,4096,2,64,5.7244
512,4096,2,128,5.7244
512,4096,2,256,5.7245
512,4096,2,512,5.7247
512,4096,2,1024,5.7250
512,4096,2,2048,5.7257
512,4096,2,4096,5.8521
512,4096,2,8192,6.3764
512,4096,2,16384,7.4250
512,4096,4,16,5.7244
512,4096,4,32,5.7244
512,4096,4,64,5.7244
512,4096,4,128,5.7245
512,4096,4,256,5.7247
512,4096,4,512,5.7250
512,4096,4,1024,5.7257
512,4096,4,2048,5.8522
512,4096,4,4096,6.3765
512,4096,4,8192,7.4251
512,4096,4,16384,9.5222
512,4096,8,16,5.7244
512,4096,8,32,5.7244
512,4096,8,64,5.7245
512,4096,8,128,5.7247
512,4096,8,256,5.7250
512,4096,8,512,5.7257
512,4096,8,1024,5.8525
512,4096,8,2048,6.3768
512,4096,8,4096,7.4253
512,4096,8,8192,9.5225
512,4096,8,16384,13.7168
512,4096,16,16,5.7244
512,4096,16,32,5.7245
512,4096,16,64,5.7247
512,4096,16,128,5.7250
512,4096,16,256,5.7257
512,4096,16,512,5.8530
512,4096,16,1024,6.3773
512,4096,16,2048,7.4259
512,4096,16,4096,9.5230
512,4096,16,8192,13.7173
512,4096,16,16384,22.1059
512,4096,32,16,5.7245
512,4096,32,32,5.7247
512,4096,32,64,5.7250
512,4096,32,128,5.7257
512,4096,32,256,5.8540
512,4096,32,512,6.3783
512,4096,32,1024,7.4269
512,4096,32,2048,9.5240
512,4096,32,4096,13.7183
512,4096,32,8192,22.1069
512,4096,32,16384,38.8842
512,4096,64,16,5.7247
512,4096,64,32,5.7250
512,4096,64,64,5.7257
512,4096,64,128,5.8561
512,4096,64,256,6.3804
512,4096,64,512,7.4289
512,4096,64,1024,9.5261
512,4096,64,2048,13.7204
512,4096,64,4096,22.1090
512,4096,64,8192,38.8862
512,4096,64,16384,72.4406
512,4096,128,16,5.7250
512,4096,128,32,5.7257
512,4096,128,64,5.8602
512,4096,128,128,6.3844
512,4096,128,256,7.4330
512,4096,128,512,9.5302
512,4096,128,1024,13.7245
512,4096,128,2048,22.1131
512,4096,128,4096,38.8903
512,4096,128,8192,72.4447
512,4096,128,16384,139.5536
512,8192,0,0,6.4061
512,8192,1,16,6.4061
512,8192,1,32,6.4061
512,8192,1,64,6.4061
512,8192,1,128,6.4061
512,8192,1,256,6.4062
512,8192,1,512,6.4063
512,8192,1,1024,6.4064
512,8192,1,2048,6.4068
512,8192,1,4096,6.4074
512,8192,1,8192,6.4088
512,8192,1,16384,6.6385
512,8192,2,16,6.4061
512,8192,2,32,6.4061
512,8192,2,64,6.4061
512,8192,2,128,6.4062
512,8192,2,256,6.4063
512,8192,2,512,6.4064
512,8192,2,1024,6.4068
512,8192,2,2048,6.4074
512,8192,2,4096,6.4088
512,8192,2,8192,6.6385
512,8192,2,16384,7.6871
512,8192,4,16,6.4061
512,8192,4,32,6.4061
512,8192,4,64,6.4062
512,8192,4,128,6.4063
512,8192,4,256,6.4064
512,8192,4,512,6.4068
512,8192,4,1024,6.4074
512,8192,4,2048,6.4088
512,8192,4,4096,6.6387
512,8192,4,8192,7.6872
512,8192,4,16384,9.7844
512,8192,8,16,6.4061
512,8192,8,32,6.4062
512,8192,8,64,6.4063
512,8192,8,128,6.4064
512,8192,8,256,6.4068
512,8192,8,512,6.4074
512,8192,8,1024,6.4088
512,8192,8,2048,6.6389
512,8192,8,4096,7.6875
512,8192,8,8192,9.7846
512,8192,8,16384,13.9789
512,8192,16,16,6.4062
512,8192,16,32,6.4063
512,8192,16,64,6.4064
512,8192,16,128,6.4068
512,8192,16,256,6.4074
512,8192,16,512,6.4088
512,8192,16,1024,6.6394
512,8192,16,2048,7.6880
512,8192,16,4096,9.7852
512,8192,16,8192,13.9795
512,8192,16,16384,22.3681
512,8192,32,16,6.4063
512,8192,32,32,6.4064
512,8192,32,64,6.4068
512,8192,32,128,6.4074
512,8192,32,256,6.4088
512,8192,32,512,6.6404
512,8192,32,1024,7.6890
512,8192,32,2048,9.7862
512,8192,32,4096,13.9805
512,8192,32,8192,22.3691
512,8192,32,16384,39.1463
512,8192,64,16,6.4064
512,8192,64,32,6.4068
512,8192,64,64,6.4074
512,8192,64,128,6.4088
512,8192,64,256,6.6425
512,8192,64,512,7.6911
512,8192,64,1024,9.7882
512,8192,64,2048,13.9825
512,8192,64,4096,22.3711
512,8192,64,8192,39.1484
512,8192,64,16384,72.7028
512,8192,128,16,6.4068
512,8192,128,32,6.4074
512,8192,128,64,6.4088
512,8192,128,128,6.6466
512,8192,128,256,7.6952
512,8192,128,512,9.7923
512,8192,128,1024,13.9866
512,8192,128,2048,22.3752
512,8192,128,4096,39.1524
512,8192,128,8192,72.7069
512,8192,128,16384,139.8157
512,16384,0,0,7.7696
512,16384,1,16,7.7696
512,16384,1,32,7.7696
512,16384,1,64,7.7696
512,16384,1,128,7.7696
512,16384,1,256,7.7697
512,16384,1,512,7.7697
512,16384,1,1024,7.7699
512,16384,1,2048,7.7702
512,16384,1,4096,7.7709
512,16384,1,8192,7.7722
512,16384,1,16384,7.7749
512,16384,2,16,7.7696
512,16384,2,32,7.7696
512,16384,2,64,7.7696
512,16384,2,128,7.7697
512,16384,2,256,7.7697
512,16384,2,512,7.7699
512,16384,2,1024,7.7702
512,16384,2,2048,7.7709
512,16384,2,4096,7.7722
512,16384,2,8192,7.7749
512,16384,2,16384,8.2114
512,16384,4,16,7.7696
512,16384,4,32,7.7696
512,16384,4,64,7.7697
512,16384,4,128,7.7697
512,16384,4,256,7.7699
512,16384,4,512,7.7702
512,16384,4,1024,7.7709
512,16384,4,2048,7.7722
512,16384,4,4096,7.7749
512,16384,4,8192,8.2115
512,16384,4,16384,10.3087
512,16384,8,16,7.7696
512,16384,8,32,7.7697
512,16384,8,64,7.7697
512,16384,8,128,7.7699
512,16384,8,256,7.7702
512,16384,8,512,7.7709
512,16384,8,1024,7.7722
512,16384,8,2048,7.7749
512,16384,8,4096,8.2118
512,16384,8,8192,10.3089
512,16384,8,16384,14.5032
512,16384,16,16,7.7697
512,16384,16,32,7.7697
512,16384,16,64,7.7699
512,16384,16,128,7.7702
512,16384,16,256,7.7709
512,16384,16,512,7.7722
512,16384,16,1024,7.7749
512,16384,16,2048,8.2123
512,16384,16,4096,10.3094
512,16384,16,8192,14.5037
512,16384,16,16384,22.8924
512,16384,32,16,7.7697
512,16384,32,32,7.7699
512,16384,32,64,7.7702
512,16384,32,128,7.7709
512,16384,32,256,7.7722
512,16384,32,512,7.7749
512,16384,32,1024,8.2133
512,16384,32,2048,10.3105
512,16384,32,4096,14.5048
512,16384,32,8192,22.8934
512,16384,32,16384,39.6706
512,16384,64,16,7.7699
512,16384,64,32,7.7702
512,16384,64,64,7.7709
512,16384,64,128,7.7722
512,16384,64,256,7.7749
512,16384,64,512,8.2154
512,16384,64,1024,10.3125
512,16384,64,2048,14.5068
512,16384,64,4096,22.8954
512,16384,64,8192,39.6726
512,16384,64,16384,73.2271
512,16384,128,16,7.7702
512,16384,128,32,7.7709
512,16384,128,64,7.7722
512,16384,128,128,7.7749
512,16384,128,256,8.2195
512,16384,128,512,10.3166
512,16384,128,1024,14.5109
512,16384,128,2048,22.8995
512,16384,128,4096,39.6767
512,16384,128,8192,73.2312
512,16384,128,16384,140.3400
615,0,0,0,5.0787
615,0,1,512,5.1116
615,0,1,768,5.1279
615,0,1,1152,5.1525
615,0,1,1728,5.1894
615,0,1,2592,5.2447
615,0,1,3888,5.3276
615,0,1,5832,5.4520
615,0,1,8748,5.6387
615,0,1,13122,5.9186
615,0,1,16384,6.1274
615,0,2,512,5.1444
615,0,2,768,5.1772
615,0,2,1152,5.2263
615,0,2,1728,5.3000
615,0,2,2592,5.4106
615,0,2,3888,5.5765
615,0,2,5832,5.8253
615,0,2,8748,6.1986
615,0,2,13122,6.7585
615,0,2,16384,7.1760
615,0,4,512,5.2100
615,0,4,768,5.2756
615,0,4,1152,5.3739
615,0,4,1728,5.5213
615,0,4,2592,5.7425
615,0,4,3888,6.0743
615,0,4,5832,6.5720
615,0,4,8748,7.3185
615,0,4,13122,8.4382
615,0,4,16384,9.2733
615,0,8,512,5.3414
615,0,8,768,5.4724
615,0,8,1152,5.6691
615,0,8,1728,5.9640
615,0,8,2592,6.4063
615,0,8,3888,7.0699
615,0,8,5832,8.0652
615,0,8,8748,9.5582
615,0,8,13122,11.7977
615,0,8,16384,13.4678
615,0,16,512,5.6040
615,0,16,768,5.8662
615,0,16,1152,6.2594
615,0,16,1728,6.8492
615,0,16,2592,7.7340
615,0,16,3888,9.0611
615,0,16,5832,11.0517
615,0,16,8748,14.0377
615,0,16,13122,18.5167
615,0,16,16384,21.8570
615,0,32,512,6.1293
615,0,32,768,6.6536
615,0,32,1152,7.4401
615,0,32,1728,8.6197
615,0,32,2592,10.3892
615,0,32,3888,13.0434
615,0,32,5832,17.0247
615,0,32,8748,22.9967
615,0,32,13122,31.9546
615,0,32,16384,38.6352
615,0,64,512,7.1800
615,0,64,768,8.2285
615,0,64,1152,9.8014
615,0,64,1728,12.1607
615,0,64,2592,15.6996
615,0,64,3888,21.0081
615,0,64,5832,28.9707
615,0,64,8748,40.9146
615,0,64,13122,58.8305
615,0,64,16384,72.1917
615,0,128,512,9.2812
615,0,128,768,11.3784
615,0,128,1152,14.5241
615,0,128,1728,19.2427
615,0,128,2592,26.3206
615,0,128,3888,36.9374
615,0,128,5832,52.8627
615,0,128,8748,76.7505
615,0,128,13122,112.5823
615,0,128,16384,139.3046
615,512,0,0,5.1638
615,512,1,512,5.1640
615,512,1,768,5.1641
615,512,1,1152,5.1853
615,512,1,1728,5.2221
615,512,1,2592,5.2774
615,512,1,3888,5.3604
615,512,1,5832,5.4848
615,512,1,8748,5.6714
615,512,1,13122,5.9514
615,512,1,16384,6.1601
615,512,2,512,5.1772
615,512,2,768,5.2099
615,512,2,1152,5.2591
615,512,2,1728,5.3328
615,512,2,2592,5.4434
615,512,2,3888,5.6093
615,512,2,5832,5.8581
615,512,2,8748,6.2314
615,512,2,13122,6.7912
615,512,2,16384,7.2088
615,512,4,512,5.2428
615,512,4,768,5.3084
615,512,4,1152,5.4067
615,512,4,1728,5.5541
615,512,4,2592,5.7753
615,512,4,3888,6.1071
615,512,4,5832,6.6047
615,512,4,8748,7.3512
615,512,4,13122,8.4710
615,512,4,16384,9.3060
615,512,8,512,5.3741
615,512,8,768,5.5052
615,512,8,1152,5.7018
615,512,8,1728,5.9967
615,512,8,2592,6.4391
615,512,8,3888,7.1027
615,512,8,5832,8.0980
615,512,8,8748,9.5910
615,512,8,13122,11.8305
615,512,8,16384,13.5006
615,512,16,512,5.6368
615,512,16,768,5.8989
615,512,16,1152,6.2922
615,512,16,1728,6.8820
615,512,16,2592,7.7667
615,512,16,3888,9.0938
615,512,16,5832,11.0845
615,512,16,8748,14.0705
615,512,16,13122,18.5494
615,512,16,16384,21.8897
615,512,32,512,6.1621
615,512,32,768,6.6864
615,512,32,1152,7.4728
615,512,32,1728,8.6525
615,512,32,2592,10.4220
615,512,32,3888,13.0762
615,512,32,5832,17.0575
615,512,32,8748,23.0294
615,512,32,13122,31.9874
615,512,32,16384,38.6680
615,512,64,512,7.2127
615,512,64,768,8.2613
615,512,64,1152,9.8342
615,512,64,1728,12.1935
615,512,64,2592,15.7324
615,512,64,3888,21.0408
615,512,64,5832,29.0035
615,512,64,8748,40.9474
615,512,64,13122,58.8633
615,512,64,16384,72.2244
615,512,128,512,9.3140
615,512,128,768,11.4111
615,512,128,1152,14.5569
615,512,128,1728,19.2755
615,512,128,2592,26.3533
615,512,128,3888,36.9702
615,512,128,5832,52.8954
615,512,128,8748,76.7833
615,512,128,13122,112.6151
615,512,128,16384,139.3374
615,768,0,0,5.2150
615,768,1,512,5.2152
615,768,1,768,5.2153
615,768,1,1152,5.2154
615,768,1,1728,5.2385
615,768,1,2592,5.2938
615,768,1,3888,5.3768
615,768,1,5832,5.5012
615,768,1,8748,5.6878
615,768,1,13122,5.9677
615,768,1,16384,6.1765
615,768,2,512,5.2154
615,768,2,768,5.2263
615,768,2,1152,5.2755
615,768,2,1728,5.3492
615,768,2,2592,5.4598
615,768,2,3888,5.6257
615,768,2,5832,5.8745
615,768,2,8748,6.2477
615,768,2,13122,6.8076
615,768,2,16384,7.2252
615,768,4,512,5.2592
615,768,4,768,5.3247
615,768,4,1152,5.4230
615,768,4,1728,5.5705
615,768,4,2592,5.7917
615,768,4,3888,6.1235
615,768,4,5832,6.6211
615,768,4,8748,7.3676
615,768,4,13122,8.4874
615,768,4,16384,9.3224
615,768,8,512,5.3905
615,768,8,768,5.5216
615,768,8,1152,5.7182
615,768,8,1728,6.0131
615,768,8,2592,6.4555
615,768,8,3888,7.1190
615,768,8,5832,8.1144
615,768,8,8748,9.6074
615,768,8,13122,11.8468
615,768,8,16384,13.5170
615,768,16,512,5.6532
615,768,16,768,5.9153
615,768,16,1152,6.3085
615,768,16,1728,6.8984
615,768,16,2592,7.7831
615,768,16,3888,9.1102
615,768,16,5832,11.1009
615,768,16,8748,14.0868
615,768,16,13122,18.5658
615,768,16,16384,21.9061
615,768,32,512,6.1785
615,768,32,768,6.7028
615,768,32,1152,7.4892
615,768,32,1728,8.6689
615,768,32,2592,10.4383
615,768,32,3888,13.0925
615,768,32,5832,17.0739
615,768,32,8748,23.0458
615,768,32,13122,32.0038
615,768,32,16384,38.6844
615,768,64,512,7.2291
615,768,64,768,8.2777
615,768,64,1152,9.8506
615,768,64,1728,12.2099
615,768,64,2592,15.7488
615,768,64,3888,21.0572
615,768,64,5832,29.0198
615,768,64,8748,40.9638
615,768,64,13122,58.8797
615,768,64,16384,72.2408
615,768,128,512,9.3304
615,768,128,768,11.4275
615,768,128,1152,14.5732
615,768,128,1728,19.2918
615,768,128,2592,26.3697
615,768,128,3888,36.9866
615,768,128,5832,52.9118
615,768,128,8748,76.7997
615,768,128,13122,112.6315
615,768,128,16384,139.3538
615,1152,0,0,5.2918
615,1152,1,512,5.2920
615,1152,1,768,5.2920
615,1152,1,1152,5.2922
615,1152,1,1728,5.2924
615,1152,1,2592,5.3184
615,1152,1,3888,5.4013
615,1152,1,5832,5.5258
615,1152,1,8748,5.7124
615,1152,1,13122,5.9923
615,1152,1,16384,6.2011
615,1152,2,512,5.2921
615,1152,2,768,5.2923
615,1152,2,1152,5.3000
615,1152,2,1728,5.3738
615,1152,2,2592,5.4844
615,1152,2,3888,5.6502
615,1152,2,5832,5.8991
615,1152,2,8748,6.2723
615,1152,2,13122,6.8322
615,1152,2,16384,7.2497
615,1152,4,512,5.2925
615,1152,4,768,5.3493
615,1152,4,1152,5.4476
615,1152,4,1728,5.5951
615,1152,4,2592,5.8163
615,1152,4,3888,6.1480
615,1152,4,5832,6.6457
615,1152,4,8748,7.3922
615,1152,4,13122,8.5119
615,1152,4,16384,9.3470
615,1152,8,512,5.4151
615,1152,8,768,5.5462
615,1152,8,1152,5.7428
615,1152,8,1728,6.0377
615,1152,8,2592,6.4801
615,1152,8,3888,7.1436
615,1152,8,5832,8.1389
615,1152,8,8748,9.6319
615,1152,8,13122,11.8714
615,1152,8,16384,13.5416
615,1152,16,512,5.6778
615,1152,16,768,5.9399
615,1152,16,1152,6.3331
615,1152,16,1728,6.9229
615,1152,16,2592,7.8077
615,1152,16,3888,9.1348
615,1152,16,5832,11.1254
615,1152,16,8748,14.1114
615,1152,16,13122,18.5904
615,1152,16,16384,21.9307
615,1152,32,512,6.2031
615,1152,32,768,6.7274
615,1152,32,1152,7.5138
615,1152,32,1728,8.6934
615,1152,32,2592,10.4629
615,1152,32,3888,13.1171
615,1152,32,5832,17.0984
615,1152,32,8748,23.0704
615,1152,32,13122,32.0284
615,1152,32,16384,38.7089
615,1152,64,512,7.2537
615,1152,64,768,8.3023
615,1152,64,1152,9.8751
615,1152,64,1728,12.2344
615,1152,64,2592,15.7734
615,1152,64,3888,21.0818
615,1152,64,5832,29.0444
615,1152,64,8748,40.9884
615,1152,64,13122,58.9043
615,1152,64,16384,72.2654
615,1152,128,512,9.3549
615,1152,128,768,11.4521
615,1152,128,1152,14.5978
615,1152,128,1728,19.3164
615,1152,128,2592,26.3943
615,1152,128,3888,37.0111
615,1152,128,5832,52.9364
615,1152,128,8748,76.8243
615,1152,128,13122,112.6561
615,1152,128,16384,139.3784
615,1728,0,0,5.4069
615,1728,1,512,5.4071
615,1728,1,768,5.4072
615,1728,1,1152,5.4073
615,1728,1,1728,5.4075
615,1728,1,2592,5.4078
615,1728,1,3888,5.4382
615,1728,1,5832,5.5626
615,1728,1,8748,5.7492
615,1728,1,13122,6.0292
615,1728,1,16384,6.2380
615,1728,2,512,5.4073
615,1728,2,768,5.4074
615,1728,2,1152,5.4077
615,1728,2,1728,5.4106
615,1728,2,2592,5.5212
615,1728,2,3888,5.6871
615,1728,2,5832,5.9359
615,1728,2,8748,6.3092
615,1728,2,13122,6.8691
615,1728,2,16384,7.2866
615,1728,4,512,5.4076
615,1728,4,768,5.4079
615,1728,4,1152,5.4845
615,1728,4,1728,5.6319
615,1728,4,2592,5.8531
615,1728,4,3888,6.1849
615,1728,4,5832,6.6826
615,1728,4,8748,7.4291
615,1728,4,13122,8.5488
615,1728,4,16384,9.3839
615,1728,8,512,5.4520
615,1728,8,768,5.5830
615,1728,8,1152,5.7796
615,1728,8,1728,6.0746
615,1728,8,2592,6.5169
615,1728,8,3888,7.1805
615,1728,8,5832,8.1758
615,1728,8,8748,9.6688
615,1728,8,13122,11.9083
615,1728,8,16384,13.5784
615,1728,16,512,5.7146
615,1728,16,768,5.9768
615,1728,16,1152,6.3700
615,1728,16,1728,6.9598
615,1728,16,2592,7.8445
615,1728,16,3888,9.1716
615,1728,16,5832,11.1623
615,1728,16,8748,14.1483
615,1728,16,13122,18.6273
615,1728,16,16384,21.9676
615,1728,32,512,6.2399
615,1728,32,768,6.7642
615,1728,32,1152,7.5507
615,1728,32,1728,8.7303
615,1728,32,2592,10.4998
615,1728,32,3888,13.1540
615,1728,32,5832,17.1353
615,1728,32,8748,23.1073
615,1728,32,13122,32.0652
615,1728,32,16384,38.7458
615,1728,64,512,7.2906
615,1728,64,768,8.3391
615,1728,64,1152,9.9120
615,1728,64,1728,12.2713
615,1728,64,2592,15.8102
615,1728,64,3888,21.1187
615,1728,64,5832,29.0813
615,1728,64,8748,41.0252
615,1728,64,13122,58.9411
615,1728,64,16384,72.3023
615,1728,128,512,9.3918
615,1728,128,768,11.4890
615,1728,128,1152,14.6347
615,1728,128,1728,19.3533
615,1728,128,2592,26.4312
615,1728,128,3888,37.0480
615,1728,128,5832,52.9732
615,1728,128,8748,76.8611
615,1728,128,13122,112.6929
615,1728,128,16384,139.4152
615,2592,0,0,5.5797
615,2592,1,512,5.5798
615,2592,1,768,5.5799
615,2592,1,1152,5.5801
615,2592,1,1728,5.5802
615,2592,1,2592,5.5805
615,2592,1,3888,5.5809
615,2592,1,5832,5.6179
615,2592,1,8748,5.8045
615,2592,1,13122,6.0845
615,2592,1,16384,6.2932
615,2592,2,512,5.5800
615,2592,2,768,5.5802
615,2592,2,1152,5.5804
615,2592,2,1728,5.5808
615,2592,2,2592,5.5814
615,2592,2,3888,5.7424
615,2592,2,5832,5.9912
615,2592,2,8748,6.3645
615,2592,2,13122,6.9244
615,2592,2,16384,7.3419
615,2592,4,512,5.5803
615,2592,4,768,5.5807
615,2592,4,1152,5.5812
615,2592,4,1728,5.6872
615,2592,4,2592,5.9084
615,2592,4,3888,6.2402
615,2592,4,5832,6.7379
615,2592,4,8748,7.4844
615,2592,4,13122,8.6041
615,2592,4,16384,9.4392
615,2592,8,512,5.5810
615,2592,8,768,5.6383
615,2592,8,1152,5.8349
615,2592,8,1728,6.1299
615,2592,8,2592,6.5722
615,2592,8,3888,7.2358
615,2592,8,5832,8.2311
615,2592,8,8748,9.7241
615,2592,8,13122,11.9636
615,2592,8,16384,13.6337
615,2592,16,512,5.7699
615,2592,16,768,6.0321
615,2592,16,1152,6.4253
615,2592,16,1728,7.0151
615,2592,16,2592,7.8998
615,2592,16,3888,9.2269
615,2592,16,5832,11.2176
615,2592,16,8748,14.2036
615,2592,16,13122,18.6826
615,2592,16,16384,22.0228
615,2592,32,512,6.2952
615,2592,32,768,6.8195
615,2592,32,1152,7.6060
615,2592,32,1728,8.7856
615,2592,32,2592,10.5551
615,2592,32,3888,13.2093
615,2592,32,5832,17.1906
615,2592,32,8748,23.1626
615,2592,32,13122,32.1205
615,2592,32,16384,38.8011
615,2592,64,512,7.3459
615,2592,64,768,8.3944
615,2592,64,1152,9.9673
615,2592,64,1728,12.3266
615,2592,64,2592,15.8655
615,2592,64,3888,21.1740
615,2592,64,5832,29.1366
615,2592,64,8748,41.0805
615,2592,64,13122,58.9964
615,2592,64,16384,72.3576
615,2592,128,512,9.4471
615,2592,128,768,11.5443
615,2592,128,1152,14.6900
615,2592,128,1728,19.4086
615,2592,128,2592,26.4865
615,2592,128,3888,37.1033
615,2592,128,5832,53.0285
615,2592,128,8748,76.9164
615,2592,128,13122,112.7482
615,2592,128,16384,139.4705
615,3888,0,0,5.8388
615,3888,1,512,5.8389
615,3888,1,768,5.8390
615,3888,1,1152,5.8392
615,3888,1,1728,5.8393
615,3888,1,2592,5.8396
615,3888,1,3888,5.8400
615,3888,1,5832,5.8407
615,3888,1,8748,5.8875
615,3888,1,13122,6.1674
615,3888,1,16384,6.3762
615,3888,2,512,5.8391
615,3888,2,768,5.8393
615,3888,2,1152,5.8395
615,3888,2,1728,5.8399
615,3888,2,2592,5.8405
615,3888,2,3888,5.8413
615,3888,2,5832,6.0742
615,3888,2,8748,6.4474
615,3888,2,13122,7.0073
615,3888,2,16384,7.4248
615,3888,4,512,5.8394
615,3888,4,768,5.8398
615,3888,4,1152,5.8403
615,3888,4,1728,5.8410
615,3888,4,2592,5.9914
615,3888,4,3888,6.3231
615,3888,4,5832,6.8208
615,3888,4,8748,7.5673
615,3888,4,13122,8.6870
615,3888,4,16384,9.5221
615,3888,8,512,5.8401
615,3888,8,768,5.8408
615,3888,8,1152,5.9179
615,3888,8,1728,6.2128
615,3888,8,2592,6.6552
615,3888,8,3888,7.3187
615,3888,8,5832,8.3140
615,3888,8,8748,9.8070
615,3888,8,13122,12.0465
615,3888,8,16384,13.7167
615,3888,16,512,5.8529
615,3888,16,768,6.1150
615,3888,16,1152,6.5082
615,3888,16,1728,7.0980
615,3888,16,2592,7.9828
615,3888,16,3888,9.3099
615,3888,16,5832,11.3005
615,3888,16,8748,14.2865
615,3888,16,13122,18.7655
615,3888,16,16384,22.1058
615,3888,32,512,6.3782
615,3888,32,768,6.9025
615,3888,32,1152,7.6889
615,3888,32,1728,8.8685
615,3888,32,2592,10.6380
615,3888,32,3888,13.2922
615,3888,32,5832,17.2735
615,3888,32,8748,23.2455
615,3888,32,13122,32.2035
615,3888,32,16384,38.8840
615,3888,64,512,7.4288
615,3888,64,768,8.4774
615,3888,64,1152,10.0502
615,3888,64,1728,12.4095
615,3888,64,2592,15.9485
615,3888,64,3888,21.2569
615,3888,64,5832,29.2195
615,3888,64,8748,41.1635
615,3888,64,13122,59.0794
615,3888,64,16384,72.4405
615,3888,128,512,9.5300
615,3888,128,768,11.6272
615,3888,128,1152,14.7729
615,3888,128,1728,19.4915
615,3888,128,2592,26.5694
615,3888,128,3888,37.1862
615,3888,128,5832,53.1115
615,3888,128,8748,76.9994
615,3888,128,13122,112.8312
615,3888,128,16384,139.5535
615,5832,0,0,6.2274
615,5832,1,512,6.2276
615,5832,1,768,6.2277
615,5832,1,1152,6.2278
615,5832,1,1728,6.2280
615,5832,1,2592,6.2283
615,5832,1,3888,6.2287
615,5832,1,5832,6.2293
615,5832,1,8748,6.2303
615,5832,1,13122,6.2918
615,5832,1,16384,6.5006
615,5832,2,512,6.2278
615,5832,2,768,6.2279
615,5832,2,1152,6.2282
615,5832,2,1728,6.2286
615,5832,2,2592,6.2291
615,5832,2,3888,6.2300
615,5832,2,5832,6.2312
615,5832,2,8748,6.5718
615,5832,2,13122,7.1317
615,5832,2,16384,7.5492
615,5832,4,512,6.2281
615,5832,4,768,6.2284
615,5832,4,1152,6.2289
615,5832,4,1728,6.2297
615,5832,4,2592,6.2308
615,5832,4,3888,6.4476
615,5832,4,5832,6.9452
615,5832,4,8748,7.6917
615,5832,4,13122,8.8115
615,5832,4,16384,9.6465
615,5832,8,512,6.2288
615,5832,8,768,6.2294
615,5832,8,1152,6.2304
615,5832,8,1728,6.3372
615,5832,8,2592,6.7796
615,5832,8,3888,7.4431
615,5832,8,5832,8.4385
615,5832,8,8748,9.9315
615,5832,8,13122,12.1709
615,5832,8,16384,13.8411
615,5832,16,512,6.2301
615,5832,16,768,6.2394
615,5832,16,1152,6.6326
615,5832,16,1728,7.2225
615,5832,16,2592,8.1072
615,5832,16,3888,9.4343
615,5832,16,5832,11.4250
615,5832,16,8748,14.4109
615,5832,16,13122,18.8899
615,5832,16,16384,22.2302
615,5832,32,512,6.5026
615,5832,32,768,7.0269
615,5832,32,1152,7.8133
615,5832,32,1728,8.9930
615,5832,32,2592,10.7624
615,5832,32,3888,13.4166
615,5832,32,5832,17.3980
615,5832,32,8748,23.3699
615,5832,32,13122,32.3279
615,5832,32,16384,39.0084
615,5832,64,512,7.5532
615,5832,64,768,8.6018
615,5832,64,1152,10.1747
615,5832,64,1728,12.5340
615,5832,64,2592,16.0729
615,5832,64,3888,21.3813
615,5832,64,5832,29.3439
615,5832,64,8748,41.2879
615,5832,64,13122,59.2038
615,5832,64,16384,72.5649
615,5832,128,512,9.6545
615,5832,128,768,11.7516
615,5832,128,1152,14.8973
615,5832,128,1728,19.6159
615,5832,128,2592,26.6938
615,5832,128,3888,37.3107
615,5832,128,5832,53.2359
615,5832,128,8748,77.1238
615,5832,128,13122,112.9556
615,5832,128,16384,139.6779
615,8748,0,0,6.8104
615,8748,1,512,6.8106
615,8748,1,768,6.8107
615,8748,1,1152,6.8108
615,8748,1,1728,6.8110
615,8748,1,2592,6.8113
615,8748,1,3888,6.8117
615,8748,1,5832,6.8123
615,8748,1,8748,6.8133
615,8748,1,13122,6.8147
615,8748,1,16384,6.8157
615,8748,2,512,6.8107
615,8748,2,768,6.8109
615,8748,2,1152,6.8112
615,8748,2,1728,6.8115
615,8748,2,2592,6.8121
615,8748,2,3888,6.8129
615,8748,2,5832,6.8142
615,8748,2,8748,6.8161
615,8748,2,13122,7.3183
615,8748,2,16384,7.7359
615,8748,4,512,6.8111
615,8748,4,768,6.8114
615,8748,4,1152,6.8119
615,8748,4,1728,6.8127
615,8748,4,2592,6.8138
615,8748,4,3888,6.8155
615,8748,4,5832,7.1318
615,8748,4,8748,7.8783
615,8748,4,13122,8.9981
615,8748,4,16384,9.8332
615,8748,8,512,6.8117
615,8748,8,768,6.8124
615,8748,8,1152,6.8134
615,8748,8,1728,6.8149
615,8748,8,2592,6.9662
615,8748,8,3888,7.6298
615,8748,8,5832,8.6251
615,8748,8,8748,10.1181
615,8748,8,13122,12.3576
615,8748,8,16384,14.0277
615,8748,16,512,6.8131
615,8748,16,768,6.8144
615,8748,16,1152,6.8193
615,8748,16,1728,7.4091
615,8748,16,2592,8.2938
615,8748,16,3888,9.6209
615,8748,16,5832,11.6116
615,8748,16,8748,14.5976
615,8748,16,13122,19.0765
615,8748,16,16384,22.4168
615,8748,32,512,6.8157
615,8748,32,768,7.2135
615,8748,32,1152,7.9999
615,8748,32,1728,9.1796
615,8748,32,2592,10.9491
615,8748,32,3888,13.6033
615,8748,32,5832,17.5846
615,8748,32,8748,23.5565
615,8748,32,13122,32.5145
615,8748,32,16384,39.1951
615,8748,64,512,7.7398
615,8748,64,768,8.7884
615,8748,64,1152,10.3613
615,8748,64,1728,12.7206
615,8748,64,2592,16.2595
615,8748,64,3888,21.5679
615,8748,64,5832,29.5306
615,8748,64,8748,41.4745
615,8748,64,13122,59.3904
615,8748,64,16384,72.7516
615,8748,128,512,9.8411
615,8748,128,768,11.9382
615,8748,128,1152,15.0840
615,8748,128,1728,19.8026
615,8748,128,2592,26.8804
615,8748,128,3888,37.4973
615,8748,128,5832,53.4225
615,8748,128,8748,77.3104
615,8748,128,13122,113.1422
615,8748,128,16384,139.8645
615,13122,0,0,7.6849
615,13122,1,512,7.6850
615,13122,1,768,7.6851
615,13122,1,1152,7.6853
615,13122,1,1728,7.6854
615,13122,1,2592,7.6857
615,13122,1,3888,7.6861
615,13122,1,5832,7.6868
615,13122,1,8748,7.6877
615,13122,1,13122,7.6891
615,13122,1,16384,7.6902
615,13122,2,512,7.6852
615,13122,2,768,7.6854
615,13122,2,1152,7.6856
615,13122,2,1728,7.6860
615,13122,2,2592,7.6866
615,13122,2,3888,7.6874
615,13122,2,5832,7.6887
615,13122,2,8748,7.6906
615,13122,2,13122,7.6934
615,13122,2,16384,8.0158
615,13122,4,512,7.6855
615,13122,4,768,7.6859
615,13122,4,1152,7.6864
615,13122,4,1728,7.6871
615,13122,4,2592,7.6882
615,13122,4,3888,7.6899
615,13122,4,5832,7.6925
615,13122,4,8748,8.1583
615,13122,4,13122,9.2780
615,13122,4,16384,10.1131
615,13122,8,512,7.6862
615,13122,8,768,7.6869
615,13122,8,1152,7.6879
615,13122,8,1728,7.6894
615,13122,8,2592,7.6916
615,13122,8,3888,7.9097
615,13122,8,5832,8.9050
615,13122,8,8748,10.3980
615,13122,8,13122,12.6375
615,13122,8,16384,14.3076
615,13122,16,512,7.6875
615,13122,16,768,7.6889
615,13122,16,1152,7.6909
615,13122,16,1728,7.6939
615,13122,16,2592,8.5738
615,13122,16,3888,9.9009
615,13122,16,5832,11.8915
615,13122,16,8748,14.8775
615,13122,16,13122,19.3565
615,13122,16,16384,22.6968
615,13122,32,512,7.6902
615,13122,32,768,7.6929
615,13122,32,1152,8.2799
615,13122,32,1728,9.4595
615,13122,32,2592,11.2290
615,13122,32,3888,13.8832
615,13122,32,5832,17.8645
615,13122,32,8748,23.8365
615,13122,32,13122,32.7944
615,13122,32,16384,39.4750
615,13122,64,512,8.0198
615,13122,64,768,9.0684
615,13122,64,1152,10.6412
615,13122,64,1728,13.0005
615,13122,64,2592,16.5395
615,13122,64,3888,21.8479
615,13122,64,5832,29.8105
615,13122,64,8748,41.7544
615,13122,64,13122,59.6703
615,13122,64,16384,73.0315
615,13122,128,512,10.1210
615,13122,128,768,12.2182
615,13122,128,1152,15.3639
615,13122,128,1728,20.0825
615,13122,128,2592,27.1604
615,13122,128,3888,37.7772
615,13122,128,5832,53.7025
615,13122,128,8748,77.5903
615,13122,128,13122,113.4221
615,13122,128,16384,140.1444
615,16384,0,0,8.3370
615,16384,1,512,8.3372
615,16384,1,768,8.3373
615,16384,1,1152,8.3374
615,16384,1,1728,8.3376
615,16384,1,2592,8.3379
615,16384,1,3888,8.3383
615,16384,1,5832,8.3389
615,16384,1,8748,8.3399
615,16384,1,13122,8.3413
615,16384,1,16384,8.3424
615,16384,2,512,8.3374
615,16384,2,768,8.3375
615,16384,2,1152,8.3378
615,16384,2,1728,8.3382
615,16384,2,2592,8.3387
615,16384,2,3888,8.3396
615,16384,2,5832,8.3408
615,16384,2,8748,8.3427
615,16384,2,13122,8.3456
615,16384,2,16384,8.3477
615,16384,4,512,8.3377
615,16384,4,768,8.3380
615,16384,4,1152,8.3385
615,16384,4,1728,8.3393
615,16384,4,2592,8.3404
615,16384,4,3888,8.3421
615,16384,4,5832,8.3446
615,16384,4,8748,8.3670
615,16384,4,13122,9.4868
615,16384,4,16384,10.3219
615,16384,8,512,8.3384
615,16384,8,768,8.3390
615,16384,8,1152,8.3400
615,16384,8,1728,8.3415
615,16384,8,2592,8.3438
615,16384,8,3888,8.3471
615,16384,8,5832,9.1138
615,16384,8,8748,10.6068
615,16384,8,13122,12.8463
615,16384,8,16384,14.5164
615,16384,16,512,8.3397
615,16384,16,768,8.3410
615,16384,16,1152,8.3430
615,16384,16,1728,8.3460
615,16384,16,2592,8.7825
615,16384,16,3888,10.1096
615,16384,16,5832,12.1003
615,16384,16,8748,15.0863
615,16384,16,13122,19.5652
615,16384,16,16384,22.9055
615,16384,32,512,8.3424
615,16384,32,768,8.3450
615,16384,32,1152,8.4886
615,16384,32,1728,9.6683
615,16384,32,2592,11.4378
615,16384,32,3888,14.0920
615,16384,32,5832,18.0733
615,16384,32,8748,24.0452
615,16384,32,13122,33.0032
615,16384,32,16384,39.6838
615,16384,64,512,8.3477
615,16384,64,768,9.2771
615,16384,64,1152,10.8500
615,16384,64,1728,13.2093
615,16384,64,2592,16.7482
615,16384,64,3888,22.0566
615,16384,64,5832,30.0193
615,16384,64,8748,41.9632
615,16384,64,13122,59.8791
615,16384,64,16384,73.2403
615,16384,128,512,10.3298
615,16384,128,768,12.4269
615,16384,128,1152,15.5727
615,16384,128,1728,20.2913
615,16384,128,2592,27.3692
615,16384,128,3888,37.9860
615,16384,128,5832,53.9112
615,16384,128,8748,77.7991
615,16384,128,13122,113.6309
615,16384,128,16384,140.3532
923,0,0,0,5.1385
923,0,1,512,5.1510
923,0,1,768,5.1674
923,0,1,1152,5.1919
923,0,1,1728,5.2288
923,0,1,2592,5.2841
923,0,1,3888,5.3670
923,0,1,5832,5.4915
923,0,1,8748,5.6781
923,0,1,13122,5.9580
923,0,1,16384,6.1668
923,0,2,512,5.1838
923,0,2,768,5.2166
923,0,2,1152,5.2657
923,0,2,1728,5.3395
923,0,2,2592,5.4500
923,0,2,3888,5.6159
923,0,2,5832,5.8648
923,0,2,8748,6.2380
923,0,2,13122,6.7979
923,0,2,16384,7.2154
923,0,4,512,5.2495
923,0,4,768,5.3150
923,0,4,1152,5.4133
923,0,4,1728,5.5608
923,0,4,2592,5.7820
923,0,4,3888,6.1137
923,0,4,5832,6.6114
923,0,4,8748,7.3579
923,0,4,13122,8.4776
923,0,4,16384,9.3127
923,0,8,512,5.3808
923,0,8,768,5.5119
923,0,8,1152,5.7085
923,0,8,1728,6.0034
923,0,8,2592,6.4458
923,0,8,3888,7.1093
923,0,8,5832,8.1046
923,0,8,8748,9.5976
923,0,8,13122,11.8371
923,0,8,16384,13.5073
923,0,16,512,5.6435
923,0,16,768,5.9056
923,0,16,1152,6.2988
923,0,16,1728,6.8886
923,0,16,2592,7.7734
923,0,16,3888,9.1005
923,0,16,5832,11.0911
923,0,16,8748,14.0771
923,0,16,13122,18.5561
923,0,16,16384,21.8964
923,0,32,512,6.1688
923,0,32,768,6.6931
923,0,32,1152,7.4795
923,0,32,1728,8.6591
923,0,32,2592,10.4286
923,0,32,3888,13.0828
923,0,32,5832,17.0641
923,0,32,8748,23.0361
923,0,32,13122,31.9940
923,0,32,16384,38.6746
923,0,64,512,7.2194
923,0,64,768,8.2680
923,0,64,1152,9.8408
923,0,64,1728,12.2001
923,0,64,2592,15.7391
923,0,64,3888,21.0475
923,0,64,5832,29.0101
923,0,64,8748,40.9540
923,0,64,13122,58.8700
923,0,64,16384,72.2311
923,0,128,512,9.3206
923,0,128,768,11.4178
923,0,128,1152,14.5635
923,0,128,1728,19.2821
923,0,128,2592,26.3600
923,0,128,3888,36.9768
923,0,128,5832,52.9021
923,0,128,8748,76.7900
923,0,128,13122,112.6218
923,0,128,16384,139.3441
923,512,0,0,5.2921
923,512,1,512,5.2923
923,512,1,768,5.2923
923,512,1,1152,5.2925
923,512,1,1728,5.2927
923,512,1,2592,5.3169
923,512,1,3888,5.3998
923,512,1,5832,5.5242
923,512,1,8748,5.7108
923,512,1,13122,5.9908
923,512,1,16384,6.1996
923,512,2,512,5.2924
923,512,2,768,5.2926
923,512,2,1152,5.2985
923,512,2,1728,5.3722
923,512,2,2592,5.4828
923,512,2,3888,5.6487
923,512,2,5832,5.8975
923,512,2,8748,6.2708
923,512,2,13122,6.8307
923,512,2,16384,7.2482
923,512,4,512,5.2928
923,512,4,768,5.3478
923,512,4,1152,5.4461
923,512,4,1728,5.5935
923,512,4,2592,5.8147
923,512,4,3888,6.1465
923,512,4,5832,6.6442
923,512,4,8748,7.3907
923,512,4,13122,8.5104
923,512,4,16384,9.3455
923,512,8,512,5.4136
923,512,8,768,5.5446
923,512,8,1152,5.7412
923,512,8,1728,6.0362
923,512,8,2592,6.4785
923,512,8,3888,7.1421
923,512,8,5832,8.1374
923,512,8,8748,9.6304
923,512,8,13122,11.8699
923,512,8,16384,13.5400
923,512,16,512,5.6762
923,512,16,768,5.9384
923,512,16,1152,6.3316
923,512,16,1728,6.9214
923,512,16,2592,7.8061
923,512,16,3888,9.1332
923,512,16,5832,11.1239
923,512,16,8748,14.1099
923,512,16,13122,18.5889
923,512,16,16384,21.9292
923,512,32,512,6.2015
923,512,32,768,6.7258
923,512,32,1152,7.5123
923,512,32,1728,8.6919
923,512,32,2592,10.4614
923,512,32,3888,13.1156
923,512,32,5832,17.0969
923,512,32,8748,23.0689
923,512,32,13122,32.0268
923,512,32,16384,38.7074
923,512,64,512,7.2522
923,512,64,768,8.3007
923,512,64,1152,9.8736
923,512,64,1728,12.2329
923,512,64,2592,15.7718
923,512,64,3888,21.0803
923,512,64,5832,29.0429
923,512,64,8748,40.9868
923,512,64,13122,58.9027
923,512,64,16384,72.2639
923,512,128,512,9.3534
923,512,128,768,11.4506
923,512,128,1152,14.5963
923,512,128,1728,19.3149
923,512,128,2592,26.3928
923,512,128,3888,37.0096
923,512,128,5832,52.9348
923,512,128,8748,76.8227
923,512,128,13122,112.6545
923,512,128,16384,139.3768
923,768,0,0,5.3689
923,768,1,512,5.3691
923,768,1,768,5.3692
923,768,1,1152,5.3693
923,768,1,1728,5.3695
923,768,1,2592,5.3698
923,768,1,3888,5.4162
923,768,1,5832,5.5406
923,768,1,8748,5.7272
923,768,1,13122,6.0072
923,768,1,16384,6.2159
923,768,2,512,5.3692
923,768,2,768,5.3694
923,768,2,1152,5.3697
923,768,2,1728,5.3886
923,768,2,2592,5.4992
923,768,2,3888,5.6651
923,768,2,5832,5.9139
923,768,2,8748,6.2872
923,768,2,13122,6.8470
923,768,2,16384,7.2646
923,768,4,512,5.3696
923,768,4,768,5.3699
923,768,4,1152,5.4625
923,768,4,1728,5.6099
923,768,4,2592,5.8311
923,768,4,3888,6.1629
923,768,4,5832,6.6605
923,768,4,8748,7.4070
923,768,4,13122,8.5268
923,768,4,16384,9.3619
923,768,8,512,5.4300
923,768,8,768,5.5610
923,768,8,1152,5.7576
923,768,8,1728,6.0525
923,768,8,2592,6.4949
923,768,8,3888,7.1585
923,768,8,5832,8.1538
923,768,8,8748,9.6468
923,768,8,13122,11.8863
923,768,8,16384,13.5564
923,768,16,512,5.6926
923,768,16,768,5.9548
923,768,16,1152,6.3480
923,768,16,1728,6.9378
923,768,16,2592,7.8225
923,768,16,3888,9.1496
923,768,16,5832,11.1403
923,768,16,8748,14.1263
923,768,16,13122,18.6052
923,768,16,16384,21.9455
923,768,32,512,6.2179
923,768,32,768,6.7422
923,768,32,1152,7.5286
923,768,32,1728,8.7083
923,768,32,2592,10.4778
923,768,32,3888,13.1320
923,768,32,5832,17.1133
923,768,32,8748,23.0852
923,768,32,13122,32.0432
923,768,32,16384,38.7238
923,768,64,512,7.2685
923,768,64,768,8.3171
923,768,64,1152,9.8900
923,768,64,1728,12.2493
923,768,64,2592,15.7882
923,768,64,3888,21.0966
923,768,64,5832,29.0593
923,768,64,8748,41.0032
923,768,64,13122,58.9191
923,768,64,16384,72.2803
923,768,128,512,9.3698
923,768,128,768,11.4669
923,768,128,1152,14.6127
923,768,128,1728,19.3313
923,768,128,2592,26.4092
923,768,128,3888,37.0260
923,768,128,5832,52.9512
923,768,128,8748,76.8391
923,768,128,13122,112.6709
923,768,128,16384,139.3932
923,1152,0,0,5.4841
923,1152,1,512,5.4843
923,1152,1,768,5.4844
923,1152,1,1152,5.4845
923,1152,1,1728,5.4847
923,1152,1,2592,5.4850
923,1152,1,3888,5.4854
923,1152,1,5832,5.5652
923,1152,1,8748,5.7518
923,1152,1,13122,6.0317
923,1152,1,16384,6.2405
923,1152,2,512,5.4845
923,1152,2,768,5.4846
923,1152,2,1152,5.4849
923,1152,2,1728,5.4853
923,1152,2,2592,5.5238
923,1152,2,3888,5.6897
923,1152,2,5832,5.9385
923,1152,2,8748,6.3117
923,1152,2,13122,6.8716
923,1152,2,16384,7.2892
923,1152,4,512,5.4848
923,1152,4,768,5.4851
923,1152,4,1152,5.4870
923,1152,4,1728,5.6345
923,1152,4,2592,5.8557
923,1152,4,3888,6.1875
923,1152,4,5832,6.6851
923,1152,4,8748,7.4316
923,1152,4,13122,8.5514
923,1152,4,16384,9.3864
923,1152,8,512,5.4855
923,1152,8,768,5.5856
923,1152,8,1152,5.7822
923,1152,8,1728,6.0771
923,1152,8,2592,6.5195
923,1152,8,3888,7.1830
923,1152,8,5832,8.1784
923,1152,8,8748,9.6714
923,1152,8,13122,11.9108
923,1152,8,16384,13.5810
923,1152,16,512,5.7172
923,1152,16,768,5.9793
923,1152,16,1152,6.3725
923,1152,16,1728,6.9624
923,1152,16,2592,7.8471
923,1152,16,3888,9.1742
923,1152,16,5832,11.1649
923,1152,16,8748,14.1508
923,1152,16,13122,18.6298
923,1152,16,16384,21.9701
923,1152,32,512,6.2425
923,1152,32,768,6.7668
923,1152,32,1152,7.5532
923,1152,32,1728,8.7329
923,1152,32,2592,10.5023
923,1152,32,3888,13.1565
923,1152,32,5832,17.1379
923,1152,32,8748,23.1098
923,1152,32,13122,32.0678
923,1152,32,16384,38.7484
923,1152,64,512,7.2931
923,1152,64,768,8.3417
923,1152,64,1152,9.9146
923,1152,64,1728,12.2739
923,1152,64,2592,15.8128
923,1152,64,3888,21.1212
923,1152,64,5832,29.0838
923,1152,64,8748,41.0278
923,1152,64,13122,58.9437
923,1152,64,16384,72.3048
923,1152,128,512,9.3944
923,1152,128,768,11.4915
923,1152,128,1152,14.6372
923,1152,128,1728,19.3558
923,1152,128,2592,26.4337
923,1152,128,3888,37.0506
923,1152,128,5832,52.9758
923,1152,128,8748,76.8637
923,1152,128,13122,112.6955
923,1152,128,16384,139.4178
923,1728,0,0,5.6570
923,1728,1,512,5.6571
923,1728,1,768,5.6572
923,1728,1,1152,5.6573
923,1728,1,1728,5.6575
923,1728,1,2592,5.6578
923,1728,1,3888,5.6582
923,1728,1,5832,5.6589
923,1728,1,8748,5.7887
923,1728,1,13122,6.0686
923,1728,1,16384,6.2774
923,1728,2,512,5.6573
923,1728,2,768,5.6575
923,1728,2,1152,5.6577
923,1728,2,1728,5.6581
923,1728,2,2592,5.6586
923,1728,2,3888,5.7265
923,1728,2,5832,5.9754
923,1728,2,8748,6.3486
923,1728,2,13122,6.9085
923,1728,2,16384,7.3260
923,1728,4,512,5.6576
923,1728,4,768,5.6580
923,1728,4,1152,5.6585
923,1728,4,1728,5.6714
923,1728,4,2592,5.8925
923,1728,4,3888,6.2243
923,1728,4,5832,6.7220
923,1728,4,8748,7.4685
923,1728,4,13122,8.5882
923,1728,4,16384,9.4233
923,1728,8,512,5.6583
923,1728,8,768,5.6590
923,1728,8,1152,5.8191
923,1728,8,1728,6.1140
923,1728,8,2592,6.5564
923,1728,8,3888,7.2199
923,1728,8,5832,8.2152
923,1728,8,8748,9.7082
923,1728,8,13122,11.9477
923,1728,8,16384,13.6179
923,1728,16,512,5.7540
923,1728,16,768,6.0162
923,1728,16,1152,6.4094
923,1728,16,1728,6.9992
923,1728,16,2592,7.8840
923,1728,16,3888,9.2111
923,1728,16,5832,11.2017
923,1728,16,8748,14.1877
923,1728,16,13122,18.6667
923,1728,16,16384,22.0070
923,1728,32,512,6.2794
923,1728,32,768,6.8036
923,1728,32,1152,7.5901
923,1728,32,1728,8.7697
923,1728,32,2592,10.5392
923,1728,32,3888,13.1934
923,1728,32,5832,17.1747
923,1728,32,8748,23.1467
923,1728,32,13122,32.1046
923,1728,32,16384,38.7852
923,1728,64,512,7.3300
923,1728,64,768,8.3786
923,1728,64,1152,9.9514
923,1728,64,1728,12.3107
923,1728,64,2592,15.8497
923,1728,64,3888,21.1581
923,1728,64,5832,29.1207
923,1728,64,8748,41.0646
923,1728,64,13122,58.9805
923,1728,64,16384,72.3417
923,1728,128,512,9.4312
923,1728,128,768,11.5284
923,1728,128,1152,14.6741
923,1728,128,1728,19.3927
923,1728,128,2592,26.4706
923,1728,128,3888,37.0874
923,1728,128,5832,53.0127
923,1728,128,8748,76.9005
923,1728,128,13122,112.7324
923,1728,128,16384,139.4547
923,2592,0,0,5.9162
923,2592,1,512,5.9164
923,2592,1,768,5.9164
923,2592,1,1152,5.9166
923,2592,1,1728,5.9168
923,2592,1,2592,5.9170
923,2592,1,3888,5.9175
923,2592,1,5832,5.9181
923,2592,1,8748,5.9190
923,2592,1,13122,6.1239
923,2592,1,16384,6.3327
923,2592,2,512,5.9165
923,2592,2,768,5.9167
923,2592,2,1152,5.9169
923,2592,2,1728,5.9173
923,2592,2,2592,5.9179
923,2592,2,3888,5.9187
923,2592,2,5832,6.0307
923,2592,2,8748,6.4039
923,2592,2,13122,6.9638
923,2592,2,16384,7.3813
923,2592,4,512,5.9169
923,2592,4,768,5.9172
923,2592,4,1152,5.9177
923,2592,4,1728,5.9184
923,2592,4,2592,5.9478
923,2592,4,3888,6.2796
923,2592,4,5832,6.7773
923,2592,4,8748,7.5238
923,2592,4,13122,8.6435
923,2592,4,16384,9.4786
923,2592,8,512,5.9175
923,2592,8,768,5.9182
923,2592,8,1152,5.9192
923,2592,8,1728,6.1693
923,2592,8,2592,6.6116
923,2592,8,3888,7.2752
923,2592,8,5832,8.2705
923,2592,8,8748,9.7635
923,2592,8,13122,12.0030
923,2592,8,16384,13.6732
923,2592,16,512,5.9189
923,2592,16,768,6.0715
923,2592,16,1152,6.4647
923,2592,16,1728,7.0545
923,2592,16,2592,7.9393
923,2592,16,3888,9.2664
923,2592,16,5832,11.2570
923,2592,16,8748,14.2430
923,2592,16,13122,18.7220
923,2592,16,16384,22.0623
923,2592,32,512,6.3347
923,2592,32,768,6.8589
923,2592,32,1152,7.6454
923,2592,32,1728,8.8250
923,2592,32,2592,10.5945
923,2592,32,3888,13.2487
923,2592,32,5832,17.2300
923,2592,32,8748,23.2020
923,2592,32,13122,32.1599
923,2592,32,16384,38.8405
923,2592,64,512,7.3853
923,2592,64,768,8.4339
923,2592,64,1152,10.0067
923,2592,64,1728,12.3660
923,2592,64,2592,15.9050
923,2592,64,3888,21.2134
923,2592,64,5832,29.1760
923,2592,64,8748,41.1199
923,2592,64,13122,59.0358
923,2592,64,16384,72.3970
923,2592,128,512,9.4865
923,2592,128,768,11.5837
923,2592,128,1152,14.7294
923,2592,128,1728,19.4480
923,2592,128,2592,26.5259
923,2592,128,3888,37.1427
923,2592,128,5832,53.0680
923,2592,128,8748,76.9558
923,2592,128,13122,112.7876
923,2592,128,16384,139.5100
923,3888,0,0,6.3051
923,3888,1,512,6.3052
923,3888,1,768,6.3053
923,3888,1,1152,6.3054
923,3888,1,1728,6.3056
923,3888,1,2592,6.3059
923,3888,1,3888,6.3063
923,3888,1,5832,6.3070
923,3888,1,8748,6.3079
923,3888,1,13122,6.3093
923,3888,1,16384,6.4156
923,3888,2,512,6.3054
923,3888,2,768,6.3056
923,3888,2,1152,6.3058
923,3888,2,1728,6.3062
923,3888,2,2592,6.3067
923,3888,2,3888,6.3076
923,3888,2,5832,6.3089
923,3888,2,8748,6.4868
923,3888,2,13122,7.0467
923,3888,2,16384,7.4643
923,3888,4,512,6.3057
923,3888,4,768,6.3061
923,3888,4,1152,6.3066
923,3888,4,1728,6.3073
923,3888,4,2592,6.3084
923,3888,4,3888,6.3626
923,3888,4,5832,6.8602
923,3888,4,8748,7.6067
923,3888,4,13122,8.7265
923,3888,4,16384,9.5615
923,3888,8,512,6.3064
923,3888,8,768,6.3071
923,3888,8,1152,6.3081
923,3888,8,1728,6.3096
923,3888,8,2592,6.6946
923,3888,8,3888,7.3581
923,3888,8,5832,8.3535
923,3888,8,8748,9.8465
923,3888,8,13122,12.0860
923,3888,8,16384,13.7561
923,3888,16,512,6.3077
923,3888,16,768,6.3091
923,3888,16,1152,6.5476
923,3888,16,1728,7.1375
923,3888,16,2592,8.0222
923,3888,16,3888,9.3493
923,3888,16,5832,11.3400
923,3888,16,8748,14.3260
923,3888,16,13122,18.8049
923,3888,16,16384,22.1452
923,3888,32,512,6.4176
923,3888,32,768,6.9419
923,3888,32,1152,7.7283
923,3888,32,1728,8.9080
923,3888,32,2592,10.6774
923,3888,32,3888,13.3316
923,3888,32,5832,17.3130
923,3888,32,8748,23.2849
923,3888,32,13122,32.2429
923,3888,32,16384,38.9235
923,3888,64,512,7.4682
923,3888,64,768,8.5168
923,3888,64,1152,10.0897
923,3888,64,1728,12.4490
923,3888,64,2592,15.9879
923,3888,64,3888,21.2963
923,3888,64,5832,29.2589
923,3888,64,8748,41.2029
923,3888,64,13122,59.1188
923,3888,64,16384,72.4799
923,3888,128,512,9.5695
923,3888,128,768,11.6666
923,3888,128,1152,14.8124
923,3888,128,1728,19.5309
923,3888,128,2592,26.6088
923,3888,128,3888,37.2257
923,3888,128,5832,53.1509
923,3888,128,8748,77.0388
923,3888,128,13122,112.8706
923,3888,128,16384,139.5929
923,5832,0,0,6.8884
923,5832,1,512,6.8885
923,5832,1,768,6.8886
923,5832,1,1152,6.8887
923,5832,1,1728,6.8889
923,5832,1,2592,6.8892
923,5832,1,3888,6.8896
923,5832,1,5832,6.8902
923,5832,1,8748,6.8912
923,5832,1,13122,6.8926
923,5832,1,16384,6.8937
923,5832,2,512,6.8887
923,5832,2,768,6.8889
923,5832,2,1152,6.8891
923,5832,2,1728,6.8895
923,5832,2,2592,6.8900
923,5832,2,3888,6.8909
923,5832,2,5832,6.8921
923,5832,2,8748,6.8940
923,5832,2,13122,7.1711
923,5832,2,16384,7.5887
923,5832,4,512,6.8890
923,5832,4,768,6.8894
923,5832,4,1152,6.8899
923,5832,4,1728,6.8906
923,5832,4,2592,6.8917
923,5832,4,3888,6.8934
923,5832,4,5832,6.9846
923,5832,4,8748,7.7311
923,5832,4,13122,8.8509
923,5832,4,16384,9.6860
923,5832,8,512,6.8897
923,5832,8,768,6.8904
923,5832,8,1152,6.8913
923,5832,8,1728,6.8928
923,5832,8,2592,6.8951
923,5832,8,3888,7.4826
923,5832,8,5832,8.4779
923,5832,8,8748,9.9709
923,5832,8,13122,12.2104
923,5832,8,16384,13.8805
923,5832,16,512,6.8910
923,5832,16,768,6.8923
923,5832,16,1152,6.8943
923,5832,16,1728,7.2619
923,5832,16,2592,8.1466
923,5832,16,3888,9.4737
923,5832,16,5832,11.4644
923,5832,16,8748,14.4504
923,5832,16,13122,18.9293
923,5832,16,16384,22.2696
923,5832,32,512,6.8937
923,5832,32,768,7.0663
923,5832,32,1152,7.8527
923,5832,32,1728,9.0324
923,5832,32,2592,10.8019
923,5832,32,3888,13.4561
923,5832,32,5832,17.4374
923,5832,32,8748,23.4093
923,5832,32,13122,32.3673
923,5832,32,16384,39.0479
923,5832,64,512,7.5926
923,5832,64,768,8.6412
923,5832,64,1152,10.2141
923,5832,64,1728,12.5734
923,5832,64,2592,16.1123
923,5832,64,3888,21.4207
923,5832,64,5832,29.3834
923,5832,64,8748,41.3273
923,5832,64,13122,59.2432
923,5832,64,16384,72.6044
923,5832,128,512,9.6939
923,5832,128,768,11.7910
923,5832,128,1152,14.9368
923,5832,128,1728,19.6554
923,5832,128,2592,26.7332
923,5832,128,3888,37.3501
923,5832,128,5832,53.2753
923,5832,128,8748,77.1632
923,5832,128,13122,112.9950
923,5832,128,16384,139.7173
923,8748,0,0,7.7633
923,8748,1,512,7.7635
923,8748,1,768,7.7635
923,8748,1,1152,7.7637
923,8748,1,1728,7.7639
923,8748,1,2592,7.7641
923,8748,1,3888,7.7646
923,8748,1,5832,7.7652
923,8748,1,8748,7.7661
923,8748,1,13122,7.7676
923,8748,1,16384,7.7686
923,8748,2,512,7.7636
923,8748,2,768,7.7638
923,8748,2,1152,7.7640
923,8748,2,1728,7.7644
923,8748,2,2592,7.7650
923,8748,2,3888,7.7658
923,8748,2,5832,7.7671
923,8748,2,8748,7.7690
923,8748,2,13122,7.7718
923,8748,2,16384,7.7753
923,8748,4,512,7.7640
923,8748,4,768,7.7643
923,8748,4,1152,7.7648
923,8748,4,1728,7.7655
923,8748,4,2592,7.7667
923,8748,4,3888,7.7684
923,8748,4,5832,7.7709
923,8748,4,8748,7.9178
923,8748,4,13122,9.0375
923,8748,4,16384,9.8726
923,8748,8,512,7.7646
923,8748,8,768,7.7653
923,8748,8,1152,7.7663
923,8748,8,1728,7.7678
923,8748,8,2592,7.7700
923,8748,8,3888,7.7734
923,8748,8,5832,8.6645
923,8748,8,8748,10.1575
923,8748,8,13122,12.3970
923,8748,8,16384,14.0671
923,8748,16,512,7.7660
923,8748,16,768,7.7673
923,8748,16,1152,7.7693
923,8748,16,1728,7.7723
923,8748,16,2592,8.3332
923,8748,16,3888,9.6604
923,8748,16,5832,11.6510
923,8748,16,8748,14.6370
923,8748,16,13122,19.1160
923,8748,16,16384,22.4563
923,8748,32,512,7.7686
923,8748,32,768,7.7713
923,8748,32,1152,8.0394
923,8748,32,1728,9.2190
923,8748,32,2592,10.9885
923,8748,32,3888,13.6427
923,8748,32,5832,17.6240
923,8748,32,8748,23.5960
923,8748,32,13122,32.5539
923,8748,32,16384,39.2345
923,8748,64,512,7.7793
923,8748,64,768,8.8278
923,8748,64,1152,10.4007
923,8748,64,1728,12.7600
923,8748,64,2592,16.2989
923,8748,64,3888,21.6074
923,8748,64,5832,29.5700
923,8748,64,8748,41.5139
923,8748,64,13122,59.4298
923,8748,64,16384,72.7910
923,8748,128,512,9.8805
923,8748,128,768,11.9777
923,8748,128,1152,15.1234
923,8748,128,1728,19.8420
923,8748,128,2592,26.9199
923,8748,128,3888,37.5367
923,8748,128,5832,53.4620
923,8748,128,8748,77.3498
923,8748,128,13122,113.1816
923,8748,128,16384,139.9039
923,13122,0,0,9.0757
923,13122,1,512,9.0759
923,13122,1,768,9.0760
923,13122,1,1152,9.0761
923,13122,1,1728,9.0763
923,13122,1,2592,9.0765
923,13122,1,3888,9.0770
923,13122,1,5832,9.0776
923,13122,1,8748,9.0785
923,13122,1,13122,9.0800
923,13122,1,16384,9.0810
923,13122,2,512,9.0760
923,13122,2,768,9.0762
923,13122,2,1152,9.0765
923,13122,2,1728,9.0768
923,13122,2,2592,9.0774
923,13122,2,3888,9.0782
923,13122,2,5832,9.0795
923,13122,2,8748,9.0814
923,13122,2,13122,9.0842
923,13122,2,16384,9.0864
923,13122,4,512,9.0764
923,13122,4,768,9.0767
923,13122,4,1152,9.0772
923,13122,4,1728,9.0780
923,13122,4,2592,9.0791
923,13122,4,3888,9.0808
923,13122,4,5832,9.0833
923,13122,4,8748,9.0871
923,13122,4,13122,9.3174
923,13122,4,16384,10.1525
923,13122,8,512,9.0770
923,13122,8,768,9.0777
923,13122,8,1152,9.0787
923,13122,8,1728,9.0802
923,13122,8,2592,9.0824
923,13122,8,3888,9.0858
923,13122,8,5832,9.0909
923,13122,8,8748,10.4374
923,13122,8,13122,12.6769
923,13122,8,16384,14.3471
923,13122,16,512,9.0784
923,13122,16,768,9.0797
923,13122,16,1152,9.0817
923,13122,16,1728,9.0847
923,13122,16,2592,9.0892
923,13122,16,3888,9.9403
923,13122,16,5832,11.9309
923,13122,16,8748,14.9169
923,13122,16,13122,19.3959
923,13122,16,16384,22.7362
923,13122,32,512,9.0810
923,13122,32,768,9.0837
923,13122,32,1152,9.0877
923,13122,32,1728,9.4989
923,13122,32,2592,11.2684
923,13122,32,3888,13.9226
923,13122,32,5832,17.9039
923,13122,32,8748,23.8759
923,13122,32,13122,32.8339
923,13122,32,16384,39.5144
923,13122,64,512,9.0864
923,13122,64,768,9.1078
923,13122,64,1152,10.6806
923,13122,64,1728,13.0399
923,13122,64,2592,16.5789
923,13122,64,3888,21.8873
923,13122,64,5832,29.8499
923,13122,64,8748,41.7939
923,13122,64,13122,59.7098
923,13122,64,16384,73.0709
923,13122,128,512,10.1604
923,13122,128,768,12.2576
923,13122,128,1152,15.4033
923,13122,128,1728,20.1219
923,13122,128,2592,27.1998
923,13122,128,3888,37.8166
923,13122,128,5832,53.7419
923,13122,128,8748,77.6298
923,13122,128,13122,113.4616
923,13122,128,16384,140.1839
923,16384,0,0,10.0545
923,16384,1,512,10.0546
923,16384,1,768,10.0547
923,16384,1,1152,10.0548
923,16384,1,1728,10.0550
923,16384,1,2592,10.0553
923,16384,1,3888,10.0557
923,16384,1,5832,10.0564
923,16384,1,8748,10.0573
923,16384,1,13122,10.0587
923,16384,1,16384,10.0598
923,16384,2,512,10.0548
923,16384,2,768,10.0550
923,16384,2,1152,10.0552
923,16384,2,1728,10.0556
923,16384,2,2592,10.0561
923,16384,2,3888,10.0570
923,16384,2,5832,10.0583
923,16384,2,8748,10.0602
923,16384,2,13122,10.0630
923,16384,2,16384,10.0651
923,16384,4,512,10.0551
923,16384,4,768,10.0555
923,16384,4,1152,10.0560
923,16384,4,1728,10.0567
923,16384,4,2592,10.0578
923,16384,4,3888,10.0595
923,16384,4,5832,10.0620
923,16384,4,8748,10.0658
923,16384,4,13122,10.0715
923,16384,4,16384,10.3613
923,16384,8,512,10.0558
923,16384,8,768,10.0565
923,16384,8,1152,10.0575
923,16384,8,1728,10.0590
923,16384,8,2592,10.0612
923,16384,8,3888,10.0646
923,16384,8,5832,10.0696
923,16384,8,8748,10.6462
923,16384,8,13122,12.8857
923,16384,8,16384,14.5558
923,16384,16,512,10.0571
923,16384,16,768,10.0585
923,16384,16,1152,10.0605
923,16384,16,1728,10.0635
923,16384,16,2592,10.0679
923,16384,16,3888,10.1491
923,16384,16,5832,12.1397
923,16384,16,8748,15.1257
923,16384,16,13122,19.6047
923,16384,16,16384,22.9450
923,16384,32,512,10.0598
923,16384,32,768,10.0625
923,16384,32,1152,10.0664
923,16384,32,1728,10.0724
923,16384,32,2592,11.4772
923,16384,32,3888,14.1314
923,16384,32,5832,18.1127
923,16384,32,8748,24.0847
923,16384,32,13122,33.0426
923,16384,32,16384,39.7232
923,16384,64,512,10.0651
923,16384,64,768,10.0704
923,16384,64,1152,10.8894
923,16384,64,1728,13.2487
923,16384,64,2592,16.7876
923,16384,64,3888,22.0961
923,16384,64,5832,30.0587
923,16384,64,8748,42.0026
923,16384,64,13122,59.9185
923,16384,64,16384,73.2797
923,16384,128,512,10.3692
923,16384,128,768,12.4664
923,16384,128,1152,15.6121
923,16384,128,1728,20.3307
923,16384,128,2592,27.4086
923,16384,128,3888,38.0254
923,16384,128,5832,53.9507
923,16384,128,8748,77.8385
923,16384,128,13122,113.6703
923,16384,128,16384,140.3926
1024,0,0,0,5.1704
1024,0,1,16,5.1704
1024,0,1,32,5.1704
1024,0,1,64,5.1705
1024,0,1,128,5.1705
1024,0,1,256,5.1705
1024,0,1,512,5.1706
1024,0,1,1024,5.1967
1024,0,1,2048,5.2622
1024,0,1,4096,5.3933
1024,0,1,8192,5.6554
1024,0,1,16384,6.1797
1024,0,2,16,5.1704
1024,0,2,32,5.1705
1024,0,2,64,5.1705
1024,0,2,128,5.1705
1024,0,2,256,5.1706
1024,0,2,512,5.1967
1024,0,2,1024,5.2623
1024,0,2,2048,5.3933
1024,0,2,4096,5.6555
1024,0,2,8192,6.1798
1024,0,2,16384,7.2284
1024,0,4,16,5.1705
1024,0,4,32,5.1705
1024,0,4,64,5.1705
1024,0,4,128,5.1706
1024,0,4,256,5.1969
1024,0,4,512,5.2624
1024,0,4,1024,5.3935
1024,0,4,2048,5.6556
1024,0,4,4096,6.1799
1024,0,4,8192,7.2285
1024,0,4,16384,9.3256
1024,0,8,16,5.1705
1024,0,8,32,5.1705
1024,0,8,64,5.1706
1024,0,8,128,5.1971
1024,0,8,256,5.2627
1024,0,8,512,5.3937
1024,0,8,1024,5.6559
1024,0,8,2048,6.1802
1024,0,8,4096,7.2287
1024,0,8,8192,9.3259
1024,0,8,16384,13.5202
1024,0,16,16,5.1705
1024,0,16,32,5.1706
1024,0,16,64,5.1976
1024,0,16,128,5.2632
1024,0,16,256,5.3942
1024,0,16,512,5.6564
1024,0,16,1024,6.1807
1024,0,16,2048,7.2292
1024,0,16,4096,9.3264
1024,0,16,8192,13.5207
1024,0,16,16384,21.9093
1024,0,32,16,5.1706
1024,0,32,32,5.1987
1024,0,32,64,5.2642
1024,0,32,128,5.3953
1024,0,32,256,5.6574
1024,0,32,512,6.1817
1024,0,32,1024,7.2303
1024,0,32,2048,9.3274
1024,0,32,4096,13.5217
1024,0,32,8192,21.9103
1024,0,32,16384,38.6876
1024,0,64,16,5.2007
1024,0,64,32,5.2662
1024,0,64,64,5.3973
1024,0,64,128,5.6595
1024,0,64,256,6.1837
1024,0,64,512,7.2323
1024,0,64,1024,9.3295
1024,0,64,2048,13.5238
1024,0,64,4096,21.9124
1024,0,64,8192,38.6896
1024,0,64,16384,72.2440
1024,0,128,16,5.2703
1024,0,128,32,5.4014
1024,0,128,64,5.6636
1024,0,128,128,6.1878
1024,0,128,256,7.2364
1024,0,128,512,9.3336
1024,0,128,1024,13.5279
1024,0,128,2048,21.9165
1024,0,128,4096,38.6937
1024,0,128,8192,72.2481
1024,0,128,16384,139.3570
1024,16,0,0,5.1758
1024,16,1,16,5.1758
1024,16,1,32,5.1758
1024,16,1,64,5.1758
1024,16,1,128,5.1758
1024,16,1,256,5.1758
1024,16,1,512,5.1759
1024,16,1,1024,5.1977
1024,16,1,2048,5.2632
1024,16,1,4096,5.3943
1024,16,1,8192,5.6564
1024,16,1,16384,6.1807
1024,16,2,16,5.1758
1024,16,2,32,5.1758
1024,16,2,64,5.1758
1024,16,2,128,5.1758
1024,16,2,256,5.1759
1024,16,2,512,5.1978
1024,16,2,1024,5.2633
1024,16,2,2048,5.3944
1024,16,2,4096,5.6565
1024,16,2,8192,6.1808
1024,16,2,16384,7.2294
1024,16,4,16,5.1758
1024,16,4,32,5.1758
1024,16,4,64,5.1758
1024,16,4,128,5.1759
1024,16,4,256,5.1979
1024,16,4,512,5.2634
1024,16,4,1024,5.3945
1024,16,4,2048,5.6566
1024,16,4,4096,6.1809
1024,16,4,8192,7.2295
1024,16,4,16384,9.3267
1024,16,8,16,5.1758
1024,16,8,32,5.1758
1024,16,8,64,5.1759
1024,16,8,128,5.1981
1024,16,8,256,5.2637
1024,16,8,512,5.3948
1024,16,8,1024,5.6569
1024,16,8,2048,6.1812
1024,16,8,4096,7.2298
1024,16,8,8192,9.3269
1024,16,8,16384,13.5212
1024,16,16,16,5.1758
1024,16,16,32,5.1759
1024,16,16,64,5.1987
1024,16,16,128,5.2642
1024,16,16,256,5.3953
1024,16,16,512,5.6574
1024,16,16,1024,6.1817
1024,16,16,2048,7.2303
1024,16,16,4096,9.3274
1024,16,16,8192,13.5217
1024,16,16,16384,21.9103
1024,16,32,16,5.1759
1024,16,32,32,5.1997
1024,16,32,64,5.2652
1024,16,32,128,5.3963
1024,16,32,256,5.6584
1024,16,32,512,6.1827
1024,16,32,1024,7.2313
1024,16,32,2048,9.3284
1024,16,32,4096,13.5228
1024,16,32,8192,21.9114
1024,16,32,16384,38.6886
1024,16,64,16,5.2017
1024,16,64,32,5.2673
1024,16,64,64,5.3983
1024,16,64,128,5.6605
1024,16,64,256,6.1848
1024,16,64,512,7.2333
1024,16,64,1024,9.3305
1024,16,64,2048,13.5248
1024,16,64,4096,21.9134
1024,16,64,8192,38.6906
1024,16,64,16384,72.2451
1024,16,128,16,5.2714
1024,16,128,32,5.4024
1024,16,128,64,5.6646
1024,16,128,128,6.1889
1024,16,128,256,7.2374
1024,16,128,512,9.3346
1024,16,128,1024,13.5289
1024,16,128,2048,21.9175
1024,16,128,4096,38.6947
1024,16,128,8192,72.2492
1024,16,128,16384,139.3580
1024,32,0,0,5.1811
1024,32,1,16,5.1811
1024,32,1,32,5.1811
1024,32,1,64,5.1811
1024,32,1,128,5.1811
1024,32,1,256,5.1812
1024,32,1,512,5.1813
1024,32,1,1024,5.1987
1024,32,1,2048,5.2643
1024,32,1,4096,5.3953
1024,32,1,8192,5.6575
1024,32,1,16384,6.1818
1024,32,2,16,5.1811
1024,32,2,32,5.1811
1024,32,2,64,5.1811
1024,32,2,128,5.1812
1024,32,2,256,5.1813
1024,32,2,512,5.1988
1024,32,2,1024,5.2643
1024,32,2,2048,5.3954
1024,32,2,4096,5.6575
1024,32,2,8192,6.1818
1024,32,2,16384,7.2304
1024,32,4,16,5.1811
1024,32,4,32,5.1811
1024,32,4,64,5.1812
1024,32,4,128,5.1813
1024,32,4,256,5.1989
1024,32,4,512,5.2644
1024,32,4,1024,5.3955
1024,32,4,2048,5.6577
1024,32,4,4096,6.1820
1024,32,4,8192,7.2305
1024,32,4,16384,9.3277
1024,32,8,16,5.1811
1024,32,8,32,5.1812
1024,32,8,64,5.1813
1024,32,8,128,5.1992
1024,32,8,256,5.2647
1024,32,8,512,5.3958
1024,32,8,1024,5.6579
1024,32,8,2048,6.1822
1024,32,8,4096,7.2308
1024,32,8,8192,9.3279
1024,32,8,16384,13.5222
1024,32,16,16,5.1812
1024,32,16,32,5.1813
1024,32,16,64,5.1997
1024,32,16,128,5.2652
1024,32,16,256,5.3963
1024,32,16,512,5.6584
1024,32,16,1024,6.1827
1024,32,16,2048,7.2313
1024,32,16,4096,9.3284
1024,32,16,8192,13.5228
1024,32,16,16384,21.9114
1024,32,32,16,5.1813
1024,32,32,32,5.2007
1024,32,32,64,5.2662
1024,32,32,128,5.3973
1024,32,32,256,5.6595
1024,32,32,512,6.1837
1024,32,32,1024,7.2323
1024,32,32,2048,9.3295
1024,32,32,4096,13.5238
1024,32,32,8192,21.9124
1024,32,32,16384,38.6896
1024,32,64,16,5.2028
1024,32,64,32,5.2683
1024,32,64,64,5.3994
1024,32,64,128,5.6615
1024,32,64,256,6.1858
1024,32,64,512,7.2344
1024,32,64,1024,9.3315
1024,32,64,2048,13.5258
1024,32,64,4096,21.9144
1024,32,64,8192,38.6916
1024,32,64,16384,72.2461
1024,32,128,16,5.2724
1024,32,128,32,5.4035
1024,32,128,64,5.6656
1024,32,128,128,6.1899
1024,32,128,256,7.2385
1024,32,128,512,9.3356
1024,32,128,1024,13.5299
1024,32,128,2048,21.9185
1024,32,128,4096,38.6957
1024,32,128,8192,72.2502
1024,32,128,16384,139.3590
1024,64,0,0,5.1917
1024,64,1,16,5.1917
1024,64,1,32,5.1918
1024,64,1,64,5.1918
1024,64,1,128,5.1918
1024,64,1,256,5.1918
1024,64,1,512,5.1919
1024,64,1,1024,5.2008
1024,64,1,2048,5.2663
1024,64,1,4096,5.3974
1024,64,1,8192,5.6595
1024,64,1,16384,6.1838
1024,64,2,16,5.1918
1024,64,2,32,5.1918
1024,64,2,64,5.1918
1024,64,2,128,5.1918
1024,64,2,256,5.1919
1024,64,2,512,5.2008
1024,64,2,1024,5.2664
1024,64,2,2048,5.3974
1024,64,2,4096,5.6596
1024,64,2,8192,6.1839
1024,64,2,16384,7.2324
1024,64,4,16,5.1918
1024,64,4,32,5.1918
1024,64,4,64,5.1918
1024,64,4,128,5.1919
1024,64,4,256,5.2010
1024,64,4,512,5.2665
1024,64,4,1024,5.3976
1024,64,4,2048,5.6597
1024,64,4,4096,6.1840
1024,64,4,8192,7.2326
1024,64,4,16384,9.3297
1024,64,8,16,5.1918
1024,64,8,32,5.1918
1024,64,8,64,5.1919
1024,64,8,128,5.2012
1024,64,8,256,5.2668
1024,64,8,512,5.3978
1024,64,8,1024,5.6600
1024,64,8,2048,6.1843
1024,64,8,4096,7.2328
1024,64,8,8192,9.3300
1024,64,8,16384,13.5243
1024,64,16,16,5.1918
1024,64,16,32,5.1919
1024,64,16,64,5.2017
1024,64,16,128,5.2673
1024,64,16,256,5.3983
1024,64,16,512,5.6605
1024,64,16,1024,6.1848
1024,64,16,2048,7.2333
1024,64,16,4096,9.3305
1024,64,16,8192,13.5248
1024,64,16,16384,21.9134
1024,64,32,16,5.1919
1024,64,32,32,5.2028
1024,64,32,64,5.2683
1024,64,32,128,5.3994
1024,64,32,256,5.6615
1024,64,32,512,6.1858
1024,64,32,1024,7.2344
1024,64,32,2048,9.3315
1024,64,32,4096,13.5258
1024,64,32,8192,21.9144
1024,64,32,16384,38.6916
1024,64,64,16,5.2048
1024,64,64,32,5.2703
1024,64,64,64,5.4014
1024,64,64,128,5.6636
1024,64,64,256,6.1878
1024,64,64,512,7.2364
1024,64,64,1024,9.3336
1024,64,64,2048,13.5279
1024,64,64,4096,21.9165
1024,64,64,8192,38.6937
1024,64,64,16384,72.2481
1024,64,128,16,5.2744
1024,64,128,32,5.4055
1024,64,128,64,5.6676
1024,64,128,128,6.1919
1024,64,128,256,7.2405
1024,64,128,512,9.3377
1024,64,128,1024,13.5320
1024,64,128,2048,21.9206
1024,64,128,4096,38.6978
1024,64,128,8192,72.2522
1024,64,128,16384,139.3611
1024,128,0,0,5.2130
1024,128,1,16,5.2130
1024,128,1,32,5.2131
1024,128,1,64,5.2131
1024,128,1,128,5.2131
1024,128,1,256,5.2131
1024,128,1,512,5.2132
1024,128,1,1024,5.2134
1024,128,1,2048,5.2704
1024,128,1,4096,5.4015
1024,128,1,8192,5.6636
1024,128,1,16384,6.1879
1024,128,2,16,5.2131
1024,128,2,32,5.2131
1024,128,2,64,5.2131
1024,128,2,128,5.2131
1024,128,2,256,5.2132
1024,128,2,512,5.2134
1024,128,2,1024,5.2705
1024,128,2,2048,5.4015
1024,128,2,4096,5.6637
1024,128,2,8192,6.1880
1024,128,2,16384,7.2365
1024,128,4,16,5.2131
1024,128,4,32,5.2131
1024,128,4,64,5.2131
1024,128,4,128,5.2132
1024,128,4,256,5.2134
1024,128,4,512,5.2706
1024,128,4,1024,5.4017
1024,128,4,2048,5.6638
1024,128,4,4096,6.1881
1024,128,4,8192,7.2367
1024,128,4,16384,9.3338
1024,128,8,16,5.2131
1024,128,8,32,5.2131
1024,128,8,64,5.2132
1024,128,8,128,5.2134
1024,128,8,256,5.2708
1024,128,8,512,5.4019
1024,128,8,1024,5.6641
1024,128,8,2048,6.1884
1024,128,8,4096,7.2369
1024,128,8,8192,9.3341
1024,128,8,16384,13.5284
1024,128,16,16,5.2131
1024,128,16,32,5.2132
1024,128,16,64,5.2134
1024,128,16,128,5.2714
1024,128,16,256,5.4024
1024,128,16,512,5.6646
1024,128,16,1024,6.1889
1024,128,16,2048,7.2374
1024,128,16,4096,9.3346
1024,128,16,8192,13.5289
1024,128,16,16384,21.9175
1024,128,32,16,5.2132
1024,128,32,32,5.2134
1024,128,32,64,5.2724
1024,128,32,128,5.4035
1024,128,32,256,5.6656
1024,128,32,512,6.1899
1024,128,32,1024,7.2385
1024,128,32,2048,9.3356
1024,128,32,4096,13.5299
1024,128,32,8192,21.9185
1024,128,32,16384,38.6957
1024,128,64,16,5.2134
1024,128,64,32,5.2744
1024,128,64,64,5.4055
1024,128,64,128,5.6676
1024,128,64,256,6.1919
1024,128,64,512,7.2405
1024,128,64,1024,9.3377
1024,128,64,2048,13.5320
1024,128,64,4096,21.9206
1024,128,64,8192,38.6978
1024,128,64,16384,72.2522
1024,128,128,16,5.2785
1024,128,128,32,5.4096
1024,128,128,64,5.6717
1024,128,128,128,6.1960
1024,128,128,256,7.2446
1024,128,128,512,9.3418
1024,128,128,1024,13.5361
1024,128,128,2048,21.9247
1024,128,128,4096,38.7019
1024,128,128,8192,72.2563
1024,128,128,16384,139.3652
1024,256,0,0,5.2557
1024,256,1,16,5.2557
1024,256,1,32,5.2557
1024,256,1,64,5.2557
1024,256,1,128,5.2557
1024,256,1,256,5.2557
1024,256,1,512,5.2558
1024,256,1,1024,5.2560
1024,256,1,2048,5.2786
1024,256,1,4096,5.4097
1024,256,1,8192,5.6718
1024,256,1,16384,6.1961
1024,256,2,16,5.2557
1024,256,2,32,5.2557
1024,256,2,64,5.2557
1024,256,2,128,5.2557
1024,256,2,256,5.2558
1024,256,2,512,5.2560
1024,256,2,1024,5.2787
1024,256,2,2048,5.4097
1024,256,2,4096,5.6719
1024,256,2,8192,6.1962
1024,256,2,16384,7.2447
1024,256,4,16,5.2557
1024,256,4,32,5.2557
1024,256,4,64,5.2557
1024,256,4,128,5.2558
1024,256,4,256,5.2560
1024,256,4,512,5.2788
1024,256,4,1024,5.4099
1024,256,4,2048,5.6720
1024,256,4,4096,6.1963
1024,256,4,8192,7.2449
1024,256,4,16384,9.3420
1024,256,8,16,5.2557
1024,256,8,32,5.2557
1024,256,8,64,5.2558
1024,256,8,128,5.2560
1024,256,8,256,5.2790
1024,256,8,512,5.4101
1024,256,8,1024,5.6723
1024,256,8,2048,6.1965
1024,256,8,4096,7.2451
1024,256,8,8192,9.3423
1024,256,8,16384,13.5366
1024,256,16,16,5.2557
1024,256,16,32,5.2558
1024,256,16,64,5.2560
1024,256,16,128,5.2796
1024,256,16,256,5.4106
1024,256,16,512,5.6728
1024,256,16,1024,6.1971
1024,256,16,2048,7.2456
1024,256,16,4096,9.3428
1024,256,16,8192,13.5371
1024,256,16,16384,21.9257
1024,256,32,16,5.2558
1024,256,32,32,5.2560
1024,256,32,64,5.2806
1024,256,32,128,5.4116
1024,256,32,256,5.6738
1024,256,32,512,6.1981
1024,256,32,1024,7.2467
1024,256,32,2048,9.3438
1024,256,32,4096,13.5381
1024,256,32,8192,21.9267
1024,256,32,16384,38.7039
1024,256,64,16,5.2560
1024,256,64,32,5.2826
1024,256,64,64,5.4137
1024,256,64,128,5.6758
1024,256,64,256,6.2001
1024,256,64,512,7.2487
1024,256,64,1024,9.3459
1024,256,64,2048,13.5402
1024,256,64,4096,21.9288
1024,256,64,8192,38.7060
1024,256,64,16384,72.2604
1024,256,128,16,5.2867
1024,256,128,32,5.4178
1024,256,128,64,5.6799
1024,256,128,128,6.2042
1024,256,128,256,7.2528
1024,256,128,512,9.3500
1024,256,128,1024,13.5443
1024,256,128,2048,21.9329
1024,256,128,4096,38.7101
1024,256,128,8192,72.2645
1024,256,128,16384,139.3734
1024,512,0,0,5.3409
1024,512,1,16,5.3409
1024,512,1,32,5.3409
1024,512,1,64,5.3409
1024,512,1,128,5.3409
1024,512,1,256,5.3410
1024,512,1,512,5.3410
1024,512,1,1024,5.3412
1024,512,1,2048,5.3415
1024,512,1,4096,5.4260
1024,512,1,8192,5.6882
1024,512,1,16384,6.2125
1024,512,2,16,5.3409
1024,512,2,32,5.3409
1024,512,2,64,5.3409
1024,512,2,128,5.3410
1024,512,2,256,5.3410
1024,512,2,512,5.3412
1024,512,2,1024,5.3415
1024,512,2,2048,5.4261
1024,512,2,4096,5.6883
1024,512,2,8192,6.2125
1024,512,2,16384,7.2611
1024,512,4,16,5.3409
1024,512,4,32,5.3409
1024,512,4,64,5.3410
1024,512,4,128,5.3410
1024,512,4,256,5.3412
1024,512,4,512,5.3415
1024,512,4,1024,5.4262
1024,512,4,2048,5.6884
1024,512,4,4096,6.2127
1024,512,4,8192,7.2612
1024,512,4,16384,9.3584
1024,512,8,16,5.3409
1024,512,8,32,5.3410
1024,512,8,64,5.3410
1024,512,8,128,5.3412
1024,512,8,256,5.3415
1024,512,8,512,5.4265
1024,512,8,1024,5.6886
1024,512,8,2048,6.2129
1024,512,8,4096,7.2615
1024,512,8,8192,9.3587
1024,512,8,16384,13.5530
1024,512,16,16,5.3410
1024,512,16,32,5.3410
1024,512,16,64,5.3412
1024,512,16,128,5.3415
1024,512,16,256,5.4270
1024,512,16,512,5.6892
1024,512,16,1024,6.2134
1024,512,16,2048,7.2620
1024,512,16,4096,9.3592
1024,512,16,8192,13.5535
1024,512,16,16384,21.9421
1024,512,32,16,5.3410
1024,512,32,32,5.3412
1024,512,32,64,5.3415
1024,512,32,128,5.4280
1024,512,32,256,5.6902
1024,512,32,512,6.2145
1024,512,32,1024,7.2630
1024,512,32,2048,9.3602
1024,512,32,4096,13.5545
1024,512,32,8192,21.9431
1024,512,32,16384,38.7203
1024,512,64,16,5.3412
1024,512,64,32,5.3415
1024,512,64,64,5.4301
1024,512,64,128,5.6922
1024,512,64,256,6.2165
1024,512,64,512,7.2651
1024,512,64,1024,9.3622
1024,512,64,2048,13.5565
1024,512,64,4096,21.9452
1024,512,64,8192,38.7224
1024,512,64,16384,72.2768
1024,512,128,16,5.3415
1024,512,128,32,5.4342
1024,512,128,64,5.6963
1024,512,128,128,6.2206
1024,512,128,256,7.2692
1024,512,128,512,9.3663
1024,512,128,1024,13.5606
1024,512,128,2048,21.9492
1024,512,128,4096,38.7265
1024,512,128,8192,72.2809
1024,512,128,16384,139.3898
1024,1024,0,0,5.5113
1024,1024,1,16,5.5113
1024,1024,1,32,5.5113
1024,1024,1,64,5.5113
1024,1024,1,128,5.5113
1024,1024,1,256,5.5114
1024,1024,1,512,5.5115
1024,1024,1,1024,5.5116
1024,1024,1,2048,5.5120
1024,1024,1,4096,5.5126
1024,1024,1,8192,5.7210
1024,1024,1,16384,6.2452
1024,1024,2,16,5.5113
1024,1024,2,32,5.5113
1024,1024,2,64,5.5113
1024,1024,2,128,5.5114
1024,1024,2,256,5.5115
1024,1024,2,512,5.5116
1024,1024,2,1024,5.5120
1024,1024,2,2048,5.5126
1024,1024,2,4096,5.7210
1024,1024,2,8192,6.2453
1024,1024,2,16384,7.2939
1024,1024,4,16,5.5113
1024,1024,4,32,5.5113
1024,1024,4,64,5.5114
1024,1024,4,128,5.5115
1024,1024,4,256,5.5116
1024,1024,4,512,5.5120
1024,1024,4,1024,5.5126
1024,1024,4,2048,5.7212
1024,1024,4,4096,6.2454
1024,1024,4,8192,7.2940
1024,1024,4,16384,9.3912
1024,1024,8,16,5.5113
1024,1024,8,32,5.5114
1024,1024,8,64,5.5115
1024,1024,8,128,5.5116
1024,1024,8,256,5.5120
1024,1024,8,512,5.5126
1024,1024,8,1024,5.7214
1024,1024,8,2048,6.2457
1024,1024,8,4096,7.2943
1024,1024,8,8192,9.3914
1024,1024,8,16384,13.5857
1024,1024,16,16,5.5114
1024,1024,16,32,5.5115
1024,1024,16,64,5.5116
1024,1024,16,128,5.5120
1024,1024,16,256,5.5126
1024,1024,16,512,5.7219
1024,1024,16,1024,6.2462
1024,1024,16,2048,7.2948
1024,1024,16,4096,9.3919
1024,1024,16,8192,13.5862
1024,1024,16,16384,21.9748
1024,1024,32,16,5.5115
1024,1024,32,32,5.5116
1024,1024,32,64,5.5120
1024,1024,32,128,5.5126
1024,1024,32,256,5.7229
1024,1024,32,512,6.2472
1024,1024,32,1024,7.2958
1024,1024,32,2048,9.3930
1024,1024,32,4096,13.5873
1024,1024,32,8192,21.9759
1024,1024,32,16384,38.7531
1024,1024,64,16,5.5116
1024,1024,64,32,5.5120
1024,1024,64,64,5.5126
1024,1024,64,128,5.7250
1024,1024,64,256,6.2493
1024,1024,64,512,7.2979
1024,1024,64,1024,9.3950
1024,1024,64,2048,13.5893
1024,1024,64,4096,21.9779
1024,1024,64,8192,38.7551
1024,1024,64,16384,72.3096
1024,1024,128,16,5.5120
1024,1024,128,32,5.5126
1024,1024,128,64,5.7291
1024,1024,128,128,6.2534
1024,1024,128,256,7.3020
1024,1024,128,512,9.3991
1024,1024,128,1024,13.5934
1024,1024,128,2048,21.9820
1024,1024,128,4096,38.7592
1024,1024,128,8192,72.3137
1024,1024,128,16384,139.4225
1024,2048,0,0,5.8522
1024,2048,1,16,5.8522
1024,2048,1,32,5.8522
1024,2048,1,64,5.8522
1024,2048,1,128,5.8522
1024,2048,1,256,5.8523
1024,2048,1,512,5.8523
1024,2048,1,1024,5.8525
1024,2048,1,2048,5.8528
1024,2048,1,4096,5.8535
1024,2048,1,8192,5.8548
1024,2048,1,16384,6.3108
1024,2048,2,16,5.8522
1024,2048,2,32,5.8522
1024,2048,2,64,5.8522
1024,2048,2,128,5.8523
1024,2048,2,256,5.8523
1024,2048,2,512,5.8525
1024,2048,2,1024,5.8528
1024,2048,2,2048,5.8535
1024,2048,2,4096,5.8548
1024,2048,2,8192,6.3108
1024,2048,2,16384,7.3594
1024,2048,4,16,5.8522
1024,2048,4,32,5.8522
1024,2048,4,64,5.8523
1024,2048,4,128,5.8523
1024,2048,4,256,5.8525
1024,2048,4,512,5.8528
1024,2048,4,1024,5.8535
1024,2048,4,2048,5.8548
1024,2048,4,4096,6.3110
1024,2048,4,8192,7.3596
1024,2048,4,16384,9.4567
1024,2048,8,16,5.8522
1024,2048,8,32,5.8523
1024,2048,8,64,5.8523
1024,2048,8,128,5.8525
1024,2048,8,256,5.8528
1024,2048,8,512,5.8535
1024,2048,8,1024,5.8548
1024,2048,8,2048,6.3112
1024,2048,8,4096,7.3598
1024,2048,8,8192,9.4570
1024,2048,8,16384,13.6513
1024,2048,16,16,5.8523
1024,2048,16,32,5.8523
1024,2048,16,64,5.8525
1024,2048,16,128,5.8528
1024,2048,16,256,5.8535
1024,2048,16,512,5.8548
1024,2048,16,1024,6.3117
1024,2048,16,2048,7.3603
1024,2048,16,4096,9.4575
1024,2048,16,8192,13.6518
1024,2048,16,16384,22.0404
1024,2048,32,16,5.8523
1024,2048,32,32,5.8525
1024,2048,32,64,5.8528
1024,2048,32,128,5.8535
1024,2048,32,256,5.8548
1024,2048,32,512,6.3128
1024,2048,32,1024,7.3613
1024,2048,32,2048,9.4585
1024,2048,32,4096,13.6528
1024,2048,32,8192,22.0414
1024,2048,32,16384,38.8186
1024,2048,64,16,5.8525
1024,2048,64,32,5.8528
1024,2048,64,64,5.8535
1024,2048,64,128,5.8548
1024,2048,64,256,6.3148
1024,2048,64,512,7.3634
1024,2048,64,1024,9.4605
1024,2048,64,2048,13.6548
1024,2048,64,4096,22.0435
1024,2048,64,8192,38.8207
1024,2048,64,16384,72.3751
1024,2048,128,16,5.8528
1024,2048,128,32,5.8535
1024,2048,128,64,5.8548
1024,2048,128,128,6.3189
1024,2048,128,256,7.3675
1024,2048,128,512,9.4646
1024,2048,128,1024,13.6589
1024,2048,128,2048,22.0476
1024,2048,128,4096,38.8248
1024,2048,128,8192,72.3792
1024,2048,128,16384,139.4881
1024,4096,0,0,6.5339
1024,4096,1,16,6.5339
1024,4096,1,32,6.5339
1024,4096,1,64,6.5339
1024,4096,1,128,6.5340
1024,4096,1,256,6.5340
1024,4096,1,512,6.5341
1024,4096,1,1024,6.5342
1024,4096,1,2048,6.5346
1024,4096,1,4096,6.5352
1024,4096,1,8192,6.5366
1024,4096,1,16384,6.5392
1024,4096,2,16,6.5339
1024,4096,2,32,6.5339
1024,4096,2,64,6.5340
1024,4096,2,128,6.5340
1024,4096,2,256,6.5341
1024,4096,2,512,6.5342
1024,4096,2,1024,6.5346
1024,4096,2,2048,6.5352
1024,4096,2,4096,6.5366
1024,4096,2,8192,6.5392
1024,4096,2,16384,7.4905
1024,4096,4,16,6.5339
1024,4096,4,32,6.5340
1024,4096,4,64,6.5340
1024,4096,4,128,6.5341
1024,4096,4,256,6.5342
1024,4096,4,512,6.5346
1024,4096,4,1024,6.5352
1024,4096,4,2048,6.5366
1024,4096,4,4096,6.5392
1024,4096,4,8192,7.4906
1024,4096,4,16384,9.5878
1024,4096,8,16,6.5340
1024,4096,8,32,6.5340
1024,4096,8,64,6.5341
1024,4096,8,128,6.5342
1024,4096,8,256,6.5346
1024,4096,8,512,6.5352
1024,4096,8,1024,6.5366
1024,4096,8,2048,6.5392
1024,4096,8,4096,7.4909
1024,4096,8,8192,9.5880
1024,4096,8,16384,13.7823
1024,4096,16,16,6.5340
1024,4096,16,32,6.5341
1024,4096,16,64,6.5342
1024,4096,16,128,6.5346
1024,4096,16,256,6.5352
1024,4096,16,512,6.5366
1024,4096,16,1024,6.5392
1024,4096,16,2048,7.4914
1024,4096,16,4096,9.5885
1024,4096,16,8192,13.7828
1024,4096,16,16384,22.1715
1024,4096,32,16,6.5341
1024,4096,32,32,6.5342
1024,4096,32,64,6.5346
1024,4096,32,128,6.5352
1024,4096,32,256,6.5366
1024,4096,32,512,6.5392
1024,4096,32,1024,7.4924
1024,4096,32,2048,9.5896
1024,4096,32,4096,13.7839
1024,4096,32,8192,22.1725
1024,4096,32,16384,38.9497
1024,4096,64,16,6.5342
1024,4096,64,32,6.5346
1024,4096,64,64,6.5352
1024,4096,64,128,6.5366
1024,4096,64,256,6.5392
1024,4096,64,512,7.4945
1024,4096,64,1024,9.5916
1024,4096,64,2048,13.7859
1024,4096,64,4096,22.1745
1024,4096,64,8192,38.9517
1024,4096,64,16384,72.5062
1024,4096,128,16,6.5346
1024,4096,128,32,6.5352
1024,4096,128,64,6.5366
1024,4096,128,128,6.5392
1024,4096,128,256,7.4986
1024,4096,128,512,9.5957
1024,4096,128,1024,13.7900
1024,4096,128,2048,22.1786
1024,4096,128,4096,38.9558
1024,4096,128,8192,72.5103
1024,4096,128,16384,139.6191
1024,8192,0,0,7.8974
1024,8192,1,16,7.8974
1024,8192,1,32,7.8974
1024,8192,1,64,7.8974
1024,8192,1,128,7.8974
1024,8192,1,256,7.8975
1024,8192,1,512,7.8976
1024,8192,1,1024,7.8977
1024,8192,1,2048,7.8981
1024,8192,1,4096,7.8987
1024,8192,1,8192,7.9001
1024,8192,1,16384,7.9027
1024,8192,2,16,7.8974
1024,8192,2,32,7.8974
1024,8192,2,64,7.8974
1024,8192,2,128,7.8975
1024,8192,2,256,7.8976
1024,8192,2,512,7.8977
1024,8192,2,1024,7.8981
1024,8192,2,2048,7.8987
1024,8192,2,4096,7.9001
1024,8192,2,8192,7.9027
1024,8192,2,16384,7.9081
1024,8192,4,16,7.8974
1024,8192,4,32,7.8974
1024,8192,4,64,7.8975
1024,8192,4,128,7.8976
1024,8192,4,256,7.8977
1024,8192,4,512,7.8981
1024,8192,4,1024,7.8987
1024,8192,4,2048,7.9001
1024,8192,4,4096,7.9027
1024,8192,4,8192,7.9081
1024,8192,4,16384,9.8499
1024,8192,8,16,7.8974
1024,8192,8,32,7.8975
1024,8192,8,64,7.8976
1024,8192,8,128,7.8977
1024,8192,8,256,7.8981
1024,8192,8,512,7.8987
1024,8192,8,1024,7.9001
1024,8192,8,2048,7.9027
1024,8192,8,4096,7.9081
1024,8192,8,8192,9.8502
1024,8192,8,16384,14.0445
1024,8192,16,16,7.8975
1024,8192,16,32,7.8976
1024,8192,16,64,7.8977
1024,8192,16,128,7.8981
1024,8192,16,256,7.8987
1024,8192,16,512,7.9001
1024,8192,16,1024,7.9027
1024,8192,16,2048,7.9081
1024,8192,16,4096,9.8507
1024,8192,16,8192,14.0450
1024,8192,16,16384,22.4336
1024,8192,32,16,7.8976
1024,8192,32,32,7.8977
1024,8192,32,64,7.8981
1024,8192,32,128,7.8987
1024,8192,32,256,7.9001
1024,8192,32,512,7.9027
1024,8192,32,1024,7.9081
1024,8192,32,2048,9.8517
1024,8192,32,4096,14.0460
1024,8192,32,8192,22.4346
1024,8192,32,16384,39.2118
1024,8192,64,16,7.8977
1024,8192,64,32,7.8981
1024,8192,64,64,7.8987
1024,8192,64,128,7.9001
1024,8192,64,256,7.9027
1024,8192,64,512,7.9081
1024,8192,64,1024,9.8538
1024,8192,64,2048,14.0481
1024,8192,64,4096,22.4367
1024,8192,64,8192,39.2139
1024,8192,64,16384,72.7683
1024,8192,128,16,7.8981
1024,8192,128,32,7.8987
1024,8192,128,64,7.9001
1024,8192,128,128,7.9027
1024,8192,128,256,7.9081
1024,8192,128,512,9.8579
1024,8192,128,1024,14.0522
1024,8192,128,2048,22.4408
1024,8192,128,4096,39.2180
1024,8192,128,8192,72.7724
1024,8192,128,16384,139.8813
1024,16384,0,0,10.6244
1024,16384,1,16,10.6244
1024,16384,1,32,10.6244
1024,16384,1,64,10.6244
1024,16384,1,128,10.6244
1024,16384,1,256,10.6244
1024,16384,1,512,10.6245
1024,16384,1,1024,10.6247
1024,16384,1,2048,10.6250
1024,16384,1,4096,10.6257
1024,16384,1,8192,10.6270
1024,16384,1,16384,10.6297
1024,16384,2,16,10.6244
1024,16384,2,32,10.6244
1024,16384,2,64,10.6244
1024,16384,2,128,10.6244
1024,16384,2,256,10.6245
1024,16384,2,512,10.6247
1024,16384,2,1024,10.6250
1024,16384,2,2048,10.6257
1024,16384,2,4096,10.6270
1024,16384,2,8192,10.6297
1024,16384,2,16384,10.6350
1024,16384,4,16,10.6244
1024,16384,4,32,10.6244
1024,16384,4,64,10.6244
1024,16384,4,128,10.6245
1024,16384,4,256,10.6247
1024,16384,4,512,10.6250
1024,16384,4,1024,10.6257
1024,16384,4,2048,10.6270
1024,16384,4,4096,10.6297
1024,16384,4,8192,10.6350
1024,16384,4,16384,10.6457
1024,16384,8,16,10.6244
1024,16384,8,32,10.6244
1024,16384,8,64,10.6245
1024,16384,8,128,10.6247
1024,16384,8,256,10.6250
1024,16384,8,512,10.6257
1024,16384,8,1024,10.6270
1024,16384,8,2048,10.6297
1024,16384,8,4096,10.6350
1024,16384,8,8192,10.6457
1024,16384,8,16384,14.5688
1024,16384,16,16,10.6244
1024,16384,16,32,10.6245
1024,16384,16,64,10.6247
1024,16384,16,128,10.6250
1024,16384,16,256,10.6257
1024,16384,16,512,10.6270
1024,16384,16,1024,10.6297
1024,16384,16,2048,10.6350
1024,16384,16,4096,10.6457
1024,16384,16,8192,14.5693
1024,16384,16,16384,22.9579
1024,16384,32,16,10.6245
1024,16384,32,32,10.6247
1024,16384,32,64,10.6250
1024,16384,32,128,10.6257
1024,16384,32,256,10.6270
1024,16384,32,512,10.6297
1024,16384,32,1024,10.6350
1024,16384,32,2048,10.6457
1024,16384,32,4096,14.5703
1024,16384,32,8192,22.9589
1024,16384,32,16384,39.7361
1024,16384,64,16,10.6247
1024,16384,64,32,10.6250
1024,16384,64,64,10.6257
1024,16384,64,128,10.6270
1024,16384,64,256,10.6297
1024,16384,64,512,10.6350
1024,16384,64,1024,10.6457
1024,16384,64,2048,14.5724
1024,16384,64,4096,22.9610
1024,16384,64,8192,39.7382
1024,16384,64,16384,73.2926
1024,16384,128,16,10.6250
1024,16384,128,32,10.6257
1024,16384,128,64,10.6270
1024,16384,128,128,10.6297
1024,16384,128,256,10.6350
1024,16384,128,512,10.6457
1024,16384,128,1024,14.5764
1024,16384,128,2048,22.9651
1024,16384,128,4096,39.7423
1024,16384,128,8192,73.2967
1024,16384,128,16384,140.4056
1384,0,0,0,5.3113
1384,0,1,512,5.3115
1384,0,1,768,5.3116
1384,0,1,1152,5.3117
1384,0,1,1728,5.3119
1384,0,1,2592,5.3431
1384,0,1,3888,5.4260
1384,0,1,5832,5.5505
1384,0,1,8748,5.7371
1384,0,1,13122,6.0170
1384,0,1,16384,6.2258
1384,0,2,512,5.3117
1384,0,2,768,5.3118
1384,0,2,1152,5.3247
1384,0,2,1728,5.3985
1384,0,2,2592,5.5091
1384,0,2,3888,5.6749
1384,0,2,5832,5.9238
1384,0,2,8748,6.2970
1384,0,2,13122,6.8569
1384,0,2,16384,7.2744
1384,0,4,512,5.3120
1384,0,4,768,5.3740
1384,0,4,1152,5.4723
1384,0,4,1728,5.6198
1384,0,4,2592,5.8410
1384,0,4,3888,6.1727
1384,0,4,5832,6.6704
1384,0,4,8748,7.4169
1384,0,4,13122,8.5366
1384,0,4,16384,9.3717
1384,0,8,512,5.4398
1384,0,8,768,5.5709
1384,0,8,1152,5.7675
1384,0,8,1728,6.0624
1384,0,8,2592,6.5048
1384,0,8,3888,7.1683
1384,0,8,5832,8.1636
1384,0,8,8748,9.6566
1384,0,8,13122,11.8961
1384,0,8,16384,13.5663
1384,0,16,512,5.7025
1384,0,16,768,5.9646
1384,0,16,1152,6.3578
1384,0,16,1728,6.9476
1384,0,16,2592,7.8324
1384,0,16,3888,9.1595
1384,0,16,5832,11.1501
1384,0,16,8748,14.1361
1384,0,16,13122,18.6151
1384,0,16,16384,21.9554
1384,0,32,512,6.2278
1384,0,32,768,6.7521
1384,0,32,1152,7.5385
1384,0,32,1728,8.7181
1384,0,32,2592,10.4876
1384,0,32,3888,13.1418
1384,0,32,5832,17.1231
1384,0,32,8748,23.0951
1384,0,32,13122,32.0531
1384,0,32,16384,38.7336
1384,0,64,512,7.2784
1384,0,64,768,8.3270
1384,0,64,1152,9.8998
1384,0,64,1728,12.2591
1384,0,64,2592,15.7981
1384,0,64,3888,21.1065
1384,0,64,5832,29.0691
1384,0,64,8748,41.0131
1384,0,64,13122,58.9290
1384,0,64,16384,72.2901
1384,0,128,512,9.3796
1384,0,128,768,11.4768
1384,0,128,1152,14.6225
1384,0,128,1728,19.3411
1384,0,128,2592,26.4190
1384,0,128,3888,37.0358
1384,0,128,5832,52.9611
1384,0,128,8748,76.8490
1384,0,128,13122,112.6808
1384,0,128,16384,139.4031
1384,512,0,0,5.5417
1384,512,1,512,5.5419
1384,512,1,768,5.5419
1384,512,1,1152,5.5421
1384,512,1,1728,5.5423
1384,512,1,2592,5.5425
1384,512,1,3888,5.5430
1384,512,1,5832,5.5832
1384,512,1,8748,5.7699
1384,512,1,13122,6.0498
1384,512,1,16384,6.2586
1384,512,2,512,5.5420
1384,512,2,768,5.5422
1384,512,2,1152,5.5424
1384,512,2,1728,5.5428
1384,512,2,2592,5.5434
1384,512,2,3888,5.7077
1384,512,2,5832,5.9565
1384,512,2,8748,6.3298
1384,512,2,13122,6.8897
1384,512,2,16384,7.3072
1384,512,4,512,5.5424
1384,512,4,768,5.5427
1384,512,4,1152,5.5432
1384,512,4,1728,5.6525
1384,512,4,2592,5.8737
1384,512,4,3888,6.2055
1384,512,4,5832,6.7032
1384,512,4,8748,7.4497
1384,512,4,13122,8.5694
1384,512,4,16384,9.4045
1384,512,8,512,5.5430
1384,512,8,768,5.6036
1384,512,8,1152,5.8003
1384,512,8,1728,6.0952
1384,512,8,2592,6.5375
1384,512,8,3888,7.2011
1384,512,8,5832,8.1964
1384,512,8,8748,9.6894
1384,512,8,13122,11.9289
1384,512,8,16384,13.5990
1384,512,16,512,5.7352
1384,512,16,768,5.9974
1384,512,16,1152,6.3906
1384,512,16,1728,6.9804
1384,512,16,2592,7.8652
1384,512,16,3888,9.1923
1384,512,16,5832,11.1829
1384,512,16,8748,14.1689
1384,512,16,13122,18.6479
1384,512,16,16384,21.9882
1384,512,32,512,6.2605
1384,512,32,768,6.7848
1384,512,32,1152,7.5713
1384,512,32,1728,8.7509
1384,512,32,2592,10.5204
1384,512,32,3888,13.1746
1384,512,32,5832,17.1559
1384,512,32,8748,23.1279
1384,512,32,13122,32.0858
1384,512,32,16384,38.7664
1384,512,64,512,7.3112
1384,512,64,768,8.3597
1384,512,64,1152,9.9326
1384,512,64,1728,12.2919
1384,512,64,2592,15.8308
1384,512,64,3888,21.1393
1384,512,64,5832,29.1019
1384,512,64,8748,41.0458
1384,512,64,13122,58.9617
1384,512,64,16384,72.3229
1384,512,128,512,9.4124
1384,512,128,768,11.5096
1384,512,128,1152,14.6553
1384,512,128,1728,19.3739
1384,512,128,2592,26.4518
1384,512,128,3888,37.0686
1384,512,128,5832,52.9939
1384,512,128,8748,76.8817
1384,512,128,13122,112.7135
1384,512,128,16384,139.4358
1384,768,0,0,5.6569
1384,768,1,512,5.6570
1384,768,1,768,5.6571
1384,768,1,1152,5.6572
1384,768,1,1728,5.6574
1384,768,1,2592,5.6577
1384,768,1,3888,5.6581
1384,768,1,5832,5.6588
1384,768,1,8748,5.7862
1384,768,1,13122,6.0662
1384,768,1,16384,6.2749
1384,768,2,512,5.6572
1384,768,2,768,5.6574
1384,768,2,1152,5.6576
1384,768,2,1728,5.6580
1384,768,2,2592,5.6586
1384,768,2,3888,5.7241
1384,768,2,5832,5.9729
1384,768,2,8748,6.3462
1384,768,2,13122,6.9060
1384,768,2,16384,7.3236
1384,768,4,512,5.6575
1384,768,4,768,5.6579
1384,768,4,1152,5.6584
1384,768,4,1728,5.6689
1384,768,4,2592,5.8901
1384,768,4,3888,6.2219
1384,768,4,5832,6.7196
1384,768,4,8748,7.4660
1384,768,4,13122,8.5858
1384,768,4,16384,9.4209
1384,768,8,512,5.6582
1384,768,8,768,5.6589
1384,768,8,1152,5.8166
1384,768,8,1728,6.1116
1384,768,8,2592,6.5539
1384,768,8,3888,7.2175
1384,768,8,5832,8.2128
1384,768,8,8748,9.7058
1384,768,8,13122,11.9453
1384,768,8,16384,13.6154
1384,768,16,512,5.7516
1384,768,16,768,6.0138
1384,768,16,1152,6.4070
1384,768,16,1728,6.9968
1384,768,16,2592,7.8815
1384,768,16,3888,9.2086
1384,768,16,5832,11.1993
1384,768,16,8748,14.1853
1384,768,16,13122,18.6643
1384,768,16,16384,22.0045
1384,768,32,512,6.2769
1384,768,32,768,6.8012
1384,768,32,1152,7.5876
1384,768,32,1728,8.7673
1384,768,32,2592,10.5368
1384,768,32,3888,13.1910
1384,768,32,5832,17.1723
1384,768,32,8748,23.1443
1384,768,32,13122,32.1022
1384,768,32,16384,38.7828
1384,768,64,512,7.3276
1384,768,64,768,8.3761
1384,768,64,1152,9.9490
1384,768,64,1728,12.3083
1384,768,64,2592,15.8472
1384,768,64,3888,21.1556
1384,768,64,5832,29.1183
1384,768,64,8748,41.0622
1384,768,64,13122,58.9781
1384,768,64,16384,72.3393
1384,768,128,512,9.4288
1384,768,128,768,11.5260
1384,768,128,1152,14.6717
1384,768,128,1728,19.3903
1384,768,128,2592,26.4682
1384,768,128,3888,37.0850
1384,768,128,5832,53.0102
1384,768,128,8748,76.8981
1384,768,128,13122,112.7299
1384,768,128,16384,139.4522
1384,1152,0,0,5.8296
1384,1152,1,512,5.8298
1384,1152,1,768,5.8299
1384,1152,1,1152,5.8300
1384,1152,1,1728,5.8302
1384,1152,1,2592,5.8305
1384,1152,1,3888,5.8309
1384,1152,1,5832,5.8315
1384,1152,1,8748,5.8325
1384,1152,1,13122,6.0908
1384,1152,1,16384,6.2995
1384,1152,2,512,5.8300
1384,1152,2,768,5.8301
1384,1152,2,1152,5.8304
1384,1152,2,1728,5.8308
1384,1152,2,2592,5.8313
1384,1152,2,3888,5.8322
1384,1152,2,5832,5.9975
1384,1152,2,8748,6.3708
1384,1152,2,13122,6.9306
1384,1152,2,16384,7.3482
1384,1152,4,512,5.8303
1384,1152,4,768,5.8306
1384,1152,4,1152,5.8311
1384,1152,4,1728,5.8319
1384,1152,4,2592,5.9147
1384,1152,4,3888,6.2465
1384,1152,4,5832,6.7441
1384,1152,4,8748,7.4906
1384,1152,4,13122,8.6104
1384,1152,4,16384,9.4454
1384,1152,8,512,5.8310
1384,1152,8,768,5.8316
1384,1152,8,1152,5.8412
1384,1152,8,1728,6.1361
1384,1152,8,2592,6.5785
1384,1152,8,3888,7.2420
1384,1152,8,5832,8.2374
1384,1152,8,8748,9.7304
1384,1152,8,13122,11.9699
1384,1152,8,16384,13.6400
1384,1152,16,512,5.8323
1384,1152,16,768,6.0383
1384,1152,16,1152,6.4316
1384,1152,16,1728,7.0214
1384,1152,16,2592,7.9061
1384,1152,16,3888,9.2332
1384,1152,16,5832,11.2239
1384,1152,16,8748,14.2099
1384,1152,16,13122,18.6888
1384,1152,16,16384,22.0291
1384,1152,32,512,6.3015
1384,1152,32,768,6.8258
1384,1152,32,1152,7.6122
1384,1152,32,1728,8.7919
1384,1152,32,2592,10.5613
1384,1152,32,3888,13.2156
1384,1152,32,5832,17.1969
1384,1152,32,8748,23.1688
1384,1152,32,13122,32.1268
1384,1152,32,16384,38.8074
1384,1152,64,512,7.3521
1384,1152,64,768,8.4007
1384,1152,64,1152,9.9736
1384,1152,64,1728,12.3329
1384,1152,64,2592,15.8718
1384,1152,64,3888,21.1802
1384,1152,64,5832,29.1428
1384,1152,64,8748,41.0868
1384,1152,64,13122,59.0027
1384,1152,64,16384,72.3638
1384,1152,128,512,9.4534
1384,1152,128,768,11.5505
1384,1152,128,1152,14.6963
1384,1152,128,1728,19.4148
1384,1152,128,2592,26.4927
1384,1152,128,3888,37.1096
1384,1152,128,5832,53.0348
1384,1152,128,8748,76.9227
1384,1152,128,13122,112.7545
1384,1152,128,16384,139.4768
1384,1728,0,0,6.0888
1384,1728,1,512,6.0889
1384,1728,1,768,6.0890
1384,1728,1,1152,6.0892
1384,1728,1,1728,6.0893
1384,1728,1,2592,6.0896
1384,1728,1,3888,6.0900
1384,1728,1,5832,6.0907
1384,1728,1,8748,6.0916
1384,1728,1,13122,6.1276
1384,1728,1,16384,6.3364
1384,1728,2,512,6.0891
1384,1728,2,768,6.0893
1384,1728,2,1152,6.0895
1384,1728,2,1728,6.0899
1384,1728,2,2592,6.0905
1384,1728,2,3888,6.0913
1384,1728,2,5832,6.0926
1384,1728,2,8748,6.4076
1384,1728,2,13122,6.9675
1384,1728,2,16384,7.3850
1384,1728,4,512,6.0894
1384,1728,4,768,6.0898
1384,1728,4,1152,6.0903
1384,1728,4,1728,6.0910
1384,1728,4,2592,6.0922
1384,1728,4,3888,6.2833
1384,1728,4,5832,6.7810
1384,1728,4,8748,7.5275
1384,1728,4,13122,8.6472
1384,1728,4,16384,9.4823
1384,1728,8,512,6.0901
1384,1728,8,768,6.0908
1384,1728,8,1152,6.0918
1384,1728,8,1728,6.1730
1384,1728,8,2592,6.6154
1384,1728,8,3888,7.2789
1384,1728,8,5832,8.2742
1384,1728,8,8748,9.7672
1384,1728,8,13122,12.0067
1384,1728,8,16384,13.6769
1384,1728,16,512,6.0914
1384,1728,16,768,6.0928
1384,1728,16,1152,6.4684
1384,1728,16,1728,7.0582
1384,1728,16,2592,7.9430
1384,1728,16,3888,9.2701
1384,1728,16,5832,11.2607
1384,1728,16,8748,14.2467
1384,1728,16,13122,18.7257
1384,1728,16,16384,22.0660
1384,1728,32,512,6.3384
1384,1728,32,768,6.8627
1384,1728,32,1152,7.6491
1384,1728,32,1728,8.8287
1384,1728,32,2592,10.5982
1384,1728,32,3888,13.2524
1384,1728,32,5832,17.2337
1384,1728,32,8748,23.2057
1384,1728,32,13122,32.1636
1384,1728,32,16384,38.8442
1384,1728,64,512,7.3890
1384,1728,64,768,8.4376
1384,1728,64,1152,10.0104
1384,1728,64,1728,12.3697
1384,1728,64,2592,15.9087
1384,1728,64,3888,21.2171
1384,1728,64,5832,29.1797
1384,1728,64,8748,41.1236
1384,1728,64,13122,59.0396
1384,1728,64,16384,72.4007
1384,1728,128,512,9.4902
1384,1728,128,768,11.5874
1384,1728,128,1152,14.7331
1384,1728,128,1728,19.4517
1384,1728,128,2592,26.5296
1384,1728,128,3888,37.1464
1384,1728,128,5832,53.0717
1384,1728,128,8748,76.9596
1384,1728,128,13122,112.7914
1384,1728,128,16384,139.5137
1384,2592,0,0,6.4775
1384,2592,1,512,6.4777
1384,2592,1,768,6.4778
1384,2592,1,1152,6.4779
1384,2592,1,1728,6.4781
1384,2592,1,2592,6.4783
1384,2592,1,3888,6.4788
1384,2592,1,5832,6.4794
1384,2592,1,8748,6.4803
1384,2592,1,13122,6.4818
1384,2592,1,16384,6.4828
1384,2592,2,512,6.4778
1384,2592,2,768,6.4780
1384,2592,2,1152,6.4783
1384,2592,2,1728,6.4786
1384,2592,2,2592,6.4792
1384,2592,2,3888,6.4800
1384,2592,2,5832,6.4813
1384,2592,2,8748,6.4832
1384,2592,2,13122,7.0228
1384,2592,2,16384,7.4403
1384,2592,4,512,6.4782
1384,2592,4,768,6.4785
1384,2592,4,1152,6.4790
1384,2592,4,1728,6.4798
1384,2592,4,2592,6.4809
1384,2592,4,3888,6.4826
1384,2592,4,5832,6.8363
1384,2592,4,8748,7.5828
1384,2592,4,13122,8.7025
1384,2592,4,16384,9.5376
1384,2592,8,512,6.4788
1384,2592,8,768,6.4795
1384,2592,8,1152,6.4805
1384,2592,8,1728,6.4820
1384,2592,8,2592,6.6707
1384,2592,8,3888,7.3342
1384,2592,8,5832,8.3295
1384,2592,8,8748,9.8225
1384,2592,8,13122,12.0620
1384,2592,8,16384,13.7322
1384,2592,16,512,6.4802
1384,2592,16,768,6.4815
1384,2592,16,1152,6.5237
1384,2592,16,1728,7.1135
1384,2592,16,2592,7.9983
1384,2592,16,3888,9.3254
1384,2592,16,5832,11.3160
1384,2592,16,8748,14.3020
1384,2592,16,13122,18.7810
1384,2592,16,16384,22.1213
1384,2592,32,512,6.4828
1384,2592,32,768,6.9180
1384,2592,32,1152,7.7044
1384,2592,32,1728,8.8840
1384,2592,32,2592,10.6535
1384,2592,32,3888,13.3077
1384,2592,32,5832,17.2890
1384,2592,32,8748,23.2610
1384,2592,32,13122,32.2189
1384,2592,32,16384,38.8995
1384,2592,64,512,7.4443
1384,2592,64,768,8.4929
1384,2592,64,1152,10.0657
1384,2592,64,1728,12.4250
1384,2592,64,2592,15.9640
1384,2592,64,3888,21.2724
1384,2592,64,5832,29.2350
1384,2592,64,8748,41.1789
1384,2592,64,13122,59.0948
1384,2592,64,16384,72.4560
1384,2592,128,512,9.5455
1384,2592,128,768,11.6427
1384,2592,128,1152,14.7884
1384,2592,128,1728,19.5070
1384,2592,128,2592,26.5849
1384,2592,128,3888,37.2017
1384,2592,128,5832,53.1270
1384,2592,128,8748,77.0148
1384,2592,128,13122,112.8467
1384,2592,128,16384,139.5690
1384,3888,0,0,7.0606
1384,3888,1,512,7.0608
1384,3888,1,768,7.0608
1384,3888,1,1152,7.0610
1384,3888,1,1728,7.0611
1384,3888,1,2592,7.0614
1384,3888,1,3888,7.0619
1384,3888,1,5832,7.0625
1384,3888,1,8748,7.0634
1384,3888,1,13122,7.0649
1384,3888,1,16384,7.0659
1384,3888,2,512,7.0609
1384,3888,2,768,7.0611
1384,3888,2,1152,7.0613
1384,3888,2,1728,7.0617
1384,3888,2,2592,7.0623
1384,3888,2,3888,7.0631
1384,3888,2,5832,7.0644
1384,3888,2,8748,7.0663
1384,3888,2,13122,7.1057
1384,3888,2,16384,7.5233
1384,3888,4,512,7.0613
1384,3888,4,768,7.0616
1384,3888,4,1152,7.0621
1384,3888,4,1728,7.0628
1384,3888,4,2592,7.0640
1384,3888,4,3888,7.0656
1384,3888,4,5832,7.0682
1384,3888,4,8748,7.6657
1384,3888,4,13122,8.7855
1384,3888,4,16384,9.6205
1384,3888,8,512,7.0619
1384,3888,8,768,7.0626
1384,3888,8,1152,7.0636
1384,3888,8,1728,7.0651
1384,3888,8,2592,7.0673
1384,3888,8,3888,7.4172
1384,3888,8,5832,8.4125
1384,3888,8,8748,9.9055
1384,3888,8,13122,12.1450
1384,3888,8,16384,13.8151
1384,3888,16,512,7.0633
1384,3888,16,768,7.0646
1384,3888,16,1152,7.0666
1384,3888,16,1728,7.1965
1384,3888,16,2592,8.0812
1384,3888,16,3888,9.4083
1384,3888,16,5832,11.3990
1384,3888,16,8748,14.3850
1384,3888,16,13122,18.8639
1384,3888,16,16384,22.2042
1384,3888,32,512,7.0659
1384,3888,32,768,7.0686
1384,3888,32,1152,7.7873
1384,3888,32,1728,8.9670
1384,3888,32,2592,10.7364
1384,3888,32,3888,13.3907
1384,3888,32,5832,17.3720
1384,3888,32,8748,23.3439
1384,3888,32,13122,32.3019
1384,3888,32,16384,38.9825
1384,3888,64,512,7.5272
1384,3888,64,768,8.5758
1384,3888,64,1152,10.1487
1384,3888,64,1728,12.5080
1384,3888,64,2592,16.0469
1384,3888,64,3888,21.3553
1384,3888,64,5832,29.3180
1384,3888,64,8748,41.2619
1384,3888,64,13122,59.1778
1384,3888,64,16384,72.5389
1384,3888,128,512,9.6285
1384,3888,128,768,11.7256
1384,3888,128,1152,14.8714
1384,3888,128,1728,19.5900
1384,3888,128,2592,26.6678
1384,3888,128,3888,37.2847
1384,3888,128,5832,53.2099
1384,3888,128,8748,77.0978
1384,3888,128,13122,112.9296
1384,3888,128,16384,139.6519
1384,5832,0,0,7.9352
1384,5832,1,512,7.9354
1384,5832,1,768,7.9355
1384,5832,1,1152,7.9356
1384,5832,1,1728,7.9358
1384,5832,1,2592,7.9361
1384,5832,1,3888,7.9365
1384,5832,1,5832,7.9371
1384,5832,1,8748,7.9381
1384,5832,1,13122,7.9395
1384,5832,1,16384,7.9405
1384,5832,2,512,7.9355
1384,5832,2,768,7.9357
1384,5832,2,1152,7.9360
1384,5832,2,1728,7.9363
1384,5832,2,2592,7.9369
1384,5832,2,3888,7.9377
1384,5832,2,5832,7.9390
1384,5832,2,8748,7.9409
1384,5832,2,13122,7.9437
1384,5832,2,16384,7.9459
1384,5832,4,512,7.9359
1384,5832,4,768,7.9362
1384,5832,4,1152,7.9367
1384,5832,4,1728,7.9375
1384,5832,4,2592,7.9386
1384,5832,4,3888,7.9403
1384,5832,4,5832,7.9428
1384,5832,4,8748,7.9466
1384,5832,4,13122,8.9099
1384,5832,4,16384,9.7450
1384,5832,8,512,7.9365
1384,5832,8,768,7.9372
1384,5832,8,1152,7.9382
1384,5832,8,1728,7.9397
1384,5832,8,2592,7.9420
1384,5832,8,3888,7.9453
1384,5832,8,5832,8.5369
1384,5832,8,8748,10.0299
1384,5832,8,13122,12.2694
1384,5832,8,16384,13.9395
1384,5832,16,512,7.9379
1384,5832,16,768,7.9392
1384,5832,16,1152,7.9412
1384,5832,16,1728,7.9442
1384,5832,16,2592,8.2056
1384,5832,16,3888,9.5327
1384,5832,16,5832,11.5234
1384,5832,16,8748,14.5094
1384,5832,16,13122,18.9884
1384,5832,16,16384,22.3286
1384,5832,32,512,7.9405
1384,5832,32,768,7.9432
1384,5832,32,1152,7.9472
1384,5832,32,1728,9.0914
1384,5832,32,2592,10.8609
1384,5832,32,3888,13.5151
1384,5832,32,5832,17.4964
1384,5832,32,8748,23.4684
1384,5832,32,13122,32.4263
1384,5832,32,16384,39.1069
1384,5832,64,512,7.9459
1384,5832,64,768,8.7002
1384,5832,64,1152,10.2731
1384,5832,64,1728,12.6324
1384,5832,64,2592,16.1713
1384,5832,64,3888,21.4797
1384,5832,64,5832,29.4424
1384,5832,64,8748,41.3863
1384,5832,64,13122,59.3022
1384,5832,64,16384,72.6634
1384,5832,128,512,9.7529
1384,5832,128,768,11.8500
1384,5832,128,1152,14.9958
1384,5832,128,1728,19.7144
1384,5832,128,2592,26.7923
1384,5832,128,3888,37.4091
1384,5832,128,5832,53.3343
1384,5832,128,8748,77.2222
1384,5832,128,13122,113.0540
1384,5832,128,16384,139.7763
1384,8748,0,0,9.2471
1384,8748,1,512,9.2473
1384,8748,1,768,9.2474
1384,8748,1,1152,9.2475
1384,8748,1,1728,9.2477
1384,8748,1,2592,9.2480
1384,8748,1,3888,9.2484
1384,8748,1,5832,9.2490
1384,8748,1,8748,9.2500
1384,8748,1,13122,9.2514
1384,8748,1,16384,9.2525
1384,8748,2,512,9.2475
1384,8748,2,768,9.2476
1384,8748,2,1152,9.2479
1384,8748,2,1728,9.2483
1384,8748,2,2592,9.2488
1384,8748,2,3888,9.2497
1384,8748,2,5832,9.2509
1384,8748,2,8748,9.2528
1384,8748,2,13122,9.2557
1384,8748,2,16384,9.2578
1384,8748,4,512,9.2478
1384,8748,4,768,9.2481
1384,8748,4,1152,9.2486
1384,8748,4,1728,9.2494
1384,8748,4,2592,9.2505
1384,8748,4,3888,9.2522
1384,8748,4,5832,9.2547
1384,8748,4,8748,9.2585
1384,8748,4,13122,9.2642
1384,8748,4,16384,9.9316
1384,8748,8,512,9.2485
1384,8748,8,768,9.2491
1384,8748,8,1152,9.2501
1384,8748,8,1728,9.2516
1384,8748,8,2592,9.2539
1384,8748,8,3888,9.2573
1384,8748,8,5832,9.2623
1384,8748,8,8748,10.2165
1384,8748,8,13122,12.4560
1384,8748,8,16384,14.1261
1384,8748,16,512,9.2498
1384,8748,16,768,9.2511
1384,8748,16,1152,9.2531
1384,8748,16,1728,9.2561
1384,8748,16,2592,9.2606
1384,8748,16,3888,9.7194
1384,8748,16,5832,11.7100
1384,8748,16,8748,14.6960
1384,8748,16,13122,19.1750
1384,8748,16,16384,22.5153
1384,8748,32,512,9.2525
1384,8748,32,768,9.2551
1384,8748,32,1152,9.2591
1384,8748,32,1728,9.2780
1384,8748,32,2592,11.0475
1384,8748,32,3888,13.7017
1384,8748,32,5832,17.6830
1384,8748,32,8748,23.6550
1384,8748,32,13122,32.6129
1384,8748,32,16384,39.2935
1384,8748,64,512,9.2578
1384,8748,64,768,9.2631
1384,8748,64,1152,10.4597
1384,8748,64,1728,12.8190
1384,8748,64,2592,16.3580
1384,8748,64,3888,21.6664
1384,8748,64,5832,29.6290
1384,8748,64,8748,41.5729
1384,8748,64,13122,59.4888
1384,8748,64,16384,72.8500
1384,8748,128,512,9.9395
1384,8748,128,768,12.0367
1384,8748,128,1152,15.1824
1384,8748,128,1728,19.9010
1384,8748,128,2592,26.9789
1384,8748,128,3888,37.5957
1384,8748,128,5832,53.5210
1384,8748,128,8748,77.4088
1384,8748,128,13122,113.2406
1384,8748,128,16384,139.9629
1384,13122,0,0,11.2151
1384,13122,1,512,11.2152
1384,13122,1,768,11.2153
1384,13122,1,1152,11.2154
1384,13122,1,1728,11.2156
1384,13122,1,2592,11.2159
1384,13122,1,3888,11.2163
1384,13122,1,5832,11.2170
1384,13122,1,8748,11.2179
1384,13122,1,13122,11.2193
1384,13122,1,16384,11.2204
1384,13122,2,512,11.2154
1384,13122,2,768,11.2156
1384,13122,2,1152,11.2158
1384,13122,2,1728,11.2162
1384,13122,2,2592,11.2167
1384,13122,2,3888,11.2176
1384,13122,2,5832,11.2188
1384,13122,2,8748,11.2207
1384,13122,2,13122,11.2236
1384,13122,2,16384,11.2257
1384,13122,4,512,11.2157
1384,13122,4,768,11.2161
1384,13122,4,1152,11.2166
1384,13122,4,1728,11.2173
1384,13122,4,2592,11.2184
1384,13122,4,3888,11.2201
1384,13122,4,5832,11.2226
1384,13122,4,8748,11.2264
1384,13122,4,13122,11.2321
1384,13122,4,16384,11.2364
1384,13122,8,512,11.2164
1384,13122,8,768,11.2171
1384,13122,8,1152,11.2181
1384,13122,8,1728,11.2195
1384,13122,8,2592,11.2218
1384,13122,8,3888,11.2252
1384,13122,8,5832,11.2302
1384,13122,8,8748,11.2378
1384,13122,8,13122,12.7359
1384,13122,8,16384,14.4061
1384,13122,16,512,11.2177
1384,13122,16,768,11.2190
1384,13122,16,1152,11.2210
1384,13122,16,1728,11.2240
1384,13122,16,2592,11.2285
1384,13122,16,3888,11.2353
1384,13122,16,5832,11.9900
1384,13122,16,8748,14.9759
1384,13122,16,13122,19.4549
1384,13122,16,16384,22.7952
1384,13122,32,512,11.2204
1384,13122,32,768,11.2230
1384,13122,32,1152,11.2270
1384,13122,32,1728,11.2330
1384,13122,32,2592,11.3274
1384,13122,32,3888,13.9816
1384,13122,32,5832,17.9629
1384,13122,32,8748,23.9349
1384,13122,32,13122,32.8929
1384,13122,32,16384,39.5734
1384,13122,64,512,11.2257
1384,13122,64,768,11.2310
1384,13122,64,1152,11.2390
1384,13122,64,1728,13.0989
1384,13122,64,2592,16.6379
1384,13122,64,3888,21.9463
1384,13122,64,5832,29.9089
1384,13122,64,8748,41.8529
1384,13122,64,13122,59.7688
1384,13122,64,16384,73.1299
1384,13122,128,512,11.2364
1384,13122,128,768,12.3166
1384,13122,128,1152,15.4623
1384,13122,128,1728,20.1809
1384,13122,128,2592,27.2588
1384,13122,128,3888,37.8756
1384,13122,128,5832,53.8009
1384,13122,128,8748,77.6888
1384,13122,128,13122,113.5206
1384,13122,128,16384,140.2429
1384,16384,0,0,12.6827
1384,16384,1,512,12.6828
1384,16384,1,768,12.6829
1384,16384,1,1152,12.6830
1384,16384,1,1728,12.6832
1384,16384,1,2592,12.6835
1384,16384,1,3888,12.6839
1384,16384,1,5832,12.6846
1384,16384,1,8748,12.6855
1384,16384,1,13122,12.6869
1384,16384,1,16384,12.6880
1384,16384,2,512,12.6830
1384,16384,2,768,12.6832
1384,16384,2,1152,12.6834
1384,16384,2,1728,12.6838
1384,16384,2,2592,12.6843
1384,16384,2,3888,12.6852
1384,16384,2,5832,12.6865
1384,16384,2,8748,12.6883
1384,16384,2,13122,12.6912
1384,16384,2,16384,12.6933
1384,16384,4,512,12.6833
1384,16384,4,768,12.6837
1384,16384,4,1152,12.6842
1384,16384,4,1728,12.6849
1384,16384,4,2592,12.6860
1384,16384,4,3888,12.6877
1384,16384,4,5832,12.6902
1384,16384,4,8748,12.6940
1384,16384,4,13122,12.6997
1384,16384,4,16384,12.7040
1384,16384,8,512,12.6840
1384,16384,8,768,12.6847
1384,16384,8,1152,12.6857
1384,16384,8,1728,12.6872
1384,16384,8,2592,12.6894
1384,16384,8,3888,12.6928
1384,16384,8,5832,12.6978
1384,16384,8,8748,12.7054
1384,16384,8,13122,12.9447
1384,16384,8,16384,14.6148
1384,16384,16,512,12.6853
1384,16384,16,768,12.6867
1384,16384,16,1152,12.6887
1384,16384,16,1728,12.6916
1384,16384,16,2592,12.6961
1384,16384,16,3888,12.7029
1384,16384,16,5832,12.7130
1384,16384,16,8748,15.1847
1384,16384,16,13122,19.6637
1384,16384,16,16384,23.0040
1384,16384,32,512,12.6880
1384,16384,32,768,12.6906
1384,16384,32,1152,12.6946
1384,16384,32,1728,12.7006
1384,16384,32,2592,12.7096
1384,16384,32,3888,14.1904
1384,16384,32,5832,18.1717
1384,16384,32,8748,24.1437
1384,16384,32,13122,33.1016
1384,16384,32,16384,39.7822
1384,16384,64,512,12.6933
1384,16384,64,768,12.6986
1384,16384,64,1152,12.7066
1384,16384,64,1728,13.3077
1384,16384,64,2592,16.8467
1384,16384,64,3888,22.1551
1384,16384,64,5832,30.1177
1384,16384,64,8748,42.0616
1384,16384,64,13122,59.9775
1384,16384,64,16384,73.3387
1384,16384,128,512,12.7040
1384,16384,128,768,12.7146
1384,16384,128,1152,15.6711
1384,16384,128,1728,20.3897
1384,16384,128,2592,27.4676
1384,16384,128,3888,38.0844
1384,16384,128,5832,54.0097
1384,16384,128,8748,77.8975
1384,16384,128,13122,113.7293
1384,16384,128,16384,140.4516
2048,0,0,0,5.6817
2048,0,1,16,5.6817
2048,0,1,32,5.6818
2048,0,1,64,5.6818
2048,0,1,128,5.6818
2048,0,1,256,5.6818
2048,0,1,512,5.6819
2048,0,1,1024,5.6821
2048,0,1,2048,5.6824
2048,0,1,4096,5.6831
2048,0,1,8192,5.7865
2048,0,1,16384,6.3108
2048,0,2,16,5.6818
2048,0,2,32,5.6818
2048,0,2,64,5.6818
2048,0,2,128,5.6818
2048,0,2,256,5.6819
2048,0,2,512,5.6821
2048,0,2,1024,5.6824
2048,0,2,2048,5.6831
2048,0,2,4096,5.7866
2048,0,2,8192,6.3108
2048,0,2,16384,7.3594
2048,0,4,16,5.6818
2048,0,4,32,5.6818
2048,0,4,64,5.6818
2048,0,4,128,5.6819
2048,0,4,256,5.6821
2048,0,4,512,5.6824
2048,0,4,1024,5.6831
2048,0,4,2048,5.7867
2048,0,4,4096,6.3110
2048,0,4,8192,7.3596
2048,0,4,16384,9.4567
2048,0,8,16,5.6818
2048,0,8,32,5.6818
2048,0,8,64,5.6819
2048,0,8,128,5.6821
2048,0,8,256,5.6824
2048,0,8,512,5.6831
2048,0,8,1024,5.7869
2048,0,8,2048,6.3112
2048,0,8,4096,7.3598
2048,0,8,8192,9.4570
2048,0,8,16384,13.6513
2048,0,16,16,5.6818
2048,0,16,32,5.6819
2048,0,16,64,5.6821
2048,0,16,128,5.6824
2048,0,16,256,5.6831
2048,0,16,512,5.7875
2048,0,16,1024,6.3117
2048,0,16,2048,7.3603
2048,0,16,4096,9.4575
2048,0,16,8192,13.6518
2048,0,16,16384,22.0404
2048,0,32,16,5.6819
2048,0,32,32,5.6821
2048,0,32,64,5.6824
2048,0,32,128,5.6831
2048,0,32,256,5.7885
2048,0,32,512,6.3128
2048,0,32,1024,7.3613
2048,0,32,2048,9.4585
2048,0,32,4096,13.6528
2048,0,32,8192,22.0414
2048,0,32,16384,38.8186
2048,0,64,16,5.6821
2048,0,64,32,5.6824
2048,0,64,64,5.6831
2048,0,64,128,5.7905
2048,0,64,256,6.3148
2048,0,64,512,7.3634
2048,0,64,1024,9.4605
2048,0,64,2048,13.6548
2048,0,64,4096,22.0435
2048,0,64,8192,38.8207
2048,0,64,16384,72.3751
2048,0,128,16,5.6824
2048,0,128,32,5.6831
2048,0,128,64,5.7946
2048,0,128,128,6.3189
2048,0,128,256,7.3675
2048,0,128,512,9.4646
2048,0,128,1024,13.6589
2048,0,128,2048,22.0476
2048,0,128,4096,38.8248
2048,0,128,8192,72.3792
2048,0,128,16384,139.4881
2048,16,0,0,5.6924
2048,16,1,16,5.6924
2048,16,1,32,5.6924
2048,16,1,64,5.6924
2048,16,1,128,5.6924
2048,16,1,256,5.6925
2048,16,1,512,5.6926
2048,16,1,1024,5.6927
2048,16,1,2048,5.6931
2048,16,1,4096,5.6937
2048,16,1,8192,5.7875
2048,16,1,16384,6.3118
2048,16,2,16,5.6924
2048,16,2,32,5.6924
2048,16,2,64,5.6924
2048,16,2,128,5.6925
2048,16,2,256,5.6926
2048,16,2,512,5.6927
2048,16,2,1024,5.6931
2048,16,2,2048,5.6937
2048,16,2,4096,5.7876
2048,16,2,8192,6.3119
2048,16,2,16384,7.3604
2048,16,4,16,5.6924
2048,16,4,32,5.6924
2048,16,4,64,5.6925
2048,16,4,128,5.6926
2048,16,4,256,5.6927
2048,16,4,512,5.6931
2048,16,4,1024,5.6937
2048,16,4,2048,5.7877
2048,16,4,4096,6.3120
2048,16,4,8192,7.3606
2048,16,4,16384,9.4577
2048,16,8,16,5.6924
2048,16,8,32,5.6925
2048,16,8,64,5.6926
2048,16,8,128,5.6927
2048,16,8,256,5.6931
2048,16,8,512,5.6937
2048,16,8,1024,5.7880
2048,16,8,2048,6.3123
2048,16,8,4096,7.3608
2048,16,8,8192,9.4580
2048,16,8,16384,13.6523
2048,16,16,16,5.6925
2048,16,16,32,5.6926
2048,16,16,64,5.6927
2048,16,16,128,5.6931
2048,16,16,256,5.6937
2048,16,16,512,5.7885
2048,16,16,1024,6.3128
2048,16,16,2048,7.3613
2048,16,16,4096,9.4585
2048,16,16,8192,13.6528
2048,16,16,16384,22.0414
2048,16,32,16,5.6926
2048,16,32,32,5.6927
2048,16,32,64,5.6931
2048,16,32,128,5.6937
2048,16,32,256,5.7895
2048,16,32,512,6.3138
2048,16,32,1024,7.3624
2048,16,32,2048,9.4595
2048,16,32,4096,13.6538
2048,16,32,8192,22.0424
2048,16,32,16384,38.8196
2048,16,64,16,5.6927
2048,16,64,32,5.6931
2048,16,64,64,5.6937
2048,16,64,128,5.7916
2048,16,64,256,6.3158
2048,16,64,512,7.3644
2048,16,64,1024,9.4616
2048,16,64,2048,13.6559
2048,16,64,4096,22.0445
2048,16,64,8192,38.8217
2048,16,64,16384,72.3761
2048,16,128,16,5.6931
2048,16,128,32,5.6937
2048,16,128,64,5.7956
2048,16,128,128,6.3199
2048,16,128,256,7.3685
2048,16,128,512,9.4657
2048,16,128,1024,13.6600
2048,16,128,2048,22.0486
2048,16,128,4096,38.8258
2048,16,128,8192,72.3802
2048,16,128,16384,139.4891
2048,32,0,0,5.7030
2048,32,1,16,5.7031
2048,32,1,32,5.7031
2048,32,1,64,5.7031
2048,32,1,128,5.7031
2048,32,1,256,5.7031
2048,32,1,512,5.7032
2048,32,1,1024,5.7034
2048,32,1,2048,5.7037
2048,32,1,4096,5.7044
2048,32,1,8192,5.7885
2048,32,1,16384,6.3128
2048,32,2,16,5.7031
2048,32,2,32,5.7031
2048,32,2,64,5.7031
2048,32,2,128,5.7031
2048,32,2,256,5.7032
2048,32,2,512,5.7034
2048,32,2,1024,5.7037
2048,32,2,2048,5.7044
2048,32,2,4096,5.7886
2048,32,2,8192,6.3129
2048,32,2,16384,7.3615
2048,32,4,16,5.7031
2048,32,4,32,5.7031
2048,32,4,64,5.7031
2048,32,4,128,5.7032
2048,32,4,256,5.7034
2048,32,4,512,5.7037
2048,32,4,1024,5.7044
2048,32,4,2048,5.7887
2048,32,4,4096,6.3130
2048,32,4,8192,7.3616
2048,32,4,16384,9.4588
2048,32,8,16,5.7031
2048,32,8,32,5.7031
2048,32,8,64,5.7032
2048,32,8,128,5.7034
2048,32,8,256,5.7037
2048,32,8,512,5.7044
2048,32,8,1024,5.7890
2048,32,8,2048,6.3133
2048,32,8,4096,7.3619
2048,32,8,8192,9.4590
2048,32,8,16384,13.6533
2048,32,16,16,5.7031
2048,32,16,32,5.7032
2048,32,16,64,5.7034
2048,32,16,128,5.7037
2048,32,16,256,5.7044
2048,32,16,512,5.7895
2048,32,16,1024,6.3138
2048,32,16,2048,7.3624
2048,32,16,4096,9.4595
2048,32,16,8192,13.6538
2048,32,16,16384,22.0424
2048,32,32,16,5.7032
2048,32,32,32,5.7034
2048,32,32,64,5.7037
2048,32,32,128,5.7044
2048,32,32,256,5.7905
2048,32,32,512,6.3148
2048,32,32,1024,7.3634
2048,32,32,2048,9.4605
2048,32,32,4096,13.6548
2048,32,32,8192,22.0435
2048,32,32,16384,38.8207
2048,32,64,16,5.7034
2048,32,64,32,5.7037
2048,32,64,64,5.7044
2048,32,64,128,5.7926
2048,32,64,256,6.3169
2048,32,64,512,7.3654
2048,32,64,1024,9.4626
2048,32,64,2048,13.6569
2048,32,64,4096,22.0455
2048,32,64,8192,38.8227
2048,32,64,16384,72.3772
2048,32,128,16,5.7037
2048,32,128,32,5.7044
2048,32,128,64,5.7967
2048,32,128,128,6.3210
2048,32,128,256,7.3695
2048,32,128,512,9.4667
2048,32,128,1024,13.6610
2048,32,128,2048,22.0496
2048,32,128,4096,38.8268
2048,32,128,8192,72.3812
2048,32,128,16384,139.4901
2048,64,0,0,5.7243
2048,64,1,16,5.7244
2048,64,1,32,5.7244
2048,64,1,64,5.7244
2048,64,1,128,5.7244
2048,64,1,256,5.7244
2048,64,1,512,5.7245
2048,64,1,1024,5.7247
2048,64,1,2048,5.7250
2048,64,1,4096,5.7257
2048,64,1,8192,5.7906
2048,64,1,16384,6.3149
2048,64,2,16,5.7244
2048,64,2,32,5.7244
2048,64,2,64,5.7244
2048,64,2,128,5.7244
2048,64,2,256,5.7245
2048,64,2,512,5.7247
2048,64,2,1024,5.7250
2048,64,2,2048,5.7257
2048,64,2,4096,5.7907
2048,64,2,8192,6.3149
2048,64,2,16384,7.3635
2048,64,4,16,5.7244
2048,64,4,32,5.7244
2048,64,4,64,5.7244
2048,64,4,128,5.7245
2048,64,4,256,5.7247
2048,64,4,512,5.7250
2048,64,4,1024,5.7257
2048,64,4,2048,5.7908
2048,64,4,4096,6.3151
2048,64,4,8192,7.3636
2048,64,4,16384,9.4608
2048,64,8,16,5.7244
2048,64,8,32,5.7244
2048,64,8,64,5.7245
2048,64,8,128,5.7247
2048,64,8,256,5.7250
2048,64,8,512,5.7257
2048,64,8,1024,5.7910
2048,64,8,2048,6.3153
2048,64,8,4096,7.3639
2048,64,8,8192,9.4611
2048,64,8,16384,13.6554
2048,64,16,16,5.7244
2048,64,16,32,5.7245
2048,64,16,64,5.7247
2048,64,16,128,5.7250
2048,64,16,256,5.7257
2048,64,16,512,5.7916
2048,64,16,1024,6.3158
2048,64,16,2048,7.3644
2048,64,16,4096,9.4616
2048,64,16,8192,13.6559
2048,64,16,16384,22.0445
2048,64,32,16,5.7245
2048,64,32,32,5.7247
2048,64,32,64,5.7250
2048,64,32,128,5.7257
2048,64,32,256,5.7926
2048,64,32,512,6.3169
2048,64,32,1024,7.3654
2048,64,32,2048,9.4626
2048,64,32,4096,13.6569
2048,64,32,8192,22.0455
2048,64,32,16384,38.8227
2048,64,64,16,5.7247
2048,64,64,32,5.7250
2048,64,64,64,5.7257
2048,64,64,128,5.7946
2048,64,64,256,6.3189
2048,64,64,512,7.3675
2048,64,64,1024,9.4646
2048,64,64,2048,13.6589
2048,64,64,4096,22.0476
2048,64,64,8192,38.8248
2048,64,64,16384,72.3792
2048,64,128,16,5.7250
2048,64,128,32,5.7257
2048,64,128,64,5.7987
2048,64,128,128,6.3230
2048,64,128,256,7.3716
2048,64,128,512,9.4687
2048,64,128,1024,13.6630
2048,64,128,2048,22.0516
2048,64,128,4096,38.8289
2048,64,128,8192,72.3833
2048,64,128,16384,139.4922
2048,128,0,0,5.7670
2048,128,1,16,5.7670
2048,128,1,32,5.7670
2048,128,1,64,5.7670
2048,128,1,128,5.7670
2048,128,1,256,5.7670
2048,128,1,512,5.7671
2048,128,1,1024,5.7673
2048,128,1,2048,5.7676
2048,128,1,4096,5.7683
2048,128,1,8192,5.7947
2048,128,1,16384,6.3190
2048,128,2,16,5.7670
2048,128,2,32,5.7670
2048,128,2,64,5.7670
2048,128,2,128,5.7670
2048,128,2,256,5.7671
2048,128,2,512,5.7673
2048,128,2,1024,5.7676
2048,128,2,2048,5.7683
2048,128,2,4096,5.7948
2048,128,2,8192,6.3190
2048,128,2,16384,7.3676
2048,128,4,16,5.7670
2048,128,4,32,5.7670
2048,128,4,64,5.7670
2048,128,4,128,5.7671
2048,128,4,256,5.7673
2048,128,4,512,5.7676
2048,128,4,1024,5.7683
2048,128,4,2048,5.7949
2048,128,4,4096,6.3192
2048,128,4,8192,7.3677
2048,128,4,16384,9.4649
2048,128,8,16,5.7670
2048,128,8,32,5.7670
2048,128,8,64,5.7671
2048,128,8,128,5.7673
2048,128,8,256,5.7676
2048,128,8,512,5.7683
2048,128,8,1024,5.7951
2048,128,8,2048,6.3194
2048,128,8,4096,7.3680
2048,128,8,8192,9.4652
2048,128,8,16384,13.6595
2048,128,16,16,5.7670
2048,128,16,32,5.7671
2048,128,16,64,5.7673
2048,128,16,128,5.7676
2048,128,16,256,5.7683
2048,128,16,512,5.7956
2048,128,16,1024,6.3199
2048,128,16,2048,7.3685
2048,128,16,4096,9.4657
2048,128,16,8192,13.6600
2048,128,16,16384,22.0486
2048,128,32,16,5.7671
2048,128,32,32,5.7673
2048,128,32,64,5.7676
2048,128,32,128,5.7683
2048,128,32,256,5.7967
2048,128,32,512,6.3210
2048,128,32,1024,7.3695
2048,128,32,2048,9.4667
2048,128,32,4096,13.6610
2048,128,32,8192,22.0496
2048,128,32,16384,38.8268
2048,128,64,16,5.7673
2048,128,64,32,5.7676
2048,128,64,64,5.7683
2048,128,64,128,5.7987
2048,128,64,256,6.3230
2048,128,64,512,7.3716
2048,128,64,1024,9.4687
2048,128,64,2048,13.6630
2048,128,64,4096,22.0516
2048,128,64,8192,38.8289
2048,128,64,16384,72.3833
2048,128,128,16,5.7676
2048,128,128,32,5.7683
2048,128,128,64,5.8028
2048,128,128,128,6.3271
2048,128,128,256,7.3757
2048,128,128,512,9.4728
2048,128,128,1024,13.6671
2048,128,128,2048,22.0557
2048,128,128,4096,38.8330
2048,128,128,8192,72.3874
2048,128,128,16384,139.4963
2048,256,0,0,5.8522
2048,256,1,16,5.8522
2048,256,1,32,5.8522
2048,256,1,64,5.8522
2048,256,1,128,5.8522
2048,256,1,256,5.8523
2048,256,1,512,5.8523
2048,256,1,1024,5.8525
2048,256,1,2048,5.8528
2048,256,1,4096,5.8535
2048,256,1,8192,5.8548
2048,256,1,16384,6.3272
2048,256,2,16,5.8522
2048,256,2,32,5.8522
2048,256,2,64,5.8522
2048,256,2,128,5.8523
2048,256,2,256,5.8523
2048,256,2,512,5.8525
2048,256,2,1024,5.8528
2048,256,2,2048,5.8535
2048,256,2,4096,5.8548
2048,256,2,8192,6.3272
2048,256,2,16384,7.3758
2048,256,4,16,5.8522
2048,256,4,32,5.8522
2048,256,4,64,5.8523
2048,256,4,128,5.8523
2048,256,4,256,5.8525
2048,256,4,512,5.8528
2048,256,4,1024,5.8535
2048,256,4,2048,5.8548
2048,256,4,4096,6.3274
2048,256,4,8192,7.3759
2048,256,4,16384,9.4731
2048,256,8,16,5.8522
2048,256,8,32,5.8523
2048,256,8,64,5.8523
2048,256,8,128,5.8525
2048,256,8,256,5.8528
2048,256,8,512,5.8535
2048,256,8,1024,5.8548
2048,256,8,2048,6.3276
2048,256,8,4096,7.3762
2048,256,8,8192,9.4733
2048,256,8,16384,13.6676
2048,256,16,16,5.8523
2048,256,16,32,5.8523
2048,256,16,64,5.8525
2048,256,16,128,5.8528
2048,256,16,256,5.8535
2048,256,16,512,5.8548
2048,256,16,1024,6.3281
2048,256,16,2048,7.3767
2048,256,16,4096,9.4739
2048,256,16,8192,13.6682
2048,256,16,16384,22.0568
2048,256,32,16,5.8523
2048,256,32,32,5.8525
2048,256,32,64,5.8528
2048,256,32,128,5.8535
2048,256,32,256,5.8548
2048,256,32,512,6.3292
2048,256,32,1024,7.3777
2048,256,32,2048,9.4749
2048,256,32,4096,13.6692
2048,256,32,8192,22.0578
2048,256,32,16384,38.8350
2048,256,64,16,5.8525
2048,256,64,32,5.8528
2048,256,64,64,5.8535
2048,256,64,128,5.8548
2048,256,64,256,6.3312
2048,256,64,512,7.3798
2048,256,64,1024,9.4769
2048,256,64,2048,13.6712
2048,256,64,4096,22.0598
2048,256,64,8192,38.8371
2048,256,64,16384,72.3915
2048,256,128,16,5.8528
2048,256,128,32,5.8535
2048,256,128,64,5.8548
2048,256,128,128,6.3353
2048,256,128,256,7.3839
2048,256,128,512,9.4810
2048,256,128,1024,13.6753
2048,256,128,2048,22.0639
2048,256,128,4096,38.8412
2048,256,128,8192,72.3956
2048,256,128,16384,139.5044
2048,512,0,0,6.0226
2048,512,1,16,6.0226
2048,512,1,32,6.0226
2048,512,1,64,6.0226
2048,512,1,128,6.0227
2048,512,1,256,6.0227
2048,512,1,512,6.0228
2048,512,1,1024,6.0229
2048,512,1,2048,6.0233
2048,512,1,4096,6.0239
2048,512,1,8192,6.0253
2048,512,1,16384,6.3436
2048,512,2,16,6.0226
2048,512,2,32,6.0226
2048,512,2,64,6.0227
2048,512,2,128,6.0227
2048,512,2,256,6.0228
2048,512,2,512,6.0229
2048,512,2,1024,6.0233
2048,512,2,2048,6.0239
2048,512,2,4096,6.0253
2048,512,2,8192,6.3436
2048,512,2,16384,7.3922
2048,512,4,16,6.0226
2048,512,4,32,6.0227
2048,512,4,64,6.0227
2048,512,4,128,6.0228
2048,512,4,256,6.0229
2048,512,4,512,6.0233
2048,512,4,1024,6.0239
2048,512,4,2048,6.0253
2048,512,4,4096,6.3437
2048,512,4,8192,7.3923
2048,512,4,16384,9.4895
2048,512,8,16,6.0227
2048,512,8,32,6.0227
2048,512,8,64,6.0228
2048,512,8,128,6.0229
2048,512,8,256,6.0233
2048,512,8,512,6.0239
2048,512,8,1024,6.0253
2048,512,8,2048,6.3440
2048,512,8,4096,7.3926
2048,512,8,8192,9.4897
2048,512,8,16384,13.6840
2048,512,16,16,6.0227
2048,512,16,32,6.0228
2048,512,16,64,6.0229
2048,512,16,128,6.0233
2048,512,16,256,6.0239
2048,512,16,512,6.0253
2048,512,16,1024,6.3445
2048,512,16,2048,7.3931
2048,512,16,4096,9.4902
2048,512,16,8192,13.6845
2048,512,16,16384,22.0732
2048,512,32,16,6.0228
2048,512,32,32,6.0229
2048,512,32,64,6.0233
2048,512,32,128,6.0239
2048,512,32,256,6.0253
2048,512,32,512,6.3455
2048,512,32,1024,7.3941
2048,512,32,2048,9.4913
2048,512,32,4096,13.6856
2048,512,32,8192,22.0742
2048,512,32,16384,38.8514
2048,512,64,16,6.0229
2048,512,64,32,6.0233
2048,512,64,64,6.0239
2048,512,64,128,6.0253
2048,512,64,256,6.3476
2048,512,64,512,7.3962
2048,512,64,1024,9.4933
2048,512,64,2048,13.6876
2048,512,64,4096,22.0762
2048,512,64,8192,38.8534
2048,512,64,16384,72.4079
2048,512,128,16,6.0233
2048,512,128,32,6.0239
2048,512,128,64,6.0253
2048,512,128,128,6.3517
2048,512,128,256,7.4003
2048,512,128,512,9.4974
2048,512,128,1024,13.6917
2048,512,128,2048,22.0803
2048,512,128,4096,38.8575
2048,512,128,8192,72.4120
2048,512,128,16384,139.5208
2048,768,0,0,6.1930
2048,1024,0,0,6.3635
2048,1024,1,16,6.3635
2048,1024,1,32,6.3635
2048,1024,1,64,6.3635
2048,1024,1,128,6.3635
2048,1024,1,256,6.3636
2048,1024,1,512,6.3636
2048,1024,1,1024,6.3638
2048,1024,1,2048,6.3641
2048,1024,1,4096,6.3648
2048,1024,1,8192,6.3661
2048,1024,1,16384,6.3763
2048,1024,2,16,6.3635
2048,1024,2,32,6.3635
2048,1024,2,64,6.3635
2048,1024,2,128,6.3636
2048,1024,2,256,6.3636
2048,1024,2,512,6.3638
2048,1024,2,1024,6.3641
2048,1024,2,2048,6.3648
2048,1024,2,4096,6.3661
2048,1024,2,8192,6.3764
2048,1024,2,16384,7.4250
2048,1024,4,16,6.3635
2048,1024,4,32,6.3635
2048,1024,4,64,6.3636
2048,1024,4,128,6.3636
2048,1024,4,256,6.3638
2048,1024,4,512,6.3641
2048,1024,4,1024,6.3648
2048,1024,4,2048,6.3661
2048,1024,4,4096,6.3765
2048,1024,4,8192,7.4251
2048,1024,4,16384,9.5222
2048,1024,8,16,6.3635
2048,1024,8,32,6.3636
2048,1024,8,64,6.3636
2048,1024,8,128,6.3638
2048,1024,8,256,6.3641
2048,1024,8,512,6.3648
2048,1024,8,1024,6.3661
2048,1024,8,2048,6.3768
2048,1024,8,4096,7.4253
2048,1024,8,8192,9.5225
2048,1024,8,16384,13.7168
2048,1024,16,16,6.3636
2048,1024,16,32,6.3636
2048,1024,16,64,6.3638
2048,1024,16,128,6.3641
2048,1024,16,256,6.3648
2048,1024,16,512,6.3661
2048,1024,16,1024,6.3773
2048,1024,16,2048,7.4259
2048,1024,16,4096,9.5230
2048,1024,16,8192,13.7173
2048,1024,16,16384,22.1059
2048,1024,32,16,6.3636
2048,1024,32,32,6.3638
2048,1024,32,64,6.3641
2048,1024,32,128,6.3648
2048,1024,32,256,6.3661
2048,1024,32,512,6.3783
2048,1024,32,1024,7.4269
2048,1024,32,2048,9.5240
2048,1024,32,4096,13.7183
2048,1024,32,8192,22.1069
2048,1024,32,16384,38.8842
2048,1024,64,16,6.3638
2048,1024,64,32,6.3641
2048,1024,64,64,6.3648
2048,1024,64,128,6.3661
2048,1024,64,256,6.3804
2048,1024,64,512,7.4289
2048,1024,64,1024,9.5261
2048,1024,64,2048,13.7204
2048,1024,64,4096,22.1090
2048,1024,64,8192,38.8862
2048,1024,64,16384,72.4406
2048,1024,128,16,6.3641
2048,1024,128,32,6.3648
2048,1024,128,64,6.3661
2048,1024,128,128,6.3844
2048,1024,128,256,7.4330
2048,1024,128,512,9.5302
2048,1024,128,1024,13.7245
2048,1024,128,2048,22.1131
2048,1024,128,4096,38.8903
2048,1024,128,8192,72.4447
2048,1024,128,16384,139.5536
2048,1152,0,0,6.4487
2048,1728,0,0,6.8322
2048,2048,0,0,7.0452
2048,2048,1,16,7.0452
2048,2048,1,32,7.0452
2048,2048,1,64,7.0452
2048,2048,1,128,7.0453
2048,2048,1,256,7.0453
2048,2048,1,512,7.0454
2048,2048,1,1024,7.0456
2048,2048,1,2048,7.0459
2048,2048,1,4096,7.0466
2048,2048,1,8192,7.0479
2048,2048,1,16384,7.0505
2048,2048,2,16,7.0452
2048,2048,2,32,7.0452
2048,2048,2,64,7.0453
2048,2048,2,128,7.0453
2048,2048,2,256,7.0454
2048,2048,2,512,7.0456
2048,2048,2,1024,7.0459
2048,2048,2,2048,7.0466
2048,2048,2,4096,7.0479
2048,2048,2,8192,7.0505
2048,2048,2,16384,7.4905
2048,2048,4,16,7.0452
2048,2048,4,32,7.0453
2048,2048,4,64,7.0453
2048,2048,4,128,7.0454
2048,2048,4,256,7.0456
2048,2048,4,512,7.0459
2048,2048,4,1024,7.0466
2048,2048,4,2048,7.0479
2048,2048,4,4096,7.0505
2048,2048,4,8192,7.4906
2048,2048,4,16384,9.5878
2048,2048,8,16,7.0453
2048,2048,8,32,7.0453
2048,2048,8,64,7.0454
2048,2048,8,128,7.0456
2048,2048,8,256,7.0459
2048,2048,8,512,7.0466
2048,2048,8,1024,7.0479
2048,2048,8,2048,7.0505
2048,2048,8,4096,7.4909
2048,2048,8,8192,9.5880
2048,2048,8,16384,13.7823
2048,2048,16,16,7.0453
2048,2048,16,32,7.0454
2048,2048,16,64,7.0456
2048,2048,16,128,7.0459
2048,2048,16,256,7.0466
2048,2048,16,512,7.0479
2048,2048,16,1024,7.0505
2048,2048,16,2048,7.4914
2048,2048,16,4096,9.5885
2048,2048,16,8192,13.7828
2048,2048,16,16384,22.1715
2048,2048,32,16,7.0454
2048,2048,32,32,7.0456
2048,2048,32,64,7.0459
2048,2048,32,128,7.0466
2048,2048,32,256,7.0479
2048,2048,32,512,7.0505
2048,2048,32,1024,7.4924
2048,2048,32,2048,9.5896
2048,2048,32,4096,13.7839
2048,2048,32,8192,22.1725
2048,2048,32,16384,38.9497
2048,2048,64,16,7.0456
2048,2048,64,32,7.0459
2048,2048,64,64,7.0466
2048,2048,64,128,7.0479
2048,2048,64,256,7.0505
2048,2048,64,512,7.4945
2048,2048,64,1024,9.5916
2048,2048,64,2048,13.7859
2048,2048,64,4096,22.1745
2048,2048,64,8192,38.9517
2048,2048,64,16384,72.5062
2048,2048,128,16,7.0459
2048,2048,128,32,7.0466
2048,2048,128,64,7.0479
2048,2048,128,128,7.0505
2048,2048,128,256,7.4986
2048,2048,128,512,9.5957
2048,2048,128,1024,13.7900
2048,2048,128,2048,22.1786
2048,2048,128,4096,38.9558
2048,2048,128,8192,72.5103
2048,2048,128,16384,139.6191
2048,2592,0,0,7.4074
2048,3888,0,0,8.2702
2048,4096,0,0,8.4087
2048,4096,1,16,8.4087
2048,4096,1,32,8.4087
2048,4096,1,64,8.4087
2048,4096,1,128,8.4087
2048,4096,1,256,8.4088
2048,4096,1,512,8.4089
2048,4096,1,1024,8.4090
2048,4096,1,2048,8.4094
2048,4096,1,4096,8.4100
2048,4096,1,8192,8.4114
2048,4096,1,16384,8.4140
2048,4096,2,16,8.4087
2048,4096,2,32,8.4087
2048,4096,2,64,8.4087
2048,4096,2,128,8.4088
2048,4096,2,256,8.4089
2048,4096,2,512,8.4090
2048,4096,2,1024,8.4094
2048,4096,2,2048,8.4100
2048,4096,2,4096,8.4114
2048,4096,2,8192,8.4140
2048,4096,2,16384,8.4194
2048,4096,4,16,8.4087
2048,4096,4,32,8.4087
2048,4096,4,64,8.4088
2048,4096,4,128,8.4089
2048,4096,4,256,8.4090
2048,4096,4,512,8.4094
2048,4096,4,1024,8.4100
2048,4096,4,2048,8.4114
2048,4096,4,4096,8.4140
2048,4096,4,8192,8.4194
2048,4096,4,16384,9.7188
2048,4096,8,16,8.4087
2048,4096,8,32,8.4088
2048,4096,8,64,8.4089
2048,4096,8,128,8.4090
2048,4096,8,256,8.4094
2048,4096,8,512,8.4100
2048,4096,8,1024,8.4114
2048,4096,8,2048,8.4140
2048,4096,8,4096,8.4194
2048,4096,8,8192,9.7191
2048,4096,8,16384,13.9134
2048,4096,16,16,8.4088
2048,4096,16,32,8.4089
2048,4096,16,64,8.4090
2048,4096,16,128,8.4094
2048,4096,16,256,8.4100
2048,4096,16,512,8.4114
2048,4096,16,1024,8.4140
2048,4096,16,2048,8.4194
2048,4096,16,4096,9.7196
2048,4096,16,8192,13.9139
2048,4096,16,16384,22.3025
2048,4096,32,16,8.4089
2048,4096,32,32,8.4090
2048,4096,32,64,8.4094
2048,4096,32,128,8.4100
2048,4096,32,256,8.4114
2048,4096,32,512,8.4140
2048,4096,32,1024,8.4194
2048,4096,32,2048,9.7206
2048,4096,32,4096,13.9149
2048,4096,32,8192,22.3036
2048,4096,32,16384,39.0808
2048,4096,64,16,8.4090
2048,4096,64,32,8.4094
2048,4096,64,64,8.4100
2048,4096,64,128,8.4114
2048,4096,64,256,8.4140
2048,4096,64,512,8.4194
2048,4096,64,1024,9.7227
2048,4096,64,2048,13.9170
2048,4096,64,4096,22.3056
2048,4096,64,8192,39.0828
2048,4096,64,16384,72.6372
2048,4096,128,16,8.4094
2048,4096,128,32,8.4100
2048,4096,128,64,8.4114
2048,4096,128,128,8.4140
2048,4096,128,256,8.4194
2048,4096,128,512,9.7268
2048,4096,128,1024,13.9211
2048,4096,128,2048,22.3097
2048,4096,128,4096,39.0869
2048,4096,128,8192,72.6413
2048,4096,128,16384,139.7502
2048,5832,0,0,9.5645
2048,8192,0,0,11.1357
2048,8192,1,16,11.1357
2048,8192,1,32,11.1357
2048,8192,1,64,11.1357
2048,8192,1,128,11.1357
2048,8192,1,256,11.1358
2048,8192,1,512,11.1358
2048,8192,1,1024,11.1360
2048,8192,1,2048,11.1363
2048,8192,1,4096,11.1370
2048,8192,1,8192,11.1383
2048,8192,1,16384,11.1410
2048,8192,2,16,11.1357
2048,8192,2,32,11.1357
2048,8192,2,64,11.1357
2048,8192,2,128,11.1358
2048,8192,2,256,11.1358
2048,8192,2,512,11.1360
2048,8192,2,1024,11.1363
2048,8192,2,2048,11.1370
2048,8192,2,4096,11.1383
2048,8192,2,8192,11.1410
2048,8192,2,16384,11.1463
2048,8192,4,16,11.1357
2048,8192,4,32,11.1357
2048,8192,4,64,11.1358
2048,8192,4,128,11.1358
2048,8192,4,256,11.1360
2048,8192,4,512,11.1363
2048,8192,4,1024,11.1370
2048,8192,4,2048,11.1383
2048,8192,4,4096,11.1410
2048,8192,4,8192,11.1463
2048,8192,4,16384,11.1570
2048,8192,8,16,11.1357
2048,8192,8,32,11.1358
2048,8192,8,64,11.1358
2048,8192,8,128,11.1360
2048,8192,8,256,11.1363
2048,8192,8,512,11.1370
2048,8192,8,1024,11.1383
2048,8192,8,2048,11.1410
2048,8192,8,4096,11.1463
2048,8192,8,8192,11.1570
2048,8192,8,16384,14.1756
2048,8192,16,16,11.1358
2048,8192,16,32,11.1358
2048,8192,16,64,11.1360
2048,8192,16,128,11.1363
2048,8192,16,256,11.1370
2048,8192,16,512,11.1383
2048,8192,16,1024,11.1410
2048,8192,16,2048,11.1463
2048,8192,16,4096,11.1570
2048,8192,16,8192,14.1761
2048,8192,16,16384,22.5647
2048,8192,32,16,11.1358
2048,8192,32,32,11.1360
2048,8192,32,64,11.1363
2048,8192,32,128,11.1370
2048,8192,32,256,11.1383
2048,8192,32,512,11.1410
2048,8192,32,1024,11.1463
2048,8192,32,2048,11.1570
2048,8192,32,4096,14.1771
2048,8192,32,8192,22.5657
2048,8192,32,16384,39.3429
2048,8192,64,16,11.1360
2048,8192,64,32,11.1363
2048,8192,64,64,11.1370
2048,8192,64,128,11.1383
2048,8192,64,256,11.1410
2048,8192,64,512,11.1463
2048,8192,64,1024,11.1570
2048,8192,64,2048,14.1791
2048,8192,64,4096,22.5677
2048,8192,64,8192,39.3450
2048,8192,64,16384,72.8994
2048,8192,128,16,11.1363
2048,8192,128,32,11.1370
2048,8192,128,64,11.1383
2048,8192,128,128,11.1410
2048,8192,128,256,11.1463
2048,8192,128,512,11.1570
2048,8192,128,1024,14.1832
2048,8192,128,2048,22.5718
2048,8192,128,4096,39.3491
2048,8192,128,8192,72.9035
2048,8192,128,16384,140.0124
2048,8748,0,0,11.5058
2048,13122,0,0,14.4179
2048,16384,0,0,16.5896
2048,16384,1,16,16.5896
2048,16384,1,32,16.5896
2048,16384,1,64,16.5896
2048,16384,1,128,16.5896
2048,16384,1,256,16.5897
2048,16384,1,512,16.5898
2048,16384,1,1024,16.5899
2048,16384,1,2048,16.5903
2048,16384,1,4096,16.5909
2048,16384,1,8192,16.5923
2048,16384,1,16384,16.5949
2048,16384,2,16,16.5896
2048,16384,2,32,16.5896
2048,16384,2,64,16.5896
2048,16384,2,128,16.5897
2048,16384,2,256,16.5898
2048,16384,2,512,16.5899
2048,16384,2,1024,16.5903
2048,16384,2,2048,16.5909
2048,16384,2,4096,16.5923
2048,16384,2,8192,16.5949
2048,16384,2,16384,16.6002
2048,16384,4,16,16.5896
2048,16384,4,32,16.5896
2048,16384,4,64,16.5897
2048,16384,4,128,16.5898
2048,16384,4,256,16.5899
2048,16384,4,512,16.5903
2048,16384,4,1024,16.5909
2048,16384,4,2048,16.5923
2048,16384,4,4096,16.5949
2048,16384,4,8192,16.6002
2048,16384,4,16384,16.6109
2048,16384,8,16,16.5896
2048,16384,8,32,16.5897
2048,16384,8,64,16.5898
2048,16384,8,128,16.5899
2048,16384,8,256,16.5903
2048,16384,8,512,16.5909
2048,16384,8,1024,16.5923
2048,16384,8,2048,16.5949
2048,16384,8,4096,16.6002
2048,16384,8,8192,16.6109
2048,16384,8,16384,16.6322
2048,16384,16,16,16.5897
2048,16384,16,32,16.5898
2048,16384,16,64,16.5899
2048,16384,16,128,16.5903
2048,16384,16,256,16.5909
2048,16384,16,512,16.5923
2048,16384,16,1024,16.5949
2048,16384,16,2048,16.6002
2048,16384,16,4096,16.6109
2048,16384,16,8192,16.6322
2048,16384,16,16384,23.0890
2048,16384,32,16,16.5898
2048,16384,32,32,16.5899
2048,16384,32,64,16.5903
2048,16384,32,128,16.5909
2048,16384,32,256,16.5923
2048,16384,32,512,16.5949
2048,16384,32,1024,16.6002
2048,16384,32,2048,16.6109
2048,16384,32,4096,16.6322
2048,16384,32,8192,23.0900
2048,16384,32,16384,39.8672
2048,16384,64,16,16.5899
2048,16384,64,32,16.5903
2048,16384,64,64,16.5909
2048,16384,64,128,16.5923
2048,16384,64,256,16.5949
2048,16384,64,512,16.6002
2048,16384,64,1024,16.6109
2048,16384,64,2048,16.6322
2048,16384,64,4096,23.0920
2048,16384,64,8192,39.8692
2048,16384,64,16384,73.4237
2048,16384,128,16,16.5903
2048,16384,128,32,16.5909
2048,16384,128,64,16.5923
2048,16384,128,128,16.5949
2048,16384,128,256,16.6002
2048,16384,128,512,16.6109
2048,16384,128,1024,16.6322
2048,16384,128,2048,23.0961
2048,16384,128,4096,39.8733
2048,16384,128,8192,73.4278
2048,16384,128,16384,140.5366
