prefill_chunk,kv_prefill,n_decode,kv_decode,time_us
0,0,1,16,12.9813
0,0,1,32,13.0027
0,0,1,64,13.003
0,0,1,128,14.1763
0,0,1,256,15.2853
0,0,1,512,16.1927
0,0,1,1024,17.5043
0,0,1,2048,18.208
0,0,1,4096,19.104
0,0,1,8192,20.5013
0,0,1,16384,23.776
0,0,2,16,13.0667
0,0,2,32,13.1197
0,0,2,64,13.024
0,0,2,128,14.379
0,0,2,256,15.4663
0,0,2,512,16.7257
0,0,2,1024,17.696
0,0,2,2048,18.4747
0,0,2,4096,20.0747
0,0,2,8192,21.5683
0,0,2,16384,23.968
0,0,4,16,13.1093
0,0,4,32,13.2373
0,0,4,64,13.248
0,0,4,128,14.432
0,0,4,256,15.744
0,0,4,512,17.0347
0,0,4,1024,17.707
0,0,4,2048,18.4533
0,0,4,4096,20.096
0,0,4,8192,22.752
0,0,4,16384,27.84
0,0,8,16,13.3013
0,0,8,32,13.3333
0,0,8,64,13.3867
0,0,8,128,14.528
0,0,8,256,15.6377
0,0,8,512,17.3547
0,0,8,1024,18.0373
0,0,8,2048,18.849
0,0,8,4096,21.1627
0,0,8,8192,26.7843
0,0,8,16384,36.9067
0,0,16,16,13.451
0,0,16,32,13.2907
0,0,16,64,13.3013
0,0,16,128,14.5387
0,0,16,256,15.9253
0,0,16,512,17.5787
0,0,16,1024,18.976
0,0,16,2048,21.3227
0,0,16,4096,26.539
0,0,16,8192,38.336
0,0,16,16384,57.4297
0,0,32,16,13.8777
0,0,32,32,14.0483
0,0,32,64,13.824
0,0,32,128,15.4987
0,0,32,256,16.4053
0,0,32,512,19.4667
0,0,32,1024,21.2267
0,0,32,2048,27.1043
0,0,32,4096,38.1973
0,0,32,8192,58.048
0,0,32,16384,95.1577
0,0,64,16,14.112
0,0,64,32,14.0373
0,0,64,64,14.0267
0,0,64,128,15.435
0,0,64,256,16.8213
0,0,64,512,23.0507
0,0,64,1024,29.6537
0,0,64,2048,41.9307
0,0,64,4096,61.579
0,0,64,8192,97.6113
0,0,64,16384,170.219
0,0,128,16,14.72
0,0,128,32,14.8267
0,0,128,64,15.0613
0,0,128,128,18.187
0,0,128,256,21.899
0,0,128,512,31.4247
0,0,128,1024,45.067
0,0,128,2048,65.814
0,0,128,4096,102.005
0,0,128,8192,173.974
0,0,128,16384,321.004
0,0,256,16,20.011
0,0,256,32,20.7467
0,0,256,64,20.875
0,0,256,128,25.3547
0,0,256,256,31.8187
0,0,256,512,47.7337
0,0,256,1024,69.7603
0,0,256,2048,104.599
0,0,256,4096,175.627
0,0,256,8192,318.125
0,0,256,16384,605.165
16,0,0,0,15.4133
16,0,1,16,15.2213
16,0,1,32,15.2107
16,0,1,64,15.2853
16,0,1,128,16.8957
16,0,1,256,18.1333
16,0,1,512,18.9553
16,0,1,1024,19.1573
16,0,1,2048,20.0747
16,0,1,4096,20.8323
16,0,1,8192,23.3173
16,0,1,16384,25.76
16,0,2,16,15.3493
16,0,2,32,15.264
16,0,2,64,15.3707
16,0,2,128,16.8217
16,0,2,256,18.496
16,0,2,512,19.3283
16,0,2,1024,19.5627
16,0,2,2048,19.883
16,0,2,4096,20.9603
16,0,2,8192,23.4133
16,0,2,16384,25.7283
16,0,4,16,15.2107
16,0,4,32,15.4347
16,0,4,64,15.4347
16,0,4,128,16.864
16,0,4,256,18.4747
16,0,4,512,18.5707
16,0,4,1024,19.9787
16,0,4,2048,20.3843
16,0,4,4096,22.0477
16,0,4,8192,24.4373
16,0,4,16384,29.3337
16,0,8,16,15.3813
16,0,8,32,15.4667
16,0,8,64,15.296
16,0,8,128,16.6507
16,0,8,256,18.24
16,0,8,512,19.4453
16,0,8,1024,20.1387
16,0,8,2048,21.248
16,0,8,4096,23.4027
16,0,8,8192,28.182
16,0,8,16384,39.1573
16,0,16,16,15.5413
16,0,16,32,15.221
16,0,16,64,15.4347
16,0,16,128,16.971
16,0,16,256,18.2937
16,0,16,512,19.616
16,0,16,1024,20.875
16,0,16,2048,23.3283
16,0,16,4096,27.8937
16,0,16,8192,38.9653
16,0,16,16384,59.36
16,0,32,16,15.7337
16,0,32,32,15.7333
16,0,32,64,15.9253
16,0,32,128,17.44
16,0,32,256,18.9763
16,0,32,512,21.7067
16,0,32,1024,23.3707
16,0,32,2048,28.6507
16,0,32,4096,40.7467
16,0,32,8192,60.139
16,0,32,16384,97.9523
16,0,64,16,16.16
16,0,64,32,16.0107
16,0,64,64,16.288
16,0,64,128,18.048
16,0,64,256,19.4667
16,0,64,512,23.8507
16,0,64,1024,30.1653
16,0,64,2048,42.4437
16,0,64,4096,64.16
16,0,64,8192,99.2327
16,0,64,16384,172.46
16,0,128,16,16.896
16,0,128,32,16.7787
16,0,128,64,17.0987
16,0,128,128,18.5493
16,0,128,256,21.792
16,0,128,512,32.0747
16,0,128,1024,45.142
16,0,128,2048,66.7733
16,0,128,4096,104.864
16,0,128,8192,176.353
16,0,128,16384,321.932
16,16,0,0,15.5947
16,16,1,16,15.3173
16,16,1,32,15.1893
16,16,1,64,15.264
16,16,1,128,16.672
16,16,1,256,18.3577
16,16,1,512,19.0723
16,16,1,1024,19.2747
16,16,1,2048,20.0537
16,16,1,4096,20.907
16,16,1,8192,23.552
16,16,1,16384,25.8453
16,16,2,16,15.275
16,16,2,32,15.4133
16,16,2,64,15.4133
16,16,2,128,16.928
16,16,2,256,18.624
16,16,2,512,19.4133
16,16,2,1024,19.6053
16,16,2,2048,20.096
16,16,2,4096,21.1307
16,16,2,8192,23.285
16,16,2,16384,26.048
16,16,4,16,15.296
16,16,4,32,15.5947
16,16,4,64,15.1253
16,16,4,128,16.9813
16,16,4,256,18.5603
16,16,4,512,18.8693
16,16,4,1024,19.9687
16,16,4,2048,20.2773
16,16,4,4096,22.1447
16,16,4,8192,24.64
16,16,4,16384,29.7603
16,16,8,16,15.3603
16,16,8,32,15.488
16,16,8,64,15.1897
16,16,8,128,16.5657
16,16,8,256,18.1763
16,16,8,512,19.4243
16,16,8,1024,20.2027
16,16,8,2048,21.6323
16,16,8,4096,23.4883
16,16,8,8192,28.6723
16,16,8,16384,38.8483
16,16,16,16,15.0503
16,16,16,32,15.104
16,16,16,64,15.2853
16,16,16,128,16.9387
16,16,16,256,18.2937
16,16,16,512,19.659
16,16,16,1024,20.8107
16,16,16,2048,23.2107
16,16,16,4096,28.1067
16,16,16,8192,38.6563
16,16,16,16384,58.7737
16,16,32,16,15.7123
16,16,32,32,15.659
16,16,32,64,15.4773
16,16,32,128,17.6427
16,16,32,256,18.784
16,16,32,512,21.632
16,16,32,1024,23.136
16,16,32,2048,28.4373
16,16,32,4096,40.8747
16,16,32,8192,60.1603
16,16,32,16384,98.8167
16,16,64,16,16.1707
16,16,64,32,16.2453
16,16,64,64,16.1173
16,16,64,128,17.728
16,16,64,256,19.1043
16,16,64,512,24.2993
16,16,64,1024,29.974
16,16,64,2048,43.8397
16,16,64,4096,63.8617
16,16,64,8192,100.182
16,16,64,16384,171.627
16,16,128,16,16.5867
16,16,128,32,16.7147
16,16,128,64,17.0027
16,16,128,128,18.5707
16,16,128,256,21.76
16,16,128,512,32.096
16,16,128,1024,45.3233
16,16,128,2048,67.627
16,16,128,4096,104.182
16,16,128,8192,177.622
16,16,128,16384,320.567
16,32,0,0,15.339
16,32,1,16,15.2
16,32,1,32,15.1253
16,32,1,64,15.2853
16,32,1,128,16.4907
16,32,1,256,18.0693
16,32,1,512,19.3493
16,32,1,1024,19.371
16,32,1,2048,19.6587
16,32,1,4096,20.8107
16,32,1,8192,23.5307
16,32,1,16384,26.1977
16,32,2,16,15.584
16,32,2,32,15.2747
16,32,2,64,15.5627
16,32,2,128,16.5547
16,32,2,256,18.2827
16,32,2,512,18.9653
16,32,2,1024,19.424
16,32,2,2048,20.32
16,32,2,4096,20.9067
16,32,2,8192,23.3817
16,32,2,16384,25.654
16,32,4,16,15.3717
16,32,4,32,15.0933
16,32,4,64,15.3063
16,32,4,128,16.811
16,32,4,256,18.5177
16,32,4,512,18.8053
16,32,4,1024,19.8303
16,32,4,2048,20.3417
16,32,4,4096,21.7067
16,32,4,8192,24.3523
16,32,4,16384,29.1627
16,32,8,16,15.2967
16,32,8,32,14.9013
16,32,8,64,15.0827
16,32,8,128,16.6293
16,32,8,256,18.1227
16,32,8,512,19.3387
16,32,8,1024,20.2133
16,32,8,2048,21.4507
16,32,8,4096,23.456
16,32,8,8192,28.4373
16,32,8,16384,39.7337
16,32,16,16,15.0293
16,32,16,32,15.2533
16,32,16,64,15.2857
16,32,16,128,16.9597
16,32,16,256,18.336
16,32,16,512,19.7547
16,32,16,1024,20.8427
16,32,16,2048,23.179
16,32,16,4096,27.7973
16,32,16,8192,39.627
16,32,16,16384,59.1047
16,32,32,16,15.744
16,32,32,32,15.6587
16,32,32,64,15.5627
16,32,32,128,17.4293
16,32,32,256,18.912
16,32,32,512,21.4613
16,32,32,1024,23.1577
16,32,32,2048,28.3093
16,32,32,4096,40.107
16,32,32,8192,61.227
16,32,32,16384,98.0377
16,32,64,16,16.0003
16,32,64,32,16.096
16,32,64,64,16.256
16,32,64,128,17.984
16,32,64,256,19.3817
16,32,64,512,23.5627
16,32,64,1024,29.771
16,32,64,2048,42.4853
16,32,64,4096,63.2963
16,32,64,8192,100.054
16,32,64,16384,172.715
16,32,128,16,16.6827
16,32,128,32,16.757
16,32,128,64,16.8747
16,32,128,128,18.667
16,32,128,256,21.8667
16,32,128,512,31.9687
16,32,128,1024,45.867
16,32,128,2048,66.2407
16,32,128,4096,104.736
16,32,128,8192,177.921
16,32,128,16384,321.271
16,64,0,0,15.5627
16,64,1,16,15.296
16,64,1,32,15.4137
16,64,1,64,15.2107
16,64,1,128,16.8107
16,64,1,256,18.3043
16,64,1,512,19.2857
16,64,1,1024,19.52
16,64,1,2048,20.192
16,64,1,4096,21.099
16,64,1,8192,23.3283
16,64,1,16384,25.995
16,64,2,16,15.392
16,64,2,32,15.3067
16,64,2,64,15.3813
16,64,2,128,16.8747
16,64,2,256,18.411
16,64,2,512,18.88
16,64,2,1024,19.659
16,64,2,2048,20.256
16,64,2,4096,21.0347
16,64,2,8192,23.6693
16,64,2,16384,26.016
16,64,4,16,15.296
16,64,4,32,15.563
16,64,4,64,15.4673
16,64,4,128,17.0133
16,64,4,256,18.496
16,64,4,512,18.9653
16,64,4,1024,19.8723
16,64,4,2048,20.278
16,64,4,4096,21.7813
16,64,4,8192,24.2027
16,64,4,16384,29.152
16,64,8,16,15.1897
16,64,8,32,14.9763
16,64,8,64,15.1577
16,64,8,128,16.491
16,64,8,256,18.272
16,64,8,512,19.5413
16,64,8,1024,20.0213
16,64,8,2048,21.4507
16,64,8,4096,23.552
16,64,8,8192,28.5227
16,64,8,16384,39.3817
16,64,16,16,15.3493
16,64,16,32,15.371
16,64,16,64,15.1363
16,64,16,128,17.0347
16,64,16,256,18.4533
16,64,16,512,19.5947
16,64,16,1024,20.6937
16,64,16,2048,23.0723
16,64,16,4096,27.9467
16,64,16,8192,39.1683
16,64,16,16384,60.5123
16,64,32,16,15.84
16,64,32,32,15.712
16,64,32,64,15.488
16,64,32,128,17.7173
16,64,32,256,18.7843
16,64,32,512,21.312
16,64,32,1024,22.7733
16,64,32,2048,28.4483
16,64,32,4096,39.6697
16,64,32,8192,60.2667
16,64,32,16384,97.5047
16,64,64,16,15.893
16,64,64,32,16.1063
16,64,64,64,16.1817
16,64,64,128,17.696
16,64,64,256,19.104
16,64,64,512,23.6587
16,64,64,1024,29.9203
16,64,64,2048,42.9333
16,64,64,4096,62.593
16,64,64,8192,99.723
16,64,64,16384,172.182
16,64,128,16,16.4693
16,64,128,32,16.502
16,64,128,64,17.1093
16,64,128,128,18.5927
16,64,128,256,21.952
16,64,128,512,32.3517
16,64,128,1024,46.6347
16,64,128,2048,67.574
16,64,128,4096,104.524
16,64,128,8192,177.419
16,64,128,16384,322.828
16,128,0,0,17.248
16,128,1,16,17.0667
16,128,1,32,17.088
16,128,1,64,17.0243
16,128,1,128,17.291
16,128,1,256,18.187
16,128,1,512,20.4587
16,128,1,1024,19.6163
16,128,1,2048,20.096
16,128,1,4096,21.0137
16,128,1,8192,23.5843
16,128,1,16384,26.3363
16,128,2,16,17.3013
16,128,2,32,16.9283
16,128,2,64,17.0773
16,128,2,128,17.056
16,128,2,256,18.3893
16,128,2,512,21.0773
16,128,2,1024,19.6373
16,128,2,2048,20.3523
16,128,2,4096,21.3653
16,128,2,8192,23.648
16,128,2,16384,26.0267
16,128,4,16,17.1413
16,128,4,32,16.9493
16,128,4,64,16.917
16,128,4,128,17.1103
16,128,4,256,18.2933
16,128,4,512,21.1733
16,128,4,1024,20.15
16,128,4,2048,21.152
16,128,4,4096,22.144
16,128,4,8192,24.1707
16,128,4,16384,29.216
16,128,8,16,16.8747
16,128,8,32,16.715
16,128,8,64,16.768
16,128,8,128,16.6507
16,128,8,256,18.1973
16,128,8,512,21.131
16,128,8,1024,20.1817
16,128,8,2048,21.3867
16,128,8,4096,23.467
16,128,8,8192,28.757
16,128,8,16384,38.7947
16,128,16,16,16.8
16,128,16,32,16.9173
16,128,16,64,16.8747
16,128,16,128,17.1947
16,128,16,256,18.3787
16,128,16,512,20.032
16,128,16,1024,20.9713
16,128,16,2048,22.912
16,128,16,4096,27.8827
16,128,16,8192,38.699
16,128,16,16384,59.9253
16,128,32,16,16.939
16,128,32,32,16.833
16,128,32,64,17.0347
16,128,32,128,17.099
16,128,32,256,18.7733
16,128,32,512,21.4503
16,128,32,1024,22.9653
16,128,32,2048,28.9283
16,128,32,4096,39.6053
16,128,32,8192,61.0773
16,128,32,16384,98.8487
16,128,64,16,17.344
16,128,64,32,17.259
16,128,64,64,17.5573
16,128,64,128,17.9417
16,128,64,256,19.1467
16,128,64,512,23.6273
16,128,64,1024,30.048
16,128,64,2048,42.9653
16,128,64,4096,62.8587
16,128,64,8192,100.096
16,128,64,16384,172.694
16,128,128,16,18.0693
16,128,128,32,18.1657
16,128,128,64,18.219
16,128,128,128,19.275
16,128,128,256,22.208
16,128,128,512,32.2243
16,128,128,1024,46.6133
16,128,128,2048,66.7313
16,128,128,4096,104.897
16,128,128,8192,177.601
16,128,128,16384,320.492
16,256,0,0,18.731
16,256,1,16,18.667
16,256,1,32,18.7093
16,256,1,64,18.4853
16,256,1,128,18.528
16,256,1,256,18.731
16,256,1,512,21.1627
16,256,1,1024,19.5947
16,256,1,2048,20.064
16,256,1,4096,21.259
16,256,1,8192,22.9867
16,256,1,16384,25.952
16,256,2,16,18.603
16,256,2,32,18.752
16,256,2,64,18.7307
16,256,2,128,18.6773
16,256,2,256,19.0403
16,256,2,512,21.355
16,256,2,1024,19.8613
16,256,2,2048,20.192
16,256,2,4096,21.462
16,256,2,8192,24.8853
16,256,2,16384,26.3257
16,256,4,16,18.8587
16,256,4,32,18.677
16,256,4,64,18.656
16,256,4,128,18.7307
16,256,4,256,18.731
16,256,4,512,21.2053
16,256,4,1024,20.5867
16,256,4,2048,20.6933
16,256,4,4096,24.022
16,256,4,8192,24.4693
16,256,4,16384,29.6003
16,256,8,16,18.4747
16,256,8,32,18.528
16,256,8,64,18.6667
16,256,8,128,18.368
16,256,8,256,18.4533
16,256,8,512,21.2587
16,256,8,1024,20.8003
16,256,8,2048,21.984
16,256,8,4096,23.9043
16,256,8,8192,28.2773
16,256,8,16384,38.7953
16,256,16,16,18.4963
16,256,16,32,18.8267
16,256,16,64,18.7203
16,256,16,128,18.3787
16,256,16,256,18.7093
16,256,16,512,20.6613
16,256,16,1024,21.6
16,256,16,2048,23.03
16,256,16,4096,28.3737
16,256,16,8192,39.0727
16,256,16,16384,59.2427
16,256,32,16,18.5813
16,256,32,32,18.912
16,256,32,64,18.7097
16,256,32,128,18.9117
16,256,32,256,18.7953
16,256,32,512,23.0933
16,256,32,1024,23.3713
16,256,32,2048,28.832
16,256,32,4096,39.9467
16,256,32,8192,61.216
16,256,32,16384,98.3153
16,256,64,16,19.168
16,256,64,32,18.9757
16,256,64,64,19.1147
16,256,64,128,19.04
16,256,64,256,19.3917
16,256,64,512,23.7553
16,256,64,1024,30.8583
16,256,64,2048,42.56
16,256,64,4096,64.043
16,256,64,8192,101.024
16,256,64,16384,171.979
16,256,128,16,20.0643
16,256,128,32,20
16,256,128,64,20.1493
16,256,128,128,20.16
16,256,128,256,22.091
16,256,128,512,32.854
16,256,128,1024,46.432
16,256,128,2048,66.87
16,256,128,4096,105.131
16,256,128,8192,175.489
16,256,128,16384,322.103
16,512,0,0,21.8347
16,512,1,16,21.707
16,512,1,32,21.643
16,512,1,64,21.4087
16,512,1,128,20.8107
16,512,1,256,21.3017
16,512,1,512,21.3867
16,512,1,1024,19.7333
16,512,1,2048,20.032
16,512,1,4096,21.4297
16,512,1,8192,23.5413
16,512,1,16384,27.1253
16,512,2,16,21.6427
16,512,2,32,21.4933
16,512,2,64,21.6857
16,512,2,128,21.5787
16,512,2,256,21.056
16,512,2,512,21.088
16,512,2,1024,20.0107
16,512,2,2048,20.16
16,512,2,4096,21.3763
16,512,2,8192,23.84
16,512,2,16384,27.7123
16,512,4,16,21.9627
16,512,4,32,22.2723
16,512,4,64,22.3467
16,512,4,128,21.3337
16,512,4,256,21.6647
16,512,4,512,21.0137
16,512,4,1024,20.9493
16,512,4,2048,20.3413
16,512,4,4096,24.0643
16,512,4,8192,26.699
16,512,4,16384,30.0167
16,512,8,16,21.7393
16,512,8,32,22.1013
16,512,8,64,22.0693
16,512,8,128,21.1943
16,512,8,256,21.2053
16,512,8,512,21.141
16,512,8,1024,21.0133
16,512,8,2048,21.8453
16,512,8,4096,25.3337
16,512,8,8192,28.6613
16,512,8,16384,38.9443
16,512,16,16,20.331
16,512,16,32,20.4693
16,512,16,64,19.9147
16,512,16,128,20.086
16,512,16,256,20.4377
16,512,16,512,20.5227
16,512,16,1024,21.2267
16,512,16,2048,24.1067
16,512,16,4096,28.48
16,512,16,8192,39.6167
16,512,16,16384,59.509
16,512,32,16,21.6
16,512,32,32,21.536
16,512,32,64,21.7073
16,512,32,128,21.9303
16,512,32,256,22.8053
16,512,32,512,22.7417
16,512,32,1024,24.405
16,512,32,2048,29.0667
16,512,32,4096,39.382
16,512,32,8192,60.3523
16,512,32,16384,98.5713
16,512,64,16,21.867
16,512,64,32,21.8993
16,512,64,64,21.6427
16,512,64,128,22.6023
16,512,64,256,23.1147
16,512,64,512,24.1817
16,512,64,1024,30.4853
16,512,64,2048,42.9017
16,512,64,4096,63.84
16,512,64,8192,100.15
16,512,64,16384,173.43
16,512,128,16,24.9387
16,512,128,32,24.939
16,512,128,64,25.44
16,512,128,128,26.6137
16,512,128,256,27.467
16,512,128,512,31.9787
16,512,128,1024,45.7603
16,512,128,2048,67.9157
16,512,128,4096,103.179
16,512,128,8192,176.439
16,512,128,16384,325.602
16,1024,0,0,22.6027
16,1024,1,16,22.3043
16,1024,1,32,22.688
16,1024,1,64,22.5493
16,1024,1,128,22.432
16,1024,1,256,22.336
16,1024,1,512,22.592
16,1024,1,1024,22.048
16,1024,1,2048,20.5547
16,1024,1,4096,21.984
16,1024,1,8192,23.4987
16,1024,1,16384,27.872
16,1024,2,16,22.9973
16,1024,2,32,22.8693
16,1024,2,64,22.9753
16,1024,2,128,22.6453
16,1024,2,256,22.5707
16,1024,2,512,22.5817
16,1024,2,1024,22.6773
16,1024,2,2048,20.3947
16,1024,2,4096,21.7707
16,1024,2,8192,24.971
16,1024,2,16384,28.8107
16,1024,4,16,22.987
16,1024,4,32,23.1893
16,1024,4,64,23.2213
16,1024,4,128,22.7413
16,1024,4,256,22.9867
16,1024,4,512,22.88
16,1024,4,1024,22.7093
16,1024,4,2048,21.28
16,1024,4,4096,23.9577
16,1024,4,8192,26.3363
16,1024,4,16384,31.5307
16,1024,8,16,22.8163
16,1024,8,32,23.211
16,1024,8,64,23.125
16,1024,8,128,22.88
16,1024,8,256,23.0617
16,1024,8,512,22.9657
16,1024,8,1024,22.752
16,1024,8,2048,22.2507
16,1024,8,4096,25.8773
16,1024,8,8192,29.9737
16,1024,8,16384,39.2213
16,1024,16,16,22.6027
16,1024,16,32,22.432
16,1024,16,64,22.3893
16,1024,16,128,22.411
16,1024,16,256,22.1333
16,1024,16,512,22.432
16,1024,16,1024,21.419
16,1024,16,2048,24.2453
16,1024,16,4096,28.715
16,1024,16,8192,39.9893
16,1024,16,16384,59.9467
16,1024,32,16,23.264
16,1024,32,32,23.04
16,1024,32,64,23.1683
16,1024,32,128,23.0507
16,1024,32,256,23.5527
16,1024,32,512,23.1467
16,1024,32,1024,24.7573
16,1024,32,2048,29.44
16,1024,32,4096,40.8857
16,1024,32,8192,61.068
16,1024,32,16384,98.7737
16,1024,64,16,23.904
16,1024,64,32,23.904
16,1024,64,64,24.3843
16,1024,64,128,23.8297
16,1024,64,256,27.1043
16,1024,64,512,24.832
16,1024,64,1024,30.699
16,1024,64,2048,43.147
16,1024,64,4096,63.1473
16,1024,64,8192,100.651
16,1024,64,16384,173.302
16,1024,128,16,26.752
16,1024,128,32,26.3683
16,1024,128,64,28.1173
16,1024,128,128,26.816
16,1024,128,256,28.2137
16,1024,128,512,35.0293
16,1024,128,1024,46.4853
16,1024,128,2048,67.6263
16,1024,128,4096,104.395
16,1024,128,8192,177.676
16,1024,128,16384,323.287
16,2048,0,0,23.5733
16,2048,1,16,23.2747
16,2048,1,32,23.0397
16,2048,1,64,22.752
16,2048,1,128,23.0827
16,2048,1,256,23.168
16,2048,1,512,23.0617
16,2048,1,1024,23.04
16,2048,1,2048,22.8053
16,2048,1,4096,21.4827
16,2048,1,8192,23.3917
16,2048,1,16384,28.1067
16,2048,2,16,23.3387
16,2048,2,32,23.4563
16,2048,2,64,23.296
16,2048,2,128,23.4347
16,2048,2,256,23.3387
16,2048,2,512,23.2643
16,2048,2,1024,23.5317
16,2048,2,2048,23.744
16,2048,2,4096,21.4613
16,2048,2,8192,24.523
16,2048,2,16384,28.192
16,2048,4,16,23.936
16,2048,4,32,24.1387
16,2048,4,64,23.744
16,2048,4,128,23.808
16,2048,4,256,23.872
16,2048,4,512,23.7867
16,2048,4,1024,23.968
16,2048,4,2048,24.1067
16,2048,4,4096,24.054
16,2048,4,8192,26.688
16,2048,4,16384,31.552
16,2048,8,16,23.8613
16,2048,8,32,23.7547
16,2048,8,64,23.616
16,2048,8,128,23.5303
16,2048,8,256,23.5843
16,2048,8,512,23.6593
16,2048,8,1024,23.616
16,2048,8,2048,22.4
16,2048,8,4096,25.5997
16,2048,8,8192,30.2407
16,2048,8,16384,39.6903
16,2048,16,16,22.123
16,2048,16,32,21.952
16,2048,16,64,22.368
16,2048,16,128,22.4853
16,2048,16,256,22.56
16,2048,16,512,22.87
16,2048,16,1024,22.4853
16,2048,16,2048,24.2983
16,2048,16,4096,29.9413
16,2048,16,8192,39.627
16,2048,16,16384,59.8407
16,2048,32,16,24.0853
16,2048,32,32,24.0003
16,2048,32,64,23.8293
16,2048,32,128,24.1177
16,2048,32,256,24.512
16,2048,32,512,24.1177
16,2048,32,1024,26.144
16,2048,32,2048,30.2933
16,2048,32,4096,41.664
16,2048,32,8192,60.907
16,2048,32,16384,99.2967
16,2048,64,16,24.3093
16,2048,64,32,24.3307
16,2048,64,64,24.6613
16,2048,64,128,23.8827
16,2048,64,256,29.0563
16,2048,64,512,31.6587
16,2048,64,1024,31.1257
16,2048,64,2048,43.3387
16,2048,64,4096,64.3417
16,2048,64,8192,100.492
16,2048,64,16384,172.054
16,2048,128,16,27.9257
16,2048,128,32,27.2427
16,2048,128,64,27.616
16,2048,128,128,30.859
16,2048,128,256,35.712
16,2048,128,512,36.9707
16,2048,128,1024,47.616
16,2048,128,2048,67.5947
16,2048,128,4096,105.12
16,2048,128,8192,177.505
16,2048,128,16384,322.573
16,4096,0,0,24.053
16,4096,1,16,23.7013
16,4096,1,32,23.7227
16,4096,1,64,23.8613
16,4096,1,128,24.032
16,4096,1,256,23.6693
16,4096,1,512,23.157
16,4096,1,1024,24.1707
16,4096,1,2048,23.573
16,4096,1,4096,23.7337
16,4096,1,8192,23.531
16,4096,1,16384,28.6293
16,4096,2,16,24.3947
16,4096,2,32,24.5657
16,4096,2,64,24.182
16,4096,2,128,24.6087
16,4096,2,256,24.363
16,4096,2,512,24.2343
16,4096,2,1024,24.3947
16,4096,2,2048,24.8
16,4096,2,4096,24.544
16,4096,2,8192,26.1763
16,4096,2,16384,29.1313
16,4096,4,16,24.7147
16,4096,4,32,24.4267
16,4096,4,64,24.768
16,4096,4,128,24.7253
16,4096,4,256,24.4053
16,4096,4,512,24.5327
16,4096,4,1024,25.1413
16,4096,4,2048,25.1307
16,4096,4,4096,25.1733
16,4096,4,8192,27.7657
16,4096,4,16384,31.9463
16,4096,8,16,24.2777
16,4096,8,32,24.384
16,4096,8,64,24.6297
16,4096,8,128,24.2557
16,4096,8,256,24.5127
16,4096,8,512,24.523
16,4096,8,1024,24.7363
16,4096,8,2048,25.1733
16,4096,8,4096,26.7947
16,4096,8,8192,31.7867
16,4096,8,16384,40.9073
16,4096,16,16,23.6163
16,4096,16,32,23.5097
16,4096,16,64,23.5307
16,4096,16,128,23.5627
16,4096,16,256,23.4243
16,4096,16,512,23.8937
16,4096,16,1024,23.573
16,4096,16,2048,25.4507
16,4096,16,4096,29.1627
16,4096,16,8192,39.8193
16,4096,16,16384,59.7767
16,4096,32,16,24.7467
16,4096,32,32,24.533
16,4096,32,64,25.0027
16,4096,32,128,24.918
16,4096,32,256,24.4483
16,4096,32,512,25.0133
16,4096,32,1024,26.8267
16,4096,32,2048,38.0913
16,4096,32,4096,40.6403
16,4096,32,8192,62.0277
16,4096,32,16384,98.262
16,4096,64,16,25.782
16,4096,64,32,25.7493
16,4096,64,64,25.6963
16,4096,64,128,25.2487
16,4096,64,256,29.6
16,4096,64,512,32.0217
16,4096,64,1024,41.5153
16,4096,64,2048,44.672
16,4096,64,4096,64.299
16,4096,64,8192,100.48
16,4096,64,16384,172.364
16,4096,128,16,29.622
16,4096,128,32,28.64
16,4096,128,64,30.123
16,4096,128,128,30.8697
16,4096,128,256,36.0533
16,4096,128,512,45.4717
16,4096,128,1024,48.043
16,4096,128,2048,68.6723
16,4096,128,4096,105.014
16,4096,128,8192,178.283
16,4096,128,16384,321.602
16,8192,0,0,27.2
16,8192,1,16,26.2933
16,8192,1,32,26.048
16,8192,1,64,26.176
16,8192,1,128,26.4107
16,8192,1,256,26.251
16,8192,1,512,26.2827
16,8192,1,1024,26.3147
16,8192,1,2048,26.123
16,8192,1,4096,26.0267
16,8192,1,8192,26.1547
16,8192,1,16384,29.4077
16,8192,2,16,26.635
16,8192,2,32,26.805
16,8192,2,64,26.6883
16,8192,2,128,26.496
16,8192,2,256,26.848
16,8192,2,512,26.8377
16,8192,2,1024,26.464
16,8192,2,2048,26.656
16,8192,2,4096,26.9653
16,8192,2,8192,26.8377
16,8192,2,16384,29.8033
16,8192,4,16,26.987
16,8192,4,32,27.0297
16,8192,4,64,26.9653
16,8192,4,128,26.7627
16,8192,4,256,27.328
16,8192,4,512,26.8907
16,8192,4,1024,27.1893
16,8192,4,2048,27.3707
16,8192,4,4096,27.1573
16,8192,4,8192,27.947
16,8192,4,16384,32.9283
16,8192,8,16,26.6667
16,8192,8,32,26.656
16,8192,8,64,26.8267
16,8192,8,128,26.9977
16,8192,8,256,26.539
16,8192,8,512,27.083
16,8192,8,1024,26.496
16,8192,8,2048,26.5707
16,8192,8,4096,27.0293
16,8192,8,8192,32.832
16,8192,8,16384,42.433
16,8192,16,16,26.2187
16,8192,16,32,26.24
16,8192,16,64,26.1123
16,8192,16,128,26.0053
16,8192,16,256,25.824
16,8192,16,512,25.835
16,8192,16,1024,25.9313
16,8192,16,2048,26.6027
16,8192,16,4096,30.9223
16,8192,16,8192,40.8647
16,8192,16,16384,60.875
16,8192,32,16,27.328
16,8192,32,32,27.3073
16,8192,32,64,27.296
16,8192,32,128,27.3067
16,8192,32,256,26.7307
16,8192,32,512,26.816
16,8192,32,1024,28.96
16,8192,32,2048,32.9173
16,8192,32,4096,55.2427
16,8192,32,8192,62.3043
16,8192,32,16384,99.1047
16,8192,64,16,27.51
16,8192,64,32,27.339
16,8192,64,64,27.744
16,8192,64,128,27.4983
16,8192,64,256,27.616
16,8192,64,512,31.8823
16,8192,64,1024,41.3123
16,8192,64,2048,60.3947
16,8192,64,4096,65.8347
16,8192,64,8192,101.12
16,8192,64,16384,172.865
16,8192,128,16,29.227
16,8192,128,32,30.0593
16,8192,128,64,30.4753
16,8192,128,128,32.928
16,8192,128,256,36.4693
16,8192,128,512,46.3787
16,8192,128,1024,66.3253
16,8192,128,2048,69.0563
16,8192,128,4096,105.313
16,8192,128,8192,177.761
16,8192,128,16384,323.106
16,16384,0,0,30.1233
16,16384,1,16,29.4613
16,16384,1,32,29.4187
16,16384,1,64,29.75
16,16384,1,128,29.4403
16,16384,1,256,29.3227
16,16384,1,512,29.344
16,16384,1,1024,29.5257
16,16384,1,2048,29.387
16,16384,1,4096,29.4613
16,16384,1,8192,29.419
16,16384,1,16384,28.8537
16,16384,2,16,29.4827
16,16384,2,32,29.7493
16,16384,2,64,29.6107
16,16384,2,128,29.4187
16,16384,2,256,29.5367
16,16384,2,512,29.6857
16,16384,2,1024,29.1733
16,16384,2,2048,29.248
16,16384,2,4096,29.4187
16,16384,2,8192,28.9707
16,16384,2,16384,30.1653
16,16384,4,16,30.272
16,16384,4,32,30.4533
16,16384,4,64,30.592
16,16384,4,128,30.357
16,16384,4,256,30.2933
16,16384,4,512,30.091
16,16384,4,1024,29.9947
16,16384,4,2048,29.8987
16,16384,4,4096,29.6757
16,16384,4,8192,30.5067
16,16384,4,16384,33.9097
16,16384,8,16,29.4937
16,16384,8,32,29.8027
16,16384,8,64,29.792
16,16384,8,128,29.7707
16,16384,8,256,29.206
16,16384,8,512,29.1307
16,16384,8,1024,29.0137
16,16384,8,2048,29.1093
16,16384,8,4096,30.3893
16,16384,8,8192,34.8373
16,16384,8,16384,42.251
16,16384,16,16,28.459
16,16384,16,32,28.8107
16,16384,16,64,28.725
16,16384,16,128,28.907
16,16384,16,256,28.5973
16,16384,16,512,28.448
16,16384,16,1024,28.6187
16,16384,16,2048,29.1417
16,16384,16,4096,34.2827
16,16384,16,8192,42.6243
16,16384,16,16384,64.1393
16,16384,32,16,30.389
16,16384,32,32,30.016
16,16384,32,64,30.464
16,16384,32,128,29.3547
16,16384,32,256,29.9733
16,16384,32,512,29.5893
16,16384,32,1024,30.816
16,16384,32,2048,35.6053
16,16384,32,4096,57.0883
16,16384,32,8192,91.6907
16,16384,32,16384,100.395
16,16384,64,16,30.208
16,16384,64,32,30.2507
16,16384,64,64,30.3893
16,16384,64,128,29.6747
16,16384,64,256,29.9733
16,16384,64,512,34.2407
16,16384,64,1024,44.3093
16,16384,64,2048,61.8027
16,16384,64,4096,96.4803
16,16384,64,8192,102.667
16,16384,64,16384,173.963
16,16384,128,16,30.4533
16,16384,128,32,30.6457
16,16384,128,64,30.6343
16,16384,128,128,33.803
16,16384,128,256,37.8563
16,16384,128,512,47.5733
16,16384,128,1024,68.9713
16,16384,128,2048,103.467
16,16384,128,4096,106.465
16,16384,128,8192,177.921
16,16384,128,16384,325.014
32,0,0,0,15.584
32,0,1,16,15.584
32,0,1,32,15.371
32,0,1,64,15.296
32,0,1,128,16.885
32,0,1,256,18.379
32,0,1,512,19.5097
32,0,1,1024,20.1067
32,0,1,2048,20.672
32,0,1,4096,21.0883
32,0,1,8192,23.2853
32,0,1,16384,25.8133
32,0,2,16,15.5947
32,0,2,32,15.6483
32,0,2,64,15.5627
32,0,2,128,16.9493
32,0,2,256,18.7413
32,0,2,512,19.456
32,0,2,1024,19.766
32,0,2,2048,20.4267
32,0,2,4096,21.2053
32,0,2,8192,23.8717
32,0,2,16384,26.208
32,0,4,16,15.6163
32,0,4,32,15.5737
32,0,4,64,15.2747
32,0,4,128,16.992
32,0,4,256,18.2727
32,0,4,512,19.52
32,0,4,1024,20.011
32,0,4,2048,20.352
32,0,4,4096,21.9733
32,0,4,8192,24.5557
32,0,4,16384,29.44
32,0,8,16,15.36
32,0,8,32,15.2107
32,0,8,64,15.4987
32,0,8,128,16.5013
32,0,8,256,18.08
32,0,8,512,19.2853
32,0,8,1024,20.2993
32,0,8,2048,21.4507
32,0,8,4096,23.4777
32,0,8,8192,28.928
32,0,8,16384,40.576
32,0,16,16,15.3493
32,0,16,32,15.563
32,0,16,64,15.5843
32,0,16,128,17.152
32,0,16,256,18.4533
32,0,16,512,20.1707
32,0,16,1024,21.344
32,0,16,2048,23.3283
32,0,16,4096,28.1387
32,0,16,8192,39.6697
32,0,16,16384,59.755
32,0,32,16,15.9147
32,0,32,32,15.9257
32,0,32,64,16.0003
32,0,32,128,17.6963
32,0,32,256,18.8587
32,0,32,512,21.1733
32,0,32,1024,22.7843
32,0,32,2048,28.5227
32,0,32,4096,40.352
32,0,32,8192,60.5017
32,0,32,16384,97.1737
32,0,64,16,16.0213
32,0,64,32,16
32,0,64,64,16.128
32,0,64,128,17.9413
32,0,64,256,19.4243
32,0,64,512,23.6377
32,0,64,1024,29.952
32,0,64,2048,43.04
32,0,64,4096,63.3707
32,0,64,8192,99.8727
32,0,64,16384,173.611
32,0,128,16,16.4267
32,0,128,32,16.64
32,0,128,64,17.0453
32,0,128,128,18.688
32,0,128,256,21.6213
32,0,128,512,31.7653
32,0,128,1024,44.736
32,0,128,2048,67.7767
32,0,128,4096,103.99
32,0,128,8192,177.548
32,0,128,16384,321.517
32,16,0,0,15.7547
32,16,1,16,15.5843
32,16,1,32,15.7227
32,16,1,64,15.5627
32,16,1,128,16.949
32,16,1,256,18.464
32,16,1,512,19.488
32,16,1,1024,19.744
32,16,1,2048,20.171
32,16,1,4096,21.2267
32,16,1,8192,23.1143
32,16,1,16384,25.92
32,16,2,16,15.52
32,16,2,32,15.3813
32,16,2,64,15.392
32,16,2,128,16.7253
32,16,2,256,18.5493
32,16,2,512,19.521
32,16,2,1024,20.1067
32,16,2,2048,20.0537
32,16,2,4096,21.152
32,16,2,8192,23.648
32,16,2,16384,26.2407
32,16,4,16,15.4347
32,16,4,32,15.5733
32,16,4,64,15.4777
32,16,4,128,17.0457
32,16,4,256,18.3687
32,16,4,512,19.157
32,16,4,1024,19.8933
32,16,4,2048,20.416
32,16,4,4096,22.1443
32,16,4,8192,24.544
32,16,4,16384,29.579
32,16,8,16,15.1787
32,16,8,32,15.1893
32,16,8,64,15.125
32,16,8,128,16.5227
32,16,8,256,18.155
32,16,8,512,19.4453
32,16,8,1024,20.224
32,16,8,2048,21.2583
32,16,8,4096,23.84
32,16,8,8192,28.4693
32,16,8,16384,40.896
32,16,16,16,15.5307
32,16,16,32,15.4133
32,16,16,64,15.3707
32,16,16,128,17.1097
32,16,16,256,18.4213
32,16,16,512,20.2027
32,16,16,1024,21.2587
32,16,16,2048,23.2537
32,16,16,4096,28.1923
32,16,16,8192,39.4243
32,16,16,16384,59.0407
32,16,32,16,15.616
32,16,32,32,15.7653
32,16,32,64,15.7017
32,16,32,128,17.5147
32,16,32,256,19.051
32,16,32,512,21.504
32,16,32,1024,23.0187
32,16,32,2048,28.5543
32,16,32,4096,40.2983
32,16,32,8192,60.5443
32,16,32,16384,97.75
32,16,64,16,16.352
32,16,64,32,16.096
32,16,64,64,16.16
32,16,64,128,18.0693
32,16,64,256,19.3703
32,16,64,512,23.968
32,16,64,1024,30.3897
32,16,64,2048,43.008
32,16,64,4096,64.171
32,16,64,8192,99.947
32,16,64,16384,172.3
32,16,128,16,16.8107
32,16,128,32,16.6937
32,16,128,64,16.9493
32,16,128,128,18.635
32,16,128,256,21.7283
32,16,128,512,32.203
32,16,128,1024,45.3333
32,16,128,2048,66.87
32,16,128,4096,105.643
32,16,128,8192,176.502
32,16,128,16384,322.049
32,32,0,0,15.552
32,32,1,16,15.5733
32,32,1,32,15.4773
32,32,1,64,15.52
32,32,1,128,16.928
32,32,1,256,18.4857
32,32,1,512,19.0613
32,32,1,1024,19.7333
32,32,1,2048,20.064
32,32,1,4096,21.184
32,32,1,8192,22.987
32,32,1,16384,25.8563
32,32,2,16,15.488
32,32,2,32,15.5947
32,32,2,64,15.4343
32,32,2,128,16.8427
32,32,2,256,18.592
32,32,2,512,19.3597
32,32,2,1024,19.7647
32,32,2,2048,20.128
32,32,2,4096,21.216
32,32,2,8192,24.1173
32,32,2,16384,26.4533
32,32,4,16,15.691
32,32,4,32,15.4453
32,32,4,64,15.6267
32,32,4,128,16.885
32,32,4,256,18.667
32,32,4,512,19.0933
32,32,4,1024,19.9147
32,32,4,2048,20.1493
32,32,4,4096,22.2187
32,32,4,8192,24.5123
32,32,4,16384,29.3763
32,32,8,16,15.104
32,32,8,32,15.4347
32,32,8,64,15.3493
32,32,8,128,16.8427
32,32,8,256,18.3147
32,32,8,512,19.435
32,32,8,1024,20.2667
32,32,8,2048,21.1947
32,32,8,4096,23.744
32,32,8,8192,28.64
32,32,8,16384,40.363
32,32,16,16,15.4457
32,32,16,32,15.5203
32,32,16,64,15.4663
32,32,16,128,16.96
32,32,16,256,18.464
32,32,16,512,20.16
32,32,16,1024,21.056
32,32,16,2048,23.3813
32,32,16,4096,28.0103
32,32,16,8192,39.1577
32,32,16,16384,60.918
32,32,32,16,15.84
32,32,32,32,15.5733
32,32,32,64,16.0107
32,32,32,128,17.5253
32,32,32,256,18.955
32,32,32,512,21.12
32,32,32,1024,23.211
32,32,32,2048,28.544
32,32,32,4096,39.84
32,32,32,8192,60.6723
32,32,32,16384,98.5713
32,32,64,16,16.171
32,32,64,32,16.1813
32,32,64,64,16.3307
32,32,64,128,17.8667
32,32,64,256,19.2323
32,32,64,512,23.424
32,32,64,1024,30.1013
32,32,64,2048,43.0723
32,32,64,4096,64.2243
32,32,64,8192,100.47
32,32,64,16384,172.043
32,32,128,16,16.6187
32,32,128,32,16.6293
32,32,128,64,17.152
32,32,128,128,18.6137
32,32,128,256,21.643
32,32,128,512,32.1067
32,32,128,1024,45.6003
32,32,128,2048,66.9223
32,32,128,4096,104.492
32,32,128,8192,177.675
32,32,128,16384,322.551
32,64,0,0,15.6583
32,64,1,16,15.755
32,64,1,32,15.627
32,64,1,64,15.659
32,64,1,128,16.8323
32,64,1,256,18.315
32,64,1,512,19.199
32,64,1,1024,19.8293
32,64,1,2048,20.5867
32,64,1,4096,20.9067
32,64,1,8192,23.1253
32,64,1,16384,25.92
32,64,2,16,15.4563
32,64,2,32,15.2747
32,64,2,64,15.392
32,64,2,128,16.9707
32,64,2,256,18.688
32,64,2,512,19.3497
32,64,2,1024,20.2347
32,64,2,2048,20.1603
32,64,2,4096,21.387
32,64,2,8192,23.936
32,64,2,16384,26.347
32,64,4,16,15.6697
32,64,4,32,15.5737
32,64,4,64,15.4667
32,64,4,128,16.949
32,64,4,256,18.6987
32,64,4,512,19.392
32,64,4,1024,19.9677
32,64,4,2048,20.4587
32,64,4,4096,22.1333
32,64,4,8192,24.085
32,64,4,16384,29.3763
32,64,8,16,15.4133
32,64,8,32,15.1573
32,64,8,64,15.0933
32,64,8,128,16.8743
32,64,8,256,18.208
32,64,8,512,19.5523
32,64,8,1024,20.0537
32,64,8,2048,21.1627
32,64,8,4096,23.6373
32,64,8,8192,28.3417
32,64,8,16384,40.352
32,64,16,16,15.328
32,64,16,32,15.4133
32,64,16,64,15.4987
32,64,16,128,17.0773
32,64,16,256,18.56
32,64,16,512,20.3527
32,64,16,1024,21.579
32,64,16,2048,23.1787
32,64,16,4096,28.2027
32,64,16,8192,39.403
32,64,16,16384,59.9147
32,64,32,16,15.8827
32,64,32,32,15.584
32,64,32,64,15.7227
32,64,32,128,17.7707
32,64,32,256,18.9867
32,64,32,512,21.2377
32,64,32,1024,23.0613
32,64,32,2048,28.5017
32,64,32,4096,40.053
32,64,32,8192,61.0137
32,64,32,16384,98.2833
32,64,64,16,16.1283
32,64,64,32,16.1493
32,64,64,64,16.128
32,64,64,128,18.0057
32,64,64,256,19.3387
32,64,64,512,24
32,64,64,1024,30.1767
32,64,64,2048,42.8803
32,64,64,4096,63.8937
32,64,64,8192,100.523
32,64,64,16384,173.27
32,64,128,16,16.448
32,64,128,32,17.1947
32,64,128,64,16.96
32,64,128,128,18.8057
32,64,128,256,21.675
32,64,128,512,32.213
32,64,128,1024,46.102
32,64,128,2048,69.0773
32,64,128,4096,104.107
32,64,128,8192,176.78
32,64,128,16384,322.871
32,128,0,0,17.2587
32,128,1,16,17.2587
32,128,1,32,17.2053
32,128,1,64,17.4617
32,128,1,128,17.2373
32,128,1,256,18.5603
32,128,1,512,21.3873
32,128,1,1024,20.3523
32,128,1,2048,20.832
32,128,1,4096,21.6963
32,128,1,8192,23.584
32,128,1,16384,25.419
32,128,2,16,17.451
32,128,2,32,17.1947
32,128,2,64,17.12
32,128,2,128,17.248
32,128,2,256,18.6453
32,128,2,512,21.3013
32,128,2,1024,20.5867
32,128,2,2048,20.7147
32,128,2,4096,21.5147
32,128,2,8192,23.9897
32,128,2,16384,26.2613
32,128,4,16,17.312
32,128,4,32,17.3013
32,128,4,64,17.344
32,128,4,128,17.248
32,128,4,256,18.464
32,128,4,512,21.312
32,128,4,1024,20.523
32,128,4,2048,21.184
32,128,4,4096,22.1223
32,128,4,8192,24.1287
32,128,4,16384,29.408
32,128,8,16,16.9603
32,128,8,32,16.8213
32,128,8,64,17.109
32,128,8,128,16.8217
32,128,8,256,18.1227
32,128,8,512,21.9523
32,128,8,1024,20.427
32,128,8,2048,21.3867
32,128,8,4096,23.5627
32,128,8,8192,28.4697
32,128,8,16384,39.3927
32,128,16,16,17.1947
32,128,16,32,17.3013
32,128,16,64,17.152
32,128,16,128,17.248
32,128,16,256,18.6137
32,128,16,512,22.1763
32,128,16,1024,21.2373
32,128,16,2048,23.3073
32,128,16,4096,28.448
32,128,16,8192,39.1147
32,128,16,16384,59.7653
32,128,32,16,17.1307
32,128,32,32,17.3227
32,128,32,64,17.088
32,128,32,128,17.5043
32,128,32,256,19.1253
32,128,32,512,21.3547
32,128,32,1024,23.061
32,128,32,2048,28.6503
32,128,32,4096,40.5977
32,128,32,8192,61.984
32,128,32,16384,98.646
32,128,64,16,17.6853
32,128,64,32,17.6533
32,128,64,64,17.7707
32,128,64,128,18.059
32,128,64,256,19.3707
32,128,64,512,23.52
32,128,64,1024,30.8377
32,128,64,2048,42.9973
32,128,64,4096,64.4487
32,128,64,8192,100.246
32,128,64,16384,172.769
32,128,128,16,17.8347
32,128,128,32,18.059
32,128,128,64,18.3257
32,128,128,128,18.9973
32,128,128,256,21.8773
32,128,128,512,32.5977
32,128,128,1024,45.654
32,128,128,2048,67.6907
32,128,128,4096,105.11
32,128,128,8192,177.836
32,128,128,16384,320.972
32,256,0,0,18.987
32,256,1,16,18.9333
32,256,1,32,19.04
32,256,1,64,18.8693
32,256,1,128,18.6563
32,256,1,256,18.6883
32,256,1,512,21.472
32,256,1,1024,20.4163
32,256,1,2048,20.5763
32,256,1,4096,21.8667
32,256,1,8192,23.0933
32,256,1,16384,25.888
32,256,2,16,18.7203
32,256,2,32,18.9763
32,256,2,64,18.8693
32,256,2,128,18.635
32,256,2,256,18.816
32,256,2,512,21.6533
32,256,2,1024,20.6407
32,256,2,2048,20.768
32,256,2,4096,21.8987
32,256,2,8192,24.181
32,256,2,16384,26.475
32,256,4,16,18.923
32,256,4,32,19.1467
32,256,4,64,18.8267
32,256,4,128,18.6773
32,256,4,256,18.8373
32,256,4,512,21.2587
32,256,4,1024,20.491
32,256,4,2048,21.0667
32,256,4,4096,22.9123
32,256,4,8192,24.342
32,256,4,16384,29.5043
32,256,8,16,18.3357
32,256,8,32,18.336
32,256,8,64,18.5923
32,256,8,128,18.549
32,256,8,256,18.4107
32,256,8,512,22.0373
32,256,8,1024,20.512
32,256,8,2048,22.7627
32,256,8,4096,24.1493
32,256,8,8192,28.8107
32,256,8,16384,39.755
32,256,16,16,18.795
32,256,16,32,18.7523
32,256,16,64,18.72
32,256,16,128,18.912
32,256,16,256,18.5813
32,256,16,512,22.272
32,256,16,1024,22.0053
32,256,16,2048,23.0617
32,256,16,4096,28.4057
32,256,16,8192,39.1683
32,256,16,16384,60.672
32,256,32,16,18.6987
32,256,32,32,18.987
32,256,32,64,18.795
32,256,32,128,18.784
32,256,32,256,19.072
32,256,32,512,22.1547
32,256,32,1024,23.5093
32,256,32,2048,28.992
32,256,32,4096,40.0747
32,256,32,8192,60.438
32,256,32,16384,99.6167
32,256,64,16,19.136
32,256,64,32,19.04
32,256,64,64,19.1257
32,256,64,128,19.2433
32,256,64,256,19.4773
32,256,64,512,24.022
32,256,64,1024,30.592
32,256,64,2048,43.0727
32,256,64,4096,63.606
32,256,64,8192,101.259
32,256,64,16384,171.564
32,256,128,16,19.936
32,256,128,32,19.904
32,256,128,64,20.0747
32,256,128,128,19.8613
32,256,128,256,21.984
32,256,128,512,33.0353
32,256,128,1024,45.6213
32,256,128,2048,68.5443
32,256,128,4096,104.598
32,256,128,8192,177.195
32,256,128,16384,321.047
32,512,0,0,22.0053
32,512,1,16,21.995
32,512,1,32,22.3793
32,512,1,64,22.443
32,512,1,128,21.4187
32,512,1,256,21.8453
32,512,1,512,21.7707
32,512,1,1024,20.3093
32,512,1,2048,20.811
32,512,1,4096,21.728
32,512,1,8192,23.7657
32,512,1,16384,25.4613
32,512,2,16,22.3473
32,512,2,32,22.08
32,512,2,64,22.4213
32,512,2,128,22.1127
32,512,2,256,21.3977
32,512,2,512,21.5997
32,512,2,1024,20.8427
32,512,2,2048,20.7787
32,512,2,4096,22.2077
32,512,2,8192,24.4053
32,512,2,16384,28.5657
32,512,4,16,22.038
32,512,4,32,22.0593
32,512,4,64,22.0267
32,512,4,128,21.664
32,512,4,256,21.2267
32,512,4,512,21.8453
32,512,4,1024,20.9173
32,512,4,2048,20.672
32,512,4,4096,23.3493
32,512,4,8192,26.336
32,512,4,16384,29.6643
32,512,8,16,22.8263
32,512,8,32,22.6987
32,512,8,64,22.443
32,512,8,128,22.4
32,512,8,256,22.7093
32,512,8,512,22.592
32,512,8,1024,20.95
32,512,8,2048,23.3067
32,512,8,4096,25.408
32,512,8,8192,29.5467
32,512,8,16384,39.883
32,512,16,16,22.3893
32,512,16,32,22.24
32,512,16,64,21.7067
32,512,16,128,22.144
32,512,16,256,22.1973
32,512,16,512,22.6453
32,512,16,1024,23.4027
32,512,16,2048,25.515
32,512,16,4096,28.3943
32,512,16,8192,39.6263
32,512,16,16384,60.587
32,512,32,16,21.3333
32,512,32,32,21.3547
32,512,32,64,21.5047
32,512,32,128,21.5147
32,512,32,256,22.731
32,512,32,512,21.8027
32,512,32,1024,24.768
32,512,32,2048,28.9493
32,512,32,4096,40.3307
32,512,32,8192,61.0027
32,512,32,16384,98.827
32,512,64,16,22.6347
32,512,64,32,22.432
32,512,64,64,22.336
32,512,64,128,22.304
32,512,64,256,28.864
32,512,64,512,24.7787
32,512,64,1024,30.0917
32,512,64,2048,43.1577
32,512,64,4096,64.2563
32,512,64,8192,99.8833
32,512,64,16384,172.673
32,512,128,16,27.072
32,512,128,32,25.9097
32,512,128,64,27.083
32,512,128,128,26.645
32,512,128,256,27.2747
32,512,128,512,32.352
32,512,128,1024,44.7367
32,512,128,2048,67.9257
32,512,128,4096,104.363
32,512,128,8192,177.675
32,512,128,16384,323.533
32,1024,0,0,22.336
32,1024,1,16,23.6053
32,1024,1,32,23.5513
32,1024,1,64,23.2
32,1024,1,128,23.5847
32,1024,1,256,23.36
32,1024,1,512,23.4137
32,1024,1,1024,23.3173
32,1024,1,2048,21.1627
32,1024,1,4096,21.419
32,1024,1,8192,23.4987
32,1024,1,16384,25.9737
32,1024,2,16,23.136
32,1024,2,32,23.584
32,1024,2,64,23.456
32,1024,2,128,23.0507
32,1024,2,256,23.5733
32,1024,2,512,23.7227
32,1024,2,1024,22.9227
32,1024,2,2048,21.3763
32,1024,2,4096,21.7067
32,1024,2,8192,25.7707
32,1024,2,16384,29.0133
32,1024,4,16,23.1147
32,1024,4,32,23.3077
32,1024,4,64,23.3503
32,1024,4,128,23.3067
32,1024,4,256,22.955
32,1024,4,512,23.0187
32,1024,4,1024,22.7947
32,1024,4,2048,21.6107
32,1024,4,4096,23.4237
32,1024,4,8192,26.7733
32,1024,4,16384,30.4213
32,1024,8,16,23.744
32,1024,8,32,23.712
32,1024,8,64,23.4993
32,1024,8,128,23.9153
32,1024,8,256,23.8617
32,1024,8,512,23.712
32,1024,8,1024,23.7337
32,1024,8,2048,22.9763
32,1024,8,4096,27.211
32,1024,8,8192,29.2483
32,1024,8,16384,40.0433
32,1024,16,16,23.562
32,1024,16,32,23.6057
32,1024,16,64,23.6057
32,1024,16,128,23.392
32,1024,16,256,23.52
32,1024,16,512,24.32
32,1024,16,1024,23.0827
32,1024,16,2048,26.0587
32,1024,16,4096,29.8243
32,1024,16,8192,40.0853
32,1024,16,16384,60.416
32,1024,32,16,22.1867
32,1024,32,32,22.304
32,1024,32,64,22.2723
32,1024,32,128,22.2187
32,1024,32,256,22.9013
32,1024,32,512,22.763
32,1024,32,1024,25.5573
32,1024,32,2048,29.163
32,1024,32,4096,41.0667
32,1024,32,8192,61.5043
32,1024,32,16384,98.347
32,1024,64,16,23.0187
32,1024,64,32,23.3177
32,1024,64,64,23.4133
32,1024,64,128,22.6667
32,1024,64,256,28.523
32,1024,64,512,31.5733
32,1024,64,1024,30.7953
32,1024,64,2048,42.9757
32,1024,64,4096,63.0613
32,1024,64,8192,100.641
32,1024,64,16384,172.566
32,1024,128,16,28.672
32,1024,128,32,28.096
32,1024,128,64,27.6803
32,1024,128,128,30.1333
32,1024,128,256,35.0513
32,1024,128,512,33.8243
32,1024,128,1024,46.2613
32,1024,128,2048,68.0747
32,1024,128,4096,103.915
32,1024,128,8192,177.27
32,1024,128,16384,323.468
32,2048,0,0,23.36
32,2048,1,16,24.096
32,2048,1,32,23.84
32,2048,1,64,23.979
32,2048,1,128,24.1173
32,2048,1,256,23.8087
32,2048,1,512,23.9893
32,2048,1,1024,23.946
32,2048,1,2048,23.6377
32,2048,1,4096,22.081
32,2048,1,8192,23.6587
32,2048,1,16384,25.8347
32,2048,2,16,23.808
32,2048,2,32,23.787
32,2048,2,64,23.7763
32,2048,2,128,23.616
32,2048,2,256,23.6053
32,2048,2,512,23.8507
32,2048,2,1024,23.627
32,2048,2,2048,23.8403
32,2048,2,4096,22.187
32,2048,2,8192,26.3573
32,2048,2,16384,28.96
32,2048,4,16,23.5523
32,2048,4,32,23.7123
32,2048,4,64,23.627
32,2048,4,128,23.8193
32,2048,4,256,23.7013
32,2048,4,512,23.7237
32,2048,4,1024,23.6697
32,2048,4,2048,23.8723
32,2048,4,4096,24.9603
32,2048,4,8192,27.0723
32,2048,4,16384,31.2963
32,2048,8,16,24.224
32,2048,8,32,24.2453
32,2048,8,64,24.352
32,2048,8,128,24.0107
32,2048,8,256,24.32
32,2048,8,512,24.6933
32,2048,8,1024,24.512
32,2048,8,2048,24.96
32,2048,8,4096,27.6267
32,2048,8,8192,29.2267
32,2048,8,16384,40.1923
32,2048,16,16,24
32,2048,16,32,24.0427
32,2048,16,64,24.1707
32,2048,16,128,24.3093
32,2048,16,256,24.3947
32,2048,16,512,24.5547
32,2048,16,1024,24.16
32,2048,16,2048,26.2613
32,2048,16,4096,30.2723
32,2048,16,8192,39.7653
32,2048,16,16384,59.072
32,2048,32,16,23.1257
32,2048,32,32,23.0613
32,2048,32,64,23.1787
32,2048,32,128,22.9973
32,2048,32,256,22.9013
32,2048,32,512,23.2427
32,2048,32,1024,26.0803
32,2048,32,2048,37.3337
32,2048,32,4096,41.7597
32,2048,32,8192,61.0993
32,2048,32,16384,98.55
32,2048,64,16,24.0427
32,2048,64,32,24.043
32,2048,64,64,24.0963
32,2048,64,128,23.9363
32,2048,64,256,28.6503
32,2048,64,512,31.5093
32,2048,64,1024,40.4593
32,2048,64,2048,43.84
32,2048,64,4096,64.438
32,2048,64,8192,101.323
32,2048,64,16384,173.771
32,2048,128,16,27.0827
32,2048,128,32,28.4487
32,2048,128,64,28.64
32,2048,128,128,30.037
32,2048,128,256,34.208
32,2048,128,512,44.128
32,2048,128,1024,45.728
32,2048,128,2048,68.1177
32,2048,128,4096,104.619
32,2048,128,8192,177.761
32,2048,128,16384,322.348
32,4096,0,0,25.504
32,4096,1,16,25.312
32,4096,1,32,25.504
32,4096,1,64,25.3757
32,4096,1,128,25.4517
32,4096,1,256,25.4723
32,4096,1,512,25.312
32,4096,1,1024,25.2693
32,4096,1,2048,25.334
32,4096,1,4096,25.067
32,4096,1,8192,26.9547
32,4096,1,16384,25.8237
32,4096,2,16,25.4933
32,4096,2,32,25.2907
32,4096,2,64,25.44
32,4096,2,128,25.035
32,4096,2,256,24.971
32,4096,2,512,25.3227
32,4096,2,1024,25.2587
32,4096,2,2048,25.152
32,4096,2,4096,25.4297
32,4096,2,8192,26.5707
32,4096,2,16384,29.6427
32,4096,4,16,25.2587
32,4096,4,32,25.152
32,4096,4,64,25.312
32,4096,4,128,25.0667
32,4096,4,256,25.227
32,4096,4,512,25.259
32,4096,4,1024,25.0987
32,4096,4,2048,24.768
32,4096,4,4096,25.2907
32,4096,4,8192,27.5947
32,4096,4,16384,31.488
32,4096,8,16,25.9417
32,4096,8,32,25.8137
32,4096,8,64,26.208
32,4096,8,128,26.1227
32,4096,8,256,26.24
32,4096,8,512,26.5383
32,4096,8,1024,25.803
32,4096,8,2048,26.5387
32,4096,8,4096,27.712
32,4096,8,8192,29.856
32,4096,8,16384,40.6087
32,4096,16,16,25.611
32,4096,16,32,25.6963
32,4096,16,64,25.472
32,4096,16,128,25.4507
32,4096,16,256,25.76
32,4096,16,512,25.5253
32,4096,16,1024,25.963
32,4096,16,2048,26.763
32,4096,16,4096,29.7277
32,4096,16,8192,40.406
32,4096,16,16384,59.755
32,4096,32,16,24.6613
32,4096,32,32,24.3097
32,4096,32,64,24.501
32,4096,32,128,24.843
32,4096,32,256,24.1923
32,4096,32,512,24.6827
32,4096,32,1024,27.947
32,4096,32,2048,31.776
32,4096,32,4096,55.8193
32,4096,32,8192,61.611
32,4096,32,16384,98.507
32,4096,64,16,25.2273
32,4096,64,32,25.504
32,4096,64,64,25.6533
32,4096,64,128,25.472
32,4096,64,256,26.5283
32,4096,64,512,31.9153
32,4096,64,1024,41.7063
32,4096,64,2048,60.0217
32,4096,64,4096,63.894
32,4096,64,8192,99.8197
32,4096,64,16384,174.006
32,4096,128,16,28.6937
32,4096,128,32,29.0563
32,4096,128,64,29.0883
32,4096,128,128,30.8593
32,4096,128,256,35.0403
32,4096,128,512,44.4803
32,4096,128,1024,65.8777
32,4096,128,2048,68.043
32,4096,128,4096,105.248
32,4096,128,8192,177.814
32,4096,128,16384,321.773
32,8192,0,0,26.9867
32,8192,1,16,27.2853
32,8192,1,32,27.339
32,8192,1,64,27.36
32,8192,1,128,27.4247
32,8192,1,256,27.456
32,8192,1,512,27.0297
32,8192,1,1024,27.297
32,8192,1,2048,27.072
32,8192,1,4096,27.3707
32,8192,1,8192,27.5203
32,8192,1,16384,29.3653
32,8192,2,16,27.04
32,8192,2,32,27.221
32,8192,2,64,27.04
32,8192,2,128,26.7413
32,8192,2,256,26.784
32,8192,2,512,26.9763
32,8192,2,1024,26.5707
32,8192,2,2048,27.0187
32,8192,2,4096,26.8057
32,8192,2,8192,27.243
32,8192,2,16384,30.123
32,8192,4,16,26.848
32,8192,4,32,26.9657
32,8192,4,64,26.9123
32,8192,4,128,26.7633
32,8192,4,256,26.8267
32,8192,4,512,26.5493
32,8192,4,1024,26.8907
32,8192,4,2048,27.1467
32,8192,4,4096,27.328
32,8192,4,8192,28.5227
32,8192,4,16384,33.5783
32,8192,8,16,27.5413
32,8192,8,32,27.552
32,8192,8,64,27.563
32,8192,8,128,27.4667
32,8192,8,256,27.5627
32,8192,8,512,27.6487
32,8192,8,1024,27.6597
32,8192,8,2048,27.8723
32,8192,8,4096,29.5577
32,8192,8,8192,33.1843
32,8192,8,16384,42.1123
32,8192,16,16,27.2853
32,8192,16,32,26.9227
32,8192,16,64,27.0827
32,8192,16,128,27.2853
32,8192,16,256,27.2113
32,8192,16,512,27.2533
32,8192,16,1024,27.9147
32,8192,16,2048,29.1413
32,8192,16,4096,32.32
32,8192,16,8192,40.843
32,8192,16,16384,62.5293
32,8192,32,16,26.016
32,8192,32,32,25.92
32,8192,32,64,26.3147
32,8192,32,128,26.08
32,8192,32,256,25.846
32,8192,32,512,26.0907
32,8192,32,1024,28.0107
32,8192,32,2048,32.6937
32,8192,32,4096,55.5203
32,8192,32,8192,89.931
32,8192,32,16384,99.2223
32,8192,64,16,26.8487
32,8192,64,32,26.8907
32,8192,64,64,26.848
32,8192,64,128,27.2747
32,8192,64,256,28.2353
32,8192,64,512,32.5973
32,8192,64,1024,41.376
32,8192,64,2048,59.8727
32,8192,64,4096,96.5763
32,8192,64,8192,101.558
32,8192,64,16384,173.291
32,8192,128,16,28.3733
32,8192,128,32,28.1703
32,8192,128,64,28.363
32,8192,128,128,31.765
32,8192,128,256,35.3923
32,8192,128,512,45.1947
32,8192,128,1024,65.1733
32,8192,128,2048,100.278
32,8192,128,4096,105.27
32,8192,128,8192,178.316
32,8192,128,16384,322.018
32,16384,0,0,30.357
32,16384,1,16,29.1733
32,16384,1,32,29.5153
32,16384,1,64,29.664
32,16384,1,128,29.664
32,16384,1,256,29.792
32,16384,1,512,29.344
32,16384,1,1024,29.3867
32,16384,1,2048,29.5357
32,16384,1,4096,29.6213
32,16384,1,8192,31.04
32,16384,1,16384,30.272
32,16384,2,16,29.291
32,16384,2,32,29.3433
32,16384,2,64,29.6537
32,16384,2,128,29.536
32,16384,2,256,29.4933
32,16384,2,512,29.675
32,16384,2,1024,29.4933
32,16384,2,2048,29.6747
32,16384,2,4096,31.5093
32,16384,2,8192,30.155
32,16384,2,16384,32.2137
32,16384,4,16,29.611
32,16384,4,32,29.5893
32,16384,4,64,29.803
32,16384,4,128,29.6743
32,16384,4,256,29.7493
32,16384,4,512,29.4187
32,16384,4,1024,30.1013
32,16384,4,2048,31.0937
32,16384,4,4096,29.7387
32,16384,4,8192,32.3623
32,16384,4,16384,35.2427
32,16384,8,16,29.8463
32,16384,8,32,29.7173
32,16384,8,64,29.8133
32,16384,8,128,30.0057
32,16384,8,256,30.09
32,16384,8,512,29.5893
32,16384,8,1024,31.392
32,16384,8,2048,31.0727
32,16384,8,4096,32.363
32,16384,8,8192,36.2883
32,16384,8,16384,43.168
32,16384,16,16,29.0567
32,16384,16,32,29.1307
32,16384,16,64,29.5687
32,16384,16,128,29.195
32,16384,16,256,31.456
32,16384,16,512,30.528
32,16384,16,1024,30.112
32,16384,16,2048,31.755
32,16384,16,4096,35.808
32,16384,16,8192,43.328
32,16384,16,16384,64.4913
32,16384,32,16,29.1523
32,16384,32,32,29.1307
32,16384,32,64,29.398
32,16384,32,128,29.0023
32,16384,32,256,34.219
32,16384,32,512,29.7707
32,16384,32,1024,30.753
32,16384,32,2048,45.632
32,16384,32,4096,43.6483
32,16384,32,8192,90.8377
32,16384,32,16384,151.521
32,16384,64,16,29.0773
32,16384,64,32,29.4083
32,16384,64,64,29.5787
32,16384,64,128,30.102
32,16384,64,256,30.1017
32,16384,64,512,31.552
32,16384,64,1024,42.6027
32,16384,64,2048,61.5147
32,16384,64,4096,96.2997
32,16384,64,8192,156.737
32,16384,64,16384,175.276
32,16384,128,16,30.3683
32,16384,128,32,31.4987
32,16384,128,64,30.8483
32,16384,128,128,32.8107
32,16384,128,256,36.896
32,16384,128,512,45.5897
32,16384,128,1024,65.963
32,16384,128,2048,101.173
32,16384,128,4096,162.379
32,16384,128,8192,177.654
32,16384,128,16384,326.071
64,0,0,0,15.488
64,0,1,16,15.5523
64,0,1,32,15.36
64,0,1,64,15.531
64,0,1,128,16.672
64,0,1,256,18.3997
64,0,1,512,19.509
64,0,1,1024,19.6693
64,0,1,2048,20.256
64,0,1,4096,21.4933
64,0,1,8192,23.9147
64,0,1,16384,27.6273
64,0,2,16,15.531
64,0,2,32,15.616
64,0,2,64,15.5733
64,0,2,128,17.227
64,0,2,256,18.56
64,0,2,512,19.4773
64,0,2,1024,20.096
64,0,2,2048,20.416
64,0,2,4096,21.7387
64,0,2,8192,24.064
64,0,2,16384,28.608
64,0,4,16,15.8613
64,0,4,32,15.5307
64,0,4,64,15.6693
64,0,4,128,16.736
64,0,4,256,18.4003
64,0,4,512,19.6587
64,0,4,1024,20.2877
64,0,4,2048,20.96
64,0,4,4096,22.379
64,0,4,8192,24.928
64,0,4,16384,29.9947
64,0,8,16,15.616
64,0,8,32,15.3067
64,0,8,64,15.4347
64,0,8,128,16.896
64,0,8,256,18.5393
64,0,8,512,19.7973
64,0,8,1024,20.5227
64,0,8,2048,21.9413
64,0,8,4096,24.288
64,0,8,8192,28.896
64,0,8,16384,40.2453
64,0,16,16,15.3173
64,0,16,32,15.4243
64,0,16,64,15.328
64,0,16,128,17.3337
64,0,16,256,18.7627
64,0,16,512,19.968
64,0,16,1024,21.6
64,0,16,2048,23.5313
64,0,16,4096,28.4053
64,0,16,8192,40.4377
64,0,16,16384,61.0463
64,0,32,16,15.84
64,0,32,32,15.872
64,0,32,64,16.0747
64,0,32,128,17.8453
64,0,32,256,19.136
64,0,32,512,21.792
64,0,32,1024,23.7547
64,0,32,2048,29.27
64,0,32,4096,40.992
64,0,32,8192,61.846
64,0,32,16384,99.2853
64,0,64,16,16.3627
64,0,64,32,16.1707
64,0,64,64,16.3737
64,0,64,128,18.1867
64,0,64,256,19.467
64,0,64,512,23.7447
64,0,64,1024,30.3467
64,0,64,2048,43.1893
64,0,64,4096,64.2563
64,0,64,8192,100.256
64,0,64,16384,172.79
64,0,128,16,16.576
64,0,128,32,16.715
64,0,128,64,16.9173
64,0,128,128,18.8053
64,0,128,256,22.2823
64,0,128,512,32.2667
64,0,128,1024,46.4003
64,0,128,2048,67.531
64,0,128,4096,104.491
64,0,128,8192,177.441
64,0,128,16384,322.423
64,16,0,0,15.488
64,16,1,16,15.3817
64,16,1,32,15.488
64,16,1,64,15.3707
64,16,1,128,16.704
64,16,1,256,18.229
64,16,1,512,19.4457
64,16,1,1024,19.574
64,16,1,2048,20.16
64,16,1,4096,21.2053
64,16,1,8192,24.0323
64,16,1,16384,27.776
64,16,2,16,15.6057
64,16,2,32,15.4453
64,16,2,64,15.5093
64,16,2,128,16.672
64,16,2,256,18.6027
64,16,2,512,19.3707
64,16,2,1024,19.9363
64,16,2,2048,20.5973
64,16,2,4096,21.6963
64,16,2,8192,24.0747
64,16,2,16384,28.2777
64,16,4,16,15.499
64,16,4,32,15.5413
64,16,4,64,15.456
64,16,4,128,16.8533
64,16,4,256,18.2293
64,16,4,512,19.552
64,16,4,1024,20.1923
64,16,4,2048,21.035
64,16,4,4096,22.3253
64,16,4,8192,24.7787
64,16,4,16384,29.9947
64,16,8,16,15.4453
64,16,8,32,15.392
64,16,8,64,15.424
64,16,8,128,17.0453
64,16,8,256,18.5067
64,16,8,512,19.6593
64,16,8,1024,20.3413
64,16,8,2048,21.76
64,16,8,4096,24.011
64,16,8,8192,28.7257
64,16,8,16384,39.5093
64,16,16,16,15.36
64,16,16,32,15.552
64,16,16,64,15.7867
64,16,16,128,17.3333
64,16,16,256,18.5603
64,16,16,512,20.128
64,16,16,1024,21.7067
64,16,16,2048,23.4453
64,16,16,4096,28.6613
64,16,16,8192,39.7663
64,16,16,16384,60.6827
64,16,32,16,15.915
64,16,32,32,15.9253
64,16,32,64,15.7867
64,16,32,128,17.7173
64,16,32,256,19.051
64,16,32,512,21.7923
64,16,32,1024,23.5627
64,16,32,2048,28.651
64,16,32,4096,40.576
64,16,32,8192,61.0673
64,16,32,16384,98.9977
64,16,64,16,16.139
64,16,64,32,16.224
64,16,64,64,16.2137
64,16,64,128,18.0263
64,16,64,256,19.3493
64,16,64,512,23.4987
64,16,64,1024,30.0697
64,16,64,2048,42.5493
64,16,64,4096,63.563
64,16,64,8192,101.195
64,16,64,16384,173.516
64,16,128,16,16.5013
64,16,128,32,16.7253
64,16,128,64,16.832
64,16,128,128,18.8373
64,16,128,256,21.7923
64,16,128,512,32.16
64,16,128,1024,46.432
64,16,128,2048,68.022
64,16,128,4096,106.219
64,16,128,8192,179.553
64,16,128,16384,324.951
64,32,0,0,15.7333
64,32,1,16,15.456
64,32,1,32,15.4773
64,32,1,64,15.659
64,32,1,128,16.8427
64,32,1,256,18.3573
64,32,1,512,19.7653
64,32,1,1024,19.6373
64,32,1,2048,20.192
64,32,1,4096,21.2697
64,32,1,8192,23.6587
64,32,1,16384,27.6273
64,32,2,16,15.5093
64,32,2,32,15.574
64,32,2,64,15.648
64,32,2,128,16.992
64,32,2,256,18.5173
64,32,2,512,19.4347
64,32,2,1024,20.032
64,32,2,2048,20.5547
64,32,2,4096,21.8243
64,32,2,8192,24.352
64,32,2,16384,28.0857
64,32,4,16,15.5947
64,32,4,32,15.7013
64,32,4,64,15.616
64,32,4,128,16.8213
64,32,4,256,18.7627
64,32,4,512,19.5307
64,32,4,1024,20.4383
64,32,4,2048,20.9813
64,32,4,4096,22.507
64,32,4,8192,24.8003
64,32,4,16384,29.4827
64,32,8,16,15.3283
64,32,8,32,15.392
64,32,8,64,15.4347
64,32,8,128,16.864
64,32,8,256,18.3043
64,32,8,512,19.6267
64,32,8,1024,20.4587
64,32,8,2048,21.7493
64,32,8,4096,24.0427
64,32,8,8192,28.5867
64,32,8,16384,39.6587
64,32,16,16,15.5093
64,32,16,32,15.6053
64,32,16,64,15.6053
64,32,16,128,17.1627
64,32,16,256,18.6777
64,32,16,512,20.459
64,32,16,1024,21.5787
64,32,16,2048,23.5203
64,32,16,4096,28.8747
64,32,16,8192,39.4887
64,32,16,16384,60.63
64,32,32,16,15.9787
64,32,32,32,16
64,32,32,64,15.9467
64,32,32,128,17.707
64,32,32,256,19.1467
64,32,32,512,21.792
64,32,32,1024,23.5737
64,32,32,2048,28.9707
64,32,32,4096,40.7253
64,32,32,8192,61.9843
64,32,32,16384,99.5637
64,32,64,16,16.224
64,32,64,32,16.1813
64,32,64,64,16.384
64,32,64,128,17.9733
64,32,64,256,19.6483
64,32,64,512,24.459
64,32,64,1024,30.624
64,32,64,2048,43.3073
64,32,64,4096,64.3523
64,32,64,8192,100.725
64,32,64,16384,173.58
64,32,128,16,16.523
64,32,128,32,16.619
64,32,128,64,17.0347
64,32,128,128,18.848
64,32,128,256,21.9947
64,32,128,512,32.0643
64,32,128,1024,46.0373
64,32,128,2048,67.488
64,32,128,4096,105.185
64,32,128,8192,177.664
64,32,128,16384,322.05
64,64,0,0,15.36
64,64,1,16,15.6587
64,64,1,32,15.488
64,64,1,64,15.424
64,64,1,128,16.7467
64,64,1,256,18.272
64,64,1,512,19.232
64,64,1,1024,19.584
64,64,1,2048,20.0747
64,64,1,4096,21.408
64,64,1,8192,23.4667
64,64,1,16384,27.5527
64,64,2,16,15.776
64,64,2,32,15.4453
64,64,2,64,15.6587
64,64,2,128,16.747
64,64,2,256,18.4
64,64,2,512,19.3707
64,64,2,1024,20.1283
64,64,2,2048,20.971
64,64,2,4096,21.7603
64,64,2,8192,24.331
64,64,2,16384,28.0747
64,64,4,16,15.6373
64,64,4,32,15.6693
64,64,4,64,15.6373
64,64,4,128,16.811
64,64,4,256,18.56
64,64,4,512,19.584
64,64,4,1024,20.4053
64,64,4,2048,21.1413
64,64,4,4096,22.4637
64,64,4,8192,25.1633
64,64,4,16384,29.835
64,64,8,16,15.3067
64,64,8,32,15.4987
64,64,8,64,15.5947
64,64,8,128,16.9493
64,64,8,256,18.571
64,64,8,512,19.6587
64,64,8,1024,20.6937
64,64,8,2048,21.632
64,64,8,4096,24.2453
64,64,8,8192,28.9387
64,64,8,16384,39.5307
64,64,16,16,15.136
64,64,16,32,15.563
64,64,16,64,15.7333
64,64,16,128,17.0777
64,64,16,256,18.9013
64,64,16,512,20.2673
64,64,16,1024,21.632
64,64,16,2048,23.8507
64,64,16,4096,28.64
64,64,16,8192,39.435
64,64,16,16384,60.0533
64,64,32,16,15.8933
64,64,32,32,15.7013
64,64,32,64,15.776
64,64,32,128,17.7813
64,64,32,256,18.976
64,64,32,512,21.952
64,64,32,1024,23.104
64,64,32,2048,28.96
64,64,32,4096,40.9817
64,64,32,8192,62.1867
64,64,32,16384,100.011
64,64,64,16,16.2667
64,64,64,32,16.2773
64,64,64,64,16.32
64,64,64,128,18.0267
64,64,64,256,19.3813
64,64,64,512,23.552
64,64,64,1024,30.507
64,64,64,2048,43.1573
64,64,64,4096,64.1067
64,64,64,8192,100.651
64,64,64,16384,173.046
64,64,128,16,16.736
64,64,128,32,16.8213
64,64,128,64,16.9493
64,64,128,128,18.8587
64,64,128,256,21.5573
64,64,128,512,32.555
64,64,128,1024,46.2613
64,64,128,2048,68.556
64,64,128,4096,106.859
64,64,128,8192,177.804
64,64,128,16384,323.223
64,128,0,0,17.366
64,128,1,16,17.0347
64,128,1,32,17.3547
64,128,1,64,17.3973
64,128,1,128,17.248
64,128,1,256,18.4533
64,128,1,512,21.3337
64,128,1,1024,20.341
64,128,1,2048,20.875
64,128,1,4096,21.8773
64,128,1,8192,24.0217
64,128,1,16384,27.712
64,128,2,16,17.248
64,128,2,32,17.109
64,128,2,64,17.2373
64,128,2,128,17.035
64,128,2,256,18.4213
64,128,2,512,21.28
64,128,2,1024,20.811
64,128,2,2048,21.248
64,128,2,4096,22.3997
64,128,2,8192,24.416
64,128,2,16384,28.448
64,128,4,16,17.4717
64,128,4,32,17.536
64,128,4,64,17.3227
64,128,4,128,17.3863
64,128,4,256,18.5067
64,128,4,512,22.0693
64,128,4,1024,20.48
64,128,4,2048,20.832
64,128,4,4096,22.5387
64,128,4,8192,24.9387
64,128,4,16384,29.9733
64,128,8,16,17.078
64,128,8,32,17.4937
64,128,8,64,17.3013
64,128,8,128,17.0667
64,128,8,256,18.475
64,128,8,512,21.3977
64,128,8,1024,20.8
64,128,8,2048,22.0803
64,128,8,4096,24.1277
64,128,8,8192,29.0353
64,128,8,16384,39.499
64,128,16,16,17.3333
64,128,16,32,17.0777
64,128,16,64,16.907
64,128,16,128,16.9707
64,128,16,256,18.6453
64,128,16,512,22.464
64,128,16,1024,21.5157
64,128,16,2048,23.52
64,128,16,4096,28.779
64,128,16,8192,38.912
64,128,16,16384,60.0643
64,128,32,16,17.3333
64,128,32,32,17.6213
64,128,32,64,17.43
64,128,32,128,17.5253
64,128,32,256,19.051
64,128,32,512,21.728
64,128,32,1024,23.4667
64,128,32,2048,29.7923
64,128,32,4096,41.4827
64,128,32,8192,62.1337
64,128,32,16384,98.368
64,128,64,16,17.7173
64,128,64,32,17.8667
64,128,64,64,17.92
64,128,64,128,17.9093
64,128,64,256,19.488
64,128,64,512,23.936
64,128,64,1024,30.2827
64,128,64,2048,43.958
64,128,64,4096,63.1473
64,128,64,8192,100.801
64,128,64,16384,173.665
64,128,128,16,18.1437
64,128,128,32,18.368
64,128,128,64,18.688
64,128,128,128,18.9653
64,128,128,256,21.4933
64,128,128,512,32.4373
64,128,128,1024,46.9333
64,128,128,2048,68.7047
64,128,128,4096,105.409
64,128,128,8192,176.95
64,128,128,16384,322.477
64,256,0,0,18.912
64,256,1,16,19.0183
64,256,1,32,18.6987
64,256,1,64,19.115
64,256,1,128,19.0187
64,256,1,256,18.9013
64,256,1,512,21.3547
64,256,1,1024,20.5013
64,256,1,2048,20.768
64,256,1,4096,21.8667
64,256,1,8192,23.2107
64,256,1,16384,27.7333
64,256,2,16,18.8693
64,256,2,32,18.8373
64,256,2,64,18.9013
64,256,2,128,18.976
64,256,2,256,18.8907
64,256,2,512,22.016
64,256,2,1024,20.4477
64,256,2,2048,21.2053
64,256,2,4096,21.856
64,256,2,8192,24.48
64,256,2,16384,28.2453
64,256,4,16,18.987
64,256,4,32,18.859
64,256,4,64,19.0727
64,256,4,128,18.8483
64,256,4,256,18.8693
64,256,4,512,22.3787
64,256,4,1024,20.7893
64,256,4,2048,21.4827
64,256,4,4096,23.2963
64,256,4,8192,25.1947
64,256,4,16384,29.781
64,256,8,16,18.8583
64,256,8,32,18.8803
64,256,8,64,18.88
64,256,8,128,18.795
64,256,8,256,18.7417
64,256,8,512,22.283
64,256,8,1024,20.7147
64,256,8,2048,23.0617
64,256,8,4096,24.512
64,256,8,8192,28.757
64,256,8,16384,40.16
64,256,16,16,18.7947
64,256,16,32,18.7093
64,256,16,64,18.944
64,256,16,128,18.88
64,256,16,256,19.115
64,256,16,512,23.4667
64,256,16,1024,22.6877
64,256,16,2048,23.8933
64,256,16,4096,28.8217
64,256,16,8192,39.7227
64,256,16,16384,60.4697
64,256,32,16,18.9123
64,256,32,32,18.8373
64,256,32,64,19.1467
64,256,32,128,18.9973
64,256,32,256,19.136
64,256,32,512,23.1147
64,256,32,1024,23.9147
64,256,32,2048,28.7357
64,256,32,4096,41.376
64,256,32,8192,61.707
64,256,32,16384,99.8613
64,256,64,16,19.3063
64,256,64,32,19.2213
64,256,64,64,19.552
64,256,64,128,19.2853
64,256,64,256,19.4027
64,256,64,512,24.171
64,256,64,1024,30.048
64,256,64,2048,42.8697
64,256,64,4096,64.8007
64,256,64,8192,101.206
64,256,64,16384,173.527
64,256,128,16,19.808
64,256,128,32,20.1387
64,256,128,64,20.3417
64,256,128,128,20.3527
64,256,128,256,22.0697
64,256,128,512,32.139
64,256,128,1024,45.334
64,256,128,2048,68.1597
64,256,128,4096,105.814
64,256,128,8192,177.74
64,256,128,16384,323.639
64,512,0,0,21.899
64,512,1,16,21.8987
64,512,1,32,22.07
64,512,1,64,22.2507
64,512,1,128,21.9733
64,512,1,256,22.1337
64,512,1,512,22.1333
64,512,1,1024,20.9707
64,512,1,2048,21.2587
64,512,1,4096,22.0693
64,512,1,8192,23.9897
64,512,1,16384,27.5627
64,512,2,16,22.336
64,512,2,32,22.048
64,512,2,64,21.7923
64,512,2,128,22.1013
64,512,2,256,22.272
64,512,2,512,22.2617
64,512,2,1024,21.1733
64,512,2,2048,20.928
64,512,2,4096,21.664
64,512,2,8192,24.139
64,512,2,16384,28.363
64,512,4,16,23.5103
64,512,4,32,23.232
64,512,4,64,23.35
64,512,4,128,23.264
64,512,4,256,23.2
64,512,4,512,22.9547
64,512,4,1024,21.5147
64,512,4,2048,22.2933
64,512,4,4096,24.299
64,512,4,8192,26.827
64,512,4,16384,30.3363
64,512,8,16,22.6137
64,512,8,32,22.262
64,512,8,64,22.2613
64,512,8,128,22.4107
64,512,8,256,22.4217
64,512,8,512,22.3363
64,512,8,1024,21.152
64,512,8,2048,23.392
64,512,8,4096,25.6747
64,512,8,8192,29.3337
64,512,8,16384,39.9893
64,512,16,16,23.0617
64,512,16,32,23.0507
64,512,16,64,23.4877
64,512,16,128,23.4667
64,512,16,256,23.5093
64,512,16,512,24.5013
64,512,16,1024,23.4993
64,512,16,2048,25.963
64,512,16,4096,29.057
64,512,16,8192,39.7337
64,512,16,16384,61.0453
64,512,32,16,22.752
64,512,32,32,22.6347
64,512,32,64,22.7947
64,512,32,128,23.136
64,512,32,256,25.0773
64,512,32,512,23.4773
64,512,32,1024,26.0697
64,512,32,2048,29.1627
64,512,32,4096,41.696
64,512,32,8192,61.323
64,512,32,16384,98.6783
64,512,64,16,22.464
64,512,64,32,22.4747
64,512,64,64,22.4537
64,512,64,128,22.4747
64,512,64,256,28.3097
64,512,64,512,31.9573
64,512,64,1024,30.7627
64,512,64,2048,43.4347
64,512,64,4096,64.7047
64,512,64,8192,100.971
64,512,64,16384,173.761
64,512,128,16,27.819
64,512,128,32,27.4987
64,512,128,64,27.7543
64,512,128,128,30.7627
64,512,128,256,35.4887
64,512,128,512,32.5337
64,512,128,1024,45.131
64,512,128,2048,68.2567
64,512,128,4096,105.195
64,512,128,8192,178.103
64,512,128,16384,325.323
64,1024,0,0,23.264
64,1024,1,16,23.6483
64,1024,1,32,23.5943
64,1024,1,64,23.456
64,1024,1,128,23.392
64,1024,1,256,23.7333
64,1024,1,512,23.3497
64,1024,1,1024,23.3167
64,1024,1,2048,21.184
64,1024,1,4096,21.8777
64,1024,1,8192,24.1813
64,1024,1,16384,28.245
64,1024,2,16,23.456
64,1024,2,32,23.2323
64,1024,2,64,23.787
64,1024,2,128,23.349
64,1024,2,256,23.2537
64,1024,2,512,23.4563
64,1024,2,1024,23.4133
64,1024,2,2048,21.216
64,1024,2,4096,22.5387
64,1024,2,8192,24.385
64,1024,2,16384,27.7653
64,1024,4,16,23.9787
64,1024,4,32,23.9253
64,1024,4,64,23.9043
64,1024,4,128,23.8087
64,1024,4,256,23.296
64,1024,4,512,24.0747
64,1024,4,1024,23.8617
64,1024,4,2048,22.2293
64,1024,4,4096,25.739
64,1024,4,8192,28.352
64,1024,4,16384,31.3393
64,1024,8,16,23.616
64,1024,8,32,23.3173
64,1024,8,64,23.488
64,1024,8,128,23.5413
64,1024,8,256,23.5627
64,1024,8,512,23.488
64,1024,8,1024,23.584
64,1024,8,2048,24.278
64,1024,8,4096,27.552
64,1024,8,8192,30.635
64,1024,8,16384,40.342
64,1024,16,16,24.7363
64,1024,16,32,24.0963
64,1024,16,64,24.416
64,1024,16,128,24.4587
64,1024,16,256,24.5013
64,1024,16,512,24.7147
64,1024,16,1024,24.8747
64,1024,16,2048,26.656
64,1024,16,4096,29.5893
64,1024,16,8192,39.8293
64,1024,16,16384,60.672
64,1024,32,16,23.8297
64,1024,32,32,23.9147
64,1024,32,64,23.787
64,1024,32,128,23.7767
64,1024,32,256,23.371
64,1024,32,512,23.616
64,1024,32,1024,27.254
64,1024,32,2048,37.227
64,1024,32,4096,40.9607
64,1024,32,8192,62.2723
64,1024,32,16384,99.7023
64,1024,64,16,23.4773
64,1024,64,32,23.3067
64,1024,64,64,23.7653
64,1024,64,128,23.584
64,1024,64,256,28.64
64,1024,64,512,31.328
64,1024,64,1024,40.4053
64,1024,64,2048,43.7867
64,1024,64,4096,64.054
64,1024,64,8192,102.624
64,1024,64,16384,174.198
64,1024,128,16,26.8267
64,1024,128,32,26.838
64,1024,128,64,27.445
64,1024,128,128,30.2827
64,1024,128,256,34.6243
64,1024,128,512,44.5333
64,1024,128,1024,45.7927
64,1024,128,2048,69.2373
64,1024,128,4096,105.526
64,1024,128,8192,178.657
64,1024,128,16384,323.916
64,2048,0,0,24.6823
64,2048,1,16,25.088
64,2048,1,32,24.96
64,2048,1,64,24.6187
64,2048,1,128,24.6937
64,2048,1,256,24.6297
64,2048,1,512,24.736
64,2048,1,1024,24.8423
64,2048,1,2048,24.3737
64,2048,1,4096,23.2747
64,2048,1,8192,24.096
64,2048,1,16384,27.7553
64,2048,2,16,24.7893
64,2048,2,32,24.576
64,2048,2,64,24.736
64,2048,2,128,24.6613
64,2048,2,256,25.0347
64,2048,2,512,24.192
64,2048,2,1024,24.5227
64,2048,2,2048,24.672
64,2048,2,4096,24.8117
64,2048,2,8192,24.395
64,2048,2,16384,28.4267
64,2048,4,16,25.4403
64,2048,4,32,25.8027
64,2048,4,64,25.664
64,2048,4,128,25.515
64,2048,4,256,25.9093
64,2048,4,512,25.419
64,2048,4,1024,25.7813
64,2048,4,2048,26.2933
64,2048,4,4096,27.2537
64,2048,4,8192,28.555
64,2048,4,16384,31.1787
64,2048,8,16,24.4267
64,2048,8,32,24.7473
64,2048,8,64,24.6617
64,2048,8,128,24.619
64,2048,8,256,24.5443
64,2048,8,512,24.5547
64,2048,8,1024,24.608
64,2048,8,2048,25.3227
64,2048,8,4096,28.0747
64,2048,8,8192,30.4213
64,2048,8,16384,40.3527
64,2048,16,16,25.9733
64,2048,16,32,25.2693
64,2048,16,64,25.4613
64,2048,16,128,25.6643
64,2048,16,256,25.2053
64,2048,16,512,25.1307
64,2048,16,1024,26.0483
64,2048,16,2048,27.328
64,2048,16,4096,30.4747
64,2048,16,8192,41.1097
64,2048,16,16384,60.417
64,2048,32,16,25.0347
64,2048,32,32,24.9813
64,2048,32,64,25.184
64,2048,32,128,24.9707
64,2048,32,256,24.5973
64,2048,32,512,25.6533
64,2048,32,1024,28.5013
64,2048,32,2048,31.2107
64,2048,32,4096,55.6267
64,2048,32,8192,61.664
64,2048,32,16384,99.329
64,2048,64,16,24.0863
64,2048,64,32,24.5227
64,2048,64,64,24.512
64,2048,64,128,24.736
64,2048,64,256,25.856
64,2048,64,512,31.5093
64,2048,64,1024,40.2777
64,2048,64,2048,61.0243
64,2048,64,4096,64.0857
64,2048,64,8192,100.651
64,2048,64,16384,173.867
64,2048,128,16,27.531
64,2048,128,32,27.7547
64,2048,128,64,28.15
64,2048,128,128,30.87
64,2048,128,256,34.5493
64,2048,128,512,43.8937
64,2048,128,1024,65.472
64,2048,128,2048,68.3093
64,2048,128,4096,104.641
64,2048,128,8192,176.736
64,2048,128,16384,324.482
64,4096,0,0,25.11
64,4096,1,16,25.6533
64,4096,1,32,25.5257
64,4096,1,64,25.7073
64,4096,1,128,26.3893
64,4096,1,256,25.4187
64,4096,1,512,26.0693
64,4096,1,1024,25.4613
64,4096,1,2048,25.9627
64,4096,1,4096,26.23
64,4096,1,8192,25.067
64,4096,1,16384,27.5733
64,4096,2,16,25.792
64,4096,2,32,25.8027
64,4096,2,64,25.952
64,4096,2,128,26.123
64,4096,2,256,26.2187
64,4096,2,512,26.3253
64,4096,2,1024,26.198
64,4096,2,2048,26.4747
64,4096,2,4096,26.9227
64,4096,2,8192,28.1173
64,4096,2,16384,28.928
64,4096,4,16,26.667
64,4096,4,32,26.5497
64,4096,4,64,26.4427
64,4096,4,128,27.6267
64,4096,4,256,26.88
64,4096,4,512,26.0907
64,4096,4,1024,27.2
64,4096,4,2048,26.9017
64,4096,4,4096,27.6267
64,4096,4,8192,29.7283
64,4096,4,16384,33.3013
64,4096,8,16,25.3227
64,4096,8,32,25.3227
64,4096,8,64,25.3443
64,4096,8,128,26.5387
64,4096,8,256,25.5467
64,4096,8,512,25.92
64,4096,8,1024,26.1013
64,4096,8,2048,26.635
64,4096,8,4096,28.0217
64,4096,8,8192,32.448
64,4096,8,16384,40.694
64,4096,16,16,26.016
64,4096,16,32,25.7817
64,4096,16,64,26.5607
64,4096,16,128,27.328
64,4096,16,256,26.7307
64,4096,16,512,27.5733
64,4096,16,1024,27.861
64,4096,16,2048,29.4617
64,4096,16,4096,31.648
64,4096,16,8192,40.7687
64,4096,16,16384,61.3657
64,4096,32,16,25.4403
64,4096,32,32,25.589
64,4096,32,64,25.6107
64,4096,32,128,26.5067
64,4096,32,256,26.304
64,4096,32,512,26.112
64,4096,32,1024,28.5763
64,4096,32,2048,32.6723
64,4096,32,4096,55.8187
64,4096,32,8192,90.091
64,4096,32,16384,99.7123
64,4096,64,16,25.291
64,4096,64,32,25.1733
64,4096,64,64,25.3763
64,4096,64,128,25.9843
64,4096,64,256,28.0323
64,4096,64,512,32.0427
64,4096,64,1024,41.3867
64,4096,64,2048,59.7653
64,4096,64,4096,94.6563
64,4096,64,8192,100.854
64,4096,64,16384,175.117
64,4096,128,16,27.2217
64,4096,128,32,27.6803
64,4096,128,64,27.648
64,4096,128,128,30.731
64,4096,128,256,34.6987
64,4096,128,512,44.4057
64,4096,128,1024,65.3767
64,4096,128,2048,100.14
64,4096,128,4096,106.262
64,4096,128,8192,177.569
64,4096,128,16384,323.692
64,8192,0,0,28.8107
64,8192,1,16,28.7263
64,8192,1,32,28.7363
64,8192,1,64,28.6933
64,8192,1,128,28.6507
64,8192,1,256,27.6373
64,8192,1,512,28.7037
64,8192,1,1024,28.7687
64,8192,1,2048,28.928
64,8192,1,4096,28.8217
64,8192,1,8192,30.1973
64,8192,1,16384,29.0347
64,8192,2,16,28.3307
64,8192,2,32,28.704
64,8192,2,64,28.512
64,8192,2,128,28.6507
64,8192,2,256,28.5227
64,8192,2,512,28.3307
64,8192,2,1024,28.6083
64,8192,2,2048,29.1413
64,8192,2,4096,30.603
64,8192,2,8192,29.376
64,8192,2,16384,33.1627
64,8192,4,16,28.8857
64,8192,4,32,29.057
64,8192,4,64,29.0347
64,8192,4,128,28.9923
64,8192,4,256,28.992
64,8192,4,512,28.576
64,8192,4,1024,29.2373
64,8192,4,2048,30.24
64,8192,4,4096,30.0803
64,8192,4,8192,32.5123
64,8192,4,16384,35.3173
64,8192,8,16,28.32
64,8192,8,32,28.491
64,8192,8,64,28.4163
64,8192,8,128,28.4267
64,8192,8,256,28.9493
64,8192,8,512,28.4587
64,8192,8,1024,32
64,8192,8,2048,28.9283
64,8192,8,4096,30.7197
64,8192,8,8192,33.152
64,8192,8,16384,41.7287
64,8192,16,16,28.8537
64,8192,16,32,29.515
64,8192,16,64,29.4193
64,8192,16,128,29.035
64,8192,16,256,30.8587
64,8192,16,512,30.6773
64,8192,16,1024,29.6323
64,8192,16,2048,31.6587
64,8192,16,4096,33.5467
64,8192,16,8192,43.0933
64,8192,16,16384,62.358
64,8192,32,16,28.6083
64,8192,32,32,28.705
64,8192,32,64,28.768
64,8192,32,128,28.5327
64,8192,32,256,33.3553
64,8192,32,512,28.8643
64,8192,32,1024,30.966
64,8192,32,2048,41.0027
64,8192,32,4096,43.3177
64,8192,32,8192,89.728
64,8192,32,16384,151.382
64,8192,64,16,27.8613
64,8192,64,32,27.616
64,8192,64,64,27.819
64,8192,64,128,28.4053
64,8192,64,256,28.384
64,8192,64,512,32.3837
64,8192,64,1024,41.5367
64,8192,64,2048,60.096
64,8192,64,4096,94.5383
64,8192,64,8192,156.545
64,8192,64,16384,174.294
64,8192,128,16,29.7173
64,8192,128,32,29.7917
64,8192,128,64,30.0797
64,8192,128,128,31.659
64,8192,128,256,34.9657
64,8192,128,512,44.2987
64,8192,128,1024,64.5657
64,8192,128,2048,98.7203
64,8192,128,4096,161.121
64,8192,128,8192,177.547
64,8192,128,16384,322.092
64,16384,0,0,35.467
64,16384,1,16,33.9733
64,16384,1,32,33.889
64,16384,1,64,33.9733
64,16384,1,128,34.059
64,16384,1,256,33.7813
64,16384,1,512,35.296
64,16384,1,1024,35.179
64,16384,1,2048,35.3387
64,16384,1,4096,35.3287
64,16384,1,8192,38.155
64,16384,1,16384,35.1147
64,16384,2,16,35.1043
64,16384,2,32,35.0613
64,16384,2,64,35.1793
64,16384,2,128,35.3493
64,16384,2,256,35.2003
64,16384,2,512,35.1787
64,16384,2,1024,35.3817
64,16384,2,2048,35.403
64,16384,2,4096,36.4053
64,16384,2,8192,35.0507
64,16384,2,16384,36.9497
64,16384,4,16,35.5313
64,16384,4,32,35.4347
64,16384,4,64,35.5843
64,16384,4,128,35.446
64,16384,4,256,35.5297
64,16384,4,512,35.627
64,16384,4,1024,35.5307
64,16384,4,2048,36.7043
64,16384,4,4096,35.4777
64,16384,4,8192,36.886
64,16384,4,16384,41.387
64,16384,8,16,35.3067
64,16384,8,32,35.1363
64,16384,8,64,35.2533
64,16384,8,128,34.859
64,16384,8,256,35.4673
64,16384,8,512,36.843
64,16384,8,1024,36.672
64,16384,8,2048,34.5173
64,16384,8,4096,36.3627
64,16384,8,8192,39.029
64,16384,8,16384,46.4963
64,16384,16,16,35.2107
64,16384,16,32,35.467
64,16384,16,64,35.3173
64,16384,16,128,35.2747
64,16384,16,256,35.5417
64,16384,16,512,38.8163
64,16384,16,1024,34.73
64,16384,16,2048,35.8083
64,16384,16,4096,39.0613
64,16384,16,8192,46.6027
64,16384,16,16384,68.075
64,16384,32,16,34.9977
64,16384,32,32,35.1153
64,16384,32,64,35.2427
64,16384,32,128,32
64,16384,32,256,33.7173
64,16384,32,512,34.0057
64,16384,32,1024,40.096
64,16384,32,2048,39.7443
64,16384,32,4096,67.9577
64,16384,32,8192,68.95
64,16384,32,16384,151.617
64,16384,64,16,33.7707
64,16384,64,32,34.3683
64,16384,64,64,33.472
64,16384,64,128,35.19
64,16384,64,256,35.7333
64,16384,64,512,41.707
64,16384,64,1024,40.2133
64,16384,64,2048,60.6937
64,16384,64,4096,94.9873
64,16384,64,8192,155.073
64,16384,64,16384,278.721
64,16384,128,16,33.3867
64,16384,128,32,33.7607
64,16384,128,64,34.1123
64,16384,128,128,38.6027
64,16384,128,256,37.8453
64,16384,128,512,44.747
64,16384,128,1024,63.36
64,16384,128,2048,98.859
64,16384,128,4096,159.851
64,16384,128,8192,285.1
64,16384,128,16384,323.67
128,0,0,0,15.6373
128,0,1,16,15.5413
128,0,1,32,15.7017
128,0,1,64,15.3283
128,0,1,128,16.8747
128,0,1,256,18.336
128,0,1,512,20.2347
128,0,1,1024,20.4697
128,0,1,2048,20.864
128,0,1,4096,23.3387
128,0,1,8192,26.869
128,0,1,16384,33.8883
128,0,2,16,15.68
128,0,2,32,15.4023
128,0,2,64,15.5417
128,0,2,128,16.864
128,0,2,256,18.6133
128,0,2,512,19.9687
128,0,2,1024,20.672
128,0,2,2048,21.0133
128,0,2,4096,23.68
128,0,2,8192,27.1147
128,0,2,16384,34.2827
128,0,4,16,15.6053
128,0,4,32,15.5203
128,0,4,64,15.6377
128,0,4,128,16.8
128,0,4,256,18.4
128,0,4,512,20.0107
128,0,4,1024,20.896
128,0,4,2048,21.5037
128,0,4,4096,23.6693
128,0,4,8192,27.7867
128,0,4,16384,34.8377
128,0,8,16,15.787
128,0,8,32,15.7443
128,0,8,64,15.5737
128,0,8,128,16.864
128,0,8,256,18.6133
128,0,8,512,20.075
128,0,8,1024,21.1523
128,0,8,2048,22.1867
128,0,8,4096,24.576
128,0,8,8192,29.269
128,0,8,16384,40.352
128,0,16,16,15.9467
128,0,16,32,15.904
128,0,16,64,16.0533
128,0,16,128,17.8773
128,0,16,256,19.1573
128,0,16,512,20.6187
128,0,16,1024,22.0373
128,0,16,2048,23.5627
128,0,16,4096,28.9067
128,0,16,8192,44.022
128,0,16,16384,66.731
128,0,32,16,16.0213
128,0,32,32,16.224
128,0,32,64,16.224
128,0,32,128,18.0587
128,0,32,256,19.5093
128,0,32,512,21.803
128,0,32,1024,23.648
128,0,32,2048,33.8987
128,0,32,4096,46.464
128,0,32,8192,68.704
128,0,32,16384,104.353
128,0,64,16,16.3847
128,0,64,32,16.395
128,0,64,64,16.64
128,0,64,128,18.336
128,0,64,256,19.552
128,0,64,512,29.6757
128,0,64,1024,37.0563
128,0,64,2048,48.5447
128,0,64,4096,69.0777
128,0,64,8192,106.347
128,0,64,16384,174.54
128,0,128,16,21.7493
128,0,128,32,21.92
128,0,128,64,21.952
128,0,128,128,24.5657
128,0,128,256,27.307
128,0,128,512,39.734
128,0,128,1024,51.2857
128,0,128,2048,73.0247
128,0,128,4096,109.889
128,0,128,8192,181.548
128,0,128,16384,323.991
128,16,0,0,17.3653
128,16,1,16,17.024
128,16,1,32,17.0133
128,16,1,64,17.2267
128,16,1,128,17.4293
128,16,1,256,18.3897
128,16,1,512,22.5707
128,16,1,1024,20.7577
128,16,1,2048,20.9067
128,16,1,4096,22.7523
128,16,1,8192,26.6247
128,16,1,16384,34.0163
128,16,2,16,17.2053
128,16,2,32,17.0667
128,16,2,64,17.1097
128,16,2,128,17.1093
128,16,2,256,18.3573
128,16,2,512,22.2293
128,16,2,1024,20.7473
128,16,2,2048,21.4187
128,16,2,4096,23.2747
128,16,2,8192,27.0507
128,16,2,16384,34.3253
128,16,4,16,17.1947
128,16,4,32,17.1947
128,16,4,64,17.0027
128,16,4,128,17.3013
128,16,4,256,18.432
128,16,4,512,22.272
128,16,4,1024,21.1627
128,16,4,2048,21.3117
128,16,4,4096,23.7763
128,16,4,8192,27.7127
128,16,4,16384,34.582
128,16,8,16,17.344
128,16,8,32,17.099
128,16,8,64,17.248
128,16,8,128,16.9387
128,16,8,256,18.7307
128,16,8,512,23.1147
128,16,8,1024,21.28
128,16,8,2048,22.1017
128,16,8,4096,24.5013
128,16,8,8192,29.227
128,16,8,16384,40.8
128,16,16,16,17.3017
128,16,16,32,17.312
128,16,16,64,17.184
128,16,16,128,17.8347
128,16,16,256,19.0723
128,16,16,512,23.403
128,16,16,1024,21.835
128,16,16,2048,24.0753
128,16,16,4096,28.8967
128,16,16,8192,44.064
128,16,16,16384,66.7523
128,16,32,16,17.4187
128,16,32,32,17.536
128,16,32,64,17.3977
128,16,32,128,17.952
128,16,32,256,19.4457
128,16,32,512,21.7813
128,16,32,1024,23.4027
128,16,32,2048,34.1013
128,16,32,4096,45.9843
128,16,32,8192,66.315
128,16,32,16384,104.011
128,16,64,16,17.685
128,16,64,32,17.92
128,16,64,64,17.6107
128,16,64,128,18.2187
128,16,64,256,19.5093
128,16,64,512,30.2083
128,16,64,1024,37.5573
128,16,64,2048,48.331
128,16,64,4096,68.139
128,16,64,8192,105.43
128,16,64,16384,175.03
128,16,128,16,21.4503
128,16,128,32,21.7707
128,16,128,64,22.0053
128,16,128,128,24.4697
128,16,128,256,27.563
128,16,128,512,39.1253
128,16,128,1024,51.0507
128,16,128,2048,73.6217
128,16,128,4096,110.901
128,16,128,8192,181.068
128,16,128,16384,321.879
128,32,0,0,17.5893
128,32,1,16,17.1517
128,32,1,32,17.12
128,32,1,64,17.0137
128,32,1,128,17.259
128,32,1,256,18.336
128,32,1,512,22.336
128,32,1,1024,21.0453
128,32,1,2048,21.0883
128,32,1,4096,22.9127
128,32,1,8192,26.39
128,32,1,16384,33.8563
128,32,2,16,17.419
128,32,2,32,17.1307
128,32,2,64,17.0567
128,32,2,128,17.2907
128,32,2,256,18.272
128,32,2,512,22.1547
128,32,2,1024,20.971
128,32,2,2048,21.216
128,32,2,4096,23.1573
128,32,2,8192,27.4133
128,32,2,16384,34.5177
128,32,4,16,16.9603
128,32,4,32,17.3333
128,32,4,64,17.2477
128,32,4,128,17.3443
128,32,4,256,18.72
128,32,4,512,22.133
128,32,4,1024,21.2903
128,32,4,2048,21.5257
128,32,4,4096,23.52
128,32,4,8192,27.9577
128,32,4,16384,34.6563
128,32,8,16,17.1733
128,32,8,32,17.184
128,32,8,64,17.472
128,32,8,128,17.589
128,32,8,256,18.88
128,32,8,512,23.1793
128,32,8,1024,21.1947
128,32,8,2048,22.0907
128,32,8,4096,24.341
128,32,8,8192,29.056
128,32,8,16384,39.9893
128,32,16,16,17.536
128,32,16,32,17.451
128,32,16,64,17.6747
128,32,16,128,18.0483
128,32,16,256,19.3493
128,32,16,512,23.211
128,32,16,1024,21.9733
128,32,16,2048,24.032
128,32,16,4096,29.1733
128,32,16,8192,44.4697
128,32,16,16384,65.2483
128,32,32,16,17.44
128,32,32,32,17.632
128,32,32,64,17.5253
128,32,32,128,18.0907
128,32,32,256,19.52
128,32,32,512,22.1447
128,32,32,1024,23.392
128,32,32,2048,33.9313
128,32,32,4096,46.0693
128,32,32,8192,66.6137
128,32,32,16384,104.683
128,32,64,16,17.632
128,32,64,32,17.7493
128,32,64,64,17.6747
128,32,64,128,18.0373
128,32,64,256,19.467
128,32,64,512,29.76
128,32,64,1024,37.312
128,32,64,2048,47.744
128,32,64,4096,68.1283
128,32,64,8192,105.771
128,32,64,16384,174.679
128,32,128,16,21.4183
128,32,128,32,21.7283
128,32,128,64,21.8347
128,32,128,128,24.619
128,32,128,256,27.339
128,32,128,512,39.5097
128,32,128,1024,52.672
128,32,128,2048,73.2697
128,32,128,4096,109.153
128,32,128,8192,180.225
128,32,128,16384,323.618
128,64,0,0,17.6213
128,64,1,16,17.1097
128,64,1,32,17.2483
128,64,1,64,17.0667
128,64,1,128,17.6107
128,64,1,256,18.7307
128,64,1,512,22.5067
128,64,1,1024,20.8213
128,64,1,2048,21.28
128,64,1,4096,22.6773
128,64,1,8192,26.5707
128,64,1,16384,33.9417
128,64,2,16,16.9603
128,64,2,32,17.2057
128,64,2,64,17.6107
128,64,2,128,17.1517
128,64,2,256,18.496
128,64,2,512,21.728
128,64,2,1024,21.088
128,64,2,2048,21.1303
128,64,2,4096,23.051
128,64,2,8192,27.1147
128,64,2,16384,34.08
128,64,4,16,17.419
128,64,4,32,17.152
128,64,4,64,17.4087
128,64,4,128,17.291
128,64,4,256,18.475
128,64,4,512,22.2077
128,64,4,1024,21.227
128,64,4,2048,21.6003
128,64,4,4096,23.744
128,64,4,8192,27.9253
128,64,4,16384,34.6037
128,64,8,16,17.4617
128,64,8,32,17.3333
128,64,8,64,17.088
128,64,8,128,17.5147
128,64,8,256,18.7627
128,64,8,512,22.6027
128,64,8,1024,21.5467
128,64,8,2048,22.0473
128,64,8,4096,24.3733
128,64,8,8192,29.344
128,64,8,16384,39.947
128,64,16,16,17.536
128,64,16,32,17.4613
128,64,16,64,17.6003
128,64,16,128,17.8673
128,64,16,256,19.4453
128,64,16,512,23.0187
128,64,16,1024,21.856
128,64,16,2048,24.267
128,64,16,4096,29.0883
128,64,16,8192,45.1733
128,64,16,16384,66.091
128,64,32,16,17.5893
128,64,32,32,17.6107
128,64,32,64,17.589
128,64,32,128,17.9093
128,64,32,256,19.4353
128,64,32,512,22.0913
128,64,32,1024,23.6913
128,64,32,2048,34.795
128,64,32,4096,44.6297
128,64,32,8192,66.7203
128,64,32,16384,104.267
128,64,64,16,17.984
128,64,64,32,17.76
128,64,64,64,18.1437
128,64,64,128,18.304
128,64,64,256,19.52
128,64,64,512,29.835
128,64,64,1024,36.7047
128,64,64,2048,50.3257
128,64,64,4096,69.3337
128,64,64,8192,104.619
128,64,64,16384,175.468
128,64,128,16,21.7597
128,64,128,32,21.739
128,64,128,64,22.2613
128,64,128,128,24.832
128,64,128,256,27.382
128,64,128,512,39.7017
128,64,128,1024,51.9573
128,64,128,2048,73.3227
128,64,128,4096,110.22
128,64,128,8192,180.405
128,64,128,16384,323.137
128,128,0,0,17.6427
128,128,1,16,17.3653
128,128,1,32,17.355
128,128,1,64,17.227
128,128,1,128,17.2267
128,128,1,256,18.5387
128,128,1,512,22.6667
128,128,1,1024,20.9923
128,128,1,2048,21.408
128,128,1,4096,22.7627
128,128,1,8192,26.624
128,128,1,16384,33.9093
128,128,2,16,17.0883
128,128,2,32,17.28
128,128,2,64,16.9493
128,128,2,128,17.2587
128,128,2,256,18.1547
128,128,2,512,22.3367
128,128,2,1024,21.056
128,128,2,2048,21.5577
128,128,2,4096,23.5623
128,128,2,8192,27.0613
128,128,2,16384,34.166
128,128,4,16,17.2163
128,128,4,32,17.4187
128,128,4,64,17.2267
128,128,4,128,17.344
128,128,4,256,18.485
128,128,4,512,22.507
128,128,4,1024,21.12
128,128,4,2048,21.8453
128,128,4,4096,23.392
128,128,4,8192,27.4133
128,128,4,16384,34.56
128,128,8,16,17.2373
128,128,8,32,17.3333
128,128,8,64,17.2373
128,128,8,128,17.419
128,128,8,256,18.6773
128,128,8,512,23.1253
128,128,8,1024,21.6217
128,128,8,2048,21.9947
128,128,8,4096,24.1173
128,128,8,8192,29.643
128,128,8,16384,39.68
128,128,16,16,17.664
128,128,16,32,17.344
128,128,16,64,17.344
128,128,16,128,17.984
128,128,16,256,19.0503
128,128,16,512,24.064
128,128,16,1024,21.5893
128,128,16,2048,23.6377
128,128,16,4096,29.1203
128,128,16,8192,47.232
128,128,16,16384,68.939
128,128,32,16,17.4083
128,128,32,32,17.6963
128,128,32,64,17.5363
128,128,32,128,17.9203
128,128,32,256,19.168
128,128,32,512,21.9947
128,128,32,1024,23.4773
128,128,32,2048,36.5013
128,128,32,4096,47.1573
128,128,32,8192,69.792
128,128,32,16384,105.43
128,128,64,16,17.547
128,128,64,32,17.856
128,128,64,64,17.9413
128,128,64,128,18.1973
128,128,64,256,19.616
128,128,64,512,31.2853
128,128,64,1024,38.6453
128,128,64,2048,50.955
128,128,64,4096,70.763
128,128,64,8192,107.766
128,128,64,16384,176.182
128,128,128,16,21.0247
128,128,128,32,21.4397
128,128,128,64,21.952
128,128,128,128,25.963
128,128,128,256,29.6213
128,128,128,512,41.9947
128,128,128,1024,54.187
128,128,128,2048,76.8007
128,128,128,4096,111.254
128,128,128,8192,182.593
128,128,128,16384,324.951
128,256,0,0,19.136
128,256,1,16,18.8693
128,256,1,32,18.8053
128,256,1,64,18.7093
128,256,1,128,18.8053
128,256,1,256,18.8267
128,256,1,512,23.0293
128,256,1,1024,21.6107
128,256,1,2048,21.7707
128,256,1,4096,22.8163
128,256,1,8192,26.774
128,256,1,16384,34.0377
128,256,2,16,18.9867
128,256,2,32,18.923
128,256,2,64,18.7307
128,256,2,128,18.774
128,256,2,256,19.1363
128,256,2,512,22.827
128,256,2,1024,21.6643
128,256,2,2048,21.3017
128,256,2,4096,23.712
128,256,2,8192,27.2107
128,256,2,16384,34.5603
128,256,4,16,18.848
128,256,4,32,19.0827
128,256,4,64,19.0403
128,256,4,128,18.9227
128,256,4,256,18.7307
128,256,4,512,22.731
128,256,4,1024,21.398
128,256,4,2048,21.8453
128,256,4,4096,23.4773
128,256,4,8192,27.6053
128,256,4,16384,35.051
128,256,8,16,19.104
128,256,8,32,19.1253
128,256,8,64,18.752
128,256,8,128,18.9867
128,256,8,256,18.7093
128,256,8,512,23.3917
128,256,8,1024,21.728
128,256,8,2048,24.1173
128,256,8,4096,24.3843
128,256,8,8192,29.3763
128,256,8,16384,40.4163
128,256,16,16,19.243
128,256,16,32,19.1467
128,256,16,64,19.008
128,256,16,128,19.0187
128,256,16,256,19.3813
128,256,16,512,24.6727
128,256,16,1024,23.2
128,256,16,2048,24
128,256,16,4096,28.5973
128,256,16,8192,47.0933
128,256,16,16384,70.379
128,256,32,16,19.3493
128,256,32,32,19.2747
128,256,32,64,19.0613
128,256,32,128,19.3603
128,256,32,256,19.2747
128,256,32,512,23.7657
128,256,32,1024,26.2937
128,256,32,2048,37.3333
128,256,32,4096,50.5073
128,256,32,8192,70.827
128,256,32,16384,106.048
128,256,64,16,19.392
128,256,64,32,19.371
128,256,64,64,19.5413
128,256,64,128,19.5417
128,256,64,256,19.4667
128,256,64,512,31.296
128,256,64,1024,38.9443
128,256,64,2048,52.0213
128,256,64,4096,72.6937
128,256,64,8192,109.142
128,256,64,16384,178.315
128,256,128,16,21.472
128,256,128,32,21.6643
128,256,128,64,22.0053
128,256,128,128,26.0587
128,256,128,256,29.5147
128,256,128,512,42.763
128,256,128,1024,54.8593
128,256,128,2048,77.856
128,256,128,4096,113.067
128,256,128,8192,181.686
128,256,128,16384,328.129
128,512,0,0,23.019
128,512,1,16,23.265
128,512,1,32,23.125
128,512,1,64,23.2213
128,512,1,128,23.2853
128,512,1,256,22.9763
128,512,1,512,22.8267
128,512,1,1024,21.739
128,512,1,2048,21.611
128,512,1,4096,22.635
128,512,1,8192,26.8373
128,512,1,16384,33.9733
128,512,2,16,22.9223
128,512,2,32,22.9977
128,512,2,64,22.955
128,512,2,128,23.0613
128,512,2,256,23.307
128,512,2,512,22.6453
128,512,2,1024,21.9733
128,512,2,2048,22.0377
128,512,2,4096,23.4347
128,512,2,8192,27.0297
128,512,2,16384,34.2507
128,512,4,16,22.6883
128,512,4,32,22.976
128,512,4,64,22.9873
128,512,4,128,23.1463
128,512,4,256,23.1893
128,512,4,512,22.8163
128,512,4,1024,21.888
128,512,4,2048,22.72
128,512,4,4096,23.4453
128,512,4,8192,27.36
128,512,4,16384,34.7633
128,512,8,16,23.9147
128,512,8,32,24.16
128,512,8,64,23.915
128,512,8,128,23.8507
128,512,8,256,23.9577
128,512,8,512,24.3413
128,512,8,1024,22.7733
128,512,8,2048,25.7713
128,512,8,4096,28.053
128,512,8,8192,29.6007
128,512,8,16384,40.3413
128,512,16,16,23.3067
128,512,16,32,23.5627
128,512,16,64,22.7523
128,512,16,128,23.9363
128,512,16,256,24.4697
128,512,16,512,26.0483
128,512,16,1024,24.5227
128,512,16,2048,26.2083
128,512,16,4096,29.184
128,512,16,8192,46.0593
128,512,16,16384,75.7343
128,512,32,16,24.16
128,512,32,32,24.2667
128,512,32,64,24.1177
128,512,32,128,25.099
128,512,32,256,24.0107
128,512,32,512,25.0563
128,512,32,1024,27.616
128,512,32,2048,36.672
128,512,32,4096,54.123
128,512,32,8192,73.0887
128,512,32,16384,110.678
128,512,64,16,24.7253
128,512,64,32,24.8533
128,512,64,64,24.8107
128,512,64,128,24.138
128,512,64,256,29.4613
128,512,64,512,31.7227
128,512,64,1024,40.2347
128,512,64,2048,57.8993
128,512,64,4096,79.467
128,512,64,8192,113.11
128,512,64,16384,181.761
128,512,128,16,27.8933
128,512,128,32,27.488
128,512,128,64,28.4377
128,512,128,128,30.7843
128,512,128,256,35.4027
128,512,128,512,44.16
128,512,128,1024,60.5017
128,512,128,2048,83.2753
128,512,128,4096,118.422
128,512,128,8192,188.737
128,512,128,16384,331.447
128,1024,0,0,25.0777
128,1024,1,16,25.12
128,1024,1,32,25.1733
128,1024,1,64,25.4933
128,1024,1,128,25.5573
128,1024,1,256,25.0137
128,1024,1,512,25.0987
128,1024,1,1024,25.0133
128,1024,1,2048,23.307
128,1024,1,4096,23.36
128,1024,1,8192,26.88
128,1024,1,16384,34.251
128,1024,2,16,24.971
128,1024,2,32,24.928
128,1024,2,64,24.8533
128,1024,2,128,24.875
128,1024,2,256,25.1417
128,1024,2,512,25.0133
128,1024,2,1024,24.7787
128,1024,2,2048,23.296
128,1024,2,4096,23.9893
128,1024,2,8192,27.4987
128,1024,2,16384,34.4963
128,1024,4,16,25.0453
128,1024,4,32,24.8103
128,1024,4,64,25.0457
128,1024,4,128,24.672
128,1024,4,256,24.5227
128,1024,4,512,24.8327
128,1024,4,1024,24.5653
128,1024,4,2048,26.0053
128,1024,4,4096,25.0773
128,1024,4,8192,28.032
128,1024,4,16384,35.083
128,1024,8,16,25.153
128,1024,8,32,25.2693
128,1024,8,64,25.8557
128,1024,8,128,25.3977
128,1024,8,256,25.3763
128,1024,8,512,25.2053
128,1024,8,1024,25.8347
128,1024,8,2048,27.5203
128,1024,8,4096,29.419
128,1024,8,8192,30.6667
128,1024,8,16384,40.438
128,1024,16,16,25.3653
128,1024,16,32,25.4187
128,1024,16,64,25.4727
128,1024,16,128,25.3333
128,1024,16,256,25.088
128,1024,16,512,25.5367
128,1024,16,1024,26.613
128,1024,16,2048,27.6907
128,1024,16,4096,29.44
128,1024,16,8192,40.1287
128,1024,16,16384,82.9767
128,1024,32,16,25.067
128,1024,32,32,24.949
128,1024,32,64,25.226
128,1024,32,128,25.878
128,1024,32,256,25.2693
128,1024,32,512,29.3973
128,1024,32,1024,28.9173
128,1024,32,2048,31.1147
128,1024,32,4096,53.547
128,1024,32,8192,82.016
128,1024,32,16384,117.601
128,1024,64,16,24.832
128,1024,64,32,25.0667
128,1024,64,64,25.0027
128,1024,64,128,26.5817
128,1024,64,256,27.1787
128,1024,64,512,32.2457
128,1024,64,1024,39.9893
128,1024,64,2048,61.0663
128,1024,64,4096,86.7417
128,1024,64,8192,119.019
128,1024,64,16384,190.422
128,1024,128,16,28.021
128,1024,128,32,27.5627
128,1024,128,64,28.1813
128,1024,128,128,30.3047
128,1024,128,256,35.4027
128,1024,128,512,44.3203
128,1024,128,1024,65.6327
128,1024,128,2048,89.7507
128,1024,128,4096,124.694
128,1024,128,8192,194.241
128,1024,128,16384,341.218
128,2048,0,0,26.5067
128,2048,1,16,26.6237
128,2048,1,32,26.6133
128,2048,1,64,26.6773
128,2048,1,128,26.432
128,2048,1,256,26.56
128,2048,1,512,26.3787
128,2048,1,1024,26.6137
128,2048,1,2048,26.4533
128,2048,1,4096,24.9607
128,2048,1,8192,27.1367
128,2048,1,16384,34.187
128,2048,2,16,26.5813
128,2048,2,32,26.5277
128,2048,2,64,26.464
128,2048,2,128,26.6887
128,2048,2,256,25.9307
128,2048,2,512,26.4857
128,2048,2,1024,26.24
128,2048,2,2048,26.5387
128,2048,2,4096,25.3973
128,2048,2,8192,28.0533
128,2048,2,16384,34.8053
128,2048,4,16,26.208
128,2048,4,32,26.208
128,2048,4,64,26.1547
128,2048,4,128,26.6453
128,2048,4,256,26.283
128,2048,4,512,26.7093
128,2048,4,1024,26.699
128,2048,4,2048,27.4883
128,2048,4,4096,28.7787
128,2048,4,8192,28.8643
128,2048,4,16384,35.52
128,2048,8,16,27.008
128,2048,8,32,27.051
128,2048,8,64,27.0083
128,2048,8,128,27.6693
128,2048,8,256,26.944
128,2048,8,512,27.691
128,2048,8,1024,27.946
128,2048,8,2048,28.448
128,2048,8,4096,30.4003
128,2048,8,8192,31.702
128,2048,8,16384,40.331
128,2048,16,16,26.358
128,2048,16,32,26.272
128,2048,16,64,26.4537
128,2048,16,128,27.0293
128,2048,16,256,26.0587
128,2048,16,512,27.5843
128,2048,16,1024,28.629
128,2048,16,2048,29.3443
128,2048,16,4096,31.3283
128,2048,16,8192,40.8213
128,2048,16,16384,63.4777
128,2048,32,16,26.56
128,2048,32,32,26.8377
128,2048,32,64,26.5933
128,2048,32,128,28.2987
128,2048,32,256,30.048
128,2048,32,512,26.795
128,2048,32,1024,32.1073
128,2048,32,2048,31.7443
128,2048,32,4096,55.1253
128,2048,32,8192,90.123
128,2048,32,16384,131.852
128,2048,64,16,28.1607
128,2048,64,32,28.6187
128,2048,64,64,28.5233
128,2048,64,128,26.4107
128,2048,64,256,29.3653
128,2048,64,512,32.5973
128,2048,64,1024,40.4373
128,2048,64,2048,61.5363
128,2048,64,4096,95.35
128,2048,64,8192,132.833
128,2048,64,16384,204.246
128,2048,128,16,27.3817
128,2048,128,32,27.5523
128,2048,128,64,28.16
128,2048,128,128,31.4037
128,2048,128,256,34.6993
128,2048,128,512,44.8427
128,2048,128,1024,65.3553
128,2048,128,2048,99.8513
128,2048,128,4096,138.475
128,2048,128,8192,210.049
128,2048,128,16384,353.623
128,4096,0,0,29.419
128,4096,1,16,29.2163
128,4096,1,32,29.4613
128,4096,1,64,29.1737
128,4096,1,128,29.227
128,4096,1,256,29.1203
128,4096,1,512,28.9813
128,4096,1,1024,29.9317
128,4096,1,2048,29.7173
128,4096,1,4096,30.368
128,4096,1,8192,27.7337
128,4096,1,16384,34.774
128,4096,2,16,28.672
128,4096,2,32,28.789
128,4096,2,64,29.0347
128,4096,2,128,28.064
128,4096,2,256,29.6853
128,4096,2,512,29.2593
128,4096,2,1024,29.4937
128,4096,2,2048,29.6747
128,4096,2,4096,31.147
128,4096,2,8192,30.144
128,4096,2,16384,35.0933
128,4096,4,16,28.8
128,4096,4,32,28.8853
128,4096,4,64,28.992
128,4096,4,128,28.6723
128,4096,4,256,28.8427
128,4096,4,512,29.44
128,4096,4,1024,30.4003
128,4096,4,2048,30.582
128,4096,4,4096,30.102
128,4096,4,8192,33.0667
128,4096,4,16384,35.5843
128,4096,8,16,29.7283
128,4096,8,32,29.6857
128,4096,8,64,29.8453
128,4096,8,128,30.1333
128,4096,8,256,30.784
128,4096,8,512,30.4863
128,4096,8,1024,31.808
128,4096,8,2048,30.9123
128,4096,8,4096,32.8427
128,4096,8,8192,35.286
128,4096,8,16384,43.232
128,4096,16,16,28.9497
128,4096,16,32,28.79
128,4096,16,64,29.0133
128,4096,16,128,29.0667
128,4096,16,256,31.179
128,4096,16,512,30.3577
128,4096,16,1024,29.0457
128,4096,16,2048,31.819
128,4096,16,4096,33.5253
128,4096,16,8192,42.6447
128,4096,16,16384,64.6187
128,4096,32,16,29.1947
128,4096,32,32,29.024
128,4096,32,64,29.1097
128,4096,32,128,29.184
128,4096,32,256,31.328
128,4096,32,512,32.011
128,4096,32,1024,31.755
128,4096,32,2048,44.0323
128,4096,32,4096,43.723
128,4096,32,8192,90.9233
128,4096,32,16384,150.912
128,4096,64,16,27.733
128,4096,64,32,27.712
128,4096,64,64,27.84
128,4096,64,128,30.2723
128,4096,64,256,31.7867
128,4096,64,512,32.3633
128,4096,64,1024,40.6617
128,4096,64,2048,59.2967
128,4096,64,4096,94.1867
128,4096,64,8192,155.66
128,4096,64,16384,231.809
128,4096,128,16,29.397
128,4096,128,32,29.5893
128,4096,128,64,29.4827
128,4096,128,128,31.2747
128,4096,128,256,35.7013
128,4096,128,512,44.3947
128,4096,128,1024,64.033
128,4096,128,2048,99.094
128,4096,128,4096,159.926
128,4096,128,8192,236.492
128,4096,128,16384,380.289
128,8192,0,0,35.4453
128,8192,1,16,35.6057
128,8192,1,32,35.68
128,8192,1,64,35.531
128,8192,1,128,35.5093
128,8192,1,256,35.4883
128,8192,1,512,35.531
128,8192,1,1024,35.552
128,8192,1,2048,35.265
128,8192,1,4096,35.5947
128,8192,1,8192,35.4987
128,8192,1,16384,35.2213
128,8192,2,16,35.1363
128,8192,2,32,35.3073
128,8192,2,64,35.4347
128,8192,2,128,35.1677
128,8192,2,256,35.3497
128,8192,2,512,35.3497
128,8192,2,1024,34.88
128,8192,2,2048,35.5953
128,8192,2,4096,34.9657
128,8192,2,8192,35.6267
128,8192,2,16384,35.6053
128,8192,4,16,34.9333
128,8192,4,32,34.891
128,8192,4,64,34.8483
128,8192,4,128,35.2427
128,8192,4,256,35.0827
128,8192,4,512,34.9973
128,8192,4,1024,35.051
128,8192,4,2048,34.987
128,8192,4,4096,35.424
128,8192,4,8192,36.992
128,8192,4,16384,39.926
128,8192,8,16,35.9253
128,8192,8,32,36.1283
128,8192,8,64,35.5093
128,8192,8,128,35.7017
128,8192,8,256,36.0107
128,8192,8,512,35.8403
128,8192,8,1024,35.8187
128,8192,8,2048,36.5333
128,8192,8,4096,37.632
128,8192,8,8192,40.0003
128,8192,8,16384,46.421
128,8192,16,16,35.083
128,8192,16,32,34.8697
128,8192,16,64,34.8053
128,8192,16,128,35.211
128,8192,16,256,35.1893
128,8192,16,512,35.6373
128,8192,16,1024,33.3123
128,8192,16,2048,35.7973
128,8192,16,4096,39.712
128,8192,16,8192,46.0487
128,8192,16,16384,66.5173
128,8192,32,16,35.2107
128,8192,32,32,35.2537
128,8192,32,64,35.3287
128,8192,32,128,33.632
128,8192,32,256,34.1867
128,8192,32,512,34.6463
128,8192,32,1024,39.072
128,8192,32,2048,38.8693
128,8192,32,4096,67.3493
128,8192,32,8192,67.392
128,8192,32,16384,151.137
128,8192,64,16,33.0027
128,8192,64,32,32.918
128,8192,64,64,32.9283
128,8192,64,128,35.6803
128,8192,64,256,34.2823
128,8192,64,512,41.419
128,8192,64,1024,40.7147
128,8192,64,2048,59.8933
128,8192,64,4096,94.752
128,8192,64,8192,155.617
128,8192,64,16384,277.868
128,8192,128,16,33.952
128,8192,128,32,33.8773
128,8192,128,64,33.856
128,8192,128,128,38.8477
128,8192,128,256,37.376
128,8192,128,512,44.342
128,8192,128,1024,64.0643
128,8192,128,2048,99.392
128,8192,128,4096,159.489
128,8192,128,8192,281.42
128,8192,128,16384,431.436
128,16384,0,0,43.019
128,16384,1,16,44.5227
128,16384,1,32,44.0857
128,16384,1,64,43.9677
128,16384,1,128,44.075
128,16384,1,256,44.1173
128,16384,1,512,44.363
128,16384,1,1024,44.0217
128,16384,1,2048,44.0427
128,16384,1,4096,44.139
128,16384,1,8192,44.1813
128,16384,1,16384,44.096
128,16384,2,16,44.2453
128,16384,2,32,44.224
128,16384,2,64,44.2133
128,16384,2,128,44.3193
128,16384,2,256,44.267
128,16384,2,512,43.766
128,16384,2,1024,44.4267
128,16384,2,2048,44.0537
128,16384,2,4096,43.4987
128,16384,2,8192,43.6267
128,16384,2,16384,44.736
128,16384,4,16,43.8083
128,16384,4,32,44.0217
128,16384,4,64,43.9897
128,16384,4,128,44.0853
128,16384,4,256,44.288
128,16384,4,512,44.2353
128,16384,4,1024,44.1497
128,16384,4,2048,43.2213
128,16384,4,4096,43.5847
128,16384,4,8192,44.96
128,16384,4,16384,48.3093
128,16384,8,16,44.5233
128,16384,8,32,44.5437
128,16384,8,64,44.5867
128,16384,8,128,44.6187
128,16384,8,256,44.5867
128,16384,8,512,44.6827
128,16384,8,1024,44.9507
128,16384,8,2048,44.896
128,16384,8,4096,45.8563
128,16384,8,8192,49.4827
128,16384,8,16384,56
128,16384,16,16,44.2883
128,16384,16,32,44.171
128,16384,16,64,44.4053
128,16384,16,128,44.107
128,16384,16,256,44.1067
128,16384,16,512,42.9123
128,16384,16,1024,43.7873
128,16384,16,2048,43.8403
128,16384,16,4096,46.6887
128,16384,16,8192,56.0527
128,16384,16,16384,75.9467
128,16384,32,16,44.6933
128,16384,32,32,44.203
128,16384,32,64,44.5333
128,16384,32,128,43.8933
128,16384,32,256,44.0963
128,16384,32,512,41.3977
128,16384,32,1024,43.6053
128,16384,32,2048,56.352
128,16384,32,4096,54.6563
128,16384,32,8192,109.622
128,16384,32,16384,113.004
128,16384,64,16,43.5947
128,16384,64,32,43.744
128,16384,64,64,43.8407
128,16384,64,128,43.2963
128,16384,64,256,43.1363
128,16384,64,512,45.9847
128,16384,64,1024,58.7413
128,16384,64,2048,56.3417
128,16384,64,4096,94.5183
128,16384,64,8192,154.657
128,16384,64,16384,275.841
128,16384,128,16,46.0697
128,16384,128,32,46.358
128,16384,128,64,46.347
128,16384,128,128,46.5713
128,16384,128,256,45.11
128,16384,128,512,59.6273
128,16384,128,1024,64.6723
128,16384,128,2048,97.953
128,16384,128,4096,159.18
128,16384,128,8192,280.279
128,16384,128,16384,530.861
256,0,0,0,17.3117
256,0,1,16,17.6963
256,0,1,32,17.5577
256,0,1,64,17.6853
256,0,1,128,18.2293
256,0,1,256,18.9013
256,0,1,512,23.0723
256,0,1,1024,21.7923
256,0,1,2048,22.8807
256,0,1,4096,26.4427
256,0,1,8192,33.1093
256,0,1,16384,46.816
256,0,2,16,17.9733
256,0,2,32,17.5893
256,0,2,64,17.952
256,0,2,128,17.6747
256,0,2,256,18.8587
256,0,2,512,23.4137
256,0,2,1024,22.3573
256,0,2,2048,23.595
256,0,2,4096,27.115
256,0,2,8192,33.7283
256,0,2,16384,47.19
256,0,4,16,17.8347
256,0,4,32,17.856
256,0,4,64,17.7923
256,0,4,128,18.2187
256,0,4,256,18.7733
256,0,4,512,23.6273
256,0,4,1024,22.4327
256,0,4,2048,23.9787
256,0,4,4096,26.5603
256,0,4,8192,33.8783
256,0,4,16384,48
256,0,8,16,18.1977
256,0,8,32,17.942
256,0,8,64,17.8987
256,0,8,128,17.8983
256,0,8,256,19.0723
256,0,8,512,24.043
256,0,8,1024,22.6667
256,0,8,2048,23.296
256,0,8,4096,27.328
256,0,8,8192,34.9867
256,0,8,16384,50.827
256,0,16,16,17.7493
256,0,16,32,17.483
256,0,16,64,17.504
256,0,16,128,17.6213
256,0,16,256,19.1257
256,0,16,512,25.0133
256,0,16,1024,21.7813
256,0,16,2048,25.547
256,0,16,4096,29.3227
256,0,16,8192,45.312
256,0,16,16384,66.7307
256,0,32,16,17.568
256,0,32,32,17.7493
256,0,32,64,17.728
256,0,32,128,18.0907
256,0,32,256,19.4133
256,0,32,512,22.3467
256,0,32,1024,24.0213
256,0,32,2048,35.4883
256,0,32,4096,46.272
256,0,32,8192,69.963
256,0,32,16384,105.024
256,0,64,16,18.2083
256,0,64,32,18.1867
256,0,64,64,18.3467
256,0,64,128,18.4747
256,0,64,256,19.84
256,0,64,512,31.0187
256,0,64,1024,36.928
256,0,64,2048,49.323
256,0,64,4096,69.3447
256,0,64,8192,106.166
256,0,64,16384,178.529
256,0,128,16,21.9093
256,0,128,32,21.504
256,0,128,64,22.155
256,0,128,128,25.6423
256,0,128,256,27.9573
256,0,128,512,39.4237
256,0,128,1024,51.467
256,0,128,2048,73.206
256,0,128,4096,109.441
256,0,128,8192,180.353
256,0,128,16384,324.759
256,16,0,0,18.8697
256,16,1,16,19.435
256,16,1,32,19.0297
256,16,1,64,19.36
256,16,1,128,19.4883
256,16,1,256,19.1467
256,16,1,512,23.6483
256,16,1,1024,21.9947
256,16,1,2048,23.0293
256,16,1,4096,26.304
256,16,1,8192,33.3017
256,16,1,16384,47.157
256,16,2,16,18.9653
256,16,2,32,19.2533
256,16,2,64,19.2533
256,16,2,128,19.0723
256,16,2,256,19.5307
256,16,2,512,23.8613
256,16,2,1024,22.1333
256,16,2,2048,23.5627
256,16,2,4096,26.795
256,16,2,8192,34.5387
256,16,2,16384,47.5413
256,16,4,16,19.264
256,16,4,32,19.0083
256,16,4,64,19.0613
256,16,4,128,19.328
256,16,4,256,19.1787
256,16,4,512,24.171
256,16,4,1024,22.688
256,16,4,2048,23.872
256,16,4,4096,27.296
256,16,4,8192,33.4933
256,16,4,16384,47.8197
256,16,8,16,19.3813
256,16,8,32,19.3707
256,16,8,64,19.5203
256,16,8,128,19.6267
256,16,8,256,19.488
256,16,8,512,23.6373
256,16,8,1024,22.667
256,16,8,2048,24.2023
256,16,8,4096,27.2963
256,16,8,8192,34.9763
256,16,8,16384,50.528
256,16,16,16,18.944
256,16,16,32,18.9657
256,16,16,64,19.2213
256,16,16,128,19.4023
256,16,16,256,19.2003
256,16,16,512,23.7977
256,16,16,1024,25.0987
256,16,16,2048,25.7493
256,16,16,4096,29.0137
256,16,16,8192,40.6187
256,16,16,16384,67.542
256,16,32,16,19.243
256,16,32,32,19.264
256,16,32,64,19.264
256,16,32,128,19.019
256,16,32,256,19.4137
256,16,32,512,24.9067
256,16,32,1024,24.064
256,16,32,2048,34.8057
256,16,32,4096,46.123
256,16,32,8192,69.6647
256,16,32,16384,106.048
256,16,64,16,19.7973
256,16,64,32,19.435
256,16,64,64,19.5307
256,16,64,128,19.7973
256,16,64,256,19.7123
256,16,64,512,30.88
256,16,64,1024,36.736
256,16,64,2048,48.5867
256,16,64,4096,71.1363
256,16,64,8192,106.731
256,16,64,16384,175.532
256,16,128,16,21.5573
256,16,128,32,21.408
256,16,128,64,22.0167
256,16,128,128,25.611
256,16,128,256,28.4907
256,16,128,512,38.6667
256,16,128,1024,51.7763
256,16,128,2048,74.3467
256,16,128,4096,109.963
256,16,128,8192,179.371
256,16,128,16384,323.319
256,32,0,0,19.008
256,32,1,16,19.0827
256,32,1,32,19.104
256,32,1,64,19.3603
256,32,1,128,18.9017
256,32,1,256,19.2107
256,32,1,512,23.3913
256,32,1,1024,22.3357
256,32,1,2048,22.9123
256,32,1,4096,26.24
256,32,1,8192,33.1947
256,32,1,16384,46.9227
256,32,2,16,19.0617
256,32,2,32,18.976
256,32,2,64,19.2317
256,32,2,128,19.3707
256,32,2,256,19.1893
256,32,2,512,23.4133
256,32,2,1024,22.219
256,32,2,2048,23.7867
256,32,2,4096,26.9123
256,32,2,8192,34.08
256,32,2,16384,47.3073
256,32,4,16,19.2427
256,32,4,32,19.0613
256,32,4,64,19.211
256,32,4,128,19.0937
256,32,4,256,19.2853
256,32,4,512,24.3313
256,32,4,1024,22.432
256,32,4,2048,24.0113
256,32,4,4096,27.488
256,32,4,8192,33.7497
256,32,4,16384,47.797
256,32,8,16,19.616
256,32,8,32,19.4133
256,32,8,64,19.5947
256,32,8,128,19.1363
256,32,8,256,19.264
256,32,8,512,24.2777
256,32,8,1024,23.222
256,32,8,2048,24.7043
256,32,8,4096,27.3387
256,32,8,8192,35.0823
256,32,8,16384,51.094
256,32,16,16,19.0933
256,32,16,32,18.8373
256,32,16,64,18.7203
256,32,16,128,19.009
256,32,16,256,19.2107
256,32,16,512,23.179
256,32,16,1024,25.0133
256,32,16,2048,25.6107
256,32,16,4096,29.195
256,32,16,8192,41.0773
256,32,16,16384,68.1393
256,32,32,16,19.3063
256,32,32,32,19.0723
256,32,32,64,19.168
256,32,32,128,19.1893
256,32,32,256,19.2
256,32,32,512,24.8747
256,32,32,1024,24.1707
256,32,32,2048,35.4887
256,32,32,4096,46.816
256,32,32,8192,68.587
256,32,32,16384,104.95
256,32,64,16,19.232
256,32,64,32,19.957
256,32,64,64,19.574
256,32,64,128,19.6587
256,32,64,256,19.7227
256,32,64,512,30.8053
256,32,64,1024,36.6833
256,32,64,2048,49.5577
256,32,64,4096,70.5493
256,32,64,8192,105.419
256,32,64,16384,176.63
256,32,128,16,21.5787
256,32,128,32,21.8243
256,32,128,64,22.1337
256,32,128,128,26.5923
256,32,128,256,28.1173
256,32,128,512,38.4327
256,32,128,1024,50.9013
256,32,128,2048,73.281
256,32,128,4096,110.496
256,32,128,8192,180.3
256,32,128,16384,324.822
256,64,0,0,18.9017
256,64,1,16,19.392
256,64,1,32,19.4457
256,64,1,64,19.6373
256,64,1,128,19.531
256,64,1,256,19.2
256,64,1,512,23.627
256,64,1,1024,21.9523
256,64,1,2048,22.752
256,64,1,4096,26.379
256,64,1,8192,33.547
256,64,1,16384,47.147
256,64,2,16,19.232
256,64,2,32,19.168
256,64,2,64,19.3603
256,64,2,128,19.0613
256,64,2,256,19.5733
256,64,2,512,23.6373
256,64,2,1024,22.4107
256,64,2,2048,23.5413
256,64,2,4096,26.9867
256,64,2,8192,34.2613
256,64,2,16384,47.2
256,64,4,16,19.3493
256,64,4,32,19.328
256,64,4,64,19.136
256,64,4,128,19.3067
256,64,4,256,19.6377
256,64,4,512,24.512
256,64,4,1024,23.4667
256,64,4,2048,24.0957
256,64,4,4096,27.5523
256,64,4,8192,33.536
256,64,4,16384,47.9143
256,64,8,16,19.2533
256,64,8,32,19.5843
256,64,8,64,19.4983
256,64,8,128,19.5203
256,64,8,256,19.275
256,64,8,512,24.5657
256,64,8,1024,23.349
256,64,8,2048,24.2027
256,64,8,4096,27.0827
256,64,8,8192,35.0083
256,64,8,16384,50.3893
256,64,16,16,19.1147
256,64,16,32,19.1147
256,64,16,64,19.3923
256,64,16,128,19.2537
256,64,16,256,19.488
256,64,16,512,23.4133
256,64,16,1024,25.408
256,64,16,2048,24.8
256,64,16,4096,28.9703
256,64,16,8192,40.896
256,64,16,16384,68.513
256,64,32,16,19.232
256,64,32,32,19.2
256,64,32,64,19.2
256,64,32,128,19.3173
256,64,32,256,19.531
256,64,32,512,25.205
256,64,32,1024,25.0453
256,64,32,2048,35.893
256,64,32,4096,46.4863
256,64,32,8192,69.4723
256,64,32,16384,105.707
256,64,64,16,19.5527
256,64,64,32,19.7547
256,64,64,64,19.616
256,64,64,128,19.232
256,64,64,256,19.872
256,64,64,512,31.019
256,64,64,1024,36.9277
256,64,64,2048,49.5893
256,64,64,4096,71.4773
256,64,64,8192,105.483
256,64,64,16384,176.598
256,64,128,16,21.504
256,64,128,32,21.5467
256,64,128,64,22.187
256,64,128,128,25.824
256,64,128,256,28.1493
256,64,128,512,39.2643
256,64,128,1024,51.0827
256,64,128,2048,74.3363
256,64,128,4096,110.784
256,64,128,8192,181.282
256,64,128,16384,324.46
256,128,0,0,18.9653
256,128,1,16,19.0293
256,128,1,32,19.232
256,128,1,64,19.2
256,128,1,128,19.595
256,128,1,256,19.349
256,128,1,512,23.392
256,128,1,1024,22.4107
256,128,1,2048,22.9227
256,128,1,4096,26.3893
256,128,1,8192,33.59
256,128,1,16384,47.2967
256,128,2,16,19.52
256,128,2,32,19.0827
256,128,2,64,19.3707
256,128,2,128,19.243
256,128,2,256,19.1467
256,128,2,512,24.0537
256,128,2,1024,22.912
256,128,2,2048,23.68
256,128,2,4096,27.5093
256,128,2,8192,34.7093
256,128,2,16384,47.638
256,128,4,16,19.0937
256,128,4,32,19.7973
256,128,4,64,19.1363
256,128,4,128,19.019
256,128,4,256,18.9873
256,128,4,512,24.1067
256,128,4,1024,22.88
256,128,4,2048,24.3197
256,128,4,4096,27.371
256,128,4,8192,33.7493
256,128,4,16384,47.744
256,128,8,16,19.456
256,128,8,32,19.68
256,128,8,64,19.627
256,128,8,128,19.584
256,128,8,256,19.755
256,128,8,512,24.4907
256,128,8,1024,23.7977
256,128,8,2048,24.8747
256,128,8,4096,26.9227
256,128,8,8192,34.8797
256,128,8,16384,50.6243
256,128,16,16,19.1467
256,128,16,32,19.115
256,128,16,64,19.104
256,128,16,128,19.1573
256,128,16,256,19.2107
256,128,16,512,23.9467
256,128,16,1024,25.5263
256,128,16,2048,24.9173
256,128,16,4096,29.2373
256,128,16,8192,41.3023
256,128,16,16384,70.0267
256,128,32,16,19.179
256,128,32,32,19.285
256,128,32,64,19.3283
256,128,32,128,19.3177
256,128,32,256,19.4133
256,128,32,512,25.4933
256,128,32,1024,24.3307
256,128,32,2048,37.003
256,128,32,4096,48.9493
256,128,32,8192,71.0403
256,128,32,16384,107.233
256,128,64,16,19.5417
256,128,64,32,19.7867
256,128,64,64,19.776
256,128,64,128,19.83
256,128,64,256,19.7547
256,128,64,512,31.3493
256,128,64,1024,38.2613
256,128,64,2048,50.6347
256,128,64,4096,73.152
256,128,64,8192,108.3
256,128,64,16384,178.252
256,128,128,16,21.504
256,128,128,32,21.984
256,128,128,64,22.0483
256,128,128,128,25.536
256,128,128,256,30.571
256,128,128,512,40.8963
256,128,128,1024,53.6
256,128,128,2048,76.374
256,128,128,4096,110.795
256,128,128,8192,181.387
256,128,128,16384,325.068
256,256,0,0,20.8427
256,256,1,16,21.0777
256,256,1,32,20.832
256,256,1,64,20.768
256,256,1,128,20.928
256,256,1,256,21.2477
256,256,1,512,23.296
256,256,1,1024,22.8053
256,256,1,2048,23.4987
256,256,1,4096,26.8583
256,256,1,8192,33.6427
256,256,1,16384,47.84
256,256,2,16,20.8
256,256,2,32,21.0883
256,256,2,64,20.875
256,256,2,128,21.0347
256,256,2,256,20.7367
256,256,2,512,24.2987
256,256,2,1024,23.2323
256,256,2,2048,24.2133
256,256,2,4096,27.4237
256,256,2,8192,34.7733
256,256,2,16384,48.7893
256,256,4,16,20.9493
256,256,4,32,20.8107
256,256,4,64,20.704
256,256,4,128,21.003
256,256,4,256,20.8427
256,256,4,512,25.2907
256,256,4,1024,24.1173
256,256,4,2048,24.256
256,256,4,4096,27.606
256,256,4,8192,34.752
256,256,4,16384,48.1503
256,256,8,16,21.12
256,256,8,32,21.0453
256,256,8,64,20.992
256,256,8,128,21.3657
256,256,8,256,21.0453
256,256,8,512,25.173
256,256,8,1024,25.505
256,256,8,2048,24.9603
256,256,8,4096,28.7467
256,256,8,8192,34.7947
256,256,8,16384,51.051
256,256,16,16,20.64
256,256,16,32,20.8213
256,256,16,64,20.576
256,256,16,128,20.9067
256,256,16,256,20.672
256,256,16,512,25.942
256,256,16,1024,26.5817
256,256,16,2048,26.5707
256,256,16,4096,28.9067
256,256,16,8192,40.8427
256,256,16,16384,73.462
256,256,32,16,20.9063
256,256,32,32,20.9603
256,256,32,64,20.9177
256,256,32,128,21.1203
256,256,32,256,21.035
256,256,32,512,26.1653
256,256,32,1024,26.976
256,256,32,2048,30.4747
256,256,32,4096,51.6053
256,256,32,8192,72.406
256,256,32,16384,108.075
256,256,64,16,21.1947
256,256,64,32,21.1407
256,256,64,64,21.28
256,256,64,128,21.3863
256,256,64,256,21.3977
256,256,64,512,31.4027
256,256,64,1024,40.5017
256,256,64,2048,52.4157
256,256,64,4096,74.603
256,256,64,8192,108.854
256,256,64,16384,180.747
256,256,128,16,21.771
256,256,128,32,21.9097
256,256,128,64,22.2187
256,256,128,128,25.984
256,256,128,256,30.336
256,256,128,512,42.198
256,256,128,1024,53.7497
256,256,128,2048,78.5493
256,256,128,4096,113.409
256,256,128,8192,181.964
256,256,128,16384,328.962
256,512,0,0,26.3787
256,512,1,16,26.9333
256,512,1,32,26.9443
256,512,1,64,27.1147
256,512,1,128,26.8907
256,512,1,256,26.8693
256,512,1,512,26.3787
256,512,1,1024,25.686
256,512,1,2048,23.9253
256,512,1,4096,26.752
256,512,1,8192,33.792
256,512,1,16384,48.0327
256,512,2,16,27.5627
256,512,2,32,27.0613
256,512,2,64,27.5097
256,512,2,128,27.2213
256,512,2,256,26.9767
256,512,2,512,27.019
256,512,2,1024,25.9947
256,512,2,2048,25.3973
256,512,2,4096,27.5523
256,512,2,8192,34.4747
256,512,2,16384,48.7787
256,512,4,16,27.4347
256,512,4,32,27.7013
256,512,4,64,27.3707
256,512,4,128,27.5093
256,512,4,256,27.595
256,512,4,512,27.5947
256,512,4,1024,25.8987
256,512,4,2048,25.4617
256,512,4,4096,28.022
256,512,4,8192,34.7523
256,512,4,16384,48.0747
256,512,8,16,27.0613
256,512,8,32,27.3493
256,512,8,64,27.6273
256,512,8,128,27.3173
256,512,8,256,27.1147
256,512,8,512,25.7717
256,512,8,1024,26.3467
256,512,8,2048,26.208
256,512,8,4096,28.5443
256,512,8,8192,35.3173
256,512,8,16384,51.1047
256,512,16,16,27.4667
256,512,16,32,27.478
256,512,16,64,27.4027
256,512,16,128,26.7093
256,512,16,256,26.2293
256,512,16,512,27.0937
256,512,16,1024,27.4243
256,512,16,2048,28.214
256,512,16,4096,30.1657
256,512,16,8192,40.672
256,512,16,16384,75.9683
256,512,32,16,25.0347
256,512,32,32,25.6853
256,512,32,64,25.6853
256,512,32,128,26.4107
256,512,32,256,26.347
256,512,32,512,26.6133
256,512,32,1024,28.459
256,512,32,2048,30.5177
256,512,32,4096,53.1627
256,512,32,8192,76.5337
256,512,32,16384,112.246
256,512,64,16,26.3787
256,512,64,32,26.3363
256,512,64,64,26.571
256,512,64,128,27.1573
256,512,64,256,28.032
256,512,64,512,33.4513
256,512,64,1024,40.1707
256,512,64,2048,56.15
256,512,64,4096,77.8563
256,512,64,8192,111.499
256,512,64,16384,183.521
256,512,128,16,28.6197
256,512,128,32,29.259
256,512,128,64,29.1737
256,512,128,128,31.9147
256,512,128,256,35.392
256,512,128,512,43.7547
256,512,128,1024,60.5127
256,512,128,2048,81.7817
256,512,128,4096,114.582
256,512,128,8192,186.987
256,512,128,16384,330.285
256,1024,0,0,26.7733
256,1024,1,16,27.2317
256,1024,1,32,27.4777
256,1024,1,64,27.2217
256,1024,1,128,27.3813
256,1024,1,256,27.1253
256,1024,1,512,27.104
256,1024,1,1024,26.5923
256,1024,1,2048,25.931
256,1024,1,4096,26.9547
256,1024,1,8192,34.379
256,1024,1,16384,47.862
256,1024,2,16,27.286
256,1024,2,32,27.52
256,1024,2,64,27.1893
256,1024,2,128,27.3277
256,1024,2,256,27.3067
256,1024,2,512,26.8267
256,1024,2,1024,26.6453
256,1024,2,2048,26.7843
256,1024,2,4096,28.0213
256,1024,2,8192,34.624
256,1024,2,16384,48.833
256,1024,4,16,27.2643
256,1024,4,32,28.1703
256,1024,4,64,27.7333
256,1024,4,128,27.5413
256,1024,4,256,27.275
256,1024,4,512,27.4453
256,1024,4,1024,27.2967
256,1024,4,2048,27.1467
256,1024,4,4096,28.2353
256,1024,4,8192,35.0727
256,1024,4,16384,49.4187
256,1024,8,16,27.0303
256,1024,8,32,26.944
256,1024,8,64,27.4133
256,1024,8,128,27.232
256,1024,8,256,27.2537
256,1024,8,512,26.8377
256,1024,8,1024,26.9227
256,1024,8,2048,28.5443
256,1024,8,4096,28.9073
256,1024,8,8192,36.1813
256,1024,8,16384,50.496
256,1024,16,16,26.976
256,1024,16,32,27.1893
256,1024,16,64,27.296
256,1024,16,128,27.819
256,1024,16,256,26.3147
256,1024,16,512,27.68
256,1024,16,1024,28.6933
256,1024,16,2048,30.123
256,1024,16,4096,31.5203
256,1024,16,8192,41.238
256,1024,16,16384,64.011
256,1024,32,16,26.8587
256,1024,32,32,26.8053
256,1024,32,64,26.8497
256,1024,32,128,27.9147
256,1024,32,256,28.0533
256,1024,32,512,28.1493
256,1024,32,1024,34.5813
256,1024,32,2048,31.8187
256,1024,32,4096,43.4347
256,1024,32,8192,82.6773
256,1024,32,16384,118.828
256,1024,64,16,27.9363
256,1024,64,32,27.168
256,1024,64,64,28.491
256,1024,64,128,27.9577
256,1024,64,256,28.9707
256,1024,64,512,34.112
256,1024,64,1024,40.7467
256,1024,64,2048,59.2213
256,1024,64,4096,85.43
256,1024,64,8192,118.774
256,1024,64,16384,190.54
256,1024,128,16,29.2377
256,1024,128,32,29.1627
256,1024,128,64,29.7173
256,1024,128,128,32.2883
256,1024,128,256,35.0617
256,1024,128,512,44.7897
256,1024,128,1024,63.9997
256,1024,128,2048,90.4863
256,1024,128,4096,123.851
256,1024,128,8192,193.185
256,1024,128,16384,335.703
256,2048,0,0,29.5467
256,2048,1,16,30.784
256,2048,1,32,30.3363
256,2048,1,64,30.5493
256,2048,1,128,30.592
256,2048,1,256,30.976
256,2048,1,512,30.4857
256,2048,1,1024,30.752
256,2048,1,2048,30.56
256,2048,1,4096,27.584
256,2048,1,8192,34.976
256,2048,1,16384,48.619
256,2048,2,16,31.0407
256,2048,2,32,30.507
256,2048,2,64,30.9117
256,2048,2,128,30.987
256,2048,2,256,31.1893
256,2048,2,512,31.3817
256,2048,2,1024,31.0723
256,2048,2,2048,30.795
256,2048,2,4096,28.715
256,2048,2,8192,35.3067
256,2048,2,16384,49.3333
256,2048,4,16,31.232
256,2048,4,32,30.7943
256,2048,4,64,30.912
256,2048,4,128,30.752
256,2048,4,256,31.0293
256,2048,4,512,30.4107
256,2048,4,1024,30.9333
256,2048,4,2048,30.6033
256,2048,4,4096,30.4963
256,2048,4,8192,35.6483
256,2048,4,16384,49.9843
256,2048,8,16,30.752
256,2048,8,32,31.03
256,2048,8,64,30.88
256,2048,8,128,30.987
256,2048,8,256,31.019
256,2048,8,512,31.232
256,2048,8,1024,31.0403
256,2048,8,2048,30.1657
256,2048,8,4096,31.7443
256,2048,8,8192,36.683
256,2048,8,16384,52.2137
256,2048,16,16,30.3253
256,2048,16,32,30.24
256,2048,16,64,30.4323
256,2048,16,128,30.4107
256,2048,16,256,30.677
256,2048,16,512,29.8453
256,2048,16,1024,30.1237
256,2048,16,2048,32.256
256,2048,16,4096,33.1947
256,2048,16,8192,42.9653
256,2048,16,16384,63.3613
256,2048,32,16,30.3687
256,2048,32,32,30.3047
256,2048,32,64,30.358
256,2048,32,128,30.325
256,2048,32,256,29.419
256,2048,32,512,33.2163
256,2048,32,1024,31.659
256,2048,32,2048,45.387
256,2048,32,4096,44.3417
256,2048,32,8192,89.9633
256,2048,32,16384,130.635
256,2048,64,16,28.3087
256,2048,64,32,28.544
256,2048,64,64,29.131
256,2048,64,128,31.9573
256,2048,64,256,34.1873
256,2048,64,512,33.3977
256,2048,64,1024,41.8777
256,2048,64,2048,60.9497
256,2048,64,4096,94.283
256,2048,64,8192,130.635
256,2048,64,16384,202.22
256,2048,128,16,34.4533
256,2048,128,32,34.1123
256,2048,128,64,35.169
256,2048,128,128,32.7787
256,2048,128,256,35.8617
256,2048,128,512,44.8213
256,2048,128,1024,65.6427
256,2048,128,2048,98.6457
256,2048,128,4096,136.032
256,2048,128,8192,207.916
256,2048,128,16384,351.671
256,4096,0,0,34.1227
256,4096,1,16,34.7093
256,4096,1,32,34.656
256,4096,1,64,34.7093
256,4096,1,128,34.6667
256,4096,1,256,34.6453
256,4096,1,512,34.9023
256,4096,1,1024,34.976
256,4096,1,2048,34.5067
256,4096,1,4096,34.6667
256,4096,1,8192,34.624
256,4096,1,16384,49.1203
256,4096,2,16,35.1577
256,4096,2,32,35.3287
256,4096,2,64,35.2423
256,4096,2,128,34.9547
256,4096,2,256,34.9973
256,4096,2,512,35.424
256,4096,2,1024,34.624
256,4096,2,2048,34.72
256,4096,2,4096,34.0263
256,4096,2,8192,35.531
256,4096,2,16384,49.8463
256,4096,4,16,35.083
256,4096,4,32,35.189
256,4096,4,64,35.4773
256,4096,4,128,34.72
256,4096,4,256,34.8907
256,4096,4,512,35.04
256,4096,4,1024,34.827
256,4096,4,2048,34.048
256,4096,4,4096,34.4533
256,4096,4,8192,35.6373
256,4096,4,16384,49.707
256,4096,8,16,34.6133
256,4096,8,32,34.7307
256,4096,8,64,34.7203
256,4096,8,128,34.7627
256,4096,8,256,34.678
256,4096,8,512,35.3387
256,4096,8,1024,34.4
256,4096,8,2048,34.304
256,4096,8,4096,35.4987
256,4096,8,8192,39.6373
256,4096,8,16384,52.075
256,4096,16,16,34.902
256,4096,16,32,34.7413
256,4096,16,64,34.9653
256,4096,16,128,34.9553
256,4096,16,256,35.1047
256,4096,16,512,34.4643
256,4096,16,1024,34.5923
256,4096,16,2048,36.32
256,4096,16,4096,39.5093
256,4096,16,8192,46.5277
256,4096,16,16384,67.8187
256,4096,32,16,35.019
256,4096,32,32,35.1897
256,4096,32,64,35.0187
256,4096,32,128,34.2407
256,4096,32,256,34.4213
256,4096,32,512,34.1977
256,4096,32,1024,40.32
256,4096,32,2048,39.0293
256,4096,32,4096,68.6833
256,4096,32,8192,68.2567
256,4096,32,16384,150.678
256,4096,64,16,34.624
256,4096,64,32,34.6027
256,4096,64,64,34.656
256,4096,64,128,34.56
256,4096,64,256,35.275
256,4096,64,512,42.1017
256,4096,64,1024,39.5947
256,4096,64,2048,60.32
256,4096,64,4096,94.934
256,4096,64,8192,154.539
256,4096,64,16384,227.724
256,4096,128,16,38.5387
256,4096,128,32,39.0827
256,4096,128,64,38.6453
256,4096,128,128,39.2003
256,4096,128,256,44.2773
256,4096,128,512,45.6647
256,4096,128,1024,63.4457
256,4096,128,2048,98.9237
256,4096,128,4096,159.052
256,4096,128,8192,234.412
256,4096,128,16384,377.453
256,8192,0,0,41.9093
256,8192,1,16,42.4213
256,8192,1,32,42.219
256,8192,1,64,42.208
256,8192,1,128,42.2403
256,8192,1,256,42.592
256,8192,1,512,42.219
256,8192,1,1024,42.0377
256,8192,1,2048,42.187
256,8192,1,4096,42.848
256,8192,1,8192,43.467
256,8192,1,16384,49.8133
256,8192,2,16,42.752
256,8192,2,32,42.8053
256,8192,2,64,42.8163
256,8192,2,128,42.742
256,8192,2,256,42.5063
256,8192,2,512,42.6133
256,8192,2,1024,42.7947
256,8192,2,2048,43.5203
256,8192,2,4096,43.3287
256,8192,2,8192,43.9573
256,8192,2,16384,50.1557
256,8192,4,16,42.891
256,8192,4,32,43.0397
256,8192,4,64,42.9023
256,8192,4,128,42.8377
256,8192,4,256,42.987
256,8192,4,512,43.2427
256,8192,4,1024,43.7227
256,8192,4,2048,43.8933
256,8192,4,4096,43.819
256,8192,4,8192,44.8213
256,8192,4,16384,50.987
256,8192,8,16,43.0727
256,8192,8,32,43.0083
256,8192,8,64,42.944
256,8192,8,128,42.955
256,8192,8,256,42.6027
256,8192,8,512,43.68
256,8192,8,1024,43.7867
256,8192,8,2048,44.0967
256,8192,8,4096,44.8643
256,8192,8,8192,48.118
256,8192,8,16384,56.1067
256,8192,16,16,43.072
256,8192,16,32,42.6667
256,8192,16,64,42.9227
256,8192,16,128,44.1187
256,8192,16,256,43.9467
256,8192,16,512,44.064
256,8192,16,1024,44.118
256,8192,16,2048,45.1093
256,8192,16,4096,48.523
256,8192,16,8192,55.4987
256,8192,16,16384,76.16
256,8192,32,16,43.7443
256,8192,32,32,43.8407
256,8192,32,64,43.9687
256,8192,32,128,44.075
256,8192,32,256,43.872
256,8192,32,512,44.9493
256,8192,32,1024,45.035
256,8192,32,2048,56.1923
256,8192,32,4096,55.1467
256,8192,32,8192,110.667
256,8192,32,16384,113.323
256,8192,64,16,44.1067
256,8192,64,32,43.8937
256,8192,64,64,44.1497
256,8192,64,128,42.6027
256,8192,64,256,45.0453
256,8192,64,512,43.7763
256,8192,64,1024,58.368
256,8192,64,2048,57.12
256,8192,64,4096,95.083
256,8192,64,8192,153.953
256,8192,64,16384,276.023
256,8192,128,16,47.4347
256,8192,128,32,47.3387
256,8192,128,64,47.414
256,8192,128,128,47.787
256,8192,128,256,52.6617
256,8192,128,512,58.5173
256,8192,128,1024,63.7553
256,8192,128,2048,97.718
256,8192,128,4096,158.934
256,8192,128,8192,278.625
256,8192,128,16384,424.823
256,16384,0,0,56.5547
256,16384,1,16,56.971
256,16384,1,32,57.1523
256,16384,1,64,57.249
256,16384,1,128,56.6723
256,16384,1,256,56.6083
256,16384,1,512,56.7683
256,16384,1,1024,56.5443
256,16384,1,2048,56.8213
256,16384,1,4096,56.7787
256,16384,1,8192,56.683
256,16384,1,16384,59.872
256,16384,2,16,57.6963
256,16384,2,32,57.4187
256,16384,2,64,57.44
256,16384,2,128,57.174
256,16384,2,256,57.323
256,16384,2,512,57.4933
256,16384,2,1024,57.3233
256,16384,2,2048,57.462
256,16384,2,4096,58.2407
256,16384,2,8192,61.1313
256,16384,2,16384,61.1523
256,16384,4,16,57.6217
256,16384,4,32,57.8243
256,16384,4,64,57.7927
256,16384,4,128,57.8347
256,16384,4,256,57.9417
256,16384,4,512,57.5787
256,16384,4,1024,57.728
256,16384,4,2048,57.7923
256,16384,4,4096,60.523
256,16384,4,8192,60.6403
256,16384,4,16384,65.728
256,16384,8,16,56.939
256,16384,8,32,57.206
256,16384,8,64,57.0987
256,16384,8,128,57.3763
256,16384,8,256,57.44
256,16384,8,512,57.1417
256,16384,8,1024,56.832
256,16384,8,2048,59.9683
256,16384,8,4096,61.2263
256,16384,8,8192,65.696
256,16384,8,16384,74.5713
256,16384,16,16,57.1523
256,16384,16,32,57.1093
256,16384,16,64,57.6963
256,16384,16,128,57.344
256,16384,16,256,57.3977
256,16384,16,512,55.702
256,16384,16,1024,60.79
256,16384,16,2048,60.6507
256,16384,16,4096,65.6747
256,16384,16,8192,76.779
256,16384,16,16384,90.2403
256,16384,32,16,57.8563
256,16384,32,32,58.027
256,16384,32,64,57.355
256,16384,32,128,57.952
256,16384,32,256,60.502
256,16384,32,512,60.768
256,16384,32,1024,60.2027
256,16384,32,2048,66.9017
256,16384,32,4096,90.347
256,16384,32,8192,90.0267
256,16384,32,16384,186.87
256,16384,64,16,58.7097
256,16384,64,32,59.0613
256,16384,64,64,58.966
256,16384,64,128,60.6083
256,16384,64,256,61.0883
256,16384,64,512,63.595
256,16384,64,1024,66.955
256,16384,64,2048,91.3177
256,16384,64,4096,91.3287
256,16384,64,8192,153.643
256,16384,64,16384,269.815
256,16384,128,16,60.1813
256,16384,128,32,61.1203
256,16384,128,64,60.534
256,16384,128,128,66.2507
256,16384,128,256,68.4593
256,16384,128,512,72.5763
256,16384,128,1024,85.2373
256,16384,128,2048,98.1557
256,16384,128,4096,157.75
256,16384,128,8192,273.644
256,16384,128,16384,516.471
512,0,0,0,20.8213
512,0,1,16,20.9707
512,0,1,32,21.0027
512,0,1,64,20.8327
512,0,1,128,21.0133
512,0,1,256,20.9707
512,0,1,512,24.981
512,0,1,1024,25.0027
512,0,1,2048,27.488
512,0,1,4096,34.496
512,0,1,8192,48.3203
512,0,1,16384,76.2773
512,0,2,16,21.1307
512,0,2,32,21.195
512,0,2,64,21.088
512,0,2,128,21.0773
512,0,2,256,21.152
512,0,2,512,25.9523
512,0,2,1024,25.3547
512,0,2,2048,28.416
512,0,2,4096,35.6167
512,0,2,8192,49.2053
512,0,2,16384,74.8377
512,0,4,16,21.0987
512,0,4,32,20.7683
512,0,4,64,21.3013
512,0,4,128,21.056
512,0,4,256,21.1737
512,0,4,512,25.9627
512,0,4,1024,25.888
512,0,4,2048,28.9603
512,0,4,4096,36.0217
512,0,4,8192,47.424
512,0,4,16384,76.256
512,0,8,16,21.2163
512,0,8,32,21.387
512,0,8,64,21.1737
512,0,8,128,21.4827
512,0,8,256,21.11
512,0,8,512,26.336
512,0,8,1024,26.624
512,0,8,2048,29.4507
512,0,8,4096,33.824
512,0,8,8192,48.2453
512,0,8,16384,78.8483
512,0,16,16,21.3973
512,0,16,32,20.7687
512,0,16,64,20.9173
512,0,16,128,21.3973
512,0,16,256,21.2483
512,0,16,512,26.144
512,0,16,1024,26.4857
512,0,16,2048,28.2133
512,0,16,4096,35.104
512,0,16,8192,50.795
512,0,16,16384,83.6273
512,0,32,16,21.2373
512,0,32,32,21.376
512,0,32,64,21.227
512,0,32,128,21.1097
512,0,32,256,21.3653
512,0,32,512,26.272
512,0,32,1024,25.707
512,0,32,2048,32.3417
512,0,32,4096,49.4833
512,0,32,8192,72.448
512,0,32,16384,107.425
512,0,64,16,21.4293
512,0,64,32,21.4937
512,0,64,64,21.5573
512,0,64,128,21.6423
512,0,64,256,21.6213
512,0,64,512,31.424
512,0,64,1024,38.2937
512,0,64,2048,52.6937
512,0,64,4096,75.1687
512,0,64,8192,110.048
512,0,64,16384,180.139
512,0,128,16,22.3253
512,0,128,32,22.1543
512,0,128,64,22.3253
512,0,128,128,26.1227
512,0,128,256,30.0907
512,0,128,512,41.152
512,0,128,1024,55.553
512,0,128,2048,77.7283
512,0,128,4096,113.42
512,0,128,8192,184.321
512,0,128,16384,325.889
512,16,0,0,25.0563
512,16,1,16,25.5467
512,16,1,32,25.7387
512,16,1,64,25.941
512,16,1,128,25.7813
512,16,1,256,25.5573
512,16,1,512,25.536
512,16,1,1024,25.1627
512,16,1,2048,28.1177
512,16,1,4096,35.136
512,16,1,8192,48.7147
512,16,1,16384,75.808
512,16,2,16,26.6027
512,16,2,32,26.8163
512,16,2,64,26.304
512,16,2,128,26.3787
512,16,2,256,26.6133
512,16,2,512,26.4433
512,16,2,1024,25.8133
512,16,2,2048,28.7253
512,16,2,4096,35.947
512,16,2,8192,49.44
512,16,2,16384,76.875
512,16,4,16,25.9843
512,16,4,32,26.5493
512,16,4,64,26.1547
512,16,4,128,26.059
512,16,4,256,25.4937
512,16,4,512,26.1023
512,16,4,1024,25.5467
512,16,4,2048,29.0667
512,16,4,4096,35.584
512,16,4,8192,49.5363
512,16,4,16384,75.7547
512,16,8,16,26.155
512,16,8,32,26.3467
512,16,8,64,26.1657
512,16,8,128,26.4107
512,16,8,256,26.411
512,16,8,512,26.0907
512,16,8,1024,26.0693
512,16,8,2048,29.2267
512,16,8,4096,36.0427
512,16,8,8192,48.331
512,16,8,16384,78.5077
512,16,16,16,25.909
512,16,16,32,25.9627
512,16,16,64,25.8133
512,16,16,128,25.9947
512,16,16,256,26.1547
512,16,16,512,25.952
512,16,16,1024,26.7843
512,16,16,2048,29.7493
512,16,16,4096,35.264
512,16,16,8192,51.7657
512,16,16,16384,83.4883
512,16,32,16,26.134
512,16,32,32,26.7203
512,16,32,64,26.7417
512,16,32,128,26.7733
512,16,32,256,27.5307
512,16,32,512,27.2213
512,16,32,1024,33.974
512,16,32,2048,31.4987
512,16,32,4096,44.16
512,16,32,8192,73.0993
512,16,32,16384,108.001
512,16,64,16,26.0157
512,16,64,32,26.0377
512,16,64,64,26.091
512,16,64,128,26.8803
512,16,64,256,27.7017
512,16,64,512,34.7417
512,16,64,1024,38.517
512,16,64,2048,52.683
512,16,64,4096,75.0083
512,16,64,8192,110.283
512,16,64,16384,180.278
512,16,128,16,31.1467
512,16,128,32,31.904
512,16,128,64,30.9973
512,16,128,128,34.24
512,16,128,256,34.9337
512,16,128,512,41.664
512,16,128,1024,53.6
512,16,128,2048,79.3707
512,16,128,4096,112.811
512,16,128,8192,183.329
512,16,128,16384,326.54
512,32,0,0,25.3973
512,32,1,16,26.0373
512,32,1,32,25.8027
512,32,1,64,25.9947
512,32,1,128,25.8133
512,32,1,256,26.0167
512,32,1,512,25.9417
512,32,1,1024,25.056
512,32,1,2048,27.9787
512,32,1,4096,34.8697
512,32,1,8192,48.832
512,32,1,16384,76.224
512,32,2,16,26.699
512,32,2,32,26.6133
512,32,2,64,26.592
512,32,2,128,26.7307
512,32,2,256,26.7733
512,32,2,512,26.3463
512,32,2,1024,25.974
512,32,2,2048,28.3203
512,32,2,4096,35.4027
512,32,2,8192,49.216
512,32,2,16384,76.8223
512,32,4,16,26.2083
512,32,4,32,26.048
512,32,4,64,26.08
512,32,4,128,26.613
512,32,4,256,25.739
512,32,4,512,25.984
512,32,4,1024,25.664
512,32,4,2048,28.9923
512,32,4,4096,36.075
512,32,4,8192,50.1443
512,32,4,16384,75.83
512,32,8,16,26.4213
512,32,8,32,26.486
512,32,8,64,26.4643
512,32,8,128,26.3893
512,32,8,256,26.6457
512,32,8,512,25.9843
512,32,8,1024,26.0267
512,32,8,2048,29.2907
512,32,8,4096,36.1493
512,32,8,8192,48.3733
512,32,8,16384,79.0083
512,32,16,16,25.878
512,32,16,32,25.6537
512,32,16,64,26.1123
512,32,16,128,26.1333
512,32,16,256,26.0593
512,32,16,512,25.974
512,32,16,1024,27.1893
512,32,16,2048,29.7073
512,32,16,4096,35.5947
512,32,16,8192,51.5843
512,32,16,16384,83.318
512,32,32,16,26.2613
512,32,32,32,26.2613
512,32,32,64,26.699
512,32,32,128,26.7737
512,32,32,256,27.467
512,32,32,512,26.9867
512,32,32,1024,33.963
512,32,32,2048,32.32
512,32,32,4096,45.2583
512,32,32,8192,73.152
512,32,32,16384,108.192
512,32,64,16,26.3253
512,32,64,32,25.92
512,32,64,64,26.123
512,32,64,128,26.7633
512,32,64,256,27.8933
512,32,64,512,35.1467
512,32,64,1024,38.4747
512,32,64,2048,53.0133
512,32,64,4096,74.4647
512,32,64,8192,109.376
512,32,64,16384,179.564
512,32,128,16,30.8163
512,32,128,32,31.2427
512,32,128,64,31.51
512,32,128,128,34.134
512,32,128,256,35.115
512,32,128,512,41.643
512,32,128,1024,54.08
512,32,128,2048,80.139
512,32,128,4096,111.126
512,32,128,8192,184.908
512,32,128,16384,326.924
512,64,0,0,25.195
512,64,1,16,26.2087
512,64,1,32,26.08
512,64,1,64,25.7493
512,64,1,128,26.1767
512,64,1,256,25.899
512,64,1,512,25.7493
512,64,1,1024,25.376
512,64,1,2048,28.523
512,64,1,4096,35.072
512,64,1,8192,48.9707
512,64,1,16384,76.7793
512,64,2,16,26.4313
512,64,2,32,26.6987
512,64,2,64,26.6987
512,64,2,128,26.603
512,64,2,256,26.7307
512,64,2,512,26.5493
512,64,2,1024,25.952
512,64,2,2048,28.704
512,64,2,4096,35.8723
512,64,2,8192,49.4403
512,64,2,16384,77.2483
512,64,4,16,26.3257
512,64,4,32,26.197
512,64,4,64,25.8667
512,64,4,128,26.251
512,64,4,256,25.9943
512,64,4,512,26.1013
512,64,4,1024,26.0277
512,64,4,2048,29.0037
512,64,4,4096,35.9043
512,64,4,8192,49.622
512,64,4,16384,75.819
512,64,8,16,26.7523
512,64,8,32,26.176
512,64,8,64,26.592
512,64,8,128,26.923
512,64,8,256,26.603
512,64,8,512,25.8987
512,64,8,1024,26.432
512,64,8,2048,29.2803
512,64,8,4096,36.2777
512,64,8,8192,48.2037
512,64,8,16384,79.3387
512,64,16,16,26.144
512,64,16,32,26.304
512,64,16,64,26.2933
512,64,16,128,26.2293
512,64,16,256,26.411
512,64,16,512,25.9843
512,64,16,1024,27.0293
512,64,16,2048,29.792
512,64,16,4096,36
512,64,16,8192,51.5317
512,64,16,16384,85.1203
512,64,32,16,26.6023
512,64,32,32,26.2613
512,64,32,64,26.7307
512,64,32,128,27.0187
512,64,32,256,27.3813
512,64,32,512,27.147
512,64,32,1024,33.888
512,64,32,2048,32.5123
512,64,32,4096,44.5553
512,64,32,8192,73.846
512,64,32,16384,108.556
512,64,64,16,29.0453
512,64,64,32,29.9733
512,64,64,64,29.1093
512,64,64,128,27.392
512,64,64,256,28.0427
512,64,64,512,35.0937
512,64,64,1024,39.5307
512,64,64,2048,51.6483
512,64,64,4096,74.9337
512,64,64,8192,111.116
512,64,64,16384,180.758
512,64,128,16,30.7093
512,64,128,32,31.4667
512,64,128,64,31.4463
512,64,128,128,34.4963
512,64,128,256,34.944
512,64,128,512,41.4293
512,64,128,1024,55.8403
512,64,128,2048,79.6703
512,64,128,4096,112.128
512,64,128,8192,184.492
512,64,128,16384,329.9
512,128,0,0,26.24
512,128,1,16,26.1867
512,128,1,32,26.4537
512,128,1,64,26.166
512,128,1,128,26.3683
512,128,1,256,26.2937
512,128,1,512,26.1763
512,128,1,1024,25.355
512,128,1,2048,28.4267
512,128,1,4096,35.0613
512,128,1,8192,48.8103
512,128,1,16384,76.1607
512,128,2,16,27.445
512,128,2,32,27.8187
512,128,2,64,27.7867
512,128,2,128,28.1387
512,128,2,256,28.2027
512,128,2,512,27.5097
512,128,2,1024,26.6677
512,128,2,2048,28.651
512,128,2,4096,35.787
512,128,2,8192,49.6323
512,128,2,16384,77.3873
512,128,4,16,27.1257
512,128,4,32,27.328
512,128,4,64,27.317
512,128,4,128,27.3503
512,128,4,256,27.1573
512,128,4,512,26.9547
512,128,4,1024,25.8987
512,128,4,2048,29.3227
512,128,4,4096,36.2777
512,128,4,8192,50.1443
512,128,4,16384,75.1897
512,128,8,16,28.16
512,128,8,32,28.331
512,128,8,64,27.8293
512,128,8,128,28.373
512,128,8,256,28.331
512,128,8,512,27.7657
512,128,8,1024,26.9977
512,128,8,2048,29.1523
512,128,8,4096,36.0537
512,128,8,8192,48.16
512,128,8,16384,79.6697
512,128,16,16,26.9763
512,128,16,32,27.5203
512,128,16,64,26.9973
512,128,16,128,27.1253
512,128,16,256,27.4773
512,128,16,512,26.059
512,128,16,1024,28.0853
512,128,16,2048,29.6747
512,128,16,4096,35.2857
512,128,16,8192,51.158
512,128,16,16384,84.107
512,128,32,16,27.616
512,128,32,32,27.467
512,128,32,64,27.5523
512,128,32,128,27.488
512,128,32,256,27.9467
512,128,32,512,27.5097
512,128,32,1024,35.051
512,128,32,2048,32.1603
512,128,32,4096,44.1287
512,128,32,8192,74.443
512,128,32,16384,108.843
512,128,64,16,29.878
512,128,64,32,30.7523
512,128,64,64,29.739
512,128,64,128,27.1787
512,128,64,256,27.9147
512,128,64,512,35.5307
512,128,64,1024,39.531
512,128,64,2048,54.731
512,128,64,4096,74.881
512,128,64,8192,111.446
512,128,64,16384,181.281
512,128,128,16,31.1043
512,128,128,32,31.3387
512,128,128,64,32.1173
512,128,128,128,34.3787
512,128,128,256,34.987
512,128,128,512,43.1577
512,128,128,1024,54.9233
512,128,128,2048,81.0353
512,128,128,4096,114.624
512,128,128,8192,184.887
512,128,128,16384,329.815
512,256,0,0,27.3387
512,256,1,16,27.36
512,256,1,32,27.5947
512,256,1,64,27.8827
512,256,1,128,27.4133
512,256,1,256,27.36
512,256,1,512,27.4987
512,256,1,1024,26.2827
512,256,1,2048,28.4693
512,256,1,4096,35.7867
512,256,1,8192,48.715
512,256,1,16384,76.6297
512,256,2,16,28.8643
512,256,2,32,28.8327
512,256,2,64,28.5333
512,256,2,128,28.992
512,256,2,256,28.864
512,256,2,512,28.5657
512,256,2,1024,26.688
512,256,2,2048,28.9173
512,256,2,4096,35.499
512,256,2,8192,49.376
512,256,2,16384,77.6857
512,256,4,16,28.1917
512,256,4,32,28.3087
512,256,4,64,27.968
512,256,4,128,28.3517
512,256,4,256,28.1187
512,256,4,512,28.3733
512,256,4,1024,26.688
512,256,4,2048,29.28
512,256,4,4096,36.235
512,256,4,8192,50.144
512,256,4,16384,76.0327
512,256,8,16,28.7893
512,256,8,32,28.832
512,256,8,64,28.5547
512,256,8,128,28.299
512,256,8,256,28.3197
512,256,8,512,28.0537
512,256,8,1024,28.4587
512,256,8,2048,29.2907
512,256,8,4096,36.2453
512,256,8,8192,48.064
512,256,8,16384,78.934
512,256,16,16,28.1603
512,256,16,32,28.3317
512,256,16,64,28.3843
512,256,16,128,28.3843
512,256,16,256,27.8827
512,256,16,512,27.4987
512,256,16,1024,28.0857
512,256,16,2048,29.92
512,256,16,4096,35.3287
512,256,16,8192,51.4137
512,256,16,16384,83.8943
512,256,32,16,28.5333
512,256,32,32,28.608
512,256,32,64,28.8423
512,256,32,128,28.0537
512,256,32,256,28.0427
512,256,32,512,28.1277
512,256,32,1024,35.541
512,256,32,2048,31.9037
512,256,32,4096,44.8753
512,256,32,8192,75.798
512,256,32,16384,110.091
512,256,64,16,27.776
512,256,64,32,27.776
512,256,64,64,27.776
512,256,64,128,27.3173
512,256,64,256,27.968
512,256,64,512,31.1147
512,256,64,1024,39.3067
512,256,64,2048,55.3283
512,256,64,4096,77.579
512,256,64,8192,112.076
512,256,64,16384,183.03
512,256,128,16,31.4777
512,256,128,32,31.3283
512,256,128,64,31.9897
512,256,128,128,34.005
512,256,128,256,38.0267
512,256,128,512,43.99
512,256,128,1024,59.7027
512,256,128,2048,82.8377
512,256,128,4096,113.515
512,256,128,8192,186.038
512,256,128,16384,329.59
512,512,0,0,27.936
512,512,1,16,28.448
512,512,1,32,28.416
512,512,1,64,28.1387
512,512,1,128,28.0747
512,512,1,256,28.086
512,512,1,512,28.288
512,512,1,1024,27.9147
512,512,1,2048,28.864
512,512,1,4096,35.6057
512,512,1,8192,49.75
512,512,1,16384,76.523
512,512,2,16,29.1417
512,512,2,32,28.9067
512,512,2,64,29.227
512,512,2,128,29.3227
512,512,2,256,29.3867
512,512,2,512,29.1957
512,512,2,1024,29.7283
512,512,2,2048,29.195
512,512,2,4096,35.829
512,512,2,8192,49.643
512,512,2,16384,77.2697
512,512,4,16,28.8853
512,512,4,32,28.4697
512,512,4,64,28.5657
512,512,4,128,28.842
512,512,4,256,28.736
512,512,4,512,28.9923
512,512,4,1024,28.4907
512,512,4,2048,29.867
512,512,4,4096,36.427
512,512,4,8192,50.0483
512,512,4,16384,78.9767
512,512,8,16,29.824
512,512,8,32,29.8027
512,512,8,64,29.8667
512,512,8,128,29.7067
512,512,8,256,29.739
512,512,8,512,29.8883
512,512,8,1024,29.9733
512,512,8,2048,29.4933
512,512,8,4096,36.5653
512,512,8,8192,51.7443
512,512,8,16384,78.934
512,512,16,16,28.587
512,512,16,32,28.7893
512,512,16,64,28.7573
512,512,16,128,29.1307
512,512,16,256,29.4937
512,512,16,512,29.067
512,512,16,1024,29.227
512,512,16,2048,29.632
512,512,16,4096,38.7093
512,512,16,8192,52.416
512,512,16,16384,85.8243
512,512,32,16,28.9817
512,512,32,32,28.747
512,512,32,64,28.865
512,512,32,128,28.9073
512,512,32,256,28.992
512,512,32,512,29.2587
512,512,32,1024,29.643
512,512,32,2048,43.36
512,512,32,4096,43.6163
512,512,32,8192,77.3867
512,512,32,16384,113.141
512,512,64,16,30.4
512,512,64,32,30.656
512,512,64,64,30.8267
512,512,64,128,29.398
512,512,64,256,29.3227
512,512,64,512,30.3467
512,512,64,1024,42.5603
512,512,64,2048,56.587
512,512,64,4096,80.2777
512,512,64,8192,114.699
512,512,64,16384,184.31
512,512,128,16,30.3257
512,512,128,32,30.8377
512,512,128,64,30.72
512,512,128,128,35.296
512,512,128,256,37.995
512,512,128,512,44.715
512,512,128,1024,61.1633
512,512,128,2048,84.3313
512,512,128,4096,117.344
512,512,128,8192,189.024
512,512,128,16384,332.439
512,1024,0,0,30.6987
512,1024,1,16,30.6027
512,1024,1,32,30.7413
512,1024,1,64,30.5603
512,1024,1,128,30.6667
512,1024,1,256,30.9547
512,1024,1,512,30.6347
512,1024,1,1024,30.784
512,1024,1,2048,29.2693
512,1024,1,4096,36.171
512,1024,1,8192,50.4213
512,1024,1,16384,77.867
512,1024,2,16,31.787
512,1024,2,32,31.7227
512,1024,2,64,31.9683
512,1024,2,128,31.648
512,1024,2,256,32.0747
512,1024,2,512,31.9253
512,1024,2,1024,31.9893
512,1024,2,2048,30.2293
512,1024,2,4096,36.3947
512,1024,2,8192,50.9977
512,1024,2,16384,78.038
512,1024,4,16,31.3173
512,1024,4,32,31.36
512,1024,4,64,31.4883
512,1024,4,128,31.5093
512,1024,4,256,31.4133
512,1024,4,512,31.318
512,1024,4,1024,31.2963
512,1024,4,2048,29.5577
512,1024,4,4096,37.024
512,1024,4,8192,50.6993
512,1024,4,16384,79.222
512,1024,8,16,31.7657
512,1024,8,32,31.9897
512,1024,8,64,32.0323
512,1024,8,128,31.5523
512,1024,8,256,31.5843
512,1024,8,512,31.4887
512,1024,8,1024,31.6693
512,1024,8,2048,30.2083
512,1024,8,4096,36.5013
512,1024,8,8192,51.702
512,1024,8,16384,79.3283
512,1024,16,16,31.808
512,1024,16,32,31.5523
512,1024,16,64,31.8293
512,1024,16,128,31.4667
512,1024,16,256,31.574
512,1024,16,512,31.574
512,1024,16,1024,30.208
512,1024,16,2048,33.1203
512,1024,16,4096,37.771
512,1024,16,8192,51.84
512,1024,16,16384,85.7393
512,1024,32,16,31.83
512,1024,32,32,31.7227
512,1024,32,64,31.6693
512,1024,32,128,31.6803
512,1024,32,256,32.054
512,1024,32,512,30.731
512,1024,32,1024,33.067
512,1024,32,2048,46.774
512,1024,32,4096,43.648
512,1024,32,8192,83.3817
512,1024,32,16384,118.39
512,1024,64,16,30.2617
512,1024,64,32,29.9733
512,1024,64,64,30.315
512,1024,64,128,33.9947
512,1024,64,256,37.1737
512,1024,64,512,32.928
512,1024,64,1024,45.7813
512,1024,64,2048,59.6913
512,1024,64,4096,85.6967
512,1024,64,8192,119.99
512,1024,64,16384,190.508
512,1024,128,16,36.7467
512,1024,128,32,36.7043
512,1024,128,64,36.8217
512,1024,128,128,34.2187
512,1024,128,256,36.875
512,1024,128,512,46.229
512,1024,128,1024,63.3713
512,1024,128,2048,89.5687
512,1024,128,4096,123.179
512,1024,128,8192,193.537
512,1024,128,16384,338.092
512,2048,0,0,33.8777
512,2048,1,16,33.9843
512,2048,1,32,34.123
512,2048,1,64,34.1753
512,2048,1,128,34.1227
512,2048,1,256,34.304
512,2048,1,512,34.0697
512,2048,1,1024,34.3043
512,2048,1,2048,32.4693
512,2048,1,4096,36.299
512,2048,1,8192,50.422
512,2048,1,16384,78.571
512,2048,2,16,34.976
512,2048,2,32,34.987
512,2048,2,64,35.1473
512,2048,2,128,34.7743
512,2048,2,256,34.8903
512,2048,2,512,34.774
512,2048,2,1024,35.04
512,2048,2,2048,40.204
512,2048,2,4096,46.5387
512,2048,2,8192,50.8803
512,2048,2,16384,79.2323
512,2048,4,16,34.6777
512,2048,4,32,34.6667
512,2048,4,64,34.646
512,2048,4,128,34.5923
512,2048,4,256,34.433
512,2048,4,512,34.6773
512,2048,4,1024,38.475
512,2048,4,2048,41.0667
512,2048,4,4096,37.0667
512,2048,4,8192,51.3813
512,2048,4,16384,80.6293
512,2048,8,16,34.7307
512,2048,8,32,34.923
512,2048,8,64,34.891
512,2048,8,128,34.1227
512,2048,8,256,35.8407
512,2048,8,512,39.243
512,2048,8,1024,40.2243
512,2048,8,2048,36.8213
512,2048,8,4096,37.1947
512,2048,8,8192,51.488
512,2048,8,16384,83.456
512,2048,16,16,32.9923
512,2048,16,32,33.3333
512,2048,16,64,32.9817
512,2048,16,128,34.3893
512,2048,16,256,37.088
512,2048,16,512,40.2347
512,2048,16,1024,36.3417
512,2048,16,2048,45.814
512,2048,16,4096,41.088
512,2048,16,8192,54.678
512,2048,16,16384,85.4727
512,2048,32,16,34.3573
512,2048,32,32,34.4107
512,2048,32,64,35.339
512,2048,32,128,37.2163
512,2048,32,256,36.3627
512,2048,32,512,36.5973
512,2048,32,1024,42.603
512,2048,32,2048,41.2587
512,2048,32,4096,66.848
512,2048,32,8192,68.9387
512,2048,32,16384,130.465
512,2048,64,16,38.2297
512,2048,64,32,38.1443
512,2048,64,64,38.454
512,2048,64,128,36.16
512,2048,64,256,36.0437
512,2048,64,512,43.99
512,2048,64,1024,41.1417
512,2048,64,2048,62.656
512,2048,64,4096,94.7207
512,2048,64,8192,130.955
512,2048,64,16384,202.369
512,2048,128,16,40.907
512,2048,128,32,40.6833
512,2048,128,64,41.4403
512,2048,128,128,42.752
512,2048,128,256,44.555
512,2048,128,512,46.912
512,2048,128,1024,65.0243
512,2048,128,2048,98.464
512,2048,128,4096,134.283
512,2048,128,8192,205.708
512,2048,128,16384,349.357
512,4096,0,0,41.4837
512,4096,1,16,41.696
512,4096,1,32,41.7173
512,4096,1,64,41.7177
512,4096,1,128,41.7173
512,4096,1,256,41.4613
512,4096,1,512,41.5363
512,4096,1,1024,41.419
512,4096,1,2048,41.536
512,4096,1,4096,41.974
512,4096,1,8192,51.424
512,4096,1,16384,80.1177
512,4096,2,16,42.347
512,4096,2,32,42.1767
512,4096,2,64,42.2723
512,4096,2,128,42.272
512,4096,2,256,42.048
512,4096,2,512,42.1873
512,4096,2,1024,42.1553
512,4096,2,2048,42.2403
512,4096,2,4096,57.3763
512,4096,2,8192,69.0567
512,4096,2,16384,79.9573
512,4096,4,16,41.814
512,4096,4,32,42.2293
512,4096,4,64,42.0053
512,4096,4,128,42.0593
512,4096,4,256,42.123
512,4096,4,512,41.9417
512,4096,4,1024,41.8773
512,4096,4,2048,53.622
512,4096,4,4096,57.707
512,4096,4,8192,52.011
512,4096,4,16384,82.6133
512,4096,8,16,42.0807
512,4096,8,32,42.1653
512,4096,8,64,42.016
512,4096,8,128,42.1123
512,4096,8,256,42.3257
512,4096,8,512,42.763
512,4096,8,1024,53.708
512,4096,8,2048,54.7307
512,4096,8,4096,46.4437
512,4096,8,8192,52.63
512,4096,8,16384,83.5843
512,4096,16,16,40.203
512,4096,16,32,40.2987
512,4096,16,64,40.0113
512,4096,16,128,40.4373
512,4096,16,256,42.816
512,4096,16,512,46.347
512,4096,16,1024,54.4963
512,4096,16,2048,46.123
512,4096,16,4096,67.3603
512,4096,16,8192,57.0137
512,4096,16,16384,88.9923
512,4096,32,16,40.8857
512,4096,32,32,40.9497
512,4096,32,64,40.992
512,4096,32,128,43.6803
512,4096,32,256,45.6433
512,4096,32,512,50.3893
512,4096,32,1024,46.816
512,4096,32,2048,58.9017
512,4096,32,4096,58.2623
512,4096,32,8192,105.707
512,4096,32,16384,112.864
512,4096,64,16,45.4933
512,4096,64,32,45.3333
512,4096,64,64,45.419
512,4096,64,128,47.3493
512,4096,64,256,46.1973
512,4096,64,512,45.568
512,4096,64,1024,60.3627
512,4096,64,2048,58.0373
512,4096,64,4096,96.8433
512,4096,64,8192,155.19
512,4096,64,16384,229.154
512,4096,128,16,47.2107
512,4096,128,32,46.891
512,4096,128,64,47.36
512,4096,128,128,50.0593
512,4096,128,256,53.8243
512,4096,128,512,61.045
512,4096,128,1024,66.0597
512,4096,128,2048,98.2397
512,4096,128,4096,159.916
512,4096,128,8192,231.362
512,4096,128,16384,377.73
512,8192,0,0,56.032
512,8192,1,16,56.2773
512,8192,1,32,55.734
512,8192,1,64,55.659
512,8192,1,128,56.299
512,8192,1,256,56.011
512,8192,1,512,56.1487
512,8192,1,1024,55.9263
512,8192,1,2048,56.075
512,8192,1,4096,56.097
512,8192,1,8192,56.1603
512,8192,1,16384,81.3123
512,8192,2,16,56.5657
512,8192,2,32,56.662
512,8192,2,64,56.929
512,8192,2,128,56.7477
512,8192,2,256,56.736
512,8192,2,512,56.8213
512,8192,2,1024,56.9073
512,8192,2,2048,57.1733
512,8192,2,4096,57.0567
512,8192,2,8192,83.8613
512,8192,2,16384,112.278
512,8192,4,16,56.662
512,8192,4,32,56.4267
512,8192,4,64,57.1843
512,8192,4,128,56.854
512,8192,4,256,56.971
512,8192,4,512,56.779
512,8192,4,1024,57.1093
512,8192,4,2048,56.907
512,8192,4,4096,84.2457
512,8192,4,8192,85.931
512,8192,4,16384,84.779
512,8192,8,16,56.8107
512,8192,8,32,56.4487
512,8192,8,64,57.014
512,8192,8,128,57.28
512,8192,8,256,57.0137
512,8192,8,512,57.1417
512,8192,8,1024,57.984
512,8192,8,2048,84.363
512,8192,8,4096,86.1127
512,8192,8,8192,69.024
512,8192,8,16384,86.2513
512,8192,16,16,56.9817
512,8192,16,32,57.0883
512,8192,16,64,57.2057
512,8192,16,128,57.451
512,8192,16,256,54.9657
512,8192,16,512,61.0137
512,8192,16,1024,70.4
512,8192,16,2048,85.281
512,8192,16,4096,69.366
512,8192,16,8192,109.142
512,8192,16,16384,93.2377
512,8192,32,16,55.286
512,8192,32,32,54.955
512,8192,32,64,55.392
512,8192,32,128,57.1847
512,8192,32,256,60.5443
512,8192,32,512,64.897
512,8192,32,1024,74.7097
512,8192,32,2048,69.025
512,8192,32,4096,92.5333
512,8192,32,8192,93.302
512,8192,32,16384,173.579
512,8192,64,16,60.9183
512,8192,64,32,60.4477
512,8192,64,64,60.843
512,8192,64,128,63.1683
512,8192,64,256,65.0567
512,8192,64,512,68.6617
512,8192,64,1024,69.0027
512,8192,64,2048,93.1413
512,8192,64,4096,94.1977
512,8192,64,8192,155.243
512,8192,64,16384,269.068
512,8192,128,16,62.336
512,8192,128,32,62.5923
512,8192,128,64,62.5503
512,8192,128,128,64.128
512,8192,128,256,67.0507
512,8192,128,512,74.2723
512,8192,128,1024,90.262
512,8192,128,2048,99.638
512,8192,128,4096,158.358
512,8192,128,8192,273.399
512,8192,128,16384,419.917
512,16384,0,0,87.3923
512,16384,1,16,87.2327
512,16384,1,32,87.723
512,16384,1,64,88.4057
512,16384,1,128,88.1717
512,16384,1,256,87.8507
512,16384,1,512,88.0537
512,16384,1,1024,87.3393
512,16384,1,2048,87.3397
512,16384,1,4096,87.7547
512,16384,1,8192,87.2533
512,16384,1,16384,88.2567
512,16384,2,16,88.566
512,16384,2,32,88.0217
512,16384,2,64,88.438
512,16384,2,128,88.6407
512,16384,2,256,88.7583
512,16384,2,512,89.4723
512,16384,2,1024,89.025
512,16384,2,2048,89.3127
512,16384,2,4096,89.1733
512,16384,2,8192,88.96
512,16384,2,16384,142.251
512,16384,4,16,89.035
512,16384,4,32,88.214
512,16384,4,64,88.523
512,16384,4,128,88.6833
512,16384,4,256,88.747
512,16384,4,512,88.6403
512,16384,4,1024,88.5763
512,16384,4,2048,88.8007
512,16384,4,4096,89.0033
512,16384,4,8192,142.326
512,16384,4,16384,144.108
512,16384,8,16,88.1173
512,16384,8,32,89.1527
512,16384,8,64,88.0433
512,16384,8,128,88.1283
512,16384,8,256,88.523
512,16384,8,512,88.9923
512,16384,8,1024,88.4807
512,16384,8,2048,89.4827
512,16384,8,4096,142.092
512,16384,8,8192,143.542
512,16384,8,16384,109.195
512,16384,16,16,88.4057
512,16384,16,32,88.0957
512,16384,16,64,88.491
512,16384,16,128,89.0883
512,16384,16,256,88.8537
512,16384,16,512,89.302
512,16384,16,1024,100.267
512,16384,16,2048,115.265
512,16384,16,4096,143.894
512,16384,16,8192,112.043
512,16384,16,16384,185.366
512,16384,32,16,88.214
512,16384,32,32,88.8003
512,16384,32,64,88.8967
512,16384,32,128,88.6187
512,16384,32,256,88.5233
512,16384,32,512,94.8803
512,16384,32,1024,102.4
512,16384,32,2048,118.016
512,16384,32,4096,111.499
512,16384,32,8192,151.596
512,16384,32,16384,151.286
512,16384,64,16,87.851
512,16384,64,32,87.6913
512,16384,64,64,87.755
512,16384,64,128,93.078
512,16384,64,256,95.574
512,16384,64,512,100.352
512,16384,64,1024,108.31
512,16384,64,2048,111.137
512,16384,64,4096,151.596
512,16384,64,8192,152.022
512,16384,64,16384,268.769
512,16384,128,16,94.7737
512,16384,128,32,94.3367
512,16384,128,64,94.6883
512,16384,128,128,96.1927
512,16384,128,256,98.5923
512,16384,128,512,103.147
512,16384,128,1024,112.929
512,16384,128,2048,143.691
512,16384,128,4096,158.86
512,16384,128,8192,271.959
512,16384,128,16384,505.293
1024,0,0,0,32.385
1024,0,1,16,33.2267
1024,0,1,32,33.3977
1024,0,1,64,33.312
1024,0,1,128,33.3653
1024,0,1,256,33.248
1024,0,1,512,32.1707
1024,0,1,1024,31.691
1024,0,1,2048,38.784
1024,0,1,4096,52.6513
1024,0,1,8192,80.278
1024,0,1,16384,135.659
1024,0,2,16,33.099
1024,0,2,32,33.0247
1024,0,2,64,33.0667
1024,0,2,128,32.864
1024,0,2,256,32.9073
1024,0,2,512,32.6187
1024,0,2,1024,32.4483
1024,0,2,2048,39.2213
1024,0,2,4096,53.3547
1024,0,2,8192,81.387
1024,0,2,16384,136.716
1024,0,4,16,34.3897
1024,0,4,32,33.7387
1024,0,4,64,33.8027
1024,0,4,128,34.5493
1024,0,4,256,34.1763
1024,0,4,512,33.0027
1024,0,4,1024,33.099
1024,0,4,2048,40.427
1024,0,4,4096,54.7627
1024,0,4,8192,82.9333
1024,0,4,16384,132.875
1024,0,8,16,33.6217
1024,0,8,32,33.2053
1024,0,8,64,33.8987
1024,0,8,128,33.2057
1024,0,8,256,33.6427
1024,0,8,512,33.376
1024,0,8,1024,40.096
1024,0,8,2048,46.806
1024,0,8,4096,61.5043
1024,0,8,8192,78.4963
1024,0,8,16384,135.158
1024,0,16,16,32.9923
1024,0,16,32,33.4717
1024,0,16,64,33.1093
1024,0,16,128,34.8697
1024,0,16,256,36.512
1024,0,16,512,39.8933
1024,0,16,1024,40.2137
1024,0,16,2048,47.1257
1024,0,16,4096,50.2613
1024,0,16,8192,81.1733
1024,0,16,16384,138.784
1024,0,32,16,33.749
1024,0,32,32,33.8773
1024,0,32,64,33.7067
1024,0,32,128,35.061
1024,0,32,256,36.8643
1024,0,32,512,40.32
1024,0,32,1024,42.7627
1024,0,32,2048,37.6747
1024,0,32,4096,54.262
1024,0,32,8192,86.5493
1024,0,32,16384,142.924
1024,0,64,16,35.5633
1024,0,64,32,35.2537
1024,0,64,64,35.2323
1024,0,64,128,37.035
1024,0,64,256,38.475
1024,0,64,512,42.2083
1024,0,64,1024,38.326
1024,0,64,2048,60.1177
1024,0,64,4096,82.347
1024,0,64,8192,117.344
1024,0,64,16384,187.212
1024,0,128,16,39.5313
1024,0,128,32,39.446
1024,0,128,64,39.7973
1024,0,128,128,41.6323
1024,0,128,256,35.9467
1024,0,128,512,44.854
1024,0,128,1024,61.1203
1024,0,128,2048,85.6643
1024,0,128,4096,118.528
1024,0,128,8192,188.876
1024,0,128,16384,331.948
1024,16,0,0,33.5787
1024,16,1,16,33.3547
1024,16,1,32,33.5683
1024,16,1,64,33.9203
1024,16,1,128,33.3763
1024,16,1,256,33.3657
1024,16,1,512,33.654
1024,16,1,1024,33.259
1024,16,1,2048,38.5923
1024,16,1,4096,52.5553
1024,16,1,8192,80.363
1024,16,1,16384,136.15
1024,16,2,16,33.3553
1024,16,2,32,33.6857
1024,16,2,64,33.3867
1024,16,2,128,33.259
1024,16,2,256,33.3013
1024,16,2,512,33.8883
1024,16,2,1024,33.344
1024,16,2,2048,39.0613
1024,16,2,4096,53.0457
1024,16,2,8192,80.8537
1024,16,2,16384,136.235
1024,16,4,16,34.0587
1024,16,4,32,34.1657
1024,16,4,64,34.272
1024,16,4,128,33.9947
1024,16,4,256,33.8783
1024,16,4,512,34.3467
1024,16,4,1024,33.5683
1024,16,4,2048,40.352
1024,16,4,4096,54.5497
1024,16,4,8192,82.4217
1024,16,4,16384,132.63
1024,16,8,16,33.9097
1024,16,8,32,34.368
1024,16,8,64,33.9843
1024,16,8,128,34.3903
1024,16,8,256,33.8453
1024,16,8,512,33.6533
1024,16,8,1024,39.8937
1024,16,8,2048,47.1047
1024,16,8,4096,61.568
1024,16,8,8192,78.102
1024,16,8,16384,134.07
1024,16,16,16,33.2907
1024,16,16,32,33.4827
1024,16,16,64,33.259
1024,16,16,128,34.9873
1024,16,16,256,36.47
1024,16,16,512,40.117
1024,16,16,1024,40.48
1024,16,16,2048,46.8907
1024,16,16,4096,50.2933
1024,16,16,8192,80.7897
1024,16,16,16384,137.484
1024,16,32,16,33.4187
1024,16,32,32,34.272
1024,16,32,64,34.0693
1024,16,32,128,35.1893
1024,16,32,256,36.5223
1024,16,32,512,40.4053
1024,16,32,1024,42.891
1024,16,32,2048,37.5253
1024,16,32,4096,54.4853
1024,16,32,8192,86.9017
1024,16,32,16384,143.905
1024,16,64,16,35.2327
1024,16,64,32,35.6267
1024,16,64,64,35.0083
1024,16,64,128,37.163
1024,16,64,256,38.5493
1024,16,64,512,42.251
1024,16,64,1024,38.1973
1024,16,64,2048,60.2993
1024,16,64,4096,83.606
1024,16,64,8192,117.249
1024,16,64,16384,187.617
1024,16,128,16,39.552
1024,16,128,32,39.7763
1024,16,128,64,40.1817
1024,16,128,128,41.547
1024,16,128,256,43.7657
1024,16,128,512,44.6187
1024,16,128,1024,60.5333
1024,16,128,2048,85.3657
1024,16,128,4096,119.041
1024,16,128,8192,186.806
1024,16,128,16384,332.407
1024,32,0,0,32.448
1024,32,1,16,33.568
1024,32,1,32,33.4513
1024,32,1,64,33.4613
1024,32,1,128,33.8243
1024,32,1,256,33.611
1024,32,1,512,34.0367
1024,32,1,1024,33.8993
1024,32,1,2048,38.6457
1024,32,1,4096,52.5657
1024,32,1,8192,80.129
1024,32,1,16384,135.681
1024,32,2,16,33.4507
1024,32,2,32,33.525
1024,32,2,64,33.7177
1024,32,2,128,33.8987
1024,32,2,256,33.589
1024,32,2,512,33.5253
1024,32,2,1024,33.8563
1024,32,2,2048,39.0403
1024,32,2,4096,53.1943
1024,32,2,8192,80.7573
1024,32,2,16384,136.363
1024,32,4,16,34.336
1024,32,4,32,34.24
1024,32,4,64,34.144
1024,32,4,128,34.517
1024,32,4,256,33.8247
1024,32,4,512,34.592
1024,32,4,1024,33.568
1024,32,4,2048,40.4483
1024,32,4,4096,54.8377
1024,32,4,8192,82.5073
1024,32,4,16384,132.075
1024,32,8,16,34.4753
1024,32,8,32,33.6533
1024,32,8,64,34.1767
1024,32,8,128,33.7177
1024,32,8,256,33.7817
1024,32,8,512,33.6107
1024,32,8,1024,40.096
1024,32,8,2048,46.848
1024,32,8,4096,61.76
1024,32,8,8192,78.7307
1024,32,8,16384,133.547
1024,32,16,16,33.141
1024,32,16,32,33.259
1024,32,16,64,33.3447
1024,32,16,128,35.0297
1024,32,16,256,36.309
1024,32,16,512,40.235
1024,32,16,1024,39.8943
1024,32,16,2048,47.1787
1024,32,16,4096,50.0373
1024,32,16,8192,81.1093
1024,32,16,16384,137.387
1024,32,32,16,33.5363
1024,32,32,32,33.8347
1024,32,32,64,33.7923
1024,32,32,128,35.424
1024,32,32,256,37.323
1024,32,32,512,40.3737
1024,32,32,1024,42.7527
1024,32,32,2048,37.761
1024,32,32,4096,54.2937
1024,32,32,8192,87.019
1024,32,32,16384,144.641
1024,32,64,16,35.3067
1024,32,64,32,35.7547
1024,32,64,64,35.3603
1024,32,64,128,37.0453
1024,32,64,256,38.7733
1024,32,64,512,42.3893
1024,32,64,1024,38.3253
1024,32,64,2048,59.211
1024,32,64,4096,83.424
1024,32,64,8192,116.789
1024,32,64,16384,188.182
1024,32,128,16,39.638
1024,32,128,32,40.267
1024,32,128,64,39.7547
1024,32,128,128,41.3333
1024,32,128,256,44.1603
1024,32,128,512,44.2457
1024,32,128,1024,60.8327
1024,32,128,2048,85.9947
1024,32,128,4096,118.753
1024,32,128,8192,189.141
1024,32,128,16384,330.839
1024,64,0,0,32.8323
1024,64,1,16,33.6533
1024,64,1,32,33.557
1024,64,1,64,33.5897
1024,64,1,128,33.462
1024,64,1,256,33.5043
1024,64,1,512,33.8137
1024,64,1,1024,33.7707
1024,64,1,2048,38.731
1024,64,1,4096,52.704
1024,64,1,8192,80.3637
1024,64,1,16384,136.043
1024,64,2,16,33.3757
1024,64,2,32,33.718
1024,64,2,64,33.451
1024,64,2,128,33.4083
1024,64,2,256,33.5683
1024,64,2,512,33.8773
1024,64,2,1024,33.7707
1024,64,2,2048,39.147
1024,64,2,4096,53.1523
1024,64,2,8192,81.3763
1024,64,2,16384,136.299
1024,64,4,16,33.984
1024,64,4,32,34.1333
1024,64,4,64,34.0163
1024,64,4,128,34.2397
1024,64,4,256,33.9627
1024,64,4,512,34.048
1024,64,4,1024,34.4647
1024,64,4,2048,41.376
1024,64,4,4096,55.5627
1024,64,4,8192,83.6273
1024,64,4,16384,132.79
1024,64,8,16,34.069
1024,64,8,32,34.0487
1024,64,8,64,34.3893
1024,64,8,128,34.4
1024,64,8,256,34.1227
1024,64,8,512,34.7307
1024,64,8,1024,40.064
1024,64,8,2048,47.3503
1024,64,8,4096,61.803
1024,64,8,8192,78.0697
1024,64,8,16384,134.593
1024,64,16,16,33.7493
1024,64,16,32,33.5037
1024,64,16,64,33.3767
1024,64,16,128,35.0507
1024,64,16,256,36.5863
1024,64,16,512,40
1024,64,16,1024,40.0747
1024,64,16,2048,47.2643
1024,64,16,4096,50.336
1024,64,16,8192,81.302
1024,64,16,16384,137.526
1024,64,32,16,33.6213
1024,64,32,32,33.6747
1024,64,32,64,33.696
1024,64,32,128,34.923
1024,64,32,256,36.7787
1024,64,32,512,40.3093
1024,64,32,1024,43.0723
1024,64,32,2048,37.3977
1024,64,32,4096,54.443
1024,64,32,8192,86.827
1024,64,32,16384,144.619
1024,64,64,16,35.5203
1024,64,64,32,35.5093
1024,64,64,64,36.2347
1024,64,64,128,36.8213
1024,64,64,256,39.0937
1024,64,64,512,42.2827
1024,64,64,1024,38.2827
1024,64,64,2048,60.117
1024,64,64,4096,84.1927
1024,64,64,8192,117.772
1024,64,64,16384,188.822
1024,64,128,16,40
1024,64,128,32,39.7863
1024,64,128,64,40.288
1024,64,128,128,41.9843
1024,64,128,256,43.6377
1024,64,128,512,44.3203
1024,64,128,1024,60.2353
1024,64,128,2048,86.475
1024,64,128,4096,118.828
1024,64,128,8192,189.281
1024,64,128,16384,332.524
1024,128,0,0,32.8107
1024,128,1,16,34.038
1024,128,1,32,33.707
1024,128,1,64,33.931
1024,128,1,128,33.8457
1024,128,1,256,34.1657
1024,128,1,512,33.7297
1024,128,1,1024,34.1973
1024,128,1,2048,39.0727
1024,128,1,4096,53.1413
1024,128,1,8192,80.9067
1024,128,1,16384,136.491
1024,128,2,16,33.739
1024,128,2,32,33.9733
1024,128,2,64,33.6963
1024,128,2,128,33.7933
1024,128,2,256,34.0057
1024,128,2,512,33.7383
1024,128,2,1024,33.5787
1024,128,2,2048,39.6163
1024,128,2,4096,53.8667
1024,128,2,8192,81.3657
1024,128,2,16384,136.662
1024,128,4,16,34.464
1024,128,4,32,34.4003
1024,128,4,64,34.166
1024,128,4,128,34.5713
1024,128,4,256,34.1013
1024,128,4,512,34.72
1024,128,4,1024,40.363
1024,128,4,2048,47.4137
1024,128,4,4096,61.622
1024,128,4,8192,88.8433
1024,128,4,16384,132.641
1024,128,8,16,33.6003
1024,128,8,32,33.6857
1024,128,8,64,33.6963
1024,128,8,128,34.955
1024,128,8,256,37.0883
1024,128,8,512,40.15
1024,128,8,1024,40.5653
1024,128,8,2048,47.0083
1024,128,8,4096,62.016
1024,128,8,8192,78.6677
1024,128,8,16384,135.51
1024,128,16,16,33.3863
1024,128,16,32,33.803
1024,128,16,64,34.0483
1024,128,16,128,35.1787
1024,128,16,256,36.9497
1024,128,16,512,40.0857
1024,128,16,1024,41.8457
1024,128,16,2048,49.227
1024,128,16,4096,49.995
1024,128,16,8192,81.8777
1024,128,16,16384,136.78
1024,128,32,16,33.4187
1024,128,32,32,33.6
1024,128,32,64,33.7813
1024,128,32,128,36.1603
1024,128,32,256,38.048
1024,128,32,512,42.3363
1024,128,32,1024,43.947
1024,128,32,2048,37.7387
1024,128,32,4096,53.8457
1024,128,32,8192,87.403
1024,128,32,16384,143.318
1024,128,64,16,35.488
1024,128,64,32,35.776
1024,128,64,64,35.4667
1024,128,64,128,37.2583
1024,128,64,256,40.0433
1024,128,64,512,44.4053
1024,128,64,1024,38.4537
1024,128,64,2048,61.1627
1024,128,64,4096,86.0697
1024,128,64,8192,118.219
1024,128,64,16384,189.185
1024,128,128,16,40.3307
1024,128,128,32,40.107
1024,128,128,64,40.2137
1024,128,128,128,41.9737
1024,128,128,256,44.064
1024,128,128,512,44.587
1024,128,128,1024,62.262
1024,128,128,2048,86.1547
1024,128,128,4096,121.099
1024,128,128,8192,190.433
1024,128,128,16384,334.466
1024,256,0,0,34.1553
1024,256,1,16,34.6773
1024,256,1,32,34.7733
1024,256,1,64,34.9653
1024,256,1,128,34.7313
1024,256,1,256,34.6563
1024,256,1,512,34.411
1024,256,1,1024,34.6243
1024,256,1,2048,38.752
1024,256,1,4096,53.3547
1024,256,1,8192,81.1103
1024,256,1,16384,135.98
1024,256,2,16,34.8487
1024,256,2,32,34.827
1024,256,2,64,34.9227
1024,256,2,128,34.5283
1024,256,2,256,34.912
1024,256,2,512,35.019
1024,256,2,1024,34.6137
1024,256,2,2048,39.7227
1024,256,2,4096,54.1443
1024,256,2,8192,81.8137
1024,256,2,16384,137.569
1024,256,4,16,35.9677
1024,256,4,32,35.862
1024,256,4,64,35.8293
1024,256,4,128,36
1024,256,4,256,35.9257
1024,256,4,512,36.022
1024,256,4,1024,40.7253
1024,256,4,2048,47.5307
1024,256,4,4096,62.1973
1024,256,4,8192,90.1013
1024,256,4,16384,132.865
1024,256,8,16,34.454
1024,256,8,32,34.486
1024,256,8,64,34.1123
1024,256,8,128,35.552
1024,256,8,256,37.0243
1024,256,8,512,40.5227
1024,256,8,1024,41.7493
1024,256,8,2048,49.462
1024,256,8,4096,63.6587
1024,256,8,8192,78.923
1024,256,8,16384,135.34
1024,256,16,16,34.432
1024,256,16,32,34.3683
1024,256,16,64,34.0803
1024,256,16,128,36.544
1024,256,16,256,38.219
1024,256,16,512,42.1013
1024,256,16,1024,41.984
1024,256,16,2048,49.7283
1024,256,16,4096,50.454
1024,256,16,8192,81.472
1024,256,16,16384,138.443
1024,256,32,16,34.7737
1024,256,32,32,35.5947
1024,256,32,64,36.0427
1024,256,32,128,37.3757
1024,256,32,256,39.307
1024,256,32,512,42.3253
1024,256,32,1024,43.7547
1024,256,32,2048,38.3787
1024,256,32,4096,54.8693
1024,256,32,8192,88.2567
1024,256,32,16384,144.715
1024,256,64,16,36.9707
1024,256,64,32,36.96
1024,256,64,64,36.704
1024,256,64,128,38.6347
1024,256,64,256,39.9573
1024,256,64,512,44.374
1024,256,64,1024,38.432
1024,256,64,2048,60.928
1024,256,64,4096,86.198
1024,256,64,8192,118.923
1024,256,64,16384,190.817
1024,256,128,16,41.5153
1024,256,128,32,41.8457
1024,256,128,64,41.824
1024,256,128,128,43.8933
1024,256,128,256,45.4507
1024,256,128,512,45.3657
1024,256,128,1024,64.7683
1024,256,128,2048,87.798
1024,256,128,4096,120.726
1024,256,128,8192,192.193
1024,256,128,16384,335.073
1024,512,0,0,35.84
1024,512,1,16,36.6827
1024,512,1,32,36.768
1024,512,1,64,36.8
1024,512,1,128,36.448
1024,512,1,256,36.5873
1024,512,1,512,36.8647
1024,512,1,1024,36.2667
1024,512,1,2048,39.3073
1024,512,1,4096,53.579
1024,512,1,8192,82.006
1024,512,1,16384,136.566
1024,512,2,16,37.0137
1024,512,2,32,36.8643
1024,512,2,64,37.174
1024,512,2,128,36.6507
1024,512,2,256,36.2773
1024,512,2,512,36.96
1024,512,2,1024,36.6503
1024,512,2,2048,39.659
1024,512,2,4096,54.155
1024,512,2,8192,82.3893
1024,512,2,16384,137.633
1024,512,4,16,37.9637
1024,512,4,32,37.2697
1024,512,4,64,37.3653
1024,512,4,128,38.0057
1024,512,4,256,37.9417
1024,512,4,512,38.0807
1024,512,4,1024,42.4643
1024,512,4,2048,49.9737
1024,512,4,4096,64.555
1024,512,4,8192,91.9473
1024,512,4,16384,147.51
1024,512,8,16,37.056
1024,512,8,32,37.0347
1024,512,8,64,37.2373
1024,512,8,128,37.472
1024,512,8,256,38.5493
1024,512,8,512,42.3893
1024,512,8,1024,43.3067
1024,512,8,2048,50.3367
1024,512,8,4096,65.344
1024,512,8,8192,94.3367
1024,512,8,16384,135.649
1024,512,16,16,35.8407
1024,512,16,32,35.9573
1024,512,16,64,35.5947
1024,512,16,128,37.152
1024,512,16,256,39.9257
1024,512,16,512,44.011
1024,512,16,1024,43.7553
1024,512,16,2048,51.179
1024,512,16,4096,67.2853
1024,512,16,8192,81.878
1024,512,16,16384,137.324
1024,512,32,16,36.8533
1024,512,32,32,36.9277
1024,512,32,64,37.1203
1024,512,32,128,38.752
1024,512,32,256,40.768
1024,512,32,512,44.2133
1024,512,32,1024,51.595
1024,512,32,2048,55.7333
1024,512,32,4096,54.5603
1024,512,32,8192,88.4267
1024,512,32,16384,143.638
1024,512,64,16,38.24
1024,512,64,32,38.8797
1024,512,64,64,38.2723
1024,512,64,128,40.15
1024,512,64,256,41.9627
1024,512,64,512,45.8133
1024,512,64,1024,41.579
1024,512,64,2048,60.7363
1024,512,64,4096,88.6197
1024,512,64,8192,121.91
1024,512,64,16384,191.276
1024,512,128,16,43.7977
1024,512,128,32,43.904
1024,512,128,64,44.1603
1024,512,128,128,46.0053
1024,512,128,256,47.6693
1024,512,128,512,45.3973
1024,512,128,1024,64.32
1024,512,128,2048,90.9553
1024,512,128,4096,122.998
1024,512,128,8192,195.052
1024,512,128,16384,336.833
1024,1024,0,0,39.7867
1024,1024,1,16,40.2137
1024,1024,1,32,39.9793
1024,1024,1,64,40.491
1024,1024,1,128,40.576
1024,1024,1,256,40.395
1024,1024,1,512,40.726
1024,1024,1,1024,39.7447
1024,1024,1,2048,39.1787
1024,1024,1,4096,54.6033
1024,1024,1,8192,82.6773
1024,1024,1,16384,137.878
1024,1024,2,16,40.597
1024,1024,2,32,40.3733
1024,1024,2,64,40.7577
1024,1024,2,128,40.63
1024,1024,2,256,40.3843
1024,1024,2,512,40.395
1024,1024,2,1024,39.563
1024,1024,2,2048,40.107
1024,1024,2,4096,54.5063
1024,1024,2,8192,82.5603
1024,1024,2,16384,138.497
1024,1024,4,16,41.6117
1024,1024,4,32,41.302
1024,1024,4,64,41.067
1024,1024,4,128,41.11
1024,1024,4,256,40.9177
1024,1024,4,512,41.4827
1024,1024,4,1024,39.8083
1024,1024,4,2048,53.2267
1024,1024,4,4096,67.9573
1024,1024,4,8192,96.4803
1024,1024,4,16384,151.713
1024,1024,8,16,40.6187
1024,1024,8,32,40.363
1024,1024,8,64,40.544
1024,1024,8,128,40.6937
1024,1024,8,256,40.566
1024,1024,8,512,46.0153
1024,1024,8,1024,53.6853
1024,1024,8,2048,54.8487
1024,1024,8,4096,69.6753
1024,1024,8,8192,98.0697
1024,1024,8,16384,136.406
1024,1024,16,16,40.5653
1024,1024,16,32,41.078
1024,1024,16,64,40.4907
1024,1024,16,128,40.5977
1024,1024,16,256,42.4643
1024,1024,16,512,47.2217
1024,1024,16,1024,54.721
1024,1024,16,2048,55.136
1024,1024,16,4096,71.0723
1024,1024,16,8192,82.6563
1024,1024,16,16384,138.571
1024,1024,32,16,39.979
1024,1024,32,32,40.3307
1024,1024,32,64,40.6623
1024,1024,32,128,41.824
1024,1024,32,256,43.7127
1024,1024,32,512,47.52
1024,1024,32,1024,55.0187
1024,1024,32,2048,59.6163
1024,1024,32,4096,53.8463
1024,1024,32,8192,87.99
1024,1024,32,16384,144.748
1024,1024,64,16,41.984
1024,1024,64,32,42.3263
1024,1024,64,64,42.0693
1024,1024,64,128,44.2133
1024,1024,64,256,45.4933
1024,1024,64,512,49.7283
1024,1024,64,1024,59.2217
1024,1024,64,2048,56.6507
1024,1024,64,4096,91.776
1024,1024,64,8192,126.316
1024,1024,64,16384,197.249
1024,1024,128,16,47.3713
1024,1024,128,32,46.955
1024,1024,128,64,47.6803
1024,1024,128,128,49.366
1024,1024,128,256,51.4673
1024,1024,128,512,57.6643
1024,1024,128,1024,63.68
1024,1024,128,2048,94.5067
1024,1024,128,4096,128.47
1024,1024,128,8192,198.433
1024,1024,128,16384,341.111
1024,2048,0,0,47.3077
1024,2048,1,16,47.5843
1024,2048,1,32,47.6693
1024,2048,1,64,47.4777
1024,2048,1,128,48.0323
1024,2048,1,256,47.787
1024,2048,1,512,47.9897
1024,2048,1,1024,47.766
1024,2048,1,2048,48.0107
1024,2048,1,4096,54.3797
1024,2048,1,8192,83.2213
1024,2048,1,16384,138.23
1024,2048,2,16,48.3527
1024,2048,2,32,48.299
1024,2048,2,64,48.032
1024,2048,2,128,47.9577
1024,2048,2,256,47.7013
1024,2048,2,512,48.0537
1024,2048,2,1024,48.0533
1024,2048,2,2048,47.8933
1024,2048,2,4096,54.8587
1024,2048,2,8192,84.299
1024,2048,2,16384,140.16
1024,2048,4,16,48.5333
1024,2048,4,32,49.0557
1024,2048,4,64,49.4723
1024,2048,4,128,48.8753
1024,2048,4,256,48.171
1024,2048,4,512,48.9493
1024,2048,4,1024,49.1843
1024,2048,4,2048,61.963
1024,2048,4,4096,76.235
1024,2048,4,8192,104.481
1024,2048,4,16384,159.873
1024,2048,8,16,48.1283
1024,2048,8,32,48.1497
1024,2048,8,64,48.779
1024,2048,8,128,47.9897
1024,2048,8,256,48.2773
1024,2048,8,512,48.31
1024,2048,8,1024,61.334
1024,2048,8,2048,62.816
1024,2048,8,4096,78.2727
1024,2048,8,8192,106.816
1024,2048,8,16384,162.71
1024,2048,16,16,47.9577
1024,2048,16,32,48.256
1024,2048,16,64,48.1923
1024,2048,16,128,47.7547
1024,2048,16,256,50.0053
1024,2048,16,512,53.515
1024,2048,16,1024,63.4987
1024,2048,16,2048,63.851
1024,2048,16,4096,80.3317
1024,2048,16,8192,109.024
1024,2048,16,16384,141.131
1024,2048,32,16,47.7983
1024,2048,32,32,47.5843
1024,2048,32,64,48.4377
1024,2048,32,128,49.9207
1024,2048,32,256,51.3817
1024,2048,32,512,55.2643
1024,2048,32,1024,63.307
1024,2048,32,2048,79.435
1024,2048,32,4096,85.259
1024,2048,32,8192,90.3903
1024,2048,32,16384,147.211
1024,2048,64,16,49.6423
1024,2048,64,32,49.9527
1024,2048,64,64,50.3253
1024,2048,64,128,51.489
1024,2048,64,256,53.6753
1024,2048,64,512,58.1233
1024,2048,64,1024,67.3283
1024,2048,64,2048,84.9173
1024,2048,64,4096,97.878
1024,2048,64,8192,141.12
1024,2048,64,16384,208.982
1024,2048,128,16,54.155
1024,2048,128,32,55.4777
1024,2048,128,64,54.678
1024,2048,128,128,57.6107
1024,2048,128,256,60.1177
1024,2048,128,512,66.8697
1024,2048,128,1024,80.715
1024,2048,128,2048,98.496
1024,2048,128,4096,142.55
1024,2048,128,8192,211.713
1024,2048,128,16384,356.119
1024,4096,0,0,63.4777
1024,4096,1,16,64.3523
1024,4096,1,32,64.608
1024,4096,1,64,64.512
1024,4096,1,128,64.886
1024,4096,1,256,64.8107
1024,4096,1,512,64.352
1024,4096,1,1024,64.672
1024,4096,1,2048,64.5977
1024,4096,1,4096,64.4907
1024,4096,1,8192,85.3873
1024,4096,1,16384,140.887
1024,4096,2,16,64.63
1024,4096,2,32,64.6827
1024,4096,2,64,64.5333
1024,4096,2,128,64.224
1024,4096,2,256,64.4907
1024,4096,2,512,64.4163
1024,4096,2,1024,65.1637
1024,4096,2,2048,64.7477
1024,4096,2,4096,64.704
1024,4096,2,8192,87.051
1024,4096,2,16384,142.07
1024,4096,4,16,64.704
1024,4096,4,32,65.6537
1024,4096,4,64,64.5873
1024,4096,4,128,65.4297
1024,4096,4,256,65.5893
1024,4096,4,512,65.014
1024,4096,4,1024,65.1203
1024,4096,4,2048,65.4617
1024,4096,4,4096,91.9473
1024,4096,4,8192,121.078
1024,4096,4,16384,176.502
1024,4096,8,16,64.2027
1024,4096,8,32,64.9287
1024,4096,8,64,64.502
1024,4096,8,128,64.8117
1024,4096,8,256,64.7683
1024,4096,8,512,64.747
1024,4096,8,1024,64.4267
1024,4096,8,2048,91.841
1024,4096,8,4096,92.3417
1024,4096,8,8192,121.664
1024,4096,8,16384,178.316
1024,4096,16,16,64.0533
1024,4096,16,32,65.12
1024,4096,16,64,64.3627
1024,4096,16,128,64.3523
1024,4096,16,256,64.4383
1024,4096,16,512,70.1337
1024,4096,16,1024,78.6673
1024,4096,16,2048,93.1847
1024,4096,16,4096,95.1583
1024,4096,16,8192,124.011
1024,4096,16,16384,180.065
1024,4096,32,16,64.63
1024,4096,32,32,65.0563
1024,4096,32,64,64.0963
1024,4096,32,128,66.1657
1024,4096,32,256,68.2243
1024,4096,32,512,72.7367
1024,4096,32,1024,81.3977
1024,4096,32,2048,95.563
1024,4096,32,4096,99.2533
1024,4096,32,8192,128.268
1024,4096,32,16384,150.155
1024,4096,64,16,64.3627
1024,4096,64,32,64.907
1024,4096,64,64,64.907
1024,4096,64,128,68.448
1024,4096,64,256,69.6323
1024,4096,64,512,74.6457
1024,4096,64,1024,84.4057
1024,4096,64,2048,99.6487
1024,4096,64,4096,128.78
1024,4096,64,8192,156.406
1024,4096,64,16384,234.849
1024,4096,128,16,70.2833
1024,4096,128,32,71.2217
1024,4096,128,64,70.9657
1024,4096,128,128,73.355
1024,4096,128,256,76.9817
1024,4096,128,512,82.8803
1024,4096,128,1024,93.291
1024,4096,128,2048,103.222
1024,4096,128,4096,157.739
1024,4096,128,8192,237.026
1024,4096,128,16384,379.362
1024,8192,0,0,94.848
1024,8192,1,16,96.171
1024,8192,1,32,95.5737
1024,8192,1,64,96.4803
1024,8192,1,128,95.9793
1024,8192,1,256,96.0853
1024,8192,1,512,96.096
1024,8192,1,1024,96.0003
1024,8192,1,2048,96.3423
1024,8192,1,4096,95.8727
1024,8192,1,8192,96.8857
1024,8192,1,16384,143.382
1024,8192,2,16,95.8193
1024,8192,2,32,95.5413
1024,8192,2,64,95.8617
1024,8192,2,128,96.1603
1024,8192,2,256,96.8003
1024,8192,2,512,96.0327
1024,8192,2,1024,95.9263
1024,8192,2,2048,96.4483
1024,8192,2,4096,96.8003
1024,8192,2,8192,97.472
1024,8192,2,16384,144.79
1024,8192,4,16,97.665
1024,8192,4,32,97.1307
1024,8192,4,64,96.2887
1024,8192,4,128,96.6083
1024,8192,4,256,96.107
1024,8192,4,512,96.214
1024,8192,4,1024,96.8003
1024,8192,4,2048,97.387
1024,8192,4,4096,97.9417
1024,8192,4,8192,149.537
1024,8192,4,16384,205.921
1024,8192,8,16,97.3123
1024,8192,8,32,96.726
1024,8192,8,64,96.7893
1024,8192,8,128,96.736
1024,8192,8,256,96.6723
1024,8192,8,512,97.4937
1024,8192,8,1024,97.3123
1024,8192,8,2048,96.5127
1024,8192,8,4096,150.23
1024,8192,8,8192,149.729
1024,8192,8,16384,207.062
1024,8192,16,16,96.3317
1024,8192,16,32,96.1707
1024,8192,16,64,95.7977
1024,8192,16,128,96.5657
1024,8192,16,256,96.534
1024,8192,16,512,96.7683
1024,8192,16,1024,104.79
1024,8192,16,2048,122.401
1024,8192,16,4096,150.518
1024,8192,16,8192,153.323
1024,8192,16,16384,208.716
1024,8192,32,16,97.377
1024,8192,32,32,97.3877
1024,8192,32,64,96.769
1024,8192,32,128,96.8857
1024,8192,32,256,98.304
1024,8192,32,512,102.209
1024,8192,32,1024,109.483
1024,8192,32,2048,124.79
1024,8192,32,4096,153.963
1024,8192,32,8192,156.14
1024,8192,32,16384,160.652
1024,8192,64,16,96.107
1024,8192,64,32,95.9047
1024,8192,64,64,95.8297
1024,8192,64,128,98.518
1024,8192,64,256,100.235
1024,8192,64,512,104.481
1024,8192,64,1024,112.278
1024,8192,64,2048,128.171
1024,8192,64,4096,156.449
1024,8192,64,8192,161.324
1024,8192,64,16384,271.724
1024,8192,128,16,101.259
1024,8192,128,32,101.249
1024,8192,128,64,100.694
1024,8192,128,128,104.193
1024,8192,128,256,105.398
1024,8192,128,512,110.785
1024,8192,128,1024,122.358
1024,8192,128,2048,142.423
1024,8192,128,4096,161.44
1024,8192,128,8192,272.63
1024,8192,128,16384,422.551
1024,16384,0,0,152.267
1024,16384,1,16,151.809
1024,16384,1,32,152.321
1024,16384,1,64,151.937
1024,16384,1,128,152.214
1024,16384,1,256,151.916
1024,16384,1,512,152.043
1024,16384,1,1024,152.213
1024,16384,1,2048,151.755
1024,16384,1,4096,152.172
1024,16384,1,8192,152.406
1024,16384,1,16384,152.673
1024,16384,2,16,151.766
1024,16384,2,32,152.63
1024,16384,2,64,152.427
1024,16384,2,128,152.417
1024,16384,2,256,152.833
1024,16384,2,512,152.182
1024,16384,2,1024,152.417
1024,16384,2,2048,153.099
1024,16384,2,4096,154.027
1024,16384,2,8192,153.825
1024,16384,2,16384,154.913
1024,16384,4,16,152.075
1024,16384,4,32,152.694
1024,16384,4,64,153.516
1024,16384,4,128,153.633
1024,16384,4,256,153.43
1024,16384,4,512,152.79
1024,16384,4,1024,153.718
1024,16384,4,2048,154.304
1024,16384,4,4096,153.025
1024,16384,4,8192,153.067
1024,16384,4,16384,263.767
1024,16384,8,16,151.766
1024,16384,8,32,152.299
1024,16384,8,64,152.535
1024,16384,8,128,152.129
1024,16384,8,256,152.364
1024,16384,8,512,152.331
1024,16384,8,1024,151.872
1024,16384,8,2048,153.313
1024,16384,8,4096,153.494
1024,16384,8,8192,262.327
1024,16384,8,16384,263.223
1024,16384,16,16,152.694
1024,16384,16,32,152.471
1024,16384,16,64,152.48
1024,16384,16,128,152.128
1024,16384,16,256,152.491
1024,16384,16,512,152.876
1024,16384,16,1024,152.843
1024,16384,16,2048,161.857
1024,16384,16,4096,205.91
1024,16384,16,8192,263.489
1024,16384,16,16384,263.873
1024,16384,32,16,152.214
1024,16384,32,32,152.268
1024,16384,32,64,152.747
1024,16384,32,128,152.022
1024,16384,32,256,152.683
1024,16384,32,512,153.772
1024,16384,32,1024,164.758
1024,16384,32,2048,179.137
1024,16384,32,4096,209.942
1024,16384,32,8192,265.388
1024,16384,32,16384,267.521
1024,16384,64,16,152.523
1024,16384,64,32,153.676
1024,16384,64,64,154.07
1024,16384,64,128,154.465
1024,16384,64,256,154.048
1024,16384,64,512,158.924
1024,16384,64,1024,166.967
1024,16384,64,2048,183.98
1024,16384,64,4096,212.311
1024,16384,64,8192,268.972
1024,16384,64,16384,275.233
1024,16384,128,16,154.059
1024,16384,128,32,155.116
1024,16384,128,64,154.22
1024,16384,128,128,158.102
1024,16384,128,256,159.681
1024,16384,128,512,164.982
1024,16384,128,1024,177.335
1024,16384,128,2048,197.025
1024,16384,128,4096,232.673
1024,16384,128,8192,275.596
1024,16384,128,16384,498.627
2048,0,0,0,44.8857
2048,0,1,16,44.235
2048,0,1,32,44.3627
2048,0,1,64,44.6083
2048,0,1,128,44.491
2048,0,1,256,44.7257
2048,0,1,512,44.395
2048,0,1,1024,44.533
2048,0,1,2048,45.8137
2048,0,1,4096,73.6323
2048,0,1,8192,126.796
2048,0,1,16384,233.783
2048,0,2,16,44.288
2048,0,2,32,44.2667
2048,0,2,64,44.3733
2048,0,2,128,44.3623
2048,0,2,256,44.2353
2048,0,2,512,44.3523
2048,0,2,1024,44.5227
2048,0,2,2048,45.3443
2048,0,2,4096,73.8883
2048,0,2,8192,126.817
2048,0,2,16384,234.423
2048,0,4,16,44.448
2048,0,4,32,44.5123
2048,0,4,64,44.5227
2048,0,4,128,44.9603
2048,0,4,256,44.683
2048,0,4,512,44.822
2048,0,4,1024,44.416
2048,0,4,2048,46.1017
2048,0,4,4096,74.699
2048,0,4,8192,128.352
2048,0,4,16384,235.276
2048,0,8,16,44.843
2048,0,8,32,44.7147
2048,0,8,64,45.0347
2048,0,8,128,44.9817
2048,0,8,256,44.9813
2048,0,8,512,44.8853
2048,0,8,1024,44.683
2048,0,8,2048,52.7147
2048,0,8,4096,80.822
2048,0,8,8192,134.283
2048,0,8,16384,242.06
2048,0,16,16,44.8537
2048,0,16,32,44.6937
2048,0,16,64,44.8323
2048,0,16,128,44.587
2048,0,16,256,44.5013
2048,0,16,512,44.875
2048,0,16,1024,44.4483
2048,0,16,2048,54.4647
2048,0,16,4096,84.3203
2048,0,16,8192,138.209
2048,0,16,16384,243.766
2048,0,32,16,45.003
2048,0,32,32,44.8427
2048,0,32,64,45.0783
2048,0,32,128,44.7467
2048,0,32,256,45.163
2048,0,32,512,45.3657
2048,0,32,1024,45.675
2048,0,32,2048,58.5603
2048,0,32,4096,88.8117
2048,0,32,8192,141.419
2048,0,32,16384,250.145
2048,0,64,16,44.8213
2048,0,64,32,44.9923
2048,0,64,64,45.0027
2048,0,64,128,45.3447
2048,0,64,256,45.6217
2048,0,64,512,45.419
2048,0,64,1024,51.51
2048,0,64,2048,69.3873
2048,0,64,4096,101.036
2048,0,64,8192,155.627
2048,0,64,16384,263.255
2048,0,128,16,45.4083
2048,0,128,32,45.1523
2048,0,128,64,45.3547
2048,0,128,128,45.6323
2048,0,128,256,45.3977
2048,0,128,512,50.848
2048,0,128,1024,67.6053
2048,0,128,2048,91.798
2048,0,128,4096,124.406
2048,0,128,8192,193.355
2048,0,128,16384,339.681
2048,16,0,0,45.7067
2048,16,1,16,45.888
2048,16,1,32,45.9733
2048,16,1,64,45.856
2048,16,1,128,46.038
2048,16,1,256,45.6217
2048,16,1,512,45.8453
2048,16,1,1024,45.7067
2048,16,1,2048,45.867
2048,16,1,4096,73.0463
2048,16,1,8192,126.977
2048,16,1,16384,234.017
2048,16,2,16,45.8983
2048,16,2,32,45.984
2048,16,2,64,45.9203
2048,16,2,128,46.048
2048,16,2,256,45.664
2048,16,2,512,45.9313
2048,16,2,1024,46.2083
2048,16,2,2048,45.8883
2048,16,2,4096,73.7713
2048,16,2,8192,127.339
2048,16,2,16384,234.348
2048,16,4,16,46.4533
2048,16,4,32,45.9513
2048,16,4,64,45.9523
2048,16,4,128,45.995
2048,16,4,256,46.048
2048,16,4,512,45.931
2048,16,4,1024,45.899
2048,16,4,2048,46.4427
2048,16,4,4096,74.2727
2048,16,4,8192,128.182
2048,16,4,16384,234.828
2048,16,8,16,46.0803
2048,16,8,32,45.9523
2048,16,8,64,46.2083
2048,16,8,128,45.9737
2048,16,8,256,45.9627
2048,16,8,512,45.9093
2048,16,8,1024,46.155
2048,16,8,2048,51.659
2048,16,8,4096,81.0033
2048,16,8,8192,134.774
2048,16,8,16384,240.887
2048,16,16,16,46.0907
2048,16,16,32,46.1873
2048,16,16,64,46.112
2048,16,16,128,46.315
2048,16,16,256,46.6563
2048,16,16,512,46.4963
2048,16,16,1024,46.0373
2048,16,16,2048,54.241
2048,16,16,4096,83.6277
2048,16,16,8192,137.771
2048,16,16,16384,243.617
2048,16,32,16,46.187
2048,16,32,32,46.2297
2048,16,32,64,46.1547
2048,16,32,128,46.7413
2048,16,32,256,46.496
2048,16,32,512,46.688
2048,16,32,1024,46.9767
2048,16,32,2048,59.0507
2048,16,32,4096,88.8967
2048,16,32,8192,143.18
2048,16,32,16384,250.476
2048,16,64,16,46.6027
2048,16,64,32,46.5173
2048,16,64,64,46.7417
2048,16,64,128,46.923
2048,16,64,256,46.72
2048,16,64,512,46.827
2048,16,64,1024,51.7227
2048,16,64,2048,69.4727
2048,16,64,4096,100.224
2048,16,64,8192,154.774
2048,16,64,16384,262.326
2048,16,128,16,47.3707
2048,16,128,32,47.2533
2048,16,128,64,47.126
2048,16,128,128,46.902
2048,16,128,256,47.5097
2048,16,128,512,52.075
2048,16,128,1024,67.4033
2048,16,128,2048,90.6993
2048,16,128,4096,125.505
2048,16,128,8192,192.758
2048,16,128,16384,339.319
2048,32,0,0,45.92
2048,32,1,16,46.166
2048,32,1,32,46.0057
2048,32,1,64,46.432
2048,32,1,128,45.7177
2048,32,1,256,46.4533
2048,32,1,512,46.0267
2048,32,1,1024,45.782
2048,32,1,2048,45.8887
2048,32,1,4096,73.622
2048,32,1,8192,127.19
2048,32,1,16384,235.03
2048,32,2,16,45.9093
2048,32,2,32,46.0693
2048,32,2,64,45.4937
2048,32,2,128,45.7063
2048,32,2,256,45.9097
2048,32,2,512,46.0693
2048,32,2,1024,45.9627
2048,32,2,2048,45.8457
2048,32,2,4096,73.9097
2048,32,2,8192,127.915
2048,32,2,16384,233.868
2048,32,4,16,46.1333
2048,32,4,32,46.197
2048,32,4,64,46.315
2048,32,4,128,46.144
2048,32,4,256,46.379
2048,32,4,512,46.1333
2048,32,4,1024,46.0587
2048,32,4,2048,46.2827
2048,32,4,4096,74.8273
2048,32,4,8192,127.872
2048,32,4,16384,235.809
2048,32,8,16,46.208
2048,32,8,32,46.0587
2048,32,8,64,46.187
2048,32,8,128,45.9307
2048,32,8,256,46.3363
2048,32,8,512,46.0803
2048,32,8,1024,46.0057
2048,32,8,2048,52.3413
2048,32,8,4096,80.416
2048,32,8,8192,133.899
2048,32,8,16384,241.292
2048,32,16,16,46.133
2048,32,16,32,46.0587
2048,32,16,64,46.2193
2048,32,16,128,46.2827
2048,32,16,256,46.1013
2048,32,16,512,46.2187
2048,32,16,1024,46.3253
2048,32,16,2048,54.6773
2048,32,16,4096,84.736
2048,32,16,8192,138.294
2048,32,16,16384,245.303
2048,32,32,16,46.5813
2048,32,32,32,46.1337
2048,32,32,64,46.2087
2048,32,32,128,46.4427
2048,32,32,256,46.3573
2048,32,32,512,46.7843
2048,32,32,1024,46.955
2048,32,32,2048,58.902
2048,32,32,4096,88.736
2048,32,32,8192,143.424
2048,32,32,16384,250.156
2048,32,64,16,46.603
2048,32,64,32,46.592
2048,32,64,64,46.6773
2048,32,64,128,46.7313
2048,32,64,256,46.667
2048,32,64,512,47.211
2048,32,64,1024,52.5227
2048,32,64,2048,70.4217
2048,32,64,4096,100.129
2048,32,64,8192,154.155
2048,32,64,16384,262.113
2048,32,128,16,46.7733
2048,32,128,32,46.624
2048,32,128,64,46.688
2048,32,128,128,47.04
2048,32,128,256,47.5097
2048,32,128,512,52.4157
2048,32,128,1024,67.2323
2048,32,128,2048,90.496
2048,32,128,4096,125.131
2048,32,128,8192,195.745
2048,32,128,16384,339.309
2048,64,0,0,46.208
2048,64,1,16,46.1227
2048,64,1,32,46.0913
2048,64,1,64,46.3253
2048,64,1,128,46.0907
2048,64,1,256,46.4427
2048,64,1,512,46.2087
2048,64,1,1024,45.9737
2048,64,1,2048,46.3043
2048,64,1,4096,73.665
2048,64,1,8192,126.731
2048,64,1,16384,233.644
2048,64,2,16,46.4107
2048,64,2,32,45.995
2048,64,2,64,46.3577
2048,64,2,128,46.0267
2048,64,2,256,46.1983
2048,64,2,512,46.0693
2048,64,2,1024,46.3897
2048,64,2,2048,46.2723
2048,64,2,4096,74.283
2048,64,2,8192,127.979
2048,64,2,16384,235.542
2048,64,4,16,46.3787
2048,64,4,32,46.592
2048,64,4,64,46.3683
2048,64,4,128,46.443
2048,64,4,256,46.549
2048,64,4,512,46.667
2048,64,4,1024,46.5713
2048,64,4,2048,46.8167
2048,64,4,4096,74.912
2048,64,4,8192,128.641
2048,64,4,16384,235.671
2048,64,8,16,46.3897
2048,64,8,32,46.4323
2048,64,8,64,46.6137
2048,64,8,128,46.3253
2048,64,8,256,46.8907
2048,64,8,512,46.4967
2048,64,8,1024,46.4857
2048,64,8,2048,52.2987
2048,64,8,4096,81.0347
2048,64,8,8192,134.23
2048,64,8,16384,242.945
2048,64,16,16,46.4007
2048,64,16,32,46.3573
2048,64,16,64,46.6027
2048,64,16,128,46.667
2048,64,16,256,46.4963
2048,64,16,512,46.4967
2048,64,16,1024,46.8163
2048,64,16,2048,54.9227
2048,64,16,4096,84.6723
2048,64,16,8192,138.176
2048,64,16,16384,245.239
2048,64,32,16,46.6667
2048,64,32,32,46.5713
2048,64,32,64,46.6983
2048,64,32,128,46.6347
2048,64,32,256,46.4007
2048,64,32,512,46.528
2048,64,32,1024,47.1147
2048,64,32,2048,58.891
2048,64,32,4096,88.9177
2048,64,32,8192,143.19
2048,64,32,16384,250.166
2048,64,64,16,46.421
2048,64,64,32,46.955
2048,64,64,64,46.9337
2048,64,64,128,46.699
2048,64,64,256,46.752
2048,64,64,512,47.2213
2048,64,64,1024,51.7547
2048,64,64,2048,69.7393
2048,64,64,4096,100.79
2048,64,64,8192,154.731
2048,64,64,16384,262.508
2048,64,128,16,46.9447
2048,64,128,32,47.3603
2048,64,128,64,47.296
2048,64,128,128,46.923
2048,64,128,256,47.712
2048,64,128,512,52.0753
2048,64,128,1024,66.944
2048,64,128,2048,91.9363
2048,64,128,4096,123.745
2048,64,128,8192,193.761
2048,64,128,16384,338.306
2048,128,0,0,46.347
2048,128,1,16,46.101
2048,128,1,32,46.1017
2048,128,1,64,46.176
2048,128,1,128,46.0587
2048,128,1,256,46.2293
2048,128,1,512,46.144
2048,128,1,1024,46.272
2048,128,1,2048,46.187
2048,128,1,4096,74.347
2048,128,1,8192,126.987
2048,128,1,16384,234.006
2048,128,2,16,46.3043
2048,128,2,32,46.3147
2048,128,2,64,46.294
2048,128,2,128,46.1227
2048,128,2,256,46.0803
2048,128,2,512,46.5067
2048,128,2,1024,46.091
2048,128,2,2048,46.2827
2048,128,2,4096,74.88
2048,128,2,8192,127.883
2048,128,2,16384,234.7
2048,128,4,16,46.8267
2048,128,4,32,46.3787
2048,128,4,64,46.6133
2048,128,4,128,46.6033
2048,128,4,256,46.5607
2048,128,4,512,46.4853
2048,128,4,1024,46.4213
2048,128,4,2048,46.5287
2048,128,4,4096,75.6163
2048,128,4,8192,129.024
2048,128,4,16384,235.297
2048,128,8,16,46.379
2048,128,8,32,46.454
2048,128,8,64,46.539
2048,128,8,128,46.4213
2048,128,8,256,46.4747
2048,128,8,512,46.443
2048,128,8,1024,46.3683
2048,128,8,2048,53.8887
2048,128,8,4096,82.8057
2048,128,8,8192,136.374
2048,128,8,16384,243.074
2048,128,16,16,46.2723
2048,128,16,32,46.667
2048,128,16,64,46.4747
2048,128,16,128,46.4217
2048,128,16,256,46.592
2048,128,16,512,46.443
2048,128,16,1024,46.5813
2048,128,16,2048,56.182
2048,128,16,4096,84.9493
2048,128,16,8192,138.891
2048,128,16,16384,245.985
2048,128,32,16,46.5813
2048,128,32,32,46.4533
2048,128,32,64,46.7093
2048,128,32,128,46.7733
2048,128,32,256,46.9013
2048,128,32,512,46.8163
2048,128,32,1024,46.7307
2048,128,32,2048,60.182
2048,128,32,4096,91.2963
2048,128,32,8192,144.31
2048,128,32,16384,250.807
2048,128,64,16,46.6777
2048,128,64,32,47.0507
2048,128,64,64,46.8053
2048,128,64,128,46.678
2048,128,64,256,46.7947
2048,128,64,512,47.1463
2048,128,64,1024,53.472
2048,128,64,2048,71.265
2048,128,64,4096,102.507
2048,128,64,8192,154.401
2048,128,64,16384,264.364
2048,128,128,16,46.9867
2048,128,128,32,47.0827
2048,128,128,64,46.9443
2048,128,128,128,47.4563
2048,128,128,256,47.979
2048,128,128,512,53.1843
2048,128,128,1024,68.4693
2048,128,128,2048,93.633
2048,128,128,4096,124.939
2048,128,128,8192,194.945
2048,128,128,16384,336.855
2048,256,0,0,48.1717
2048,256,1,16,48.128
2048,256,1,32,47.926
2048,256,1,64,48.2883
2048,256,1,128,48.288
2048,256,1,256,48.427
2048,256,1,512,48.694
2048,256,1,1024,48.2033
2048,256,1,2048,48.1493
2048,256,1,4096,74.3367
2048,256,1,8192,128.054
2048,256,1,16384,234.486
2048,256,2,16,48.544
2048,256,2,32,48.139
2048,256,2,64,48.043
2048,256,2,128,48.0543
2048,256,2,256,48.3417
2048,256,2,512,48.1287
2048,256,2,1024,48.1283
2048,256,2,2048,47.883
2048,256,2,4096,74.774
2048,256,2,8192,128.64
2048,256,2,16384,234.924
2048,256,4,16,48.0853
2048,256,4,32,48.288
2048,256,4,64,48.0003
2048,256,4,128,48.2987
2048,256,4,256,48.3097
2048,256,4,512,48.1817
2048,256,4,1024,48.2457
2048,256,4,2048,48.0643
2048,256,4,4096,75.4987
2048,256,4,8192,128.758
2048,256,4,16384,235.628
2048,256,8,16,47.883
2048,256,8,32,48.2247
2048,256,8,64,48.3207
2048,256,8,128,48.3413
2048,256,8,256,48.2667
2048,256,8,512,48.3733
2048,256,8,1024,48.1067
2048,256,8,2048,55.712
2048,256,8,4096,84.4483
2048,256,8,8192,138.39
2048,256,8,16384,244.972
2048,256,16,16,48.352
2048,256,16,32,48.331
2048,256,16,64,48.395
2048,256,16,128,48.4267
2048,256,16,256,48.6723
2048,256,16,512,48.224
2048,256,16,1024,48.4483
2048,256,16,2048,58.4327
2048,256,16,4096,87.094
2048,256,16,8192,140.844
2048,256,16,16384,247.702
2048,256,32,16,48.6727
2048,256,32,32,48.6187
2048,256,32,64,49.067
2048,256,32,128,48.7897
2048,256,32,256,48.6513
2048,256,32,512,48.544
2048,256,32,1024,48.853
2048,256,32,2048,62.731
2048,256,32,4096,92.3097
2048,256,32,8192,146.497
2048,256,32,16384,253.356
2048,256,64,16,48.7037
2048,256,64,32,48.9287
2048,256,64,64,48.8
2048,256,64,128,49.248
2048,256,64,256,49.2693
2048,256,64,512,49.0563
2048,256,64,1024,54.891
2048,256,64,2048,73.5793
2048,256,64,4096,103.883
2048,256,64,8192,158.401
2048,256,64,16384,263.905
2048,256,128,16,49.3017
2048,256,128,32,48.8643
2048,256,128,64,49.356
2048,256,128,128,49.7173
2048,256,128,256,50.0803
2048,256,128,512,54.9977
2048,256,128,1024,71.947
2048,256,128,2048,95.2
2048,256,128,4096,127.03
2048,256,128,8192,195.051
2048,256,128,16384,344.557
2048,512,0,0,52.3957
2048,512,1,16,52.128
2048,512,1,32,52.448
2048,512,1,64,52.5013
2048,512,1,128,51.9577
2048,512,1,256,52.1713
2048,512,1,512,51.9787
2048,512,1,1024,52.0113
2048,512,1,2048,52.235
2048,512,1,4096,75.062
2048,512,1,8192,128.225
2048,512,1,16384,235.756
2048,512,2,16,51.8617
2048,512,2,32,51.819
2048,512,2,64,51.8293
2048,512,2,128,51.787
2048,512,2,256,52.235
2048,512,2,512,52.598
2048,512,2,1024,51.809
2048,512,2,2048,51.9577
2048,512,2,4096,75.691
2048,512,2,8192,129.27
2048,512,2,16384,235.649
2048,512,4,16,52.0327
2048,512,4,32,52.4803
2048,512,4,64,52.1497
2048,512,4,128,52.256
2048,512,4,256,52.406
2048,512,4,512,52.107
2048,512,4,1024,52.1713
2048,512,4,2048,52.1923
2048,512,4,4096,76.214
2048,512,4,8192,129.046
2048,512,4,16384,237.036
2048,512,8,16,52.1493
2048,512,8,32,52.1603
2048,512,8,64,52.117
2048,512,8,128,52.245
2048,512,8,256,52.1813
2048,512,8,512,52.63
2048,512,8,1024,52.576
2048,512,8,2048,59.8723
2048,512,8,4096,88.651
2048,512,8,8192,141.91
2048,512,8,16384,249.111
2048,512,16,16,52.278
2048,512,16,32,52.1927
2048,512,16,64,52.3843
2048,512,16,128,52.1493
2048,512,16,256,52.2883
2048,512,16,512,52.16
2048,512,16,1024,52.7787
2048,512,16,2048,61.6
2048,512,16,4096,90.8593
2048,512,16,8192,144.673
2048,512,16,16384,251.426
2048,512,32,16,52.149
2048,512,32,32,52.171
2048,512,32,64,52.5343
2048,512,32,128,52.192
2048,512,32,256,52.5123
2048,512,32,512,52.4487
2048,512,32,1024,52.8213
2048,512,32,2048,67.2003
2048,512,32,4096,97.558
2048,512,32,8192,150.476
2048,512,32,16384,257.932
2048,512,64,16,52.384
2048,512,64,32,52.4057
2048,512,64,64,52.3417
2048,512,64,128,52.758
2048,512,64,256,52.843
2048,512,64,512,52.982
2048,512,64,1024,58.7097
2048,512,64,2048,77.995
2048,512,64,4096,106.955
2048,512,64,8192,161.142
2048,512,64,16384,268.502
2048,512,128,16,52.7253
2048,512,128,32,52.5977
2048,512,128,64,53.0887
2048,512,128,128,53.675
2048,512,128,256,53.44
2048,512,128,512,59.7017
2048,512,128,1024,75.286
2048,512,128,2048,97.3767
2048,512,128,4096,130.07
2048,512,128,8192,199.446
2048,512,128,16384,343.362
2048,1024,0,0,60.203
2048,1024,1,16,59.9043
2048,1024,1,32,60.011
2048,1024,1,64,59.6593
2048,1024,1,128,59.8293
2048,1024,1,256,59.883
2048,1024,1,512,59.9897
2048,1024,1,1024,60.0643
2048,1024,1,2048,60.3523
2048,1024,1,4096,76.2133
2048,1024,1,8192,130.326
2048,1024,1,16384,237.974
2048,1024,2,16,60.118
2048,1024,2,32,60.1173
2048,1024,2,64,60.2457
2048,1024,2,128,59.691
2048,1024,2,256,60.1603
2048,1024,2,512,60.7253
2048,1024,2,1024,60.5763
2048,1024,2,2048,60.3527
2048,1024,2,4096,76.9183
2048,1024,2,8192,130.251
2048,1024,2,16384,237.814
2048,1024,4,16,60.704
2048,1024,4,32,60.8103
2048,1024,4,64,60.1923
2048,1024,4,128,60.31
2048,1024,4,256,60.0747
2048,1024,4,512,60.032
2048,1024,4,1024,60.5657
2048,1024,4,2048,61.4937
2048,1024,4,4096,77.6007
2048,1024,4,8192,131.904
2048,1024,4,16384,239.575
2048,1024,8,16,60.9173
2048,1024,8,32,60.0747
2048,1024,8,64,60.3097
2048,1024,8,128,60.6187
2048,1024,8,256,60.6087
2048,1024,8,512,60.3527
2048,1024,8,1024,60.416
2048,1024,8,2048,68.9923
2048,1024,8,4096,97.227
2048,1024,8,8192,150.209
2048,1024,8,16384,257.505
2048,1024,16,16,60.47
2048,1024,16,32,60.4163
2048,1024,16,64,60.0003
2048,1024,16,128,60.235
2048,1024,16,256,60.5447
2048,1024,16,512,60.1713
2048,1024,16,1024,60.5867
2048,1024,16,2048,70.7093
2048,1024,16,4096,99.0617
2048,1024,16,8192,153.377
2048,1024,16,16384,260.15
2048,1024,32,16,60.523
2048,1024,32,32,60.4377
2048,1024,32,64,60.5867
2048,1024,32,128,60.6827
2048,1024,32,256,60.4053
2048,1024,32,512,61.0993
2048,1024,32,1024,61.0667
2048,1024,32,2048,74.838
2048,1024,32,4096,104.833
2048,1024,32,8192,157.91
2048,1024,32,16384,264.78
2048,1024,64,16,60.9177
2048,1024,64,32,60.9497
2048,1024,64,64,61.3443
2048,1024,64,128,60.9927
2048,1024,64,256,61.7067
2048,1024,64,512,61.675
2048,1024,64,1024,66.283
2048,1024,64,2048,85.27
2048,1024,64,4096,114.71
2048,1024,64,8192,168.662
2048,1024,64,16384,275.681
2048,1024,128,16,61.345
2048,1024,128,32,61.2803
2048,1024,128,64,61.206
2048,1024,128,128,61.483
2048,1024,128,256,62.1443
2048,1024,128,512,66.9227
2048,1024,128,1024,81.8997
2048,1024,128,2048,104.086
2048,1024,128,4096,137.206
2048,1024,128,8192,208.055
2048,1024,128,16384,354.711
2048,2048,0,0,78.112
2048,2048,1,16,77.3447
2048,2048,1,32,77.462
2048,2048,1,64,77.2907
2048,2048,1,128,77.3443
2048,2048,1,256,77.931
2048,2048,1,512,77.494
2048,2048,1,1024,77.664
2048,2048,1,2048,77.8987
2048,2048,1,4096,79.1473
2048,2048,1,8192,132.928
2048,2048,1,16384,241.132
2048,2048,2,16,78.0163
2048,2048,2,32,77.387
2048,2048,2,64,77.0347
2048,2048,2,128,77.1207
2048,2048,2,256,77.4723
2048,2048,2,512,77.4403
2048,2048,2,1024,77.3873
2048,2048,2,2048,78.2403
2048,2048,2,4096,80.0003
2048,2048,2,8192,133.324
2048,2048,2,16384,240.887
2048,2048,4,16,78.0163
2048,2048,4,32,78.0807
2048,2048,4,64,78.4317
2048,2048,4,128,78.774
2048,2048,4,256,77.8887
2048,2048,4,512,77.921
2048,2048,4,1024,78.251
2048,2048,4,2048,77.9737
2048,2048,4,4096,80.2133
2048,2048,4,8192,134.305
2048,2048,4,16384,241.623
2048,2048,8,16,77.953
2048,2048,8,32,77.952
2048,2048,8,64,77.2913
2048,2048,8,128,78.6243
2048,2048,8,256,78.2087
2048,2048,8,512,77.9953
2048,2048,8,1024,77.9093
2048,2048,8,2048,85.9317
2048,2048,8,4096,112.385
2048,2048,8,8192,166.646
2048,2048,8,16384,274.092
2048,2048,16,16,78.667
2048,2048,16,32,77.6323
2048,2048,16,64,77.483
2048,2048,16,128,77.6107
2048,2048,16,256,77.7177
2048,2048,16,512,78.315
2048,2048,16,1024,78.9767
2048,2048,16,2048,86.4007
2048,2048,16,4096,114.806
2048,2048,16,8192,168.353
2048,2048,16,16384,276.46
2048,2048,32,16,78.411
2048,2048,32,32,78.144
2048,2048,32,64,77.867
2048,2048,32,128,77.4937
2048,2048,32,256,77.5367
2048,2048,32,512,78.6887
2048,2048,32,1024,78.6997
2048,2048,32,2048,90.902
2048,2048,32,4096,119.457
2048,2048,32,8192,172.332
2048,2048,32,16384,280.663
2048,2048,64,16,78.1127
2048,2048,64,32,78.5387
2048,2048,64,64,78.3157
2048,2048,64,128,78.3787
2048,2048,64,256,78.102
2048,2048,64,512,78.9337
2048,2048,64,1024,82.806
2048,2048,64,2048,99.105
2048,2048,64,4096,128.459
2048,2048,64,8192,181.015
2048,2048,64,16384,289.975
2048,2048,128,16,79.0827
2048,2048,128,32,79.6803
2048,2048,128,64,78.379
2048,2048,128,128,79.4027
2048,2048,128,256,80.1177
2048,2048,128,512,84.3307
2048,2048,128,1024,98.5177
2048,2048,128,2048,118.4
2048,2048,128,4096,152.502
2048,2048,128,8192,225.9
2048,2048,128,16384,371.084
2048,4096,0,0,109.259
2048,4096,1,16,108.48
2048,4096,1,32,108.918
2048,4096,1,64,108.747
2048,4096,1,128,108.427
2048,4096,1,256,108.544
2048,4096,1,512,108.246
2048,4096,1,1024,108.523
2048,4096,1,2048,108.577
2048,4096,1,4096,109.035
2048,4096,1,8192,136.545
2048,4096,1,16384,243.628
2048,4096,2,16,108.469
2048,4096,2,32,108.694
2048,4096,2,64,109.003
2048,4096,2,128,108.63
2048,4096,2,256,108.929
2048,4096,2,512,109.27
2048,4096,2,1024,109.249
2048,4096,2,2048,109.099
2048,4096,2,4096,109.089
2048,4096,2,8192,137.334
2048,4096,2,16384,243.926
2048,4096,4,16,109.078
2048,4096,4,32,108.395
2048,4096,4,64,108.929
2048,4096,4,128,108.512
2048,4096,4,256,108.512
2048,4096,4,512,109.099
2048,4096,4,1024,109.056
2048,4096,4,2048,109.067
2048,4096,4,4096,109.473
2048,4096,4,8192,138.22
2048,4096,4,16384,245.142
2048,4096,8,16,108.48
2048,4096,8,32,108.448
2048,4096,8,64,108.565
2048,4096,8,128,108.865
2048,4096,8,256,108.875
2048,4096,8,512,109.344
2048,4096,8,1024,109.686
2048,4096,8,2048,109.537
2048,4096,8,4096,143.531
2048,4096,8,8192,197.388
2048,4096,8,16384,304.257
2048,4096,16,16,108.993
2048,4096,16,32,108.769
2048,4096,16,64,109.088
2048,4096,16,128,109.131
2048,4096,16,256,108.63
2048,4096,16,512,109.942
2048,4096,16,1024,109.76
2048,4096,16,2048,117.046
2048,4096,16,4096,143.915
2048,4096,16,8192,197.771
2048,4096,16,16384,304.823
2048,4096,32,16,108.843
2048,4096,32,32,109.739
2048,4096,32,64,109.238
2048,4096,32,128,109.569
2048,4096,32,256,109.664
2048,4096,32,512,109.846
2048,4096,32,1024,110.176
2048,4096,32,2048,119.339
2048,4096,32,4096,147.116
2048,4096,32,8192,201.335
2048,4096,32,16384,308.321
2048,4096,64,16,109.984
2048,4096,64,32,110.251
2048,4096,64,64,110.401
2048,4096,64,128,110.188
2048,4096,64,256,110.262
2048,4096,64,512,110.709
2048,4096,64,1024,111.659
2048,4096,64,2048,129.195
2048,4096,64,4096,156.502
2048,4096,64,8192,210.177
2048,4096,64,16384,318.071
2048,4096,128,16,109.75
2048,4096,128,32,110.539
2048,4096,128,64,110.326
2048,4096,128,128,110.838
2048,4096,128,256,111.457
2048,4096,128,512,114.145
2048,4096,128,1024,126.369
2048,4096,128,2048,146.614
2048,4096,128,4096,184.566
2048,4096,128,8192,254.764
2048,4096,128,16384,397.271
2048,8192,0,0,163.137
2048,8192,1,16,162.924
2048,8192,1,32,162.774
2048,8192,1,64,162.731
2048,8192,1,128,162.667
2048,8192,1,256,163.296
2048,8192,1,512,163.073
2048,8192,1,1024,164.513
2048,8192,1,2048,163.126
2048,8192,1,4096,163.478
2048,8192,1,8192,163.574
2048,8192,1,16384,245.58
2048,8192,2,16,162.924
2048,8192,2,32,163.521
2048,8192,2,64,163.169
2048,8192,2,128,163.158
2048,8192,2,256,163.553
2048,8192,2,512,162.636
2048,8192,2,1024,163.244
2048,8192,2,2048,163.18
2048,8192,2,4096,163.244
2048,8192,2,8192,163.734
2048,8192,2,16384,245.9
2048,8192,4,16,162.817
2048,8192,4,32,162.156
2048,8192,4,64,163.777
2048,8192,4,128,163.095
2048,8192,4,256,163.35
2048,8192,4,512,162.838
2048,8192,4,1024,163.435
2048,8192,4,2048,163.403
2048,8192,4,4096,163.542
2048,8192,4,8192,165.761
2048,8192,4,16384,247.564
2048,8192,8,16,163.66
2048,8192,8,32,163.019
2048,8192,8,64,162.55
2048,8192,8,128,163.403
2048,8192,8,256,164.235
2048,8192,8,512,162.966
2048,8192,8,1024,163.18
2048,8192,8,2048,164.204
2048,8192,8,4096,164.812
2048,8192,8,8192,252.172
2048,8192,8,16384,359.074
2048,8192,16,16,164.15
2048,8192,16,32,163.329
2048,8192,16,64,163.372
2048,8192,16,128,162.635
2048,8192,16,256,163.382
2048,8192,16,512,163.894
2048,8192,16,1024,164.022
2048,8192,16,2048,164.491
2048,8192,16,4096,199.916
2048,8192,16,8192,252.353
2048,8192,16,16384,360.333
2048,8192,32,16,163.563
2048,8192,32,32,163.617
2048,8192,32,64,163.446
2048,8192,32,128,163.756
2048,8192,32,256,164.556
2048,8192,32,512,165.27
2048,8192,32,1024,165.451
2048,8192,32,2048,174.358
2048,8192,32,4096,202.571
2048,8192,32,8192,254.39
2048,8192,32,16384,363.682
2048,8192,64,16,163.745
2048,8192,64,32,164.513
2048,8192,64,64,164.299
2048,8192,64,128,164.257
2048,8192,64,256,164.086
2048,8192,64,512,164.641
2048,8192,64,1024,165.398
2048,8192,64,2048,180.076
2048,8192,64,4096,210.06
2048,8192,64,8192,262.604
2048,8192,64,16384,372.631
2048,8192,128,16,163.905
2048,8192,128,32,164.513
2048,8192,128,64,163.926
2048,8192,128,128,164.075
2048,8192,128,256,165.686
2048,8192,128,512,166.486
2048,8192,128,1024,179.254
2048,8192,128,2048,197.377
2048,8192,128,4096,234.412
2048,8192,128,8192,308.098
2048,8192,128,16384,451.469
2048,16384,0,0,268.055
2048,16384,1,16,267.457
2048,16384,1,32,267.693
2048,16384,1,64,269.164
2048,16384,1,128,267.052
2048,16384,1,256,267.287
2048,16384,1,512,268.653
2048,16384,1,1024,267.041
2048,16384,1,2048,269.644
2048,16384,1,4096,268.993
2048,16384,1,8192,268.919
2048,16384,1,16384,270.487
2048,16384,2,16,268.247
2048,16384,2,32,267.905
2048,16384,2,64,267.244
2048,16384,2,128,267.766
2048,16384,2,256,267.298
2048,16384,2,512,267.926
2048,16384,2,1024,267.479
2048,16384,2,2048,268.14
2048,16384,2,4096,269.356
2048,16384,2,8192,267.926
2048,16384,2,16384,271.116
2048,16384,4,16,268.087
2048,16384,4,32,267.767
2048,16384,4,64,267.362
2048,16384,4,128,267.489
2048,16384,4,256,267.969
2048,16384,4,512,267.266
2048,16384,4,1024,267.319
2048,16384,4,2048,268.449
2048,16384,4,4096,268.108
2048,16384,4,8192,268.342
2048,16384,4,16384,271.041
2048,16384,8,16,267.905
2048,16384,8,32,267.692
2048,16384,8,64,267.852
2048,16384,8,128,267.639
2048,16384,8,256,267.372
2048,16384,8,512,268.865
2048,16384,8,1024,267.596
2048,16384,8,2048,268.812
2048,16384,8,4096,268.364
2048,16384,8,8192,270.135
2048,16384,8,16384,463.448
2048,16384,16,16,267.916
2048,16384,16,32,269.037
2048,16384,16,64,267.596
2048,16384,16,128,267.714
2048,16384,16,256,267.905
2048,16384,16,512,268.535
2048,16384,16,1024,268.321
2048,16384,16,2048,267.671
2048,16384,16,4096,269.836
2048,16384,16,8192,357.676
2048,16384,16,16384,466.317
2048,16384,32,16,268.311
2048,16384,32,32,267.799
2048,16384,32,64,268.46
2048,16384,32,128,268.866
2048,16384,32,256,268.14
2048,16384,32,512,268.588
2048,16384,32,1024,269.527
2048,16384,32,2048,278.54
2048,16384,32,4096,305.388
2048,16384,32,8192,361.698
2048,16384,32,16384,467.8
2048,16384,64,16,268.46
2048,16384,64,32,268.545
2048,16384,64,64,268.407
2048,16384,64,128,267.937
2048,16384,64,256,268.887
2048,16384,64,512,271.041
2048,16384,64,1024,269.59
2048,16384,64,2048,282.327
2048,16384,64,4096,313.751
2048,16384,64,8192,367.853
2048,16384,64,16384,477.656
2048,16384,128,16,269.302
2048,16384,128,32,268.663
2048,16384,128,64,267.692
2048,16384,128,128,269.292
2048,16384,128,256,270.412
2048,16384,128,512,270.381
2048,16384,128,1024,279.457
2048,16384,128,2048,298.455
2048,16384,128,4096,335.404
2048,16384,128,8192,406.743
2048,16384,128,16384,553.635
