prefill_chunk,kv_prefill,n_decode,kv_decode,time_us
0,0,1,16,5.0089
0,0,1,32,5.0133
0,0,1,64,5.0222
0,0,1,128,5.0400
0,0,1,256,5.0755
0,0,1,512,5.1465
0,0,1,768,5.2176
0,0,1,1024,5.2886
0,0,1,1152,5.3241
0,0,1,1728,5.4840
0,0,1,2048,5.5728
0,0,1,2592,5.7237
0,0,1,3888,6.0834
0,0,1,4096,6.1411
0,0,1,5832,6.6229
0,0,1,8192,7.2778
0,0,1,8748,7.4321
0,0,1,13122,8.6459
0,0,1,16384,9.5511
0,0,2,16,5.0178
0,0,2,32,5.0266
0,0,2,64,5.0444
0,0,2,128,5.0799
0,0,2,256,5.1510
0,0,2,512,5.2930
0,0,2,768,5.4351
0,0,2,1024,5.5772
0,0,2,1152,5.6483
0,0,2,1728,5.9679
0,0,2,2048,6.1455
0,0,2,2592,6.4475
0,0,2,3888,7.1668
0,0,2,4096,7.2822
0,0,2,5832,8.2457
0,0,2,8192,9.5556
0,0,2,8748,9.8641
0,0,2,13122,12.2918
0,0,2,16384,14.1022
0,0,4,16,5.0355
0,0,4,32,5.0533
0,0,4,64,5.0888
0,0,4,128,5.1598
0,0,4,256,5.3019
0,0,4,512,5.5861
0,0,4,768,5.8703
0,0,4,1024,6.1544
0,0,4,1152,6.2965
0,0,4,1728,6.9359
0,0,4,2048,7.2911
0,0,4,2592,7.8950
0,0,4,3888,9.3335
0,0,4,4096,9.5644
0,0,4,5832,11.4914
0,0,4,8192,14.1111
0,0,4,8748,14.7283
0,0,4,13122,19.5835
0,0,4,16384,23.2044
0,0,8,16,5.0710
0,0,8,32,5.1066
0,0,8,64,5.1776
0,0,8,128,5.3197
0,0,8,256,5.6039
0,0,8,512,6.1722
0,0,8,768,6.7405
0,0,8,1024,7.3089
0,0,8,1152,7.5930
0,0,8,1728,8.8718
0,0,8,2048,9.5822
0,0,8,2592,10.7899
0,0,8,3888,13.6671
0,0,8,4096,14.1289
0,0,8,5832,17.9829
0,0,8,8192,23.2222
0,0,8,8748,24.4566
0,0,8,13122,34.1671
0,0,8,16384,41.4089
0,0,16,16,5.1421
0,0,16,32,5.2131
0,0,16,64,5.3552
0,0,16,128,5.6394
0,0,16,256,6.2077
0,0,16,512,7.3444
0,0,16,768,8.4810
0,0,16,1024,9.6177
0,0,16,1152,10.1860
0,0,16,1728,12.7435
0,0,16,2048,14.1644
0,0,16,2592,16.5798
0,0,16,3888,22.3342
0,0,16,4096,23.2577
0,0,16,5832,30.9658
0,0,16,8192,41.4444
0,0,16,8748,43.9131
0,0,16,13122,63.3341
0,0,16,16384,77.8178
0,0,32,16,5.2842
0,0,32,32,5.4263
0,0,32,64,5.7104
0,0,32,128,6.2788
0,0,32,256,7.4154
0,0,32,512,9.6888
0,0,32,768,11.9621
0,0,32,1024,14.2354
0,0,32,1152,15.3721
0,0,32,1728,20.4871
0,0,32,2048,23.3288
0,0,32,2592,28.1596
0,0,32,3888,39.6684
0,0,32,4096,41.5155
0,0,32,5832,56.9315
0,0,32,8192,77.8888
0,0,32,8748,82.8262
0,0,32,13122,121.6683
0,0,32,16384,150.6356
0,0,64,16,5.5683
0,0,64,32,5.8525
0,0,64,64,6.4208
0,0,64,128,7.5575
0,0,64,256,9.8308
0,0,64,512,14.3775
0,0,64,768,18.9242
0,0,64,1024,23.4709
0,0,64,1152,25.7442
0,0,64,1728,35.9742
0,0,64,2048,41.6575
0,0,64,2592,51.3192
0,0,64,3888,74.3367
0,0,64,4096,78.0309
0,0,64,5832,108.8630
0,0,64,8192,150.7776
0,0,64,8748,160.6524
0,0,64,13122,238.3366
0,0,64,16384,296.2711
0,0,128,16,6.1367
0,0,128,32,6.7050
0,0,128,64,7.8417
0,0,128,128,10.1150
0,0,128,256,14.6617
0,0,128,512,23.7550
0,0,128,768,32.8484
0,0,128,1024,41.9417
0,0,128,1152,46.4884
0,0,128,1728,66.9484
0,0,128,2048,78.3151
0,0,128,2592,97.6384
0,0,128,3888,143.6735
0,0,128,4096,151.0618
0,0,128,5832,212.7260
0,0,128,8192,296.5553
0,0,128,8748,316.3049
0,0,128,13122,471.6732
0,0,128,16384,587.5422
0,0,256,16,7.2733
0,0,256,32,8.4100
0,0,256,64,10.6833
0,0,256,128,15.2300
0,0,256,256,24.3234
0,0,256,512,42.5100
0,0,256,768,60.6967
0,0,256,1024,78.8834
0,0,256,1152,87.9767
0,0,256,1728,128.8968
0,0,256,2048,151.6301
0,0,256,2592,190.2768
0,0,256,3888,282.3469
0,0,256,4096,297.1236
0,0,256,5832,420.4521
0,0,256,8192,588.1106
0,0,256,8748,627.6098
0,0,256,13122,938.3463
0,0,256,16384,1170.0844
16,0,0,0,5.0755
16,0,1,16,5.0844
16,0,1,32,5.0888
16,0,1,64,5.0977
16,0,1,128,5.1154
16,0,1,256,5.1510
16,0,1,512,5.2220
16,0,1,768,5.2930
16,0,1,1024,5.3641
16,0,1,1152,5.3996
16,0,1,1728,5.5595
16,0,1,2048,5.6483
16,0,1,2592,5.7992
16,0,1,3888,6.1589
16,0,1,4096,6.2166
16,0,1,5832,6.6983
16,0,1,8192,7.3533
16,0,1,8748,7.5076
16,0,1,13122,8.7214
16,0,1,16384,9.6266
16,0,2,16,5.0932
16,0,2,32,5.1021
16,0,2,64,5.1199
16,0,2,128,5.1554
16,0,2,256,5.2264
16,0,2,512,5.3685
16,0,2,768,5.5106
16,0,2,1024,5.6527
16,0,2,1152,5.7237
16,0,2,1728,6.0434
16,0,2,2048,6.2210
16,0,2,2592,6.5230
16,0,2,3888,7.2423
16,0,2,4096,7.3577
16,0,2,5832,8.3212
16,0,2,8192,9.6310
16,0,2,8748,9.9396
16,0,2,13122,12.3672
16,0,2,16384,14.1777
16,0,4,16,5.1110
16,0,4,32,5.1288
16,0,4,64,5.1643
16,0,4,128,5.2353
16,0,4,256,5.3774
16,0,4,512,5.6616
16,0,4,768,5.9457
16,0,4,1024,6.2299
16,0,4,1152,6.3720
16,0,4,1728,7.0114
16,0,4,2048,7.3666
16,0,4,2592,7.9704
16,0,4,3888,9.4090
16,0,4,4096,9.6399
16,0,4,5832,11.5669
16,0,4,8192,14.1866
16,0,4,8748,14.8038
16,0,4,13122,19.6590
16,0,4,16384,23.2799
16,0,8,16,5.1465
16,0,8,32,5.1820
16,0,8,64,5.2531
16,0,8,128,5.3952
16,0,8,256,5.6793
16,0,8,512,6.2477
16,0,8,768,6.8160
16,0,8,1024,7.3843
16,0,8,1152,7.6685
16,0,8,1728,8.9473
16,0,8,2048,9.6577
16,0,8,2592,10.8654
16,0,8,3888,13.7426
16,0,8,4096,14.2043
16,0,8,5832,18.0584
16,0,8,8192,23.2977
16,0,8,8748,24.5320
16,0,8,13122,34.2426
16,0,8,16384,41.4844
16,0,16,16,5.2176
16,0,16,32,5.2886
16,0,16,64,5.4307
16,0,16,128,5.7149
16,0,16,256,6.2832
16,0,16,512,7.4199
16,0,16,768,8.5565
16,0,16,1024,9.6932
16,0,16,1152,10.2615
16,0,16,1728,12.8190
16,0,16,2048,14.2399
16,0,16,2592,16.6553
16,0,16,3888,22.4097
16,0,16,4096,23.3332
16,0,16,5832,31.0412
16,0,16,8192,41.5199
16,0,16,8748,43.9886
16,0,16,13122,63.4096
16,0,16,16384,77.8933
16,0,32,16,5.3596
16,0,32,32,5.5017
16,0,32,64,5.7859
16,0,32,128,6.3542
16,0,32,256,7.4909
16,0,32,512,9.7642
16,0,32,768,12.0376
16,0,32,1024,14.3109
16,0,32,1152,15.4476
16,0,32,1728,20.5626
16,0,32,2048,23.4042
16,0,32,2592,28.2351
16,0,32,3888,39.7438
16,0,32,4096,41.5909
16,0,32,5832,57.0070
16,0,32,8192,77.9643
16,0,32,8748,82.9017
16,0,32,13122,121.7438
16,0,32,16384,150.7110
16,0,64,16,5.6438
16,0,64,32,5.9280
16,0,64,64,6.4963
16,0,64,128,7.6330
16,0,64,256,9.9063
16,0,64,512,14.4530
16,0,64,768,18.9997
16,0,64,1024,23.5463
16,0,64,1152,25.8197
16,0,64,1728,36.0497
16,0,64,2048,41.7330
16,0,64,2592,51.3947
16,0,64,3888,74.4122
16,0,64,4096,78.1064
16,0,64,5832,108.9385
16,0,64,8192,150.8531
16,0,64,8748,160.7279
16,0,64,13122,238.4121
16,0,64,16384,296.3466
16,0,128,16,6.2121
16,0,128,32,6.7805
16,0,128,64,7.9172
16,0,128,128,10.1905
16,0,128,256,14.7372
16,0,128,512,23.8305
16,0,128,768,32.9238
16,0,128,1024,42.0172
16,0,128,1152,46.5639
16,0,128,1728,67.0239
16,0,128,2048,78.3906
16,0,128,2592,97.7139
16,0,128,3888,143.7489
16,0,128,4096,151.1373
16,0,128,5832,212.8015
16,0,128,8192,296.6308
16,0,128,8748,316.3804
16,0,128,13122,471.7486
16,0,128,16384,587.6177
16,16,0,0,5.0799
16,16,1,16,5.0888
16,16,1,32,5.0932
16,16,1,64,5.1021
16,16,1,128,5.1199
16,16,1,256,5.1554
16,16,1,512,5.2264
16,16,1,1024,5.3685
16,16,1,2048,5.6527
16,16,1,4096,6.2210
16,16,1,8192,7.3577
16,16,1,16384,9.6310
16,16,2,16,5.0977
16,16,2,32,5.1066
16,16,2,64,5.1243
16,16,2,128,5.1598
16,16,2,256,5.2309
16,16,2,512,5.3730
16,16,2,1024,5.6571
16,16,2,2048,6.2255
16,16,2,4096,7.3621
16,16,2,8192,9.6355
16,16,2,16384,14.1821
16,16,4,16,5.1154
16,16,4,32,5.1332
16,16,4,64,5.1687
16,16,4,128,5.2398
16,16,4,256,5.3818
16,16,4,512,5.6660
16,16,4,1024,6.2344
16,16,4,2048,7.3710
16,16,4,4096,9.6444
16,16,4,8192,14.1910
16,16,4,16384,23.2844
16,16,8,16,5.1510
16,16,8,32,5.1865
16,16,8,64,5.2575
16,16,8,128,5.3996
16,16,8,256,5.6838
16,16,8,512,6.2521
16,16,8,1024,7.3888
16,16,8,2048,9.6621
16,16,8,4096,14.2088
16,16,8,8192,23.3021
16,16,8,16384,41.4888
16,16,16,16,5.2220
16,16,16,32,5.2930
16,16,16,64,5.4351
16,16,16,128,5.7193
16,16,16,256,6.2876
16,16,16,512,7.4243
16,16,16,1024,9.6976
16,16,16,2048,14.2443
16,16,16,4096,23.3376
16,16,16,8192,41.5243
16,16,16,16384,77.8977
16,16,32,16,5.3641
16,16,32,32,5.5062
16,16,32,64,5.7903
16,16,32,128,6.3587
16,16,32,256,7.4953
16,16,32,512,9.7687
16,16,32,1024,14.3153
16,16,32,2048,23.4087
16,16,32,4096,41.5954
16,16,32,8192,77.9687
16,16,32,16384,150.7155
16,16,64,16,5.6483
16,16,64,32,5.9324
16,16,64,64,6.5008
16,16,64,128,7.6374
16,16,64,256,9.9108
16,16,64,512,14.4574
16,16,64,1024,23.5508
16,16,64,2048,41.7375
16,16,64,4096,78.1108
16,16,64,8192,150.8576
16,16,64,16384,296.3510
16,16,128,16,6.2166
16,16,128,32,6.7849
16,16,128,64,7.9216
16,16,128,128,10.1949
16,16,128,256,14.7416
16,16,128,512,23.8349
16,16,128,1024,42.0216
16,16,128,2048,78.3950
16,16,128,4096,151.1417
16,16,128,8192,296.6352
16,16,128,16384,587.6221
16,32,0,0,5.0844
16,32,1,16,5.0932
16,32,1,32,5.0977
16,32,1,64,5.1066
16,32,1,128,5.1243
16,32,1,256,5.1598
16,32,1,512,5.2309
16,32,1,1024,5.3730
16,32,1,2048,5.6571
16,32,1,4096,6.2255
16,32,1,8192,7.3621
16,32,1,16384,9.6355
16,32,2,16,5.1021
16,32,2,32,5.1110
16,32,2,64,5.1288
16,32,2,128,5.1643
16,32,2,256,5.2353
16,32,2,512,5.3774
16,32,2,1024,5.6616
16,32,2,2048,6.2299
16,32,2,4096,7.3666
16,32,2,8192,9.6399
16,32,2,16384,14.1866
16,32,4,16,5.1199
16,32,4,32,5.1376
16,32,4,64,5.1732
16,32,4,128,5.2442
16,32,4,256,5.3863
16,32,4,512,5.6705
16,32,4,1024,6.2388
16,32,4,2048,7.3755
16,32,4,4096,9.6488
16,32,4,8192,14.1955
16,32,4,16384,23.2888
16,32,8,16,5.1554
16,32,8,32,5.1909
16,32,8,64,5.2620
16,32,8,128,5.4040
16,32,8,256,5.6882
16,32,8,512,6.2566
16,32,8,1024,7.3932
16,32,8,2048,9.6666
16,32,8,4096,14.2132
16,32,8,8192,23.3066
16,32,8,16384,41.4933
16,32,16,16,5.2264
16,32,16,32,5.2975
16,32,16,64,5.4396
16,32,16,128,5.7237
16,32,16,256,6.2921
16,32,16,512,7.4287
16,32,16,1024,9.7021
16,32,16,2048,14.2487
16,32,16,4096,23.3421
16,32,16,8192,41.5288
16,32,16,16384,77.9021
16,32,32,16,5.3685
16,32,32,32,5.5106
16,32,32,64,5.7948
16,32,32,128,6.3631
16,32,32,256,7.4998
16,32,32,512,9.7731
16,32,32,1024,14.3198
16,32,32,2048,23.4131
16,32,32,4096,41.5998
16,32,32,8192,77.9732
16,32,32,16384,150.7199
16,32,64,16,5.6527
16,32,64,32,5.9369
16,32,64,64,6.5052
16,32,64,128,7.6419
16,32,64,256,9.9152
16,32,64,512,14.4619
16,32,64,1024,23.5552
16,32,64,2048,41.7419
16,32,64,4096,78.1153
16,32,64,8192,150.8620
16,32,64,16384,296.3555
16,32,128,16,6.2210
16,32,128,32,6.7894
16,32,128,64,7.9260
16,32,128,128,10.1994
16,32,128,256,14.7460
16,32,128,512,23.8394
16,32,128,1024,42.0261
16,32,128,2048,78.3994
16,32,128,4096,151.1462
16,32,128,8192,296.6396
16,32,128,16384,587.6266
16,64,0,0,5.0932
16,64,1,16,5.1021
16,64,1,32,5.1066
16,64,1,64,5.1154
16,64,1,128,5.1332
16,64,1,256,5.1687
16,64,1,512,5.2398
16,64,1,1024,5.3818
16,64,1,2048,5.6660
16,64,1,4096,6.2344
16,64,1,8192,7.3710
16,64,1,16384,9.6444
16,64,2,16,5.1110
16,64,2,32,5.1199
16,64,2,64,5.1376
16,64,2,128,5.1732
16,64,2,256,5.2442
16,64,2,512,5.3863
16,64,2,1024,5.6705
16,64,2,2048,6.2388
16,64,2,4096,7.3755
16,64,2,8192,9.6488
16,64,2,16384,14.1955
16,64,4,16,5.1288
16,64,4,32,5.1465
16,64,4,64,5.1820
16,64,4,128,5.2531
16,64,4,256,5.3952
16,64,4,512,5.6793
16,64,4,1024,6.2477
16,64,4,2048,7.3843
16,64,4,4096,9.6577
16,64,4,8192,14.2043
16,64,4,16384,23.2977
16,64,8,16,5.1643
16,64,8,32,5.1998
16,64,8,64,5.2708
16,64,8,128,5.4129
16,64,8,256,5.6971
16,64,8,512,6.2654
16,64,8,1024,7.4021
16,64,8,2048,9.6754
16,64,8,4096,14.2221
16,64,8,8192,23.3154
16,64,8,16384,41.5021
16,64,16,16,5.2353
16,64,16,32,5.3064
16,64,16,64,5.4485
16,64,16,128,5.7326
16,64,16,256,6.3010
16,64,16,512,7.4376
16,64,16,1024,9.7110
16,64,16,2048,14.2576
16,64,16,4096,23.3510
16,64,16,8192,41.5377
16,64,16,16384,77.9110
16,64,32,16,5.3774
16,64,32,32,5.5195
16,64,32,64,5.8037
16,64,32,128,6.3720
16,64,32,256,7.5087
16,64,32,512,9.7820
16,64,32,1024,14.3287
16,64,32,2048,23.4220
16,64,32,4096,41.6087
16,64,32,8192,77.9821
16,64,32,16384,150.7288
16,64,64,16,5.6616
16,64,64,32,5.9457
16,64,64,64,6.5141
16,64,64,128,7.6507
16,64,64,256,9.9241
16,64,64,512,14.4708
16,64,64,1024,23.5641
16,64,64,2048,41.7508
16,64,64,4096,78.1241
16,64,64,8192,150.8709
16,64,64,16384,296.3644
16,64,128,16,6.2299
16,64,128,32,6.7982
16,64,128,64,7.9349
16,64,128,128,10.2082
16,64,128,256,14.7549
16,64,128,512,23.8483
16,64,128,1024,42.0349
16,64,128,2048,78.4083
16,64,128,4096,151.1550
16,64,128,8192,296.6485
16,64,128,16384,587.6355
16,128,0,0,5.1110
16,128,1,16,5.1199
16,128,1,32,5.1243
16,128,1,64,5.1332
16,128,1,128,5.1510
16,128,1,256,5.1865
16,128,1,512,5.2575
16,128,1,1024,5.3996
16,128,1,2048,5.6838
16,128,1,4096,6.2521
16,128,1,8192,7.3888
16,128,1,16384,9.6621
16,128,2,16,5.1288
16,128,2,32,5.1376
16,128,2,64,5.1554
16,128,2,128,5.1909
16,128,2,256,5.2620
16,128,2,512,5.4040
16,128,2,1024,5.6882
16,128,2,2048,6.2566
16,128,2,4096,7.3932
16,128,2,8192,9.6666
16,128,2,16384,14.2132
16,128,4,16,5.1465
16,128,4,32,5.1643
16,128,4,64,5.1998
16,128,4,128,5.2708
16,128,4,256,5.4129
16,128,4,512,5.6971
16,128,4,1024,6.2654
16,128,4,2048,7.4021
16,128,4,4096,9.6754
16,128,4,8192,14.2221
16,128,4,16384,23.3154
16,128,8,16,5.1820
16,128,8,32,5.2176
16,128,8,64,5.2886
16,128,8,128,5.4307
16,128,8,256,5.7149
16,128,8,512,6.2832
16,128,8,1024,7.4199
16,128,8,2048,9.6932
16,128,8,4096,14.2399
16,128,8,8192,23.3332
16,128,8,16384,41.5199
16,128,16,16,5.2531
16,128,16,32,5.3241
16,128,16,64,5.4662
16,128,16,128,5.7504
16,128,16,256,6.3187
16,128,16,512,7.4554
16,128,16,1024,9.7287
16,128,16,2048,14.2754
16,128,16,4096,23.3687
16,128,16,8192,41.5554
16,128,16,16384,77.9288
16,128,32,16,5.3952
16,128,32,32,5.5373
16,128,32,64,5.8214
16,128,32,128,6.3898
16,128,32,256,7.5264
16,128,32,512,9.7998
16,128,32,1024,14.3464
16,128,32,2048,23.4398
16,128,32,4096,41.6265
16,128,32,8192,77.9998
16,128,32,16384,150.7466
16,128,64,16,5.6793
16,128,64,32,5.9635
16,128,64,64,6.5318
16,128,64,128,7.6685
16,128,64,256,9.9418
16,128,64,512,14.4885
16,128,64,1024,23.5819
16,128,64,2048,41.7685
16,128,64,4096,78.1419
16,128,64,8192,150.8886
16,128,64,16384,296.3821
16,128,128,16,6.2477
16,128,128,32,6.8160
16,128,128,64,7.9527
16,128,128,128,10.2260
16,128,128,256,14.7727
16,128,128,512,23.8660
16,128,128,1024,42.0527
16,128,128,2048,78.4261
16,128,128,4096,151.1728
16,128,128,8192,296.6663
16,128,128,16384,587.6532
16,256,0,0,5.1465
16,256,1,16,5.1554
16,256,1,32,5.1598
16,256,1,64,5.1687
16,256,1,128,5.1865
16,256,1,256,5.2220
16,256,1,512,5.2930
16,256,1,1024,5.4351
16,256,1,2048,5.7193
16,256,1,4096,6.2876
16,256,1,8192,7.4243
16,256,1,16384,9.6976
16,256,2,16,5.1643
16,256,2,32,5.1732
16,256,2,64,5.1909
16,256,2,128,5.2264
16,256,2,256,5.2975
16,256,2,512,5.4396
16,256,2,1024,5.7237
16,256,2,2048,6.2921
16,256,2,4096,7.4287
16,256,2,8192,9.7021
16,256,2,16384,14.2487
16,256,4,16,5.1820
16,256,4,32,5.1998
16,256,4,64,5.2353
16,256,4,128,5.3064
16,256,4,256,5.4485
16,256,4,512,5.7326
16,256,4,1024,6.3010
16,256,4,2048,7.4376
16,256,4,4096,9.7110
16,256,4,8192,14.2576
16,256,4,16384,23.3510
16,256,8,16,5.2176
16,256,8,32,5.2531
16,256,8,64,5.3241
16,256,8,128,5.4662
16,256,8,256,5.7504
16,256,8,512,6.3187
16,256,8,1024,7.4554
16,256,8,2048,9.7287
16,256,8,4096,14.2754
16,256,8,8192,23.3687
16,256,8,16384,41.5554
16,256,16,16,5.2886
16,256,16,32,5.3596
16,256,16,64,5.5017
16,256,16,128,5.7859
16,256,16,256,6.3542
16,256,16,512,7.4909
16,256,16,1024,9.7642
16,256,16,2048,14.3109
16,256,16,4096,23.4042
16,256,16,8192,41.5909
16,256,16,16384,77.9643
16,256,32,16,5.4307
16,256,32,32,5.5728
16,256,32,64,5.8569
16,256,32,128,6.4253
16,256,32,256,7.5619
16,256,32,512,9.8353
16,256,32,1024,14.3819
16,256,32,2048,23.4753
16,256,32,4096,41.6620
16,256,32,8192,78.0353
16,256,32,16384,150.7821
16,256,64,16,5.7149
16,256,64,32,5.9990
16,256,64,64,6.5674
16,256,64,128,7.7040
16,256,64,256,9.9774
16,256,64,512,14.5240
16,256,64,1024,23.6174
16,256,64,2048,41.8041
16,256,64,4096,78.1774
16,256,64,8192,150.9242
16,256,64,16384,296.4176
16,256,128,16,6.2832
16,256,128,32,6.8515
16,256,128,64,7.9882
16,256,128,128,10.2615
16,256,128,256,14.8082
16,256,128,512,23.9015
16,256,128,1024,42.0882
16,256,128,2048,78.4616
16,256,128,4096,151.2083
16,256,128,8192,296.7018
16,256,128,16384,587.6887
16,512,0,0,5.2176
16,512,1,16,5.2264
16,512,1,32,5.2309
16,512,1,64,5.2398
16,512,1,128,5.2575
16,512,1,256,5.2930
16,512,1,512,5.3641
16,512,1,768,5.4351
16,512,1,1024,5.5062
16,512,1,1152,5.5417
16,512,1,1728,5.7015
16,512,1,2048,5.7903
16,512,1,2592,5.9413
16,512,1,3888,6.3010
16,512,1,4096,6.3587
16,512,1,5832,6.8404
16,512,1,8192,7.4953
16,512,1,8748,7.6496
16,512,1,13122,8.8634
16,512,1,16384,9.7687
16,512,2,16,5.2353
16,512,2,32,5.2442
16,512,2,64,5.2620
16,512,2,128,5.2975
16,512,2,256,5.3685
16,512,2,512,5.5106
16,512,2,768,5.6527
16,512,2,1024,5.7948
16,512,2,1152,5.8658
16,512,2,1728,6.1855
16,512,2,2048,6.3631
16,512,2,2592,6.6650
16,512,2,3888,7.3843
16,512,2,4096,7.4998
16,512,2,5832,8.4633
16,512,2,8192,9.7731
16,512,2,8748,10.0817
16,512,2,13122,12.5093
16,512,2,16384,14.3198
16,512,4,16,5.2531
16,512,4,32,5.2708
16,512,4,64,5.3064
16,512,4,128,5.3774
16,512,4,256,5.5195
16,512,4,512,5.8037
16,512,4,768,6.0878
16,512,4,1024,6.3720
16,512,4,1152,6.5141
16,512,4,1728,7.1535
16,512,4,2048,7.5087
16,512,4,2592,8.1125
16,512,4,3888,9.5511
16,512,4,4096,9.7820
16,512,4,5832,11.7090
16,512,4,8192,14.3287
16,512,4,8748,14.9458
16,512,4,13122,19.8011
16,512,4,16384,23.4220
16,512,8,16,5.2886
16,512,8,32,5.3241
16,512,8,64,5.3952
16,512,8,128,5.5373
16,512,8,256,5.8214
16,512,8,512,6.3898
16,512,8,768,6.9581
16,512,8,1024,7.5264
16,512,8,1152,7.8106
16,512,8,1728,9.0893
16,512,8,2048,9.7998
16,512,8,2592,11.0075
16,512,8,3888,13.8847
16,512,8,4096,14.3464
16,512,8,5832,18.2004
16,512,8,8192,23.4398
16,512,8,8748,24.6741
16,512,8,13122,34.3846
16,512,8,16384,41.6265
16,512,16,16,5.3596
16,512,16,32,5.4307
16,512,16,64,5.5728
16,512,16,128,5.8569
16,512,16,256,6.4253
16,512,16,512,7.5619
16,512,16,768,8.6986
16,512,16,1024,9.8353
16,512,16,1152,10.4036
16,512,16,1728,12.9611
16,512,16,2048,14.3819
16,512,16,2592,16.7974
16,512,16,3888,22.5517
16,512,16,4096,23.4753
16,512,16,5832,31.1833
16,512,16,8192,41.6620
16,512,16,8748,44.1307
16,512,16,13122,63.5517
16,512,16,16384,78.0353
16,512,32,16,5.5017
16,512,32,32,5.6438
16,512,32,64,5.9280
16,512,32,128,6.4963
16,512,32,256,7.6330
16,512,32,512,9.9063
16,512,32,768,12.1797
16,512,32,1024,14.4530
16,512,32,1152,15.5897
16,512,32,1728,20.7047
16,512,32,2048,23.5463
16,512,32,2592,28.3772
16,512,32,3888,39.8859
16,512,32,4096,41.7330
16,512,32,5832,57.1491
16,512,32,8192,78.1064
16,512,32,8748,83.0438
16,512,32,13122,121.8859
16,512,32,16384,150.8531
16,512,64,16,5.7859
16,512,64,32,6.0701
16,512,64,64,6.6384
16,512,64,128,7.7751
16,512,64,256,10.0484
16,512,64,512,14.5951
16,512,64,768,19.1417
16,512,64,1024,23.6884
16,512,64,1152,25.9618
16,512,64,1728,36.1918
16,512,64,2048,41.8751
16,512,64,2592,51.5368
16,512,64,3888,74.5543
16,512,64,4096,78.2485
16,512,64,5832,109.0806
16,512,64,8192,150.9952
16,512,64,8748,160.8700
16,512,64,13122,238.5541
16,512,64,16384,296.4887
16,512,128,16,6.3542
16,512,128,32,6.9226
16,512,128,64,8.0592
16,512,128,128,10.3326
16,512,128,256,14.8792
16,512,128,512,23.9726
16,512,128,768,33.0659
16,512,128,1024,42.1593
16,512,128,1152,46.7059
16,512,128,1728,67.1660
16,512,128,2048,78.5326
16,512,128,2592,97.8560
16,512,128,3888,143.8910
16,512,128,4096,151.2794
16,512,128,5832,212.9436
16,512,128,8192,296.7728
16,512,128,8748,316.5224
16,512,128,13122,471.8907
16,512,128,16384,587.7598
16,768,0,0,5.2886
16,768,1,512,5.4351
16,768,1,768,5.5062
16,768,1,1152,5.6127
16,768,1,1728,5.7726
16,768,1,2592,6.0123
16,768,1,3888,6.3720
16,768,1,5832,6.9115
16,768,1,8748,7.7207
16,768,1,13122,8.9345
16,768,1,16384,9.8397
16,768,2,512,5.5817
16,768,2,768,5.7237
16,768,2,1152,5.9369
16,768,2,1728,6.2566
16,768,2,2592,6.7361
16,768,2,3888,7.4554
16,768,2,5832,8.5343
16,768,2,8748,10.1527
16,768,2,13122,12.5804
16,768,2,16384,14.3908
16,768,4,512,5.8747
16,768,4,768,6.1589
16,768,4,1152,6.5851
16,768,4,1728,7.2245
16,768,4,2592,8.1836
16,768,4,3888,9.6222
16,768,4,5832,11.7800
16,768,4,8748,15.0169
16,768,4,13122,19.8721
16,768,4,16384,23.4931
16,768,8,512,6.4608
16,768,8,768,7.0291
16,768,8,1152,7.8816
16,768,8,1728,9.1604
16,768,8,2592,11.0785
16,768,8,3888,13.9557
16,768,8,5832,18.2715
16,768,8,8748,24.7452
16,768,8,13122,34.4557
16,768,8,16384,41.6975
16,768,16,512,7.6330
16,768,16,768,8.7697
16,768,16,1152,10.4747
16,768,16,1728,13.0322
16,768,16,2592,16.8684
16,768,16,3888,22.6228
16,768,16,5832,31.2544
16,768,16,8748,44.2017
16,768,16,13122,63.6228
16,768,16,16384,78.1064
16,768,32,512,9.9774
16,768,32,768,12.2507
16,768,32,1152,15.6607
16,768,32,1728,20.7757
16,768,32,2592,28.4482
16,768,32,3888,39.9570
16,768,32,5832,57.2201
16,768,32,8748,83.1148
16,768,32,13122,121.9569
16,768,32,16384,150.9242
16,768,64,512,14.6661
16,768,64,768,19.2128
16,768,64,1152,26.0328
16,768,64,1728,36.2628
16,768,64,2592,51.6078
16,768,64,3888,74.6253
16,768,64,5832,109.1516
16,768,64,8748,160.9410
16,768,64,13122,238.6252
16,768,64,16384,296.5597
16,768,128,512,24.0436
16,768,128,768,33.1370
16,768,128,1152,46.7770
16,768,128,1728,67.2370
16,768,128,2592,97.9270
16,768,128,3888,143.9621
16,768,128,5832,213.0146
16,768,128,8748,316.5935
16,768,128,13122,471.9618
16,768,128,16384,587.8308
16,1024,0,0,5.3596
16,1024,1,16,5.3685
16,1024,1,32,5.3730
16,1024,1,64,5.3818
16,1024,1,128,5.3996
16,1024,1,256,5.4351
16,1024,1,512,5.5062
16,1024,1,1024,5.6483
16,1024,1,2048,5.9324
16,1024,1,4096,6.5008
16,1024,1,8192,7.6374
16,1024,1,16384,9.9108
16,1024,2,16,5.3774
16,1024,2,32,5.3863
16,1024,2,64,5.4040
16,1024,2,128,5.4396
16,1024,2,256,5.5106
16,1024,2,512,5.6527
16,1024,2,1024,5.9369
16,1024,2,2048,6.5052
16,1024,2,4096,7.6419
16,1024,2,8192,9.9152
16,1024,2,16384,14.4619
16,1024,4,16,5.3952
16,1024,4,32,5.4129
16,1024,4,64,5.4485
16,1024,4,128,5.5195
16,1024,4,256,5.6616
16,1024,4,512,5.9457
16,1024,4,1024,6.5141
16,1024,4,2048,7.6507
16,1024,4,4096,9.9241
16,1024,4,8192,14.4708
16,1024,4,16384,23.5641
16,1024,8,16,5.4307
16,1024,8,32,5.4662
16,1024,8,64,5.5373
16,1024,8,128,5.6793
16,1024,8,256,5.9635
16,1024,8,512,6.5318
16,1024,8,1024,7.6685
16,1024,8,2048,9.9418
16,1024,8,4096,14.4885
16,1024,8,8192,23.5819
16,1024,8,16384,41.7685
16,1024,16,16,5.5017
16,1024,16,32,5.5728
16,1024,16,64,5.7149
16,1024,16,128,5.9990
16,1024,16,256,6.5674
16,1024,16,512,7.7040
16,1024,16,1024,9.9774
16,1024,16,2048,14.5240
16,1024,16,4096,23.6174
16,1024,16,8192,41.8041
16,1024,16,16384,78.1774
16,1024,32,16,5.6438
16,1024,32,32,5.7859
16,1024,32,64,6.0701
16,1024,32,128,6.6384
16,1024,32,256,7.7751
16,1024,32,512,10.0484
16,1024,32,1024,14.5951
16,1024,32,2048,23.6884
16,1024,32,4096,41.8751
16,1024,32,8192,78.2485
16,1024,32,16384,150.9952
16,1024,64,16,5.9280
16,1024,64,32,6.2121
16,1024,64,64,6.7805
16,1024,64,128,7.9172
16,1024,64,256,10.1905
16,1024,64,512,14.7372
16,1024,64,1024,23.8305
16,1024,64,2048,42.0172
16,1024,64,4096,78.3906
16,1024,64,8192,151.1373
16,1024,64,16384,296.6308
16,1024,128,16,6.4963
16,1024,128,32,7.0647
16,1024,128,64,8.2013
16,1024,128,128,10.4747
16,1024,128,256,15.0213
16,1024,128,512,24.1147
16,1024,128,1024,42.3014
16,1024,128,2048,78.6747
16,1024,128,4096,151.4215
16,1024,128,8192,296.9149
16,1024,128,16384,587.9019
16,1152,0,0,5.3952
16,1152,1,512,5.5417
16,1152,1,768,5.6127
16,1152,1,1152,5.7193
16,1152,1,1728,5.8791
16,1152,1,2592,6.1189
16,1152,1,3888,6.4786
16,1152,1,5832,7.0180
16,1152,1,8748,7.8272
16,1152,1,13122,9.0411
16,1152,1,16384,9.9463
16,1152,2,512,5.6882
16,1152,2,768,5.8303
16,1152,2,1152,6.0434
16,1152,2,1728,6.3631
16,1152,2,2592,6.8426
16,1152,2,3888,7.5619
16,1152,2,5832,8.6409
16,1152,2,8748,10.2593
16,1152,2,13122,12.6869
16,1152,2,16384,14.4974
16,1152,4,512,5.9813
16,1152,4,768,6.2654
16,1152,4,1152,6.6917
16,1152,4,1728,7.3311
16,1152,4,2592,8.2901
16,1152,4,3888,9.7287
16,1152,4,5832,11.8866
16,1152,4,8748,15.1234
16,1152,4,13122,19.9787
16,1152,4,16384,23.5996
16,1152,8,512,6.5674
16,1152,8,768,7.1357
16,1152,8,1152,7.9882
16,1152,8,1728,9.2669
16,1152,8,2592,11.1851
16,1152,8,3888,14.0623
16,1152,8,5832,18.3780
16,1152,8,8748,24.8517
16,1152,8,13122,34.5622
16,1152,8,16384,41.8041
16,1152,16,512,7.7395
16,1152,16,768,8.8762
16,1152,16,1152,10.5812
16,1152,16,1728,13.1387
16,1152,16,2592,16.9750
16,1152,16,3888,22.7294
16,1152,16,5832,31.3609
16,1152,16,8748,44.3083
16,1152,16,13122,63.7293
16,1152,16,16384,78.2129
16,1152,32,512,10.0839
16,1152,32,768,12.3573
16,1152,32,1152,15.7673
16,1152,32,1728,20.8823
16,1152,32,2592,28.5548
16,1152,32,3888,40.0635
16,1152,32,5832,57.3267
16,1152,32,8748,83.2214
16,1152,32,13122,122.0635
16,1152,32,16384,151.0307
16,1152,64,512,14.7727
16,1152,64,768,19.3193
16,1152,64,1152,26.1394
16,1152,64,1728,36.3694
16,1152,64,2592,51.7144
16,1152,64,3888,74.7319
16,1152,64,5832,109.2582
16,1152,64,8748,161.0476
16,1152,64,13122,238.7317
16,1152,64,16384,296.6663
16,1152,128,512,24.1502
16,1152,128,768,33.2435
16,1152,128,1152,46.8835
16,1152,128,1728,67.3436
16,1152,128,2592,98.0336
16,1152,128,3888,144.0686
16,1152,128,5832,213.1212
16,1152,128,8748,316.7000
16,1152,128,13122,472.0683
16,1152,128,16384,587.9374
16,1728,0,0,5.5636
16,1728,1,512,5.7015
16,1728,1,768,5.7726
16,1728,1,1152,5.8791
16,1728,1,1728,6.0390
16,1728,1,2592,6.2788
16,1728,1,3888,6.6384
16,1728,1,5832,7.1779
16,1728,1,8748,7.9871
16,1728,1,13122,9.2009
16,1728,1,16384,10.1061
16,1728,2,512,5.8481
16,1728,2,768,5.9901
16,1728,2,1152,6.2033
16,1728,2,1728,6.5230
16,1728,2,2592,7.0025
16,1728,2,3888,7.7218
16,1728,2,5832,8.8007
16,1728,2,8748,10.4192
16,1728,2,13122,12.8468
16,1728,2,16384,14.6572
16,1728,4,512,6.1411
16,1728,4,768,6.4253
16,1728,4,1152,6.8515
16,1728,4,1728,7.4909
16,1728,4,2592,8.4500
16,1728,4,3888,9.8886
16,1728,4,5832,12.0465
16,1728,4,8748,15.2833
16,1728,4,13122,20.1385
16,1728,4,16384,23.7595
16,1728,8,512,6.7272
16,1728,8,768,7.2955
16,1728,8,1152,8.1480
16,1728,8,1728,9.4268
16,1728,8,2592,11.3449
16,1728,8,3888,14.2221
16,1728,8,5832,18.5379
16,1728,8,8748,25.0116
16,1728,8,13122,34.7221
16,1728,8,16384,41.9639
16,1728,16,512,7.8994
16,1728,16,768,9.0361
16,1728,16,1152,10.7411
16,1728,16,1728,13.2986
16,1728,16,2592,17.1348
16,1728,16,3888,22.8892
16,1728,16,5832,31.5208
16,1728,16,8748,44.4681
16,1728,16,13122,63.8892
16,1728,16,16384,78.3728
16,1728,32,512,10.2438
16,1728,32,768,12.5171
16,1728,32,1152,15.9271
16,1728,32,1728,21.0421
16,1728,32,2592,28.7146
16,1728,32,3888,40.2234
16,1728,32,5832,57.4865
16,1728,32,8748,83.3812
16,1728,32,13122,122.2233
16,1728,32,16384,151.1906
16,1728,64,512,14.9325
16,1728,64,768,19.4792
16,1728,64,1152,26.2992
16,1728,64,1728,36.5292
16,1728,64,2592,51.8742
16,1728,64,3888,74.8917
16,1728,64,5832,109.4180
16,1728,64,8748,161.2075
16,1728,64,13122,238.8916
16,1728,64,16384,296.8261
16,1728,128,512,24.3100
16,1728,128,768,33.4034
16,1728,128,1152,47.0434
16,1728,128,1728,67.5034
16,1728,128,2592,98.1934
16,1728,128,3888,144.2285
16,1728,128,5832,213.2810
16,1728,128,8748,316.8599
16,1728,128,13122,472.2282
16,1728,128,16384,588.0972
16,2048,0,0,5.6675
16,2048,1,16,5.6678
16,2048,1,32,5.6681
16,2048,1,64,5.6688
16,2048,1,128,5.6838
16,2048,1,256,5.7193
16,2048,1,512,5.7903
16,2048,1,1024,5.9324
16,2048,1,2048,6.2166
16,2048,1,4096,6.7849
16,2048,1,8192,7.9216
16,2048,1,16384,10.1949
16,2048,2,16,5.6681
16,2048,2,32,5.6705
16,2048,2,64,5.6882
16,2048,2,128,5.7237
16,2048,2,256,5.7948
16,2048,2,512,5.9369
16,2048,2,1024,6.2210
16,2048,2,2048,6.7894
16,2048,2,4096,7.9260
16,2048,2,8192,10.1994
16,2048,2,16384,14.7460
16,2048,4,16,5.6793
16,2048,4,32,5.6971
16,2048,4,64,5.7326
16,2048,4,128,5.8037
16,2048,4,256,5.9457
16,2048,4,512,6.2299
16,2048,4,1024,6.7982
16,2048,4,2048,7.9349
16,2048,4,4096,10.2082
16,2048,4,8192,14.7549
16,2048,4,16384,23.8483
16,2048,8,16,5.7149
16,2048,8,32,5.7504
16,2048,8,64,5.8214
16,2048,8,128,5.9635
16,2048,8,256,6.2477
16,2048,8,512,6.8160
16,2048,8,1024,7.9527
16,2048,8,2048,10.2260
16,2048,8,4096,14.7727
16,2048,8,8192,23.8660
16,2048,8,16384,42.0527
16,2048,16,16,5.7859
16,2048,16,32,5.8569
16,2048,16,64,5.9990
16,2048,16,128,6.2832
16,2048,16,256,6.8515
16,2048,16,512,7.9882
16,2048,16,1024,10.2615
16,2048,16,2048,14.8082
16,2048,16,4096,23.9015
16,2048,16,8192,42.0882
16,2048,16,16384,78.4616
16,2048,32,16,5.9280
16,2048,32,32,6.0701
16,2048,32,64,6.3542
16,2048,32,128,6.9226
16,2048,32,256,8.0592
16,2048,32,512,10.3326
16,2048,32,1024,14.8792
16,2048,32,2048,23.9726
16,2048,32,4096,42.1593
16,2048,32,8192,78.5326
16,2048,32,16384,151.2794
16,2048,64,16,6.2121
16,2048,64,32,6.4963
16,2048,64,64,7.0647
16,2048,64,128,8.2013
16,2048,64,256,10.4747
16,2048,64,512,15.0213
16,2048,64,1024,24.1147
16,2048,64,2048,42.3014
16,2048,64,4096,78.6747
16,2048,64,8192,151.4215
16,2048,64,16384,296.9149
16,2048,128,16,6.7805
16,2048,128,32,7.3488
16,2048,128,64,8.4855
16,2048,128,128,10.7588
16,2048,128,256,15.3055
16,2048,128,512,24.3988
16,2048,128,1024,42.5855
16,2048,128,2048,78.9589
16,2048,128,4096,151.7056
16,2048,128,8192,297.1991
16,2048,128,16384,588.1860
16,2592,0,0,5.8441
16,2592,1,512,5.9413
16,2592,1,768,6.0123
16,2592,1,1152,6.1189
16,2592,1,1728,6.2788
16,2592,1,2592,6.5185
16,2592,1,3888,6.8782
16,2592,1,5832,7.4176
16,2592,1,8748,8.2268
16,2592,1,13122,9.4407
16,2592,1,16384,10.3459
16,2592,2,512,6.0878
16,2592,2,768,6.2299
16,2592,2,1152,6.4430
16,2592,2,1728,6.7627
16,2592,2,2592,7.2423
16,2592,2,3888,7.9616
16,2592,2,5832,9.0405
16,2592,2,8748,10.6589
16,2592,2,13122,13.0865
16,2592,2,16384,14.8970
16,2592,4,512,6.3809
16,2592,4,768,6.6650
16,2592,4,1152,7.0913
16,2592,4,1728,7.7307
16,2592,4,2592,8.6897
16,2592,4,3888,10.1283
16,2592,4,5832,12.2862
16,2592,4,8748,15.5231
16,2592,4,13122,20.3783
16,2592,4,16384,23.9992
16,2592,8,512,6.9670
16,2592,8,768,7.5353
16,2592,8,1152,8.3878
16,2592,8,1728,9.6666
16,2592,8,2592,11.5847
16,2592,8,3888,14.4619
16,2592,8,5832,18.7777
16,2592,8,8748,25.2513
16,2592,8,13122,34.9619
16,2592,8,16384,42.2037
16,2592,16,512,8.1392
16,2592,16,768,9.2758
16,2592,16,1152,10.9808
16,2592,16,1728,13.5383
16,2592,16,2592,17.3746
16,2592,16,3888,23.1290
16,2592,16,5832,31.7605
16,2592,16,8748,44.7079
16,2592,16,13122,64.1289
16,2592,16,16384,78.6126
16,2592,32,512,10.4835
16,2592,32,768,12.7569
16,2592,32,1152,16.1669
16,2592,32,1728,21.2819
16,2592,32,2592,28.9544
16,2592,32,3888,40.4631
16,2592,32,5832,57.7263
16,2592,32,8748,83.6210
16,2592,32,13122,122.4631
16,2592,32,16384,151.4303
16,2592,64,512,15.1723
16,2592,64,768,19.7190
16,2592,64,1152,26.5390
16,2592,64,1728,36.7690
16,2592,64,2592,52.1140
16,2592,64,3888,75.1315
16,2592,64,5832,109.6578
16,2592,64,8748,161.4472
16,2592,64,13122,239.1314
16,2592,64,16384,297.0659
16,2592,128,512,24.5498
16,2592,128,768,33.6431
16,2592,128,1152,47.2832
16,2592,128,1728,67.7432
16,2592,128,2592,98.4332
16,2592,128,3888,144.4682
16,2592,128,5832,213.5208
16,2592,128,8748,317.0997
16,2592,128,13122,472.4679
16,2592,128,16384,588.3370
16,3888,0,0,6.2649
16,3888,1,512,6.3010
16,3888,1,768,6.3720
16,3888,1,1152,6.4786
16,3888,1,1728,6.6384
16,3888,1,2592,6.8782
16,3888,1,3888,7.2378
16,3888,1,5832,7.7773
16,3888,1,8748,8.5865
16,3888,1,13122,9.8003
16,3888,1,16384,10.7055
16,3888,2,512,6.4475
16,3888,2,768,6.5896
16,3888,2,1152,6.8027
16,3888,2,1728,7.1224
16,3888,2,2592,7.6019
16,3888,2,3888,8.3212
16,3888,2,5832,9.4001
16,3888,2,8748,11.0186
16,3888,2,13122,13.4462
16,3888,2,16384,15.2567
16,3888,4,512,6.7405
16,3888,4,768,7.0247
16,3888,4,1152,7.4509
16,3888,4,1728,8.0903
16,3888,4,2592,9.0494
16,3888,4,3888,10.4880
16,3888,4,5832,12.6459
16,3888,4,8748,15.8827
16,3888,4,13122,20.7380
16,3888,4,16384,24.3589
16,3888,8,512,7.3266
16,3888,8,768,7.8950
16,3888,8,1152,8.7475
16,3888,8,1728,10.0262
16,3888,8,2592,11.9443
16,3888,8,3888,14.8215
16,3888,8,5832,19.1373
16,3888,8,8748,25.6110
16,3888,8,13122,35.3215
16,3888,8,16384,42.5633
16,3888,16,512,8.4988
16,3888,16,768,9.6355
16,3888,16,1152,11.3405
16,3888,16,1728,13.8980
16,3888,16,2592,17.7342
16,3888,16,3888,23.4886
16,3888,16,5832,32.1202
16,3888,16,8748,45.0675
16,3888,16,13122,64.4886
16,3888,16,16384,78.9722
16,3888,32,512,10.8432
16,3888,32,768,13.1165
16,3888,32,1152,16.5265
16,3888,32,1728,21.6415
16,3888,32,2592,29.3140
16,3888,32,3888,40.8228
16,3888,32,5832,58.0859
16,3888,32,8748,83.9806
16,3888,32,13122,122.8227
16,3888,32,16384,151.7900
16,3888,64,512,15.5319
16,3888,64,768,20.0786
16,3888,64,1152,26.8986
16,3888,64,1728,37.1286
16,3888,64,2592,52.4736
16,3888,64,3888,75.4912
16,3888,64,5832,110.0174
16,3888,64,8748,161.8069
16,3888,64,13122,239.4910
16,3888,64,16384,297.4255
16,3888,128,512,24.9094
16,3888,128,768,34.0028
16,3888,128,1152,47.6428
16,3888,128,1728,68.1028
16,3888,128,2592,98.7928
16,3888,128,3888,144.8279
16,3888,128,5832,213.8805
16,3888,128,8748,317.4593
16,3888,128,13122,472.8276
16,3888,128,16384,588.6967
16,4096,0,0,6.3324
16,4096,1,16,6.3327
16,4096,1,32,6.3330
16,4096,1,64,6.3337
16,4096,1,128,6.3350
16,4096,1,256,6.3376
16,4096,1,512,6.3587
16,4096,1,1024,6.5008
16,4096,1,2048,6.7849
16,4096,1,4096,7.3533
16,4096,1,8192,8.4899
16,4096,1,16384,10.7633
16,4096,2,16,6.3330
16,4096,2,32,6.3337
16,4096,2,64,6.3350
16,4096,2,128,6.3376
16,4096,2,256,6.3631
16,4096,2,512,6.5052
16,4096,2,1024,6.7894
16,4096,2,2048,7.3577
16,4096,2,4096,8.4944
16,4096,2,8192,10.7677
16,4096,2,16384,15.3144
16,4096,4,16,6.3337
16,4096,4,32,6.3350
16,4096,4,64,6.3376
16,4096,4,128,6.3720
16,4096,4,256,6.5141
16,4096,4,512,6.7982
16,4096,4,1024,7.3666
16,4096,4,2048,8.5032
16,4096,4,4096,10.7766
16,4096,4,8192,15.3233
16,4096,4,16384,24.4166
16,4096,8,16,6.3350
16,4096,8,32,6.3376
16,4096,8,64,6.3898
16,4096,8,128,6.5318
16,4096,8,256,6.8160
16,4096,8,512,7.3843
16,4096,8,1024,8.5210
16,4096,8,2048,10.7943
16,4096,8,4096,15.3410
16,4096,8,8192,24.4344
16,4096,8,16384,42.6210
16,4096,16,16,6.3542
16,4096,16,32,6.4253
16,4096,16,64,6.5674
16,4096,16,128,6.8515
16,4096,16,256,7.4199
16,4096,16,512,8.5565
16,4096,16,1024,10.8299
16,4096,16,2048,15.3765
16,4096,16,4096,24.4699
16,4096,16,8192,42.6566
16,4096,16,16384,79.0299
16,4096,32,16,6.4963
16,4096,32,32,6.6384
16,4096,32,64,6.9226
16,4096,32,128,7.4909
16,4096,32,256,8.6276
16,4096,32,512,10.9009
16,4096,32,1024,15.4476
16,4096,32,2048,24.5409
16,4096,32,4096,42.7276
16,4096,32,8192,79.1010
16,4096,32,16384,151.8477
16,4096,64,16,6.7805
16,4096,64,32,7.0647
16,4096,64,64,7.6330
16,4096,64,128,8.7697
16,4096,64,256,11.0430
16,4096,64,512,15.5897
16,4096,64,1024,24.6830
16,4096,64,2048,42.8697
16,4096,64,4096,79.2431
16,4096,64,8192,151.9898
16,4096,64,16384,297.4833
16,4096,128,16,7.3488
16,4096,128,32,7.9172
16,4096,128,64,9.0538
16,4096,128,128,11.3272
16,4096,128,256,15.8738
16,4096,128,512,24.9672
16,4096,128,1024,43.1539
16,4096,128,2048,79.5272
16,4096,128,4096,152.2740
16,4096,128,8192,297.7674
16,4096,128,16384,588.7544
16,5832,0,0,6.8960
16,5832,1,512,6.9064
16,5832,1,768,6.9116
16,5832,1,1152,7.0180
16,5832,1,1728,7.1779
16,5832,1,2592,7.4176
16,5832,1,3888,7.7773
16,5832,1,5832,8.3168
16,5832,1,8748,9.1260
16,5832,1,13122,10.3398
16,5832,1,16384,11.2450
16,5832,2,512,6.9869
16,5832,2,768,7.1290
16,5832,2,1152,7.3422
16,5832,2,1728,7.6618
16,5832,2,2592,8.1414
16,5832,2,3888,8.8607
16,5832,2,5832,9.9396
16,5832,2,8748,11.5580
16,5832,2,13122,13.9857
16,5832,2,16384,15.7961
16,5832,4,512,7.2800
16,5832,4,768,7.5642
16,5832,4,1152,7.9904
16,5832,4,1728,8.6298
16,5832,4,2592,9.5889
16,5832,4,3888,11.0274
16,5832,4,5832,13.1853
16,5832,4,8748,16.4222
16,5832,4,13122,21.2774
16,5832,4,16384,24.8983
16,5832,8,512,7.8661
16,5832,8,768,8.4344
16,5832,8,1152,9.2869
16,5832,8,1728,10.5657
16,5832,8,2592,12.4838
16,5832,8,3888,15.3610
16,5832,8,5832,19.6768
16,5832,8,8748,26.1505
16,5832,8,13122,35.8610
16,5832,8,16384,43.1028
16,5832,16,512,9.0383
16,5832,16,768,10.1749
16,5832,16,1152,11.8799
16,5832,16,1728,14.4375
16,5832,16,2592,18.2737
16,5832,16,3888,24.0281
16,5832,16,5832,32.6597
16,5832,16,8748,45.6070
16,5832,16,13122,65.0280
16,5832,16,16384,79.5117
16,5832,32,512,11.3827
16,5832,32,768,13.6560
16,5832,32,1152,17.0660
16,5832,32,1728,22.1810
16,5832,32,2592,29.8535
16,5832,32,3888,41.3623
16,5832,32,5832,58.6254
16,5832,32,8748,84.5201
16,5832,32,13122,123.3622
16,5832,32,16384,152.3295
16,5832,64,512,16.0714
16,5832,64,768,20.6181
16,5832,64,1152,27.4381
16,5832,64,1728,37.6681
16,5832,64,2592,53.0131
16,5832,64,3888,76.0306
16,5832,64,5832,110.5569
16,5832,64,8748,162.3463
16,5832,64,13122,240.0305
16,5832,64,16384,297.9650
16,5832,128,512,25.4489
16,5832,128,768,34.5423
16,5832,128,1152,48.1823
16,5832,128,1728,68.6423
16,5832,128,2592,99.3323
16,5832,128,3888,145.3674
16,5832,128,5832,214.4199
16,5832,128,8748,317.9988
16,5832,128,13122,473.3671
16,5832,128,16384,589.2361
16,8192,0,0,7.6622
16,8192,1,16,7.6625
16,8192,1,32,7.6628
16,8192,1,64,7.6635
16,8192,1,128,7.6648
16,8192,1,256,7.6674
16,8192,1,512,7.6726
16,8192,1,1024,7.6830
16,8192,1,2048,7.9216
16,8192,1,4096,8.4899
16,8192,1,8192,9.6266
16,8192,1,16384,11.8999
16,8192,2,16,7.6628
16,8192,2,32,7.6635
16,8192,2,64,7.6648
16,8192,2,128,7.6674
16,8192,2,256,7.6726
16,8192,2,512,7.6830
16,8192,2,1024,7.9260
16,8192,2,2048,8.4944
16,8192,2,4096,9.6310
16,8192,2,8192,11.9044
16,8192,2,16384,16.4510
16,8192,4,16,7.6635
16,8192,4,32,7.6648
16,8192,4,64,7.6674
16,8192,4,128,7.6726
16,8192,4,256,7.6830
16,8192,4,512,7.9349
16,8192,4,1024,8.5032
16,8192,4,2048,9.6399
16,8192,4,4096,11.9132
16,8192,4,8192,16.4599
16,8192,4,16384,25.5533
16,8192,8,16,7.6648
16,8192,8,32,7.6674
16,8192,8,64,7.6726
16,8192,8,128,7.6830
16,8192,8,256,7.9527
16,8192,8,512,8.5210
16,8192,8,1024,9.6577
16,8192,8,2048,11.9310
16,8192,8,4096,16.4777
16,8192,8,8192,25.5710
16,8192,8,16384,43.7577
16,8192,16,16,7.6674
16,8192,16,32,7.6726
16,8192,16,64,7.7040
16,8192,16,128,7.9882
16,8192,16,256,8.5565
16,8192,16,512,9.6932
16,8192,16,1024,11.9665
16,8192,16,2048,16.5132
16,8192,16,4096,25.6065
16,8192,16,8192,43.7932
16,8192,16,16384,80.1666
16,8192,32,16,7.6726
16,8192,32,32,7.7751
16,8192,32,64,8.0592
16,8192,32,128,8.6276
16,8192,32,256,9.7642
16,8192,32,512,12.0376
16,8192,32,1024,16.5842
16,8192,32,2048,25.6776
16,8192,32,4096,43.8643
16,8192,32,8192,80.2376
16,8192,32,16384,152.9844
16,8192,64,16,7.9172
16,8192,64,32,8.2013
16,8192,64,64,8.7697
16,8192,64,128,9.9063
16,8192,64,256,12.1797
16,8192,64,512,16.7263
16,8192,64,1024,25.8197
16,8192,64,2048,44.0064
16,8192,64,4096,80.3797
16,8192,64,8192,153.1265
16,8192,64,16384,298.6199
16,8192,128,16,8.4855
16,8192,128,32,9.0538
16,8192,128,64,10.1905
16,8192,128,128,12.4638
16,8192,128,256,17.0105
16,8192,128,512,26.1038
16,8192,128,1024,44.2905
16,8192,128,2048,80.6639
16,8192,128,4096,153.4106
16,8192,128,8192,298.9041
16,8192,128,16384,589.8910
16,8748,0,0,7.8427
16,8748,1,512,7.8531
16,8748,1,768,7.8583
16,8748,1,1152,7.8661
16,8748,1,1728,7.9871
16,8748,1,2592,8.2268
16,8748,1,3888,8.5865
16,8748,1,5832,9.1260
16,8748,1,8748,9.9352
16,8748,1,13122,11.1490
16,8748,1,16384,12.0542
16,8748,2,512,7.8635
16,8748,2,768,7.9382
16,8748,2,1152,8.1514
16,8748,2,1728,8.4711
16,8748,2,2592,8.9506
16,8748,2,3888,9.6699
16,8748,2,5832,10.7488
16,8748,2,8748,12.3672
16,8748,2,13122,14.7949
16,8748,2,16384,16.6053
16,8748,4,512,8.0892
16,8748,4,768,8.3734
16,8748,4,1152,8.7996
16,8748,4,1728,9.4390
16,8748,4,2592,10.3981
16,8748,4,3888,11.8367
16,8748,4,5832,13.9945
16,8748,4,8748,17.2314
16,8748,4,13122,22.0866
16,8748,4,16384,25.7076
16,8748,8,512,8.6753
16,8748,8,768,9.2436
16,8748,8,1152,10.0961
16,8748,8,1728,11.3749
16,8748,8,2592,13.2930
16,8748,8,3888,16.1702
16,8748,8,5832,20.4860
16,8748,8,8748,26.9597
16,8748,8,13122,36.6702
16,8748,8,16384,43.9120
16,8748,16,512,9.8475
16,8748,16,768,10.9842
16,8748,16,1152,12.6892
16,8748,16,1728,15.2467
16,8748,16,2592,19.0829
16,8748,16,3888,24.8373
16,8748,16,5832,33.4689
16,8748,16,8748,46.4162
16,8748,16,13122,65.8373
16,8748,16,16384,80.3209
16,8748,32,512,12.1919
16,8748,32,768,14.4652
16,8748,32,1152,17.8752
16,8748,32,1728,22.9902
16,8748,32,2592,30.6627
16,8748,32,3888,42.1715
16,8748,32,5832,59.4346
16,8748,32,8748,85.3293
16,8748,32,13122,124.1714
16,8748,32,16384,153.1387
16,8748,64,512,16.8806
16,8748,64,768,21.4273
16,8748,64,1152,28.2473
16,8748,64,1728,38.4773
16,8748,64,2592,53.8223
16,8748,64,3888,76.8398
16,8748,64,5832,111.3661
16,8748,64,8748,163.1556
16,8748,64,13122,240.8397
16,8748,64,16384,298.7742
16,8748,128,512,26.2581
16,8748,128,768,35.3515
16,8748,128,1152,48.9915
16,8748,128,1728,69.4515
16,8748,128,2592,100.1415
16,8748,128,3888,146.1766
16,8748,128,5832,215.2291
16,8748,128,8748,318.8080
16,8748,128,13122,474.1763
16,8748,128,16384,590.0453
16,13122,0,0,9.2627
16,13122,1,512,9.2731
16,13122,1,768,9.2783
16,13122,1,1152,9.2861
16,13122,1,1728,9.2978
16,13122,1,2592,9.4407
16,13122,1,3888,9.8003
16,13122,1,5832,10.3398
16,13122,1,8748,11.1490
16,13122,1,13122,12.3628
16,13122,1,16384,13.2680
16,13122,2,512,9.2835
16,13122,2,768,9.2939
16,13122,2,1152,9.3652
16,13122,2,1728,9.6849
16,13122,2,2592,10.1644
16,13122,2,3888,10.8837
16,13122,2,5832,11.9626
16,13122,2,8748,13.5811
16,13122,2,13122,16.0087
16,13122,2,16384,17.8191
16,13122,4,512,9.3043
16,13122,4,768,9.5872
16,13122,4,1152,10.0134
16,13122,4,1728,10.6528
16,13122,4,2592,11.6119
16,13122,4,3888,13.0505
16,13122,4,5832,15.2084
16,13122,4,8748,18.4452
16,13122,4,13122,23.3005
16,13122,4,16384,26.9214
16,13122,8,512,9.8891
16,13122,8,768,10.4574
16,13122,8,1152,11.3099
16,13122,8,1728,12.5887
16,13122,8,2592,14.5068
16,13122,8,3888,17.3840
16,13122,8,5832,21.6998
16,13122,8,8748,28.1735
16,13122,8,13122,37.8840
16,13122,8,16384,45.1258
16,13122,16,512,11.0613
16,13122,16,768,12.1980
16,13122,16,1152,13.9030
16,13122,16,1728,16.4605
16,13122,16,2592,20.2967
16,13122,16,3888,26.0511
16,13122,16,5832,34.6827
16,13122,16,8748,47.6300
16,13122,16,13122,67.0511
16,13122,16,16384,81.5347
16,13122,32,512,13.4057
16,13122,32,768,15.6790
16,13122,32,1152,19.0890
16,13122,32,1728,24.2040
16,13122,32,2592,31.8765
16,13122,32,3888,43.3853
16,13122,32,5832,60.6484
16,13122,32,8748,86.5431
16,13122,32,13122,125.3852
16,13122,32,16384,154.3525
16,13122,64,512,18.0944
16,13122,64,768,22.6411
16,13122,64,1152,29.4611
16,13122,64,1728,39.6911
16,13122,64,2592,55.0361
16,13122,64,3888,78.0537
16,13122,64,5832,112.5799
16,13122,64,8748,164.3694
16,13122,64,13122,242.0535
16,13122,64,16384,299.9880
16,13122,128,512,27.4719
16,13122,128,768,36.5653
16,13122,128,1152,50.2053
16,13122,128,1728,70.6653
16,13122,128,2592,101.3553
16,13122,128,3888,147.3904
16,13122,128,5832,216.4430
16,13122,128,8748,320.0218
16,13122,128,13122,475.3901
16,13122,128,16384,591.2591
16,16384,0,0,10.3218
16,16384,1,16,10.3221
16,16384,1,32,10.3224
16,16384,1,64,10.3231
16,16384,1,128,10.3244
16,16384,1,256,10.3270
16,16384,1,512,10.3322
16,16384,1,768,10.3374
16,16384,1,1024,10.3425
16,16384,1,1152,10.3451
16,16384,1,1728,10.3568
16,16384,1,2048,10.3633
16,16384,1,2592,10.3744
16,16384,1,3888,10.7055
16,16384,1,4096,10.7633
16,16384,1,5832,11.2450
16,16384,1,8192,11.8999
16,16384,1,8748,12.0542
16,16384,1,13122,13.2680
16,16384,1,16384,14.1733
16,16384,2,16,10.3224
16,16384,2,32,10.3231
16,16384,2,64,10.3244
16,16384,2,128,10.3270
16,16384,2,256,10.3322
16,16384,2,512,10.3425
16,16384,2,768,10.3529
16,16384,2,1024,10.3633
16,16384,2,1152,10.3685
16,16384,2,1728,10.5901
16,16384,2,2048,10.7677
16,16384,2,2592,11.0696
16,16384,2,3888,11.7889
16,16384,2,4096,11.9044
16,16384,2,5832,12.8679
16,16384,2,8192,14.1777
16,16384,2,8748,14.4863
16,16384,2,13122,16.9139
16,16384,2,16384,18.7244
16,16384,4,16,10.3231
16,16384,4,32,10.3244
16,16384,4,64,10.3270
16,16384,4,128,10.3322
16,16384,4,256,10.3425
16,16384,4,512,10.3633
16,16384,4,768,10.4924
16,16384,4,1024,10.7766
16,16384,4,1152,10.9187
16,16384,4,1728,11.5580
16,16384,4,2048,11.9132
16,16384,4,2592,12.5171
16,16384,4,3888,13.9557
16,16384,4,4096,14.1866
16,16384,4,5832,16.1136
16,16384,4,8192,18.7333
16,16384,4,8748,19.3504
16,16384,4,13122,24.2057
16,16384,4,16384,27.8266
16,16384,8,16,10.3244
16,16384,8,32,10.3270
16,16384,8,64,10.3322
16,16384,8,128,10.3425
16,16384,8,256,10.3633
16,16384,8,512,10.7943
16,16384,8,768,11.3627
16,16384,8,1024,11.9310
16,16384,8,1152,12.2152
16,16384,8,1728,13.4939
16,16384,8,2048,14.2043
16,16384,8,2592,15.4121
16,16384,8,3888,18.2892
16,16384,8,4096,18.7510
16,16384,8,5832,22.6050
16,16384,8,8192,27.8444
16,16384,8,8748,29.0787
16,16384,8,13122,38.7892
16,16384,8,16384,46.0310
16,16384,16,16,10.3270
16,16384,16,32,10.3322
16,16384,16,64,10.3425
16,16384,16,128,10.3633
16,16384,16,256,10.8299
16,16384,16,512,11.9665
16,16384,16,768,13.1032
16,16384,16,1024,14.2399
16,16384,16,1152,14.8082
16,16384,16,1728,17.3657
16,16384,16,2048,18.7865
16,16384,16,2592,21.2020
16,16384,16,3888,26.9563
16,16384,16,4096,27.8799
16,16384,16,5832,35.5879
16,16384,16,8192,46.0666
16,16384,16,8748,48.5353
16,16384,16,13122,67.9563
16,16384,16,16384,82.4399
16,16384,32,16,10.3322
16,16384,32,32,10.3425
16,16384,32,64,10.3633
16,16384,32,128,10.9009
16,16384,32,256,12.0376
16,16384,32,512,14.3109
16,16384,32,768,16.5842
16,16384,32,1024,18.8576
16,16384,32,1152,19.9942
16,16384,32,1728,25.1093
16,16384,32,2048,27.9509
16,16384,32,2592,32.7818
16,16384,32,3888,44.2905
16,16384,32,4096,46.1376
16,16384,32,5832,61.5537
16,16384,32,8192,82.5110
16,16384,32,8748,87.4484
16,16384,32,13122,126.2904
16,16384,32,16384,155.2577
16,16384,64,16,10.3425
16,16384,64,32,10.4747
16,16384,64,64,11.0430
16,16384,64,128,12.1797
16,16384,64,256,14.4530
16,16384,64,512,18.9997
16,16384,64,768,23.5463
16,16384,64,1024,28.0930
16,16384,64,1152,30.3663
16,16384,64,1728,40.5963
16,16384,64,2048,46.2797
16,16384,64,2592,55.9414
16,16384,64,3888,78.9589
16,16384,64,4096,82.6531
16,16384,64,5832,113.4852
16,16384,64,8192,155.3998
16,16384,64,8748,165.2746
16,16384,64,13122,242.9587
16,16384,64,16384,300.8933
16,16384,128,16,10.7588
16,16384,128,32,11.3272
16,16384,128,64,12.4638
16,16384,128,128,14.7372
16,16384,128,256,19.2838
16,16384,128,512,28.3772
16,16384,128,768,37.4705
16,16384,128,1024,46.5639
16,16384,128,1152,51.1105
16,16384,128,1728,71.5705
16,16384,128,2048,82.9372
16,16384,128,2592,102.2606
16,16384,128,3888,148.2956
16,16384,128,4096,155.6840
16,16384,128,5832,217.3482
16,16384,128,8192,301.1774
16,16384,128,8748,320.9270
16,16384,128,13122,476.2953
16,16384,128,16384,592.1644
24,0,0,0,5.1132
24,0,1,512,5.2597
24,0,1,768,5.3308
24,0,1,1152,5.4374
24,0,1,1728,5.5972
24,0,1,2592,5.8370
24,0,1,3888,6.1966
24,0,1,5832,6.7361
24,0,1,8748,7.5453
24,0,1,13122,8.7591
24,0,1,16384,9.6643
24,0,2,512,5.4063
24,0,2,768,5.5484
24,0,2,1152,5.7615
24,0,2,1728,6.0812
24,0,2,2592,6.5607
24,0,2,3888,7.2800
24,0,2,5832,8.3589
24,0,2,8748,9.9774
24,0,2,13122,12.4050
24,0,2,16384,14.2154
24,0,4,512,5.6993
24,0,4,768,5.9835
24,0,4,1152,6.4097
24,0,4,1728,7.0491
24,0,4,2592,8.0082
24,0,4,3888,9.4468
24,0,4,5832,11.6047
24,0,4,8748,14.8415
24,0,4,13122,19.6968
24,0,4,16384,23.3177
24,0,8,512,6.2854
24,0,8,768,6.8537
24,0,8,1152,7.7062
24,0,8,1728,8.9850
24,0,8,2592,10.9031
24,0,8,3888,13.7803
24,0,8,5832,18.0961
24,0,8,8748,24.5698
24,0,8,13122,34.2803
24,0,8,16384,41.5221
24,0,16,512,7.4576
24,0,16,768,8.5943
24,0,16,1152,10.2993
24,0,16,1728,12.8568
24,0,16,2592,16.6930
24,0,16,3888,22.4474
24,0,16,5832,31.0790
24,0,16,8748,44.0263
24,0,16,13122,63.4474
24,0,16,16384,77.9310
24,0,32,512,9.8020
24,0,32,768,12.0753
24,0,32,1152,15.4853
24,0,32,1728,20.6003
24,0,32,2592,28.2728
24,0,32,3888,39.7816
24,0,32,5832,57.0447
24,0,32,8748,82.9394
24,0,32,13122,121.7815
24,0,32,16384,150.7488
24,0,64,512,14.4907
24,0,64,768,19.0374
24,0,64,1152,25.8574
24,0,64,1728,36.0874
24,0,64,2592,51.4324
24,0,64,3888,74.4500
24,0,64,5832,108.9762
24,0,64,8748,160.7657
24,0,64,13122,238.4498
24,0,64,16384,296.3843
24,0,128,512,23.8682
24,0,128,768,32.9616
24,0,128,1152,46.6016
24,0,128,1728,67.0616
24,0,128,2592,97.7516
24,0,128,3888,143.7867
24,0,128,5832,212.8393
24,0,128,8748,316.4181
24,0,128,13122,471.7864
24,0,128,16384,587.6554
24,512,0,0,5.2553
24,512,1,512,5.4018
24,512,1,768,5.4729
24,512,1,1152,5.5794
24,512,1,1728,5.7393
24,512,1,2592,5.9790
24,512,1,3888,6.3387
24,512,1,5832,6.8782
24,512,1,8748,7.6874
24,512,1,13122,8.9012
24,512,1,16384,9.8064
24,512,2,512,5.5484
24,512,2,768,5.6904
24,512,2,1152,5.9036
24,512,2,1728,6.2232
24,512,2,2592,6.7028
24,512,2,3888,7.4221
24,512,2,5832,8.5010
24,512,2,8748,10.1194
24,512,2,13122,12.5471
24,512,2,16384,14.3575
24,512,4,512,5.8414
24,512,4,768,6.1256
24,512,4,1152,6.5518
24,512,4,1728,7.1912
24,512,4,2592,8.1503
24,512,4,3888,9.5889
24,512,4,5832,11.7467
24,512,4,8748,14.9836
24,512,4,13122,19.8388
24,512,4,16384,23.4598
24,512,8,512,6.4275
24,512,8,768,6.9958
24,512,8,1152,7.8483
24,512,8,1728,9.1271
24,512,8,2592,11.0452
24,512,8,3888,13.9224
24,512,8,5832,18.2382
24,512,8,8748,24.7119
24,512,8,13122,34.4224
24,512,8,16384,41.6642
24,512,16,512,7.5997
24,512,16,768,8.7364
24,512,16,1152,10.4414
24,512,16,1728,12.9989
24,512,16,2592,16.8351
24,512,16,3888,22.5895
24,512,16,5832,31.2211
24,512,16,8748,44.1684
24,512,16,13122,63.5895
24,512,16,16384,78.0731
24,512,32,512,9.9441
24,512,32,768,12.2174
24,512,32,1152,15.6274
24,512,32,1728,20.7424
24,512,32,2592,28.4149
24,512,32,3888,39.9237
24,512,32,5832,57.1868
24,512,32,8748,83.0815
24,512,32,13122,121.9236
24,512,32,16384,150.8909
24,512,64,512,14.6328
24,512,64,768,19.1795
24,512,64,1152,25.9995
24,512,64,1728,36.2295
24,512,64,2592,51.5745
24,512,64,3888,74.5920
24,512,64,5832,109.1183
24,512,64,8748,160.9077
24,512,64,13122,238.5919
24,512,64,16384,296.5264
24,512,128,512,24.0103
24,512,128,768,33.1037
24,512,128,1152,46.7437
24,512,128,1728,67.2037
24,512,128,2592,97.8937
24,512,128,3888,143.9288
24,512,128,5832,212.9813
24,512,128,8748,316.5602
24,512,128,13122,471.9285
24,512,128,16384,587.7975
24,768,0,0,5.3798
24,768,1,512,5.4729
24,768,1,768,5.5439
24,768,1,1152,5.6505
24,768,1,1728,5.8103
24,768,1,2592,6.0501
24,768,1,3888,6.4097
24,768,1,5832,6.9492
24,768,1,8748,7.7584
24,768,1,13122,8.9722
24,768,1,16384,9.8775
24,768,2,512,5.6194
24,768,2,768,5.7615
24,768,2,1152,5.9746
24,768,2,1728,6.2943
24,768,2,2592,6.7738
24,768,2,3888,7.4931
24,768,2,5832,8.5721
24,768,2,8748,10.1905
24,768,2,13122,12.6181
24,768,2,16384,14.4286
24,768,4,512,5.9124
24,768,4,768,6.1966
24,768,4,1152,6.6229
24,768,4,1728,7.2622
24,768,4,2592,8.2213
24,768,4,3888,9.6599
24,768,4,5832,11.8178
24,768,4,8748,15.0546
24,768,4,13122,19.9099
24,768,4,16384,23.5308
24,768,8,512,6.4985
24,768,8,768,7.0669
24,768,8,1152,7.9194
24,768,8,1728,9.1981
24,768,8,2592,11.1162
24,768,8,3888,13.9934
24,768,8,5832,18.3092
24,768,8,8748,24.7829
24,768,8,13122,34.4934
24,768,8,16384,41.7352
24,768,16,512,7.6707
24,768,16,768,8.8074
24,768,16,1152,10.5124
24,768,16,1728,13.0699
24,768,16,2592,16.9062
24,768,16,3888,22.6605
24,768,16,5832,31.2921
24,768,16,8748,44.2395
24,768,16,13122,63.6605
24,768,16,16384,78.1441
24,768,32,512,10.0151
24,768,32,768,12.2884
24,768,32,1152,15.6984
24,768,32,1728,20.8134
24,768,32,2592,28.4860
24,768,32,3888,39.9947
24,768,32,5832,57.2579
24,768,32,8748,83.1526
24,768,32,13122,121.9946
24,768,32,16384,150.9619
24,768,64,512,14.7039
24,768,64,768,19.2505
24,768,64,1152,26.0705
24,768,64,1728,36.3005
24,768,64,2592,51.6456
24,768,64,3888,74.6631
24,768,64,5832,109.1894
24,768,64,8748,160.9788
24,768,64,13122,238.6629
24,768,64,16384,296.5975
24,768,128,512,24.0814
24,768,128,768,33.1747
24,768,128,1152,46.8147
24,768,128,1728,67.2747
24,768,128,2592,97.9648
24,768,128,3888,143.9998
24,768,128,5832,213.0524
24,768,128,8748,316.6312
24,768,128,13122,471.9995
24,768,128,16384,587.8686
24,1152,0,0,5.5669
24,1152,1,512,5.5794
24,1152,1,768,5.6505
24,1152,1,1152,5.7570
24,1152,1,1728,5.9169
24,1152,1,2592,6.1566
24,1152,1,3888,6.5163
24,1152,1,5832,7.0558
24,1152,1,8748,7.8650
24,1152,1,13122,9.0788
24,1152,1,16384,9.9840
24,1152,2,512,5.7260
24,1152,2,768,5.8680
24,1152,2,1152,6.0812
24,1152,2,1728,6.4009
24,1152,2,2592,6.8804
24,1152,2,3888,7.5997
24,1152,2,5832,8.6786
24,1152,2,8748,10.2970
24,1152,2,13122,12.7247
24,1152,2,16384,14.5351
24,1152,4,512,6.0190
24,1152,4,768,6.3032
24,1152,4,1152,6.7294
24,1152,4,1728,7.3688
24,1152,4,2592,8.3279
24,1152,4,3888,9.7665
24,1152,4,5832,11.9243
24,1152,4,8748,15.1612
24,1152,4,13122,20.0164
24,1152,4,16384,23.6374
24,1152,8,512,6.6051
24,1152,8,768,7.1734
24,1152,8,1152,8.0259
24,1152,8,1728,9.3047
24,1152,8,2592,11.2228
24,1152,8,3888,14.1000
24,1152,8,5832,18.4158
24,1152,8,8748,24.8895
24,1152,8,13122,34.6000
24,1152,8,16384,41.8418
24,1152,16,512,7.7773
24,1152,16,768,8.9140
24,1152,16,1152,10.6190
24,1152,16,1728,13.1765
24,1152,16,2592,17.0127
24,1152,16,3888,22.7671
24,1152,16,5832,31.3987
24,1152,16,8748,44.3460
24,1152,16,13122,63.7671
24,1152,16,16384,78.2507
24,1152,32,512,10.1217
24,1152,32,768,12.3950
24,1152,32,1152,15.8050
24,1152,32,1728,20.9200
24,1152,32,2592,28.5925
24,1152,32,3888,40.1013
24,1152,32,5832,57.3644
24,1152,32,8748,83.2591
24,1152,32,13122,122.1012
24,1152,32,16384,151.0685
24,1152,64,512,14.8104
24,1152,64,768,19.3571
24,1152,64,1152,26.1771
24,1152,64,1728,36.4071
24,1152,64,2592,51.7521
24,1152,64,3888,74.7696
24,1152,64,5832,109.2959
24,1152,64,8748,161.0854
24,1152,64,13122,238.7695
24,1152,64,16384,296.7040
24,1152,128,512,24.1879
24,1152,128,768,33.2813
24,1152,128,1152,46.9213
24,1152,128,1728,67.3813
24,1152,128,2592,98.0713
24,1152,128,3888,144.1064
24,1152,128,5832,213.1589
24,1152,128,8748,316.7378
24,1152,128,13122,472.1061
24,1152,128,16384,587.9751
24,1728,0,0,5.8474
24,1728,1,512,5.8577
24,1728,1,768,5.8629
24,1728,1,1152,5.9169
24,1728,1,1728,6.0767
24,1728,1,2592,6.3165
24,1728,1,3888,6.6761
24,1728,1,5832,7.2156
24,1728,1,8748,8.0248
24,1728,1,13122,9.2386
24,1728,1,16384,10.1439
24,1728,2,512,5.8858
24,1728,2,768,6.0279
24,1728,2,1152,6.2410
24,1728,2,1728,6.5607
24,1728,2,2592,7.0402
24,1728,2,3888,7.7595
24,1728,2,5832,8.8385
24,1728,2,8748,10.4569
24,1728,2,13122,12.8845
24,1728,2,16384,14.6950
24,1728,4,512,6.1788
24,1728,4,768,6.4630
24,1728,4,1152,6.8893
24,1728,4,1728,7.5286
24,1728,4,2592,8.4877
24,1728,4,3888,9.9263
24,1728,4,5832,12.0842
24,1728,4,8748,15.3210
24,1728,4,13122,20.1763
24,1728,4,16384,23.7972
24,1728,8,512,6.7649
24,1728,8,768,7.3333
24,1728,8,1152,8.1858
24,1728,8,1728,9.4645
24,1728,8,2592,11.3827
24,1728,8,3888,14.2598
24,1728,8,5832,18.5756
24,1728,8,8748,25.0493
24,1728,8,13122,34.7598
24,1728,8,16384,42.0016
24,1728,16,512,7.9371
24,1728,16,768,9.0738
24,1728,16,1152,10.7788
24,1728,16,1728,13.3363
24,1728,16,2592,17.1726
24,1728,16,3888,22.9269
24,1728,16,5832,31.5585
24,1728,16,8748,44.5059
24,1728,16,13122,63.9269
24,1728,16,16384,78.4105
24,1728,32,512,10.2815
24,1728,32,768,12.5548
24,1728,32,1152,15.9648
24,1728,32,1728,21.0799
24,1728,32,2592,28.7524
24,1728,32,3888,40.2611
24,1728,32,5832,57.5243
24,1728,32,8748,83.4190
24,1728,32,13122,122.2610
24,1728,32,16384,151.2283
24,1728,64,512,14.9703
24,1728,64,768,19.5169
24,1728,64,1152,26.3369
24,1728,64,1728,36.5670
24,1728,64,2592,51.9120
24,1728,64,3888,74.9295
24,1728,64,5832,109.4558
24,1728,64,8748,161.2452
24,1728,64,13122,238.9293
24,1728,64,16384,296.8639
24,1728,128,512,24.3478
24,1728,128,768,33.4411
24,1728,128,1152,47.0811
24,1728,128,1728,67.5411
24,1728,128,2592,98.2312
24,1728,128,3888,144.2662
24,1728,128,5832,213.3188
24,1728,128,8748,316.8976
24,1728,128,13122,472.2659
24,1728,128,16384,588.1350
24,2592,0,0,6.2681
24,2592,1,512,6.2785
24,2592,1,768,6.2837
24,2592,1,1152,6.2915
24,2592,1,1728,6.3165
24,2592,1,2592,6.5563
24,2592,1,3888,6.9159
24,2592,1,5832,7.4554
24,2592,1,8748,8.2646
24,2592,1,13122,9.4784
24,2592,1,16384,10.3836
24,2592,2,512,6.2889
24,2592,2,768,6.2993
24,2592,2,1152,6.4808
24,2592,2,1728,6.8005
24,2592,2,2592,7.2800
24,2592,2,3888,7.9993
24,2592,2,5832,9.0782
24,2592,2,8748,10.6967
24,2592,2,13122,13.1243
24,2592,2,16384,14.9347
24,2592,4,512,6.4186
24,2592,4,768,6.7028
24,2592,4,1152,7.1290
24,2592,4,1728,7.7684
24,2592,4,2592,8.7275
24,2592,4,3888,10.1661
24,2592,4,5832,12.3240
24,2592,4,8748,15.5608
24,2592,4,13122,20.4161
24,2592,4,16384,24.0370
24,2592,8,512,7.0047
24,2592,8,768,7.5730
24,2592,8,1152,8.4255
24,2592,8,1728,9.7043
24,2592,8,2592,11.6224
24,2592,8,3888,14.4996
24,2592,8,5832,18.8154
24,2592,8,8748,25.2891
24,2592,8,13122,34.9996
24,2592,8,16384,42.2414
24,2592,16,512,8.1769
24,2592,16,768,9.3136
24,2592,16,1152,11.0186
24,2592,16,1728,13.5761
24,2592,16,2592,17.4123
24,2592,16,3888,23.1667
24,2592,16,5832,31.7983
24,2592,16,8748,44.7456
24,2592,16,13122,64.1667
24,2592,16,16384,78.6503
24,2592,32,512,10.5213
24,2592,32,768,12.7946
24,2592,32,1152,16.2046
24,2592,32,1728,21.3196
24,2592,32,2592,28.9921
24,2592,32,3888,40.5009
24,2592,32,5832,57.7640
24,2592,32,8748,83.6587
24,2592,32,13122,122.5008
24,2592,32,16384,151.4681
24,2592,64,512,15.2100
24,2592,64,768,19.7567
24,2592,64,1152,26.5767
24,2592,64,1728,36.8067
24,2592,64,2592,52.1517
24,2592,64,3888,75.1693
24,2592,64,5832,109.6955
24,2592,64,8748,161.4850
24,2592,64,13122,239.1691
24,2592,64,16384,297.1036
24,2592,128,512,24.5875
24,2592,128,768,33.6809
24,2592,128,1152,47.3209
24,2592,128,1728,67.7809
24,2592,128,2592,98.4709
24,2592,128,3888,144.5060
24,2592,128,5832,213.5586
24,2592,128,8748,317.1374
24,2592,128,13122,472.5057
24,2592,128,16384,588.3747
24,3888,0,0,6.8992
24,3888,1,512,6.9096
24,3888,1,768,6.9148
24,3888,1,1152,6.9226
24,3888,1,1728,6.9343
24,3888,1,2592,6.9518
24,3888,1,3888,7.2756
24,3888,1,5832,7.8150
24,3888,1,8748,8.6242
24,3888,1,13122,9.8381
24,3888,1,16384,10.7433
24,3888,2,512,6.9200
24,3888,2,768,6.9304
24,3888,2,1152,6.9460
24,3888,2,1728,7.1601
24,3888,2,2592,7.6396
24,3888,2,3888,8.3589
24,3888,2,5832,9.4379
24,3888,2,8748,11.0563
24,3888,2,13122,13.4839
24,3888,2,16384,15.2944
24,3888,4,512,6.9408
24,3888,4,768,7.0624
24,3888,4,1152,7.4887
24,3888,4,1728,8.1281
24,3888,4,2592,9.0871
24,3888,4,3888,10.5257
24,3888,4,5832,12.6836
24,3888,4,8748,15.9204
24,3888,4,13122,20.7757
24,3888,4,16384,24.3966
24,3888,8,512,7.3644
24,3888,8,768,7.9327
24,3888,8,1152,8.7852
24,3888,8,1728,10.0639
24,3888,8,2592,11.9821
24,3888,8,3888,14.8593
24,3888,8,5832,19.1750
24,3888,8,8748,25.6487
24,3888,8,13122,35.3592
24,3888,8,16384,42.6011
24,3888,16,512,8.5365
24,3888,16,768,9.6732
24,3888,16,1152,11.3782
24,3888,16,1728,13.9357
24,3888,16,2592,17.7720
24,3888,16,3888,23.5264
24,3888,16,5832,32.1579
24,3888,16,8748,45.1053
24,3888,16,13122,64.5263
24,3888,16,16384,79.0099
24,3888,32,512,10.8809
24,3888,32,768,13.1543
24,3888,32,1152,16.5643
24,3888,32,1728,21.6793
24,3888,32,2592,29.3518
24,3888,32,3888,40.8605
24,3888,32,5832,58.1237
24,3888,32,8748,84.0184
24,3888,32,13122,122.8605
24,3888,32,16384,151.8277
24,3888,64,512,15.5697
24,3888,64,768,20.1163
24,3888,64,1152,26.9364
24,3888,64,1728,37.1664
24,3888,64,2592,52.5114
24,3888,64,3888,75.5289
24,3888,64,5832,110.0552
24,3888,64,8748,161.8446
24,3888,64,13122,239.5287
24,3888,64,16384,297.4633
24,3888,128,512,24.9472
24,3888,128,768,34.0405
24,3888,128,1152,47.6805
24,3888,128,1728,68.1406
24,3888,128,2592,98.8306
24,3888,128,3888,144.8656
24,3888,128,5832,213.9182
24,3888,128,8748,317.4970
24,3888,128,13122,472.8653
24,3888,128,16384,588.7344
24,5832,0,0,7.8459
24,5832,1,512,7.8563
24,5832,1,768,7.8615
24,5832,1,1152,7.8693
24,5832,1,1728,7.8810
24,5832,1,2592,7.8985
24,5832,1,3888,7.9248
24,5832,1,5832,8.3545
24,5832,1,8748,9.1637
24,5832,1,13122,10.3775
24,5832,1,16384,11.2828
24,5832,2,512,7.8667
24,5832,2,768,7.8771
24,5832,2,1152,7.8927
24,5832,2,1728,7.9161
24,5832,2,2592,8.1791
24,5832,2,3888,8.8984
24,5832,2,5832,9.9774
24,5832,2,8748,11.5958
24,5832,2,13122,14.0234
24,5832,2,16384,15.8339
24,5832,4,512,7.8875
24,5832,4,768,7.9083
24,5832,4,1152,8.0282
24,5832,4,1728,8.6675
24,5832,4,2592,9.6266
24,5832,4,3888,11.0652
24,5832,4,5832,13.2231
24,5832,4,8748,16.4599
24,5832,4,13122,21.3152
24,5832,4,16384,24.9361
24,5832,8,512,7.9291
24,5832,8,768,8.4722
24,5832,8,1152,9.3247
24,5832,8,1728,10.6034
24,5832,8,2592,12.5215
24,5832,8,3888,15.3987
24,5832,8,5832,19.7145
24,5832,8,8748,26.1882
24,5832,8,13122,35.8987
24,5832,8,16384,43.1405
24,5832,16,512,9.0760
24,5832,16,768,10.2127
24,5832,16,1152,11.9177
24,5832,16,1728,14.4752
24,5832,16,2592,18.3114
24,5832,16,3888,24.0658
24,5832,16,5832,32.6974
24,5832,16,8748,45.6448
24,5832,16,13122,65.0658
24,5832,16,16384,79.5494
24,5832,32,512,11.4204
24,5832,32,768,13.6937
24,5832,32,1152,17.1037
24,5832,32,1728,22.2187
24,5832,32,2592,29.8912
24,5832,32,3888,41.4000
24,5832,32,5832,58.6632
24,5832,32,8748,84.5579
24,5832,32,13122,123.3999
24,5832,32,16384,152.3672
24,5832,64,512,16.1092
24,5832,64,768,20.6558
24,5832,64,1152,27.4758
24,5832,64,1728,37.7058
24,5832,64,2592,53.0509
24,5832,64,3888,76.0684
24,5832,64,5832,110.5947
24,5832,64,8748,162.3841
24,5832,64,13122,240.0682
24,5832,64,16384,298.0028
24,5832,128,512,25.4867
24,5832,128,768,34.5800
24,5832,128,1152,48.2200
24,5832,128,1728,68.6800
24,5832,128,2592,99.3701
24,5832,128,3888,145.4051
24,5832,128,5832,214.4577
24,5832,128,8748,318.0365
24,5832,128,13122,473.4048
24,5832,128,16384,589.2739
24,8748,0,0,9.2660
24,8748,1,512,9.2764
24,8748,1,768,9.2816
24,8748,1,1152,9.2894
24,8748,1,1728,9.3011
24,8748,1,2592,9.3186
24,8748,1,3888,9.3449
24,8748,1,5832,9.3843
24,8748,1,8748,9.9729
24,8748,1,13122,11.1867
24,8748,1,16384,12.0920
24,8748,2,512,9.2868
24,8748,2,768,9.2972
24,8748,2,1152,9.3127
24,8748,2,1728,9.3361
24,8748,2,2592,9.3712
24,8748,2,3888,9.7076
24,8748,2,5832,10.7866
24,8748,2,8748,12.4050
24,8748,2,13122,14.8326
24,8748,2,16384,16.6431
24,8748,4,512,9.3075
24,8748,4,768,9.3283
24,8748,4,1152,9.3595
24,8748,4,1728,9.4767
24,8748,4,2592,10.4358
24,8748,4,3888,11.8744
24,8748,4,5832,14.0323
24,8748,4,8748,17.2691
24,8748,4,13122,22.1244
24,8748,4,16384,25.7453
24,8748,8,512,9.3491
24,8748,8,768,9.3907
24,8748,8,1152,10.1339
24,8748,8,1728,11.4126
24,8748,8,2592,13.3308
24,8748,8,3888,16.2079
24,8748,8,5832,20.5237
24,8748,8,8748,26.9974
24,8748,8,13122,36.7079
24,8748,8,16384,43.9497
24,8748,16,512,9.8852
24,8748,16,768,11.0219
24,8748,16,1152,12.7269
24,8748,16,1728,15.2844
24,8748,16,2592,19.1207
24,8748,16,3888,24.8750
24,8748,16,5832,33.5066
24,8748,16,8748,46.4540
24,8748,16,13122,65.8750
24,8748,16,16384,80.3586
24,8748,32,512,12.2296
24,8748,32,768,14.5029
24,8748,32,1152,17.9129
24,8748,32,1728,23.0280
24,8748,32,2592,30.7005
24,8748,32,3888,42.2092
24,8748,32,5832,59.4724
24,8748,32,8748,85.3671
24,8748,32,13122,124.2091
24,8748,32,16384,153.1764
24,8748,64,512,16.9184
24,8748,64,768,21.4650
24,8748,64,1152,28.2850
24,8748,64,1728,38.5150
24,8748,64,2592,53.8601
24,8748,64,3888,76.8776
24,8748,64,5832,111.4039
24,8748,64,8748,163.1933
24,8748,64,13122,240.8774
24,8748,64,16384,298.8120
24,8748,128,512,26.2959
24,8748,128,768,35.3892
24,8748,128,1152,49.0292
24,8748,128,1728,69.4892
24,8748,128,2592,100.1793
24,8748,128,3888,146.2143
24,8748,128,5832,215.2669
24,8748,128,8748,318.8457
24,8748,128,13122,474.2140
24,8748,128,16384,590.0831
24,13122,0,0,11.3961
24,13122,1,512,11.4064
24,13122,1,768,11.4116
24,13122,1,1152,11.4194
24,13122,1,1728,11.4311
24,13122,1,2592,11.4487
24,13122,1,3888,11.4750
24,13122,1,5832,11.5144
24,13122,1,8748,11.5736
24,13122,1,13122,12.4006
24,13122,1,16384,13.3058
24,13122,2,512,11.4168
24,13122,2,768,11.4272
24,13122,2,1152,11.4428
24,13122,2,1728,11.4662
24,13122,2,2592,11.5012
24,13122,2,3888,11.5538
24,13122,2,5832,12.0004
24,13122,2,8748,13.6188
24,13122,2,13122,16.0464
24,13122,2,16384,17.8569
24,13122,4,512,11.4376
24,13122,4,768,11.4584
24,13122,4,1152,11.4896
24,13122,4,1728,11.5363
24,13122,4,2592,11.6496
24,13122,4,3888,13.0882
24,13122,4,5832,15.2461
24,13122,4,8748,18.4829
24,13122,4,13122,23.3382
24,13122,4,16384,26.9591
24,13122,8,512,11.4792
24,13122,8,768,11.5207
24,13122,8,1152,11.5831
24,13122,8,1728,12.6264
24,13122,8,2592,14.5446
24,13122,8,3888,17.4218
24,13122,8,5832,21.7375
24,13122,8,8748,28.2112
24,13122,8,13122,37.9217
24,13122,8,16384,45.1636
24,13122,16,512,11.5623
24,13122,16,768,12.2357
24,13122,16,1152,13.9407
24,13122,16,1728,16.4982
24,13122,16,2592,20.3345
24,13122,16,3888,26.0888
24,13122,16,5832,34.7204
24,13122,16,8748,47.6678
24,13122,16,13122,67.0888
24,13122,16,16384,81.5724
24,13122,32,512,13.4434
24,13122,32,768,15.7168
24,13122,32,1152,19.1268
24,13122,32,1728,24.2418
24,13122,32,2592,31.9143
24,13122,32,3888,43.4230
24,13122,32,5832,60.6862
24,13122,32,8748,86.5809
24,13122,32,13122,125.4230
24,13122,32,16384,154.3902
24,13122,64,512,18.1322
24,13122,64,768,22.6788
24,13122,64,1152,29.4989
24,13122,64,1728,39.7289
24,13122,64,2592,55.0739
24,13122,64,3888,78.0914
24,13122,64,5832,112.6177
24,13122,64,8748,164.4071
24,13122,64,13122,242.0912
24,13122,64,16384,300.0258
24,13122,128,512,27.5097
24,13122,128,768,36.6030
24,13122,128,1152,50.2430
24,13122,128,1728,70.7031
24,13122,128,2592,101.3931
24,13122,128,3888,147.4281
24,13122,128,5832,216.4807
24,13122,128,8748,320.0595
24,13122,128,13122,475.4278
24,13122,128,16384,591.2969
24,16384,0,0,12.9846
24,16384,1,512,12.9950
24,16384,1,768,13.0002
24,16384,1,1152,13.0080
24,16384,1,1728,13.0197
24,16384,1,2592,13.0372
24,16384,1,3888,13.0635
24,16384,1,5832,13.1029
24,16384,1,8748,13.1621
24,16384,1,13122,13.3058
24,16384,1,16384,14.2110
24,16384,2,512,13.0054
24,16384,2,768,13.0158
24,16384,2,1152,13.0314
24,16384,2,1728,13.0547
24,16384,2,2592,13.0898
24,16384,2,3888,13.1424
24,16384,2,5832,13.2213
24,16384,2,8748,14.5240
24,16384,2,13122,16.9517
24,16384,2,16384,18.7621
24,16384,4,512,13.0262
24,16384,4,768,13.0469
24,16384,4,1152,13.0781
24,16384,4,1728,13.1249
24,16384,4,2592,13.1950
24,16384,4,3888,13.9934
24,16384,4,5832,16.1513
24,16384,4,8748,19.3882
24,16384,4,13122,24.2434
24,16384,4,16384,27.8643
24,16384,8,512,13.0677
24,16384,8,768,13.1093
24,16384,8,1152,13.1716
24,16384,8,1728,13.5317
24,16384,8,2592,15.4498
24,16384,8,3888,18.3270
24,16384,8,5832,22.6428
24,16384,8,8748,29.1164
24,16384,8,13122,38.8270
24,16384,8,16384,46.0688
24,16384,16,512,13.1508
24,16384,16,768,13.2339
24,16384,16,1152,14.8459
24,16384,16,1728,17.4034
24,16384,16,2592,21.2397
24,16384,16,3888,26.9941
24,16384,16,5832,35.6256
24,16384,16,8748,48.5730
24,16384,16,13122,67.9940
24,16384,16,16384,82.4777
24,16384,32,512,14.3486
24,16384,32,768,16.6220
24,16384,32,1152,20.0320
24,16384,32,1728,25.1470
24,16384,32,2592,32.8195
24,16384,32,3888,44.3283
24,16384,32,5832,61.5914
24,16384,32,8748,87.4861
24,16384,32,13122,126.3282
24,16384,32,16384,155.2954
24,16384,64,512,19.0374
24,16384,64,768,23.5841
24,16384,64,1152,30.4041
24,16384,64,1728,40.6341
24,16384,64,2592,55.9791
24,16384,64,3888,78.9966
24,16384,64,5832,113.5229
24,16384,64,8748,165.3123
24,16384,64,13122,242.9965
24,16384,64,16384,300.9310
24,16384,128,512,28.4149
24,16384,128,768,37.5083
24,16384,128,1152,51.1483
24,16384,128,1728,71.6083
24,16384,128,2592,102.2983
24,16384,128,3888,148.3334
24,16384,128,5832,217.3859
24,16384,128,8748,320.9648
24,16384,128,13122,476.3330
24,16384,128,16384,592.2021
32,0,0,0,5.1510
32,0,1,16,5.1598
32,0,1,32,5.1643
32,0,1,64,5.1732
32,0,1,128,5.1909
32,0,1,256,5.2264
32,0,1,512,5.2975
32,0,1,1024,5.4396
32,0,1,2048,5.7237
32,0,1,4096,6.2921
32,0,1,8192,7.4287
32,0,1,16384,9.7021
32,0,2,16,5.1687
32,0,2,32,5.1776
32,0,2,64,5.1954
32,0,2,128,5.2309
32,0,2,256,5.3019
32,0,2,512,5.4440
32,0,2,1024,5.7282
32,0,2,2048,6.2965
32,0,2,4096,7.4332
32,0,2,8192,9.7065
32,0,2,16384,14.2532
32,0,4,16,5.1865
32,0,4,32,5.2042
32,0,4,64,5.2398
32,0,4,128,5.3108
32,0,4,256,5.4529
32,0,4,512,5.7371
32,0,4,1024,6.3054
32,0,4,2048,7.4421
32,0,4,4096,9.7154
32,0,4,8192,14.2621
32,0,4,16384,23.3554
32,0,8,16,5.2220
32,0,8,32,5.2575
32,0,8,64,5.3286
32,0,8,128,5.4707
32,0,8,256,5.7548
32,0,8,512,6.3232
32,0,8,1024,7.4598
32,0,8,2048,9.7332
32,0,8,4096,14.2798
32,0,8,8192,23.3732
32,0,8,16384,41.5599
32,0,16,16,5.2930
32,0,16,32,5.3641
32,0,16,64,5.5062
32,0,16,128,5.7903
32,0,16,256,6.3587
32,0,16,512,7.4953
32,0,16,1024,9.7687
32,0,16,2048,14.3153
32,0,16,4096,23.4087
32,0,16,8192,41.5954
32,0,16,16384,77.9687
32,0,32,16,5.4351
32,0,32,32,5.5772
32,0,32,64,5.8614
32,0,32,128,6.4297
32,0,32,256,7.5664
32,0,32,512,9.8397
32,0,32,1024,14.3864
32,0,32,2048,23.4797
32,0,32,4096,41.6664
32,0,32,8192,78.0398
32,0,32,16384,150.7865
32,0,64,16,5.7193
32,0,64,32,6.0035
32,0,64,64,6.5718
32,0,64,128,7.7085
32,0,64,256,9.9818
32,0,64,512,14.5285
32,0,64,1024,23.6218
32,0,64,2048,41.8085
32,0,64,4096,78.1819
32,0,64,8192,150.9286
32,0,64,16384,296.4221
32,0,128,16,6.2876
32,0,128,32,6.8560
32,0,128,64,7.9926
32,0,128,128,10.2660
32,0,128,256,14.8126
32,0,128,512,23.9060
32,0,128,1024,42.0927
32,0,128,2048,78.4660
32,0,128,4096,151.2128
32,0,128,8192,296.7062
32,0,128,16384,587.6932
32,16,0,0,5.1554
32,16,1,16,5.1643
32,16,1,32,5.1687
32,16,1,64,5.1776
32,16,1,128,5.1954
32,16,1,256,5.2309
32,16,1,512,5.3019
32,16,1,1024,5.4440
32,16,1,2048,5.7282
32,16,1,4096,6.2965
32,16,1,8192,7.4332
32,16,1,16384,9.7065
32,16,2,16,5.1732
32,16,2,32,5.1820
32,16,2,64,5.1998
32,16,2,128,5.2353
32,16,2,256,5.3064
32,16,2,512,5.4485
32,16,2,1024,5.7326
32,16,2,2048,6.3010
32,16,2,4096,7.4376
32,16,2,8192,9.7110
32,16,2,16384,14.2576
32,16,4,16,5.1909
32,16,4,32,5.2087
32,16,4,64,5.2442
32,16,4,128,5.3152
32,16,4,256,5.4573
32,16,4,512,5.7415
32,16,4,1024,6.3098
32,16,4,2048,7.4465
32,16,4,4096,9.7198
32,16,4,8192,14.2665
32,16,4,16384,23.3598
32,16,8,16,5.2264
32,16,8,32,5.2620
32,16,8,64,5.3330
32,16,8,128,5.4751
32,16,8,256,5.7593
32,16,8,512,6.3276
32,16,8,1024,7.4643
32,16,8,2048,9.7376
32,16,8,4096,14.2843
32,16,8,8192,23.3776
32,16,8,16384,41.5643
32,16,16,16,5.2975
32,16,16,32,5.3685
32,16,16,64,5.5106
32,16,16,128,5.7948
32,16,16,256,6.3631
32,16,16,512,7.4998
32,16,16,1024,9.7731
32,16,16,2048,14.3198
32,16,16,4096,23.4131
32,16,16,8192,41.5998
32,16,16,16384,77.9732
32,16,32,16,5.4396
32,16,32,32,5.5817
32,16,32,64,5.8658
32,16,32,128,6.4342
32,16,32,256,7.5708
32,16,32,512,9.8442
32,16,32,1024,14.3908
32,16,32,2048,23.4842
32,16,32,4096,41.6709
32,16,32,8192,78.0442
32,16,32,16384,150.7910
32,16,64,16,5.7237
32,16,64,32,6.0079
32,16,64,64,6.5762
32,16,64,128,7.7129
32,16,64,256,9.9862
32,16,64,512,14.5329
32,16,64,1024,23.6263
32,16,64,2048,41.8129
32,16,64,4096,78.1863
32,16,64,8192,150.9330
32,16,64,16384,296.4265
32,16,128,16,6.2921
32,16,128,32,6.8604
32,16,128,64,7.9971
32,16,128,128,10.2704
32,16,128,256,14.8171
32,16,128,512,23.9104
32,16,128,1024,42.0971
32,16,128,2048,78.4705
32,16,128,4096,151.2172
32,16,128,8192,296.7107
32,16,128,16384,587.6976
32,32,0,0,5.1598
32,32,1,16,5.1687
32,32,1,32,5.1732
32,32,1,64,5.1820
32,32,1,128,5.1998
32,32,1,256,5.2353
32,32,1,512,5.3064
32,32,1,1024,5.4485
32,32,1,2048,5.7326
32,32,1,4096,6.3010
32,32,1,8192,7.4376
32,32,1,16384,9.7110
32,32,2,16,5.1776
32,32,2,32,5.1865
32,32,2,64,5.2042
32,32,2,128,5.2398
32,32,2,256,5.3108
32,32,2,512,5.4529
32,32,2,1024,5.7371
32,32,2,2048,6.3054
32,32,2,4096,7.4421
32,32,2,8192,9.7154
32,32,2,16384,14.2621
32,32,4,16,5.1954
32,32,4,32,5.2131
32,32,4,64,5.2486
32,32,4,128,5.3197
32,32,4,256,5.4618
32,32,4,512,5.7459
32,32,4,1024,6.3143
32,32,4,2048,7.4509
32,32,4,4096,9.7243
32,32,4,8192,14.2709
32,32,4,16384,23.3643
32,32,8,16,5.2309
32,32,8,32,5.2664
32,32,8,64,5.3374
32,32,8,128,5.4795
32,32,8,256,5.7637
32,32,8,512,6.3320
32,32,8,1024,7.4687
32,32,8,2048,9.7420
32,32,8,4096,14.2887
32,32,8,8192,23.3820
32,32,8,16384,41.5687
32,32,16,16,5.3019
32,32,16,32,5.3730
32,32,16,64,5.5151
32,32,16,128,5.7992
32,32,16,256,6.3676
32,32,16,512,7.5042
32,32,16,1024,9.7776
32,32,16,2048,14.3242
32,32,16,4096,23.4176
32,32,16,8192,41.6043
32,32,16,16384,77.9776
32,32,32,16,5.4440
32,32,32,32,5.5861
32,32,32,64,5.8703
32,32,32,128,6.4386
32,32,32,256,7.5753
32,32,32,512,9.8486
32,32,32,1024,14.3953
32,32,32,2048,23.4886
32,32,32,4096,41.6753
32,32,32,8192,78.0487
32,32,32,16384,150.7954
32,32,64,16,5.7282
32,32,64,32,6.0123
32,32,64,64,6.5807
32,32,64,128,7.7173
32,32,64,256,9.9907
32,32,64,512,14.5374
32,32,64,1024,23.6307
32,32,64,2048,41.8174
32,32,64,4096,78.1907
32,32,64,8192,150.9375
32,32,64,16384,296.4310
32,32,128,16,6.2965
32,32,128,32,6.8648
32,32,128,64,8.0015
32,32,128,128,10.2748
32,32,128,256,14.8215
32,32,128,512,23.9149
32,32,128,1024,42.1015
32,32,128,2048,78.4749
32,32,128,4096,151.2216
32,32,128,8192,296.7151
32,32,128,16384,587.7021
32,64,0,0,5.1687
32,64,1,16,5.1776
32,64,1,32,5.1820
32,64,1,64,5.1909
32,64,1,128,5.2087
32,64,1,256,5.2442
32,64,1,512,5.3152
32,64,1,1024,5.4573
32,64,1,2048,5.7415
32,64,1,4096,6.3098
32,64,1,8192,7.4465
32,64,1,16384,9.7198
32,64,2,16,5.1865
32,64,2,32,5.1954
32,64,2,64,5.2131
32,64,2,128,5.2486
32,64,2,256,5.3197
32,64,2,512,5.4618
32,64,2,1024,5.7459
32,64,2,2048,6.3143
32,64,2,4096,7.4509
32,64,2,8192,9.7243
32,64,2,16384,14.2709
32,64,4,16,5.2042
32,64,4,32,5.2220
32,64,4,64,5.2575
32,64,4,128,5.3286
32,64,4,256,5.4707
32,64,4,512,5.7548
32,64,4,1024,6.3232
32,64,4,2048,7.4598
32,64,4,4096,9.7332
32,64,4,8192,14.2798
32,64,4,16384,23.3732
32,64,8,16,5.2398
32,64,8,32,5.2753
32,64,8,64,5.3463
32,64,8,128,5.4884
32,64,8,256,5.7726
32,64,8,512,6.3409
32,64,8,1024,7.4776
32,64,8,2048,9.7509
32,64,8,4096,14.2976
32,64,8,8192,23.3909
32,64,8,16384,41.5776
32,64,16,16,5.3108
32,64,16,32,5.3818
32,64,16,64,5.5239
32,64,16,128,5.8081
32,64,16,256,6.3764
32,64,16,512,7.5131
32,64,16,1024,9.7864
32,64,16,2048,14.3331
32,64,16,4096,23.4264
32,64,16,8192,41.6131
32,64,16,16384,77.9865
32,64,32,16,5.4529
32,64,32,32,5.5950
32,64,32,64,5.8791
32,64,32,128,6.4475
32,64,32,256,7.5841
32,64,32,512,9.8575
32,64,32,1024,14.4041
32,64,32,2048,23.4975
32,64,32,4096,41.6842
32,64,32,8192,78.0575
32,64,32,16384,150.8043
32,64,64,16,5.7371
32,64,64,32,6.0212
32,64,64,64,6.5896
32,64,64,128,7.7262
32,64,64,256,9.9996
32,64,64,512,14.5462
32,64,64,1024,23.6396
32,64,64,2048,41.8263
32,64,64,4096,78.1996
32,64,64,8192,150.9464
32,64,64,16384,296.4398
32,64,128,16,6.3054
32,64,128,32,6.8737
32,64,128,64,8.0104
32,64,128,128,10.2837
32,64,128,256,14.8304
32,64,128,512,23.9237
32,64,128,1024,42.1104
32,64,128,2048,78.4838
32,64,128,4096,151.2305
32,64,128,8192,296.7240
32,64,128,16384,587.7109
32,128,0,0,5.1865
32,128,1,16,5.1954
32,128,1,32,5.1998
32,128,1,64,5.2087
32,128,1,128,5.2264
32,128,1,256,5.2620
32,128,1,512,5.3330
32,128,1,1024,5.4751
32,128,1,2048,5.7593
32,128,1,4096,6.3276
32,128,1,8192,7.4643
32,128,1,16384,9.7376
32,128,2,16,5.2042
32,128,2,32,5.2131
32,128,2,64,5.2309
32,128,2,128,5.2664
32,128,2,256,5.3374
32,128,2,512,5.4795
32,128,2,1024,5.7637
32,128,2,2048,6.3320
32,128,2,4096,7.4687
32,128,2,8192,9.7420
32,128,2,16384,14.2887
32,128,4,16,5.2220
32,128,4,32,5.2398
32,128,4,64,5.2753
32,128,4,128,5.3463
32,128,4,256,5.4884
32,128,4,512,5.7726
32,128,4,1024,6.3409
32,128,4,2048,7.4776
32,128,4,4096,9.7509
32,128,4,8192,14.2976
32,128,4,16384,23.3909
32,128,8,16,5.2575
32,128,8,32,5.2930
32,128,8,64,5.3641
32,128,8,128,5.5062
32,128,8,256,5.7903
32,128,8,512,6.3587
32,128,8,1024,7.4953
32,128,8,2048,9.7687
32,128,8,4096,14.3153
32,128,8,8192,23.4087
32,128,8,16384,41.5954
32,128,16,16,5.3286
32,128,16,32,5.3996
32,128,16,64,5.5417
32,128,16,128,5.8259
32,128,16,256,6.3942
32,128,16,512,7.5309
32,128,16,1024,9.8042
32,128,16,2048,14.3509
32,128,16,4096,23.4442
32,128,16,8192,41.6309
32,128,16,16384,78.0043
32,128,32,16,5.4707
32,128,32,32,5.6127
32,128,32,64,5.8969
32,128,32,128,6.4652
32,128,32,256,7.6019
32,128,32,512,9.8752
32,128,32,1024,14.4219
32,128,32,2048,23.5153
32,128,32,4096,41.7019
32,128,32,8192,78.0753
32,128,32,16384,150.8220
32,128,64,16,5.7548
32,128,64,32,6.0390
32,128,64,64,6.6073
32,128,64,128,7.7440
32,128,64,256,10.0173
32,128,64,512,14.5640
32,128,64,1024,23.6573
32,128,64,2048,41.8440
32,128,64,4096,78.2174
32,128,64,8192,150.9641
32,128,64,16384,296.4576
32,128,128,16,6.3232
32,128,128,32,6.8915
32,128,128,64,8.0282
32,128,128,128,10.3015
32,128,128,256,14.8482
32,128,128,512,23.9415
32,128,128,1024,42.1282
32,128,128,2048,78.5016
32,128,128,4096,151.2483
32,128,128,8192,296.7418
32,128,128,16384,587.7287
32,256,0,0,5.2220
32,256,1,16,5.2309
32,256,1,32,5.2353
32,256,1,64,5.2442
32,256,1,128,5.2620
32,256,1,256,5.2975
32,256,1,512,5.3685
32,256,1,1024,5.5106
32,256,1,2048,5.7948
32,256,1,4096,6.3631
32,256,1,8192,7.4998
32,256,1,16384,9.7731
32,256,2,16,5.2398
32,256,2,32,5.2486
32,256,2,64,5.2664
32,256,2,128,5.3019
32,256,2,256,5.3730
32,256,2,512,5.5151
32,256,2,1024,5.7992
32,256,2,2048,6.3676
32,256,2,4096,7.5042
32,256,2,8192,9.7776
32,256,2,16384,14.3242
32,256,4,16,5.2575
32,256,4,32,5.2753
32,256,4,64,5.3108
32,256,4,128,5.3818
32,256,4,256,5.5239
32,256,4,512,5.8081
32,256,4,1024,6.3764
32,256,4,2048,7.5131
32,256,4,4096,9.7864
32,256,4,8192,14.3331
32,256,4,16384,23.4264
32,256,8,16,5.2930
32,256,8,32,5.3286
32,256,8,64,5.3996
32,256,8,128,5.5417
32,256,8,256,5.8259
32,256,8,512,6.3942
32,256,8,1024,7.5309
32,256,8,2048,9.8042
32,256,8,4096,14.3509
32,256,8,8192,23.4442
32,256,8,16384,41.6309
32,256,16,16,5.3641
32,256,16,32,5.4351
32,256,16,64,5.5772
32,256,16,128,5.8614
32,256,16,256,6.4297
32,256,16,512,7.5664
32,256,16,1024,9.8397
32,256,16,2048,14.3864
32,256,16,4096,23.4797
32,256,16,8192,41.6664
32,256,16,16384,78.0398
32,256,32,16,5.5062
32,256,32,32,5.6483
32,256,32,64,5.9324
32,256,32,128,6.5008
32,256,32,256,7.6374
32,256,32,512,9.9108
32,256,32,1024,14.4574
32,256,32,2048,23.5508
32,256,32,4096,41.7375
32,256,32,8192,78.1108
32,256,32,16384,150.8576
32,256,64,16,5.7903
32,256,64,32,6.0745
32,256,64,64,6.6428
32,256,64,128,7.7795
32,256,64,256,10.0528
32,256,64,512,14.5995
32,256,64,1024,23.6929
32,256,64,2048,41.8795
32,256,64,4096,78.2529
32,256,64,8192,150.9996
32,256,64,16384,296.4931
32,256,128,16,6.3587
32,256,128,32,6.9270
32,256,128,64,8.0637
32,256,128,128,10.3370
32,256,128,256,14.8837
32,256,128,512,23.9770
32,256,128,1024,42.1637
32,256,128,2048,78.5371
32,256,128,4096,151.2838
32,256,128,8192,296.7773
32,256,128,16384,587.7642
32,512,0,0,5.3428
32,512,1,16,5.3432
32,512,1,32,5.3435
32,512,1,64,5.3441
32,512,1,128,5.3454
32,512,1,256,5.3685
32,512,1,512,5.4396
32,512,1,1024,5.5817
32,512,1,2048,5.8658
32,512,1,4096,6.4342
32,512,1,8192,7.5708
32,512,1,16384,9.8442
32,512,2,16,5.3435
32,512,2,32,5.3441
32,512,2,64,5.3454
32,512,2,128,5.3730
32,512,2,256,5.4440
32,512,2,512,5.5861
32,512,2,1024,5.8703
32,512,2,2048,6.4386
32,512,2,4096,7.5753
32,512,2,8192,9.8486
32,512,2,16384,14.3953
32,512,4,16,5.3441
32,512,4,32,5.3463
32,512,4,64,5.3818
32,512,4,128,5.4529
32,512,4,256,5.5950
32,512,4,512,5.8791
32,512,4,1024,6.4475
32,512,4,2048,7.5841
32,512,4,4096,9.8575
32,512,4,8192,14.4041
32,512,4,16384,23.4975
32,512,8,16,5.3641
32,512,8,32,5.3996
32,512,8,64,5.4707
32,512,8,128,5.6127
32,512,8,256,5.8969
32,512,8,512,6.4652
32,512,8,1024,7.6019
32,512,8,2048,9.8752
32,512,8,4096,14.4219
32,512,8,8192,23.5153
32,512,8,16384,41.7019
32,512,16,16,5.4351
32,512,16,32,5.5062
32,512,16,64,5.6483
32,512,16,128,5.9324
32,512,16,256,6.5008
32,512,16,512,7.6374
32,512,16,1024,9.9108
32,512,16,2048,14.4574
32,512,16,4096,23.5508
32,512,16,8192,41.7375
32,512,16,16384,78.1108
32,512,32,16,5.5772
32,512,32,32,5.7193
32,512,32,64,6.0035
32,512,32,128,6.5718
32,512,32,256,7.7085
32,512,32,512,9.9818
32,512,32,1024,14.5285
32,512,32,2048,23.6218
32,512,32,4096,41.8085
32,512,32,8192,78.1819
32,512,32,16384,150.9286
32,512,64,16,5.8614
32,512,64,32,6.1455
32,512,64,64,6.7139
32,512,64,128,7.8505
32,512,64,256,10.1239
32,512,64,512,14.6706
32,512,64,1024,23.7639
32,512,64,2048,41.9506
32,512,64,4096,78.3240
32,512,64,8192,151.0707
32,512,64,16384,296.5642
32,512,128,16,6.4297
32,512,128,32,6.9980
32,512,128,64,8.1347
32,512,128,128,10.4081
32,512,128,256,14.9547
32,512,128,512,24.0481
32,512,128,1024,42.2347
32,512,128,2048,78.6081
32,512,128,4096,151.3549
32,512,128,8192,296.8483
32,512,128,16384,587.8353
32,1024,0,0,5.6753
32,1024,1,16,5.6756
32,1024,1,32,5.6759
32,1024,1,64,5.6766
32,1024,1,128,5.6779
32,1024,1,256,5.6805
32,1024,1,512,5.6857
32,1024,1,1024,5.7237
32,1024,1,2048,6.0079
32,1024,1,4096,6.5762
32,1024,1,8192,7.7129
32,1024,1,16384,9.9862
32,1024,2,16,5.6759
32,1024,2,32,5.6766
32,1024,2,64,5.6779
32,1024,2,128,5.6805
32,1024,2,256,5.6857
32,1024,2,512,5.7282
32,1024,2,1024,6.0123
32,1024,2,2048,6.5807
32,1024,2,4096,7.7173
32,1024,2,8192,9.9907
32,1024,2,16384,14.5374
32,1024,4,16,5.6766
32,1024,4,32,5.6779
32,1024,4,64,5.6805
32,1024,4,128,5.6857
32,1024,4,256,5.7371
32,1024,4,512,6.0212
32,1024,4,1024,6.5896
32,1024,4,2048,7.7262
32,1024,4,4096,9.9996
32,1024,4,8192,14.5462
32,1024,4,16384,23.6396
32,1024,8,16,5.6779
32,1024,8,32,5.6805
32,1024,8,64,5.6857
32,1024,8,128,5.7548
32,1024,8,256,6.0390
32,1024,8,512,6.6073
32,1024,8,1024,7.7440
32,1024,8,2048,10.0173
32,1024,8,4096,14.5640
32,1024,8,8192,23.6573
32,1024,8,16384,41.8440
32,1024,16,16,5.6805
32,1024,16,32,5.6857
32,1024,16,64,5.7903
32,1024,16,128,6.0745
32,1024,16,256,6.6428
32,1024,16,512,7.7795
32,1024,16,1024,10.0528
32,1024,16,2048,14.5995
32,1024,16,4096,23.6929
32,1024,16,8192,41.8795
32,1024,16,16384,78.2529
32,1024,32,16,5.7193
32,1024,32,32,5.8614
32,1024,32,64,6.1455
32,1024,32,128,6.7139
32,1024,32,256,7.8505
32,1024,32,512,10.1239
32,1024,32,1024,14.6706
32,1024,32,2048,23.7639
32,1024,32,4096,41.9506
32,1024,32,8192,78.3240
32,1024,32,16384,151.0707
32,1024,64,16,6.0035
32,1024,64,32,6.2876
32,1024,64,64,6.8560
32,1024,64,128,7.9926
32,1024,64,256,10.2660
32,1024,64,512,14.8126
32,1024,64,1024,23.9060
32,1024,64,2048,42.0927
32,1024,64,4096,78.4660
32,1024,64,8192,151.2128
32,1024,64,16384,296.7062
32,1024,128,16,6.5718
32,1024,128,32,7.1401
32,1024,128,64,8.2768
32,1024,128,128,10.5501
32,1024,128,256,15.0968
32,1024,128,512,24.1901
32,1024,128,1024,42.3768
32,1024,128,2048,78.7502
32,1024,128,4096,151.4969
32,1024,128,8192,296.9904
32,1024,128,16384,587.9774
32,2048,0,0,6.3402
32,2048,1,16,6.3405
32,2048,1,32,6.3408
32,2048,1,64,6.3415
32,2048,1,128,6.3428
32,2048,1,256,6.3454
32,2048,1,512,6.3506
32,2048,1,1024,6.3610
32,2048,1,2048,6.3817
32,2048,1,4096,6.8604
32,2048,1,8192,7.9971
32,2048,1,16384,10.2704
32,2048,2,16,6.3408
32,2048,2,32,6.3415
32,2048,2,64,6.3428
32,2048,2,128,6.3454
32,2048,2,256,6.3506
32,2048,2,512,6.3610
32,2048,2,1024,6.3817
32,2048,2,2048,6.8648
32,2048,2,4096,8.0015
32,2048,2,8192,10.2748
32,2048,2,16384,14.8215
32,2048,4,16,6.3415
32,2048,4,32,6.3428
32,2048,4,64,6.3454
32,2048,4,128,6.3506
32,2048,4,256,6.3610
32,2048,4,512,6.3817
32,2048,4,1024,6.8737
32,2048,4,2048,8.0104
32,2048,4,4096,10.2837
32,2048,4,8192,14.8304
32,2048,4,16384,23.9237
32,2048,8,16,6.3428
32,2048,8,32,6.3454
32,2048,8,64,6.3506
32,2048,8,128,6.3610
32,2048,8,256,6.3817
32,2048,8,512,6.8915
32,2048,8,1024,8.0282
32,2048,8,2048,10.3015
32,2048,8,4096,14.8482
32,2048,8,8192,23.9415
32,2048,8,16384,42.1282
32,2048,16,16,6.3454
32,2048,16,32,6.3506
32,2048,16,64,6.3610
32,2048,16,128,6.3817
32,2048,16,256,6.9270
32,2048,16,512,8.0637
32,2048,16,1024,10.3370
32,2048,16,2048,14.8837
32,2048,16,4096,23.9770
32,2048,16,8192,42.1637
32,2048,16,16384,78.5371
32,2048,32,16,6.3506
32,2048,32,32,6.3610
32,2048,32,64,6.4297
32,2048,32,128,6.9980
32,2048,32,256,8.1347
32,2048,32,512,10.4081
32,2048,32,1024,14.9547
32,2048,32,2048,24.0481
32,2048,32,4096,42.2347
32,2048,32,8192,78.6081
32,2048,32,16384,151.3549
32,2048,64,16,6.3610
32,2048,64,32,6.5718
32,2048,64,64,7.1401
32,2048,64,128,8.2768
32,2048,64,256,10.5501
32,2048,64,512,15.0968
32,2048,64,1024,24.1901
32,2048,64,2048,42.3768
32,2048,64,4096,78.7502
32,2048,64,8192,151.4969
32,2048,64,16384,296.9904
32,2048,128,16,6.8560
32,2048,128,32,7.4243
32,2048,128,64,8.5610
32,2048,128,128,10.8343
32,2048,128,256,15.3810
32,2048,128,512,24.4743
32,2048,128,1024,42.6610
32,2048,128,2048,79.0344
32,2048,128,4096,151.7811
32,2048,128,8192,297.2746
32,2048,128,16384,588.2615
32,4096,0,0,7.6700
32,4096,1,16,7.6703
32,4096,1,32,7.6706
32,4096,1,64,7.6713
32,4096,1,128,7.6726
32,4096,1,256,7.6752
32,4096,1,512,7.6804
32,4096,1,1024,7.6908
32,4096,1,2048,7.7115
32,4096,1,4096,7.7531
32,4096,1,8192,8.5654
32,4096,1,16384,10.8387
32,4096,2,16,7.6706
32,4096,2,32,7.6713
32,4096,2,64,7.6726
32,4096,2,128,7.6752
32,4096,2,256,7.6804
32,4096,2,512,7.6908
32,4096,2,1024,7.7115
32,4096,2,2048,7.7531
32,4096,2,4096,8.5698
32,4096,2,8192,10.8432
32,4096,2,16384,15.3899
32,4096,4,16,7.6713
32,4096,4,32,7.6726
32,4096,4,64,7.6752
32,4096,4,128,7.6804
32,4096,4,256,7.6908
32,4096,4,512,7.7115
32,4096,4,1024,7.7531
32,4096,4,2048,8.5787
32,4096,4,4096,10.8521
32,4096,4,8192,15.3987
32,4096,4,16384,24.4921
32,4096,8,16,7.6726
32,4096,8,32,7.6752
32,4096,8,64,7.6804
32,4096,8,128,7.6908
32,4096,8,256,7.7115
32,4096,8,512,7.7531
32,4096,8,1024,8.5965
32,4096,8,2048,10.8698
32,4096,8,4096,15.4165
32,4096,8,8192,24.5098
32,4096,8,16384,42.6965
32,4096,16,16,7.6752
32,4096,16,32,7.6804
32,4096,16,64,7.6908
32,4096,16,128,7.7115
32,4096,16,256,7.7531
32,4096,16,512,8.6320
32,4096,16,1024,10.9053
32,4096,16,2048,15.4520
32,4096,16,4096,24.5454
32,4096,16,8192,42.7320
32,4096,16,16384,79.1054
32,4096,32,16,7.6804
32,4096,32,32,7.6908
32,4096,32,64,7.7115
32,4096,32,128,7.7531
32,4096,32,256,8.7031
32,4096,32,512,10.9764
32,4096,32,1024,15.5231
32,4096,32,2048,24.6164
32,4096,32,4096,42.8031
32,4096,32,8192,79.1765
32,4096,32,16384,151.9232
32,4096,64,16,7.6908
32,4096,64,32,7.7115
32,4096,64,64,7.7531
32,4096,64,128,8.8451
32,4096,64,256,11.1185
32,4096,64,512,15.6651
32,4096,64,1024,24.7585
32,4096,64,2048,42.9452
32,4096,64,4096,79.3185
32,4096,64,8192,152.0653
32,4096,64,16384,297.5587
32,4096,128,16,7.7115
32,4096,128,32,7.9926
32,4096,128,64,9.1293
32,4096,128,128,11.4026
32,4096,128,256,15.9493
32,4096,128,512,25.0426
32,4096,128,1024,43.2293
32,4096,128,2048,79.6027
32,4096,128,4096,152.3494
32,4096,128,8192,297.8429
32,4096,128,16384,588.8299
32,8192,0,0,10.3296
32,8192,1,16,10.3299
32,8192,1,32,10.3302
32,8192,1,64,10.3309
32,8192,1,128,10.3322
32,8192,1,256,10.3348
32,8192,1,512,10.3400
32,8192,1,1024,10.3503
32,8192,1,2048,10.3711
32,8192,1,4096,10.4127
32,8192,1,8192,10.4958
32,8192,1,16384,11.9754
32,8192,2,16,10.3302
32,8192,2,32,10.3309
32,8192,2,64,10.3322
32,8192,2,128,10.3348
32,8192,2,256,10.3400
32,8192,2,512,10.3503
32,8192,2,1024,10.3711
32,8192,2,2048,10.4127
32,8192,2,4096,10.4958
32,8192,2,8192,11.9799
32,8192,2,16384,16.5265
32,8192,4,16,10.3309
32,8192,4,32,10.3322
32,8192,4,64,10.3348
32,8192,4,128,10.3400
32,8192,4,256,10.3503
32,8192,4,512,10.3711
32,8192,4,1024,10.4127
32,8192,4,2048,10.4958
32,8192,4,4096,11.9887
32,8192,4,8192,16.5354
32,8192,4,16384,25.6287
32,8192,8,16,10.3322
32,8192,8,32,10.3348
32,8192,8,64,10.3400
32,8192,8,128,10.3503
32,8192,8,256,10.3711
32,8192,8,512,10.4127
32,8192,8,1024,10.4958
32,8192,8,2048,12.0065
32,8192,8,4096,16.5532
32,8192,8,8192,25.6465
32,8192,8,16384,43.8332
32,8192,16,16,10.3348
32,8192,16,32,10.3400
32,8192,16,64,10.3503
32,8192,16,128,10.3711
32,8192,16,256,10.4127
32,8192,16,512,10.4958
32,8192,16,1024,12.0420
32,8192,16,2048,16.5887
32,8192,16,4096,25.6820
32,8192,16,8192,43.8687
32,8192,16,16384,80.2421
32,8192,32,16,10.3400
32,8192,32,32,10.3503
32,8192,32,64,10.3711
32,8192,32,128,10.4127
32,8192,32,256,10.4958
32,8192,32,512,12.1131
32,8192,32,1024,16.6597
32,8192,32,2048,25.7531
32,8192,32,4096,43.9398
32,8192,32,8192,80.3131
32,8192,32,16384,153.0599
32,8192,64,16,10.3503
32,8192,64,32,10.3711
32,8192,64,64,10.4127
32,8192,64,128,10.4958
32,8192,64,256,12.2551
32,8192,64,512,16.8018
32,8192,64,1024,25.8952
32,8192,64,2048,44.0818
32,8192,64,4096,80.4552
32,8192,64,8192,153.2019
32,8192,64,16384,298.6954
32,8192,128,16,10.3711
32,8192,128,32,10.4127
32,8192,128,64,10.4958
32,8192,128,128,12.5393
32,8192,128,256,17.0860
32,8192,128,512,26.1793
32,8192,128,1024,44.3660
32,8192,128,2048,80.7394
32,8192,128,4096,153.4861
32,8192,128,8192,298.9796
32,8192,128,16384,589.9665
32,16384,0,0,15.6487
32,16384,1,16,15.6491
32,16384,1,32,15.6494
32,16384,1,64,15.6500
32,16384,1,128,15.6513
32,16384,1,256,15.6539
32,16384,1,512,15.6591
32,16384,1,1024,15.6695
32,16384,1,2048,15.6903
32,16384,1,4096,15.7318
32,16384,1,8192,15.8150
32,16384,1,16384,15.9812
32,16384,2,16,15.6494
32,16384,2,32,15.6500
32,16384,2,64,15.6513
32,16384,2,128,15.6539
32,16384,2,256,15.6591
32,16384,2,512,15.6695
32,16384,2,1024,15.6903
32,16384,2,2048,15.7318
32,16384,2,4096,15.8150
32,16384,2,8192,15.9812
32,16384,2,16384,18.7999
32,16384,4,16,15.6500
32,16384,4,32,15.6513
32,16384,4,64,15.6539
32,16384,4,128,15.6591
32,16384,4,256,15.6695
32,16384,4,512,15.6903
32,16384,4,1024,15.7318
32,16384,4,2048,15.8150
32,16384,4,4096,15.9812
32,16384,4,8192,18.8087
32,16384,4,16384,27.9021
32,16384,8,16,15.6513
32,16384,8,32,15.6539
32,16384,8,64,15.6591
32,16384,8,128,15.6695
32,16384,8,256,15.6903
32,16384,8,512,15.7318
32,16384,8,1024,15.8150
32,16384,8,2048,15.9812
32,16384,8,4096,18.8265
32,16384,8,8192,27.9198
32,16384,8,16384,46.1065
32,16384,16,16,15.6539
32,16384,16,32,15.6591
32,16384,16,64,15.6695
32,16384,16,128,15.6903
32,16384,16,256,15.7318
32,16384,16,512,15.8150
32,16384,16,1024,15.9812
32,16384,16,2048,18.8620
32,16384,16,4096,27.9554
32,16384,16,8192,46.1420
32,16384,16,16384,82.5154
32,16384,32,16,15.6591
32,16384,32,32,15.6695
32,16384,32,64,15.6903
32,16384,32,128,15.7318
32,16384,32,256,15.8150
32,16384,32,512,15.9812
32,16384,32,1024,18.9331
32,16384,32,2048,28.0264
32,16384,32,4096,46.2131
32,16384,32,8192,82.5865
32,16384,32,16384,155.3332
32,16384,64,16,15.6695
32,16384,64,32,15.6903
32,16384,64,64,15.7318
32,16384,64,128,15.8150
32,16384,64,256,15.9812
32,16384,64,512,19.0751
32,16384,64,1024,28.1685
32,16384,64,2048,46.3552
32,16384,64,4096,82.7285
32,16384,64,8192,155.4753
32,16384,64,16384,300.9687
32,16384,128,16,15.6903
32,16384,128,32,15.7318
32,16384,128,64,15.8150
32,16384,128,128,15.9812
32,16384,128,256,19.3593
32,16384,128,512,28.4527
32,16384,128,1024,46.6393
32,16384,128,2048,83.0127
32,16384,128,4096,155.7594
32,16384,128,8192,301.2529
32,16384,128,16384,592.2399
36,0,0,0,5.1698
36,0,1,512,5.3164
36,0,1,768,5.3874
36,0,1,1152,5.4940
36,0,1,1728,5.6538
36,0,1,2592,5.8936
36,0,1,3888,6.2532
36,0,1,5832,6.7927
36,0,1,8748,7.6019
36,0,1,13122,8.8157
36,0,1,16384,9.7209
36,0,2,512,5.4629
36,0,2,768,5.6050
36,0,2,1152,5.8181
36,0,2,1728,6.1378
36,0,2,2592,6.6173
36,0,2,3888,7.3366
36,0,2,5832,8.4156
36,0,2,8748,10.0340
36,0,2,13122,12.4616
36,0,2,16384,14.2721
36,0,4,512,5.7559
36,0,4,768,6.0401
36,0,4,1152,6.4663
36,0,4,1728,7.1057
36,0,4,2592,8.0648
36,0,4,3888,9.5034
36,0,4,5832,11.6613
36,0,4,8748,14.8981
36,0,4,13122,19.7534
36,0,4,16384,23.3743
36,0,8,512,6.3420
36,0,8,768,6.9104
36,0,8,1152,7.7629
36,0,8,1728,9.0416
36,0,8,2592,10.9597
36,0,8,3888,13.8369
36,0,8,5832,18.1527
36,0,8,8748,24.6264
36,0,8,13122,34.3369
36,0,8,16384,41.5787
36,0,16,512,7.5142
36,0,16,768,8.6509
36,0,16,1152,10.3559
36,0,16,1728,12.9134
36,0,16,2592,16.7496
36,0,16,3888,22.5040
36,0,16,5832,31.1356
36,0,16,8748,44.0829
36,0,16,13122,63.5040
36,0,16,16384,77.9876
36,0,32,512,9.8586
36,0,32,768,12.1319
36,0,32,1152,15.5419
36,0,32,1728,20.6569
36,0,32,2592,28.3294
36,0,32,3888,39.8382
36,0,32,5832,57.1013
36,0,32,8748,82.9961
36,0,32,13122,121.8381
36,0,32,16384,150.8054
36,0,64,512,14.5473
36,0,64,768,19.0940
36,0,64,1152,25.9140
36,0,64,1728,36.1440
36,0,64,2592,51.4890
36,0,64,3888,74.5066
36,0,64,5832,109.0328
36,0,64,8748,160.8223
36,0,64,13122,238.5064
36,0,64,16384,296.4409
36,0,128,512,23.9249
36,0,128,768,33.0182
36,0,128,1152,46.6582
36,0,128,1728,67.1182
36,0,128,2592,97.8083
36,0,128,3888,143.8433
36,0,128,5832,212.8959
36,0,128,8748,316.4747
36,0,128,13122,471.8430
36,0,128,16384,587.7121
36,512,0,0,5.3872
36,512,1,512,5.4584
36,512,1,768,5.5295
36,512,1,1152,5.6360
36,512,1,1728,5.7959
36,512,1,2592,6.0357
36,512,1,3888,6.3953
36,512,1,5832,6.9348
36,512,1,8748,7.7440
36,512,1,13122,8.9578
36,512,1,16384,9.8630
36,512,2,512,5.6050
36,512,2,768,5.7470
36,512,2,1152,5.9602
36,512,2,1728,6.2799
36,512,2,2592,6.7594
36,512,2,3888,7.4787
36,512,2,5832,8.5576
36,512,2,8748,10.1761
36,512,2,13122,12.6037
36,512,2,16384,14.4141
36,512,4,512,5.8980
36,512,4,768,6.1822
36,512,4,1152,6.6084
36,512,4,1728,7.2478
36,512,4,2592,8.2069
36,512,4,3888,9.6455
36,512,4,5832,11.8034
36,512,4,8748,15.0402
36,512,4,13122,19.8955
36,512,4,16384,23.5164
36,512,8,512,6.4841
36,512,8,768,7.0524
36,512,8,1152,7.9049
36,512,8,1728,9.1837
36,512,8,2592,11.1018
36,512,8,3888,13.9790
36,512,8,5832,18.2948
36,512,8,8748,24.7685
36,512,8,13122,34.4790
36,512,8,16384,41.7208
36,512,16,512,7.6563
36,512,16,768,8.7930
36,512,16,1152,10.4980
36,512,16,1728,13.0555
36,512,16,2592,16.8917
36,512,16,3888,22.6461
36,512,16,5832,31.2777
36,512,16,8748,44.2250
36,512,16,13122,63.6461
36,512,16,16384,78.1297
36,512,32,512,10.0007
36,512,32,768,12.2740
36,512,32,1152,15.6840
36,512,32,1728,20.7990
36,512,32,2592,28.4715
36,512,32,3888,39.9803
36,512,32,5832,57.2434
36,512,32,8748,83.1381
36,512,32,13122,121.9802
36,512,32,16384,150.9475
36,512,64,512,14.6894
36,512,64,768,19.2361
36,512,64,1152,26.0561
36,512,64,1728,36.2861
36,512,64,2592,51.6311
36,512,64,3888,74.6487
36,512,64,5832,109.1749
36,512,64,8748,160.9644
36,512,64,13122,238.6485
36,512,64,16384,296.5830
36,512,128,512,24.0669
36,512,128,768,33.1603
36,512,128,1152,46.8003
36,512,128,1728,67.2603
36,512,128,2592,97.9503
36,512,128,3888,143.9854
36,512,128,5832,213.0379
36,512,128,8748,316.6168
36,512,128,13122,471.9851
36,512,128,16384,587.8541
36,768,0,0,5.5742
36,768,1,512,5.5845
36,768,1,768,5.6005
36,768,1,1152,5.7071
36,768,1,1728,5.8669
36,768,1,2592,6.1067
36,768,1,3888,6.4663
36,768,1,5832,7.0058
36,768,1,8748,7.8150
36,768,1,13122,9.0288
36,768,1,16384,9.9341
36,768,2,512,5.6760
36,768,2,768,5.8181
36,768,2,1152,6.0312
36,768,2,1728,6.3509
36,768,2,2592,6.8304
36,768,2,3888,7.5497
36,768,2,5832,8.6287
36,768,2,8748,10.2471
36,768,2,13122,12.6747
36,768,2,16384,14.4852
36,768,4,512,5.9691
36,768,4,768,6.2532
36,768,4,1152,6.6795
36,768,4,1728,7.3188
36,768,4,2592,8.2779
36,768,4,3888,9.7165
36,768,4,5832,11.8744
36,768,4,8748,15.1112
36,768,4,13122,19.9665
36,768,4,16384,23.5874
36,768,8,512,6.5551
36,768,8,768,7.1235
36,768,8,1152,7.9760
36,768,8,1728,9.2547
36,768,8,2592,11.1729
36,768,8,3888,14.0501
36,768,8,5832,18.3658
36,768,8,8748,24.8395
36,768,8,13122,34.5500
36,768,8,16384,41.7918
36,768,16,512,7.7273
36,768,16,768,8.8640
36,768,16,1152,10.5690
36,768,16,1728,13.1265
36,768,16,2592,16.9628
36,768,16,3888,22.7171
36,768,16,5832,31.3487
36,768,16,8748,44.2961
36,768,16,13122,63.7171
36,768,16,16384,78.2007
36,768,32,512,10.0717
36,768,32,768,12.3450
36,768,32,1152,15.7551
36,768,32,1728,20.8701
36,768,32,2592,28.5426
36,768,32,3888,40.0513
36,768,32,5832,57.3145
36,768,32,8748,83.2092
36,768,32,13122,122.0512
36,768,32,16384,151.0185
36,768,64,512,14.7605
36,768,64,768,19.3071
36,768,64,1152,26.1271
36,768,64,1728,36.3572
36,768,64,2592,51.7022
36,768,64,3888,74.7197
36,768,64,5832,109.2460
36,768,64,8748,161.0354
36,768,64,13122,238.7195
36,768,64,16384,296.6541
36,768,128,512,24.1380
36,768,128,768,33.2313
36,768,128,1152,46.8713
36,768,128,1728,67.3314
36,768,128,2592,98.0214
36,768,128,3888,144.0564
36,768,128,5832,213.1090
36,768,128,8748,316.6878
36,768,128,13122,472.0561
36,768,128,16384,587.9252
36,1152,0,0,5.8547
36,1152,1,512,5.8650
36,1152,1,768,5.8702
36,1152,1,1152,5.8780
36,1152,1,1728,5.9735
36,1152,1,2592,6.2133
36,1152,1,3888,6.5729
36,1152,1,5832,7.1124
36,1152,1,8748,7.9216
36,1152,1,13122,9.1354
36,1152,1,16384,10.0406
36,1152,2,512,5.8754
36,1152,2,768,5.9247
36,1152,2,1152,6.1378
36,1152,2,1728,6.4575
36,1152,2,2592,6.9370
36,1152,2,3888,7.6563
36,1152,2,5832,8.7352
36,1152,2,8748,10.3537
36,1152,2,13122,12.7813
36,1152,2,16384,14.5917
36,1152,4,512,6.0756
36,1152,4,768,6.3598
36,1152,4,1152,6.7860
36,1152,4,1728,7.4254
36,1152,4,2592,8.3845
36,1152,4,3888,9.8231
36,1152,4,5832,11.9810
36,1152,4,8748,15.2178
36,1152,4,13122,20.0731
36,1152,4,16384,23.6940
36,1152,8,512,6.6617
36,1152,8,768,7.2300
36,1152,8,1152,8.0825
36,1152,8,1728,9.3613
36,1152,8,2592,11.2794
36,1152,8,3888,14.1566
36,1152,8,5832,18.4724
36,1152,8,8748,24.9461
36,1152,8,13122,34.6566
36,1152,8,16384,41.8984
36,1152,16,512,7.8339
36,1152,16,768,8.9706
36,1152,16,1152,10.6756
36,1152,16,1728,13.2331
36,1152,16,2592,17.0693
36,1152,16,3888,22.8237
36,1152,16,5832,31.4553
36,1152,16,8748,44.4026
36,1152,16,13122,63.8237
36,1152,16,16384,78.3073
36,1152,32,512,10.1783
36,1152,32,768,12.4516
36,1152,32,1152,15.8616
36,1152,32,1728,20.9766
36,1152,32,2592,28.6491
36,1152,32,3888,40.1579
36,1152,32,5832,57.4210
36,1152,32,8748,83.3157
36,1152,32,13122,122.1578
36,1152,32,16384,151.1251
36,1152,64,512,14.8670
36,1152,64,768,19.4137
36,1152,64,1152,26.2337
36,1152,64,1728,36.4637
36,1152,64,2592,51.8087
36,1152,64,3888,74.8263
36,1152,64,5832,109.3525
36,1152,64,8748,161.1420
36,1152,64,13122,238.8261
36,1152,64,16384,296.7606
36,1152,128,512,24.2445
36,1152,128,768,33.3379
36,1152,128,1152,46.9779
36,1152,128,1728,67.4379
36,1152,128,2592,98.1279
36,1152,128,3888,144.1630
36,1152,128,5832,213.2156
36,1152,128,8748,316.7944
36,1152,128,13122,472.1627
36,1152,128,16384,588.0317
36,1728,0,0,6.2754
36,1728,1,512,6.2858
36,1728,1,768,6.2910
36,1728,1,1152,6.2988
36,1728,1,1728,6.3105
36,1728,1,2592,6.3731
36,1728,1,3888,6.7328
36,1728,1,5832,7.2722
36,1728,1,8748,8.0814
36,1728,1,13122,9.2952
36,1728,1,16384,10.2005
36,1728,2,512,6.2962
36,1728,2,768,6.3066
36,1728,2,1152,6.3222
36,1728,2,1728,6.6173
36,1728,2,2592,7.0968
36,1728,2,3888,7.8161
36,1728,2,5832,8.8951
36,1728,2,8748,10.5135
36,1728,2,13122,12.9411
36,1728,2,16384,14.7516
36,1728,4,512,6.3170
36,1728,4,768,6.5196
36,1728,4,1152,6.9459
36,1728,4,1728,7.5853
36,1728,4,2592,8.5443
36,1728,4,3888,9.9829
36,1728,4,5832,12.1408
36,1728,4,8748,15.3776
36,1728,4,13122,20.2329
36,1728,4,16384,23.8538
36,1728,8,512,6.8216
36,1728,8,768,7.3899
36,1728,8,1152,8.2424
36,1728,8,1728,9.5211
36,1728,8,2592,11.4393
36,1728,8,3888,14.3165
36,1728,8,5832,18.6322
36,1728,8,8748,25.1059
36,1728,8,13122,34.8164
36,1728,8,16384,42.0583
36,1728,16,512,7.9937
36,1728,16,768,9.1304
36,1728,16,1152,10.8354
36,1728,16,1728,13.3929
36,1728,16,2592,17.2292
36,1728,16,3888,22.9835
36,1728,16,5832,31.6151
36,1728,16,8748,44.5625
36,1728,16,13122,63.9835
36,1728,16,16384,78.4671
36,1728,32,512,10.3381
36,1728,32,768,12.6115
36,1728,32,1152,16.0215
36,1728,32,1728,21.1365
36,1728,32,2592,28.8090
36,1728,32,3888,40.3177
36,1728,32,5832,57.5809
36,1728,32,8748,83.4756
36,1728,32,13122,122.3177
36,1728,32,16384,151.2849
36,1728,64,512,15.0269
36,1728,64,768,19.5735
36,1728,64,1152,26.3936
36,1728,64,1728,36.6236
36,1728,64,2592,51.9686
36,1728,64,3888,74.9861
36,1728,64,5832,109.5124
36,1728,64,8748,161.3018
36,1728,64,13122,238.9859
36,1728,64,16384,296.9205
36,1728,128,512,24.4044
36,1728,128,768,33.4977
36,1728,128,1152,47.1377
36,1728,128,1728,67.5978
36,1728,128,2592,98.2878
36,1728,128,3888,144.3228
36,1728,128,5832,213.3754
36,1728,128,8748,316.9542
36,1728,128,13122,472.3225
36,1728,128,16384,588.1916
36,2592,0,0,6.9065
36,2592,1,512,6.9169
36,2592,1,768,6.9221
36,2592,1,1152,6.9299
36,2592,1,1728,6.9416
36,2592,1,2592,6.9591
36,2592,1,3888,6.9854
36,2592,1,5832,7.5120
36,2592,1,8748,8.3212
36,2592,1,13122,9.5350
36,2592,1,16384,10.4402
36,2592,2,512,6.9273
36,2592,2,768,6.9377
36,2592,2,1152,6.9533
36,2592,2,1728,6.9767
36,2592,2,2592,7.3366
36,2592,2,3888,8.0559
36,2592,2,5832,9.1349
36,2592,2,8748,10.7533
36,2592,2,13122,13.1809
36,2592,2,16384,14.9914
36,2592,4,512,6.9481
36,2592,4,768,6.9689
36,2592,4,1152,7.1856
36,2592,4,1728,7.8250
36,2592,4,2592,8.7841
36,2592,4,3888,10.2227
36,2592,4,5832,12.3806
36,2592,4,8748,15.6174
36,2592,4,13122,20.4727
36,2592,4,16384,24.0936
36,2592,8,512,7.0613
36,2592,8,768,7.6297
36,2592,8,1152,8.4822
36,2592,8,1728,9.7609
36,2592,8,2592,11.6790
36,2592,8,3888,14.5562
36,2592,8,5832,18.8720
36,2592,8,8748,25.3457
36,2592,8,13122,35.0562
36,2592,8,16384,42.2980
36,2592,16,512,8.2335
36,2592,16,768,9.3702
36,2592,16,1152,11.0752
36,2592,16,1728,13.6327
36,2592,16,2592,17.4689
36,2592,16,3888,23.2233
36,2592,16,5832,31.8549
36,2592,16,8748,44.8022
36,2592,16,13122,64.2233
36,2592,16,16384,78.7069
36,2592,32,512,10.5779
36,2592,32,768,12.8512
36,2592,32,1152,16.2612
36,2592,32,1728,21.3762
36,2592,32,2592,29.0487
36,2592,32,3888,40.5575
36,2592,32,5832,57.8206
36,2592,32,8748,83.7154
36,2592,32,13122,122.5574
36,2592,32,16384,151.5247
36,2592,64,512,15.2666
36,2592,64,768,19.8133
36,2592,64,1152,26.6333
36,2592,64,1728,36.8633
36,2592,64,2592,52.2083
36,2592,64,3888,75.2259
36,2592,64,5832,109.7521
36,2592,64,8748,161.5416
36,2592,64,13122,239.2257
36,2592,64,16384,297.1602
36,2592,128,512,24.6441
36,2592,128,768,33.7375
36,2592,128,1152,47.3775
36,2592,128,1728,67.8375
36,2592,128,2592,98.5276
36,2592,128,3888,144.5626
36,2592,128,5832,213.6152
36,2592,128,8748,317.1940
36,2592,128,13122,472.5623
36,2592,128,16384,588.4314
36,3888,0,0,7.8532
36,3888,1,512,7.8636
36,3888,1,768,7.8688
36,3888,1,1152,7.8766
36,3888,1,1728,7.8883
36,3888,1,2592,7.9058
36,3888,1,3888,7.9321
36,3888,1,5832,7.9716
36,3888,1,8748,8.6808
36,3888,1,13122,9.8947
36,3888,1,16384,10.7999
36,3888,2,512,7.8740
36,3888,2,768,7.8844
36,3888,2,1152,7.9000
36,3888,2,1728,7.9234
36,3888,2,2592,7.9584
36,3888,2,3888,8.4156
36,3888,2,5832,9.4945
36,3888,2,8748,11.1129
36,3888,2,13122,13.5405
36,3888,2,16384,15.3510
36,3888,4,512,7.8948
36,3888,4,768,7.9156
36,3888,4,1152,7.9467
36,3888,4,1728,8.1847
36,3888,4,2592,9.1437
36,3888,4,3888,10.5823
36,3888,4,5832,12.7402
36,3888,4,8748,15.9771
36,3888,4,13122,20.8323
36,3888,4,16384,24.4532
36,3888,8,512,7.9364
36,3888,8,768,7.9893
36,3888,8,1152,8.8418
36,3888,8,1728,10.1206
36,3888,8,2592,12.0387
36,3888,8,3888,14.9159
36,3888,8,5832,19.2317
36,3888,8,8748,25.7053
36,3888,8,13122,35.4159
36,3888,8,16384,42.6577
36,3888,16,512,8.5932
36,3888,16,768,9.7298
36,3888,16,1152,11.4348
36,3888,16,1728,13.9923
36,3888,16,2592,17.8286
36,3888,16,3888,23.5830
36,3888,16,5832,32.2145
36,3888,16,8748,45.1619
36,3888,16,13122,64.5829
36,3888,16,16384,79.0666
36,3888,32,512,10.9375
36,3888,32,768,13.2109
36,3888,32,1152,16.6209
36,3888,32,1728,21.7359
36,3888,32,2592,29.4084
36,3888,32,3888,40.9171
36,3888,32,5832,58.1803
36,3888,32,8748,84.0750
36,3888,32,13122,122.9171
36,3888,32,16384,151.8843
36,3888,64,512,15.6263
36,3888,64,768,20.1730
36,3888,64,1152,26.9930
36,3888,64,1728,37.2230
36,3888,64,2592,52.5680
36,3888,64,3888,75.5855
36,3888,64,5832,110.1118
36,3888,64,8748,161.9012
36,3888,64,13122,239.5854
36,3888,64,16384,297.5199
36,3888,128,512,25.0038
36,3888,128,768,34.0971
36,3888,128,1152,47.7372
36,3888,128,1728,68.1972
36,3888,128,2592,98.8872
36,3888,128,3888,144.9222
36,3888,128,5832,213.9748
36,3888,128,8748,317.5537
36,3888,128,13122,472.9219
36,3888,128,16384,588.7910
36,5832,0,0,9.2733
36,5832,1,512,9.2837
36,5832,1,768,9.2889
36,5832,1,1152,9.2967
36,5832,1,1728,9.3084
36,5832,1,2592,9.3259
36,5832,1,3888,9.3522
36,5832,1,5832,9.3916
36,5832,1,8748,9.4508
36,5832,1,13122,10.4341
36,5832,1,16384,11.3394
36,5832,2,512,9.2941
36,5832,2,768,9.3045
36,5832,2,1152,9.3200
36,5832,2,1728,9.3434
36,5832,2,2592,9.3785
36,5832,2,3888,9.4311
36,5832,2,5832,10.0340
36,5832,2,8748,11.6524
36,5832,2,13122,14.0800
36,5832,2,16384,15.8905
36,5832,4,512,9.3148
36,5832,4,768,9.3356
36,5832,4,1152,9.3668
36,5832,4,1728,9.4135
36,5832,4,2592,9.6832
36,5832,4,3888,11.1218
36,5832,4,5832,13.2797
36,5832,4,8748,16.5165
36,5832,4,13122,21.3718
36,5832,4,16384,24.9927
36,5832,8,512,9.3564
36,5832,8,768,9.3980
36,5832,8,1152,9.4603
36,5832,8,1728,10.6600
36,5832,8,2592,12.5782
36,5832,8,3888,15.4553
36,5832,8,5832,19.7711
36,5832,8,8748,26.2448
36,5832,8,13122,35.9553
36,5832,8,16384,43.1971
36,5832,16,512,9.4395
36,5832,16,768,10.2693
36,5832,16,1152,11.9743
36,5832,16,1728,14.5318
36,5832,16,2592,18.3681
36,5832,16,3888,24.1224
36,5832,16,5832,32.7540
36,5832,16,8748,45.7014
36,5832,16,13122,65.1224
36,5832,16,16384,79.6060
36,5832,32,512,11.4770
36,5832,32,768,13.7503
36,5832,32,1152,17.1603
36,5832,32,1728,22.2754
36,5832,32,2592,29.9479
36,5832,32,3888,41.4566
36,5832,32,5832,58.7198
36,5832,32,8748,84.6145
36,5832,32,13122,123.4565
36,5832,32,16384,152.4238
36,5832,64,512,16.1658
36,5832,64,768,20.7124
36,5832,64,1152,27.5324
36,5832,64,1728,37.7624
36,5832,64,2592,53.1075
36,5832,64,3888,76.1250
36,5832,64,5832,110.6513
36,5832,64,8748,162.4407
36,5832,64,13122,240.1248
36,5832,64,16384,298.0594
36,5832,128,512,25.5433
36,5832,128,768,34.6366
36,5832,128,1152,48.2766
36,5832,128,1728,68.7366
36,5832,128,2592,99.4267
36,5832,128,3888,145.4617
36,5832,128,5832,214.5143
36,5832,128,8748,318.0931
36,5832,128,13122,473.4614
36,5832,128,16384,589.3305
36,8748,0,0,11.4034
36,8748,1,512,11.4138
36,8748,1,768,11.4189
36,8748,1,1152,11.4267
36,8748,1,1728,11.4384
36,8748,1,2592,11.4560
36,8748,1,3888,11.4823
36,8748,1,5832,11.5217
36,8748,1,8748,11.5809
36,8748,1,13122,11.6696
36,8748,1,16384,12.1486
36,8748,2,512,11.4241
36,8748,2,768,11.4345
36,8748,2,1152,11.4501
36,8748,2,1728,11.4735
36,8748,2,2592,11.5086
36,8748,2,3888,11.5611
36,8748,2,5832,11.6400
36,8748,2,8748,12.4616
36,8748,2,13122,14.8892
36,8748,2,16384,16.6997
36,8748,4,512,11.4449
36,8748,4,768,11.4657
36,8748,4,1152,11.4969
36,8748,4,1728,11.5436
36,8748,4,2592,11.6137
36,8748,4,3888,11.9310
36,8748,4,5832,14.0889
36,8748,4,8748,17.3257
36,8748,4,13122,22.1810
36,8748,4,16384,25.8019
36,8748,8,512,11.4865
36,8748,8,768,11.5280
36,8748,8,1152,11.5904
36,8748,8,1728,11.6839
36,8748,8,2592,13.3874
36,8748,8,3888,16.2646
36,8748,8,5832,20.5803
36,8748,8,8748,27.0540
36,8748,8,13122,36.7645
36,8748,8,16384,44.0064
36,8748,16,512,11.5696
36,8748,16,768,11.6527
36,8748,16,1152,12.7835
36,8748,16,1728,15.3410
36,8748,16,2592,19.1773
36,8748,16,3888,24.9316
36,8748,16,5832,33.5632
36,8748,16,8748,46.5106
36,8748,16,13122,65.9316
36,8748,16,16384,80.4152
36,8748,32,512,12.2862
36,8748,32,768,14.5596
36,8748,32,1152,17.9696
36,8748,32,1728,23.0846
36,8748,32,2592,30.7571
36,8748,32,3888,42.2658
36,8748,32,5832,59.5290
36,8748,32,8748,85.4237
36,8748,32,13122,124.2658
36,8748,32,16384,153.2330
36,8748,64,512,16.9750
36,8748,64,768,21.5216
36,8748,64,1152,28.3416
36,8748,64,1728,38.5717
36,8748,64,2592,53.9167
36,8748,64,3888,76.9342
36,8748,64,5832,111.4605
36,8748,64,8748,163.2499
36,8748,64,13122,240.9340
36,8748,64,16384,298.8686
36,8748,128,512,26.3525
36,8748,128,768,35.4458
36,8748,128,1152,49.0858
36,8748,128,1728,69.5459
36,8748,128,2592,100.2359
36,8748,128,3888,146.2709
36,8748,128,5832,215.3235
36,8748,128,8748,318.9023
36,8748,128,13122,474.2706
36,8748,128,16384,590.1397
36,13122,0,0,14.5985
36,13122,1,512,14.6089
36,13122,1,768,14.6141
36,13122,1,1152,14.6218
36,13122,1,1728,14.6335
36,13122,1,2592,14.6511
36,13122,1,3888,14.6774
36,13122,1,5832,14.7168
36,13122,1,8748,14.7760
36,13122,1,13122,14.8647
36,13122,1,16384,14.9309
36,13122,2,512,14.6193
36,13122,2,768,14.6296
36,13122,2,1152,14.6452
36,13122,2,1728,14.6686
36,13122,2,2592,14.7037
36,13122,2,3888,14.7563
36,13122,2,5832,14.8351
36,13122,2,8748,14.9535
36,13122,2,13122,16.1030
36,13122,2,16384,17.9135
36,13122,4,512,14.6400
36,13122,4,768,14.6608
36,13122,4,1152,14.6920
36,13122,4,1728,14.7387
36,13122,4,2592,14.8089
36,13122,4,3888,14.9140
36,13122,4,5832,15.3027
36,13122,4,8748,18.5396
36,13122,4,13122,23.3948
36,13122,4,16384,27.0157
36,13122,8,512,14.6816
36,13122,8,768,14.7231
36,13122,8,1152,14.7855
36,13122,8,1728,14.8790
36,13122,8,2592,15.0192
36,13122,8,3888,17.4784
36,13122,8,5832,21.7942
36,13122,8,8748,28.2678
36,13122,8,13122,37.9784
36,13122,8,16384,45.2202
36,13122,16,512,14.7647
36,13122,16,768,14.8478
36,13122,16,1152,14.9725
36,13122,16,1728,16.5548
36,13122,16,2592,20.3911
36,13122,16,3888,26.1455
36,13122,16,5832,34.7770
36,13122,16,8748,47.7244
36,13122,16,13122,67.1454
36,13122,16,16384,81.6291
36,13122,32,512,14.9309
36,13122,32,768,15.7734
36,13122,32,1152,19.1834
36,13122,32,1728,24.2984
36,13122,32,2592,31.9709
36,13122,32,3888,43.4796
36,13122,32,5832,60.7428
36,13122,32,8748,86.6375
36,13122,32,13122,125.4796
36,13122,32,16384,154.4468
36,13122,64,512,18.1888
36,13122,64,768,22.7355
36,13122,64,1152,29.5555
36,13122,64,1728,39.7855
36,13122,64,2592,55.1305
36,13122,64,3888,78.1480
36,13122,64,5832,112.6743
36,13122,64,8748,164.4637
36,13122,64,13122,242.1479
36,13122,64,16384,300.0824
36,13122,128,512,27.5663
36,13122,128,768,36.6596
36,13122,128,1152,50.2997
36,13122,128,1728,70.7597
36,13122,128,2592,101.4497
36,13122,128,3888,147.4847
36,13122,128,5832,216.5373
36,13122,128,8748,320.1162
36,13122,128,13122,475.4844
36,13122,128,16384,591.3535
36,16384,0,0,16.9813
36,16384,1,512,16.9917
36,16384,1,768,16.9969
36,16384,1,1152,17.0047
36,16384,1,1728,17.0164
36,16384,1,2592,17.0339
36,16384,1,3888,17.0602
36,16384,1,5832,17.0996
36,16384,1,8748,17.1588
36,16384,1,13122,17.2475
36,16384,1,16384,17.3137
36,16384,2,512,17.0021
36,16384,2,768,17.0125
36,16384,2,1152,17.0280
36,16384,2,1728,17.0514
36,16384,2,2592,17.0865
36,16384,2,3888,17.1391
36,16384,2,5832,17.2180
36,16384,2,8748,17.3363
36,16384,2,13122,17.5138
36,16384,2,16384,18.8187
36,16384,4,512,17.0228
36,16384,4,768,17.0436
36,16384,4,1152,17.0748
36,16384,4,1728,17.1215
36,16384,4,2592,17.1917
36,16384,4,3888,17.2969
36,16384,4,5832,17.4546
36,16384,4,8748,19.4448
36,16384,4,13122,24.3000
36,16384,4,16384,27.9209
36,16384,8,512,17.0644
36,16384,8,768,17.1060
36,16384,8,1152,17.1683
36,16384,8,1728,17.2618
36,16384,8,2592,17.4020
36,16384,8,3888,18.3836
36,16384,8,5832,22.6994
36,16384,8,8748,29.1731
36,16384,8,13122,38.8836
36,16384,8,16384,46.1254
36,16384,16,512,17.1475
36,16384,16,768,17.2306
36,16384,16,1152,17.3553
36,16384,16,1728,17.5423
36,16384,16,2592,21.2963
36,16384,16,3888,27.0507
36,16384,16,5832,35.6823
36,16384,16,8748,48.6296
36,16384,16,13122,68.0506
36,16384,16,16384,82.5343
36,16384,32,512,17.3137
36,16384,32,768,17.4800
36,16384,32,1152,20.0886
36,16384,32,1728,25.2036
36,16384,32,2592,32.8761
36,16384,32,3888,44.3849
36,16384,32,5832,61.6480
36,16384,32,8748,87.5427
36,16384,32,13122,126.3848
36,16384,32,16384,155.3521
36,16384,64,512,19.0940
36,16384,64,768,23.6407
36,16384,64,1152,30.4607
36,16384,64,1728,40.6907
36,16384,64,2592,56.0357
36,16384,64,3888,79.0532
36,16384,64,5832,113.5795
36,16384,64,8748,165.3689
36,16384,64,13122,243.0531
36,16384,64,16384,300.9876
36,16384,128,512,28.4715
36,16384,128,768,37.5649
36,16384,128,1152,51.2049
36,16384,128,1728,71.6649
36,16384,128,2592,102.3549
36,16384,128,3888,148.3900
36,16384,128,5832,217.4425
36,16384,128,8748,321.0214
36,16384,128,13122,476.3897
36,16384,128,16384,592.2587
54,0,0,0,5.2548
54,0,1,512,5.4013
54,0,1,768,5.4723
54,0,1,1152,5.5789
54,0,1,1728,5.7387
54,0,1,2592,5.9785
54,0,1,3888,6.3381
54,0,1,5832,6.8776
54,0,1,8748,7.6868
54,0,1,13122,8.9006
54,0,1,16384,9.8059
54,0,2,512,5.5478
54,0,2,768,5.6899
54,0,2,1152,5.9030
54,0,2,1728,6.2227
54,0,2,2592,6.7022
54,0,2,3888,7.4215
54,0,2,5832,8.5005
54,0,2,8748,10.1189
54,0,2,13122,12.5465
54,0,2,16384,14.3570
54,0,4,512,5.8408
54,0,4,768,6.1250
54,0,4,1152,6.5513
54,0,4,1728,7.1906
54,0,4,2592,8.1497
54,0,4,3888,9.5883
54,0,4,5832,11.7462
54,0,4,8748,14.9830
54,0,4,13122,19.8383
54,0,4,16384,23.4592
54,0,8,512,6.4269
54,0,8,768,6.9953
54,0,8,1152,7.8478
54,0,8,1728,9.1265
54,0,8,2592,11.0447
54,0,8,3888,13.9218
54,0,8,5832,18.2376
54,0,8,8748,24.7113
54,0,8,13122,34.4218
54,0,8,16384,41.6636
54,0,16,512,7.5991
54,0,16,768,8.7358
54,0,16,1152,10.4408
54,0,16,1728,12.9983
54,0,16,2592,16.8346
54,0,16,3888,22.5889
54,0,16,5832,31.2205
54,0,16,8748,44.1679
54,0,16,13122,63.5889
54,0,16,16384,78.0725
54,0,32,512,9.9435
54,0,32,768,12.2168
54,0,32,1152,15.6268
54,0,32,1728,20.7418
54,0,32,2592,28.4144
54,0,32,3888,39.9231
54,0,32,5832,57.1863
54,0,32,8748,83.0810
54,0,32,13122,121.9230
54,0,32,16384,150.8903
54,0,64,512,14.6323
54,0,64,768,19.1789
54,0,64,1152,25.9989
54,0,64,1728,36.2289
54,0,64,2592,51.5740
54,0,64,3888,74.5915
54,0,64,5832,109.1178
54,0,64,8748,160.9072
54,0,64,13122,238.5913
54,0,64,16384,296.5259
54,0,128,512,24.0098
54,0,128,768,33.1031
54,0,128,1152,46.7431
54,0,128,1728,67.2031
54,0,128,2592,97.8932
54,0,128,3888,143.9282
54,0,128,5832,212.9808
54,0,128,8748,316.5596
54,0,128,13122,471.9279
54,0,128,16384,587.7970
54,512,0,0,5.5906
54,512,1,512,5.6010
54,512,1,768,5.6144
54,512,1,1152,5.7210
54,512,1,1728,5.8808
54,512,1,2592,6.1206
54,512,1,3888,6.4802
54,512,1,5832,7.0197
54,512,1,8748,7.8289
54,512,1,13122,9.0427
54,512,1,16384,9.9479
54,512,2,512,5.6899
54,512,2,768,5.8320
54,512,2,1152,6.0451
54,512,2,1728,6.3648
54,512,2,2592,6.8443
54,512,2,3888,7.5636
54,512,2,5832,8.6426
54,512,2,8748,10.2610
54,512,2,13122,12.6886
54,512,2,16384,14.4991
54,512,4,512,5.9829
54,512,4,768,6.2671
54,512,4,1152,6.6933
54,512,4,1728,7.3327
54,512,4,2592,8.2918
54,512,4,3888,9.7304
54,512,4,5832,11.8883
54,512,4,8748,15.1251
54,512,4,13122,19.9804
54,512,4,16384,23.6013
54,512,8,512,6.5690
54,512,8,768,7.1374
54,512,8,1152,7.9899
54,512,8,1728,9.2686
54,512,8,2592,11.1867
54,512,8,3888,14.0639
54,512,8,5832,18.3797
54,512,8,8748,24.8534
54,512,8,13122,34.5639
54,512,8,16384,41.8057
54,512,16,512,7.7412
54,512,16,768,8.8779
54,512,16,1152,10.5829
54,512,16,1728,13.1404
54,512,16,2592,16.9766
54,512,16,3888,22.7310
54,512,16,5832,31.3626
54,512,16,8748,44.3099
54,512,16,13122,63.7310
54,512,16,16384,78.2146
54,512,32,512,10.0856
54,512,32,768,12.3589
54,512,32,1152,15.7689
54,512,32,1728,20.8839
54,512,32,2592,28.5564
54,512,32,3888,40.0652
54,512,32,5832,57.3283
54,512,32,8748,83.2231
54,512,32,13122,122.0651
54,512,32,16384,151.0324
54,512,64,512,14.7743
54,512,64,768,19.3210
54,512,64,1152,26.1410
54,512,64,1728,36.3710
54,512,64,2592,51.7160
54,512,64,3888,74.7336
54,512,64,5832,109.2599
54,512,64,8748,161.0493
54,512,64,13122,238.7334
54,512,64,16384,296.6679
54,512,128,512,24.1519
54,512,128,768,33.2452
54,512,128,1152,46.8852
54,512,128,1728,67.3452
54,512,128,2592,98.0353
54,512,128,3888,144.0703
54,512,128,5832,213.1229
54,512,128,8748,316.7017
54,512,128,13122,472.0700
54,512,128,16384,587.9391
54,768,0,0,5.8711
54,768,1,512,5.8815
54,768,1,768,5.8867
54,768,1,1152,5.8945
54,768,1,1728,5.9518
54,768,1,2592,6.1916
54,768,1,3888,6.5513
54,768,1,5832,7.0907
54,768,1,8748,7.8999
54,768,1,13122,9.1138
54,768,1,16384,10.0190
54,768,2,512,5.8919
54,768,2,768,5.9030
54,768,2,1152,6.1161
54,768,2,1728,6.4358
54,768,2,2592,6.9154
54,768,2,3888,7.6346
54,768,2,5832,8.7136
54,768,2,8748,10.3320
54,768,2,13122,12.7596
54,768,2,16384,14.5701
54,768,4,512,6.0540
54,768,4,768,6.3381
54,768,4,1152,6.7644
54,768,4,1728,7.4038
54,768,4,2592,8.3628
54,768,4,3888,9.8014
54,768,4,5832,11.9593
54,768,4,8748,15.1962
54,768,4,13122,20.0514
54,768,4,16384,23.6723
54,768,8,512,6.6401
54,768,8,768,7.2084
54,768,8,1152,8.0609
54,768,8,1728,9.3397
54,768,8,2592,11.2578
54,768,8,3888,14.1350
54,768,8,5832,18.4508
54,768,8,8748,24.9244
54,768,8,13122,34.6349
54,768,8,16384,41.8768
54,768,16,512,7.8123
54,768,16,768,8.9489
54,768,16,1152,10.6539
54,768,16,1728,13.2114
54,768,16,2592,17.0477
54,768,16,3888,22.8021
54,768,16,5832,31.4336
54,768,16,8748,44.3810
54,768,16,13122,63.8020
54,768,16,16384,78.2857
54,768,32,512,10.1566
54,768,32,768,12.4300
54,768,32,1152,15.8400
54,768,32,1728,20.9550
54,768,32,2592,28.6275
54,768,32,3888,40.1362
54,768,32,5832,57.3994
54,768,32,8748,83.2941
54,768,32,13122,122.1362
54,768,32,16384,151.1034
54,768,64,512,14.8454
54,768,64,768,19.3921
54,768,64,1152,26.2121
54,768,64,1728,36.4421
54,768,64,2592,51.7871
54,768,64,3888,74.8046
54,768,64,5832,109.3309
54,768,64,8748,161.1203
54,768,64,13122,238.8045
54,768,64,16384,296.7390
54,768,128,512,24.2229
54,768,128,768,33.3162
54,768,128,1152,46.9562
54,768,128,1728,67.4163
54,768,128,2592,98.1063
54,768,128,3888,144.1413
54,768,128,5832,213.1939
54,768,128,8748,316.7728
54,768,128,13122,472.1410
54,768,128,16384,588.0101
54,1152,0,0,6.2918
54,1152,1,512,6.3022
54,1152,1,768,6.3074
54,1152,1,1152,6.3152
54,1152,1,1728,6.3269
54,1152,1,2592,6.3444
54,1152,1,3888,6.6578
54,1152,1,5832,7.1973
54,1152,1,8748,8.0065
54,1152,1,13122,9.2203
54,1152,1,16384,10.1256
54,1152,2,512,6.3126
54,1152,2,768,6.3230
54,1152,2,1152,6.3386
54,1152,2,1728,6.5424
54,1152,2,2592,7.0219
54,1152,2,3888,7.7412
54,1152,2,5832,8.8202
54,1152,2,8748,10.4386
54,1152,2,13122,12.8662
54,1152,2,16384,14.6767
54,1152,4,512,6.3334
54,1152,4,768,6.4447
54,1152,4,1152,6.8710
54,1152,4,1728,7.5103
54,1152,4,2592,8.4694
54,1152,4,3888,9.9080
54,1152,4,5832,12.0659
54,1152,4,8748,15.3027
54,1152,4,13122,20.1580
54,1152,4,16384,23.7789
54,1152,8,512,6.7466
54,1152,8,768,7.3150
54,1152,8,1152,8.1675
54,1152,8,1728,9.4462
54,1152,8,2592,11.3643
54,1152,8,3888,14.2415
54,1152,8,5832,18.5573
54,1152,8,8748,25.0310
54,1152,8,13122,34.7415
54,1152,8,16384,41.9833
54,1152,16,512,7.9188
54,1152,16,768,9.0555
54,1152,16,1152,10.7605
54,1152,16,1728,13.3180
54,1152,16,2592,17.1542
54,1152,16,3888,22.9086
54,1152,16,5832,31.5402
54,1152,16,8748,44.4875
54,1152,16,13122,63.9086
54,1152,16,16384,78.3922
54,1152,32,512,10.2632
54,1152,32,768,12.5365
54,1152,32,1152,15.9465
54,1152,32,1728,21.0615
54,1152,32,2592,28.7340
54,1152,32,3888,40.2428
54,1152,32,5832,57.5059
54,1152,32,8748,83.4007
54,1152,32,13122,122.2427
54,1152,32,16384,151.2100
54,1152,64,512,14.9519
54,1152,64,768,19.4986
54,1152,64,1152,26.3186
54,1152,64,1728,36.5486
54,1152,64,2592,51.8936
54,1152,64,3888,74.9112
54,1152,64,5832,109.4375
54,1152,64,8748,161.2269
54,1152,64,13122,238.9110
54,1152,64,16384,296.8456
54,1152,128,512,24.3295
54,1152,128,768,33.4228
54,1152,128,1152,47.0628
54,1152,128,1728,67.5228
54,1152,128,2592,98.2129
54,1152,128,3888,144.2479
54,1152,128,5832,213.3005
54,1152,128,8748,316.8793
54,1152,128,13122,472.2476
54,1152,128,16384,588.1167
54,1728,0,0,6.9230
54,1728,1,512,6.9334
54,1728,1,768,6.9386
54,1728,1,1152,6.9464
54,1728,1,1728,6.9580
54,1728,1,2592,6.9756
54,1728,1,3888,7.0019
54,1728,1,5832,7.3571
54,1728,1,8748,8.1664
54,1728,1,13122,9.3802
54,1728,1,16384,10.2854
54,1728,2,512,6.9438
54,1728,2,768,6.9541
54,1728,2,1152,6.9697
54,1728,2,1728,6.9931
54,1728,2,2592,7.1818
54,1728,2,3888,7.9011
54,1728,2,5832,8.9800
54,1728,2,8748,10.5984
54,1728,2,13122,13.0261
54,1728,2,16384,14.8365
54,1728,4,512,6.9645
54,1728,4,768,6.9853
54,1728,4,1152,7.0308
54,1728,4,1728,7.6702
54,1728,4,2592,8.6292
54,1728,4,3888,10.0678
54,1728,4,5832,12.2257
54,1728,4,8748,15.4626
54,1728,4,13122,20.3178
54,1728,4,16384,23.9387
54,1728,8,512,7.0061
54,1728,8,768,7.4748
54,1728,8,1152,8.3273
54,1728,8,1728,9.6061
54,1728,8,2592,11.5242
54,1728,8,3888,14.4014
54,1728,8,5832,18.7172
54,1728,8,8748,25.1908
54,1728,8,13122,34.9014
54,1728,8,16384,42.1432
54,1728,16,512,8.0787
54,1728,16,768,9.2153
54,1728,16,1152,10.9203
54,1728,16,1728,13.4778
54,1728,16,2592,17.3141
54,1728,16,3888,23.0685
54,1728,16,5832,31.7000
54,1728,16,8748,44.6474
54,1728,16,13122,64.0684
54,1728,16,16384,78.5521
54,1728,32,512,10.4230
54,1728,32,768,12.6964
54,1728,32,1152,16.1064
54,1728,32,1728,21.2214
54,1728,32,2592,28.8939
54,1728,32,3888,40.4026
54,1728,32,5832,57.6658
54,1728,32,8748,83.5605
54,1728,32,13122,122.4026
54,1728,32,16384,151.3698
54,1728,64,512,15.1118
54,1728,64,768,19.6585
54,1728,64,1152,26.4785
54,1728,64,1728,36.7085
54,1728,64,2592,52.0535
54,1728,64,3888,75.0710
54,1728,64,5832,109.5973
54,1728,64,8748,161.3867
54,1728,64,13122,239.0709
54,1728,64,16384,297.0054
54,1728,128,512,24.4893
54,1728,128,768,33.5826
54,1728,128,1152,47.2227
54,1728,128,1728,67.6827
54,1728,128,2592,98.3727
54,1728,128,3888,144.4077
54,1728,128,5832,213.4603
54,1728,128,8748,317.0392
54,1728,128,13122,472.4074
54,1728,128,16384,588.2765
54,2592,0,0,7.8697
54,2592,1,512,7.8801
54,2592,1,768,7.8853
54,2592,1,1152,7.8931
54,2592,1,1728,7.9047
54,2592,1,2592,7.9223
54,2592,1,3888,7.9486
54,2592,1,5832,7.9880
54,2592,1,8748,8.4061
54,2592,1,13122,9.6199
54,2592,1,16384,10.5252
54,2592,2,512,7.8905
54,2592,2,768,7.9008
54,2592,2,1152,7.9164
54,2592,2,1728,7.9398
54,2592,2,2592,7.9749
54,2592,2,3888,8.1408
54,2592,2,5832,9.2198
54,2592,2,8748,10.8382
54,2592,2,13122,13.2658
54,2592,2,16384,15.0763
54,2592,4,512,7.9112
54,2592,4,768,7.9320
54,2592,4,1152,7.9632
54,2592,4,1728,8.0099
54,2592,4,2592,8.8690
54,2592,4,3888,10.3076
54,2592,4,5832,12.4655
54,2592,4,8748,15.7023
54,2592,4,13122,20.5576
54,2592,4,16384,24.1785
54,2592,8,512,7.9528
54,2592,8,768,7.9943
54,2592,8,1152,8.5671
54,2592,8,1728,9.8458
54,2592,8,2592,11.7640
54,2592,8,3888,14.6411
54,2592,8,5832,18.9569
54,2592,8,8748,25.4306
54,2592,8,13122,35.1411
54,2592,8,16384,42.3829
54,2592,16,512,8.3184
54,2592,16,768,9.4551
54,2592,16,1152,11.1601
54,2592,16,1728,13.7176
54,2592,16,2592,17.5539
54,2592,16,3888,23.3082
54,2592,16,5832,31.9398
54,2592,16,8748,44.8872
54,2592,16,13122,64.3082
54,2592,16,16384,78.7918
54,2592,32,512,10.6628
54,2592,32,768,12.9361
54,2592,32,1152,16.3461
54,2592,32,1728,21.4611
54,2592,32,2592,29.1337
54,2592,32,3888,40.6424
54,2592,32,5832,57.9056
54,2592,32,8748,83.8003
54,2592,32,13122,122.6423
54,2592,32,16384,151.6096
54,2592,64,512,15.3516
54,2592,64,768,19.8982
54,2592,64,1152,26.7182
54,2592,64,1728,36.9482
54,2592,64,2592,52.2933
54,2592,64,3888,75.3108
54,2592,64,5832,109.8371
54,2592,64,8748,161.6265
54,2592,64,13122,239.3106
54,2592,64,16384,297.2452
54,2592,128,512,24.7291
54,2592,128,768,33.8224
54,2592,128,1152,47.4624
54,2592,128,1728,67.9224
54,2592,128,2592,98.6125
54,2592,128,3888,144.6475
54,2592,128,5832,213.7001
54,2592,128,8748,317.2789
54,2592,128,13122,472.6472
54,2592,128,16384,588.5163
54,3888,0,0,9.2897
54,3888,1,512,9.3001
54,3888,1,768,9.3053
54,3888,1,1152,9.3131
54,3888,1,1728,9.3248
54,3888,1,2592,9.3423
54,3888,1,3888,9.3686
54,3888,1,5832,9.4081
54,3888,1,8748,9.4672
54,3888,1,13122,9.9796
54,3888,1,16384,10.8848
54,3888,2,512,9.3105
54,3888,2,768,9.3209
54,3888,2,1152,9.3365
54,3888,2,1728,9.3599
54,3888,2,2592,9.3949
54,3888,2,3888,9.4475
54,3888,2,5832,9.5794
54,3888,2,8748,11.1978
54,3888,2,13122,13.6255
54,3888,2,16384,15.4359
54,3888,4,512,9.3313
54,3888,4,768,9.3521
54,3888,4,1152,9.3832
54,3888,4,1728,9.4300
54,3888,4,2592,9.5001
54,3888,4,3888,10.6672
54,3888,4,5832,12.8251
54,3888,4,8748,16.0620
54,3888,4,13122,20.9172
54,3888,4,16384,24.5381
54,3888,8,512,9.3728
54,3888,8,768,9.4144
54,3888,8,1152,9.4767
54,3888,8,1728,10.2055
54,3888,8,2592,12.1236
54,3888,8,3888,15.0008
54,3888,8,5832,19.3166
54,3888,8,8748,25.7903
54,3888,8,13122,35.5008
54,3888,8,16384,42.7426
54,3888,16,512,9.4560
54,3888,16,768,9.8147
54,3888,16,1152,11.5197
54,3888,16,1728,14.0772
54,3888,16,2592,17.9135
54,3888,16,3888,23.6679
54,3888,16,5832,32.2995
54,3888,16,8748,45.2468
54,3888,16,13122,64.6678
54,3888,16,16384,79.1515
54,3888,32,512,11.0225
54,3888,32,768,13.2958
54,3888,32,1152,16.7058
54,3888,32,1728,21.8208
54,3888,32,2592,29.4933
54,3888,32,3888,41.0021
54,3888,32,5832,58.2652
54,3888,32,8748,84.1599
54,3888,32,13122,123.0020
54,3888,32,16384,151.9693
54,3888,64,512,15.7112
54,3888,64,768,20.2579
54,3888,64,1152,27.0779
54,3888,64,1728,37.3079
54,3888,64,2592,52.6529
54,3888,64,3888,75.6704
54,3888,64,5832,110.1967
54,3888,64,8748,161.9861
54,3888,64,13122,239.6703
54,3888,64,16384,297.6048
54,3888,128,512,25.0887
54,3888,128,768,34.1821
54,3888,128,1152,47.8221
54,3888,128,1728,68.2821
54,3888,128,2592,98.9721
54,3888,128,3888,145.0072
54,3888,128,5832,214.0597
54,3888,128,8748,317.6386
54,3888,128,13122,473.0069
54,3888,128,16384,588.8759
54,5832,0,0,11.4198
54,5832,1,512,11.4302
54,5832,1,768,11.4354
54,5832,1,1152,11.4432
54,5832,1,1728,11.4549
54,5832,1,2592,11.4724
54,5832,1,3888,11.4987
54,5832,1,5832,11.5381
54,5832,1,8748,11.5973
54,5832,1,13122,11.6861
54,5832,1,16384,11.7522
54,5832,2,512,11.4406
54,5832,2,768,11.4510
54,5832,2,1152,11.4666
54,5832,2,1728,11.4899
54,5832,2,2592,11.5250
54,5832,2,3888,11.5776
54,5832,2,5832,11.6565
54,5832,2,8748,11.7748
54,5832,2,13122,14.1649
54,5832,2,16384,15.9754
54,5832,4,512,11.4614
54,5832,4,768,11.4821
54,5832,4,1152,11.5133
54,5832,4,1728,11.5601
54,5832,4,2592,11.6302
54,5832,4,3888,11.7354
54,5832,4,5832,13.3646
54,5832,4,8748,16.6014
54,5832,4,13122,21.4567
54,5832,4,16384,25.0776
54,5832,8,512,11.5029
54,5832,8,768,11.5445
54,5832,8,1152,11.6068
54,5832,8,1728,11.7003
54,5832,8,2592,12.6631
54,5832,8,3888,15.5403
54,5832,8,5832,19.8560
54,5832,8,8748,26.3297
54,5832,8,13122,36.0402
54,5832,8,16384,43.2821
54,5832,16,512,11.5860
54,5832,16,768,11.6691
54,5832,16,1152,12.0592
54,5832,16,1728,14.6167
54,5832,16,2592,18.4530
54,5832,16,3888,24.2074
54,5832,16,5832,32.8389
54,5832,16,8748,45.7863
54,5832,16,13122,65.2073
54,5832,16,16384,79.6909
54,5832,32,512,11.7522
54,5832,32,768,13.8353
54,5832,32,1152,17.2453
54,5832,32,1728,22.3603
54,5832,32,2592,30.0328
54,5832,32,3888,41.5415
54,5832,32,5832,58.8047
54,5832,32,8748,84.6994
54,5832,32,13122,123.5415
54,5832,32,16384,152.5087
54,5832,64,512,16.2507
54,5832,64,768,20.7974
54,5832,64,1152,27.6174
54,5832,64,1728,37.8474
54,5832,64,2592,53.1924
54,5832,64,3888,76.2099
54,5832,64,5832,110.7362
54,5832,64,8748,162.5256
54,5832,64,13122,240.2097
54,5832,64,16384,298.1443
54,5832,128,512,25.6282
54,5832,128,768,34.7215
54,5832,128,1152,48.3615
54,5832,128,1728,68.8216
54,5832,128,2592,99.5116
54,5832,128,3888,145.5466
54,5832,128,5832,214.5992
54,5832,128,8748,318.1781
54,5832,128,13122,473.5463
54,5832,128,16384,589.4154
54,8748,0,0,14.6149
54,8748,1,512,14.6253
54,8748,1,768,14.6305
54,8748,1,1152,14.6383
54,8748,1,1728,14.6500
54,8748,1,2592,14.6675
54,8748,1,3888,14.6938
54,8748,1,5832,14.7332
54,8748,1,8748,14.7924
54,8748,1,13122,14.8812
54,8748,1,16384,14.9474
54,8748,2,512,14.6357
54,8748,2,768,14.6461
54,8748,2,1152,14.6617
54,8748,2,1728,14.6850
54,8748,2,2592,14.7201
54,8748,2,3888,14.7727
54,8748,2,5832,14.8516
54,8748,2,8748,14.9699
54,8748,2,13122,15.1474
54,8748,2,16384,16.7846
54,8748,4,512,14.6565
54,8748,4,768,14.6772
54,8748,4,1152,14.7084
54,8748,4,1728,14.7552
54,8748,4,2592,14.8253
54,8748,4,3888,14.9305
54,8748,4,5832,15.0883
54,8748,4,8748,17.4107
54,8748,4,13122,22.2659
54,8748,4,16384,25.8868
54,8748,8,512,14.6980
54,8748,8,768,14.7396
54,8748,8,1152,14.8019
54,8748,8,1728,14.8954
54,8748,8,2592,15.0357
54,8748,8,3888,16.3495
54,8748,8,5832,20.6653
54,8748,8,8748,27.1389
54,8748,8,13122,36.8495
54,8748,8,16384,44.0913
54,8748,16,512,14.7811
54,8748,16,768,14.8642
54,8748,16,1152,14.9889
54,8748,16,1728,15.4259
54,8748,16,2592,19.2622
54,8748,16,3888,25.0166
54,8748,16,5832,33.6481
54,8748,16,8748,46.5955
54,8748,16,13122,66.0165
54,8748,16,16384,80.5002
54,8748,32,512,14.9474
54,8748,32,768,15.1136
54,8748,32,1152,18.0545
54,8748,32,1728,23.1695
54,8748,32,2592,30.8420
54,8748,32,3888,42.3507
54,8748,32,5832,59.6139
54,8748,32,8748,85.5086
54,8748,32,13122,124.3507
54,8748,32,16384,153.3179
54,8748,64,512,17.0599
54,8748,64,768,21.6066
54,8748,64,1152,28.4266
54,8748,64,1728,38.6566
54,8748,64,2592,54.0016
54,8748,64,3888,77.0191
54,8748,64,5832,111.5454
54,8748,64,8748,163.3348
54,8748,64,13122,241.0190
54,8748,64,16384,298.9535
54,8748,128,512,26.4374
54,8748,128,768,35.5307
54,8748,128,1152,49.1708
54,8748,128,1728,69.6308
54,8748,128,2592,100.3208
54,8748,128,3888,146.3558
54,8748,128,5832,215.4084
54,8748,128,8748,318.9873
54,8748,128,13122,474.3555
54,8748,128,16384,590.2246
54,13122,0,0,19.4076
54,13122,1,512,19.4180
54,13122,1,768,19.4232
54,13122,1,1152,19.4309
54,13122,1,1728,19.4426
54,13122,1,2592,19.4602
54,13122,1,3888,19.4865
54,13122,1,5832,19.5259
54,13122,1,8748,19.5851
54,13122,1,13122,19.6738
54,13122,1,16384,19.7400
54,13122,2,512,19.4283
54,13122,2,768,19.4387
54,13122,2,1152,19.4543
54,13122,2,1728,19.4777
54,13122,2,2592,19.5128
54,13122,2,3888,19.5654
54,13122,2,5832,19.6442
54,13122,2,8748,19.7626
54,13122,2,13122,19.9401
54,13122,2,16384,20.0725
54,13122,4,512,19.4491
54,13122,4,768,19.4699
54,13122,4,1152,19.5011
54,13122,4,1728,19.5478
54,13122,4,2592,19.6179
54,13122,4,3888,19.7231
54,13122,4,5832,19.8809
54,13122,4,8748,20.1176
54,13122,4,13122,23.4797
54,13122,4,16384,27.1006
54,13122,8,512,19.4907
54,13122,8,768,19.5322
54,13122,8,1152,19.5946
54,13122,8,1728,19.6881
54,13122,8,2592,19.8283
54,13122,8,3888,20.0387
54,13122,8,5832,21.8791
54,13122,8,8748,28.3528
54,13122,8,13122,38.0633
54,13122,8,16384,45.3051
54,13122,16,512,19.5738
54,13122,16,768,19.6569
54,13122,16,1152,19.7816
54,13122,16,1728,19.9686
54,13122,16,2592,20.4760
54,13122,16,3888,26.2304
54,13122,16,5832,34.8619
54,13122,16,8748,47.8093
54,13122,16,13122,67.2303
54,13122,16,16384,81.7140
54,13122,32,512,19.7400
54,13122,32,768,19.9062
54,13122,32,1152,20.1556
54,13122,32,1728,24.3833
54,13122,32,2592,32.0558
54,13122,32,3888,43.5646
54,13122,32,5832,60.8277
54,13122,32,8748,86.7224
54,13122,32,13122,125.5645
54,13122,32,16384,154.5318
54,13122,64,512,20.0725
54,13122,64,768,22.8204
54,13122,64,1152,29.6404
54,13122,64,1728,39.8704
54,13122,64,2592,55.2154
54,13122,64,3888,78.2329
54,13122,64,5832,112.7592
54,13122,64,8748,164.5486
54,13122,64,13122,242.2328
54,13122,64,16384,300.1673
54,13122,128,512,27.6512
54,13122,128,768,36.7446
54,13122,128,1152,50.3846
54,13122,128,1728,70.8446
54,13122,128,2592,101.5346
54,13122,128,3888,147.5697
54,13122,128,5832,216.6222
54,13122,128,8748,320.2011
54,13122,128,13122,475.5693
54,13122,128,16384,591.4384
54,16384,0,0,22.9818
54,16384,1,512,22.9922
54,16384,1,768,22.9974
54,16384,1,1152,23.0052
54,16384,1,1728,23.0169
54,16384,1,2592,23.0344
54,16384,1,3888,23.0607
54,16384,1,5832,23.1001
54,16384,1,8748,23.1593
54,16384,1,13122,23.2481
54,16384,1,16384,23.3142
54,16384,2,512,23.0026
54,16384,2,768,23.0130
54,16384,2,1152,23.0285
54,16384,2,1728,23.0519
54,16384,2,2592,23.0870
54,16384,2,3888,23.1396
54,16384,2,5832,23.2185
54,16384,2,8748,23.3368
54,16384,2,13122,23.5143
54,16384,2,16384,23.6467
54,16384,4,512,23.0234
54,16384,4,768,23.0441
54,16384,4,1152,23.0753
54,16384,4,1728,23.1220
54,16384,4,2592,23.1922
54,16384,4,3888,23.2974
54,16384,4,5832,23.4551
54,16384,4,8748,23.6918
54,16384,4,13122,24.3850
54,16384,4,16384,28.0059
54,16384,8,512,23.0649
54,16384,8,768,23.1065
54,16384,8,1152,23.1688
54,16384,8,1728,23.2623
54,16384,8,2592,23.4026
54,16384,8,3888,23.6129
54,16384,8,5832,23.9285
54,16384,8,8748,29.2580
54,16384,8,13122,38.9685
54,16384,8,16384,46.2103
54,16384,16,512,23.1480
54,16384,16,768,23.2311
54,16384,16,1152,23.3558
54,16384,16,1728,23.5428
54,16384,16,2592,23.8233
54,16384,16,3888,27.1356
54,16384,16,5832,35.7672
54,16384,16,8748,48.7145
54,16384,16,13122,68.1356
54,16384,16,16384,82.6192
54,16384,32,512,23.3142
54,16384,32,768,23.4805
54,16384,32,1152,23.7298
54,16384,32,1728,25.2885
54,16384,32,2592,32.9610
54,16384,32,3888,44.4698
54,16384,32,5832,61.7329
54,16384,32,8748,87.6276
54,16384,32,13122,126.4697
54,16384,32,16384,155.4370
54,16384,64,512,23.6467
54,16384,64,768,23.9791
54,16384,64,1152,30.5456
54,16384,64,1728,40.7756
54,16384,64,2592,56.1206
54,16384,64,3888,79.1382
54,16384,64,5832,113.6644
54,16384,64,8748,165.4539
54,16384,64,13122,243.1380
54,16384,64,16384,301.0725
54,16384,128,512,28.5564
54,16384,128,768,37.6498
54,16384,128,1152,51.2898
54,16384,128,1728,71.7498
54,16384,128,2592,102.4398
54,16384,128,3888,148.4749
54,16384,128,5832,217.5275
54,16384,128,8748,321.1063
54,16384,128,13122,476.4746
54,16384,128,16384,592.3436
64,0,0,0,5.3019
64,0,1,16,5.3108
64,0,1,32,5.3152
64,0,1,64,5.3241
64,0,1,128,5.3419
64,0,1,256,5.3774
64,0,1,512,5.4485
64,0,1,1024,5.5905
64,0,1,2048,5.8747
64,0,1,4096,6.4430
64,0,1,8192,7.5797
64,0,1,16384,9.8530
64,0,2,16,5.3197
64,0,2,32,5.3286
64,0,2,64,5.3463
64,0,2,128,5.3818
64,0,2,256,5.4529
64,0,2,512,5.5950
64,0,2,1024,5.8791
64,0,2,2048,6.4475
64,0,2,4096,7.5841
64,0,2,8192,9.8575
64,0,2,16384,14.4041
64,0,4,16,5.3374
64,0,4,32,5.3552
64,0,4,64,5.3907
64,0,4,128,5.4618
64,0,4,256,5.6039
64,0,4,512,5.8880
64,0,4,1024,6.4564
64,0,4,2048,7.5930
64,0,4,4096,9.8664
64,0,4,8192,14.4130
64,0,4,16384,23.5064
64,0,8,16,5.3730
64,0,8,32,5.4085
64,0,8,64,5.4795
64,0,8,128,5.6216
64,0,8,256,5.9058
64,0,8,512,6.4741
64,0,8,1024,7.6108
64,0,8,2048,9.8841
64,0,8,4096,14.4308
64,0,8,8192,23.5241
64,0,8,16384,41.7108
64,0,16,16,5.4440
64,0,16,32,5.5151
64,0,16,64,5.6571
64,0,16,128,5.9413
64,0,16,256,6.5096
64,0,16,512,7.6463
64,0,16,1024,9.9196
64,0,16,2048,14.4663
64,0,16,4096,23.5597
64,0,16,8192,41.7463
64,0,16,16384,78.1197
64,0,32,16,5.5861
64,0,32,32,5.7282
64,0,32,64,6.0123
64,0,32,128,6.5807
64,0,32,256,7.7173
64,0,32,512,9.9907
64,0,32,1024,14.5374
64,0,32,2048,23.6307
64,0,32,4096,41.8174
64,0,32,8192,78.1907
64,0,32,16384,150.9375
64,0,64,16,5.8703
64,0,64,32,6.1544
64,0,64,64,6.7228
64,0,64,128,7.8594
64,0,64,256,10.1328
64,0,64,512,14.6794
64,0,64,1024,23.7728
64,0,64,2048,41.9595
64,0,64,4096,78.3328
64,0,64,8192,151.0796
64,0,64,16384,296.5730
64,0,128,16,6.4386
64,0,128,32,7.0069
64,0,128,64,8.1436
64,0,128,128,10.4169
64,0,128,256,14.9636
64,0,128,512,24.0569
64,0,128,1024,42.2436
64,0,128,2048,78.6170
64,0,128,4096,151.3637
64,0,128,8192,296.8572
64,0,128,16384,587.8441
64,16,0,0,5.3064
64,16,1,16,5.3152
64,16,1,32,5.3197
64,16,1,64,5.3286
64,16,1,128,5.3463
64,16,1,256,5.3818
64,16,1,512,5.4529
64,16,1,1024,5.5950
64,16,1,2048,5.8791
64,16,1,4096,6.4475
64,16,1,8192,7.5841
64,16,1,16384,9.8575
64,16,2,16,5.3241
64,16,2,32,5.3330
64,16,2,64,5.3508
64,16,2,128,5.3863
64,16,2,256,5.4573
64,16,2,512,5.5994
64,16,2,1024,5.8836
64,16,2,2048,6.4519
64,16,2,4096,7.5886
64,16,2,8192,9.8619
64,16,2,16384,14.4086
64,16,4,16,5.3419
64,16,4,32,5.3596
64,16,4,64,5.3952
64,16,4,128,5.4662
64,16,4,256,5.6083
64,16,4,512,5.8925
64,16,4,1024,6.4608
64,16,4,2048,7.5975
64,16,4,4096,9.8708
64,16,4,8192,14.4175
64,16,4,16384,23.5108
64,16,8,16,5.3774
64,16,8,32,5.4129
64,16,8,64,5.4840
64,16,8,128,5.6261
64,16,8,256,5.9102
64,16,8,512,6.4786
64,16,8,1024,7.6152
64,16,8,2048,9.8886
64,16,8,4096,14.4352
64,16,8,8192,23.5286
64,16,8,16384,41.7153
64,16,16,16,5.4485
64,16,16,32,5.5195
64,16,16,64,5.6616
64,16,16,128,5.9457
64,16,16,256,6.5141
64,16,16,512,7.6507
64,16,16,1024,9.9241
64,16,16,2048,14.4708
64,16,16,4096,23.5641
64,16,16,8192,41.7508
64,16,16,16384,78.1241
64,16,32,16,5.5905
64,16,32,32,5.7326
64,16,32,64,6.0168
64,16,32,128,6.5851
64,16,32,256,7.7218
64,16,32,512,9.9951
64,16,32,1024,14.5418
64,16,32,2048,23.6351
64,16,32,4096,41.8218
64,16,32,8192,78.1952
64,16,32,16384,150.9419
64,16,64,16,5.8747
64,16,64,32,6.1589
64,16,64,64,6.7272
64,16,64,128,7.8639
64,16,64,256,10.1372
64,16,64,512,14.6839
64,16,64,1024,23.7772
64,16,64,2048,41.9639
64,16,64,4096,78.3373
64,16,64,8192,151.0840
64,16,64,16384,296.5775
64,16,128,16,6.4430
64,16,128,32,7.0114
64,16,128,64,8.1480
64,16,128,128,10.4214
64,16,128,256,14.9680
64,16,128,512,24.0614
64,16,128,1024,42.2481
64,16,128,2048,78.6214
64,16,128,4096,151.3682
64,16,128,8192,296.8616
64,16,128,16384,587.8486
64,32,0,0,5.3108
64,32,1,16,5.3197
64,32,1,32,5.3241
64,32,1,64,5.3330
64,32,1,128,5.3508
64,32,1,256,5.3863
64,32,1,512,5.4573
64,32,1,1024,5.5994
64,32,1,2048,5.8836
64,32,1,4096,6.4519
64,32,1,8192,7.5886
64,32,1,16384,9.8619
64,32,2,16,5.3286
64,32,2,32,5.3374
64,32,2,64,5.3552
64,32,2,128,5.3907
64,32,2,256,5.4618
64,32,2,512,5.6039
64,32,2,1024,5.8880
64,32,2,2048,6.4564
64,32,2,4096,7.5930
64,32,2,8192,9.8664
64,32,2,16384,14.4130
64,32,4,16,5.3463
64,32,4,32,5.3641
64,32,4,64,5.3996
64,32,4,128,5.4707
64,32,4,256,5.6127
64,32,4,512,5.8969
64,32,4,1024,6.4652
64,32,4,2048,7.6019
64,32,4,4096,9.8752
64,32,4,8192,14.4219
64,32,4,16384,23.5153
64,32,8,16,5.3818
64,32,8,32,5.4174
64,32,8,64,5.4884
64,32,8,128,5.6305
64,32,8,256,5.9147
64,32,8,512,6.4830
64,32,8,1024,7.6197
64,32,8,2048,9.8930
64,32,8,4096,14.4397
64,32,8,8192,23.5330
64,32,8,16384,41.7197
64,32,16,16,5.4529
64,32,16,32,5.5239
64,32,16,64,5.6660
64,32,16,128,5.9502
64,32,16,256,6.5185
64,32,16,512,7.6552
64,32,16,1024,9.9285
64,32,16,2048,14.4752
64,32,16,4096,23.5685
64,32,16,8192,41.7552
64,32,16,16384,78.1286
64,32,32,16,5.5950
64,32,32,32,5.7371
64,32,32,64,6.0212
64,32,32,128,6.5896
64,32,32,256,7.7262
64,32,32,512,9.9996
64,32,32,1024,14.5462
64,32,32,2048,23.6396
64,32,32,4096,41.8263
64,32,32,8192,78.1996
64,32,32,16384,150.9464
64,32,64,16,5.8791
64,32,64,32,6.1633
64,32,64,64,6.7316
64,32,64,128,7.8683
64,32,64,256,10.1416
64,32,64,512,14.6883
64,32,64,1024,23.7817
64,32,64,2048,41.9683
64,32,64,4096,78.3417
64,32,64,8192,151.0884
64,32,64,16384,296.5819
64,32,128,16,6.4475
64,32,128,32,7.0158
64,32,128,64,8.1525
64,32,128,128,10.4258
64,32,128,256,14.9725
64,32,128,512,24.0658
64,32,128,1024,42.2525
64,32,128,2048,78.6259
64,32,128,4096,151.3726
64,32,128,8192,296.8661
64,32,128,16384,587.8530
64,64,0,0,5.3197
64,64,1,16,5.3286
64,64,1,32,5.3330
64,64,1,64,5.3419
64,64,1,128,5.3596
64,64,1,256,5.3952
64,64,1,512,5.4662
64,64,1,1024,5.6083
64,64,1,2048,5.8925
64,64,1,4096,6.4608
64,64,1,8192,7.5975
64,64,1,16384,9.8708
64,64,2,16,5.3374
64,64,2,32,5.3463
64,64,2,64,5.3641
64,64,2,128,5.3996
64,64,2,256,5.4707
64,64,2,512,5.6127
64,64,2,1024,5.8969
64,64,2,2048,6.4652
64,64,2,4096,7.6019
64,64,2,8192,9.8752
64,64,2,16384,14.4219
64,64,4,16,5.3552
64,64,4,32,5.3730
64,64,4,64,5.4085
64,64,4,128,5.4795
64,64,4,256,5.6216
64,64,4,512,5.9058
64,64,4,1024,6.4741
64,64,4,2048,7.6108
64,64,4,4096,9.8841
64,64,4,8192,14.4308
64,64,4,16384,23.5241
64,64,8,16,5.3907
64,64,8,32,5.4263
64,64,8,64,5.4973
64,64,8,128,5.6394
64,64,8,256,5.9235
64,64,8,512,6.4919
64,64,8,1024,7.6285
64,64,8,2048,9.9019
64,64,8,4096,14.4486
64,64,8,8192,23.5419
64,64,8,16384,41.7286
64,64,16,16,5.4618
64,64,16,32,5.5328
64,64,16,64,5.6749
64,64,16,128,5.9591
64,64,16,256,6.5274
64,64,16,512,7.6641
64,64,16,1024,9.9374
64,64,16,2048,14.4841
64,64,16,4096,23.5774
64,64,16,8192,41.7641
64,64,16,16384,78.1375
64,64,32,16,5.6039
64,64,32,32,5.7459
64,64,32,64,6.0301
64,64,32,128,6.5984
64,64,32,256,7.7351
64,64,32,512,10.0084
64,64,32,1024,14.5551
64,64,32,2048,23.6485
64,64,32,4096,41.8351
64,64,32,8192,78.2085
64,64,32,16384,150.9552
64,64,64,16,5.8880
64,64,64,32,6.1722
64,64,64,64,6.7405
64,64,64,128,7.8772
64,64,64,256,10.1505
64,64,64,512,14.6972
64,64,64,1024,23.7905
64,64,64,2048,41.9772
64,64,64,4096,78.3506
64,64,64,8192,151.0973
64,64,64,16384,296.5908
64,64,128,16,6.4564
64,64,128,32,7.0247
64,64,128,64,8.1614
64,64,128,128,10.4347
64,64,128,256,14.9814
64,64,128,512,24.0747
64,64,128,1024,42.2614
64,64,128,2048,78.6348
64,64,128,4096,151.3815
64,64,128,8192,296.8750
64,64,128,16384,587.8619
64,128,0,0,5.3374
64,128,1,16,5.3463
64,128,1,32,5.3508
64,128,1,64,5.3596
64,128,1,128,5.3774
64,128,1,256,5.4129
64,128,1,512,5.4840
64,128,1,1024,5.6261
64,128,1,2048,5.9102
64,128,1,4096,6.4786
64,128,1,8192,7.6152
64,128,1,16384,9.8886
64,128,2,16,5.3552
64,128,2,32,5.3641
64,128,2,64,5.3818
64,128,2,128,5.4174
64,128,2,256,5.4884
64,128,2,512,5.6305
64,128,2,1024,5.9147
64,128,2,2048,6.4830
64,128,2,4096,7.6197
64,128,2,8192,9.8930
64,128,2,16384,14.4397
64,128,4,16,5.3730
64,128,4,32,5.3907
64,128,4,64,5.4263
64,128,4,128,5.4973
64,128,4,256,5.6394
64,128,4,512,5.9235
64,128,4,1024,6.4919
64,128,4,2048,7.6285
64,128,4,4096,9.9019
64,128,4,8192,14.4486
64,128,4,16384,23.5419
64,128,8,16,5.4085
64,128,8,32,5.4440
64,128,8,64,5.5151
64,128,8,128,5.6571
64,128,8,256,5.9413
64,128,8,512,6.5096
64,128,8,1024,7.6463
64,128,8,2048,9.9196
64,128,8,4096,14.4663
64,128,8,8192,23.5597
64,128,8,16384,41.7463
64,128,16,16,5.4795
64,128,16,32,5.5506
64,128,16,64,5.6927
64,128,16,128,5.9768
64,128,16,256,6.5452
64,128,16,512,7.6818
64,128,16,1024,9.9552
64,128,16,2048,14.5018
64,128,16,4096,23.5952
64,128,16,8192,41.7819
64,128,16,16384,78.1552
64,128,32,16,5.6216
64,128,32,32,5.7637
64,128,32,64,6.0479
64,128,32,128,6.6162
64,128,32,256,7.7529
64,128,32,512,10.0262
64,128,32,1024,14.5729
64,128,32,2048,23.6662
64,128,32,4096,41.8529
64,128,32,8192,78.2263
64,128,32,16384,150.9730
64,128,64,16,5.9058
64,128,64,32,6.1899
64,128,64,64,6.7583
64,128,64,128,7.8950
64,128,64,256,10.1683
64,128,64,512,14.7150
64,128,64,1024,23.8083
64,128,64,2048,41.9950
64,128,64,4096,78.3684
64,128,64,8192,151.1151
64,128,64,16384,296.6086
64,128,128,16,6.4741
64,128,128,32,7.0424
64,128,128,64,8.1791
64,128,128,128,10.4525
64,128,128,256,14.9991
64,128,128,512,24.0925
64,128,128,1024,42.2792
64,128,128,2048,78.6525
64,128,128,4096,151.3993
64,128,128,8192,296.8927
64,128,128,16384,587.8797
64,256,0,0,5.3740
64,256,1,16,5.3818
64,256,1,32,5.3863
64,256,1,64,5.3952
64,256,1,128,5.4129
64,256,1,256,5.4485
64,256,1,512,5.5195
64,256,1,1024,5.6616
64,256,1,2048,5.9457
64,256,1,4096,6.5141
64,256,1,8192,7.6507
64,256,1,16384,9.9241
64,256,2,16,5.3907
64,256,2,32,5.3996
64,256,2,64,5.4174
64,256,2,128,5.4529
64,256,2,256,5.5239
64,256,2,512,5.6660
64,256,2,1024,5.9502
64,256,2,2048,6.5185
64,256,2,4096,7.6552
64,256,2,8192,9.9285
64,256,2,16384,14.4752
64,256,4,16,5.4085
64,256,4,32,5.4263
64,256,4,64,5.4618
64,256,4,128,5.5328
64,256,4,256,5.6749
64,256,4,512,5.9591
64,256,4,1024,6.5274
64,256,4,2048,7.6641
64,256,4,4096,9.9374
64,256,4,8192,14.4841
64,256,4,16384,23.5774
64,256,8,16,5.4440
64,256,8,32,5.4795
64,256,8,64,5.5506
64,256,8,128,5.6927
64,256,8,256,5.9768
64,256,8,512,6.5452
64,256,8,1024,7.6818
64,256,8,2048,9.9552
64,256,8,4096,14.5018
64,256,8,8192,23.5952
64,256,8,16384,41.7819
64,256,16,16,5.5151
64,256,16,32,5.5861
64,256,16,64,5.7282
64,256,16,128,6.0123
64,256,16,256,6.5807
64,256,16,512,7.7173
64,256,16,1024,9.9907
64,256,16,2048,14.5374
64,256,16,4096,23.6307
64,256,16,8192,41.8174
64,256,16,16384,78.1907
64,256,32,16,5.6571
64,256,32,32,5.7992
64,256,32,64,6.0834
64,256,32,128,6.6517
64,256,32,256,7.7884
64,256,32,512,10.0617
64,256,32,1024,14.6084
64,256,32,2048,23.7017
64,256,32,4096,41.8884
64,256,32,8192,78.2618
64,256,32,16384,151.0085
64,256,64,16,5.9413
64,256,64,32,6.2255
64,256,64,64,6.7938
64,256,64,128,7.9305
64,256,64,256,10.2038
64,256,64,512,14.7505
64,256,64,1024,23.8438
64,256,64,2048,42.0305
64,256,64,4096,78.4039
64,256,64,8192,151.1506
64,256,64,16384,296.6441
64,256,128,16,6.5096
64,256,128,32,7.0780
64,256,128,64,8.2146
64,256,128,128,10.4880
64,256,128,256,15.0346
64,256,128,512,24.1280
64,256,128,1024,42.3147
64,256,128,2048,78.6880
64,256,128,4096,151.4348
64,256,128,8192,296.9282
64,256,128,16384,587.9152
64,512,0,0,5.7065
64,512,1,16,5.7068
64,512,1,32,5.7071
64,512,1,64,5.7078
64,512,1,128,5.7091
64,512,1,256,5.7116
64,512,1,512,5.7168
64,512,1,1024,5.7326
64,512,1,2048,6.0168
64,512,1,4096,6.5851
64,512,1,8192,7.7218
64,512,1,16384,9.9951
64,512,2,16,5.7071
64,512,2,32,5.7078
64,512,2,64,5.7091
64,512,2,128,5.7116
64,512,2,256,5.7168
64,512,2,512,5.7371
64,512,2,1024,6.0212
64,512,2,2048,6.5896
64,512,2,4096,7.7262
64,512,2,8192,9.9996
64,512,2,16384,14.5462
64,512,4,16,5.7078
64,512,4,32,5.7091
64,512,4,64,5.7116
64,512,4,128,5.7168
64,512,4,256,5.7459
64,512,4,512,6.0301
64,512,4,1024,6.5984
64,512,4,2048,7.7351
64,512,4,4096,10.0084
64,512,4,8192,14.5551
64,512,4,16384,23.6485
64,512,8,16,5.7091
64,512,8,32,5.7116
64,512,8,64,5.7168
64,512,8,128,5.7637
64,512,8,256,6.0479
64,512,8,512,6.6162
64,512,8,1024,7.7529
64,512,8,2048,10.0262
64,512,8,4096,14.5729
64,512,8,8192,23.6662
64,512,8,16384,41.8529
64,512,16,16,5.7116
64,512,16,32,5.7168
64,512,16,64,5.7992
64,512,16,128,6.0834
64,512,16,256,6.6517
64,512,16,512,7.7884
64,512,16,1024,10.0617
64,512,16,2048,14.6084
64,512,16,4096,23.7017
64,512,16,8192,41.8884
64,512,16,16384,78.2618
64,512,32,16,5.7282
64,512,32,32,5.8703
64,512,32,64,6.1544
64,512,32,128,6.7228
64,512,32,256,7.8594
64,512,32,512,10.1328
64,512,32,1024,14.6794
64,512,32,2048,23.7728
64,512,32,4096,41.9595
64,512,32,8192,78.3328
64,512,32,16384,151.0796
64,512,64,16,6.0123
64,512,64,32,6.2965
64,512,64,64,6.8648
64,512,64,128,8.0015
64,512,64,256,10.2748
64,512,64,512,14.8215
64,512,64,1024,23.9149
64,512,64,2048,42.1015
64,512,64,4096,78.4749
64,512,64,8192,151.2216
64,512,64,16384,296.7151
64,512,128,16,6.5807
64,512,128,32,7.1490
64,512,128,64,8.2857
64,512,128,128,10.5590
64,512,128,256,15.1057
64,512,128,512,24.1990
64,512,128,1024,42.3857
64,512,128,2048,78.7591
64,512,128,4096,151.5058
64,512,128,8192,296.9993
64,512,128,16384,587.9862
64,1024,0,0,6.3713
64,1024,1,16,6.3717
64,1024,1,32,6.3720
64,1024,1,64,6.3726
64,1024,1,128,6.3739
64,1024,1,256,6.3765
64,1024,1,512,6.3817
64,1024,1,1024,6.3921
64,1024,1,2048,6.4129
64,1024,1,4096,6.7272
64,1024,1,8192,7.8639
64,1024,1,16384,10.1372
64,1024,2,16,6.3720
64,1024,2,32,6.3726
64,1024,2,64,6.3739
64,1024,2,128,6.3765
64,1024,2,256,6.3817
64,1024,2,512,6.3921
64,1024,2,1024,6.4129
64,1024,2,2048,6.7316
64,1024,2,4096,7.8683
64,1024,2,8192,10.1416
64,1024,2,16384,14.6883
64,1024,4,16,6.3726
64,1024,4,32,6.3739
64,1024,4,64,6.3765
64,1024,4,128,6.3817
64,1024,4,256,6.3921
64,1024,4,512,6.4129
64,1024,4,1024,6.7405
64,1024,4,2048,7.8772
64,1024,4,4096,10.1505
64,1024,4,8192,14.6972
64,1024,4,16384,23.7905
64,1024,8,16,6.3739
64,1024,8,32,6.3765
64,1024,8,64,6.3817
64,1024,8,128,6.3921
64,1024,8,256,6.4129
64,1024,8,512,6.7583
64,1024,8,1024,7.8950
64,1024,8,2048,10.1683
64,1024,8,4096,14.7150
64,1024,8,8192,23.8083
64,1024,8,16384,41.9950
64,1024,16,16,6.3765
64,1024,16,32,6.3817
64,1024,16,64,6.3921
64,1024,16,128,6.4129
64,1024,16,256,6.7938
64,1024,16,512,7.9305
64,1024,16,1024,10.2038
64,1024,16,2048,14.7505
64,1024,16,4096,23.8438
64,1024,16,8192,42.0305
64,1024,16,16384,78.4039
64,1024,32,16,6.3817
64,1024,32,32,6.3921
64,1024,32,64,6.4129
64,1024,32,128,6.8648
64,1024,32,256,8.0015
64,1024,32,512,10.2748
64,1024,32,1024,14.8215
64,1024,32,2048,23.9149
64,1024,32,4096,42.1015
64,1024,32,8192,78.4749
64,1024,32,16384,151.2216
64,1024,64,16,6.3921
64,1024,64,32,6.4386
64,1024,64,64,7.0069
64,1024,64,128,8.1436
64,1024,64,256,10.4169
64,1024,64,512,14.9636
64,1024,64,1024,24.0569
64,1024,64,2048,42.2436
64,1024,64,4096,78.6170
64,1024,64,8192,151.3637
64,1024,64,16384,296.8572
64,1024,128,16,6.7228
64,1024,128,32,7.2911
64,1024,128,64,8.4278
64,1024,128,128,10.7011
64,1024,128,256,15.2478
64,1024,128,512,24.3411
64,1024,128,1024,42.5278
64,1024,128,2048,78.9012
64,1024,128,4096,151.6479
64,1024,128,8192,297.1414
64,1024,128,16384,588.1283
64,2048,0,0,7.7011
64,2048,1,16,7.7015
64,2048,1,32,7.7018
64,2048,1,64,7.7024
64,2048,1,128,7.7037
64,2048,1,256,7.7063
64,2048,1,512,7.7115
64,2048,1,1024,7.7219
64,2048,1,2048,7.7427
64,2048,1,4096,7.7843
64,2048,1,8192,8.1480
64,2048,1,16384,10.4214
64,2048,2,16,7.7018
64,2048,2,32,7.7024
64,2048,2,64,7.7037
64,2048,2,128,7.7063
64,2048,2,256,7.7115
64,2048,2,512,7.7219
64,2048,2,1024,7.7427
64,2048,2,2048,7.7843
64,2048,2,4096,8.1525
64,2048,2,8192,10.4258
64,2048,2,16384,14.9725
64,2048,4,16,7.7024
64,2048,4,32,7.7037
64,2048,4,64,7.7063
64,2048,4,128,7.7115
64,2048,4,256,7.7219
64,2048,4,512,7.7427
64,2048,4,1024,7.7843
64,2048,4,2048,8.1614
64,2048,4,4096,10.4347
64,2048,4,8192,14.9814
64,2048,4,16384,24.0747
64,2048,8,16,7.7037
64,2048,8,32,7.7063
64,2048,8,64,7.7115
64,2048,8,128,7.7219
64,2048,8,256,7.7427
64,2048,8,512,7.7843
64,2048,8,1024,8.1791
64,2048,8,2048,10.4525
64,2048,8,4096,14.9991
64,2048,8,8192,24.0925
64,2048,8,16384,42.2792
64,2048,16,16,7.7063
64,2048,16,32,7.7115
64,2048,16,64,7.7219
64,2048,16,128,7.7427
64,2048,16,256,7.7843
64,2048,16,512,8.2146
64,2048,16,1024,10.4880
64,2048,16,2048,15.0346
64,2048,16,4096,24.1280
64,2048,16,8192,42.3147
64,2048,16,16384,78.6880
64,2048,32,16,7.7115
64,2048,32,32,7.7219
64,2048,32,64,7.7427
64,2048,32,128,7.7843
64,2048,32,256,8.2857
64,2048,32,512,10.5590
64,2048,32,1024,15.1057
64,2048,32,2048,24.1990
64,2048,32,4096,42.3857
64,2048,32,8192,78.7591
64,2048,32,16384,151.5058
64,2048,64,16,7.7219
64,2048,64,32,7.7427
64,2048,64,64,7.7843
64,2048,64,128,8.4278
64,2048,64,256,10.7011
64,2048,64,512,15.2478
64,2048,64,1024,24.3411
64,2048,64,2048,42.5278
64,2048,64,4096,78.9012
64,2048,64,8192,151.6479
64,2048,64,16384,297.1414
64,2048,128,16,7.7427
64,2048,128,32,7.7843
64,2048,128,64,8.7119
64,2048,128,128,10.9853
64,2048,128,256,15.5319
64,2048,128,512,24.6253
64,2048,128,1024,42.8120
64,2048,128,2048,79.1853
64,2048,128,4096,151.9321
64,2048,128,8192,297.4255
64,2048,128,16384,588.4125
64,4096,0,0,10.3607
64,4096,1,16,10.3611
64,4096,1,32,10.3614
64,4096,1,64,10.3620
64,4096,1,128,10.3633
64,4096,1,256,10.3659
64,4096,1,512,10.3711
64,4096,1,1024,10.3815
64,4096,1,2048,10.4023
64,4096,1,4096,10.4438
64,4096,1,8192,10.5270
64,4096,1,16384,10.9897
64,4096,2,16,10.3614
64,4096,2,32,10.3620
64,4096,2,64,10.3633
64,4096,2,128,10.3659
64,4096,2,256,10.3711
64,4096,2,512,10.3815
64,4096,2,1024,10.4023
64,4096,2,2048,10.4438
64,4096,2,4096,10.5270
64,4096,2,8192,10.9941
64,4096,2,16384,15.5408
64,4096,4,16,10.3620
64,4096,4,32,10.3633
64,4096,4,64,10.3659
64,4096,4,128,10.3711
64,4096,4,256,10.3815
64,4096,4,512,10.4023
64,4096,4,1024,10.4438
64,4096,4,2048,10.5270
64,4096,4,4096,11.0030
64,4096,4,8192,15.5497
64,4096,4,16384,24.6430
64,4096,8,16,10.3633
64,4096,8,32,10.3659
64,4096,8,64,10.3711
64,4096,8,128,10.3815
64,4096,8,256,10.4023
64,4096,8,512,10.4438
64,4096,8,1024,10.5270
64,4096,8,2048,11.0208
64,4096,8,4096,15.5675
64,4096,8,8192,24.6608
64,4096,8,16384,42.8475
64,4096,16,16,10.3659
64,4096,16,32,10.3711
64,4096,16,64,10.3815
64,4096,16,128,10.4023
64,4096,16,256,10.4438
64,4096,16,512,10.5270
64,4096,16,1024,11.0563
64,4096,16,2048,15.6030
64,4096,16,4096,24.6963
64,4096,16,8192,42.8830
64,4096,16,16384,79.2564
64,4096,32,16,10.3711
64,4096,32,32,10.3815
64,4096,32,64,10.4023
64,4096,32,128,10.4438
64,4096,32,256,10.5270
64,4096,32,512,11.1273
64,4096,32,1024,15.6740
64,4096,32,2048,24.7674
64,4096,32,4096,42.9540
64,4096,32,8192,79.3274
64,4096,32,16384,152.0742
64,4096,64,16,10.3815
64,4096,64,32,10.4023
64,4096,64,64,10.4438
64,4096,64,128,10.5270
64,4096,64,256,11.2694
64,4096,64,512,15.8161
64,4096,64,1024,24.9094
64,4096,64,2048,43.0961
64,4096,64,4096,79.4695
64,4096,64,8192,152.2162
64,4096,64,16384,297.7097
64,4096,128,16,10.4023
64,4096,128,32,10.4438
64,4096,128,64,10.5270
64,4096,128,128,11.5536
64,4096,128,256,16.1003
64,4096,128,512,25.1936
64,4096,128,1024,43.3803
64,4096,128,2048,79.7537
64,4096,128,4096,152.5004
64,4096,128,8192,297.9939
64,4096,128,16384,588.9808
64,8192,0,0,15.6799
64,8192,1,16,15.6802
64,8192,1,32,15.6806
64,8192,1,64,15.6812
64,8192,1,128,15.6825
64,8192,1,256,15.6851
64,8192,1,512,15.6903
64,8192,1,1024,15.7007
64,8192,1,2048,15.7215
64,8192,1,4096,15.7630
64,8192,1,8192,15.8461
64,8192,1,16384,16.0124
64,8192,2,16,15.6806
64,8192,2,32,15.6812
64,8192,2,64,15.6825
64,8192,2,128,15.6851
64,8192,2,256,15.6903
64,8192,2,512,15.7007
64,8192,2,1024,15.7215
64,8192,2,2048,15.7630
64,8192,2,4096,15.8461
64,8192,2,8192,16.0124
64,8192,2,16384,16.6775
64,8192,4,16,15.6812
64,8192,4,32,15.6825
64,8192,4,64,15.6851
64,8192,4,128,15.6903
64,8192,4,256,15.7007
64,8192,4,512,15.7215
64,8192,4,1024,15.7630
64,8192,4,2048,15.8461
64,8192,4,4096,16.0124
64,8192,4,8192,16.6864
64,8192,4,16384,25.7797
64,8192,8,16,15.6825
64,8192,8,32,15.6851
64,8192,8,64,15.6903
64,8192,8,128,15.7007
64,8192,8,256,15.7215
64,8192,8,512,15.7630
64,8192,8,1024,15.8461
64,8192,8,2048,16.0124
64,8192,8,4096,16.7041
64,8192,8,8192,25.7975
64,8192,8,16384,43.9842
64,8192,16,16,15.6851
64,8192,16,32,15.6903
64,8192,16,64,15.7007
64,8192,16,128,15.7215
64,8192,16,256,15.7630
64,8192,16,512,15.8461
64,8192,16,1024,16.0124
64,8192,16,2048,16.7396
64,8192,16,4096,25.8330
64,8192,16,8192,44.0197
64,8192,16,16384,80.3930
64,8192,32,16,15.6903
64,8192,32,32,15.7007
64,8192,32,64,15.7215
64,8192,32,128,15.7630
64,8192,32,256,15.8461
64,8192,32,512,16.0124
64,8192,32,1024,16.8107
64,8192,32,2048,25.9040
64,8192,32,4096,44.0907
64,8192,32,8192,80.4641
64,8192,32,16384,153.2108
64,8192,64,16,15.7007
64,8192,64,32,15.7215
64,8192,64,64,15.7630
64,8192,64,128,15.8461
64,8192,64,256,16.0124
64,8192,64,512,16.9528
64,8192,64,1024,26.0461
64,8192,64,2048,44.2328
64,8192,64,4096,80.6062
64,8192,64,8192,153.3529
64,8192,64,16384,298.8464
64,8192,128,16,15.7215
64,8192,128,32,15.7630
64,8192,128,64,15.8461
64,8192,128,128,16.0124
64,8192,128,256,17.2369
64,8192,128,512,26.3303
64,8192,128,1024,44.5170
64,8192,128,2048,80.8903
64,8192,128,4096,153.6371
64,8192,128,8192,299.1305
64,8192,128,16384,590.1175
64,16384,0,0,26.3183
64,16384,1,16,26.3186
64,16384,1,32,26.3189
64,16384,1,64,26.3196
64,16384,1,128,26.3209
64,16384,1,256,26.3234
64,16384,1,512,26.3286
64,16384,1,1024,26.3390
64,16384,1,2048,26.3598
64,16384,1,4096,26.4014
64,16384,1,8192,26.4845
64,16384,1,16384,26.6507
64,16384,2,16,26.3189
64,16384,2,32,26.3196
64,16384,2,64,26.3209
64,16384,2,128,26.3234
64,16384,2,256,26.3286
64,16384,2,512,26.3390
64,16384,2,1024,26.3598
64,16384,2,2048,26.4014
64,16384,2,4096,26.4845
64,16384,2,8192,26.6507
64,16384,2,16384,26.9832
64,16384,4,16,26.3196
64,16384,4,32,26.3209
64,16384,4,64,26.3234
64,16384,4,128,26.3286
64,16384,4,256,26.3390
64,16384,4,512,26.3598
64,16384,4,1024,26.4014
64,16384,4,2048,26.4845
64,16384,4,4096,26.6507
64,16384,4,8192,26.9832
64,16384,4,16384,28.0530
64,16384,8,16,26.3209
64,16384,8,32,26.3234
64,16384,8,64,26.3286
64,16384,8,128,26.3390
64,16384,8,256,26.3598
64,16384,8,512,26.4014
64,16384,8,1024,26.4845
64,16384,8,2048,26.6507
64,16384,8,4096,26.9832
64,16384,8,8192,28.0708
64,16384,8,16384,46.2575
64,16384,16,16,26.3234
64,16384,16,32,26.3286
64,16384,16,64,26.3390
64,16384,16,128,26.3598
64,16384,16,256,26.4014
64,16384,16,512,26.4845
64,16384,16,1024,26.6507
64,16384,16,2048,26.9832
64,16384,16,4096,28.1063
64,16384,16,8192,46.2930
64,16384,16,16384,82.6664
64,16384,32,16,26.3286
64,16384,32,32,26.3390
64,16384,32,64,26.3598
64,16384,32,128,26.4014
64,16384,32,256,26.4845
64,16384,32,512,26.6507
64,16384,32,1024,26.9832
64,16384,32,2048,28.1774
64,16384,32,4096,46.3640
64,16384,32,8192,82.7374
64,16384,32,16384,155.4842
64,16384,64,16,26.3390
64,16384,64,32,26.3598
64,16384,64,64,26.4014
64,16384,64,128,26.4845
64,16384,64,256,26.6507
64,16384,64,512,26.9832
64,16384,64,1024,28.3194
64,16384,64,2048,46.5061
64,16384,64,4096,82.8795
64,16384,64,8192,155.6262
64,16384,64,16384,301.1197
64,16384,128,16,26.3598
64,16384,128,32,26.4014
64,16384,128,64,26.4845
64,16384,128,128,26.6507
64,16384,128,256,26.9832
64,16384,128,512,28.6036
64,16384,128,1024,46.7903
64,16384,128,2048,83.1637
64,16384,128,4096,155.9104
64,16384,128,8192,301.4039
64,16384,128,16384,592.3908
81,0,0,0,5.3821
81,0,1,512,5.5287
81,0,1,768,5.5997
81,0,1,1152,5.7063
81,0,1,1728,5.8661
81,0,1,2592,6.1059
81,0,1,3888,6.4655
81,0,1,5832,7.0050
81,0,1,8748,7.8142
81,0,1,13122,9.0280
81,0,1,16384,9.9332
81,0,2,512,5.6752
81,0,2,768,5.8173
81,0,2,1152,6.0304
81,0,2,1728,6.3501
81,0,2,2592,6.8296
81,0,2,3888,7.5489
81,0,2,5832,8.6278
81,0,2,8748,10.2463
81,0,2,13122,12.6739
81,0,2,16384,14.4843
81,0,4,512,5.9682
81,0,4,768,6.2524
81,0,4,1152,6.6786
81,0,4,1728,7.3180
81,0,4,2592,8.2771
81,0,4,3888,9.7157
81,0,4,5832,11.8736
81,0,4,8748,15.1104
81,0,4,13122,19.9657
81,0,4,16384,23.5866
81,0,8,512,6.5543
81,0,8,768,7.1226
81,0,8,1152,7.9752
81,0,8,1728,9.2539
81,0,8,2592,11.1720
81,0,8,3888,14.0492
81,0,8,5832,18.3650
81,0,8,8748,24.8387
81,0,8,13122,34.5492
81,0,8,16384,41.7910
81,0,16,512,7.7265
81,0,16,768,8.8632
81,0,16,1152,10.5682
81,0,16,1728,13.1257
81,0,16,2592,16.9619
81,0,16,3888,22.7163
81,0,16,5832,31.3479
81,0,16,8748,44.2952
81,0,16,13122,63.7163
81,0,16,16384,78.1999
81,0,32,512,10.0709
81,0,32,768,12.3442
81,0,32,1152,15.7542
81,0,32,1728,20.8692
81,0,32,2592,28.5417
81,0,32,3888,40.0505
81,0,32,5832,57.3136
81,0,32,8748,83.2083
81,0,32,13122,122.0504
81,0,32,16384,151.0177
81,0,64,512,14.7596
81,0,64,768,19.3063
81,0,64,1152,26.1263
81,0,64,1728,36.3563
81,0,64,2592,51.7013
81,0,64,3888,74.7189
81,0,64,5832,109.2451
81,0,64,8748,161.0346
81,0,64,13122,238.7187
81,0,64,16384,296.6532
81,0,128,512,24.1371
81,0,128,768,33.2305
81,0,128,1152,46.8705
81,0,128,1728,67.3305
81,0,128,2592,98.0205
81,0,128,3888,144.0556
81,0,128,5832,213.1082
81,0,128,8748,316.6870
81,0,128,13122,472.0553
81,0,128,16384,587.9243
81,512,0,0,5.9081
81,512,1,512,5.9185
81,512,1,768,5.9237
81,512,1,1152,5.9315
81,512,1,1728,6.0082
81,512,1,2592,6.2479
81,512,1,3888,6.6076
81,512,1,5832,7.1471
81,512,1,8748,7.9563
81,512,1,13122,9.1701
81,512,1,16384,10.0753
81,512,2,512,5.9289
81,512,2,768,5.9593
81,512,2,1152,6.1725
81,512,2,1728,6.4922
81,512,2,2592,6.9717
81,512,2,3888,7.6910
81,512,2,5832,8.7699
81,512,2,8748,10.3883
81,512,2,13122,12.8160
81,512,2,16384,14.6264
81,512,4,512,6.1103
81,512,4,768,6.3945
81,512,4,1152,6.8207
81,512,4,1728,7.4601
81,512,4,2592,8.4192
81,512,4,3888,9.8578
81,512,4,5832,12.0156
81,512,4,8748,15.2525
81,512,4,13122,20.1077
81,512,4,16384,23.7287
81,512,8,512,6.6964
81,512,8,768,7.2647
81,512,8,1152,8.1172
81,512,8,1728,9.3960
81,512,8,2592,11.3141
81,512,8,3888,14.1913
81,512,8,5832,18.5071
81,512,8,8748,24.9808
81,512,8,13122,34.6913
81,512,8,16384,41.9331
81,512,16,512,7.8686
81,512,16,768,9.0053
81,512,16,1152,10.7103
81,512,16,1728,13.2678
81,512,16,2592,17.1040
81,512,16,3888,22.8584
81,512,16,5832,31.4900
81,512,16,8748,44.4373
81,512,16,13122,63.8584
81,512,16,16384,78.3420
81,512,32,512,10.2130
81,512,32,768,12.4863
81,512,32,1152,15.8963
81,512,32,1728,21.0113
81,512,32,2592,28.6838
81,512,32,3888,40.1926
81,512,32,5832,57.4557
81,512,32,8748,83.3504
81,512,32,13122,122.1925
81,512,32,16384,151.1598
81,512,64,512,14.9017
81,512,64,768,19.4484
81,512,64,1152,26.2684
81,512,64,1728,36.4984
81,512,64,2592,51.8434
81,512,64,3888,74.8609
81,512,64,5832,109.3872
81,512,64,8748,161.1767
81,512,64,13122,238.8608
81,512,64,16384,296.7953
81,512,128,512,24.2792
81,512,128,768,33.3726
81,512,128,1152,47.0126
81,512,128,1728,67.4726
81,512,128,2592,98.1626
81,512,128,3888,144.1977
81,512,128,5832,213.2502
81,512,128,8748,316.8291
81,512,128,13122,472.1974
81,512,128,16384,588.0664
81,768,0,0,6.3288
81,768,1,512,6.3392
81,768,1,768,6.3444
81,768,1,1152,6.3522
81,768,1,1728,6.3639
81,768,1,2592,6.3814
81,768,1,3888,6.6786
81,768,1,5832,7.2181
81,768,1,8748,8.0273
81,768,1,13122,9.2411
81,768,1,16384,10.1464
81,768,2,512,6.3496
81,768,2,768,6.3600
81,768,2,1152,6.3756
81,768,2,1728,6.5632
81,768,2,2592,7.0427
81,768,2,3888,7.7620
81,768,2,5832,8.8410
81,768,2,8748,10.4594
81,768,2,13122,12.8870
81,768,2,16384,14.6975
81,768,4,512,6.3704
81,768,4,768,6.4655
81,768,4,1152,6.8918
81,768,4,1728,7.5311
81,768,4,2592,8.4902
81,768,4,3888,9.9288
81,768,4,5832,12.0867
81,768,4,8748,15.3235
81,768,4,13122,20.1788
81,768,4,16384,23.7997
81,768,8,512,6.7674
81,768,8,768,7.3358
81,768,8,1152,8.1883
81,768,8,1728,9.4670
81,768,8,2592,11.3852
81,768,8,3888,14.2623
81,768,8,5832,18.5781
81,768,8,8748,25.0518
81,768,8,13122,34.7623
81,768,8,16384,42.0041
81,768,16,512,7.9396
81,768,16,768,9.0763
81,768,16,1152,10.7813
81,768,16,1728,13.3388
81,768,16,2592,17.1751
81,768,16,3888,22.9294
81,768,16,5832,31.5610
81,768,16,8748,44.5084
81,768,16,13122,63.9294
81,768,16,16384,78.4130
81,768,32,512,10.2840
81,768,32,768,12.5573
81,768,32,1152,15.9673
81,768,32,1728,21.0824
81,768,32,2592,28.7549
81,768,32,3888,40.2636
81,768,32,5832,57.5268
81,768,32,8748,83.4215
81,768,32,13122,122.2635
81,768,32,16384,151.2308
81,768,64,512,14.9728
81,768,64,768,19.5194
81,768,64,1152,26.3394
81,768,64,1728,36.5694
81,768,64,2592,51.9145
81,768,64,3888,74.9320
81,768,64,5832,109.4583
81,768,64,8748,161.2477
81,768,64,13122,238.9318
81,768,64,16384,296.8664
81,768,128,512,24.3503
81,768,128,768,33.4436
81,768,128,1152,47.0836
81,768,128,1728,67.5436
81,768,128,2592,98.2337
81,768,128,3888,144.2687
81,768,128,5832,213.3213
81,768,128,8748,316.9001
81,768,128,13122,472.2684
81,768,128,16384,588.1375
81,1152,0,0,6.9600
81,1152,1,512,6.9704
81,1152,1,768,6.9755
81,1152,1,1152,6.9833
81,1152,1,1728,6.9950
81,1152,1,2592,7.0126
81,1152,1,3888,7.0389
81,1152,1,5832,7.3247
81,1152,1,8748,8.1339
81,1152,1,13122,9.3477
81,1152,1,16384,10.2529
81,1152,2,512,6.9807
81,1152,2,768,6.9911
81,1152,2,1152,7.0067
81,1152,2,1728,7.0301
81,1152,2,2592,7.1493
81,1152,2,3888,7.8686
81,1152,2,5832,8.9475
81,1152,2,8748,10.5660
81,1152,2,13122,12.9936
81,1152,2,16384,14.8040
81,1152,4,512,7.0015
81,1152,4,768,7.0223
81,1152,4,1152,7.0535
81,1152,4,1728,7.6377
81,1152,4,2592,8.5968
81,1152,4,3888,10.0354
81,1152,4,5832,12.1933
81,1152,4,8748,15.4301
81,1152,4,13122,20.2854
81,1152,4,16384,23.9063
81,1152,8,512,7.0431
81,1152,8,768,7.4423
81,1152,8,1152,8.2948
81,1152,8,1728,9.5736
81,1152,8,2592,11.4917
81,1152,8,3888,14.3689
81,1152,8,5832,18.6847
81,1152,8,8748,25.1584
81,1152,8,13122,34.8689
81,1152,8,16384,42.1107
81,1152,16,512,8.0462
81,1152,16,768,9.1829
81,1152,16,1152,10.8879
81,1152,16,1728,13.4454
81,1152,16,2592,17.2816
81,1152,16,3888,23.0360
81,1152,16,5832,31.6676
81,1152,16,8748,44.6149
81,1152,16,13122,64.0360
81,1152,16,16384,78.5196
81,1152,32,512,10.3906
81,1152,32,768,12.6639
81,1152,32,1152,16.0739
81,1152,32,1728,21.1889
81,1152,32,2592,28.8614
81,1152,32,3888,40.3702
81,1152,32,5832,57.6333
81,1152,32,8748,83.5280
81,1152,32,13122,122.3701
81,1152,32,16384,151.3374
81,1152,64,512,15.0793
81,1152,64,768,19.6260
81,1152,64,1152,26.4460
81,1152,64,1728,36.6760
81,1152,64,2592,52.0210
81,1152,64,3888,75.0385
81,1152,64,5832,109.5648
81,1152,64,8748,161.3543
81,1152,64,13122,239.0384
81,1152,64,16384,296.9729
81,1152,128,512,24.4568
81,1152,128,768,33.5502
81,1152,128,1152,47.1902
81,1152,128,1728,67.6502
81,1152,128,2592,98.3402
81,1152,128,3888,144.3753
81,1152,128,5832,213.4278
81,1152,128,8748,317.0067
81,1152,128,13122,472.3750
81,1152,128,16384,588.2440
81,1728,0,0,7.9067
81,1728,1,512,7.9171
81,1728,1,768,7.9222
81,1728,1,1152,7.9300
81,1728,1,1728,7.9417
81,1728,1,2592,7.9593
81,1728,1,3888,7.9856
81,1728,1,5832,8.0250
81,1728,1,8748,8.2937
81,1728,1,13122,9.5075
81,1728,1,16384,10.4128
81,1728,2,512,7.9274
81,1728,2,768,7.9378
81,1728,2,1152,7.9534
81,1728,2,1728,7.9768
81,1728,2,2592,8.0118
81,1728,2,3888,8.0644
81,1728,2,5832,9.1074
81,1728,2,8748,10.7258
81,1728,2,13122,13.1534
81,1728,2,16384,14.9639
81,1728,4,512,7.9482
81,1728,4,768,7.9690
81,1728,4,1152,8.0002
81,1728,4,1728,8.0469
81,1728,4,2592,8.7566
81,1728,4,3888,10.1952
81,1728,4,5832,12.3531
81,1728,4,8748,15.5899
81,1728,4,13122,20.4452
81,1728,4,16384,24.0661
81,1728,8,512,7.9898
81,1728,8,768,8.0313
81,1728,8,1152,8.4547
81,1728,8,1728,9.7334
81,1728,8,2592,11.6516
81,1728,8,3888,14.5288
81,1728,8,5832,18.8445
81,1728,8,8748,25.3182
81,1728,8,13122,35.0287
81,1728,8,16384,42.2705
81,1728,16,512,8.2060
81,1728,16,768,9.3427
81,1728,16,1152,11.0477
81,1728,16,1728,13.6052
81,1728,16,2592,17.4415
81,1728,16,3888,23.1958
81,1728,16,5832,31.8274
81,1728,16,8748,44.7748
81,1728,16,13122,64.1958
81,1728,16,16384,78.6794
81,1728,32,512,10.5504
81,1728,32,768,12.8237
81,1728,32,1152,16.2338
81,1728,32,1728,21.3488
81,1728,32,2592,29.0213
81,1728,32,3888,40.5300
81,1728,32,5832,57.7932
81,1728,32,8748,83.6879
81,1728,32,13122,122.5299
81,1728,32,16384,151.4972
81,1728,64,512,15.2392
81,1728,64,768,19.7858
81,1728,64,1152,26.6058
81,1728,64,1728,36.8359
81,1728,64,2592,52.1809
81,1728,64,3888,75.1984
81,1728,64,5832,109.7247
81,1728,64,8748,161.5141
81,1728,64,13122,239.1982
81,1728,64,16384,297.1328
81,1728,128,512,24.6167
81,1728,128,768,33.7100
81,1728,128,1152,47.3500
81,1728,128,1728,67.8101
81,1728,128,2592,98.5001
81,1728,128,3888,144.5351
81,1728,128,5832,213.5877
81,1728,128,8748,317.1665
81,1728,128,13122,472.5348
81,1728,128,16384,588.4039
81,2592,0,0,9.3267
81,2592,1,512,9.3371
81,2592,1,768,9.3423
81,2592,1,1152,9.3501
81,2592,1,1728,9.3618
81,2592,1,2592,9.3793
81,2592,1,3888,9.4056
81,2592,1,5832,9.4450
81,2592,1,8748,9.5042
81,2592,1,13122,9.7473
81,2592,1,16384,10.6525
81,2592,2,512,9.3475
81,2592,2,768,9.3579
81,2592,2,1152,9.3735
81,2592,2,1728,9.3968
81,2592,2,2592,9.4319
81,2592,2,3888,9.4845
81,2592,2,5832,9.5634
81,2592,2,8748,10.9656
81,2592,2,13122,13.3932
81,2592,2,16384,15.2036
81,2592,4,512,9.3683
81,2592,4,768,9.3890
81,2592,4,1152,9.4202
81,2592,4,1728,9.4670
81,2592,4,2592,9.5371
81,2592,4,3888,10.4350
81,2592,4,5832,12.5929
81,2592,4,8748,15.8297
81,2592,4,13122,20.6850
81,2592,4,16384,24.3059
81,2592,8,512,9.4098
81,2592,8,768,9.4514
81,2592,8,1152,9.5137
81,2592,8,1728,9.9732
81,2592,8,2592,11.8913
81,2592,8,3888,14.7685
81,2592,8,5832,19.0843
81,2592,8,8748,25.5580
81,2592,8,13122,35.2685
81,2592,8,16384,42.5103
81,2592,16,512,9.4929
81,2592,16,768,9.5825
81,2592,16,1152,11.2875
81,2592,16,1728,13.8450
81,2592,16,2592,17.6812
81,2592,16,3888,23.4356
81,2592,16,5832,32.0672
81,2592,16,8748,45.0145
81,2592,16,13122,64.4356
81,2592,16,16384,78.9192
81,2592,32,512,10.7902
81,2592,32,768,13.0635
81,2592,32,1152,16.4735
81,2592,32,1728,21.5885
81,2592,32,2592,29.2610
81,2592,32,3888,40.7698
81,2592,32,5832,58.0329
81,2592,32,8748,83.9276
81,2592,32,13122,122.7697
81,2592,32,16384,151.7370
81,2592,64,512,15.4789
81,2592,64,768,20.0256
81,2592,64,1152,26.8456
81,2592,64,1728,37.0756
81,2592,64,2592,52.4206
81,2592,64,3888,75.4382
81,2592,64,5832,109.9644
81,2592,64,8748,161.7539
81,2592,64,13122,239.4380
81,2592,64,16384,297.3725
81,2592,128,512,24.8564
81,2592,128,768,33.9498
81,2592,128,1152,47.5898
81,2592,128,1728,68.0498
81,2592,128,2592,98.7398
81,2592,128,3888,144.7749
81,2592,128,5832,213.8275
81,2592,128,8748,317.4063
81,2592,128,13122,472.7746
81,2592,128,16384,588.6436
81,3888,0,0,11.4568
81,3888,1,512,11.4672
81,3888,1,768,11.4724
81,3888,1,1152,11.4802
81,3888,1,1728,11.4918
81,3888,1,2592,11.5094
81,3888,1,3888,11.5357
81,3888,1,5832,11.5751
81,3888,1,8748,11.6343
81,3888,1,13122,11.7230
81,3888,1,16384,11.7892
81,3888,2,512,11.4776
81,3888,2,768,11.4879
81,3888,2,1152,11.5035
81,3888,2,1728,11.5269
81,3888,2,2592,11.5620
81,3888,2,3888,11.6146
81,3888,2,5832,11.6935
81,3888,2,8748,11.8118
81,3888,2,13122,13.7528
81,3888,2,16384,15.5633
81,3888,4,512,11.4983
81,3888,4,768,11.5191
81,3888,4,1152,11.5503
81,3888,4,1728,11.5970
81,3888,4,2592,11.6672
81,3888,4,3888,11.7723
81,3888,4,5832,12.9525
81,3888,4,8748,16.1894
81,3888,4,13122,21.0446
81,3888,4,16384,24.6655
81,3888,8,512,11.5399
81,3888,8,768,11.5814
81,3888,8,1152,11.6438
81,3888,8,1728,11.7373
81,3888,8,2592,12.2510
81,3888,8,3888,15.1282
81,3888,8,5832,19.4440
81,3888,8,8748,25.9176
81,3888,8,13122,35.6281
81,3888,8,16384,42.8700
81,3888,16,512,11.6230
81,3888,16,768,11.7061
81,3888,16,1152,11.8308
81,3888,16,1728,14.2046
81,3888,16,2592,18.0409
81,3888,16,3888,23.7953
81,3888,16,5832,32.4268
81,3888,16,8748,45.3742
81,3888,16,13122,64.7952
81,3888,16,16384,79.2789
81,3888,32,512,11.7892
81,3888,32,768,13.4232
81,3888,32,1152,16.8332
81,3888,32,1728,21.9482
81,3888,32,2592,29.6207
81,3888,32,3888,41.1294
81,3888,32,5832,58.3926
81,3888,32,8748,84.2873
81,3888,32,13122,123.1294
81,3888,32,16384,152.0966
81,3888,64,512,15.8386
81,3888,64,768,20.3853
81,3888,64,1152,27.2053
81,3888,64,1728,37.4353
81,3888,64,2592,52.7803
81,3888,64,3888,75.7978
81,3888,64,5832,110.3241
81,3888,64,8748,162.1135
81,3888,64,13122,239.7976
81,3888,64,16384,297.7322
81,3888,128,512,25.2161
81,3888,128,768,34.3094
81,3888,128,1152,47.9494
81,3888,128,1728,68.4095
81,3888,128,2592,99.0995
81,3888,128,3888,145.1345
81,3888,128,5832,214.1871
81,3888,128,8748,317.7660
81,3888,128,13122,473.1342
81,3888,128,16384,589.0033
81,5832,0,0,14.6519
81,5832,1,512,14.6623
81,5832,1,768,14.6675
81,5832,1,1152,14.6753
81,5832,1,1728,14.6870
81,5832,1,2592,14.7045
81,5832,1,3888,14.7308
81,5832,1,5832,14.7702
81,5832,1,8748,14.8294
81,5832,1,13122,14.9181
81,5832,1,16384,14.9843
81,5832,2,512,14.6727
81,5832,2,768,14.6831
81,5832,2,1152,14.6986
81,5832,2,1728,14.7220
81,5832,2,2592,14.7571
81,5832,2,3888,14.8097
81,5832,2,5832,14.8886
81,5832,2,8748,15.0069
81,5832,2,13122,15.1844
81,5832,2,16384,16.1028
81,5832,4,512,14.6934
81,5832,4,768,14.7142
81,5832,4,1152,14.7454
81,5832,4,1728,14.7921
81,5832,4,2592,14.8623
81,5832,4,3888,14.9675
81,5832,4,5832,15.1252
81,5832,4,8748,16.7288
81,5832,4,13122,21.5841
81,5832,4,16384,25.2050
81,5832,8,512,14.7350
81,5832,8,768,14.7766
81,5832,8,1152,14.8389
81,5832,8,1728,14.9324
81,5832,8,2592,15.0726
81,5832,8,3888,15.6676
81,5832,8,5832,19.9834
81,5832,8,8748,26.4571
81,5832,8,13122,36.1676
81,5832,8,16384,43.4094
81,5832,16,512,14.8181
81,5832,16,768,14.9012
81,5832,16,1152,15.0259
81,5832,16,1728,15.2129
81,5832,16,2592,18.5803
81,5832,16,3888,24.3347
81,5832,16,5832,32.9663
81,5832,16,8748,45.9137
81,5832,16,13122,65.3347
81,5832,16,16384,79.8183
81,5832,32,512,14.9843
81,5832,32,768,15.1506
81,5832,32,1152,17.3726
81,5832,32,1728,22.4876
81,5832,32,2592,30.1602
81,5832,32,3888,41.6689
81,5832,32,5832,58.9321
81,5832,32,8748,84.8268
81,5832,32,13122,123.6688
81,5832,32,16384,152.6361
81,5832,64,512,16.3781
81,5832,64,768,20.9247
81,5832,64,1152,27.7447
81,5832,64,1728,37.9747
81,5832,64,2592,53.3198
81,5832,64,3888,76.3373
81,5832,64,5832,110.8636
81,5832,64,8748,162.6530
81,5832,64,13122,240.3371
81,5832,64,16384,298.2717
81,5832,128,512,25.7556
81,5832,128,768,34.8489
81,5832,128,1152,48.4889
81,5832,128,1728,68.9489
81,5832,128,2592,99.6390
81,5832,128,3888,145.6740
81,5832,128,5832,214.7266
81,5832,128,8748,318.3054
81,5832,128,13122,473.6737
81,5832,128,16384,589.5428
81,8748,0,0,19.4446
81,8748,1,512,19.4549
81,8748,1,768,19.4601
81,8748,1,1152,19.4679
81,8748,1,1728,19.4796
81,8748,1,2592,19.4971
81,8748,1,3888,19.5234
81,8748,1,5832,19.5629
81,8748,1,8748,19.6221
81,8748,1,13122,19.7108
81,8748,1,16384,19.7770
81,8748,2,512,19.4653
81,8748,2,768,19.4757
81,8748,2,1152,19.4913
81,8748,2,1728,19.5147
81,8748,2,2592,19.5497
81,8748,2,3888,19.6023
81,8748,2,5832,19.6812
81,8748,2,8748,19.7996
81,8748,2,13122,19.9771
81,8748,2,16384,20.1094
81,8748,4,512,19.4861
81,8748,4,768,19.5069
81,8748,4,1152,19.5381
81,8748,4,1728,19.5848
81,8748,4,2592,19.6549
81,8748,4,3888,19.7601
81,8748,4,5832,19.9179
81,8748,4,8748,20.1546
81,8748,4,13122,22.3933
81,8748,4,16384,26.0142
81,8748,8,512,19.5277
81,8748,8,768,19.5692
81,8748,8,1152,19.6316
81,8748,8,1728,19.7251
81,8748,8,2592,19.8653
81,8748,8,3888,20.0757
81,8748,8,5832,20.7926
81,8748,8,8748,27.2663
81,8748,8,13122,36.9768
81,8748,8,16384,44.2186
81,8748,16,512,19.6108
81,8748,16,768,19.6939
81,8748,16,1152,19.8186
81,8748,16,1728,20.0056
81,8748,16,2592,20.2861
81,8748,16,3888,25.1439
81,8748,16,5832,33.7755
81,8748,16,8748,46.7229
81,8748,16,13122,66.1439
81,8748,16,16384,80.6275
81,8748,32,512,19.7770
81,8748,32,768,19.9432
81,8748,32,1152,20.1926
81,8748,32,1728,23.2969
81,8748,32,2592,30.9694
81,8748,32,3888,42.4781
81,8748,32,5832,59.7413
81,8748,32,8748,85.6360
81,8748,32,13122,124.4780
81,8748,32,16384,153.4453
81,8748,64,512,20.1094
81,8748,64,768,21.7339
81,8748,64,1152,28.5539
81,8748,64,1728,38.7840
81,8748,64,2592,54.1290
81,8748,64,3888,77.1465
81,8748,64,5832,111.6728
81,8748,64,8748,163.4622
81,8748,64,13122,241.1463
81,8748,64,16384,299.0809
81,8748,128,512,26.5648
81,8748,128,768,35.6581
81,8748,128,1152,49.2981
81,8748,128,1728,69.7581
81,8748,128,2592,100.4482
81,8748,128,3888,146.4832
81,8748,128,5832,215.5358
81,8748,128,8748,319.1146
81,8748,128,13122,474.4829
81,8748,128,16384,590.3520
81,13122,0,0,26.6335
81,13122,1,512,26.6439
81,13122,1,768,26.6491
81,13122,1,1152,26.6569
81,13122,1,1728,26.6686
81,13122,1,2592,26.6861
81,13122,1,3888,26.7124
81,13122,1,5832,26.7519
81,13122,1,8748,26.8111
81,13122,1,13122,26.8998
81,13122,1,16384,26.9660
81,13122,2,512,26.6543
81,13122,2,768,26.6647
81,13122,2,1152,26.6803
81,13122,2,1728,26.7037
81,13122,2,2592,26.7387
81,13122,2,3888,26.7913
81,13122,2,5832,26.8702
81,13122,2,8748,26.9886
81,13122,2,13122,27.1661
81,13122,2,16384,27.2984
81,13122,4,512,26.6751
81,13122,4,768,26.6959
81,13122,4,1152,26.7270
81,13122,4,1728,26.7738
81,13122,4,2592,26.8439
81,13122,4,3888,26.9491
81,13122,4,5832,27.1069
81,13122,4,8748,27.3436
81,13122,4,13122,27.6986
81,13122,4,16384,27.9633
81,13122,8,512,26.7167
81,13122,8,768,26.7582
81,13122,8,1152,26.8205
81,13122,8,1728,26.9140
81,13122,8,2592,27.0543
81,13122,8,3888,27.2647
81,13122,8,5832,27.5802
81,13122,8,8748,28.4801
81,13122,8,13122,38.1906
81,13122,8,16384,45.4325
81,13122,16,512,26.7998
81,13122,16,768,26.8829
81,13122,16,1152,27.0076
81,13122,16,1728,27.1946
81,13122,16,2592,27.4751
81,13122,16,3888,27.8958
81,13122,16,5832,34.9893
81,13122,16,8748,47.9367
81,13122,16,13122,67.3577
81,13122,16,16384,81.8413
81,13122,32,512,26.9660
81,13122,32,768,27.1322
81,13122,32,1152,27.3816
81,13122,32,1728,27.7556
81,13122,32,2592,32.1832
81,13122,32,3888,43.6919
81,13122,32,5832,60.9551
81,13122,32,8748,86.8498
81,13122,32,13122,125.6919
81,13122,32,16384,154.6591
81,13122,64,512,27.2984
81,13122,64,768,27.6309
81,13122,64,1152,29.7678
81,13122,64,1728,39.9978
81,13122,64,2592,55.3428
81,13122,64,3888,78.3603
81,13122,64,5832,112.8866
81,13122,64,8748,164.6760
81,13122,64,13122,242.3601
81,13122,64,16384,300.2947
81,13122,128,512,27.9633
81,13122,128,768,36.8719
81,13122,128,1152,50.5119
81,13122,128,1728,70.9720
81,13122,128,2592,101.6620
81,13122,128,3888,147.6970
81,13122,128,5832,216.7496
81,13122,128,8748,320.3285
81,13122,128,13122,475.6967
81,13122,128,16384,591.5658
81,16384,0,0,31.9949
81,16384,1,512,32.0053
81,16384,1,768,32.0105
81,16384,1,1152,32.0183
81,16384,1,1728,32.0299
81,16384,1,2592,32.0475
81,16384,1,3888,32.0738
81,16384,1,5832,32.1132
81,16384,1,8748,32.1724
81,16384,1,13122,32.2611
81,16384,1,16384,32.3273
81,16384,2,512,32.0157
81,16384,2,768,32.0261
81,16384,2,1152,32.0416
81,16384,2,1728,32.0650
81,16384,2,2592,32.1001
81,16384,2,3888,32.1527
81,16384,2,5832,32.2316
81,16384,2,8748,32.3499
81,16384,2,13122,32.5274
81,16384,2,16384,32.6598
81,16384,4,512,32.0364
81,16384,4,768,32.0572
81,16384,4,1152,32.0884
81,16384,4,1728,32.1351
81,16384,4,2592,32.2053
81,16384,4,3888,32.3105
81,16384,4,5832,32.4682
81,16384,4,8748,32.7049
81,16384,4,13122,33.0599
81,16384,4,16384,33.3247
81,16384,8,512,32.0780
81,16384,8,768,32.1196
81,16384,8,1152,32.1819
81,16384,8,1728,32.2754
81,16384,8,2592,32.4156
81,16384,8,3888,32.6260
81,16384,8,5832,32.9416
81,16384,8,8748,33.4149
81,16384,8,13122,39.0959
81,16384,8,16384,46.3377
81,16384,16,512,32.1611
81,16384,16,768,32.2442
81,16384,16,1152,32.3689
81,16384,16,1728,32.5559
81,16384,16,2592,32.8364
81,16384,16,3888,33.2571
81,16384,16,5832,35.8946
81,16384,16,8748,48.8419
81,16384,16,13122,68.2629
81,16384,16,16384,82.7466
81,16384,32,512,32.3273
81,16384,32,768,32.4936
81,16384,32,1152,32.7429
81,16384,32,1728,33.1169
81,16384,32,2592,33.6779
81,16384,32,3888,44.5972
81,16384,32,5832,61.8603
81,16384,32,8748,87.7550
81,16384,32,13122,126.5971
81,16384,32,16384,155.5644
81,16384,64,512,32.6598
81,16384,64,768,32.9922
81,16384,64,1152,33.4909
81,16384,64,1728,40.9030
81,16384,64,2592,56.2480
81,16384,64,3888,79.2655
81,16384,64,5832,113.7918
81,16384,64,8748,165.5812
81,16384,64,13122,243.2654
81,16384,64,16384,301.1999
81,16384,128,512,33.3247
81,16384,128,768,37.7772
81,16384,128,1152,51.4172
81,16384,128,1728,71.8772
81,16384,128,2592,102.5672
81,16384,128,3888,148.6023
81,16384,128,5832,217.6548
81,16384,128,8748,321.2337
81,16384,128,13122,476.6020
81,16384,128,16384,592.4710
122,0,0,0,5.5755
122,0,1,512,5.7221
122,0,1,768,5.7931
122,0,1,1152,5.8997
122,0,1,1728,6.0595
122,0,1,2592,6.2993
122,0,1,3888,6.6589
122,0,1,5832,7.1984
122,0,1,8748,8.0076
122,0,1,13122,9.2214
122,0,1,16384,10.1267
122,0,2,512,5.8686
122,0,2,768,6.0107
122,0,2,1152,6.2238
122,0,2,1728,6.5435
122,0,2,2592,7.0230
122,0,2,3888,7.7423
122,0,2,5832,8.8213
122,0,2,8748,10.4397
122,0,2,13122,12.8673
122,0,2,16384,14.6778
122,0,4,512,6.1616
122,0,4,768,6.4458
122,0,4,1152,6.8721
122,0,4,1728,7.5114
122,0,4,2592,8.4705
122,0,4,3888,9.9091
122,0,4,5832,12.0670
122,0,4,8748,15.3038
122,0,4,13122,20.1591
122,0,4,16384,23.7800
122,0,8,512,6.7477
122,0,8,768,7.3161
122,0,8,1152,8.1686
122,0,8,1728,9.4473
122,0,8,2592,11.3655
122,0,8,3888,14.2426
122,0,8,5832,18.5584
122,0,8,8748,25.0321
122,0,8,13122,34.7426
122,0,8,16384,41.9844
122,0,16,512,7.9199
122,0,16,768,9.0566
122,0,16,1152,10.7616
122,0,16,1728,13.3191
122,0,16,2592,17.1554
122,0,16,3888,22.9097
122,0,16,5832,31.5413
122,0,16,8748,44.4887
122,0,16,13122,63.9097
122,0,16,16384,78.3933
122,0,32,512,10.2643
122,0,32,768,12.5376
122,0,32,1152,15.9476
122,0,32,1728,21.0626
122,0,32,2592,28.7352
122,0,32,3888,40.2439
122,0,32,5832,57.5071
122,0,32,8748,83.4018
122,0,32,13122,122.2438
122,0,32,16384,151.2111
122,0,64,512,14.9531
122,0,64,768,19.4997
122,0,64,1152,26.3197
122,0,64,1728,36.5497
122,0,64,2592,51.8948
122,0,64,3888,74.9123
122,0,64,5832,109.4386
122,0,64,8748,161.2280
122,0,64,13122,238.9121
122,0,64,16384,296.8467
122,0,128,512,24.3306
122,0,128,768,33.4239
122,0,128,1152,47.0639
122,0,128,1728,67.5239
122,0,128,2592,98.2140
122,0,128,3888,144.2490
122,0,128,5832,213.3016
122,0,128,8748,316.8804
122,0,128,13122,472.2487
122,0,128,16384,588.1178
122,512,0,0,6.4185
122,512,1,512,6.4289
122,512,1,768,6.4340
122,512,1,1152,6.4418
122,512,1,1728,6.4535
122,512,1,2592,6.4711
122,512,1,3888,6.8010
122,512,1,5832,7.3405
122,512,1,8748,8.1497
122,512,1,13122,9.3635
122,512,1,16384,10.2687
122,512,2,512,6.4392
122,512,2,768,6.4496
122,512,2,1152,6.4652
122,512,2,1728,6.6856
122,512,2,2592,7.1651
122,512,2,3888,7.8844
122,512,2,5832,8.9634
122,512,2,8748,10.5818
122,512,2,13122,13.0094
122,512,2,16384,14.8199
122,512,4,512,6.4600
122,512,4,768,6.5879
122,512,4,1152,7.0141
122,512,4,1728,7.6535
122,512,4,2592,8.6126
122,512,4,3888,10.0512
122,512,4,5832,12.2091
122,512,4,8748,15.4459
122,512,4,13122,20.3012
122,512,4,16384,23.9221
122,512,8,512,6.8898
122,512,8,768,7.4582
122,512,8,1152,8.3107
122,512,8,1728,9.5894
122,512,8,2592,11.5075
122,512,8,3888,14.3847
122,512,8,5832,18.7005
122,512,8,8748,25.1742
122,512,8,13122,34.8847
122,512,8,16384,42.1265
122,512,16,512,8.0620
122,512,16,768,9.1987
122,512,16,1152,10.9037
122,512,16,1728,13.4612
122,512,16,2592,17.2974
122,512,16,3888,23.0518
122,512,16,5832,31.6834
122,512,16,8748,44.6307
122,512,16,13122,64.0518
122,512,16,16384,78.5354
122,512,32,512,10.4064
122,512,32,768,12.6797
122,512,32,1152,16.0897
122,512,32,1728,21.2047
122,512,32,2592,28.8772
122,512,32,3888,40.3860
122,512,32,5832,57.6491
122,512,32,8748,83.5439
122,512,32,13122,122.3859
122,512,32,16384,151.3532
122,512,64,512,15.0951
122,512,64,768,19.6418
122,512,64,1152,26.4618
122,512,64,1728,36.6918
122,512,64,2592,52.0368
122,512,64,3888,75.0544
122,512,64,5832,109.5806
122,512,64,8748,161.3701
122,512,64,13122,239.0542
122,512,64,16384,296.9887
122,512,128,512,24.4727
122,512,128,768,33.5660
122,512,128,1152,47.2060
122,512,128,1728,67.6660
122,512,128,2592,98.3561
122,512,128,3888,144.3911
122,512,128,5832,213.4437
122,512,128,8748,317.0225
122,512,128,13122,472.3908
122,512,128,16384,588.2599
122,768,0,0,7.0522
122,768,1,512,7.0626
122,768,1,768,7.0678
122,768,1,1152,7.0756
122,768,1,1728,7.0873
122,768,1,2592,7.1048
122,768,1,3888,7.1311
122,768,1,5832,7.4115
122,768,1,8748,8.2207
122,768,1,13122,9.4346
122,768,1,16384,10.3398
122,768,2,512,7.0730
122,768,2,768,7.0834
122,768,2,1152,7.0989
122,768,2,1728,7.1223
122,768,2,2592,7.2361
122,768,2,3888,7.9554
122,768,2,5832,9.0344
122,768,2,8748,10.6528
122,768,2,13122,13.0804
122,768,2,16384,14.8909
122,768,4,512,7.0938
122,768,4,768,7.1145
122,768,4,1152,7.1457
122,768,4,1728,7.7246
122,768,4,2592,8.6836
122,768,4,3888,10.1222
122,768,4,5832,12.2801
122,768,4,8748,15.5170
122,768,4,13122,20.3722
122,768,4,16384,23.9931
122,768,8,512,7.1353
122,768,8,768,7.5292
122,768,8,1152,8.3817
122,768,8,1728,9.6604
122,768,8,2592,11.5786
122,768,8,3888,14.4558
122,768,8,5832,18.7716
122,768,8,8748,25.2452
122,768,8,13122,34.9557
122,768,8,16384,42.1976
122,768,16,512,8.1331
122,768,16,768,9.2697
122,768,16,1152,10.9747
122,768,16,1728,13.5322
122,768,16,2592,17.3685
122,768,16,3888,23.1229
122,768,16,5832,31.7544
122,768,16,8748,44.7018
122,768,16,13122,64.1228
122,768,16,16384,78.6065
122,768,32,512,10.4774
122,768,32,768,12.7508
122,768,32,1152,16.1608
122,768,32,1728,21.2758
122,768,32,2592,28.9483
122,768,32,3888,40.4570
122,768,32,5832,57.7202
122,768,32,8748,83.6149
122,768,32,13122,122.4570
122,768,32,16384,151.4242
122,768,64,512,15.1662
122,768,64,768,19.7129
122,768,64,1152,26.5329
122,768,64,1728,36.7629
122,768,64,2592,52.1079
122,768,64,3888,75.1254
122,768,64,5832,109.6517
122,768,64,8748,161.4411
122,768,64,13122,239.1253
122,768,64,16384,297.0598
122,768,128,512,24.5437
122,768,128,768,33.6370
122,768,128,1152,47.2770
122,768,128,1728,67.7371
122,768,128,2592,98.4271
122,768,128,3888,144.4621
122,768,128,5832,213.5147
122,768,128,8748,317.0936
122,768,128,13122,472.4618
122,768,128,16384,588.3309
122,1152,0,0,8.0028
122,1152,1,512,8.0132
122,1152,1,768,8.0184
122,1152,1,1152,8.0262
122,1152,1,1728,8.0379
122,1152,1,2592,8.0554
122,1152,1,3888,8.0817
122,1152,1,5832,8.1211
122,1152,1,8748,8.3273
122,1152,1,13122,9.5411
122,1152,1,16384,10.4463
122,1152,2,512,8.0236
122,1152,2,768,8.0340
122,1152,2,1152,8.0495
122,1152,2,1728,8.0729
122,1152,2,2592,8.1080
122,1152,2,3888,8.1606
122,1152,2,5832,9.1410
122,1152,2,8748,10.7594
122,1152,2,13122,13.1870
122,1152,2,16384,14.9975
122,1152,4,512,8.0443
122,1152,4,768,8.0651
122,1152,4,1152,8.0963
122,1152,4,1728,8.1430
122,1152,4,2592,8.7902
122,1152,4,3888,10.2288
122,1152,4,5832,12.3867
122,1152,4,8748,15.6235
122,1152,4,13122,20.4788
122,1152,4,16384,24.0997
122,1152,8,512,8.0859
122,1152,8,768,8.1275
122,1152,8,1152,8.4883
122,1152,8,1728,9.7670
122,1152,8,2592,11.6851
122,1152,8,3888,14.5623
122,1152,8,5832,18.8781
122,1152,8,8748,25.3518
122,1152,8,13122,35.0623
122,1152,8,16384,42.3041
122,1152,16,512,8.2396
122,1152,16,768,9.3763
122,1152,16,1152,11.0813
122,1152,16,1728,13.6388
122,1152,16,2592,17.4750
122,1152,16,3888,23.2294
122,1152,16,5832,31.8610
122,1152,16,8748,44.8083
122,1152,16,13122,64.2294
122,1152,16,16384,78.7130
122,1152,32,512,10.5840
122,1152,32,768,12.8573
122,1152,32,1152,16.2673
122,1152,32,1728,21.3823
122,1152,32,2592,29.0548
122,1152,32,3888,40.5636
122,1152,32,5832,57.8267
122,1152,32,8748,83.7215
122,1152,32,13122,122.5635
122,1152,32,16384,151.5308
122,1152,64,512,15.2727
122,1152,64,768,19.8194
122,1152,64,1152,26.6394
122,1152,64,1728,36.8694
122,1152,64,2592,52.2144
122,1152,64,3888,75.2320
122,1152,64,5832,109.7583
122,1152,64,8748,161.5477
122,1152,64,13122,239.2318
122,1152,64,16384,297.1663
122,1152,128,512,24.6503
122,1152,128,768,33.7436
122,1152,128,1152,47.3836
122,1152,128,1728,67.8436
122,1152,128,2592,98.5337
122,1152,128,3888,144.5687
122,1152,128,5832,213.6213
122,1152,128,8748,317.2001
122,1152,128,13122,472.5684
122,1152,128,16384,588.4375
122,1728,0,0,9.4287
122,1728,1,512,9.4391
122,1728,1,768,9.4443
122,1728,1,1152,9.4521
122,1728,1,1728,9.4637
122,1728,1,2592,9.4813
122,1728,1,3888,9.5076
122,1728,1,5832,9.5470
122,1728,1,8748,9.6062
122,1728,1,13122,9.7010
122,1728,1,16384,10.6062
122,1728,2,512,9.4495
122,1728,2,768,9.4598
122,1728,2,1152,9.4754
122,1728,2,1728,9.4988
122,1728,2,2592,9.5339
122,1728,2,3888,9.5865
122,1728,2,5832,9.6654
122,1728,2,8748,10.9192
122,1728,2,13122,13.3468
122,1728,2,16384,15.1573
122,1728,4,512,9.4702
122,1728,4,768,9.4910
122,1728,4,1152,9.5222
122,1728,4,1728,9.5689
122,1728,4,2592,9.6391
122,1728,4,3888,10.3886
122,1728,4,5832,12.5465
122,1728,4,8748,15.7834
122,1728,4,13122,20.6386
122,1728,4,16384,24.2595
122,1728,8,512,9.5118
122,1728,8,768,9.5533
122,1728,8,1152,9.6157
122,1728,8,1728,9.9269
122,1728,8,2592,11.8450
122,1728,8,3888,14.7222
122,1728,8,5832,19.0380
122,1728,8,8748,25.5116
122,1728,8,13122,35.2222
122,1728,8,16384,42.4640
122,1728,16,512,9.5949
122,1728,16,768,9.6780
122,1728,16,1152,11.2411
122,1728,16,1728,13.7986
122,1728,16,2592,17.6349
122,1728,16,3888,23.3893
122,1728,16,5832,32.0208
122,1728,16,8748,44.9682
122,1728,16,13122,64.3892
122,1728,16,16384,78.8729
122,1728,32,512,10.7438
122,1728,32,768,13.0172
122,1728,32,1152,16.4272
122,1728,32,1728,21.5422
122,1728,32,2592,29.2147
122,1728,32,3888,40.7234
122,1728,32,5832,57.9866
122,1728,32,8748,83.8813
122,1728,32,13122,122.7234
122,1728,32,16384,151.6906
122,1728,64,512,15.4326
122,1728,64,768,19.9793
122,1728,64,1152,26.7993
122,1728,64,1728,37.0293
122,1728,64,2592,52.3743
122,1728,64,3888,75.3918
122,1728,64,5832,109.9181
122,1728,64,8748,161.7075
122,1728,64,13122,239.3917
122,1728,64,16384,297.3262
122,1728,128,512,24.8101
122,1728,128,768,33.9034
122,1728,128,1152,47.5435
122,1728,128,1728,68.0035
122,1728,128,2592,98.6935
122,1728,128,3888,144.7285
122,1728,128,5832,213.7811
122,1728,128,8748,317.3600
122,1728,128,13122,472.7282
122,1728,128,16384,588.5973
122,2592,0,0,11.5675
122,2592,1,512,11.5779
122,2592,1,768,11.5831
122,2592,1,1152,11.5909
122,2592,1,1728,11.6026
122,2592,1,2592,11.6201
122,2592,1,3888,11.6464
122,2592,1,5832,11.6859
122,2592,1,8748,11.7450
122,2592,1,13122,11.8338
122,2592,1,16384,11.9000
122,2592,2,512,11.5883
122,2592,2,768,11.5987
122,2592,2,1152,11.6143
122,2592,2,1728,11.6376
122,2592,2,2592,11.6727
122,2592,2,3888,11.7253
122,2592,2,5832,11.8042
122,2592,2,8748,11.9225
122,2592,2,13122,13.5866
122,2592,2,16384,15.3971
122,2592,4,512,11.6091
122,2592,4,768,11.6299
122,2592,4,1152,11.6610
122,2592,4,1728,11.7078
122,2592,4,2592,11.7779
122,2592,4,3888,11.8831
122,2592,4,5832,12.7863
122,2592,4,8748,16.0231
122,2592,4,13122,20.8784
122,2592,4,16384,24.4993
122,2592,8,512,11.6506
122,2592,8,768,11.6922
122,2592,8,1152,11.7545
122,2592,8,1728,11.8480
122,2592,8,2592,12.0847
122,2592,8,3888,14.9619
122,2592,8,5832,19.2777
122,2592,8,8748,25.7514
122,2592,8,13122,35.4619
122,2592,8,16384,42.7037
122,2592,16,512,11.7337
122,2592,16,768,11.8169
122,2592,16,1152,11.9415
122,2592,16,1728,14.0384
122,2592,16,2592,17.8746
122,2592,16,3888,23.6290
122,2592,16,5832,32.2606
122,2592,16,8748,45.2080
122,2592,16,13122,64.6290
122,2592,16,16384,79.1126
122,2592,32,512,11.9000
122,2592,32,768,13.2569
122,2592,32,1152,16.6669
122,2592,32,1728,21.7819
122,2592,32,2592,29.4545
122,2592,32,3888,40.9632
122,2592,32,5832,58.2264
122,2592,32,8748,84.1211
122,2592,32,13122,122.9631
122,2592,32,16384,151.9304
122,2592,64,512,15.6724
122,2592,64,768,20.2190
122,2592,64,1152,27.0390
122,2592,64,1728,37.2690
122,2592,64,2592,52.6141
122,2592,64,3888,75.6316
122,2592,64,5832,110.1579
122,2592,64,8748,161.9473
122,2592,64,13122,239.6314
122,2592,64,16384,297.5660
122,2592,128,512,25.0499
122,2592,128,768,34.1432
122,2592,128,1152,47.7832
122,2592,128,1728,68.2432
122,2592,128,2592,98.9333
122,2592,128,3888,144.9683
122,2592,128,5832,214.0209
122,2592,128,8748,317.5997
122,2592,128,13122,472.9680
122,2592,128,16384,588.8371
122,3888,0,0,14.7758
122,3888,1,512,14.7862
122,3888,1,768,14.7914
122,3888,1,1152,14.7992
122,3888,1,1728,14.8108
122,3888,1,2592,14.8284
122,3888,1,3888,14.8547
122,3888,1,5832,14.8941
122,3888,1,8748,14.9533
122,3888,1,13122,15.0420
122,3888,1,16384,15.1082
122,3888,2,512,14.7966
122,3888,2,768,14.8069
122,3888,2,1152,14.8225
122,3888,2,1728,14.8459
122,3888,2,2592,14.8810
122,3888,2,3888,14.9336
122,3888,2,5832,15.0125
122,3888,2,8748,15.1308
122,3888,2,13122,15.3083
122,3888,2,16384,15.7567
122,3888,4,512,14.8173
122,3888,4,768,14.8381
122,3888,4,1152,14.8693
122,3888,4,1728,14.9160
122,3888,4,2592,14.9862
122,3888,4,3888,15.0913
122,3888,4,5832,15.2491
122,3888,4,8748,16.3828
122,3888,4,13122,21.2380
122,3888,4,16384,24.8589
122,3888,8,512,14.8589
122,3888,8,768,14.9004
122,3888,8,1152,14.9628
122,3888,8,1728,15.0563
122,3888,8,2592,15.1965
122,3888,8,3888,15.4069
122,3888,8,5832,19.6374
122,3888,8,8748,26.1111
122,3888,8,13122,35.8216
122,3888,8,16384,43.0634
122,3888,16,512,14.9420
122,3888,16,768,15.0251
122,3888,16,1152,15.1498
122,3888,16,1728,15.3368
122,3888,16,2592,18.2343
122,3888,16,3888,23.9887
122,3888,16,5832,32.6202
122,3888,16,8748,45.5676
122,3888,16,13122,64.9886
122,3888,16,16384,79.4723
122,3888,32,512,15.1082
122,3888,32,768,15.2744
122,3888,32,1152,17.0266
122,3888,32,1728,22.1416
122,3888,32,2592,29.8141
122,3888,32,3888,41.3229
122,3888,32,5832,58.5860
122,3888,32,8748,84.4807
122,3888,32,13122,123.3228
122,3888,32,16384,152.2901
122,3888,64,512,16.0320
122,3888,64,768,20.5787
122,3888,64,1152,27.3987
122,3888,64,1728,37.6287
122,3888,64,2592,52.9737
122,3888,64,3888,75.9912
122,3888,64,5832,110.5175
122,3888,64,8748,162.3069
122,3888,64,13122,239.9911
122,3888,64,16384,297.9256
122,3888,128,512,25.4095
122,3888,128,768,34.5029
122,3888,128,1152,48.1429
122,3888,128,1728,68.6029
122,3888,128,2592,99.2929
122,3888,128,3888,145.3280
122,3888,128,5832,214.3805
122,3888,128,8748,317.9594
122,3888,128,13122,473.3276
122,3888,128,16384,589.1967
122,5832,0,0,19.5882
122,5832,1,512,19.5986
122,5832,1,768,19.6037
122,5832,1,1152,19.6115
122,5832,1,1728,19.6232
122,5832,1,2592,19.6408
122,5832,1,3888,19.6671
122,5832,1,5832,19.7065
122,5832,1,8748,19.7657
122,5832,1,13122,19.8544
122,5832,1,16384,19.9206
122,5832,2,512,19.6089
122,5832,2,768,19.6193
122,5832,2,1152,19.6349
122,5832,2,1728,19.6583
122,5832,2,2592,19.6934
122,5832,2,3888,19.7459
122,5832,2,5832,19.8248
122,5832,2,8748,19.9432
122,5832,2,13122,20.1207
122,5832,2,16384,20.2531
122,5832,4,512,19.6297
122,5832,4,768,19.6505
122,5832,4,1152,19.6817
122,5832,4,1728,19.7284
122,5832,4,2592,19.7985
122,5832,4,3888,19.9037
122,5832,4,5832,20.0615
122,5832,4,8748,20.2982
122,5832,4,13122,21.7775
122,5832,4,16384,25.3984
122,5832,8,512,19.6713
122,5832,8,768,19.7128
122,5832,8,1152,19.7752
122,5832,8,1728,19.8687
122,5832,8,2592,20.0089
122,5832,8,3888,20.2193
122,5832,8,5832,20.5349
122,5832,8,8748,26.6505
122,5832,8,13122,36.3610
122,5832,8,16384,43.6029
122,5832,16,512,19.7544
122,5832,16,768,19.8375
122,5832,16,1152,19.9622
122,5832,16,1728,20.1492
122,5832,16,2592,20.4297
122,5832,16,3888,24.5282
122,5832,16,5832,33.1597
122,5832,16,8748,46.1071
122,5832,16,13122,65.5281
122,5832,16,16384,80.0117
122,5832,32,512,19.9206
122,5832,32,768,20.0868
122,5832,32,1152,20.3362
122,5832,32,1728,22.6811
122,5832,32,2592,30.3536
122,5832,32,3888,41.8623
122,5832,32,5832,59.1255
122,5832,32,8748,85.0202
122,5832,32,13122,123.8623
122,5832,32,16384,152.8295
122,5832,64,512,20.2531
122,5832,64,768,21.1181
122,5832,64,1152,27.9382
122,5832,64,1728,38.1682
122,5832,64,2592,53.5132
122,5832,64,3888,76.5307
122,5832,64,5832,111.0570
122,5832,64,8748,162.8464
122,5832,64,13122,240.5305
122,5832,64,16384,298.4651
122,5832,128,512,25.9490
122,5832,128,768,35.0423
122,5832,128,1152,48.6823
122,5832,128,1728,69.1424
122,5832,128,2592,99.8324
122,5832,128,3888,145.8674
122,5832,128,5832,214.9200
122,5832,128,8748,318.4988
122,5832,128,13122,473.8671
122,5832,128,16384,589.7362
122,8748,0,0,26.8067
122,8748,1,512,26.8171
122,8748,1,768,26.8223
122,8748,1,1152,26.8301
122,8748,1,1728,26.8418
122,8748,1,2592,26.8593
122,8748,1,3888,26.8856
122,8748,1,5832,26.9251
122,8748,1,8748,26.9842
122,8748,1,13122,27.0730
122,8748,1,16384,27.1392
122,8748,2,512,26.8275
122,8748,2,768,26.8379
122,8748,2,1152,26.8535
122,8748,2,1728,26.8769
122,8748,2,2592,26.9119
122,8748,2,3888,26.9645
122,8748,2,5832,27.0434
122,8748,2,8748,27.1618
122,8748,2,13122,27.3393
122,8748,2,16384,27.4716
122,8748,4,512,26.8483
122,8748,4,768,26.8691
122,8748,4,1152,26.9002
122,8748,4,1728,26.9470
122,8748,4,2592,27.0171
122,8748,4,3888,27.1223
122,8748,4,5832,27.2801
122,8748,4,8748,27.5168
122,8748,4,13122,27.8718
122,8748,4,16384,28.1365
122,8748,8,512,26.8899
122,8748,8,768,26.9314
122,8748,8,1152,26.9937
122,8748,8,1728,27.0872
122,8748,8,2592,27.2275
122,8748,8,3888,27.4379
122,8748,8,5832,27.7534
122,8748,8,8748,28.2268
122,8748,8,13122,37.1703
122,8748,8,16384,44.4121
122,8748,16,512,26.9730
122,8748,16,768,27.0561
122,8748,16,1152,27.1807
122,8748,16,1728,27.3677
122,8748,16,2592,27.6482
122,8748,16,3888,28.0690
122,8748,16,5832,33.9689
122,8748,16,8748,46.9163
122,8748,16,13122,66.3373
122,8748,16,16384,80.8210
122,8748,32,512,27.1392
122,8748,32,768,27.3054
122,8748,32,1152,27.5547
122,8748,32,1728,27.9288
122,8748,32,2592,31.1628
122,8748,32,3888,42.6715
122,8748,32,5832,59.9347
122,8748,32,8748,85.8294
122,8748,32,13122,124.6715
122,8748,32,16384,153.6387
122,8748,64,512,27.4716
122,8748,64,768,27.8041
122,8748,64,1152,28.7474
122,8748,64,1728,38.9774
122,8748,64,2592,54.3224
122,8748,64,3888,77.3399
122,8748,64,5832,111.8662
122,8748,64,8748,163.6556
122,8748,64,13122,241.3398
122,8748,64,16384,299.2743
122,8748,128,512,28.1365
122,8748,128,768,35.8515
122,8748,128,1152,49.4916
122,8748,128,1728,69.9516
122,8748,128,2592,100.6416
122,8748,128,3888,146.6766
122,8748,128,5832,215.7292
122,8748,128,8748,319.3081
122,8748,128,13122,474.6763
122,8748,128,16384,590.5454
122,13122,0,0,37.6346
122,13122,1,512,37.6450
122,13122,1,768,37.6502
122,13122,1,1152,37.6580
122,13122,1,1728,37.6697
122,13122,1,2592,37.6872
122,13122,1,3888,37.7135
122,13122,1,5832,37.7529
122,13122,1,8748,37.8121
122,13122,1,13122,37.9009
122,13122,1,16384,37.9671
122,13122,2,512,37.6554
122,13122,2,768,37.6658
122,13122,2,1152,37.6814
122,13122,2,1728,37.7047
122,13122,2,2592,37.7398
122,13122,2,3888,37.7924
122,13122,2,5832,37.8713
122,13122,2,8748,37.9896
122,13122,2,13122,38.1671
122,13122,2,16384,38.2995
122,13122,4,512,37.6762
122,13122,4,768,37.6969
122,13122,4,1152,37.7281
122,13122,4,1728,37.7749
122,13122,4,2592,37.8450
122,13122,4,3888,37.9502
122,13122,4,5832,38.1080
122,13122,4,8748,38.3446
122,13122,4,13122,38.6996
122,13122,4,16384,38.9644
122,13122,8,512,37.7177
122,13122,8,768,37.7593
122,13122,8,1152,37.8216
122,13122,8,1728,37.9151
122,13122,8,2592,38.0554
122,13122,8,3888,38.2657
122,13122,8,5832,38.5813
122,13122,8,8748,39.0547
122,13122,8,13122,39.7647
122,13122,8,16384,45.6259
122,13122,16,512,37.8008
122,13122,16,768,37.8839
122,13122,16,1152,38.0086
122,13122,16,1728,38.1956
122,13122,16,2592,38.4761
122,13122,16,3888,38.8969
122,13122,16,5832,39.5280
122,13122,16,8748,48.1301
122,13122,16,13122,67.5511
122,13122,16,16384,82.0348
122,13122,32,512,37.9671
122,13122,32,768,38.1333
122,13122,32,1152,38.3826
122,13122,32,1728,38.7566
122,13122,32,2592,39.3176
122,13122,32,3888,43.8854
122,13122,32,5832,61.1485
122,13122,32,8748,87.0432
122,13122,32,13122,125.8853
122,13122,32,16384,154.8525
122,13122,64,512,38.2995
122,13122,64,768,38.6320
122,13122,64,1152,39.1306
122,13122,64,1728,40.1912
122,13122,64,2592,55.5362
122,13122,64,3888,78.5537
122,13122,64,5832,113.0800
122,13122,64,8748,164.8694
122,13122,64,13122,242.5536
122,13122,64,16384,300.4881
122,13122,128,512,38.9644
122,13122,128,768,39.6293
122,13122,128,1152,50.7054
122,13122,128,1728,71.1654
122,13122,128,2592,101.8554
122,13122,128,3888,147.8905
122,13122,128,5832,216.9430
122,13122,128,8748,320.5219
122,13122,128,13122,475.8901
122,13122,128,16384,591.7592
122,16384,0,0,45.7097
122,16384,1,512,45.7201
122,16384,1,768,45.7253
122,16384,1,1152,45.7331
122,16384,1,1728,45.7448
122,16384,1,2592,45.7623
122,16384,1,3888,45.7886
122,16384,1,5832,45.8280
122,16384,1,8748,45.8872
122,16384,1,13122,45.9760
122,16384,1,16384,46.0422
122,16384,2,512,45.7305
122,16384,2,768,45.7409
122,16384,2,1152,45.7565
122,16384,2,1728,45.7798
122,16384,2,2592,45.8149
122,16384,2,3888,45.8675
122,16384,2,5832,45.9464
122,16384,2,8748,46.0647
122,16384,2,13122,46.2422
122,16384,2,16384,46.3746
122,16384,4,512,45.7513
122,16384,4,768,45.7720
122,16384,4,1152,45.8032
122,16384,4,1728,45.8500
122,16384,4,2592,45.9201
122,16384,4,3888,46.0253
122,16384,4,5832,46.1831
122,16384,4,8748,46.4197
122,16384,4,13122,46.7747
122,16384,4,16384,47.0395
122,16384,8,512,45.7928
122,16384,8,768,45.8344
122,16384,8,1152,45.8967
122,16384,8,1728,45.9902
122,16384,8,2592,46.1305
122,16384,8,3888,46.3408
122,16384,8,5832,46.6564
122,16384,8,8748,47.1298
122,16384,8,13122,47.8398
122,16384,8,16384,48.3693
122,16384,16,512,45.8759
122,16384,16,768,45.9590
122,16384,16,1152,46.0837
122,16384,16,1728,46.2707
122,16384,16,2592,46.5512
122,16384,16,3888,46.9720
122,16384,16,5832,47.6031
122,16384,16,8748,49.0353
122,16384,16,13122,68.4564
122,16384,16,16384,82.9400
122,16384,32,512,46.0422
122,16384,32,768,46.2084
122,16384,32,1152,46.4577
122,16384,32,1728,46.8317
122,16384,32,2592,47.3927
122,16384,32,3888,48.2342
122,16384,32,5832,62.0537
122,16384,32,8748,87.9484
122,16384,32,13122,126.7905
122,16384,32,16384,155.7578
122,16384,64,512,46.3746
122,16384,64,768,46.7071
122,16384,64,1152,47.2057
122,16384,64,1728,47.9537
122,16384,64,2592,56.4414
122,16384,64,3888,79.4590
122,16384,64,5832,113.9852
122,16384,64,8748,165.7747
122,16384,64,13122,243.4588
122,16384,64,16384,301.3933
122,16384,128,512,47.0395
122,16384,128,768,47.7044
122,16384,128,1152,51.6106
122,16384,128,1728,72.0706
122,16384,128,2592,102.7606
122,16384,128,3888,148.7957
122,16384,128,5832,217.8483
122,16384,128,8748,321.4271
122,16384,128,13122,476.7954
122,16384,128,16384,592.6644
128,0,0,0,5.6039
128,0,1,16,5.6127
128,0,1,32,5.6172
128,0,1,64,5.6261
128,0,1,128,5.6438
128,0,1,256,5.6793
128,0,1,512,5.7504
128,0,1,1024,5.8925
128,0,1,2048,6.1766
128,0,1,4096,6.7450
128,0,1,8192,7.8816
128,0,1,16384,10.1550
128,0,2,16,5.6216
128,0,2,32,5.6305
128,0,2,64,5.6483
128,0,2,128,5.6838
128,0,2,256,5.7548
128,0,2,512,5.8969
128,0,2,1024,6.1811
128,0,2,2048,6.7494
128,0,2,4096,7.8861
128,0,2,8192,10.1594
128,0,2,16384,14.7061
128,0,4,16,5.6394
128,0,4,32,5.6571
128,0,4,64,5.6927
128,0,4,128,5.7637
128,0,4,256,5.9058
128,0,4,512,6.1899
128,0,4,1024,6.7583
128,0,4,2048,7.8950
128,0,4,4096,10.1683
128,0,4,8192,14.7150
128,0,4,16384,23.8083
128,0,8,16,5.6749
128,0,8,32,5.7104
128,0,8,64,5.7815
128,0,8,128,5.9235
128,0,8,256,6.2077
128,0,8,512,6.7760
128,0,8,1024,7.9127
128,0,8,2048,10.1860
128,0,8,4096,14.7327
128,0,8,8192,23.8261
128,0,8,16384,42.0127
128,0,16,16,5.7459
128,0,16,32,5.8170
128,0,16,64,5.9591
128,0,16,128,6.2432
128,0,16,256,6.8116
128,0,16,512,7.9482
128,0,16,1024,10.2216
128,0,16,2048,14.7682
128,0,16,4096,23.8616
128,0,16,8192,42.0483
128,0,16,16384,78.4216
128,0,32,16,5.8880
128,0,32,32,6.0301
128,0,32,64,6.3143
128,0,32,128,6.8826
128,0,32,256,8.0193
128,0,32,512,10.2926
128,0,32,1024,14.8393
128,0,32,2048,23.9326
128,0,32,4096,42.1193
128,0,32,8192,78.4927
128,0,32,16384,151.2394
128,0,64,16,6.1722
128,0,64,32,6.4564
128,0,64,64,7.0247
128,0,64,128,8.1614
128,0,64,256,10.4347
128,0,64,512,14.9814
128,0,64,1024,24.0747
128,0,64,2048,42.2614
128,0,64,4096,78.6348
128,0,64,8192,151.3815
128,0,64,16384,296.8750
128,0,128,16,6.7405
128,0,128,32,7.3089
128,0,128,64,8.4455
128,0,128,128,10.7189
128,0,128,256,15.2655
128,0,128,512,24.3589
128,0,128,1024,42.5456
128,0,128,2048,78.9189
128,0,128,4096,151.6657
128,0,128,8192,297.1591
128,0,128,16384,588.1461
128,16,0,0,5.6083
128,16,1,16,5.6172
128,16,1,32,5.6216
128,16,1,64,5.6305
128,16,1,128,5.6483
128,16,1,256,5.6838
128,16,1,512,5.7548
128,16,1,1024,5.8969
128,16,1,2048,6.1811
128,16,1,4096,6.7494
128,16,1,8192,7.8861
128,16,1,16384,10.1594
128,16,2,16,5.6261
128,16,2,32,5.6349
128,16,2,64,5.6527
128,16,2,128,5.6882
128,16,2,256,5.7593
128,16,2,512,5.9013
128,16,2,1024,6.1855
128,16,2,2048,6.7538
128,16,2,4096,7.8905
128,16,2,8192,10.1638
128,16,2,16384,14.7105
128,16,4,16,5.6438
128,16,4,32,5.6616
128,16,4,64,5.6971
128,16,4,128,5.7681
128,16,4,256,5.9102
128,16,4,512,6.1944
128,16,4,1024,6.7627
128,16,4,2048,7.8994
128,16,4,4096,10.1727
128,16,4,8192,14.7194
128,16,4,16384,23.8127
128,16,8,16,5.6793
128,16,8,32,5.7149
128,16,8,64,5.7859
128,16,8,128,5.9280
128,16,8,256,6.2121
128,16,8,512,6.7805
128,16,8,1024,7.9172
128,16,8,2048,10.1905
128,16,8,4096,14.7372
128,16,8,8192,23.8305
128,16,8,16384,42.0172
128,16,16,16,5.7504
128,16,16,32,5.8214
128,16,16,64,5.9635
128,16,16,128,6.2477
128,16,16,256,6.8160
128,16,16,512,7.9527
128,16,16,1024,10.2260
128,16,16,2048,14.7727
128,16,16,4096,23.8660
128,16,16,8192,42.0527
128,16,16,16384,78.4261
128,16,32,16,5.8925
128,16,32,32,6.0345
128,16,32,64,6.3187
128,16,32,128,6.8870
128,16,32,256,8.0237
128,16,32,512,10.2970
128,16,32,1024,14.8437
128,16,32,2048,23.9371
128,16,32,4096,42.1237
128,16,32,8192,78.4971
128,16,32,16384,151.2439
128,16,64,16,6.1766
128,16,64,32,6.4608
128,16,64,64,7.0291
128,16,64,128,8.1658
128,16,64,256,10.4391
128,16,64,512,14.9858
128,16,64,1024,24.0791
128,16,64,2048,42.2658
128,16,64,4096,78.6392
128,16,64,8192,151.3859
128,16,64,16384,296.8794
128,16,128,16,6.7450
128,16,128,32,7.3133
128,16,128,64,8.4500
128,16,128,128,10.7233
128,16,128,256,15.2700
128,16,128,512,24.3633
128,16,128,1024,42.5500
128,16,128,2048,78.9234
128,16,128,4096,151.6701
128,16,128,8192,297.1636
128,16,128,16384,588.1505
128,32,0,0,5.6127
128,32,1,16,5.6216
128,32,1,32,5.6261
128,32,1,64,5.6349
128,32,1,128,5.6527
128,32,1,256,5.6882
128,32,1,512,5.7593
128,32,1,1024,5.9013
128,32,1,2048,6.1855
128,32,1,4096,6.7538
128,32,1,8192,7.8905
128,32,1,16384,10.1638
128,32,2,16,5.6305
128,32,2,32,5.6394
128,32,2,64,5.6571
128,32,2,128,5.6927
128,32,2,256,5.7637
128,32,2,512,5.9058
128,32,2,1024,6.1899
128,32,2,2048,6.7583
128,32,2,4096,7.8950
128,32,2,8192,10.1683
128,32,2,16384,14.7150
128,32,4,16,5.6483
128,32,4,32,5.6660
128,32,4,64,5.7015
128,32,4,128,5.7726
128,32,4,256,5.9147
128,32,4,512,6.1988
128,32,4,1024,6.7672
128,32,4,2048,7.9038
128,32,4,4096,10.1772
128,32,4,8192,14.7238
128,32,4,16384,23.8172
128,32,8,16,5.6838
128,32,8,32,5.7193
128,32,8,64,5.7903
128,32,8,128,5.9324
128,32,8,256,6.2166
128,32,8,512,6.7849
128,32,8,1024,7.9216
128,32,8,2048,10.1949
128,32,8,4096,14.7416
128,32,8,8192,23.8349
128,32,8,16384,42.0216
128,32,16,16,5.7548
128,32,16,32,5.8259
128,32,16,64,5.9679
128,32,16,128,6.2521
128,32,16,256,6.8204
128,32,16,512,7.9571
128,32,16,1024,10.2304
128,32,16,2048,14.7771
128,32,16,4096,23.8705
128,32,16,8192,42.0571
128,32,16,16384,78.4305
128,32,32,16,5.8969
128,32,32,32,6.0390
128,32,32,64,6.3232
128,32,32,128,6.8915
128,32,32,256,8.0282
128,32,32,512,10.3015
128,32,32,1024,14.8482
128,32,32,2048,23.9415
128,32,32,4096,42.1282
128,32,32,8192,78.5016
128,32,32,16384,151.2483
128,32,64,16,6.1811
128,32,64,32,6.4652
128,32,64,64,7.0336
128,32,64,128,8.1702
128,32,64,256,10.4436
128,32,64,512,14.9902
128,32,64,1024,24.0836
128,32,64,2048,42.2703
128,32,64,4096,78.6436
128,32,64,8192,151.3904
128,32,64,16384,296.8838
128,32,128,16,6.7494
128,32,128,32,7.3177
128,32,128,64,8.4544
128,32,128,128,10.7277
128,32,128,256,15.2744
128,32,128,512,24.3678
128,32,128,1024,42.5544
128,32,128,2048,78.9278
128,32,128,4096,151.6745
128,32,128,8192,297.1680
128,32,128,16384,588.1550
128,64,0,0,5.6216
128,64,1,16,5.6305
128,64,1,32,5.6349
128,64,1,64,5.6438
128,64,1,128,5.6616
128,64,1,256,5.6971
128,64,1,512,5.7681
128,64,1,1024,5.9102
128,64,1,2048,6.1944
128,64,1,4096,6.7627
128,64,1,8192,7.8994
128,64,1,16384,10.1727
128,64,2,16,5.6394
128,64,2,32,5.6483
128,64,2,64,5.6660
128,64,2,128,5.7015
128,64,2,256,5.7726
128,64,2,512,5.9147
128,64,2,1024,6.1988
128,64,2,2048,6.7672
128,64,2,4096,7.9038
128,64,2,8192,10.1772
128,64,2,16384,14.7238
128,64,4,16,5.6571
128,64,4,32,5.6749
128,64,4,64,5.7104
128,64,4,128,5.7815
128,64,4,256,5.9235
128,64,4,512,6.2077
128,64,4,1024,6.7760
128,64,4,2048,7.9127
128,64,4,4096,10.1860
128,64,4,8192,14.7327
128,64,4,16384,23.8261
128,64,8,16,5.6927
128,64,8,32,5.7282
128,64,8,64,5.7992
128,64,8,128,5.9413
128,64,8,256,6.2255
128,64,8,512,6.7938
128,64,8,1024,7.9305
128,64,8,2048,10.2038
128,64,8,4096,14.7505
128,64,8,8192,23.8438
128,64,8,16384,42.0305
128,64,16,16,5.7637
128,64,16,32,5.8347
128,64,16,64,5.9768
128,64,16,128,6.2610
128,64,16,256,6.8293
128,64,16,512,7.9660
128,64,16,1024,10.2393
128,64,16,2048,14.7860
128,64,16,4096,23.8793
128,64,16,8192,42.0660
128,64,16,16384,78.4394
128,64,32,16,5.9058
128,64,32,32,6.0479
128,64,32,64,6.3320
128,64,32,128,6.9004
128,64,32,256,8.0370
128,64,32,512,10.3104
128,64,32,1024,14.8570
128,64,32,2048,23.9504
128,64,32,4096,42.1371
128,64,32,8192,78.5104
128,64,32,16384,151.2572
128,64,64,16,6.1899
128,64,64,32,6.4741
128,64,64,64,7.0424
128,64,64,128,8.1791
128,64,64,256,10.4525
128,64,64,512,14.9991
128,64,64,1024,24.0925
128,64,64,2048,42.2792
128,64,64,4096,78.6525
128,64,64,8192,151.3993
128,64,64,16384,296.8927
128,64,128,16,6.7583
128,64,128,32,7.3266
128,64,128,64,8.4633
128,64,128,128,10.7366
128,64,128,256,15.2833
128,64,128,512,24.3766
128,64,128,1024,42.5633
128,64,128,2048,78.9367
128,64,128,4096,151.6834
128,64,128,8192,297.1769
128,64,128,16384,588.1638
128,128,0,0,5.6394
128,128,1,16,5.6483
128,128,1,32,5.6527
128,128,1,64,5.6616
128,128,1,128,5.6793
128,128,1,256,5.7149
128,128,1,512,5.7859
128,128,1,1024,5.9280
128,128,1,2048,6.2121
128,128,1,4096,6.7805
128,128,1,8192,7.9172
128,128,1,16384,10.1905
128,128,2,16,5.6571
128,128,2,32,5.6660
128,128,2,64,5.6838
128,128,2,128,5.7193
128,128,2,256,5.7903
128,128,2,512,5.9324
128,128,2,1024,6.2166
128,128,2,2048,6.7849
128,128,2,4096,7.9216
128,128,2,8192,10.1949
128,128,2,16384,14.7416
128,128,4,16,5.6749
128,128,4,32,5.6927
128,128,4,64,5.7282
128,128,4,128,5.7992
128,128,4,256,5.9413
128,128,4,512,6.2255
128,128,4,1024,6.7938
128,128,4,2048,7.9305
128,128,4,4096,10.2038
128,128,4,8192,14.7505
128,128,4,16384,23.8438
128,128,8,16,5.7104
128,128,8,32,5.7459
128,128,8,64,5.8170
128,128,8,128,5.9591
128,128,8,256,6.2432
128,128,8,512,6.8116
128,128,8,1024,7.9482
128,128,8,2048,10.2216
128,128,8,4096,14.7682
128,128,8,8192,23.8616
128,128,8,16384,42.0483
128,128,16,16,5.7815
128,128,16,32,5.8525
128,128,16,64,5.9946
128,128,16,128,6.2788
128,128,16,256,6.8471
128,128,16,512,7.9838
128,128,16,1024,10.2571
128,128,16,2048,14.8038
128,128,16,4096,23.8971
128,128,16,8192,42.0838
128,128,16,16384,78.4572
128,128,32,16,5.9235
128,128,32,32,6.0656
128,128,32,64,6.3498
128,128,32,128,6.9181
128,128,32,256,8.0548
128,128,32,512,10.3281
128,128,32,1024,14.8748
128,128,32,2048,23.9681
128,128,32,4096,42.1548
128,128,32,8192,78.5282
128,128,32,16384,151.2749
128,128,64,16,6.2077
128,128,64,32,6.4919
128,128,64,64,7.0602
128,128,64,128,8.1969
128,128,64,256,10.4702
128,128,64,512,15.0169
128,128,64,1024,24.1102
128,128,64,2048,42.2969
128,128,64,4096,78.6703
128,128,64,8192,151.4170
128,128,64,16384,296.9105
128,128,128,16,6.7760
128,128,128,32,7.3444
128,128,128,64,8.4810
128,128,128,128,10.7544
128,128,128,256,15.3011
128,128,128,512,24.3944
128,128,128,1024,42.5811
128,128,128,2048,78.9544
128,128,128,4096,151.7012
128,128,128,8192,297.1947
128,128,128,16384,588.1816
128,256,0,0,5.8311
128,256,1,16,5.8314
128,256,1,32,5.8318
128,256,1,64,5.8324
128,256,1,128,5.8337
128,256,1,256,5.8363
128,256,1,512,5.8415
128,256,1,1024,5.9635
128,256,1,2048,6.2477
128,256,1,4096,6.8160
128,256,1,8192,7.9527
128,256,1,16384,10.2260
128,256,2,16,5.8318
128,256,2,32,5.8324
128,256,2,64,5.8337
128,256,2,128,5.8363
128,256,2,256,5.8415
128,256,2,512,5.9679
128,256,2,1024,6.2521
128,256,2,2048,6.8204
128,256,2,4096,7.9571
128,256,2,8192,10.2304
128,256,2,16384,14.7771
128,256,4,16,5.8324
128,256,4,32,5.8337
128,256,4,64,5.8363
128,256,4,128,5.8415
128,256,4,256,5.9768
128,256,4,512,6.2610
128,256,4,1024,6.8293
128,256,4,2048,7.9660
128,256,4,4096,10.2393
128,256,4,8192,14.7860
128,256,4,16384,23.8793
128,256,8,16,5.8337
128,256,8,32,5.8363
128,256,8,64,5.8525
128,256,8,128,5.9946
128,256,8,256,6.2788
128,256,8,512,6.8471
128,256,8,1024,7.9838
128,256,8,2048,10.2571
128,256,8,4096,14.8038
128,256,8,8192,23.8971
128,256,8,16384,42.0838
128,256,16,16,5.8363
128,256,16,32,5.8880
128,256,16,64,6.0301
128,256,16,128,6.3143
128,256,16,256,6.8826
128,256,16,512,8.0193
128,256,16,1024,10.2926
128,256,16,2048,14.8393
128,256,16,4096,23.9326
128,256,16,8192,42.1193
128,256,16,16384,78.4927
128,256,32,16,5.9591
128,256,32,32,6.1011
128,256,32,64,6.3853
128,256,32,128,6.9536
128,256,32,256,8.0903
128,256,32,512,10.3637
128,256,32,1024,14.9103
128,256,32,2048,24.0037
128,256,32,4096,42.1903
128,256,32,8192,78.5637
128,256,32,16384,151.3105
128,256,64,16,6.2432
128,256,64,32,6.5274
128,256,64,64,7.0957
128,256,64,128,8.2324
128,256,64,256,10.5057
128,256,64,512,15.0524
128,256,64,1024,24.1457
128,256,64,2048,42.3324
128,256,64,4096,78.7058
128,256,64,8192,151.4525
128,256,64,16384,296.9460
128,256,128,16,6.8116
128,256,128,32,7.3799
128,256,128,64,8.5166
128,256,128,128,10.7899
128,256,128,256,15.3366
128,256,128,512,24.4299
128,256,128,1024,42.6166
128,256,128,2048,78.9900
128,256,128,4096,151.7367
128,256,128,8192,297.2302
128,256,128,16384,588.2171
128,512,0,0,6.4960
128,512,1,16,6.4963
128,512,1,32,6.4967
128,512,1,64,6.4973
128,512,1,128,6.4986
128,512,1,256,6.5012
128,512,1,512,6.5064
128,512,1,1024,6.5168
128,512,1,2048,6.5376
128,512,1,4096,6.8870
128,512,1,8192,8.0237
128,512,1,16384,10.2970
128,512,2,16,6.4967
128,512,2,32,6.4973
128,512,2,64,6.4986
128,512,2,128,6.5012
128,512,2,256,6.5064
128,512,2,512,6.5168
128,512,2,1024,6.5376
128,512,2,2048,6.8915
128,512,2,4096,8.0282
128,512,2,8192,10.3015
128,512,2,16384,14.8482
128,512,4,16,6.4973
128,512,4,32,6.4986
128,512,4,64,6.5012
128,512,4,128,6.5064
128,512,4,256,6.5168
128,512,4,512,6.5376
128,512,4,1024,6.9004
128,512,4,2048,8.0370
128,512,4,4096,10.3104
128,512,4,8192,14.8570
128,512,4,16384,23.9504
128,512,8,16,6.4986
128,512,8,32,6.5012
128,512,8,64,6.5064
128,512,8,128,6.5168
128,512,8,256,6.5376
128,512,8,512,6.9181
128,512,8,1024,8.0548
128,512,8,2048,10.3281
128,512,8,4096,14.8748
128,512,8,8192,23.9681
128,512,8,16384,42.1548
128,512,16,16,6.5012
128,512,16,32,6.5064
128,512,16,64,6.5168
128,512,16,128,6.5376
128,512,16,256,6.9536
128,512,16,512,8.0903
128,512,16,1024,10.3637
128,512,16,2048,14.9103
128,512,16,4096,24.0037
128,512,16,8192,42.1903
128,512,16,16384,78.5637
128,512,32,16,6.5064
128,512,32,32,6.5168
128,512,32,64,6.5376
128,512,32,128,7.0247
128,512,32,256,8.1614
128,512,32,512,10.4347
128,512,32,1024,14.9814
128,512,32,2048,24.0747
128,512,32,4096,42.2614
128,512,32,8192,78.6348
128,512,32,16384,151.3815
128,512,64,16,6.5168
128,512,64,32,6.5984
128,512,64,64,7.1668
128,512,64,128,8.3034
128,512,64,256,10.5768
128,512,64,512,15.1234
128,512,64,1024,24.2168
128,512,64,2048,42.4035
128,512,64,4096,78.7768
128,512,64,8192,151.5236
128,512,64,16384,297.0170
128,512,128,16,6.8826
128,512,128,32,7.4509
128,512,128,64,8.5876
128,512,128,128,10.8609
128,512,128,256,15.4076
128,512,128,512,24.5010
128,512,128,1024,42.6876
128,512,128,2048,79.0610
128,512,128,4096,151.8077
128,512,128,8192,297.3012
128,512,128,16384,588.2882
128,1024,0,0,7.8258
128,1024,1,16,7.8261
128,1024,1,32,7.8265
128,1024,1,64,7.8271
128,1024,1,128,7.8284
128,1024,1,256,7.8310
128,1024,1,512,7.8362
128,1024,1,1024,7.8466
128,1024,1,2048,7.8674
128,1024,1,4096,7.9089
128,1024,1,8192,8.1658
128,1024,1,16384,10.4391
128,1024,2,16,7.8265
128,1024,2,32,7.8271
128,1024,2,64,7.8284
128,1024,2,128,7.8310
128,1024,2,256,7.8362
128,1024,2,512,7.8466
128,1024,2,1024,7.8674
128,1024,2,2048,7.9089
128,1024,2,4096,8.1702
128,1024,2,8192,10.4436
128,1024,2,16384,14.9902
128,1024,4,16,7.8271
128,1024,4,32,7.8284
128,1024,4,64,7.8310
128,1024,4,128,7.8362
128,1024,4,256,7.8466
128,1024,4,512,7.8674
128,1024,4,1024,7.9089
128,1024,4,2048,8.1791
128,1024,4,4096,10.4525
128,1024,4,8192,14.9991
128,1024,4,16384,24.0925
128,1024,8,16,7.8284
128,1024,8,32,7.8310
128,1024,8,64,7.8362
128,1024,8,128,7.8466
128,1024,8,256,7.8674
128,1024,8,512,7.9089
128,1024,8,1024,8.1969
128,1024,8,2048,10.4702
128,1024,8,4096,15.0169
128,1024,8,8192,24.1102
128,1024,8,16384,42.2969
128,1024,16,16,7.8310
128,1024,16,32,7.8362
128,1024,16,64,7.8466
128,1024,16,128,7.8674
128,1024,16,256,7.9089
128,1024,16,512,8.2324
128,1024,16,1024,10.5057
128,1024,16,2048,15.0524
128,1024,16,4096,24.1457
128,1024,16,8192,42.3324
128,1024,16,16384,78.7058
128,1024,32,16,7.8362
128,1024,32,32,7.8466
128,1024,32,64,7.8674
128,1024,32,128,7.9089
128,1024,32,256,8.3034
128,1024,32,512,10.5768
128,1024,32,1024,15.1234
128,1024,32,2048,24.2168
128,1024,32,4096,42.4035
128,1024,32,8192,78.7768
128,1024,32,16384,151.5236
128,1024,64,16,7.8466
128,1024,64,32,7.8674
128,1024,64,64,7.9089
128,1024,64,128,8.4455
128,1024,64,256,10.7189
128,1024,64,512,15.2655
128,1024,64,1024,24.3589
128,1024,64,2048,42.5456
128,1024,64,4096,78.9189
128,1024,64,8192,151.6657
128,1024,64,16384,297.1591
128,1024,128,16,7.8674
128,1024,128,32,7.9089
128,1024,128,64,8.7297
128,1024,128,128,11.0030
128,1024,128,256,15.5497
128,1024,128,512,24.6430
128,1024,128,1024,42.8297
128,1024,128,2048,79.2031
128,1024,128,4096,151.9498
128,1024,128,8192,297.4433
128,1024,128,16384,588.4302
128,2048,0,0,10.4854
128,2048,1,16,10.4857
128,2048,1,32,10.4860
128,2048,1,64,10.4867
128,2048,1,128,10.4880
128,2048,1,256,10.4906
128,2048,1,512,10.4958
128,2048,1,1024,10.5062
128,2048,1,2048,10.5270
128,2048,1,4096,10.5685
128,2048,1,8192,10.6516
128,2048,1,16384,10.8178
128,2048,2,16,10.4860
128,2048,2,32,10.4867
128,2048,2,64,10.4880
128,2048,2,128,10.4906
128,2048,2,256,10.4958
128,2048,2,512,10.5062
128,2048,2,1024,10.5270
128,2048,2,2048,10.5685
128,2048,2,4096,10.6516
128,2048,2,8192,10.8178
128,2048,2,16384,15.2744
128,2048,4,16,10.4867
128,2048,4,32,10.4880
128,2048,4,64,10.4906
128,2048,4,128,10.4958
128,2048,4,256,10.5062
128,2048,4,512,10.5270
128,2048,4,1024,10.5685
128,2048,4,2048,10.6516
128,2048,4,4096,10.8178
128,2048,4,8192,15.2833
128,2048,4,16384,24.3766
128,2048,8,16,10.4880
128,2048,8,32,10.4906
128,2048,8,64,10.4958
128,2048,8,128,10.5062
128,2048,8,256,10.5270
128,2048,8,512,10.5685
128,2048,8,1024,10.6516
128,2048,8,2048,10.8178
128,2048,8,4096,15.3011
128,2048,8,8192,24.3944
128,2048,8,16384,42.5811
128,2048,16,16,10.4906
128,2048,16,32,10.4958
128,2048,16,64,10.5062
128,2048,16,128,10.5270
128,2048,16,256,10.5685
128,2048,16,512,10.6516
128,2048,16,1024,10.8178
128,2048,16,2048,15.3366
128,2048,16,4096,24.4299
128,2048,16,8192,42.6166
128,2048,16,16384,78.9900
128,2048,32,16,10.4958
128,2048,32,32,10.5062
128,2048,32,64,10.5270
128,2048,32,128,10.5685
128,2048,32,256,10.6516
128,2048,32,512,10.8609
128,2048,32,1024,15.4076
128,2048,32,2048,24.5010
128,2048,32,4096,42.6876
128,2048,32,8192,79.0610
128,2048,32,16384,151.8077
128,2048,64,16,10.5062
128,2048,64,32,10.5270
128,2048,64,64,10.5685
128,2048,64,128,10.6516
128,2048,64,256,11.0030
128,2048,64,512,15.5497
128,2048,64,1024,24.6430
128,2048,64,2048,42.8297
128,2048,64,4096,79.2031
128,2048,64,8192,151.9498
128,2048,64,16384,297.4433
128,2048,128,16,10.5270
128,2048,128,32,10.5685
128,2048,128,64,10.6516
128,2048,128,128,11.2872
128,2048,128,256,15.8339
128,2048,128,512,24.9272
128,2048,128,1024,43.1139
128,2048,128,2048,79.4873
128,2048,128,4096,152.2340
128,2048,128,8192,297.7275
128,2048,128,16384,588.7144
128,4096,0,0,15.8046
128,4096,1,16,15.8049
128,4096,1,32,15.8052
128,4096,1,64,15.8059
128,4096,1,128,15.8072
128,4096,1,256,15.8098
128,4096,1,512,15.8150
128,4096,1,1024,15.8254
128,4096,1,2048,15.8461
128,4096,1,4096,15.8877
128,4096,1,8192,15.9708
128,4096,1,16384,16.1370
128,4096,2,16,15.8052
128,4096,2,32,15.8059
128,4096,2,64,15.8072
128,4096,2,128,15.8098
128,4096,2,256,15.8150
128,4096,2,512,15.8254
128,4096,2,1024,15.8461
128,4096,2,2048,15.8877
128,4096,2,4096,15.9708
128,4096,2,8192,16.1370
128,4096,2,16384,16.4695
128,4096,4,16,15.8059
128,4096,4,32,15.8072
128,4096,4,64,15.8098
128,4096,4,128,15.8150
128,4096,4,256,15.8254
128,4096,4,512,15.8461
128,4096,4,1024,15.8877
128,4096,4,2048,15.9708
128,4096,4,4096,16.1370
128,4096,4,8192,16.4695
128,4096,4,16384,24.9450
128,4096,8,16,15.8072
128,4096,8,32,15.8098
128,4096,8,64,15.8150
128,4096,8,128,15.8254
128,4096,8,256,15.8461
128,4096,8,512,15.8877
128,4096,8,1024,15.9708
128,4096,8,2048,16.1370
128,4096,8,4096,16.4695
128,4096,8,8192,24.9627
128,4096,8,16384,43.1494
128,4096,16,16,15.8098
128,4096,16,32,15.8150
128,4096,16,64,15.8254
128,4096,16,128,15.8461
128,4096,16,256,15.8877
128,4096,16,512,15.9708
128,4096,16,1024,16.1370
128,4096,16,2048,16.4695
128,4096,16,4096,24.9982
128,4096,16,8192,43.1849
128,4096,16,16384,79.5583
128,4096,32,16,15.8150
128,4096,32,32,15.8254
128,4096,32,64,15.8461
128,4096,32,128,15.8877
128,4096,32,256,15.9708
128,4096,32,512,16.1370
128,4096,32,1024,16.4695
128,4096,32,2048,25.0693
128,4096,32,4096,43.2560
128,4096,32,8192,79.6293
128,4096,32,16384,152.3761
128,4096,64,16,15.8254
128,4096,64,32,15.8461
128,4096,64,64,15.8877
128,4096,64,128,15.9708
128,4096,64,256,16.1370
128,4096,64,512,16.4695
128,4096,64,1024,25.2114
128,4096,64,2048,43.3981
128,4096,64,4096,79.7714
128,4096,64,8192,152.5182
128,4096,64,16384,298.0116
128,4096,128,16,15.8461
128,4096,128,32,15.8877
128,4096,128,64,15.9708
128,4096,128,128,16.1370
128,4096,128,256,16.4695
128,4096,128,512,25.4955
128,4096,128,1024,43.6822
128,4096,128,2048,80.0556
128,4096,128,4096,152.8023
128,4096,128,8192,298.2958
128,4096,128,16384,589.2827
128,8192,0,0,26.4429
128,8192,1,16,26.4432
128,8192,1,32,26.4436
128,8192,1,64,26.4442
128,8192,1,128,26.4455
128,8192,1,256,26.4481
128,8192,1,512,26.4533
128,8192,1,1024,26.4637
128,8192,1,2048,26.4845
128,8192,1,4096,26.5260
128,8192,1,8192,26.6091
128,8192,1,16384,26.7754
128,8192,2,16,26.4436
128,8192,2,32,26.4442
128,8192,2,64,26.4455
128,8192,2,128,26.4481
128,8192,2,256,26.4533
128,8192,2,512,26.4637
128,8192,2,1024,26.4845
128,8192,2,2048,26.5260
128,8192,2,4096,26.6091
128,8192,2,8192,26.7754
128,8192,2,16384,27.1078
128,8192,4,16,26.4442
128,8192,4,32,26.4455
128,8192,4,64,26.4481
128,8192,4,128,26.4533
128,8192,4,256,26.4637
128,8192,4,512,26.4845
128,8192,4,1024,26.5260
128,8192,4,2048,26.6091
128,8192,4,4096,26.7754
128,8192,4,8192,27.1078
128,8192,4,16384,27.7727
128,8192,8,16,26.4455
128,8192,8,32,26.4481
128,8192,8,64,26.4533
128,8192,8,128,26.4637
128,8192,8,256,26.4845
128,8192,8,512,26.5260
128,8192,8,1024,26.6091
128,8192,8,2048,26.7754
128,8192,8,4096,27.1078
128,8192,8,8192,27.7727
128,8192,8,16384,44.2861
128,8192,16,16,26.4481
128,8192,16,32,26.4533
128,8192,16,64,26.4637
128,8192,16,128,26.4845
128,8192,16,256,26.5260
128,8192,16,512,26.6091
128,8192,16,1024,26.7754
128,8192,16,2048,27.1078
128,8192,16,4096,27.7727
128,8192,16,8192,44.3216
128,8192,16,16384,80.6950
128,8192,32,16,26.4533
128,8192,32,32,26.4637
128,8192,32,64,26.4845
128,8192,32,128,26.5260
128,8192,32,256,26.6091
128,8192,32,512,26.7754
128,8192,32,1024,27.1078
128,8192,32,2048,27.7727
128,8192,32,4096,44.3926
128,8192,32,8192,80.7660
128,8192,32,16384,153.5127
128,8192,64,16,26.4637
128,8192,64,32,26.4845
128,8192,64,64,26.5260
128,8192,64,128,26.6091
128,8192,64,256,26.7754
128,8192,64,512,27.1078
128,8192,64,1024,27.7727
128,8192,64,2048,44.5347
128,8192,64,4096,80.9081
128,8192,64,8192,153.6548
128,8192,64,16384,299.1483
128,8192,128,16,26.4845
128,8192,128,32,26.5260
128,8192,128,64,26.6091
128,8192,128,128,26.7754
128,8192,128,256,27.1078
128,8192,128,512,27.7727
128,8192,128,1024,44.8189
128,8192,128,2048,81.1923
128,8192,128,4096,153.9390
128,8192,128,8192,299.4325
128,8192,128,16384,590.4194
128,16384,0,0,47.7196
128,16384,1,16,47.7199
128,16384,1,32,47.7203
128,16384,1,64,47.7209
128,16384,1,128,47.7222
128,16384,1,256,47.7248
128,16384,1,512,47.7300
128,16384,1,1024,47.7404
128,16384,1,2048,47.7612
128,16384,1,4096,47.8027
128,16384,1,8192,47.8858
128,16384,1,16384,48.0521
128,16384,2,16,47.7203
128,16384,2,32,47.7209
128,16384,2,64,47.7222
128,16384,2,128,47.7248
128,16384,2,256,47.7300
128,16384,2,512,47.7404
128,16384,2,1024,47.7612
128,16384,2,2048,47.8027
128,16384,2,4096,47.8858
128,16384,2,8192,48.0521
128,16384,2,16384,48.3845
128,16384,4,16,47.7209
128,16384,4,32,47.7222
128,16384,4,64,47.7248
128,16384,4,128,47.7300
128,16384,4,256,47.7404
128,16384,4,512,47.7612
128,16384,4,1024,47.8027
128,16384,4,2048,47.8858
128,16384,4,4096,48.0521
128,16384,4,8192,48.3845
128,16384,4,16384,49.0494
128,16384,8,16,47.7222
128,16384,8,32,47.7248
128,16384,8,64,47.7300
128,16384,8,128,47.7404
128,16384,8,256,47.7612
128,16384,8,512,47.8027
128,16384,8,1024,47.8858
128,16384,8,2048,48.0521
128,16384,8,4096,48.3845
128,16384,8,8192,49.0494
128,16384,8,16384,50.3792
128,16384,16,16,47.7248
128,16384,16,32,47.7300
128,16384,16,64,47.7404
128,16384,16,128,47.7612
128,16384,16,256,47.8027
128,16384,16,512,47.8858
128,16384,16,1024,48.0521
128,16384,16,2048,48.3845
128,16384,16,4096,49.0494
128,16384,16,8192,50.3792
128,16384,16,16384,82.9683
128,16384,32,16,47.7300
128,16384,32,32,47.7404
128,16384,32,64,47.7612
128,16384,32,128,47.8027
128,16384,32,256,47.8858
128,16384,32,512,48.0521
128,16384,32,1024,48.3845
128,16384,32,2048,49.0494
128,16384,32,4096,50.3792
128,16384,32,8192,83.0393
128,16384,32,16384,155.7861
128,16384,64,16,47.7404
128,16384,64,32,47.7612
128,16384,64,64,47.8027
128,16384,64,128,47.8858
128,16384,64,256,48.0521
128,16384,64,512,48.3845
128,16384,64,1024,49.0494
128,16384,64,2048,50.3792
128,16384,64,4096,83.1814
128,16384,64,8192,155.9282
128,16384,64,16384,301.4216
128,16384,128,16,47.7612
128,16384,128,32,47.8027
128,16384,128,64,47.8858
128,16384,128,128,48.0521
128,16384,128,256,48.3845
128,16384,128,512,49.0494
128,16384,128,1024,50.3792
128,16384,128,2048,83.4656
128,16384,128,4096,156.2123
128,16384,128,8192,301.7058
128,16384,128,16384,592.6927
182,0,0,0,5.8586
182,0,1,512,6.0051
182,0,1,768,6.0762
182,0,1,1152,6.1827
182,0,1,1728,6.3426
182,0,1,2592,6.5823
182,0,1,3888,6.9420
182,0,1,5832,7.4815
182,0,1,8748,8.2907
182,0,1,13122,9.5045
182,0,1,16384,10.4097
182,0,2,512,6.1517
182,0,2,768,6.2937
182,0,2,1152,6.5069
182,0,2,1728,6.8265
182,0,2,2592,7.3061
182,0,2,3888,8.0254
182,0,2,5832,9.1043
182,0,2,8748,10.7227
182,0,2,13122,13.1504
182,0,2,16384,14.9608
182,0,4,512,6.4447
182,0,4,768,6.7289
182,0,4,1152,7.1551
182,0,4,1728,7.7945
182,0,4,2592,8.7536
182,0,4,3888,10.1922
182,0,4,5832,12.3500
182,0,4,8748,15.5869
182,0,4,13122,20.4421
182,0,4,16384,24.0631
182,0,8,512,7.0308
182,0,8,768,7.5991
182,0,8,1152,8.4516
182,0,8,1728,9.7304
182,0,8,2592,11.6485
182,0,8,3888,14.5257
182,0,8,5832,18.8415
182,0,8,8748,25.3152
182,0,8,13122,35.0257
182,0,8,16384,42.2675
182,0,16,512,8.2030
182,0,16,768,9.3397
182,0,16,1152,11.0447
182,0,16,1728,13.6022
182,0,16,2592,17.4384
182,0,16,3888,23.1928
182,0,16,5832,31.8244
182,0,16,8748,44.7717
182,0,16,13122,64.1928
182,0,16,16384,78.6764
182,0,32,512,10.5474
182,0,32,768,12.8207
182,0,32,1152,16.2307
182,0,32,1728,21.3457
182,0,32,2592,29.0182
182,0,32,3888,40.5270
182,0,32,5832,57.7901
182,0,32,8748,83.6848
182,0,32,13122,122.5269
182,0,32,16384,151.4942
182,0,64,512,15.2361
182,0,64,768,19.7828
182,0,64,1152,26.6028
182,0,64,1728,36.8328
182,0,64,2592,52.1778
182,0,64,3888,75.1953
182,0,64,5832,109.7216
182,0,64,8748,161.5110
182,0,64,13122,239.1952
182,0,64,16384,297.1297
182,0,128,512,24.6136
182,0,128,768,33.7070
182,0,128,1152,47.3470
182,0,128,1728,67.8070
182,0,128,2592,98.4970
182,0,128,3888,144.5321
182,0,128,5832,213.5846
182,0,128,8748,317.1635
182,0,128,13122,472.5318
182,0,128,16384,588.4008
182,512,0,0,7.2269
182,512,1,512,7.2372
182,512,1,768,7.2424
182,512,1,1152,7.2502
182,512,1,1728,7.2619
182,512,1,2592,7.2795
182,512,1,3888,7.3058
182,512,1,5832,7.6235
182,512,1,8748,8.4328
182,512,1,13122,9.6466
182,512,1,16384,10.5518
182,512,2,512,7.2476
182,512,2,768,7.2580
182,512,2,1152,7.2736
182,512,2,1728,7.2970
182,512,2,2592,7.4482
182,512,2,3888,8.1675
182,512,2,5832,9.2464
182,512,2,8748,10.8648
182,512,2,13122,13.2925
182,512,2,16384,15.1029
182,512,4,512,7.2684
182,512,4,768,7.2892
182,512,4,1152,7.3204
182,512,4,1728,7.9366
182,512,4,2592,8.8956
182,512,4,3888,10.3342
182,512,4,5832,12.4921
182,512,4,8748,15.7290
182,512,4,13122,20.5842
182,512,4,16384,24.2051
182,512,8,512,7.3100
182,512,8,768,7.7412
182,512,8,1152,8.5937
182,512,8,1728,9.8725
182,512,8,2592,11.7906
182,512,8,3888,14.6678
182,512,8,5832,18.9836
182,512,8,8748,25.4572
182,512,8,13122,35.1678
182,512,8,16384,42.4096
182,512,16,512,8.3451
182,512,16,768,9.4817
182,512,16,1152,11.1867
182,512,16,1728,13.7442
182,512,16,2592,17.5805
182,512,16,3888,23.3349
182,512,16,5832,31.9664
182,512,16,8748,44.9138
182,512,16,13122,64.3348
182,512,16,16384,78.8185
182,512,32,512,10.6894
182,512,32,768,12.9628
182,512,32,1152,16.3728
182,512,32,1728,21.4878
182,512,32,2592,29.1603
182,512,32,3888,40.6691
182,512,32,5832,57.9322
182,512,32,8748,83.8269
182,512,32,13122,122.6690
182,512,32,16384,151.6362
182,512,64,512,15.3782
182,512,64,768,19.9249
182,512,64,1152,26.7449
182,512,64,1728,36.9749
182,512,64,2592,52.3199
182,512,64,3888,75.3374
182,512,64,5832,109.8637
182,512,64,8748,161.6531
182,512,64,13122,239.3373
182,512,64,16384,297.2718
182,512,128,512,24.7557
182,512,128,768,33.8490
182,512,128,1152,47.4891
182,512,128,1728,67.9491
182,512,128,2592,98.6391
182,512,128,3888,144.6742
182,512,128,5832,213.7267
182,512,128,8748,317.3056
182,512,128,13122,472.6738
182,512,128,16384,588.5429
182,768,0,0,8.1723
182,768,1,512,8.1826
182,768,1,768,8.1878
182,768,1,1152,8.1956
182,768,1,1728,8.2073
182,768,1,2592,8.2249
182,768,1,3888,8.2512
182,768,1,5832,8.2906
182,768,1,8748,8.5038
182,768,1,13122,9.7176
182,768,1,16384,10.6228
182,768,2,512,8.1930
182,768,2,768,8.2034
182,768,2,1152,8.2190
182,768,2,1728,8.2424
182,768,2,2592,8.2774
182,768,2,3888,8.3300
182,768,2,5832,9.3175
182,768,2,8748,10.9359
182,768,2,13122,13.3635
182,768,2,16384,15.1740
182,768,4,512,8.2138
182,768,4,768,8.2346
182,768,4,1152,8.2658
182,768,4,1728,8.3125
182,768,4,2592,8.9667
182,768,4,3888,10.4053
182,768,4,5832,12.5632
182,768,4,8748,15.8000
182,768,4,13122,20.6553
182,768,4,16384,24.2762
182,768,8,512,8.2554
182,768,8,768,8.2969
182,768,8,1152,8.6648
182,768,8,1728,9.9435
182,768,8,2592,11.8616
182,768,8,3888,14.7388
182,768,8,5832,19.0546
182,768,8,8748,25.5283
182,768,8,13122,35.2388
182,768,8,16384,42.4806
182,768,16,512,8.4161
182,768,16,768,9.5528
182,768,16,1152,11.2578
182,768,16,1728,13.8153
182,768,16,2592,17.6515
182,768,16,3888,23.4059
182,768,16,5832,32.0375
182,768,16,8748,44.9848
182,768,16,13122,64.4059
182,768,16,16384,78.8895
182,768,32,512,10.7605
182,768,32,768,13.0338
182,768,32,1152,16.4438
182,768,32,1728,21.5588
182,768,32,2592,29.2313
182,768,32,3888,40.7401
182,768,32,5832,58.0032
182,768,32,8748,83.8980
182,768,32,13122,122.7400
182,768,32,16384,151.7073
182,768,64,512,15.4492
182,768,64,768,19.9959
182,768,64,1152,26.8159
182,768,64,1728,37.0459
182,768,64,2592,52.3909
182,768,64,3888,75.4085
182,768,64,5832,109.9347
182,768,64,8748,161.7242
182,768,64,13122,239.4083
182,768,64,16384,297.3428
182,768,128,512,24.8267
182,768,128,768,33.9201
182,768,128,1152,47.5601
182,768,128,1728,68.0201
182,768,128,2592,98.7102
182,768,128,3888,144.7452
182,768,128,5832,213.7978
182,768,128,8748,317.3766
182,768,128,13122,472.7449
182,768,128,16384,588.6140
182,1152,0,0,9.5904
182,1152,1,512,9.6007
182,1152,1,768,9.6059
182,1152,1,1152,9.6137
182,1152,1,1728,9.6254
182,1152,1,2592,9.6430
182,1152,1,3888,9.6693
182,1152,1,5832,9.7087
182,1152,1,8748,9.7679
182,1152,1,13122,9.8566
182,1152,1,16384,10.7294
182,1152,2,512,9.6111
182,1152,2,768,9.6215
182,1152,2,1152,9.6371
182,1152,2,1728,9.6605
182,1152,2,2592,9.6955
182,1152,2,3888,9.7481
182,1152,2,5832,9.8270
182,1152,2,8748,11.0424
182,1152,2,13122,13.4701
182,1152,2,16384,15.2805
182,1152,4,512,9.6319
182,1152,4,768,9.6527
182,1152,4,1152,9.6839
182,1152,4,1728,9.7306
182,1152,4,2592,9.8007
182,1152,4,3888,10.5118
182,1152,4,5832,12.6697
182,1152,4,8748,15.9066
182,1152,4,13122,20.7618
182,1152,4,16384,24.3827
182,1152,8,512,9.6735
182,1152,8,768,9.7150
182,1152,8,1152,9.7774
182,1152,8,1728,10.0501
182,1152,8,2592,11.9682
182,1152,8,3888,14.8454
182,1152,8,5832,19.1612
182,1152,8,8748,25.6348
182,1152,8,13122,35.3454
182,1152,8,16384,42.5872
182,1152,16,512,9.7566
182,1152,16,768,9.8397
182,1152,16,1152,11.3643
182,1152,16,1728,13.9218
182,1152,16,2592,17.7581
182,1152,16,3888,23.5125
182,1152,16,5832,32.1440
182,1152,16,8748,45.0914
182,1152,16,13122,64.5124
182,1152,16,16384,78.9961
182,1152,32,512,10.8670
182,1152,32,768,13.1404
182,1152,32,1152,16.5504
182,1152,32,1728,21.6654
182,1152,32,2592,29.3379
182,1152,32,3888,40.8467
182,1152,32,5832,58.1098
182,1152,32,8748,84.0045
182,1152,32,13122,122.8466
182,1152,32,16384,151.8138
182,1152,64,512,15.5558
182,1152,64,768,20.1025
182,1152,64,1152,26.9225
182,1152,64,1728,37.1525
182,1152,64,2592,52.4975
182,1152,64,3888,75.5150
182,1152,64,5832,110.0413
182,1152,64,8748,161.8307
182,1152,64,13122,239.5149
182,1152,64,16384,297.4494
182,1152,128,512,24.9333
182,1152,128,768,34.0267
182,1152,128,1152,47.6667
182,1152,128,1728,68.1267
182,1152,128,2592,98.8167
182,1152,128,3888,144.8518
182,1152,128,5832,213.9043
182,1152,128,8748,317.4832
182,1152,128,13122,472.8514
182,1152,128,16384,588.7205
182,1728,0,0,11.7175
182,1728,1,512,11.7279
182,1728,1,768,11.7331
182,1728,1,1152,11.7409
182,1728,1,1728,11.7526
182,1728,1,2592,11.7701
182,1728,1,3888,11.7964
182,1728,1,5832,11.8358
182,1728,1,8748,11.8950
182,1728,1,13122,11.9838
182,1728,1,16384,12.0500
182,1728,2,512,11.7383
182,1728,2,768,11.7487
182,1728,2,1152,11.7643
182,1728,2,1728,11.7876
182,1728,2,2592,11.8227
182,1728,2,3888,11.8753
182,1728,2,5832,11.9542
182,1728,2,8748,12.0725
182,1728,2,13122,13.6299
182,1728,2,16384,15.4404
182,1728,4,512,11.7591
182,1728,4,768,11.7798
182,1728,4,1152,11.8110
182,1728,4,1728,11.8578
182,1728,4,2592,11.9279
182,1728,4,3888,12.0331
182,1728,4,5832,12.8296
182,1728,4,8748,16.0664
182,1728,4,13122,20.9217
182,1728,4,16384,24.5426
182,1728,8,512,11.8006
182,1728,8,768,11.8422
182,1728,8,1152,11.9045
182,1728,8,1728,11.9980
182,1728,8,2592,12.1383
182,1728,8,3888,15.0052
182,1728,8,5832,19.3210
182,1728,8,8748,25.7947
182,1728,8,13122,35.5052
182,1728,8,16384,42.7470
182,1728,16,512,11.8837
182,1728,16,768,11.9668
182,1728,16,1152,12.0915
182,1728,16,1728,14.0817
182,1728,16,2592,17.9179
182,1728,16,3888,23.6723
182,1728,16,5832,32.3039
182,1728,16,8748,45.2512
182,1728,16,13122,64.6723
182,1728,16,16384,79.1559
182,1728,32,512,12.0500
182,1728,32,768,13.3002
182,1728,32,1152,16.7102
182,1728,32,1728,21.8252
182,1728,32,2592,29.4977
182,1728,32,3888,41.0065
182,1728,32,5832,58.2696
182,1728,32,8748,84.1644
182,1728,32,13122,123.0064
182,1728,32,16384,151.9737
182,1728,64,512,15.7156
182,1728,64,768,20.2623
182,1728,64,1152,27.0823
182,1728,64,1728,37.3123
182,1728,64,2592,52.6573
182,1728,64,3888,75.6749
182,1728,64,5832,110.2012
182,1728,64,8748,161.9906
182,1728,64,13122,239.6747
182,1728,64,16384,297.6092
182,1728,128,512,25.0932
182,1728,128,768,34.1865
182,1728,128,1152,47.8265
182,1728,128,1728,68.2865
182,1728,128,2592,98.9766
182,1728,128,3888,145.0116
182,1728,128,5832,214.0642
182,1728,128,8748,317.6430
182,1728,128,13122,473.0113
182,1728,128,16384,588.8804
182,2592,0,0,14.9082
182,2592,1,512,14.9186
182,2592,1,768,14.9238
182,2592,1,1152,14.9316
182,2592,1,1728,14.9433
182,2592,1,2592,14.9608
182,2592,1,3888,14.9871
182,2592,1,5832,15.0266
182,2592,1,8748,15.0857
182,2592,1,13122,15.1745
182,2592,1,16384,15.2407
182,2592,2,512,14.9290
182,2592,2,768,14.9394
182,2592,2,1152,14.9550
182,2592,2,1728,14.9784
182,2592,2,2592,15.0134
182,2592,2,3888,15.0660
182,2592,2,5832,15.1449
182,2592,2,8748,15.2632
182,2592,2,13122,15.4408
182,2592,2,16384,15.6801
182,2592,4,512,14.9498
182,2592,4,768,14.9706
182,2592,4,1152,15.0017
182,2592,4,1728,15.0485
182,2592,4,2592,15.1186
182,2592,4,3888,15.2238
182,2592,4,5832,15.3816
182,2592,4,8748,16.3062
182,2592,4,13122,21.1614
182,2592,4,16384,24.7823
182,2592,8,512,14.9913
182,2592,8,768,15.0329
182,2592,8,1152,15.0952
182,2592,8,1728,15.1887
182,2592,8,2592,15.3290
182,2592,8,3888,15.5394
182,2592,8,5832,19.5608
182,2592,8,8748,26.0345
182,2592,8,13122,35.7450
182,2592,8,16384,42.9868
182,2592,16,512,15.0745
182,2592,16,768,15.1576
182,2592,16,1152,15.2822
182,2592,16,1728,15.4692
182,2592,16,2592,18.1577
182,2592,16,3888,23.9121
182,2592,16,5832,32.5437
182,2592,16,8748,45.4910
182,2592,16,13122,64.9120
182,2592,16,16384,79.3957
182,2592,32,512,15.2407
182,2592,32,768,15.4069
182,2592,32,1152,16.9500
182,2592,32,1728,22.0650
182,2592,32,2592,29.7375
182,2592,32,3888,41.2463
182,2592,32,5832,58.5094
182,2592,32,8748,84.4041
182,2592,32,13122,123.2462
182,2592,32,16384,152.2135
182,2592,64,512,15.9554
182,2592,64,768,20.5021
182,2592,64,1152,27.3221
182,2592,64,1728,37.5521
182,2592,64,2592,52.8971
182,2592,64,3888,75.9146
182,2592,64,5832,110.4409
182,2592,64,8748,162.2303
182,2592,64,13122,239.9145
182,2592,64,16384,297.8490
182,2592,128,512,25.3329
182,2592,128,768,34.4263
182,2592,128,1152,48.0663
182,2592,128,1728,68.5263
182,2592,128,2592,99.2163
182,2592,128,3888,145.2514
182,2592,128,5832,214.3039
182,2592,128,8748,317.8828
182,2592,128,13122,473.2511
182,2592,128,16384,589.1201
182,3888,0,0,19.6943
182,3888,1,512,19.7047
182,3888,1,768,19.7099
182,3888,1,1152,19.7177
182,3888,1,1728,19.7294
182,3888,1,2592,19.7469
182,3888,1,3888,19.7732
182,3888,1,5832,19.8127
182,3888,1,8748,19.8718
182,3888,1,13122,19.9606
182,3888,1,16384,20.0268
182,3888,2,512,19.7151
182,3888,2,768,19.7255
182,3888,2,1152,19.7411
182,3888,2,1728,19.7645
182,3888,2,2592,19.7995
182,3888,2,3888,19.8521
182,3888,2,5832,19.9310
182,3888,2,8748,20.0493
182,3888,2,13122,20.2268
182,3888,2,16384,20.3592
182,3888,4,512,19.7359
182,3888,4,768,19.7567
182,3888,4,1152,19.7878
182,3888,4,1728,19.8346
182,3888,4,2592,19.9047
182,3888,4,3888,20.0099
182,3888,4,5832,20.1677
182,3888,4,8748,20.4043
182,3888,4,13122,21.5211
182,3888,4,16384,25.1420
182,3888,8,512,19.7774
182,3888,8,768,19.8190
182,3888,8,1152,19.8813
182,3888,8,1728,19.9748
182,3888,8,2592,20.1151
182,3888,8,3888,20.3255
182,3888,8,5832,20.6410
182,3888,8,8748,26.3941
182,3888,8,13122,36.1046
182,3888,8,16384,43.3464
182,3888,16,512,19.8605
182,3888,16,768,19.9437
182,3888,16,1152,20.0683
182,3888,16,1728,20.2553
182,3888,16,2592,20.5358
182,3888,16,3888,24.2717
182,3888,16,5832,32.9033
182,3888,16,8748,45.8507
182,3888,16,13122,65.2717
182,3888,16,16384,79.7553
182,3888,32,512,20.0268
182,3888,32,768,20.1930
182,3888,32,1152,20.4423
182,3888,32,1728,22.4247
182,3888,32,2592,30.0972
182,3888,32,3888,41.6059
182,3888,32,5832,58.8691
182,3888,32,8748,84.7638
182,3888,32,13122,123.6058
182,3888,32,16384,152.5731
182,3888,64,512,20.3592
182,3888,64,768,20.8617
182,3888,64,1152,27.6817
182,3888,64,1728,37.9117
182,3888,64,2592,53.2568
182,3888,64,3888,76.2743
182,3888,64,5832,110.8006
182,3888,64,8748,162.5900
182,3888,64,13122,240.2741
182,3888,64,16384,298.2087
182,3888,128,512,25.6926
182,3888,128,768,34.7859
182,3888,128,1152,48.4259
182,3888,128,1728,68.8859
182,3888,128,2592,99.5760
182,3888,128,3888,145.6110
182,3888,128,5832,214.6636
182,3888,128,8748,318.2424
182,3888,128,13122,473.6107
182,3888,128,16384,589.4798
182,5832,0,0,26.8735
182,5832,1,512,26.8838
182,5832,1,768,26.8890
182,5832,1,1152,26.8968
182,5832,1,1728,26.9085
182,5832,1,2592,26.9261
182,5832,1,3888,26.9523
182,5832,1,5832,26.9918
182,5832,1,8748,27.0510
182,5832,1,13122,27.1397
182,5832,1,16384,27.2059
182,5832,2,512,26.8942
182,5832,2,768,26.9046
182,5832,2,1152,26.9202
182,5832,2,1728,26.9436
182,5832,2,2592,26.9786
182,5832,2,3888,27.0312
182,5832,2,5832,27.1101
182,5832,2,8748,27.2285
182,5832,2,13122,27.4060
182,5832,2,16384,27.5384
182,5832,4,512,26.9150
182,5832,4,768,26.9358
182,5832,4,1152,26.9670
182,5832,4,1728,27.0137
182,5832,4,2592,27.0838
182,5832,4,3888,27.1890
182,5832,4,5832,27.3468
182,5832,4,8748,27.5835
182,5832,4,13122,27.9385
182,5832,4,16384,28.2033
182,5832,8,512,26.9566
182,5832,8,768,26.9981
182,5832,8,1152,27.0605
182,5832,8,1728,27.1540
182,5832,8,2592,27.2942
182,5832,8,3888,27.5046
182,5832,8,5832,27.8202
182,5832,8,8748,28.2935
182,5832,8,13122,36.6441
182,5832,8,16384,43.8859
182,5832,16,512,27.0397
182,5832,16,768,27.1228
182,5832,16,1152,27.2475
182,5832,16,1728,27.4345
182,5832,16,2592,27.7150
182,5832,16,3888,28.1357
182,5832,16,5832,33.4428
182,5832,16,8748,46.3901
182,5832,16,13122,65.8112
182,5832,16,16384,80.2948
182,5832,32,512,27.2059
182,5832,32,768,27.3721
182,5832,32,1152,27.6215
182,5832,32,1728,27.9955
182,5832,32,2592,30.6366
182,5832,32,3888,42.1454
182,5832,32,5832,59.4085
182,5832,32,8748,85.3032
182,5832,32,13122,124.1453
182,5832,32,16384,153.1126
182,5832,64,512,27.5384
182,5832,64,768,27.8708
182,5832,64,1152,28.3695
182,5832,64,1728,38.4512
182,5832,64,2592,53.7962
182,5832,64,3888,76.8138
182,5832,64,5832,111.3400
182,5832,64,8748,163.1295
182,5832,64,13122,240.8136
182,5832,64,16384,298.7481
182,5832,128,512,28.2033
182,5832,128,768,35.3254
182,5832,128,1152,48.9654
182,5832,128,1728,69.4254
182,5832,128,2592,100.1154
182,5832,128,3888,146.1505
182,5832,128,5832,215.2031
182,5832,128,8748,318.7819
182,5832,128,13122,474.1502
182,5832,128,16384,590.0192
182,8748,0,0,37.6422
182,8748,1,512,37.6525
182,8748,1,768,37.6577
182,8748,1,1152,37.6655
182,8748,1,1728,37.6772
182,8748,1,2592,37.6947
182,8748,1,3888,37.7210
182,8748,1,5832,37.7605
182,8748,1,8748,37.8197
182,8748,1,13122,37.9084
182,8748,1,16384,37.9746
182,8748,2,512,37.6629
182,8748,2,768,37.6733
182,8748,2,1152,37.6889
182,8748,2,1728,37.7123
182,8748,2,2592,37.7473
182,8748,2,3888,37.7999
182,8748,2,5832,37.8788
182,8748,2,8748,37.9972
182,8748,2,13122,38.1747
182,8748,2,16384,38.3071
182,8748,4,512,37.6837
182,8748,4,768,37.7045
182,8748,4,1152,37.7357
182,8748,4,1728,37.7824
182,8748,4,2592,37.8525
182,8748,4,3888,37.9577
182,8748,4,5832,38.1155
182,8748,4,8748,38.3522
182,8748,4,13122,38.7072
182,8748,4,16384,38.9719
182,8748,8,512,37.7253
182,8748,8,768,37.7668
182,8748,8,1152,37.8292
182,8748,8,1728,37.9227
182,8748,8,2592,38.0629
182,8748,8,3888,38.2733
182,8748,8,5832,38.5889
182,8748,8,8748,39.0622
182,8748,8,13122,39.7722
182,8748,8,16384,44.6951
182,8748,16,512,37.8084
182,8748,16,768,37.8915
182,8748,16,1152,38.0162
182,8748,16,1728,38.2032
182,8748,16,2592,38.4837
182,8748,16,3888,38.9044
182,8748,16,5832,39.5356
182,8748,16,8748,47.1993
182,8748,16,13122,66.6204
182,8748,16,16384,81.1040
182,8748,32,512,37.9746
182,8748,32,768,38.1408
182,8748,32,1152,38.3902
182,8748,32,1728,38.7642
182,8748,32,2592,39.3252
182,8748,32,3888,42.9546
182,8748,32,5832,60.2177
182,8748,32,8748,86.1125
182,8748,32,13122,124.9545
182,8748,32,16384,153.9218
182,8748,64,512,38.3071
182,8748,64,768,38.6395
182,8748,64,1152,39.1382
182,8748,64,1728,39.8862
182,8748,64,2592,54.6054
182,8748,64,3888,77.6230
182,8748,64,5832,112.1493
182,8748,64,8748,163.9387
182,8748,64,13122,241.6228
182,8748,64,16384,299.5573
182,8748,128,512,38.9719
182,8748,128,768,39.6368
182,8748,128,1152,49.7746
182,8748,128,1728,70.2346
182,8748,128,2592,100.9247
182,8748,128,3888,146.9597
182,8748,128,5832,216.0123
182,8748,128,8748,319.5911
182,8748,128,13122,474.9594
182,8748,128,16384,590.8285
182,13122,0,0,53.7952
182,13122,1,512,53.8056
182,13122,1,768,53.8108
182,13122,1,1152,53.8186
182,13122,1,1728,53.8303
182,13122,1,2592,53.8478
182,13122,1,3888,53.8741
182,13122,1,5832,53.9135
182,13122,1,8748,53.9727
182,13122,1,13122,54.0615
182,13122,1,16384,54.1277
182,13122,2,512,53.8160
182,13122,2,768,53.8264
182,13122,2,1152,53.8420
182,13122,2,1728,53.8653
182,13122,2,2592,53.9004
182,13122,2,3888,53.9530
182,13122,2,5832,54.0319
182,13122,2,8748,54.1502
182,13122,2,13122,54.3277
182,13122,2,16384,54.4601
182,13122,4,512,53.8368
182,13122,4,768,53.8575
182,13122,4,1152,53.8887
182,13122,4,1728,53.9355
182,13122,4,2592,54.0056
182,13122,4,3888,54.1108
182,13122,4,5832,54.2686
182,13122,4,8748,54.5052
182,13122,4,13122,54.8602
182,13122,4,16384,55.1250
182,13122,8,512,53.8783
182,13122,8,768,53.9199
182,13122,8,1152,53.9822
182,13122,8,1728,54.0757
182,13122,8,2592,54.2160
182,13122,8,3888,54.4263
182,13122,8,5832,54.7419
182,13122,8,8748,55.2153
182,13122,8,13122,55.9253
182,13122,8,16384,56.4548
182,13122,16,512,53.9614
182,13122,16,768,54.0445
182,13122,16,1152,54.1692
182,13122,16,1728,54.3562
182,13122,16,2592,54.6367
182,13122,16,3888,55.0575
182,13122,16,5832,55.6886
182,13122,16,8748,56.6353
182,13122,16,13122,67.8342
182,13122,16,16384,82.3178
182,13122,32,512,54.1277
182,13122,32,768,54.2939
182,13122,32,1152,54.5432
182,13122,32,1728,54.9172
182,13122,32,2592,55.4782
182,13122,32,3888,56.3197
182,13122,32,5832,61.4316
182,13122,32,8748,87.3263
182,13122,32,13122,126.1683
182,13122,32,16384,155.1356
182,13122,64,512,54.4601
182,13122,64,768,54.7925
182,13122,64,1152,55.2912
182,13122,64,1728,56.0392
182,13122,64,2592,57.1612
182,13122,64,3888,78.8368
182,13122,64,5832,113.3631
182,13122,64,8748,165.1525
182,13122,64,13122,242.8366
182,13122,64,16384,300.7712
182,13122,128,512,55.1250
182,13122,128,768,55.7899
182,13122,128,1152,56.7872
182,13122,128,1728,71.4484
182,13122,128,2592,102.1385
182,13122,128,3888,148.1735
182,13122,128,5832,217.2261
182,13122,128,8748,320.8049
182,13122,128,13122,476.1732
182,13122,128,16384,592.0423
182,16384,0,0,65.8417
182,16384,1,512,65.8521
182,16384,1,768,65.8573
182,16384,1,1152,65.8650
182,16384,1,1728,65.8767
182,16384,1,2592,65.8943
182,16384,1,3888,65.9206
182,16384,1,5832,65.9600
182,16384,1,8748,66.0192
182,16384,1,13122,66.1079
182,16384,1,16384,66.1741
182,16384,2,512,65.8624
182,16384,2,768,65.8728
182,16384,2,1152,65.8884
182,16384,2,1728,65.9118
182,16384,2,2592,65.9469
182,16384,2,3888,65.9995
182,16384,2,5832,66.0783
182,16384,2,8748,66.1967
182,16384,2,13122,66.3742
182,16384,2,16384,66.5066
182,16384,4,512,65.8832
182,16384,4,768,65.9040
182,16384,4,1152,65.9352
182,16384,4,1728,65.9819
182,16384,4,2592,66.0520
182,16384,4,3888,66.1572
182,16384,4,5832,66.3150
182,16384,4,8748,66.5517
182,16384,4,13122,66.9067
182,16384,4,16384,67.1715
182,16384,8,512,65.9248
182,16384,8,768,65.9663
182,16384,8,1152,66.0287
182,16384,8,1728,66.1222
182,16384,8,2592,66.2624
182,16384,8,3888,66.4728
182,16384,8,5832,66.7884
182,16384,8,8748,67.2617
182,16384,8,13122,67.9717
182,16384,8,16384,68.5013
182,16384,16,512,66.0079
182,16384,16,768,66.0910
182,16384,16,1152,66.2157
182,16384,16,1728,66.4027
182,16384,16,2592,66.6832
182,16384,16,3888,67.1039
182,16384,16,5832,67.7351
182,16384,16,8748,68.6818
182,16384,16,13122,70.1018
182,16384,16,16384,83.2231
182,16384,32,512,66.1741
182,16384,32,768,66.3403
182,16384,32,1152,66.5897
182,16384,32,1728,66.9637
182,16384,32,2592,67.5247
182,16384,32,3888,68.3662
182,16384,32,5832,69.6285
182,16384,32,8748,88.2315
182,16384,32,13122,127.0736
182,16384,32,16384,156.0408
182,16384,64,512,66.5066
182,16384,64,768,66.8390
182,16384,64,1152,67.3377
182,16384,64,1728,68.0857
182,16384,64,2592,69.2077
182,16384,64,3888,79.7420
182,16384,64,5832,114.2683
182,16384,64,8748,166.0577
182,16384,64,13122,243.7419
182,16384,64,16384,301.6764
182,16384,128,512,67.1715
182,16384,128,768,67.8364
182,16384,128,1152,68.8337
182,16384,128,1728,72.3537
182,16384,128,2592,103.0437
182,16384,128,3888,149.0787
182,16384,128,5832,218.1313
182,16384,128,8748,321.7102
182,16384,128,13122,477.0784
182,16384,128,16384,592.9475
256,0,0,0,6.2077
256,0,1,16,6.2166
256,0,1,32,6.2210
256,0,1,64,6.2299
256,0,1,128,6.2477
256,0,1,256,6.2832
256,0,1,512,6.3542
256,0,1,1024,6.4963
256,0,1,2048,6.7805
256,0,1,4096,7.3488
256,0,1,8192,8.4855
256,0,1,16384,10.7588
256,0,2,16,6.2255
256,0,2,32,6.2344
256,0,2,64,6.2521
256,0,2,128,6.2876
256,0,2,256,6.3587
256,0,2,512,6.5008
256,0,2,1024,6.7849
256,0,2,2048,7.3533
256,0,2,4096,8.4899
256,0,2,8192,10.7633
256,0,2,16384,15.3099
256,0,4,16,6.2432
256,0,4,32,6.2610
256,0,4,64,6.2965
256,0,4,128,6.3676
256,0,4,256,6.5096
256,0,4,512,6.7938
256,0,4,1024,7.3621
256,0,4,2048,8.4988
256,0,4,4096,10.7721
256,0,4,8192,15.3188
256,0,4,16384,24.4122
256,0,8,16,6.2788
256,0,8,32,6.3143
256,0,8,64,6.3853
256,0,8,128,6.5274
256,0,8,256,6.8116
256,0,8,512,7.3799
256,0,8,1024,8.5166
256,0,8,2048,10.7899
256,0,8,4096,15.3366
256,0,8,8192,24.4299
256,0,8,16384,42.6166
256,0,16,16,6.3498
256,0,16,32,6.4208
256,0,16,64,6.5629
256,0,16,128,6.8471
256,0,16,256,7.4154
256,0,16,512,8.5521
256,0,16,1024,10.8254
256,0,16,2048,15.3721
256,0,16,4096,24.4654
256,0,16,8192,42.6521
256,0,16,16384,79.0255
256,0,32,16,6.4919
256,0,32,32,6.6340
256,0,32,64,6.9181
256,0,32,128,7.4865
256,0,32,256,8.6231
256,0,32,512,10.8965
256,0,32,1024,15.4431
256,0,32,2048,24.5365
256,0,32,4096,42.7232
256,0,32,8192,79.0965
256,0,32,16384,151.8433
256,0,64,16,6.7760
256,0,64,32,7.0602
256,0,64,64,7.6285
256,0,64,128,8.7652
256,0,64,256,11.0385
256,0,64,512,15.5852
256,0,64,1024,24.6786
256,0,64,2048,42.8652
256,0,64,4096,79.2386
256,0,64,8192,151.9853
256,0,64,16384,297.4788
256,0,128,16,7.3444
256,0,128,32,7.9127
256,0,128,64,9.0494
256,0,128,128,11.3227
256,0,128,256,15.8694
256,0,128,512,24.9627
256,0,128,1024,43.1494
256,0,128,2048,79.5228
256,0,128,4096,152.2695
256,0,128,8192,297.7630
256,0,128,16384,588.7499
256,16,0,0,6.2121
256,16,1,16,6.2210
256,16,1,32,6.2255
256,16,1,64,6.2344
256,16,1,128,6.2521
256,16,1,256,6.2876
256,16,1,512,6.3587
256,16,1,1024,6.5008
256,16,1,2048,6.7849
256,16,1,4096,7.3533
256,16,1,8192,8.4899
256,16,1,16384,10.7633
256,16,2,16,6.2299
256,16,2,32,6.2388
256,16,2,64,6.2566
256,16,2,128,6.2921
256,16,2,256,6.3631
256,16,2,512,6.5052
256,16,2,1024,6.7894
256,16,2,2048,7.3577
256,16,2,4096,8.4944
256,16,2,8192,10.7677
256,16,2,16384,15.3144
256,16,4,16,6.2477
256,16,4,32,6.2654
256,16,4,64,6.3010
256,16,4,128,6.3720
256,16,4,256,6.5141
256,16,4,512,6.7982
256,16,4,1024,7.3666
256,16,4,2048,8.5032
256,16,4,4096,10.7766
256,16,4,8192,15.3233
256,16,4,16384,24.4166
256,16,8,16,6.2832
256,16,8,32,6.3187
256,16,8,64,6.3898
256,16,8,128,6.5318
256,16,8,256,6.8160
256,16,8,512,7.3843
256,16,8,1024,8.5210
256,16,8,2048,10.7943
256,16,8,4096,15.3410
256,16,8,8192,24.4344
256,16,8,16384,42.6210
256,16,16,16,6.3542
256,16,16,32,6.4253
256,16,16,64,6.5674
256,16,16,128,6.8515
256,16,16,256,7.4199
256,16,16,512,8.5565
256,16,16,1024,10.8299
256,16,16,2048,15.3765
256,16,16,4096,24.4699
256,16,16,8192,42.6566
256,16,16,16384,79.0299
256,16,32,16,6.4963
256,16,32,32,6.6384
256,16,32,64,6.9226
256,16,32,128,7.4909
256,16,32,256,8.6276
256,16,32,512,10.9009
256,16,32,1024,15.4476
256,16,32,2048,24.5409
256,16,32,4096,42.7276
256,16,32,8192,79.1010
256,16,32,16384,151.8477
256,16,64,16,6.7805
256,16,64,32,7.0647
256,16,64,64,7.6330
256,16,64,128,8.7697
256,16,64,256,11.0430
256,16,64,512,15.5897
256,16,64,1024,24.6830
256,16,64,2048,42.8697
256,16,64,4096,79.2431
256,16,64,8192,151.9898
256,16,64,16384,297.4833
256,16,128,16,7.3488
256,16,128,32,7.9172
256,16,128,64,9.0538
256,16,128,128,11.3272
256,16,128,256,15.8738
256,16,128,512,24.9672
256,16,128,1024,43.1539
256,16,128,2048,79.5272
256,16,128,4096,152.2740
256,16,128,8192,297.7674
256,16,128,16384,588.7544
256,32,0,0,6.2166
256,32,1,16,6.2255
256,32,1,32,6.2299
256,32,1,64,6.2388
256,32,1,128,6.2566
256,32,1,256,6.2921
256,32,1,512,6.3631
256,32,1,1024,6.5052
256,32,1,2048,6.7894
256,32,1,4096,7.3577
256,32,1,8192,8.4944
256,32,1,16384,10.7677
256,32,2,16,6.2344
256,32,2,32,6.2432
256,32,2,64,6.2610
256,32,2,128,6.2965
256,32,2,256,6.3676
256,32,2,512,6.5096
256,32,2,1024,6.7938
256,32,2,2048,7.3621
256,32,2,4096,8.4988
256,32,2,8192,10.7721
256,32,2,16384,15.3188
256,32,4,16,6.2521
256,32,4,32,6.2699
256,32,4,64,6.3054
256,32,4,128,6.3764
256,32,4,256,6.5185
256,32,4,512,6.8027
256,32,4,1024,7.3710
256,32,4,2048,8.5077
256,32,4,4096,10.7810
256,32,4,8192,15.3277
256,32,4,16384,24.4210
256,32,8,16,6.2876
256,32,8,32,6.3232
256,32,8,64,6.3942
256,32,8,128,6.5363
256,32,8,256,6.8204
256,32,8,512,7.3888
256,32,8,1024,8.5254
256,32,8,2048,10.7988
256,32,8,4096,15.3455
256,32,8,8192,24.4388
256,32,8,16384,42.6255
256,32,16,16,6.3587
256,32,16,32,6.4297
256,32,16,64,6.5718
256,32,16,128,6.8560
256,32,16,256,7.4243
256,32,16,512,8.5610
256,32,16,1024,10.8343
256,32,16,2048,15.3810
256,32,16,4096,24.4743
256,32,16,8192,42.6610
256,32,16,16384,79.0344
256,32,32,16,6.5008
256,32,32,32,6.6428
256,32,32,64,6.9270
256,32,32,128,7.4953
256,32,32,256,8.6320
256,32,32,512,10.9053
256,32,32,1024,15.4520
256,32,32,2048,24.5454
256,32,32,4096,42.7320
256,32,32,8192,79.1054
256,32,32,16384,151.8521
256,32,64,16,6.7849
256,32,64,32,7.0691
256,32,64,64,7.6374
256,32,64,128,8.7741
256,32,64,256,11.0474
256,32,64,512,15.5941
256,32,64,1024,24.6874
256,32,64,2048,42.8741
256,32,64,4096,79.2475
256,32,64,8192,151.9942
256,32,64,16384,297.4877
256,32,128,16,7.3533
256,32,128,32,7.9216
256,32,128,64,9.0583
256,32,128,128,11.3316
256,32,128,256,15.8783
256,32,128,512,24.9716
256,32,128,1024,43.1583
256,32,128,2048,79.5317
256,32,128,4096,152.2784
256,32,128,8192,297.7719
256,32,128,16384,588.7588
256,64,0,0,6.2255
256,64,1,16,6.2344
256,64,1,32,6.2388
256,64,1,64,6.2477
256,64,1,128,6.2654
256,64,1,256,6.3010
256,64,1,512,6.3720
256,64,1,1024,6.5141
256,64,1,2048,6.7982
256,64,1,4096,7.3666
256,64,1,8192,8.5032
256,64,1,16384,10.7766
256,64,2,16,6.2432
256,64,2,32,6.2521
256,64,2,64,6.2699
256,64,2,128,6.3054
256,64,2,256,6.3764
256,64,2,512,6.5185
256,64,2,1024,6.8027
256,64,2,2048,7.3710
256,64,2,4096,8.5077
256,64,2,8192,10.7810
256,64,2,16384,15.3277
256,64,4,16,6.2610
256,64,4,32,6.2788
256,64,4,64,6.3143
256,64,4,128,6.3853
256,64,4,256,6.5274
256,64,4,512,6.8116
256,64,4,1024,7.3799
256,64,4,2048,8.5166
256,64,4,4096,10.7899
256,64,4,8192,15.3366
256,64,4,16384,24.4299
256,64,8,16,6.2965
256,64,8,32,6.3320
256,64,8,64,6.4031
256,64,8,128,6.5452
256,64,8,256,6.8293
256,64,8,512,7.3977
256,64,8,1024,8.5343
256,64,8,2048,10.8077
256,64,8,4096,15.3543
256,64,8,8192,24.4477
256,64,8,16384,42.6344
256,64,16,16,6.3676
256,64,16,32,6.4386
256,64,16,64,6.5807
256,64,16,128,6.8648
256,64,16,256,7.4332
256,64,16,512,8.5698
256,64,16,1024,10.8432
256,64,16,2048,15.3899
256,64,16,4096,24.4832
256,64,16,8192,42.6699
256,64,16,16384,79.0432
256,64,32,16,6.5096
256,64,32,32,6.6517
256,64,32,64,6.9359
256,64,32,128,7.5042
256,64,32,256,8.6409
256,64,32,512,10.9142
256,64,32,1024,15.4609
256,64,32,2048,24.5542
256,64,32,4096,42.7409
256,64,32,8192,79.1143
256,64,32,16384,151.8610
256,64,64,16,6.7938
256,64,64,32,7.0780
256,64,64,64,7.6463
256,64,64,128,8.7830
256,64,64,256,11.0563
256,64,64,512,15.6030
256,64,64,1024,24.6963
256,64,64,2048,42.8830
256,64,64,4096,79.2564
256,64,64,8192,152.0031
256,64,64,16384,297.4966
256,64,128,16,7.3621
256,64,128,32,7.9305
256,64,128,64,9.0671
256,64,128,128,11.3405
256,64,128,256,15.8871
256,64,128,512,24.9805
256,64,128,1024,43.1672
256,64,128,2048,79.5405
256,64,128,4096,152.2873
256,64,128,8192,297.7807
256,64,128,16384,588.7677
256,128,0,0,6.3298
256,128,1,16,6.3301
256,128,1,32,6.3304
256,128,1,64,6.3311
256,128,1,128,6.3324
256,128,1,256,6.3350
256,128,1,512,6.3898
256,128,1,1024,6.5318
256,128,1,2048,6.8160
256,128,1,4096,7.3843
256,128,1,8192,8.5210
256,128,1,16384,10.7943
256,128,2,16,6.3304
256,128,2,32,6.3311
256,128,2,64,6.3324
256,128,2,128,6.3350
256,128,2,256,6.3942
256,128,2,512,6.5363
256,128,2,1024,6.8204
256,128,2,2048,7.3888
256,128,2,4096,8.5254
256,128,2,8192,10.7988
256,128,2,16384,15.3455
256,128,4,16,6.3311
256,128,4,32,6.3324
256,128,4,64,6.3350
256,128,4,128,6.4031
256,128,4,256,6.5452
256,128,4,512,6.8293
256,128,4,1024,7.3977
256,128,4,2048,8.5343
256,128,4,4096,10.8077
256,128,4,8192,15.3543
256,128,4,16384,24.4477
256,128,8,16,6.3324
256,128,8,32,6.3498
256,128,8,64,6.4208
256,128,8,128,6.5629
256,128,8,256,6.8471
256,128,8,512,7.4154
256,128,8,1024,8.5521
256,128,8,2048,10.8254
256,128,8,4096,15.3721
256,128,8,8192,24.4654
256,128,8,16384,42.6521
256,128,16,16,6.3853
256,128,16,32,6.4564
256,128,16,64,6.5984
256,128,16,128,6.8826
256,128,16,256,7.4509
256,128,16,512,8.5876
256,128,16,1024,10.8609
256,128,16,2048,15.4076
256,128,16,4096,24.5010
256,128,16,8192,42.6876
256,128,16,16384,79.0610
256,128,32,16,6.5274
256,128,32,32,6.6695
256,128,32,64,6.9536
256,128,32,128,7.5220
256,128,32,256,8.6586
256,128,32,512,10.9320
256,128,32,1024,15.4787
256,128,32,2048,24.5720
256,128,32,4096,42.7587
256,128,32,8192,79.1320
256,128,32,16384,151.8788
256,128,64,16,6.8116
256,128,64,32,7.0957
256,128,64,64,7.6641
256,128,64,128,8.8007
256,128,64,256,11.0741
256,128,64,512,15.6207
256,128,64,1024,24.7141
256,128,64,2048,42.9008
256,128,64,4096,79.2741
256,128,64,8192,152.0209
256,128,64,16384,297.5143
256,128,128,16,7.3799
256,128,128,32,7.9482
256,128,128,64,9.0849
256,128,128,128,11.3582
256,128,128,256,15.9049
256,128,128,512,24.9982
256,128,128,1024,43.1849
256,128,128,2048,79.5583
256,128,128,4096,152.3050
256,128,128,8192,297.7985
256,128,128,16384,588.7855
256,256,0,0,6.9947
256,256,1,16,6.9950
256,256,1,32,6.9953
256,256,1,64,6.9960
256,256,1,128,6.9973
256,256,1,256,6.9999
256,256,1,512,7.0051
256,256,1,1024,7.0155
256,256,1,2048,7.0362
256,256,1,4096,7.4199
256,256,1,8192,8.5565
256,256,1,16384,10.8299
256,256,2,16,6.9953
256,256,2,32,6.9960
256,256,2,64,6.9973
256,256,2,128,6.9999
256,256,2,256,7.0051
256,256,2,512,7.0155
256,256,2,1024,7.0362
256,256,2,2048,7.4243
256,256,2,4096,8.5610
256,256,2,8192,10.8343
256,256,2,16384,15.3810
256,256,4,16,6.9960
256,256,4,32,6.9973
256,256,4,64,6.9999
256,256,4,128,7.0051
256,256,4,256,7.0155
256,256,4,512,7.0362
256,256,4,1024,7.4332
256,256,4,2048,8.5698
256,256,4,4096,10.8432
256,256,4,8192,15.3899
256,256,4,16384,24.4832
256,256,8,16,6.9973
256,256,8,32,6.9999
256,256,8,64,7.0051
256,256,8,128,7.0155
256,256,8,256,7.0362
256,256,8,512,7.4509
256,256,8,1024,8.5876
256,256,8,2048,10.8609
256,256,8,4096,15.4076
256,256,8,8192,24.5010
256,256,8,16384,42.6876
256,256,16,16,6.9999
256,256,16,32,7.0051
256,256,16,64,7.0155
256,256,16,128,7.0362
256,256,16,256,7.4865
256,256,16,512,8.6231
256,256,16,1024,10.8965
256,256,16,2048,15.4431
256,256,16,4096,24.5365
256,256,16,8192,42.7232
256,256,16,16384,79.0965
256,256,32,16,7.0051
256,256,32,32,7.0155
256,256,32,64,7.0362
256,256,32,128,7.5575
256,256,32,256,8.6942
256,256,32,512,10.9675
256,256,32,1024,15.5142
256,256,32,2048,24.6075
256,256,32,4096,42.7942
256,256,32,8192,79.1676
256,256,32,16384,151.9143
256,256,64,16,7.0155
256,256,64,32,7.1313
256,256,64,64,7.6996
256,256,64,128,8.8363
256,256,64,256,11.1096
256,256,64,512,15.6563
256,256,64,1024,24.7496
256,256,64,2048,42.9363
256,256,64,4096,79.3097
256,256,64,8192,152.0564
256,256,64,16384,297.5499
256,256,128,16,7.4154
256,256,128,32,7.9838
256,256,128,64,9.1204
256,256,128,128,11.3938
256,256,128,256,15.9404
256,256,128,512,25.0338
256,256,128,1024,43.2205
256,256,128,2048,79.5938
256,256,128,4096,152.3406
256,256,128,8192,297.8340
256,256,128,16384,588.8210
256,512,0,0,8.3245
256,512,1,16,8.3248
256,512,1,32,8.3251
256,512,1,64,8.3258
256,512,1,128,8.3271
256,512,1,256,8.3297
256,512,1,512,8.3349
256,512,1,1024,8.3453
256,512,1,2048,8.3660
256,512,1,4096,8.4076
256,512,1,8192,8.6276
256,512,1,16384,10.9009
256,512,2,16,8.3251
256,512,2,32,8.3258
256,512,2,64,8.3271
256,512,2,128,8.3297
256,512,2,256,8.3349
256,512,2,512,8.3453
256,512,2,1024,8.3660
256,512,2,2048,8.4076
256,512,2,4096,8.6320
256,512,2,8192,10.9053
256,512,2,16384,15.4520
256,512,4,16,8.3258
256,512,4,32,8.3271
256,512,4,64,8.3297
256,512,4,128,8.3349
256,512,4,256,8.3453
256,512,4,512,8.3660
256,512,4,1024,8.4076
256,512,4,2048,8.6409
256,512,4,4096,10.9142
256,512,4,8192,15.4609
256,512,4,16384,24.5542
256,512,8,16,8.3271
256,512,8,32,8.3297
256,512,8,64,8.3349
256,512,8,128,8.3453
256,512,8,256,8.3660
256,512,8,512,8.4076
256,512,8,1024,8.6586
256,512,8,2048,10.9320
256,512,8,4096,15.4787
256,512,8,8192,24.5720
256,512,8,16384,42.7587
256,512,16,16,8.3297
256,512,16,32,8.3349
256,512,16,64,8.3453
256,512,16,128,8.3660
256,512,16,256,8.4076
256,512,16,512,8.6942
256,512,16,1024,10.9675
256,512,16,2048,15.5142
256,512,16,4096,24.6075
256,512,16,8192,42.7942
256,512,16,16384,79.1676
256,512,32,16,8.3349
256,512,32,32,8.3453
256,512,32,64,8.3660
256,512,32,128,8.4076
256,512,32,256,8.7652
256,512,32,512,11.0385
256,512,32,1024,15.5852
256,512,32,2048,24.6786
256,512,32,4096,42.8652
256,512,32,8192,79.2386
256,512,32,16384,151.9853
256,512,64,16,8.3453
256,512,64,32,8.3660
256,512,64,64,8.4076
256,512,64,128,8.9073
256,512,64,256,11.1806
256,512,64,512,15.7273
256,512,64,1024,24.8206
256,512,64,2048,43.0073
256,512,64,4096,79.3807
256,512,64,8192,152.1274
256,512,64,16384,297.6209
256,512,128,16,8.3660
256,512,128,32,8.4076
256,512,128,64,9.1915
256,512,128,128,11.4648
256,512,128,256,16.0115
256,512,128,512,25.1048
256,512,128,1024,43.2915
256,512,128,2048,79.6649
256,512,128,4096,152.4116
256,512,128,8192,297.9051
256,512,128,16384,588.8920
256,1024,0,0,10.9841
256,1024,1,16,10.9844
256,1024,1,32,10.9847
256,1024,1,64,10.9854
256,1024,1,128,10.9867
256,1024,1,256,10.9893
256,1024,1,512,10.9945
256,1024,1,1024,11.0048
256,1024,1,2048,11.0256
256,1024,1,4096,11.0672
256,1024,1,8192,11.1503
256,1024,1,16384,11.3165
256,1024,2,16,10.9847
256,1024,2,32,10.9854
256,1024,2,64,10.9867
256,1024,2,128,10.9893
256,1024,2,256,10.9945
256,1024,2,512,11.0048
256,1024,2,1024,11.0256
256,1024,2,2048,11.0672
256,1024,2,4096,11.1503
256,1024,2,8192,11.3165
256,1024,2,16384,15.5941
256,1024,4,16,10.9854
256,1024,4,32,10.9867
256,1024,4,64,10.9893
256,1024,4,128,10.9945
256,1024,4,256,11.0048
256,1024,4,512,11.0256
256,1024,4,1024,11.0672
256,1024,4,2048,11.1503
256,1024,4,4096,11.3165
256,1024,4,8192,15.6030
256,1024,4,16384,24.6963
256,1024,8,16,10.9867
256,1024,8,32,10.9893
256,1024,8,64,10.9945
256,1024,8,128,11.0048
256,1024,8,256,11.0256
256,1024,8,512,11.0672
256,1024,8,1024,11.1503
256,1024,8,2048,11.3165
256,1024,8,4096,15.6207
256,1024,8,8192,24.7141
256,1024,8,16384,42.9008
256,1024,16,16,10.9893
256,1024,16,32,10.9945
256,1024,16,64,11.0048
256,1024,16,128,11.0256
256,1024,16,256,11.0672
256,1024,16,512,11.1503
256,1024,16,1024,11.3165
256,1024,16,2048,15.6563
256,1024,16,4096,24.7496
256,1024,16,8192,42.9363
256,1024,16,16384,79.3097
256,1024,32,16,10.9945
256,1024,32,32,11.0048
256,1024,32,64,11.0256
256,1024,32,128,11.0672
256,1024,32,256,11.1503
256,1024,32,512,11.3165
256,1024,32,1024,15.7273
256,1024,32,2048,24.8206
256,1024,32,4096,43.0073
256,1024,32,8192,79.3807
256,1024,32,16384,152.1274
256,1024,64,16,11.0048
256,1024,64,32,11.0256
256,1024,64,64,11.0672
256,1024,64,128,11.1503
256,1024,64,256,11.3227
256,1024,64,512,15.8694
256,1024,64,1024,24.9627
256,1024,64,2048,43.1494
256,1024,64,4096,79.5228
256,1024,64,8192,152.2695
256,1024,64,16384,297.7630
256,1024,128,16,11.0256
256,1024,128,32,11.0672
256,1024,128,64,11.1503
256,1024,128,128,11.6069
256,1024,128,256,16.1536
256,1024,128,512,25.2469
256,1024,128,1024,43.4336
256,1024,128,2048,79.8069
256,1024,128,4096,152.5537
256,1024,128,8192,298.0472
256,1024,128,16384,589.0341
256,2048,0,0,16.3032
256,2048,1,16,16.3036
256,2048,1,32,16.3039
256,2048,1,64,16.3045
256,2048,1,128,16.3058
256,2048,1,256,16.3084
256,2048,1,512,16.3136
256,2048,1,1024,16.3240
256,2048,1,2048,16.3448
256,2048,1,4096,16.3864
256,2048,1,8192,16.4695
256,2048,1,16384,16.6357
256,2048,2,16,16.3039
256,2048,2,32,16.3045
256,2048,2,64,16.3058
256,2048,2,128,16.3084
256,2048,2,256,16.3136
256,2048,2,512,16.3240
256,2048,2,1024,16.3448
256,2048,2,2048,16.3864
256,2048,2,4096,16.4695
256,2048,2,8192,16.6357
256,2048,2,16384,16.9681
256,2048,4,16,16.3045
256,2048,4,32,16.3058
256,2048,4,64,16.3084
256,2048,4,128,16.3136
256,2048,4,256,16.3240
256,2048,4,512,16.3448
256,2048,4,1024,16.3864
256,2048,4,2048,16.4695
256,2048,4,4096,16.6357
256,2048,4,8192,16.9681
256,2048,4,16384,24.9805
256,2048,8,16,16.3058
256,2048,8,32,16.3084
256,2048,8,64,16.3136
256,2048,8,128,16.3240
256,2048,8,256,16.3448
256,2048,8,512,16.3864
256,2048,8,1024,16.4695
256,2048,8,2048,16.6357
256,2048,8,4096,16.9681
256,2048,8,8192,24.9982
256,2048,8,16384,43.1849
256,2048,16,16,16.3084
256,2048,16,32,16.3136
256,2048,16,64,16.3240
256,2048,16,128,16.3448
256,2048,16,256,16.3864
256,2048,16,512,16.4695
256,2048,16,1024,16.6357
256,2048,16,2048,16.9681
256,2048,16,4096,25.0338
256,2048,16,8192,43.2205
256,2048,16,16384,79.5938
256,2048,32,16,16.3136
256,2048,32,32,16.3240
256,2048,32,64,16.3448
256,2048,32,128,16.3864
256,2048,32,256,16.4695
256,2048,32,512,16.6357
256,2048,32,1024,16.9681
256,2048,32,2048,25.1048
256,2048,32,4096,43.2915
256,2048,32,8192,79.6649
256,2048,32,16384,152.4116
256,2048,64,16,16.3240
256,2048,64,32,16.3448
256,2048,64,64,16.3864
256,2048,64,128,16.4695
256,2048,64,256,16.6357
256,2048,64,512,16.9681
256,2048,64,1024,25.2469
256,2048,64,2048,43.4336
256,2048,64,4096,79.8069
256,2048,64,8192,152.5537
256,2048,64,16384,298.0472
256,2048,128,16,16.3448
256,2048,128,32,16.3864
256,2048,128,64,16.4695
256,2048,128,128,16.6357
256,2048,128,256,16.9681
256,2048,128,512,25.5311
256,2048,128,1024,43.7177
256,2048,128,2048,80.0911
256,2048,128,4096,152.8378
256,2048,128,8192,298.3313
256,2048,128,16384,589.3183
256,4096,0,0,26.9416
256,4096,1,16,26.9419
256,4096,1,32,26.9422
256,4096,1,64,26.9429
256,4096,1,128,26.9442
256,4096,1,256,26.9468
256,4096,1,512,26.9520
256,4096,1,1024,26.9624
256,4096,1,2048,26.9832
256,4096,1,4096,27.0247
256,4096,1,8192,27.1078
256,4096,1,16384,27.2740
256,4096,2,16,26.9422
256,4096,2,32,26.9429
256,4096,2,64,26.9442
256,4096,2,128,26.9468
256,4096,2,256,26.9520
256,4096,2,512,26.9624
256,4096,2,1024,26.9832
256,4096,2,2048,27.0247
256,4096,2,4096,27.1078
256,4096,2,8192,27.2740
256,4096,2,16384,27.6065
256,4096,4,16,26.9429
256,4096,4,32,26.9442
256,4096,4,64,26.9468
256,4096,4,128,26.9520
256,4096,4,256,26.9624
256,4096,4,512,26.9832
256,4096,4,1024,27.0247
256,4096,4,2048,27.1078
256,4096,4,4096,27.2740
256,4096,4,8192,27.6065
256,4096,4,16384,28.2714
256,4096,8,16,26.9442
256,4096,8,32,26.9468
256,4096,8,64,26.9520
256,4096,8,128,26.9624
256,4096,8,256,26.9832
256,4096,8,512,27.0247
256,4096,8,1024,27.1078
256,4096,8,2048,27.2740
256,4096,8,4096,27.6065
256,4096,8,8192,28.2714
256,4096,8,16384,43.7533
256,4096,16,16,26.9468
256,4096,16,32,26.9520
256,4096,16,64,26.9624
256,4096,16,128,26.9832
256,4096,16,256,27.0247
256,4096,16,512,27.1078
256,4096,16,1024,27.2740
256,4096,16,2048,27.6065
256,4096,16,4096,28.2714
256,4096,16,8192,43.7888
256,4096,16,16384,80.1622
256,4096,32,16,26.9520
256,4096,32,32,26.9624
256,4096,32,64,26.9832
256,4096,32,128,27.0247
256,4096,32,256,27.1078
256,4096,32,512,27.2740
256,4096,32,1024,27.6065
256,4096,32,2048,28.2714
256,4096,32,4096,43.8598
256,4096,32,8192,80.2332
256,4096,32,16384,152.9799
256,4096,64,16,26.9624
256,4096,64,32,26.9832
256,4096,64,64,27.0247
256,4096,64,128,27.1078
256,4096,64,256,27.2740
256,4096,64,512,27.6065
256,4096,64,1024,28.2714
256,4096,64,2048,44.0019
256,4096,64,4096,80.3753
256,4096,64,8192,153.1220
256,4096,64,16384,298.6155
256,4096,128,16,26.9832
256,4096,128,32,27.0247
256,4096,128,64,27.1078
256,4096,128,128,27.2740
256,4096,128,256,27.6065
256,4096,128,512,28.2714
256,4096,128,1024,44.2861
256,4096,128,2048,80.6594
256,4096,128,4096,153.4062
256,4096,128,8192,298.8997
256,4096,128,16384,589.8866
256,8192,0,0,48.2183
256,8192,1,16,48.2186
256,8192,1,32,48.2189
256,8192,1,64,48.2196
256,8192,1,128,48.2209
256,8192,1,256,48.2235
256,8192,1,512,48.2287
256,8192,1,1024,48.2391
256,8192,1,2048,48.2598
256,8192,1,4096,48.3014
256,8192,1,8192,48.3845
256,8192,1,16384,48.5507
256,8192,2,16,48.2189
256,8192,2,32,48.2196
256,8192,2,64,48.2209
256,8192,2,128,48.2235
256,8192,2,256,48.2287
256,8192,2,512,48.2391
256,8192,2,1024,48.2598
256,8192,2,2048,48.3014
256,8192,2,4096,48.3845
256,8192,2,8192,48.5507
256,8192,2,16384,48.8832
256,8192,4,16,48.2196
256,8192,4,32,48.2209
256,8192,4,64,48.2235
256,8192,4,128,48.2287
256,8192,4,256,48.2391
256,8192,4,512,48.2598
256,8192,4,1024,48.3014
256,8192,4,2048,48.3845
256,8192,4,4096,48.5507
256,8192,4,8192,48.8832
256,8192,4,16384,49.5481
256,8192,8,16,48.2209
256,8192,8,32,48.2235
256,8192,8,64,48.2287
256,8192,8,128,48.2391
256,8192,8,256,48.2598
256,8192,8,512,48.3014
256,8192,8,1024,48.3845
256,8192,8,2048,48.5507
256,8192,8,4096,48.8832
256,8192,8,8192,49.5481
256,8192,8,16384,50.8779
256,8192,16,16,48.2235
256,8192,16,32,48.2287
256,8192,16,64,48.2391
256,8192,16,128,48.2598
256,8192,16,256,48.3014
256,8192,16,512,48.3845
256,8192,16,1024,48.5507
256,8192,16,2048,48.8832
256,8192,16,4096,49.5481
256,8192,16,8192,50.8779
256,8192,16,16384,81.2988
256,8192,32,16,48.2287
256,8192,32,32,48.2391
256,8192,32,64,48.2598
256,8192,32,128,48.3014
256,8192,32,256,48.3845
256,8192,32,512,48.5507
256,8192,32,1024,48.8832
256,8192,32,2048,49.5481
256,8192,32,4096,50.8779
256,8192,32,8192,81.3699
256,8192,32,16384,154.1166
256,8192,64,16,48.2391
256,8192,64,32,48.2598
256,8192,64,64,48.3014
256,8192,64,128,48.3845
256,8192,64,256,48.5507
256,8192,64,512,48.8832
256,8192,64,1024,49.5481
256,8192,64,2048,50.8779
256,8192,64,4096,81.5119
256,8192,64,8192,154.2587
256,8192,64,16384,299.7522
256,8192,128,16,48.2598
256,8192,128,32,48.3014
256,8192,128,64,48.3845
256,8192,128,128,48.5507
256,8192,128,256,48.8832
256,8192,128,512,49.5481
256,8192,128,1024,50.8779
256,8192,128,2048,81.7961
256,8192,128,4096,154.5429
256,8192,128,8192,300.0363
256,8192,128,16384,591.0233
256,16384,0,0,90.7717
256,16384,1,16,90.7720
256,16384,1,32,90.7723
256,16384,1,64,90.7730
256,16384,1,128,90.7743
256,16384,1,256,90.7769
256,16384,1,512,90.7821
256,16384,1,1024,90.7925
256,16384,1,2048,90.8132
256,16384,1,4096,90.8548
256,16384,1,8192,90.9379
256,16384,1,16384,91.1041
256,16384,2,16,90.7723
256,16384,2,32,90.7730
256,16384,2,64,90.7743
256,16384,2,128,90.7769
256,16384,2,256,90.7821
256,16384,2,512,90.7925
256,16384,2,1024,90.8132
256,16384,2,2048,90.8548
256,16384,2,4096,90.9379
256,16384,2,8192,91.1041
256,16384,2,16384,91.4366
256,16384,4,16,90.7730
256,16384,4,32,90.7743
256,16384,4,64,90.7769
256,16384,4,128,90.7821
256,16384,4,256,90.7925
256,16384,4,512,90.8132
256,16384,4,1024,90.8548
256,16384,4,2048,90.9379
256,16384,4,4096,91.1041
256,16384,4,8192,91.4366
256,16384,4,16384,92.1015
256,16384,8,16,90.7743
256,16384,8,32,90.7769
256,16384,8,64,90.7821
256,16384,8,128,90.7925
256,16384,8,256,90.8132
256,16384,8,512,90.8548
256,16384,8,1024,90.9379
256,16384,8,2048,91.1041
256,16384,8,4096,91.4366
256,16384,8,8192,92.1015
256,16384,8,16384,93.4313
256,16384,16,16,90.7769
256,16384,16,32,90.7821
256,16384,16,64,90.7925
256,16384,16,128,90.8132
256,16384,16,256,90.8548
256,16384,16,512,90.9379
256,16384,16,1024,91.1041
256,16384,16,2048,91.4366
256,16384,16,4096,92.1015
256,16384,16,8192,93.4313
256,16384,16,16384,96.0909
256,16384,32,16,90.7821
256,16384,32,32,90.7925
256,16384,32,64,90.8132
256,16384,32,128,90.8548
256,16384,32,256,90.9379
256,16384,32,512,91.1041
256,16384,32,1024,91.4366
256,16384,32,2048,92.1015
256,16384,32,4096,93.4313
256,16384,32,8192,96.0909
256,16384,32,16384,156.3899
256,16384,64,16,90.7925
256,16384,64,32,90.8132
256,16384,64,64,90.8548
256,16384,64,128,90.9379
256,16384,64,256,91.1041
256,16384,64,512,91.4366
256,16384,64,1024,92.1015
256,16384,64,2048,93.4313
256,16384,64,4096,96.0909
256,16384,64,8192,156.5320
256,16384,64,16384,302.0255
256,16384,128,16,90.8132
256,16384,128,32,90.8548
256,16384,128,64,90.9379
256,16384,128,128,91.1041
256,16384,128,256,91.4366
256,16384,128,512,92.1015
256,16384,128,1024,93.4313
256,16384,128,2048,96.0909
256,16384,128,4096,156.8162
256,16384,128,8192,302.3097
256,16384,128,16384,593.2966
273,0,0,0,6.2879
273,0,1,512,6.4344
273,0,1,768,6.5055
273,0,1,1152,6.6120
273,0,1,1728,6.7719
273,0,1,2592,7.0116
273,0,1,3888,7.3713
273,0,1,5832,7.9108
273,0,1,8748,8.7200
273,0,1,13122,9.9338
273,0,1,16384,10.8390
273,0,2,512,6.5810
273,0,2,768,6.7230
273,0,2,1152,6.9362
273,0,2,1728,7.2559
273,0,2,2592,7.7354
273,0,2,3888,8.4547
273,0,2,5832,9.5336
273,0,2,8748,11.1520
273,0,2,13122,13.5797
273,0,2,16384,15.3901
273,0,4,512,6.8740
273,0,4,768,7.1582
273,0,4,1152,7.5844
273,0,4,1728,8.2238
273,0,4,2592,9.1829
273,0,4,3888,10.6215
273,0,4,5832,12.7793
273,0,4,8748,16.0162
273,0,4,13122,20.8714
273,0,4,16384,24.4924
273,0,8,512,7.4601
273,0,8,768,8.0284
273,0,8,1152,8.8809
273,0,8,1728,10.1597
273,0,8,2592,12.0778
273,0,8,3888,14.9550
273,0,8,5832,19.2708
273,0,8,8748,25.7445
273,0,8,13122,35.4550
273,0,8,16384,42.6968
273,0,16,512,8.6323
273,0,16,768,9.7690
273,0,16,1152,11.4740
273,0,16,1728,14.0315
273,0,16,2592,17.8677
273,0,16,3888,23.6221
273,0,16,5832,32.2537
273,0,16,8748,45.2010
273,0,16,13122,64.6221
273,0,16,16384,79.1057
273,0,32,512,10.9767
273,0,32,768,13.2500
273,0,32,1152,16.6600
273,0,32,1728,21.7750
273,0,32,2592,29.4475
273,0,32,3888,40.9563
273,0,32,5832,58.2194
273,0,32,8748,84.1141
273,0,32,13122,122.9562
273,0,32,16384,151.9235
273,0,64,512,15.6654
273,0,64,768,20.2121
273,0,64,1152,27.0321
273,0,64,1728,37.2621
273,0,64,2592,52.6071
273,0,64,3888,75.6246
273,0,64,5832,110.1509
273,0,64,8748,161.9403
273,0,64,13122,239.6245
273,0,64,16384,297.5590
273,0,128,512,25.0429
273,0,128,768,34.1363
273,0,128,1152,47.7763
273,0,128,1728,68.2363
273,0,128,2592,98.9263
273,0,128,3888,144.9614
273,0,128,5832,214.0139
273,0,128,8748,317.5928
273,0,128,13122,472.9611
273,0,128,16384,588.8301
273,512,0,0,8.5923
273,512,1,512,8.6027
273,512,1,768,8.6079
273,512,1,1152,8.6157
273,512,1,1728,8.6274
273,512,1,2592,8.6449
273,512,1,3888,8.6712
273,512,1,5832,8.7107
273,512,1,8748,8.8621
273,512,1,13122,10.0759
273,512,1,16384,10.9811
273,512,2,512,8.6131
273,512,2,768,8.6235
273,512,2,1152,8.6391
273,512,2,1728,8.6625
273,512,2,2592,8.6975
273,512,2,3888,8.7501
273,512,2,5832,9.6757
273,512,2,8748,11.2941
273,512,2,13122,13.7218
273,512,2,16384,15.5322
273,512,4,512,8.6339
273,512,4,768,8.6547
273,512,4,1152,8.6858
273,512,4,1728,8.7326
273,512,4,2592,9.3249
273,512,4,3888,10.7635
273,512,4,5832,12.9214
273,512,4,8748,16.1583
273,512,4,13122,21.0135
273,512,4,16384,24.6344
273,512,8,512,8.6754
273,512,8,768,8.7170
273,512,8,1152,9.0230
273,512,8,1728,10.3018
273,512,8,2592,12.2199
273,512,8,3888,15.0971
273,512,8,5832,19.4129
273,512,8,8748,25.8865
273,512,8,13122,35.5971
273,512,8,16384,42.8389
273,512,16,512,8.7744
273,512,16,768,9.9110
273,512,16,1152,11.6160
273,512,16,1728,14.1735
273,512,16,2592,18.0098
273,512,16,3888,23.7642
273,512,16,5832,32.3957
273,512,16,8748,45.3431
273,512,16,13122,64.7641
273,512,16,16384,79.2478
273,512,32,512,11.1187
273,512,32,768,13.3921
273,512,32,1152,16.8021
273,512,32,1728,21.9171
273,512,32,2592,29.5896
273,512,32,3888,41.0984
273,512,32,5832,58.3615
273,512,32,8748,84.2562
273,512,32,13122,123.0983
273,512,32,16384,152.0655
273,512,64,512,15.8075
273,512,64,768,20.3542
273,512,64,1152,27.1742
273,512,64,1728,37.4042
273,512,64,2592,52.7492
273,512,64,3888,75.7667
273,512,64,5832,110.2930
273,512,64,8748,162.0824
273,512,64,13122,239.7666
273,512,64,16384,297.7011
273,512,128,512,25.1850
273,512,128,768,34.2784
273,512,128,1152,47.9184
273,512,128,1728,68.3784
273,512,128,2592,99.0684
273,512,128,3888,145.1035
273,512,128,5832,214.1560
273,512,128,8748,317.7349
273,512,128,13122,473.1031
273,512,128,16384,588.9722
273,768,0,0,10.0104
273,768,1,512,10.0208
273,768,1,768,10.0260
273,768,1,1152,10.0338
273,768,1,1728,10.0455
273,768,1,2592,10.0630
273,768,1,3888,10.0893
273,768,1,5832,10.1288
273,768,1,8748,10.1879
273,768,1,13122,10.2767
273,768,1,16384,11.0521
273,768,2,512,10.0312
273,768,2,768,10.0416
273,768,2,1152,10.0572
273,768,2,1728,10.0806
273,768,2,2592,10.1156
273,768,2,3888,10.1682
273,768,2,5832,10.2471
273,768,2,8748,11.3652
273,768,2,13122,13.7928
273,768,2,16384,15.6033
273,768,4,512,10.0520
273,768,4,768,10.0728
273,768,4,1152,10.1039
273,768,4,1728,10.1507
273,768,4,2592,10.2208
273,768,4,3888,10.8346
273,768,4,5832,12.9925
273,768,4,8748,16.2293
273,768,4,13122,21.0846
273,768,4,16384,24.7055
273,768,8,512,10.0935
273,768,8,768,10.1351
273,768,8,1152,10.1974
273,768,8,1728,10.3728
273,768,8,2592,12.2909
273,768,8,3888,15.1681
273,768,8,5832,19.4839
273,768,8,8748,25.9576
273,768,8,13122,35.6681
273,768,8,16384,42.9099
273,768,16,512,10.1767
273,768,16,768,10.2598
273,768,16,1152,11.6871
273,768,16,1728,14.2446
273,768,16,2592,18.0808
273,768,16,3888,23.8352
273,768,16,5832,32.4668
273,768,16,8748,45.4141
273,768,16,13122,64.8352
273,768,16,16384,79.3188
273,768,32,512,11.1898
273,768,32,768,13.4631
273,768,32,1152,16.8731
273,768,32,1728,21.9881
273,768,32,2592,29.6606
273,768,32,3888,41.1694
273,768,32,5832,58.4325
273,768,32,8748,84.3273
273,768,32,13122,123.1693
273,768,32,16384,152.1366
273,768,64,512,15.8785
273,768,64,768,20.4252
273,768,64,1152,27.2452
273,768,64,1728,37.4752
273,768,64,2592,52.8202
273,768,64,3888,75.8378
273,768,64,5832,110.3640
273,768,64,8748,162.1535
273,768,64,13122,239.8376
273,768,64,16384,297.7721
273,768,128,512,25.2561
273,768,128,768,34.3494
273,768,128,1152,47.9894
273,768,128,1728,68.4494
273,768,128,2592,99.1395
273,768,128,3888,145.1745
273,768,128,5832,214.2271
273,768,128,8748,317.8059
273,768,128,13122,473.1742
273,768,128,16384,589.0433
273,1152,0,0,12.1376
273,1152,1,512,12.1480
273,1152,1,768,12.1532
273,1152,1,1152,12.1610
273,1152,1,1728,12.1726
273,1152,1,2592,12.1902
273,1152,1,3888,12.2165
273,1152,1,5832,12.2559
273,1152,1,8748,12.3151
273,1152,1,13122,12.4038
273,1152,1,16384,12.4700
273,1152,2,512,12.1584
273,1152,2,768,12.1688
273,1152,2,1152,12.1843
273,1152,2,1728,12.2077
273,1152,2,2592,12.2428
273,1152,2,3888,12.2954
273,1152,2,5832,12.3743
273,1152,2,8748,12.4926
273,1152,2,13122,13.8994
273,1152,2,16384,15.7098
273,1152,4,512,12.1791
273,1152,4,768,12.1999
273,1152,4,1152,12.2311
273,1152,4,1728,12.2778
273,1152,4,2592,12.3480
273,1152,4,3888,12.4532
273,1152,4,5832,13.0990
273,1152,4,8748,16.3359
273,1152,4,13122,21.1911
273,1152,4,16384,24.8120
273,1152,8,512,12.2207
273,1152,8,768,12.2623
273,1152,8,1152,12.3246
273,1152,8,1728,12.4181
273,1152,8,2592,12.5583
273,1152,8,3888,15.2747
273,1152,8,5832,19.5905
273,1152,8,8748,26.0642
273,1152,8,13122,35.7747
273,1152,8,16384,43.0165
273,1152,16,512,12.3038
273,1152,16,768,12.3869
273,1152,16,1152,12.5116
273,1152,16,1728,14.3511
273,1152,16,2592,18.1874
273,1152,16,3888,23.9418
273,1152,16,5832,32.5734
273,1152,16,8748,45.5207
273,1152,16,13122,64.9417
273,1152,16,16384,79.4254
273,1152,32,512,12.4700
273,1152,32,768,13.5697
273,1152,32,1152,16.9797
273,1152,32,1728,22.0947
273,1152,32,2592,29.7672
273,1152,32,3888,41.2760
273,1152,32,5832,58.5391
273,1152,32,8748,84.4338
273,1152,32,13122,123.2759
273,1152,32,16384,152.2432
273,1152,64,512,15.9851
273,1152,64,768,20.5318
273,1152,64,1152,27.3518
273,1152,64,1728,37.5818
273,1152,64,2592,52.9268
273,1152,64,3888,75.9443
273,1152,64,5832,110.4706
273,1152,64,8748,162.2600
273,1152,64,13122,239.9442
273,1152,64,16384,297.8787
273,1152,128,512,25.3626
273,1152,128,768,34.4560
273,1152,128,1152,48.0960
273,1152,128,1728,68.5560
273,1152,128,2592,99.2460
273,1152,128,3888,145.2811
273,1152,128,5832,214.3336
273,1152,128,8748,317.9125
273,1152,128,13122,473.2808
273,1152,128,16384,589.1498
273,1728,0,0,15.3283
273,1728,1,512,15.3387
273,1728,1,768,15.3439
273,1728,1,1152,15.3517
273,1728,1,1728,15.3634
273,1728,1,2592,15.3809
273,1728,1,3888,15.4072
273,1728,1,5832,15.4466
273,1728,1,8748,15.5058
273,1728,1,13122,15.5946
273,1728,1,16384,15.6608
273,1728,2,512,15.3491
273,1728,2,768,15.3595
273,1728,2,1152,15.3751
273,1728,2,1728,15.3984
273,1728,2,2592,15.4335
273,1728,2,3888,15.4861
273,1728,2,5832,15.5650
273,1728,2,8748,15.6833
273,1728,2,13122,15.8608
273,1728,2,16384,15.9932
273,1728,4,512,15.3699
273,1728,4,768,15.3906
273,1728,4,1152,15.4218
273,1728,4,1728,15.4686
273,1728,4,2592,15.5387
273,1728,4,3888,15.6439
273,1728,4,5832,15.8017
273,1728,4,8748,16.4957
273,1728,4,13122,21.3510
273,1728,4,16384,24.9719
273,1728,8,512,15.4114
273,1728,8,768,15.4530
273,1728,8,1152,15.5153
273,1728,8,1728,15.6088
273,1728,8,2592,15.7491
273,1728,8,3888,15.9594
273,1728,8,5832,19.7503
273,1728,8,8748,26.2240
273,1728,8,13122,35.9345
273,1728,8,16384,43.1763
273,1728,16,512,15.4945
273,1728,16,768,15.5776
273,1728,16,1152,15.7023
273,1728,16,1728,15.8893
273,1728,16,2592,18.3472
273,1728,16,3888,24.1016
273,1728,16,5832,32.7332
273,1728,16,8748,45.6806
273,1728,16,13122,65.1016
273,1728,16,16384,79.5852
273,1728,32,512,15.6608
273,1728,32,768,15.8270
273,1728,32,1152,17.1395
273,1728,32,1728,22.2545
273,1728,32,2592,29.9270
273,1728,32,3888,41.4358
273,1728,32,5832,58.6989
273,1728,32,8748,84.5937
273,1728,32,13122,123.4357
273,1728,32,16384,152.4030
273,1728,64,512,16.1449
273,1728,64,768,20.6916
273,1728,64,1152,27.5116
273,1728,64,1728,37.7416
273,1728,64,2592,53.0867
273,1728,64,3888,76.1042
273,1728,64,5832,110.6305
273,1728,64,8748,162.4199
273,1728,64,13122,240.1040
273,1728,64,16384,298.0386
273,1728,128,512,25.5225
273,1728,128,768,34.6158
273,1728,128,1152,48.2558
273,1728,128,1728,68.7158
273,1728,128,2592,99.4059
273,1728,128,3888,145.4409
273,1728,128,5832,214.4935
273,1728,128,8748,318.0723
273,1728,128,13122,473.4406
273,1728,128,16384,589.3097
273,2592,0,0,20.1144
273,2592,1,512,20.1248
273,2592,1,768,20.1300
273,2592,1,1152,20.1378
273,2592,1,1728,20.1495
273,2592,1,2592,20.1670
273,2592,1,3888,20.1933
273,2592,1,5832,20.2327
273,2592,1,8748,20.2919
273,2592,1,13122,20.3807
273,2592,1,16384,20.4468
273,2592,2,512,20.1352
273,2592,2,768,20.1456
273,2592,2,1152,20.1612
273,2592,2,1728,20.1845
273,2592,2,2592,20.2196
273,2592,2,3888,20.2722
273,2592,2,5832,20.3511
273,2592,2,8748,20.4694
273,2592,2,13122,20.6469
273,2592,2,16384,20.7793
273,2592,4,512,20.1560
273,2592,4,768,20.1767
273,2592,4,1152,20.2079
273,2592,4,1728,20.2547
273,2592,4,2592,20.3248
273,2592,4,3888,20.4300
273,2592,4,5832,20.5877
273,2592,4,8748,20.8244
273,2592,4,13122,21.5907
273,2592,4,16384,25.2117
273,2592,8,512,20.1975
273,2592,8,768,20.2391
273,2592,8,1152,20.3014
273,2592,8,1728,20.3949
273,2592,8,2592,20.5352
273,2592,8,3888,20.7455
273,2592,8,5832,21.0611
273,2592,8,8748,26.4638
273,2592,8,13122,36.1743
273,2592,8,16384,43.4161
273,2592,16,512,20.2806
273,2592,16,768,20.3637
273,2592,16,1152,20.4884
273,2592,16,1728,20.6754
273,2592,16,2592,20.9559
273,2592,16,3888,24.3414
273,2592,16,5832,32.9730
273,2592,16,8748,45.9203
273,2592,16,13122,65.3414
273,2592,16,16384,79.8250
273,2592,32,512,20.4468
273,2592,32,768,20.6131
273,2592,32,1152,20.8624
273,2592,32,1728,22.4943
273,2592,32,2592,30.1668
273,2592,32,3888,41.6756
273,2592,32,5832,58.9387
273,2592,32,8748,84.8334
273,2592,32,13122,123.6755
273,2592,32,16384,152.6428
273,2592,64,512,20.7793
273,2592,64,768,21.1117
273,2592,64,1152,27.7514
273,2592,64,1728,37.9814
273,2592,64,2592,53.3264
273,2592,64,3888,76.3439
273,2592,64,5832,110.8702
273,2592,64,8748,162.6596
273,2592,64,13122,240.3438
273,2592,64,16384,298.2783
273,2592,128,512,25.7622
273,2592,128,768,34.8556
273,2592,128,1152,48.4956
273,2592,128,1728,68.9556
273,2592,128,2592,99.6456
273,2592,128,3888,145.6807
273,2592,128,5832,214.7332
273,2592,128,8748,318.3121
273,2592,128,13122,473.6804
273,2592,128,16384,589.5494
273,3888,0,0,27.2935
273,3888,1,512,27.3039
273,3888,1,768,27.3091
273,3888,1,1152,27.3169
273,3888,1,1728,27.3286
273,3888,1,2592,27.3461
273,3888,1,3888,27.3724
273,3888,1,5832,27.4119
273,3888,1,8748,27.4710
273,3888,1,13122,27.5598
273,3888,1,16384,27.6260
273,3888,2,512,27.3143
273,3888,2,768,27.3247
273,3888,2,1152,27.3403
273,3888,2,1728,27.3637
273,3888,2,2592,27.3987
273,3888,2,3888,27.4513
273,3888,2,5832,27.5302
273,3888,2,8748,27.6485
273,3888,2,13122,27.8261
273,3888,2,16384,27.9584
273,3888,4,512,27.3351
273,3888,4,768,27.3559
273,3888,4,1152,27.3870
273,3888,4,1728,27.4338
273,3888,4,2592,27.5039
273,3888,4,3888,27.6091
273,3888,4,5832,27.7669
273,3888,4,8748,28.0036
273,3888,4,13122,28.3586
273,3888,4,16384,28.6233
273,3888,8,512,27.3766
273,3888,8,768,27.4182
273,3888,8,1152,27.4805
273,3888,8,1728,27.5740
273,3888,8,2592,27.7143
273,3888,8,3888,27.9247
273,3888,8,5832,28.2402
273,3888,8,8748,28.7136
273,3888,8,13122,36.5339
273,3888,8,16384,43.7757
273,3888,16,512,27.4598
273,3888,16,768,27.5429
273,3888,16,1152,27.6675
273,3888,16,1728,27.8545
273,3888,16,2592,28.1350
273,3888,16,3888,28.5558
273,3888,16,5832,33.3326
273,3888,16,8748,46.2800
273,3888,16,13122,65.7010
273,3888,16,16384,80.1846
273,3888,32,512,27.6260
273,3888,32,768,27.7922
273,3888,32,1152,28.0415
273,3888,32,1728,28.4155
273,3888,32,2592,30.5265
273,3888,32,3888,42.0352
273,3888,32,5832,59.2984
273,3888,32,8748,85.1931
273,3888,32,13122,124.0351
273,3888,32,16384,153.0024
273,3888,64,512,27.9584
273,3888,64,768,28.2909
273,3888,64,1152,28.7895
273,3888,64,1728,38.3411
273,3888,64,2592,53.6861
273,3888,64,3888,76.7036
273,3888,64,5832,111.2299
273,3888,64,8748,163.0193
273,3888,64,13122,240.7034
273,3888,64,16384,298.6380
273,3888,128,512,28.6233
273,3888,128,768,35.2152
273,3888,128,1152,48.8552
273,3888,128,1728,69.3152
273,3888,128,2592,100.0053
273,3888,128,3888,146.0403
273,3888,128,5832,215.0929
273,3888,128,8748,318.6717
273,3888,128,13122,474.0400
273,3888,128,16384,589.9091
273,5832,0,0,38.0622
273,5832,1,512,38.0726
273,5832,1,768,38.0778
273,5832,1,1152,38.0856
273,5832,1,1728,38.0973
273,5832,1,2592,38.1148
273,5832,1,3888,38.1411
273,5832,1,5832,38.1806
273,5832,1,8748,38.2397
273,5832,1,13122,38.3285
273,5832,1,16384,38.3947
273,5832,2,512,38.0830
273,5832,2,768,38.0934
273,5832,2,1152,38.1090
273,5832,2,1728,38.1324
273,5832,2,2592,38.1674
273,5832,2,3888,38.2200
273,5832,2,5832,38.2989
273,5832,2,8748,38.4172
273,5832,2,13122,38.5947
273,5832,2,16384,38.7271
273,5832,4,512,38.1038
273,5832,4,768,38.1246
273,5832,4,1152,38.1557
273,5832,4,1728,38.2025
273,5832,4,2592,38.2726
273,5832,4,3888,38.3778
273,5832,4,5832,38.5356
273,5832,4,8748,38.7723
273,5832,4,13122,39.1273
273,5832,4,16384,39.3920
273,5832,8,512,38.1453
273,5832,8,768,38.1869
273,5832,8,1152,38.2492
273,5832,8,1728,38.3427
273,5832,8,2592,38.4830
273,5832,8,3888,38.6934
273,5832,8,5832,39.0089
273,5832,8,8748,39.4823
273,5832,8,13122,40.1923
273,5832,8,16384,44.3152
273,5832,16,512,38.2285
273,5832,16,768,38.3116
273,5832,16,1152,38.4362
273,5832,16,1728,38.6232
273,5832,16,2592,38.9037
273,5832,16,3888,39.3245
273,5832,16,5832,39.9556
273,5832,16,8748,46.8194
273,5832,16,13122,66.2405
273,5832,16,16384,80.7241
273,5832,32,512,38.3947
273,5832,32,768,38.5609
273,5832,32,1152,38.8102
273,5832,32,1728,39.1842
273,5832,32,2592,39.7453
273,5832,32,3888,42.5747
273,5832,32,5832,59.8378
273,5832,32,8748,85.7325
273,5832,32,13122,124.5746
273,5832,32,16384,153.5419
273,5832,64,512,38.7271
273,5832,64,768,39.0596
273,5832,64,1152,39.5582
273,5832,64,1728,40.3063
273,5832,64,2592,54.2255
273,5832,64,3888,77.2431
273,5832,64,5832,111.7693
273,5832,64,8748,163.5588
273,5832,64,13122,241.2429
273,5832,64,16384,299.1774
273,5832,128,512,39.3920
273,5832,128,768,40.0569
273,5832,128,1152,49.3947
273,5832,128,1728,69.8547
273,5832,128,2592,100.5448
273,5832,128,3888,146.5798
273,5832,128,5832,215.6324
273,5832,128,8748,319.2112
273,5832,128,13122,474.5795
273,5832,128,16384,590.4486
273,8748,0,0,54.2153
273,8748,1,512,54.2257
273,8748,1,768,54.2309
273,8748,1,1152,54.2387
273,8748,1,1728,54.2503
273,8748,1,2592,54.2679
273,8748,1,3888,54.2942
273,8748,1,5832,54.3336
273,8748,1,8748,54.3928
273,8748,1,13122,54.4815
273,8748,1,16384,54.5477
273,8748,2,512,54.2361
273,8748,2,768,54.2464
273,8748,2,1152,54.2620
273,8748,2,1728,54.2854
273,8748,2,2592,54.3205
273,8748,2,3888,54.3731
273,8748,2,5832,54.4520
273,8748,2,8748,54.5703
273,8748,2,13122,54.7478
273,8748,2,16384,54.8802
273,8748,4,512,54.2568
273,8748,4,768,54.2776
273,8748,4,1152,54.3088
273,8748,4,1728,54.3555
273,8748,4,2592,54.4257
273,8748,4,3888,54.5308
273,8748,4,5832,54.6886
273,8748,4,8748,54.9253
273,8748,4,13122,55.2803
273,8748,4,16384,55.5451
273,8748,8,512,54.2984
273,8748,8,768,54.3399
273,8748,8,1152,54.4023
273,8748,8,1728,54.4958
273,8748,8,2592,54.6360
273,8748,8,3888,54.8464
273,8748,8,5832,55.1620
273,8748,8,8748,55.6353
273,8748,8,13122,56.3453
273,8748,8,16384,56.8749
273,8748,16,512,54.3815
273,8748,16,768,54.4646
273,8748,16,1152,54.5893
273,8748,16,1728,54.7763
273,8748,16,2592,55.0568
273,8748,16,3888,55.4775
273,8748,16,5832,56.1087
273,8748,16,8748,57.0554
273,8748,16,13122,67.0497
273,8748,16,16384,81.5333
273,8748,32,512,54.5477
273,8748,32,768,54.7140
273,8748,32,1152,54.9633
273,8748,32,1728,55.3373
273,8748,32,2592,55.8983
273,8748,32,3888,56.7398
273,8748,32,5832,60.6470
273,8748,32,8748,86.5418
273,8748,32,13122,125.3838
273,8748,32,16384,154.3511
273,8748,64,512,54.8802
273,8748,64,768,55.2126
273,8748,64,1152,55.7113
273,8748,64,1728,56.4593
273,8748,64,2592,57.5813
273,8748,64,3888,78.0523
273,8748,64,5832,112.5786
273,8748,64,8748,164.3680
273,8748,64,13122,242.0521
273,8748,64,16384,299.9866
273,8748,128,512,55.5451
273,8748,128,768,56.2100
273,8748,128,1152,57.2073
273,8748,128,1728,70.6639
273,8748,128,2592,101.3540
273,8748,128,3888,147.3890
273,8748,128,5832,216.4416
273,8748,128,8748,320.0204
273,8748,128,13122,475.3887
273,8748,128,16384,591.2578
273,13122,0,0,78.4448
273,13122,1,512,78.4552
273,13122,1,768,78.4604
273,13122,1,1152,78.4682
273,13122,1,1728,78.4799
273,13122,1,2592,78.4974
273,13122,1,3888,78.5237
273,13122,1,5832,78.5632
273,13122,1,8748,78.6224
273,13122,1,13122,78.7111
273,13122,1,16384,78.7773
273,13122,2,512,78.4656
273,13122,2,768,78.4760
273,13122,2,1152,78.4916
273,13122,2,1728,78.5150
273,13122,2,2592,78.5500
273,13122,2,3888,78.6026
273,13122,2,5832,78.6815
273,13122,2,8748,78.7999
273,13122,2,13122,78.9774
273,13122,2,16384,79.1097
273,13122,4,512,78.4864
273,13122,4,768,78.5072
273,13122,4,1152,78.5383
273,13122,4,1728,78.5851
273,13122,4,2592,78.6552
273,13122,4,3888,78.7604
273,13122,4,5832,78.9182
273,13122,4,8748,79.1549
273,13122,4,13122,79.5099
273,13122,4,16384,79.7746
273,13122,8,512,78.5280
273,13122,8,768,78.5695
273,13122,8,1152,78.6319
273,13122,8,1728,78.7254
273,13122,8,2592,78.8656
273,13122,8,3888,79.0760
273,13122,8,5832,79.3915
273,13122,8,8748,79.8649
273,13122,8,13122,80.5749
273,13122,8,16384,81.1044
273,13122,16,512,78.6111
273,13122,16,768,78.6942
273,13122,16,1152,78.8189
273,13122,16,1728,79.0059
273,13122,16,2592,79.2864
273,13122,16,3888,79.7071
273,13122,16,5832,80.3382
273,13122,16,8748,81.2849
273,13122,16,13122,82.7050
273,13122,16,16384,83.7640
273,13122,32,512,78.7773
273,13122,32,768,78.9435
273,13122,32,1152,79.1929
273,13122,32,1728,79.5669
273,13122,32,2592,80.1279
273,13122,32,3888,80.9694
273,13122,32,5832,82.2316
273,13122,32,8748,87.7556
273,13122,32,13122,126.5976
273,13122,32,16384,155.5649
273,13122,64,512,79.1097
273,13122,64,768,79.4422
273,13122,64,1152,79.9409
273,13122,64,1728,80.6889
273,13122,64,2592,81.8109
273,13122,64,3888,83.4939
273,13122,64,5832,113.7924
273,13122,64,8748,165.5818
273,13122,64,13122,243.2659
273,13122,64,16384,301.2005
273,13122,128,512,79.7746
273,13122,128,768,80.4395
273,13122,128,1152,81.4369
273,13122,128,1728,82.9329
273,13122,128,2592,102.5678
273,13122,128,3888,148.6028
273,13122,128,5832,217.6554
273,13122,128,8748,321.2342
273,13122,128,13122,476.6025
273,13122,128,16384,592.4716
273,16384,0,0,96.5145
273,16384,1,512,96.5249
273,16384,1,768,96.5301
273,16384,1,1152,96.5379
273,16384,1,1728,96.5496
273,16384,1,2592,96.5671
273,16384,1,3888,96.5934
273,16384,1,5832,96.6329
273,16384,1,8748,96.6921
273,16384,1,13122,96.7808
273,16384,1,16384,96.8470
273,16384,2,512,96.5353
273,16384,2,768,96.5457
273,16384,2,1152,96.5613
273,16384,2,1728,96.5847
273,16384,2,2592,96.6197
273,16384,2,3888,96.6723
273,16384,2,5832,96.7512
273,16384,2,8748,96.8696
273,16384,2,13122,97.0471
273,16384,2,16384,97.1794
273,16384,4,512,96.5561
273,16384,4,768,96.5769
273,16384,4,1152,96.6080
273,16384,4,1728,96.6548
273,16384,4,2592,96.7249
273,16384,4,3888,96.8301
273,16384,4,5832,96.9879
273,16384,4,8748,97.2246
273,16384,4,13122,97.5796
273,16384,4,16384,97.8443
273,16384,8,512,96.5977
273,16384,8,768,96.6392
273,16384,8,1152,96.7015
273,16384,8,1728,96.7951
273,16384,8,2592,96.9353
273,16384,8,3888,97.1457
273,16384,8,5832,97.4612
273,16384,8,8748,97.9346
273,16384,8,13122,98.6446
273,16384,8,16384,99.1741
273,16384,16,512,96.6808
273,16384,16,768,96.7639
273,16384,16,1152,96.8886
273,16384,16,1728,97.0756
273,16384,16,2592,97.3561
273,16384,16,3888,97.7768
273,16384,16,5832,98.4079
273,16384,16,8748,99.3546
273,16384,16,13122,100.7747
273,16384,16,16384,101.8337
273,16384,32,512,96.8470
273,16384,32,768,97.0132
273,16384,32,1152,97.2626
273,16384,32,1728,97.6366
273,16384,32,2592,98.1976
273,16384,32,3888,99.0391
273,16384,32,5832,100.3013
273,16384,32,8748,102.1947
273,16384,32,13122,127.5029
273,16384,32,16384,156.4701
273,16384,64,512,97.1794
273,16384,64,768,97.5119
273,16384,64,1152,98.0106
273,16384,64,1728,98.7586
273,16384,64,2592,99.8806
273,16384,64,3888,101.5636
273,16384,64,5832,114.6976
273,16384,64,8748,166.4870
273,16384,64,13122,244.1712
273,16384,64,16384,302.1057
273,16384,128,512,97.8443
273,16384,128,768,98.5092
273,16384,128,1152,99.5066
273,16384,128,1728,101.0026
273,16384,128,2592,103.4730
273,16384,128,3888,149.5080
273,16384,128,5832,218.5606
273,16384,128,8748,322.1395
273,16384,128,13122,477.5077
273,16384,128,16384,593.3768
410,0,0,0,6.9342
410,0,1,512,7.0807
410,0,1,768,7.1518
410,0,1,1152,7.2584
410,0,1,1728,7.4182
410,0,1,2592,7.6580
410,0,1,3888,8.0176
410,0,1,5832,8.5571
410,0,1,8748,9.3663
410,0,1,13122,10.5801
410,0,1,16384,11.4853
410,0,2,512,7.2273
410,0,2,768,7.3694
410,0,2,1152,7.5825
410,0,2,1728,7.9022
410,0,2,2592,8.3817
410,0,2,3888,9.1010
410,0,2,5832,10.1799
410,0,2,8748,11.7984
410,0,2,13122,14.2260
410,0,2,16384,16.0364
410,0,4,512,7.5203
410,0,4,768,7.8045
410,0,4,1152,8.2307
410,0,4,1728,8.8701
410,0,4,2592,9.8292
410,0,4,3888,11.2678
410,0,4,5832,13.4257
410,0,4,8748,16.6625
410,0,4,13122,21.5178
410,0,4,16384,25.1387
410,0,8,512,8.1064
410,0,8,768,8.6747
410,0,8,1152,9.5272
410,0,8,1728,10.8060
410,0,8,2592,12.7241
410,0,8,3888,15.6013
410,0,8,5832,19.9171
410,0,8,8748,26.3908
410,0,8,13122,36.1013
410,0,8,16384,43.3431
410,0,16,512,9.2786
410,0,16,768,10.4153
410,0,16,1152,12.1203
410,0,16,1728,14.6778
410,0,16,2592,18.5140
410,0,16,3888,24.2684
410,0,16,5832,32.9000
410,0,16,8748,45.8473
410,0,16,13122,65.2684
410,0,16,16384,79.7520
410,0,32,512,11.6230
410,0,32,768,13.8963
410,0,32,1152,17.3063
410,0,32,1728,22.4213
410,0,32,2592,30.0938
410,0,32,3888,41.6026
410,0,32,5832,58.8657
410,0,32,8748,84.7604
410,0,32,13122,123.6025
410,0,32,16384,152.5698
410,0,64,512,16.3117
410,0,64,768,20.8584
410,0,64,1152,27.6784
410,0,64,1728,37.9084
410,0,64,2592,53.2534
410,0,64,3888,76.2710
410,0,64,5832,110.7972
410,0,64,8748,162.5867
410,0,64,13122,240.2708
410,0,64,16384,298.2053
410,0,128,512,25.6892
410,0,128,768,34.7826
410,0,128,1152,48.4226
410,0,128,1728,68.8826
410,0,128,2592,99.5726
410,0,128,3888,145.6077
410,0,128,5832,214.6603
410,0,128,8748,318.2391
410,0,128,13122,473.6074
410,0,128,16384,589.4764
410,512,0,0,10.9650
410,512,1,512,10.9753
410,512,1,768,10.9805
410,512,1,1152,10.9883
410,512,1,1728,11.0000
410,512,1,2592,11.0176
410,512,1,3888,11.0438
410,512,1,5832,11.0833
410,512,1,8748,11.1425
410,512,1,13122,11.2312
410,512,1,16384,11.6274
410,512,2,512,10.9857
410,512,2,768,10.9961
410,512,2,1152,11.0117
410,512,2,1728,11.0351
410,512,2,2592,11.0701
410,512,2,3888,11.1227
410,512,2,5832,11.2016
410,512,2,8748,11.9404
410,512,2,13122,14.3681
410,512,2,16384,16.1785
410,512,4,512,11.0065
410,512,4,768,11.0273
410,512,4,1152,11.0585
410,512,4,1728,11.1052
410,512,4,2592,11.1753
410,512,4,3888,11.4099
410,512,4,5832,13.5677
410,512,4,8748,16.8046
410,512,4,13122,21.6598
410,512,4,16384,25.2808
410,512,8,512,11.0481
410,512,8,768,11.0896
410,512,8,1152,11.1520
410,512,8,1728,11.2455
410,512,8,2592,12.8662
410,512,8,3888,15.7434
410,512,8,5832,20.0592
410,512,8,8748,26.5329
410,512,8,13122,36.2434
410,512,8,16384,43.4852
410,512,16,512,11.1312
410,512,16,768,11.2143
410,512,16,1152,12.2624
410,512,16,1728,14.8199
410,512,16,2592,18.6561
410,512,16,3888,24.4105
410,512,16,5832,33.0421
410,512,16,8748,45.9894
410,512,16,13122,65.4104
410,512,16,16384,79.8941
410,512,32,512,11.7651
410,512,32,768,14.0384
410,512,32,1152,17.4484
410,512,32,1728,22.5634
410,512,32,2592,30.2359
410,512,32,3888,41.7447
410,512,32,5832,59.0078
410,512,32,8748,84.9025
410,512,32,13122,123.7446
410,512,32,16384,152.7119
410,512,64,512,16.4538
410,512,64,768,21.0005
410,512,64,1152,27.8205
410,512,64,1728,38.0505
410,512,64,2592,53.3955
410,512,64,3888,76.4130
410,512,64,5832,110.9393
410,512,64,8748,162.7287
410,512,64,13122,240.4129
410,512,64,16384,298.3474
410,512,128,512,25.8313
410,512,128,768,34.9247
410,512,128,1152,48.5647
410,512,128,1728,69.0247
410,512,128,2592,99.7147
410,512,128,3888,145.7498
410,512,128,5832,214.8023
410,512,128,8748,318.3812
410,512,128,13122,473.7495
410,512,128,16384,589.6185
410,768,0,0,13.0947
410,768,1,512,13.1051
410,768,1,768,13.1103
410,768,1,1152,13.1181
410,768,1,1728,13.1298
410,768,1,2592,13.1473
410,768,1,3888,13.1736
410,768,1,5832,13.2130
410,768,1,8748,13.2722
410,768,1,13122,13.3610
410,768,1,16384,13.4272
410,768,2,512,13.1155
410,768,2,768,13.1259
410,768,2,1152,13.1415
410,768,2,1728,13.1648
410,768,2,2592,13.1999
410,768,2,3888,13.2525
410,768,2,5832,13.3314
410,768,2,8748,13.4497
410,768,2,13122,14.4391
410,768,2,16384,16.2496
410,768,4,512,13.1363
410,768,4,768,13.1570
410,768,4,1152,13.1882
410,768,4,1728,13.2350
410,768,4,2592,13.3051
410,768,4,3888,13.4103
410,768,4,5832,13.6388
410,768,4,8748,16.8756
410,768,4,13122,21.7309
410,768,4,16384,25.3518
410,768,8,512,13.1778
410,768,8,768,13.2194
410,768,8,1152,13.2817
410,768,8,1728,13.3752
410,768,8,2592,13.5155
410,768,8,3888,15.8144
410,768,8,5832,20.1302
410,768,8,8748,26.6039
410,768,8,13122,36.3144
410,768,8,16384,43.5562
410,768,16,512,13.2609
410,768,16,768,13.3440
410,768,16,1152,13.4687
410,768,16,1728,14.8909
410,768,16,2592,18.7272
410,768,16,3888,24.4815
410,768,16,5832,33.1131
410,768,16,8748,46.0605
410,768,16,13122,65.4815
410,768,16,16384,79.9651
410,768,32,512,13.4272
410,768,32,768,14.1094
410,768,32,1152,17.5194
410,768,32,1728,22.6344
410,768,32,2592,30.3070
410,768,32,3888,41.8157
410,768,32,5832,59.0789
410,768,32,8748,84.9736
410,768,32,13122,123.8156
410,768,32,16384,152.7829
410,768,64,512,16.5249
410,768,64,768,21.0715
410,768,64,1152,27.8915
410,768,64,1728,38.1215
410,768,64,2592,53.4666
410,768,64,3888,76.4841
410,768,64,5832,111.0104
410,768,64,8748,162.7998
410,768,64,13122,240.4839
410,768,64,16384,298.4185
410,768,128,512,25.9024
410,768,128,768,34.9957
410,768,128,1152,48.6357
410,768,128,1728,69.0957
410,768,128,2592,99.7858
410,768,128,3888,145.8208
410,768,128,5832,214.8734
410,768,128,8748,318.4522
410,768,128,13122,473.8205
410,768,128,16384,589.6896
410,1152,0,0,16.2893
410,1152,1,512,16.2997
410,1152,1,768,16.3049
410,1152,1,1152,16.3127
410,1152,1,1728,16.3244
410,1152,1,2592,16.3419
410,1152,1,3888,16.3682
410,1152,1,5832,16.4077
410,1152,1,8748,16.4668
410,1152,1,13122,16.5556
410,1152,1,16384,16.6218
410,1152,2,512,16.3101
410,1152,2,768,16.3205
410,1152,2,1152,16.3361
410,1152,2,1728,16.3595
410,1152,2,2592,16.3945
410,1152,2,3888,16.4471
410,1152,2,5832,16.5260
410,1152,2,8748,16.6443
410,1152,2,13122,16.8218
410,1152,2,16384,16.9542
410,1152,4,512,16.3309
410,1152,4,768,16.3517
410,1152,4,1152,16.3828
410,1152,4,1728,16.4296
410,1152,4,2592,16.4997
410,1152,4,3888,16.6049
410,1152,4,5832,16.7627
410,1152,4,8748,16.9993
410,1152,4,13122,21.8374
410,1152,4,16384,25.4584
410,1152,8,512,16.3724
410,1152,8,768,16.4140
410,1152,8,1152,16.4763
410,1152,8,1728,16.5698
410,1152,8,2592,16.7101
410,1152,8,3888,16.9205
410,1152,8,5832,20.2368
410,1152,8,8748,26.7105
410,1152,8,13122,36.4210
410,1152,8,16384,43.6628
410,1152,16,512,16.4555
410,1152,16,768,16.5387
410,1152,16,1152,16.6633
410,1152,16,1728,16.8503
410,1152,16,2592,18.8337
410,1152,16,3888,24.5881
410,1152,16,5832,33.2197
410,1152,16,8748,46.1670
410,1152,16,13122,65.5881
410,1152,16,16384,80.0717
410,1152,32,512,16.6218
410,1152,32,768,16.7880
410,1152,32,1152,17.6260
410,1152,32,1728,22.7410
410,1152,32,2592,30.4135
410,1152,32,3888,41.9223
410,1152,32,5832,59.1854
410,1152,32,8748,85.0801
410,1152,32,13122,123.9222
410,1152,32,16384,152.8895
410,1152,64,512,16.9542
410,1152,64,768,21.1781
410,1152,64,1152,27.9981
410,1152,64,1728,38.2281
410,1152,64,2592,53.5731
410,1152,64,3888,76.5906
410,1152,64,5832,111.1169
410,1152,64,8748,162.9064
410,1152,64,13122,240.5905
410,1152,64,16384,298.5250
410,1152,128,512,26.0089
410,1152,128,768,35.1023
410,1152,128,1152,48.7423
410,1152,128,1728,69.2023
410,1152,128,2592,99.8923
410,1152,128,3888,145.9274
410,1152,128,5832,214.9799
410,1152,128,8748,318.5588
410,1152,128,13122,473.9271
410,1152,128,16384,589.7961
410,1728,0,0,21.0813
410,1728,1,512,21.0916
410,1728,1,768,21.0968
410,1728,1,1152,21.1046
410,1728,1,1728,21.1163
410,1728,1,2592,21.1339
410,1728,1,3888,21.1601
410,1728,1,5832,21.1996
410,1728,1,8748,21.2588
410,1728,1,13122,21.3475
410,1728,1,16384,21.4137
410,1728,2,512,21.1020
410,1728,2,768,21.1124
410,1728,2,1152,21.1280
410,1728,2,1728,21.1514
410,1728,2,2592,21.1864
410,1728,2,3888,21.2390
410,1728,2,5832,21.3179
410,1728,2,8748,21.4363
410,1728,2,13122,21.6138
410,1728,2,16384,21.7462
410,1728,4,512,21.1228
410,1728,4,768,21.1436
410,1728,4,1152,21.1748
410,1728,4,1728,21.2215
410,1728,4,2592,21.2916
410,1728,4,3888,21.3968
410,1728,4,5832,21.5546
410,1728,4,8748,21.7913
410,1728,4,13122,22.1463
410,1728,4,16384,25.6182
410,1728,8,512,21.1644
410,1728,8,768,21.2059
410,1728,8,1152,21.2683
410,1728,8,1728,21.3618
410,1728,8,2592,21.5020
410,1728,8,3888,21.7124
410,1728,8,5832,22.0280
410,1728,8,8748,26.8703
410,1728,8,13122,36.5808
410,1728,8,16384,43.8226
410,1728,16,512,21.2475
410,1728,16,768,21.3306
410,1728,16,1152,21.4553
410,1728,16,1728,21.6423
410,1728,16,2592,21.9228
410,1728,16,3888,24.7479
410,1728,16,5832,33.3795
410,1728,16,8748,46.3269
410,1728,16,13122,65.7479
410,1728,16,16384,80.2315
410,1728,32,512,21.4137
410,1728,32,768,21.5799
410,1728,32,1152,21.8293
410,1728,32,1728,22.9009
410,1728,32,2592,30.5734
410,1728,32,3888,42.0821
410,1728,32,5832,59.3453
410,1728,32,8748,85.2400
410,1728,32,13122,124.0820
410,1728,32,16384,153.0493
410,1728,64,512,21.7462
410,1728,64,768,22.0786
410,1728,64,1152,28.1579
410,1728,64,1728,38.3880
410,1728,64,2592,53.7330
410,1728,64,3888,76.7505
410,1728,64,5832,111.2768
410,1728,64,8748,163.0662
410,1728,64,13122,240.7503
410,1728,64,16384,298.6849
410,1728,128,512,26.1688
410,1728,128,768,35.2621
410,1728,128,1152,48.9021
410,1728,128,1728,69.3621
410,1728,128,2592,100.0522
410,1728,128,3888,146.0872
410,1728,128,5832,215.1398
410,1728,128,8748,318.7186
410,1728,128,13122,474.0869
410,1728,128,16384,589.9560
410,2592,0,0,28.2692
410,2592,1,512,28.2795
410,2592,1,768,28.2847
410,2592,1,1152,28.2925
410,2592,1,1728,28.3042
410,2592,1,2592,28.3217
410,2592,1,3888,28.3480
410,2592,1,5832,28.3875
410,2592,1,8748,28.4467
410,2592,1,13122,28.5354
410,2592,1,16384,28.6016
410,2592,2,512,28.2899
410,2592,2,768,28.3003
410,2592,2,1152,28.3159
410,2592,2,1728,28.3393
410,2592,2,2592,28.3743
410,2592,2,3888,28.4269
410,2592,2,5832,28.5058
410,2592,2,8748,28.6242
410,2592,2,13122,28.8017
410,2592,2,16384,28.9341
410,2592,4,512,28.3107
410,2592,4,768,28.3315
410,2592,4,1152,28.3627
410,2592,4,1728,28.4094
410,2592,4,2592,28.4795
410,2592,4,3888,28.5847
410,2592,4,5832,28.7425
410,2592,4,8748,28.9792
410,2592,4,13122,29.3342
410,2592,4,16384,29.5989
410,2592,8,512,28.3523
410,2592,8,768,28.3938
410,2592,8,1152,28.4562
410,2592,8,1728,28.5497
410,2592,8,2592,28.6899
410,2592,8,3888,28.9003
410,2592,8,5832,29.2159
410,2592,8,8748,29.6892
410,2592,8,13122,36.8206
410,2592,8,16384,44.0624
410,2592,16,512,28.4354
410,2592,16,768,28.5185
410,2592,16,1152,28.6432
410,2592,16,1728,28.8302
410,2592,16,2592,29.1107
410,2592,16,3888,29.5314
410,2592,16,5832,33.6193
410,2592,16,8748,46.5666
410,2592,16,13122,65.9877
410,2592,16,16384,80.4713
410,2592,32,512,28.6016
410,2592,32,768,28.7678
410,2592,32,1152,29.0172
410,2592,32,1728,29.3912
410,2592,32,2592,30.8131
410,2592,32,3888,42.3219
410,2592,32,5832,59.5850
410,2592,32,8748,85.4797
410,2592,32,13122,124.3218
410,2592,32,16384,153.2891
410,2592,64,512,28.9341
410,2592,64,768,29.2665
410,2592,64,1152,29.7652
410,2592,64,1728,38.6277
410,2592,64,2592,53.9727
410,2592,64,3888,76.9903
410,2592,64,5832,111.5165
410,2592,64,8748,163.3060
410,2592,64,13122,240.9901
410,2592,64,16384,298.9246
410,2592,128,512,29.5989
410,2592,128,768,35.5019
410,2592,128,1152,49.1419
410,2592,128,1728,69.6019
410,2592,128,2592,100.2919
410,2592,128,3888,146.3270
410,2592,128,5832,215.3796
410,2592,128,8748,318.9584
410,2592,128,13122,474.3267
410,2592,128,16384,590.1957
410,3888,0,0,39.0510
410,3888,1,512,39.0614
410,3888,1,768,39.0666
410,3888,1,1152,39.0744
410,3888,1,1728,39.0861
410,3888,1,2592,39.1036
410,3888,1,3888,39.1299
410,3888,1,5832,39.1693
410,3888,1,8748,39.2285
410,3888,1,13122,39.3173
410,3888,1,16384,39.3835
410,3888,2,512,39.0718
410,3888,2,768,39.0822
410,3888,2,1152,39.0978
410,3888,2,1728,39.1211
410,3888,2,2592,39.1562
410,3888,2,3888,39.2088
410,3888,2,5832,39.2877
410,3888,2,8748,39.4060
410,3888,2,13122,39.5835
410,3888,2,16384,39.7159
410,3888,4,512,39.0926
410,3888,4,768,39.1133
410,3888,4,1152,39.1445
410,3888,4,1728,39.1913
410,3888,4,2592,39.2614
410,3888,4,3888,39.3666
410,3888,4,5832,39.5244
410,3888,4,8748,39.7610
410,3888,4,13122,40.1160
410,3888,4,16384,40.3808
410,3888,8,512,39.1341
410,3888,8,768,39.1757
410,3888,8,1152,39.2380
410,3888,8,1728,39.3315
410,3888,8,2592,39.4718
410,3888,8,3888,39.6821
410,3888,8,5832,39.9977
410,3888,8,8748,40.4711
410,3888,8,13122,41.1811
410,3888,8,16384,44.4221
410,3888,16,512,39.2172
410,3888,16,768,39.3003
410,3888,16,1152,39.4250
410,3888,16,1728,39.6120
410,3888,16,2592,39.8925
410,3888,16,3888,40.3133
410,3888,16,5832,40.9444
410,3888,16,8748,46.9263
410,3888,16,13122,66.3473
410,3888,16,16384,80.8309
410,3888,32,512,39.3835
410,3888,32,768,39.5497
410,3888,32,1152,39.7990
410,3888,32,1728,40.1730
410,3888,32,2592,40.7340
410,3888,32,3888,42.6815
410,3888,32,5832,59.9447
410,3888,32,8748,85.8394
410,3888,32,13122,124.6815
410,3888,32,16384,153.6487
410,3888,64,512,39.7159
410,3888,64,768,40.0483
410,3888,64,1152,40.5470
410,3888,64,1728,41.2950
410,3888,64,2592,54.3324
410,3888,64,3888,77.3499
410,3888,64,5832,111.8762
410,3888,64,8748,163.6656
410,3888,64,13122,241.3497
410,3888,64,16384,299.2843
410,3888,128,512,40.3808
410,3888,128,768,41.0457
410,3888,128,1152,49.5015
410,3888,128,1728,69.9616
410,3888,128,2592,100.6516
410,3888,128,3888,146.6866
410,3888,128,5832,215.7392
410,3888,128,8748,319.3180
410,3888,128,13122,474.6863
410,3888,128,16384,590.5554
410,5832,0,0,55.2238
410,5832,1,512,55.2342
410,5832,1,768,55.2394
410,5832,1,1152,55.2471
410,5832,1,1728,55.2588
410,5832,1,2592,55.2764
410,5832,1,3888,55.3027
410,5832,1,5832,55.3421
410,5832,1,8748,55.4013
410,5832,1,13122,55.4900
410,5832,1,16384,55.5562
410,5832,2,512,55.2446
410,5832,2,768,55.2549
410,5832,2,1152,55.2705
410,5832,2,1728,55.2939
410,5832,2,2592,55.3290
410,5832,2,3888,55.3816
410,5832,2,5832,55.4604
410,5832,2,8748,55.5788
410,5832,2,13122,55.7563
410,5832,2,16384,55.8887
410,5832,4,512,55.2653
410,5832,4,768,55.2861
410,5832,4,1152,55.3173
410,5832,4,1728,55.3640
410,5832,4,2592,55.4342
410,5832,4,3888,55.5393
410,5832,4,5832,55.6971
410,5832,4,8748,55.9338
410,5832,4,13122,56.2888
410,5832,4,16384,56.5536
410,5832,8,512,55.3069
410,5832,8,768,55.3484
410,5832,8,1152,55.4108
410,5832,8,1728,55.5043
410,5832,8,2592,55.6445
410,5832,8,3888,55.8549
410,5832,8,5832,56.1705
410,5832,8,8748,56.6438
410,5832,8,13122,57.3538
410,5832,8,16384,57.8834
410,5832,16,512,55.3900
410,5832,16,768,55.4731
410,5832,16,1152,55.5978
410,5832,16,1728,55.7848
410,5832,16,2592,56.0653
410,5832,16,3888,56.4860
410,5832,16,5832,57.1172
410,5832,16,8748,58.0639
410,5832,16,13122,66.8868
410,5832,16,16384,81.3704
410,5832,32,512,55.5562
410,5832,32,768,55.7224
410,5832,32,1152,55.9718
410,5832,32,1728,56.3458
410,5832,32,2592,56.9068
410,5832,32,3888,57.7483
410,5832,32,5832,60.4841
410,5832,32,8748,86.3789
410,5832,32,13122,125.2209
410,5832,32,16384,154.1882
410,5832,64,512,55.8887
410,5832,64,768,56.2211
410,5832,64,1152,56.7198
410,5832,64,1728,57.4678
410,5832,64,2592,58.5898
410,5832,64,3888,77.8894
410,5832,64,5832,112.4157
410,5832,64,8748,164.2051
410,5832,64,13122,241.8892
410,5832,64,16384,299.8238
410,5832,128,512,56.5536
410,5832,128,768,57.2185
410,5832,128,1152,58.2158
410,5832,128,1728,70.5010
410,5832,128,2592,101.1911
410,5832,128,3888,147.2261
410,5832,128,5832,216.2787
410,5832,128,8748,319.8575
410,5832,128,13122,475.2258
410,5832,128,16384,591.0949
410,8748,0,0,79.4829
410,8748,1,512,79.4933
410,8748,1,768,79.4985
410,8748,1,1152,79.5063
410,8748,1,1728,79.5180
410,8748,1,2592,79.5355
410,8748,1,3888,79.5618
410,8748,1,5832,79.6013
410,8748,1,8748,79.6604
410,8748,1,13122,79.7492
410,8748,1,16384,79.8154
410,8748,2,512,79.5037
410,8748,2,768,79.5141
410,8748,2,1152,79.5297
410,8748,2,1728,79.5531
410,8748,2,2592,79.5881
410,8748,2,3888,79.6407
410,8748,2,5832,79.7196
410,8748,2,8748,79.8379
410,8748,2,13122,80.0154
410,8748,2,16384,80.1478
410,8748,4,512,79.5245
410,8748,4,768,79.5453
410,8748,4,1152,79.5764
410,8748,4,1728,79.6232
410,8748,4,2592,79.6933
410,8748,4,3888,79.7985
410,8748,4,5832,79.9563
410,8748,4,8748,80.1930
410,8748,4,13122,80.5480
410,8748,4,16384,80.8127
410,8748,8,512,79.5660
410,8748,8,768,79.6076
410,8748,8,1152,79.6699
410,8748,8,1728,79.7634
410,8748,8,2592,79.9037
410,8748,8,3888,80.1141
410,8748,8,5832,80.4296
410,8748,8,8748,80.9030
410,8748,8,13122,81.6130
410,8748,8,16384,82.1425
410,8748,16,512,79.6492
410,8748,16,768,79.7323
410,8748,16,1152,79.8569
410,8748,16,1728,80.0439
410,8748,16,2592,80.3244
410,8748,16,3888,80.7452
410,8748,16,5832,81.3763
410,8748,16,8748,82.3230
410,8748,16,13122,83.7431
410,8748,16,16384,84.8021
410,8748,32,512,79.8154
410,8748,32,768,79.9816
410,8748,32,1152,80.2309
410,8748,32,1728,80.6049
410,8748,32,2592,81.1659
410,8748,32,3888,82.0075
410,8748,32,5832,83.2697
410,8748,32,8748,87.1881
410,8748,32,13122,126.0301
410,8748,32,16384,154.9974
410,8748,64,512,80.1478
410,8748,64,768,80.4803
410,8748,64,1152,80.9789
410,8748,64,1728,81.7270
410,8748,64,2592,82.8490
410,8748,64,3888,84.5320
410,8748,64,5832,113.2249
410,8748,64,8748,165.0143
410,8748,64,13122,242.6984
410,8748,64,16384,300.6330
410,8748,128,512,80.8127
410,8748,128,768,81.4776
410,8748,128,1152,82.4750
410,8748,128,1728,83.9710
410,8748,128,2592,102.0003
410,8748,128,3888,148.0353
410,8748,128,5832,217.0879
410,8748,128,8748,320.6667
410,8748,128,13122,476.0350
410,8748,128,16384,591.9041
410,13122,0,0,115.8717
410,13122,1,512,115.8821
410,13122,1,768,115.8872
410,13122,1,1152,115.8950
410,13122,1,1728,115.9067
410,13122,1,2592,115.9243
410,13122,1,3888,115.9506
410,13122,1,5832,115.9900
410,13122,1,8748,116.0492
410,13122,1,13122,116.1379
410,13122,1,16384,116.2041
410,13122,2,512,115.8924
410,13122,2,768,115.9028
410,13122,2,1152,115.9184
410,13122,2,1728,115.9418
410,13122,2,2592,115.9769
410,13122,2,3888,116.0294
410,13122,2,5832,116.1083
410,13122,2,8748,116.2267
410,13122,2,13122,116.4042
410,13122,2,16384,116.5366
410,13122,4,512,115.9132
410,13122,4,768,115.9340
410,13122,4,1152,115.9652
410,13122,4,1728,116.0119
410,13122,4,2592,116.0820
410,13122,4,3888,116.1872
410,13122,4,5832,116.3450
410,13122,4,8748,116.5817
410,13122,4,13122,116.9367
410,13122,4,16384,117.2015
410,13122,8,512,115.9548
410,13122,8,768,115.9963
410,13122,8,1152,116.0587
410,13122,8,1728,116.1522
410,13122,8,2592,116.2924
410,13122,8,3888,116.5028
410,13122,8,5832,116.8184
410,13122,8,8748,117.2917
410,13122,8,13122,118.0017
410,13122,8,16384,118.5312
410,13122,16,512,116.0379
410,13122,16,768,116.1210
410,13122,16,1152,116.2457
410,13122,16,1728,116.4327
410,13122,16,2592,116.7132
410,13122,16,3888,117.1339
410,13122,16,5832,117.7651
410,13122,16,8748,118.7118
410,13122,16,13122,120.1318
410,13122,16,16384,121.1908
410,13122,32,512,116.2041
410,13122,32,768,116.3703
410,13122,32,1152,116.6197
410,13122,32,1728,116.9937
410,13122,32,2592,117.5547
410,13122,32,3888,118.3962
410,13122,32,5832,119.6585
410,13122,32,8748,121.5519
410,13122,32,13122,127.2440
410,13122,32,16384,156.2112
410,13122,64,512,116.5366
410,13122,64,768,116.8690
410,13122,64,1152,117.3677
410,13122,64,1728,118.1157
410,13122,64,2592,119.2377
410,13122,64,3888,120.9207
410,13122,64,5832,123.4453
410,13122,64,8748,166.2281
410,13122,64,13122,243.9122
410,13122,64,16384,301.8468
410,13122,128,512,117.2015
410,13122,128,768,117.8664
410,13122,128,1152,118.8637
410,13122,128,1728,120.3597
410,13122,128,2592,122.6037
410,13122,128,3888,149.2491
410,13122,128,5832,218.3017
410,13122,128,8748,321.8805
410,13122,128,13122,477.2488
410,13122,128,16384,593.1179
410,16384,0,0,143.0093
410,16384,1,512,143.0197
410,16384,1,768,143.0249
410,16384,1,1152,143.0327
410,16384,1,1728,143.0444
410,16384,1,2592,143.0619
410,16384,1,3888,143.0882
410,16384,1,5832,143.1276
410,16384,1,8748,143.1868
410,16384,1,13122,143.2756
410,16384,1,16384,143.3418
410,16384,2,512,143.0301
410,16384,2,768,143.0405
410,16384,2,1152,143.0561
410,16384,2,1728,143.0794
410,16384,2,2592,143.1145
410,16384,2,3888,143.1671
410,16384,2,5832,143.2460
410,16384,2,8748,143.3643
410,16384,2,13122,143.5418
410,16384,2,16384,143.6742
410,16384,4,512,143.0509
410,16384,4,768,143.0716
410,16384,4,1152,143.1028
410,16384,4,1728,143.1496
410,16384,4,2592,143.2197
410,16384,4,3888,143.3249
410,16384,4,5832,143.4827
410,16384,4,8748,143.7193
410,16384,4,13122,144.0743
410,16384,4,16384,144.3391
410,16384,8,512,143.0924
410,16384,8,768,143.1340
410,16384,8,1152,143.1963
410,16384,8,1728,143.2898
410,16384,8,2592,143.4301
410,16384,8,3888,143.6404
410,16384,8,5832,143.9560
410,16384,8,8748,144.4294
410,16384,8,13122,145.1394
410,16384,8,16384,145.6689
410,16384,16,512,143.1755
410,16384,16,768,143.2586
410,16384,16,1152,143.3833
410,16384,16,1728,143.5703
410,16384,16,2592,143.8508
410,16384,16,3888,144.2716
410,16384,16,5832,144.9027
410,16384,16,8748,145.8494
410,16384,16,13122,147.2694
410,16384,16,16384,148.3285
410,16384,32,512,143.3418
410,16384,32,768,143.5080
410,16384,32,1152,143.7573
410,16384,32,1728,144.1313
410,16384,32,2592,144.6923
410,16384,32,3888,145.5338
410,16384,32,5832,146.7961
410,16384,32,8748,148.6895
410,16384,32,13122,151.5296
410,16384,32,16384,157.1164
410,16384,64,512,143.6742
410,16384,64,768,144.0066
410,16384,64,1152,144.5053
410,16384,64,1728,145.2533
410,16384,64,2592,146.3753
410,16384,64,3888,148.0584
410,16384,64,5832,150.5829
410,16384,64,8748,167.1333
410,16384,64,13122,244.8175
410,16384,64,16384,302.7520
410,16384,128,512,144.3391
410,16384,128,768,145.0040
410,16384,128,1152,146.0013
410,16384,128,1728,147.4974
410,16384,128,2592,149.7414
410,16384,128,3888,153.1074
410,16384,128,5832,219.2069
410,16384,128,8748,322.7858
410,16384,128,13122,478.1540
410,16384,128,16384,594.0231
512,0,0,0,7.6596
512,0,1,16,7.6599
512,0,1,32,7.6602
512,0,1,64,7.6609
512,0,1,128,7.6622
512,0,1,256,7.6648
512,0,1,512,7.6700
512,0,1,1024,7.7040
512,0,1,2048,7.9882
512,0,1,4096,8.5565
512,0,1,8192,9.6932
512,0,1,16384,11.9665
512,0,2,16,7.6602
512,0,2,32,7.6609
512,0,2,64,7.6622
512,0,2,128,7.6648
512,0,2,256,7.6700
512,0,2,512,7.7085
512,0,2,1024,7.9926
512,0,2,2048,8.5610
512,0,2,4096,9.6976
512,0,2,8192,11.9710
512,0,2,16384,16.5176
512,0,4,16,7.6609
512,0,4,32,7.6622
512,0,4,64,7.6648
512,0,4,128,7.6700
512,0,4,256,7.7173
512,0,4,512,8.0015
512,0,4,1024,8.5698
512,0,4,2048,9.7065
512,0,4,4096,11.9799
512,0,4,8192,16.5265
512,0,4,16384,25.6199
512,0,8,16,7.6622
512,0,8,32,7.6648
512,0,8,64,7.6700
512,0,8,128,7.7351
512,0,8,256,8.0193
512,0,8,512,8.5876
512,0,8,1024,9.7243
512,0,8,2048,11.9976
512,0,8,4096,16.5443
512,0,8,8192,25.6376
512,0,8,16384,43.8243
512,0,16,16,7.6648
512,0,16,32,7.6700
512,0,16,64,7.7706
512,0,16,128,8.0548
512,0,16,256,8.6231
512,0,16,512,9.7598
512,0,16,1024,12.0331
512,0,16,2048,16.5798
512,0,16,4096,25.6731
512,0,16,8192,43.8598
512,0,16,16384,80.2332
512,0,32,16,7.6996
512,0,32,32,7.8417
512,0,32,64,8.1258
512,0,32,128,8.6942
512,0,32,256,9.8308
512,0,32,512,12.1042
512,0,32,1024,16.6508
512,0,32,2048,25.7442
512,0,32,4096,43.9309
512,0,32,8192,80.3042
512,0,32,16384,153.0510
512,0,64,16,7.9838
512,0,64,32,8.2679
512,0,64,64,8.8363
512,0,64,128,9.9729
512,0,64,256,12.2463
512,0,64,512,16.7929
512,0,64,1024,25.8863
512,0,64,2048,44.0730
512,0,64,4096,80.4463
512,0,64,8192,153.1931
512,0,64,16384,298.6865
512,0,128,16,8.5521
512,0,128,32,9.1204
512,0,128,64,10.2571
512,0,128,128,12.5304
512,0,128,256,17.0771
512,0,128,512,26.1704
512,0,128,1024,44.3571
512,0,128,2048,80.7305
512,0,128,4096,153.4772
512,0,128,8192,298.9707
512,0,128,16384,589.9576
512,16,0,0,7.8258
512,16,1,16,7.8261
512,16,1,32,7.8265
512,16,1,64,7.8271
512,16,1,128,7.8284
512,16,1,256,7.8310
512,16,1,512,7.8362
512,16,1,1024,7.8466
512,16,1,2048,7.9926
512,16,1,4096,8.5610
512,16,1,8192,9.6976
512,16,1,16384,11.9710
512,16,2,16,7.8265
512,16,2,32,7.8271
512,16,2,64,7.8284
512,16,2,128,7.8310
512,16,2,256,7.8362
512,16,2,512,7.8466
512,16,2,1024,7.9971
512,16,2,2048,8.5654
512,16,2,4096,9.7021
512,16,2,8192,11.9754
512,16,2,16384,16.5221
512,16,4,16,7.8271
512,16,4,32,7.8284
512,16,4,64,7.8310
512,16,4,128,7.8362
512,16,4,256,7.8466
512,16,4,512,8.0060
512,16,4,1024,8.5743
512,16,4,2048,9.7110
512,16,4,4096,11.9843
512,16,4,8192,16.5310
512,16,4,16384,25.6243
512,16,8,16,7.8284
512,16,8,32,7.8310
512,16,8,64,7.8362
512,16,8,128,7.8466
512,16,8,256,8.0237
512,16,8,512,8.5920
512,16,8,1024,9.7287
512,16,8,2048,12.0021
512,16,8,4096,16.5487
512,16,8,8192,25.6421
512,16,8,16384,43.8287
512,16,16,16,7.8310
512,16,16,32,7.8362
512,16,16,64,7.8466
512,16,16,128,8.0592
512,16,16,256,8.6276
512,16,16,512,9.7642
512,16,16,1024,12.0376
512,16,16,2048,16.5842
512,16,16,4096,25.6776
512,16,16,8192,43.8643
512,16,16,16384,80.2376
512,16,32,16,7.8362
512,16,32,32,7.8466
512,16,32,64,8.1303
512,16,32,128,8.6986
512,16,32,256,9.8353
512,16,32,512,12.1086
512,16,32,1024,16.6553
512,16,32,2048,25.7486
512,16,32,4096,43.9353
512,16,32,8192,80.3087
512,16,32,16384,153.0554
512,16,64,16,7.9882
512,16,64,32,8.2724
512,16,64,64,8.8407
512,16,64,128,9.9774
512,16,64,256,12.2507
512,16,64,512,16.7974
512,16,64,1024,25.8907
512,16,64,2048,44.0774
512,16,64,4096,80.4508
512,16,64,8192,153.1975
512,16,64,16384,298.6910
512,16,128,16,8.5565
512,16,128,32,9.1249
512,16,128,64,10.2615
512,16,128,128,12.5349
512,16,128,256,17.0815
512,16,128,512,26.1749
512,16,128,1024,44.3616
512,16,128,2048,80.7349
512,16,128,4096,153.4817
512,16,128,8192,298.9751
512,16,128,16384,589.9621
512,32,0,0,7.9920
512,32,1,16,7.9924
512,32,1,32,7.9927
512,32,1,64,7.9933
512,32,1,128,7.9946
512,32,1,256,7.9972
512,32,1,512,8.0024
512,32,1,1024,8.0128
512,32,1,2048,8.0336
512,32,1,4096,8.5654
512,32,1,8192,9.7021
512,32,1,16384,11.9754
512,32,2,16,7.9927
512,32,2,32,7.9933
512,32,2,64,7.9946
512,32,2,128,7.9972
512,32,2,256,8.0024
512,32,2,512,8.0128
512,32,2,1024,8.0336
512,32,2,2048,8.5698
512,32,2,4096,9.7065
512,32,2,8192,11.9799
512,32,2,16384,16.5265
512,32,4,16,7.9933
512,32,4,32,7.9946
512,32,4,64,7.9972
512,32,4,128,8.0024
512,32,4,256,8.0128
512,32,4,512,8.0336
512,32,4,1024,8.5787
512,32,4,2048,9.7154
512,32,4,4096,11.9887
512,32,4,8192,16.5354
512,32,4,16384,25.6287
512,32,8,16,7.9946
512,32,8,32,7.9972
512,32,8,64,8.0024
512,32,8,128,8.0128
512,32,8,256,8.0336
512,32,8,512,8.5965
512,32,8,1024,9.7332
512,32,8,2048,12.0065
512,32,8,4096,16.5532
512,32,8,8192,25.6465
512,32,8,16384,43.8332
512,32,16,16,7.9972
512,32,16,32,8.0024
512,32,16,64,8.0128
512,32,16,128,8.0637
512,32,16,256,8.6320
512,32,16,512,9.7687
512,32,16,1024,12.0420
512,32,16,2048,16.5887
512,32,16,4096,25.6820
512,32,16,8192,43.8687
512,32,16,16384,80.2421
512,32,32,16,8.0024
512,32,32,32,8.0128
512,32,32,64,8.1347
512,32,32,128,8.7031
512,32,32,256,9.8397
512,32,32,512,12.1131
512,32,32,1024,16.6597
512,32,32,2048,25.7531
512,32,32,4096,43.9398
512,32,32,8192,80.3131
512,32,32,16384,153.0599
512,32,64,16,8.0128
512,32,64,32,8.2768
512,32,64,64,8.8451
512,32,64,128,9.9818
512,32,64,256,12.2551
512,32,64,512,16.8018
512,32,64,1024,25.8952
512,32,64,2048,44.0818
512,32,64,4096,80.4552
512,32,64,8192,153.2019
512,32,64,16384,298.6954
512,32,128,16,8.5610
512,32,128,32,9.1293
512,32,128,64,10.2660
512,32,128,128,12.5393
512,32,128,256,17.0860
512,32,128,512,26.1793
512,32,128,1024,44.3660
512,32,128,2048,80.7394
512,32,128,4096,153.4861
512,32,128,8192,298.9796
512,32,128,16384,589.9665
512,64,0,0,8.3245
512,64,1,16,8.3248
512,64,1,32,8.3251
512,64,1,64,8.3258
512,64,1,128,8.3271
512,64,1,256,8.3297
512,64,1,512,8.3349
512,64,1,1024,8.3453
512,64,1,2048,8.3660
512,64,1,4096,8.5743
512,64,1,8192,9.7110
512,64,1,16384,11.9843
512,64,2,16,8.3251
512,64,2,32,8.3258
512,64,2,64,8.3271
512,64,2,128,8.3297
512,64,2,256,8.3349
512,64,2,512,8.3453
512,64,2,1024,8.3660
512,64,2,2048,8.5787
512,64,2,4096,9.7154
512,64,2,8192,11.9887
512,64,2,16384,16.5354
512,64,4,16,8.3258
512,64,4,32,8.3271
512,64,4,64,8.3297
512,64,4,128,8.3349
512,64,4,256,8.3453
512,64,4,512,8.3660
512,64,4,1024,8.5876
512,64,4,2048,9.7243
512,64,4,4096,11.9976
512,64,4,8192,16.5443
512,64,4,16384,25.6376
512,64,8,16,8.3271
512,64,8,32,8.3297
512,64,8,64,8.3349
512,64,8,128,8.3453
512,64,8,256,8.3660
512,64,8,512,8.6054
512,64,8,1024,9.7420
512,64,8,2048,12.0154
512,64,8,4096,16.5620
512,64,8,8192,25.6554
512,64,8,16384,43.8421
512,64,16,16,8.3297
512,64,16,32,8.3349
512,64,16,64,8.3453
512,64,16,128,8.3660
512,64,16,256,8.6409
512,64,16,512,9.7776
512,64,16,1024,12.0509
512,64,16,2048,16.5976
512,64,16,4096,25.6909
512,64,16,8192,43.8776
512,64,16,16384,80.2510
512,64,32,16,8.3349
512,64,32,32,8.3453
512,64,32,64,8.3660
512,64,32,128,8.7119
512,64,32,256,9.8486
512,64,32,512,12.1219
512,64,32,1024,16.6686
512,64,32,2048,25.7619
512,64,32,4096,43.9486
512,64,32,8192,80.3220
512,64,32,16384,153.0687
512,64,64,16,8.3453
512,64,64,32,8.3660
512,64,64,64,8.8540
512,64,64,128,9.9907
512,64,64,256,12.2640
512,64,64,512,16.8107
512,64,64,1024,25.9040
512,64,64,2048,44.0907
512,64,64,4096,80.4641
512,64,64,8192,153.2108
512,64,64,16384,298.7043
512,64,128,16,8.5698
512,64,128,32,9.1382
512,64,128,64,10.2748
512,64,128,128,12.5482
512,64,128,256,17.0949
512,64,128,512,26.1882
512,64,128,1024,44.3749
512,64,128,2048,80.7482
512,64,128,4096,153.4950
512,64,128,8192,298.9885
512,64,128,16384,589.9754
512,128,0,0,8.9894
512,128,1,16,8.9897
512,128,1,32,8.9900
512,128,1,64,8.9907
512,128,1,128,8.9920
512,128,1,256,8.9946
512,128,1,512,8.9998
512,128,1,1024,9.0102
512,128,1,2048,9.0309
512,128,1,4096,9.0725
512,128,1,8192,9.7287
512,128,1,16384,12.0021
512,128,2,16,8.9900
512,128,2,32,8.9907
512,128,2,64,8.9920
512,128,2,128,8.9946
512,128,2,256,8.9998
512,128,2,512,9.0102
512,128,2,1024,9.0309
512,128,2,2048,9.0725
512,128,2,4096,9.7332
512,128,2,8192,12.0065
512,128,2,16384,16.5532
512,128,4,16,8.9907
512,128,4,32,8.9920
512,128,4,64,8.9946
512,128,4,128,8.9998
512,128,4,256,9.0102
512,128,4,512,9.0309
512,128,4,1024,9.0725
512,128,4,2048,9.7420
512,128,4,4096,12.0154
512,128,4,8192,16.5620
512,128,4,16384,25.6554
512,128,8,16,8.9920
512,128,8,32,8.9946
512,128,8,64,8.9998
512,128,8,128,9.0102
512,128,8,256,9.0309
512,128,8,512,9.0725
512,128,8,1024,9.7598
512,128,8,2048,12.0331
512,128,8,4096,16.5798
512,128,8,8192,25.6731
512,128,8,16384,43.8598
512,128,16,16,8.9946
512,128,16,32,8.9998
512,128,16,64,9.0102
512,128,16,128,9.0309
512,128,16,256,9.0725
512,128,16,512,9.7953
512,128,16,1024,12.0687
512,128,16,2048,16.6153
512,128,16,4096,25.7087
512,128,16,8192,43.8953
512,128,16,16384,80.2687
512,128,32,16,8.9998
512,128,32,32,9.0102
512,128,32,64,9.0309
512,128,32,128,9.0725
512,128,32,256,9.8664
512,128,32,512,12.1397
512,128,32,1024,16.6864
512,128,32,2048,25.7797
512,128,32,4096,43.9664
512,128,32,8192,80.3398
512,128,32,16384,153.0865
512,128,64,16,9.0102
512,128,64,32,9.0309
512,128,64,64,9.0725
512,128,64,128,10.0084
512,128,64,256,12.2818
512,128,64,512,16.8284
512,128,64,1024,25.9218
512,128,64,2048,44.1085
512,128,64,4096,80.4818
512,128,64,8192,153.2286
512,128,64,16384,298.7221
512,128,128,16,9.0309
512,128,128,32,9.1559
512,128,128,64,10.2926
512,128,128,128,12.5659
512,128,128,256,17.1126
512,128,128,512,26.2060
512,128,128,1024,44.3926
512,128,128,2048,80.7660
512,128,128,4096,153.5127
512,128,128,8192,299.0062
512,128,128,16384,589.9932
512,256,0,0,10.3192
512,256,1,16,10.3195
512,256,1,32,10.3198
512,256,1,64,10.3205
512,256,1,128,10.3218
512,256,1,256,10.3244
512,256,1,512,10.3296
512,256,1,1024,10.3400
512,256,1,2048,10.3607
512,256,1,4096,10.4023
512,256,1,8192,10.4854
512,256,1,16384,12.0376
512,256,2,16,10.3198
512,256,2,32,10.3205
512,256,2,64,10.3218
512,256,2,128,10.3244
512,256,2,256,10.3296
512,256,2,512,10.3400
512,256,2,1024,10.3607
512,256,2,2048,10.4023
512,256,2,4096,10.4854
512,256,2,8192,12.0420
512,256,2,16384,16.5887
512,256,4,16,10.3205
512,256,4,32,10.3218
512,256,4,64,10.3244
512,256,4,128,10.3296
512,256,4,256,10.3400
512,256,4,512,10.3607
512,256,4,1024,10.4023
512,256,4,2048,10.4854
512,256,4,4096,12.0509
512,256,4,8192,16.5976
512,256,4,16384,25.6909
512,256,8,16,10.3218
512,256,8,32,10.3244
512,256,8,64,10.3296
512,256,8,128,10.3400
512,256,8,256,10.3607
512,256,8,512,10.4023
512,256,8,1024,10.4854
512,256,8,2048,12.0687
512,256,8,4096,16.6153
512,256,8,8192,25.7087
512,256,8,16384,43.8953
512,256,16,16,10.3244
512,256,16,32,10.3296
512,256,16,64,10.3400
512,256,16,128,10.3607
512,256,16,256,10.4023
512,256,16,512,10.4854
512,256,16,1024,12.1042
512,256,16,2048,16.6508
512,256,16,4096,25.7442
512,256,16,8192,43.9309
512,256,16,16384,80.3042
512,256,32,16,10.3296
512,256,32,32,10.3400
512,256,32,64,10.3607
512,256,32,128,10.4023
512,256,32,256,10.4854
512,256,32,512,12.1752
512,256,32,1024,16.7219
512,256,32,2048,25.8152
512,256,32,4096,44.0019
512,256,32,8192,80.3753
512,256,32,16384,153.1220
512,256,64,16,10.3400
512,256,64,32,10.3607
512,256,64,64,10.4023
512,256,64,128,10.4854
512,256,64,256,12.3173
512,256,64,512,16.8640
512,256,64,1024,25.9573
512,256,64,2048,44.1440
512,256,64,4096,80.5174
512,256,64,8192,153.2641
512,256,64,16384,298.7576
512,256,128,16,10.3607
512,256,128,32,10.4023
512,256,128,64,10.4854
512,256,128,128,12.6015
512,256,128,256,17.1481
512,256,128,512,26.2415
512,256,128,1024,44.4282
512,256,128,2048,80.8015
512,256,128,4096,153.5483
512,256,128,8192,299.0417
512,256,128,16384,590.0287
512,512,0,0,12.9788
512,512,1,16,12.9791
512,512,1,32,12.9794
512,512,1,64,12.9801
512,512,1,128,12.9814
512,512,1,256,12.9840
512,512,1,512,12.9892
512,512,1,1024,12.9995
512,512,1,2048,13.0203
512,512,1,4096,13.0619
512,512,1,8192,13.1450
512,512,1,16384,13.3112
512,512,2,16,12.9794
512,512,2,32,12.9801
512,512,2,64,12.9814
512,512,2,128,12.9840
512,512,2,256,12.9892
512,512,2,512,12.9995
512,512,2,1024,13.0203
512,512,2,2048,13.0619
512,512,2,4096,13.1450
512,512,2,8192,13.3112
512,512,2,16384,16.6597
512,512,4,16,12.9801
512,512,4,32,12.9814
512,512,4,64,12.9840
512,512,4,128,12.9892
512,512,4,256,12.9995
512,512,4,512,13.0203
512,512,4,1024,13.0619
512,512,4,2048,13.1450
512,512,4,4096,13.3112
512,512,4,8192,16.6686
512,512,4,16384,25.7619
512,512,8,16,12.9814
512,512,8,32,12.9840
512,512,8,64,12.9892
512,512,8,128,12.9995
512,512,8,256,13.0203
512,512,8,512,13.0619
512,512,8,1024,13.1450
512,512,8,2048,13.3112
512,512,8,4096,16.6864
512,512,8,8192,25.7797
512,512,8,16384,43.9664
512,512,16,16,12.9840
512,512,16,32,12.9892
512,512,16,64,12.9995
512,512,16,128,13.0203
512,512,16,256,13.0619
512,512,16,512,13.1450
512,512,16,1024,13.3112
512,512,16,2048,16.7219
512,512,16,4096,25.8152
512,512,16,8192,44.0019
512,512,16,16384,80.3753
512,512,32,16,12.9892
512,512,32,32,12.9995
512,512,32,64,13.0203
512,512,32,128,13.0619
512,512,32,256,13.1450
512,512,32,512,13.3112
512,512,32,1024,16.7929
512,512,32,2048,25.8863
512,512,32,4096,44.0730
512,512,32,8192,80.4463
512,512,32,16384,153.1931
512,512,64,16,12.9995
512,512,64,32,13.0203
512,512,64,64,13.0619
512,512,64,128,13.1450
512,512,64,256,13.3112
512,512,64,512,16.9350
512,512,64,1024,26.0284
512,512,64,2048,44.2150
512,512,64,4096,80.5884
512,512,64,8192,153.3351
512,512,64,16384,298.8286
512,512,128,16,13.0203
512,512,128,32,13.0619
512,512,128,64,13.1450
512,512,128,128,13.3112
512,512,128,256,17.2192
512,512,128,512,26.3125
512,512,128,1024,44.4992
512,512,128,2048,80.8726
512,512,128,4096,153.6193
512,512,128,8192,299.1128
512,512,128,16384,590.0997
512,1024,0,0,18.2979
512,1024,1,16,18.2983
512,1024,1,32,18.2986
512,1024,1,64,18.2992
512,1024,1,128,18.3005
512,1024,1,256,18.3031
512,1024,1,512,18.3083
512,1024,1,1024,18.3187
512,1024,1,2048,18.3395
512,1024,1,4096,18.3810
512,1024,1,8192,18.4642
512,1024,1,16384,18.6304
512,1024,2,16,18.2986
512,1024,2,32,18.2992
512,1024,2,64,18.3005
512,1024,2,128,18.3031
512,1024,2,256,18.3083
512,1024,2,512,18.3187
512,1024,2,1024,18.3395
512,1024,2,2048,18.3810
512,1024,2,4096,18.4642
512,1024,2,8192,18.6304
512,1024,2,16384,18.9628
512,1024,4,16,18.2992
512,1024,4,32,18.3005
512,1024,4,64,18.3031
512,1024,4,128,18.3083
512,1024,4,256,18.3187
512,1024,4,512,18.3395
512,1024,4,1024,18.3810
512,1024,4,2048,18.4642
512,1024,4,4096,18.6304
512,1024,4,8192,18.9628
512,1024,4,16384,25.9040
512,1024,8,16,18.3005
512,1024,8,32,18.3031
512,1024,8,64,18.3083
512,1024,8,128,18.3187
512,1024,8,256,18.3395
512,1024,8,512,18.3810
512,1024,8,1024,18.4642
512,1024,8,2048,18.6304
512,1024,8,4096,18.9628
512,1024,8,8192,25.9218
512,1024,8,16384,44.1085
512,1024,16,16,18.3031
512,1024,16,32,18.3083
512,1024,16,64,18.3187
512,1024,16,128,18.3395
512,1024,16,256,18.3810
512,1024,16,512,18.4642
512,1024,16,1024,18.6304
512,1024,16,2048,18.9628
512,1024,16,4096,25.9573
512,1024,16,8192,44.1440
512,1024,16,16384,80.5174
512,1024,32,16,18.3083
512,1024,32,32,18.3187
512,1024,32,64,18.3395
512,1024,32,128,18.3810
512,1024,32,256,18.4642
512,1024,32,512,18.6304
512,1024,32,1024,18.9628
512,1024,32,2048,26.0284
512,1024,32,4096,44.2150
512,1024,32,8192,80.5884
512,1024,32,16384,153.3351
512,1024,64,16,18.3187
512,1024,64,32,18.3395
512,1024,64,64,18.3810
512,1024,64,128,18.4642
512,1024,64,256,18.6304
512,1024,64,512,18.9628
512,1024,64,1024,26.1704
512,1024,64,2048,44.3571
512,1024,64,4096,80.7305
512,1024,64,8192,153.4772
512,1024,64,16384,298.9707
512,1024,128,16,18.3395
512,1024,128,32,18.3810
512,1024,128,64,18.4642
512,1024,128,128,18.6304
512,1024,128,256,18.9628
512,1024,128,512,26.4546
512,1024,128,1024,44.6413
512,1024,128,2048,81.0147
512,1024,128,4096,153.7614
512,1024,128,8192,299.2549
512,1024,128,16384,590.2418
512,2048,0,0,28.9363
512,2048,1,16,28.9366
512,2048,1,32,28.9369
512,2048,1,64,28.9376
512,2048,1,128,28.9389
512,2048,1,256,28.9415
512,2048,1,512,28.9467
512,2048,1,1024,28.9571
512,2048,1,2048,28.9778
512,2048,1,4096,29.0194
512,2048,1,8192,29.1025
512,2048,1,16384,29.2687
512,2048,2,16,28.9369
512,2048,2,32,28.9376
512,2048,2,64,28.9389
512,2048,2,128,28.9415
512,2048,2,256,28.9467
512,2048,2,512,28.9571
512,2048,2,1024,28.9778
512,2048,2,2048,29.0194
512,2048,2,4096,29.1025
512,2048,2,8192,29.2687
512,2048,2,16384,29.6012
512,2048,4,16,28.9376
512,2048,4,32,28.9389
512,2048,4,64,28.9415
512,2048,4,128,28.9467
512,2048,4,256,28.9571
512,2048,4,512,28.9778
512,2048,4,1024,29.0194
512,2048,4,2048,29.1025
512,2048,4,4096,29.2687
512,2048,4,8192,29.6012
512,2048,4,16384,30.2661
512,2048,8,16,28.9389
512,2048,8,32,28.9415
512,2048,8,64,28.9467
512,2048,8,128,28.9571
512,2048,8,256,28.9778
512,2048,8,512,29.0194
512,2048,8,1024,29.1025
512,2048,8,2048,29.2687
512,2048,8,4096,29.6012
512,2048,8,8192,30.2661
512,2048,8,16384,44.3926
512,2048,16,16,28.9415
512,2048,16,32,28.9467
512,2048,16,64,28.9571
512,2048,16,128,28.9778
512,2048,16,256,29.0194
512,2048,16,512,29.1025
512,2048,16,1024,29.2687
512,2048,16,2048,29.6012
512,2048,16,4096,30.2661
512,2048,16,8192,44.4282
512,2048,16,16384,80.8015
512,2048,32,16,28.9467
512,2048,32,32,28.9571
512,2048,32,64,28.9778
512,2048,32,128,29.0194
512,2048,32,256,29.1025
512,2048,32,512,29.2687
512,2048,32,1024,29.6012
512,2048,32,2048,30.2661
512,2048,32,4096,44.4992
512,2048,32,8192,80.8726
512,2048,32,16384,153.6193
512,2048,64,16,28.9571
512,2048,64,32,28.9778
512,2048,64,64,29.0194
512,2048,64,128,29.1025
512,2048,64,256,29.2687
512,2048,64,512,29.6012
512,2048,64,1024,30.2661
512,2048,64,2048,44.6413
512,2048,64,4096,81.0147
512,2048,64,8192,153.7614
512,2048,64,16384,299.2549
512,2048,128,16,28.9778
512,2048,128,32,29.0194
512,2048,128,64,29.1025
512,2048,128,128,29.2687
512,2048,128,256,29.6012
512,2048,128,512,30.2661
512,2048,128,1024,44.9255
512,2048,128,2048,81.2988
512,2048,128,4096,154.0456
512,2048,128,8192,299.5390
512,2048,128,16384,590.5260
512,4096,0,0,50.2130
512,4096,1,16,50.2133
512,4096,1,32,50.2136
512,4096,1,64,50.2143
512,4096,1,128,50.2156
512,4096,1,256,50.2182
512,4096,1,512,50.2234
512,4096,1,1024,50.2338
512,4096,1,2048,50.2545
512,4096,1,4096,50.2961
512,4096,1,8192,50.3792
512,4096,1,16384,50.5454
512,4096,2,16,50.2136
512,4096,2,32,50.2143
512,4096,2,64,50.2156
512,4096,2,128,50.2182
512,4096,2,256,50.2234
512,4096,2,512,50.2338
512,4096,2,1024,50.2545
512,4096,2,2048,50.2961
512,4096,2,4096,50.3792
512,4096,2,8192,50.5454
512,4096,2,16384,50.8779
512,4096,4,16,50.2143
512,4096,4,32,50.2156
512,4096,4,64,50.2182
512,4096,4,128,50.2234
512,4096,4,256,50.2338
512,4096,4,512,50.2545
512,4096,4,1024,50.2961
512,4096,4,2048,50.3792
512,4096,4,4096,50.5454
512,4096,4,8192,50.8779
512,4096,4,16384,51.5428
512,4096,8,16,50.2156
512,4096,8,32,50.2182
512,4096,8,64,50.2234
512,4096,8,128,50.2338
512,4096,8,256,50.2545
512,4096,8,512,50.2961
512,4096,8,1024,50.3792
512,4096,8,2048,50.5454
512,4096,8,4096,50.8779
512,4096,8,8192,51.5428
512,4096,8,16384,52.8726
512,4096,16,16,50.2182
512,4096,16,32,50.2234
512,4096,16,64,50.2338
512,4096,16,128,50.2545
512,4096,16,256,50.2961
512,4096,16,512,50.3792
512,4096,16,1024,50.5454
512,4096,16,2048,50.8779
512,4096,16,4096,51.5428
512,4096,16,8192,52.8726
512,4096,16,16384,81.3699
512,4096,32,16,50.2234
512,4096,32,32,50.2338
512,4096,32,64,50.2545
512,4096,32,128,50.2961
512,4096,32,256,50.3792
512,4096,32,512,50.5454
512,4096,32,1024,50.8779
512,4096,32,2048,51.5428
512,4096,32,4096,52.8726
512,4096,32,8192,81.4409
512,4096,32,16384,154.1876
512,4096,64,16,50.2338
512,4096,64,32,50.2545
512,4096,64,64,50.2961
512,4096,64,128,50.3792
512,4096,64,256,50.5454
512,4096,64,512,50.8779
512,4096,64,1024,51.5428
512,4096,64,2048,52.8726
512,4096,64,4096,81.5830
512,4096,64,8192,154.3297
512,4096,64,16384,299.8232
512,4096,128,16,50.2545
512,4096,128,32,50.2961
512,4096,128,64,50.3792
512,4096,128,128,50.5454
512,4096,128,256,50.8779
512,4096,128,512,51.5428
512,4096,128,1024,52.8726
512,4096,128,2048,81.8672
512,4096,128,4096,154.6139
512,4096,128,8192,300.1074
512,4096,128,16384,591.0943
512,8192,0,0,92.7664
512,8192,1,16,92.7667
512,8192,1,32,92.7670
512,8192,1,64,92.7677
512,8192,1,128,92.7690
512,8192,1,256,92.7716
512,8192,1,512,92.7768
512,8192,1,1024,92.7872
512,8192,1,2048,92.8079
512,8192,1,4096,92.8495
512,8192,1,8192,92.9326
512,8192,1,16384,93.0988
512,8192,2,16,92.7670
512,8192,2,32,92.7677
512,8192,2,64,92.7690
512,8192,2,128,92.7716
512,8192,2,256,92.7768
512,8192,2,512,92.7872
512,8192,2,1024,92.8079
512,8192,2,2048,92.8495
512,8192,2,4096,92.9326
512,8192,2,8192,93.0988
512,8192,2,16384,93.4313
512,8192,4,16,92.7677
512,8192,4,32,92.7690
512,8192,4,64,92.7716
512,8192,4,128,92.7768
512,8192,4,256,92.7872
512,8192,4,512,92.8079
512,8192,4,1024,92.8495
512,8192,4,2048,92.9326
512,8192,4,4096,93.0988
512,8192,4,8192,93.4313
512,8192,4,16384,94.0962
512,8192,8,16,92.7690
512,8192,8,32,92.7716
512,8192,8,64,92.7768
512,8192,8,128,92.7872
512,8192,8,256,92.8079
512,8192,8,512,92.8495
512,8192,8,1024,92.9326
512,8192,8,2048,93.0988
512,8192,8,4096,93.4313
512,8192,8,8192,94.0962
512,8192,8,16384,95.4260
512,8192,16,16,92.7716
512,8192,16,32,92.7768
512,8192,16,64,92.7872
512,8192,16,128,92.8079
512,8192,16,256,92.8495
512,8192,16,512,92.9326
512,8192,16,1024,93.0988
512,8192,16,2048,93.4313
512,8192,16,4096,94.0962
512,8192,16,8192,95.4260
512,8192,16,16384,98.0856
512,8192,32,16,92.7768
512,8192,32,32,92.7872
512,8192,32,64,92.8079
512,8192,32,128,92.8495
512,8192,32,256,92.9326
512,8192,32,512,93.0988
512,8192,32,1024,93.4313
512,8192,32,2048,94.0962
512,8192,32,4096,95.4260
512,8192,32,8192,98.0856
512,8192,32,16384,155.3243
512,8192,64,16,92.7872
512,8192,64,32,92.8079
512,8192,64,64,92.8495
512,8192,64,128,92.9326
512,8192,64,256,93.0988
512,8192,64,512,93.4313
512,8192,64,1024,94.0962
512,8192,64,2048,95.4260
512,8192,64,4096,98.0856
512,8192,64,8192,155.4664
512,8192,64,16384,300.9599
512,8192,128,16,92.8079
512,8192,128,32,92.8495
512,8192,128,64,92.9326
512,8192,128,128,93.0988
512,8192,128,256,93.4313
512,8192,128,512,94.0962
512,8192,128,1024,95.4260
512,8192,128,2048,98.0856
512,8192,128,4096,155.7506
512,8192,128,8192,301.2440
512,8192,128,16384,592.2310
512,16384,0,0,177.8732
512,16384,1,16,177.8735
512,16384,1,32,177.8738
512,16384,1,64,177.8745
512,16384,1,128,177.8758
512,16384,1,256,177.8784
512,16384,1,512,177.8836
512,16384,1,1024,177.8939
512,16384,1,2048,177.9147
512,16384,1,4096,177.9563
512,16384,1,8192,178.0394
512,16384,1,16384,178.2056
512,16384,2,16,177.8738
512,16384,2,32,177.8745
512,16384,2,64,177.8758
512,16384,2,128,177.8784
512,16384,2,256,177.8836
512,16384,2,512,177.8939
512,16384,2,1024,177.9147
512,16384,2,2048,177.9563
512,16384,2,4096,178.0394
512,16384,2,8192,178.2056
512,16384,2,16384,178.5381
512,16384,4,16,177.8745
512,16384,4,32,177.8758
512,16384,4,64,177.8784
512,16384,4,128,177.8836
512,16384,4,256,177.8939
512,16384,4,512,177.9147
512,16384,4,1024,177.9563
512,16384,4,2048,178.0394
512,16384,4,4096,178.2056
512,16384,4,8192,178.5381
512,16384,4,16384,179.2030
512,16384,8,16,177.8758
512,16384,8,32,177.8784
512,16384,8,64,177.8836
512,16384,8,128,177.8939
512,16384,8,256,177.9147
512,16384,8,512,177.9563
512,16384,8,1024,178.0394
512,16384,8,2048,178.2056
512,16384,8,4096,178.5381
512,16384,8,8192,179.2030
512,16384,8,16384,180.5328
512,16384,16,16,177.8784
512,16384,16,32,177.8836
512,16384,16,64,177.8939
512,16384,16,128,177.9147
512,16384,16,256,177.9563
512,16384,16,512,178.0394
512,16384,16,1024,178.2056
512,16384,16,2048,178.5381
512,16384,16,4096,179.2030
512,16384,16,8192,180.5328
512,16384,16,16384,183.1923
512,16384,32,16,177.8836
512,16384,32,32,177.8939
512,16384,32,64,177.9147
512,16384,32,128,177.9563
512,16384,32,256,178.0394
512,16384,32,512,178.2056
512,16384,32,1024,178.5381
512,16384,32,2048,179.2030
512,16384,32,4096,180.5328
512,16384,32,8192,183.1923
512,16384,32,16384,188.5115
512,16384,64,16,177.8939
512,16384,64,32,177.9147
512,16384,64,64,177.9563
512,16384,64,128,178.0394
512,16384,64,256,178.2056
512,16384,64,512,178.5381
512,16384,64,1024,179.2030
512,16384,64,2048,180.5328
512,16384,64,4096,183.1923
512,16384,64,8192,188.5115
512,16384,64,16384,303.2332
512,16384,128,16,177.9147
512,16384,128,32,177.9563
512,16384,128,64,178.0394
512,16384,128,128,178.2056
512,16384,128,256,178.5381
512,16384,128,512,179.2030
512,16384,128,1024,180.5328
512,16384,128,2048,183.1923
512,16384,128,4096,188.5115
512,16384,128,8192,303.5174
512,16384,128,16384,594.5043
615,0,0,0,8.8373
615,0,1,512,8.8477
615,0,1,768,8.8529
615,0,1,1152,8.8607
615,0,1,1728,8.8724
615,0,1,2592,8.8899
615,0,1,3888,8.9847
615,0,1,5832,9.5242
615,0,1,8748,10.3334
615,0,1,13122,11.5472
615,0,1,16384,12.4524
615,0,2,512,8.8581
615,0,2,768,8.8685
615,0,2,1152,8.8840
615,0,2,1728,8.9074
615,0,2,2592,9.3488
615,0,2,3888,10.0681
615,0,2,5832,11.1471
615,0,2,8748,12.7655
615,0,2,13122,15.1931
615,0,2,16384,17.0036
615,0,4,512,8.8788
615,0,4,768,8.8996
615,0,4,1152,9.1978
615,0,4,1728,9.8372
615,0,4,2592,10.7963
615,0,4,3888,12.2349
615,0,4,5832,14.3928
615,0,4,8748,17.6296
615,0,4,13122,22.4849
615,0,4,16384,26.1058
615,0,8,512,9.0735
615,0,8,768,9.6419
615,0,8,1152,10.4944
615,0,8,1728,11.7731
615,0,8,2592,13.6912
615,0,8,3888,16.5684
615,0,8,5832,20.8842
615,0,8,8748,27.3579
615,0,8,13122,37.0684
615,0,8,16384,44.3102
615,0,16,512,10.2457
615,0,16,768,11.3824
615,0,16,1152,13.0874
615,0,16,1728,15.6449
615,0,16,2592,19.4811
615,0,16,3888,25.2355
615,0,16,5832,33.8671
615,0,16,8748,46.8144
615,0,16,13122,66.2355
615,0,16,16384,80.7191
615,0,32,512,12.5901
615,0,32,768,14.8634
615,0,32,1152,18.2734
615,0,32,1728,23.3884
615,0,32,2592,31.0609
615,0,32,3888,42.5697
615,0,32,5832,59.8328
615,0,32,8748,85.7276
615,0,32,13122,124.5696
615,0,32,16384,153.5369
615,0,64,512,17.2788
615,0,64,768,21.8255
615,0,64,1152,28.6455
615,0,64,1728,38.8755
615,0,64,2592,54.2205
615,0,64,3888,77.2381
615,0,64,5832,111.7643
615,0,64,8748,163.5538
615,0,64,13122,241.2379
615,0,64,16384,299.1724
615,0,128,512,26.6564
615,0,128,768,35.7497
615,0,128,1152,49.3897
615,0,128,1728,69.8497
615,0,128,2592,100.5398
615,0,128,3888,146.5748
615,0,128,5832,215.6274
615,0,128,8748,319.2062
615,0,128,13122,474.5745
615,0,128,16384,590.4436
615,512,0,0,15.2265
615,512,1,512,15.2369
615,512,1,768,15.2421
615,512,1,1152,15.2499
615,512,1,1728,15.2616
615,512,1,2592,15.2791
615,512,1,3888,15.3054
615,512,1,5832,15.3449
615,512,1,8748,15.4040
615,512,1,13122,15.4928
615,512,1,16384,15.5590
615,512,2,512,15.2473
615,512,2,768,15.2577
615,512,2,1152,15.2733
615,512,2,1728,15.2967
615,512,2,2592,15.3317
615,512,2,3888,15.3843
615,512,2,5832,15.4632
615,512,2,8748,15.5815
615,512,2,13122,15.7590
615,512,2,16384,17.1456
615,512,4,512,15.2681
615,512,4,768,15.2889
615,512,4,1152,15.3200
615,512,4,1728,15.3668
615,512,4,2592,15.4369
615,512,4,3888,15.5421
615,512,4,5832,15.6999
615,512,4,8748,17.7717
615,512,4,13122,22.6270
615,512,4,16384,26.2479
615,512,8,512,15.3096
615,512,8,768,15.3512
615,512,8,1152,15.4135
615,512,8,1728,15.5070
615,512,8,2592,15.6473
615,512,8,3888,16.7105
615,512,8,5832,21.0263
615,512,8,8748,27.5000
615,512,8,13122,37.2105
615,512,8,16384,44.4523
615,512,16,512,15.3928
615,512,16,768,15.4759
615,512,16,1152,15.6005
615,512,16,1728,15.7875
615,512,16,2592,19.6232
615,512,16,3888,25.3776
615,512,16,5832,34.0092
615,512,16,8748,46.9565
615,512,16,13122,66.3776
615,512,16,16384,80.8612
615,512,32,512,15.5590
615,512,32,768,15.7252
615,512,32,1152,18.4155
615,512,32,1728,23.5305
615,512,32,2592,31.2030
615,512,32,3888,42.7118
615,512,32,5832,59.9749
615,512,32,8748,85.8696
615,512,32,13122,124.7117
615,512,32,16384,153.6790
615,512,64,512,17.4209
615,512,64,768,21.9676
615,512,64,1152,28.7876
615,512,64,1728,39.0176
615,512,64,2592,54.3626
615,512,64,3888,77.3801
615,512,64,5832,111.9064
615,512,64,8748,163.6959
615,512,64,13122,241.3800
615,512,64,16384,299.3145
615,512,128,512,26.7984
615,512,128,768,35.8918
615,512,128,1152,49.5318
615,512,128,1728,69.9918
615,512,128,2592,100.6818
615,512,128,3888,146.7169
615,512,128,5832,215.7694
615,512,128,8748,319.3483
615,512,128,13122,474.7166
615,512,128,16384,590.5856
615,768,0,0,18.4212
615,768,1,512,18.4315
615,768,1,768,18.4367
615,768,1,1152,18.4445
615,768,1,1728,18.4562
615,768,1,2592,18.4737
615,768,1,3888,18.5000
615,768,1,5832,18.5395
615,768,1,8748,18.5987
615,768,1,13122,18.6874
615,768,1,16384,18.7536
615,768,2,512,18.4419
615,768,2,768,18.4523
615,768,2,1152,18.4679
615,768,2,1728,18.4913
615,768,2,2592,18.5263
615,768,2,3888,18.5789
615,768,2,5832,18.6578
615,768,2,8748,18.7762
615,768,2,13122,18.9537
615,768,2,16384,19.0860
615,768,4,512,18.4627
615,768,4,768,18.4835
615,768,4,1152,18.5147
615,768,4,1728,18.5614
615,768,4,2592,18.6315
615,768,4,3888,18.7367
615,768,4,5832,18.8945
615,768,4,8748,19.1312
615,768,4,13122,22.6980
615,768,4,16384,26.3189
615,768,8,512,18.5043
615,768,8,768,18.5458
615,768,8,1152,18.6082
615,768,8,1728,18.7017
615,768,8,2592,18.8419
615,768,8,3888,19.0523
615,768,8,5832,21.0973
615,768,8,8748,27.5710
615,768,8,13122,37.2815
615,768,8,16384,44.5233
615,768,16,512,18.5874
615,768,16,768,18.6705
615,768,16,1152,18.7952
615,768,16,1728,18.9822
615,768,16,2592,19.6943
615,768,16,3888,25.4486
615,768,16,5832,34.0802
615,768,16,8748,47.0276
615,768,16,13122,66.4486
615,768,16,16384,80.9322
615,768,32,512,18.7536
615,768,32,768,18.9198
615,768,32,1152,19.1692
615,768,32,1728,23.6016
615,768,32,2592,31.2741
615,768,32,3888,42.7828
615,768,32,5832,60.0460
615,768,32,8748,85.9407
615,768,32,13122,124.7827
615,768,32,16384,153.7500
615,768,64,512,19.0860
615,768,64,768,22.0386
615,768,64,1152,28.8586
615,768,64,1728,39.0887
615,768,64,2592,54.4337
615,768,64,3888,77.4512
615,768,64,5832,111.9775
615,768,64,8748,163.7669
615,768,64,13122,241.4510
615,768,64,16384,299.3856
615,768,128,512,26.8695
615,768,128,768,35.9628
615,768,128,1152,49.6028
615,768,128,1728,70.0629
615,768,128,2592,100.7529
615,768,128,3888,146.7879
615,768,128,5832,215.8405
615,768,128,8748,319.4193
615,768,128,13122,474.7876
615,768,128,16384,590.6567
615,1152,0,0,23.2131
615,1152,1,512,23.2235
615,1152,1,768,23.2287
615,1152,1,1152,23.2365
615,1152,1,1728,23.2481
615,1152,1,2592,23.2657
615,1152,1,3888,23.2920
615,1152,1,5832,23.3314
615,1152,1,8748,23.3906
615,1152,1,13122,23.4793
615,1152,1,16384,23.5455
615,1152,2,512,23.2339
615,1152,2,768,23.2443
615,1152,2,1152,23.2598
615,1152,2,1728,23.2832
615,1152,2,2592,23.3183
615,1152,2,3888,23.3709
615,1152,2,5832,23.4498
615,1152,2,8748,23.5681
615,1152,2,13122,23.7456
615,1152,2,16384,23.8780
615,1152,4,512,23.2546
615,1152,4,768,23.2754
615,1152,4,1152,23.3066
615,1152,4,1728,23.3533
615,1152,4,2592,23.4235
615,1152,4,3888,23.5287
615,1152,4,5832,23.6864
615,1152,4,8748,23.9231
615,1152,4,13122,24.2781
615,1152,4,16384,26.4255
615,1152,8,512,23.2962
615,1152,8,768,23.3378
615,1152,8,1152,23.4001
615,1152,8,1728,23.4936
615,1152,8,2592,23.6338
615,1152,8,3888,23.8442
615,1152,8,5832,24.1598
615,1152,8,8748,27.6776
615,1152,8,13122,37.3881
615,1152,8,16384,44.6299
615,1152,16,512,23.3793
615,1152,16,768,23.4624
615,1152,16,1152,23.5871
615,1152,16,1728,23.7741
615,1152,16,2592,24.0546
615,1152,16,3888,25.5552
615,1152,16,5832,34.1868
615,1152,16,8748,47.1341
615,1152,16,13122,66.5552
615,1152,16,16384,81.0388
615,1152,32,512,23.5455
615,1152,32,768,23.7118
615,1152,32,1152,23.9611
615,1152,32,1728,24.3351
615,1152,32,2592,31.3806
615,1152,32,3888,42.8894
615,1152,32,5832,60.1525
615,1152,32,8748,86.0472
615,1152,32,13122,124.8893
615,1152,32,16384,153.8566
615,1152,64,512,23.8780
615,1152,64,768,24.2104
615,1152,64,1152,28.9652
615,1152,64,1728,39.1952
615,1152,64,2592,54.5402
615,1152,64,3888,77.5578
615,1152,64,5832,112.0840
615,1152,64,8748,163.8735
615,1152,64,13122,241.5576
615,1152,64,16384,299.4921
615,1152,128,512,26.9760
615,1152,128,768,36.0694
615,1152,128,1152,49.7094
615,1152,128,1728,70.1694
615,1152,128,2592,100.8594
615,1152,128,3888,146.8945
615,1152,128,5832,215.9471
615,1152,128,8748,319.5259
615,1152,128,13122,474.8942
615,1152,128,16384,590.7632
615,1728,0,0,30.4010
615,1728,1,512,30.4114
615,1728,1,768,30.4166
615,1728,1,1152,30.4244
615,1728,1,1728,30.4360
615,1728,1,2592,30.4536
615,1728,1,3888,30.4799
615,1728,1,5832,30.5193
615,1728,1,8748,30.5785
615,1728,1,13122,30.6672
615,1728,1,16384,30.7334
615,1728,2,512,30.4218
615,1728,2,768,30.4321
615,1728,2,1152,30.4477
615,1728,2,1728,30.4711
615,1728,2,2592,30.5062
615,1728,2,3888,30.5588
615,1728,2,5832,30.6377
615,1728,2,8748,30.7560
615,1728,2,13122,30.9335
615,1728,2,16384,31.0659
615,1728,4,512,30.4425
615,1728,4,768,30.4633
615,1728,4,1152,30.4945
615,1728,4,1728,30.5412
615,1728,4,2592,30.6114
615,1728,4,3888,30.7165
615,1728,4,5832,30.8743
615,1728,4,8748,31.1110
615,1728,4,13122,31.4660
615,1728,4,16384,31.7308
615,1728,8,512,30.4841
615,1728,8,768,30.5257
615,1728,8,1152,30.5880
615,1728,8,1728,30.6815
615,1728,8,2592,30.8217
615,1728,8,3888,31.0321
615,1728,8,5832,31.3477
615,1728,8,8748,31.8210
615,1728,8,13122,37.5479
615,1728,8,16384,44.7898
615,1728,16,512,30.5672
615,1728,16,768,30.6503
615,1728,16,1152,30.7750
615,1728,16,1728,30.9620
615,1728,16,2592,31.2425
615,1728,16,3888,31.6632
615,1728,16,5832,34.3466
615,1728,16,8748,47.2940
615,1728,16,13122,66.7150
615,1728,16,16384,81.1986
615,1728,32,512,30.7334
615,1728,32,768,30.8997
615,1728,32,1152,31.1490
615,1728,32,1728,31.5230
615,1728,32,2592,32.0840
615,1728,32,3888,43.0492
615,1728,32,5832,60.3124
615,1728,32,8748,86.2071
615,1728,32,13122,125.0492
615,1728,32,16384,154.0164
615,1728,64,512,31.0659
615,1728,64,768,31.3983
615,1728,64,1152,31.8970
615,1728,64,1728,39.3551
615,1728,64,2592,54.7001
615,1728,64,3888,77.7176
615,1728,64,5832,112.2439
615,1728,64,8748,164.0333
615,1728,64,13122,241.7174
615,1728,64,16384,299.6520
615,1728,128,512,31.7308
615,1728,128,768,36.2292
615,1728,128,1152,49.8692
615,1728,128,1728,70.3293
615,1728,128,2592,101.0193
615,1728,128,3888,147.0543
615,1728,128,5832,216.1069
615,1728,128,8748,319.6857
615,1728,128,13122,475.0540
615,1728,128,16384,590.9231
615,2592,0,0,41.1828
615,2592,1,512,41.1932
615,2592,1,768,41.1984
615,2592,1,1152,41.2062
615,2592,1,1728,41.2179
615,2592,1,2592,41.2354
615,2592,1,3888,41.2617
615,2592,1,5832,41.3012
615,2592,1,8748,41.3603
615,2592,1,13122,41.4491
615,2592,1,16384,41.5153
615,2592,2,512,41.2036
615,2592,2,768,41.2140
615,2592,2,1152,41.2296
615,2592,2,1728,41.2530
615,2592,2,2592,41.2880
615,2592,2,3888,41.3406
615,2592,2,5832,41.4195
615,2592,2,8748,41.5378
615,2592,2,13122,41.7153
615,2592,2,16384,41.8477
615,2592,4,512,41.2244
615,2592,4,768,41.2452
615,2592,4,1152,41.2763
615,2592,4,1728,41.3231
615,2592,4,2592,41.3932
615,2592,4,3888,41.4984
615,2592,4,5832,41.6562
615,2592,4,8748,41.8929
615,2592,4,13122,42.2479
615,2592,4,16384,42.5126
615,2592,8,512,41.2659
615,2592,8,768,41.3075
615,2592,8,1152,41.3698
615,2592,8,1728,41.4633
615,2592,8,2592,41.6036
615,2592,8,3888,41.8140
615,2592,8,5832,42.1295
615,2592,8,8748,42.6029
615,2592,8,13122,43.3129
615,2592,8,16384,45.0295
615,2592,16,512,41.3491
615,2592,16,768,41.4322
615,2592,16,1152,41.5568
615,2592,16,1728,41.7438
615,2592,16,2592,42.0243
615,2592,16,3888,42.4451
615,2592,16,5832,43.0762
615,2592,16,8748,47.5337
615,2592,16,13122,66.9548
615,2592,16,16384,81.4384
615,2592,32,512,41.5153
615,2592,32,768,41.6815
615,2592,32,1152,41.9308
615,2592,32,1728,42.3048
615,2592,32,2592,42.8658
615,2592,32,3888,43.7074
615,2592,32,5832,60.5521
615,2592,32,8748,86.4469
615,2592,32,13122,125.2889
615,2592,32,16384,154.2562
615,2592,64,512,41.8477
615,2592,64,768,42.1802
615,2592,64,1152,42.6788
615,2592,64,1728,43.4269
615,2592,64,2592,54.9398
615,2592,64,3888,77.9574
615,2592,64,5832,112.4836
615,2592,64,8748,164.2731
615,2592,64,13122,241.9572
615,2592,64,16384,299.8917
615,2592,128,512,42.5126
615,2592,128,768,43.1775
615,2592,128,1152,50.1090
615,2592,128,1728,70.5690
615,2592,128,2592,101.2591
615,2592,128,3888,147.2941
615,2592,128,5832,216.3467
615,2592,128,8748,319.9255
615,2592,128,13122,475.2938
615,2592,128,16384,591.1629
615,3888,0,0,57.3556
615,3888,1,512,57.3660
615,3888,1,768,57.3712
615,3888,1,1152,57.3790
615,3888,1,1728,57.3907
615,3888,1,2592,57.4082
615,3888,1,3888,57.4345
615,3888,1,5832,57.4739
615,3888,1,8748,57.5331
615,3888,1,13122,57.6219
615,3888,1,16384,57.6880
615,3888,2,512,57.3764
615,3888,2,768,57.3868
615,3888,2,1152,57.4024
615,3888,2,1728,57.4257
615,3888,2,2592,57.4608
615,3888,2,3888,57.5134
615,3888,2,5832,57.5923
615,3888,2,8748,57.7106
615,3888,2,13122,57.8881
615,3888,2,16384,58.0205
615,3888,4,512,57.3972
615,3888,4,768,57.4179
615,3888,4,1152,57.4491
615,3888,4,1728,57.4959
615,3888,4,2592,57.5660
615,3888,4,3888,57.6712
615,3888,4,5832,57.8289
615,3888,4,8748,58.0656
615,3888,4,13122,58.4206
615,3888,4,16384,58.6854
615,3888,8,512,57.4387
615,3888,8,768,57.4803
615,3888,8,1152,57.5426
615,3888,8,1728,57.6361
615,3888,8,2592,57.7764
615,3888,8,3888,57.9867
615,3888,8,5832,58.3023
615,3888,8,8748,58.7756
615,3888,8,13122,59.4857
615,3888,8,16384,60.0152
615,3888,16,512,57.5218
615,3888,16,768,57.6049
615,3888,16,1152,57.7296
615,3888,16,1728,57.9166
615,3888,16,2592,58.1971
615,3888,16,3888,58.6179
615,3888,16,5832,59.2490
615,3888,16,8748,60.1957
615,3888,16,13122,67.3144
615,3888,16,16384,81.7981
615,3888,32,512,57.6880
615,3888,32,768,57.8543
615,3888,32,1152,58.1036
615,3888,32,1728,58.4776
615,3888,32,2592,59.0386
615,3888,32,3888,59.8801
615,3888,32,5832,61.1424
615,3888,32,8748,86.8065
615,3888,32,13122,125.6486
615,3888,32,16384,154.6158
615,3888,64,512,58.0205
615,3888,64,768,58.3529
615,3888,64,1152,58.8516
615,3888,64,1728,59.5996
615,3888,64,2592,60.7216
615,3888,64,3888,78.3170
615,3888,64,5832,112.8433
615,3888,64,8748,164.6327
615,3888,64,13122,242.3169
615,3888,64,16384,300.2514
615,3888,128,512,58.6854
615,3888,128,768,59.3503
615,3888,128,1152,60.3476
615,3888,128,1728,70.9287
615,3888,128,2592,101.6187
615,3888,128,3888,147.6537
615,3888,128,5832,216.7063
615,3888,128,8748,320.2852
615,3888,128,13122,475.6534
615,3888,128,16384,591.5225
615,5832,0,0,81.6148
615,5832,1,512,81.6251
615,5832,1,768,81.6303
615,5832,1,1152,81.6381
615,5832,1,1728,81.6498
615,5832,1,2592,81.6673
615,5832,1,3888,81.6936
615,5832,1,5832,81.7331
615,5832,1,8748,81.7923
615,5832,1,13122,81.8810
615,5832,1,16384,81.9472
615,5832,2,512,81.6355
615,5832,2,768,81.6459
615,5832,2,1152,81.6615
615,5832,2,1728,81.6849
615,5832,2,2592,81.7199
615,5832,2,3888,81.7725
615,5832,2,5832,81.8514
615,5832,2,8748,81.9698
615,5832,2,13122,82.1473
615,5832,2,16384,82.2797
615,5832,4,512,81.6563
615,5832,4,768,81.6771
615,5832,4,1152,81.7083
615,5832,4,1728,81.7550
615,5832,4,2592,81.8251
615,5832,4,3888,81.9303
615,5832,4,5832,82.0881
615,5832,4,8748,82.3248
615,5832,4,13122,82.6798
615,5832,4,16384,82.9445
615,5832,8,512,81.6979
615,5832,8,768,81.7394
615,5832,8,1152,81.8018
615,5832,8,1728,81.8953
615,5832,8,2592,82.0355
615,5832,8,3888,82.2459
615,5832,8,5832,82.5615
615,5832,8,8748,83.0348
615,5832,8,13122,83.7448
615,5832,8,16384,84.2743
615,5832,16,512,81.7810
615,5832,16,768,81.8641
615,5832,16,1152,81.9888
615,5832,16,1728,82.1758
615,5832,16,2592,82.4563
615,5832,16,3888,82.8770
615,5832,16,5832,83.5082
615,5832,16,8748,84.4549
615,5832,16,13122,85.8749
615,5832,16,16384,86.9339
615,5832,32,512,81.9472
615,5832,32,768,82.1134
615,5832,32,1152,82.3628
615,5832,32,1728,82.7368
615,5832,32,2592,83.2978
615,5832,32,3888,84.1393
615,5832,32,5832,85.4016
615,5832,32,8748,87.3460
615,5832,32,13122,126.1880
615,5832,32,16384,155.1553
615,5832,64,512,82.2797
615,5832,64,768,82.6121
615,5832,64,1152,83.1108
615,5832,64,1728,83.8588
615,5832,64,2592,84.9808
615,5832,64,3888,86.6638
615,5832,64,5832,113.3828
615,5832,64,8748,165.1722
615,5832,64,13122,242.8563
615,5832,64,16384,300.7909
615,5832,128,512,82.9445
615,5832,128,768,83.6094
615,5832,128,1152,84.6068
615,5832,128,1728,86.1028
615,5832,128,2592,102.1582
615,5832,128,3888,148.1932
615,5832,128,5832,217.2458
615,5832,128,8748,320.8246
615,5832,128,13122,476.1929
615,5832,128,16384,592.0620
615,8748,0,0,118.0035
615,8748,1,512,118.0139
615,8748,1,768,118.0191
615,8748,1,1152,118.0269
615,8748,1,1728,118.0386
615,8748,1,2592,118.0561
615,8748,1,3888,118.0824
615,8748,1,5832,118.1218
615,8748,1,8748,118.1810
615,8748,1,13122,118.2697
615,8748,1,16384,118.3359
615,8748,2,512,118.0243
615,8748,2,768,118.0347
615,8748,2,1152,118.0502
615,8748,2,1728,118.0736
615,8748,2,2592,118.1087
615,8748,2,3888,118.1613
615,8748,2,5832,118.2402
615,8748,2,8748,118.3585
615,8748,2,13122,118.5360
615,8748,2,16384,118.6684
615,8748,4,512,118.0450
615,8748,4,768,118.0658
615,8748,4,1152,118.0970
615,8748,4,1728,118.1437
615,8748,4,2592,118.2139
615,8748,4,3888,118.3191
615,8748,4,5832,118.4768
615,8748,4,8748,118.7135
615,8748,4,13122,119.0685
615,8748,4,16384,119.3333
615,8748,8,512,118.0866
615,8748,8,768,118.1282
615,8748,8,1152,118.1905
615,8748,8,1728,118.2840
615,8748,8,2592,118.4242
615,8748,8,3888,118.6346
615,8748,8,5832,118.9502
615,8748,8,8748,119.4235
615,8748,8,13122,120.1336
615,8748,8,16384,120.6631
615,8748,16,512,118.1697
615,8748,16,768,118.2528
615,8748,16,1152,118.3775
615,8748,16,1728,118.5645
615,8748,16,2592,118.8450
615,8748,16,3888,119.2658
615,8748,16,5832,119.8969
615,8748,16,8748,120.8436
615,8748,16,13122,122.2636
615,8748,16,16384,123.3227
615,8748,32,512,118.3359
615,8748,32,768,118.5022
615,8748,32,1152,118.7515
615,8748,32,1728,119.1255
615,8748,32,2592,119.6865
615,8748,32,3888,120.5280
615,8748,32,5832,121.7903
615,8748,32,8748,123.6837
615,8748,32,13122,126.9973
615,8748,32,16384,155.9645
615,8748,64,512,118.6684
615,8748,64,768,119.0008
615,8748,64,1152,119.4995
615,8748,64,1728,120.2475
615,8748,64,2592,121.3695
615,8748,64,3888,123.0525
615,8748,64,5832,125.5771
615,8748,64,8748,165.9814
615,8748,64,13122,243.6655
615,8748,64,16384,301.6001
615,8748,128,512,119.3333
615,8748,128,768,119.9982
615,8748,128,1152,120.9955
615,8748,128,1728,122.4915
615,8748,128,2592,124.7356
615,8748,128,3888,149.0024
615,8748,128,5832,218.0550
615,8748,128,8748,321.6338
615,8748,128,13122,477.0021
615,8748,128,16384,592.8712
615,13122,0,0,172.5866
615,13122,1,512,172.5970
615,13122,1,768,172.6022
615,13122,1,1152,172.6100
615,13122,1,1728,172.6217
615,13122,1,2592,172.6392
615,13122,1,3888,172.6655
615,13122,1,5832,172.7049
615,13122,1,8748,172.7641
615,13122,1,13122,172.8528
615,13122,1,16384,172.9190
615,13122,2,512,172.6074
615,13122,2,768,172.6178
615,13122,2,1152,172.6333
615,13122,2,1728,172.6567
615,13122,2,2592,172.6918
615,13122,2,3888,172.7444
615,13122,2,5832,172.8233
615,13122,2,8748,172.9416
615,13122,2,13122,173.1191
615,13122,2,16384,173.2515
615,13122,4,512,172.6281
615,13122,4,768,172.6489
615,13122,4,1152,172.6801
615,13122,4,1728,172.7268
615,13122,4,2592,172.7970
615,13122,4,3888,172.9022
615,13122,4,5832,173.0599
615,13122,4,8748,173.2966
615,13122,4,13122,173.6516
615,13122,4,16384,173.9164
615,13122,8,512,172.6697
615,13122,8,768,172.7113
615,13122,8,1152,172.7736
615,13122,8,1728,172.8671
615,13122,8,2592,173.0073
615,13122,8,3888,173.2177
615,13122,8,5832,173.5333
615,13122,8,8748,174.0066
615,13122,8,13122,174.7167
615,13122,8,16384,175.2462
615,13122,16,512,172.7528
615,13122,16,768,172.8359
615,13122,16,1152,172.9606
615,13122,16,1728,173.1476
615,13122,16,2592,173.4281
615,13122,16,3888,173.8489
615,13122,16,5832,174.4800
615,13122,16,8748,175.4267
615,13122,16,13122,176.8467
615,13122,16,16384,177.9058
615,13122,32,512,172.9190
615,13122,32,768,173.0853
615,13122,32,1152,173.3346
615,13122,32,1728,173.7086
615,13122,32,2592,174.2696
615,13122,32,3888,175.1111
615,13122,32,5832,176.3734
615,13122,32,8748,178.2668
615,13122,32,13122,181.1069
615,13122,32,16384,183.2249
615,13122,64,512,173.2515
615,13122,64,768,173.5839
615,13122,64,1152,174.0826
615,13122,64,1728,174.8306
615,13122,64,2592,175.9526
615,13122,64,3888,177.6356
615,13122,64,5832,180.1602
615,13122,64,8748,183.9470
615,13122,64,13122,244.8794
615,13122,64,16384,302.8139
615,13122,128,512,173.9164
615,13122,128,768,174.5813
615,13122,128,1152,175.5786
615,13122,128,1728,177.0746
615,13122,128,2592,179.3187
615,13122,128,3888,182.6847
615,13122,128,5832,219.2688
615,13122,128,8748,322.8477
615,13122,128,13122,478.2159
615,13122,128,16384,594.0850
615,16384,0,0,213.2931
615,16384,1,512,213.3034
615,16384,1,768,213.3086
615,16384,1,1152,213.3164
615,16384,1,1728,213.3281
615,16384,1,2592,213.3456
615,16384,1,3888,213.3719
615,16384,1,5832,213.4114
615,16384,1,8748,213.4706
615,16384,1,13122,213.5593
615,16384,1,16384,213.6255
615,16384,2,512,213.3138
615,16384,2,768,213.3242
615,16384,2,1152,213.3398
615,16384,2,1728,213.3632
615,16384,2,2592,213.3982
615,16384,2,3888,213.4508
615,16384,2,5832,213.5297
615,16384,2,8748,213.6481
615,16384,2,13122,213.8256
615,16384,2,16384,213.9579
615,16384,4,512,213.3346
615,16384,4,768,213.3554
615,16384,4,1152,213.3866
615,16384,4,1728,213.4333
615,16384,4,2592,213.5034
615,16384,4,3888,213.6086
615,16384,4,5832,213.7664
615,16384,4,8748,214.0031
615,16384,4,13122,214.3581
615,16384,4,16384,214.6228
615,16384,8,512,213.3762
615,16384,8,768,213.4177
615,16384,8,1152,213.4801
615,16384,8,1728,213.5736
615,16384,8,2592,213.7138
615,16384,8,3888,213.9242
615,16384,8,5832,214.2398
615,16384,8,8748,214.7131
615,16384,8,13122,215.4231
615,16384,8,16384,215.9526
615,16384,16,512,213.4593
615,16384,16,768,213.5424
615,16384,16,1152,213.6671
615,16384,16,1728,213.8541
615,16384,16,2592,214.1346
615,16384,16,3888,214.5553
615,16384,16,5832,215.1864
615,16384,16,8748,216.1331
615,16384,16,13122,217.5532
615,16384,16,16384,218.6122
615,16384,32,512,213.6255
615,16384,32,768,213.7917
615,16384,32,1152,214.0411
615,16384,32,1728,214.4151
615,16384,32,2592,214.9761
615,16384,32,3888,215.8176
615,16384,32,5832,217.0798
615,16384,32,8748,218.9732
615,16384,32,13122,221.8133
615,16384,32,16384,223.9314
615,16384,64,512,213.9579
615,16384,64,768,214.2904
615,16384,64,1152,214.7891
615,16384,64,1728,215.5371
615,16384,64,2592,216.6591
615,16384,64,3888,218.3421
615,16384,64,5832,220.8666
615,16384,64,8748,224.6534
615,16384,64,13122,245.7846
615,16384,64,16384,303.7191
615,16384,128,512,214.6228
615,16384,128,768,215.2877
615,16384,128,1152,216.2851
615,16384,128,1728,217.7811
615,16384,128,2592,220.0251
615,16384,128,3888,223.3912
615,16384,128,5832,228.4402
615,16384,128,8748,323.7529
615,16384,128,13122,479.1212
615,16384,128,16384,594.9902
923,0,0,0,13.6433
923,0,1,512,13.6537
923,0,1,768,13.6588
923,0,1,1152,13.6666
923,0,1,1728,13.6783
923,0,1,2592,13.6959
923,0,1,3888,13.7222
923,0,1,5832,13.7616
923,0,1,8748,13.8208
923,0,1,13122,13.9095
923,0,1,16384,13.9757
923,0,2,512,13.6640
923,0,2,768,13.6744
923,0,2,1152,13.6900
923,0,2,1728,13.7134
923,0,2,2592,13.7485
923,0,2,3888,13.8010
923,0,2,5832,13.8799
923,0,2,8748,14.2185
923,0,2,13122,16.6461
923,0,2,16384,18.4566
923,0,4,512,13.6848
923,0,4,768,13.7056
923,0,4,1152,13.7368
923,0,4,1728,13.7835
923,0,4,2592,13.8536
923,0,4,3888,13.9588
923,0,4,5832,15.8458
923,0,4,8748,19.0826
923,0,4,13122,23.9379
923,0,4,16384,27.5588
923,0,8,512,13.7264
923,0,8,768,13.7679
923,0,8,1152,13.8303
923,0,8,1728,13.9238
923,0,8,2592,15.1443
923,0,8,3888,18.0215
923,0,8,5832,22.3372
923,0,8,8748,28.8109
923,0,8,13122,38.5214
923,0,8,16384,45.7632
923,0,16,512,13.8095
923,0,16,768,13.8926
923,0,16,1152,14.5404
923,0,16,1728,17.0979
923,0,16,2592,20.9342
923,0,16,3888,26.6885
923,0,16,5832,35.3201
923,0,16,8748,48.2675
923,0,16,13122,67.6885
923,0,16,16384,82.1721
923,0,32,512,14.0431
923,0,32,768,16.3164
923,0,32,1152,19.7265
923,0,32,1728,24.8415
923,0,32,2592,32.5140
923,0,32,3888,44.0227
923,0,32,5832,61.2859
923,0,32,8748,87.1806
923,0,32,13122,126.0226
923,0,32,16384,154.9899
923,0,64,512,18.7319
923,0,64,768,23.2785
923,0,64,1152,30.0985
923,0,64,1728,40.3286
923,0,64,2592,55.6736
923,0,64,3888,78.6911
923,0,64,5832,113.2174
923,0,64,8748,165.0068
923,0,64,13122,242.6909
923,0,64,16384,300.6255
923,0,128,512,28.1094
923,0,128,768,37.2027
923,0,128,1152,50.8427
923,0,128,1728,71.3028
923,0,128,2592,101.9928
923,0,128,3888,148.0278
923,0,128,5832,217.0804
923,0,128,8748,320.6592
923,0,128,13122,476.0275
923,0,128,16384,591.8966
923,512,0,0,23.2323
923,512,1,512,23.2427
923,512,1,768,23.2479
923,512,1,1152,23.2557
923,512,1,1728,23.2674
923,512,1,2592,23.2849
923,512,1,3888,23.3112
923,512,1,5832,23.3507
923,512,1,8748,23.4098
923,512,1,13122,23.4986
923,512,1,16384,23.5648
923,512,2,512,23.2531
923,512,2,768,23.2635
923,512,2,1152,23.2791
923,512,2,1728,23.3024
923,512,2,2592,23.3375
923,512,2,3888,23.3901
923,512,2,5832,23.4690
923,512,2,8748,23.5873
923,512,2,13122,23.7648
923,512,2,16384,23.8972
923,512,4,512,23.2739
923,512,4,768,23.2947
923,512,4,1152,23.3258
923,512,4,1728,23.3726
923,512,4,2592,23.4427
923,512,4,3888,23.5479
923,512,4,5832,23.7057
923,512,4,8748,23.9423
923,512,4,13122,24.2974
923,512,4,16384,27.7009
923,512,8,512,23.3154
923,512,8,768,23.3570
923,512,8,1152,23.4193
923,512,8,1728,23.5128
923,512,8,2592,23.6531
923,512,8,3888,23.8635
923,512,8,5832,24.1790
923,512,8,8748,28.9530
923,512,8,13122,38.6635
923,512,8,16384,45.9053
923,512,16,512,23.3985
923,512,16,768,23.4817
923,512,16,1152,23.6063
923,512,16,1728,23.7933
923,512,16,2592,24.0738
923,512,16,3888,26.8306
923,512,16,5832,35.4622
923,512,16,8748,48.4096
923,512,16,13122,67.8306
923,512,16,16384,82.3142
923,512,32,512,23.5648
923,512,32,768,23.7310
923,512,32,1152,23.9803
923,512,32,1728,24.9835
923,512,32,2592,32.6560
923,512,32,3888,44.1648
923,512,32,5832,61.4280
923,512,32,8748,87.3227
923,512,32,13122,126.1647
923,512,32,16384,155.1320
923,512,64,512,23.8972
923,512,64,768,24.2297
923,512,64,1152,30.2406
923,512,64,1728,40.4706
923,512,64,2592,55.8157
923,512,64,3888,78.8332
923,512,64,5832,113.3595
923,512,64,8748,165.1489
923,512,64,13122,242.8330
923,512,64,16384,300.7676
923,512,128,512,28.2515
923,512,128,768,37.3448
923,512,128,1152,50.9848
923,512,128,1728,71.4448
923,512,128,2592,102.1349
923,512,128,3888,148.1699
923,512,128,5832,217.2225
923,512,128,8748,320.8013
923,512,128,13122,476.1696
923,512,128,16384,592.0387
923,768,0,0,28.0269
923,768,1,512,28.0372
923,768,1,768,28.0424
923,768,1,1152,28.0502
923,768,1,1728,28.0619
923,768,1,2592,28.0794
923,768,1,3888,28.1057
923,768,1,5832,28.1452
923,768,1,8748,28.2044
923,768,1,13122,28.2931
923,768,1,16384,28.3593
923,768,2,512,28.0476
923,768,2,768,28.0580
923,768,2,1152,28.0736
923,768,2,1728,28.0970
923,768,2,2592,28.1320
923,768,2,3888,28.1846
923,768,2,5832,28.2635
923,768,2,8748,28.3819
923,768,2,13122,28.5594
923,768,2,16384,28.6917
923,768,4,512,28.0684
923,768,4,768,28.0892
923,768,4,1152,28.1204
923,768,4,1728,28.1671
923,768,4,2592,28.2372
923,768,4,3888,28.3424
923,768,4,5832,28.5002
923,768,4,8748,28.7369
923,768,4,13122,29.0919
923,768,4,16384,29.3566
923,768,8,512,28.1100
923,768,8,768,28.1515
923,768,8,1152,28.2139
923,768,8,1728,28.3074
923,768,8,2592,28.4476
923,768,8,3888,28.6580
923,768,8,5832,28.9735
923,768,8,8748,29.4469
923,768,8,13122,38.7346
923,768,8,16384,45.9764
923,768,16,512,28.1931
923,768,16,768,28.2762
923,768,16,1152,28.4009
923,768,16,1728,28.5879
923,768,16,2592,28.8684
923,768,16,3888,29.2891
923,768,16,5832,35.5332
923,768,16,8748,48.4806
923,768,16,13122,67.9016
923,768,16,16384,82.3853
923,768,32,512,28.3593
923,768,32,768,28.5255
923,768,32,1152,28.7749
923,768,32,1728,29.1489
923,768,32,2592,32.7271
923,768,32,3888,44.2359
923,768,32,5832,61.4990
923,768,32,8748,87.3937
923,768,32,13122,126.2358
923,768,32,16384,155.2030
923,768,64,512,28.6917
923,768,64,768,29.0242
923,768,64,1152,30.3117
923,768,64,1728,40.5417
923,768,64,2592,55.8867
923,768,64,3888,78.9042
923,768,64,5832,113.4305
923,768,64,8748,165.2199
923,768,64,13122,242.9041
923,768,64,16384,300.8386
923,768,128,512,29.3566
923,768,128,768,37.4158
923,768,128,1152,51.0559
923,768,128,1728,71.5159
923,768,128,2592,102.2059
923,768,128,3888,148.2409
923,768,128,5832,217.2935
923,768,128,8748,320.8724
923,768,128,13122,476.2406
923,768,128,16384,592.1097
923,1152,0,0,35.2186
923,1152,1,512,35.2290
923,1152,1,768,35.2342
923,1152,1,1152,35.2420
923,1152,1,1728,35.2537
923,1152,1,2592,35.2712
923,1152,1,3888,35.2975
923,1152,1,5832,35.3370
923,1152,1,8748,35.3961
923,1152,1,13122,35.4849
923,1152,1,16384,35.5511
923,1152,2,512,35.2394
923,1152,2,768,35.2498
923,1152,2,1152,35.2654
923,1152,2,1728,35.2888
923,1152,2,2592,35.3238
923,1152,2,3888,35.3764
923,1152,2,5832,35.4553
923,1152,2,8748,35.5737
923,1152,2,13122,35.7512
923,1152,2,16384,35.8835
923,1152,4,512,35.2602
923,1152,4,768,35.2810
923,1152,4,1152,35.3121
923,1152,4,1728,35.3589
923,1152,4,2592,35.4290
923,1152,4,3888,35.5342
923,1152,4,5832,35.6920
923,1152,4,8748,35.9287
923,1152,4,13122,36.2837
923,1152,4,16384,36.5484
923,1152,8,512,35.3018
923,1152,8,768,35.3433
923,1152,8,1152,35.4056
923,1152,8,1728,35.4991
923,1152,8,2592,35.6394
923,1152,8,3888,35.8498
923,1152,8,5832,36.1653
923,1152,8,8748,36.6387
923,1152,8,13122,38.8411
923,1152,8,16384,46.0829
923,1152,16,512,35.3849
923,1152,16,768,35.4680
923,1152,16,1152,35.5926
923,1152,16,1728,35.7797
923,1152,16,2592,36.0602
923,1152,16,3888,36.4809
923,1152,16,5832,37.1120
923,1152,16,8748,48.5872
923,1152,16,13122,68.0082
923,1152,16,16384,82.4918
923,1152,32,512,35.5511
923,1152,32,768,35.7173
923,1152,32,1152,35.9667
923,1152,32,1728,36.3407
923,1152,32,2592,36.9017
923,1152,32,3888,44.3424
923,1152,32,5832,61.6056
923,1152,32,8748,87.5003
923,1152,32,13122,126.3423
923,1152,32,16384,155.3096
923,1152,64,512,35.8835
923,1152,64,768,36.2160
923,1152,64,1152,36.7147
923,1152,64,1728,40.6482
923,1152,64,2592,55.9933
923,1152,64,3888,79.0108
923,1152,64,5832,113.5371
923,1152,64,8748,165.3265
923,1152,64,13122,243.0106
923,1152,64,16384,300.9452
923,1152,128,512,36.5484
923,1152,128,768,37.5224
923,1152,128,1152,51.1624
923,1152,128,1728,71.6224
923,1152,128,2592,102.3125
923,1152,128,3888,148.3475
923,1152,128,5832,217.4001
923,1152,128,8748,320.9789
923,1152,128,13122,476.3472
923,1152,128,16384,592.2163
923,1728,0,0,46.0063
923,1728,1,512,46.0167
923,1728,1,768,46.0219
923,1728,1,1152,46.0297
923,1728,1,1728,46.0414
923,1728,1,2592,46.0589
923,1728,1,3888,46.0852
923,1728,1,5832,46.1247
923,1728,1,8748,46.1838
923,1728,1,13122,46.2726
923,1728,1,16384,46.3388
923,1728,2,512,46.0271
923,1728,2,768,46.0375
923,1728,2,1152,46.0531
923,1728,2,1728,46.0765
923,1728,2,2592,46.1115
923,1728,2,3888,46.1641
923,1728,2,5832,46.2430
923,1728,2,8748,46.3613
923,1728,2,13122,46.5389
923,1728,2,16384,46.6712
923,1728,4,512,46.0479
923,1728,4,768,46.0687
923,1728,4,1152,46.0998
923,1728,4,1728,46.1466
923,1728,4,2592,46.2167
923,1728,4,3888,46.3219
923,1728,4,5832,46.4797
923,1728,4,8748,46.7164
923,1728,4,13122,47.0714
923,1728,4,16384,47.3361
923,1728,8,512,46.0894
923,1728,8,768,46.1310
923,1728,8,1152,46.1933
923,1728,8,1728,46.2868
923,1728,8,2592,46.4271
923,1728,8,3888,46.6375
923,1728,8,5832,46.9530
923,1728,8,8748,47.4264
923,1728,8,13122,48.1364
923,1728,8,16384,48.6659
923,1728,16,512,46.1726
923,1728,16,768,46.2557
923,1728,16,1152,46.3803
923,1728,16,1728,46.5673
923,1728,16,2592,46.8478
923,1728,16,3888,47.2686
923,1728,16,5832,47.8997
923,1728,16,8748,48.8464
923,1728,16,13122,68.1680
923,1728,16,16384,82.6517
923,1728,32,512,46.3388
923,1728,32,768,46.5050
923,1728,32,1152,46.7543
923,1728,32,1728,47.1283
923,1728,32,2592,47.6894
923,1728,32,3888,48.5309
923,1728,32,5832,61.7654
923,1728,32,8748,87.6601
923,1728,32,13122,126.5022
923,1728,32,16384,155.4694
923,1728,64,512,46.6712
923,1728,64,768,47.0037
923,1728,64,1152,47.5024
923,1728,64,1728,48.2504
923,1728,64,2592,56.1531
923,1728,64,3888,79.1706
923,1728,64,5832,113.6969
923,1728,64,8748,165.4863
923,1728,64,13122,243.1705
923,1728,64,16384,301.1050
923,1728,128,512,47.3361
923,1728,128,768,48.0010
923,1728,128,1152,51.3223
923,1728,128,1728,71.7823
923,1728,128,2592,102.4723
923,1728,128,3888,148.5074
923,1728,128,5832,217.5599
923,1728,128,8748,321.1388
923,1728,128,13122,476.5070
923,1728,128,16384,592.3761
923,2592,0,0,62.1879
923,2592,1,512,62.1983
923,2592,1,768,62.2035
923,2592,1,1152,62.2112
923,2592,1,1728,62.2229
923,2592,1,2592,62.2405
923,2592,1,3888,62.2668
923,2592,1,5832,62.3062
923,2592,1,8748,62.3654
923,2592,1,13122,62.4541
923,2592,1,16384,62.5203
923,2592,2,512,62.2086
923,2592,2,768,62.2190
923,2592,2,1152,62.2346
923,2592,2,1728,62.2580
923,2592,2,2592,62.2931
923,2592,2,3888,62.3457
923,2592,2,5832,62.4245
923,2592,2,8748,62.5429
923,2592,2,13122,62.7204
923,2592,2,16384,62.8528
923,2592,4,512,62.2294
923,2592,4,768,62.2502
923,2592,4,1152,62.2814
923,2592,4,1728,62.3281
923,2592,4,2592,62.3982
923,2592,4,3888,62.5034
923,2592,4,5832,62.6612
923,2592,4,8748,62.8979
923,2592,4,13122,63.2529
923,2592,4,16384,63.5177
923,2592,8,512,62.2710
923,2592,8,768,62.3125
923,2592,8,1152,62.3749
923,2592,8,1728,62.4684
923,2592,8,2592,62.6086
923,2592,8,3888,62.8190
923,2592,8,5832,63.1346
923,2592,8,8748,63.6079
923,2592,8,13122,64.3179
923,2592,8,16384,64.8475
923,2592,16,512,62.3541
923,2592,16,768,62.4372
923,2592,16,1152,62.5619
923,2592,16,1728,62.7489
923,2592,16,2592,63.0294
923,2592,16,3888,63.4501
923,2592,16,5832,64.0813
923,2592,16,8748,65.0280
923,2592,16,13122,68.4078
923,2592,16,16384,82.8914
923,2592,32,512,62.5203
923,2592,32,768,62.6865
923,2592,32,1152,62.9359
923,2592,32,1728,63.3099
923,2592,32,2592,63.8709
923,2592,32,3888,64.7124
923,2592,32,5832,65.9747
923,2592,32,8748,87.8999
923,2592,32,13122,126.7419
923,2592,32,16384,155.7092
923,2592,64,512,62.8528
923,2592,64,768,63.1852
923,2592,64,1152,63.6839
923,2592,64,1728,64.4319
923,2592,64,2592,65.5539
923,2592,64,3888,79.4104
923,2592,64,5832,113.9367
923,2592,64,8748,165.7261
923,2592,64,13122,243.4102
923,2592,64,16384,301.3448
923,2592,128,512,63.5177
923,2592,128,768,64.1826
923,2592,128,1152,65.1799
923,2592,128,1728,72.0220
923,2592,128,2592,102.7121
923,2592,128,3888,148.7471
923,2592,128,5832,217.7997
923,2592,128,8748,321.3785
923,2592,128,13122,476.7468
923,2592,128,16384,592.6159
923,3888,0,0,86.4602
923,3888,1,512,86.4706
923,3888,1,768,86.4758
923,3888,1,1152,86.4835
923,3888,1,1728,86.4952
923,3888,1,2592,86.5128
923,3888,1,3888,86.5391
923,3888,1,5832,86.5785
923,3888,1,8748,86.6377
923,3888,1,13122,86.7264
923,3888,1,16384,86.7926
923,3888,2,512,86.4810
923,3888,2,768,86.4913
923,3888,2,1152,86.5069
923,3888,2,1728,86.5303
923,3888,2,2592,86.5654
923,3888,2,3888,86.6180
923,3888,2,5832,86.6968
923,3888,2,8748,86.8152
923,3888,2,13122,86.9927
923,3888,2,16384,87.1251
923,3888,4,512,86.5017
923,3888,4,768,86.5225
923,3888,4,1152,86.5537
923,3888,4,1728,86.6004
923,3888,4,2592,86.6706
923,3888,4,3888,86.7757
923,3888,4,5832,86.9335
923,3888,4,8748,87.1702
923,3888,4,13122,87.5252
923,3888,4,16384,87.7900
923,3888,8,512,86.5433
923,3888,8,768,86.5848
923,3888,8,1152,86.6472
923,3888,8,1728,86.7407
923,3888,8,2592,86.8809
923,3888,8,3888,87.0913
923,3888,8,5832,87.4069
923,3888,8,8748,87.8802
923,3888,8,13122,88.5902
923,3888,8,16384,89.1198
923,3888,16,512,86.6264
923,3888,16,768,86.7095
923,3888,16,1152,86.8342
923,3888,16,1728,87.0212
923,3888,16,2592,87.3017
923,3888,16,3888,87.7224
923,3888,16,5832,88.3536
923,3888,16,8748,89.3003
923,3888,16,13122,90.7203
923,3888,16,16384,91.7793
923,3888,32,512,86.7926
923,3888,32,768,86.9588
923,3888,32,1152,87.2082
923,3888,32,1728,87.5822
923,3888,32,2592,88.1432
923,3888,32,3888,88.9847
923,3888,32,5832,90.2470
923,3888,32,8748,92.1404
923,3888,32,13122,127.1016
923,3888,32,16384,156.0689
923,3888,64,512,87.1251
923,3888,64,768,87.4575
923,3888,64,1152,87.9562
923,3888,64,1728,88.7042
923,3888,64,2592,89.8262
923,3888,64,3888,91.5092
923,3888,64,5832,114.2963
923,3888,64,8748,166.0857
923,3888,64,13122,243.7699
923,3888,64,16384,301.7044
923,3888,128,512,87.7900
923,3888,128,768,88.4549
923,3888,128,1152,89.4522
923,3888,128,1728,90.9482
923,3888,128,2592,103.0717
923,3888,128,3888,149.1068
923,3888,128,5832,218.1593
923,3888,128,8748,321.7382
923,3888,128,13122,477.1065
923,3888,128,16384,592.9755
923,5832,0,0,122.8686
923,5832,1,512,122.8790
923,5832,1,768,122.8842
923,5832,1,1152,122.8920
923,5832,1,1728,122.9037
923,5832,1,2592,122.9212
923,5832,1,3888,122.9475
923,5832,1,5832,122.9870
923,5832,1,8748,123.0461
923,5832,1,13122,123.1349
923,5832,1,16384,123.2011
923,5832,2,512,122.8894
923,5832,2,768,122.8998
923,5832,2,1152,122.9154
923,5832,2,1728,122.9388
923,5832,2,2592,122.9738
923,5832,2,3888,123.0264
923,5832,2,5832,123.1053
923,5832,2,8748,123.2236
923,5832,2,13122,123.4011
923,5832,2,16384,123.5335
923,5832,4,512,122.9102
923,5832,4,768,122.9310
923,5832,4,1152,122.9621
923,5832,4,1728,123.0089
923,5832,4,2592,123.0790
923,5832,4,3888,123.1842
923,5832,4,5832,123.3420
923,5832,4,8748,123.5787
923,5832,4,13122,123.9337
923,5832,4,16384,124.1984
923,5832,8,512,122.9517
923,5832,8,768,122.9933
923,5832,8,1152,123.0556
923,5832,8,1728,123.1491
923,5832,8,2592,123.2894
923,5832,8,3888,123.4998
923,5832,8,5832,123.8153
923,5832,8,8748,124.2887
923,5832,8,13122,124.9987
923,5832,8,16384,125.5282
923,5832,16,512,123.0349
923,5832,16,768,123.1180
923,5832,16,1152,123.2426
923,5832,16,1728,123.4296
923,5832,16,2592,123.7101
923,5832,16,3888,124.1309
923,5832,16,5832,124.7620
923,5832,16,8748,125.7087
923,5832,16,13122,127.1288
923,5832,16,16384,128.1878
923,5832,32,512,123.2011
923,5832,32,768,123.3673
923,5832,32,1152,123.6166
923,5832,32,1728,123.9906
923,5832,32,2592,124.5517
923,5832,32,3888,125.3932
923,5832,32,5832,126.6554
923,5832,32,8748,128.5488
923,5832,32,13122,131.3889
923,5832,32,16384,156.6083
923,5832,64,512,123.5335
923,5832,64,768,123.8660
923,5832,64,1152,124.3646
923,5832,64,1728,125.1127
923,5832,64,2592,126.2347
923,5832,64,3888,127.9177
923,5832,64,5832,130.4422
923,5832,64,8748,166.6252
923,5832,64,13122,244.3094
923,5832,64,16384,302.2439
923,5832,128,512,124.1984
923,5832,128,768,124.8633
923,5832,128,1152,125.8607
923,5832,128,1728,127.3567
923,5832,128,2592,129.6007
923,5832,128,3888,149.6462
923,5832,128,5832,218.6988
923,5832,128,8748,322.2777
923,5832,128,13122,477.6459
923,5832,128,16384,593.5150
923,8748,0,0,177.4813
923,8748,1,512,177.4917
923,8748,1,768,177.4969
923,8748,1,1152,177.5047
923,8748,1,1728,177.5164
923,8748,1,2592,177.5339
923,8748,1,3888,177.5602
923,8748,1,5832,177.5997
923,8748,1,8748,177.6588
923,8748,1,13122,177.7476
923,8748,1,16384,177.8138
923,8748,2,512,177.5021
923,8748,2,768,177.5125
923,8748,2,1152,177.5281
923,8748,2,1728,177.5514
923,8748,2,2592,177.5865
923,8748,2,3888,177.6391
923,8748,2,5832,177.7180
923,8748,2,8748,177.8363
923,8748,2,13122,178.0138
923,8748,2,16384,178.1462
923,8748,4,512,177.5229
923,8748,4,768,177.5436
923,8748,4,1152,177.5748
923,8748,4,1728,177.6216
923,8748,4,2592,177.6917
923,8748,4,3888,177.7969
923,8748,4,5832,177.9547
923,8748,4,8748,178.1913
923,8748,4,13122,178.5464
923,8748,4,16384,178.8111
923,8748,8,512,177.5644
923,8748,8,768,177.6060
923,8748,8,1152,177.6683
923,8748,8,1728,177.7618
923,8748,8,2592,177.9021
923,8748,8,3888,178.1124
923,8748,8,5832,178.4280
923,8748,8,8748,178.9014
923,8748,8,13122,179.6114
923,8748,8,16384,180.1409
923,8748,16,512,177.6475
923,8748,16,768,177.7307
923,8748,16,1152,177.8553
923,8748,16,1728,178.0423
923,8748,16,2592,178.3228
923,8748,16,3888,178.7436
923,8748,16,5832,179.3747
923,8748,16,8748,180.3214
923,8748,16,13122,181.7415
923,8748,16,16384,182.8005
923,8748,32,512,177.8138
923,8748,32,768,177.9800
923,8748,32,1152,178.2293
923,8748,32,1728,178.6033
923,8748,32,2592,179.1643
923,8748,32,3888,180.0058
923,8748,32,5832,181.2681
923,8748,32,8748,183.1615
923,8748,32,13122,186.0016
923,8748,32,16384,188.1197
923,8748,64,512,178.1462
923,8748,64,768,178.4787
923,8748,64,1152,178.9773
923,8748,64,1728,179.7253
923,8748,64,2592,180.8474
923,8748,64,3888,182.5304
923,8748,64,5832,185.0549
923,8748,64,8748,188.8417
923,8748,64,13122,245.1186
923,8748,64,16384,303.0531
923,8748,128,512,178.8111
923,8748,128,768,179.4760
923,8748,128,1152,180.4734
923,8748,128,1728,181.9694
923,8748,128,2592,184.2134
923,8748,128,3888,187.5794
923,8748,128,5832,219.5080
923,8748,128,8748,323.0869
923,8748,128,13122,478.4551
923,8748,128,16384,594.3242
923,13122,0,0,259.4003
923,13122,1,512,259.4107
923,13122,1,768,259.4159
923,13122,1,1152,259.4237
923,13122,1,1728,259.4354
923,13122,1,2592,259.4529
923,13122,1,3888,259.4792
923,13122,1,5832,259.5187
923,13122,1,8748,259.5778
923,13122,1,13122,259.6666
923,13122,1,16384,259.7328
923,13122,2,512,259.4211
923,13122,2,768,259.4315
923,13122,2,1152,259.4471
923,13122,2,1728,259.4705
923,13122,2,2592,259.5055
923,13122,2,3888,259.5581
923,13122,2,5832,259.6370
923,13122,2,8748,259.7554
923,13122,2,13122,259.9329
923,13122,2,16384,260.0652
923,13122,4,512,259.4419
923,13122,4,768,259.4627
923,13122,4,1152,259.4938
923,13122,4,1728,259.5406
923,13122,4,2592,259.6107
923,13122,4,3888,259.7159
923,13122,4,5832,259.8737
923,13122,4,8748,260.1104
923,13122,4,13122,260.4654
923,13122,4,16384,260.7301
923,13122,8,512,259.4835
923,13122,8,768,259.5250
923,13122,8,1152,259.5873
923,13122,8,1728,259.6808
923,13122,8,2592,259.8211
923,13122,8,3888,260.0315
923,13122,8,5832,260.3470
923,13122,8,8748,260.8204
923,13122,8,13122,261.5304
923,13122,8,16384,262.0599
923,13122,16,512,259.5666
923,13122,16,768,259.6497
923,13122,16,1152,259.7743
923,13122,16,1728,259.9613
923,13122,16,2592,260.2419
923,13122,16,3888,260.6626
923,13122,16,5832,261.2937
923,13122,16,8748,262.2404
923,13122,16,13122,263.6605
923,13122,16,16384,264.7195
923,13122,32,512,259.7328
923,13122,32,768,259.8990
923,13122,32,1152,260.1483
923,13122,32,1728,260.5224
923,13122,32,2592,261.0834
923,13122,32,3888,261.9249
923,13122,32,5832,263.1871
923,13122,32,8748,265.0805
923,13122,32,13122,267.9206
923,13122,32,16384,270.0387
923,13122,64,512,260.0652
923,13122,64,768,260.3977
923,13122,64,1152,260.8964
923,13122,64,1728,261.6444
923,13122,64,2592,262.7664
923,13122,64,3888,264.4494
923,13122,64,5832,266.9739
923,13122,64,8748,270.7607
923,13122,64,13122,276.4409
923,13122,64,16384,304.2669
923,13122,128,512,260.7301
923,13122,128,768,261.3950
923,13122,128,1152,262.3924
923,13122,128,1728,263.8884
923,13122,128,2592,266.1324
923,13122,128,3888,269.4985
923,13122,128,5832,274.5475
923,13122,128,8748,324.3007
923,13122,128,13122,479.6690
923,13122,128,16384,595.5380
923,16384,0,0,320.4931
923,16384,1,512,320.5035
923,16384,1,768,320.5087
923,16384,1,1152,320.5165
923,16384,1,1728,320.5282
923,16384,1,2592,320.5457
923,16384,1,3888,320.5720
923,16384,1,5832,320.6115
923,16384,1,8748,320.6706
923,16384,1,13122,320.7594
923,16384,1,16384,320.8256
923,16384,2,512,320.5139
923,16384,2,768,320.5243
923,16384,2,1152,320.5399
923,16384,2,1728,320.5633
923,16384,2,2592,320.5983
923,16384,2,3888,320.6509
923,16384,2,5832,320.7298
923,16384,2,8748,320.8481
923,16384,2,13122,321.0256
923,16384,2,16384,321.1580
923,16384,4,512,320.5347
923,16384,4,768,320.5555
923,16384,4,1152,320.5866
923,16384,4,1728,320.6334
923,16384,4,2592,320.7035
923,16384,4,3888,320.8087
923,16384,4,5832,320.9665
923,16384,4,8748,321.2032
923,16384,4,13122,321.5582
923,16384,4,16384,321.8229
923,16384,8,512,320.5762
923,16384,8,768,320.6178
923,16384,8,1152,320.6801
923,16384,8,1728,320.7736
923,16384,8,2592,320.9139
923,16384,8,3888,321.1243
923,16384,8,5832,321.4398
923,16384,8,8748,321.9132
923,16384,8,13122,322.6232
923,16384,8,16384,323.1527
923,16384,16,512,320.6594
923,16384,16,768,320.7425
923,16384,16,1152,320.8671
923,16384,16,1728,321.0541
923,16384,16,2592,321.3346
923,16384,16,3888,321.7554
923,16384,16,5832,322.3865
923,16384,16,8748,323.3332
923,16384,16,13122,324.7533
923,16384,16,16384,325.8123
923,16384,32,512,320.8256
923,16384,32,768,320.9918
923,16384,32,1152,321.2411
923,16384,32,1728,321.6151
923,16384,32,2592,322.1762
923,16384,32,3888,323.0177
923,16384,32,5832,324.2799
923,16384,32,8748,326.1733
923,16384,32,13122,329.0134
923,16384,32,16384,331.1315
923,16384,64,512,321.1580
923,16384,64,768,321.4905
923,16384,64,1152,321.9891
923,16384,64,1728,322.7372
923,16384,64,2592,323.8592
923,16384,64,3888,325.5422
923,16384,64,5832,328.0667
923,16384,64,8748,331.8535
923,16384,64,13122,337.5337
923,16384,64,16384,341.7698
923,16384,128,512,321.8229
923,16384,128,768,322.4878
923,16384,128,1152,323.4852
923,16384,128,1728,324.9812
923,16384,128,2592,327.2252
923,16384,128,3888,330.5913
923,16384,128,5832,335.6403
923,16384,128,8748,343.2139
923,16384,128,13122,480.5742
923,16384,128,16384,596.4433
1024,0,0,0,15.6383
1024,0,1,16,15.6387
1024,0,1,32,15.6390
1024,0,1,64,15.6396
1024,0,1,128,15.6409
1024,0,1,256,15.6435
1024,0,1,512,15.6487
1024,0,1,1024,15.6591
1024,0,1,2048,15.6799
1024,0,1,4096,15.7215
1024,0,1,8192,15.8046
1024,0,1,16384,15.9708
1024,0,2,16,15.6390
1024,0,2,32,15.6396
1024,0,2,64,15.6409
1024,0,2,128,15.6435
1024,0,2,256,15.6487
1024,0,2,512,15.6591
1024,0,2,1024,15.6799
1024,0,2,2048,15.7215
1024,0,2,4096,15.8046
1024,0,2,8192,15.9708
1024,0,2,16384,18.9331
1024,0,4,16,15.6396
1024,0,4,32,15.6409
1024,0,4,64,15.6435
1024,0,4,128,15.6487
1024,0,4,256,15.6591
1024,0,4,512,15.6799
1024,0,4,1024,15.7215
1024,0,4,2048,15.8046
1024,0,4,4096,15.9708
1024,0,4,8192,18.9419
1024,0,4,16384,28.0353
1024,0,8,16,15.6409
1024,0,8,32,15.6435
1024,0,8,64,15.6487
1024,0,8,128,15.6591
1024,0,8,256,15.6799
1024,0,8,512,15.7215
1024,0,8,1024,15.8046
1024,0,8,2048,15.9708
1024,0,8,4096,18.9597
1024,0,8,8192,28.0530
1024,0,8,16384,46.2397
1024,0,16,16,15.6435
1024,0,16,32,15.6487
1024,0,16,64,15.6591
1024,0,16,128,15.6799
1024,0,16,256,15.7215
1024,0,16,512,15.8046
1024,0,16,1024,15.9708
1024,0,16,2048,18.9952
1024,0,16,4096,28.0886
1024,0,16,8192,46.2752
1024,0,16,16384,82.6486
1024,0,32,16,15.6487
1024,0,32,32,15.6591
1024,0,32,64,15.6799
1024,0,32,128,15.7215
1024,0,32,256,15.8046
1024,0,32,512,15.9708
1024,0,32,1024,19.0663
1024,0,32,2048,28.1596
1024,0,32,4096,46.3463
1024,0,32,8192,82.7197
1024,0,32,16384,155.4664
1024,0,64,16,15.6591
1024,0,64,32,15.6799
1024,0,64,64,15.7215
1024,0,64,128,15.8046
1024,0,64,256,15.9708
1024,0,64,512,19.2083
1024,0,64,1024,28.3017
1024,0,64,2048,46.4884
1024,0,64,4096,82.8617
1024,0,64,8192,155.6085
1024,0,64,16384,301.1019
1024,0,128,16,15.6799
1024,0,128,32,15.7215
1024,0,128,64,15.8046
1024,0,128,128,15.9708
1024,0,128,256,19.4925
1024,0,128,512,28.5859
1024,0,128,1024,46.7725
1024,0,128,2048,83.1459
1024,0,128,4096,155.8926
1024,0,128,8192,301.3861
1024,0,128,16384,592.3731
1024,16,0,0,15.9708
1024,16,1,16,15.9711
1024,16,1,32,15.9714
1024,16,1,64,15.9721
1024,16,1,128,15.9734
1024,16,1,256,15.9760
1024,16,1,512,15.9812
1024,16,1,1024,15.9916
1024,16,1,2048,16.0124
1024,16,1,4096,16.0539
1024,16,1,8192,16.1370
1024,16,1,16384,16.3032
1024,16,2,16,15.9714
1024,16,2,32,15.9721
1024,16,2,64,15.9734
1024,16,2,128,15.9760
1024,16,2,256,15.9812
1024,16,2,512,15.9916
1024,16,2,1024,16.0124
1024,16,2,2048,16.0539
1024,16,2,4096,16.1370
1024,16,2,8192,16.3032
1024,16,2,16384,18.9375
1024,16,4,16,15.9721
1024,16,4,32,15.9734
1024,16,4,64,15.9760
1024,16,4,128,15.9812
1024,16,4,256,15.9916
1024,16,4,512,16.0124
1024,16,4,1024,16.0539
1024,16,4,2048,16.1370
1024,16,4,4096,16.3032
1024,16,4,8192,18.9464
1024,16,4,16384,28.0397
1024,16,8,16,15.9734
1024,16,8,32,15.9760
1024,16,8,64,15.9812
1024,16,8,128,15.9916
1024,16,8,256,16.0124
1024,16,8,512,16.0539
1024,16,8,1024,16.1370
1024,16,8,2048,16.3032
1024,16,8,4096,18.9641
1024,16,8,8192,28.0575
1024,16,8,16384,46.2442
1024,16,16,16,15.9760
1024,16,16,32,15.9812
1024,16,16,64,15.9916
1024,16,16,128,16.0124
1024,16,16,256,16.0539
1024,16,16,512,16.1370
1024,16,16,1024,16.3032
1024,16,16,2048,18.9997
1024,16,16,4096,28.0930
1024,16,16,8192,46.2797
1024,16,16,16384,82.6531
1024,16,32,16,15.9812
1024,16,32,32,15.9916
1024,16,32,64,16.0124
1024,16,32,128,16.0539
1024,16,32,256,16.1370
1024,16,32,512,16.3032
1024,16,32,1024,19.0707
1024,16,32,2048,28.1640
1024,16,32,4096,46.3507
1024,16,32,8192,82.7241
1024,16,32,16384,155.4708
1024,16,64,16,15.9916
1024,16,64,32,16.0124
1024,16,64,64,16.0539
1024,16,64,128,16.1370
1024,16,64,256,16.3032
1024,16,64,512,19.2128
1024,16,64,1024,28.3061
1024,16,64,2048,46.4928
1024,16,64,4096,82.8662
1024,16,64,8192,155.6129
1024,16,64,16384,301.1064
1024,16,128,16,16.0124
1024,16,128,32,16.0539
1024,16,128,64,16.1370
1024,16,128,128,16.3032
1024,16,128,256,19.4970
1024,16,128,512,28.5903
1024,16,128,1024,46.7770
1024,16,128,2048,83.1503
1024,16,128,4096,155.8971
1024,16,128,8192,301.3906
1024,16,128,16384,592.3775
1024,32,0,0,16.3032
1024,32,1,16,16.3036
1024,32,1,32,16.3039
1024,32,1,64,16.3045
1024,32,1,128,16.3058
1024,32,1,256,16.3084
1024,32,1,512,16.3136
1024,32,1,1024,16.3240
1024,32,1,2048,16.3448
1024,32,1,4096,16.3864
1024,32,1,8192,16.4695
1024,32,1,16384,16.6357
1024,32,2,16,16.3039
1024,32,2,32,16.3045
1024,32,2,64,16.3058
1024,32,2,128,16.3084
1024,32,2,256,16.3136
1024,32,2,512,16.3240
1024,32,2,1024,16.3448
1024,32,2,2048,16.3864
1024,32,2,4096,16.4695
1024,32,2,8192,16.6357
1024,32,2,16384,18.9419
1024,32,4,16,16.3045
1024,32,4,32,16.3058
1024,32,4,64,16.3084
1024,32,4,128,16.3136
1024,32,4,256,16.3240
1024,32,4,512,16.3448
1024,32,4,1024,16.3864
1024,32,4,2048,16.4695
1024,32,4,4096,16.6357
1024,32,4,8192,18.9508
1024,32,4,16384,28.0442
1024,32,8,16,16.3058
1024,32,8,32,16.3084
1024,32,8,64,16.3136
1024,32,8,128,16.3240
1024,32,8,256,16.3448
1024,32,8,512,16.3864
1024,32,8,1024,16.4695
1024,32,8,2048,16.6357
1024,32,8,4096,18.9686
1024,32,8,8192,28.0619
1024,32,8,16384,46.2486
1024,32,16,16,16.3084
1024,32,16,32,16.3136
1024,32,16,64,16.3240
1024,32,16,128,16.3448
1024,32,16,256,16.3864
1024,32,16,512,16.4695
1024,32,16,1024,16.6357
1024,32,16,2048,19.0041
1024,32,16,4096,28.0974
1024,32,16,8192,46.2841
1024,32,16,16384,82.6575
1024,32,32,16,16.3136
1024,32,32,32,16.3240
1024,32,32,64,16.3448
1024,32,32,128,16.3864
1024,32,32,256,16.4695
1024,32,32,512,16.6357
1024,32,32,1024,19.0751
1024,32,32,2048,28.1685
1024,32,32,4096,46.3552
1024,32,32,8192,82.7285
1024,32,32,16384,155.4753
1024,32,64,16,16.3240
1024,32,64,32,16.3448
1024,32,64,64,16.3864
1024,32,64,128,16.4695
1024,32,64,256,16.6357
1024,32,64,512,19.2172
1024,32,64,1024,28.3106
1024,32,64,2048,46.4973
1024,32,64,4096,82.8706
1024,32,64,8192,155.6174
1024,32,64,16384,301.1108
1024,32,128,16,16.3448
1024,32,128,32,16.3864
1024,32,128,64,16.4695
1024,32,128,128,16.6357
1024,32,128,256,19.5014
1024,32,128,512,28.5947
1024,32,128,1024,46.7814
1024,32,128,2048,83.1548
1024,32,128,4096,155.9015
1024,32,128,8192,301.3950
1024,32,128,16384,592.3819
1024,64,0,0,16.9681
1024,64,1,16,16.9685
1024,64,1,32,16.9688
1024,64,1,64,16.9694
1024,64,1,128,16.9707
1024,64,1,256,16.9733
1024,64,1,512,16.9785
1024,64,1,1024,16.9889
1024,64,1,2048,17.0097
1024,64,1,4096,17.0513
1024,64,1,8192,17.1344
1024,64,1,16384,17.3006
1024,64,2,16,16.9688
1024,64,2,32,16.9694
1024,64,2,64,16.9707
1024,64,2,128,16.9733
1024,64,2,256,16.9785
1024,64,2,512,16.9889
1024,64,2,1024,17.0097
1024,64,2,2048,17.0513
1024,64,2,4096,17.1344
1024,64,2,8192,17.3006
1024,64,2,16384,18.9508
1024,64,4,16,16.9694
1024,64,4,32,16.9707
1024,64,4,64,16.9733
1024,64,4,128,16.9785
1024,64,4,256,16.9889
1024,64,4,512,17.0097
1024,64,4,1024,17.0513
1024,64,4,2048,17.1344
1024,64,4,4096,17.3006
1024,64,4,8192,18.9597
1024,64,4,16384,28.0530
1024,64,8,16,16.9707
1024,64,8,32,16.9733
1024,64,8,64,16.9785
1024,64,8,128,16.9889
1024,64,8,256,17.0097
1024,64,8,512,17.0513
1024,64,8,1024,17.1344
1024,64,8,2048,17.3006
1024,64,8,4096,18.9775
1024,64,8,8192,28.0708
1024,64,8,16384,46.2575
1024,64,16,16,16.9733
1024,64,16,32,16.9785
1024,64,16,64,16.9889
1024,64,16,128,17.0097
1024,64,16,256,17.0513
1024,64,16,512,17.1344
1024,64,16,1024,17.3006
1024,64,16,2048,19.0130
1024,64,16,4096,28.1063
1024,64,16,8192,46.2930
1024,64,16,16384,82.6664
1024,64,32,16,16.9785
1024,64,32,32,16.9889
1024,64,32,64,17.0097
1024,64,32,128,17.0513
1024,64,32,256,17.1344
1024,64,32,512,17.3006
1024,64,32,1024,19.0840
1024,64,32,2048,28.1774
1024,64,32,4096,46.3640
1024,64,32,8192,82.7374
1024,64,32,16384,155.4842
1024,64,64,16,16.9889
1024,64,64,32,17.0097
1024,64,64,64,17.0513
1024,64,64,128,17.1344
1024,64,64,256,17.3006
1024,64,64,512,19.2261
1024,64,64,1024,28.3194
1024,64,64,2048,46.5061
1024,64,64,4096,82.8795
1024,64,64,8192,155.6262
1024,64,64,16384,301.1197
1024,64,128,16,17.0097
1024,64,128,32,17.0513
1024,64,128,64,17.1344
1024,64,128,128,17.3006
1024,64,128,256,19.5103
1024,64,128,512,28.6036
1024,64,128,1024,46.7903
1024,64,128,2048,83.1637
1024,64,128,4096,155.9104
1024,64,128,8192,301.4039
1024,64,128,16384,592.3908
1024,128,0,0,18.2979
1024,128,1,16,18.2983
1024,128,1,32,18.2986
1024,128,1,64,18.2992
1024,128,1,128,18.3005
1024,128,1,256,18.3031
1024,128,1,512,18.3083
1024,128,1,1024,18.3187
1024,128,1,2048,18.3395
1024,128,1,4096,18.3810
1024,128,1,8192,18.4642
1024,128,1,16384,18.6304
1024,128,2,16,18.2986
1024,128,2,32,18.2992
1024,128,2,64,18.3005
1024,128,2,128,18.3031
1024,128,2,256,18.3083
1024,128,2,512,18.3187
1024,128,2,1024,18.3395
1024,128,2,2048,18.3810
1024,128,2,4096,18.4642
1024,128,2,8192,18.6304
1024,128,2,16384,18.9686
1024,128,4,16,18.2992
1024,128,4,32,18.3005
1024,128,4,64,18.3031
1024,128,4,128,18.3083
1024,128,4,256,18.3187
1024,128,4,512,18.3395
1024,128,4,1024,18.3810
1024,128,4,2048,18.4642
1024,128,4,4096,18.6304
1024,128,4,8192,18.9775
1024,128,4,16384,28.0708
1024,128,8,16,18.3005
1024,128,8,32,18.3031
1024,128,8,64,18.3083
1024,128,8,128,18.3187
1024,128,8,256,18.3395
1024,128,8,512,18.3810
1024,128,8,1024,18.4642
1024,128,8,2048,18.6304
1024,128,8,4096,18.9952
1024,128,8,8192,28.0886
1024,128,8,16384,46.2752
1024,128,16,16,18.3031
1024,128,16,32,18.3083
1024,128,16,64,18.3187
1024,128,16,128,18.3395
1024,128,16,256,18.3810
1024,128,16,512,18.4642
1024,128,16,1024,18.6304
1024,128,16,2048,19.0307
1024,128,16,4096,28.1241
1024,128,16,8192,46.3108
1024,128,16,16384,82.6841
1024,128,32,16,18.3083
1024,128,32,32,18.3187
1024,128,32,64,18.3395
1024,128,32,128,18.3810
1024,128,32,256,18.4642
1024,128,32,512,18.6304
1024,128,32,1024,19.1018
1024,128,32,2048,28.1951
1024,128,32,4096,46.3818
1024,128,32,8192,82.7552
1024,128,32,16384,155.5019
1024,128,64,16,18.3187
1024,128,64,32,18.3395
1024,128,64,64,18.3810
1024,128,64,128,18.4642
1024,128,64,256,18.6304
1024,128,64,512,19.2439
1024,128,64,1024,28.3372
1024,128,64,2048,46.5239
1024,128,64,4096,82.8973
1024,128,64,8192,155.6440
1024,128,64,16384,301.1375
1024,128,128,16,18.3395
1024,128,128,32,18.3810
1024,128,128,64,18.4642
1024,128,128,128,18.6304
1024,128,128,256,19.5280
1024,128,128,512,28.6214
1024,128,128,1024,46.8081
1024,128,128,2048,83.1814
1024,128,128,4096,155.9282
1024,128,128,8192,301.4216
1024,128,128,16384,592.4086
1024,256,0,0,20.9575
1024,256,1,16,20.9578
1024,256,1,32,20.9582
1024,256,1,64,20.9588
1024,256,1,128,20.9601
1024,256,1,256,20.9627
1024,256,1,512,20.9679
1024,256,1,1024,20.9783
1024,256,1,2048,20.9991
1024,256,1,4096,21.0406
1024,256,1,8192,21.1237
1024,256,1,16384,21.2900
1024,256,2,16,20.9582
1024,256,2,32,20.9588
1024,256,2,64,20.9601
1024,256,2,128,20.9627
1024,256,2,256,20.9679
1024,256,2,512,20.9783
1024,256,2,1024,20.9991
1024,256,2,2048,21.0406
1024,256,2,4096,21.1237
1024,256,2,8192,21.2900
1024,256,2,16384,21.6224
1024,256,4,16,20.9588
1024,256,4,32,20.9601
1024,256,4,64,20.9627
1024,256,4,128,20.9679
1024,256,4,256,20.9783
1024,256,4,512,20.9991
1024,256,4,1024,21.0406
1024,256,4,2048,21.1237
1024,256,4,4096,21.2900
1024,256,4,8192,21.6224
1024,256,4,16384,28.1063
1024,256,8,16,20.9601
1024,256,8,32,20.9627
1024,256,8,64,20.9679
1024,256,8,128,20.9783
1024,256,8,256,20.9991
1024,256,8,512,21.0406
1024,256,8,1024,21.1237
1024,256,8,2048,21.2900
1024,256,8,4096,21.6224
1024,256,8,8192,28.1241
1024,256,8,16384,46.3108
1024,256,16,16,20.9627
1024,256,16,32,20.9679
1024,256,16,64,20.9783
1024,256,16,128,20.9991
1024,256,16,256,21.0406
1024,256,16,512,21.1237
1024,256,16,1024,21.2900
1024,256,16,2048,21.6224
1024,256,16,4096,28.1596
1024,256,16,8192,46.3463
1024,256,16,16384,82.7197
1024,256,32,16,20.9679
1024,256,32,32,20.9783
1024,256,32,64,20.9991
1024,256,32,128,21.0406
1024,256,32,256,21.1237
1024,256,32,512,21.2900
1024,256,32,1024,21.6224
1024,256,32,2048,28.2306
1024,256,32,4096,46.4173
1024,256,32,8192,82.7907
1024,256,32,16384,155.5374
1024,256,64,16,20.9783
1024,256,64,32,20.9991
1024,256,64,64,21.0406
1024,256,64,128,21.1237
1024,256,64,256,21.2900
1024,256,64,512,21.6224
1024,256,64,1024,28.3727
1024,256,64,2048,46.5594
1024,256,64,4096,82.9328
1024,256,64,8192,155.6795
1024,256,64,16384,301.1730
1024,256,128,16,20.9991
1024,256,128,32,21.0406
1024,256,128,64,21.1237
1024,256,128,128,21.2900
1024,256,128,256,21.6224
1024,256,128,512,28.6569
1024,256,128,1024,46.8436
1024,256,128,2048,83.2169
1024,256,128,4096,155.9637
1024,256,128,8192,301.4572
1024,256,128,16384,592.4441
1024,512,0,0,26.2767
1024,512,1,16,26.2770
1024,512,1,32,26.2773
1024,512,1,64,26.2780
1024,512,1,128,26.2793
1024,512,1,256,26.2819
1024,512,1,512,26.2871
1024,512,1,1024,26.2975
1024,512,1,2048,26.3183
1024,512,1,4096,26.3598
1024,512,1,8192,26.4429
1024,512,1,16384,26.6091
1024,512,2,16,26.2773
1024,512,2,32,26.2780
1024,512,2,64,26.2793
1024,512,2,128,26.2819
1024,512,2,256,26.2871
1024,512,2,512,26.2975
1024,512,2,1024,26.3183
1024,512,2,2048,26.3598
1024,512,2,4096,26.4429
1024,512,2,8192,26.6091
1024,512,2,16384,26.9416
1024,512,4,16,26.2780
1024,512,4,32,26.2793
1024,512,4,64,26.2819
1024,512,4,128,26.2871
1024,512,4,256,26.2975
1024,512,4,512,26.3183
1024,512,4,1024,26.3598
1024,512,4,2048,26.4429
1024,512,4,4096,26.6091
1024,512,4,8192,26.9416
1024,512,4,16384,28.1774
1024,512,8,16,26.2793
1024,512,8,32,26.2819
1024,512,8,64,26.2871
1024,512,8,128,26.2975
1024,512,8,256,26.3183
1024,512,8,512,26.3598
1024,512,8,1024,26.4429
1024,512,8,2048,26.6091
1024,512,8,4096,26.9416
1024,512,8,8192,28.1951
1024,512,8,16384,46.3818
1024,512,16,16,26.2819
1024,512,16,32,26.2871
1024,512,16,64,26.2975
1024,512,16,128,26.3183
1024,512,16,256,26.3598
1024,512,16,512,26.4429
1024,512,16,1024,26.6091
1024,512,16,2048,26.9416
1024,512,16,4096,28.2306
1024,512,16,8192,46.4173
1024,512,16,16384,82.7907
1024,512,32,16,26.2871
1024,512,32,32,26.2975
1024,512,32,64,26.3183
1024,512,32,128,26.3598
1024,512,32,256,26.4429
1024,512,32,512,26.6091
1024,512,32,1024,26.9416
1024,512,32,2048,28.3017
1024,512,32,4096,46.4884
1024,512,32,8192,82.8617
1024,512,32,16384,155.6085
1024,512,64,16,26.2975
1024,512,64,32,26.3183
1024,512,64,64,26.3598
1024,512,64,128,26.4429
1024,512,64,256,26.6091
1024,512,64,512,26.9416
1024,512,64,1024,28.4438
1024,512,64,2048,46.6305
1024,512,64,4096,83.0038
1024,512,64,8192,155.7506
1024,512,64,16384,301.2440
1024,512,128,16,26.3183
1024,512,128,32,26.3598
1024,512,128,64,26.4429
1024,512,128,128,26.6091
1024,512,128,256,26.9416
1024,512,128,512,28.7279
1024,512,128,1024,46.9146
1024,512,128,2048,83.2880
1024,512,128,4096,156.0347
1024,512,128,8192,301.5282
1024,512,128,16384,592.5151
1024,1024,0,0,36.9150
1024,1024,1,16,36.9154
1024,1024,1,32,36.9157
1024,1024,1,64,36.9163
1024,1024,1,128,36.9176
1024,1024,1,256,36.9202
1024,1024,1,512,36.9254
1024,1024,1,1024,36.9358
1024,1024,1,2048,36.9566
1024,1024,1,4096,36.9982
1024,1024,1,8192,37.0813
1024,1024,1,16384,37.2475
1024,1024,2,16,36.9157
1024,1024,2,32,36.9163
1024,1024,2,64,36.9176
1024,1024,2,128,36.9202
1024,1024,2,256,36.9254
1024,1024,2,512,36.9358
1024,1024,2,1024,36.9566
1024,1024,2,2048,36.9982
1024,1024,2,4096,37.0813
1024,1024,2,8192,37.2475
1024,1024,2,16384,37.5799
1024,1024,4,16,36.9163
1024,1024,4,32,36.9176
1024,1024,4,64,36.9202
1024,1024,4,128,36.9254
1024,1024,4,256,36.9358
1024,1024,4,512,36.9566
1024,1024,4,1024,36.9982
1024,1024,4,2048,37.0813
1024,1024,4,4096,37.2475
1024,1024,4,8192,37.5799
1024,1024,4,16384,38.2448
1024,1024,8,16,36.9176
1024,1024,8,32,36.9202
1024,1024,8,64,36.9254
1024,1024,8,128,36.9358
1024,1024,8,256,36.9566
1024,1024,8,512,36.9982
1024,1024,8,1024,37.0813
1024,1024,8,2048,37.2475
1024,1024,8,4096,37.5799
1024,1024,8,8192,38.2448
1024,1024,8,16384,46.5239
1024,1024,16,16,36.9202
1024,1024,16,32,36.9254
1024,1024,16,64,36.9358
1024,1024,16,128,36.9566
1024,1024,16,256,36.9982
1024,1024,16,512,37.0813
1024,1024,16,1024,37.2475
1024,1024,16,2048,37.5799
1024,1024,16,4096,38.2448
1024,1024,16,8192,46.5594
1024,1024,16,16384,82.9328
1024,1024,32,16,36.9254
1024,1024,32,32,36.9358
1024,1024,32,64,36.9566
1024,1024,32,128,36.9982
1024,1024,32,256,37.0813
1024,1024,32,512,37.2475
1024,1024,32,1024,37.5799
1024,1024,32,2048,38.2448
1024,1024,32,4096,46.6305
1024,1024,32,8192,83.0038
1024,1024,32,16384,155.7506
1024,1024,64,16,36.9358
1024,1024,64,32,36.9566
1024,1024,64,64,36.9982
1024,1024,64,128,37.0813
1024,1024,64,256,37.2475
1024,1024,64,512,37.5799
1024,1024,64,1024,38.2448
1024,1024,64,2048,46.7725
1024,1024,64,4096,83.1459
1024,1024,64,8192,155.8926
1024,1024,64,16384,301.3861
1024,1024,128,16,36.9566
1024,1024,128,32,36.9982
1024,1024,128,64,37.0813
1024,1024,128,128,37.2475
1024,1024,128,256,37.5799
1024,1024,128,512,38.2448
1024,1024,128,1024,47.0567
1024,1024,128,2048,83.4301
1024,1024,128,4096,156.1768
1024,1024,128,8192,301.6703
1024,1024,128,16384,592.6572
1024,2048,0,0,58.1917
1024,2048,1,16,58.1921
1024,2048,1,32,58.1924
1024,2048,1,64,58.1930
1024,2048,1,128,58.1943
1024,2048,1,256,58.1969
1024,2048,1,512,58.2021
1024,2048,1,1024,58.2125
1024,2048,1,2048,58.2333
1024,2048,1,4096,58.2749
1024,2048,1,8192,58.3580
1024,2048,1,16384,58.5242
1024,2048,2,16,58.1924
1024,2048,2,32,58.1930
1024,2048,2,64,58.1943
1024,2048,2,128,58.1969
1024,2048,2,256,58.2021
1024,2048,2,512,58.2125
1024,2048,2,1024,58.2333
1024,2048,2,2048,58.2749
1024,2048,2,4096,58.3580
1024,2048,2,8192,58.5242
1024,2048,2,16384,58.8566
1024,2048,4,16,58.1930
1024,2048,4,32,58.1943
1024,2048,4,64,58.1969
1024,2048,4,128,58.2021
1024,2048,4,256,58.2125
1024,2048,4,512,58.2333
1024,2048,4,1024,58.2749
1024,2048,4,2048,58.3580
1024,2048,4,4096,58.5242
1024,2048,4,8192,58.8566
1024,2048,4,16384,59.5215
1024,2048,8,16,58.1943
1024,2048,8,32,58.1969
1024,2048,8,64,58.2021
1024,2048,8,128,58.2125
1024,2048,8,256,58.2333
1024,2048,8,512,58.2749
1024,2048,8,1024,58.3580
1024,2048,8,2048,58.5242
1024,2048,8,4096,58.8566
1024,2048,8,8192,59.5215
1024,2048,8,16384,60.8513
1024,2048,16,16,58.1969
1024,2048,16,32,58.2021
1024,2048,16,64,58.2125
1024,2048,16,128,58.2333
1024,2048,16,256,58.2749
1024,2048,16,512,58.3580
1024,2048,16,1024,58.5242
1024,2048,16,2048,58.8566
1024,2048,16,4096,59.5215
1024,2048,16,8192,60.8513
1024,2048,16,16384,83.2169
1024,2048,32,16,58.2021
1024,2048,32,32,58.2125
1024,2048,32,64,58.2333
1024,2048,32,128,58.2749
1024,2048,32,256,58.3580
1024,2048,32,512,58.5242
1024,2048,32,1024,58.8566
1024,2048,32,2048,59.5215
1024,2048,32,4096,60.8513
1024,2048,32,8192,83.2880
1024,2048,32,16384,156.0347
1024,2048,64,16,58.2125
1024,2048,64,32,58.2333
1024,2048,64,64,58.2749
1024,2048,64,128,58.3580
1024,2048,64,256,58.5242
1024,2048,64,512,58.8566
1024,2048,64,1024,59.5215
1024,2048,64,2048,60.8513
1024,2048,64,4096,83.4301
1024,2048,64,8192,156.1768
1024,2048,64,16384,301.6703
1024,2048,128,16,58.2333
1024,2048,128,32,58.2749
1024,2048,128,64,58.3580
1024,2048,128,128,58.5242
1024,2048,128,256,58.8566
1024,2048,128,512,59.5215
1024,2048,128,1024,60.8513
1024,2048,128,2048,83.7142
1024,2048,128,4096,156.4610
1024,2048,128,8192,301.9544
1024,2048,128,16384,592.9414
1024,4096,0,0,100.7451
1024,4096,1,16,100.7455
1024,4096,1,32,100.7458
1024,4096,1,64,100.7464
1024,4096,1,128,100.7477
1024,4096,1,256,100.7503
1024,4096,1,512,100.7555
1024,4096,1,1024,100.7659
1024,4096,1,2048,100.7867
1024,4096,1,4096,100.8282
1024,4096,1,8192,100.9114
1024,4096,1,16384,101.0776
1024,4096,2,16,100.7458
1024,4096,2,32,100.7464
1024,4096,2,64,100.7477
1024,4096,2,128,100.7503
1024,4096,2,256,100.7555
1024,4096,2,512,100.7659
1024,4096,2,1024,100.7867
1024,4096,2,2048,100.8282
1024,4096,2,4096,100.9114
1024,4096,2,8192,101.0776
1024,4096,2,16384,101.4100
1024,4096,4,16,100.7464
1024,4096,4,32,100.7477
1024,4096,4,64,100.7503
1024,4096,4,128,100.7555
1024,4096,4,256,100.7659
1024,4096,4,512,100.7867
1024,4096,4,1024,100.8282
1024,4096,4,2048,100.9114
1024,4096,4,4096,101.0776
1024,4096,4,8192,101.4100
1024,4096,4,16384,102.0749
1024,4096,8,16,100.7477
1024,4096,8,32,100.7503
1024,4096,8,64,100.7555
1024,4096,8,128,100.7659
1024,4096,8,256,100.7867
1024,4096,8,512,100.8282
1024,4096,8,1024,100.9114
1024,4096,8,2048,101.0776
1024,4096,8,4096,101.4100
1024,4096,8,8192,102.0749
1024,4096,8,16384,103.4047
1024,4096,16,16,100.7503
1024,4096,16,32,100.7555
1024,4096,16,64,100.7659
1024,4096,16,128,100.7867
1024,4096,16,256,100.8282
1024,4096,16,512,100.9114
1024,4096,16,1024,101.0776
1024,4096,16,2048,101.4100
1024,4096,16,4096,102.0749
1024,4096,16,8192,103.4047
1024,4096,16,16384,106.0643
1024,4096,32,16,100.7555
1024,4096,32,32,100.7659
1024,4096,32,64,100.7867
1024,4096,32,128,100.8282
1024,4096,32,256,100.9114
1024,4096,32,512,101.0776
1024,4096,32,1024,101.4100
1024,4096,32,2048,102.0749
1024,4096,32,4096,103.4047
1024,4096,32,8192,106.0643
1024,4096,32,16384,156.6031
1024,4096,64,16,100.7659
1024,4096,64,32,100.7867
1024,4096,64,64,100.8282
1024,4096,64,128,100.9114
1024,4096,64,256,101.0776
1024,4096,64,512,101.4100
1024,4096,64,1024,102.0749
1024,4096,64,2048,103.4047
1024,4096,64,4096,106.0643
1024,4096,64,8192,156.7451
1024,4096,64,16384,302.2386
1024,4096,128,16,100.7867
1024,4096,128,32,100.8282
1024,4096,128,64,100.9114
1024,4096,128,128,101.0776
1024,4096,128,256,101.4100
1024,4096,128,512,102.0749
1024,4096,128,1024,103.4047
1024,4096,128,2048,106.0643
1024,4096,128,4096,157.0293
1024,4096,128,8192,302.5228
1024,4096,128,16384,593.5097
1024,8192,0,0,185.8519
1024,8192,1,16,185.8523
1024,8192,1,32,185.8526
1024,8192,1,64,185.8532
1024,8192,1,128,185.8545
1024,8192,1,256,185.8571
1024,8192,1,512,185.8623
1024,8192,1,1024,185.8727
1024,8192,1,2048,185.8935
1024,8192,1,4096,185.9350
1024,8192,1,8192,186.0182
1024,8192,1,16384,186.1844
1024,8192,2,16,185.8526
1024,8192,2,32,185.8532
1024,8192,2,64,185.8545
1024,8192,2,128,185.8571
1024,8192,2,256,185.8623
1024,8192,2,512,185.8727
1024,8192,2,1024,185.8935
1024,8192,2,2048,185.9350
1024,8192,2,4096,186.0182
1024,8192,2,8192,186.1844
1024,8192,2,16384,186.5168
1024,8192,4,16,185.8532
1024,8192,4,32,185.8545
1024,8192,4,64,185.8571
1024,8192,4,128,185.8623
1024,8192,4,256,185.8727
1024,8192,4,512,185.8935
1024,8192,4,1024,185.9350
1024,8192,4,2048,186.0182
1024,8192,4,4096,186.1844
1024,8192,4,8192,186.5168
1024,8192,4,16384,187.1817
1024,8192,8,16,185.8545
1024,8192,8,32,185.8571
1024,8192,8,64,185.8623
1024,8192,8,128,185.8727
1024,8192,8,256,185.8935
1024,8192,8,512,185.9350
1024,8192,8,1024,186.0182
1024,8192,8,2048,186.1844
1024,8192,8,4096,186.5168
1024,8192,8,8192,187.1817
1024,8192,8,16384,188.5115
1024,8192,16,16,185.8571
1024,8192,16,32,185.8623
1024,8192,16,64,185.8727
1024,8192,16,128,185.8935
1024,8192,16,256,185.9350
1024,8192,16,512,186.0182
1024,8192,16,1024,186.1844
1024,8192,16,2048,186.5168
1024,8192,16,4096,187.1817
1024,8192,16,8192,188.5115
1024,8192,16,16384,191.1711
1024,8192,32,16,185.8623
1024,8192,32,32,185.8727
1024,8192,32,64,185.8935
1024,8192,32,128,185.9350
1024,8192,32,256,186.0182
1024,8192,32,512,186.1844
1024,8192,32,1024,186.5168
1024,8192,32,2048,187.1817
1024,8192,32,4096,188.5115
1024,8192,32,8192,191.1711
1024,8192,32,16384,196.4903
1024,8192,64,16,185.8727
1024,8192,64,32,185.8935
1024,8192,64,64,185.9350
1024,8192,64,128,186.0182
1024,8192,64,256,186.1844
1024,8192,64,512,186.5168
1024,8192,64,1024,187.1817
1024,8192,64,2048,188.5115
1024,8192,64,4096,191.1711
1024,8192,64,8192,196.4903
1024,8192,64,16384,303.3753
1024,8192,128,16,185.8935
1024,8192,128,32,185.9350
1024,8192,128,64,186.0182
1024,8192,128,128,186.1844
1024,8192,128,256,186.5168
1024,8192,128,512,187.1817
1024,8192,128,1024,188.5115
1024,8192,128,2048,191.1711
1024,8192,128,4096,196.4903
1024,8192,128,8192,303.6595
1024,8192,128,16384,594.6464
1024,16384,0,0,356.0655
1024,16384,1,16,356.0658
1024,16384,1,32,356.0662
1024,16384,1,64,356.0668
1024,16384,1,128,356.0681
1024,16384,1,256,356.0707
1024,16384,1,512,356.0759
1024,16384,1,1024,356.0863
1024,16384,1,2048,356.1071
1024,16384,1,4096,356.1486
1024,16384,1,8192,356.2317
1024,16384,1,16384,356.3980
1024,16384,2,16,356.0662
1024,16384,2,32,356.0668
1024,16384,2,64,356.0681
1024,16384,2,128,356.0707
1024,16384,2,256,356.0759
1024,16384,2,512,356.0863
1024,16384,2,1024,356.1071
1024,16384,2,2048,356.1486
1024,16384,2,4096,356.2317
1024,16384,2,8192,356.3980
1024,16384,2,16384,356.7304
1024,16384,4,16,356.0668
1024,16384,4,32,356.0681
1024,16384,4,64,356.0707
1024,16384,4,128,356.0759
1024,16384,4,256,356.0863
1024,16384,4,512,356.1071
1024,16384,4,1024,356.1486
1024,16384,4,2048,356.2317
1024,16384,4,4096,356.3980
1024,16384,4,8192,356.7304
1024,16384,4,16384,357.3953
1024,16384,8,16,356.0681
1024,16384,8,32,356.0707
1024,16384,8,64,356.0759
1024,16384,8,128,356.0863
1024,16384,8,256,356.1071
1024,16384,8,512,356.1486
1024,16384,8,1024,356.2317
1024,16384,8,2048,356.3980
1024,16384,8,4096,356.7304
1024,16384,8,8192,357.3953
1024,16384,8,16384,358.7251
1024,16384,16,16,356.0707
1024,16384,16,32,356.0759
1024,16384,16,64,356.0863
1024,16384,16,128,356.1071
1024,16384,16,256,356.1486
1024,16384,16,512,356.2317
1024,16384,16,1024,356.3980
1024,16384,16,2048,356.7304
1024,16384,16,4096,357.3953
1024,16384,16,8192,358.7251
1024,16384,16,16384,361.3847
1024,16384,32,16,356.0759
1024,16384,32,32,356.0863
1024,16384,32,64,356.1071
1024,16384,32,128,356.1486
1024,16384,32,256,356.2317
1024,16384,32,512,356.3980
1024,16384,32,1024,356.7304
1024,16384,32,2048,357.3953
1024,16384,32,4096,358.7251
1024,16384,32,8192,361.3847
1024,16384,32,16384,366.7039
1024,16384,64,16,356.0863
1024,16384,64,32,356.1071
1024,16384,64,64,356.1486
1024,16384,64,128,356.2317
1024,16384,64,256,356.3980
1024,16384,64,512,356.7304
1024,16384,64,1024,357.3953
1024,16384,64,2048,358.7251
1024,16384,64,4096,361.3847
1024,16384,64,8192,366.7039
1024,16384,64,16384,377.3422
1024,16384,128,16,356.1071
1024,16384,128,32,356.1486
1024,16384,128,64,356.2317
1024,16384,128,128,356.3980
1024,16384,128,256,356.7304
1024,16384,128,512,357.3953
1024,16384,128,1024,358.7251
1024,16384,128,2048,361.3847
1024,16384,128,4096,366.7039
1024,16384,128,8192,377.3422
1024,16384,128,16384,596.9197
1384,0,0,0,24.4333
1384,0,1,512,24.4437
1384,0,1,768,24.4489
1384,0,1,1152,24.4567
1384,0,1,1728,24.4684
1384,0,1,2592,24.4859
1384,0,1,3888,24.5122
1384,0,1,5832,24.5516
1384,0,1,8748,24.6108
1384,0,1,13122,24.6996
1384,0,1,16384,24.7657
1384,0,2,512,24.4541
1384,0,2,768,24.4645
1384,0,2,1152,24.4800
1384,0,2,1728,24.5034
1384,0,2,2592,24.5385
1384,0,2,3888,24.5911
1384,0,2,5832,24.6700
1384,0,2,8748,24.7883
1384,0,2,13122,24.9658
1384,0,2,16384,25.0982
1384,0,4,512,24.4749
1384,0,4,768,24.4956
1384,0,4,1152,24.5268
1384,0,4,1728,24.5735
1384,0,4,2592,24.6437
1384,0,4,3888,24.7489
1384,0,4,5832,24.9066
1384,0,4,8748,25.1433
1384,0,4,13122,26.1127
1384,0,4,16384,29.7336
1384,0,8,512,24.5164
1384,0,8,768,24.5580
1384,0,8,1152,24.6203
1384,0,8,1728,24.7138
1384,0,8,2592,24.8541
1384,0,8,3888,25.0644
1384,0,8,5832,25.3800
1384,0,8,8748,30.9857
1384,0,8,13122,40.6963
1384,0,8,16384,47.9381
1384,0,16,512,24.5995
1384,0,16,768,24.6826
1384,0,16,1152,24.8073
1384,0,16,1728,24.9943
1384,0,16,2592,25.2748
1384,0,16,3888,28.8634
1384,0,16,5832,37.4949
1384,0,16,8748,50.4423
1384,0,16,13122,69.8633
1384,0,16,16384,84.3470
1384,0,32,512,24.7657
1384,0,32,768,24.9320
1384,0,32,1152,25.1813
1384,0,32,1728,27.0163
1384,0,32,2592,34.6888
1384,0,32,3888,46.1975
1384,0,32,5832,63.4607
1384,0,32,8748,89.3554
1384,0,32,13122,128.1975
1384,0,32,16384,157.1647
1384,0,64,512,25.0982
1384,0,64,768,25.4534
1384,0,64,1152,32.2734
1384,0,64,1728,42.5034
1384,0,64,2592,57.8484
1384,0,64,3888,80.8659
1384,0,64,5832,115.3922
1384,0,64,8748,167.1816
1384,0,64,13122,244.8658
1384,0,64,16384,302.8003
1384,0,128,512,30.2842
1384,0,128,768,39.3775
1384,0,128,1152,53.0176
1384,0,128,1728,73.4776
1384,0,128,2592,104.1676
1384,0,128,3888,150.2026
1384,0,128,5832,219.2552
1384,0,128,8748,322.8341
1384,0,128,13122,478.2023
1384,0,128,16384,594.0714
1384,512,0,0,38.8117
1384,512,1,512,38.8221
1384,512,1,768,38.8273
1384,512,1,1152,38.8351
1384,512,1,1728,38.8468
1384,512,1,2592,38.8643
1384,512,1,3888,38.8906
1384,512,1,5832,38.9300
1384,512,1,8748,38.9892
1384,512,1,13122,39.0779
1384,512,1,16384,39.1441
1384,512,2,512,38.8325
1384,512,2,768,38.8429
1384,512,2,1152,38.8584
1384,512,2,1728,38.8818
1384,512,2,2592,38.9169
1384,512,2,3888,38.9695
1384,512,2,5832,39.0484
1384,512,2,8748,39.1667
1384,512,2,13122,39.3442
1384,512,2,16384,39.4766
1384,512,4,512,38.8532
1384,512,4,768,38.8740
1384,512,4,1152,38.9052
1384,512,4,1728,38.9519
1384,512,4,2592,39.0221
1384,512,4,3888,39.1273
1384,512,4,5832,39.2850
1384,512,4,8748,39.5217
1384,512,4,13122,39.8767
1384,512,4,16384,40.1415
1384,512,8,512,38.8948
1384,512,8,768,38.9364
1384,512,8,1152,38.9987
1384,512,8,1728,39.0922
1384,512,8,2592,39.2324
1384,512,8,3888,39.4428
1384,512,8,5832,39.7584
1384,512,8,8748,40.2317
1384,512,8,13122,40.9418
1384,512,8,16384,48.0802
1384,512,16,512,38.9779
1384,512,16,768,39.0610
1384,512,16,1152,39.1857
1384,512,16,1728,39.3727
1384,512,16,2592,39.6532
1384,512,16,3888,40.0740
1384,512,16,5832,40.7051
1384,512,16,8748,50.5844
1384,512,16,13122,70.0054
1384,512,16,16384,84.4890
1384,512,32,512,39.1441
1384,512,32,768,39.3104
1384,512,32,1152,39.5597
1384,512,32,1728,39.9337
1384,512,32,2592,40.4947
1384,512,32,3888,46.3396
1384,512,32,5832,63.6028
1384,512,32,8748,89.4975
1384,512,32,13122,128.3396
1384,512,32,16384,157.3068
1384,512,64,512,39.4766
1384,512,64,768,39.8090
1384,512,64,1152,40.3077
1384,512,64,1728,42.6455
1384,512,64,2592,57.9905
1384,512,64,3888,81.0080
1384,512,64,5832,115.5343
1384,512,64,8748,167.3237
1384,512,64,13122,245.0078
1384,512,64,16384,302.9424
1384,512,128,512,40.1415
1384,512,128,768,40.8064
1384,512,128,1152,53.1596
1384,512,128,1728,73.6197
1384,512,128,2592,104.3097
1384,512,128,3888,150.3447
1384,512,128,5832,219.3973
1384,512,128,8748,322.9761
1384,512,128,13122,478.3444
1384,512,128,16384,594.2135
1384,768,0,0,46.0009
1384,768,1,512,46.0113
1384,768,1,768,46.0165
1384,768,1,1152,46.0243
1384,768,1,1728,46.0359
1384,768,1,2592,46.0535
1384,768,1,3888,46.0798
1384,768,1,5832,46.1192
1384,768,1,8748,46.1784
1384,768,1,13122,46.2671
1384,768,1,16384,46.3333
1384,768,2,512,46.0217
1384,768,2,768,46.0321
1384,768,2,1152,46.0476
1384,768,2,1728,46.0710
1384,768,2,2592,46.1061
1384,768,2,3888,46.1587
1384,768,2,5832,46.2376
1384,768,2,8748,46.3559
1384,768,2,13122,46.5334
1384,768,2,16384,46.6658
1384,768,4,512,46.0424
1384,768,4,768,46.0632
1384,768,4,1152,46.0944
1384,768,4,1728,46.1411
1384,768,4,2592,46.2113
1384,768,4,3888,46.3165
1384,768,4,5832,46.4742
1384,768,4,8748,46.7109
1384,768,4,13122,47.0659
1384,768,4,16384,47.3307
1384,768,8,512,46.0840
1384,768,8,768,46.1256
1384,768,8,1152,46.1879
1384,768,8,1728,46.2814
1384,768,8,2592,46.4216
1384,768,8,3888,46.6320
1384,768,8,5832,46.9476
1384,768,8,8748,47.4209
1384,768,8,13122,48.1310
1384,768,8,16384,48.6605
1384,768,16,512,46.1671
1384,768,16,768,46.2502
1384,768,16,1152,46.3749
1384,768,16,1728,46.5619
1384,768,16,2592,46.8424
1384,768,16,3888,47.2632
1384,768,16,5832,47.8943
1384,768,16,8748,50.6554
1384,768,16,13122,70.0764
1384,768,16,16384,84.5601
1384,768,32,512,46.3333
1384,768,32,768,46.4996
1384,768,32,1152,46.7489
1384,768,32,1728,47.1229
1384,768,32,2592,47.6839
1384,768,32,3888,48.5254
1384,768,32,5832,63.6738
1384,768,32,8748,89.5685
1384,768,32,13122,128.4106
1384,768,32,16384,157.3779
1384,768,64,512,46.6658
1384,768,64,768,46.9982
1384,768,64,1152,47.4969
1384,768,64,1728,48.2449
1384,768,64,2592,58.0615
1384,768,64,3888,81.0790
1384,768,64,5832,115.6053
1384,768,64,8748,167.3947
1384,768,64,13122,245.0789
1384,768,64,16384,303.0134
1384,768,128,512,47.3307
1384,768,128,768,47.9956
1384,768,128,1152,53.2307
1384,768,128,1728,73.6907
1384,768,128,2592,104.3807
1384,768,128,3888,150.4158
1384,768,128,5832,219.4683
1384,768,128,8748,323.0472
1384,768,128,13122,478.4155
1384,768,128,16384,594.2845
1384,1152,0,0,56.7847
1384,1152,1,512,56.7951
1384,1152,1,768,56.8003
1384,1152,1,1152,56.8081
1384,1152,1,1728,56.8197
1384,1152,1,2592,56.8373
1384,1152,1,3888,56.8636
1384,1152,1,5832,56.9030
1384,1152,1,8748,56.9622
1384,1152,1,13122,57.0509
1384,1152,1,16384,57.1171
1384,1152,2,512,56.8055
1384,1152,2,768,56.8158
1384,1152,2,1152,56.8314
1384,1152,2,1728,56.8548
1384,1152,2,2592,56.8899
1384,1152,2,3888,56.9425
1384,1152,2,5832,57.0214
1384,1152,2,8748,57.1397
1384,1152,2,13122,57.3172
1384,1152,2,16384,57.4496
1384,1152,4,512,56.8262
1384,1152,4,768,56.8470
1384,1152,4,1152,56.8782
1384,1152,4,1728,56.9249
1384,1152,4,2592,56.9951
1384,1152,4,3888,57.1002
1384,1152,4,5832,57.2580
1384,1152,4,8748,57.4947
1384,1152,4,13122,57.8497
1384,1152,4,16384,58.1145
1384,1152,8,512,56.8678
1384,1152,8,768,56.9093
1384,1152,8,1152,56.9717
1384,1152,8,1728,57.0652
1384,1152,8,2592,57.2054
1384,1152,8,3888,57.4158
1384,1152,8,5832,57.7314
1384,1152,8,8748,58.2047
1384,1152,8,13122,58.9148
1384,1152,8,16384,59.4443
1384,1152,16,512,56.9509
1384,1152,16,768,57.0340
1384,1152,16,1152,57.1587
1384,1152,16,1728,57.3457
1384,1152,16,2592,57.6262
1384,1152,16,3888,58.0469
1384,1152,16,5832,58.6781
1384,1152,16,8748,59.6248
1384,1152,16,13122,70.1830
1384,1152,16,16384,84.6666
1384,1152,32,512,57.1171
1384,1152,32,768,57.2834
1384,1152,32,1152,57.5327
1384,1152,32,1728,57.9067
1384,1152,32,2592,58.4677
1384,1152,32,3888,59.3092
1384,1152,32,5832,63.7804
1384,1152,32,8748,89.6751
1384,1152,32,13122,128.5172
1384,1152,32,16384,157.4844
1384,1152,64,512,57.4496
1384,1152,64,768,57.7820
1384,1152,64,1152,58.2807
1384,1152,64,1728,59.0287
1384,1152,64,2592,60.1507
1384,1152,64,3888,81.1856
1384,1152,64,5832,115.7119
1384,1152,64,8748,167.5013
1384,1152,64,13122,245.1854
1384,1152,64,16384,303.1200
1384,1152,128,512,58.1145
1384,1152,128,768,58.7794
1384,1152,128,1152,59.7767
1384,1152,128,1728,73.7973
1384,1152,128,2592,104.4873
1384,1152,128,3888,150.5223
1384,1152,128,5832,219.5749
1384,1152,128,8748,323.1537
1384,1152,128,13122,478.5220
1384,1152,128,16384,594.3911
1384,1728,0,0,72.9604
1384,1728,1,512,72.9708
1384,1728,1,768,72.9760
1384,1728,1,1152,72.9837
1384,1728,1,1728,72.9954
1384,1728,1,2592,73.0130
1384,1728,1,3888,73.0393
1384,1728,1,5832,73.0787
1384,1728,1,8748,73.1379
1384,1728,1,13122,73.2266
1384,1728,1,16384,73.2928
1384,1728,2,512,72.9812
1384,1728,2,768,72.9915
1384,1728,2,1152,73.0071
1384,1728,2,1728,73.0305
1384,1728,2,2592,73.0656
1384,1728,2,3888,73.1182
1384,1728,2,5832,73.1970
1384,1728,2,8748,73.3154
1384,1728,2,13122,73.4929
1384,1728,2,16384,73.6253
1384,1728,4,512,73.0019
1384,1728,4,768,73.0227
1384,1728,4,1152,73.0539
1384,1728,4,1728,73.1006
1384,1728,4,2592,73.1708
1384,1728,4,3888,73.2759
1384,1728,4,5832,73.4337
1384,1728,4,8748,73.6704
1384,1728,4,13122,74.0254
1384,1728,4,16384,74.2902
1384,1728,8,512,73.0435
1384,1728,8,768,73.0850
1384,1728,8,1152,73.1474
1384,1728,8,1728,73.2409
1384,1728,8,2592,73.3811
1384,1728,8,3888,73.5915
1384,1728,8,5832,73.9071
1384,1728,8,8748,74.3804
1384,1728,8,13122,75.0904
1384,1728,8,16384,75.6200
1384,1728,16,512,73.1266
1384,1728,16,768,73.2097
1384,1728,16,1152,73.3344
1384,1728,16,1728,73.5214
1384,1728,16,2592,73.8019
1384,1728,16,3888,74.2226
1384,1728,16,5832,74.8538
1384,1728,16,8748,75.8005
1384,1728,16,13122,77.2205
1384,1728,16,16384,84.8265
1384,1728,32,512,73.2928
1384,1728,32,768,73.4590
1384,1728,32,1152,73.7084
1384,1728,32,1728,74.0824
1384,1728,32,2592,74.6434
1384,1728,32,3888,75.4849
1384,1728,32,5832,76.7472
1384,1728,32,8748,89.8349
1384,1728,32,13122,128.6770
1384,1728,32,16384,157.6443
1384,1728,64,512,73.6253
1384,1728,64,768,73.9577
1384,1728,64,1152,74.4564
1384,1728,64,1728,75.2044
1384,1728,64,2592,76.3264
1384,1728,64,3888,81.3454
1384,1728,64,5832,115.8717
1384,1728,64,8748,167.6612
1384,1728,64,13122,245.3453
1384,1728,64,16384,303.2798
1384,1728,128,512,74.2902
1384,1728,128,768,74.9551
1384,1728,128,1152,75.9524
1384,1728,128,1728,77.4484
1384,1728,128,2592,104.6471
1384,1728,128,3888,150.6822
1384,1728,128,5832,219.7347
1384,1728,128,8748,323.3136
1384,1728,128,13122,478.6819
1384,1728,128,16384,594.5509
1384,2592,0,0,97.2239
1384,2592,1,512,97.2343
1384,2592,1,768,97.2395
1384,2592,1,1152,97.2473
1384,2592,1,1728,97.2590
1384,2592,1,2592,97.2765
1384,2592,1,3888,97.3028
1384,2592,1,5832,97.3422
1384,2592,1,8748,97.4014
1384,2592,1,13122,97.4902
1384,2592,1,16384,97.5564
1384,2592,2,512,97.2447
1384,2592,2,768,97.2551
1384,2592,2,1152,97.2707
1384,2592,2,1728,97.2940
1384,2592,2,2592,97.3291
1384,2592,2,3888,97.3817
1384,2592,2,5832,97.4606
1384,2592,2,8748,97.5789
1384,2592,2,13122,97.7564
1384,2592,2,16384,97.8888
1384,2592,4,512,97.2655
1384,2592,4,768,97.2862
1384,2592,4,1152,97.3174
1384,2592,4,1728,97.3642
1384,2592,4,2592,97.4343
1384,2592,4,3888,97.5395
1384,2592,4,5832,97.6973
1384,2592,4,8748,97.9339
1384,2592,4,13122,98.2889
1384,2592,4,16384,98.5537
1384,2592,8,512,97.3070
1384,2592,8,768,97.3486
1384,2592,8,1152,97.4109
1384,2592,8,1728,97.5044
1384,2592,8,2592,97.6447
1384,2592,8,3888,97.8550
1384,2592,8,5832,98.1706
1384,2592,8,8748,98.6440
1384,2592,8,13122,99.3540
1384,2592,8,16384,99.8835
1384,2592,16,512,97.3901
1384,2592,16,768,97.4732
1384,2592,16,1152,97.5979
1384,2592,16,1728,97.7849
1384,2592,16,2592,98.0654
1384,2592,16,3888,98.4862
1384,2592,16,5832,99.1173
1384,2592,16,8748,100.0640
1384,2592,16,13122,101.4841
1384,2592,16,16384,102.5431
1384,2592,32,512,97.5564
1384,2592,32,768,97.7226
1384,2592,32,1152,97.9719
1384,2592,32,1728,98.3459
1384,2592,32,2592,98.9069
1384,2592,32,3888,99.7484
1384,2592,32,5832,101.0107
1384,2592,32,8748,102.9041
1384,2592,32,13122,128.9168
1384,2592,32,16384,157.8840
1384,2592,64,512,97.8888
1384,2592,64,768,98.2213
1384,2592,64,1152,98.7199
1384,2592,64,1728,99.4679
1384,2592,64,2592,100.5900
1384,2592,64,3888,102.2730
1384,2592,64,5832,116.1115
1384,2592,64,8748,167.9009
1384,2592,64,13122,245.5851
1384,2592,64,16384,303.5196
1384,2592,128,512,98.5537
1384,2592,128,768,99.2186
1384,2592,128,1152,100.2159
1384,2592,128,1728,101.7120
1384,2592,128,2592,104.8869
1384,2592,128,3888,150.9219
1384,2592,128,5832,219.9745
1384,2592,128,8748,323.5534
1384,2592,128,13122,478.9216
1384,2592,128,16384,594.7907
1384,3888,0,0,133.6192
1384,3888,1,512,133.6296
1384,3888,1,768,133.6348
1384,3888,1,1152,133.6426
1384,3888,1,1728,133.6543
1384,3888,1,2592,133.6718
1384,3888,1,3888,133.6981
1384,3888,1,5832,133.7376
1384,3888,1,8748,133.7967
1384,3888,1,13122,133.8855
1384,3888,1,16384,133.9517
1384,3888,2,512,133.6400
1384,3888,2,768,133.6504
1384,3888,2,1152,133.6660
1384,3888,2,1728,133.6893
1384,3888,2,2592,133.7244
1384,3888,2,3888,133.7770
1384,3888,2,5832,133.8559
1384,3888,2,8748,133.9742
1384,3888,2,13122,134.1517
1384,3888,2,16384,134.2841
1384,3888,4,512,133.6608
1384,3888,4,768,133.6816
1384,3888,4,1152,133.7127
1384,3888,4,1728,133.7595
1384,3888,4,2592,133.8296
1384,3888,4,3888,133.9348
1384,3888,4,5832,134.0926
1384,3888,4,8748,134.3292
1384,3888,4,13122,134.6843
1384,3888,4,16384,134.9490
1384,3888,8,512,133.7023
1384,3888,8,768,133.7439
1384,3888,8,1152,133.8062
1384,3888,8,1728,133.8997
1384,3888,8,2592,134.0400
1384,3888,8,3888,134.2504
1384,3888,8,5832,134.5659
1384,3888,8,8748,135.0393
1384,3888,8,13122,135.7493
1384,3888,8,16384,136.2788
1384,3888,16,512,133.7854
1384,3888,16,768,133.8686
1384,3888,16,1152,133.9932
1384,3888,16,1728,134.1802
1384,3888,16,2592,134.4607
1384,3888,16,3888,134.8815
1384,3888,16,5832,135.5126
1384,3888,16,8748,136.4593
1384,3888,16,13122,137.8794
1384,3888,16,16384,138.9384
1384,3888,32,512,133.9517
1384,3888,32,768,134.1179
1384,3888,32,1152,134.3672
1384,3888,32,1728,134.7412
1384,3888,32,2592,135.3022
1384,3888,32,3888,136.1437
1384,3888,32,5832,137.4060
1384,3888,32,8748,139.2994
1384,3888,32,13122,142.1395
1384,3888,32,16384,158.2437
1384,3888,64,512,134.2841
1384,3888,64,768,134.6166
1384,3888,64,1152,135.1152
1384,3888,64,1728,135.8632
1384,3888,64,2592,136.9853
1384,3888,64,3888,138.6683
1384,3888,64,5832,141.1928
1384,3888,64,8748,168.2606
1384,3888,64,13122,245.9447
1384,3888,64,16384,303.8792
1384,3888,128,512,134.9490
1384,3888,128,768,135.6139
1384,3888,128,1152,136.6113
1384,3888,128,1728,138.1073
1384,3888,128,2592,140.3513
1384,3888,128,3888,151.2816
1384,3888,128,5832,220.3342
1384,3888,128,8748,323.9130
1384,3888,128,13122,479.2813
1384,3888,128,16384,595.1503
1384,5832,0,0,188.2122
1384,5832,1,512,188.2226
1384,5832,1,768,188.2278
1384,5832,1,1152,188.2356
1384,5832,1,1728,188.2472
1384,5832,1,2592,188.2648
1384,5832,1,3888,188.2911
1384,5832,1,5832,188.3305
1384,5832,1,8748,188.3897
1384,5832,1,13122,188.4784
1384,5832,1,16384,188.5446
1384,5832,2,512,188.2330
1384,5832,2,768,188.2433
1384,5832,2,1152,188.2589
1384,5832,2,1728,188.2823
1384,5832,2,2592,188.3174
1384,5832,2,3888,188.3700
1384,5832,2,5832,188.4489
1384,5832,2,8748,188.5672
1384,5832,2,13122,188.7447
1384,5832,2,16384,188.8771
1384,5832,4,512,188.2537
1384,5832,4,768,188.2745
1384,5832,4,1152,188.3057
1384,5832,4,1728,188.3524
1384,5832,4,2592,188.4226
1384,5832,4,3888,188.5277
1384,5832,4,5832,188.6855
1384,5832,4,8748,188.9222
1384,5832,4,13122,189.2772
1384,5832,4,16384,189.5420
1384,5832,8,512,188.2953
1384,5832,8,768,188.3368
1384,5832,8,1152,188.3992
1384,5832,8,1728,188.4927
1384,5832,8,2592,188.6329
1384,5832,8,3888,188.8433
1384,5832,8,5832,189.1589
1384,5832,8,8748,189.6322
1384,5832,8,13122,190.3423
1384,5832,8,16384,190.8718
1384,5832,16,512,188.3784
1384,5832,16,768,188.4615
1384,5832,16,1152,188.5862
1384,5832,16,1728,188.7732
1384,5832,16,2592,189.0537
1384,5832,16,3888,189.4744
1384,5832,16,5832,190.1056
1384,5832,16,8748,191.0523
1384,5832,16,13122,192.4723
1384,5832,16,16384,193.5314
1384,5832,32,512,188.5446
1384,5832,32,768,188.7109
1384,5832,32,1152,188.9602
1384,5832,32,1728,189.3342
1384,5832,32,2592,189.8952
1384,5832,32,3888,190.7367
1384,5832,32,5832,191.9990
1384,5832,32,8748,193.8924
1384,5832,32,13122,196.7325
1384,5832,32,16384,198.8505
1384,5832,64,512,188.8771
1384,5832,64,768,189.2095
1384,5832,64,1152,189.7082
1384,5832,64,1728,190.4562
1384,5832,64,2592,191.5782
1384,5832,64,3888,193.2612
1384,5832,64,5832,195.7858
1384,5832,64,8748,199.5726
1384,5832,64,13122,246.4842
1384,5832,64,16384,304.4187
1384,5832,128,512,189.5420
1384,5832,128,768,190.2069
1384,5832,128,1152,191.2042
1384,5832,128,1728,192.7002
1384,5832,128,2592,194.9443
1384,5832,128,3888,198.3103
1384,5832,128,5832,220.8736
1384,5832,128,8748,324.4525
1384,5832,128,13122,479.8208
1384,5832,128,16384,595.6898
1384,8748,0,0,270.1016
1384,8748,1,512,270.1120
1384,8748,1,768,270.1172
1384,8748,1,1152,270.1250
1384,8748,1,1728,270.1367
1384,8748,1,2592,270.1542
1384,8748,1,3888,270.1805
1384,8748,1,5832,270.2200
1384,8748,1,8748,270.2791
1384,8748,1,13122,270.3679
1384,8748,1,16384,270.4341
1384,8748,2,512,270.1224
1384,8748,2,768,270.1328
1384,8748,2,1152,270.1484
1384,8748,2,1728,270.1717
1384,8748,2,2592,270.2068
1384,8748,2,3888,270.2594
1384,8748,2,5832,270.3383
1384,8748,2,8748,270.4566
1384,8748,2,13122,270.6341
1384,8748,2,16384,270.7665
1384,8748,4,512,270.1432
1384,8748,4,768,270.1640
1384,8748,4,1152,270.1951
1384,8748,4,1728,270.2419
1384,8748,4,2592,270.3120
1384,8748,4,3888,270.4172
1384,8748,4,5832,270.5750
1384,8748,4,8748,270.8116
1384,8748,4,13122,271.1667
1384,8748,4,16384,271.4314
1384,8748,8,512,270.1847
1384,8748,8,768,270.2263
1384,8748,8,1152,270.2886
1384,8748,8,1728,270.3821
1384,8748,8,2592,270.5224
1384,8748,8,3888,270.7328
1384,8748,8,5832,271.0483
1384,8748,8,8748,271.5217
1384,8748,8,13122,272.2317
1384,8748,8,16384,272.7612
1384,8748,16,512,270.2678
1384,8748,16,768,270.3510
1384,8748,16,1152,270.4756
1384,8748,16,1728,270.6626
1384,8748,16,2592,270.9431
1384,8748,16,3888,271.3639
1384,8748,16,5832,271.9950
1384,8748,16,8748,272.9417
1384,8748,16,13122,274.3618
1384,8748,16,16384,275.4208
1384,8748,32,512,270.4341
1384,8748,32,768,270.6003
1384,8748,32,1152,270.8496
1384,8748,32,1728,271.2236
1384,8748,32,2592,271.7846
1384,8748,32,3888,272.6262
1384,8748,32,5832,273.8884
1384,8748,32,8748,275.7818
1384,8748,32,13122,278.6219
1384,8748,32,16384,280.7400
1384,8748,64,512,270.7665
1384,8748,64,768,271.0990
1384,8748,64,1152,271.5976
1384,8748,64,1728,272.3456
1384,8748,64,2592,273.4677
1384,8748,64,3888,275.1507
1384,8748,64,5832,277.6752
1384,8748,64,8748,281.4620
1384,8748,64,13122,287.1422
1384,8748,64,16384,305.2279
1384,8748,128,512,271.4314
1384,8748,128,768,272.0963
1384,8748,128,1152,273.0937
1384,8748,128,1728,274.5897
1384,8748,128,2592,276.8337
1384,8748,128,3888,280.1997
1384,8748,128,5832,285.2488
1384,8748,128,8748,325.2617
1384,8748,128,13122,480.6300
1384,8748,128,16384,596.4990
1384,13122,0,0,392.9358
1384,13122,1,512,392.9462
1384,13122,1,768,392.9514
1384,13122,1,1152,392.9592
1384,13122,1,1728,392.9708
1384,13122,1,2592,392.9884
1384,13122,1,3888,393.0147
1384,13122,1,5832,393.0541
1384,13122,1,8748,393.1133
1384,13122,1,13122,393.2020
1384,13122,1,16384,393.2682
1384,13122,2,512,392.9566
1384,13122,2,768,392.9670
1384,13122,2,1152,392.9825
1384,13122,2,1728,393.0059
1384,13122,2,2592,393.0410
1384,13122,2,3888,393.0936
1384,13122,2,5832,393.1725
1384,13122,2,8748,393.2908
1384,13122,2,13122,393.4683
1384,13122,2,16384,393.6007
1384,13122,4,512,392.9773
1384,13122,4,768,392.9981
1384,13122,4,1152,393.0293
1384,13122,4,1728,393.0760
1384,13122,4,2592,393.1462
1384,13122,4,3888,393.2514
1384,13122,4,5832,393.4091
1384,13122,4,8748,393.6458
1384,13122,4,13122,394.0008
1384,13122,4,16384,394.2656
1384,13122,8,512,393.0189
1384,13122,8,768,393.0605
1384,13122,8,1152,393.1228
1384,13122,8,1728,393.2163
1384,13122,8,2592,393.3565
1384,13122,8,3888,393.5669
1384,13122,8,5832,393.8825
1384,13122,8,8748,394.3558
1384,13122,8,13122,395.0659
1384,13122,8,16384,395.5954
1384,13122,16,512,393.1020
1384,13122,16,768,393.1851
1384,13122,16,1152,393.3098
1384,13122,16,1728,393.4968
1384,13122,16,2592,393.7773
1384,13122,16,3888,394.1980
1384,13122,16,5832,394.8292
1384,13122,16,8748,395.7759
1384,13122,16,13122,397.1959
1384,13122,16,16384,398.2550
1384,13122,32,512,393.2682
1384,13122,32,768,393.4345
1384,13122,32,1152,393.6838
1384,13122,32,1728,394.0578
1384,13122,32,2592,394.6188
1384,13122,32,3888,395.4603
1384,13122,32,5832,396.7226
1384,13122,32,8748,398.6160
1384,13122,32,13122,401.4561
1384,13122,32,16384,403.5741
1384,13122,64,512,393.6007
1384,13122,64,768,393.9331
1384,13122,64,1152,394.4318
1384,13122,64,1728,395.1798
1384,13122,64,2592,396.3018
1384,13122,64,3888,397.9848
1384,13122,64,5832,400.5094
1384,13122,64,8748,404.2962
1384,13122,64,13122,409.9764
1384,13122,64,16384,414.2125
1384,13122,128,512,394.2656
1384,13122,128,768,394.9305
1384,13122,128,1152,395.9278
1384,13122,128,1728,397.4238
1384,13122,128,2592,399.6679
1384,13122,128,3888,403.0339
1384,13122,128,5832,408.0830
1384,13122,128,8748,415.6566
1384,13122,128,13122,481.8438
1384,13122,128,16384,597.7128
1384,16384,0,0,484.5419
1384,16384,1,512,484.5523
1384,16384,1,768,484.5575
1384,16384,1,1152,484.5652
1384,16384,1,1728,484.5769
1384,16384,1,2592,484.5945
1384,16384,1,3888,484.6208
1384,16384,1,5832,484.6602
1384,16384,1,8748,484.7194
1384,16384,1,13122,484.8081
1384,16384,1,16384,484.8743
1384,16384,2,512,484.5627
1384,16384,2,768,484.5730
1384,16384,2,1152,484.5886
1384,16384,2,1728,484.6120
1384,16384,2,2592,484.6471
1384,16384,2,3888,484.6997
1384,16384,2,5832,484.7785
1384,16384,2,8748,484.8969
1384,16384,2,13122,485.0744
1384,16384,2,16384,485.2068
1384,16384,4,512,484.5834
1384,16384,4,768,484.6042
1384,16384,4,1152,484.6354
1384,16384,4,1728,484.6821
1384,16384,4,2592,484.7523
1384,16384,4,3888,484.8574
1384,16384,4,5832,485.0152
1384,16384,4,8748,485.2519
1384,16384,4,13122,485.6069
1384,16384,4,16384,485.8717
1384,16384,8,512,484.6250
1384,16384,8,768,484.6665
1384,16384,8,1152,484.7289
1384,16384,8,1728,484.8224
1384,16384,8,2592,484.9626
1384,16384,8,3888,485.1730
1384,16384,8,5832,485.4886
1384,16384,8,8748,485.9619
1384,16384,8,13122,486.6719
1384,16384,8,16384,487.2015
1384,16384,16,512,484.7081
1384,16384,16,768,484.7912
1384,16384,16,1152,484.9159
1384,16384,16,1728,485.1029
1384,16384,16,2592,485.3834
1384,16384,16,3888,485.8041
1384,16384,16,5832,486.4353
1384,16384,16,8748,487.3820
1384,16384,16,13122,488.8020
1384,16384,16,16384,489.8610
1384,16384,32,512,484.8743
1384,16384,32,768,485.0405
1384,16384,32,1152,485.2899
1384,16384,32,1728,485.6639
1384,16384,32,2592,486.2249
1384,16384,32,3888,487.0664
1384,16384,32,5832,488.3287
1384,16384,32,8748,490.2221
1384,16384,32,13122,493.0622
1384,16384,32,16384,495.1802
1384,16384,64,512,485.2068
1384,16384,64,768,485.5392
1384,16384,64,1152,486.0379
1384,16384,64,1728,486.7859
1384,16384,64,2592,487.9079
1384,16384,64,3888,489.5909
1384,16384,64,5832,492.1155
1384,16384,64,8748,495.9023
1384,16384,64,13122,501.5825
1384,16384,64,16384,505.8186
1384,16384,128,512,485.8717
1384,16384,128,768,486.5366
1384,16384,128,1152,487.5339
1384,16384,128,1728,489.0299
1384,16384,128,2592,491.2740
1384,16384,128,3888,494.6400
1384,16384,128,5832,499.6891
1384,16384,128,8748,507.2626
1384,16384,128,13122,518.6230
1384,16384,128,16384,598.6181
2048,0,0,0,47.5534
2048,0,1,16,47.5537
2048,0,1,32,47.5540
2048,0,1,64,47.5547
2048,0,1,128,47.5560
2048,0,1,256,47.5586
2048,0,1,512,47.5638
2048,0,1,1024,47.5742
2048,0,1,2048,47.5950
2048,0,1,4096,47.6365
2048,0,1,8192,47.7196
2048,0,1,16384,47.8858
2048,0,2,16,47.5540
2048,0,2,32,47.5547
2048,0,2,64,47.5560
2048,0,2,128,47.5586
2048,0,2,256,47.5638
2048,0,2,512,47.5742
2048,0,2,1024,47.5950
2048,0,2,2048,47.6365
2048,0,2,4096,47.7196
2048,0,2,8192,47.8858
2048,0,2,16384,48.2183
2048,0,4,16,47.5547
2048,0,4,32,47.5560
2048,0,4,64,47.5586
2048,0,4,128,47.5638
2048,0,4,256,47.5742
2048,0,4,512,47.5950
2048,0,4,1024,47.6365
2048,0,4,2048,47.7196
2048,0,4,4096,47.8858
2048,0,4,8192,48.2183
2048,0,4,16384,48.8832
2048,0,8,16,47.5560
2048,0,8,32,47.5586
2048,0,8,64,47.5638
2048,0,8,128,47.5742
2048,0,8,256,47.5950
2048,0,8,512,47.6365
2048,0,8,1024,47.7196
2048,0,8,2048,47.8858
2048,0,8,4096,48.2183
2048,0,8,8192,48.8832
2048,0,8,16384,51.0706
2048,0,16,16,47.5586
2048,0,16,32,47.5638
2048,0,16,64,47.5742
2048,0,16,128,47.5950
2048,0,16,256,47.6365
2048,0,16,512,47.7196
2048,0,16,1024,47.8858
2048,0,16,2048,48.2183
2048,0,16,4096,48.8832
2048,0,16,8192,51.1061
2048,0,16,16384,87.4795
2048,0,32,16,47.5638
2048,0,32,32,47.5742
2048,0,32,64,47.5950
2048,0,32,128,47.6365
2048,0,32,256,47.7196
2048,0,32,512,47.8858
2048,0,32,1024,48.2183
2048,0,32,2048,48.8832
2048,0,32,4096,51.1771
2048,0,32,8192,87.5505
2048,0,32,16384,160.2972
2048,0,64,16,47.5742
2048,0,64,32,47.5950
2048,0,64,64,47.6365
2048,0,64,128,47.7196
2048,0,64,256,47.8858
2048,0,64,512,48.2183
2048,0,64,1024,48.8832
2048,0,64,2048,51.3192
2048,0,64,4096,87.6926
2048,0,64,8192,160.4393
2048,0,64,16384,305.9328
2048,0,128,16,47.5950
2048,0,128,32,47.6365
2048,0,128,64,47.7196
2048,0,128,128,47.8858
2048,0,128,256,48.2183
2048,0,128,512,48.8832
2048,0,128,1024,51.6034
2048,0,128,2048,87.9767
2048,0,128,4096,160.7235
2048,0,128,8192,306.2170
2048,0,128,16384,597.2039
2048,16,0,0,48.2183
2048,16,1,16,48.2186
2048,16,1,32,48.2189
2048,16,1,64,48.2196
2048,16,1,128,48.2209
2048,16,1,256,48.2235
2048,16,1,512,48.2287
2048,16,1,1024,48.2391
2048,16,1,2048,48.2598
2048,16,1,4096,48.3014
2048,16,1,8192,48.3845
2048,16,1,16384,48.5507
2048,16,2,16,48.2189
2048,16,2,32,48.2196
2048,16,2,64,48.2209
2048,16,2,128,48.2235
2048,16,2,256,48.2287
2048,16,2,512,48.2391
2048,16,2,1024,48.2598
2048,16,2,2048,48.3014
2048,16,2,4096,48.3845
2048,16,2,8192,48.5507
2048,16,2,16384,48.8832
2048,16,4,16,48.2196
2048,16,4,32,48.2209
2048,16,4,64,48.2235
2048,16,4,128,48.2287
2048,16,4,256,48.2391
2048,16,4,512,48.2598
2048,16,4,1024,48.3014
2048,16,4,2048,48.3845
2048,16,4,4096,48.5507
2048,16,4,8192,48.8832
2048,16,4,16384,49.5481
2048,16,8,16,48.2209
2048,16,8,32,48.2235
2048,16,8,64,48.2287
2048,16,8,128,48.2391
2048,16,8,256,48.2598
2048,16,8,512,48.3014
2048,16,8,1024,48.3845
2048,16,8,2048,48.5507
2048,16,8,4096,48.8832
2048,16,8,8192,49.5481
2048,16,8,16384,51.0750
2048,16,16,16,48.2235
2048,16,16,32,48.2287
2048,16,16,64,48.2391
2048,16,16,128,48.2598
2048,16,16,256,48.3014
2048,16,16,512,48.3845
2048,16,16,1024,48.5507
2048,16,16,2048,48.8832
2048,16,16,4096,49.5481
2048,16,16,8192,51.1105
2048,16,16,16384,87.4839
2048,16,32,16,48.2287
2048,16,32,32,48.2391
2048,16,32,64,48.2598
2048,16,32,128,48.3014
2048,16,32,256,48.3845
2048,16,32,512,48.5507
2048,16,32,1024,48.8832
2048,16,32,2048,49.5481
2048,16,32,4096,51.1816
2048,16,32,8192,87.5549
2048,16,32,16384,160.3017
2048,16,64,16,48.2391
2048,16,64,32,48.2598
2048,16,64,64,48.3014
2048,16,64,128,48.3845
2048,16,64,256,48.5507
2048,16,64,512,48.8832
2048,16,64,1024,49.5481
2048,16,64,2048,51.3237
2048,16,64,4096,87.6970
2048,16,64,8192,160.4438
2048,16,64,16384,305.9372
2048,16,128,16,48.2598
2048,16,128,32,48.3014
2048,16,128,64,48.3845
2048,16,128,128,48.5507
2048,16,128,256,48.8832
2048,16,128,512,49.5481
2048,16,128,1024,51.6078
2048,16,128,2048,87.9812
2048,16,128,4096,160.7279
2048,16,128,8192,306.2214
2048,16,128,16384,597.2083
2048,32,0,0,48.8832
2048,32,1,16,48.8835
2048,32,1,32,48.8838
2048,32,1,64,48.8845
2048,32,1,128,48.8858
2048,32,1,256,48.8884
2048,32,1,512,48.8936
2048,32,1,1024,48.9040
2048,32,1,2048,48.9247
2048,32,1,4096,48.9663
2048,32,1,8192,49.0494
2048,32,1,16384,49.2156
2048,32,2,16,48.8838
2048,32,2,32,48.8845
2048,32,2,64,48.8858
2048,32,2,128,48.8884
2048,32,2,256,48.8936
2048,32,2,512,48.9040
2048,32,2,1024,48.9247
2048,32,2,2048,48.9663
2048,32,2,4096,49.0494
2048,32,2,8192,49.2156
2048,32,2,16384,49.5481
2048,32,4,16,48.8845
2048,32,4,32,48.8858
2048,32,4,64,48.8884
2048,32,4,128,48.8936
2048,32,4,256,48.9040
2048,32,4,512,48.9247
2048,32,4,1024,48.9663
2048,32,4,2048,49.0494
2048,32,4,4096,49.2156
2048,32,4,8192,49.5481
2048,32,4,16384,50.2130
2048,32,8,16,48.8858
2048,32,8,32,48.8884
2048,32,8,64,48.8936
2048,32,8,128,48.9040
2048,32,8,256,48.9247
2048,32,8,512,48.9663
2048,32,8,1024,49.0494
2048,32,8,2048,49.2156
2048,32,8,4096,49.5481
2048,32,8,8192,50.2130
2048,32,8,16384,51.5428
2048,32,16,16,48.8884
2048,32,16,32,48.8936
2048,32,16,64,48.9040
2048,32,16,128,48.9247
2048,32,16,256,48.9663
2048,32,16,512,49.0494
2048,32,16,1024,49.2156
2048,32,16,2048,49.5481
2048,32,16,4096,50.2130
2048,32,16,8192,51.5428
2048,32,16,16384,87.4883
2048,32,32,16,48.8936
2048,32,32,32,48.9040
2048,32,32,64,48.9247
2048,32,32,128,48.9663
2048,32,32,256,49.0494
2048,32,32,512,49.2156
2048,32,32,1024,49.5481
2048,32,32,2048,50.2130
2048,32,32,4096,51.5428
2048,32,32,8192,87.5594
2048,32,32,16384,160.3061
2048,32,64,16,48.9040
2048,32,64,32,48.9247
2048,32,64,64,48.9663
2048,32,64,128,49.0494
2048,32,64,256,49.2156
2048,32,64,512,49.5481
2048,32,64,1024,50.2130
2048,32,64,2048,51.5428
2048,32,64,4096,87.7015
2048,32,64,8192,160.4482
2048,32,64,16384,305.9417
2048,32,128,16,48.9247
2048,32,128,32,48.9663
2048,32,128,64,49.0494
2048,32,128,128,49.2156
2048,32,128,256,49.5481
2048,32,128,512,50.2130
2048,32,128,1024,51.6123
2048,32,128,2048,87.9856
2048,32,128,4096,160.7324
2048,32,128,8192,306.2258
2048,32,128,16384,597.2128
2048,64,0,0,50.2130
2048,64,1,16,50.2133
2048,64,1,32,50.2136
2048,64,1,64,50.2143
2048,64,1,128,50.2156
2048,64,1,256,50.2182
2048,64,1,512,50.2234
2048,64,1,1024,50.2338
2048,64,1,2048,50.2545
2048,64,1,4096,50.2961
2048,64,1,8192,50.3792
2048,64,1,16384,50.5454
2048,64,2,16,50.2136
2048,64,2,32,50.2143
2048,64,2,64,50.2156
2048,64,2,128,50.2182
2048,64,2,256,50.2234
2048,64,2,512,50.2338
2048,64,2,1024,50.2545
2048,64,2,2048,50.2961
2048,64,2,4096,50.3792
2048,64,2,8192,50.5454
2048,64,2,16384,50.8779
2048,64,4,16,50.2143
2048,64,4,32,50.2156
2048,64,4,64,50.2182
2048,64,4,128,50.2234
2048,64,4,256,50.2338
2048,64,4,512,50.2545
2048,64,4,1024,50.2961
2048,64,4,2048,50.3792
2048,64,4,4096,50.5454
2048,64,4,8192,50.8779
2048,64,4,16384,51.5428
2048,64,8,16,50.2156
2048,64,8,32,50.2182
2048,64,8,64,50.2234
2048,64,8,128,50.2338
2048,64,8,256,50.2545
2048,64,8,512,50.2961
2048,64,8,1024,50.3792
2048,64,8,2048,50.5454
2048,64,8,4096,50.8779
2048,64,8,8192,51.5428
2048,64,8,16384,52.8726
2048,64,16,16,50.2182
2048,64,16,32,50.2234
2048,64,16,64,50.2338
2048,64,16,128,50.2545
2048,64,16,256,50.2961
2048,64,16,512,50.3792
2048,64,16,1024,50.5454
2048,64,16,2048,50.8779
2048,64,16,4096,51.5428
2048,64,16,8192,52.8726
2048,64,16,16384,87.4972
2048,64,32,16,50.2234
2048,64,32,32,50.2338
2048,64,32,64,50.2545
2048,64,32,128,50.2961
2048,64,32,256,50.3792
2048,64,32,512,50.5454
2048,64,32,1024,50.8779
2048,64,32,2048,51.5428
2048,64,32,4096,52.8726
2048,64,32,8192,87.5683
2048,64,32,16384,160.3150
2048,64,64,16,50.2338
2048,64,64,32,50.2545
2048,64,64,64,50.2961
2048,64,64,128,50.3792
2048,64,64,256,50.5454
2048,64,64,512,50.8779
2048,64,64,1024,51.5428
2048,64,64,2048,52.8726
2048,64,64,4096,87.7103
2048,64,64,8192,160.4571
2048,64,64,16384,305.9505
2048,64,128,16,50.2545
2048,64,128,32,50.2961
2048,64,128,64,50.3792
2048,64,128,128,50.5454
2048,64,128,256,50.8779
2048,64,128,512,51.5428
2048,64,128,1024,52.8726
2048,64,128,2048,87.9945
2048,64,128,4096,160.7412
2048,64,128,8192,306.2347
2048,64,128,16384,597.2217
2048,128,0,0,52.8726
2048,128,1,16,52.8729
2048,128,1,32,52.8732
2048,128,1,64,52.8739
2048,128,1,128,52.8752
2048,128,1,256,52.8778
2048,128,1,512,52.8830
2048,128,1,1024,52.8933
2048,128,1,2048,52.9141
2048,128,1,4096,52.9557
2048,128,1,8192,53.0388
2048,128,1,16384,53.2050
2048,128,2,16,52.8732
2048,128,2,32,52.8739
2048,128,2,64,52.8752
2048,128,2,128,52.8778
2048,128,2,256,52.8830
2048,128,2,512,52.8933
2048,128,2,1024,52.9141
2048,128,2,2048,52.9557
2048,128,2,4096,53.0388
2048,128,2,8192,53.2050
2048,128,2,16384,53.5375
2048,128,4,16,52.8739
2048,128,4,32,52.8752
2048,128,4,64,52.8778
2048,128,4,128,52.8830
2048,128,4,256,52.8933
2048,128,4,512,52.9141
2048,128,4,1024,52.9557
2048,128,4,2048,53.0388
2048,128,4,4096,53.2050
2048,128,4,8192,53.5375
2048,128,4,16384,54.2024
2048,128,8,16,52.8752
2048,128,8,32,52.8778
2048,128,8,64,52.8830
2048,128,8,128,52.8933
2048,128,8,256,52.9141
2048,128,8,512,52.9557
2048,128,8,1024,53.0388
2048,128,8,2048,53.2050
2048,128,8,4096,53.5375
2048,128,8,8192,54.2024
2048,128,8,16384,55.5322
2048,128,16,16,52.8778
2048,128,16,32,52.8830
2048,128,16,64,52.8933
2048,128,16,128,52.9141
2048,128,16,256,52.9557
2048,128,16,512,53.0388
2048,128,16,1024,53.2050
2048,128,16,2048,53.5375
2048,128,16,4096,54.2024
2048,128,16,8192,55.5322
2048,128,16,16384,87.5150
2048,128,32,16,52.8830
2048,128,32,32,52.8933
2048,128,32,64,52.9141
2048,128,32,128,52.9557
2048,128,32,256,53.0388
2048,128,32,512,53.2050
2048,128,32,1024,53.5375
2048,128,32,2048,54.2024
2048,128,32,4096,55.5322
2048,128,32,8192,87.5860
2048,128,32,16384,160.3328
2048,128,64,16,52.8933
2048,128,64,32,52.9141
2048,128,64,64,52.9557
2048,128,64,128,53.0388
2048,128,64,256,53.2050
2048,128,64,512,53.5375
2048,128,64,1024,54.2024
2048,128,64,2048,55.5322
2048,128,64,4096,87.7281
2048,128,64,8192,160.4748
2048,128,64,16384,305.9683
2048,128,128,16,52.9141
2048,128,128,32,52.9557
2048,128,128,64,53.0388
2048,128,128,128,53.2050
2048,128,128,256,53.5375
2048,128,128,512,54.2024
2048,128,128,1024,55.5322
2048,128,128,2048,88.0123
2048,128,128,4096,160.7590
2048,128,128,8192,306.2525
2048,128,128,16384,597.2394
2048,256,0,0,58.1917
2048,256,1,16,58.1921
2048,256,1,32,58.1924
2048,256,1,64,58.1930
2048,256,1,128,58.1943
2048,256,1,256,58.1969
2048,256,1,512,58.2021
2048,256,1,1024,58.2125
2048,256,1,2048,58.2333
2048,256,1,4096,58.2749
2048,256,1,8192,58.3580
2048,256,1,16384,58.5242
2048,256,2,16,58.1924
2048,256,2,32,58.1930
2048,256,2,64,58.1943
2048,256,2,128,58.1969
2048,256,2,256,58.2021
2048,256,2,512,58.2125
2048,256,2,1024,58.2333
2048,256,2,2048,58.2749
2048,256,2,4096,58.3580
2048,256,2,8192,58.5242
2048,256,2,16384,58.8566
2048,256,4,16,58.1930
2048,256,4,32,58.1943
2048,256,4,64,58.1969
2048,256,4,128,58.2021
2048,256,4,256,58.2125
2048,256,4,512,58.2333
2048,256,4,1024,58.2749
2048,256,4,2048,58.3580
2048,256,4,4096,58.5242
2048,256,4,8192,58.8566
2048,256,4,16384,59.5215
2048,256,8,16,58.1943
2048,256,8,32,58.1969
2048,256,8,64,58.2021
2048,256,8,128,58.2125
2048,256,8,256,58.2333
2048,256,8,512,58.2749
2048,256,8,1024,58.3580
2048,256,8,2048,58.5242
2048,256,8,4096,58.8566
2048,256,8,8192,59.5215
2048,256,8,16384,60.8513
2048,256,16,16,58.1969
2048,256,16,32,58.2021
2048,256,16,64,58.2125
2048,256,16,128,58.2333
2048,256,16,256,58.2749
2048,256,16,512,58.3580
2048,256,16,1024,58.5242
2048,256,16,2048,58.8566
2048,256,16,4096,59.5215
2048,256,16,8192,60.8513
2048,256,16,16384,87.5505
2048,256,32,16,58.2021
2048,256,32,32,58.2125
2048,256,32,64,58.2333
2048,256,32,128,58.2749
2048,256,32,256,58.3580
2048,256,32,512,58.5242
2048,256,32,1024,58.8566
2048,256,32,2048,59.5215
2048,256,32,4096,60.8513
2048,256,32,8192,87.6215
2048,256,32,16384,160.3683
2048,256,64,16,58.2125
2048,256,64,32,58.2333
2048,256,64,64,58.2749
2048,256,64,128,58.3580
2048,256,64,256,58.5242
2048,256,64,512,58.8566
2048,256,64,1024,59.5215
2048,256,64,2048,60.8513
2048,256,64,4096,87.7636
2048,256,64,8192,160.5104
2048,256,64,16384,306.0038
2048,256,128,16,58.2333
2048,256,128,32,58.2749
2048,256,128,64,58.3580
2048,256,128,128,58.5242
2048,256,128,256,58.8566
2048,256,128,512,59.5215
2048,256,128,1024,60.8513
2048,256,128,2048,88.0478
2048,256,128,4096,160.7945
2048,256,128,8192,306.2880
2048,256,128,16384,597.2749
2048,512,0,0,68.8301
2048,512,1,16,68.8304
2048,512,1,32,68.8307
2048,512,1,64,68.8314
2048,512,1,128,68.8327
2048,512,1,256,68.8353
2048,512,1,512,68.8405
2048,512,1,1024,68.8509
2048,512,1,2048,68.8716
2048,512,1,4096,68.9132
2048,512,1,8192,68.9963
2048,512,1,16384,69.1625
2048,512,2,16,68.8307
2048,512,2,32,68.8314
2048,512,2,64,68.8327
2048,512,2,128,68.8353
2048,512,2,256,68.8405
2048,512,2,512,68.8509
2048,512,2,1024,68.8716
2048,512,2,2048,68.9132
2048,512,2,4096,68.9963
2048,512,2,8192,69.1625
2048,512,2,16384,69.4950
2048,512,4,16,68.8314
2048,512,4,32,68.8327
2048,512,4,64,68.8353
2048,512,4,128,68.8405
2048,512,4,256,68.8509
2048,512,4,512,68.8716
2048,512,4,1024,68.9132
2048,512,4,2048,68.9963
2048,512,4,4096,69.1625
2048,512,4,8192,69.4950
2048,512,4,16384,70.1599
2048,512,8,16,68.8327
2048,512,8,32,68.8353
2048,512,8,64,68.8405
2048,512,8,128,68.8509
2048,512,8,256,68.8716
2048,512,8,512,68.9132
2048,512,8,1024,68.9963
2048,512,8,2048,69.1625
2048,512,8,4096,69.4950
2048,512,8,8192,70.1599
2048,512,8,16384,71.4897
2048,512,16,16,68.8353
2048,512,16,32,68.8405
2048,512,16,64,68.8509
2048,512,16,128,68.8716
2048,512,16,256,68.9132
2048,512,16,512,68.9963
2048,512,16,1024,69.1625
2048,512,16,2048,69.4950
2048,512,16,4096,70.1599
2048,512,16,8192,71.4897
2048,512,16,16384,87.6215
2048,512,32,16,68.8405
2048,512,32,32,68.8509
2048,512,32,64,68.8716
2048,512,32,128,68.9132
2048,512,32,256,68.9963
2048,512,32,512,69.1625
2048,512,32,1024,69.4950
2048,512,32,2048,70.1599
2048,512,32,4096,71.4897
2048,512,32,8192,87.6926
2048,512,32,16384,160.4393
2048,512,64,16,68.8509
2048,512,64,32,68.8716
2048,512,64,64,68.9132
2048,512,64,128,68.9963
2048,512,64,256,69.1625
2048,512,64,512,69.4950
2048,512,64,1024,70.1599
2048,512,64,2048,71.4897
2048,512,64,4096,87.8347
2048,512,64,8192,160.5814
2048,512,64,16384,306.0749
2048,512,128,16,68.8716
2048,512,128,32,68.9132
2048,512,128,64,68.9963
2048,512,128,128,69.1625
2048,512,128,256,69.4950
2048,512,128,512,70.1599
2048,512,128,1024,71.4897
2048,512,128,2048,88.1188
2048,512,128,4096,160.8656
2048,512,128,8192,306.3590
2048,512,128,16384,597.3460
2048,768,0,0,79.4684
2048,1024,0,0,90.1068
2048,1024,1,16,90.1071
2048,1024,1,32,90.1074
2048,1024,1,64,90.1081
2048,1024,1,128,90.1094
2048,1024,1,256,90.1120
2048,1024,1,512,90.1172
2048,1024,1,1024,90.1276
2048,1024,1,2048,90.1483
2048,1024,1,4096,90.1899
2048,1024,1,8192,90.2730
2048,1024,1,16384,90.4392
2048,1024,2,16,90.1074
2048,1024,2,32,90.1081
2048,1024,2,64,90.1094
2048,1024,2,128,90.1120
2048,1024,2,256,90.1172
2048,1024,2,512,90.1276
2048,1024,2,1024,90.1483
2048,1024,2,2048,90.1899
2048,1024,2,4096,90.2730
2048,1024,2,8192,90.4392
2048,1024,2,16384,90.7717
2048,1024,4,16,90.1081
2048,1024,4,32,90.1094
2048,1024,4,64,90.1120
2048,1024,4,128,90.1172
2048,1024,4,256,90.1276
2048,1024,4,512,90.1483
2048,1024,4,1024,90.1899
2048,1024,4,2048,90.2730
2048,1024,4,4096,90.4392
2048,1024,4,8192,90.7717
2048,1024,4,16384,91.4366
2048,1024,8,16,90.1094
2048,1024,8,32,90.1120
2048,1024,8,64,90.1172
2048,1024,8,128,90.1276
2048,1024,8,256,90.1483
2048,1024,8,512,90.1899
2048,1024,8,1024,90.2730
2048,1024,8,2048,90.4392
2048,1024,8,4096,90.7717
2048,1024,8,8192,91.4366
2048,1024,8,16384,92.7664
2048,1024,16,16,90.1120
2048,1024,16,32,90.1172
2048,1024,16,64,90.1276
2048,1024,16,128,90.1483
2048,1024,16,256,90.1899
2048,1024,16,512,90.2730
2048,1024,16,1024,90.4392
2048,1024,16,2048,90.7717
2048,1024,16,4096,91.4366
2048,1024,16,8192,92.7664
2048,1024,16,16384,95.4260
2048,1024,32,16,90.1172
2048,1024,32,32,90.1276
2048,1024,32,64,90.1483
2048,1024,32,128,90.1899
2048,1024,32,256,90.2730
2048,1024,32,512,90.4392
2048,1024,32,1024,90.7717
2048,1024,32,2048,91.4366
2048,1024,32,4096,92.7664
2048,1024,32,8192,95.4260
2048,1024,32,16384,160.5814
2048,1024,64,16,90.1276
2048,1024,64,32,90.1483
2048,1024,64,64,90.1899
2048,1024,64,128,90.2730
2048,1024,64,256,90.4392
2048,1024,64,512,90.7717
2048,1024,64,1024,91.4366
2048,1024,64,2048,92.7664
2048,1024,64,4096,95.4260
2048,1024,64,8192,160.7235
2048,1024,64,16384,306.2170
2048,1024,128,16,90.1483
2048,1024,128,32,90.1899
2048,1024,128,64,90.2730
2048,1024,128,128,90.4392
2048,1024,128,256,90.7717
2048,1024,128,512,91.4366
2048,1024,128,1024,92.7664
2048,1024,128,2048,95.4260
2048,1024,128,4096,161.0076
2048,1024,128,8192,306.5011
2048,1024,128,16384,597.4881
2048,1152,0,0,95.4260
2048,1728,0,0,119.3622
2048,2048,0,0,132.6602
2048,2048,1,16,132.6605
2048,2048,1,32,132.6608
2048,2048,1,64,132.6615
2048,2048,1,128,132.6628
2048,2048,1,256,132.6654
2048,2048,1,512,132.6706
2048,2048,1,1024,132.6810
2048,2048,1,2048,132.7017
2048,2048,1,4096,132.7433
2048,2048,1,8192,132.8264
2048,2048,1,16384,132.9926
2048,2048,2,16,132.6608
2048,2048,2,32,132.6615
2048,2048,2,64,132.6628
2048,2048,2,128,132.6654
2048,2048,2,256,132.6706
2048,2048,2,512,132.6810
2048,2048,2,1024,132.7017
2048,2048,2,2048,132.7433
2048,2048,2,4096,132.8264
2048,2048,2,8192,132.9926
2048,2048,2,16384,133.3251
2048,2048,4,16,132.6615
2048,2048,4,32,132.6628
2048,2048,4,64,132.6654
2048,2048,4,128,132.6706
2048,2048,4,256,132.6810
2048,2048,4,512,132.7017
2048,2048,4,1024,132.7433
2048,2048,4,2048,132.8264
2048,2048,4,4096,132.9926
2048,2048,4,8192,133.3251
2048,2048,4,16384,133.9900
2048,2048,8,16,132.6628
2048,2048,8,32,132.6654
2048,2048,8,64,132.6706
2048,2048,8,128,132.6810
2048,2048,8,256,132.7017
2048,2048,8,512,132.7433
2048,2048,8,1024,132.8264
2048,2048,8,2048,132.9926
2048,2048,8,4096,133.3251
2048,2048,8,8192,133.9900
2048,2048,8,16384,135.3198
2048,2048,16,16,132.6654
2048,2048,16,32,132.6706
2048,2048,16,64,132.6810
2048,2048,16,128,132.7017
2048,2048,16,256,132.7433
2048,2048,16,512,132.8264
2048,2048,16,1024,132.9926
2048,2048,16,2048,133.3251
2048,2048,16,4096,133.9900
2048,2048,16,8192,135.3198
2048,2048,16,16384,137.9794
2048,2048,32,16,132.6706
2048,2048,32,32,132.6810
2048,2048,32,64,132.7017
2048,2048,32,128,132.7433
2048,2048,32,256,132.8264
2048,2048,32,512,132.9926
2048,2048,32,1024,133.3251
2048,2048,32,2048,133.9900
2048,2048,32,4096,135.3198
2048,2048,32,8192,137.9794
2048,2048,32,16384,160.8656
2048,2048,64,16,132.6810
2048,2048,64,32,132.7017
2048,2048,64,64,132.7433
2048,2048,64,128,132.8264
2048,2048,64,256,132.9926
2048,2048,64,512,133.3251
2048,2048,64,1024,133.9900
2048,2048,64,2048,135.3198
2048,2048,64,4096,137.9794
2048,2048,64,8192,161.0076
2048,2048,64,16384,306.5011
2048,2048,128,16,132.7017
2048,2048,128,32,132.7433
2048,2048,128,64,132.8264
2048,2048,128,128,132.9926
2048,2048,128,256,133.3251
2048,2048,128,512,133.9900
2048,2048,128,1024,135.3198
2048,2048,128,2048,137.9794
2048,2048,128,4096,161.2918
2048,2048,128,8192,306.7853
2048,2048,128,16384,597.7722
2048,2592,0,0,155.2667
2048,3888,0,0,209.1233
2048,4096,0,0,217.7670
2048,4096,1,16,217.7673
2048,4096,1,32,217.7676
2048,4096,1,64,217.7683
2048,4096,1,128,217.7696
2048,4096,1,256,217.7722
2048,4096,1,512,217.7774
2048,4096,1,1024,217.7878
2048,4096,1,2048,217.8085
2048,4096,1,4096,217.8501
2048,4096,1,8192,217.9332
2048,4096,1,16384,218.0994
2048,4096,2,16,217.7676
2048,4096,2,32,217.7683
2048,4096,2,64,217.7696
2048,4096,2,128,217.7722
2048,4096,2,256,217.7774
2048,4096,2,512,217.7878
2048,4096,2,1024,217.8085
2048,4096,2,2048,217.8501
2048,4096,2,4096,217.9332
2048,4096,2,8192,218.0994
2048,4096,2,16384,218.4319
2048,4096,4,16,217.7683
2048,4096,4,32,217.7696
2048,4096,4,64,217.7722
2048,4096,4,128,217.7774
2048,4096,4,256,217.7878
2048,4096,4,512,217.8085
2048,4096,4,1024,217.8501
2048,4096,4,2048,217.9332
2048,4096,4,4096,218.0994
2048,4096,4,8192,218.4319
2048,4096,4,16384,219.0968
2048,4096,8,16,217.7696
2048,4096,8,32,217.7722
2048,4096,8,64,217.7774
2048,4096,8,128,217.7878
2048,4096,8,256,217.8085
2048,4096,8,512,217.8501
2048,4096,8,1024,217.9332
2048,4096,8,2048,218.0994
2048,4096,8,4096,218.4319
2048,4096,8,8192,219.0968
2048,4096,8,16384,220.4266
2048,4096,16,16,217.7722
2048,4096,16,32,217.7774
2048,4096,16,64,217.7878
2048,4096,16,128,217.8085
2048,4096,16,256,217.8501
2048,4096,16,512,217.9332
2048,4096,16,1024,218.0994
2048,4096,16,2048,218.4319
2048,4096,16,4096,219.0968
2048,4096,16,8192,220.4266
2048,4096,16,16384,223.0861
2048,4096,32,16,217.7774
2048,4096,32,32,217.7878
2048,4096,32,64,217.8085
2048,4096,32,128,217.8501
2048,4096,32,256,217.9332
2048,4096,32,512,218.0994
2048,4096,32,1024,218.4319
2048,4096,32,2048,219.0968
2048,4096,32,4096,220.4266
2048,4096,32,8192,223.0861
2048,4096,32,16384,228.4053
2048,4096,64,16,217.7878
2048,4096,64,32,217.8085
2048,4096,64,64,217.8501
2048,4096,64,128,217.9332
2048,4096,64,256,218.0994
2048,4096,64,512,218.4319
2048,4096,64,1024,219.0968
2048,4096,64,2048,220.4266
2048,4096,64,4096,223.0861
2048,4096,64,8192,228.4053
2048,4096,64,16384,307.0695
2048,4096,128,16,217.8085
2048,4096,128,32,217.8501
2048,4096,128,64,217.9332
2048,4096,128,128,218.0994
2048,4096,128,256,218.4319
2048,4096,128,512,219.0968
2048,4096,128,1024,220.4266
2048,4096,128,2048,223.0861
2048,4096,128,4096,228.4053
2048,4096,128,8192,307.3536
2048,4096,128,16384,598.3406
2048,5832,0,0,289.9083
2048,8192,0,0,387.9806
2048,8192,1,16,387.9809
2048,8192,1,32,387.9812
2048,8192,1,64,387.9818
2048,8192,1,128,387.9831
2048,8192,1,256,387.9857
2048,8192,1,512,387.9909
2048,8192,1,1024,388.0013
2048,8192,1,2048,388.0221
2048,8192,1,4096,388.0637
2048,8192,1,8192,388.1468
2048,8192,1,16384,388.3130
2048,8192,2,16,387.9812
2048,8192,2,32,387.9818
2048,8192,2,64,387.9831
2048,8192,2,128,387.9857
2048,8192,2,256,387.9909
2048,8192,2,512,388.0013
2048,8192,2,1024,388.0221
2048,8192,2,2048,388.0637
2048,8192,2,4096,388.1468
2048,8192,2,8192,388.3130
2048,8192,2,16384,388.6454
2048,8192,4,16,387.9818
2048,8192,4,32,387.9831
2048,8192,4,64,387.9857
2048,8192,4,128,387.9909
2048,8192,4,256,388.0013
2048,8192,4,512,388.0221
2048,8192,4,1024,388.0637
2048,8192,4,2048,388.1468
2048,8192,4,4096,388.3130
2048,8192,4,8192,388.6454
2048,8192,4,16384,389.3103
2048,8192,8,16,387.9831
2048,8192,8,32,387.9857
2048,8192,8,64,387.9909
2048,8192,8,128,388.0013
2048,8192,8,256,388.0221
2048,8192,8,512,388.0637
2048,8192,8,1024,388.1468
2048,8192,8,2048,388.3130
2048,8192,8,4096,388.6454
2048,8192,8,8192,389.3103
2048,8192,8,16384,390.6401
2048,8192,16,16,387.9857
2048,8192,16,32,387.9909
2048,8192,16,64,388.0013
2048,8192,16,128,388.0221
2048,8192,16,256,388.0637
2048,8192,16,512,388.1468
2048,8192,16,1024,388.3130
2048,8192,16,2048,388.6454
2048,8192,16,4096,389.3103
2048,8192,16,8192,390.6401
2048,8192,16,16384,393.2997
2048,8192,32,16,387.9909
2048,8192,32,32,388.0013
2048,8192,32,64,388.0221
2048,8192,32,128,388.0637
2048,8192,32,256,388.1468
2048,8192,32,512,388.3130
2048,8192,32,1024,388.6454
2048,8192,32,2048,389.3103
2048,8192,32,4096,390.6401
2048,8192,32,8192,393.2997
2048,8192,32,16384,398.6189
2048,8192,64,16,388.0013
2048,8192,64,32,388.0221
2048,8192,64,64,388.0637
2048,8192,64,128,388.1468
2048,8192,64,256,388.3130
2048,8192,64,512,388.6454
2048,8192,64,1024,389.3103
2048,8192,64,2048,390.6401
2048,8192,64,4096,393.2997
2048,8192,64,8192,398.6189
2048,8192,64,16384,409.2572
2048,8192,128,16,388.0221
2048,8192,128,32,388.0637
2048,8192,128,64,388.1468
2048,8192,128,128,388.3130
2048,8192,128,256,388.6454
2048,8192,128,512,389.3103
2048,8192,128,1024,390.6401
2048,8192,128,2048,393.2997
2048,8192,128,4096,398.6189
2048,8192,128,8192,409.2572
2048,8192,128,16384,599.4772
2048,8748,0,0,411.0857
2048,13122,0,0,592.8519
2048,16384,0,0,728.4077
2048,16384,1,16,728.4080
2048,16384,1,32,728.4084
2048,16384,1,64,728.4090
2048,16384,1,128,728.4103
2048,16384,1,256,728.4129
2048,16384,1,512,728.4181
2048,16384,1,1024,728.4285
2048,16384,1,2048,728.4493
2048,16384,1,4096,728.4908
2048,16384,1,8192,728.5739
2048,16384,1,16384,728.7402
2048,16384,2,16,728.4084
2048,16384,2,32,728.4090
2048,16384,2,64,728.4103
2048,16384,2,128,728.4129
2048,16384,2,256,728.4181
2048,16384,2,512,728.4285
2048,16384,2,1024,728.4493
2048,16384,2,2048,728.4908
2048,16384,2,4096,728.5739
2048,16384,2,8192,728.7402
2048,16384,2,16384,729.0726
2048,16384,4,16,728.4090
2048,16384,4,32,728.4103
2048,16384,4,64,728.4129
2048,16384,4,128,728.4181
2048,16384,4,256,728.4285
2048,16384,4,512,728.4493
2048,16384,4,1024,728.4908
2048,16384,4,2048,728.5739
2048,16384,4,4096,728.7402
2048,16384,4,8192,729.0726
2048,16384,4,16384,729.7375
2048,16384,8,16,728.4103
2048,16384,8,32,728.4129
2048,16384,8,64,728.4181
2048,16384,8,128,728.4285
2048,16384,8,256,728.4493
2048,16384,8,512,728.4908
2048,16384,8,1024,728.5739
2048,16384,8,2048,728.7402
2048,16384,8,4096,729.0726
2048,16384,8,8192,729.7375
2048,16384,8,16384,731.0673
2048,16384,16,16,728.4129
2048,16384,16,32,728.4181
2048,16384,16,64,728.4285
2048,16384,16,128,728.4493
2048,16384,16,256,728.4908
2048,16384,16,512,728.5739
2048,16384,16,1024,728.7402
2048,16384,16,2048,729.0726
2048,16384,16,4096,729.7375
2048,16384,16,8192,731.0673
2048,16384,16,16384,733.7269
2048,16384,32,16,728.4181
2048,16384,32,32,728.4285
2048,16384,32,64,728.4493
2048,16384,32,128,728.4908
2048,16384,32,256,728.5739
2048,16384,32,512,728.7402
2048,16384,32,1024,729.0726
2048,16384,32,2048,729.7375
2048,16384,32,4096,731.0673
2048,16384,32,8192,733.7269
2048,16384,32,16384,739.0461
2048,16384,64,16,728.4285
2048,16384,64,32,728.4493
2048,16384,64,64,728.4908
2048,16384,64,128,728.5739
2048,16384,64,256,728.7402
2048,16384,64,512,729.0726
2048,16384,64,1024,729.7375
2048,16384,64,2048,731.0673
2048,16384,64,4096,733.7269
2048,16384,64,8192,739.0461
2048,16384,64,16384,749.6844
2048,16384,128,16,728.4493
2048,16384,128,32,728.4908
2048,16384,128,64,728.5739
2048,16384,128,128,728.7402
2048,16384,128,256,729.0726
2048,16384,128,512,729.7375
2048,16384,128,1024,731.0673
2048,16384,128,2048,733.7269
2048,16384,128,4096,739.0461
2048,16384,128,8192,749.6844
2048,16384,128,16384,770.9611
