prefill_chunk,kv_prefill,n_decode,kv_decode,time_us
0,0,1,16,12.6077
0,0,1,32,12.672
0,0,1,64,12.5763
0,0,1,128,13.824
0,0,1,256,15.1257
0,0,1,512,16.4373
0,0,1,1024,18.3893
0,0,1,2048,18.784
0,0,1,4096,19.1893
0,0,1,8192,21.3973
0,0,1,16384,26.187
0,0,2,16,12.7143
0,0,2,32,12.725
0,0,2,64,12.736
0,0,2,128,13.8777
0,0,2,256,15.2527
0,0,2,512,16.726
0,0,2,1024,18.272
0,0,2,2048,19.0297
0,0,2,4096,19.4027
0,0,2,8192,22.155
0,0,2,16384,30.144
0,0,4,16,12.8963
0,0,4,32,12.672
0,0,4,64,12.9067
0,0,4,128,14.016
0,0,4,256,15.1897
0,0,4,512,18.273
0,0,4,1024,19.008
0,0,4,2048,18.9013
0,0,4,4096,20.758
0,0,4,8192,27.136
0,0,4,16384,39.7443
0,0,8,16,12.693
0,0,8,32,12.6613
0,0,8,64,12.6627
0,0,8,128,13.9417
0,0,8,256,15.329
0,0,8,512,18.304
0,0,8,1024,19.7977
0,0,8,2048,20.7143
0,0,8,4096,25.8567
0,0,8,8192,36.8957
0,0,8,16384,58.1443
0,0,16,16,13.344
0,0,16,32,13.4187
0,0,16,64,13.3227
0,0,16,128,14.625
0,0,16,256,15.7973
0,0,16,512,18.8263
0,0,16,1024,20.8967
0,0,16,2048,25.9313
0,0,16,4096,36.1287
0,0,16,8192,56.4913
0,0,16,16384,93.356
0,0,32,16,14.006
0,0,32,32,13.942
0,0,32,64,13.9957
0,0,32,128,15.3167
0,0,32,256,16.5337
0,0,32,512,21.142
0,0,32,1024,26.1977
0,0,32,2048,37.5263
0,0,32,4096,56.993
0,0,32,8192,102.593
0,0,32,16384,181.101
0,0,64,16,13.909
0,0,64,32,13.9523
0,0,64,64,14.0057
0,0,64,128,15.349
0,0,64,256,17.803
0,0,64,512,32.1923
0,0,64,1024,43.0407
0,0,64,2048,66.2727
0,0,64,4096,104.108
0,0,64,8192,180.782
0,0,64,16384,337.924
0,0,128,16,18.0587
0,0,128,32,18.24
0,0,128,64,18.8483
0,0,128,128,23.2647
0,0,128,256,29.494
0,0,128,512,46.6033
0,0,128,1024,70.486
0,0,128,2048,109.175
0,0,128,4096,184.845
0,0,128,8192,337.06
0,0,128,16384,644.817
0,0,256,16,22.9653
0,0,256,32,23.221
0,0,256,64,25.131
0,0,256,128,32.9073
0,0,256,256,44.9817
0,0,256,512,71.98
0,0,256,1024,107.127
0,0,256,2048,173.185
0,0,256,4096,310.874
0,0,256,8192,590.225
0,0,256,16384,1157.41
16,0,0,0,12.971
16,0,1,16,12.8967
16,0,1,32,12.864
16,0,1,64,12.9923
16,0,1,128,14.1123
16,0,1,256,15.2643
16,0,1,512,16.789
16,0,1,1024,18.0697
16,0,1,2048,18.1763
16,0,1,4096,19.3707
16,0,1,8192,21.5573
16,0,1,16384,25.824
16,0,2,16,12.9493
16,0,2,32,12.9813
16,0,2,64,12.832
16,0,2,128,14.1657
16,0,2,256,15.4777
16,0,2,512,18.1337
16,0,2,1024,19.275
16,0,2,2048,18.3043
16,0,2,4096,19.4147
16,0,2,8192,22.3257
16,0,2,16384,31.2333
16,0,4,16,13.1207
16,0,4,32,13.312
16,0,4,64,13.248
16,0,4,128,14.4537
16,0,4,256,15.7227
16,0,4,512,18.059
16,0,4,1024,19.04
16,0,4,2048,18.9767
16,0,4,4096,20.555
16,0,4,8192,27.7983
16,0,4,16384,39.9787
16,0,8,16,13.131
16,0,8,32,13.0353
16,0,8,64,13.2373
16,0,8,128,14.4327
16,0,8,256,15.563
16,0,8,512,18.1117
16,0,8,1024,19.488
16,0,8,2048,20.7897
16,0,8,4096,25.7067
16,0,8,8192,37.504
16,0,8,16384,58.401
16,0,16,16,13.451
16,0,16,32,13.728
16,0,16,64,13.6107
16,0,16,128,14.9977
16,0,16,256,16.2767
16,0,16,512,18.9657
16,0,16,1024,21.088
16,0,16,2048,26.4427
16,0,16,4096,36.352
16,0,16,8192,56.3733
16,0,16,16384,93.8257
16,0,32,16,14.2507
16,0,32,32,14.1337
16,0,32,64,13.845
16,0,32,128,15.328
16,0,32,256,16.7787
16,0,32,512,21.5253
16,0,32,1024,26.4537
16,0,32,2048,37.6117
16,0,32,4096,57.2807
16,0,32,8192,103.66
16,0,32,16384,181.773
16,0,64,16,13.8987
16,0,64,32,13.9313
16,0,64,64,13.91
16,0,64,128,15.7017
16,0,64,256,18.0053
16,0,64,512,30.9653
16,0,64,1024,42.8803
16,0,64,2048,66.657
16,0,64,4096,104.418
16,0,64,8192,181.315
16,0,64,16384,338.138
16,0,128,16,17.8133
16,0,128,32,18.219
16,0,128,64,18.9877
16,0,128,128,23.211
16,0,128,256,29.12
16,0,128,512,45.6117
16,0,128,1024,69.5467
16,0,128,2048,108.087
16,0,128,4096,184.76
16,0,128,8192,337.593
16,0,128,16384,645.213
16,16,0,0,12.9497
16,16,1,16,12.9387
16,16,1,32,12.928
16,16,1,64,12.8753
16,16,1,128,14.0803
16,16,1,256,15.317
16,16,1,512,17.824
16,16,1,1024,18.1447
16,16,1,2048,18.9233
16,16,1,4096,19.6587
16,16,1,8192,21.483
16,16,1,16384,25.4297
16,16,2,16,12.8967
16,16,2,32,12.8107
16,16,2,64,13.0457
16,16,2,128,14.166
16,16,2,256,15.296
16,16,2,512,17.152
16,16,2,1024,18.944
16,16,2,2048,19.2963
16,16,2,4096,19.6693
16,16,2,8192,22.187
16,16,2,16384,31.264
16,16,4,16,13.2583
16,16,4,32,13.227
16,16,4,64,13.3443
16,16,4,128,14.443
16,16,4,256,15.7653
16,16,4,512,17.8663
16,16,4,1024,19.168
16,16,4,2048,18.9443
16,16,4,4096,20.4697
16,16,4,8192,27.1467
16,16,4,16384,40.2347
16,16,8,16,13.1947
16,16,8,32,13.2267
16,16,8,64,13.1953
16,16,8,128,14.262
16,16,8,256,15.3927
16,16,8,512,18.219
16,16,8,1024,19.339
16,16,8,2048,20.811
16,16,8,4096,26.0163
16,16,8,8192,37.3237
16,16,8,16384,58.699
16,16,16,16,13.536
16,16,16,32,13.739
16,16,16,64,13.4397
16,16,16,128,15.04
16,16,16,256,16.1497
16,16,16,512,19.072
16,16,16,1024,20.9713
16,16,16,2048,26.144
16,16,16,4096,36.4373
16,16,16,8192,56.7897
16,16,16,16384,93.3453
16,16,32,16,14.059
16,16,32,32,14.123
16,16,32,64,14.1443
16,16,32,128,15.467
16,16,32,256,16.491
16,16,32,512,21.6637
16,16,32,1024,26.1227
16,16,32,2048,37.835
16,16,32,4096,57.2913
16,16,32,8192,104.129
16,16,32,16384,181.773
16,16,64,16,13.9527
16,16,64,32,13.9307
16,16,64,64,13.963
16,16,64,128,15.2747
16,16,64,256,17.706
16,16,64,512,31.2533
16,16,64,1024,43.0723
16,16,64,2048,66.4007
16,16,64,4096,105.26
16,16,64,8192,181.933
16,16,64,16384,337.604
16,16,128,16,18.0907
16,16,128,32,18.2187
16,16,128,64,18.9013
16,16,128,128,22.7527
16,16,128,256,28.8437
16,16,128,512,46.4747
16,16,128,1024,70.561
16,16,128,2048,108.78
16,16,128,4096,184.643
16,16,128,8192,336.356
16,16,128,16384,644.36
16,32,0,0,12.886
16,32,1,16,13.0453
16,32,1,32,12.8963
16,32,1,64,12.8857
16,32,1,128,14.0797
16,32,1,256,15.3707
16,32,1,512,17.269
16,32,1,1024,18.6453
16,32,1,2048,18.6987
16,32,1,4096,19.1897
16,32,1,8192,21.8453
16,32,1,16384,25.9847
16,32,2,16,12.992
16,32,2,32,12.9497
16,32,2,64,13.0453
16,32,2,128,14.272
16,32,2,256,15.3603
16,32,2,512,17.3973
16,32,2,1024,18.592
16,32,2,2048,18.976
16,32,2,4096,19.382
16,32,2,8192,22.464
16,32,2,16384,30.6883
16,32,4,16,13.227
16,32,4,32,13.227
16,32,4,64,13.1413
16,32,4,128,14.5173
16,32,4,256,15.734
16,32,4,512,18.0053
16,32,4,1024,18.6987
16,32,4,2048,19.1467
16,32,4,4096,20.3203
16,32,4,8192,27.4783
16,32,4,16384,40.1817
16,32,8,16,13.2583
16,32,8,32,13.0133
16,32,8,64,13.3447
16,32,8,128,14.411
16,32,8,256,15.6163
16,32,8,512,18.3257
16,32,8,1024,19.4033
16,32,8,2048,20.9067
16,32,8,4096,26.2187
16,32,8,8192,37.3453
16,32,8,16384,59.3717
16,32,16,16,13.5787
16,32,16,32,13.6213
16,32,16,64,13.7283
16,32,16,128,14.8803
16,32,16,256,16.1283
16,32,16,512,20.064
16,32,16,1024,20.918
16,32,16,2048,25.7813
16,32,16,4096,36.395
16,32,16,8192,57.1637
16,32,16,16384,93.1957
16,32,32,16,14.0377
16,32,32,32,14.0267
16,32,32,64,14.2293
16,32,32,128,15.5943
16,32,32,256,16.7257
16,32,32,512,21.4827
16,32,32,1024,26.176
16,32,32,2048,38.07
16,32,32,4096,57.1413
16,32,32,8192,102.934
16,32,32,16384,182.541
16,32,64,16,13.9523
16,32,64,32,13.878
16,32,64,64,14.0163
16,32,64,128,15.424
16,32,64,256,17.7607
16,32,64,512,30.9767
16,32,64,1024,43.6917
16,32,64,2048,66.2197
16,32,64,4096,105.516
16,32,64,8192,181.474
16,32,64,16384,337.37
16,32,128,16,18.0587
16,32,128,32,18.1543
16,32,128,64,18.9767
16,32,128,128,22.87
16,32,128,256,28.096
16,32,128,512,47.2653
16,32,128,1024,70.3057
16,32,128,2048,108.375
16,32,128,4096,184.738
16,32,128,8192,336.505
16,32,128,16384,642.067
16,64,0,0,12.95
16,64,1,16,13.002
16,64,1,32,12.9913
16,64,1,64,12.9923
16,64,1,128,14.0273
16,64,1,256,15.3167
16,64,1,512,17.376
16,64,1,1024,18.5497
16,64,1,2048,18.774
16,64,1,4096,19.8403
16,64,1,8192,21.931
16,64,1,16384,25.6637
16,64,2,16,12.9067
16,64,2,32,12.9493
16,64,2,64,12.971
16,64,2,128,14.1017
16,64,2,256,15.296
16,64,2,512,18.0267
16,64,2,1024,18.9233
16,64,2,2048,19.2223
16,64,2,4096,19.6057
16,64,2,8192,22.4107
16,64,2,16384,30.5283
16,64,4,16,13.3017
16,64,4,32,13.2703
16,64,4,64,13.2377
16,64,4,128,14.6557
16,64,4,256,15.798
16,64,4,512,17.9733
16,64,4,1024,19.1683
16,64,4,2048,18.987
16,64,4,4096,20.8857
16,64,4,8192,27.1143
16,64,4,16384,40.0433
16,64,8,16,12.981
16,64,8,32,13.0987
16,64,8,64,13.067
16,64,8,128,14.475
16,64,8,256,15.6053
16,64,8,512,18.389
16,64,8,1024,19.4243
16,64,8,2048,20.971
16,64,8,4096,26.1873
16,64,8,8192,37.3973
16,64,8,16384,59.1903
16,64,16,16,13.5677
16,64,16,32,13.7387
16,64,16,64,13.664
16,64,16,128,15.0723
16,64,16,256,16.1283
16,64,16,512,19.104
16,64,16,1024,21.269
16,64,16,2048,26.0057
16,64,16,4096,36.1603
16,64,16,8192,56.5877
16,64,16,16384,93.4203
16,64,32,16,13.931
16,64,32,32,13.995
16,64,32,64,14.2083
16,64,32,128,15.499
16,64,32,256,16.6297
16,64,32,512,21.376
16,64,32,1024,26.4213
16,64,32,2048,37.3233
16,64,32,4096,56.5343
16,64,32,8192,103.265
16,64,32,16384,181.933
16,64,64,16,13.931
16,64,64,32,13.856
16,64,64,64,14.005
16,64,64,128,15.0937
16,64,64,256,17.846
16,64,64,512,30.6993
16,64,64,1024,43.2427
16,64,64,2048,66.8163
16,64,64,4096,104.759
16,64,64,8192,181.303
16,64,64,16384,337.753
16,64,128,16,18.0483
16,64,128,32,18.528
16,64,128,64,19.222
16,64,128,128,22.4953
16,64,128,256,29.28
16,64,128,512,45.75
16,64,128,1024,69.7823
16,64,128,2048,108.546
16,64,128,4096,184.749
16,64,128,8192,336.538
16,64,128,16384,644.584
16,128,0,0,14.091
16,128,1,16,14.2617
16,128,1,32,14.2293
16,128,1,64,14.2507
16,128,1,128,14.1557
16,128,1,256,15.3067
16,128,1,512,18.4643
16,128,1,1024,17.9737
16,128,1,2048,18.827
16,128,1,4096,19.968
16,128,1,8192,22.1127
16,128,1,16384,25.9097
16,128,2,16,14.1017
16,128,2,32,14.0907
16,128,2,64,14.1763
16,128,2,128,14.1547
16,128,2,256,15.4243
16,128,2,512,18.336
16,128,2,1024,18.9653
16,128,2,2048,19.2963
16,128,2,4096,19.6907
16,128,2,8192,22.5603
16,128,2,16384,30.2613
16,128,4,16,14.3353
16,128,4,32,14.2723
16,128,4,64,14.24
16,128,4,128,14.5717
16,128,4,256,15.744
16,128,4,512,17.8353
16,128,4,1024,18.6027
16,128,4,2048,19.1147
16,128,4,4096,20.7253
16,128,4,8192,27.4667
16,128,4,16384,40.2137
16,128,8,16,14.101
16,128,8,32,14.0803
16,128,8,64,14.1443
16,128,8,128,14.5073
16,128,8,256,15.6697
16,128,8,512,18.4643
16,128,8,1024,19.211
16,128,8,2048,20.7687
16,128,8,4096,25.7277
16,128,8,8192,36.811
16,128,8,16384,58.9447
16,128,16,16,14.1333
16,128,16,32,14.101
16,128,16,64,14.1873
16,128,16,128,14.742
16,128,16,256,16.1397
16,128,16,512,19.243
16,128,16,1024,21.1523
16,128,16,2048,26.1233
16,128,16,4096,36.139
16,128,16,8192,57.9207
16,128,16,16384,93.6433
16,128,32,16,14.1333
16,128,32,32,14.4427
16,128,32,64,14.3043
16,128,32,128,15.445
16,128,32,256,16.7467
16,128,32,512,21.7067
16,128,32,1024,27.04
16,128,32,2048,37.825
16,128,32,4096,57.0887
16,128,32,8192,104.364
16,128,32,16384,181.965
16,128,64,16,14.165
16,128,64,32,14.0913
16,128,64,64,14.3473
16,128,64,128,15.4567
16,128,64,256,17.973
16,128,64,512,32.0107
16,128,64,1024,43.8303
16,128,64,2048,66.4853
16,128,64,4096,104.674
16,128,64,8192,182.21
16,128,64,16384,337.37
16,128,128,16,18.0053
16,128,128,32,18.0693
16,128,128,64,19.0403
16,128,128,128,23.147
16,128,128,256,29.856
16,128,128,512,45.3123
16,128,128,1024,69.5907
16,128,128,2048,109.057
16,128,128,4096,184.269
16,128,128,8192,338.415
16,128,128,16384,643.741
16,256,0,0,15.3707
16,256,1,16,15.435
16,256,1,32,15.3387
16,256,1,64,15.339
16,256,1,128,15.3387
16,256,1,256,15.424
16,256,1,512,17.739
16,256,1,1024,18.209
16,256,1,2048,18.464
16,256,1,4096,19.9253
16,256,1,8192,21.611
16,256,1,16384,25.995
16,256,2,16,15.456
16,256,2,32,15.382
16,256,2,64,15.3393
16,256,2,128,15.3813
16,256,2,256,15.478
16,256,2,512,17.6753
16,256,2,1024,18.5813
16,256,2,2048,19.488
16,256,2,4096,19.6377
16,256,2,8192,22.4957
16,256,2,16384,30.8273
16,256,4,16,15.4347
16,256,4,32,15.6267
16,256,4,64,15.648
16,256,4,128,15.5523
16,256,4,256,15.7863
16,256,4,512,17.792
16,256,4,1024,18.784
16,256,4,2048,19.0513
16,256,4,4096,20.9287
16,256,4,8192,27.7017
16,256,4,16384,40.1493
16,256,8,16,15.233
16,256,8,32,15.307
16,256,8,64,15.328
16,256,8,128,15.1787
16,256,8,256,15.691
16,256,8,512,18.0693
16,256,8,1024,19.1897
16,256,8,2048,21.163
16,256,8,4096,25.9097
16,256,8,8192,37.974
16,256,8,16384,59.7223
16,256,16,16,15.2537
16,256,16,32,15.4143
16,256,16,64,15.4243
16,256,16,128,15.2213
16,256,16,256,16
16,256,16,512,19.2103
16,256,16,1024,21.1837
16,256,16,2048,26.272
16,256,16,4096,35.7877
16,256,16,8192,57.0677
16,256,16,16384,93.9313
16,256,32,16,15.2963
16,256,32,32,15.691
16,256,32,64,15.35
16,256,32,128,15.456
16,256,32,256,16.64
16,256,32,512,21.6747
16,256,32,1024,26.528
16,256,32,2048,38.4323
16,256,32,4096,56.9713
16,256,32,8192,103.841
16,256,32,16384,181.965
16,256,64,16,15.285
16,256,64,32,15.3273
16,256,64,64,15.456
16,256,64,128,16.352
16,256,64,256,18.0373
16,256,64,512,32.2997
16,256,64,1024,43.3823
16,256,64,2048,66.785
16,256,64,4096,104.887
16,256,64,8192,181.688
16,256,64,16384,337.177
16,256,128,16,17.878
16,256,128,32,18.39
16,256,128,64,18.912
16,256,128,128,23.2857
16,256,128,256,29.7603
16,256,128,512,46.2517
16,256,128,1024,69.9417
16,256,128,2048,108.802
16,256,128,4096,184.28
16,256,128,8192,336.548
16,256,128,16384,646.845
16,512,0,0,17.5787
16,512,1,16,17.12
16,512,1,32,17.5893
16,512,1,64,17.6747
16,512,1,128,17.4937
16,512,1,256,18.5387
16,512,1,512,18.5173
16,512,1,1024,18.9233
16,512,1,2048,18.6663
16,512,1,4096,20.1603
16,512,1,8192,21.27
16,512,1,16384,26.3043
16,512,2,16,17.494
16,512,2,32,17.5463
16,512,2,64,17.152
16,512,2,128,17.931
16,512,2,256,18.336
16,512,2,512,18.88
16,512,2,1024,19.307
16,512,2,2048,19.1147
16,512,2,4096,19.9583
16,512,2,8192,22.8163
16,512,2,16384,30.592
16,512,4,16,18.2293
16,512,4,32,18.1227
16,512,4,64,17.952
16,512,4,128,18.582
16,512,4,256,19.275
16,512,4,512,18.4533
16,512,4,1024,18.9863
16,512,4,2048,19.1893
16,512,4,4096,20.737
16,512,4,8192,27.3287
16,512,4,16384,40.2133
16,512,8,16,17.664
16,512,8,32,17.4723
16,512,8,64,17.6533
16,512,8,128,18.8487
16,512,8,256,19.36
16,512,8,512,18.795
16,512,8,1024,19.52
16,512,8,2048,20.928
16,512,8,4096,25.9093
16,512,8,8192,37.803
16,512,8,16384,60.2993
16,512,16,16,18.4107
16,512,16,32,18.102
16,512,16,64,18.3893
16,512,16,128,18.8267
16,512,16,256,18.9333
16,512,16,512,19.499
16,512,16,1024,20.886
16,512,16,2048,26.6883
16,512,16,4096,36.2243
16,512,16,8192,57.131
16,512,16,16384,94.1023
16,512,32,16,18.2933
16,512,32,32,18.4003
16,512,32,64,18.4853
16,512,32,128,19.3393
16,512,32,256,20.9813
16,512,32,512,21.8447
16,512,32,1024,26.816
16,512,32,2048,37.6433
16,512,32,4096,57.2377
16,512,32,8192,103.777
16,512,32,16384,182.797
16,512,64,16,18.4003
16,512,64,32,18.464
16,512,64,64,18.976
16,512,64,128,19.9363
16,512,64,256,27.0513
16,512,64,512,31.84
16,512,64,1024,43.7667
16,512,64,2048,67.2113
16,512,64,4096,104.759
16,512,64,8192,181.517
16,512,64,16384,337.892
16,512,128,16,22.9763
16,512,128,32,23.286
16,512,128,64,24.1493
16,512,128,128,28.2567
16,512,128,256,33.5897
16,512,128,512,46.923
16,512,128,1024,69.2597
16,512,128,2048,109.026
16,512,128,4096,184.429
16,512,128,8192,337.103
16,512,128,16384,644.392
16,1024,0,0,18.6983
16,1024,1,16,18.8913
16,1024,1,32,18.8063
16,1024,1,64,18.6887
16,1024,1,128,20.107
16,1024,1,256,20.1813
16,1024,1,512,19.4563
16,1024,1,1024,20.0963
16,1024,1,2048,19.478
16,1024,1,4096,19.5537
16,1024,1,8192,21.44
16,1024,1,16384,25.8133
16,1024,2,16,18.443
16,1024,2,32,18.9337
16,1024,2,64,18.944
16,1024,2,128,19.5093
16,1024,2,256,19.8827
16,1024,2,512,19.957
16,1024,2,1024,19.0933
16,1024,2,2048,19.6267
16,1024,2,4096,19.6377
16,1024,2,8192,23.125
16,1024,2,16384,31.1687
16,1024,4,16,19.446
16,1024,4,32,19.499
16,1024,4,64,19.5413
16,1024,4,128,20.011
16,1024,4,256,20.3523
16,1024,4,512,19.5097
16,1024,4,1024,19.104
16,1024,4,2048,19.8403
16,1024,4,4096,21.269
16,1024,4,8192,27.68
16,1024,4,16384,40.448
16,1024,8,16,19.1153
16,1024,8,32,18.6133
16,1024,8,64,19.0507
16,1024,8,128,19.872
16,1024,8,256,19.8183
16,1024,8,512,19.4133
16,1024,8,1024,19.4987
16,1024,8,2048,21.355
16,1024,8,4096,26.166
16,1024,8,8192,38.8263
16,1024,8,16384,60.3313
16,1024,16,16,18.965
16,1024,16,32,19.0183
16,1024,16,64,18.998
16,1024,16,128,19.4247
16,1024,16,256,19.6487
16,1024,16,512,20.2457
16,1024,16,1024,21.355
16,1024,16,2048,26.3477
16,1024,16,4096,36.6403
16,1024,16,8192,56.747
16,1024,16,16384,94.0383
16,1024,32,16,19.3183
16,1024,32,32,19.232
16,1024,32,64,19.2537
16,1024,32,128,19.8823
16,1024,32,256,20.8003
16,1024,32,512,21.7177
16,1024,32,1024,27.0087
16,1024,32,2048,38.2933
16,1024,32,4096,58.401
16,1024,32,8192,104.492
16,1024,32,16384,181.933
16,1024,64,16,19.1787
16,1024,64,32,19.456
16,1024,64,64,19.8833
16,1024,64,128,20.1603
16,1024,64,256,26.827
16,1024,64,512,32.714
16,1024,64,1024,43.3497
16,1024,64,2048,67.2757
16,1024,64,4096,104.289
16,1024,64,8192,182.605
16,1024,64,16384,338.532
16,1024,128,16,23.1047
16,1024,128,32,23.1367
16,1024,128,64,24.4693
16,1024,128,128,27.862
16,1024,128,256,34.2193
16,1024,128,512,47.073
16,1024,128,1024,70.5607
16,1024,128,2048,108.471
16,1024,128,4096,184.504
16,1024,128,8192,336.655
16,1024,128,16384,644.744
16,2048,0,0,19.4993
16,2048,1,16,19.4673
16,2048,1,32,19.7117
16,2048,1,64,19.5093
16,2048,1,128,19.7867
16,2048,1,256,20.011
16,2048,1,512,20.5333
16,2048,1,1024,20.246
16,2048,1,2048,20.0853
16,2048,1,4096,19.7227
16,2048,1,8192,21.7817
16,2048,1,16384,26.4107
16,2048,2,16,19.9893
16,2048,2,32,19.403
16,2048,2,64,19.8407
16,2048,2,128,20.0643
16,2048,2,256,19.968
16,2048,2,512,20.363
16,2048,2,1024,20.224
16,2048,2,2048,20.1713
16,2048,2,4096,19.7653
16,2048,2,8192,23.7657
16,2048,2,16384,31.2537
16,2048,4,16,20.1493
16,2048,4,32,20.0957
16,2048,4,64,20.257
16,2048,4,128,19.7447
16,2048,4,256,19.7227
16,2048,4,512,20.1817
16,2048,4,1024,20.044
16,2048,4,2048,20.0533
16,2048,4,4096,21.664
16,2048,4,8192,27.9363
16,2048,4,16384,40.566
16,2048,8,16,19.4777
16,2048,8,32,19.3493
16,2048,8,64,20.0103
16,2048,8,128,20.4803
16,2048,8,256,19.979
16,2048,8,512,20.0113
16,2048,8,1024,20.512
16,2048,8,2048,21.7067
16,2048,8,4096,26.443
16,2048,8,8192,38.0697
16,2048,8,16384,60.054
16,2048,16,16,19.7123
16,2048,16,32,19.7973
16,2048,16,64,19.8183
16,2048,16,128,19.4883
16,2048,16,256,20.1177
16,2048,16,512,20.9393
16,2048,16,1024,21.8457
16,2048,16,2048,26.3787
16,2048,16,4096,36.8007
16,2048,16,8192,57.611
16,2048,16,16384,95.009
16,2048,32,16,19.5733
16,2048,32,32,19.318
16,2048,32,64,19.5733
16,2048,32,128,20.704
16,2048,32,256,20.619
16,2048,32,512,22.3787
16,2048,32,1024,27.2757
16,2048,32,2048,37.7503
16,2048,32,4096,57.4513
16,2048,32,8192,103.298
16,2048,32,16384,181.9
16,2048,64,16,19.4667
16,2048,64,32,20.203
16,2048,64,64,20.129
16,2048,64,128,20.747
16,2048,64,256,23.0413
16,2048,64,512,31.744
16,2048,64,1024,44.0313
16,2048,64,2048,67.5207
16,2048,64,4096,105.441
16,2048,64,8192,181.591
16,2048,64,16384,338.041
16,2048,128,16,23.4463
16,2048,128,32,24.0217
16,2048,128,64,24.6407
16,2048,128,128,28.9283
16,2048,128,256,34.3793
16,2048,128,512,46.5613
16,2048,128,1024,70.8697
16,2048,128,2048,108.3
16,2048,128,4096,184.546
16,2048,128,8192,337.092
16,2048,128,16384,644.883
16,4096,0,0,20.4697
16,4096,1,16,21.0567
16,4096,1,32,21.056
16,4096,1,64,21.0773
16,4096,1,128,20.8427
16,4096,1,256,21.0027
16,4096,1,512,21.526
16,4096,1,1024,20.3947
16,4096,1,2048,20.8103
16,4096,1,4096,20.619
16,4096,1,8192,21.7497
16,4096,1,16384,26.998
16,4096,2,16,21.174
16,4096,2,32,21.366
16,4096,2,64,20.5447
16,4096,2,128,21.0243
16,4096,2,256,20.662
16,4096,2,512,20.267
16,4096,2,1024,20.7467
16,4096,2,2048,20.95
16,4096,2,4096,20.555
16,4096,2,8192,24.2887
16,4096,2,16384,31.7653
16,4096,4,16,20.6193
16,4096,4,32,20.6403
16,4096,4,64,20.651
16,4096,4,128,20.341
16,4096,4,256,20.5987
16,4096,4,512,20.587
16,4096,4,1024,20.8323
16,4096,4,2048,21.3337
16,4096,4,4096,22.0803
16,4096,4,8192,28.5013
16,4096,4,16384,41.5687
16,4096,8,16,20.4483
16,4096,8,32,20.64
16,4096,8,64,20.5433
16,4096,8,128,20.651
16,4096,8,256,20.6937
16,4096,8,512,20.9813
16,4096,8,1024,21.3347
16,4096,8,2048,22.848
16,4096,8,4096,27.0723
16,4096,8,8192,38.3683
16,4096,8,16384,60.6087
16,4096,16,16,20.395
16,4096,16,32,20.2453
16,4096,16,64,20.1933
16,4096,16,128,20.5863
16,4096,16,256,20.6293
16,4096,16,512,20.9927
16,4096,16,1024,22.8913
16,4096,16,2048,26.9443
16,4096,16,4096,37.441
16,4096,16,8192,58.3367
16,4096,16,16384,95.2437
16,4096,32,16,20.6293
16,4096,32,32,20.9923
16,4096,32,64,20.6503
16,4096,32,128,21.1097
16,4096,32,256,20.9283
16,4096,32,512,22.8583
16,4096,32,1024,28.9507
16,4096,32,2048,39.0187
16,4096,32,4096,57.835
16,4096,32,8192,102.967
16,4096,32,16384,183.298
16,4096,64,16,21.0563
16,4096,64,32,20.875
16,4096,64,64,21.4723
16,4096,64,128,21.623
16,4096,64,256,24.1173
16,4096,64,512,31.6477
16,4096,64,1024,44.8007
16,4096,64,2048,67.6697
16,4096,64,4096,105.356
16,4096,64,8192,182.04
16,4096,64,16384,338.713
16,4096,128,16,24.6717
16,4096,128,32,25.089
16,4096,128,64,25.91
16,4096,128,128,29.3973
16,4096,128,256,34.955
16,4096,128,512,48.8003
16,4096,128,1024,72.1613
16,4096,128,2048,110.07
16,4096,128,4096,185.358
16,4096,128,8192,338.297
16,4096,128,16384,644.775
16,8192,0,0,22.4427
16,8192,1,16,22.7527
16,8192,1,32,22.2187
16,8192,1,64,22.358
16,8192,1,128,22.6563
16,8192,1,256,22.8587
16,8192,1,512,22.5923
16,8192,1,1024,22.9657
16,8192,1,2048,22.7627
16,8192,1,4096,23.2217
16,8192,1,8192,23.019
16,8192,1,16384,28.7893
16,8192,2,16,23.0937
16,8192,2,32,22.699
16,8192,2,64,22.784
16,8192,2,128,23.328
16,8192,2,256,22.742
16,8192,2,512,23.222
16,8192,2,1024,22.432
16,8192,2,2048,22.7413
16,8192,2,4096,22.7313
16,8192,2,8192,24.3423
16,8192,2,16384,33.526
16,8192,4,16,21.9087
16,8192,4,32,21.9627
16,8192,4,64,22.2617
16,8192,4,128,22.4103
16,8192,4,256,22.5713
16,8192,4,512,22.539
16,8192,4,1024,22.966
16,8192,4,2048,22.8153
16,8192,4,4096,24.747
16,8192,4,8192,29.078
16,8192,4,16384,42.5287
16,8192,8,16,22.5493
16,8192,8,32,22.528
16,8192,8,64,22.5497
16,8192,8,128,22.4427
16,8192,8,256,22.72
16,8192,8,512,22.3357
16,8192,8,1024,23.158
16,8192,8,2048,25.0773
16,8192,8,4096,29.8453
16,8192,8,8192,39.809
16,8192,8,16384,61.547
16,8192,16,16,22.2403
16,8192,16,32,22.3577
16,8192,16,64,22.1227
16,8192,16,128,22.5603
16,8192,16,256,22.518
16,8192,16,512,23.008
16,8192,16,1024,25.6857
16,8192,16,2048,30.0597
16,8192,16,4096,40.0647
16,8192,16,8192,58.8593
16,8192,16,16384,110.369
16,8192,32,16,22.8693
16,8192,32,32,22.4
16,8192,32,64,23.1467
16,8192,32,128,22.656
16,8192,32,256,23.5737
16,8192,32,512,26.1873
16,8192,32,1024,31.307
16,8192,32,2048,41.483
16,8192,32,4096,60.833
16,8192,32,8192,104.567
16,8192,32,16384,182.84
16,8192,64,16,23.2637
16,8192,64,32,22.891
16,8192,64,64,24.054
16,8192,64,128,23.883
16,8192,64,256,25.9097
16,8192,64,512,33.568
16,8192,64,1024,47.5637
16,8192,64,2048,68.8217
16,8192,64,4096,107.969
16,8192,64,8192,181.453
16,8192,64,16384,339.535
16,8192,128,16,26.2087
16,8192,128,32,26.539
16,8192,128,64,27.232
16,8192,128,128,29.3333
16,8192,128,256,35.894
16,8192,128,512,49.003
16,8192,128,1024,71.8617
16,8192,128,2048,109.879
16,8192,128,4096,186.551
16,8192,128,8192,338.532
16,8192,128,16384,645.662
16,16384,0,0,25.931
16,16384,1,16,25.398
16,16384,1,32,25.5573
16,16384,1,64,25.4827
16,16384,1,128,25.771
16,16384,1,256,26.2617
16,16384,1,512,26.123
16,16384,1,1024,26.5603
16,16384,1,2048,26.6027
16,16384,1,4096,27.4773
16,16384,1,8192,28.192
16,16384,1,16384,31.2113
16,16384,2,16,25.2273
16,16384,2,32,25.5893
16,16384,2,64,25.5787
16,16384,2,128,26.0057
16,16384,2,256,25.8353
16,16384,2,512,25.9943
16,16384,2,1024,26.2823
16,16384,2,2048,27.2003
16,16384,2,4096,27.745
16,16384,2,8192,30.8373
16,16384,2,16384,34.955
16,16384,4,16,25.6107
16,16384,4,32,25.601
16,16384,4,64,25.579
16,16384,4,128,25.782
16,16384,4,256,26.133
16,16384,4,512,26.4537
16,16384,4,1024,27.008
16,16384,4,2048,28.1177
16,16384,4,4096,30.3357
16,16384,4,8192,35.243
16,16384,4,16384,44.908
16,16384,8,16,25.8887
16,16384,8,32,25.8563
16,16384,8,64,25.451
16,16384,8,128,25.792
16,16384,8,256,26.5387
16,16384,8,512,26.9653
16,16384,8,1024,28.3213
16,16384,8,2048,30.689
16,16384,8,4096,35.6907
16,16384,8,8192,45.4297
16,16384,8,16384,63.307
16,16384,16,16,25.8673
16,16384,16,32,25.8993
16,16384,16,64,25.8133
16,16384,16,128,26.059
16,16384,16,256,26.9337
16,16384,16,512,28.8107
16,16384,16,1024,30.9553
16,16384,16,2048,35.6693
16,16384,16,4096,45.3233
16,16384,16,8192,64.555
16,16384,16,16384,97.7183
16,16384,32,16,25.995
16,16384,32,32,26.5603
16,16384,32,64,26.6667
16,16384,32,128,27.2107
16,16384,32,256,27.1043
16,16384,32,512,31.7983
16,16384,32,1024,37.632
16,16384,32,2048,52.2883
16,16384,32,4096,66.7953
16,16384,32,8192,99.084
16,16384,32,16384,182.274
16,16384,64,16,29.5043
16,16384,64,32,29.3353
16,16384,64,64,30.123
16,16384,64,128,28.054
16,16384,64,256,29.696
16,16384,64,512,35.1147
16,16384,64,1024,52.246
16,16384,64,2048,73.6007
16,16384,64,4096,111.468
16,16384,64,8192,184.984
16,16384,64,16384,340.036
16,16384,128,16,28.3093
16,16384,128,32,28.63
16,16384,128,64,29.739
16,16384,128,128,31.6807
16,16384,128,256,38.934
16,16384,128,512,52.1817
16,16384,128,1024,72.5447
16,16384,128,2048,111.543
16,16384,128,4096,186.509
16,16384,128,8192,339.279
16,16384,128,16384,646.12
32,0,0,0,15.232
32,0,1,16,15.381
32,0,1,32,15.349
32,0,1,64,15.5523
32,0,1,128,16.7683
32,0,1,256,18.4427
32,0,1,512,21.045
32,0,1,1024,20.9387
32,0,1,2048,21.6107
32,0,1,4096,21.7497
32,0,1,8192,24.1493
32,0,1,16384,27.691
32,0,2,16,15.4563
32,0,2,32,15.3277
32,0,2,64,15.499
32,0,2,128,16.6083
32,0,2,256,18.507
32,0,2,512,20.2353
32,0,2,1024,21.2697
32,0,2,2048,21.7387
32,0,2,4096,21.6
32,0,2,8192,23.872
32,0,2,16384,32.0323
32,0,4,16,15.2853
32,0,4,32,15.4673
32,0,4,64,15.3707
32,0,4,128,17.1417
32,0,4,256,18.6777
32,0,4,512,19.894
32,0,4,1024,20.9813
32,0,4,2048,20.8747
32,0,4,4096,21.9953
32,0,4,8192,28.6937
32,0,4,16384,42.4113
32,0,8,16,15.3603
32,0,8,32,15.2863
32,0,8,64,15.072
32,0,8,128,16.9497
32,0,8,256,18.4857
32,0,8,512,20.343
32,0,8,1024,21.366
32,0,8,2048,22.262
32,0,8,4096,27.2107
32,0,8,8192,39.2643
32,0,8,16384,62.049
32,0,16,16,15.4133
32,0,16,32,15.4353
32,0,16,64,15.4347
32,0,16,128,17.674
32,0,16,256,18.774
32,0,16,512,20.982
32,0,16,1024,22.315
32,0,16,2048,27.0187
32,0,16,4096,37.6327
32,0,16,8192,58.2303
32,0,16,16384,95.9157
32,0,32,16,15.5417
32,0,32,32,15.4983
32,0,32,64,15.4887
32,0,32,128,17.5257
32,0,32,256,18.7523
32,0,32,512,22.752
32,0,32,1024,27.2747
32,0,32,2048,39.125
32,0,32,4096,58.5617
32,0,32,8192,113.238
32,0,32,16384,198.541
32,0,64,16,15.5943
32,0,64,32,15.5627
32,0,64,64,16.01
32,0,64,128,17.824
32,0,64,256,19.0937
32,0,64,512,34.379
32,0,64,1024,47.8407
32,0,64,2048,73.281
32,0,64,4096,115.436
32,0,64,8192,199.085
32,0,64,16384,369.455
32,0,128,16,21.2057
32,0,128,32,21.2803
32,0,128,64,21.579
32,0,128,128,26.2083
32,0,128,256,33.3013
32,0,128,512,50.859
32,0,128,1024,78.0383
32,0,128,2048,119.021
32,0,128,4096,204.003
32,0,128,8192,371.621
32,0,128,16384,706.728
32,16,0,0,15.3067
32,16,1,16,15.4667
32,16,1,32,15.456
32,16,1,64,15.317
32,16,1,128,16.8103
32,16,1,256,18.1547
32,16,1,512,20.4807
32,16,1,1024,20.5973
32,16,1,2048,21.4617
32,16,1,4096,21.9413
32,16,1,8192,24.128
32,16,1,16384,27.616
32,16,2,16,15.2967
32,16,2,32,15.2743
32,16,2,64,15.488
32,16,2,128,16.683
32,16,2,256,18.3357
32,16,2,512,20.6187
32,16,2,1024,21.483
32,16,2,2048,21.483
32,16,2,4096,21.4083
32,16,2,8192,24.032
32,16,2,16384,31.787
32,16,4,16,15.3497
32,16,4,32,15.4027
32,16,4,64,15.413
32,16,4,128,16.9067
32,16,4,256,18.6457
32,16,4,512,19.9043
32,16,4,1024,21.024
32,16,4,2048,21.0353
32,16,4,4096,22.037
32,16,4,8192,28.5973
32,16,4,16384,42.2613
32,16,8,16,15.2313
32,16,8,32,15.1573
32,16,8,64,15.4247
32,16,8,128,16.726
32,16,8,256,18.4543
32,16,8,512,20.267
32,16,8,1024,21.28
32,16,8,2048,21.9527
32,16,8,4096,26.859
32,16,8,8192,39.1263
32,16,8,16384,61.7823
32,16,16,16,15.211
32,16,16,32,15.414
32,16,16,64,15.6697
32,16,16,128,17.589
32,16,16,256,18.7413
32,16,16,512,20.855
32,16,16,1024,22.294
32,16,16,2048,27.2967
32,16,16,4096,37.3123
32,16,16,8192,58.6987
32,16,16,16384,96.3217
32,16,32,16,15.435
32,16,32,32,15.531
32,16,32,64,15.552
32,16,32,128,17.462
32,16,32,256,18.8687
32,16,32,512,22.8373
32,16,32,1024,27.7117
32,16,32,2048,38.7523
32,16,32,4096,58.5927
32,16,32,8192,112.833
32,16,32,16384,197.827
32,16,64,16,15.9037
32,16,64,32,15.7443
32,16,64,64,15.6803
32,16,64,128,17.93
32,16,64,256,19.2217
32,16,64,512,33.6963
32,16,64,1024,47.136
32,16,64,2048,72.6827
32,16,64,4096,116.173
32,16,64,8192,198.508
32,16,64,16384,370.65
32,16,128,16,20.9497
32,16,128,32,21.1203
32,16,128,64,21.5363
32,16,128,128,26.3147
32,16,128,256,33.4717
32,16,128,512,50.9333
32,16,128,1024,77.7183
32,16,128,2048,120.087
32,16,128,4096,203.139
32,16,128,8192,372.079
32,16,128,16384,707.39
32,32,0,0,15.285
32,32,1,16,15.3493
32,32,1,32,15.4457
32,32,1,64,15.5517
32,32,1,128,16.7793
32,32,1,256,18.2297
32,32,1,512,20.7367
32,32,1,1024,21.355
32,32,1,2048,21.2483
32,32,1,4096,21.846
32,32,1,8192,24.203
32,32,1,16384,27.4883
32,32,2,16,15.4563
32,32,2,32,15.317
32,32,2,64,15.275
32,32,2,128,16.7043
32,32,2,256,18.5067
32,32,2,512,20.7787
32,32,2,1024,21.2057
32,32,2,2048,21.7607
32,32,2,4096,21.5467
32,32,2,8192,24.021
32,32,2,16384,31.404
32,32,4,16,15.2537
32,32,4,32,15.2533
32,32,4,64,15.5737
32,32,4,128,16.9603
32,32,4,256,18.571
32,32,4,512,20.0427
32,32,4,1024,21.024
32,32,4,2048,21.0037
32,32,4,4096,21.8563
32,32,4,8192,28.2037
32,32,4,16384,41.931
32,32,8,16,15.094
32,32,8,32,15.1787
32,32,8,64,15.2537
32,32,8,128,16.9707
32,32,8,256,18.3373
32,32,8,512,20.4593
32,32,8,1024,21.3223
32,32,8,2048,22.2083
32,32,8,4096,26.8697
32,32,8,8192,38.987
32,32,8,16384,62.1977
32,32,16,16,15.3283
32,32,16,32,15.755
32,32,16,64,15.7227
32,32,16,128,17.4507
32,32,16,256,18.56
32,32,16,512,20.8107
32,32,16,1024,22.4867
32,32,16,2048,27.5413
32,32,16,4096,37.3123
32,32,16,8192,59.052
32,32,16,16384,96.7687
32,32,32,16,15.6593
32,32,32,32,15.4557
32,32,32,64,15.6377
32,32,32,128,17.3233
32,32,32,256,18.7953
32,32,32,512,22.6137
32,32,32,1024,27.446
32,32,32,2048,38.7743
32,32,32,4096,58.6457
32,32,32,8192,113.004
32,32,32,16384,198.189
32,32,64,16,15.9677
32,32,64,32,15.915
32,32,64,64,15.7977
32,32,64,128,17.7383
32,32,64,256,19.1467
32,32,64,512,33.7283
32,32,64,1024,48.598
32,32,64,2048,73.3767
32,32,64,4096,115.265
32,32,64,8192,200.163
32,32,64,16384,370.543
32,32,128,16,21.078
32,32,128,32,21.099
32,32,128,64,21.579
32,32,128,128,25.8023
32,32,128,256,33.376
32,32,128,512,51.34
32,32,128,1024,77.153
32,32,128,2048,119.479
32,32,128,4096,203.373
32,32,128,8192,371.375
32,32,128,16384,705.609
32,64,0,0,15.253
32,64,1,16,15.339
32,64,1,32,15.52
32,64,1,64,15.286
32,64,1,128,16.8
32,64,1,256,18.539
32,64,1,512,20.64
32,64,1,1024,21.5153
32,64,1,2048,21.558
32,64,1,4096,21.974
32,64,1,8192,24.15
32,64,1,16384,27.7347
32,64,2,16,15.3923
32,64,2,32,15.7973
32,64,2,64,15.4987
32,64,2,128,16.864
32,64,2,256,18.2403
32,64,2,512,20.8427
32,64,2,1024,21.1523
32,64,2,2048,21.5457
32,64,2,4096,21.6213
32,64,2,8192,23.8723
32,64,2,16384,31.9363
32,64,4,16,15.3813
32,64,4,32,15.2327
32,64,4,64,15.254
32,64,4,128,17.1733
32,64,4,256,18.4323
32,64,4,512,19.979
32,64,4,1024,21.067
32,64,4,2048,21.2603
32,64,4,4096,22.081
32,64,4,8192,28.4377
32,64,4,16384,42.6677
32,64,8,16,15.1253
32,64,8,32,15.3287
32,64,8,64,15.04
32,64,8,128,16.7997
32,64,8,256,18.1657
32,64,8,512,20.363
32,64,8,1024,21.4613
32,64,8,2048,22.2827
32,64,8,4096,26.763
32,64,8,8192,38.5717
32,64,8,16384,62.4537
32,64,16,16,15.584
32,64,16,32,15.5737
32,64,16,64,15.563
32,64,16,128,17.5897
32,64,16,256,18.7623
32,64,16,512,20.9393
32,64,16,1024,22.1977
32,64,16,2048,27.254
32,64,16,4096,37.4617
32,64,16,8192,58.5607
32,64,16,16384,96.641
32,64,32,16,15.531
32,64,32,32,15.5527
32,64,32,64,15.691
32,64,32,128,17.397
32,64,32,256,18.7417
32,64,32,512,22.848
32,64,32,1024,27.584
32,64,32,2048,38.9767
32,64,32,4096,58.1767
32,64,32,8192,112.439
32,64,32,16384,198.19
32,64,64,16,15.52
32,64,64,32,15.6587
32,64,64,64,15.8613
32,64,64,128,17.5253
32,64,64,256,19.3283
32,64,64,512,33.8773
32,64,64,1024,48.033
32,64,64,2048,72.065
32,64,64,4096,115.053
32,64,64,8192,199.33
32,64,64,16384,370.905
32,64,128,16,20.9707
32,64,128,32,21.4727
32,64,128,64,21.6533
32,64,128,128,26.0483
32,64,128,256,32.8643
32,64,128,512,50.6563
32,64,128,1024,77.505
32,64,128,2048,119.638
32,64,128,4096,202.488
32,64,128,8192,371.108
32,64,128,16384,706.686
32,128,0,0,17.3443
32,128,1,16,17.2373
32,128,1,32,17.0027
32,128,1,64,17.4933
32,128,1,128,17.0237
32,128,1,256,18.495
32,128,1,512,22.3897
32,128,1,1024,21.6223
32,128,1,2048,21.6433
32,128,1,4096,22.3257
32,128,1,8192,24.1707
32,128,1,16384,27.915
32,128,2,16,17.0453
32,128,2,32,17.2907
32,128,2,64,17.483
32,128,2,128,17.0243
32,128,2,256,18.3573
32,128,2,512,22.368
32,128,2,1024,21.4827
32,128,2,2048,21.7707
32,128,2,4096,21.8887
32,128,2,8192,24.129
32,128,2,16384,31.7657
32,128,4,16,17.216
32,128,4,32,17.0453
32,128,4,64,16.9927
32,128,4,128,17.227
32,128,4,256,18.795
32,128,4,512,21.1527
32,128,4,1024,21.1203
32,128,4,2048,20.9817
32,128,4,4096,21.76
32,128,4,8192,28.5983
32,128,4,16384,42.5603
32,128,8,16,17.1733
32,128,8,32,16.9387
32,128,8,64,17.3337
32,128,8,128,16.811
32,128,8,256,18.3993
32,128,8,512,21.6853
32,128,8,1024,21.1953
32,128,8,2048,22.0487
32,128,8,4096,26.913
32,128,8,8192,38.7527
32,128,8,16384,61.6117
32,128,16,16,17.1203
32,128,16,32,17.3227
32,128,16,64,16.8967
32,128,16,128,17.408
32,128,16,256,19.0507
32,128,16,512,22.4323
32,128,16,1024,22.9233
32,128,16,2048,27.3287
32,128,16,4096,37.3233
32,128,16,8192,59.3713
32,128,16,16384,97.153
32,128,32,16,16.992
32,128,32,32,17.0773
32,128,32,64,17.0243
32,128,32,128,17.4723
32,128,32,256,18.837
32,128,32,512,22.7307
32,128,32,1024,27.7763
32,128,32,2048,39.019
32,128,32,4096,58.3787
32,128,32,8192,113.271
32,128,32,16384,198.146
32,128,64,16,17.2167
32,128,64,32,17.0673
32,128,64,64,17.0773
32,128,64,128,17.558
32,128,64,256,19.1783
32,128,64,512,35.0197
32,128,64,1024,48.0007
32,128,64,2048,73.4197
32,128,64,4096,114.615
32,128,64,8192,199.363
32,128,64,16384,368.869
32,128,128,16,21.2057
32,128,128,32,20.96
32,128,128,64,21.461
32,128,128,128,26.6247
32,128,128,256,32.8867
32,128,128,512,49.857
32,128,128,1024,78.273
32,128,128,2048,118.455
32,128,128,4096,203.907
32,128,128,8192,371.514
32,128,128,16384,707.614
32,256,0,0,18.7087
32,256,1,16,18.848
32,256,1,32,18.9333
32,256,1,64,18.7097
32,256,1,128,18.7203
32,256,1,256,18.9333
32,256,1,512,22.8703
32,256,1,1024,21.6003
32,256,1,2048,21.675
32,256,1,4096,22.3463
32,256,1,8192,24.213
32,256,1,16384,29.6213
32,256,2,16,18.6453
32,256,2,32,19.019
32,256,2,64,18.6777
32,256,2,128,18.667
32,256,2,256,18.774
32,256,2,512,22.336
32,256,2,1024,21.7173
32,256,2,2048,21.5147
32,256,2,4096,21.9947
32,256,2,8192,26.2187
32,256,2,16384,31.9363
32,256,4,16,18.8263
32,256,4,32,18.912
32,256,4,64,18.8587
32,256,4,128,18.4963
32,256,4,256,18.9757
32,256,4,512,21.1843
32,256,4,1024,21.2807
32,256,4,2048,21.0357
32,256,4,4096,23.1897
32,256,4,8192,28.7473
32,256,4,16384,42.6563
32,256,8,16,18.603
32,256,8,32,18.8163
32,256,8,64,18.6677
32,256,8,128,18.5493
32,256,8,256,18.528
32,256,8,512,21.6643
32,256,8,1024,21.3023
32,256,8,2048,22.88
32,256,8,4096,27.2003
32,256,8,8192,39.4353
32,256,8,16384,62.347
32,256,16,16,19.0507
32,256,16,32,18.7627
32,256,16,64,18.709
32,256,16,128,18.7623
32,256,16,256,18.5063
32,256,16,512,22.6343
32,256,16,1024,24.373
32,256,16,2048,27.35
32,256,16,4096,38.144
32,256,16,8192,58.4113
32,256,16,16384,96.5987
32,256,32,16,18.5923
32,256,32,32,18.592
32,256,32,64,18.5503
32,256,32,128,18.7097
32,256,32,256,18.9653
32,256,32,512,23.1787
32,256,32,1024,27.3813
32,256,32,2048,39.3397
32,256,32,4096,58.3573
32,256,32,8192,113.377
32,256,32,16384,197.699
32,256,64,16,18.742
32,256,64,32,18.6773
32,256,64,64,18.625
32,256,64,128,18.3793
32,256,64,256,19.3927
32,256,64,512,35.3923
32,256,64,1024,48.406
32,256,64,2048,72.0437
32,256,64,4096,114.796
32,256,64,8192,199.448
32,256,64,16384,369.701
32,256,128,16,21.0247
32,256,128,32,21.152
32,256,128,64,21.5257
32,256,128,128,26.027
32,256,128,256,33.6213
32,256,128,512,51.2433
32,256,128,1024,76.225
32,256,128,2048,119.297
32,256,128,4096,203.736
32,256,128,8192,372.239
32,256,128,16384,710.579
32,512,0,0,22.0277
32,512,1,16,22.0267
32,512,1,32,21.7713
32,512,1,64,21.984
32,512,1,128,22.4423
32,512,1,256,22.3793
32,512,1,512,22.3147
32,512,1,1024,21.2697
32,512,1,2048,21.664
32,512,1,4096,22.3783
32,512,1,8192,24.2777
32,512,1,16384,29.643
32,512,2,16,21.696
32,512,2,32,21.493
32,512,2,64,21.536
32,512,2,128,22.6457
32,512,2,256,22.3047
32,512,2,512,21.9627
32,512,2,1024,21.7603
32,512,2,2048,21.5687
32,512,2,4096,22.272
32,512,2,8192,25.8993
32,512,2,16384,33.035
32,512,4,16,21.5893
32,512,4,32,21.1307
32,512,4,64,21.5143
32,512,4,128,22.272
32,512,4,256,22.3893
32,512,4,512,22.24
32,512,4,1024,21.0347
32,512,4,2048,21.163
32,512,4,4096,22.9557
32,512,4,8192,28.864
32,512,4,16384,42.0053
32,512,8,16,21.3653
32,512,8,32,21.3653
32,512,8,64,21.771
32,512,8,128,22.187
32,512,8,256,22.9443
32,512,8,512,22.6987
32,512,8,1024,21.184
32,512,8,2048,23.488
32,512,8,4096,27.3177
32,512,8,8192,38.752
32,512,8,16384,62.4117
32,512,16,16,21.9843
32,512,16,32,21.942
32,512,16,64,22.1233
32,512,16,128,22.5177
32,512,16,256,23.0083
32,512,16,512,23.3287
32,512,16,1024,23.307
32,512,16,2048,29.3553
32,512,16,4096,37.7503
32,512,16,8192,59.4883
32,512,16,16384,95.8197
32,512,32,16,21.1843
32,512,32,32,20.8853
32,512,32,64,21.056
32,512,32,128,21.931
32,512,32,256,24.4163
32,512,32,512,23.062
32,512,32,1024,28.3847
32,512,32,2048,39.3073
32,512,32,4096,58.6987
32,512,32,8192,112.898
32,512,32,16384,198.626
32,512,64,16,22.1227
32,512,64,32,22.1657
32,512,64,64,22.0917
32,512,64,128,22.1223
32,512,64,256,30.1233
32,512,64,512,36.171
32,512,64,1024,48.9497
32,512,64,2048,72.1713
32,512,64,4096,113.985
32,512,64,8192,198.946
32,512,64,16384,369.934
32,512,128,16,26.315
32,512,128,32,27.2423
32,512,128,64,27.5417
32,512,128,128,32.0427
32,512,128,256,37.9733
32,512,128,512,52.0653
32,512,128,1024,77.0567
32,512,128,2048,119.543
32,512,128,4096,203.864
32,512,128,8192,370.895
32,512,128,16384,707.123
32,1024,0,0,23.1257
32,1024,1,16,22.891
32,1024,1,32,23.1683
32,1024,1,64,22.9547
32,1024,1,128,23.4457
32,1024,1,256,24.0107
32,1024,1,512,24.0537
32,1024,1,1024,24.1283
32,1024,1,2048,21.984
32,1024,1,4096,22.0377
32,1024,1,8192,24.0957
32,1024,1,16384,29.152
32,1024,2,16,22.3037
32,1024,2,32,23.04
32,1024,2,64,22.7097
32,1024,2,128,24
32,1024,2,256,23.8407
32,1024,2,512,23.6913
32,1024,2,1024,23.606
32,1024,2,2048,21.7387
32,1024,2,4096,21.8887
32,1024,2,8192,25.1523
32,1024,2,16384,33.0887
32,1024,4,16,22.4747
32,1024,4,32,22.6453
32,1024,4,64,22.7637
32,1024,4,128,23.4133
32,1024,4,256,23.638
32,1024,4,512,22.9447
32,1024,4,1024,22.987
32,1024,4,2048,21.4403
32,1024,4,4096,22.5387
32,1024,4,8192,28.8213
32,1024,4,16384,42.3043
32,1024,8,16,22.837
32,1024,8,32,22.7307
32,1024,8,64,22.8167
32,1024,8,128,23.7447
32,1024,8,256,23.7233
32,1024,8,512,23.499
32,1024,8,1024,23.4453
32,1024,8,2048,23.189
32,1024,8,4096,27.211
32,1024,8,8192,39.681
32,1024,8,16384,63.3187
32,1024,16,16,23.073
32,1024,16,32,22.5173
32,1024,16,64,22.9123
32,1024,16,128,23.6377
32,1024,16,256,23.745
32,1024,16,512,23.8937
32,1024,16,1024,23.9157
32,1024,16,2048,28.3303
32,1024,16,4096,37.6433
32,1024,16,8192,58.582
32,1024,16,16384,96.3423
32,1024,32,16,22.208
32,1024,32,32,22.0377
32,1024,32,64,22.4857
32,1024,32,128,23.403
32,1024,32,256,22.304
32,1024,32,512,22.8797
32,1024,32,1024,29.493
32,1024,32,2048,39.8083
32,1024,32,4096,58.7743
32,1024,32,8192,111.852
32,1024,32,16384,199.021
32,1024,64,16,22.5077
32,1024,64,32,22.763
32,1024,64,64,22.7847
32,1024,64,128,22.5393
32,1024,64,256,30.124
32,1024,64,512,35.8723
32,1024,64,1024,48.716
32,1024,64,2048,73.0673
32,1024,64,4096,114.583
32,1024,64,8192,200.461
32,1024,64,16384,371.493
32,1024,128,16,26.9227
32,1024,128,32,27.1257
32,1024,128,64,28.1497
32,1024,128,128,31.1147
32,1024,128,256,38.1873
32,1024,128,512,52.801
32,1024,128,1024,77.5057
32,1024,128,2048,120.215
32,1024,128,4096,203.352
32,1024,128,8192,372.624
32,1024,128,16384,709.502
32,2048,0,0,22.7627
32,2048,1,16,23.8833
32,2048,1,32,24.064
32,2048,1,64,24.1387
32,2048,1,128,24.5017
32,2048,1,256,24.6613
32,2048,1,512,24.769
32,2048,1,1024,24.32
32,2048,1,2048,24.716
32,2048,1,4096,21.8983
32,2048,1,8192,24.0967
32,2048,1,16384,29.9737
32,2048,2,16,23.9897
32,2048,2,32,23.6693
32,2048,2,64,24.0107
32,2048,2,128,24.6303
32,2048,2,256,23.9893
32,2048,2,512,24.4703
32,2048,2,1024,24.416
32,2048,2,2048,24.1493
32,2048,2,4096,22.027
32,2048,2,8192,26.5817
32,2048,2,16384,34.1333
32,2048,4,16,23.0947
32,2048,4,32,23.062
32,2048,4,64,23.296
32,2048,4,128,23.2003
32,2048,4,256,23.446
32,2048,4,512,23.2537
32,2048,4,1024,23.4357
32,2048,4,2048,23.648
32,2048,4,4096,24.416
32,2048,4,8192,28.843
32,2048,4,16384,42.636
32,2048,8,16,22.6777
32,2048,8,32,23.488
32,2048,8,64,23.2963
32,2048,8,128,23.7653
32,2048,8,256,23.6053
32,2048,8,512,23.712
32,2048,8,1024,24.043
32,2048,8,2048,24.363
32,2048,8,4096,28.203
32,2048,8,8192,39.8503
32,2048,8,16384,62.9337
32,2048,16,16,22.5923
32,2048,16,32,23.6587
32,2048,16,64,23.0937
32,2048,16,128,23.67
32,2048,16,256,23.9257
32,2048,16,512,24.1713
32,2048,16,1024,24.139
32,2048,16,2048,28.6933
32,2048,16,4096,38.38
32,2048,16,8192,60.1713
32,2048,16,16384,96.033
32,2048,32,16,22.614
32,2048,32,32,22.5597
32,2048,32,64,22.3253
32,2048,32,128,23.35
32,2048,32,256,23.3813
32,2048,32,512,24.2033
32,2048,32,1024,27.947
32,2048,32,2048,39.414
32,2048,32,4096,59.8833
32,2048,32,8192,112.673
32,2048,32,16384,198.552
32,2048,64,16,23.574
32,2048,64,32,23.4137
32,2048,64,64,23.6803
32,2048,64,128,23.7663
32,2048,64,256,24.7793
32,2048,64,512,34.2837
32,2048,64,1024,48.5237
32,2048,64,2048,73.761
32,2048,64,4096,115.009
32,2048,64,8192,198.786
32,2048,64,16384,371.556
32,2048,128,16,27.8187
32,2048,128,32,27.3393
32,2048,128,64,27.8723
32,2048,128,128,31.8193
32,2048,128,256,38.5393
32,2048,128,512,52.9287
32,2048,128,1024,78.348
32,2048,128,2048,119.991
32,2048,128,4096,202.969
32,2048,128,8192,372.036
32,2048,128,16384,710.548
32,4096,0,0,24.8223
32,4096,1,16,24.79
32,4096,1,32,24.5867
32,4096,1,64,24.8003
32,4096,1,128,24.7683
32,4096,1,256,24.821
32,4096,1,512,24.736
32,4096,1,1024,24.3423
32,4096,1,2048,24.4063
32,4096,1,4096,24.768
32,4096,1,8192,24.107
32,4096,1,16384,30.2723
32,4096,2,16,24.214
32,4096,2,32,24.556
32,4096,2,64,24.3103
32,4096,2,128,24.3627
32,4096,2,256,24.4377
32,4096,2,512,23.8517
32,4096,2,1024,24.2777
32,4096,2,2048,24.3097
32,4096,2,4096,24.672
32,4096,2,8192,26.752
32,4096,2,16384,34.7747
32,4096,4,16,23.9253
32,4096,4,32,23.6597
32,4096,4,64,23.8507
32,4096,4,128,23.6913
32,4096,4,256,23.702
32,4096,4,512,23.8093
32,4096,4,1024,23.8937
32,4096,4,2048,24.3207
32,4096,4,4096,24.448
32,4096,4,8192,29.8027
32,4096,4,16384,43.3073
32,4096,8,16,24.0217
32,4096,8,32,24.0743
32,4096,8,64,24.1613
32,4096,8,128,23.4347
32,4096,8,256,24.1387
32,4096,8,512,24.1927
32,4096,8,1024,24.6297
32,4096,8,2048,24.8327
32,4096,8,4096,29.152
32,4096,8,8192,41.1737
32,4096,8,16384,62.273
32,4096,16,16,24.0117
32,4096,16,32,24.0007
32,4096,16,64,24.1707
32,4096,16,128,24.1283
32,4096,16,256,24.2243
32,4096,16,512,24.3733
32,4096,16,1024,24.843
32,4096,16,2048,29.0453
32,4096,16,4096,39.3193
32,4096,16,8192,60.7367
32,4096,16,16384,97.644
32,4096,32,16,23.6477
32,4096,32,32,23.7973
32,4096,32,64,23.99
32,4096,32,128,24.182
32,4096,32,256,23.7977
32,4096,32,512,24.7577
32,4096,32,1024,30.507
32,4096,32,2048,39.83
32,4096,32,4096,59.1367
32,4096,32,8192,112.961
32,4096,32,16384,197.71
32,4096,64,16,24.3097
32,4096,64,32,24.5883
32,4096,64,64,24.5983
32,4096,64,128,24.4587
32,4096,64,256,25.9417
32,4096,64,512,34.5173
32,4096,64,1024,49.6963
32,4096,64,2048,74.455
32,4096,64,4096,115.66
32,4096,64,8192,199.544
32,4096,64,16384,369.519
32,4096,128,16,28.203
32,4096,128,32,28.1817
32,4096,128,64,29.313
32,4096,128,128,32.128
32,4096,128,256,38.582
32,4096,128,512,53.1313
32,4096,128,1024,78.529
32,4096,128,2048,121.004
32,4096,128,4096,203.566
32,4096,128,8192,371.439
32,4096,128,16384,710.462
32,8192,0,0,27.5207
32,8192,1,16,26.4107
32,8192,1,32,26.5813
32,8192,1,64,26.1017
32,8192,1,128,26.6357
32,8192,1,256,26.784
32,8192,1,512,26.6563
32,8192,1,1024,26.72
32,8192,1,2048,26.6883
32,8192,1,4096,27.1793
32,8192,1,8192,27.6587
32,8192,1,16384,31.7547
32,8192,2,16,26.7423
32,8192,2,32,26.4747
32,8192,2,64,26.0593
32,8192,2,128,26.2933
32,8192,2,256,26.4323
32,8192,2,512,26.5923
32,8192,2,1024,26.784
32,8192,2,2048,26.5067
32,8192,2,4096,26.656
32,8192,2,8192,27.7237
32,8192,2,16384,36.107
32,8192,4,16,26.24
32,8192,4,32,26.1867
32,8192,4,64,25.92
32,8192,4,128,26.4213
32,8192,4,256,26.0487
32,8192,4,512,26.3153
32,8192,4,1024,26.6563
32,8192,4,2048,26.1973
32,8192,4,4096,26.9123
32,8192,4,8192,32.4163
32,8192,4,16384,45.067
32,8192,8,16,26.4107
32,8192,8,32,26.4643
32,8192,8,64,26.272
32,8192,8,128,26.4103
32,8192,8,256,27.115
32,8192,8,512,26.4643
32,8192,8,1024,26.4323
32,8192,8,2048,27.2003
32,8192,8,4096,32.6933
32,8192,8,8192,42.4537
32,8192,8,16384,63.1687
32,8192,16,16,26.4103
32,8192,16,32,26.3573
32,8192,16,64,26.3893
32,8192,16,128,26.357
32,8192,16,256,26.272
32,8192,16,512,26.2617
32,8192,16,1024,27.9257
32,8192,16,2048,33.0887
32,8192,16,4096,42.902
32,8192,16,8192,60.4273
32,8192,16,16384,120.183
32,8192,32,16,26.0697
32,8192,32,32,26.3787
32,8192,32,64,26.39
32,8192,32,128,26.0483
32,8192,32,256,26.71
32,8192,32,512,28.8857
32,8192,32,1024,33.7923
32,8192,32,2048,43.3283
32,8192,32,4096,61.8673
32,8192,32,8192,113.196
32,8192,32,16384,198.615
32,8192,64,16,26.2293
32,8192,64,32,26.3357
32,8192,64,64,26.3683
32,8192,64,128,26.2293
32,8192,64,256,28.395
32,8192,64,512,36.736
32,8192,64,1024,51.6167
32,8192,64,2048,75.5313
32,8192,64,4096,117.644
32,8192,64,8192,199.831
32,8192,64,16384,371.823
32,8192,128,16,29.8673
32,8192,128,32,30.112
32,8192,128,64,30.5813
32,8192,128,128,32.4483
32,8192,128,256,38.891
32,8192,128,512,53.0997
32,8192,128,1024,80.2677
32,8192,128,2048,120.61
32,8192,128,4096,204.973
32,8192,128,8192,371.962
32,8192,128,16384,709.523
32,16384,0,0,30.4437
32,16384,1,16,29.664
32,16384,1,32,29.5683
32,16384,1,64,29.6527
32,16384,1,128,29.5787
32,16384,1,256,30.2293
32,16384,1,512,30.027
32,16384,1,1024,30.0377
32,16384,1,2048,30.582
32,16384,1,4096,30.7307
32,16384,1,8192,31.638
32,16384,1,16384,34.688
32,16384,2,16,29.3877
32,16384,2,32,29.611
32,16384,2,64,29.6437
32,16384,2,128,29.472
32,16384,2,256,29.7607
32,16384,2,512,30.2933
32,16384,2,1024,30.187
32,16384,2,2048,30.4643
32,16384,2,4096,31.2
32,16384,2,8192,34.571
32,16384,2,16384,38.6027
32,16384,4,16,28.7053
32,16384,4,32,28.736
32,16384,4,64,28.715
32,16384,4,128,28.8433
32,16384,4,256,29.441
32,16384,4,512,29.8567
32,16384,4,1024,29.5153
32,16384,4,2048,30.582
32,16384,4,4096,33.5253
32,16384,4,8192,38.0167
32,16384,4,16384,47.7337
32,16384,8,16,29.451
32,16384,8,32,29.5467
32,16384,8,64,29.302
32,16384,8,128,29.2157
32,16384,8,256,29.984
32,16384,8,512,29.6113
32,16384,8,1024,31.0933
32,16384,8,2048,33.7173
32,16384,8,4096,37.3123
32,16384,8,8192,47.8833
32,16384,8,16384,65.5693
32,16384,16,16,29.44
32,16384,16,32,29.111
32,16384,16,64,29.5157
32,16384,16,128,29.5573
32,16384,16,256,31.595
32,16384,16,512,31.8397
32,16384,16,1024,34.9337
32,16384,16,2048,38.347
32,16384,16,4096,49.195
32,16384,16,8192,69.6437
32,16384,16,16384,99.788
32,16384,32,16,29.035
32,16384,32,32,29.28
32,16384,32,64,29.0987
32,16384,32,128,29.419
32,16384,32,256,29.0133
32,16384,32,512,34.006
32,16384,32,1024,39.4567
32,16384,32,2048,57.9417
32,16384,32,4096,68.8437
32,16384,32,8192,100.971
32,16384,32,16384,199.224
32,16384,64,16,32.278
32,16384,64,32,32.9173
32,16384,64,64,32.4277
32,16384,64,128,30.6133
32,16384,64,256,32.0117
32,16384,64,512,38.241
32,16384,64,1024,55.67
32,16384,64,2048,79.414
32,16384,64,4096,120.673
32,16384,64,8192,203.021
32,16384,64,16384,372.367
32,16384,128,16,30.2727
32,16384,128,32,30.3473
32,16384,128,64,31.9153
32,16384,128,128,35.5203
32,16384,128,256,42.2517
32,16384,128,512,55.222
32,16384,128,1024,80.5137
32,16384,128,2048,122.561
32,16384,128,4096,204.29
32,16384,128,8192,372.207
32,16384,128,16384,710.654
64,0,0,0,15.3923
64,0,1,16,15.3283
64,0,1,32,15.4667
64,0,1,64,15.5947
64,0,1,128,16.8753
64,0,1,256,18.773
64,0,1,512,20.811
64,0,1,1024,21.1417
64,0,1,2048,21.3337
64,0,1,4096,21.7713
64,0,1,8192,24.416
64,0,1,16384,26.059
64,0,2,16,15.467
64,0,2,32,15.467
64,0,2,64,15.531
64,0,2,128,16.9387
64,0,2,256,18.699
64,0,2,512,20.6723
64,0,2,1024,21.2913
64,0,2,2048,21.643
64,0,2,4096,21.8783
64,0,2,8192,24.395
64,0,2,16384,28.5977
64,0,4,16,15.4243
64,0,4,32,15.307
64,0,4,64,15.4023
64,0,4,128,16.7583
64,0,4,256,18.368
64,0,4,512,20.331
64,0,4,1024,21.1733
64,0,4,2048,21.6003
64,0,4,4096,22.8053
64,0,4,8192,28.5767
64,0,4,16384,38.432
64,0,8,16,15.5947
64,0,8,32,15.2533
64,0,8,64,15.4353
64,0,8,128,17.0137
64,0,8,256,18.7203
64,0,8,512,20.4163
64,0,8,1024,21.4087
64,0,8,2048,22.326
64,0,8,4096,26.8917
64,0,8,8192,39.1577
64,0,8,16384,58.6673
64,0,16,16,15.3717
64,0,16,32,15.6263
64,0,16,64,15.7453
64,0,16,128,17.4293
64,0,16,256,19.243
64,0,16,512,21.3653
64,0,16,1024,22.4963
64,0,16,2048,27.499
64,0,16,4096,37.8137
64,0,16,8192,58.486
64,0,16,16384,93.1957
64,0,32,16,15.744
64,0,32,32,15.8933
64,0,32,64,16.0423
64,0,32,128,17.611
64,0,32,256,19.2743
64,0,32,512,23.0297
64,0,32,1024,27.7873
64,0,32,2048,39.4143
64,0,32,4096,59.3713
64,0,32,8192,113.228
64,0,32,16384,195.032
64,0,64,16,15.7867
64,0,64,32,15.7757
64,0,64,64,16.0963
64,0,64,128,18.026
64,0,64,256,19.4347
64,0,64,512,33.7713
64,0,64,1024,47.371
64,0,64,2048,73.0357
64,0,64,4096,115.628
64,0,64,8192,199.907
64,0,64,16384,368.25
64,0,128,16,21.0023
64,0,128,32,21.0033
64,0,128,64,21.9203
64,0,128,128,25.7177
64,0,128,256,32.385
64,0,128,512,50.23
64,0,128,1024,77.3557
64,0,128,2048,119.799
64,0,128,4096,203.779
64,0,128,8192,371.376
64,0,128,16384,707.806
64,16,0,0,15.339
64,16,1,16,15.5307
64,16,1,32,15.5207
64,16,1,64,15.7123
64,16,1,128,17.1523
64,16,1,256,18.784
64,16,1,512,20.758
64,16,1,1024,21.7813
64,16,1,2048,21.526
64,16,1,4096,22.24
64,16,1,8192,24.3947
64,16,1,16384,25.899
64,16,2,16,15.531
64,16,2,32,15.6057
64,16,2,64,15.5313
64,16,2,128,16.9277
64,16,2,256,18.742
64,16,2,512,20.7787
64,16,2,1024,21.4613
64,16,2,2048,21.6427
64,16,2,4096,21.931
64,16,2,8192,24.2883
64,16,2,16384,28.8003
64,16,4,16,15.531
64,16,4,32,15.3917
64,16,4,64,15.3817
64,16,4,128,16.8857
64,16,4,256,18.6567
64,16,4,512,20.4803
64,16,4,1024,21.2693
64,16,4,2048,21.579
64,16,4,4096,22.7947
64,16,4,8192,28.3623
64,16,4,16384,38.2937
64,16,8,16,15.7443
64,16,8,32,15.4887
64,16,8,64,15.6163
64,16,8,128,16.992
64,16,8,256,18.5173
64,16,8,512,20.6613
64,16,8,1024,21.3763
64,16,8,2048,22.2933
64,16,8,4096,26.9333
64,16,8,8192,38.7837
64,16,8,16384,58.9443
64,16,16,16,15.4027
64,16,16,32,15.7557
64,16,16,64,15.52
64,16,16,128,17.643
64,16,16,256,18.8697
64,16,16,512,21.376
64,16,16,1024,22.7307
64,16,16,2048,27.7337
64,16,16,4096,38.0273
64,16,16,8192,58.7207
64,16,16,16384,93.697
64,16,32,16,15.7123
64,16,32,32,15.7983
64,16,32,64,15.7967
64,16,32,128,17.846
64,16,32,256,19.1473
64,16,32,512,23.061
64,16,32,1024,27.8187
64,16,32,2048,38.9443
64,16,32,4096,58.507
64,16,32,8192,113.772
64,16,32,16384,195.426
64,16,64,16,15.8723
64,16,64,32,15.7973
64,16,64,64,16.3627
64,16,64,128,17.8453
64,16,64,256,19.1683
64,16,64,512,33.5683
64,16,64,1024,48.854
64,16,64,2048,73.0143
64,16,64,4096,115.052
64,16,64,8192,199.085
64,16,64,16384,367.62
64,16,128,16,21.216
64,16,128,32,21.376
64,16,128,64,21.825
64,16,128,128,26.1447
64,16,128,256,33.0133
64,16,128,512,50.7097
64,16,128,1024,77.3443
64,16,128,2048,119.201
64,16,128,4096,204.024
64,16,128,8192,371.695
64,16,128,16384,707.837
64,32,0,0,15.4137
64,32,1,16,15.4237
64,32,1,32,15.648
64,32,1,64,15.51
64,32,1,128,17.152
64,32,1,256,18.635
64,32,1,512,20.993
64,32,1,1024,21.4187
64,32,1,2048,21.409
64,32,1,4096,22.24
64,32,1,8192,24.4693
64,32,1,16384,26.197
64,32,2,16,15.605
64,32,2,32,15.3923
64,32,2,64,15.552
64,32,2,128,17.195
64,32,2,256,18.8483
64,32,2,512,20.5333
64,32,2,1024,21.312
64,32,2,2048,21.7297
64,32,2,4096,22.0807
64,32,2,8192,24.1387
64,32,2,16384,28.6937
64,32,4,16,15.2957
64,32,4,32,15.6913
64,32,4,64,15.5947
64,32,4,128,16.918
64,32,4,256,18.8483
64,32,4,512,20.139
64,32,4,1024,21.2267
64,32,4,2048,21.6643
64,32,4,4096,22.998
64,32,4,8192,28.2987
64,32,4,16384,38.9023
64,32,8,16,15.403
64,32,8,32,15.3813
64,32,8,64,15.179
64,32,8,128,16.8313
64,32,8,256,18.688
64,32,8,512,20.576
64,32,8,1024,21.3443
64,32,8,2048,22.3997
64,32,8,4096,26.7097
64,32,8,8192,38.3787
64,32,8,16384,58.369
64,32,16,16,15.9367
64,32,16,32,15.4137
64,32,16,64,15.5733
64,32,16,128,17.526
64,32,16,256,18.934
64,32,16,512,21.2583
64,32,16,1024,22.795
64,32,16,2048,27.681
64,32,16,4096,37.6643
64,32,16,8192,58.988
64,32,16,16384,94.0923
64,32,32,16,15.8723
64,32,32,32,15.69
64,32,32,64,15.8507
64,32,32,128,17.931
64,32,32,256,19.136
64,32,32,512,22.9553
64,32,32,1024,27.595
64,32,32,2048,39.083
64,32,32,4096,59.1043
64,32,32,8192,114.007
64,32,32,16384,195.309
64,32,64,16,15.6797
64,32,64,32,15.8723
64,32,64,64,16.1603
64,32,64,128,17.9097
64,32,64,256,19.456
64,32,64,512,34.2727
64,32,64,1024,47.648
64,32,64,2048,72.9183
64,32,64,4096,114.678
64,32,64,8192,199.181
64,32,64,16384,367.258
64,32,128,16,21.1947
64,32,128,32,21.259
64,32,128,64,21.686
64,32,128,128,26.187
64,32,128,256,32.9183
64,32,128,512,49.9207
64,32,128,1024,78.433
64,32,128,2048,118.647
64,32,128,4096,202.936
64,32,128,8192,371.802
64,32,128,16384,711.219
64,64,0,0,15.2963
64,64,1,16,15.6483
64,64,1,32,15.3707
64,64,1,64,15.531
64,64,1,128,16.9173
64,64,1,256,18.8053
64,64,1,512,20.769
64,64,1,1024,21.4507
64,64,1,2048,21.472
64,64,1,4096,22.358
64,64,1,8192,24.4167
64,64,1,16384,25.771
64,64,2,16,15.3497
64,64,2,32,15.6057
64,64,2,64,15.691
64,64,2,128,17.163
64,64,2,256,18.859
64,64,2,512,20.5443
64,64,2,1024,21.3443
64,64,2,2048,21.803
64,64,2,4096,22.0277
64,64,2,8192,24.4373
64,64,2,16384,28.7897
64,64,4,16,15.4347
64,64,4,32,15.7227
64,64,4,64,15.595
64,64,4,128,17.1203
64,64,4,256,18.3573
64,64,4,512,20.491
64,64,4,1024,21.1847
64,64,4,2048,21.7497
64,64,4,4096,22.8807
64,64,4,8192,28.8757
64,64,4,16384,39.2643
64,64,8,16,15.392
64,64,8,32,15.2107
64,64,8,64,15.3607
64,64,8,128,16.747
64,64,8,256,18.4423
64,64,8,512,20.6297
64,64,8,1024,21.515
64,64,8,2048,22.2517
64,64,8,4096,26.7737
64,64,8,8192,38.2293
64,64,8,16384,59.542
64,64,16,16,15.2747
64,64,16,32,15.7657
64,64,16,64,15.478
64,64,16,128,17.8027
64,64,16,256,18.8907
64,64,16,512,21.1737
64,64,16,1024,22.646
64,64,16,2048,27.7763
64,64,16,4096,37.493
64,64,16,8192,58.817
64,64,16,16384,93.878
64,64,32,16,16.0213
64,64,32,32,15.7553
64,64,32,64,15.9467
64,64,32,128,17.8557
64,64,32,256,19.222
64,64,32,512,22.6777
64,64,32,1024,27.6587
64,64,32,2048,39.2647
64,64,32,4096,59.275
64,64,32,8192,113.74
64,64,32,16384,195.577
64,64,64,16,15.6267
64,64,64,32,15.9147
64,64,64,64,15.8503
64,64,64,128,17.824
64,64,64,256,19.3917
64,64,64,512,33.696
64,64,64,1024,47.5633
64,64,64,2048,74.1447
64,64,64,4096,115.607
64,64,64,8192,199.074
64,64,64,16384,365.924
64,64,128,16,20.9497
64,64,128,32,21.3333
64,64,128,64,21.504
64,64,128,128,26.1557
64,64,128,256,33.515
64,64,128,512,50.646
64,64,128,1024,78.166
64,64,128,2048,119.265
64,64,128,4096,204.024
64,64,128,8192,371.706
64,64,128,16384,709.747
64,128,0,0,17.12
64,128,1,16,17.4193
64,128,1,32,17.099
64,128,1,64,17.4727
64,128,1,128,17.1627
64,128,1,256,18.6343
64,128,1,512,23.0723
64,128,1,1024,21.8027
64,128,1,2048,21.878
64,128,1,4096,22.8063
64,128,1,8192,24.3843
64,128,1,16384,26.229
64,128,2,16,17.291
64,128,2,32,17.1627
64,128,2,64,17.1947
64,128,2,128,17.387
64,128,2,256,18.5283
64,128,2,512,22.9333
64,128,2,1024,21.7073
64,128,2,2048,21.8773
64,128,2,4096,22.4537
64,128,2,8192,24.3733
64,128,2,16384,29.056
64,128,4,16,17.0457
64,128,4,32,17.4183
64,128,4,64,17.398
64,128,4,128,17.6003
64,128,4,256,18.3783
64,128,4,512,22.315
64,128,4,1024,21.3013
64,128,4,2048,21.7073
64,128,4,4096,22.6777
64,128,4,8192,30.0053
64,128,4,16384,38.7417
64,128,8,16,17.3017
64,128,8,32,17.1947
64,128,8,64,17.1533
64,128,8,128,17.2587
64,128,8,256,18.4327
64,128,8,512,22.4323
64,128,8,1024,21.291
64,128,8,2048,22.4423
64,128,8,4096,27.083
64,128,8,8192,39.232
64,128,8,16384,58.9013
64,128,16,16,17.472
64,128,16,32,17.27
64,128,16,64,16.8323
64,128,16,128,17.5683
64,128,16,256,18.8163
64,128,16,512,23.659
64,128,16,1024,22.688
64,128,16,2048,27.5523
64,128,16,4096,38.219
64,128,16,8192,58.977
64,128,16,16384,93.0573
64,128,32,16,17.1843
64,128,32,32,17.334
64,128,32,64,17.7063
64,128,32,128,17.867
64,128,32,256,19.148
64,128,32,512,23.168
64,128,32,1024,28.032
64,128,32,2048,39.4887
64,128,32,4096,58.8483
64,128,32,8192,114.305
64,128,32,16384,196.686
64,128,64,16,17.2907
64,128,64,32,17.365
64,128,64,64,17.5143
64,128,64,128,18.0053
64,128,64,256,19.755
64,128,64,512,34.7423
64,128,64,1024,48.5977
64,128,64,2048,73.633
64,128,64,4096,115.02
64,128,64,8192,199.224
64,128,64,16384,366.052
64,128,128,16,21.1203
64,128,128,32,21.2907
64,128,128,64,21.9093
64,128,128,128,26.4537
64,128,128,256,33.1097
64,128,128,512,51.6277
64,128,128,1024,77.9103
64,128,128,2048,119.617
64,128,128,4096,202.979
64,128,128,8192,371.385
64,128,128,16384,707.699
64,256,0,0,19.0397
64,256,1,16,18.901
64,256,1,32,18.9547
64,256,1,64,18.977
64,256,1,128,18.9443
64,256,1,256,18.826
64,256,1,512,22.5173
64,256,1,1024,21.5573
64,256,1,2048,21.632
64,256,1,4096,22.56
64,256,1,8192,24.2777
64,256,1,16384,26.0913
64,256,2,16,18.7627
64,256,2,32,18.8587
64,256,2,64,18.8477
64,256,2,128,18.827
64,256,2,256,19.0507
64,256,2,512,22.8163
64,256,2,1024,21.962
64,256,2,2048,21.504
64,256,2,4096,22.3577
64,256,2,8192,24.5867
64,256,2,16384,29.1737
64,256,4,16,19.04
64,256,4,32,18.923
64,256,4,64,18.8583
64,256,4,128,19.0513
64,256,4,256,18.763
64,256,4,512,22.9763
64,256,4,1024,21.5257
64,256,4,2048,21.4937
64,256,4,4096,23.307
64,256,4,8192,29.152
64,256,4,16384,38.5177
64,256,8,16,18.6243
64,256,8,32,18.774
64,256,8,64,18.9333
64,256,8,128,18.7737
64,256,8,256,18.6557
64,256,8,512,23.4567
64,256,8,1024,21.504
64,256,8,2048,23.2853
64,256,8,4096,27.2223
64,256,8,8192,39.0087
64,256,8,16384,59.2223
64,256,16,16,19.0943
64,256,16,32,19.1573
64,256,16,64,18.944
64,256,16,128,18.9117
64,256,16,256,18.8693
64,256,16,512,24.2347
64,256,16,1024,24.1393
64,256,16,2048,27.6797
64,256,16,4096,37.7497
64,256,16,8192,59.7123
64,256,16,16384,93.366
64,256,32,16,19.2643
64,256,32,32,18.9443
64,256,32,64,19.0933
64,256,32,128,18.8593
64,256,32,256,19.425
64,256,32,512,23.8187
64,256,32,1024,27.7767
64,256,32,2048,39.6807
64,256,32,4096,59.51
64,256,32,8192,113.175
64,256,32,16384,195.437
64,256,64,16,18.8063
64,256,64,32,18.9657
64,256,64,64,19.2427
64,256,64,128,18.8487
64,256,64,256,19.4453
64,256,64,512,35.542
64,256,64,1024,48.4703
64,256,64,2048,72.438
64,256,64,4096,114.168
64,256,64,8192,199.725
64,256,64,16384,367.962
64,256,128,16,20.9597
64,256,128,32,21.5573
64,256,128,64,22.1227
64,256,128,128,26.6457
64,256,128,256,33.195
64,256,128,512,52.001
64,256,128,1024,75.2863
64,256,128,2048,119.65
64,256,128,4096,201.549
64,256,128,8192,372.911
64,256,128,16384,705.405
64,512,0,0,21.9413
64,512,1,16,21.632
64,512,1,32,21.8667
64,512,1,64,21.8563
64,512,1,128,22.4427
64,512,1,256,22.656
64,512,1,512,22.837
64,512,1,1024,21.419
64,512,1,2048,22.0693
64,512,1,4096,21.888
64,512,1,8192,24.3633
64,512,1,16384,25.9207
64,512,2,16,22.0587
64,512,2,32,21.6227
64,512,2,64,21.877
64,512,2,128,22.763
64,512,2,256,22.7517
64,512,2,512,23.2
64,512,2,1024,21.334
64,512,2,2048,21.5893
64,512,2,4096,22.176
64,512,2,8192,25.0343
64,512,2,16384,29.281
64,512,4,16,22.3787
64,512,4,32,22.176
64,512,4,64,22.1547
64,512,4,128,22.6777
64,512,4,256,22.9763
64,512,4,512,23.2213
64,512,4,1024,21.0987
64,512,4,2048,21.8457
64,512,4,4096,23.626
64,512,4,8192,29.8883
64,512,4,16384,38.4963
64,512,8,16,22.1123
64,512,8,32,22.2293
64,512,8,64,22.0163
64,512,8,128,23.5627
64,512,8,256,23.371
64,512,8,512,23.3503
64,512,8,1024,21.216
64,512,8,2048,23.1577
64,512,8,4096,27.2533
64,512,8,8192,39.1487
64,512,8,16384,59.6057
64,512,16,16,23.2007
64,512,16,32,22.4853
64,512,16,64,23.0187
64,512,16,128,23.0727
64,512,16,256,24.118
64,512,16,512,24.8437
64,512,16,1024,24
64,512,16,2048,28.331
64,512,16,4096,37.547
64,512,16,8192,59.649
64,512,16,16384,93.7183
64,512,32,16,21.9733
64,512,32,32,22.1337
64,512,32,64,22.3573
64,512,32,128,23.5203
64,512,32,256,23.2547
64,512,32,512,23.7233
64,512,32,1024,29.3013
64,512,32,2048,40.2143
64,512,32,4096,58.9127
64,512,32,8192,113.399
64,512,32,16384,195.843
64,512,64,16,21.2697
64,512,64,32,21.6217
64,512,64,64,21.6547
64,512,64,128,21.7387
64,512,64,256,29.9523
64,512,64,512,35.617
64,512,64,1024,48.854
64,512,64,2048,72.5337
64,512,64,4096,114.646
64,512,64,8192,198.776
64,512,64,16384,367.182
64,512,128,16,26.6243
64,512,128,32,27.9573
64,512,128,64,27.0513
64,512,128,128,32.1293
64,512,128,256,37.2803
64,512,128,512,51.3603
64,512,128,1024,77.1107
64,512,128,2048,120.342
64,512,128,4096,203.214
64,512,128,8192,372.154
64,512,128,16384,708.062
64,1024,0,0,23.6593
64,1024,1,16,23.1467
64,1024,1,32,23.2227
64,1024,1,64,23.339
64,1024,1,128,23.9897
64,1024,1,256,24.299
64,1024,1,512,23.7657
64,1024,1,1024,23.84
64,1024,1,2048,21.92
64,1024,1,4096,22.262
64,1024,1,8192,24.256
64,1024,1,16384,26.1227
64,1024,2,16,23.201
64,1024,2,32,23.1043
64,1024,2,64,23.1787
64,1024,2,128,23.723
64,1024,2,256,23.7227
64,1024,2,512,23.4883
64,1024,2,1024,23.5207
64,1024,2,2048,21.8453
64,1024,2,4096,22.3473
64,1024,2,8192,26.0057
64,1024,2,16384,31.6807
64,1024,4,16,23.5103
64,1024,4,32,23.456
64,1024,4,64,23.5737
64,1024,4,128,23.3817
64,1024,4,256,23.67
64,1024,4,512,23.6797
64,1024,4,1024,23.6163
64,1024,4,2048,21.44
64,1024,4,4096,24.598
64,1024,4,8192,31.0293
64,1024,4,16384,39.435
64,1024,8,16,23.062
64,1024,8,32,22.806
64,1024,8,64,22.6883
64,1024,8,128,24.0537
64,1024,8,256,23.5523
64,1024,8,512,23.712
64,1024,8,1024,23.4143
64,1024,8,2048,24.619
64,1024,8,4096,29.1103
64,1024,8,8192,39.6163
64,1024,8,16384,58.773
64,1024,16,16,23.2323
64,1024,16,32,23.2853
64,1024,16,64,23.307
64,1024,16,128,23.712
64,1024,16,256,24.032
64,1024,16,512,24.3627
64,1024,16,1024,23.5413
64,1024,16,2048,28.5553
64,1024,16,4096,37.9967
64,1024,16,8192,58.9873
64,1024,16,16384,93.804
64,1024,32,16,23.0293
64,1024,32,32,22.9763
64,1024,32,64,22.8587
64,1024,32,128,24.0533
64,1024,32,256,24.438
64,1024,32,512,24.1387
64,1024,32,1024,30.0267
64,1024,32,2048,39.9257
64,1024,32,4096,59.9577
64,1024,32,8192,113.195
64,1024,32,16384,196.195
64,1024,64,16,22.7307
64,1024,64,32,22.8587
64,1024,64,64,23.36
64,1024,64,128,22.7533
64,1024,64,256,24.4693
64,1024,64,512,35.4563
64,1024,64,1024,48.2993
64,1024,64,2048,72.9613
64,1024,64,4096,114.838
64,1024,64,8192,199.544
64,1024,64,16384,367.854
64,1024,128,16,25.8353
64,1024,128,32,26.549
64,1024,128,64,27.6807
64,1024,128,128,30.976
64,1024,128,256,37.9737
64,1024,128,512,52.246
64,1024,128,1024,77.3877
64,1024,128,2048,120.097
64,1024,128,4096,203.533
64,1024,128,8192,373.381
64,1024,128,16384,707.955
64,2048,0,0,23.9573
64,2048,1,16,24.0327
64,2048,1,32,24.1077
64,2048,1,64,24.0537
64,2048,1,128,24.4377
64,2048,1,256,24.374
64,2048,1,512,24.5763
64,2048,1,1024,24.2347
64,2048,1,2048,24.4267
64,2048,1,4096,22.165
64,2048,1,8192,24.203
64,2048,1,16384,25.952
64,2048,2,16,23.8193
64,2048,2,32,23.915
64,2048,2,64,23.7333
64,2048,2,128,24.1177
64,2048,2,256,24.4273
64,2048,2,512,23.936
64,2048,2,1024,24.0433
64,2048,2,2048,24.1707
64,2048,2,4096,22.4
64,2048,2,8192,27.019
64,2048,2,16384,30.5293
64,2048,4,16,23.552
64,2048,4,32,23.595
64,2048,4,64,23.7013
64,2048,4,128,23.584
64,2048,4,256,23.8307
64,2048,4,512,23.7973
64,2048,4,1024,24.342
64,2048,4,2048,24.4587
64,2048,4,4096,24.8853
64,2048,4,8192,30.187
64,2048,4,16384,39.5733
64,2048,8,16,23.4033
64,2048,8,32,23.509
64,2048,8,64,23.2423
64,2048,8,128,23.6917
64,2048,8,256,23.6803
64,2048,8,512,23.894
64,2048,8,1024,24.1923
64,2048,8,2048,25.0137
64,2048,8,4096,27.2217
64,2048,8,8192,39.4563
64,2048,8,16384,58.5817
64,2048,16,16,23.895
64,2048,16,32,24.0107
64,2048,16,64,23.8717
64,2048,16,128,24.427
64,2048,16,256,24.6613
64,2048,16,512,24.6193
64,2048,16,1024,25.2267
64,2048,16,2048,28.1813
64,2048,16,4096,38.4647
64,2048,16,8192,59.8193
64,2048,16,16384,93.313
64,2048,32,16,23.766
64,2048,32,32,23.648
64,2048,32,64,23.7227
64,2048,32,128,24.4377
64,2048,32,256,24.789
64,2048,32,512,25.9097
64,2048,32,1024,31.2637
64,2048,32,2048,40.235
64,2048,32,4096,59.9907
64,2048,32,8192,112.887
64,2048,32,16384,195.16
64,2048,64,16,23.328
64,2048,64,32,23.6693
64,2048,64,64,23.787
64,2048,64,128,23.6693
64,2048,64,256,25.0143
64,2048,64,512,34.3043
64,2048,64,1024,48.0963
64,2048,64,2048,72.6093
64,2048,64,4096,114.881
64,2048,64,8192,199.095
64,2048,64,16384,366.468
64,2048,128,16,27.3287
64,2048,128,32,27.4453
64,2048,128,64,27.7657
64,2048,128,128,31.7457
64,2048,128,256,38.3683
64,2048,128,512,51.9047
64,2048,128,1024,78.4437
64,2048,128,2048,120.385
64,2048,128,4096,204.087
64,2048,128,8192,372.816
64,2048,128,16384,710.003
64,4096,0,0,25.898
64,4096,1,16,25.462
64,4096,1,32,25.7597
64,4096,1,64,25.2693
64,4096,1,128,25.3977
64,4096,1,256,25.9413
64,4096,1,512,25.6643
64,4096,1,1024,25.398
64,4096,1,2048,25.7603
64,4096,1,4096,25.216
64,4096,1,8192,27.1897
64,4096,1,16384,26.016
64,4096,2,16,25.4617
64,4096,2,32,25.0243
64,4096,2,64,25.3973
64,4096,2,128,25.0353
64,4096,2,256,25.504
64,4096,2,512,24.9723
64,4096,2,1024,25.1523
64,4096,2,2048,25.0777
64,4096,2,4096,24.9067
64,4096,2,8192,28.4587
64,4096,2,16384,32.1717
64,4096,4,16,24.8213
64,4096,4,32,25.0347
64,4096,4,64,25.0563
64,4096,4,128,25.0987
64,4096,4,256,24.5443
64,4096,4,512,25.3867
64,4096,4,1024,24.885
64,4096,4,2048,24.7893
64,4096,4,4096,26.5493
64,4096,4,8192,30.5923
64,4096,4,16384,39.542
64,4096,8,16,25.2913
64,4096,8,32,25.1097
64,4096,8,64,25.0667
64,4096,8,128,24.8213
64,4096,8,256,25.1313
64,4096,8,512,24.7043
64,4096,8,1024,24.576
64,4096,8,2048,26.1227
64,4096,8,4096,28.9603
64,4096,8,8192,41.2907
64,4096,8,16384,58.9873
64,4096,16,16,25.1627
64,4096,16,32,25.142
64,4096,16,64,25.4833
64,4096,16,128,25.5573
64,4096,16,256,25.0137
64,4096,16,512,25.1207
64,4096,16,1024,26.486
64,4096,16,2048,30.5493
64,4096,16,4096,39.936
64,4096,16,8192,60.513
64,4096,16,16384,118.7
64,4096,32,16,25.3333
64,4096,32,32,25.0457
64,4096,32,64,25.43
64,4096,32,128,25.3553
64,4096,32,256,25.8347
64,4096,32,512,26.8483
64,4096,32,1024,31.7763
64,4096,32,2048,41.3133
64,4096,32,4096,59.979
64,4096,32,8192,112.524
64,4096,32,16384,194.882
64,4096,64,16,25.184
64,4096,64,32,25.4193
64,4096,64,64,25.6113
64,4096,64,128,25.5143
64,4096,64,256,26.208
64,4096,64,512,33.9737
64,4096,64,1024,47.989
64,4096,64,2048,73.1633
64,4096,64,4096,114.924
64,4096,64,8192,197.059
64,4096,64,16384,368.004
64,4096,128,16,28.406
64,4096,128,32,28.4277
64,4096,128,64,29.152
64,4096,128,128,31.9157
64,4096,128,256,37.8563
64,4096,128,512,51.4887
64,4096,128,1024,77.4837
64,4096,128,2048,119.18
64,4096,128,4096,202.627
64,4096,128,8192,370.372
64,4096,128,16384,712.317
64,8192,0,0,27.19
64,8192,1,16,27.4457
64,8192,1,32,26.9653
64,8192,1,64,27.4567
64,8192,1,128,26.7307
64,8192,1,256,27.3503
64,8192,1,512,27.2853
64,8192,1,1024,27.0083
64,8192,1,2048,26.816
64,8192,1,4096,29.0677
64,8192,1,8192,30.5813
64,8192,1,16384,29.9517
64,8192,2,16,27.3707
64,8192,2,32,27.04
64,8192,2,64,27.1793
64,8192,2,128,26.987
64,8192,2,256,27.2217
64,8192,2,512,26.7623
64,8192,2,1024,26.827
64,8192,2,2048,27.5203
64,8192,2,4096,30.88
64,8192,2,8192,27.9683
64,8192,2,16384,32.822
64,8192,4,16,26.3893
64,8192,4,32,26.7417
64,8192,4,64,26.8903
64,8192,4,128,26.7623
64,8192,4,256,26.614
64,8192,4,512,26.5923
64,8192,4,1024,28.1497
64,8192,4,2048,30.5283
64,8192,4,4096,28.299
64,8192,4,8192,32.8117
64,8192,4,16384,41.3027
64,8192,8,16,26.9447
64,8192,8,32,26.7423
64,8192,8,64,26.8697
64,8192,8,128,26.7313
64,8192,8,256,26.7733
64,8192,8,512,28.1173
64,8192,8,1024,30.9013
64,8192,8,2048,29.749
64,8192,8,4096,32.4583
64,8192,8,8192,41.8567
64,8192,8,16384,60.15
64,8192,16,16,27.1043
64,8192,16,32,27.02
64,8192,16,64,27.1253
64,8192,16,128,26.9757
64,8192,16,256,28.032
64,8192,16,512,27.9793
64,8192,16,1024,29.1097
64,8192,16,2048,32.4487
64,8192,16,4096,42.1013
64,8192,16,8192,60.9293
64,8192,16,16384,95.489
64,8192,32,16,26.8383
64,8192,32,32,26.656
64,8192,32,64,27.0293
64,8192,32,128,28.64
64,8192,32,256,26.8913
64,8192,32,512,30.4113
64,8192,32,1024,34.774
64,8192,32,2048,51.4357
64,8192,32,4096,63.0093
64,8192,32,8192,95.8197
64,8192,32,16384,194.851
64,8192,64,16,29.1317
64,8192,64,32,29.377
64,8192,64,64,29.579
64,8192,64,128,27.456
64,8192,64,256,29.5147
64,8192,64,512,33.6753
64,8192,64,1024,49.4503
64,8192,64,2048,74.817
64,8192,64,4096,115.714
64,8192,64,8192,196.152
64,8192,64,16384,364.985
64,8192,128,16,27.893
64,8192,128,32,27.9043
64,8192,128,64,28.6513
64,8192,128,128,32.5227
64,8192,128,256,39.7123
64,8192,128,512,52.31
64,8192,128,1024,78.7847
64,8192,128,2048,120.438
64,8192,128,4096,201.592
64,8192,128,8192,369.081
64,8192,128,16384,708.243
64,16384,0,0,32.3203
64,16384,1,16,31.6803
64,16384,1,32,31.808
64,16384,1,64,31.7353
64,16384,1,128,31.8403
64,16384,1,256,31.7447
64,16384,1,512,31.6587
64,16384,1,1024,31.9047
64,16384,1,2048,32.0003
64,16384,1,4096,32.7893
64,16384,1,8192,30.337
64,16384,1,16384,32.8973
64,16384,2,16,31.6487
64,16384,2,32,32.0213
64,16384,2,64,31.9697
64,16384,2,128,31.659
64,16384,2,256,32.2033
64,16384,2,512,31.766
64,16384,2,1024,32.139
64,16384,2,2048,33.643
64,16384,2,4096,30.7093
64,16384,2,8192,31.6913
64,16384,2,16384,35.8083
64,16384,4,16,31.84
64,16384,4,32,31.7013
64,16384,4,64,31.7343
64,16384,4,128,31.7123
64,16384,4,256,31.6803
64,16384,4,512,31.8723
64,16384,4,1024,33.984
64,16384,4,2048,30.5183
64,16384,4,4096,31.3493
64,16384,4,8192,35.4777
64,16384,4,16384,44.887
64,16384,8,16,31.115
64,16384,8,32,31.3707
64,16384,8,64,31.234
64,16384,8,128,31.1043
64,16384,8,256,31.862
64,16384,8,512,33.0557
64,16384,8,1024,29.878
64,16384,8,2048,32.0213
64,16384,8,4096,34.742
64,16384,8,8192,45.1313
64,16384,8,16384,62.9023
64,16384,16,16,31.1797
64,16384,16,32,31.1787
64,16384,16,64,31.4993
64,16384,16,128,31.1153
64,16384,16,256,34.8273
64,16384,16,512,30.176
64,16384,16,1024,31.862
64,16384,16,2048,36.374
64,16384,16,4096,46.07
64,16384,16,8192,63.681
64,16384,16,16384,97.932
64,16384,32,16,29.5363
64,16384,32,32,29.4087
64,16384,32,64,30.027
64,16384,32,128,30.3477
64,16384,32,256,29.835
64,16384,32,512,32.1707
64,16384,32,1024,38.2937
64,16384,32,2048,54.646
64,16384,32,4096,82.1233
64,16384,32,8192,99.4247
64,16384,32,16384,165.975
64,16384,64,16,29.6427
64,16384,64,32,29.9217
64,16384,64,64,29.9407
64,16384,64,128,32.6093
64,16384,64,256,37.0027
64,16384,64,512,37.878
64,16384,64,1024,47.7233
64,16384,64,2048,74.9447
64,16384,64,4096,116.054
64,16384,64,8192,197.955
64,16384,64,16384,362.575
64,16384,128,16,35.7653
64,16384,128,32,36.182
64,16384,128,64,37.2597
64,16384,128,128,40.5877
64,16384,128,256,41.5687
64,16384,128,512,54.2943
64,16384,128,1024,78.3583
64,16384,128,2048,120.61
64,16384,128,4096,200.973
64,16384,128,8192,368.473
64,16384,128,16384,703.336
128,0,0,0,15.424
128,0,1,16,15.6477
128,0,1,32,15.5417
128,0,1,64,15.4773
128,0,1,128,16.885
128,0,1,256,18.4967
128,0,1,512,21.5787
128,0,1,1024,21.953
128,0,1,2048,22.0903
128,0,1,4096,22.7097
128,0,1,8192,24.299
128,0,1,16384,29.7073
128,0,2,16,15.5307
128,0,2,32,15.5633
128,0,2,64,15.3923
128,0,2,128,16.7047
128,0,2,256,18.5497
128,0,2,512,21.313
128,0,2,1024,21.9097
128,0,2,2048,22.0483
128,0,2,4096,22.5813
128,0,2,8192,24.5127
128,0,2,16384,29.686
128,0,4,16,15.307
128,0,4,32,15.5307
128,0,4,64,15.7013
128,0,4,128,16.8643
128,0,4,256,18.709
128,0,4,512,20.4483
128,0,4,1024,21.6753
128,0,4,2048,21.792
128,0,4,4096,23.1147
128,0,4,8192,27.8187
128,0,4,16384,37.558
128,0,8,16,15.7763
128,0,8,32,15.232
128,0,8,64,15.4993
128,0,8,128,16.96
128,0,8,256,18.71
128,0,8,512,20.896
128,0,8,1024,21.845
128,0,8,2048,22.5173
128,0,8,4096,27.4137
128,0,8,8192,37.3873
128,0,8,16384,57.8567
128,0,16,16,15.8203
128,0,16,32,15.7763
128,0,16,64,15.9257
128,0,16,128,17.7717
128,0,16,256,19.051
128,0,16,512,21.707
128,0,16,1024,23.232
128,0,16,2048,27.84
128,0,16,4096,38.72
128,0,16,8192,58.2087
128,0,16,16384,92.7263
128,0,32,16,15.883
128,0,32,32,15.8507
128,0,32,64,16.0533
128,0,32,128,17.8453
128,0,32,256,19.8723
128,0,32,512,22.827
128,0,32,1024,27.8613
128,0,32,2048,39.2113
128,0,32,4096,59.7767
128,0,32,8192,112.31
128,0,32,16384,193.655
128,0,64,16,15.6377
128,0,64,32,15.8083
128,0,64,64,16.0533
128,0,64,128,17.856
128,0,64,256,19.596
128,0,64,512,33.1847
128,0,64,1024,48.374
128,0,64,2048,73.1633
128,0,64,4096,114.668
128,0,64,8192,198.434
128,0,64,16384,366.095
128,0,128,16,20.779
128,0,128,32,21.195
128,0,128,64,21.6857
128,0,128,128,25.9637
128,0,128,256,32.7047
128,0,128,512,49.963
128,0,128,1024,77.953
128,0,128,2048,118.711
128,0,128,4096,202.05
128,0,128,8192,371.023
128,0,128,16384,708.788
128,16,0,0,18.0057
128,16,1,16,17.9313
128,16,1,32,18.155
128,16,1,64,17.888
128,16,1,128,18.038
128,16,1,256,18.806
128,16,1,512,22.592
128,16,1,1024,21.7817
128,16,1,2048,22.1977
128,16,1,4096,21.9733
128,16,1,8192,23.968
128,16,1,16384,29.718
128,16,2,16,17.8883
128,16,2,32,17.8883
128,16,2,64,17.942
128,16,2,128,18.0267
128,16,2,256,18.6567
128,16,2,512,22.4533
128,16,2,1024,21.5037
128,16,2,2048,21.9527
128,16,2,4096,21.9093
128,16,2,8192,24.278
128,16,2,16384,29.963
128,16,4,16,18.1443
128,16,4,32,18.1333
128,16,4,64,18.059
128,16,4,128,18.0473
128,16,4,256,18.3897
128,16,4,512,21.3977
128,16,4,1024,21.2163
128,16,4,2048,21.846
128,16,4,4096,23.5093
128,16,4,8192,27.8933
128,16,4,16384,37.9097
128,16,8,16,17.867
128,16,8,32,17.9527
128,16,8,64,18.1763
128,16,8,128,17.9733
128,16,8,256,18.6563
128,16,8,512,22.816
128,16,8,1024,21.7917
128,16,8,2048,23.4667
128,16,8,4096,27.4033
128,16,8,8192,37.024
128,16,8,16384,57.0033
128,16,16,16,18.0483
128,16,16,32,18.048
128,16,16,64,18.23
128,16,16,128,18.0267
128,16,16,256,18.753
128,16,16,512,23.2863
128,16,16,1024,23.6593
128,16,16,2048,27.937
128,16,16,4096,38.0377
128,16,16,8192,58.1233
128,16,16,16384,91.457
128,16,32,16,18.048
128,16,32,32,18.336
128,16,32,64,18.368
128,16,32,128,17.9523
128,16,32,256,19.2113
128,16,32,512,23.264
128,16,32,1024,27.9573
128,16,32,2048,39.5747
128,16,32,4096,59.2863
128,16,32,8192,112.322
128,16,32,16384,194.222
128,16,64,16,18.144
128,16,64,32,18.0057
128,16,64,64,18.1017
128,16,64,128,18.1437
128,16,64,256,19.3817
128,16,64,512,33.4617
128,16,64,1024,47.7663
128,16,64,2048,73.0677
128,16,64,4096,114.902
128,16,64,8192,198.253
128,16,64,16384,365.647
128,16,128,16,21.0347
128,16,128,32,20.9913
128,16,128,64,21.761
128,16,128,128,26.2823
128,16,128,256,32.6403
128,16,128,512,49.1523
128,16,128,1024,76.9927
128,16,128,2048,118.519
128,16,128,4096,204.141
128,16,128,8192,370.917
128,16,128,16384,705.929
128,32,0,0,17.195
128,32,1,16,17.2057
128,32,1,32,17.0347
128,32,1,64,17.3227
128,32,1,128,17.0663
128,32,1,256,18.4857
128,32,1,512,23.392
128,32,1,1024,22.1653
128,32,1,2048,22.0913
128,32,1,4096,21.9947
128,32,1,8192,23.6917
128,32,1,16384,29.7817
128,32,2,16,17.2273
128,32,2,32,17.024
128,32,2,64,17.195
128,32,2,128,17.109
128,32,2,256,18.3687
128,32,2,512,22.208
128,32,2,1024,21.8027
128,32,2,2048,21.824
128,32,2,4096,21.856
128,32,2,8192,24.384
128,32,2,16384,29.9733
128,32,4,16,17.2903
128,32,4,32,17.291
128,32,4,64,17.184
128,32,4,128,17.3017
128,32,4,256,18.592
128,32,4,512,22.1017
128,32,4,1024,21.1
128,32,4,2048,21.846
128,32,4,4096,22.6773
128,32,4,8192,27.8407
128,32,4,16384,38.1227
128,32,8,16,17.1843
128,32,8,32,17.4193
128,32,8,64,17.2267
128,32,8,128,17.301
128,32,8,256,18.539
128,32,8,512,22.5703
128,32,8,1024,21.8567
128,32,8,2048,22.688
128,32,8,4096,27.3177
128,32,8,8192,37.42
128,32,8,16384,57.291
128,32,16,16,17.0773
128,32,16,32,17.1417
128,32,16,64,17.3447
128,32,16,128,17.856
128,32,16,256,18.9127
128,32,16,512,23.1793
128,32,16,1024,23.168
128,32,16,2048,27.521
128,32,16,4096,38.3577
128,32,16,8192,58.2093
128,32,16,16384,92.7907
128,32,32,16,17.5153
128,32,32,32,17.3233
128,32,32,64,17.3447
128,32,32,128,17.8883
128,32,32,256,19.1893
128,32,32,512,22.901
128,32,32,1024,27.8297
128,32,32,2048,39.179
128,32,32,4096,59.4883
128,32,32,8192,112.503
128,32,32,16384,193.591
128,32,64,16,17.1947
128,32,64,32,17.238
128,32,64,64,17.1947
128,32,64,128,17.6213
128,32,64,256,19.5097
128,32,64,512,33.9737
128,32,64,1024,47.6803
128,32,64,2048,73.4407
128,32,64,4096,114.999
128,32,64,8192,197.911
128,32,64,16384,365.231
128,32,128,16,20.8217
128,32,128,32,21.344
128,32,128,64,21.5783
128,32,128,128,26.155
128,32,128,256,32.7473
128,32,128,512,48.5123
128,32,128,1024,76.897
128,32,128,2048,119.916
128,32,128,4096,204.109
128,32,128,8192,370.053
128,32,128,16384,708.862
128,64,0,0,17.451
128,64,1,16,17.4513
128,64,1,32,17.419
128,64,1,64,17.3657
128,64,1,128,17.195
128,64,1,256,18.6553
128,64,1,512,23.7973
128,64,1,1024,21.8027
128,64,1,2048,22.0483
128,64,1,4096,22.112
128,64,1,8192,23.765
128,64,1,16384,29.8027
128,64,2,16,17.3127
128,64,2,32,17.1737
128,64,2,64,17.2267
128,64,2,128,17.0027
128,64,2,256,18.4853
128,64,2,512,22.7093
128,64,2,1024,21.7817
128,64,2,2048,21.8987
128,64,2,4096,21.8673
128,64,2,8192,24.8853
128,64,2,16384,29.6853
128,64,4,16,17.408
128,64,4,32,17.2157
128,64,4,64,17.44
128,64,4,128,17.238
128,64,4,256,18.7207
128,64,4,512,22.0163
128,64,4,1024,21.2697
128,64,4,2048,21.8137
128,64,4,4096,22.646
128,64,4,8192,28.427
128,64,4,16384,37.8673
128,64,8,16,17.1847
128,64,8,32,17.1953
128,64,8,64,17.5153
128,64,8,128,17.6853
128,64,8,256,18.6133
128,64,8,512,22.8807
128,64,8,1024,21.7703
128,64,8,2048,22.9343
128,64,8,4096,27.4453
128,64,8,8192,37.3767
128,64,8,16384,58.3257
128,64,16,16,17.142
128,64,16,32,17.1637
128,64,16,64,17.1843
128,64,16,128,17.7067
128,64,16,256,19.104
128,64,16,512,23.1037
128,64,16,1024,23.0613
128,64,16,2048,27.488
128,64,16,4096,38.0593
128,64,16,8192,59.0727
128,64,16,16384,92.2363
128,64,32,16,17.2057
128,64,32,32,17.5683
128,64,32,64,17.302
128,64,32,128,17.8453
128,64,32,256,19.3817
128,64,32,512,22.8267
128,64,32,1024,28.022
128,64,32,2048,40.0217
128,64,32,4096,59.3927
128,64,32,8192,112.738
128,64,32,16384,194.349
128,64,64,16,17.2477
128,64,64,32,17.173
128,64,64,64,17.397
128,64,64,128,18.1013
128,64,64,256,19.585
128,64,64,512,34.1977
128,64,64,1024,48.0753
128,64,64,2048,73.761
128,64,64,4096,115.799
128,64,64,8192,197.912
128,64,64,16384,365.071
128,64,128,16,20.8853
128,64,128,32,21.0347
128,64,128,64,21.675
128,64,128,128,25.9317
128,64,128,256,32.7257
128,64,128,512,50.6567
128,64,128,1024,77.1313
128,64,128,2048,119.852
128,64,128,4096,202.978
128,64,128,8192,370.298
128,64,128,16384,707.934
128,128,0,0,17.2267
128,128,1,16,17.2267
128,128,1,32,17.0453
128,128,1,64,17.504
128,128,1,128,17.0453
128,128,1,256,18.3043
128,128,1,512,23.424
128,128,1,1024,21.9097
128,128,1,2048,21.9943
128,128,1,4096,22.3683
128,128,1,8192,24.2247
128,128,1,16384,29.8133
128,128,2,16,17.376
128,128,2,32,17.173
128,128,2,64,17.4617
128,128,2,128,16.96
128,128,2,256,18.6663
128,128,2,512,22.88
128,128,2,1024,21.6423
128,128,2,2048,22.016
128,128,2,4096,21.878
128,128,2,8192,24.512
128,128,2,16384,30.0267
128,128,4,16,17.312
128,128,4,32,17.3863
128,128,4,64,17.2373
128,128,4,128,17.291
128,128,4,256,18.678
128,128,4,512,22.1447
128,128,4,1024,21.2587
128,128,4,2048,21.9093
128,128,4,4096,22.6897
128,128,4,8192,27.9787
128,128,4,16384,38.71
128,128,8,16,17.1097
128,128,8,32,17.1417
128,128,8,64,17.2693
128,128,8,128,17.5897
128,128,8,256,18.8593
128,128,8,512,23.499
128,128,8,1024,21.8243
128,128,8,2048,22.7413
128,128,8,4096,27.606
128,128,8,8192,38.188
128,128,8,16384,58.838
128,128,16,16,16.9707
128,128,16,32,17.1413
128,128,16,64,17.344
128,128,16,128,17.5997
128,128,16,256,18.912
128,128,16,512,24.4593
128,128,16,1024,23.0933
128,128,16,2048,27.7133
128,128,16,4096,38.2727
128,128,16,8192,58.337
128,128,16,16384,94.7533
128,128,32,16,17.504
128,128,32,32,17.6537
128,128,32,64,17.142
128,128,32,128,17.8457
128,128,32,256,19.051
128,128,32,512,22.9657
128,128,32,1024,28.0217
128,128,32,2048,39.6593
128,128,32,4096,59.265
128,128,32,8192,112.492
128,128,32,16384,193.634
128,128,64,16,17.312
128,128,64,32,17.0777
128,128,64,64,17.312
128,128,64,128,17.5897
128,128,64,256,19.3927
128,128,64,512,34.7417
128,128,64,1024,48.363
128,128,64,2048,72.6303
128,128,64,4096,114.818
128,128,64,8192,197.389
128,128,64,16384,365.455
128,128,128,16,21.0347
128,128,128,32,21.1097
128,128,128,64,21.8127
128,128,128,128,26.6457
128,128,128,256,32.9387
128,128,128,512,50.102
128,128,128,1024,76.779
128,128,128,2048,119.02
128,128,128,4096,202.071
128,128,128,8192,371.61
128,128,128,16384,705.907
128,256,0,0,18.795
128,256,1,16,18.5707
128,256,1,32,18.9553
128,256,1,64,18.7317
128,256,1,128,18.5707
128,256,1,256,18.795
128,256,1,512,23.7657
128,256,1,1024,21.9093
128,256,1,2048,22.1977
128,256,1,4096,22.4647
128,256,1,8192,23.8407
128,256,1,16384,29.515
128,256,2,16,18.7847
128,256,2,32,18.9227
128,256,2,64,18.9757
128,256,2,128,18.6667
128,256,2,256,18.9017
128,256,2,512,23.4567
128,256,2,1024,21.6323
128,256,2,2048,22.0587
128,256,2,4096,22.6133
128,256,2,8192,24.5017
128,256,2,16384,29.9733
128,256,4,16,18.9437
128,256,4,32,19.0187
128,256,4,64,18.9657
128,256,4,128,18.773
128,256,4,256,19.0613
128,256,4,512,22.112
128,256,4,1024,21.1837
128,256,4,2048,21.8667
128,256,4,4096,23.4027
128,256,4,8192,28.1817
128,256,4,16384,38.08
128,256,8,16,18.913
128,256,8,32,18.9233
128,256,8,64,19.0513
128,256,8,128,18.6457
128,256,8,256,18.838
128,256,8,512,23.3817
128,256,8,1024,22.4957
128,256,8,2048,25.1627
128,256,8,4096,27.5097
128,256,8,8192,38.0173
128,256,8,16384,57.2917
128,256,16,16,18.752
128,256,16,32,18.7947
128,256,16,64,18.8273
128,256,16,128,18.7097
128,256,16,256,18.9443
128,256,16,512,23.9893
128,256,16,1024,23.681
128,256,16,2048,27.6377
128,256,16,4096,38.411
128,256,16,8192,59.062
128,256,16,16384,95.201
128,256,32,16,18.8487
128,256,32,32,18.6883
128,256,32,64,18.9653
128,256,32,128,18.816
128,256,32,256,19.488
128,256,32,512,24.8963
128,256,32,1024,30.2727
128,256,32,2048,39.35
128,256,32,4096,59.7767
128,256,32,8192,111.927
128,256,32,16384,195.981
128,256,64,16,18.8687
128,256,64,32,18.9543
128,256,64,64,19.0403
128,256,64,128,18.9977
128,256,64,256,19.4777
128,256,64,512,35.2327
128,256,64,1024,48.054
128,256,64,2048,72.2037
128,256,64,4096,114.839
128,256,64,8192,197.431
128,256,64,16384,365.541
128,256,128,16,21.3443
128,256,128,32,21.3223
128,256,128,64,21.7817
128,256,128,128,26.753
128,256,128,256,33.4407
128,256,128,512,50.081
128,256,128,1024,76.044
128,256,128,2048,119.735
128,256,128,4096,202.488
128,256,128,8192,371.418
128,256,128,16384,709.225
128,512,0,0,22.411
128,512,1,16,22.9983
128,512,1,32,23.083
128,512,1,64,23.029
128,512,1,128,23.7653
128,512,1,256,23.755
128,512,1,512,23.264
128,512,1,1024,22.624
128,512,1,2048,22.5603
128,512,1,4096,22.5817
128,512,1,8192,24.128
128,512,1,16384,29.0987
128,512,2,16,22.155
128,512,2,32,22.7843
128,512,2,64,21.899
128,512,2,128,23.0937
128,512,2,256,23.1783
128,512,2,512,23.3067
128,512,2,1024,21.813
128,512,2,2048,21.6757
128,512,2,4096,22.816
128,512,2,8192,24.619
128,512,2,16384,29.6857
128,512,4,16,21.942
128,512,4,32,21.728
128,512,4,64,22.3473
128,512,4,128,22.049
128,512,4,256,22.6343
128,512,4,512,22.3143
128,512,4,1024,21.6003
128,512,4,2048,22.2183
128,512,4,4096,24.2883
128,512,4,8192,28.609
128,512,4,16384,37.856
128,512,8,16,22.3903
128,512,8,32,21.9847
128,512,8,64,22.2187
128,512,8,128,22.6993
128,512,8,256,23.606
128,512,8,512,23.7547
128,512,8,1024,22.1873
128,512,8,2048,25.099
128,512,8,4096,28.1707
128,512,8,8192,38.24
128,512,8,16384,58.09
128,512,16,16,22.3573
128,512,16,32,22.027
128,512,16,64,22.517
128,512,16,128,23.1687
128,512,16,256,23.3923
128,512,16,512,27.552
128,512,16,1024,25.067
128,512,16,2048,28.5973
128,512,16,4096,38.752
128,512,16,8192,59.35
128,512,16,16384,97.5053
128,512,32,16,22.368
128,512,32,32,22.4647
128,512,32,64,22.3573
128,512,32,128,24.7473
128,512,32,256,24.0857
128,512,32,512,25.0137
128,512,32,1024,29.2803
128,512,32,2048,39.8933
128,512,32,4096,60.609
128,512,32,8192,112.065
128,512,32,16384,193.89
128,512,64,16,23.126
128,512,64,32,22.72
128,512,64,64,22.9547
128,512,64,128,23.4243
128,512,64,256,24.8433
128,512,64,512,35.264
128,512,64,1024,48.406
128,512,64,2048,72.129
128,512,64,4096,115.33
128,512,64,8192,197.901
128,512,64,16384,367.087
128,512,128,16,27.531
128,512,128,32,27.6267
128,512,128,64,27.6163
128,512,128,128,31.2647
128,512,128,256,38.6033
128,512,128,512,50.5607
128,512,128,1024,76.3423
128,512,128,2048,118.711
128,512,128,4096,203.266
128,512,128,8192,371.418
128,512,128,16384,707.647
128,1024,0,0,23.948
128,1024,1,16,24.0113
128,1024,1,32,24.267
128,1024,1,64,24.6613
128,1024,1,128,25.366
128,1024,1,256,25.142
128,1024,1,512,23.9897
128,1024,1,1024,24.6933
128,1024,1,2048,22.251
128,1024,1,4096,23.03
128,1024,1,8192,24.3413
128,1024,1,16384,29.2807
128,1024,2,16,23.9363
128,1024,2,32,23.8183
128,1024,2,64,23.8507
128,1024,2,128,24.704
128,1024,2,256,24.0213
128,1024,2,512,23.862
128,1024,2,1024,23.8937
128,1024,2,2048,22.3153
128,1024,2,4096,23.2847
128,1024,2,8192,24.608
128,1024,2,16384,29.8773
128,1024,4,16,23.264
128,1024,4,32,23.2007
128,1024,4,64,23.1047
128,1024,4,128,23.286
128,1024,4,256,23.7867
128,1024,4,512,24.0107
128,1024,4,1024,23.8187
128,1024,4,2048,24.672
128,1024,4,4096,24.832
128,1024,4,8192,28.8107
128,1024,4,16384,38.4533
128,1024,8,16,23.4987
128,1024,8,32,23.4453
128,1024,8,64,23.4787
128,1024,8,128,24.256
128,1024,8,256,24.096
128,1024,8,512,24.2457
128,1024,8,1024,24.9713
128,1024,8,2048,25.6537
128,1024,8,4096,30.3157
128,1024,8,8192,38.2413
128,1024,8,16384,57.4733
128,1024,16,16,23.5847
128,1024,16,32,23.5947
128,1024,16,64,23.456
128,1024,16,128,24.342
128,1024,16,256,24.4813
128,1024,16,512,24.9707
128,1024,16,1024,25.6007
128,1024,16,2048,29.3973
128,1024,16,4096,38.507
128,1024,16,8192,59.5843
128,1024,16,16384,104.993
128,1024,32,16,23.371
128,1024,32,32,23.317
128,1024,32,64,23.4453
128,1024,32,128,24.8847
128,1024,32,256,24.865
128,1024,32,512,29.6973
128,1024,32,1024,29.3347
128,1024,32,2048,40.0327
128,1024,32,4096,60.1707
128,1024,32,8192,113.271
128,1024,32,16384,193.058
128,1024,64,16,23.3387
128,1024,64,32,23.381
128,1024,64,64,23.552
128,1024,64,128,24.5657
128,1024,64,256,25.205
128,1024,64,512,35.0613
128,1024,64,1024,49.0563
128,1024,64,2048,73.249
128,1024,64,4096,113.153
128,1024,64,8192,197.901
128,1024,64,16384,365.317
128,1024,128,16,27.3387
128,1024,128,32,27.7127
128,1024,128,64,28.032
128,1024,128,128,30.2183
128,1024,128,256,37.1637
128,1024,128,512,52.118
128,1024,128,1024,77.5793
128,1024,128,2048,117.58
128,1024,128,4096,202.189
128,1024,128,8192,370.703
128,1024,128,16384,705.15
128,2048,0,0,24.9067
128,2048,1,16,25.152
128,2048,1,32,25.2377
128,2048,1,64,25.067
128,2048,1,128,25.601
128,2048,1,256,25.7177
128,2048,1,512,25.3547
128,2048,1,1024,25.4717
128,2048,1,2048,24.63
128,2048,1,4096,23.787
128,2048,1,8192,24.4697
128,2048,1,16384,29.2487
128,2048,2,16,24.757
128,2048,2,32,24.5867
128,2048,2,64,24.8863
128,2048,2,128,24.8427
128,2048,2,256,25.1523
128,2048,2,512,24.7787
128,2048,2,1024,25.312
128,2048,2,2048,25.2477
128,2048,2,4096,25.664
128,2048,2,8192,24.9497
128,2048,2,16384,29.921
128,2048,4,16,24.3413
128,2048,4,32,24.672
128,2048,4,64,24.4263
128,2048,4,128,24.3627
128,2048,4,256,24.1707
128,2048,4,512,24.555
128,2048,4,1024,25.056
128,2048,4,2048,24.9177
128,2048,4,4096,27.0827
128,2048,4,8192,28.1727
128,2048,4,16384,38.614
128,2048,8,16,24.7573
128,2048,8,32,24.8747
128,2048,8,64,25.0673
128,2048,8,128,25.3867
128,2048,8,256,25.056
128,2048,8,512,25.3553
128,2048,8,1024,25.6427
128,2048,8,2048,27.2533
128,2048,8,4096,30.443
128,2048,8,8192,38.3473
128,2048,8,16384,58.176
128,2048,16,16,24.7683
128,2048,16,32,24.7253
128,2048,16,64,25.1627
128,2048,16,128,24.8643
128,2048,16,256,25.248
128,2048,16,512,25.2587
128,2048,16,1024,26.816
128,2048,16,2048,30.219
128,2048,16,4096,39.0087
128,2048,16,8192,59.073
128,2048,16,16384,115.191
128,2048,32,16,24.5653
128,2048,32,32,24.2557
128,2048,32,64,24.7147
128,2048,32,128,24.8
128,2048,32,256,25.312
128,2048,32,512,26.5817
128,2048,32,1024,35.2647
128,2048,32,2048,41.0243
128,2048,32,4096,60.3527
128,2048,32,8192,111.308
128,2048,32,16384,191.939
128,2048,64,16,24.086
128,2048,64,32,24.3843
128,2048,64,64,24.5127
128,2048,64,128,26.912
128,2048,64,256,25.2913
128,2048,64,512,33.9947
128,2048,64,1024,48.779
128,2048,64,2048,73.3553
128,2048,64,4096,113.271
128,2048,64,8192,195.832
128,2048,64,16384,365.06
128,2048,128,16,27.6803
128,2048,128,32,27.7443
128,2048,128,64,28.1493
128,2048,128,128,30.87
128,2048,128,256,37.7393
128,2048,128,512,52.1177
128,2048,128,1024,78.3583
128,2048,128,2048,118.476
128,2048,128,4096,200.717
128,2048,128,8192,369.253
128,2048,128,16384,708.947
128,4096,0,0,27.072
128,4096,1,16,26.7097
128,4096,1,32,26.7093
128,4096,1,64,26.795
128,4096,1,128,26.635
128,4096,1,256,26.7847
128,4096,1,512,26.7627
128,4096,1,1024,26.7313
128,4096,1,2048,26.6133
128,4096,1,4096,27.8623
128,4096,1,8192,26.3043
128,4096,1,16384,29.2163
128,4096,2,16,26.0697
128,4096,2,32,26.2933
128,4096,2,64,26.3367
128,4096,2,128,26.614
128,4096,2,256,25.9737
128,4096,2,512,26.1873
128,4096,2,1024,26.3787
128,4096,2,2048,25.8563
128,4096,2,4096,29.1207
128,4096,2,8192,28.5017
128,4096,2,16384,30.1233
128,4096,4,16,25.9523
128,4096,4,32,25.9843
128,4096,4,64,25.7293
128,4096,4,128,25.6637
128,4096,4,256,26.1653
128,4096,4,512,25.963
128,4096,4,1024,26.4747
128,4096,4,2048,28.501
128,4096,4,4096,28.4063
128,4096,4,8192,30.3467
128,4096,4,16384,39.3813
128,4096,8,16,26.112
128,4096,8,32,26.336
128,4096,8,64,26.0163
128,4096,8,128,26.2083
128,4096,8,256,26.3787
128,4096,8,512,26.4537
128,4096,8,1024,29.408
128,4096,8,2048,28.4483
128,4096,8,4096,29.889
128,4096,8,8192,38.6037
128,4096,8,16384,58.8707
128,4096,16,16,26.5183
128,4096,16,32,26.7097
128,4096,16,64,26.624
128,4096,16,128,27.52
128,4096,16,256,27.488
128,4096,16,512,26.763
128,4096,16,1024,29.3553
128,4096,16,2048,34.358
128,4096,16,4096,40.108
128,4096,16,8192,60.1717
128,4096,16,16384,94.3793
128,4096,32,16,26.2827
128,4096,32,32,26.3253
128,4096,32,64,26.2083
128,4096,32,128,29.5577
128,4096,32,256,26.795
128,4096,32,512,28.1923
128,4096,32,1024,32.438
128,4096,32,2048,51.5417
128,4096,32,4096,60.8003
128,4096,32,8192,94.6673
128,4096,32,16384,191.885
128,4096,64,16,28.309
128,4096,64,32,28.48
128,4096,64,64,28.246
128,4096,64,128,25.9093
128,4096,64,256,28.3203
128,4096,64,512,32.086
128,4096,64,1024,48.182
128,4096,64,2048,73.0357
128,4096,64,4096,112.971
128,4096,64,8192,194.264
128,4096,64,16384,364.111
128,4096,128,16,27.179
128,4096,128,32,28.118
128,4096,128,64,27.414
128,4096,128,128,30.977
128,4096,128,256,37.4943
128,4096,128,512,52.9923
128,4096,128,1024,77.1537
128,4096,128,2048,118.125
128,4096,128,4096,198.829
128,4096,128,8192,367.397
128,4096,128,16384,708.659
128,8192,0,0,30.4007
128,8192,1,16,30.2837
128,8192,1,32,29.2587
128,8192,1,64,30.4213
128,8192,1,128,30.656
128,8192,1,256,30.5817
128,8192,1,512,30.806
128,8192,1,1024,30.7953
128,8192,1,2048,31.947
128,8192,1,4096,33.4297
128,8192,1,8192,30.1227
128,8192,1,16384,29.2807
128,8192,2,16,30.3897
128,8192,2,32,30.1543
128,8192,2,64,30.3147
128,8192,2,128,30.3577
128,8192,2,256,30.4217
128,8192,2,512,30.357
128,8192,2,1024,31.7547
128,8192,2,2048,32.7573
128,8192,2,4096,29.5583
128,8192,2,8192,32.224
128,8192,2,16384,30.5493
128,8192,4,16,29.9843
128,8192,4,32,30.0487
128,8192,4,64,29.9523
128,8192,4,128,29.899
128,8192,4,256,30.304
128,8192,4,512,31.0827
128,8192,4,1024,33.0347
128,8192,4,2048,28.928
128,8192,4,4096,31.083
128,8192,4,8192,31.9583
128,8192,4,16384,40.7897
128,8192,8,16,30.336
128,8192,8,32,30.368
128,8192,8,64,30.4853
128,8192,8,128,30.496
128,8192,8,256,31.4883
128,8192,8,512,32.3203
128,8192,8,1024,29.3667
128,8192,8,2048,31.8293
128,8192,8,4096,33.2377
128,8192,8,8192,41.1307
128,8192,8,16384,59.4773
128,8192,16,16,29.8347
128,8192,16,32,29.9517
128,8192,16,64,29.9843
128,8192,16,128,29.685
128,8192,16,256,32.928
128,8192,16,512,29.4193
128,8192,16,1024,31.936
128,8192,16,2048,32.8323
128,8192,16,4096,48.918
128,8192,16,8192,60.8527
128,8192,16,16384,95.7773
128,8192,32,16,27.531
128,8192,32,32,27.8933
128,8192,32,64,27.9577
128,8192,32,128,28.6083
128,8192,32,256,29.323
128,8192,32,512,31.2963
128,8192,32,1024,34.4967
128,8192,32,2048,50.2093
128,8192,32,4096,79.8833
128,8192,32,8192,95.3397
128,8192,32,16384,164.664
128,8192,64,16,28.523
128,8192,64,32,28.16
128,8192,64,64,28.6827
128,8192,64,128,30.571
128,8192,64,256,34.965
128,8192,64,512,35.553
128,8192,64,1024,44.6297
128,8192,64,2048,72.587
128,8192,64,4096,113.623
128,8192,64,8192,192.398
128,8192,64,16384,358.939
128,8192,128,16,34.454
128,8192,128,32,34.3043
128,8192,128,64,34.955
128,8192,128,128,38.5393
128,8192,128,256,37.888
128,8192,128,512,53.121
128,8192,128,1024,77.0677
128,8192,128,2048,118.125
128,8192,128,4096,199.555
128,8192,128,8192,363.962
128,8192,128,16384,699.049
128,16384,0,0,35.9573
128,16384,1,16,36.0643
128,16384,1,32,36.1273
128,16384,1,64,35.9793
128,16384,1,128,35.7873
128,16384,1,256,36.1827
128,16384,1,512,36.1173
128,16384,1,1024,36.043
128,16384,1,2048,35.6807
128,16384,1,4096,35.616
128,16384,1,8192,37.142
128,16384,1,16384,36.64
128,16384,2,16,35.659
128,16384,2,32,35.3607
128,16384,2,64,35.4033
128,16384,2,128,35.467
128,16384,2,256,35.584
128,16384,2,512,35.6267
128,16384,2,1024,35.809
128,16384,2,2048,35.7337
128,16384,2,4096,36.8
128,16384,2,8192,36.395
128,16384,2,16384,37.5787
128,16384,4,16,35.4357
128,16384,4,32,35.2107
128,16384,4,64,35.2323
128,16384,4,128,35.3497
128,16384,4,256,35.3283
128,16384,4,512,35.4137
128,16384,4,1024,35.659
128,16384,4,2048,36.086
128,16384,4,4096,35.7013
128,16384,4,8192,36.758
128,16384,4,16384,46.358
128,16384,8,16,35.6483
128,16384,8,32,35.4037
128,16384,8,64,35.7663
128,16384,8,128,35.702
128,16384,8,256,35.8937
128,16384,8,512,35.788
128,16384,8,1024,35.5417
128,16384,8,2048,35.36
128,16384,8,4096,37.9203
128,16384,8,8192,45.7283
128,16384,8,16384,63.0943
128,16384,16,16,35.0083
128,16384,16,32,35.0723
128,16384,16,64,34.9773
128,16384,16,128,35.0087
128,16384,16,256,34.7947
128,16384,16,512,35.0397
128,16384,16,1024,34.9553
128,16384,16,2048,38.998
128,16384,16,4096,46.134
128,16384,16,8192,83.4357
128,16384,16,16384,127.073
128,16384,32,16,35.2433
128,16384,32,32,35.4667
128,16384,32,64,35.4783
128,16384,32,128,34.8807
128,16384,32,256,34.7317
128,16384,32,512,35.499
128,16384,32,1024,40.171
128,16384,32,2048,51.0193
128,16384,32,4096,78.9023
128,16384,32,8192,129.484
128,16384,32,16384,167.394
128,16384,64,16,32.811
128,16384,64,32,32.8753
128,16384,64,64,33.056
128,16384,64,128,34.838
128,16384,64,256,34.7947
128,16384,64,512,43.9253
128,16384,64,1024,52.1607
128,16384,64,2048,70.9877
128,16384,64,4096,113.132
128,16384,64,8192,192.642
128,16384,64,16384,356.708
128,16384,128,16,40.2673
128,16384,128,32,40.5983
128,16384,128,64,40.9397
128,16384,128,128,38.6787
128,16384,128,256,47.5843
128,16384,128,512,55.2433
128,16384,128,1024,76.4383
128,16384,128,2048,118.231
128,16384,128,4096,199.672
128,16384,128,8192,363.034
128,16384,128,16384,690.493
256,0,0,0,16.9607
256,0,1,16,17.5047
256,0,1,32,17.3547
256,0,1,64,17.2697
256,0,1,128,17.4827
256,0,1,256,18.5923
256,0,1,512,22.934
256,0,1,1024,22.3577
256,0,1,2048,21.6867
256,0,1,4096,23.4993
256,0,1,8192,27.7983
256,0,1,16384,36.3313
256,0,2,16,16.9713
256,0,2,32,16.8747
256,0,2,64,17.216
256,0,2,128,16.8967
256,0,2,256,18.2197
256,0,2,512,22.272
256,0,2,1024,21.653
256,0,2,2048,21.9957
256,0,2,4096,24.2453
256,0,2,8192,27.392
256,0,2,16384,36.523
256,0,4,16,17.5687
256,0,4,32,17.376
256,0,4,64,17.4193
256,0,4,128,17.451
256,0,4,256,18.688
256,0,4,512,22.8053
256,0,4,1024,21.953
256,0,4,2048,22.0587
256,0,4,4096,24.064
256,0,4,8192,28.8647
256,0,4,16384,40.2557
256,0,8,16,17.1423
256,0,8,32,17.2803
256,0,8,64,17.12
256,0,8,128,17.078
256,0,8,256,18.4643
256,0,8,512,23.0827
256,0,8,1024,22.1657
256,0,8,2048,22.7737
256,0,8,4096,27.5413
256,0,8,8192,39.7237
256,0,8,16384,58.571
256,0,16,16,17.1307
256,0,16,32,17.1947
256,0,16,64,17.163
256,0,16,128,17.4933
256,0,16,256,18.8053
256,0,16,512,24.7573
256,0,16,1024,22.848
256,0,16,2048,27.904
256,0,16,4096,39.1263
256,0,16,8192,59.2333
256,0,16,16384,98.593
256,0,32,16,17.1733
256,0,32,32,17.3663
256,0,32,64,17.387
256,0,32,128,17.728
256,0,32,256,18.9763
256,0,32,512,22.827
256,0,32,1024,27.9577
256,0,32,2048,40.0643
256,0,32,4096,60.3313
256,0,32,8192,112.461
256,0,32,16384,194.083
256,0,64,16,17.44
256,0,64,32,17.1097
256,0,64,64,17.2483
256,0,64,128,17.6857
256,0,64,256,19.265
256,0,64,512,33.2383
256,0,64,1024,47.5203
256,0,64,2048,74.6037
256,0,64,4096,115.478
256,0,64,8192,198.476
256,0,64,16384,366.873
256,0,128,16,21.3227
256,0,128,32,21.28
256,0,128,64,21.995
256,0,128,128,25.7177
256,0,128,256,32.864
256,0,128,512,51.052
256,0,128,1024,76.289
256,0,128,2048,119.906
256,0,128,4096,203.746
256,0,128,8192,371.866
256,0,128,16384,706.036
256,16,0,0,19.3603
256,16,1,16,19.723
256,16,1,32,19.584
256,16,1,64,19.6593
256,16,1,128,19.5737
256,16,1,256,19.5303
256,16,1,512,22.721
256,16,1,1024,22.0597
256,16,1,2048,21.91
256,16,1,4096,23.9363
256,16,1,8192,27.8727
256,16,1,16384,36.267
256,16,2,16,19.5417
256,16,2,32,19.6473
256,16,2,64,19.51
256,16,2,128,19.5097
256,16,2,256,19.424
256,16,2,512,21.76
256,16,2,1024,22.0807
256,16,2,2048,22.177
256,16,2,4096,24.0103
256,16,2,8192,27.755
256,16,2,16384,36.3737
256,16,4,16,19.8087
256,16,4,32,19.926
256,16,4,64,20.0643
256,16,4,128,20.0437
256,16,4,256,19.9257
256,16,4,512,22.9227
256,16,4,1024,21.9947
256,16,4,2048,22.4963
256,16,4,4096,24.3627
256,16,4,8192,28.651
256,16,4,16384,40.31
256,16,8,16,19.4247
256,16,8,32,19.5833
256,16,8,64,19.4347
256,16,8,128,19.5957
256,16,8,256,19.499
256,16,8,512,23.5957
256,16,8,1024,22.187
256,16,8,2048,24.2463
256,16,8,4096,27.9573
256,16,8,8192,39.115
256,16,8,16384,58.273
256,16,16,16,19.6697
256,16,16,32,19.4677
256,16,16,64,19.4983
256,16,16,128,19.4773
256,16,16,256,19.2643
256,16,16,512,23.0507
256,16,16,1024,24.3737
256,16,16,2048,27.5733
256,16,16,4096,39.1253
256,16,16,8192,58.6577
256,16,16,16384,98.049
256,16,32,16,19.6483
256,16,32,32,19.6157
256,16,32,64,19.7653
256,16,32,128,19.669
256,16,32,256,19.648
256,16,32,512,24.459
256,16,32,1024,27.6167
256,16,32,2048,40.181
256,16,32,4096,60.5447
256,16,32,8192,112.193
256,16,32,16384,194.157
256,16,64,16,19.819
256,16,64,32,19.7873
256,16,64,64,19.7343
256,16,64,128,19.8297
256,16,64,256,19.4347
256,16,64,512,33.9203
256,16,64,1024,47.1043
256,16,64,2048,73.537
256,16,64,4096,114.87
256,16,64,8192,199.074
256,16,64,16384,367.076
256,16,128,16,21.249
256,16,128,32,21.9307
256,16,128,64,22.0483
256,16,128,128,25.91
256,16,128,256,33.238
256,16,128,512,49.7077
256,16,128,1024,76.2673
256,16,128,2048,119.713
256,16,128,4096,203.309
256,16,128,8192,372.719
256,16,128,16384,708.926
256,32,0,0,18.5813
256,32,1,16,18.6883
256,32,1,32,18.752
256,32,1,64,19.1257
256,32,1,128,19.0613
256,32,1,256,18.795
256,32,1,512,22.5813
256,32,1,1024,21.813
256,32,1,2048,22.134
256,32,1,4096,24.1813
256,32,1,8192,27.6693
256,32,1,16384,35.9363
256,32,2,16,18.636
256,32,2,32,18.838
256,32,2,64,18.8377
256,32,2,128,18.4207
256,32,2,256,18.4533
256,32,2,512,22.4427
256,32,2,1024,22.0053
256,32,2,2048,22.475
256,32,2,4096,23.8833
256,32,2,8192,27.7017
256,32,2,16384,36.7047
256,32,4,16,19.339
256,32,4,32,19.3487
256,32,4,64,18.9863
256,32,4,128,19.062
256,32,4,256,18.8587
256,32,4,512,22.6023
256,32,4,1024,22.0163
256,32,4,2048,22.592
256,32,4,4096,24.4267
256,32,4,8192,28.545
256,32,4,16384,40.5333
256,32,8,16,18.5607
256,32,8,32,18.6983
256,32,8,64,18.8487
256,32,8,128,18.635
256,32,8,256,18.795
256,32,8,512,23.8083
256,32,8,1024,22.347
256,32,8,2048,24.2557
256,32,8,4096,27.7333
256,32,8,8192,38.88
256,32,8,16384,58.369
256,32,16,16,18.635
256,32,16,32,18.6877
256,32,16,64,18.731
256,32,16,128,18.4747
256,32,16,256,18.8277
256,32,16,512,23.04
256,32,16,1024,23.8407
256,32,16,2048,27.787
256,32,16,4096,39.286
256,32,16,8192,59.1047
256,32,16,16384,98.5617
256,32,32,16,18.699
256,32,32,32,18.9023
256,32,32,64,18.891
256,32,32,128,18.8587
256,32,32,256,19.0627
256,32,32,512,24.32
256,32,32,1024,27.7127
256,32,32,2048,40.0217
256,32,32,4096,60.5023
256,32,32,8192,111.905
256,32,32,16384,195.032
256,32,64,16,18.7737
256,32,64,32,18.8487
256,32,64,64,18.7627
256,32,64,128,18.5387
256,32,64,256,19.1683
256,32,64,512,33.6437
256,32,64,1024,47.3173
256,32,64,2048,73.2693
256,32,64,4096,115.436
256,32,64,8192,199.448
256,32,64,16384,366.777
256,32,128,16,21.227
256,32,128,32,21.302
256,32,128,64,21.9203
256,32,128,128,26.1763
256,32,128,256,33.2587
256,32,128,512,49.9847
256,32,128,1024,77.4093
256,32,128,2048,120.332
256,32,128,4096,203.565
256,32,128,8192,371.397
256,32,128,16384,708.543
256,64,0,0,18.443
256,64,1,16,18.5503
256,64,1,32,18.7733
256,64,1,64,19.1253
256,64,1,128,18.9227
256,64,1,256,18.6457
256,64,1,512,23.3177
256,64,1,1024,21.9413
256,64,1,2048,22.4427
256,64,1,4096,24.0537
256,64,1,8192,27.6693
256,64,1,16384,36.182
256,64,2,16,18.902
256,64,2,32,18.5713
256,64,2,64,18.7203
256,64,2,128,18.8583
256,64,2,256,18.6457
256,64,2,512,22.6667
256,64,2,1024,22.0693
256,64,2,2048,22.0163
256,64,2,4096,23.8723
256,64,2,8192,27.8727
256,64,2,16384,36.3417
256,64,4,16,19.1253
256,64,4,32,19.0727
256,64,4,64,19.1467
256,64,4,128,19.2963
256,64,4,256,19.3707
256,64,4,512,23.0403
256,64,4,1024,22.0913
256,64,4,2048,22.5067
256,64,4,4096,24.5233
256,64,4,8192,28.917
256,64,4,16384,39.9363
256,64,8,16,18.5177
256,64,8,32,18.869
256,64,8,64,18.6893
256,64,8,128,18.5493
256,64,8,256,18.571
256,64,8,512,23.8827
256,64,8,1024,23.179
256,64,8,2048,24.3943
256,64,8,4096,27.819
256,64,8,8192,38.5287
256,64,8,16384,58.55
256,64,16,16,18.7423
256,64,16,32,18.7093
256,64,16,64,18.8053
256,64,16,128,18.763
256,64,16,256,18.709
256,64,16,512,23.307
256,64,16,1024,24.3623
256,64,16,2048,27.872
256,64,16,4096,38.7523
256,64,16,8192,59.5633
256,64,16,16384,99.308
256,64,32,16,18.8053
256,64,32,32,18.9233
256,64,32,64,18.7843
256,64,32,128,18.7947
256,64,32,256,18.9973
256,64,32,512,24.0643
256,64,32,1024,27.6693
256,64,32,2048,39.9367
256,64,32,4096,61.249
256,64,32,8192,112.087
256,64,32,16384,195.426
256,64,64,16,19.1257
256,64,64,32,19.019
256,64,64,64,19.2323
256,64,64,128,18.592
256,64,64,256,19.275
256,64,64,512,33.504
256,64,64,1024,47.478
256,64,64,2048,73.302
256,64,64,4096,116.001
256,64,64,8192,199.822
256,64,64,16384,366.725
256,64,128,16,21.195
256,64,128,32,21.6213
256,64,128,64,22.3463
256,64,128,128,26.5177
256,64,128,256,32.9393
256,64,128,512,50.3367
256,64,128,1024,76.865
256,64,128,2048,119.03
256,64,128,4096,202.744
256,64,128,8192,372.932
256,64,128,16384,708.851
256,128,0,0,18.432
256,128,1,16,18.9227
256,128,1,32,18.8267
256,128,1,64,18.8273
256,128,1,128,19.446
256,128,1,256,18.9443
256,128,1,512,23.7013
256,128,1,1024,22.1223
256,128,1,2048,22.23
256,128,1,4096,23.9893
256,128,1,8192,27.7547
256,128,1,16384,36.1287
256,128,2,16,18.7097
256,128,2,32,18.6883
256,128,2,64,18.5383
256,128,2,128,18.795
256,128,2,256,18.496
256,128,2,512,22.9547
256,128,2,1024,21.8027
256,128,2,2048,22.0807
256,128,2,4096,24.15
256,128,2,8192,27.9037
256,128,2,16384,36.64
256,128,4,16,19.1577
256,128,4,32,19.307
256,128,4,64,19.0613
256,128,4,128,19.2963
256,128,4,256,19.1147
256,128,4,512,23.435
256,128,4,1024,21.9947
256,128,4,2048,23.2437
256,128,4,4096,24.4157
256,128,4,8192,28.7043
256,128,4,16384,40.075
256,128,8,16,18.614
256,128,8,32,18.7633
256,128,8,64,18.773
256,128,8,128,18.667
256,128,8,256,18.912
256,128,8,512,24.1287
256,128,8,1024,22.688
256,128,8,2048,24.3737
256,128,8,4096,27.5737
256,128,8,8192,38.8373
256,128,8,16384,59.083
256,128,16,16,18.7093
256,128,16,32,18.7733
256,128,16,64,18.784
256,128,16,128,18.7627
256,128,16,256,18.7853
256,128,16,512,23.5423
256,128,16,1024,24.8423
256,128,16,2048,27.7333
256,128,16,4096,39.01
256,128,16,8192,59.872
256,128,16,16384,103.287
256,128,32,16,19.0293
256,128,32,32,19.0403
256,128,32,64,18.9647
256,128,32,128,19.0293
256,128,32,256,19.0717
256,128,32,512,25.3233
256,128,32,1024,27.606
256,128,32,2048,40.235
256,128,32,4096,60.8747
256,128,32,8192,111.672
256,128,32,16384,194.222
256,128,64,16,18.7843
256,128,64,32,18.837
256,128,64,64,18.9337
256,128,64,128,18.8377
256,128,64,256,19.5517
256,128,64,512,34.689
256,128,64,1024,48.1493
256,128,64,2048,73.2383
256,128,64,4096,115.319
256,128,64,8192,198.51
256,128,64,16384,368.09
256,128,128,16,21.067
256,128,128,32,21.3647
256,128,128,64,22.016
256,128,128,128,26.7633
256,128,128,256,33.3447
256,128,128,512,52.278
256,128,128,1024,76.4497
256,128,128,2048,120.129
256,128,128,4096,202.669
256,128,128,8192,372.207
256,128,128,16384,712.147
256,256,0,0,20.342
256,256,1,16,20.715
256,256,1,32,20.4583
256,256,1,64,20.3737
256,256,1,128,20.5337
256,256,1,256,20.502
256,256,1,512,23.1043
256,256,1,1024,21.9413
256,256,1,2048,21.6963
256,256,1,4096,23.723
256,256,1,8192,27.4247
256,256,1,16384,36.48
256,256,2,16,20.448
256,256,2,32,20.1603
256,256,2,64,20.267
256,256,2,128,20.4587
256,256,2,256,20.469
256,256,2,512,22.9343
256,256,2,1024,21.909
256,256,2,2048,22.0483
256,256,2,4096,24.2887
256,256,2,8192,27.8943
256,256,2,16384,36.512
256,256,4,16,20.7997
256,256,4,32,21.0143
256,256,4,64,20.8007
256,256,4,128,20.7033
256,256,4,256,20.9073
256,256,4,512,22.998
256,256,4,1024,21.9307
256,256,4,2048,23.0513
256,256,4,4096,24.844
256,256,4,8192,28.864
256,256,4,16384,40.2997
256,256,8,16,20.63
256,256,8,32,20.4803
256,256,8,64,20.3737
256,256,8,128,20.2993
256,256,8,256,20.417
256,256,8,512,23.4347
256,256,8,1024,24.725
256,256,8,2048,25.835
256,256,8,4096,27.627
256,256,8,8192,38.5617
256,256,8,16384,59.1047
256,256,16,16,20.4057
256,256,16,32,20.48
256,256,16,64,20.588
256,256,16,128,20.4483
256,256,16,256,20.373
256,256,16,512,25.3757
256,256,16,1024,26.4003
256,256,16,2048,28.4697
256,256,16,4096,38.9653
256,256,16,8192,60.193
256,256,16,16384,103.553
256,256,32,16,20.608
256,256,32,32,20.469
256,256,32,64,20.4803
256,256,32,128,20.47
256,256,32,256,20.4053
256,256,32,512,25.6213
256,256,32,1024,28.2357
256,256,32,2048,40.32
256,256,32,4096,60.8967
256,256,32,8192,111.916
256,256,32,16384,193.667
256,256,64,16,20.8003
256,256,64,32,20.4267
256,256,64,64,20.7683
256,256,64,128,20.4697
256,256,64,256,20.7897
256,256,64,512,35.8087
256,256,64,1024,48.0437
256,256,64,2048,73.067
256,256,64,4096,115.265
256,256,64,8192,198.029
256,256,64,16384,366.32
256,256,128,16,21.0137
256,256,128,32,21.0883
256,256,128,64,21.9623
256,256,128,128,25.963
256,256,128,256,33.323
256,256,128,512,51.4133
256,256,128,1024,76.812
256,256,128,2048,119.863
256,256,128,4096,203.437
256,256,128,8192,370.127
256,256,128,16384,705.876
256,512,0,0,22.6457
256,512,1,16,22.2937
256,512,1,32,22.998
256,512,1,64,22.913
256,512,1,128,22.5497
256,512,1,256,22.9227
256,512,1,512,22.8487
256,512,1,1024,21.664
256,512,1,2048,22.6133
256,512,1,4096,23.8727
256,512,1,8192,27.2427
256,512,1,16384,36.1393
256,512,2,16,23.2427
256,512,2,32,22.7947
256,512,2,64,22.752
256,512,2,128,22.0693
256,512,2,256,23.6263
256,512,2,512,23.4777
256,512,2,1024,22.9227
256,512,2,2048,22.72
256,512,2,4096,24.3313
256,512,2,8192,27.7547
256,512,2,16384,36.544
256,512,4,16,22.56
256,512,4,32,22.8697
256,512,4,64,22.614
256,512,4,128,24.395
256,512,4,256,24.0103
256,512,4,512,23.4137
256,512,4,1024,22.6673
256,512,4,2048,26.0157
256,512,4,4096,25.1523
256,512,4,8192,28.9813
256,512,4,16384,40.5117
256,512,8,16,21.8667
256,512,8,32,22.9553
256,512,8,64,22.6993
256,512,8,128,22.9013
256,512,8,256,23.712
256,512,8,512,25.4613
256,512,8,1024,25.1203
256,512,8,2048,27.3067
256,512,8,4096,28.4907
256,512,8,8192,39.1787
256,512,8,16384,58.6033
256,512,16,16,22.4857
256,512,16,32,22.016
256,512,16,64,21.8563
256,512,16,128,24.3107
256,512,16,256,25.0773
256,512,16,512,25.5783
256,512,16,1024,26.987
256,512,16,2048,28.6187
256,512,16,4096,38.7527
256,512,16,8192,59.3077
256,512,16,16384,105.836
256,512,32,16,23.392
256,512,32,32,23.1047
256,512,32,64,23.1787
256,512,32,128,24.9497
256,512,32,256,25.024
256,512,32,512,26.582
256,512,32,1024,28.9173
256,512,32,2048,39.5737
256,512,32,4096,60.4803
256,512,32,8192,111.393
256,512,32,16384,194.242
256,512,64,16,24.022
256,512,64,32,24
256,512,64,64,24.299
256,512,64,128,25.323
256,512,64,256,25.035
256,512,64,512,35.5527
256,512,64,1024,48.672
256,512,64,2048,73.0243
256,512,64,4096,115.084
256,512,64,8192,196.866
256,512,64,16384,366.405
256,512,128,16,28.2883
256,512,128,32,28.2997
256,512,128,64,28.5013
256,512,128,128,31.275
256,512,128,256,38.7217
256,512,128,512,52.321
256,512,128,1024,75.542
256,512,128,2048,119.745
256,512,128,4096,202.018
256,512,128,8192,371.589
256,512,128,16384,708.798
256,1024,0,0,24.075
256,1024,1,16,25.014
256,1024,1,32,24.7043
256,1024,1,64,24.8423
256,1024,1,128,24.812
256,1024,1,256,25.9947
256,1024,1,512,25.2693
256,1024,1,1024,26.0803
256,1024,1,2048,24.9707
256,1024,1,4096,23.9367
256,1024,1,8192,27.3603
256,1024,1,16384,35.7447
256,1024,2,16,24.0003
256,1024,2,32,24.6303
256,1024,2,64,24.064
256,1024,2,128,24.171
256,1024,2,256,23.979
256,1024,2,512,25.2487
256,1024,2,1024,24.982
256,1024,2,2048,25.5257
256,1024,2,4096,24.885
256,1024,2,8192,27.9043
256,1024,2,16384,36.4913
256,1024,4,16,24.6933
256,1024,4,32,24.821
256,1024,4,64,24.822
256,1024,4,128,25.6003
256,1024,4,256,25.803
256,1024,4,512,25.0347
256,1024,4,1024,25.931
256,1024,4,2048,26.6453
256,1024,4,4096,27.9257
256,1024,4,8192,29.92
256,1024,4,16384,40.705
256,1024,8,16,23.8413
256,1024,8,32,23.8833
256,1024,8,64,24.0533
256,1024,8,128,24.4383
256,1024,8,256,25.2483
256,1024,8,512,25.4297
256,1024,8,1024,25.4307
256,1024,8,2048,27.3177
256,1024,8,4096,28.523
256,1024,8,8192,39.148
256,1024,8,16384,59.0943
256,1024,16,16,24.342
256,1024,16,32,24.3947
256,1024,16,64,24.3527
256,1024,16,128,25.2793
256,1024,16,256,26.0377
256,1024,16,512,26.4747
256,1024,16,1024,28.192
256,1024,16,2048,28.7793
256,1024,16,4096,39.723
256,1024,16,8192,59.3397
256,1024,16,16384,111.17
256,1024,32,16,24.481
256,1024,32,32,24.5017
256,1024,32,64,24.0753
256,1024,32,128,25.8133
256,1024,32,256,25.643
256,1024,32,512,27.126
256,1024,32,1024,37.111
256,1024,32,2048,41.5573
256,1024,32,4096,60.3953
256,1024,32,8192,110.839
256,1024,32,16384,194.605
256,1024,64,16,24.5867
256,1024,64,32,24.6397
256,1024,64,64,24.5013
256,1024,64,128,25.345
256,1024,64,256,27.019
256,1024,64,512,35.5097
256,1024,64,1024,48.4487
256,1024,64,2048,73.0987
256,1024,64,4096,113.25
256,1024,64,8192,197.409
256,1024,64,16384,366.895
256,1024,128,16,27.9257
256,1024,128,32,28.1497
256,1024,128,64,28.4477
256,1024,128,128,32.043
256,1024,128,256,38.496
256,1024,128,512,52.6623
256,1024,128,1024,76.95
256,1024,128,2048,118.594
256,1024,128,4096,202.723
256,1024,128,8192,369.967
256,1024,128,16384,710.516
256,2048,0,0,26.6237
256,2048,1,16,26.4437
256,2048,1,32,26.7733
256,2048,1,64,26.7523
256,2048,1,128,26.6993
256,2048,1,256,27.4783
256,2048,1,512,27.3067
256,2048,1,1024,27.456
256,2048,1,2048,27.7227
256,2048,1,4096,26.2617
256,2048,1,8192,27.8613
256,2048,1,16384,36.011
256,2048,2,16,26.432
256,2048,2,32,26.251
256,2048,2,64,26.4743
256,2048,2,128,26.4213
256,2048,2,256,26.9657
256,2048,2,512,26.9017
256,2048,2,1024,27.6803
256,2048,2,2048,27.6807
256,2048,2,4096,28.0217
256,2048,2,8192,28.064
256,2048,2,16384,36.982
256,2048,4,16,26.581
256,2048,4,32,26.0483
256,2048,4,64,26.4747
256,2048,4,128,26.432
256,2048,4,256,27.3707
256,2048,4,512,27.0723
256,2048,4,1024,27.3067
256,2048,4,2048,27.4773
256,2048,4,4096,29.44
256,2048,4,8192,30.0267
256,2048,4,16384,41.2053
256,2048,8,16,26.507
256,2048,8,32,26.539
256,2048,8,64,26.315
256,2048,8,128,26.5283
256,2048,8,256,27.3173
256,2048,8,512,27.1147
256,2048,8,1024,28.4273
256,2048,8,2048,29.9307
256,2048,8,4096,30.9663
256,2048,8,8192,39.8833
256,2048,8,16384,59.1903
256,2048,16,16,26.2717
256,2048,16,32,26.176
256,2048,16,64,26.1447
256,2048,16,128,27.6487
256,2048,16,256,28.4267
256,2048,16,512,27.5097
256,2048,16,1024,30.0063
256,2048,16,2048,30.3263
256,2048,16,4096,39.851
256,2048,16,8192,60.1707
256,2048,16,16384,93.7293
256,2048,32,16,26.294
256,2048,32,32,26.358
256,2048,32,64,26.3797
256,2048,32,128,25.9093
256,2048,32,256,27.1153
256,2048,32,512,28.7147
256,2048,32,1024,30.6347
256,2048,32,2048,52.3843
256,2048,32,4096,61.1527
256,2048,32,8192,94.305
256,2048,32,16384,192.995
256,2048,64,16,25.7817
256,2048,64,32,25.846
256,2048,64,64,25.9527
256,2048,64,128,25.7393
256,2048,64,256,27.4987
256,2048,64,512,31.4347
256,2048,64,1024,48.3747
256,2048,64,2048,72.4597
256,2048,64,4096,112.428
256,2048,64,8192,195.404
256,2048,64,16384,363.481
256,2048,128,16,28.1707
256,2048,128,32,28.3097
256,2048,128,64,27.4887
256,2048,128,128,31.3493
256,2048,128,256,38.4857
256,2048,128,512,53.398
256,2048,128,1024,77.4197
256,2048,128,2048,118.284
256,2048,128,4096,200.675
256,2048,128,8192,369.284
256,2048,128,16384,709.182
256,4096,0,0,30.208
256,4096,1,16,30.5917
256,4096,1,32,30.6563
256,4096,1,64,30.6457
256,4096,1,128,30.624
256,4096,1,256,30.9227
256,4096,1,512,30.721
256,4096,1,1024,29.579
256,4096,1,2048,30.5707
256,4096,1,4096,30.4003
256,4096,1,8192,29.088
256,4096,1,16384,36.6297
256,4096,2,16,30.465
256,4096,2,32,30.5493
256,4096,2,64,30.315
256,4096,2,128,30.4427
256,4096,2,256,30.432
256,4096,2,512,30.6247
256,4096,2,1024,30.8907
256,4096,2,2048,30.7303
256,4096,2,4096,30.4007
256,4096,2,8192,31.1257
256,4096,2,16384,37.0667
256,4096,4,16,30.5713
256,4096,4,32,30.4217
256,4096,4,64,30.4643
256,4096,4,128,30.6987
256,4096,4,256,30.4853
256,4096,4,512,30.7523
256,4096,4,1024,30.977
256,4096,4,2048,30.283
256,4096,4,4096,31.264
256,4096,4,8192,32.139
256,4096,4,16384,43.35
256,4096,8,16,30.1653
256,4096,8,32,30.1873
256,4096,8,64,29.9943
256,4096,8,128,30.2513
256,4096,8,256,30.3367
256,4096,8,512,29.7713
256,4096,8,1024,29.8127
256,4096,8,2048,30.262
256,4096,8,4096,33.1737
256,4096,8,8192,40.7573
256,4096,8,16384,60.7683
256,4096,16,16,30.1017
256,4096,16,32,29.8027
256,4096,16,64,29.9957
256,4096,16,128,30.0477
256,4096,16,256,28.896
256,4096,16,512,29.835
256,4096,16,1024,31.435
256,4096,16,2048,33.4827
256,4096,16,4096,53.643
256,4096,16,8192,61.1317
256,4096,16,16384,94.6893
256,4096,32,16,28.3313
256,4096,32,32,28.1277
256,4096,32,64,28.7363
256,4096,32,128,28.768
256,4096,32,256,28.875
256,4096,32,512,31.0827
256,4096,32,1024,34.8163
256,4096,32,2048,50.1343
256,4096,32,4096,80.609
256,4096,32,8192,96.1827
256,4096,32,16384,164.398
256,4096,64,16,29.1627
256,4096,64,32,29.4193
256,4096,64,64,29.28
256,4096,64,128,31.1357
256,4096,64,256,33.3877
256,4096,64,512,34.0587
256,4096,64,1024,44.5233
256,4096,64,2048,72.9603
256,4096,64,4096,112.012
256,4096,64,8192,192.098
256,4096,64,16384,359.652
256,4096,128,16,34.4007
256,4096,128,32,34.2723
256,4096,128,64,34.443
256,4096,128,128,32.875
256,4096,128,256,38.0697
256,4096,128,512,52.7787
256,4096,128,1024,76.8443
256,4096,128,2048,118.338
256,4096,128,4096,197.164
256,4096,128,8192,367.151
256,4096,128,16384,703.39
256,8192,0,0,35.5303
256,8192,1,16,35.5953
256,8192,1,32,35.5207
256,8192,1,64,35.6387
256,8192,1,128,35.2747
256,8192,1,256,35.7333
256,8192,1,512,35.552
256,8192,1,1024,35.936
256,8192,1,2048,35.8083
256,8192,1,4096,36.0653
256,8192,1,8192,35.4563
256,8192,1,16384,36.4813
256,8192,2,16,35.3287
256,8192,2,32,35.4667
256,8192,2,64,35.328
256,8192,2,128,35.2753
256,8192,2,256,35.1687
256,8192,2,512,35.222
256,8192,2,1024,35.6273
256,8192,2,2048,35.5307
256,8192,2,4096,35.872
256,8192,2,8192,36.9187
256,8192,2,16384,36.9073
256,8192,4,16,35.6373
256,8192,4,32,35.7237
256,8192,4,64,35.563
256,8192,4,128,35.531
256,8192,4,256,35.5633
256,8192,4,512,35.787
256,8192,4,1024,35.9897
256,8192,4,2048,35.3923
256,8192,4,4096,36.6623
256,8192,4,8192,37.8673
256,8192,4,16384,44.6513
256,8192,8,16,35.6057
256,8192,8,32,35.5417
256,8192,8,64,35.5417
256,8192,8,128,35.307
256,8192,8,256,35.4563
256,8192,8,512,35.403
256,8192,8,1024,35.4243
256,8192,8,2048,35.8403
256,8192,8,4096,37.324
256,8192,8,8192,44.097
256,8192,8,16384,61.7503
256,8192,16,16,35.0937
256,8192,16,32,34.9983
256,8192,16,64,34.8587
256,8192,16,128,35.1897
256,8192,16,256,35.0723
256,8192,16,512,35.3497
256,8192,16,1024,36.107
256,8192,16,2048,39.4033
256,8192,16,4096,46.102
256,8192,16,8192,83.02
256,8192,16,16384,96.385
256,8192,32,16,35.2747
256,8192,32,32,35.2113
256,8192,32,64,35.489
256,8192,32,128,35.6483
256,8192,32,256,35.2963
256,8192,32,512,35.0723
256,8192,32,1024,40.043
256,8192,32,2048,50.4753
256,8192,32,4096,77.8573
256,8192,32,8192,130.241
256,8192,32,16384,164.876
256,8192,64,16,32.704
256,8192,64,32,32.843
256,8192,64,64,32.832
256,8192,64,128,35.3817
256,8192,64,256,34.2297
256,8192,64,512,43.265
256,8192,64,1024,50.614
256,8192,64,2048,70.9343
256,8192,64,4096,111.372
256,8192,64,8192,188.557
256,8192,64,16384,356.206
256,8192,128,16,39.883
256,8192,128,32,40.022
256,8192,128,64,40.4497
256,8192,128,128,38.475
256,8192,128,256,46.2293
256,8192,128,512,53.867
256,8192,128,1024,75.489
256,8192,128,2048,115.83
256,8192,128,4096,197.112
256,8192,128,8192,361.477
256,8192,128,16384,701.833
256,16384,0,0,44.374
256,16384,1,16,45.259
256,16384,1,32,45.323
256,16384,1,64,44.7157
256,16384,1,128,44.8013
256,16384,1,256,44.737
256,16384,1,512,45.1953
256,16384,1,1024,44.9183
256,16384,1,2048,44.9927
256,16384,1,4096,44.374
256,16384,1,8192,44.5553
256,16384,1,16384,46.4647
256,16384,2,16,44.406
256,16384,2,32,44.5657
256,16384,2,64,44.5877
256,16384,2,128,44.7787
256,16384,2,256,44.7363
256,16384,2,512,44.8433
256,16384,2,1024,44.6403
256,16384,2,2048,44.5767
256,16384,2,4096,44.8753
256,16384,2,8192,45.4403
256,16384,2,16384,48.139
256,16384,4,16,44.672
256,16384,4,32,44.865
256,16384,4,64,44.79
256,16384,4,128,44.7043
256,16384,4,256,44.7367
256,16384,4,512,44.8007
256,16384,4,1024,44.5763
256,16384,4,2048,45.2487
256,16384,4,4096,45.462
256,16384,4,8192,48.9393
256,16384,4,16384,51.6283
256,16384,8,16,44.385
256,16384,8,32,44.331
256,16384,8,64,44.2887
256,16384,8,128,44.203
256,16384,8,256,44.3733
256,16384,8,512,44.5447
256,16384,8,1024,44.267
256,16384,8,2048,45.6533
256,16384,8,4096,47.403
256,16384,8,8192,53.739
256,16384,8,16384,65.5157
256,16384,16,16,44.096
256,16384,16,32,44.2033
256,16384,16,64,44.1817
256,16384,16,128,44.288
256,16384,16,256,44.2457
256,16384,16,512,44.481
256,16384,16,1024,44.9707
256,16384,16,2048,48.192
256,16384,16,4096,68.1613
256,16384,16,8192,90.55
256,16384,16,16384,136.439
256,16384,32,16,44.7573
256,16384,32,32,44.6187
256,16384,32,64,44.822
256,16384,32,128,44.7253
256,16384,32,256,44.6297
256,16384,32,512,46.3467
256,16384,32,1024,47.2963
256,16384,32,2048,60.225
256,16384,32,4096,93.6867
256,16384,32,8192,123.457
256,16384,32,16384,229.113
256,16384,64,16,44.7367
256,16384,64,32,44.704
256,16384,64,64,44.4817
256,16384,64,128,45.1957
256,16384,64,256,43.7343
256,16384,64,512,48.7893
256,16384,64,1024,62.6883
256,16384,64,2048,96.694
256,16384,64,4096,108.236
256,16384,64,8192,188.066
256,16384,64,16384,343.823
256,16384,128,16,45.3973
256,16384,128,32,45.5263
256,16384,128,64,45.793
256,16384,128,128,46.7743
256,16384,128,256,57.6647
256,16384,128,512,63.3397
256,16384,128,1024,80.6087
256,16384,128,2048,114.391
256,16384,128,4096,192.546
256,16384,128,8192,355.417
256,16384,128,16384,688.968
512,0,0,0,20.811
512,0,1,16,20.4273
512,0,1,32,20.6617
512,0,1,64,20.395
512,0,1,128,20.406
512,0,1,256,20.2777
512,0,1,512,24.619
512,0,1,1024,23.5103
512,0,1,2048,23.8507
512,0,1,4096,29.1097
512,0,1,8192,36.3523
512,0,1,16384,52.225
512,0,2,16,20.437
512,0,2,32,20.203
512,0,2,64,20.4167
512,0,2,128,20.331
512,0,2,256,20.5873
512,0,2,512,24.7157
512,0,2,1024,23.2753
512,0,2,2048,24.086
512,0,2,4096,29.547
512,0,2,8192,36.6723
512,0,2,16384,52.022
512,0,4,16,20.3843
512,0,4,32,20.523
512,0,4,64,20.3313
512,0,4,128,20.6507
512,0,4,256,20.4057
512,0,4,512,24.8117
512,0,4,1024,24.576
512,0,4,2048,25.078
512,0,4,4096,29.9727
512,0,4,8192,36.587
512,0,4,16384,53.0787
512,0,8,16,20.3417
512,0,8,32,20.598
512,0,8,64,20.3727
512,0,8,128,20.4477
512,0,8,256,20.267
512,0,8,512,25.8023
512,0,8,1024,25.9733
512,0,8,2048,25.5047
512,0,8,4096,29.792
512,0,8,8192,41.43
512,0,8,16384,62.6567
512,0,16,16,20.672
512,0,16,32,20.299
512,0,16,64,20.4807
512,0,16,128,20.4697
512,0,16,256,20.3627
512,0,16,512,25.92
512,0,16,1024,26.368
512,0,16,2048,28.3847
512,0,16,4096,39.6907
512,0,16,8192,61.0033
512,0,16,16384,100.183
512,0,32,16,20.843
512,0,32,32,20.64
512,0,32,64,20.7683
512,0,32,128,20.5763
512,0,32,256,20.5547
512,0,32,512,25.6753
512,0,32,1024,28.3843
512,0,32,2048,41.793
512,0,32,4096,62.4757
512,0,32,8192,114.967
512,0,32,16384,198.647
512,0,64,16,20.6293
512,0,64,32,20.9923
512,0,64,64,20.6617
512,0,64,128,20.501
512,0,64,256,20.4373
512,0,64,512,33.8677
512,0,64,1024,47.1793
512,0,64,2048,74.4653
512,0,64,4096,116.055
512,0,64,8192,198.84
512,0,64,16384,367.727
512,0,128,16,21.3873
512,0,128,32,21.6423
512,0,128,64,22.4213
512,0,128,128,26.7103
512,0,128,256,33.3663
512,0,128,512,48.833
512,0,128,1024,76.0327
512,0,128,2048,120.45
512,0,128,4096,203.682
512,0,128,8192,374.308
512,0,128,16384,713.172
512,16,0,0,23.2107
512,16,1,16,23.3173
512,16,1,32,23.2007
512,16,1,64,23.5623
512,16,1,128,24.629
512,16,1,256,23.2107
512,16,1,512,24.48
512,16,1,1024,23.3073
512,16,1,2048,24.118
512,16,1,4096,29.1737
512,16,1,8192,36.2883
512,16,1,16384,52.3
512,16,2,16,23.403
512,16,2,32,23.499
512,16,2,64,23.1917
512,16,2,128,24.4477
512,16,2,256,23.862
512,16,2,512,25.0347
512,16,2,1024,24.2987
512,16,2,2048,25.9627
512,16,2,4096,29.6433
512,16,2,8192,36.886
512,16,2,16384,52.6083
512,16,4,16,23.2107
512,16,4,32,23.243
512,16,4,64,23.1687
512,16,4,128,24.6507
512,16,4,256,24.256
512,16,4,512,25.2273
512,16,4,1024,26.5813
512,16,4,2048,24.7463
512,16,4,4096,30.0163
512,16,4,8192,37.3453
512,16,4,16384,53.1103
512,16,8,16,23.542
512,16,8,32,23.285
512,16,8,64,23.7333
512,16,8,128,23.8513
512,16,8,256,26.7203
512,16,8,512,25.931
512,16,8,1024,26.3687
512,16,8,2048,26.859
512,16,8,4096,30.9237
512,16,8,8192,41.9627
512,16,8,16384,63.244
512,16,16,16,22.5387
512,16,16,32,23.488
512,16,16,64,23.4133
512,16,16,128,24.8533
512,16,16,256,26.133
512,16,16,512,26.2723
512,16,16,1024,27.0827
512,16,16,2048,29.7493
512,16,16,4096,39.6383
512,16,16,8192,60.7157
512,16,16,16384,100.364
512,16,32,16,24.7467
512,16,32,32,24.7473
512,16,32,64,24.9067
512,16,32,128,24.7997
512,16,32,256,26.4
512,16,32,512,26.208
512,16,32,1024,35.105
512,16,32,2048,42.5603
512,16,32,4096,62.593
512,16,32,8192,114.263
512,16,32,16384,198.53
512,16,64,16,25.0027
512,16,64,32,24.8853
512,16,64,64,25.2803
512,16,64,128,24.2883
512,16,64,256,25.963
512,16,64,512,34.8387
512,16,64,1024,47.7023
512,16,64,2048,73.697
512,16,64,4096,115.969
512,16,64,8192,199.288
512,16,64,16384,367.396
512,16,128,16,28.875
512,16,128,32,28.8533
512,16,128,64,29.0453
512,16,128,128,32.0003
512,16,128,256,37.8243
512,16,128,512,49.3977
512,16,128,1024,76.065
512,16,128,2048,119.895
512,16,128,4096,203.255
512,16,128,8192,372.794
512,16,128,16384,708.808
512,32,0,0,22.795
512,32,1,16,22.9757
512,32,1,32,23.3387
512,32,1,64,23.264
512,32,1,128,23.3067
512,32,1,256,24.6617
512,32,1,512,23.9153
512,32,1,1024,23.339
512,32,1,2048,23.9897
512,32,1,4096,29.2593
512,32,1,8192,36.3737
512,32,1,16384,52.1397
512,32,2,16,22.763
512,32,2,32,23.4997
512,32,2,64,23.499
512,32,2,128,24.246
512,32,2,256,24.0323
512,32,2,512,24.9927
512,32,2,1024,24.299
512,32,2,2048,24.3413
512,32,2,4096,29.5043
512,32,2,8192,36.7687
512,32,2,16384,52.9497
512,32,4,16,23.03
512,32,4,32,22.9657
512,32,4,64,23.5203
512,32,4,128,24.726
512,32,4,256,24.683
512,32,4,512,24.384
512,32,4,1024,25.5257
512,32,4,2048,24.5767
512,32,4,4096,29.8987
512,32,4,8192,37.3337
512,32,4,16384,53.4407
512,32,8,16,23.467
512,32,8,32,23.5637
512,32,8,64,23.1263
512,32,8,128,24.1503
512,32,8,256,25.4403
512,32,8,512,25.1733
512,32,8,1024,25.9627
512,32,8,2048,26.7317
512,32,8,4096,31.1153
512,32,8,8192,41.835
512,32,8,16384,62.71
512,32,16,16,23.6593
512,32,16,32,23.8297
512,32,16,64,23.5413
512,32,16,128,24.2983
512,32,16,256,25.419
512,32,16,512,27.3383
512,32,16,1024,27.169
512,32,16,2048,29.473
512,32,16,4096,39.3817
512,32,16,8192,60.7473
512,32,16,16384,100.14
512,32,32,16,24.4487
512,32,32,32,24.619
512,32,32,64,24.4907
512,32,32,128,25.3867
512,32,32,256,28.0217
512,32,32,512,25.9207
512,32,32,1024,34.956
512,32,32,2048,41.8997
512,32,32,4096,63.3393
512,32,32,8192,114.444
512,32,32,16384,199.331
512,32,64,16,24.3517
512,32,64,32,24.256
512,32,64,64,24.4807
512,32,64,128,24.2453
512,32,64,256,25.782
512,32,64,512,34.3897
512,32,64,1024,48.097
512,32,64,2048,73.8463
512,32,64,4096,115.724
512,32,64,8192,199.523
512,32,64,16384,369.807
512,32,128,16,28.3307
512,32,128,32,29.1737
512,32,128,64,28.811
512,32,128,128,31.692
512,32,128,256,37.6753
512,32,128,512,49.217
512,32,128,1024,75.6807
512,32,128,2048,120.012
512,32,128,4096,203.896
512,32,128,8192,374.148
512,32,128,16384,711.624
512,64,0,0,23.5097
512,64,1,16,24.139
512,64,1,32,23.4883
512,64,1,64,23.8507
512,64,1,128,24.523
512,64,1,256,24.3207
512,64,1,512,23.5517
512,64,1,1024,23.7123
512,64,1,2048,23.926
512,64,1,4096,29.344
512,64,1,8192,36.235
512,64,1,16384,52.523
512,64,2,16,23.904
512,64,2,32,23.6053
512,64,2,64,23.7333
512,64,2,128,23.744
512,64,2,256,24.3847
512,64,2,512,24.619
512,64,2,1024,24.5337
512,64,2,2048,24.203
512,64,2,4096,29.685
512,64,2,8192,36.6617
512,64,2,16384,52.6087
512,64,4,16,23.9997
512,64,4,32,23.744
512,64,4,64,23.872
512,64,4,128,24.2667
512,64,4,256,24.555
512,64,4,512,24.374
512,64,4,1024,26.145
512,64,4,2048,24.9707
512,64,4,4096,29.92
512,64,4,8192,37.2373
512,64,4,16384,53.3023
512,64,8,16,22.9333
512,64,8,32,23.9157
512,64,8,64,23.6593
512,64,8,128,24.9493
512,64,8,256,25.739
512,64,8,512,25.6857
512,64,8,1024,26.7733
512,64,8,2048,27.1573
512,64,8,4096,31.0613
512,64,8,8192,41.4833
512,64,8,16384,62.6147
512,64,16,16,24.4483
512,64,16,32,23.403
512,64,16,64,24.2773
512,64,16,128,24.96
512,64,16,256,25.8453
512,64,16,512,25.4293
512,64,16,1024,28.512
512,64,16,2048,29.4197
512,64,16,4096,39.9153
512,64,16,8192,61.334
512,64,16,16384,102.955
512,64,32,16,24.1067
512,64,32,32,24.332
512,64,32,64,24.4693
512,64,32,128,25.1527
512,64,32,256,28.4163
512,64,32,512,26.6563
512,64,32,1024,35.3507
512,64,32,2048,41.867
512,64,32,4096,62.838
512,64,32,8192,114.422
512,64,32,16384,198.2
512,64,64,16,24.641
512,64,64,32,24.662
512,64,64,64,24.6187
512,64,64,128,24.224
512,64,64,256,26.1333
512,64,64,512,35.2423
512,64,64,1024,48.107
512,64,64,2048,75.168
512,64,64,4096,116.012
512,64,64,8192,199.554
512,64,64,16384,369.039
512,64,128,16,28.4803
512,64,128,32,28.619
512,64,128,64,28.9603
512,64,128,128,31.6377
512,64,128,256,36.4917
512,64,128,512,50.3363
512,64,128,1024,75.958
512,64,128,2048,120.13
512,64,128,4096,204.386
512,64,128,8192,374
512,64,128,16384,710.985
512,128,0,0,24.7897
512,128,1,16,24.0747
512,128,1,32,24.1287
512,128,1,64,23.798
512,128,1,128,24.673
512,128,1,256,24.235
512,128,1,512,25.173
512,128,1,1024,24.1607
512,128,1,2048,24.1713
512,128,1,4096,29.152
512,128,1,8192,36.3417
512,128,1,16384,52.673
512,128,2,16,24.3093
512,128,2,32,24.065
512,128,2,64,24.075
512,128,2,128,24.1817
512,128,2,256,25.0667
512,128,2,512,24.8963
512,128,2,1024,24.5657
512,128,2,2048,24.224
512,128,2,4096,29.5793
512,128,2,8192,36.939
512,128,2,16384,53.0783
512,128,4,16,23.9683
512,128,4,32,24.2563
512,128,4,64,24.256
512,128,4,128,24.6083
512,128,4,256,24.608
512,128,4,512,24.725
512,128,4,1024,26.1123
512,128,4,2048,25.408
512,128,4,4096,30.262
512,128,4,8192,37.3123
512,128,4,16384,53.8567
512,128,8,16,24.1607
512,128,8,32,24.2133
512,128,8,64,23.6267
512,128,8,128,24.395
512,128,8,256,25.7927
512,128,8,512,25.9743
512,128,8,1024,26.8057
512,128,8,2048,27.3393
512,128,8,4096,31.4767
512,128,8,8192,41.6213
512,128,8,16384,63.7343
512,128,16,16,24.544
512,128,16,32,23.745
512,128,16,64,23.9577
512,128,16,128,25.152
512,128,16,256,26.1553
512,128,16,512,27.7557
512,128,16,1024,28.0857
512,128,16,2048,29.9197
512,128,16,4096,40.107
512,128,16,8192,60.9603
512,128,16,16384,101.857
512,128,32,16,24.694
512,128,32,32,24.5017
512,128,32,64,24.4797
512,128,32,128,25.4187
512,128,32,256,28.48
512,128,32,512,26.8807
512,128,32,1024,35.4557
512,128,32,2048,42.208
512,128,32,4096,63.5853
512,128,32,8192,115.137
512,128,32,16384,197.549
512,128,64,16,24.5447
512,128,64,32,24.6297
512,128,64,64,25.0147
512,128,64,128,24.7683
512,128,64,256,26.2617
512,128,64,512,34.6673
512,128,64,1024,48.3527
512,128,64,2048,73.11
512,128,64,4096,116.471
512,128,64,8192,199.256
512,128,64,16384,368.623
512,128,128,16,28.4373
512,128,128,32,29.078
512,128,128,64,28.8
512,128,128,128,32.085
512,128,128,256,37.227
512,128,128,512,49.2383
512,128,128,1024,76.5343
512,128,128,2048,118.796
512,128,128,4096,204.76
512,128,128,8192,375.226
512,128,128,16384,707.731
512,256,0,0,25.9203
512,256,1,16,25.0877
512,256,1,32,25.9093
512,256,1,64,25.6
512,256,1,128,25.6223
512,256,1,256,24.2663
512,256,1,512,24.672
512,256,1,1024,26.2613
512,256,1,2048,24.9707
512,256,1,4096,29.3773
512,256,1,8192,36.2567
512,256,1,16384,52.4803
512,256,2,16,26.3263
512,256,2,32,24.9923
512,256,2,64,26.112
512,256,2,128,25.206
512,256,2,256,26.219
512,256,2,512,26.2187
512,256,2,1024,26.155
512,256,2,2048,25.2167
512,256,2,4096,29.771
512,256,2,8192,36.8323
512,256,2,16384,52.8967
512,256,4,16,26.4327
512,256,4,32,25.9093
512,256,4,64,25.0447
512,256,4,128,25.0143
512,256,4,256,25.7493
512,256,4,512,26.1443
512,256,4,1024,26.326
512,256,4,2048,25.6433
512,256,4,4096,29.856
512,256,4,8192,37.206
512,256,4,16384,53.4937
512,256,8,16,25.1417
512,256,8,32,24.907
512,256,8,64,25.0353
512,256,8,128,24.9813
512,256,8,256,26.571
512,256,8,512,26.0597
512,256,8,1024,27.6373
512,256,8,2048,28.3843
512,256,8,4096,31.1897
512,256,8,8192,41.9207
512,256,8,16384,62.5493
512,256,16,16,24.427
512,256,16,32,24.8747
512,256,16,64,24.8437
512,256,16,128,25.7493
512,256,16,256,26.304
512,256,16,512,26.9017
512,256,16,1024,28.768
512,256,16,2048,29.0883
512,256,16,4096,40.1603
512,256,16,8192,59.9893
512,256,16,16384,104.439
512,256,32,16,24.9177
512,256,32,32,24.8637
512,256,32,64,24.768
512,256,32,128,25.5473
512,256,32,256,28.2887
512,256,32,512,29.717
512,256,32,1024,35.766
512,256,32,2048,42.144
512,256,32,4096,62.1877
512,256,32,8192,112.918
512,256,32,16384,197.464
512,256,64,16,25.1627
512,256,64,32,24.79
512,256,64,64,24.875
512,256,64,128,25.5473
512,256,64,256,27.0297
512,256,64,512,31.9687
512,256,64,1024,47.7553
512,256,64,2048,72.8327
512,256,64,4096,115.575
512,256,64,8192,200.323
512,256,64,16384,367.695
512,256,128,16,28.64
512,256,128,32,28.4693
512,256,128,64,29.003
512,256,128,128,32.5763
512,256,128,256,37.8993
512,256,128,512,49.7173
512,256,128,1024,74.4763
512,256,128,2048,119.116
512,256,128,4096,202.498
512,256,128,8192,374.671
512,256,128,16384,709.244
512,512,0,0,25.8563
512,512,1,16,26.411
512,512,1,32,26.294
512,512,1,64,25.91
512,512,1,128,25.9517
512,512,1,256,27.3283
512,512,1,512,27.1577
512,512,1,1024,27.136
512,512,1,2048,26.4217
512,512,1,4096,29.195
512,512,1,8192,36.171
512,512,1,16384,52.4593
512,512,2,16,25.739
512,512,2,32,25.899
512,512,2,64,26.048
512,512,2,128,26.0373
512,512,2,256,26.8803
512,512,2,512,26.4643
512,512,2,1024,26.7417
512,512,2,2048,26.432
512,512,2,4096,29.3557
512,512,2,8192,37.067
512,512,2,16384,53.5363
512,512,4,16,25.5573
512,512,4,32,25.4827
512,512,4,64,25.4403
512,512,4,128,25.6427
512,512,4,256,26.2507
512,512,4,512,26.517
512,512,4,1024,27.3067
512,512,4,2048,25.7923
512,512,4,4096,29.8777
512,512,4,8192,37.344
512,512,4,16384,54.6463
512,512,8,16,25.8567
512,512,8,32,25.7277
512,512,8,64,26.1543
512,512,8,128,26.112
512,512,8,256,27.179
512,512,8,512,26.913
512,512,8,1024,26.9437
512,512,8,2048,27.9683
512,512,8,4096,31.4773
512,512,8,8192,43.0837
512,512,8,16384,63.916
512,512,16,16,25.4393
512,512,16,32,25.505
512,512,16,64,25.5467
512,512,16,128,25.92
512,512,16,256,27.286
512,512,16,512,27.808
512,512,16,1024,28.299
512,512,16,2048,30.1657
512,512,16,4096,41.4187
512,512,16,8192,61.0147
512,512,16,16384,95.0943
512,512,32,16,26.1553
512,512,32,32,25.878
512,512,32,64,26.102
512,512,32,128,26.475
512,512,32,256,27.147
512,512,32,512,29.6317
512,512,32,1024,32.288
512,512,32,2048,50.113
512,512,32,4096,62.539
512,512,32,8192,97.398
512,512,32,16384,197.164
512,512,64,16,27.9257
512,512,64,32,27.7337
512,512,64,64,28.9187
512,512,64,128,26.2927
512,512,64,256,27.2853
512,512,64,512,31.9043
512,512,64,1024,48.065
512,512,64,2048,72.8973
512,512,64,4096,116.332
512,512,64,8192,199.47
512,512,64,16384,368.857
512,512,128,16,28.832
512,512,128,32,29.163
512,512,128,64,29.28
512,512,128,128,32.5443
512,512,128,256,39.0617
512,512,128,512,51.3387
512,512,128,1024,73.4303
512,512,128,2048,119.116
512,512,128,4096,202.285
512,512,128,8192,374.234
512,512,128,16384,713.01
512,1024,0,0,28.1287
512,1024,1,16,27.99
512,1024,1,32,27.883
512,1024,1,64,27.9997
512,1024,1,128,28.3417
512,1024,1,256,27.8937
512,1024,1,512,27.712
512,1024,1,1024,27.808
512,1024,1,2048,28.2243
512,1024,1,4096,29.2587
512,1024,1,8192,36.4693
512,1024,1,16384,52.715
512,1024,2,16,28.6503
512,1024,2,32,28.8647
512,1024,2,64,28.4377
512,1024,2,128,28.3837
512,1024,2,256,28.1383
512,1024,2,512,27.1477
512,1024,2,1024,28.5447
512,1024,2,2048,28.32
512,1024,2,4096,29.728
512,1024,2,8192,37.089
512,1024,2,16384,53.4083
512,1024,4,16,28.5343
512,1024,4,32,28.5013
512,1024,4,64,28.5547
512,1024,4,128,28.4917
512,1024,4,256,28.9707
512,1024,4,512,28.3843
512,1024,4,1024,28.896
512,1024,4,2048,29.9203
512,1024,4,4096,30.1023
512,1024,4,8192,37.4517
512,1024,4,16384,54.7097
512,1024,8,16,28.7257
512,1024,8,32,28.6297
512,1024,8,64,28.587
512,1024,8,128,27.3603
512,1024,8,256,27.7763
512,1024,8,512,28.48
512,1024,8,1024,28.3847
512,1024,8,2048,30.5503
512,1024,8,4096,31.551
512,1024,8,8192,43.4567
512,1024,8,16384,62.881
512,1024,16,16,27.1897
512,1024,16,32,27.243
512,1024,16,64,27.2857
512,1024,16,128,27.1147
512,1024,16,256,27.6163
512,1024,16,512,29.888
512,1024,16,1024,29.4517
512,1024,16,2048,30.2403
512,1024,16,4096,41.0773
512,1024,16,8192,61.6117
512,1024,16,16384,95.8627
512,1024,32,16,27.3493
512,1024,32,32,27.5947
512,1024,32,64,27.4457
512,1024,32,128,27.563
512,1024,32,256,28.3413
512,1024,32,512,29.4937
512,1024,32,1024,31.7977
512,1024,32,2048,52.342
512,1024,32,4096,62.209
512,1024,32,8192,97.7827
512,1024,32,16384,194.871
512,1024,64,16,27.979
512,1024,64,32,28.4273
512,1024,64,64,28.417
512,1024,64,128,28.1387
512,1024,64,256,28.491
512,1024,64,512,32.3203
512,1024,64,1024,49.1733
512,1024,64,2048,74.017
512,1024,64,4096,113.484
512,1024,64,8192,198.604
512,1024,64,16384,366.873
512,1024,128,16,29.5793
512,1024,128,32,29.4507
512,1024,128,64,29.6113
512,1024,128,128,33.0563
512,1024,128,256,39.1363
512,1024,128,512,51.723
512,1024,128,1024,75.072
512,1024,128,2048,116.097
512,1024,128,4096,200.61
512,1024,128,8192,371.737
512,1024,128,16384,707.699
512,2048,0,0,30.6887
512,2048,1,16,31.0407
512,2048,1,32,30.88
512,2048,1,64,30.9343
512,2048,1,128,31.168
512,2048,1,256,30.9233
512,2048,1,512,30.9983
512,2048,1,1024,30.72
512,2048,1,2048,30.8263
512,2048,1,4096,29.4083
512,2048,1,8192,36.747
512,2048,1,16384,52.95
512,2048,2,16,31.2213
512,2048,2,32,31.253
512,2048,2,64,31.275
512,2048,2,128,31.0733
512,2048,2,256,31.3813
512,2048,2,512,31.008
512,2048,2,1024,31.0723
512,2048,2,2048,31.104
512,2048,2,4096,29.6643
512,2048,2,8192,37.1517
512,2048,2,16384,53.6433
512,2048,4,16,30.9977
512,2048,4,32,31.2003
512,2048,4,64,31.232
512,2048,4,128,31.125
512,2048,4,256,31.264
512,2048,4,512,31.904
512,2048,4,1024,31.6373
512,2048,4,2048,32.0647
512,2048,4,4096,31.1153
512,2048,4,8192,37.6537
512,2048,4,16384,56.0227
512,2048,8,16,31.0833
512,2048,8,32,31.3177
512,2048,8,64,31.1893
512,2048,8,128,31.1257
512,2048,8,256,31.2753
512,2048,8,512,32.4587
512,2048,8,1024,32.3737
512,2048,8,2048,32.256
512,2048,8,4096,32.3947
512,2048,8,8192,44.481
512,2048,8,16384,65.2167
512,2048,16,16,31.2857
512,2048,16,32,31.0293
512,2048,16,64,30.8803
512,2048,16,128,31.03
512,2048,16,256,31.222
512,2048,16,512,32.5127
512,2048,16,1024,33.0027
512,2048,16,2048,32.384
512,2048,16,4096,43.9163
512,2048,16,8192,62.091
512,2048,16,16384,95.116
512,2048,32,16,30.913
512,2048,32,32,30.859
512,2048,32,64,31.04
512,2048,32,128,31.1047
512,2048,32,256,30.795
512,2048,32,512,31.6487
512,2048,32,1024,40.4697
512,2048,32,2048,45.366
512,2048,32,4096,77.6013
512,2048,32,8192,98.102
512,2048,32,16384,166.327
512,2048,64,16,30.272
512,2048,64,32,30.4327
512,2048,64,64,30.3363
512,2048,64,128,31.424
512,2048,64,256,34.5387
512,2048,64,512,34.56
512,2048,64,1024,45.6647
512,2048,64,2048,72.6833
512,2048,64,4096,113.676
512,2048,64,8192,196.749
512,2048,64,16384,365.028
512,2048,128,16,33.5893
512,2048,128,32,34.102
512,2048,128,64,34.145
512,2048,128,128,38.102
512,2048,128,256,39.7863
512,2048,128,512,53.036
512,2048,128,1024,74.902
512,2048,128,2048,112.791
512,2048,128,4096,196.301
512,2048,128,8192,366.436
512,2048,128,16384,706.056
512,4096,0,0,35.552
512,4096,1,16,35.84
512,4096,1,32,35.733
512,4096,1,64,35.8727
512,4096,1,128,35.9153
512,4096,1,256,35.8823
512,4096,1,512,35.8403
512,4096,1,1024,35.7757
512,4096,1,2048,35.7977
512,4096,1,4096,35.372
512,4096,1,8192,37.003
512,4096,1,16384,54.1553
512,4096,2,16,36.246
512,4096,2,32,36.257
512,4096,2,64,36.053
512,4096,2,128,36.1387
512,4096,2,256,36.0857
512,4096,2,512,36.1287
512,4096,2,1024,35.4243
512,4096,2,2048,35.531
512,4096,2,4096,33.888
512,4096,2,8192,38.0063
512,4096,2,16384,54.1123
512,4096,4,16,35.7553
512,4096,4,32,35.6907
512,4096,4,64,35.6487
512,4096,4,128,35.8613
512,4096,4,256,35.7223
512,4096,4,512,36.0747
512,4096,4,1024,35.915
512,4096,4,2048,36.459
512,4096,4,4096,43.52
512,4096,4,8192,38.9763
512,4096,4,16384,56.918
512,4096,8,16,35.7233
512,4096,8,32,35.8837
512,4096,8,64,35.894
512,4096,8,128,35.8297
512,4096,8,256,35.798
512,4096,8,512,35.968
512,4096,8,1024,36.2667
512,4096,8,2048,43.5633
512,4096,8,4096,39.8617
512,4096,8,8192,46.0907
512,4096,8,16384,65.8993
512,4096,16,16,35.4883
512,4096,16,32,35.5953
512,4096,16,64,35.6593
512,4096,16,128,35.8297
512,4096,16,256,35.8297
512,4096,16,512,35.542
512,4096,16,1024,41.2163
512,4096,16,2048,40.8857
512,4096,16,4096,46.8803
512,4096,16,8192,81.2063
512,4096,16,16384,97.868
512,4096,32,16,36.0107
512,4096,32,32,35.851
512,4096,32,64,35.7443
512,4096,32,128,34.8593
512,4096,32,256,35.616
512,4096,32,512,36.63
512,4096,32,1024,38.5717
512,4096,32,2048,60.94
512,4096,32,4096,76.609
512,4096,32,8192,120.204
512,4096,32,16384,167.671
512,4096,64,16,35.297
512,4096,64,32,35.2757
512,4096,64,64,35.2533
512,4096,64,128,38.87
512,4096,64,256,35.7017
512,4096,64,512,43.691
512,4096,64,1024,49.771
512,4096,64,2048,68.0963
512,4096,64,4096,110.049
512,4096,64,8192,190.946
512,4096,64,16384,357.422
512,4096,128,16,39.2753
512,4096,128,32,39.6163
512,4096,128,64,40.8757
512,4096,128,128,39.8943
512,4096,128,256,47.894
512,4096,128,512,54.176
512,4096,128,1024,75.3933
512,4096,128,2048,113.836
512,4096,128,4096,190.306
512,4096,128,8192,358.543
512,4096,128,16384,701.597
512,8192,0,0,43.2653
512,8192,1,16,43.6587
512,8192,1,32,43.3717
512,8192,1,64,43.702
512,8192,1,128,43.4243
512,8192,1,256,43.563
512,8192,1,512,43.5737
512,8192,1,1024,43.6803
512,8192,1,2048,43.5947
512,8192,1,4096,55.1257
512,8192,1,8192,43.9783
512,8192,1,16384,54.7097
512,8192,2,16,43.851
512,8192,2,32,43.979
512,8192,2,64,43.851
512,8192,2,128,43.9477
512,8192,2,256,43.862
512,8192,2,512,44.1717
512,8192,2,1024,44.0217
512,8192,2,2048,51.3607
512,8192,2,4096,44.3313
512,8192,2,8192,44.3097
512,8192,2,16384,56.2153
512,8192,4,16,43.9473
512,8192,4,32,43.9257
512,8192,4,64,43.83
512,8192,4,128,44.043
512,8192,4,256,44
512,8192,4,512,41.835
512,8192,4,1024,51.884
512,8192,4,2048,44.598
512,8192,4,4096,44.747
512,8192,4,8192,49.28
512,8192,4,16384,58.977
512,8192,8,16,44.139
512,8192,8,32,44.0643
512,8192,8,64,43.9147
512,8192,8,128,44.1067
512,8192,8,256,42.091
512,8192,8,512,43.456
512,8192,8,1024,44.6197
512,8192,8,2048,45.0023
512,8192,8,4096,49.1413
512,8192,8,8192,73.8463
512,8192,8,16384,93.2807
512,8192,16,16,42.3787
512,8192,16,32,42.283
512,8192,16,64,42.1977
512,8192,16,128,41.312
512,8192,16,256,43.3387
512,8192,16,512,44.1493
512,8192,16,1024,44.246
512,8192,16,2048,49.4723
512,8192,16,4096,69.5583
512,8192,16,8192,89.7183
512,8192,16,16384,126.797
512,8192,32,16,44.4057
512,8192,32,32,44.5973
512,8192,32,64,44.3417
512,8192,32,128,44.5553
512,8192,32,256,44.4593
512,8192,32,512,44.7687
512,8192,32,1024,48.353
512,8192,32,2048,61.985
512,8192,32,4096,92.0327
512,8192,32,8192,119.393
512,8192,32,16384,208.802
512,8192,64,16,44.1387
512,8192,64,32,44.3517
512,8192,64,64,44.3953
512,8192,64,128,46.102
512,8192,64,256,48.4697
512,8192,64,512,48.64
512,8192,64,1024,63.1253
512,8192,64,2048,94.2407
512,8192,64,4096,109.708
512,8192,64,8192,180.738
512,8192,64,16384,349.177
512,8192,128,16,48.1497
512,8192,128,32,48.928
512,8192,128,64,50.0593
512,8192,128,128,51.467
512,8192,128,256,57.7287
512,8192,128,512,63.6807
512,8192,128,1024,85.345
512,8192,128,2048,116.385
512,8192,128,4096,185.666
512,8192,128,8192,344.292
512,8192,128,16384,684.455
512,16384,0,0,60.8003
512,16384,1,16,61.696
512,16384,1,32,61.3337
512,16384,1,64,61.6753
512,16384,1,128,61.5257
512,16384,1,256,61.8887
512,16384,1,512,61.782
512,16384,1,1024,61.3123
512,16384,1,2048,61.8567
512,16384,1,4096,61.664
512,16384,1,8192,66.369
512,16384,1,16384,65.814
512,16384,2,16,62.3363
512,16384,2,32,61.761
512,16384,2,64,62.0703
512,16384,2,128,61.4193
512,16384,2,256,62.0907
512,16384,2,512,61.6423
512,16384,2,1024,61.8777
512,16384,2,2048,61.686
512,16384,2,4096,66.742
512,16384,2,8192,65.995
512,16384,2,16384,66.9873
512,16384,4,16,62.3267
512,16384,4,32,62.166
512,16384,4,64,61.686
512,16384,4,128,61.9633
512,16384,4,256,62.241
512,16384,4,512,61.9097
512,16384,4,1024,60.4693
512,16384,4,2048,66.6787
512,16384,4,4096,66.9443
512,16384,4,8192,67.7557
512,16384,4,16384,110.251
512,16384,8,16,61.8563
512,16384,8,32,61.9423
512,16384,8,64,61.9953
512,16384,8,128,62.1763
512,16384,8,256,62.1123
512,16384,8,512,63.6487
512,16384,8,1024,66.7207
512,16384,8,2048,66.764
512,16384,8,4096,68.1713
512,16384,8,8192,104.939
512,16384,8,16384,118.721
512,16384,16,16,61.8033
512,16384,16,32,62.165
512,16384,16,64,62.0807
512,16384,16,128,59.2
512,16384,16,256,61.3653
512,16384,16,512,66.54
512,16384,16,1024,67.1687
512,16384,16,2048,67.5313
512,16384,16,4096,89.3563
512,16384,16,8192,110.273
512,16384,16,16384,148.214
512,16384,32,16,62.3893
512,16384,32,32,61.707
512,16384,32,64,62.401
512,16384,32,128,65.569
512,16384,32,256,67.264
512,16384,32,512,67.6697
512,16384,32,1024,68.075
512,16384,32,2048,90.0593
512,16384,32,4096,94.444
512,16384,32,8192,151.692
512,16384,32,16384,202.979
512,16384,64,16,64.598
512,16384,64,32,64.929
512,16384,64,64,65.0347
512,16384,64,128,66.8917
512,16384,64,256,67.275
512,16384,64,512,71.0193
512,16384,64,1024,83.3077
512,16384,64,2048,95.841
512,16384,64,4096,151.948
512,16384,64,8192,181.325
512,16384,64,16384,325.732
512,16384,128,16,66.9027
512,16384,128,32,66.6247
512,16384,128,64,66.6147
512,16384,128,128,72.2033
512,16384,128,256,75.4033
512,16384,128,512,78.3153
512,16384,128,1024,97.6867
512,16384,128,2048,132.791
512,16384,128,4096,186.765
512,16384,128,8192,326.776
512,16384,128,16384,650.972
1024,0,0,0,27.318
1024,0,1,16,27.712
1024,0,1,32,27.99
1024,0,1,64,28.16
1024,0,1,128,27.9147
1024,0,1,256,27.9787
1024,0,1,512,28.1177
1024,0,1,1024,28.1077
1024,0,1,2048,31.1157
1024,0,1,4096,29.3443
1024,0,1,8192,38.1977
1024,0,1,16384,54.24
1024,0,2,16,28.246
1024,0,2,32,28.0327
1024,0,2,64,28.3523
1024,0,2,128,28.2993
1024,0,2,256,28.3307
1024,0,2,512,28.6403
1024,0,2,1024,29.0137
1024,0,2,2048,31.7657
1024,0,2,4096,29.782
1024,0,2,8192,38.8803
1024,0,2,16384,54.6247
1024,0,4,16,28.5553
1024,0,4,32,28.6293
1024,0,4,64,28.7363
1024,0,4,128,28.672
1024,0,4,256,28.5877
1024,0,4,512,30.4227
1024,0,4,1024,30.517
1024,0,4,2048,31.584
1024,0,4,4096,30.571
1024,0,4,8192,40.523
1024,0,4,16384,55.6383
1024,0,8,16,27.9897
1024,0,8,32,28.1813
1024,0,8,64,28.0113
1024,0,8,128,28.1493
1024,0,8,256,28.064
1024,0,8,512,30.88
1024,0,8,1024,31.7977
1024,0,8,2048,33.1733
1024,0,8,4096,35.499
1024,0,8,8192,45.771
1024,0,8,16384,65.622
1024,0,16,16,28.427
1024,0,16,32,28.203
1024,0,16,64,28.5017
1024,0,16,128,28.4797
1024,0,16,256,28.5127
1024,0,16,512,32.1173
1024,0,16,1024,32.5547
1024,0,16,2048,36.7787
1024,0,16,4096,46.4213
1024,0,16,8192,64.8003
1024,0,16,16384,104.748
1024,0,32,16,28.3197
1024,0,32,32,28.3093
1024,0,32,64,28.331
1024,0,32,128,29.0033
1024,0,32,256,28.875
1024,0,32,512,30.1447
1024,0,32,1024,39.4027
1024,0,32,2048,50.188
1024,0,32,4096,69.7077
1024,0,32,8192,104.129
1024,0,32,16384,169.015
1024,0,64,16,29.7927
1024,0,64,32,30.2623
1024,0,64,64,29.856
1024,0,64,128,31.8507
1024,0,64,256,34.1443
1024,0,64,512,39.3607
1024,0,64,1024,44.288
1024,0,64,2048,77.185
1024,0,64,4096,120.257
1024,0,64,8192,205.09
1024,0,64,16384,372.281
1024,0,128,16,32.7147
1024,0,128,32,32.9603
1024,0,128,64,33.0773
1024,0,128,128,34.8693
1024,0,128,256,40.2777
1024,0,128,512,52.15
1024,0,128,1024,76.534
1024,0,128,2048,121.111
1024,0,128,4096,204.749
1024,0,128,8192,376.004
1024,0,128,16384,712.509
1024,16,0,0,27.7663
1024,16,1,16,28.4803
1024,16,1,32,28.4483
1024,16,1,64,28.5233
1024,16,1,128,28.384
1024,16,1,256,28.3523
1024,16,1,512,28.4377
1024,16,1,1024,28.5227
1024,16,1,2048,31.094
1024,16,1,4096,29.6113
1024,16,1,8192,38.55
1024,16,1,16384,54.3897
1024,16,2,16,28.5547
1024,16,2,32,28.705
1024,16,2,64,28.8853
1024,16,2,128,28.7043
1024,16,2,256,28.682
1024,16,2,512,28.8533
1024,16,2,1024,28.704
1024,16,2,2048,31.862
1024,16,2,4096,30.1973
1024,16,2,8192,38.6453
1024,16,2,16384,54.9447
1024,16,4,16,28.929
1024,16,4,32,28.9813
1024,16,4,64,28.7787
1024,16,4,128,29.0347
1024,16,4,256,28.843
1024,16,4,512,30.0053
1024,16,4,1024,29.888
1024,16,4,2048,31.8507
1024,16,4,4096,31.744
1024,16,4,8192,39.521
1024,16,4,16384,58.9653
1024,16,8,16,28.523
1024,16,8,32,28.8747
1024,16,8,64,28.491
1024,16,8,128,28.6507
1024,16,8,256,28.491
1024,16,8,512,30.6987
1024,16,8,1024,29.92
1024,16,8,2048,32.8647
1024,16,8,4096,35.6693
1024,16,8,8192,52.588
1024,16,8,16384,66.6243
1024,16,16,16,28.7903
1024,16,16,32,28.8423
1024,16,16,64,28.9287
1024,16,16,128,28.651
1024,16,16,256,28.8323
1024,16,16,512,29.6327
1024,16,16,1024,32.0757
1024,16,16,2048,36.768
1024,16,16,4096,50.4323
1024,16,16,8192,64.2463
1024,16,16,16384,103.532
1024,16,32,16,28.886
1024,16,32,32,28.9817
1024,16,32,64,29.0883
1024,16,32,128,28.673
1024,16,32,256,28.7573
1024,16,32,512,30.8377
1024,16,32,1024,39.9153
1024,16,32,2048,46.422
1024,16,32,4096,69.5153
1024,16,32,8192,103.777
1024,16,32,16384,172.375
1024,16,64,16,30.6563
1024,16,64,32,30.9877
1024,16,64,64,31.3493
1024,16,64,128,32.2357
1024,16,64,256,34.54
1024,16,64,512,40.1497
1024,16,64,1024,44.843
1024,16,64,2048,77.0777
1024,16,64,4096,119.841
1024,16,64,8192,205.208
1024,16,64,16384,371.695
1024,16,128,16,34.187
1024,16,128,32,33.5897
1024,16,128,64,33.8567
1024,16,128,128,35.2967
1024,16,128,256,40.6827
1024,16,128,512,52.3313
1024,16,128,1024,75.3927
1024,16,128,2048,121.047
1024,16,128,4096,204.12
1024,16,128,8192,372.868
1024,16,128,16384,713.534
1024,32,0,0,27.8193
1024,32,1,16,27.8407
1024,32,1,32,28.2887
1024,32,1,64,28.2463
1024,32,1,128,28.3303
1024,32,1,256,28.5973
1024,32,1,512,28.3413
1024,32,1,1024,28.2677
1024,32,1,2048,30.9977
1024,32,1,4096,29.643
1024,32,1,8192,38.3573
1024,32,1,16384,54.1983
1024,32,2,16,28.7047
1024,32,2,32,28.6623
1024,32,2,64,28.3633
1024,32,2,128,28.5653
1024,32,2,256,28.726
1024,32,2,512,29.024
1024,32,2,1024,29.248
1024,32,2,2048,31.5953
1024,32,2,4096,30.1123
1024,32,2,8192,38.9873
1024,32,2,16384,55.2443
1024,32,4,16,28.5337
1024,32,4,32,29.0783
1024,32,4,64,29.163
1024,32,4,128,28.96
1024,32,4,256,28.8537
1024,32,4,512,29.824
1024,32,4,1024,30.3797
1024,32,4,2048,31.8833
1024,32,4,4096,31.6377
1024,32,4,8192,40.043
1024,32,4,16384,58.5603
1024,32,8,16,28.576
1024,32,8,32,28.4487
1024,32,8,64,28.439
1024,32,8,128,28.5227
1024,32,8,256,28.662
1024,32,8,512,30.1337
1024,32,8,1024,29.2797
1024,32,8,2048,33.6643
1024,32,8,4096,35.478
1024,32,8,8192,52.4277
1024,32,8,16384,66.3047
1024,32,16,16,28.5973
1024,32,16,32,28.5443
1024,32,16,64,28.715
1024,32,16,128,29.184
1024,32,16,256,29.0777
1024,32,16,512,29.8347
1024,32,16,1024,32.5873
1024,32,16,2048,35.4247
1024,32,16,4096,49.6857
1024,32,16,8192,65.0673
1024,32,16,16384,104.204
1024,32,32,16,28.6827
1024,32,32,32,28.619
1024,32,32,64,28.8643
1024,32,32,128,29.0463
1024,32,32,256,28.3737
1024,32,32,512,30.7097
1024,32,32,1024,39.6597
1024,32,32,2048,44.8853
1024,32,32,4096,70.4543
1024,32,32,8192,104.183
1024,32,32,16384,173.111
1024,32,64,16,31.2107
1024,32,64,32,31.0193
1024,32,64,64,31.2537
1024,32,64,128,32.491
1024,32,64,256,34.9657
1024,32,64,512,39.9803
1024,32,64,1024,46.08
1024,32,64,2048,76.8433
1024,32,64,4096,121.112
1024,32,64,8192,204.099
1024,32,64,16384,371.962
1024,32,128,16,32.907
1024,32,128,32,33.0673
1024,32,128,64,33.2267
1024,32,128,128,34.784
1024,32,128,256,40.8857
1024,32,128,512,52.1067
1024,32,128,1024,76.769
1024,32,128,2048,121.111
1024,32,128,4096,205.261
1024,32,128,8192,376.591
1024,32,128,16384,708.936
1024,64,0,0,27.9477
1024,64,1,16,28.6513
1024,64,1,32,28.8747
1024,64,1,64,28.8327
1024,64,1,128,28.5653
1024,64,1,256,28.0747
1024,64,1,512,28.6723
1024,64,1,1024,28.7897
1024,64,1,2048,31.094
1024,64,1,4096,29.44
1024,64,1,8192,38.4327
1024,64,1,16384,54.4543
1024,64,2,16,29.1847
1024,64,2,32,29.3763
1024,64,2,64,28.8853
1024,64,2,128,29.2807
1024,64,2,256,28.3743
1024,64,2,512,29.0777
1024,64,2,1024,29.5253
1024,64,2,2048,31.659
1024,64,2,4096,30.166
1024,64,2,8192,38.8053
1024,64,2,16384,54.8907
1024,64,4,16,29.2907
1024,64,4,32,29.2693
1024,64,4,64,28.6727
1024,64,4,128,29.4943
1024,64,4,256,29.2377
1024,64,4,512,30.8053
1024,64,4,1024,30.5183
1024,64,4,2048,31.958
1024,64,4,4096,31.7227
1024,64,4,8192,39.573
1024,64,4,16384,59.222
1024,64,8,16,28.9923
1024,64,8,32,29.131
1024,64,8,64,29.1947
1024,64,8,128,29.0777
1024,64,8,256,28.993
1024,64,8,512,30.3363
1024,64,8,1024,29.2063
1024,64,8,2048,33.4613
1024,64,8,4096,36.875
1024,64,8,8192,52.31
1024,64,8,16384,66.924
1024,64,16,16,28.406
1024,64,16,32,29.5037
1024,64,16,64,29.0787
1024,64,16,128,29.1953
1024,64,16,256,29.1307
1024,64,16,512,34.3677
1024,64,16,1024,32.321
1024,64,16,2048,36.4593
1024,64,16,4096,49.9957
1024,64,16,8192,64.0117
1024,64,16,16384,104.065
1024,64,32,16,29.1953
1024,64,32,32,29.931
1024,64,32,64,30.3477
1024,64,32,128,31.83
1024,64,32,256,33.8887
1024,64,32,512,30.9123
1024,64,32,1024,39.371
1024,64,32,2048,43.819
1024,64,32,4096,68.321
1024,64,32,8192,103.82
1024,64,32,16384,171.661
1024,64,64,16,31.04
1024,64,64,32,30.976
1024,64,64,64,30.944
1024,64,64,128,32.277
1024,64,64,256,34.251
1024,64,64,512,39.8617
1024,64,64,1024,44.384
1024,64,64,2048,77.601
1024,64,64,4096,120.545
1024,64,64,8192,204.557
1024,64,64,16384,371.823
1024,64,128,16,33.088
1024,64,128,32,33.0143
1024,64,128,64,33.056
1024,64,128,128,35.2643
1024,64,128,256,41.366
1024,64,128,512,52.63
1024,64,128,1024,76.8333
1024,64,128,2048,120.791
1024,64,128,4096,204.685
1024,64,128,8192,373.892
1024,64,128,16384,712.393
1024,128,0,0,28.4907
1024,128,1,16,28.8967
1024,128,1,32,28.9067
1024,128,1,64,29.003
1024,128,1,128,28.8323
1024,128,1,256,28.949
1024,128,1,512,28.9613
1024,128,1,1024,28.843
1024,128,1,2048,31.2003
1024,128,1,4096,29.5907
1024,128,1,8192,38.1443
1024,128,1,16384,54.6033
1024,128,2,16,29.356
1024,128,2,32,29.1203
1024,128,2,64,29.2377
1024,128,2,128,29.1843
1024,128,2,256,29.227
1024,128,2,512,29.163
1024,128,2,1024,29.1843
1024,128,2,2048,31.7877
1024,128,2,4096,29.963
1024,128,2,8192,38.742
1024,128,2,16384,54.9453
1024,128,4,16,29.5477
1024,128,4,32,29.547
1024,128,4,64,29.3013
1024,128,4,128,28.8213
1024,128,4,256,29.6853
1024,128,4,512,30.0383
1024,128,4,1024,30.3047
1024,128,4,2048,31.766
1024,128,4,4096,31.8613
1024,128,4,8192,40.3527
1024,128,4,16384,59.286
1024,128,8,16,29.0993
1024,128,8,32,29.0883
1024,128,8,64,29.291
1024,128,8,128,29.2907
1024,128,8,256,29.1413
1024,128,8,512,30.144
1024,128,8,1024,28.6403
1024,128,8,2048,33.11
1024,128,8,4096,36.704
1024,128,8,8192,54.945
1024,128,8,16384,66.2837
1024,128,16,16,29.419
1024,128,16,32,29.5793
1024,128,16,64,29.526
1024,128,16,128,29.547
1024,128,16,256,29.579
1024,128,16,512,34.5177
1024,128,16,1024,32.587
1024,128,16,2048,35.8513
1024,128,16,4096,50.6457
1024,128,16,8192,65.5473
1024,128,16,16384,104.652
1024,128,32,16,30.272
1024,128,32,32,30.528
1024,128,32,64,30.3577
1024,128,32,128,31.968
1024,128,32,256,33.771
1024,128,32,512,30.976
1024,128,32,1024,40.993
1024,128,32,2048,47.03
1024,128,32,4096,71.4147
1024,128,32,8192,106.178
1024,128,32,16384,174.327
1024,128,64,16,30.9553
1024,128,64,32,30.688
1024,128,64,64,31.1573
1024,128,64,128,33.248
1024,128,64,256,35.296
1024,128,64,512,43.35
1024,128,64,1024,45.6103
1024,128,64,2048,76.8433
1024,128,64,4096,119.468
1024,128,64,8192,205.88
1024,128,64,16384,371.653
1024,128,128,16,33.1097
1024,128,128,32,33.228
1024,128,128,64,33.2907
1024,128,128,128,35.2963
1024,128,128,256,40.9283
1024,128,128,512,52.875
1024,128,128,1024,76.193
1024,128,128,2048,122.594
1024,128,128,4096,204.92
1024,128,128,8192,374.021
1024,128,128,16384,708.393
1024,256,0,0,28.5553
1024,256,1,16,28.886
1024,256,1,32,29.068
1024,256,1,64,29.0027
1024,256,1,128,29.3333
1024,256,1,256,28.9393
1024,256,1,512,30.1013
1024,256,1,1024,29.547
1024,256,1,2048,31.1687
1024,256,1,4096,28.9173
1024,256,1,8192,38.7423
1024,256,1,16384,54.5183
1024,256,2,16,29.088
1024,256,2,32,29.035
1024,256,2,64,29.056
1024,256,2,128,29.034
1024,256,2,256,29.1097
1024,256,2,512,29.0563
1024,256,2,1024,29.4943
1024,256,2,2048,31.7973
1024,256,2,4096,29.8457
1024,256,2,8192,38.389
1024,256,2,16384,55.254
1024,256,4,16,29.2267
1024,256,4,32,29.4507
1024,256,4,64,29.323
1024,256,4,128,29.2483
1024,256,4,256,29.3867
1024,256,4,512,29.92
1024,256,4,1024,29.8777
1024,256,4,2048,31.904
1024,256,4,4096,33.963
1024,256,4,8192,40.2573
1024,256,4,16384,59.073
1024,256,8,16,29.0663
1024,256,8,32,28.9813
1024,256,8,64,28.9817
1024,256,8,128,29.0983
1024,256,8,256,29.184
1024,256,8,512,30.091
1024,256,8,1024,34.3363
1024,256,8,2048,33.3657
1024,256,8,4096,35.883
1024,256,8,8192,54.0163
1024,256,8,16384,66.8167
1024,256,16,16,29.3333
1024,256,16,32,29.2597
1024,256,16,64,29.3973
1024,256,16,128,29.462
1024,256,16,256,29.377
1024,256,16,512,34.358
1024,256,16,1024,33.8663
1024,256,16,2048,35.9897
1024,256,16,4096,53.4187
1024,256,16,8192,64.9393
1024,256,16,16384,106.572
1024,256,32,16,30.752
1024,256,32,32,30.294
1024,256,32,64,30.1123
1024,256,32,128,32.267
1024,256,32,256,30.5817
1024,256,32,512,31.232
1024,256,32,1024,41.2267
1024,256,32,2048,52.9813
1024,256,32,4096,71.383
1024,256,32,8192,106.551
1024,256,32,16384,174.712
1024,256,64,16,31.8087
1024,256,64,32,32.128
1024,256,64,64,32.171
1024,256,64,128,32.7043
1024,256,64,256,35.073
1024,256,64,512,43.051
1024,256,64,1024,53.4723
1024,256,64,2048,76.3747
1024,256,64,4096,118.935
1024,256,64,8192,205.858
1024,256,64,16384,374.97
1024,256,128,16,35.2533
1024,256,128,32,35.4247
1024,256,128,64,35.7023
1024,256,128,128,37.388
1024,256,128,256,41.3023
1024,256,128,512,53.1637
1024,256,128,1024,74.4757
1024,256,128,2048,121.016
1024,256,128,4096,203.831
1024,256,128,8192,374.5
1024,256,128,16384,711.998
1024,512,0,0,30.016
1024,512,1,16,30.657
1024,512,1,32,30.774
1024,512,1,64,30.6987
1024,512,1,128,30.8057
1024,512,1,256,30.571
1024,512,1,512,30.6027
1024,512,1,1024,30.9443
1024,512,1,2048,31.627
1024,512,1,4096,29.3967
1024,512,1,8192,38.5393
1024,512,1,16384,56.0327
1024,512,2,16,30.8593
1024,512,2,32,30.976
1024,512,2,64,31.0933
1024,512,2,128,30.966
1024,512,2,256,30.8913
1024,512,2,512,31.424
1024,512,2,1024,30.4323
1024,512,2,2048,31.9897
1024,512,2,4096,30.0483
1024,512,2,8192,38.955
1024,512,2,16384,55.4247
1024,512,4,16,31.488
1024,512,4,32,31.371
1024,512,4,64,31.2967
1024,512,4,128,31.392
1024,512,4,256,31.4353
1024,512,4,512,31.606
1024,512,4,1024,29.7703
1024,512,4,2048,31.819
1024,512,4,4096,40.032
1024,512,4,8192,40.971
1024,512,4,16384,59.4037
1024,512,8,16,30.9233
1024,512,8,32,31.2003
1024,512,8,64,31.125
1024,512,8,128,31.1043
1024,512,8,256,31.0617
1024,512,8,512,29.7073
1024,512,8,1024,31.1153
1024,512,8,2048,35.158
1024,512,8,4096,36.182
1024,512,8,8192,57.2267
1024,512,8,16384,68.2037
1024,512,16,16,31.414
1024,512,16,32,31.414
1024,512,16,64,31.6057
1024,512,16,128,31.2003
1024,512,16,256,31.243
1024,512,16,512,30.561
1024,512,16,1024,35.649
1024,512,16,2048,36.0863
1024,512,16,4096,56.3207
1024,512,16,8192,65.537
1024,512,16,16384,108.332
1024,512,32,16,30.3687
1024,512,32,32,29.962
1024,512,32,64,30.635
1024,512,32,128,33.376
1024,512,32,256,35.6263
1024,512,32,512,32.5767
1024,512,32,1024,43.681
1024,512,32,2048,55.6803
1024,512,32,4096,74.0273
1024,512,32,8192,108.674
1024,512,32,16384,178.775
1024,512,64,16,32.4703
1024,512,64,32,32.576
1024,512,64,64,32.6937
1024,512,64,128,34.016
1024,512,64,256,36.47
1024,512,64,512,43.7227
1024,512,64,1024,55.574
1024,512,64,2048,76.31
1024,512,64,4096,118.284
1024,512,64,8192,204.205
1024,512,64,16384,373.796
1024,512,128,16,37.75
1024,512,128,32,37.622
1024,512,128,64,37.9953
1024,512,128,128,39.0187
1024,512,128,256,42.9763
1024,512,128,512,55.275
1024,512,128,1024,75.4037
1024,512,128,2048,118.892
1024,512,128,4096,202.658
1024,512,128,8192,373.552
1024,512,128,16384,710.867
1024,1024,0,0,31.958
1024,1024,1,16,32.641
1024,1024,1,32,32.662
1024,1024,1,64,32.4907
1024,1024,1,128,32.5767
1024,1024,1,256,32.7687
1024,1024,1,512,32.5337
1024,1024,1,1024,32.971
1024,1024,1,2048,33.0563
1024,1024,1,4096,32.8217
1024,1024,1,8192,39.1797
1024,1024,1,16384,55.6817
1024,1024,2,16,32.7473
1024,1024,2,32,32.9817
1024,1024,2,64,32.5227
1024,1024,2,128,32.5127
1024,1024,2,256,32.63
1024,1024,2,512,32.5667
1024,1024,2,1024,32.875
1024,1024,2,2048,32.8003
1024,1024,2,4096,33.5467
1024,1024,2,8192,39.4133
1024,1024,2,16384,55.851
1024,1024,4,16,33.11
1024,1024,4,32,32.8327
1024,1024,4,64,32.9077
1024,1024,4,128,32.8853
1024,1024,4,256,33.142
1024,1024,4,512,33.003
1024,1024,4,1024,32.939
1024,1024,4,2048,33.8773
1024,1024,4,4096,43.9683
1024,1024,4,8192,41.365
1024,1024,4,16384,59.478
1024,1024,8,16,32.8113
1024,1024,8,32,32.6827
1024,1024,8,64,32.6827
1024,1024,8,128,32.587
1024,1024,8,256,32.8217
1024,1024,8,512,32.6083
1024,1024,8,1024,35.2113
1024,1024,8,2048,43.4567
1024,1024,8,4096,39.7877
1024,1024,8,8192,59.6267
1024,1024,8,16384,81.4303
1024,1024,16,16,32.832
1024,1024,16,32,33.035
1024,1024,16,64,32.992
1024,1024,16,128,32.9173
1024,1024,16,256,32.715
1024,1024,16,512,32.9177
1024,1024,16,1024,42.027
1024,1024,16,2048,39.7763
1024,1024,16,4096,50.1127
1024,1024,16,8192,75.425
1024,1024,16,16384,111.074
1024,1024,32,16,32.768
1024,1024,32,32,32.7683
1024,1024,32,64,32.8213
1024,1024,32,128,33.334
1024,1024,32,256,36.6083
1024,1024,32,512,40.886
1024,1024,32,1024,44.374
1024,1024,32,2048,59.8953
1024,1024,32,4096,82.1457
1024,1024,32,8192,113.537
1024,1024,32,16384,182.029
1024,1024,64,16,35.318
1024,1024,64,32,34.9987
1024,1024,64,64,34.9653
1024,1024,64,128,37.3653
1024,1024,64,256,38.912
1024,1024,64,512,45.2277
1024,1024,64,1024,60.1607
1024,1024,64,2048,76.2137
1024,1024,64,4096,114.764
1024,1024,64,8192,199.373
1024,1024,64,16384,372.74
1024,1024,128,16,39.467
1024,1024,128,32,39.6377
1024,1024,128,64,39.7333
1024,1024,128,128,41.4513
1024,1024,128,256,46.3893
1024,1024,128,512,56.822
1024,1024,128,1024,76.3103
1024,1024,128,2048,116.237
1024,1024,128,4096,203.384
1024,1024,128,8192,371.279
1024,1024,128,16384,715.028
1024,2048,0,0,37.5573
1024,2048,1,16,37.7503
1024,2048,1,32,37.7287
1024,2048,1,64,38.1017
1024,2048,1,128,37.867
1024,2048,1,256,37.9423
1024,2048,1,512,37.899
1024,2048,1,1024,38.283
1024,2048,1,2048,37.7713
1024,2048,1,4096,38.209
1024,2048,1,8192,38.7527
1024,2048,1,16384,57.2273
1024,2048,2,16,38.0587
1024,2048,2,32,38.2827
1024,2048,2,64,38.0803
1024,2048,2,128,38.2513
1024,2048,2,256,38.0703
1024,2048,2,512,38.3787
1024,2048,2,1024,38.5717
1024,2048,2,2048,38.347
1024,2048,2,4096,37.1093
1024,2048,2,8192,38.9983
1024,2048,2,16384,58.006
1024,2048,4,16,38.4857
1024,2048,4,32,38.763
1024,2048,4,64,38.475
1024,2048,4,128,38.8597
1024,2048,4,256,38.6567
1024,2048,4,512,38.646
1024,2048,4,1024,39.254
1024,2048,4,2048,37.3343
1024,2048,4,4096,37.7927
1024,2048,4,8192,57.206
1024,2048,4,16384,61.59
1024,2048,8,16,38.1017
1024,2048,8,32,38.1663
1024,2048,8,64,38.1983
1024,2048,8,128,38.23
1024,2048,8,256,38.1227
1024,2048,8,512,38.3253
1024,2048,8,1024,37.067
1024,2048,8,2048,37.868
1024,2048,8,4096,56.2563
1024,2048,8,8192,54.1763
1024,2048,8,16384,87.9583
1024,2048,16,16,38.6453
1024,2048,16,32,38.486
1024,2048,16,64,38.454
1024,2048,16,128,38.8057
1024,2048,16,256,38.6133
1024,2048,16,512,38.667
1024,2048,16,1024,37.7703
1024,2048,16,2048,56.8117
1024,2048,16,4096,50.3147
1024,2048,16,8192,85.943
1024,2048,16,16384,100.886
1024,2048,32,16,38.6773
1024,2048,32,32,38.6773
1024,2048,32,64,38.763
1024,2048,32,128,38.2833
1024,2048,32,256,37.3337
1024,2048,32,512,44.5013
1024,2048,32,1024,55.4563
1024,2048,32,2048,65.9427
1024,2048,32,4096,84.7797
1024,2048,32,8192,120.578
1024,2048,32,16384,189.122
1024,2048,64,16,38.6993
1024,2048,64,32,38.8483
1024,2048,64,64,39.0933
1024,2048,64,128,40.7573
1024,2048,64,256,42.923
1024,2048,64,512,50.0273
1024,2048,64,1024,66.3903
1024,2048,64,2048,86.9663
1024,2048,64,4096,114.615
1024,2048,64,8192,193.208
1024,2048,64,16384,367.45
1024,2048,128,16,43.243
1024,2048,128,32,43.5103
1024,2048,128,64,44.0427
1024,2048,128,128,49.185
1024,2048,128,256,50.1227
1024,2048,128,512,63.5747
1024,2048,128,1024,78.8487
1024,2048,128,2048,113.644
1024,2048,128,4096,193.528
1024,2048,128,8192,366.532
1024,2048,128,16384,710.27
1024,4096,0,0,59.0413
1024,4096,1,16,59.1583
1024,4096,1,32,58.8917
1024,4096,1,64,59.4887
1024,4096,1,128,58.806
1024,4096,1,256,59.1373
1024,4096,1,512,59.1687
1024,4096,1,1024,61.1317
1024,4096,1,2048,61.9957
1024,4096,1,4096,65.953
1024,4096,1,8192,69.3013
1024,4096,1,16384,57.4837
1024,4096,2,16,59.2223
1024,4096,2,32,60.1713
1024,4096,2,64,59.2647
1024,4096,2,128,59.734
1024,4096,2,256,58.7747
1024,4096,2,512,59.5103
1024,4096,2,1024,61.3233
1024,4096,2,2048,62.0487
1024,4096,2,4096,66.2513
1024,4096,2,8192,48.6617
1024,4096,2,16384,58.6457
1024,4096,4,16,59.9363
1024,4096,4,32,59.446
1024,4096,4,64,60.1723
1024,4096,4,128,59.3713
1024,4096,4,256,59.5523
1024,4096,4,512,59.9047
1024,4096,4,1024,62.081
1024,4096,4,2048,49.27
1024,4096,4,4096,48.8853
1024,4096,4,8192,73.847
1024,4096,4,16384,86.2403
1024,4096,8,16,59.2433
1024,4096,8,32,58.9873
1024,4096,8,64,58.7637
1024,4096,8,128,59.2433
1024,4096,8,256,59.0407
1024,4096,8,512,58.8807
1024,4096,8,1024,47.7763
1024,4096,8,2048,49.323
1024,4096,8,4096,69.3343
1024,4096,8,8192,83.6703
1024,4096,8,16384,75.3077
1024,4096,16,16,59.7557
1024,4096,16,32,59.3073
1024,4096,16,64,59.7867
1024,4096,16,128,59.7137
1024,4096,16,256,59.532
1024,4096,16,512,48.62
1024,4096,16,1024,48.3307
1024,4096,16,2048,60.8643
1024,4096,16,4096,83.0193
1024,4096,16,8192,74.8813
1024,4096,16,16384,133.25
1024,4096,32,16,59.1903
1024,4096,32,32,58.7523
1024,4096,32,64,59.072
1024,4096,32,128,59.2433
1024,4096,32,256,48.1177
1024,4096,32,512,48.0763
1024,4096,32,1024,61.8677
1024,4096,32,2048,83.0197
1024,4096,32,4096,97.2593
1024,4096,32,8192,131.766
1024,4096,32,16384,207.982
1024,4096,64,16,59.5313
1024,4096,64,32,59.3827
1024,4096,64,64,59.0083
1024,4096,64,128,48.8437
1024,4096,64,256,53.707
1024,4096,64,512,60.0113
1024,4096,64,1024,71.297
1024,4096,64,2048,97.6867
1024,4096,64,4096,134.007
1024,4096,64,8192,184.717
1024,4096,64,16384,351.086
1024,4096,128,16,53.3013
1024,4096,128,32,54.1127
1024,4096,128,64,54.4113
1024,4096,128,128,55.9473
1024,4096,128,256,62.1127
1024,4096,128,512,71.243
1024,4096,128,1024,87.2653
1024,4096,128,2048,116.791
1024,4096,128,4096,183.628
1024,4096,128,8192,351.994
1024,4096,128,16384,698.782
1024,8192,0,0,88.481
1024,8192,1,16,88.7797
1024,8192,1,32,88.8653
1024,8192,1,64,88.599
1024,8192,1,128,88.833
1024,8192,1,256,89.015
1024,8192,1,512,89.3987
1024,8192,1,1024,88.4383
1024,8192,1,2048,91.297
1024,8192,1,4096,91.0947
1024,8192,1,8192,100.332
1024,8192,1,16384,71.4777
1024,8192,2,16,88.6623
1024,8192,2,32,88.5773
1024,8192,2,64,89.5587
1024,8192,2,128,88.8217
1024,8192,2,256,89.249
1024,8192,2,512,88.7377
1024,8192,2,1024,89.249
1024,8192,2,2048,91.6383
1024,8192,2,4096,91.7023
1024,8192,2,8192,70.945
1024,8192,2,16384,71.8837
1024,8192,4,16,89.5483
1024,8192,4,32,89.217
1024,8192,4,64,89.1633
1024,8192,4,128,89.3447
1024,8192,4,256,88.8647
1024,8192,4,512,89.0997
1024,8192,4,1024,89.3987
1024,8192,4,2048,92.0117
1024,8192,4,4096,71.7553
1024,8192,4,8192,73.0463
1024,8192,4,16384,116.653
1024,8192,8,16,88.8757
1024,8192,8,32,88.6947
1024,8192,8,64,88.9503
1024,8192,8,128,89.3557
1024,8192,8,256,88.854
1024,8192,8,512,88.758
1024,8192,8,1024,88.5873
1024,8192,8,2048,71.0197
1024,8192,8,4096,73.3133
1024,8192,8,8192,109.613
1024,8192,8,16384,131.703
1024,8192,16,16,88.9293
1024,8192,16,32,89.249
1024,8192,16,64,89.281
1024,8192,16,128,88.5347
1024,8192,16,256,89.142
1024,8192,16,512,70.796
1024,8192,16,1024,71.1153
1024,8192,16,2048,71.8513
1024,8192,16,4096,92.2463
1024,8192,16,8192,131.66
1024,8192,16,16384,116.108
1024,8192,32,16,88.982
1024,8192,32,32,89.441
1024,8192,32,64,89.0247
1024,8192,32,128,88.918
1024,8192,32,256,71.116
1024,8192,32,512,71.5853
1024,8192,32,1024,72.1927
1024,8192,32,2048,92.7373
1024,8192,32,4096,131.202
1024,8192,32,8192,155.437
1024,8192,32,16384,190.764
1024,8192,64,16,89.377
1024,8192,64,32,89.2277
1024,8192,64,64,89.2923
1024,8192,64,128,71.2433
1024,8192,64,256,71.4567
1024,8192,64,512,73.59
1024,8192,64,1024,87.3503
1024,8192,64,2048,107.958
1024,8192,64,4096,155.437
1024,8192,64,8192,190.051
1024,8192,64,16384,326.158
1024,8192,128,16,71.3817
1024,8192,128,32,71.7557
1024,8192,128,64,71.5747
1024,8192,128,128,75.937
1024,8192,128,256,78.7633
1024,8192,128,512,87.681
1024,8192,128,1024,106.754
1024,8192,128,2048,132.086
1024,8192,128,4096,189.388
1024,8192,128,8192,326.148
1024,8192,128,16384,668.328
1024,16384,0,0,146.989
1024,16384,1,16,147.714
1024,16384,1,32,147.245
1024,16384,1,64,146.636
1024,16384,1,128,146.935
1024,16384,1,256,146.241
1024,16384,1,512,146.615
1024,16384,1,1024,146.466
1024,16384,1,2048,146.924
1024,16384,1,4096,149.346
1024,16384,1,8192,149.111
1024,16384,1,16384,167.362
1024,16384,2,16,147.746
1024,16384,2,32,146.945
1024,16384,2,64,147.02
1024,16384,2,128,146.124
1024,16384,2,256,146.562
1024,16384,2,512,146.924
1024,16384,2,1024,146.21
1024,16384,2,2048,147.18
1024,16384,2,4096,149.004
1024,16384,2,8192,150.018
1024,16384,2,16384,167.351
1024,16384,4,16,147.436
1024,16384,4,32,147.511
1024,16384,4,64,147.692
1024,16384,4,128,147.331
1024,16384,4,256,147.063
1024,16384,4,512,146.765
1024,16384,4,1024,146.647
1024,16384,4,2048,146.551
1024,16384,4,4096,149.975
1024,16384,4,8192,150.039
1024,16384,4,16384,112.727
1024,16384,8,16,146.125
1024,16384,8,32,146.893
1024,16384,8,64,146.401
1024,16384,8,128,146.498
1024,16384,8,256,146.892
1024,16384,8,512,146.433
1024,16384,8,1024,146.775
1024,16384,8,2048,146.53
1024,16384,8,4096,150.22
1024,16384,8,8192,114.166
1024,16384,8,16384,186.551
1024,16384,16,16,146.711
1024,16384,16,32,146.818
1024,16384,16,64,146.562
1024,16384,16,128,146.903
1024,16384,16,256,147.148
1024,16384,16,512,147.287
1024,16384,16,1024,147.202
1024,16384,16,2048,147.18
1024,16384,16,4096,111.372
1024,16384,16,8192,150.092
1024,16384,16,16384,189.474
1024,16384,32,16,146.945
1024,16384,32,32,146.647
1024,16384,32,64,146.977
1024,16384,32,128,146.7
1024,16384,32,256,147.383
1024,16384,32,512,147.767
1024,16384,32,1024,146.956
1024,16384,32,2048,111.393
1024,16384,32,4096,151.489
1024,16384,32,8192,177.015
1024,16384,32,16384,270.744
1024,16384,64,16,146.882
1024,16384,64,32,146.711
1024,16384,64,64,147.276
1024,16384,64,128,147.084
1024,16384,64,256,147.213
1024,16384,64,512,111.158
1024,16384,64,1024,111.916
1024,16384,64,2048,141.036
1024,16384,64,4096,178.039
1024,16384,64,8192,269.976
1024,16384,64,16384,331.385
1024,16384,128,16,149.335
1024,16384,128,32,149.591
1024,16384,128,64,149.281
1024,16384,128,128,148.684
1024,16384,128,256,113.441
1024,16384,128,512,119.116
1024,16384,128,1024,132.226
1024,16384,128,2048,167.608
1024,16384,128,4096,218.69
1024,16384,128,8192,332.548
1024,16384,128,16384,616.551
2048,0,0,0,41.675
2048,0,1,16,42.838
2048,0,1,32,42.6773
2048,0,1,64,42.3473
2048,0,1,128,42.9243
2048,0,1,256,42.603
2048,0,1,512,44.779
2048,0,1,1024,52.481
2048,0,1,2048,52.7793
2048,0,1,4096,57.675
2048,0,1,8192,61.164
2048,0,1,16384,83.9797
2048,0,2,16,43.0727
2048,0,2,32,43.104
2048,0,2,64,43.0613
2048,0,2,128,43.04
2048,0,2,256,42.8487
2048,0,2,512,45.003
2048,0,2,1024,52.9927
2048,0,2,2048,54.5713
2048,0,2,4096,58.2087
2048,0,2,8192,63.5633
2048,0,2,16384,86.9023
2048,0,4,16,42.9553
2048,0,4,32,43.158
2048,0,4,64,42.9973
2048,0,4,128,42.9657
2048,0,4,256,43.0297
2048,0,4,512,45.4193
2048,0,4,1024,53.1097
2048,0,4,2048,54.486
2048,0,4,4096,60.0967
2048,0,4,8192,65.089
2048,0,4,16384,88.7373
2048,0,8,16,42.966
2048,0,8,32,43.04
2048,0,8,64,43.1043
2048,0,8,128,42.8067
2048,0,8,256,42.7313
2048,0,8,512,45.5363
2048,0,8,1024,53.6963
2048,0,8,2048,56.8433
2048,0,8,4096,62.624
2048,0,8,8192,73.345
2048,0,8,16384,81.7077
2048,0,16,16,43.0087
2048,0,16,32,42.9017
2048,0,16,64,43.0943
2048,0,16,128,42.9563
2048,0,16,256,43.0623
2048,0,16,512,46.838
2048,0,16,1024,55.232
2048,0,16,2048,61.2597
2048,0,16,4096,71.2327
2048,0,16,8192,80.4167
2048,0,16,16384,116.097
2048,0,32,16,43.2747
2048,0,32,32,43.2967
2048,0,32,64,43.3277
2048,0,32,128,43.1793
2048,0,32,256,44.8963
2048,0,32,512,50.2193
2048,0,32,1024,59.1163
2048,0,32,2048,58.4
2048,0,32,4096,80.2993
2048,0,32,8192,117.846
2048,0,32,16384,186.37
2048,0,64,16,43.979
2048,0,64,32,44.4057
2048,0,64,64,45.046
2048,0,64,128,46.539
2048,0,64,256,50.219
2048,0,64,512,57.153
2048,0,64,1024,57.2173
2048,0,64,2048,80.5557
2048,0,64,4096,120.065
2048,0,64,8192,204.206
2048,0,64,16384,377.519
2048,0,128,16,49.739
2048,0,128,32,49.7817
2048,0,128,64,50.165
2048,0,128,128,53.003
2048,0,128,256,58.3687
2048,0,128,512,57.3343
2048,0,128,1024,77.8033
2048,0,128,2048,119.66
2048,0,128,4096,206.061
2048,0,128,8192,372.239
2048,0,128,16384,718.461
2048,16,0,0,42.9337
2048,16,1,16,43.8303
2048,16,1,32,43.6697
2048,16,1,64,43.445
2048,16,1,128,43.7023
2048,16,1,256,43.67
2048,16,1,512,44.896
2048,16,1,1024,52.6833
2048,16,1,2048,53.665
2048,16,1,4096,57.7287
2048,16,1,8192,61.4507
2048,16,1,16384,85.089
2048,16,2,16,44.129
2048,16,2,32,44.0753
2048,16,2,64,43.8617
2048,16,2,128,43.7663
2048,16,2,256,44.107
2048,16,2,512,45.633
2048,16,2,1024,53.6003
2048,16,2,2048,54.006
2048,16,2,4096,58.753
2048,16,2,8192,64.065
2048,16,2,16384,86.9987
2048,16,4,16,43.798
2048,16,4,32,43.808
2048,16,4,64,43.606
2048,16,4,128,43.8833
2048,16,4,256,43.7337
2048,16,4,512,46.1663
2048,16,4,1024,53.8137
2048,16,4,2048,55.649
2048,16,4,4096,60.3417
2048,16,4,8192,65.3553
2048,16,4,16384,89.3023
2048,16,8,16,43.8717
2048,16,8,32,44.0217
2048,16,8,64,43.7127
2048,16,8,128,44.1187
2048,16,8,256,44.064
2048,16,8,512,47.6483
2048,16,8,1024,54.9343
2048,16,8,2048,56.779
2048,16,8,4096,62.3797
2048,16,8,8192,73.7607
2048,16,8,16384,83.478
2048,16,16,16,43.6267
2048,16,16,32,43.595
2048,16,16,64,43.6053
2048,16,16,128,43.339
2048,16,16,256,44.0537
2048,16,16,512,47.4673
2048,16,16,1024,55.9687
2048,16,16,2048,60.5767
2048,16,16,4096,72.5983
2048,16,16,8192,80.929
2048,16,16,16384,116.897
2048,16,32,16,44.0963
2048,16,32,32,44.2563
2048,16,32,64,43.9473
2048,16,32,128,44.4267
2048,16,32,256,45.419
2048,16,32,512,50.7843
2048,16,32,1024,59.7553
2048,16,32,2048,72.118
2048,16,32,4096,80.694
2048,16,32,8192,116.524
2048,16,32,16384,187.842
2048,16,64,16,46.0273
2048,16,64,32,46.336
2048,16,64,64,47.2323
2048,16,64,128,48.1177
2048,16,64,256,50.912
2048,16,64,512,57.302
2048,16,64,1024,57.387
2048,16,64,2048,80.2997
2048,16,64,4096,118.657
2048,16,64,8192,205.421
2048,16,64,16384,372.239
2048,16,128,16,49.5793
2048,16,128,32,50.155
2048,16,128,64,50.4863
2048,16,128,128,53.9317
2048,16,128,256,59.0723
2048,16,128,512,58.923
2048,16,128,1024,77.5797
2048,16,128,2048,119.244
2048,16,128,4096,206.242
2048,16,128,8192,373.615
2048,16,128,16384,726.398
2048,32,0,0,42.8377
2048,32,1,16,43.595
2048,32,1,32,44.0327
2048,32,1,64,43.4037
2048,32,1,128,43.7657
2048,32,1,256,43.7337
2048,32,1,512,45.5897
2048,32,1,1024,52.491
2048,32,1,2048,53.3877
2048,32,1,4096,57.3123
2048,32,1,8192,61.366
2048,32,1,16384,84.001
2048,32,2,16,44.011
2048,32,2,32,43.5737
2048,32,2,64,43.7123
2048,32,2,128,43.883
2048,32,2,256,43.8083
2048,32,2,512,45.4723
2048,32,2,1024,53.0243
2048,32,2,2048,54.262
2048,32,2,4096,58.3057
2048,32,2,8192,64.321
2048,32,2,16384,87.6173
2048,32,4,16,43.5637
2048,32,4,32,43.5957
2048,32,4,64,43.9897
2048,32,4,128,43.8723
2048,32,4,256,44.0433
2048,32,4,512,45.793
2048,32,4,1024,53.1853
2048,32,4,2048,56.0963
2048,32,4,4096,60.1183
2048,32,4,8192,65.3447
2048,32,4,16384,89.9847
2048,32,8,16,43.9903
2048,32,8,32,43.7447
2048,32,8,64,43.8513
2048,32,8,128,43.627
2048,32,8,256,44.0753
2048,32,8,512,47.2113
2048,32,8,1024,54.6253
2048,32,8,2048,56.6937
2048,32,8,4096,62.4003
2048,32,8,8192,74.2193
2048,32,8,16384,81.505
2048,32,16,16,43.6057
2048,32,16,32,43.5733
2048,32,16,64,43.744
2048,32,16,128,43.7547
2048,32,16,256,43.9787
2048,32,16,512,47.179
2048,32,16,1024,55.5313
2048,32,16,2048,61.1847
2048,32,16,4096,72.001
2048,32,16,8192,79.99
2048,32,16,16384,116.887
2048,32,32,16,43.969
2048,32,32,32,44.0213
2048,32,32,64,43.8187
2048,32,32,128,44.193
2048,32,32,256,45.0773
2048,32,32,512,49.9633
2048,32,32,1024,59.9043
2048,32,32,2048,70.7423
2048,32,32,4096,80.342
2048,32,32,8192,119.532
2048,32,32,16384,186.52
2048,32,64,16,45.515
2048,32,64,32,46.091
2048,32,64,64,45.2487
2048,32,64,128,47.2643
2048,32,64,256,50.3363
2048,32,64,512,57.184
2048,32,64,1024,56.502
2048,32,64,2048,79.5943
2048,32,64,4096,120.961
2048,32,64,8192,206.445
2048,32,64,16384,377.914
2048,32,128,16,49.707
2048,32,128,32,49.8247
2048,32,128,64,50.0693
2048,32,128,128,52.8217
2048,32,128,256,58.4433
2048,32,128,512,58.038
2048,32,128,1024,78.5603
2048,32,128,2048,120.844
2048,32,128,4096,207.714
2048,32,128,8192,377.946
2048,32,128,16384,715.955
2048,64,0,0,42.72
2048,64,1,16,44.097
2048,64,1,32,43.9577
2048,64,1,64,43.6483
2048,64,1,128,43.5093
2048,64,1,256,43.659
2048,64,1,512,44.8643
2048,64,1,1024,52.96
2048,64,1,2048,53.558
2048,64,1,4096,57.5577
2048,64,1,8192,62.742
2048,64,1,16384,84.6937
2048,64,2,16,44.0537
2048,64,2,32,44.2667
2048,64,2,64,44.0437
2048,64,2,128,44.0643
2048,64,2,256,44.043
2048,64,2,512,45.1637
2048,64,2,1024,53.1527
2048,64,2,2048,53.9737
2048,64,2,4096,59.7867
2048,64,2,8192,63.9047
2048,64,2,16384,86.668
2048,64,4,16,43.883
2048,64,4,32,43.8833
2048,64,4,64,44.1067
2048,64,4,128,43.7557
2048,64,4,256,44.0857
2048,64,4,512,45.1633
2048,64,4,1024,53.739
2048,64,4,2048,55.862
2048,64,4,4096,60.257
2048,64,4,8192,65.0563
2048,64,4,16384,89.857
2048,64,8,16,44.4483
2048,64,8,32,44.129
2048,64,8,64,43.936
2048,64,8,128,44.2883
2048,64,8,256,44.2457
2048,64,8,512,47.1473
2048,64,8,1024,55.3173
2048,64,8,2048,56.705
2048,64,8,4096,63.2757
2048,64,8,8192,73.516
2048,64,8,16384,82.0593
2048,64,16,16,43.755
2048,64,16,32,44.0223
2048,64,16,64,44.0643
2048,64,16,128,44.0543
2048,64,16,256,44.2773
2048,64,16,512,47.339
2048,64,16,1024,55.9683
2048,64,16,2048,61.249
2048,64,16,4096,72.417
2048,64,16,8192,80.9183
2048,64,16,16384,116.438
2048,64,32,16,43.9257
2048,64,32,32,44.0863
2048,64,32,64,44.064
2048,64,32,128,43.916
2048,64,32,256,45.4417
2048,64,32,512,51.51
2048,64,32,1024,60.0967
2048,64,32,2048,71.7337
2048,64,32,4096,81.281
2048,64,32,8192,117.164
2048,64,32,16384,185.677
2048,64,64,16,45.622
2048,64,64,32,45.643
2048,64,64,64,46.2517
2048,64,64,128,46.976
2048,64,64,256,51.3067
2048,64,64,512,57.7813
2048,64,64,1024,56.9283
2048,64,64,2048,79.8087
2048,64,64,4096,119.063
2048,64,64,8192,204.056
2048,64,64,16384,373.348
2048,64,128,16,49.9093
2048,64,128,32,49.8353
2048,64,128,64,50.4117
2048,64,128,128,54.0593
2048,64,128,256,59.574
2048,64,128,512,58.347
2048,64,128,1024,78.4647
2048,64,128,2048,118.988
2048,64,128,4096,204.866
2048,64,128,8192,373.881
2048,64,128,16384,718.429
2048,128,0,0,43.5627
2048,128,1,16,44.0967
2048,128,1,32,44.022
2048,128,1,64,43.9473
2048,128,1,128,43.6583
2048,128,1,256,44.0107
2048,128,1,512,46.3787
2048,128,1,1024,53.9947
2048,128,1,2048,55.147
2048,128,1,4096,59.5853
2048,128,1,8192,63.2537
2048,128,1,16384,86.4967
2048,128,2,16,44.257
2048,128,2,32,44.4373
2048,128,2,64,44.4483
2048,128,2,128,44.6517
2048,128,2,256,44.374
2048,128,2,512,46.9977
2048,128,2,1024,54.646
2048,128,2,2048,55.6173
2048,128,2,4096,60.257
2048,128,2,8192,64.0227
2048,128,2,16384,87.8413
2048,128,4,16,44.139
2048,128,4,32,44.0427
2048,128,4,64,44.4917
2048,128,4,128,44.267
2048,128,4,256,44.4803
2048,128,4,512,46.6563
2048,128,4,1024,54.507
2048,128,4,2048,56.2353
2048,128,4,4096,60
2048,128,4,8192,66.7633
2048,128,4,16384,91.126
2048,128,8,16,44.2023
2048,128,8,32,44.4167
2048,128,8,64,44.812
2048,128,8,128,44.161
2048,128,8,256,44.1817
2048,128,8,512,47.18
2048,128,8,1024,55.7873
2048,128,8,2048,56.9077
2048,128,8,4096,63.371
2048,128,8,8192,74.422
2048,128,8,16384,81.5047
2048,128,16,16,44.064
2048,128,16,32,44.4267
2048,128,16,64,44.3417
2048,128,16,128,44.161
2048,128,16,256,44.459
2048,128,16,512,47.5317
2048,128,16,1024,55.787
2048,128,16,2048,61.558
2048,128,16,4096,72.598
2048,128,16,8192,81.836
2048,128,16,16384,116.523
2048,128,32,16,44.6193
2048,128,32,32,44.48
2048,128,32,64,44.715
2048,128,32,128,44.736
2048,128,32,256,45.408
2048,128,32,512,50.6993
2048,128,32,1024,60.427
2048,128,32,2048,71.851
2048,128,32,4096,82.4007
2048,128,32,8192,115.553
2048,128,32,16384,186.167
2048,128,64,16,46.0163
2048,128,64,32,45.568
2048,128,64,64,46.2197
2048,128,64,128,47.936
2048,128,64,256,50.6887
2048,128,64,512,58.3587
2048,128,64,1024,59.4563
2048,128,64,2048,81.12
2048,128,64,4096,118.145
2048,128,64,8192,204.504
2048,128,64,16384,381.466
2048,128,128,16,51.5097
2048,128,128,32,52.14
2048,128,128,64,51.883
2048,128,128,128,53.9313
2048,128,128,256,59.831
2048,128,128,512,60.7043
2048,128,128,1024,78.3473
2048,128,128,2048,119.308
2048,128,128,4096,203.778
2048,128,128,8192,378.438
2048,128,128,16384,721.33
2048,256,0,0,44.235
2048,256,1,16,44.5767
2048,256,1,32,44.7043
2048,256,1,64,45.1853
2048,256,1,128,44.278
2048,256,1,256,44.6293
2048,256,1,512,46.3793
2048,256,1,1024,54.699
2048,256,1,2048,55.0723
2048,256,1,4096,59.6803
2048,256,1,8192,63.926
2048,256,1,16384,86.4967
2048,256,2,16,44.6933
2048,256,2,32,44.8967
2048,256,2,64,45.2167
2048,256,2,128,44.7577
2048,256,2,256,45.238
2048,256,2,512,46.9977
2048,256,2,1024,54.8487
2048,256,2,2048,55.9157
2048,256,2,4096,59.8297
2048,256,2,8192,65.5793
2048,256,2,16384,89.6753
2048,256,4,16,44.982
2048,256,4,32,44.6617
2048,256,4,64,44.8327
2048,256,4,128,44.822
2048,256,4,256,44.8217
2048,256,4,512,47.0833
2048,256,4,1024,55.3713
2048,256,4,2048,56.459
2048,256,4,4096,62.102
2048,256,4,8192,66.881
2048,256,4,16384,92.107
2048,256,8,16,44.822
2048,256,8,32,45.0997
2048,256,8,64,44.8857
2048,256,8,128,45.0027
2048,256,8,256,44.886
2048,256,8,512,47.3393
2048,256,8,1024,55.3927
2048,256,8,2048,59.1153
2048,256,8,4096,63.8083
2048,256,8,8192,79.926
2048,256,8,16384,83.4143
2048,256,16,16,44.758
2048,256,16,32,44.7893
2048,256,16,64,44.6617
2048,256,16,128,44.95
2048,256,16,256,44.9073
2048,256,16,512,49.462
2048,256,16,1024,57.985
2048,256,16,2048,63.532
2048,256,16,4096,79.7653
2048,256,16,8192,77.366
2048,256,16,16384,115.414
2048,256,32,16,45.5793
2048,256,32,32,45.718
2048,256,32,64,45.473
2048,256,32,128,45.3017
2048,256,32,256,47.2107
2048,256,32,512,52.9393
2048,256,32,1024,61.8147
2048,256,32,2048,78.806
2048,256,32,4096,82.2513
2048,256,32,8192,118.476
2048,256,32,16384,186.519
2048,256,64,16,48.203
2048,256,64,32,48.0753
2048,256,64,64,48.1507
2048,256,64,128,49.7497
2048,256,64,256,52.2147
2048,256,64,512,59.7333
2048,256,64,1024,71.1157
2048,256,64,2048,83.1263
2048,256,64,4096,120.567
2048,256,64,8192,207.586
2048,256,64,16384,376.773
2048,256,128,16,52.012
2048,256,128,32,52.0963
2048,256,128,64,52.5017
2048,256,128,128,55.5423
2048,256,128,256,61.4087
2048,256,128,512,62.6887
2048,256,128,1024,77.9533
2048,256,128,2048,117.644
2048,256,128,4096,204.578
2048,256,128,8192,373.231
2048,256,128,16384,712.851
2048,512,0,0,46.0377
2048,512,1,16,46.795
2048,512,1,32,47.115
2048,512,1,64,46.6453
2048,512,1,128,47.179
2048,512,1,256,46.9227
2048,512,1,512,48.8017
2048,512,1,1024,56.662
2048,512,1,2048,57.5687
2048,512,1,4096,61.867
2048,512,1,8192,65.867
2048,512,1,16384,88.7583
2048,512,2,16,46.9653
2048,512,2,32,47.0197
2048,512,2,64,47.1793
2048,512,2,128,47.168
2048,512,2,256,47.222
2048,512,2,512,49.11
2048,512,2,1024,58.1343
2048,512,2,2048,57.4303
2048,512,2,4096,62.72
2048,512,2,8192,67.5957
2048,512,2,16384,91.073
2048,512,4,16,47.254
2048,512,4,32,47.5093
2048,512,4,64,46.87
2048,512,4,128,47.1803
2048,512,4,256,47.7437
2048,512,4,512,49.0457
2048,512,4,1024,57.3983
2048,512,4,2048,58.87
2048,512,4,4096,64.0223
2048,512,4,8192,70.1237
2048,512,4,16384,94.145
2048,512,8,16,47.371
2048,512,8,32,47.2747
2048,512,8,64,46.9443
2048,512,8,128,47.446
2048,512,8,256,46.987
2048,512,8,512,48.9937
2048,512,8,1024,58.0383
2048,512,8,2048,61.2163
2048,512,8,4096,66.646
2048,512,8,8192,81.782
2048,512,8,16384,82.998
2048,512,16,16,47.2963
2048,512,16,32,47.3177
2048,512,16,64,47.681
2048,512,16,128,47.371
2048,512,16,256,47.094
2048,512,16,512,51.4563
2048,512,16,1024,59.9473
2048,512,16,2048,65.6647
2048,512,16,4096,81.5693
2048,512,16,8192,79.3827
2048,512,16,16384,120.513
2048,512,32,16,47.5303
2048,512,32,32,47.5207
2048,512,32,64,47.328
2048,512,32,128,47.3387
2048,512,32,256,49.366
2048,512,32,512,54.582
2048,512,32,1024,63.4783
2048,512,32,2048,81.3127
2048,512,32,4096,85.932
2048,512,32,8192,121.654
2048,512,32,16384,188.013
2048,512,64,16,49.0677
2048,512,64,32,48.0537
2048,512,64,64,49.6003
2048,512,64,128,52.555
2048,512,64,256,56.982
2048,512,64,512,62.529
2048,512,64,1024,74.721
2048,512,64,2048,85.2703
2048,512,64,4096,120.566
2048,512,64,8192,202.765
2048,512,64,16384,374.479
2048,512,128,16,54.8587
2048,512,128,32,54.7623
2048,512,128,64,55.4243
2048,512,128,128,58.7953
2048,512,128,256,63.318
2048,512,128,512,77.089
2048,512,128,1024,78.1987
2048,512,128,2048,115.574
2048,512,128,4096,201.955
2048,512,128,8192,374.17
2048,512,128,16384,716.777
2048,1024,0,0,55.093
2048,1024,1,16,55.5953
2048,1024,1,32,55.34
2048,1024,1,64,55.425
2048,1024,1,128,55.8413
2048,1024,1,256,54.5713
2048,1024,1,512,55.5637
2048,1024,1,1024,61.4933
2048,1024,1,2048,62.1883
2048,1024,1,4096,65.984
2048,1024,1,8192,70.401
2048,1024,1,16384,93.409
2048,1024,2,16,55.947
2048,1024,2,32,55.6703
2048,1024,2,64,55.9047
2048,1024,2,128,56.4273
2048,1024,2,256,55.1367
2048,1024,2,512,55.8937
2048,1024,2,1024,61.7607
2048,1024,2,2048,63.147
2048,1024,2,4096,67.3713
2048,1024,2,8192,78.0707
2048,1024,2,16384,95.5107
2048,1024,4,16,55.6383
2048,1024,4,32,55.1373
2048,1024,4,64,55.3607
2048,1024,4,128,55.3503
2048,1024,4,256,56.0863
2048,1024,4,512,55.2107
2048,1024,4,1024,62.8697
2048,1024,4,2048,63.3817
2048,1024,4,4096,78.3157
2048,1024,4,8192,80.7367
2048,1024,4,16384,98.679
2048,1024,8,16,55.66
2048,1024,8,32,55.872
2048,1024,8,64,55.9903
2048,1024,8,128,55.339
2048,1024,8,256,56.4587
2048,1024,8,512,55.862
2048,1024,8,1024,62.294
2048,1024,8,2048,78.1023
2048,1024,8,4096,80.8217
2048,1024,8,8192,85.185
2048,1024,8,16384,84.1077
2048,1024,16,16,56.2893
2048,1024,16,32,55.1687
2048,1024,16,64,56.2993
2048,1024,16,128,56.4173
2048,1024,16,256,55.862
2048,1024,16,512,56.182
2048,1024,16,1024,64.2787
2048,1024,16,2048,79.2323
2048,1024,16,4096,85.6013
2048,1024,16,8192,78.87
2048,1024,16,16384,126.177
2048,1024,32,16,55.5417
2048,1024,32,32,56.1393
2048,1024,32,64,55.5737
2048,1024,32,128,55.851
2048,1024,32,256,56.1073
2048,1024,32,512,59.084
2048,1024,32,1024,67.8093
2048,1024,32,2048,84.8753
2048,1024,32,4096,92.0757
2048,1024,32,8192,126.753
2048,1024,32,16384,188.952
2048,1024,64,16,55.457
2048,1024,64,32,55.3283
2048,1024,64,64,55.809
2048,1024,64,128,56.5233
2048,1024,64,256,59.2753
2048,1024,64,512,66.039
2048,1024,64,1024,78.3367
2048,1024,64,2048,90.4003
2048,1024,64,4096,125.921
2048,1024,64,8192,201.122
2048,1024,64,16384,365.37
2048,1024,128,16,60.2997
2048,1024,128,32,59.7873
2048,1024,128,64,59.9797
2048,1024,128,128,62.7743
2048,1024,128,256,68.3207
2048,1024,128,512,79.0617
2048,1024,128,1024,84.5233
2048,1024,128,2048,115.01
2048,1024,128,4096,201.25
2048,1024,128,8192,367.013
2048,1024,128,16384,704.242
2048,2048,0,0,71.7447
2048,2048,1,16,73.4093
2048,2048,1,32,73.302
2048,2048,1,64,73.1313
2048,2048,1,128,72.9923
2048,2048,1,256,72.907
2048,2048,1,512,73.0677
2048,2048,1,1024,73.0673
2048,2048,1,2048,84.896
2048,2048,1,4096,85.5467
2048,2048,1,8192,84.864
2048,2048,1,16384,101.452
2048,2048,2,16,73.4303
2048,2048,2,32,73.345
2048,2048,2,64,73.334
2048,2048,2,128,73.7603
2048,2048,2,256,72.4707
2048,2048,2,512,73.526
2048,2048,2,1024,73.868
2048,2048,2,2048,85.419
2048,2048,2,4096,86.0493
2048,2048,2,8192,95.34
2048,2048,2,16384,103.756
2048,2048,4,16,73.6217
2048,2048,4,32,73.5257
2048,2048,4,64,73.2267
2048,2048,4,128,73.6543
2048,2048,4,256,73.1527
2048,2048,4,512,72.9073
2048,2048,4,1024,72.8753
2048,2048,4,2048,85.4413
2048,2048,4,4096,86.6147
2048,2048,4,8192,97.4937
2048,2048,4,16384,106.7
2048,2048,8,16,73.3557
2048,2048,8,32,73.6433
2048,2048,8,64,73.462
2048,2048,8,128,73.6433
2048,2048,8,256,73.1957
2048,2048,8,512,73.2487
2048,2048,8,1024,73.4413
2048,2048,8,2048,85.7937
2048,2048,8,4096,88.8223
2048,2048,8,8192,99.7447
2048,2048,8,16384,114.029
2048,2048,16,16,73.078
2048,2048,16,32,73.3133
2048,2048,16,64,73.3983
2048,2048,16,128,73.2483
2048,2048,16,256,74.3267
2048,2048,16,512,73.9527
2048,2048,16,1024,73.2383
2048,2048,16,2048,86.8813
2048,2048,16,4096,93.2917
2048,2048,16,8192,110.668
2048,2048,16,16384,136.172
2048,2048,32,16,73.5263
2048,2048,32,32,73.516
2048,2048,32,64,73.4307
2048,2048,32,128,73.7817
2048,2048,32,256,73.6547
2048,2048,32,512,73.6113
2048,2048,32,1024,76.31
2048,2048,32,2048,92.6513
2048,2048,32,4096,106.699
2048,2048,32,8192,136.834
2048,2048,32,16384,191.927
2048,2048,64,16,73.1633
2048,2048,64,32,73.2817
2048,2048,64,64,72.95
2048,2048,64,128,73.366
2048,2048,64,256,73.6863
2048,2048,64,512,73.7613
2048,2048,64,1024,84.214
2048,2048,64,2048,107.863
2048,2048,64,4096,137.388
2048,2048,64,8192,194.018
2048,2048,64,16384,370.841
2048,2048,128,16,75.1683
2048,2048,128,32,74.4967
2048,2048,128,64,74.486
2048,2048,128,128,74.0907
2048,2048,128,256,76.0657
2048,2048,128,512,87.5743
2048,2048,128,1024,112.322
2048,2048,128,2048,120.919
2048,2048,128,4096,196.92
2048,2048,128,8192,365.359
2048,2048,128,16384,702.579
2048,4096,0,0,102.54
2048,4096,1,16,102.785
2048,4096,1,32,102.092
2048,4096,1,64,102.422
2048,4096,1,128,102.284
2048,4096,1,256,102.348
2048,4096,1,512,102.23
2048,4096,1,1024,101.985
2048,4096,1,2048,102.316
2048,4096,1,4096,103.136
2048,4096,1,8192,110.583
2048,4096,1,16384,117.025
2048,4096,2,16,102.199
2048,4096,2,32,102.977
2048,4096,2,64,101.846
2048,4096,2,128,102.348
2048,4096,2,256,102.561
2048,4096,2,512,102.561
2048,4096,2,1024,103.148
2048,4096,2,2048,102.06
2048,4096,2,4096,103.681
2048,4096,2,8192,110.604
2048,4096,2,16384,130.87
2048,4096,4,16,102.081
2048,4096,4,32,102.604
2048,4096,4,64,102.017
2048,4096,4,128,101.857
2048,4096,4,256,102.593
2048,4096,4,512,102.263
2048,4096,4,1024,102.455
2048,4096,4,2048,102.614
2048,4096,4,4096,103.361
2048,4096,4,8192,130.603
2048,4096,4,16384,133.153
2048,4096,8,16,102.412
2048,4096,8,32,102.082
2048,4096,8,64,102.412
2048,4096,8,128,101.868
2048,4096,8,256,102.082
2048,4096,8,512,102.902
2048,4096,8,1024,101.601
2048,4096,8,2048,102.828
2048,4096,8,4096,129.569
2048,4096,8,8192,134.049
2048,4096,8,16384,139.148
2048,4096,16,16,102.209
2048,4096,16,32,102.753
2048,4096,16,64,102.721
2048,4096,16,128,102.636
2048,4096,16,256,102.305
2048,4096,16,512,101.964
2048,4096,16,1024,102.455
2048,4096,16,2048,102.732
2048,4096,16,4096,132.823
2048,4096,16,8192,138.221
2048,4096,16,16384,121.111
2048,4096,32,16,102.679
2048,4096,32,32,102.359
2048,4096,32,64,102.786
2048,4096,32,128,102.401
2048,4096,32,256,103.01
2048,4096,32,512,103.148
2048,4096,32,1024,103.052
2048,4096,32,2048,109.398
2048,4096,32,4096,139.82
2048,4096,32,8192,160.141
2048,4096,32,16384,233.155
2048,4096,64,16,101.911
2048,4096,64,32,102.327
2048,4096,64,64,102.294
2048,4096,64,128,102.892
2048,4096,64,256,102.796
2048,4096,64,512,102.209
2048,4096,64,1024,105.228
2048,4096,64,2048,123.137
2048,4096,64,4096,160.823
2048,4096,64,8192,230.242
2048,4096,64,16384,353.423
2048,4096,128,16,103.489
2048,4096,128,32,103.211
2048,4096,128,64,103.959
2048,4096,128,128,104.151
2048,4096,128,256,104.428
2048,4096,128,512,105.612
2048,4096,128,1024,128.887
2048,4096,128,2048,138.412
2048,4096,128,4096,192.44
2048,4096,128,8192,351.844
2048,4096,128,16384,692.723
2048,8192,0,0,158.604
2048,8192,1,16,160.258
2048,8192,1,32,159.725
2048,8192,1,64,160.098
2048,8192,1,128,160.631
2048,8192,1,256,160.663
2048,8192,1,512,160.344
2048,8192,1,1024,160.311
2048,8192,1,2048,161.153
2048,8192,1,4096,160.055
2048,8192,1,8192,161.314
2048,8192,1,16384,176.418
2048,8192,2,16,160.045
2048,8192,2,32,160.546
2048,8192,2,64,160.664
2048,8192,2,128,158.466
2048,8192,2,256,158.722
2048,8192,2,512,157.656
2048,8192,2,1024,157.815
2048,8192,2,2048,158.402
2048,8192,2,4096,158.167
2048,8192,2,8192,159.447
2048,8192,2,16384,175.927
2048,8192,4,16,158.029
2048,8192,4,32,157.901
2048,8192,4,64,158.413
2048,8192,4,128,158.039
2048,8192,4,256,158.274
2048,8192,4,512,158.029
2048,8192,4,1024,158.85
2048,8192,4,2048,158.327
2048,8192,4,4096,158.359
2048,8192,4,8192,159.927
2048,8192,4,16384,178.178
2048,8192,8,16,158.391
2048,8192,8,32,158.839
2048,8192,8,64,158.85
2048,8192,8,128,160.621
2048,8192,8,256,159.842
2048,8192,8,512,160.429
2048,8192,8,1024,160.418
2048,8192,8,2048,159.671
2048,8192,8,4096,160.088
2048,8192,8,8192,162.412
2048,8192,8,16384,183.426
2048,8192,16,16,160.055
2048,8192,16,32,159.565
2048,8192,16,64,159.853
2048,8192,16,128,160.631
2048,8192,16,256,160.471
2048,8192,16,512,159.937
2048,8192,16,1024,159.692
2048,8192,16,2048,160.109
2048,8192,16,4096,161.528
2048,8192,16,8192,169.218
2048,8192,16,16384,226.008
2048,8192,32,16,160.599
2048,8192,32,32,159.981
2048,8192,32,64,160.621
2048,8192,32,128,160.428
2048,8192,32,256,160.407
2048,8192,32,512,160.322
2048,8192,32,1024,161.047
2048,8192,32,2048,160.664
2048,8192,32,4096,168.728
2048,8192,32,8192,225.059
2048,8192,32,16384,276.484
2048,8192,64,16,159.447
2048,8192,64,32,160.332
2048,8192,64,64,159.607
2048,8192,64,128,159.244
2048,8192,64,256,160.024
2048,8192,64,512,161.079
2048,8192,64,1024,162.071
2048,8192,64,2048,170.466
2048,8192,64,4096,190.925
2048,8192,64,8192,276.11
2048,8192,64,16384,415.418
2048,8192,128,16,161.634
2048,8192,128,32,161.325
2048,8192,128,64,162.285
2048,8192,128,128,161.581
2048,8192,128,256,161.56
2048,8192,128,512,164.173
2048,8192,128,1024,172.621
2048,8192,128,2048,202.776
2048,8192,128,4096,224.802
2048,8192,128,8192,335.972
2048,8192,128,16384,659.549
2048,16384,0,0,272.483
2048,16384,1,16,273.219
2048,16384,1,32,272.632
2048,16384,1,64,273.955
2048,16384,1,128,272.003
2048,16384,1,256,273.155
2048,16384,1,512,274.04
2048,16384,1,1024,273.081
2048,16384,1,2048,273.614
2048,16384,1,4096,273.731
2048,16384,1,8192,272.867
2048,16384,1,16384,274.531
2048,16384,2,16,273.944
2048,16384,2,32,272.782
2048,16384,2,64,273.785
2048,16384,2,128,274.126
2048,16384,2,256,272.59
2048,16384,2,512,272.985
2048,16384,2,1024,273.241
2048,16384,2,2048,273.625
2048,16384,2,4096,273.656
2048,16384,2,8192,274.104
2048,16384,2,16384,274.457
2048,16384,4,16,273.56
2048,16384,4,32,273.027
2048,16384,4,64,272.728
2048,16384,4,128,273.144
2048,16384,4,256,272.952
2048,16384,4,512,273.656
2048,16384,4,1024,272.856
2048,16384,4,2048,273.732
2048,16384,4,4096,272.612
2048,16384,4,8192,273.358
2048,16384,4,16384,274.862
2048,16384,8,16,272.92
2048,16384,8,32,273.507
2048,16384,8,64,274.2
2048,16384,8,128,273.07
2048,16384,8,256,273.476
2048,16384,8,512,273.465
2048,16384,8,1024,273.219
2048,16384,8,2048,274.254
2048,16384,8,4096,273.699
2048,16384,8,8192,273.347
2048,16384,8,16384,275.833
2048,16384,16,16,273.433
2048,16384,16,32,273.816
2048,16384,16,64,273.016
2048,16384,16,128,274.254
2048,16384,16,256,273.688
2048,16384,16,512,273.166
2048,16384,16,1024,273.87
2048,16384,16,2048,274.094
2048,16384,16,4096,274.008
2048,16384,16,8192,275.172
2048,16384,16,16384,281.636
2048,16384,32,16,274.04
2048,16384,32,32,273.219
2048,16384,32,64,273.187
2048,16384,32,128,273.944
2048,16384,32,256,273.166
2048,16384,32,512,273.358
2048,16384,32,1024,274.766
2048,16384,32,2048,273.891
2048,16384,32,4096,274.414
2048,16384,32,8192,279.79
2048,16384,32,16384,395.322
2048,16384,64,16,272.771
2048,16384,64,32,272.718
2048,16384,64,64,273.87
2048,16384,64,128,273.155
2048,16384,64,256,273.284
2048,16384,64,512,274.084
2048,16384,64,1024,277.924
2048,16384,64,2048,279.353
2048,16384,64,4096,284.43
2048,16384,64,8192,316.271
2048,16384,64,16384,503.281
2048,16384,128,16,273.934
2048,16384,128,32,274.137
2048,16384,128,64,273.956
2048,16384,128,128,274.702
2048,16384,128,256,275.032
2048,16384,128,512,277.241
2048,16384,128,1024,285.359
2048,16384,128,2048,298.052
2048,16384,128,4096,337.06
2048,16384,128,8192,395.803
2048,16384,128,16384,614.471
